variant,setup,q,qc,b,rho,arm,target,own_gain_30,own_gain_30_lo,own_gain_30_hi,gain_A1_30,target_share_30,silent_target_share_30,A1_share_30,dose_29,nights_acting,efficiency_agents_per_fact,reached_75_by_30,silent_reached_75_by_30,median_day_to_75,unanimous_target_30,unanimous_other_30,silent_unanimous_target_30,M_30,M_30_lo,M_30_hi,D_30,D_30_lo,D_30_hi
sim1_base,task003_nosolution,3,3.00000,1.00000,0.75000,both,0,,,,,,,,,,,,,,,,,0.25400,0.23008,0.27946,0.48221,0.48033,0.48396
sim1_base,task003_nosolution,3,3.00000,1.00000,0.75000,both,1,,,,,,,,,,,,,,,,,0.00629,0.00302,0.00896,0.00842,0.00692,0.01008
sim1_base,task003_nosolution,3,3.00000,1.00000,0.75000,both,2,,,,,,,,,,,,,,,,,-0.26029,-0.28586,-0.23577,-0.49063,-0.49169,-0.48954
sim1_base,task003_nosolution,3,3.00000,1.00000,0.75000,false,2,0.23033,0.20479,0.25492,-0.00213,0.99371,0.76338,0.00537,2.15300,0.07424,2.56758,1.00000,0.77500,2.00000,0.87800,0.00000,0.67400,,,,,,
sim1_base,task003_nosolution,3,3.00000,1.00000,0.75000,truth,0,0.73621,0.71212,0.76159,0.01471,0.96533,0.22913,0.02221,5.72700,0.19748,3.08521,1.00000,0.35400,2.00000,0.57900,0.00000,0.15000,,,,,,
sim1_base,task003_nosolution,3,3.00000,1.00000,1.00000,both,0,,,,,,,,,,,,,,,,,0.11073,0.08475,0.13350,0.49898,0.49746,0.50000
sim1_base,task003_nosolution,3,3.00000,1.00000,1.00000,both,1,,,,,,,,,,,,,,,,,0.00000,0.00000,0.00000,0.00000,0.00000,0.00000
sim1_base,task003_nosolution,3,3.00000,1.00000,1.00000,both,2,,,,,,,,,,,,,,,,,-0.11073,-0.13350,-0.08475,-0.49898,-0.50000,-0.49746
sim1_base,task003_nosolution,3,3.00000,1.00000,1.00000,false,2,0.38825,0.36574,0.41421,0.00000,1.00000,0.61175,0.00000,1.65000,0.05690,5.64727,1.00000,0.63500,2.00000,1.00000,0.00000,0.43200,,,,,,
sim1_base,task003_nosolution,3,3.00000,1.00000,1.00000,truth,0,0.60971,0.58375,0.63209,0.00000,0.99796,0.38825,0.00000,2.81600,0.09710,5.19638,0.99800,0.43700,3.00000,0.99700,0.00200,0.19900,,,,,,
sim1_base,task003_nosolution,3,3.00000,2.00000,0.75000,both,0,,,,,,,,,,,,,,,,,0.25398,0.22810,0.27992,0.48244,0.48083,0.48400
sim1_base,task003_nosolution,3,3.00000,2.00000,0.75000,both,1,,,,,,,,,,,,,,,,,0.00358,0.00075,0.00623,0.00800,0.00677,0.00933
sim1_base,task003_nosolution,3,3.00000,2.00000,0.75000,both,2,,,,,,,,,,,,,,,,,-0.25756,-0.28279,-0.23145,-0.49044,-0.49156,-0.48923
sim1_base,task003_nosolution,3,3.00000,2.00000,0.75000,false,2,0.23287,0.20725,0.25925,-0.00442,0.99625,0.76338,0.00308,3.97200,0.06848,1.40710,1.00000,0.77500,2.00000,0.92600,0.00000,0.67400,,,,,,
sim1_base,task003_nosolution,3,3.00000,2.00000,0.75000,truth,0,0.73642,0.71083,0.76172,0.01158,0.96554,0.22913,0.01908,10.95800,0.18893,1.61289,1.00000,0.35400,3.00000,0.54700,0.00000,0.15000,,,,,,
sim1_base,task003_nosolution,3,3.00000,2.00000,1.00000,both,0,,,,,,,,,,,,,,,,,0.11165,0.08766,0.13599,0.49990,0.49977,0.49998
sim1_base,task003_nosolution,3,3.00000,2.00000,1.00000,both,1,,,,,,,,,,,,,,,,,0.00000,0.00000,0.00000,0.00000,0.00000,0.00000
sim1_base,task003_nosolution,3,3.00000,2.00000,1.00000,both,2,,,,,,,,,,,,,,,,,-0.11165,-0.13599,-0.08766,-0.49990,-0.49998,-0.49977
sim1_base,task003_nosolution,3,3.00000,2.00000,1.00000,false,2,0.38825,0.36399,0.41226,0.00000,1.00000,0.61175,0.00000,2.98000,0.05138,3.12685,1.00000,0.63500,2.00000,1.00000,0.00000,0.43200,,,,,,
sim1_base,task003_nosolution,3,3.00000,2.00000,1.00000,truth,0,0.61154,0.58757,0.63596,0.00000,0.99979,0.38825,0.00000,4.63000,0.07983,3.16998,1.00000,0.43700,3.00000,0.99600,0.00000,0.19900,,,,,,
sim1_base,task003_nosolution,3,3.00000,3.00000,0.75000,both,0,,,,,,,,,,,,,,,,,0.25556,0.23110,0.27953,0.48394,0.48233,0.48540
sim1_base,task003_nosolution,3,3.00000,3.00000,0.75000,both,1,,,,,,,,,,,,,,,,,0.00329,0.00054,0.00573,0.00762,0.00650,0.00881
sim1_base,task003_nosolution,3,3.00000,3.00000,0.75000,both,2,,,,,,,,,,,,,,,,,-0.25885,-0.28310,-0.23448,-0.49156,-0.49256,-0.49058
sim1_base,task003_nosolution,3,3.00000,3.00000,0.75000,false,2,0.23271,0.20869,0.25738,-0.00433,0.99608,0.76338,0.00317,6.82200,0.07841,0.81867,1.00000,0.77500,2.00000,0.91300,0.00000,0.67400,,,,,,
sim1_base,task003_nosolution,3,3.00000,3.00000,0.75000,truth,0,0.73950,0.71538,0.76363,0.01092,0.96862,0.22913,0.01842,16.65300,0.19141,1.06575,1.00000,0.35400,3.00000,0.56600,0.00000,0.15000,,,,,,
sim1_base,task003_nosolution,3,3.00000,3.00000,1.00000,both,0,,,,,,,,,,,,,,,,,0.11585,0.09235,0.13986,0.49585,0.49394,0.49758
sim1_base,task003_nosolution,3,3.00000,3.00000,1.00000,both,1,,,,,,,,,,,,,,,,,0.00000,0.00000,0.00000,0.00000,0.00000,0.00000
sim1_base,task003_nosolution,3,3.00000,3.00000,1.00000,both,2,,,,,,,,,,,,,,,,,-0.11585,-0.13986,-0.09235,-0.49585,-0.49758,-0.49394
sim1_base,task003_nosolution,3,3.00000,3.00000,1.00000,false,2,0.38000,0.35637,0.40379,0.00000,0.99175,0.61175,0.00000,6.78600,0.07800,1.34394,0.99800,0.63500,2.00000,0.97600,0.00000,0.43200,,,,,,
sim1_base,task003_nosolution,3,3.00000,3.00000,1.00000,truth,0,0.61171,0.58858,0.63575,0.00000,0.99996,0.38825,0.00000,7.30200,0.08393,2.01055,1.00000,0.43700,3.00000,0.99900,0.00000,0.19900,,,,,,
sim1_base,task003_nosolution,3,3.00000,6.00000,0.75000,both,0,,,,,,,,,,,,,,,,,0.25187,0.22741,0.27724,0.47975,0.47788,0.48165
sim1_base,task003_nosolution,3,3.00000,6.00000,0.75000,both,1,,,,,,,,,,,,,,,,,0.00540,0.00240,0.00800,0.01010,0.00873,0.01148
sim1_base,task003_nosolution,3,3.00000,6.00000,0.75000,both,2,,,,,,,,,,,,,,,,,-0.25727,-0.28350,-0.23219,-0.48985,-0.49102,-0.48860
sim1_base,task003_nosolution,3,3.00000,6.00000,0.75000,false,2,0.23258,0.20646,0.25771,-0.00471,0.99596,0.76338,0.00279,13.29000,0.07638,0.42002,1.00000,0.77500,2.00000,0.92000,0.00000,0.67400,,,,,,
sim1_base,task003_nosolution,3,3.00000,6.00000,0.75000,truth,0,0.73163,0.70675,0.75738,0.01550,0.96075,0.22913,0.02300,40.24800,0.23131,0.43627,1.00000,0.35400,3.00000,0.54400,0.00000,0.15000,,,,,,
sim1_base,task003_nosolution,3,3.00000,6.00000,1.00000,both,0,,,,,,,,,,,,,,,,,0.13219,0.10900,0.15682,0.47952,0.47581,0.48335
sim1_base,task003_nosolution,3,3.00000,6.00000,1.00000,both,1,,,,,,,,,,,,,,,,,0.00000,0.00000,0.00000,0.00000,0.00000,0.00000
sim1_base,task003_nosolution,3,3.00000,6.00000,1.00000,both,2,,,,,,,,,,,,,,,,,-0.13219,-0.15682,-0.10900,-0.47952,-0.48335,-0.47581
sim1_base,task003_nosolution,3,3.00000,6.00000,1.00000,false,2,0.34733,0.32362,0.37075,0.00000,0.95908,0.61175,0.00000,20.17200,0.11593,0.41325,0.99200,0.63500,2.00000,0.87600,0.00000,0.43200,,,,,,
sim1_base,task003_nosolution,3,3.00000,6.00000,1.00000,truth,0,0.61171,0.58750,0.63667,0.00000,0.99996,0.38825,0.00000,16.95000,0.09741,0.86614,1.00000,0.43700,3.00000,0.99900,0.00000,0.19900,,,,,,
sim1_base,task003_nosolution,3,3.00000,9.00000,0.75000,both,0,,,,,,,,,,,,,,,,,0.23294,0.20740,0.25765,0.42110,0.41592,0.42658
sim1_base,task003_nosolution,3,3.00000,9.00000,0.75000,both,1,,,,,,,,,,,,,,,,,0.01038,0.00729,0.01298,0.01317,0.01175,0.01461
sim1_base,task003_nosolution,3,3.00000,9.00000,0.75000,both,2,,,,,,,,,,,,,,,,,-0.24331,-0.26819,-0.21577,-0.43427,-0.43990,-0.42906
sim1_base,task003_nosolution,3,3.00000,9.00000,0.75000,false,2,0.19096,0.16395,0.21764,-0.00279,0.95433,0.76338,0.00471,61.26300,0.23472,0.07481,0.99200,0.77500,3.00000,0.74900,0.00000,0.67400,,,,,,
sim1_base,task003_nosolution,3,3.00000,9.00000,0.75000,truth,0,0.65404,0.62889,0.67942,0.02354,0.88317,0.22913,0.03104,110.56500,0.42362,0.14197,0.99200,0.35400,5.00000,0.25000,0.00000,0.15000,,,,,,
sim1_base,task003_nosolution,3,3.00000,9.00000,1.00000,both,0,,,,,,,,,,,,,,,,,0.41190,0.38902,0.43382,0.19973,0.18419,0.21517
sim1_base,task003_nosolution,3,3.00000,9.00000,1.00000,both,1,,,,,,,,,,,,,,,,,0.00000,0.00000,0.00000,0.00000,0.00000,0.00000
sim1_base,task003_nosolution,3,3.00000,9.00000,1.00000,both,2,,,,,,,,,,,,,,,,,-0.41190,-0.43382,-0.38902,-0.19973,-0.21517,-0.18419
sim1_base,task003_nosolution,3,3.00000,9.00000,1.00000,false,2,-0.21217,-0.24014,-0.18470,0.00000,0.39958,0.61175,0.00000,145.15200,0.55614,-0.03508,0.72900,0.63500,3.00000,0.36100,0.52300,0.43200,,,,,,
sim1_base,task003_nosolution,3,3.00000,9.00000,1.00000,truth,0,0.61162,0.58649,0.63734,0.00000,0.99987,0.38825,0.00000,33.01200,0.12648,0.44466,1.00000,0.43700,4.00000,0.99700,0.00000,0.19900,,,,,,
sim1_base,task003_nosolution,3,6.00000,1.00000,0.75000,both,0,,,,,,,,,,,,,,,,,0.25298,0.22895,0.27831,0.48102,0.47910,0.48285
sim1_base,task003_nosolution,3,6.00000,1.00000,0.75000,both,1,,,,,,,,,,,,,,,,,0.00560,0.00256,0.00804,0.00760,0.00612,0.00910
sim1_base,task003_nosolution,3,6.00000,1.00000,0.75000,both,2,,,,,,,,,,,,,,,,,-0.25858,-0.28471,-0.23344,-0.48863,-0.48985,-0.48740
sim1_base,task003_nosolution,3,6.00000,1.00000,0.75000,false,2,0.23004,0.20383,0.25521,-0.00200,0.99342,0.76338,0.00550,1.44300,0.04976,3.82606,1.00000,0.77500,2.00000,0.87900,0.00000,0.67400,,,,,,
sim1_base,task003_nosolution,3,6.00000,1.00000,0.75000,truth,0,0.73400,0.70970,0.75946,0.01321,0.96313,0.22913,0.02071,3.75900,0.12962,4.68635,1.00000,0.35400,2.00000,0.56200,0.00000,0.15000,,,,,,
sim1_base,task003_nosolution,3,6.00000,1.00000,1.00000,both,0,,,,,,,,,,,,,,,,,0.11096,0.08587,0.13608,0.49921,0.49787,0.49998
sim1_base,task003_nosolution,3,6.00000,1.00000,1.00000,both,1,,,,,,,,,,,,,,,,,0.00000,0.00000,0.00000,0.00000,0.00000,0.00000
sim1_base,task003_nosolution,3,6.00000,1.00000,1.00000,both,2,,,,,,,,,,,,,,,,,-0.11096,-0.13608,-0.08587,-0.49921,-0.49998,-0.49787
sim1_base,task003_nosolution,3,6.00000,1.00000,1.00000,false,2,0.38825,0.36295,0.41363,0.00000,1.00000,0.61175,0.00000,1.42500,0.04914,6.53895,1.00000,0.63500,2.00000,1.00000,0.00000,0.43200,,,,,,
sim1_base,task003_nosolution,3,6.00000,1.00000,1.00000,truth,0,0.61017,0.58512,0.63538,0.00000,0.99842,0.38825,0.00000,2.22700,0.07679,6.57566,0.99900,0.43700,3.00000,0.99500,0.00100,0.19900,,,,,,
sim1_base,task003_nosolution,3,6.00000,2.00000,0.75000,both,0,,,,,,,,,,,,,,,,,0.25427,0.22960,0.28031,0.48277,0.48110,0.48435
sim1_base,task003_nosolution,3,6.00000,2.00000,0.75000,both,1,,,,,,,,,,,,,,,,,0.00346,0.00046,0.00594,0.00796,0.00675,0.00919
sim1_base,task003_nosolution,3,6.00000,2.00000,0.75000,both,2,,,,,,,,,,,,,,,,,-0.25773,-0.28385,-0.23376,-0.49073,-0.49177,-0.48956
sim1_base,task003_nosolution,3,6.00000,2.00000,0.75000,false,2,0.23300,0.20667,0.25713,-0.00450,0.99638,0.76338,0.00300,2.59600,0.04476,2.15408,1.00000,0.77500,2.00000,0.92600,0.00000,0.67400,,,,,,
sim1_base,task003_nosolution,3,6.00000,2.00000,0.75000,truth,0,0.73704,0.71200,0.76309,0.01142,0.96617,0.22913,0.01892,7.23800,0.12479,2.44391,1.00000,0.35400,3.00000,0.56700,0.00000,0.15000,,,,,,
sim1_base,task003_nosolution,3,6.00000,2.00000,1.00000,both,0,,,,,,,,,,,,,,,,,0.11277,0.08685,0.13619,0.49823,0.49690,0.49935
sim1_base,task003_nosolution,3,6.00000,2.00000,1.00000,both,1,,,,,,,,,,,,,,,,,0.00000,0.00000,0.00000,0.00000,0.00000,0.00000
sim1_base,task003_nosolution,3,6.00000,2.00000,1.00000,both,2,,,,,,,,,,,,,,,,,-0.11277,-0.13619,-0.08685,-0.49823,-0.49935,-0.49690
sim1_base,task003_nosolution,3,6.00000,2.00000,1.00000,false,2,0.38546,0.36216,0.41096,0.00000,0.99721,0.61175,0.00000,2.61200,0.04503,3.54173,0.99900,0.63500,2.00000,0.99100,0.00000,0.43200,,,,,,
sim1_base,task003_nosolution,3,6.00000,2.00000,1.00000,truth,0,0.61100,0.58491,0.63467,0.00000,0.99925,0.38825,0.00000,3.90000,0.06724,3.76000,1.00000,0.43700,3.00000,0.99300,0.00000,0.19900,,,,,,
sim1_base,task003_nosolution,3,6.00000,3.00000,0.75000,both,0,,,,,,,,,,,,,,,,,0.25535,0.22969,0.27996,0.48356,0.48206,0.48515
sim1_base,task003_nosolution,3,6.00000,3.00000,0.75000,both,1,,,,,,,,,,,,,,,,,0.00365,0.00069,0.00596,0.00702,0.00592,0.00831
sim1_base,task003_nosolution,3,6.00000,3.00000,0.75000,both,2,,,,,,,,,,,,,,,,,-0.25900,-0.28381,-0.23329,-0.49058,-0.49169,-0.48954
sim1_base,task003_nosolution,3,6.00000,3.00000,0.75000,false,2,0.23158,0.20637,0.25734,-0.00338,0.99496,0.76338,0.00413,4.60200,0.05290,1.20774,1.00000,0.77500,2.00000,0.89500,0.00000,0.67400,,,,,,
sim1_base,task003_nosolution,3,6.00000,3.00000,0.75000,truth,0,0.73892,0.71371,0.76334,0.01067,0.96804,0.22913,0.01817,10.30200,0.11841,1.72141,1.00000,0.35400,3.00000,0.57800,0.00000,0.15000,,,,,,
sim1_base,task003_nosolution,3,6.00000,3.00000,1.00000,both,0,,,,,,,,,,,,,,,,,0.12358,0.09894,0.14563,0.48758,0.48429,0.49085
sim1_base,task003_nosolution,3,6.00000,3.00000,1.00000,both,1,,,,,,,,,,,,,,,,,0.00000,0.00000,0.00000,0.00000,0.00000,0.00000
sim1_base,task003_nosolution,3,6.00000,3.00000,1.00000,both,2,,,,,,,,,,,,,,,,,-0.12358,-0.14563,-0.09894,-0.48758,-0.49085,-0.48429
sim1_base,task003_nosolution,3,6.00000,3.00000,1.00000,false,2,0.36400,0.34216,0.38842,0.00000,0.97575,0.61175,0.00000,6.56100,0.07541,1.33150,0.99300,0.63500,2.00000,0.93800,0.00000,0.43200,,,,,,
sim1_base,task003_nosolution,3,6.00000,3.00000,1.00000,truth,0,0.61117,0.58566,0.63472,0.00000,0.99942,0.38825,0.00000,6.23700,0.07169,2.35177,1.00000,0.43700,3.00000,0.99600,0.00000,0.19900,,,,,,
sim1_base,task003_nosolution,3,6.00000,6.00000,0.75000,both,0,,,,,,,,,,,,,,,,,0.24983,0.22492,0.27573,0.47708,0.47483,0.47923
sim1_base,task003_nosolution,3,6.00000,6.00000,0.75000,both,1,,,,,,,,,,,,,,,,,0.00577,0.00290,0.00840,0.01035,0.00900,0.01183
sim1_base,task003_nosolution,3,6.00000,6.00000,0.75000,both,2,,,,,,,,,,,,,,,,,-0.25560,-0.28171,-0.23002,-0.48744,-0.48900,-0.48573
sim1_base,task003_nosolution,3,6.00000,6.00000,0.75000,false,2,0.23183,0.20542,0.25676,-0.00458,0.99521,0.76338,0.00292,9.80400,0.05634,0.56752,1.00000,0.77500,2.00000,0.91000,0.00000,0.67400,,,,,,
sim1_base,task003_nosolution,3,6.00000,6.00000,0.75000,truth,0,0.72692,0.70192,0.75254,0.01612,0.95604,0.22913,0.02363,27.13200,0.15593,0.64300,1.00000,0.35400,3.00000,0.52200,0.00000,0.15000,,,,,,
sim1_base,task003_nosolution,3,6.00000,6.00000,1.00000,both,0,,,,,,,,,,,,,,,,,0.13531,0.11218,0.15789,0.47581,0.47119,0.48002
sim1_base,task003_nosolution,3,6.00000,6.00000,1.00000,both,1,,,,,,,,,,,,,,,,,0.00000,0.00000,0.00000,0.00000,0.00000,0.00000
sim1_base,task003_nosolution,3,6.00000,6.00000,1.00000,both,2,,,,,,,,,,,,,,,,,-0.13531,-0.15789,-0.11218,-0.47581,-0.48002,-0.47119
sim1_base,task003_nosolution,3,6.00000,6.00000,1.00000,false,2,0.34050,0.31858,0.36284,0.00000,0.95225,0.61175,0.00000,17.57400,0.10100,0.46501,0.98600,0.63500,2.00000,0.86000,0.00000,0.43200,,,,,,
sim1_base,task003_nosolution,3,6.00000,6.00000,1.00000,truth,0,0.61112,0.58671,0.63376,0.00000,0.99938,0.38825,0.00000,14.30400,0.08221,1.02538,1.00000,0.43700,3.00000,0.99500,0.00000,0.19900,,,,,,
sim1_base,task003_nosolution,3,6.00000,9.00000,0.75000,both,0,,,,,,,,,,,,,,,,,0.25256,0.22754,0.27686,0.40148,0.39387,0.40856
sim1_base,task003_nosolution,3,6.00000,9.00000,0.75000,both,1,,,,,,,,,,,,,,,,,0.01213,0.00879,0.01488,0.01233,0.01054,0.01406
sim1_base,task003_nosolution,3,6.00000,9.00000,0.75000,both,2,,,,,,,,,,,,,,,,,-0.26469,-0.28934,-0.23918,-0.41381,-0.42113,-0.40604
sim1_base,task003_nosolution,3,6.00000,9.00000,0.75000,false,2,0.14913,0.12203,0.17619,-0.00021,0.91250,0.76338,0.00729,61.46100,0.23548,0.05823,0.96800,0.77500,3.00000,0.69900,0.00000,0.67400,,,,,,
sim1_base,task003_nosolution,3,6.00000,9.00000,0.75000,truth,0,0.65404,0.62725,0.67863,0.02446,0.88317,0.22913,0.03196,88.06500,0.33741,0.17824,0.98700,0.35400,5.00000,0.32700,0.00000,0.15000,,,,,,
sim1_base,task003_nosolution,3,6.00000,9.00000,1.00000,both,0,,,,,,,,,,,,,,,,,0.38385,0.36321,0.40466,0.22727,0.21321,0.24350
sim1_base,task003_nosolution,3,6.00000,9.00000,1.00000,both,1,,,,,,,,,,,,,,,,,0.00000,0.00000,0.00000,0.00000,0.00000,0.00000
sim1_base,task003_nosolution,3,6.00000,9.00000,1.00000,both,2,,,,,,,,,,,,,,,,,-0.38385,-0.40466,-0.36321,-0.22727,-0.24350,-0.21321
sim1_base,task003_nosolution,3,6.00000,9.00000,1.00000,false,2,-0.15658,-0.18242,-0.13004,0.00000,0.45517,0.61175,0.00000,133.72200,0.51234,-0.02810,0.66900,0.63500,3.00000,0.41100,0.48900,0.43200,,,,,,
sim1_base,task003_nosolution,3,6.00000,9.00000,1.00000,truth,0,0.61112,0.58715,0.63734,0.00000,0.99938,0.38825,0.00000,28.68300,0.10990,0.51135,1.00000,0.43700,4.00000,0.99500,0.00000,0.19900,,,,,,
sim1_base,task003_nosolution,3,12.00000,1.00000,0.75000,both,0,,,,,,,,,,,,,,,,,0.24990,0.22358,0.27205,0.47794,0.47583,0.47998
sim1_base,task003_nosolution,3,12.00000,1.00000,0.75000,both,1,,,,,,,,,,,,,,,,,0.00615,0.00283,0.00869,0.00856,0.00679,0.01040
sim1_base,task003_nosolution,3,12.00000,1.00000,0.75000,both,2,,,,,,,,,,,,,,,,,-0.25604,-0.27865,-0.23017,-0.48650,-0.48790,-0.48504
sim1_base,task003_nosolution,3,12.00000,1.00000,0.75000,false,2,0.23046,0.20741,0.25668,-0.00242,0.99383,0.76338,0.00508,1.28700,0.04438,4.29759,1.00000,0.77500,2.00000,0.90100,0.00000,0.67400,,,,,,
sim1_base,task003_nosolution,3,12.00000,1.00000,0.75000,truth,0,0.72783,0.70192,0.75042,0.01471,0.95696,0.22913,0.02221,3.07700,0.10610,5.67696,1.00000,0.35400,3.00000,0.52600,0.00000,0.15000,,,,,,
sim1_base,task003_nosolution,3,12.00000,1.00000,1.00000,both,0,,,,,,,,,,,,,,,,,0.11062,0.08639,0.13475,0.49779,0.49596,0.49923
sim1_base,task003_nosolution,3,12.00000,1.00000,1.00000,both,1,,,,,,,,,,,,,,,,,0.00000,0.00000,0.00000,0.00000,0.00000,0.00000
sim1_base,task003_nosolution,3,12.00000,1.00000,1.00000,both,2,,,,,,,,,,,,,,,,,-0.11062,-0.13475,-0.08639,-0.49779,-0.49923,-0.49596
sim1_base,task003_nosolution,3,12.00000,1.00000,1.00000,false,2,0.38717,0.36333,0.41159,0.00000,0.99892,0.61175,0.00000,1.39100,0.04797,6.68009,0.99900,0.63500,2.00000,0.99500,0.00000,0.43200,,,,,,
sim1_base,task003_nosolution,3,12.00000,1.00000,1.00000,truth,0,0.60842,0.58417,0.63304,0.00000,0.99667,0.38825,0.00000,2.10500,0.07259,6.93682,0.99800,0.43700,3.00000,0.99000,0.00200,0.19900,,,,,,
sim1_base,task003_nosolution,3,12.00000,2.00000,0.75000,both,0,,,,,,,,,,,,,,,,,0.25021,0.22527,0.27457,0.47867,0.47677,0.48071
sim1_base,task003_nosolution,3,12.00000,2.00000,0.75000,both,1,,,,,,,,,,,,,,,,,0.00542,0.00235,0.00808,0.01017,0.00879,0.01163
sim1_base,task003_nosolution,3,12.00000,2.00000,0.75000,both,2,,,,,,,,,,,,,,,,,-0.25562,-0.28031,-0.23077,-0.48883,-0.49015,-0.48744
sim1_base,task003_nosolution,3,12.00000,2.00000,0.75000,false,2,0.23321,0.20858,0.25801,-0.00475,0.99658,0.76338,0.00275,2.17800,0.03755,2.56979,1.00000,0.77500,2.00000,0.93300,0.00000,0.67400,,,,,,
sim1_base,task003_nosolution,3,12.00000,2.00000,0.75000,truth,0,0.72888,0.70366,0.75388,0.01558,0.95800,0.22913,0.02308,5.67000,0.09776,3.08519,1.00000,0.35400,3.00000,0.51600,0.00000,0.15000,,,,,,
sim1_base,task003_nosolution,3,12.00000,2.00000,1.00000,both,0,,,,,,,,,,,,,,,,,0.11465,0.08921,0.13819,0.49590,0.49400,0.49748
sim1_base,task003_nosolution,3,12.00000,2.00000,1.00000,both,1,,,,,,,,,,,,,,,,,0.00000,0.00000,0.00000,0.00000,0.00000,0.00000
sim1_base,task003_nosolution,3,12.00000,2.00000,1.00000,both,2,,,,,,,,,,,,,,,,,-0.11465,-0.13819,-0.08921,-0.49590,-0.49748,-0.49400
sim1_base,task003_nosolution,3,12.00000,2.00000,1.00000,false,2,0.38125,0.35708,0.40675,0.00000,0.99300,0.61175,0.00000,2.62600,0.04528,3.48439,0.99800,0.63500,2.00000,0.98200,0.00000,0.43200,,,,,,
sim1_base,task003_nosolution,3,12.00000,2.00000,1.00000,truth,0,0.61054,0.58492,0.63405,0.00000,0.99879,0.38825,0.00000,3.76400,0.06490,3.89293,1.00000,0.43700,3.00000,0.99200,0.00000,0.19900,,,,,,
sim1_base,task003_nosolution,3,12.00000,3.00000,0.75000,both,0,,,,,,,,,,,,,,,,,0.24969,0.22504,0.27242,0.47760,0.47535,0.47958
sim1_base,task003_nosolution,3,12.00000,3.00000,0.75000,both,1,,,,,,,,,,,,,,,,,0.00656,0.00373,0.00925,0.01056,0.00915,0.01208
sim1_base,task003_nosolution,3,12.00000,3.00000,0.75000,both,2,,,,,,,,,,,,,,,,,-0.25625,-0.27926,-0.23161,-0.48817,-0.48965,-0.48648
sim1_base,task003_nosolution,3,12.00000,3.00000,0.75000,false,2,0.23192,0.20912,0.25659,-0.00400,0.99529,0.76338,0.00350,3.90600,0.04490,1.42499,1.00000,0.77500,2.00000,0.91500,0.00000,0.67400,,,,,,
sim1_base,task003_nosolution,3,12.00000,3.00000,0.75000,truth,0,0.72729,0.70233,0.75075,0.01713,0.95642,0.22913,0.02463,9.14400,0.10510,1.90890,1.00000,0.35400,3.00000,0.50800,0.00000,0.15000,,,,,,
sim1_base,task003_nosolution,3,12.00000,3.00000,1.00000,both,0,,,,,,,,,,,,,,,,,0.12371,0.09918,0.14781,0.48683,0.48379,0.49000
sim1_base,task003_nosolution,3,12.00000,3.00000,1.00000,both,1,,,,,,,,,,,,,,,,,0.00000,0.00000,0.00000,0.00000,0.00000,0.00000
sim1_base,task003_nosolution,3,12.00000,3.00000,1.00000,both,2,,,,,,,,,,,,,,,,,-0.12371,-0.14781,-0.09918,-0.48683,-0.49000,-0.48379
sim1_base,task003_nosolution,3,12.00000,3.00000,1.00000,false,2,0.36312,0.33875,0.38688,0.00000,0.97488,0.61175,0.00000,6.10800,0.07021,1.42682,0.99600,0.63500,2.00000,0.93000,0.00000,0.43200,,,,,,
sim1_base,task003_nosolution,3,12.00000,3.00000,1.00000,truth,0,0.61054,0.58554,0.63471,0.00000,0.99879,0.38825,0.00000,5.97300,0.06866,2.45321,1.00000,0.43700,3.00000,0.99200,0.00000,0.19900,,,,,,
sim1_base,task003_nosolution,3,12.00000,6.00000,0.75000,both,0,,,,,,,,,,,,,,,,,0.24304,0.21637,0.26555,0.47050,0.46777,0.47294
sim1_base,task003_nosolution,3,12.00000,6.00000,0.75000,both,1,,,,,,,,,,,,,,,,,0.00871,0.00562,0.01150,0.01342,0.01177,0.01517
sim1_base,task003_nosolution,3,12.00000,6.00000,0.75000,both,2,,,,,,,,,,,,,,,,,-0.25175,-0.27513,-0.22485,-0.48392,-0.48581,-0.48177
sim1_base,task003_nosolution,3,12.00000,6.00000,0.75000,false,2,0.23217,0.20842,0.25958,-0.00471,0.99554,0.76338,0.00279,8.59200,0.04938,0.64851,1.00000,0.77500,2.00000,0.91700,0.00000,0.67400,,,,,,
sim1_base,task003_nosolution,3,12.00000,6.00000,0.75000,truth,0,0.71354,0.68708,0.73563,0.02213,0.94267,0.22913,0.02962,30.60600,0.17590,0.55953,0.99900,0.35400,4.00000,0.45000,0.00000,0.15000,,,,,,
sim1_base,task003_nosolution,3,12.00000,6.00000,1.00000,both,0,,,,,,,,,,,,,,,,,0.13148,0.10903,0.15536,0.47898,0.47496,0.48300
sim1_base,task003_nosolution,3,12.00000,6.00000,1.00000,both,1,,,,,,,,,,,,,,,,,0.00000,0.00000,0.00000,0.00000,0.00000,0.00000
sim1_base,task003_nosolution,3,12.00000,6.00000,1.00000,both,2,,,,,,,,,,,,,,,,,-0.13148,-0.15536,-0.10903,-0.47898,-0.48300,-0.47496
sim1_base,task003_nosolution,3,12.00000,6.00000,1.00000,false,2,0.34750,0.32366,0.36988,0.00000,0.95925,0.61175,0.00000,15.61800,0.08976,0.53400,0.98600,0.63500,2.00000,0.89700,0.00000,0.43200,,,,,,
sim1_base,task003_nosolution,3,12.00000,6.00000,1.00000,truth,0,0.61046,0.58633,0.63583,0.00000,0.99871,0.38825,0.00000,14.58000,0.08379,1.00487,1.00000,0.43700,3.00000,0.99300,0.00000,0.19900,,,,,,
sim1_base,task003_nosolution,3,12.00000,9.00000,0.75000,both,0,,,,,,,,,,,,,,,,,0.26352,0.23743,0.28702,0.40015,0.39248,0.40752
sim1_base,task003_nosolution,3,12.00000,9.00000,0.75000,both,1,,,,,,,,,,,,,,,,,0.01377,0.01054,0.01673,0.01352,0.01154,0.01531
sim1_base,task003_nosolution,3,12.00000,9.00000,0.75000,both,2,,,,,,,,,,,,,,,,,-0.27729,-0.30063,-0.25037,-0.41367,-0.42096,-0.40594
sim1_base,task003_nosolution,3,12.00000,9.00000,0.75000,false,2,0.13637,0.11100,0.16465,0.00025,0.89975,0.76338,0.00775,61.75800,0.23662,0.05300,0.94200,0.77500,3.00000,0.72500,0.00100,0.67400,,,,,,
sim1_base,task003_nosolution,3,12.00000,9.00000,0.75000,truth,0,0.66367,0.63719,0.68609,0.02729,0.89279,0.22913,0.03479,75.76200,0.29028,0.21024,0.99300,0.35400,5.00000,0.36000,0.00000,0.15000,,,,,,
sim1_base,task003_nosolution,3,12.00000,9.00000,1.00000,both,0,,,,,,,,,,,,,,,,,0.36844,0.34835,0.38894,0.24198,0.22674,0.25679
sim1_base,task003_nosolution,3,12.00000,9.00000,1.00000,both,1,,,,,,,,,,,,,,,,,0.00000,0.00000,0.00000,0.00000,0.00000,0.00000
sim1_base,task003_nosolution,3,12.00000,9.00000,1.00000,both,2,,,,,,,,,,,,,,,,,-0.36844,-0.38894,-0.34835,-0.24198,-0.25679,-0.22674
sim1_base,task003_nosolution,3,12.00000,9.00000,1.00000,false,2,-0.12646,-0.15217,-0.10175,0.00000,0.48529,0.61175,0.00000,129.84300,0.49748,-0.02337,0.62500,0.63500,4.00000,0.44200,0.45300,0.43200,,,,,,
sim1_base,task003_nosolution,3,12.00000,9.00000,1.00000,truth,0,0.61042,0.58558,0.63564,0.00000,0.99867,0.38825,0.00000,27.54900,0.10555,0.53178,1.00000,0.43700,4.00000,0.99100,0.00000,0.19900,,,,,,
sim1_base,task003_nosolution,3,24.00000,1.00000,0.75000,both,0,,,,,,,,,,,,,,,,,0.24596,0.21904,0.27234,0.47446,0.47238,0.47648
sim1_base,task003_nosolution,3,24.00000,1.00000,0.75000,both,1,,,,,,,,,,,,,,,,,0.00556,0.00273,0.00833,0.00960,0.00815,0.01115
sim1_base,task003_nosolution,3,24.00000,1.00000,0.75000,both,2,,,,,,,,,,,,,,,,,-0.25152,-0.27766,-0.22510,-0.48406,-0.48575,-0.48254
sim1_base,task003_nosolution,3,24.00000,1.00000,0.75000,false,2,0.23254,0.20637,0.25934,-0.00404,0.99592,0.76338,0.00346,1.55500,0.05362,3.58907,1.00000,0.77500,2.00000,0.92300,0.00000,0.67400,,,,,,
sim1_base,task003_nosolution,3,24.00000,1.00000,0.75000,truth,0,0.72042,0.69350,0.74692,0.01517,0.94954,0.22913,0.02267,4.37200,0.15076,3.95471,0.99900,0.35400,3.00000,0.46200,0.00000,0.15000,,,,,,
sim1_base,task003_nosolution,3,24.00000,1.00000,1.00000,both,0,,,,,,,,,,,,,,,,,0.11237,0.08916,0.13759,0.49796,0.49654,0.49902
sim1_base,task003_nosolution,3,24.00000,1.00000,1.00000,both,1,,,,,,,,,,,,,,,,,0.00000,0.00000,0.00000,0.00000,0.00000,0.00000
sim1_base,task003_nosolution,3,24.00000,1.00000,1.00000,both,2,,,,,,,,,,,,,,,,,-0.11237,-0.13759,-0.08916,-0.49796,-0.49902,-0.49654
sim1_base,task003_nosolution,3,24.00000,1.00000,1.00000,false,2,0.38558,0.36041,0.40909,0.00000,0.99733,0.61175,0.00000,1.76200,0.06076,5.25199,0.99900,0.63500,2.00000,0.99200,0.00000,0.43200,,,,,,
sim1_base,task003_nosolution,3,24.00000,1.00000,1.00000,truth,0,0.61033,0.58708,0.63514,0.00000,0.99858,0.38825,0.00000,2.74800,0.09476,5.33042,1.00000,0.43700,4.00000,0.99300,0.00000,0.19900,,,,,,
sim1_base,task003_nosolution,3,24.00000,2.00000,0.75000,both,0,,,,,,,,,,,,,,,,,0.24756,0.22347,0.27119,0.47590,0.47387,0.47804
sim1_base,task003_nosolution,3,24.00000,2.00000,0.75000,both,1,,,,,,,,,,,,,,,,,0.00573,0.00302,0.00852,0.01056,0.00910,0.01194
sim1_base,task003_nosolution,3,24.00000,2.00000,0.75000,both,2,,,,,,,,,,,,,,,,,-0.25329,-0.27692,-0.22779,-0.48646,-0.48796,-0.48502
sim1_base,task003_nosolution,3,24.00000,2.00000,0.75000,false,2,0.23317,0.20895,0.25896,-0.00483,0.99654,0.76338,0.00267,2.23600,0.03855,2.50268,1.00000,0.77500,2.00000,0.92700,0.00000,0.67400,,,,,,
sim1_base,task003_nosolution,3,24.00000,2.00000,0.75000,truth,0,0.72346,0.69921,0.74684,0.01629,0.95258,0.22913,0.02379,7.13200,0.12297,2.43452,1.00000,0.35400,3.00000,0.48400,0.00000,0.15000,,,,,,
sim1_base,task003_nosolution,3,24.00000,2.00000,1.00000,both,0,,,,,,,,,,,,,,,,,0.11181,0.08814,0.13588,0.49869,0.49773,0.49948
sim1_base,task003_nosolution,3,24.00000,2.00000,1.00000,both,1,,,,,,,,,,,,,,,,,0.00000,0.00000,0.00000,0.00000,0.00000,0.00000
sim1_base,task003_nosolution,3,24.00000,2.00000,1.00000,both,2,,,,,,,,,,,,,,,,,-0.11181,-0.13588,-0.08814,-0.49869,-0.49948,-0.49773
sim1_base,task003_nosolution,3,24.00000,2.00000,1.00000,false,2,0.38687,0.36263,0.41043,0.00000,0.99862,0.61175,0.00000,2.24600,0.03872,4.13402,1.00000,0.63500,2.00000,0.99500,0.00000,0.43200,,,,,,
sim1_base,task003_nosolution,3,24.00000,2.00000,1.00000,truth,0,0.61050,0.58691,0.63430,0.00000,0.99875,0.38825,0.00000,4.41000,0.07603,3.32245,1.00000,0.43700,3.00000,0.99300,0.00000,0.19900,,,,,,
sim1_base,task003_nosolution,3,24.00000,3.00000,0.75000,both,0,,,,,,,,,,,,,,,,,0.24235,0.21830,0.26661,0.47098,0.46848,0.47346
sim1_base,task003_nosolution,3,24.00000,3.00000,0.75000,both,1,,,,,,,,,,,,,,,,,0.00833,0.00535,0.01102,0.01212,0.01046,0.01379
sim1_base,task003_nosolution,3,24.00000,3.00000,0.75000,both,2,,,,,,,,,,,,,,,,,-0.25069,-0.27556,-0.22623,-0.48310,-0.48519,-0.48104
sim1_base,task003_nosolution,3,24.00000,3.00000,0.75000,false,2,0.23242,0.20866,0.25696,-0.00379,0.99579,0.76338,0.00371,4.01100,0.04610,1.39068,1.00000,0.77500,2.00000,0.91800,0.00000,0.67400,,,,,,
sim1_base,task003_nosolution,3,24.00000,3.00000,0.75000,truth,0,0.71333,0.68812,0.73804,0.02046,0.94246,0.22913,0.02796,16.07100,0.18472,1.06527,0.99700,0.35400,4.00000,0.45900,0.00000,0.15000,,,,,,
sim1_base,task003_nosolution,3,24.00000,3.00000,1.00000,both,0,,,,,,,,,,,,,,,,,0.11648,0.09252,0.14127,0.49410,0.49162,0.49621
sim1_base,task003_nosolution,3,24.00000,3.00000,1.00000,both,1,,,,,,,,,,,,,,,,,0.00000,0.00000,0.00000,0.00000,0.00000,0.00000
sim1_base,task003_nosolution,3,24.00000,3.00000,1.00000,both,2,,,,,,,,,,,,,,,,,-0.11648,-0.14127,-0.09252,-0.49410,-0.49621,-0.49162
sim1_base,task003_nosolution,3,24.00000,3.00000,1.00000,false,2,0.37762,0.35333,0.40138,0.00000,0.98938,0.61175,0.00000,5.05800,0.05814,1.79181,0.99600,0.63500,2.00000,0.97200,0.00000,0.43200,,,,,,
sim1_base,task003_nosolution,3,24.00000,3.00000,1.00000,truth,0,0.61058,0.58649,0.63592,0.00000,0.99883,0.38825,0.00000,7.91700,0.09100,1.85095,1.00000,0.43700,4.00000,0.99300,0.00000,0.19900,,,,,,
sim1_base,task003_nosolution,3,24.00000,6.00000,0.75000,both,0,,,,,,,,,,,,,,,,,0.22485,0.20083,0.24997,0.45127,0.44658,0.45561
sim1_base,task003_nosolution,3,24.00000,6.00000,0.75000,both,1,,,,,,,,,,,,,,,,,0.01177,0.00856,0.01473,0.01640,0.01465,0.01833
sim1_base,task003_nosolution,3,24.00000,6.00000,0.75000,both,2,,,,,,,,,,,,,,,,,-0.23662,-0.26242,-0.21215,-0.46767,-0.47167,-0.46331
sim1_base,task003_nosolution,3,24.00000,6.00000,0.75000,false,2,0.23104,0.20612,0.25575,-0.00463,0.99442,0.76338,0.00287,9.29400,0.05341,0.59662,1.00000,0.77500,2.00000,0.91000,0.00000,0.67400,,,,,,
sim1_base,task003_nosolution,3,24.00000,6.00000,0.75000,truth,0,0.67613,0.65190,0.70117,0.02817,0.90525,0.22913,0.03567,51.87000,0.29810,0.31284,0.96800,0.35400,5.00000,0.38400,0.00000,0.15000,,,,,,
sim1_base,task003_nosolution,3,24.00000,6.00000,1.00000,both,0,,,,,,,,,,,,,,,,,0.11842,0.09506,0.14203,0.49196,0.48952,0.49454
sim1_base,task003_nosolution,3,24.00000,6.00000,1.00000,both,1,,,,,,,,,,,,,,,,,0.00000,0.00000,0.00000,0.00000,0.00000,0.00000
sim1_base,task003_nosolution,3,24.00000,6.00000,1.00000,both,2,,,,,,,,,,,,,,,,,-0.11842,-0.14203,-0.09506,-0.49196,-0.49454,-0.48952
sim1_base,task003_nosolution,3,24.00000,6.00000,1.00000,false,2,0.37354,0.34887,0.39762,0.00000,0.98529,0.61175,0.00000,12.52200,0.07197,0.71594,0.99300,0.63500,2.00000,0.96200,0.00000,0.43200,,,,,,
sim1_base,task003_nosolution,3,24.00000,6.00000,1.00000,truth,0,0.61037,0.58646,0.63442,0.00000,0.99862,0.38825,0.00000,19.57800,0.11252,0.74824,1.00000,0.43700,4.00000,0.99200,0.00000,0.19900,,,,,,
sim1_base,task003_nosolution,3,24.00000,9.00000,0.75000,both,0,,,,,,,,,,,,,,,,,0.25865,0.23485,0.28311,0.40744,0.39985,0.41500
sim1_base,task003_nosolution,3,24.00000,9.00000,0.75000,both,1,,,,,,,,,,,,,,,,,0.01446,0.01125,0.01721,0.01258,0.01065,0.01438
sim1_base,task003_nosolution,3,24.00000,9.00000,0.75000,both,2,,,,,,,,,,,,,,,,,-0.27310,-0.29752,-0.24866,-0.42002,-0.42736,-0.41246
sim1_base,task003_nosolution,3,24.00000,9.00000,0.75000,false,2,0.14692,0.11903,0.17451,0.00187,0.91029,0.76338,0.00937,67.89600,0.26014,0.05193,0.94200,0.77500,3.00000,0.70900,0.00200,0.67400,,,,,,
sim1_base,task003_nosolution,3,24.00000,9.00000,0.75000,truth,0,0.66608,0.64083,0.69154,0.02704,0.89521,0.22913,0.03454,85.07700,0.32597,0.18790,0.98200,0.35400,6.00000,0.36700,0.00000,0.15000,,,,,,
sim1_base,task003_nosolution,3,24.00000,9.00000,1.00000,both,0,,,,,,,,,,,,,,,,,0.27217,0.25297,0.29303,0.33829,0.32633,0.35073
sim1_base,task003_nosolution,3,24.00000,9.00000,1.00000,both,1,,,,,,,,,,,,,,,,,0.00004,0.00000,0.00010,0.00004,0.00000,0.00010
sim1_base,task003_nosolution,3,24.00000,9.00000,1.00000,both,2,,,,,,,,,,,,,,,,,-0.27221,-0.29309,-0.25299,-0.33833,-0.35075,-0.32638
sim1_base,task003_nosolution,3,24.00000,9.00000,1.00000,false,2,0.06612,0.04170,0.08938,0.00000,0.67788,0.61175,0.00000,113.67900,0.43555,0.01396,0.71800,0.63500,4.00000,0.56000,0.18800,0.43200,,,,,,
sim1_base,task003_nosolution,3,24.00000,9.00000,1.00000,truth,0,0.61046,0.58653,0.63592,0.00008,0.99871,0.38825,0.00008,29.62800,0.11352,0.49450,1.00000,0.43700,4.00000,0.99100,0.00000,0.19900,,,,,,
sim1_base,task003_nosolution,6,3.00000,1.00000,0.75000,both,0,,,,,,,,,,,,,,,,,0.13579,0.10810,0.16576,0.48838,0.48652,0.49006
sim1_base,task003_nosolution,6,3.00000,1.00000,0.75000,both,1,,,,,,,,,,,,,,,,,0.00585,0.00483,0.00700,0.00594,0.00500,0.00696
sim1_base,task003_nosolution,6,3.00000,1.00000,0.75000,both,2,,,,,,,,,,,,,,,,,-0.14165,-0.17124,-0.11374,-0.49431,-0.49567,-0.49262
sim1_base,task003_nosolution,6,3.00000,1.00000,0.75000,false,2,0.35267,0.32316,0.38080,-0.00008,0.99775,0.64508,0.00137,1.55400,0.05359,5.44659,1.00000,0.66500,2.00000,0.95300,0.00000,0.63000,,,,,,
sim1_base,task003_nosolution,6,3.00000,1.00000,0.75000,truth,0,0.62417,0.59675,0.65350,0.01179,0.97762,0.35346,0.01325,4.41800,0.15234,3.39067,0.99700,0.42900,2.00000,0.69600,0.00100,0.28000,,,,,,
sim1_base,task003_nosolution,6,3.00000,1.00000,1.00000,both,0,,,,,,,,,,,,,,,,,0.05013,0.02487,0.07543,0.45896,0.44950,0.46700
sim1_base,task003_nosolution,6,3.00000,1.00000,1.00000,both,1,,,,,,,,,,,,,,,,,0.00000,0.00000,0.00000,0.00000,0.00000,0.00000
sim1_base,task003_nosolution,6,3.00000,1.00000,1.00000,both,2,,,,,,,,,,,,,,,,,-0.05013,-0.07543,-0.02487,-0.45896,-0.46700,-0.44950
sim1_base,task003_nosolution,6,3.00000,1.00000,1.00000,false,2,0.40883,0.38316,0.43564,0.00000,0.98700,0.57817,0.00000,1.81800,0.06269,5.39714,0.98700,0.58700,2.00000,0.98700,0.01300,0.47100,,,,,,
sim1_base,task003_nosolution,6,3.00000,1.00000,1.00000,truth,0,0.50908,0.48028,0.53646,0.00000,0.93092,0.42183,0.00000,3.76800,0.12993,3.24257,0.93100,0.47500,2.00000,0.93000,0.06900,0.30400,,,,,,
sim1_base,task003_nosolution,6,3.00000,2.00000,0.75000,both,0,,,,,,,,,,,,,,,,,0.13823,0.10962,0.16486,0.49140,0.49017,0.49252
sim1_base,task003_nosolution,6,3.00000,2.00000,0.75000,both,1,,,,,,,,,,,,,,,,,0.00450,0.00342,0.00569,0.00542,0.00448,0.00638
sim1_base,task003_nosolution,6,3.00000,2.00000,0.75000,both,2,,,,,,,,,,,,,,,,,-0.14273,-0.16941,-0.11391,-0.49681,-0.49746,-0.49608
sim1_base,task003_nosolution,6,3.00000,2.00000,0.75000,false,2,0.35408,0.32699,0.38296,-0.00092,0.99917,0.64508,0.00054,2.00600,0.03459,4.23629,1.00000,0.66500,2.00000,0.98000,0.00000,0.63000,,,,,,
sim1_base,task003_nosolution,6,3.00000,2.00000,0.75000,truth,0,0.62962,0.60137,0.65664,0.00992,0.98308,0.35346,0.01137,5.86800,0.10117,2.57515,1.00000,0.42900,2.00000,0.74600,0.00000,0.28000,,,,,,
sim1_base,task003_nosolution,6,3.00000,2.00000,1.00000,both,0,,,,,,,,,,,,,,,,,0.07817,0.05242,0.10438,0.50000,0.50000,0.50000
sim1_base,task003_nosolution,6,3.00000,2.00000,1.00000,both,1,,,,,,,,,,,,,,,,,0.00000,0.00000,0.00000,0.00000,0.00000,0.00000
sim1_base,task003_nosolution,6,3.00000,2.00000,1.00000,both,2,,,,,,,,,,,,,,,,,-0.07817,-0.10438,-0.05242,-0.50000,-0.50000,-0.50000
sim1_base,task003_nosolution,6,3.00000,2.00000,1.00000,false,2,0.42183,0.39562,0.44758,0.00000,1.00000,0.57817,0.00000,1.74200,0.03003,5.81171,1.00000,0.58700,2.00000,1.00000,0.00000,0.47100,,,,,,
sim1_base,task003_nosolution,6,3.00000,2.00000,1.00000,truth,0,0.57817,0.55242,0.60438,0.00000,1.00000,0.42183,0.00000,2.55000,0.04397,5.44157,1.00000,0.47500,2.00000,1.00000,0.00000,0.30400,,,,,,
sim1_base,task003_nosolution,6,3.00000,3.00000,0.75000,both,0,,,,,,,,,,,,,,,,,0.13852,0.11045,0.16624,0.49135,0.49019,0.49242
sim1_base,task003_nosolution,6,3.00000,3.00000,0.75000,both,1,,,,,,,,,,,,,,,,,0.00444,0.00348,0.00548,0.00519,0.00435,0.00612
sim1_base,task003_nosolution,6,3.00000,3.00000,0.75000,both,2,,,,,,,,,,,,,,,,,-0.14296,-0.17065,-0.11433,-0.49654,-0.49729,-0.49573
sim1_base,task003_nosolution,6,3.00000,3.00000,0.75000,false,2,0.35358,0.32591,0.38217,-0.00075,0.99867,0.64508,0.00071,3.81900,0.04390,2.22205,1.00000,0.66500,2.00000,0.97400,0.00000,0.63000,,,,,,
sim1_base,task003_nosolution,6,3.00000,3.00000,0.75000,truth,0,0.62987,0.60182,0.65754,0.00962,0.98333,0.35346,0.01108,8.55600,0.09834,1.76683,1.00000,0.42900,2.00000,0.74300,0.00000,0.28000,,,,,,
sim1_base,task003_nosolution,6,3.00000,3.00000,1.00000,both,0,,,,,,,,,,,,,,,,,0.08485,0.05781,0.10980,0.49331,0.49069,0.49571
sim1_base,task003_nosolution,6,3.00000,3.00000,1.00000,both,1,,,,,,,,,,,,,,,,,0.00000,0.00000,0.00000,0.00000,0.00000,0.00000
sim1_base,task003_nosolution,6,3.00000,3.00000,1.00000,both,2,,,,,,,,,,,,,,,,,-0.08485,-0.10980,-0.05781,-0.49331,-0.49571,-0.49069
sim1_base,task003_nosolution,6,3.00000,3.00000,1.00000,false,2,0.40846,0.38316,0.43537,0.00000,0.98662,0.57817,0.00000,4.96500,0.05707,1.97442,0.99600,0.58700,2.00000,0.97400,0.00000,0.47100,,,,,,
sim1_base,task003_nosolution,6,3.00000,3.00000,1.00000,truth,0,0.57817,0.55062,0.60338,0.00000,1.00000,0.42183,0.00000,3.78600,0.04352,3.66508,1.00000,0.47500,2.00000,1.00000,0.00000,0.30400,,,,,,
sim1_base,task003_nosolution,6,3.00000,6.00000,0.75000,both,0,,,,,,,,,,,,,,,,,0.13723,0.10852,0.16877,0.49031,0.48856,0.49183
sim1_base,task003_nosolution,6,3.00000,6.00000,0.75000,both,1,,,,,,,,,,,,,,,,,0.00423,0.00331,0.00513,0.00519,0.00444,0.00604
sim1_base,task003_nosolution,6,3.00000,6.00000,0.75000,both,2,,,,,,,,,,,,,,,,,-0.14146,-0.17271,-0.11231,-0.49550,-0.49671,-0.49390
sim1_base,task003_nosolution,6,3.00000,6.00000,0.75000,false,2,0.35404,0.32325,0.38334,-0.00096,0.99913,0.64508,0.00050,7.59600,0.04366,1.11862,1.00000,0.66500,2.00000,0.98100,0.00000,0.63000,,,,,,
sim1_base,task003_nosolution,6,3.00000,6.00000,0.75000,truth,0,0.62754,0.59871,0.65855,0.00942,0.98100,0.35346,0.01087,19.82400,0.11393,0.75974,1.00000,0.42900,2.00000,0.72200,0.00000,0.28000,,,,,,
sim1_base,task003_nosolution,6,3.00000,6.00000,1.00000,both,0,,,,,,,,,,,,,,,,,0.11535,0.09074,0.14059,0.46277,0.45706,0.46819
sim1_base,task003_nosolution,6,3.00000,6.00000,1.00000,both,1,,,,,,,,,,,,,,,,,0.00000,0.00000,0.00000,0.00000,0.00000,0.00000
sim1_base,task003_nosolution,6,3.00000,6.00000,1.00000,both,2,,,,,,,,,,,,,,,,,-0.11535,-0.14059,-0.09074,-0.46277,-0.46819,-0.45706
sim1_base,task003_nosolution,6,3.00000,6.00000,1.00000,false,2,0.34742,0.32212,0.37151,0.00000,0.92558,0.57817,0.00000,24.67800,0.14183,0.33787,0.97800,0.58700,2.00000,0.84100,0.00000,0.47100,,,,,,
sim1_base,task003_nosolution,6,3.00000,6.00000,1.00000,truth,0,0.57812,0.55199,0.60550,0.00000,0.99996,0.42183,0.00000,8.34600,0.04797,1.66247,1.00000,0.47500,2.00000,0.99900,0.00000,0.30400,,,,,,
sim1_base,task003_nosolution,6,3.00000,9.00000,0.75000,both,0,,,,,,,,,,,,,,,,,0.19296,0.16744,0.21891,0.41296,0.40433,0.42246
sim1_base,task003_nosolution,6,3.00000,9.00000,0.75000,both,1,,,,,,,,,,,,,,,,,0.00865,0.00744,0.00983,0.00835,0.00725,0.00946
sim1_base,task003_nosolution,6,3.00000,9.00000,0.75000,both,2,,,,,,,,,,,,,,,,,-0.20160,-0.22765,-0.17642,-0.42131,-0.43081,-0.41269
sim1_base,task003_nosolution,6,3.00000,9.00000,0.75000,false,2,0.21971,0.19091,0.24625,0.00029,0.86479,0.64508,0.00175,63.77400,0.24434,0.08268,0.91800,0.66500,2.00000,0.78400,0.00600,0.63000,,,,,,
sim1_base,task003_nosolution,6,3.00000,9.00000,0.75000,truth,0,0.60592,0.57953,0.63400,0.01700,0.95937,0.35346,0.01846,46.89900,0.17969,0.31007,0.99700,0.42900,3.00000,0.54300,0.00000,0.28000,,,,,,
sim1_base,task003_nosolution,6,3.00000,9.00000,1.00000,both,0,,,,,,,,,,,,,,,,,0.35246,0.33339,0.37117,0.22567,0.21035,0.24084
sim1_base,task003_nosolution,6,3.00000,9.00000,1.00000,both,1,,,,,,,,,,,,,,,,,0.00000,0.00000,0.00000,0.00000,0.00000,0.00000
sim1_base,task003_nosolution,6,3.00000,9.00000,1.00000,both,2,,,,,,,,,,,,,,,,,-0.35246,-0.37117,-0.33339,-0.22567,-0.24084,-0.21035
sim1_base,task003_nosolution,6,3.00000,9.00000,1.00000,false,2,-0.12679,-0.14759,-0.10533,0.00000,0.45138,0.57817,0.00000,134.12700,0.51390,-0.02269,0.68000,0.58700,2.00000,0.44600,0.54000,0.47100,,,,,,
sim1_base,task003_nosolution,6,3.00000,9.00000,1.00000,truth,0,0.57812,0.54988,0.60400,0.00000,0.99996,0.42183,0.00000,16.69500,0.06397,0.83109,1.00000,0.47500,3.00000,0.99900,0.00000,0.30400,,,,,,
sim1_base,task003_nosolution,6,6.00000,1.00000,0.75000,both,0,,,,,,,,,,,,,,,,,0.13410,0.10654,0.16272,0.48719,0.48571,0.48856
sim1_base,task003_nosolution,6,6.00000,1.00000,0.75000,both,1,,,,,,,,,,,,,,,,,0.00690,0.00577,0.00806,0.00694,0.00579,0.00798
sim1_base,task003_nosolution,6,6.00000,1.00000,0.75000,both,2,,,,,,,,,,,,,,,,,-0.14100,-0.16965,-0.11304,-0.49413,-0.49513,-0.49302
sim1_base,task003_nosolution,6,6.00000,1.00000,0.75000,false,2,0.35312,0.32408,0.38068,-0.00004,0.99821,0.64508,0.00142,1.06300,0.03666,7.97272,1.00000,0.66500,2.00000,0.96300,0.00000,0.63000,,,,,,
sim1_base,task003_nosolution,6,6.00000,1.00000,0.75000,truth,0,0.62129,0.59437,0.65001,0.01383,0.97475,0.35346,0.01529,2.50200,0.08628,5.95963,0.99900,0.42900,2.00000,0.65300,0.00000,0.28000,,,,,,
sim1_base,task003_nosolution,6,6.00000,1.00000,1.00000,both,0,,,,,,,,,,,,,,,,,0.05438,0.02915,0.08025,0.47179,0.46377,0.47856
sim1_base,task003_nosolution,6,6.00000,1.00000,1.00000,both,1,,,,,,,,,,,,,,,,,0.00000,0.00000,0.00000,0.00000,0.00000,0.00000
sim1_base,task003_nosolution,6,6.00000,1.00000,1.00000,both,2,,,,,,,,,,,,,,,,,-0.05438,-0.08025,-0.02915,-0.47179,-0.47856,-0.46377
sim1_base,task003_nosolution,6,6.00000,1.00000,1.00000,false,2,0.41742,0.39054,0.44301,0.00000,0.99558,0.57817,0.00000,1.38600,0.04779,7.22799,0.99600,0.58700,2.00000,0.99500,0.00400,0.47100,,,,,,
sim1_base,task003_nosolution,6,6.00000,1.00000,1.00000,truth,0,0.52617,0.49796,0.55263,0.00000,0.94800,0.42183,0.00000,3.13700,0.10817,4.02550,0.94800,0.47500,2.00000,0.94400,0.05100,0.30400,,,,,,
sim1_base,task003_nosolution,6,6.00000,2.00000,0.75000,both,0,,,,,,,,,,,,,,,,,0.13646,0.10839,0.16559,0.48963,0.48842,0.49079
sim1_base,task003_nosolution,6,6.00000,2.00000,0.75000,both,1,,,,,,,,,,,,,,,,,0.00506,0.00406,0.00610,0.00615,0.00527,0.00710
sim1_base,task003_nosolution,6,6.00000,2.00000,0.75000,both,2,,,,,,,,,,,,,,,,,-0.14152,-0.17048,-0.11312,-0.49577,-0.49650,-0.49502
sim1_base,task003_nosolution,6,6.00000,2.00000,0.75000,false,2,0.35425,0.32487,0.38284,-0.00108,0.99933,0.64508,0.00038,1.53600,0.02648,5.53516,1.00000,0.66500,2.00000,0.98400,0.00000,0.63000,,,,,,
sim1_base,task003_nosolution,6,6.00000,2.00000,0.75000,truth,0,0.62608,0.59808,0.65571,0.01121,0.97954,0.35346,0.01267,3.37800,0.05824,4.44819,1.00000,0.42900,2.00000,0.70100,0.00000,0.28000,,,,,,
sim1_base,task003_nosolution,6,6.00000,2.00000,1.00000,both,0,,,,,,,,,,,,,,,,,0.07979,0.05224,0.10590,0.49812,0.49648,0.49935
sim1_base,task003_nosolution,6,6.00000,2.00000,1.00000,both,1,,,,,,,,,,,,,,,,,0.00000,0.00000,0.00000,0.00000,0.00000,0.00000
sim1_base,task003_nosolution,6,6.00000,2.00000,1.00000,both,2,,,,,,,,,,,,,,,,,-0.07979,-0.10590,-0.05224,-0.49812,-0.49935,-0.49648
sim1_base,task003_nosolution,6,6.00000,2.00000,1.00000,false,2,0.41833,0.39263,0.44625,0.00000,0.99650,0.57817,0.00000,1.80000,0.03103,5.57778,1.00000,0.58700,2.00000,0.99300,0.00000,0.47100,,,,,,
sim1_base,task003_nosolution,6,6.00000,2.00000,1.00000,truth,0,0.57792,0.55061,0.60439,0.00000,0.99975,0.42183,0.00000,2.21200,0.03814,6.27034,1.00000,0.47500,2.00000,0.99600,0.00000,0.30400,,,,,,
sim1_base,task003_nosolution,6,6.00000,3.00000,0.75000,both,0,,,,,,,,,,,,,,,,,0.13704,0.10916,0.16519,0.49008,0.48877,0.49119
sim1_base,task003_nosolution,6,6.00000,3.00000,0.75000,both,1,,,,,,,,,,,,,,,,,0.00567,0.00462,0.00677,0.00658,0.00569,0.00763
sim1_base,task003_nosolution,6,6.00000,3.00000,0.75000,both,2,,,,,,,,,,,,,,,,,-0.14271,-0.17140,-0.11449,-0.49667,-0.49729,-0.49600
sim1_base,task003_nosolution,6,6.00000,3.00000,0.75000,false,2,0.35396,0.32544,0.38209,-0.00092,0.99904,0.64508,0.00054,2.76300,0.03176,3.07456,1.00000,0.66500,2.00000,0.97900,0.00000,0.63000,,,,,,
sim1_base,task003_nosolution,6,6.00000,3.00000,0.75000,truth,0,0.62713,0.59898,0.65506,0.01225,0.98058,0.35346,0.01371,5.03700,0.05790,2.98809,1.00000,0.42900,2.00000,0.71400,0.00000,0.28000,,,,,,
sim1_base,task003_nosolution,6,6.00000,3.00000,1.00000,both,0,,,,,,,,,,,,,,,,,0.09067,0.06466,0.11577,0.48725,0.48375,0.49046
sim1_base,task003_nosolution,6,6.00000,3.00000,1.00000,both,1,,,,,,,,,,,,,,,,,0.00000,0.00000,0.00000,0.00000,0.00000,0.00000
sim1_base,task003_nosolution,6,6.00000,3.00000,1.00000,both,2,,,,,,,,,,,,,,,,,-0.09067,-0.11577,-0.06466,-0.48725,-0.49046,-0.48375
sim1_base,task003_nosolution,6,6.00000,3.00000,1.00000,false,2,0.39658,0.37162,0.42172,0.00000,0.97475,0.57817,0.00000,5.79000,0.06655,1.64387,0.98800,0.58700,2.00000,0.94700,0.00000,0.47100,,,,,,
sim1_base,task003_nosolution,6,6.00000,3.00000,1.00000,truth,0,0.57792,0.55069,0.60313,0.00000,0.99975,0.42183,0.00000,3.15300,0.03624,4.39899,1.00000,0.47500,2.00000,0.99600,0.00000,0.30400,,,,,,
sim1_base,task003_nosolution,6,6.00000,6.00000,0.75000,both,0,,,,,,,,,,,,,,,,,0.13508,0.10550,0.16130,0.48821,0.48663,0.48969
sim1_base,task003_nosolution,6,6.00000,6.00000,0.75000,both,1,,,,,,,,,,,,,,,,,0.00642,0.00521,0.00760,0.00729,0.00612,0.00842
sim1_base,task003_nosolution,6,6.00000,6.00000,0.75000,both,2,,,,,,,,,,,,,,,,,-0.14150,-0.16846,-0.11192,-0.49550,-0.49646,-0.49444
sim1_base,task003_nosolution,6,6.00000,6.00000,0.75000,false,2,0.35400,0.32670,0.38326,-0.00088,0.99908,0.64508,0.00058,5.80800,0.03338,1.46281,1.00000,0.66500,2.00000,0.97800,0.00000,0.63000,,,,,,
sim1_base,task003_nosolution,6,6.00000,6.00000,0.75000,truth,0,0.62329,0.59428,0.64938,0.01371,0.97675,0.35346,0.01517,11.20200,0.06438,1.33539,1.00000,0.42900,2.00000,0.69500,0.00000,0.28000,,,,,,
sim1_base,task003_nosolution,6,6.00000,6.00000,1.00000,both,0,,,,,,,,,,,,,,,,,0.12579,0.10012,0.15071,0.45208,0.44550,0.45821
sim1_base,task003_nosolution,6,6.00000,6.00000,1.00000,both,1,,,,,,,,,,,,,,,,,0.00000,0.00000,0.00000,0.00000,0.00000,0.00000
sim1_base,task003_nosolution,6,6.00000,6.00000,1.00000,both,2,,,,,,,,,,,,,,,,,-0.12579,-0.15071,-0.10012,-0.45208,-0.45821,-0.44550
sim1_base,task003_nosolution,6,6.00000,6.00000,1.00000,false,2,0.32629,0.30204,0.35139,0.00000,0.90446,0.57817,0.00000,27.15600,0.15607,0.28837,0.96600,0.58700,2.00000,0.80600,0.00000,0.47100,,,,,,
sim1_base,task003_nosolution,6,6.00000,6.00000,1.00000,truth,0,0.57787,0.54925,0.60484,0.00000,0.99971,0.42183,0.00000,7.36200,0.04231,1.88386,1.00000,0.47500,2.00000,0.99500,0.00000,0.30400,,,,,,
sim1_base,task003_nosolution,6,6.00000,9.00000,0.75000,both,0,,,,,,,,,,,,,,,,,0.22598,0.20008,0.25308,0.37719,0.36600,0.38796
sim1_base,task003_nosolution,6,6.00000,9.00000,0.75000,both,1,,,,,,,,,,,,,,,,,0.00844,0.00727,0.00977,0.00723,0.00602,0.00848
sim1_base,task003_nosolution,6,6.00000,9.00000,0.75000,both,2,,,,,,,,,,,,,,,,,-0.23442,-0.26078,-0.20817,-0.38442,-0.39519,-0.37335
sim1_base,task003_nosolution,6,6.00000,9.00000,0.75000,false,2,0.15000,0.12095,0.17897,0.00121,0.79508,0.64508,0.00267,75.45600,0.28910,0.04771,0.85200,0.66500,2.00000,0.71000,0.00700,0.63000,,,,,,
sim1_base,task003_nosolution,6,6.00000,9.00000,0.75000,truth,0,0.60317,0.57504,0.63021,0.01567,0.95662,0.35346,0.01713,29.66400,0.11366,0.48800,0.99600,0.42900,3.00000,0.59200,0.00000,0.28000,,,,,,
sim1_base,task003_nosolution,6,6.00000,9.00000,1.00000,both,0,,,,,,,,,,,,,,,,,0.33960,0.32120,0.35742,0.23831,0.22320,0.25396
sim1_base,task003_nosolution,6,6.00000,9.00000,1.00000,both,1,,,,,,,,,,,,,,,,,0.00000,0.00000,0.00000,0.00000,0.00000,0.00000
sim1_base,task003_nosolution,6,6.00000,9.00000,1.00000,both,2,,,,,,,,,,,,,,,,,-0.33960,-0.35742,-0.32120,-0.23831,-0.25396,-0.22320
sim1_base,task003_nosolution,6,6.00000,9.00000,1.00000,false,2,-0.10129,-0.12201,-0.08133,0.00000,0.47687,0.57817,0.00000,129.03300,0.49438,-0.01884,0.64400,0.58700,2.00000,0.46900,0.51200,0.47100,,,,,,
sim1_base,task003_nosolution,6,6.00000,9.00000,1.00000,truth,0,0.57792,0.55029,0.60501,0.00000,0.99975,0.42183,0.00000,14.60700,0.05597,0.94954,1.00000,0.47500,3.00000,0.99600,0.00000,0.30400,,,,,,
sim1_base,task003_nosolution,6,12.00000,1.00000,0.75000,both,0,,,,,,,,,,,,,,,,,0.13483,0.10677,0.16185,0.48783,0.48648,0.48921
sim1_base,task003_nosolution,6,12.00000,1.00000,0.75000,both,1,,,,,,,,,,,,,,,,,0.00602,0.00498,0.00708,0.00623,0.00519,0.00721
sim1_base,task003_nosolution,6,12.00000,1.00000,0.75000,both,2,,,,,,,,,,,,,,,,,-0.14085,-0.16844,-0.11250,-0.49406,-0.49494,-0.49313
sim1_base,task003_nosolution,6,12.00000,1.00000,0.75000,false,2,0.35321,0.32542,0.38155,-0.00021,0.99829,0.64508,0.00125,0.95800,0.03303,8.84864,1.00000,0.66500,2.00000,0.96500,0.00000,0.63000,,,,,,
sim1_base,task003_nosolution,6,12.00000,1.00000,0.75000,truth,0,0.62267,0.59520,0.64950,0.01225,0.97613,0.35346,0.01371,1.89800,0.06545,7.87355,1.00000,0.42900,2.00000,0.65400,0.00000,0.28000,,,,,,
sim1_base,task003_nosolution,6,12.00000,1.00000,1.00000,both,0,,,,,,,,,,,,,,,,,0.05721,0.03231,0.08463,0.47604,0.46904,0.48254
sim1_base,task003_nosolution,6,12.00000,1.00000,1.00000,both,1,,,,,,,,,,,,,,,,,0.00000,0.00000,0.00000,0.00000,0.00000,0.00000
sim1_base,task003_nosolution,6,12.00000,1.00000,1.00000,both,2,,,,,,,,,,,,,,,,,-0.05721,-0.08463,-0.03231,-0.47604,-0.48254,-0.46904
sim1_base,task003_nosolution,6,12.00000,1.00000,1.00000,false,2,0.41883,0.39066,0.44404,0.00000,0.99700,0.57817,0.00000,1.21000,0.04172,8.30744,0.99700,0.58700,2.00000,0.99700,0.00300,0.47100,,,,,,
sim1_base,task003_nosolution,6,12.00000,1.00000,1.00000,truth,0,0.53325,0.50687,0.56142,0.00000,0.95508,0.42183,0.00000,2.67500,0.09224,4.78430,0.95600,0.47500,2.00000,0.94900,0.04400,0.30400,,,,,,
sim1_base,task003_nosolution,6,12.00000,2.00000,0.75000,both,0,,,,,,,,,,,,,,,,,0.13235,0.10185,0.16141,0.48540,0.48377,0.48700
sim1_base,task003_nosolution,6,12.00000,2.00000,0.75000,both,1,,,,,,,,,,,,,,,,,0.00906,0.00760,0.01048,0.01010,0.00869,0.01148
sim1_base,task003_nosolution,6,12.00000,2.00000,0.75000,both,2,,,,,,,,,,,,,,,,,-0.14142,-0.17071,-0.11075,-0.49550,-0.49623,-0.49479
sim1_base,task003_nosolution,6,12.00000,2.00000,0.75000,false,2,0.35408,0.32479,0.38472,-0.00104,0.99917,0.64508,0.00042,1.34200,0.02314,6.33234,1.00000,0.66500,2.00000,0.98100,0.00000,0.63000,,,,,,
sim1_base,task003_nosolution,6,12.00000,2.00000,0.75000,truth,0,0.61775,0.58733,0.64722,0.01917,0.97121,0.35346,0.02063,2.72400,0.04697,5.44273,1.00000,0.42900,2.00000,0.65000,0.00000,0.28000,,,,,,
sim1_base,task003_nosolution,6,12.00000,2.00000,1.00000,both,0,,,,,,,,,,,,,,,,,0.07963,0.05133,0.10736,0.49758,0.49588,0.49896
sim1_base,task003_nosolution,6,12.00000,2.00000,1.00000,both,1,,,,,,,,,,,,,,,,,0.00000,0.00000,0.00000,0.00000,0.00000,0.00000
sim1_base,task003_nosolution,6,12.00000,2.00000,1.00000,both,2,,,,,,,,,,,,,,,,,-0.07963,-0.10736,-0.05133,-0.49758,-0.49896,-0.49588
sim1_base,task003_nosolution,6,12.00000,2.00000,1.00000,false,2,0.41796,0.39079,0.44642,0.00000,0.99613,0.57817,0.00000,1.60400,0.02766,6.25374,1.00000,0.58700,2.00000,0.99300,0.00000,0.47100,,,,,,
sim1_base,task003_nosolution,6,12.00000,2.00000,1.00000,truth,0,0.57721,0.54907,0.60522,0.00000,0.99904,0.42183,0.00000,2.08200,0.03590,6.65370,1.00000,0.47500,2.00000,0.99200,0.00000,0.30400,,,,,,
sim1_base,task003_nosolution,6,12.00000,3.00000,0.75000,both,0,,,,,,,,,,,,,,,,,0.13215,0.10436,0.16225,0.48523,0.48331,0.48681
sim1_base,task003_nosolution,6,12.00000,3.00000,0.75000,both,1,,,,,,,,,,,,,,,,,0.00929,0.00800,0.01058,0.00975,0.00848,0.01100
sim1_base,task003_nosolution,6,12.00000,3.00000,0.75000,both,2,,,,,,,,,,,,,,,,,-0.14144,-0.17198,-0.11314,-0.49498,-0.49604,-0.49362
sim1_base,task003_nosolution,6,12.00000,3.00000,0.75000,false,2,0.35354,0.32287,0.38217,-0.00046,0.99862,0.64508,0.00100,2.27700,0.02617,3.72639,1.00000,0.66500,2.00000,0.97100,0.00000,0.63000,,,,,,
sim1_base,task003_nosolution,6,12.00000,3.00000,0.75000,truth,0,0.61737,0.58962,0.64670,0.01904,0.97083,0.35346,0.02050,4.20300,0.04831,3.52534,1.00000,0.42900,2.00000,0.63200,0.00000,0.28000,,,,,,
sim1_base,task003_nosolution,6,12.00000,3.00000,1.00000,both,0,,,,,,,,,,,,,,,,,0.08837,0.05958,0.11362,0.48900,0.48587,0.49202
sim1_base,task003_nosolution,6,12.00000,3.00000,1.00000,both,1,,,,,,,,,,,,,,,,,0.00000,0.00000,0.00000,0.00000,0.00000,0.00000
sim1_base,task003_nosolution,6,12.00000,3.00000,1.00000,both,2,,,,,,,,,,,,,,,,,-0.08837,-0.11362,-0.05958,-0.48900,-0.49202,-0.48587
sim1_base,task003_nosolution,6,12.00000,3.00000,1.00000,false,2,0.40063,0.37532,0.42963,0.00000,0.97879,0.57817,0.00000,4.93500,0.05672,1.94833,0.99200,0.58700,2.00000,0.95700,0.00000,0.47100,,,,,,
sim1_base,task003_nosolution,6,12.00000,3.00000,1.00000,truth,0,0.57737,0.54837,0.60313,0.00000,0.99921,0.42183,0.00000,2.99400,0.03441,4.62826,1.00000,0.47500,2.00000,0.99400,0.00000,0.30400,,,,,,
sim1_base,task003_nosolution,6,12.00000,6.00000,0.75000,both,0,,,,,,,,,,,,,,,,,0.13006,0.10333,0.15675,0.48181,0.47927,0.48410
sim1_base,task003_nosolution,6,12.00000,6.00000,0.75000,both,1,,,,,,,,,,,,,,,,,0.00985,0.00837,0.01142,0.01085,0.00946,0.01238
sim1_base,task003_nosolution,6,12.00000,6.00000,0.75000,both,2,,,,,,,,,,,,,,,,,-0.13992,-0.16688,-0.11254,-0.49267,-0.49446,-0.49056
sim1_base,task003_nosolution,6,12.00000,6.00000,0.75000,false,2,0.35275,0.32599,0.38017,-0.00100,0.99783,0.64508,0.00046,5.57400,0.03203,1.51884,0.99900,0.66500,2.00000,0.98100,0.00000,0.63000,,,,,,
sim1_base,task003_nosolution,6,12.00000,6.00000,0.75000,truth,0,0.61188,0.58558,0.63852,0.02071,0.96533,0.35346,0.02217,10.72800,0.06166,1.36885,1.00000,0.42900,2.00000,0.61700,0.00000,0.28000,,,,,,
sim1_base,task003_nosolution,6,12.00000,6.00000,1.00000,both,0,,,,,,,,,,,,,,,,,0.10971,0.08310,0.13563,0.46750,0.46231,0.47304
sim1_base,task003_nosolution,6,12.00000,6.00000,1.00000,both,1,,,,,,,,,,,,,,,,,0.00000,0.00000,0.00000,0.00000,0.00000,0.00000
sim1_base,task003_nosolution,6,12.00000,6.00000,1.00000,both,2,,,,,,,,,,,,,,,,,-0.10971,-0.13563,-0.08310,-0.46750,-0.47304,-0.46231
sim1_base,task003_nosolution,6,12.00000,6.00000,1.00000,false,2,0.35779,0.33379,0.38413,0.00000,0.93596,0.57817,0.00000,20.99400,0.12066,0.40902,0.97300,0.58700,2.00000,0.86700,0.00000,0.47100,,,,,,
sim1_base,task003_nosolution,6,12.00000,6.00000,1.00000,truth,0,0.57721,0.54903,0.60517,0.00000,0.99904,0.42183,0.00000,7.23000,0.04155,1.91604,1.00000,0.47500,2.00000,0.99300,0.00000,0.30400,,,,,,
sim1_base,task003_nosolution,6,12.00000,9.00000,0.75000,both,0,,,,,,,,,,,,,,,,,0.21231,0.18600,0.23865,0.39460,0.38431,0.40471
sim1_base,task003_nosolution,6,12.00000,9.00000,0.75000,both,1,,,,,,,,,,,,,,,,,0.01131,0.00981,0.01285,0.01002,0.00856,0.01156
sim1_base,task003_nosolution,6,12.00000,9.00000,0.75000,both,2,,,,,,,,,,,,,,,,,-0.22362,-0.25052,-0.19704,-0.40463,-0.41481,-0.39391
sim1_base,task003_nosolution,6,12.00000,9.00000,0.75000,false,2,0.18100,0.15133,0.21014,0.00129,0.82608,0.64508,0.00275,67.52700,0.25872,0.06433,0.85200,0.66500,2.00000,0.75500,0.00800,0.63000,,,,,,
sim1_base,task003_nosolution,6,12.00000,9.00000,0.75000,truth,0,0.60692,0.57878,0.63504,0.02133,0.96037,0.35346,0.02279,23.33700,0.08941,0.62416,0.99800,0.42900,3.00000,0.58200,0.00000,0.28000,,,,,,
sim1_base,task003_nosolution,6,12.00000,9.00000,1.00000,both,0,,,,,,,,,,,,,,,,,0.30610,0.28735,0.32561,0.27119,0.25604,0.28609
sim1_base,task003_nosolution,6,12.00000,9.00000,1.00000,both,1,,,,,,,,,,,,,,,,,0.00000,0.00000,0.00000,0.00000,0.00000,0.00000
sim1_base,task003_nosolution,6,12.00000,9.00000,1.00000,both,2,,,,,,,,,,,,,,,,,-0.30610,-0.32561,-0.28735,-0.27119,-0.28609,-0.25604
sim1_base,task003_nosolution,6,12.00000,9.00000,1.00000,false,2,-0.03492,-0.05576,-0.01253,0.00000,0.54325,0.57817,0.00000,117.90900,0.45176,-0.00711,0.65900,0.58700,2.00000,0.52100,0.42800,0.47100,,,,,,
sim1_base,task003_nosolution,6,12.00000,9.00000,1.00000,truth,0,0.57729,0.55174,0.60396,0.00000,0.99913,0.42183,0.00000,13.33800,0.05110,1.03876,1.00000,0.47500,3.00000,0.99200,0.00000,0.30400,,,,,,
sim1_base,task003_nosolution,6,24.00000,1.00000,0.75000,both,0,,,,,,,,,,,,,,,,,0.13190,0.10206,0.16050,0.48394,0.48210,0.48569
sim1_base,task003_nosolution,6,24.00000,1.00000,0.75000,both,1,,,,,,,,,,,,,,,,,0.00802,0.00677,0.00931,0.00852,0.00731,0.00983
sim1_base,task003_nosolution,6,24.00000,1.00000,0.75000,both,2,,,,,,,,,,,,,,,,,-0.13992,-0.16965,-0.10981,-0.49246,-0.49367,-0.49106
sim1_base,task003_nosolution,6,24.00000,1.00000,0.75000,false,2,0.35254,0.32283,0.38225,-0.00050,0.99762,0.64508,0.00096,1.08400,0.03738,7.80535,1.00000,0.66500,2.00000,0.97000,0.00000,0.63000,,,,,,
sim1_base,task003_nosolution,6,24.00000,1.00000,0.75000,truth,0,0.61583,0.58675,0.64450,0.01654,0.96929,0.35346,0.01800,2.13900,0.07376,6.90977,1.00000,0.42900,2.00000,0.61300,0.00000,0.28000,,,,,,
sim1_base,task003_nosolution,6,24.00000,1.00000,1.00000,both,0,,,,,,,,,,,,,,,,,0.05817,0.03287,0.08380,0.47767,0.47148,0.48402
sim1_base,task003_nosolution,6,24.00000,1.00000,1.00000,both,1,,,,,,,,,,,,,,,,,0.00000,0.00000,0.00000,0.00000,0.00000,0.00000
sim1_base,task003_nosolution,6,24.00000,1.00000,1.00000,both,2,,,,,,,,,,,,,,,,,-0.05817,-0.08380,-0.03287,-0.47767,-0.48402,-0.47148
sim1_base,task003_nosolution,6,24.00000,1.00000,1.00000,false,2,0.41950,0.39416,0.44455,0.00000,0.99767,0.57817,0.00000,1.21300,0.04183,8.30008,0.99800,0.58700,2.00000,0.99700,0.00200,0.47100,,,,,,
sim1_base,task003_nosolution,6,24.00000,1.00000,1.00000,truth,0,0.53583,0.50908,0.56288,0.00000,0.95767,0.42183,0.00000,2.65300,0.09148,4.84734,0.95900,0.47500,2.00000,0.95000,0.04100,0.30400,,,,,,
sim1_base,task003_nosolution,6,24.00000,2.00000,0.75000,both,0,,,,,,,,,,,,,,,,,0.12790,0.09816,0.15398,0.48069,0.47892,0.48244
sim1_base,task003_nosolution,6,24.00000,2.00000,0.75000,both,1,,,,,,,,,,,,,,,,,0.01154,0.01010,0.01298,0.01254,0.01113,0.01400
sim1_base,task003_nosolution,6,24.00000,2.00000,0.75000,both,2,,,,,,,,,,,,,,,,,-0.13944,-0.16556,-0.10942,-0.49323,-0.49423,-0.49212
sim1_base,task003_nosolution,6,24.00000,2.00000,0.75000,false,2,0.35379,0.32708,0.38400,-0.00100,0.99887,0.64508,0.00046,1.35800,0.02341,6.25258,1.00000,0.66500,2.00000,0.97500,0.00000,0.63000,,,,,,
sim1_base,task003_nosolution,6,24.00000,2.00000,0.75000,truth,0,0.60858,0.57912,0.63417,0.02408,0.96204,0.35346,0.02554,3.44600,0.05941,4.23854,1.00000,0.42900,2.00000,0.55100,0.00000,0.28000,,,,,,
sim1_base,task003_nosolution,6,24.00000,2.00000,1.00000,both,0,,,,,,,,,,,,,,,,,0.07827,0.05149,0.10475,0.49856,0.49735,0.49950
sim1_base,task003_nosolution,6,24.00000,2.00000,1.00000,both,1,,,,,,,,,,,,,,,,,0.00002,0.00000,0.00006,0.00002,0.00000,0.00006
sim1_base,task003_nosolution,6,24.00000,2.00000,1.00000,both,2,,,,,,,,,,,,,,,,,-0.07829,-0.10477,-0.05150,-0.49858,-0.49954,-0.49738
sim1_base,task003_nosolution,6,24.00000,2.00000,1.00000,false,2,0.42029,0.39379,0.44709,0.00000,0.99846,0.57817,0.00000,1.52000,0.02621,6.63618,1.00000,0.58700,2.00000,0.99700,0.00000,0.47100,,,,,,
sim1_base,task003_nosolution,6,24.00000,2.00000,1.00000,truth,0,0.57683,0.55053,0.60338,0.00004,0.99867,0.42183,0.00004,2.49000,0.04293,5.55984,1.00000,0.47500,2.00000,0.99100,0.00000,0.30400,,,,,,
sim1_base,task003_nosolution,6,24.00000,3.00000,0.75000,both,0,,,,,,,,,,,,,,,,,0.12329,0.09408,0.14993,0.47642,0.47421,0.47867
sim1_base,task003_nosolution,6,24.00000,3.00000,0.75000,both,1,,,,,,,,,,,,,,,,,0.01194,0.01048,0.01333,0.01256,0.01119,0.01392
sim1_base,task003_nosolution,6,24.00000,3.00000,0.75000,both,2,,,,,,,,,,,,,,,,,-0.13523,-0.16206,-0.10497,-0.48898,-0.49060,-0.48727
sim1_base,task003_nosolution,6,24.00000,3.00000,0.75000,false,2,0.35375,0.32716,0.38404,-0.00062,0.99883,0.64508,0.00083,2.28000,0.02621,3.72368,1.00000,0.66500,2.00000,0.97300,0.00000,0.63000,,,,,,
sim1_base,task003_nosolution,6,24.00000,3.00000,0.75000,truth,0,0.59971,0.57112,0.62688,0.02450,0.95317,0.35346,0.02596,6.20400,0.07131,2.31995,1.00000,0.42900,2.00000,0.52100,0.00000,0.28000,,,,,,
sim1_base,task003_nosolution,6,24.00000,3.00000,1.00000,both,0,,,,,,,,,,,,,,,,,0.07860,0.05364,0.10740,0.49819,0.49704,0.49927
sim1_base,task003_nosolution,6,24.00000,3.00000,1.00000,both,1,,,,,,,,,,,,,,,,,0.00002,0.00000,0.00006,0.00002,0.00000,0.00006
sim1_base,task003_nosolution,6,24.00000,3.00000,1.00000,both,2,,,,,,,,,,,,,,,,,-0.07863,-0.10742,-0.05370,-0.49821,-0.49929,-0.49706
sim1_base,task003_nosolution,6,24.00000,3.00000,1.00000,false,2,0.41958,0.39120,0.44396,0.00000,0.99775,0.57817,0.00000,2.70300,0.03107,3.72549,1.00000,0.58700,2.00000,0.99500,0.00000,0.47100,,,,,,
sim1_base,task003_nosolution,6,24.00000,3.00000,1.00000,truth,0,0.57679,0.55170,0.60539,0.00004,0.99862,0.42183,0.00004,3.60300,0.04141,3.84208,1.00000,0.47500,2.00000,0.99000,0.00000,0.30400,,,,,,
sim1_base,task003_nosolution,6,24.00000,6.00000,0.75000,both,0,,,,,,,,,,,,,,,,,0.12177,0.09148,0.15142,0.47456,0.47204,0.47688
sim1_base,task003_nosolution,6,24.00000,6.00000,0.75000,both,1,,,,,,,,,,,,,,,,,0.01263,0.01115,0.01425,0.01346,0.01202,0.01498
sim1_base,task003_nosolution,6,24.00000,6.00000,0.75000,both,2,,,,,,,,,,,,,,,,,-0.13440,-0.16415,-0.10318,-0.48802,-0.48988,-0.48592
sim1_base,task003_nosolution,6,24.00000,6.00000,0.75000,false,2,0.35362,0.32371,0.38479,-0.00083,0.99871,0.64508,0.00063,5.40000,0.03103,1.57167,1.00000,0.66500,2.00000,0.98000,0.00000,0.63000,,,,,,
sim1_base,task003_nosolution,6,24.00000,6.00000,0.75000,truth,0,0.59633,0.56729,0.62600,0.02608,0.94979,0.35346,0.02754,17.17200,0.09869,0.83345,0.99700,0.42900,3.00000,0.51100,0.00000,0.28000,,,,,,
sim1_base,task003_nosolution,6,24.00000,6.00000,1.00000,both,0,,,,,,,,,,,,,,,,,0.09198,0.06788,0.11821,0.48490,0.48146,0.48844
sim1_base,task003_nosolution,6,24.00000,6.00000,1.00000,both,1,,,,,,,,,,,,,,,,,0.00000,0.00000,0.00000,0.00000,0.00000,0.00000
sim1_base,task003_nosolution,6,24.00000,6.00000,1.00000,both,2,,,,,,,,,,,,,,,,,-0.09198,-0.11821,-0.06788,-0.48490,-0.48844,-0.48146
sim1_base,task003_nosolution,6,24.00000,6.00000,1.00000,false,2,0.39292,0.36712,0.41688,0.00000,0.97108,0.57817,0.00000,13.24800,0.07614,0.71181,0.98600,0.58700,2.00000,0.94000,0.00000,0.47100,,,,,,
sim1_base,task003_nosolution,6,24.00000,6.00000,1.00000,truth,0,0.57687,0.55187,0.60392,0.00000,0.99871,0.42183,0.00000,8.56200,0.04921,1.61703,1.00000,0.47500,2.00000,0.99200,0.00000,0.30400,,,,,,
sim1_base,task003_nosolution,6,24.00000,9.00000,0.75000,both,0,,,,,,,,,,,,,,,,,0.17652,0.14885,0.20281,0.43060,0.42233,0.43792
sim1_base,task003_nosolution,6,24.00000,9.00000,0.75000,both,1,,,,,,,,,,,,,,,,,0.01121,0.00985,0.01271,0.00921,0.00787,0.01063
sim1_base,task003_nosolution,6,24.00000,9.00000,0.75000,both,2,,,,,,,,,,,,,,,,,-0.18773,-0.21427,-0.15987,-0.43981,-0.44727,-0.43115
sim1_base,task003_nosolution,6,24.00000,9.00000,0.75000,false,2,0.25208,0.22437,0.28047,0.00200,0.89717,0.64508,0.00346,57.69900,0.22107,0.10485,0.90400,0.66500,2.00000,0.82100,0.00400,0.63000,,,,,,
sim1_base,task003_nosolution,6,24.00000,9.00000,0.75000,truth,0,0.60713,0.57844,0.63342,0.02042,0.96058,0.35346,0.02187,22.75200,0.08717,0.64043,0.99800,0.42900,3.00000,0.57200,0.00000,0.28000,,,,,,
sim1_base,task003_nosolution,6,24.00000,9.00000,1.00000,both,0,,,,,,,,,,,,,,,,,0.19656,0.17469,0.21894,0.38023,0.36808,0.39133
sim1_base,task003_nosolution,6,24.00000,9.00000,1.00000,both,1,,,,,,,,,,,,,,,,,0.00004,0.00000,0.00010,0.00004,0.00000,0.00010
sim1_base,task003_nosolution,6,24.00000,9.00000,1.00000,both,2,,,,,,,,,,,,,,,,,-0.19660,-0.21902,-0.17473,-0.38027,-0.39136,-0.36815
sim1_base,task003_nosolution,6,24.00000,9.00000,1.00000,false,2,0.18367,0.15854,0.20721,0.00000,0.76183,0.57817,0.00000,86.17500,0.33017,0.05115,0.76800,0.58700,2.00000,0.69100,0.16600,0.47100,,,,,,
sim1_base,task003_nosolution,6,24.00000,9.00000,1.00000,truth,0,0.57679,0.54925,0.60404,0.00008,0.99862,0.42183,0.00008,14.33700,0.05493,0.96554,1.00000,0.47500,3.00000,0.99000,0.00000,0.30400,,,,,,
sim1_base,task003_nosolution,12,3.00000,1.00000,0.75000,both,0,,,,,,,,,,,,,,,,,0.06729,0.03675,0.09492,0.45992,0.45277,0.46606
sim1_base,task003_nosolution,12,3.00000,1.00000,0.75000,both,1,,,,,,,,,,,,,,,,,0.00181,-0.00119,0.00417,0.00473,0.00387,0.00556
sim1_base,task003_nosolution,12,3.00000,1.00000,0.75000,both,2,,,,,,,,,,,,,,,,,-0.06910,-0.09626,-0.03848,-0.46465,-0.47079,-0.45744
sim1_base,task003_nosolution,12,3.00000,1.00000,0.75000,false,2,0.39554,0.36895,0.42538,-0.00292,0.95846,0.56292,0.00075,3.35400,0.11566,2.83035,0.96200,0.57400,2.00000,0.92400,0.00600,0.54300,,,,,,
sim1_base,task003_nosolution,12,3.00000,1.00000,0.75000,truth,0,0.52721,0.49487,0.55618,0.00654,0.96062,0.43342,0.01021,4.43600,0.15297,2.85234,0.98000,0.47600,2.00000,0.73600,0.00200,0.35300,,,,,,
sim1_base,task003_nosolution,12,3.00000,1.00000,1.00000,both,0,,,,,,,,,,,,,,,,,-0.01692,-0.04190,0.00635,0.39433,0.38201,0.40767
sim1_base,task003_nosolution,12,3.00000,1.00000,1.00000,both,1,,,,,,,,,,,,,,,,,-0.00200,-0.00500,0.00000,0.00000,0.00000,0.00000
sim1_base,task003_nosolution,12,3.00000,1.00000,1.00000,both,2,,,,,,,,,,,,,,,,,0.01892,-0.00439,0.04398,-0.39433,-0.40767,-0.38201
sim1_base,task003_nosolution,12,3.00000,1.00000,1.00000,false,2,0.41325,0.38529,0.44289,-0.00200,0.94071,0.52746,0.00000,3.66400,0.12634,2.70688,0.94000,0.52800,2.00000,0.93900,0.05800,0.47100,,,,,,
sim1_base,task003_nosolution,12,3.00000,1.00000,1.00000,truth,0,0.37742,0.34966,0.40372,-0.00200,0.84796,0.47054,0.00000,5.90400,0.20359,1.53421,0.84800,0.50200,2.00000,0.84700,0.15200,0.41100,,,,,,
sim1_base,task003_nosolution,12,3.00000,2.00000,0.75000,both,0,,,,,,,,,,,,,,,,,0.06683,0.03723,0.09496,0.49042,0.48764,0.49283
sim1_base,task003_nosolution,12,3.00000,2.00000,0.75000,both,1,,,,,,,,,,,,,,,,,-0.00012,-0.00306,0.00219,0.00296,0.00237,0.00354
sim1_base,task003_nosolution,12,3.00000,2.00000,0.75000,both,2,,,,,,,,,,,,,,,,,-0.06671,-0.09557,-0.03746,-0.49338,-0.49581,-0.49054
sim1_base,task003_nosolution,12,3.00000,2.00000,0.75000,false,2,0.42667,0.39816,0.45583,-0.00308,0.98958,0.56292,0.00058,2.63800,0.04548,3.88173,0.99600,0.57400,2.00000,0.97000,0.00000,0.54300,,,,,,
sim1_base,task003_nosolution,12,3.00000,2.00000,0.75000,truth,0,0.55725,0.52782,0.58525,0.00283,0.99067,0.43342,0.00650,3.52600,0.06079,3.79297,1.00000,0.47600,2.00000,0.81900,0.00000,0.35300,,,,,,
sim1_base,task003_nosolution,12,3.00000,2.00000,1.00000,both,0,,,,,,,,,,,,,,,,,0.02946,0.00137,0.05800,0.50000,0.50000,0.50000
sim1_base,task003_nosolution,12,3.00000,2.00000,1.00000,both,1,,,,,,,,,,,,,,,,,-0.00200,-0.00500,0.00000,0.00000,0.00000,0.00000
sim1_base,task003_nosolution,12,3.00000,2.00000,1.00000,both,2,,,,,,,,,,,,,,,,,-0.02746,-0.05518,0.00097,-0.50000,-0.50000,-0.50000
sim1_base,task003_nosolution,12,3.00000,2.00000,1.00000,false,2,0.47254,0.44482,0.50097,-0.00200,1.00000,0.52746,0.00000,1.49000,0.02569,7.61141,1.00000,0.52800,2.00000,1.00000,0.00000,0.47100,,,,,,
sim1_base,task003_nosolution,12,3.00000,2.00000,1.00000,truth,0,0.52946,0.50137,0.55800,-0.00200,1.00000,0.47054,0.00000,1.75000,0.03017,7.26114,1.00000,0.50200,2.00000,1.00000,0.00000,0.41100,,,,,,
sim1_base,task003_nosolution,12,3.00000,3.00000,0.75000,both,0,,,,,,,,,,,,,,,,,0.07192,0.04448,0.10194,0.48588,0.48187,0.48942
sim1_base,task003_nosolution,12,3.00000,3.00000,0.75000,both,1,,,,,,,,,,,,,,,,,-0.00012,-0.00333,0.00223,0.00313,0.00250,0.00377
sim1_base,task003_nosolution,12,3.00000,3.00000,0.75000,both,2,,,,,,,,,,,,,,,,,-0.07179,-0.10187,-0.04453,-0.48900,-0.49240,-0.48508
sim1_base,task003_nosolution,12,3.00000,3.00000,0.75000,false,2,0.41721,0.38831,0.44426,-0.00325,0.98013,0.56292,0.00042,5.86200,0.06738,1.70812,0.99500,0.57400,2.00000,0.95300,0.00100,0.54300,,,,,,
sim1_base,task003_nosolution,12,3.00000,3.00000,0.75000,truth,0,0.55779,0.52965,0.58827,0.00300,0.99121,0.43342,0.00667,4.90200,0.05634,2.73093,1.00000,0.47600,2.00000,0.83400,0.00000,0.35300,,,,,,
sim1_base,task003_nosolution,12,3.00000,3.00000,1.00000,both,0,,,,,,,,,,,,,,,,,0.03440,0.00498,0.06422,0.49506,0.49281,0.49706
sim1_base,task003_nosolution,12,3.00000,3.00000,1.00000,both,1,,,,,,,,,,,,,,,,,-0.00200,-0.00500,0.00000,0.00000,0.00000,0.00000
sim1_base,task003_nosolution,12,3.00000,3.00000,1.00000,both,2,,,,,,,,,,,,,,,,,-0.03240,-0.06276,-0.00219,-0.49506,-0.49706,-0.49281
sim1_base,task003_nosolution,12,3.00000,3.00000,1.00000,false,2,0.46267,0.43196,0.49238,-0.00200,0.99013,0.52746,0.00000,4.04700,0.04652,2.74376,0.99500,0.52800,2.00000,0.97900,0.00000,0.47100,,,,,,
sim1_base,task003_nosolution,12,3.00000,3.00000,1.00000,truth,0,0.52946,0.49971,0.55921,-0.00200,1.00000,0.47054,0.00000,2.33100,0.02679,5.45131,1.00000,0.50200,2.00000,1.00000,0.00000,0.41100,,,,,,
sim1_base,task003_nosolution,12,3.00000,6.00000,0.75000,both,0,,,,,,,,,,,,,,,,,0.06900,0.03808,0.09832,0.48758,0.48402,0.49060
sim1_base,task003_nosolution,12,3.00000,6.00000,0.75000,both,1,,,,,,,,,,,,,,,,,-0.00025,-0.00365,0.00208,0.00283,0.00225,0.00340
sim1_base,task003_nosolution,12,3.00000,6.00000,0.75000,both,2,,,,,,,,,,,,,,,,,-0.06875,-0.09764,-0.03787,-0.49042,-0.49338,-0.48700
sim1_base,task003_nosolution,12,3.00000,6.00000,0.75000,false,2,0.42167,0.39279,0.45242,-0.00308,0.98458,0.56292,0.00058,10.88400,0.06255,0.92981,0.99000,0.57400,2.00000,0.95900,0.00000,0.54300,,,,,,
sim1_base,task003_nosolution,12,3.00000,6.00000,0.75000,truth,0,0.55658,0.52412,0.58692,0.00258,0.99000,0.43342,0.00625,9.87000,0.05672,1.35339,1.00000,0.47600,2.00000,0.81000,0.00000,0.35300,,,,,,
sim1_base,task003_nosolution,12,3.00000,6.00000,1.00000,both,0,,,,,,,,,,,,,,,,,0.06367,0.03433,0.09019,0.46579,0.46042,0.47119
sim1_base,task003_nosolution,12,3.00000,6.00000,1.00000,both,1,,,,,,,,,,,,,,,,,-0.00200,-0.00500,0.00000,0.00000,0.00000,0.00000
sim1_base,task003_nosolution,12,3.00000,6.00000,1.00000,both,2,,,,,,,,,,,,,,,,,-0.06167,-0.08919,-0.03110,-0.46579,-0.47119,-0.46042
sim1_base,task003_nosolution,12,3.00000,6.00000,1.00000,false,2,0.40412,0.37737,0.43242,-0.00200,0.93158,0.52746,0.00000,24.58800,0.14131,0.39446,0.95800,0.52800,2.00000,0.85600,0.00000,0.47100,,,,,,
sim1_base,task003_nosolution,12,3.00000,6.00000,1.00000,truth,0,0.52946,0.49787,0.55733,-0.00200,1.00000,0.47054,0.00000,4.63800,0.02666,2.73976,1.00000,0.50200,2.00000,1.00000,0.00000,0.41100,,,,,,
sim1_base,task003_nosolution,12,3.00000,9.00000,0.75000,both,0,,,,,,,,,,,,,,,,,0.21521,0.18802,0.24045,0.33688,0.32312,0.35077
sim1_base,task003_nosolution,12,3.00000,9.00000,0.75000,both,1,,,,,,,,,,,,,,,,,0.00137,-0.00156,0.00354,0.00479,0.00406,0.00565
sim1_base,task003_nosolution,12,3.00000,9.00000,0.75000,both,2,,,,,,,,,,,,,,,,,-0.21658,-0.24131,-0.18894,-0.34167,-0.35555,-0.32791
sim1_base,task003_nosolution,12,3.00000,9.00000,0.75000,false,2,0.12508,0.09816,0.15351,-0.00342,0.68800,0.56292,0.00025,88.68600,0.33979,0.03385,0.78800,0.57400,2.00000,0.66300,0.16400,0.54300,,,,,,
sim1_base,task003_nosolution,12,3.00000,9.00000,0.75000,truth,0,0.55208,0.52124,0.58130,0.00617,0.98550,0.43342,0.00983,18.63000,0.07138,0.71122,1.00000,0.47600,2.00000,0.74200,0.00000,0.35300,,,,,,
sim1_base,task003_nosolution,12,3.00000,9.00000,1.00000,both,0,,,,,,,,,,,,,,,,,0.28488,0.26819,0.30259,0.24458,0.22931,0.25942
sim1_base,task003_nosolution,12,3.00000,9.00000,1.00000,both,1,,,,,,,,,,,,,,,,,-0.00200,-0.00500,0.00000,0.00000,0.00000,0.00000
sim1_base,task003_nosolution,12,3.00000,9.00000,1.00000,both,2,,,,,,,,,,,,,,,,,-0.28288,-0.30058,-0.26569,-0.24458,-0.25942,-0.22931
sim1_base,task003_nosolution,12,3.00000,9.00000,1.00000,false,2,-0.03829,-0.05467,-0.02420,-0.00200,0.48917,0.52746,0.00000,129.51000,0.49621,-0.00710,0.64800,0.52800,2.00000,0.48700,0.50700,0.47100,,,,,,
sim1_base,task003_nosolution,12,3.00000,9.00000,1.00000,truth,0,0.52946,0.50066,0.55830,-0.00200,1.00000,0.47054,0.00000,7.51500,0.02879,1.69088,1.00000,0.50200,2.00000,1.00000,0.00000,0.41100,,,,,,
sim1_base,task003_nosolution,12,6.00000,1.00000,0.75000,both,0,,,,,,,,,,,,,,,,,0.07163,0.04150,0.10009,0.46738,0.46096,0.47317
sim1_base,task003_nosolution,12,6.00000,1.00000,0.75000,both,1,,,,,,,,,,,,,,,,,0.00210,-0.00096,0.00446,0.00473,0.00387,0.00560
sim1_base,task003_nosolution,12,6.00000,1.00000,0.75000,both,2,,,,,,,,,,,,,,,,,-0.07373,-0.10313,-0.04332,-0.47210,-0.47779,-0.46585
sim1_base,task003_nosolution,12,6.00000,1.00000,0.75000,false,2,0.39837,0.36923,0.42842,-0.00263,0.96129,0.56292,0.00104,2.75900,0.09514,3.46539,0.96600,0.57400,2.00000,0.91900,0.00400,0.54300,,,,,,
sim1_base,task003_nosolution,12,6.00000,1.00000,0.75000,truth,0,0.53900,0.50817,0.56792,0.00683,0.97242,0.43342,0.01050,2.75300,0.09493,4.69887,0.99800,0.47600,2.00000,0.72600,0.00000,0.35300,,,,,,
sim1_base,task003_nosolution,12,6.00000,1.00000,1.00000,both,0,,,,,,,,,,,,,,,,,-0.01277,-0.03968,0.01357,0.40973,0.39823,0.42171
sim1_base,task003_nosolution,12,6.00000,1.00000,1.00000,both,1,,,,,,,,,,,,,,,,,-0.00200,-0.00500,0.00000,0.00000,0.00000,0.00000
sim1_base,task003_nosolution,12,6.00000,1.00000,1.00000,both,2,,,,,,,,,,,,,,,,,0.01477,-0.01204,0.04269,-0.40973,-0.42171,-0.39823
sim1_base,task003_nosolution,12,6.00000,1.00000,1.00000,false,2,0.42450,0.39604,0.45459,-0.00200,0.95196,0.52746,0.00000,2.99200,0.10317,3.40508,0.95300,0.52800,2.00000,0.95100,0.04800,0.47100,,,,,,
sim1_base,task003_nosolution,12,6.00000,1.00000,1.00000,truth,0,0.39696,0.36866,0.42526,-0.00200,0.86750,0.47054,0.00000,5.38900,0.18583,1.76786,0.86800,0.50200,2.00000,0.86700,0.13200,0.41100,,,,,,
sim1_base,task003_nosolution,12,6.00000,2.00000,0.75000,both,0,,,,,,,,,,,,,,,,,0.06612,0.03506,0.09698,0.48821,0.48512,0.49083
sim1_base,task003_nosolution,12,6.00000,2.00000,0.75000,both,1,,,,,,,,,,,,,,,,,0.00108,-0.00200,0.00354,0.00413,0.00335,0.00494
sim1_base,task003_nosolution,12,6.00000,2.00000,0.75000,both,2,,,,,,,,,,,,,,,,,-0.06721,-0.09754,-0.03631,-0.49233,-0.49488,-0.48937
sim1_base,task003_nosolution,12,6.00000,2.00000,0.75000,false,2,0.42512,0.39445,0.45609,-0.00304,0.98804,0.56292,0.00063,2.32600,0.04010,4.38650,0.99600,0.57400,2.00000,0.96400,0.00000,0.54300,,,,,,
sim1_base,task003_nosolution,12,6.00000,2.00000,0.75000,truth,0,0.55433,0.52308,0.58418,0.00521,0.98775,0.43342,0.00887,1.95000,0.03362,6.82256,1.00000,0.47600,2.00000,0.80300,0.00000,0.35300,,,,,,
sim1_base,task003_nosolution,12,6.00000,2.00000,1.00000,both,0,,,,,,,,,,,,,,,,,0.03021,0.00041,0.05888,0.49925,0.49825,0.50000
sim1_base,task003_nosolution,12,6.00000,2.00000,1.00000,both,1,,,,,,,,,,,,,,,,,-0.00200,-0.00500,0.00000,0.00000,0.00000,0.00000
sim1_base,task003_nosolution,12,6.00000,2.00000,1.00000,both,2,,,,,,,,,,,,,,,,,-0.02821,-0.05596,0.00075,-0.49925,-0.50000,-0.49825
sim1_base,task003_nosolution,12,6.00000,2.00000,1.00000,false,2,0.47104,0.44313,0.50000,-0.00200,0.99850,0.52746,0.00000,1.49800,0.02583,7.54673,0.99800,0.52800,2.00000,0.99700,0.00000,0.47100,,,,,,
sim1_base,task003_nosolution,12,6.00000,2.00000,1.00000,truth,0,0.52946,0.49946,0.55818,-0.00200,1.00000,0.47054,0.00000,1.56200,0.02693,8.13508,1.00000,0.50200,2.00000,1.00000,0.00000,0.41100,,,,,,
sim1_base,task003_nosolution,12,6.00000,3.00000,0.75000,both,0,,,,,,,,,,,,,,,,,0.07154,0.04029,0.09967,0.48246,0.47850,0.48615
sim1_base,task003_nosolution,12,6.00000,3.00000,0.75000,both,1,,,,,,,,,,,,,,,,,0.00094,-0.00229,0.00319,0.00390,0.00317,0.00471
sim1_base,task003_nosolution,12,6.00000,3.00000,0.75000,both,2,,,,,,,,,,,,,,,,,-0.07248,-0.10013,-0.04107,-0.48635,-0.49010,-0.48231
sim1_base,task003_nosolution,12,6.00000,3.00000,0.75000,false,2,0.41388,0.38641,0.44418,-0.00296,0.97679,0.56292,0.00071,4.93200,0.05669,2.01399,0.98900,0.57400,2.00000,0.95000,0.00000,0.54300,,,,,,
sim1_base,task003_nosolution,12,6.00000,3.00000,0.75000,truth,0,0.55400,0.52319,0.58267,0.00483,0.98742,0.43342,0.00850,2.64000,0.03034,5.03636,1.00000,0.47600,2.00000,0.78300,0.00000,0.35300,,,,,,
sim1_base,task003_nosolution,12,6.00000,3.00000,1.00000,both,0,,,,,,,,,,,,,,,,,0.04000,0.01006,0.06861,0.48946,0.48637,0.49238
sim1_base,task003_nosolution,12,6.00000,3.00000,1.00000,both,1,,,,,,,,,,,,,,,,,-0.00200,-0.00500,0.00000,0.00000,0.00000,0.00000
sim1_base,task003_nosolution,12,6.00000,3.00000,1.00000,both,2,,,,,,,,,,,,,,,,,-0.03800,-0.06725,-0.00758,-0.48946,-0.49238,-0.48637
sim1_base,task003_nosolution,12,6.00000,3.00000,1.00000,false,2,0.45146,0.42221,0.48147,-0.00200,0.97892,0.52746,0.00000,5.21400,0.05993,2.07806,0.98200,0.52800,2.00000,0.95700,0.00000,0.47100,,,,,,
sim1_base,task003_nosolution,12,6.00000,3.00000,1.00000,truth,0,0.52946,0.49991,0.55847,-0.00200,1.00000,0.47054,0.00000,2.06100,0.02369,6.16545,1.00000,0.50200,2.00000,1.00000,0.00000,0.41100,,,,,,
sim1_base,task003_nosolution,12,6.00000,6.00000,0.75000,both,0,,,,,,,,,,,,,,,,,0.07329,0.04204,0.10313,0.47963,0.47475,0.48419
sim1_base,task003_nosolution,12,6.00000,6.00000,0.75000,both,1,,,,,,,,,,,,,,,,,0.00133,-0.00213,0.00373,0.00450,0.00367,0.00529
sim1_base,task003_nosolution,12,6.00000,6.00000,0.75000,both,2,,,,,,,,,,,,,,,,,-0.07462,-0.10459,-0.04335,-0.48413,-0.48867,-0.47935
sim1_base,task003_nosolution,12,6.00000,6.00000,0.75000,false,2,0.40950,0.37975,0.44055,-0.00317,0.97242,0.56292,0.00050,10.64400,0.06117,0.92334,0.97900,0.57400,2.00000,0.95000,0.00300,0.54300,,,,,,
sim1_base,task003_nosolution,12,6.00000,6.00000,0.75000,truth,0,0.55292,0.52112,0.58271,0.00583,0.98633,0.43342,0.00950,5.37000,0.03086,2.47114,1.00000,0.47600,2.00000,0.77500,0.00000,0.35300,,,,,,
sim1_base,task003_nosolution,12,6.00000,6.00000,1.00000,both,0,,,,,,,,,,,,,,,,,0.07485,0.04744,0.10198,0.45460,0.44845,0.46060
sim1_base,task003_nosolution,12,6.00000,6.00000,1.00000,both,1,,,,,,,,,,,,,,,,,-0.00200,-0.00500,0.00000,0.00000,0.00000,0.00000
sim1_base,task003_nosolution,12,6.00000,6.00000,1.00000,both,2,,,,,,,,,,,,,,,,,-0.07285,-0.10081,-0.04451,-0.45460,-0.46060,-0.44845
sim1_base,task003_nosolution,12,6.00000,6.00000,1.00000,false,2,0.38175,0.35529,0.40942,-0.00200,0.90921,0.52746,0.00000,30.46200,0.17507,0.30077,0.94000,0.52800,2.00000,0.81100,0.00000,0.47100,,,,,,
sim1_base,task003_nosolution,12,6.00000,6.00000,1.00000,truth,0,0.52946,0.49962,0.55892,-0.00200,1.00000,0.47054,0.00000,4.09200,0.02352,3.10533,1.00000,0.50200,2.00000,1.00000,0.00000,0.41100,,,,,,
sim1_base,task003_nosolution,12,6.00000,9.00000,0.75000,both,0,,,,,,,,,,,,,,,,,0.20648,0.18217,0.23107,0.33948,0.32441,0.35423
sim1_base,task003_nosolution,12,6.00000,9.00000,0.75000,both,1,,,,,,,,,,,,,,,,,0.00358,0.00025,0.00602,0.00671,0.00573,0.00771
sim1_base,task003_nosolution,12,6.00000,9.00000,0.75000,both,2,,,,,,,,,,,,,,,,,-0.21006,-0.23436,-0.18435,-0.34619,-0.36092,-0.33096
sim1_base,task003_nosolution,12,6.00000,9.00000,0.75000,false,2,0.13612,0.10974,0.16234,-0.00312,0.69904,0.56292,0.00054,83.88000,0.32138,0.03895,0.76000,0.57400,2.00000,0.67800,0.19000,0.54300,,,,,,
sim1_base,task003_nosolution,12,6.00000,9.00000,0.75000,truth,0,0.54596,0.51594,0.57692,0.01029,0.97937,0.43342,0.01396,9.92700,0.03803,1.31994,1.00000,0.47600,2.00000,0.70000,0.00000,0.35300,,,,,,
sim1_base,task003_nosolution,12,6.00000,9.00000,1.00000,both,0,,,,,,,,,,,,,,,,,0.27798,0.26114,0.29596,0.25148,0.23679,0.26801
sim1_base,task003_nosolution,12,6.00000,9.00000,1.00000,both,1,,,,,,,,,,,,,,,,,-0.00200,-0.00500,0.00000,0.00000,0.00000,0.00000
sim1_base,task003_nosolution,12,6.00000,9.00000,1.00000,both,2,,,,,,,,,,,,,,,,,-0.27598,-0.29385,-0.25949,-0.25148,-0.26801,-0.23679
sim1_base,task003_nosolution,12,6.00000,9.00000,1.00000,false,2,-0.02450,-0.03992,-0.00916,-0.00200,0.50296,0.52746,0.00000,124.76700,0.47803,-0.00471,0.65300,0.52800,2.00000,0.50200,0.49600,0.47100,,,,,,
sim1_base,task003_nosolution,12,6.00000,9.00000,1.00000,truth,0,0.52946,0.50137,0.55880,-0.00200,1.00000,0.47054,0.00000,6.56100,0.02514,1.93675,1.00000,0.50200,2.00000,1.00000,0.00000,0.41100,,,,,,
sim1_base,task003_nosolution,12,12.00000,1.00000,0.75000,both,0,,,,,,,,,,,,,,,,,0.07588,0.04823,0.10385,0.47188,0.46629,0.47698
sim1_base,task003_nosolution,12,12.00000,1.00000,0.75000,both,1,,,,,,,,,,,,,,,,,0.00204,-0.00127,0.00458,0.00479,0.00392,0.00575
sim1_base,task003_nosolution,12,12.00000,1.00000,0.75000,both,2,,,,,,,,,,,,,,,,,-0.07792,-0.10688,-0.05024,-0.47667,-0.48175,-0.47104
sim1_base,task003_nosolution,12,12.00000,1.00000,0.75000,false,2,0.39875,0.37021,0.42826,-0.00275,0.96167,0.56292,0.00092,2.39800,0.08269,3.99083,0.96400,0.57400,2.00000,0.92800,0.00100,0.54300,,,,,,
sim1_base,task003_nosolution,12,12.00000,1.00000,0.75000,truth,0,0.54775,0.51974,0.57684,0.00683,0.98117,0.43342,0.01050,1.93200,0.06662,6.80435,0.99900,0.47600,2.00000,0.73800,0.00000,0.35300,,,,,,
sim1_base,task003_nosolution,12,12.00000,1.00000,1.00000,both,0,,,,,,,,,,,,,,,,,-0.01004,-0.03613,0.01701,0.42250,0.41100,0.43301
sim1_base,task003_nosolution,12,12.00000,1.00000,1.00000,both,1,,,,,,,,,,,,,,,,,-0.00200,-0.00500,0.00000,0.00000,0.00000,0.00000
sim1_base,task003_nosolution,12,12.00000,1.00000,1.00000,both,2,,,,,,,,,,,,,,,,,0.01204,-0.01550,0.03784,-0.42250,-0.43301,-0.41100
sim1_base,task003_nosolution,12,12.00000,1.00000,1.00000,false,2,0.43454,0.40408,0.46267,-0.00200,0.96200,0.52746,0.00000,2.46100,0.08486,4.23771,0.96200,0.52800,2.00000,0.96200,0.03800,0.47100,,,,,,
sim1_base,task003_nosolution,12,12.00000,1.00000,1.00000,truth,0,0.41246,0.38366,0.44229,-0.00200,0.88300,0.47054,0.00000,4.67600,0.16124,2.11698,0.88300,0.50200,2.00000,0.88300,0.11700,0.41100,,,,,,
sim1_base,task003_nosolution,12,12.00000,2.00000,0.75000,both,0,,,,,,,,,,,,,,,,,0.06504,0.03379,0.09358,0.48608,0.48252,0.48900
sim1_base,task003_nosolution,12,12.00000,2.00000,0.75000,both,1,,,,,,,,,,,,,,,,,0.00208,-0.00108,0.00448,0.00508,0.00419,0.00604
sim1_base,task003_nosolution,12,12.00000,2.00000,0.75000,both,2,,,,,,,,,,,,,,,,,-0.06713,-0.09547,-0.03556,-0.49117,-0.49396,-0.48777
sim1_base,task003_nosolution,12,12.00000,2.00000,0.75000,false,2,0.42404,0.39558,0.45688,-0.00300,0.98696,0.56292,0.00067,2.09600,0.03614,4.85544,0.99300,0.57400,2.00000,0.96600,0.00000,0.54300,,,,,,
sim1_base,task003_nosolution,12,12.00000,2.00000,0.75000,truth,0,0.55112,0.52012,0.58010,0.00717,0.98454,0.43342,0.01083,1.60600,0.02769,8.23599,1.00000,0.47600,2.00000,0.75800,0.00000,0.35300,,,,,,
sim1_base,task003_nosolution,12,12.00000,2.00000,1.00000,both,0,,,,,,,,,,,,,,,,,0.02925,-0.00180,0.05904,0.49921,0.49792,0.50000
sim1_base,task003_nosolution,12,12.00000,2.00000,1.00000,both,1,,,,,,,,,,,,,,,,,-0.00200,-0.00500,0.00000,0.00000,0.00000,0.00000
sim1_base,task003_nosolution,12,12.00000,2.00000,1.00000,both,2,,,,,,,,,,,,,,,,,-0.02725,-0.05717,0.00355,-0.49921,-0.50000,-0.49792
sim1_base,task003_nosolution,12,12.00000,2.00000,1.00000,false,2,0.47196,0.44204,0.50284,-0.00200,0.99942,0.52746,0.00000,1.32800,0.02290,8.52937,0.99900,0.52800,2.00000,0.99900,0.00000,0.47100,,,,,,
sim1_base,task003_nosolution,12,12.00000,2.00000,1.00000,truth,0,0.52846,0.49733,0.55788,-0.00200,0.99900,0.47054,0.00000,1.65000,0.02845,7.68667,0.99900,0.50200,2.00000,0.99900,0.00100,0.41100,,,,,,
sim1_base,task003_nosolution,12,12.00000,3.00000,0.75000,both,0,,,,,,,,,,,,,,,,,0.06929,0.03904,0.09673,0.47775,0.47306,0.48190
sim1_base,task003_nosolution,12,12.00000,3.00000,0.75000,both,1,,,,,,,,,,,,,,,,,0.00344,0.00027,0.00583,0.00656,0.00556,0.00760
sim1_base,task003_nosolution,12,12.00000,3.00000,0.75000,both,2,,,,,,,,,,,,,,,,,-0.07273,-0.10105,-0.04301,-0.48431,-0.48831,-0.47941
sim1_base,task003_nosolution,12,12.00000,3.00000,0.75000,false,2,0.41158,0.38237,0.44092,-0.00312,0.97450,0.56292,0.00054,4.36200,0.05014,2.26456,0.98700,0.57400,2.00000,0.95300,0.00200,0.54300,,,,,,
sim1_base,task003_nosolution,12,12.00000,3.00000,0.75000,truth,0,0.54704,0.51616,0.57481,0.01000,0.98046,0.43342,0.01367,2.16300,0.02486,6.06981,1.00000,0.47600,2.00000,0.71600,0.00000,0.35300,,,,,,
sim1_base,task003_nosolution,12,12.00000,3.00000,1.00000,both,0,,,,,,,,,,,,,,,,,0.03342,0.00431,0.06070,0.49604,0.49402,0.49790
sim1_base,task003_nosolution,12,12.00000,3.00000,1.00000,both,1,,,,,,,,,,,,,,,,,-0.00200,-0.00500,0.00000,0.00000,0.00000,0.00000
sim1_base,task003_nosolution,12,12.00000,3.00000,1.00000,both,2,,,,,,,,,,,,,,,,,-0.03142,-0.05908,-0.00191,-0.49604,-0.49790,-0.49402
sim1_base,task003_nosolution,12,12.00000,3.00000,1.00000,false,2,0.46463,0.43758,0.49373,-0.00200,0.99208,0.52746,0.00000,3.22200,0.03703,3.46089,0.98900,0.52800,2.00000,0.98500,0.00000,0.47100,,,,,,
sim1_base,task003_nosolution,12,12.00000,3.00000,1.00000,truth,0,0.52946,0.49970,0.55729,-0.00200,1.00000,0.47054,0.00000,1.95300,0.02245,6.50640,1.00000,0.50200,2.00000,1.00000,0.00000,0.41100,,,,,,
sim1_base,task003_nosolution,12,12.00000,6.00000,0.75000,both,0,,,,,,,,,,,,,,,,,0.07348,0.04444,0.10209,0.47231,0.46669,0.47756
sim1_base,task003_nosolution,12,12.00000,6.00000,0.75000,both,1,,,,,,,,,,,,,,,,,0.00350,-0.00008,0.00602,0.00679,0.00579,0.00781
sim1_base,task003_nosolution,12,12.00000,6.00000,0.75000,both,2,,,,,,,,,,,,,,,,,-0.07698,-0.10638,-0.04737,-0.47910,-0.48415,-0.47346
sim1_base,task003_nosolution,12,12.00000,6.00000,0.75000,false,2,0.40213,0.37327,0.43192,-0.00329,0.96504,0.56292,0.00038,10.89000,0.06259,0.88623,0.97700,0.57400,2.00000,0.94500,0.00300,0.54300,,,,,,
sim1_base,task003_nosolution,12,12.00000,6.00000,0.75000,truth,0,0.54579,0.51595,0.57605,0.01029,0.97921,0.43342,0.01396,4.35000,0.02500,3.01126,1.00000,0.47600,2.00000,0.69400,0.00000,0.35300,,,,,,
sim1_base,task003_nosolution,12,12.00000,6.00000,1.00000,both,0,,,,,,,,,,,,,,,,,0.06265,0.03530,0.08811,0.46681,0.46148,0.47234
sim1_base,task003_nosolution,12,12.00000,6.00000,1.00000,both,1,,,,,,,,,,,,,,,,,-0.00200,-0.00500,0.00000,0.00000,0.00000,0.00000
sim1_base,task003_nosolution,12,12.00000,6.00000,1.00000,both,2,,,,,,,,,,,,,,,,,-0.06065,-0.08625,-0.03380,-0.46681,-0.47234,-0.46148
sim1_base,task003_nosolution,12,12.00000,6.00000,1.00000,false,2,0.40617,0.38137,0.43255,-0.00200,0.93363,0.52746,0.00000,23.00400,0.13221,0.42375,0.95100,0.52800,2.00000,0.86500,0.00000,0.47100,,,,,,
sim1_base,task003_nosolution,12,12.00000,6.00000,1.00000,truth,0,0.52946,0.50154,0.55800,-0.00200,1.00000,0.47054,0.00000,3.91800,0.02252,3.24324,1.00000,0.50200,2.00000,1.00000,0.00000,0.41100,,,,,,
sim1_base,task003_nosolution,12,12.00000,9.00000,0.75000,both,0,,,,,,,,,,,,,,,,,0.19435,0.16906,0.21930,0.34581,0.33271,0.35988
sim1_base,task003_nosolution,12,12.00000,9.00000,0.75000,both,1,,,,,,,,,,,,,,,,,0.00542,0.00173,0.00792,0.00858,0.00750,0.00977
sim1_base,task003_nosolution,12,12.00000,9.00000,0.75000,both,2,,,,,,,,,,,,,,,,,-0.19977,-0.22517,-0.17397,-0.35440,-0.36842,-0.34100
sim1_base,task003_nosolution,12,12.00000,9.00000,0.75000,false,2,0.15462,0.12854,0.18046,-0.00317,0.71754,0.56292,0.00050,80.46000,0.30828,0.04612,0.76400,0.57400,2.00000,0.69500,0.17400,0.54300,,,,,,
sim1_base,task003_nosolution,12,12.00000,9.00000,0.75000,truth,0,0.54017,0.50979,0.57043,0.01400,0.97358,0.43342,0.01767,6.95700,0.02666,1.86345,1.00000,0.47600,2.00000,0.63600,0.00000,0.35300,,,,,,
sim1_base,task003_nosolution,12,12.00000,9.00000,1.00000,both,0,,,,,,,,,,,,,,,,,0.22519,0.20516,0.24517,0.30427,0.28858,0.31907
sim1_base,task003_nosolution,12,12.00000,9.00000,1.00000,both,1,,,,,,,,,,,,,,,,,-0.00200,-0.00500,0.00000,0.00000,0.00000,0.00000
sim1_base,task003_nosolution,12,12.00000,9.00000,1.00000,both,2,,,,,,,,,,,,,,,,,-0.22319,-0.24329,-0.20264,-0.30427,-0.31907,-0.28858
sim1_base,task003_nosolution,12,12.00000,9.00000,1.00000,false,2,0.08108,0.06045,0.10213,-0.00200,0.60854,0.52746,0.00000,102.26700,0.39183,0.01903,0.69100,0.52800,2.00000,0.59700,0.38000,0.47100,,,,,,
sim1_base,task003_nosolution,12,12.00000,9.00000,1.00000,truth,0,0.52946,0.50067,0.55775,-0.00200,1.00000,0.47054,0.00000,6.04800,0.02317,2.10103,1.00000,0.50200,2.00000,1.00000,0.00000,0.41100,,,,,,
sim1_base,task003_nosolution,12,24.00000,1.00000,0.75000,both,0,,,,,,,,,,,,,,,,,0.07123,0.04277,0.09950,0.47735,0.47237,0.48169
sim1_base,task003_nosolution,12,24.00000,1.00000,0.75000,both,1,,,,,,,,,,,,,,,,,0.00187,-0.00117,0.00421,0.00475,0.00398,0.00565
sim1_base,task003_nosolution,12,24.00000,1.00000,0.75000,both,2,,,,,,,,,,,,,,,,,-0.07310,-0.10259,-0.04370,-0.48210,-0.48646,-0.47733
sim1_base,task003_nosolution,12,24.00000,1.00000,0.75000,false,2,0.40900,0.37970,0.43842,-0.00287,0.97192,0.56292,0.00079,2.03200,0.07007,4.83071,0.98200,0.57400,2.00000,0.94000,0.00100,0.54300,,,,,,
sim1_base,task003_nosolution,12,24.00000,1.00000,0.75000,truth,0,0.54858,0.51945,0.57677,0.00663,0.98200,0.43342,0.01029,1.66200,0.05731,7.92178,1.00000,0.47600,2.00000,0.72500,0.00000,0.35300,,,,,,
sim1_base,task003_nosolution,12,24.00000,1.00000,1.00000,both,0,,,,,,,,,,,,,,,,,-0.01654,-0.04254,0.01105,0.42000,0.40900,0.43100
sim1_base,task003_nosolution,12,24.00000,1.00000,1.00000,both,1,,,,,,,,,,,,,,,,,-0.00200,-0.00500,0.00000,0.00000,0.00000,0.00000
sim1_base,task003_nosolution,12,24.00000,1.00000,1.00000,both,2,,,,,,,,,,,,,,,,,0.01854,-0.00918,0.04471,-0.42000,-0.43100,-0.40900
sim1_base,task003_nosolution,12,24.00000,1.00000,1.00000,false,2,0.43854,0.40840,0.46655,-0.00200,0.96600,0.52746,0.00000,2.12300,0.07321,4.95761,0.96600,0.52800,2.00000,0.96600,0.03400,0.47100,,,,,,
sim1_base,task003_nosolution,12,24.00000,1.00000,1.00000,truth,0,0.40346,0.37537,0.43229,-0.00200,0.87400,0.47054,0.00000,4.57900,0.15790,2.11465,0.87400,0.50200,2.00000,0.87400,0.12600,0.41100,,,,,,
sim1_base,task003_nosolution,12,24.00000,2.00000,0.75000,both,0,,,,,,,,,,,,,,,,,0.06194,0.03198,0.09123,0.48510,0.48202,0.48798
sim1_base,task003_nosolution,12,24.00000,2.00000,0.75000,both,1,,,,,,,,,,,,,,,,,0.00292,-0.00044,0.00544,0.00588,0.00498,0.00690
sim1_base,task003_nosolution,12,24.00000,2.00000,0.75000,both,2,,,,,,,,,,,,,,,,,-0.06485,-0.09515,-0.03398,-0.49098,-0.49373,-0.48790
sim1_base,task003_nosolution,12,24.00000,2.00000,0.75000,false,2,0.42612,0.39583,0.45648,-0.00296,0.98904,0.56292,0.00071,2.04200,0.03521,5.00833,0.99500,0.57400,2.00000,0.96400,0.00100,0.54300,,,,,,
sim1_base,task003_nosolution,12,24.00000,2.00000,0.75000,truth,0,0.54704,0.51671,0.57598,0.00879,0.98046,0.43342,0.01246,1.83000,0.03155,7.17432,1.00000,0.47600,2.00000,0.71100,0.00000,0.35300,,,,,,
sim1_base,task003_nosolution,12,24.00000,2.00000,1.00000,both,0,,,,,,,,,,,,,,,,,0.02746,0.00150,0.05500,0.49800,0.49600,0.49950
sim1_base,task003_nosolution,12,24.00000,2.00000,1.00000,both,1,,,,,,,,,,,,,,,,,-0.00200,-0.00500,0.00000,0.00000,0.00000,0.00000
sim1_base,task003_nosolution,12,24.00000,2.00000,1.00000,both,2,,,,,,,,,,,,,,,,,-0.02546,-0.05379,0.00050,-0.49800,-0.49950,-0.49600
sim1_base,task003_nosolution,12,24.00000,2.00000,1.00000,false,2,0.47254,0.44371,0.49884,-0.00200,1.00000,0.52746,0.00000,1.28200,0.02210,8.84633,1.00000,0.52800,2.00000,1.00000,0.00000,0.47100,,,,,,
sim1_base,task003_nosolution,12,24.00000,2.00000,1.00000,truth,0,0.52546,0.49917,0.55292,-0.00200,0.99600,0.47054,0.00000,1.79400,0.03093,7.02954,0.99600,0.50200,2.00000,0.99600,0.00400,0.41100,,,,,,
sim1_base,task003_nosolution,12,24.00000,3.00000,0.75000,both,0,,,,,,,,,,,,,,,,,0.05869,0.02941,0.08775,0.47910,0.47567,0.48240
sim1_base,task003_nosolution,12,24.00000,3.00000,0.75000,both,1,,,,,,,,,,,,,,,,,0.00650,0.00310,0.00919,0.00971,0.00840,0.01106
sim1_base,task003_nosolution,12,24.00000,3.00000,0.75000,both,2,,,,,,,,,,,,,,,,,-0.06519,-0.09502,-0.03485,-0.48881,-0.49175,-0.48538
sim1_base,task003_nosolution,12,24.00000,3.00000,0.75000,false,2,0.42363,0.39353,0.45314,-0.00321,0.98654,0.56292,0.00046,3.26400,0.03752,3.11489,0.99300,0.57400,2.00000,0.96800,0.00200,0.54300,,,,,,
sim1_base,task003_nosolution,12,24.00000,3.00000,0.75000,truth,0,0.53779,0.50904,0.56683,0.01621,0.97121,0.43342,0.01988,2.17800,0.02503,5.92608,1.00000,0.47600,2.00000,0.62300,0.00000,0.35300,,,,,,
sim1_base,task003_nosolution,12,24.00000,3.00000,1.00000,both,0,,,,,,,,,,,,,,,,,0.02946,0.00112,0.06030,0.50000,0.50000,0.50000
sim1_base,task003_nosolution,12,24.00000,3.00000,1.00000,both,1,,,,,,,,,,,,,,,,,-0.00200,-0.00500,0.00000,0.00000,0.00000,0.00000
sim1_base,task003_nosolution,12,24.00000,3.00000,1.00000,both,2,,,,,,,,,,,,,,,,,-0.02746,-0.05855,0.00105,-0.50000,-0.50000,-0.50000
sim1_base,task003_nosolution,12,24.00000,3.00000,1.00000,false,2,0.47254,0.44145,0.50105,-0.00200,1.00000,0.52746,0.00000,1.97400,0.02269,5.74519,1.00000,0.52800,2.00000,1.00000,0.00000,0.47100,,,,,,
sim1_base,task003_nosolution,12,24.00000,3.00000,1.00000,truth,0,0.52946,0.50112,0.56030,-0.00200,1.00000,0.47054,0.00000,1.92900,0.02217,6.58735,1.00000,0.50200,2.00000,1.00000,0.00000,0.41100,,,,,,
sim1_base,task003_nosolution,12,24.00000,6.00000,0.75000,both,0,,,,,,,,,,,,,,,,,0.05665,0.02860,0.08517,0.47785,0.47450,0.48102
sim1_base,task003_nosolution,12,24.00000,6.00000,0.75000,both,1,,,,,,,,,,,,,,,,,0.00787,0.00471,0.01046,0.01121,0.00987,0.01254
sim1_base,task003_nosolution,12,24.00000,6.00000,0.75000,both,2,,,,,,,,,,,,,,,,,-0.06452,-0.09341,-0.03607,-0.48906,-0.49196,-0.48588
sim1_base,task003_nosolution,12,24.00000,6.00000,0.75000,false,2,0.42454,0.39587,0.45276,-0.00333,0.98746,0.56292,0.00033,7.23000,0.04155,1.40927,0.99400,0.57400,2.00000,0.97200,0.00300,0.54300,,,,,,
sim1_base,task003_nosolution,12,24.00000,6.00000,0.75000,truth,0,0.53450,0.50541,0.56418,0.01908,0.96792,0.43342,0.02275,4.35000,0.02500,2.94897,1.00000,0.47600,2.00000,0.57300,0.00000,0.35300,,,,,,
sim1_base,task003_nosolution,12,24.00000,6.00000,1.00000,both,0,,,,,,,,,,,,,,,,,0.03900,0.00850,0.06620,0.49046,0.48746,0.49337
sim1_base,task003_nosolution,12,24.00000,6.00000,1.00000,both,1,,,,,,,,,,,,,,,,,-0.00200,-0.00500,0.00000,0.00000,0.00000,0.00000
sim1_base,task003_nosolution,12,24.00000,6.00000,1.00000,both,2,,,,,,,,,,,,,,,,,-0.03700,-0.06454,-0.00679,-0.49046,-0.49337,-0.48746
sim1_base,task003_nosolution,12,24.00000,6.00000,1.00000,false,2,0.45346,0.42631,0.48379,-0.00200,0.98092,0.52746,0.00000,9.54000,0.05483,1.14078,0.99500,0.52800,2.00000,0.95900,0.00000,0.47100,,,,,,
sim1_base,task003_nosolution,12,24.00000,6.00000,1.00000,truth,0,0.52946,0.49946,0.55693,-0.00200,1.00000,0.47054,0.00000,3.95400,0.02272,3.21371,1.00000,0.50200,2.00000,1.00000,0.00000,0.41100,,,,,,
sim1_base,task003_nosolution,12,24.00000,9.00000,0.75000,both,0,,,,,,,,,,,,,,,,,0.15121,0.12458,0.17717,0.38350,0.37192,0.39619
sim1_base,task003_nosolution,12,24.00000,9.00000,0.75000,both,1,,,,,,,,,,,,,,,,,0.00712,0.00375,0.00967,0.01029,0.00896,0.01163
sim1_base,task003_nosolution,12,24.00000,9.00000,0.75000,both,2,,,,,,,,,,,,,,,,,-0.15833,-0.18459,-0.13126,-0.39379,-0.40677,-0.38196
sim1_base,task003_nosolution,12,24.00000,9.00000,0.75000,false,2,0.23546,0.20791,0.26604,-0.00317,0.79837,0.56292,0.00050,65.03400,0.24917,0.08689,0.81800,0.57400,2.00000,0.76700,0.11400,0.54300,,,,,,
sim1_base,task003_nosolution,12,24.00000,9.00000,0.75000,truth,0,0.53471,0.50400,0.56479,0.01742,0.96813,0.43342,0.02108,6.45300,0.02472,1.98869,1.00000,0.47600,2.00000,0.58300,0.00000,0.35300,,,,,,
sim1_base,task003_nosolution,12,24.00000,9.00000,1.00000,both,0,,,,,,,,,,,,,,,,,0.11898,0.09354,0.14329,0.41044,0.40008,0.42098
sim1_base,task003_nosolution,12,24.00000,9.00000,1.00000,both,1,,,,,,,,,,,,,,,,,-0.00198,-0.00500,0.00004,0.00002,0.00000,0.00006
sim1_base,task003_nosolution,12,24.00000,9.00000,1.00000,both,2,,,,,,,,,,,,,,,,,-0.11700,-0.14138,-0.09200,-0.41046,-0.42100,-0.40008
sim1_base,task003_nosolution,12,24.00000,9.00000,1.00000,false,2,0.29346,0.26888,0.31972,-0.00200,0.82092,0.52746,0.00000,62.58600,0.23979,0.11253,0.82500,0.52800,2.00000,0.77800,0.13600,0.47100,,,,,,
sim1_base,task003_nosolution,12,24.00000,9.00000,1.00000,truth,0,0.52942,0.50096,0.55812,-0.00196,0.99996,0.47054,0.00004,6.01200,0.02303,2.11344,1.00000,0.50200,2.00000,0.99900,0.00000,0.41100,,,,,,
sim1_base,task003_symmetric,3,3.00000,1.00000,0.75000,both,0,,,,,,,,,,,,,,,,,-0.42146,-0.43117,-0.41131,0.45375,0.44825,0.45956
sim1_base,task003_symmetric,3,3.00000,1.00000,0.75000,both,1,,,,,,,,,,,,,,,,,-0.00012,-0.00102,0.00081,-0.00079,-0.00138,-0.00025
sim1_base,task003_symmetric,3,3.00000,1.00000,0.75000,both,2,,,,,,,,,,,,,,,,,0.42158,0.41148,0.43134,-0.45296,-0.45906,-0.44719
sim1_base,task003_symmetric,3,3.00000,1.00000,0.75000,false,2,0.87454,0.86045,0.88871,0.00067,0.91325,0.03871,0.00358,14.27300,0.49217,1.47054,0.93600,0.04000,9.00000,0.66800,0.00100,0.01400,,,,,,
sim1_base,task003_symmetric,3,3.00000,1.00000,0.75000,truth,0,0.03229,0.02416,0.04125,-0.00092,0.99067,0.95837,0.00200,2.31600,0.07986,0.33463,1.00000,0.98700,2.00000,0.82600,0.00000,0.69300,,,,,,
sim1_base,task003_symmetric,3,3.00000,1.00000,1.00000,both,0,,,,,,,,,,,,,,,,,-0.00350,-0.00600,-0.00100,0.00350,0.00100,0.00600
sim1_base,task003_symmetric,3,3.00000,1.00000,1.00000,both,1,,,,,,,,,,,,,,,,,0.00000,0.00000,0.00000,0.00000,0.00000,0.00000
sim1_base,task003_symmetric,3,3.00000,1.00000,1.00000,both,2,,,,,,,,,,,,,,,,,0.00350,0.00100,0.00600,-0.00350,-0.00600,-0.00100
sim1_base,task003_symmetric,3,3.00000,1.00000,1.00000,false,2,0.00700,0.00200,0.01200,0.00000,0.00700,0.00000,0.00000,28.59200,0.98593,0.00588,0.05000,0.01700,,0.00700,0.99300,0.00000,,,,,,
sim1_base,task003_symmetric,3,3.00000,1.00000,1.00000,truth,0,0.00000,0.00000,0.00000,0.00000,1.00000,1.00000,0.00000,1.03000,0.03552,0.00000,1.00000,1.00000,2.00000,1.00000,0.00000,1.00000,,,,,,
sim1_base,task003_symmetric,3,3.00000,2.00000,0.75000,both,0,,,,,,,,,,,,,,,,,-0.45837,-0.46698,-0.44883,0.49450,0.49335,0.49552
sim1_base,task003_symmetric,3,3.00000,2.00000,0.75000,both,1,,,,,,,,,,,,,,,,,-0.00117,-0.00213,-0.00029,-0.00067,-0.00121,-0.00015
sim1_base,task003_symmetric,3,3.00000,2.00000,0.75000,both,2,,,,,,,,,,,,,,,,,0.45954,0.45008,0.46785,-0.49383,-0.49502,-0.49252
sim1_base,task003_symmetric,3,3.00000,2.00000,0.75000,false,2,0.95338,0.94362,0.96171,-0.00050,0.99208,0.03871,0.00242,14.44000,0.24897,1.58456,1.00000,0.04000,5.00000,0.90600,0.00000,0.01400,,,,,,
sim1_base,task003_symmetric,3,3.00000,2.00000,0.75000,truth,0,0.03613,0.02754,0.04546,-0.00183,0.99450,0.95837,0.00108,3.73800,0.06445,0.23194,1.00000,0.98700,2.00000,0.88500,0.00000,0.69300,,,,,,
sim1_base,task003_symmetric,3,3.00000,2.00000,1.00000,both,0,,,,,,,,,,,,,,,,,-0.01267,-0.01756,-0.00802,0.01267,0.00802,0.01756
sim1_base,task003_symmetric,3,3.00000,2.00000,1.00000,both,1,,,,,,,,,,,,,,,,,0.00000,0.00000,0.00000,0.00000,0.00000,0.00000
sim1_base,task003_symmetric,3,3.00000,2.00000,1.00000,both,2,,,,,,,,,,,,,,,,,0.01267,0.00802,0.01756,-0.01267,-0.01756,-0.00802
sim1_base,task003_symmetric,3,3.00000,2.00000,1.00000,false,2,0.02533,0.01604,0.03513,0.00000,0.02533,0.00000,0.00000,55.32000,0.95379,0.01099,0.16700,0.01700,,0.02500,0.97200,0.00000,,,,,,
sim1_base,task003_symmetric,3,3.00000,2.00000,1.00000,truth,0,0.00000,0.00000,0.00000,0.00000,1.00000,1.00000,0.00000,1.98200,0.03417,0.00000,1.00000,1.00000,2.00000,1.00000,0.00000,1.00000,,,,,,
sim1_base,task003_symmetric,3,3.00000,3.00000,0.75000,both,0,,,,,,,,,,,,,,,,,-0.45875,-0.46648,-0.44975,0.49658,0.49567,0.49738
sim1_base,task003_symmetric,3,3.00000,3.00000,0.75000,both,1,,,,,,,,,,,,,,,,,-0.00092,-0.00183,-0.00008,-0.00088,-0.00133,-0.00046
sim1_base,task003_symmetric,3,3.00000,3.00000,0.75000,both,2,,,,,,,,,,,,,,,,,0.45967,0.45095,0.46713,-0.49571,-0.49665,-0.49456
sim1_base,task003_symmetric,3,3.00000,3.00000,0.75000,false,2,0.95538,0.94666,0.96317,-0.00004,0.99408,0.03871,0.00287,18.23700,0.20962,1.25728,1.00000,0.04000,4.00000,0.91900,0.00000,0.01400,,,,,,
sim1_base,task003_symmetric,3,3.00000,3.00000,0.75000,truth,0,0.03783,0.03021,0.04679,-0.00179,0.99621,0.95837,0.00112,5.28000,0.06069,0.17197,1.00000,0.98700,2.00000,0.92100,0.00000,0.69300,,,,,,
sim1_base,task003_symmetric,3,3.00000,3.00000,1.00000,both,0,,,,,,,,,,,,,,,,,-0.01931,-0.02525,-0.01333,0.01931,0.01333,0.02525
sim1_base,task003_symmetric,3,3.00000,3.00000,1.00000,both,1,,,,,,,,,,,,,,,,,0.00000,0.00000,0.00000,0.00000,0.00000,0.00000
sim1_base,task003_symmetric,3,3.00000,3.00000,1.00000,both,2,,,,,,,,,,,,,,,,,0.01931,0.01333,0.02525,-0.01931,-0.02525,-0.01333
sim1_base,task003_symmetric,3,3.00000,3.00000,1.00000,false,2,0.03862,0.02666,0.05050,0.00000,0.03862,0.00000,0.00000,80.87100,0.92955,0.01146,0.25400,0.01700,,0.03700,0.95600,0.00000,,,,,,
sim1_base,task003_symmetric,3,3.00000,3.00000,1.00000,truth,0,0.00000,0.00000,0.00000,0.00000,1.00000,1.00000,0.00000,2.88000,0.03310,0.00000,1.00000,1.00000,2.00000,1.00000,0.00000,1.00000,,,,,,
sim1_base,task003_symmetric,3,3.00000,6.00000,0.75000,both,0,,,,,,,,,,,,,,,,,-0.45906,-0.46734,-0.45037,0.49702,0.49631,0.49760
sim1_base,task003_symmetric,3,3.00000,6.00000,0.75000,both,1,,,,,,,,,,,,,,,,,-0.00131,-0.00217,-0.00048,-0.00069,-0.00108,-0.00031
sim1_base,task003_symmetric,3,3.00000,6.00000,0.75000,both,2,,,,,,,,,,,,,,,,,0.46037,0.45158,0.46858,-0.49633,-0.49698,-0.49554
sim1_base,task003_symmetric,3,3.00000,6.00000,0.75000,false,2,0.95671,0.94758,0.96484,-0.00062,0.99542,0.03871,0.00229,33.88200,0.19472,0.67768,1.00000,0.04000,4.00000,0.91500,0.00000,0.01400,,,,,,
sim1_base,task003_symmetric,3,3.00000,6.00000,0.75000,truth,0,0.03796,0.02962,0.04646,-0.00200,0.99633,0.95837,0.00092,9.95400,0.05721,0.09152,1.00000,0.98700,2.00000,0.92300,0.00000,0.69300,,,,,,
sim1_base,task003_symmetric,3,3.00000,6.00000,1.00000,both,0,,,,,,,,,,,,,,,,,-0.01048,-0.01465,-0.00646,0.01048,0.00646,0.01465
sim1_base,task003_symmetric,3,3.00000,6.00000,1.00000,both,1,,,,,,,,,,,,,,,,,0.00000,0.00000,0.00000,0.00000,0.00000,0.00000
sim1_base,task003_symmetric,3,3.00000,6.00000,1.00000,both,2,,,,,,,,,,,,,,,,,0.01048,0.00646,0.01465,-0.01048,-0.01465,-0.00646
sim1_base,task003_symmetric,3,3.00000,6.00000,1.00000,false,2,0.02096,0.01291,0.02930,0.00000,0.02096,0.00000,0.00000,164.48400,0.94531,0.00306,0.24000,0.01700,,0.02000,0.97500,0.00000,,,,,,
sim1_base,task003_symmetric,3,3.00000,6.00000,1.00000,truth,0,0.00000,0.00000,0.00000,0.00000,1.00000,1.00000,0.00000,5.80200,0.03334,0.00000,1.00000,1.00000,2.00000,1.00000,0.00000,1.00000,,,,,,
sim1_base,task003_symmetric,3,3.00000,9.00000,0.75000,both,0,,,,,,,,,,,,,,,,,-0.46004,-0.46819,-0.45148,0.49717,0.49658,0.49769
sim1_base,task003_symmetric,3,3.00000,9.00000,0.75000,both,1,,,,,,,,,,,,,,,,,-0.00094,-0.00194,-0.00008,-0.00015,-0.00060,0.00035
sim1_base,task003_symmetric,3,3.00000,9.00000,0.75000,both,2,,,,,,,,,,,,,,,,,0.46098,0.45248,0.46904,-0.49702,-0.49756,-0.49646
sim1_base,task003_symmetric,3,3.00000,9.00000,0.75000,false,2,0.95800,0.94949,0.96621,-0.00079,0.99671,0.03871,0.00213,45.21600,0.17324,0.50849,1.00000,0.04000,4.00000,0.93500,0.00000,0.01400,,,,,,
sim1_base,task003_symmetric,3,3.00000,9.00000,0.75000,truth,0,0.03712,0.02892,0.04571,-0.00108,0.99550,0.95837,0.00183,13.93200,0.05338,0.06395,1.00000,0.98700,2.00000,0.91000,0.00000,0.69300,,,,,,
sim1_base,task003_symmetric,3,3.00000,9.00000,1.00000,both,0,,,,,,,,,,,,,,,,,-0.01277,-0.01761,-0.00837,0.01277,0.00838,0.01761
sim1_base,task003_symmetric,3,3.00000,9.00000,1.00000,both,1,,,,,,,,,,,,,,,,,0.00000,0.00000,0.00000,0.00000,0.00000,0.00000
sim1_base,task003_symmetric,3,3.00000,9.00000,1.00000,both,2,,,,,,,,,,,,,,,,,0.01277,0.00838,0.01761,-0.01277,-0.01761,-0.00838
sim1_base,task003_symmetric,3,3.00000,9.00000,1.00000,false,2,0.02554,0.01675,0.03521,0.00000,0.02554,0.00000,0.00000,244.26000,0.93586,0.00251,0.25500,0.01700,,0.02300,0.96200,0.00000,,,,,,
sim1_base,task003_symmetric,3,3.00000,9.00000,1.00000,truth,0,0.00000,0.00000,0.00000,0.00000,1.00000,1.00000,0.00000,8.47800,0.03248,0.00000,1.00000,1.00000,2.00000,1.00000,0.00000,1.00000,,,,,,
sim1_base,task003_symmetric,3,6.00000,1.00000,0.75000,both,0,,,,,,,,,,,,,,,,,-0.44217,-0.45067,-0.43158,0.47188,0.46767,0.47571
sim1_base,task003_symmetric,3,6.00000,1.00000,0.75000,both,1,,,,,,,,,,,,,,,,,0.00019,-0.00081,0.00110,-0.00060,-0.00123,0.00004
sim1_base,task003_symmetric,3,6.00000,1.00000,0.75000,both,2,,,,,,,,,,,,,,,,,0.44198,0.43154,0.45030,-0.47127,-0.47525,-0.46698
sim1_base,task003_symmetric,3,6.00000,1.00000,0.75000,false,2,0.91325,0.89996,0.92400,0.00079,0.95196,0.03871,0.00371,11.09400,0.38255,1.97566,0.98400,0.04000,8.00000,0.75400,0.00000,0.01400,,,,,,
sim1_base,task003_symmetric,3,6.00000,1.00000,0.75000,truth,0,0.02971,0.02166,0.03883,-0.00042,0.98808,0.95837,0.00250,1.21100,0.04176,0.58877,1.00000,0.98700,2.00000,0.78300,0.00000,0.69300,,,,,,
sim1_base,task003_symmetric,3,6.00000,1.00000,1.00000,both,0,,,,,,,,,,,,,,,,,-0.00413,-0.00713,-0.00160,0.00408,0.00156,0.00708
sim1_base,task003_symmetric,3,6.00000,1.00000,1.00000,both,1,,,,,,,,,,,,,,,,,0.00000,0.00000,0.00000,0.00000,0.00000,0.00000
sim1_base,task003_symmetric,3,6.00000,1.00000,1.00000,both,2,,,,,,,,,,,,,,,,,0.00412,0.00160,0.00712,-0.00408,-0.00708,-0.00156
sim1_base,task003_symmetric,3,6.00000,1.00000,1.00000,false,2,0.00821,0.00321,0.01421,0.00000,0.00821,0.00000,0.00000,28.49900,0.98272,0.00691,0.05400,0.01700,,0.00800,0.99100,0.00000,,,,,,
sim1_base,task003_symmetric,3,6.00000,1.00000,1.00000,truth,0,-0.00004,-0.00012,0.00000,0.00000,0.99996,1.00000,0.00000,0.74600,0.02572,-0.00134,1.00000,1.00000,2.00000,0.99900,0.00000,1.00000,,,,,,
sim1_base,task003_symmetric,3,6.00000,2.00000,0.75000,both,0,,,,,,,,,,,,,,,,,-0.45890,-0.46702,-0.45020,0.49144,0.49006,0.49271
sim1_base,task003_symmetric,3,6.00000,2.00000,0.75000,both,1,,,,,,,,,,,,,,,,,-0.00083,-0.00169,-0.00004,-0.00021,-0.00067,0.00025
sim1_base,task003_symmetric,3,6.00000,2.00000,0.75000,both,2,,,,,,,,,,,,,,,,,0.45973,0.45108,0.46788,-0.49123,-0.49269,-0.48987
sim1_base,task003_symmetric,3,6.00000,2.00000,0.75000,false,2,0.95096,0.94213,0.95950,-0.00062,0.98967,0.03871,0.00229,12.56200,0.21659,1.81683,1.00000,0.04000,5.00000,0.88100,0.00000,0.01400,,,,,,
sim1_base,task003_symmetric,3,6.00000,2.00000,0.75000,truth,0,0.03254,0.02454,0.04121,-0.00104,0.99092,0.95837,0.00187,2.02600,0.03493,0.38549,1.00000,0.98700,2.00000,0.82600,0.00000,0.69300,,,,,,
sim1_base,task003_symmetric,3,6.00000,2.00000,1.00000,both,0,,,,,,,,,,,,,,,,,-0.01079,-0.01502,-0.00669,0.01079,0.00669,0.01502
sim1_base,task003_symmetric,3,6.00000,2.00000,1.00000,both,1,,,,,,,,,,,,,,,,,0.00000,0.00000,0.00000,0.00000,0.00000,0.00000
sim1_base,task003_symmetric,3,6.00000,2.00000,1.00000,both,2,,,,,,,,,,,,,,,,,0.01079,0.00669,0.01502,-0.01079,-0.01502,-0.00669
sim1_base,task003_symmetric,3,6.00000,2.00000,1.00000,false,2,0.02158,0.01338,0.03005,0.00000,0.02158,0.00000,0.00000,55.24600,0.95252,0.00938,0.15700,0.01700,,0.02000,0.97100,0.00000,,,,,,
sim1_base,task003_symmetric,3,6.00000,2.00000,1.00000,truth,0,0.00000,0.00000,0.00000,0.00000,1.00000,1.00000,0.00000,1.38000,0.02379,0.00000,1.00000,1.00000,2.00000,1.00000,0.00000,1.00000,,,,,,
sim1_base,task003_symmetric,3,6.00000,3.00000,0.75000,both,0,,,,,,,,,,,,,,,,,-0.46019,-0.46804,-0.45131,0.49344,0.49225,0.49446
sim1_base,task003_symmetric,3,6.00000,3.00000,0.75000,both,1,,,,,,,,,,,,,,,,,-0.00096,-0.00183,-0.00013,-0.00017,-0.00067,0.00031
sim1_base,task003_symmetric,3,6.00000,3.00000,0.75000,both,2,,,,,,,,,,,,,,,,,0.46115,0.45200,0.46906,-0.49327,-0.49442,-0.49192
sim1_base,task003_symmetric,3,6.00000,3.00000,0.75000,false,2,0.95442,0.94529,0.96258,-0.00079,0.99313,0.03871,0.00213,15.63600,0.17972,1.46495,1.00000,0.04000,4.00000,0.92400,0.00000,0.01400,,,,,,
sim1_base,task003_symmetric,3,6.00000,3.00000,0.75000,truth,0,0.03325,0.02533,0.04233,-0.00112,0.99162,0.95837,0.00179,2.98800,0.03434,0.26707,1.00000,0.98700,2.00000,0.83600,0.00000,0.69300,,,,,,
sim1_base,task003_symmetric,3,6.00000,3.00000,1.00000,both,0,,,,,,,,,,,,,,,,,-0.01458,-0.01971,-0.00908,0.01458,0.00908,0.01971
sim1_base,task003_symmetric,3,6.00000,3.00000,1.00000,both,1,,,,,,,,,,,,,,,,,0.00000,0.00000,0.00000,0.00000,0.00000,0.00000
sim1_base,task003_symmetric,3,6.00000,3.00000,1.00000,both,2,,,,,,,,,,,,,,,,,0.01458,0.00908,0.01971,-0.01458,-0.01971,-0.00908
sim1_base,task003_symmetric,3,6.00000,3.00000,1.00000,false,2,0.02917,0.01817,0.03942,0.00000,0.02917,0.00000,0.00000,81.24600,0.93386,0.00862,0.24700,0.01700,,0.02900,0.96900,0.00000,,,,,,
sim1_base,task003_symmetric,3,6.00000,3.00000,1.00000,truth,0,0.00000,0.00000,0.00000,0.00000,1.00000,1.00000,0.00000,2.07000,0.02379,0.00000,1.00000,1.00000,2.00000,1.00000,0.00000,1.00000,,,,,,
sim1_base,task003_symmetric,3,6.00000,6.00000,0.75000,both,0,,,,,,,,,,,,,,,,,-0.46115,-0.46961,-0.45192,0.49506,0.49427,0.49579
sim1_base,task003_symmetric,3,6.00000,6.00000,0.75000,both,1,,,,,,,,,,,,,,,,,-0.00098,-0.00181,-0.00017,-0.00031,-0.00081,0.00015
sim1_base,task003_symmetric,3,6.00000,6.00000,0.75000,both,2,,,,,,,,,,,,,,,,,0.46212,0.45285,0.47050,-0.49475,-0.49548,-0.49398
sim1_base,task003_symmetric,3,6.00000,6.00000,0.75000,false,2,0.95688,0.94754,0.96521,-0.00067,0.99558,0.03871,0.00225,27.03000,0.15534,0.84961,1.00000,0.04000,4.00000,0.92300,0.00000,0.01400,,,,,,
sim1_base,task003_symmetric,3,6.00000,6.00000,0.75000,truth,0,0.03392,0.02538,0.04322,-0.00129,0.99229,0.95837,0.00162,5.61000,0.03224,0.14510,1.00000,0.98700,2.00000,0.85500,0.00000,0.69300,,,,,,
sim1_base,task003_symmetric,3,6.00000,6.00000,1.00000,both,0,,,,,,,,,,,,,,,,,-0.01165,-0.01658,-0.00750,0.01165,0.00750,0.01658
sim1_base,task003_symmetric,3,6.00000,6.00000,1.00000,both,1,,,,,,,,,,,,,,,,,0.00000,0.00000,0.00000,0.00000,0.00000,0.00000
sim1_base,task003_symmetric,3,6.00000,6.00000,1.00000,both,2,,,,,,,,,,,,,,,,,0.01165,0.00750,0.01658,-0.01165,-0.01658,-0.00750
sim1_base,task003_symmetric,3,6.00000,6.00000,1.00000,false,2,0.02329,0.01499,0.03317,0.00000,0.02329,0.00000,0.00000,162.90000,0.93621,0.00343,0.25400,0.01700,,0.02300,0.97300,0.00000,,,,,,
sim1_base,task003_symmetric,3,6.00000,6.00000,1.00000,truth,0,0.00000,0.00000,0.00000,0.00000,1.00000,1.00000,0.00000,4.01400,0.02307,0.00000,1.00000,1.00000,2.00000,1.00000,0.00000,1.00000,,,,,,
sim1_base,task003_symmetric,3,6.00000,9.00000,0.75000,both,0,,,,,,,,,,,,,,,,,-0.46069,-0.46880,-0.45162,0.49573,0.49494,0.49642
sim1_base,task003_symmetric,3,6.00000,9.00000,0.75000,both,1,,,,,,,,,,,,,,,,,-0.00112,-0.00200,-0.00031,-0.00025,-0.00071,0.00023
sim1_base,task003_symmetric,3,6.00000,9.00000,0.75000,both,2,,,,,,,,,,,,,,,,,0.46181,0.45291,0.46969,-0.49548,-0.49621,-0.49463
sim1_base,task003_symmetric,3,6.00000,9.00000,0.75000,false,2,0.95729,0.94833,0.96525,-0.00087,0.99600,0.03871,0.00204,36.45000,0.13966,0.63032,1.00000,0.04000,4.00000,0.94000,0.00000,0.01400,,,,,,
sim1_base,task003_symmetric,3,6.00000,9.00000,0.75000,truth,0,0.03504,0.02679,0.04409,-0.00138,0.99342,0.95837,0.00154,7.99200,0.03062,0.10523,1.00000,0.98700,2.00000,0.86900,0.00000,0.69300,,,,,,
sim1_base,task003_symmetric,3,6.00000,9.00000,1.00000,both,0,,,,,,,,,,,,,,,,,-0.01794,-0.02402,-0.01258,0.01794,0.01258,0.02402
sim1_base,task003_symmetric,3,6.00000,9.00000,1.00000,both,1,,,,,,,,,,,,,,,,,0.00000,0.00000,0.00000,0.00000,0.00000,0.00000
sim1_base,task003_symmetric,3,6.00000,9.00000,1.00000,both,2,,,,,,,,,,,,,,,,,0.01794,0.01258,0.02402,-0.01794,-0.02402,-0.01258
sim1_base,task003_symmetric,3,6.00000,9.00000,1.00000,false,2,0.03587,0.02516,0.04804,0.00000,0.03587,0.00000,0.00000,239.24700,0.91666,0.00360,0.29400,0.01700,,0.03100,0.95600,0.00000,,,,,,
sim1_base,task003_symmetric,3,6.00000,9.00000,1.00000,truth,0,0.00000,0.00000,0.00000,0.00000,1.00000,1.00000,0.00000,6.01200,0.02303,0.00000,1.00000,1.00000,2.00000,1.00000,0.00000,1.00000,,,,,,
sim1_base,task003_symmetric,3,12.00000,1.00000,0.75000,both,0,,,,,,,,,,,,,,,,,-0.44167,-0.45019,-0.43213,0.47004,0.46614,0.47392
sim1_base,task003_symmetric,3,12.00000,1.00000,0.75000,both,1,,,,,,,,,,,,,,,,,0.00042,-0.00050,0.00123,-0.00067,-0.00125,-0.00004
sim1_base,task003_symmetric,3,12.00000,1.00000,0.75000,both,2,,,,,,,,,,,,,,,,,0.44125,0.43173,0.44975,-0.46938,-0.47334,-0.46546
sim1_base,task003_symmetric,3,12.00000,1.00000,0.75000,false,2,0.91063,0.89954,0.92163,0.00108,0.94933,0.03871,0.00400,10.71600,0.36952,2.03947,0.98700,0.04000,8.00000,0.71400,0.00000,0.01400,,,,,,
sim1_base,task003_symmetric,3,12.00000,1.00000,0.75000,truth,0,0.02838,0.02074,0.03754,-0.00025,0.98675,0.95837,0.00267,0.72200,0.02490,0.94321,1.00000,0.98700,2.00000,0.77400,0.00000,0.69300,,,,,,
sim1_base,task003_symmetric,3,12.00000,1.00000,1.00000,both,0,,,,,,,,,,,,,,,,,-0.00200,-0.00400,-0.00050,0.00200,0.00050,0.00400
sim1_base,task003_symmetric,3,12.00000,1.00000,1.00000,both,1,,,,,,,,,,,,,,,,,0.00000,0.00000,0.00000,0.00000,0.00000,0.00000
sim1_base,task003_symmetric,3,12.00000,1.00000,1.00000,both,2,,,,,,,,,,,,,,,,,0.00200,0.00050,0.00400,-0.00200,-0.00400,-0.00050
sim1_base,task003_symmetric,3,12.00000,1.00000,1.00000,false,2,0.00400,0.00100,0.00800,0.00000,0.00400,0.00000,0.00000,28.61200,0.98662,0.00336,0.06300,0.01700,,0.00400,0.99600,0.00000,,,,,,
sim1_base,task003_symmetric,3,12.00000,1.00000,1.00000,truth,0,0.00000,0.00000,0.00000,0.00000,1.00000,1.00000,0.00000,0.52400,0.01807,0.00000,1.00000,1.00000,2.00000,1.00000,0.00000,1.00000,,,,,,
sim1_base,task003_symmetric,3,12.00000,2.00000,0.75000,both,0,,,,,,,,,,,,,,,,,-0.45942,-0.46817,-0.45058,0.48750,0.48558,0.48938
sim1_base,task003_symmetric,3,12.00000,2.00000,0.75000,both,1,,,,,,,,,,,,,,,,,-0.00112,-0.00194,-0.00035,0.00029,-0.00017,0.00075
sim1_base,task003_symmetric,3,12.00000,2.00000,0.75000,both,2,,,,,,,,,,,,,,,,,0.46054,0.45179,0.46909,-0.48779,-0.48973,-0.48585
sim1_base,task003_symmetric,3,12.00000,2.00000,0.75000,false,2,0.94833,0.93891,0.95746,-0.00142,0.98704,0.03871,0.00150,11.83800,0.20410,1.92262,1.00000,0.04000,5.00000,0.88900,0.00000,0.01400,,,,,,
sim1_base,task003_symmetric,3,12.00000,2.00000,0.75000,truth,0,0.02808,0.01954,0.03704,-0.00083,0.98646,0.95837,0.00208,1.30000,0.02241,0.51846,1.00000,0.98700,2.00000,0.77900,0.00000,0.69300,,,,,,
sim1_base,task003_symmetric,3,12.00000,2.00000,1.00000,both,0,,,,,,,,,,,,,,,,,-0.01058,-0.01515,-0.00656,0.01058,0.00656,0.01515
sim1_base,task003_symmetric,3,12.00000,2.00000,1.00000,both,1,,,,,,,,,,,,,,,,,0.00000,0.00000,0.00000,0.00000,0.00000,0.00000
sim1_base,task003_symmetric,3,12.00000,2.00000,1.00000,both,2,,,,,,,,,,,,,,,,,0.01058,0.00656,0.01515,-0.01058,-0.01515,-0.00656
sim1_base,task003_symmetric,3,12.00000,2.00000,1.00000,false,2,0.02117,0.01312,0.03029,0.00000,0.02117,0.00000,0.00000,55.05000,0.94914,0.00923,0.19200,0.01700,,0.02000,0.97600,0.00000,,,,,,
sim1_base,task003_symmetric,3,12.00000,2.00000,1.00000,truth,0,0.00000,0.00000,0.00000,0.00000,1.00000,1.00000,0.00000,0.99000,0.01707,0.00000,1.00000,1.00000,2.00000,1.00000,0.00000,1.00000,,,,,,
sim1_base,task003_symmetric,3,12.00000,3.00000,0.75000,both,0,,,,,,,,,,,,,,,,,-0.46167,-0.46960,-0.45312,0.48975,0.48821,0.49119
sim1_base,task003_symmetric,3,12.00000,3.00000,0.75000,both,1,,,,,,,,,,,,,,,,,-0.00060,-0.00144,0.00019,-0.00073,-0.00127,-0.00025
sim1_base,task003_symmetric,3,12.00000,3.00000,0.75000,both,2,,,,,,,,,,,,,,,,,0.46227,0.45356,0.47019,-0.48902,-0.49067,-0.48735
sim1_base,task003_symmetric,3,12.00000,3.00000,0.75000,false,2,0.95129,0.94204,0.95950,0.00013,0.99000,0.03871,0.00304,15.33600,0.17628,1.48872,1.00000,0.04000,4.00000,0.89300,0.00000,0.01400,,,,,,
sim1_base,task003_symmetric,3,12.00000,3.00000,0.75000,truth,0,0.02808,0.02029,0.03658,-0.00133,0.98646,0.95837,0.00158,1.85100,0.02128,0.36413,1.00000,0.98700,2.00000,0.77100,0.00000,0.69300,,,,,,
sim1_base,task003_symmetric,3,12.00000,3.00000,1.00000,both,0,,,,,,,,,,,,,,,,,-0.01571,-0.02154,-0.01056,0.01571,0.01056,0.02154
sim1_base,task003_symmetric,3,12.00000,3.00000,1.00000,both,1,,,,,,,,,,,,,,,,,0.00000,0.00000,0.00000,0.00000,0.00000,0.00000
sim1_base,task003_symmetric,3,12.00000,3.00000,1.00000,both,2,,,,,,,,,,,,,,,,,0.01571,0.01056,0.02154,-0.01571,-0.02154,-0.01056
sim1_base,task003_symmetric,3,12.00000,3.00000,1.00000,false,2,0.03142,0.02112,0.04308,0.00000,0.03142,0.00000,0.00000,81.48600,0.93662,0.00925,0.21800,0.01700,,0.03100,0.96500,0.00000,,,,,,
sim1_base,task003_symmetric,3,12.00000,3.00000,1.00000,truth,0,0.00000,0.00000,0.00000,0.00000,1.00000,1.00000,0.00000,1.47000,0.01690,0.00000,1.00000,1.00000,2.00000,1.00000,0.00000,1.00000,,,,,,
sim1_base,task003_symmetric,3,12.00000,6.00000,0.75000,both,0,,,,,,,,,,,,,,,,,-0.46290,-0.47096,-0.45402,0.49260,0.49146,0.49365
sim1_base,task003_symmetric,3,12.00000,6.00000,0.75000,both,1,,,,,,,,,,,,,,,,,-0.00015,-0.00104,0.00071,-0.00023,-0.00083,0.00033
sim1_base,task003_symmetric,3,12.00000,6.00000,0.75000,both,2,,,,,,,,,,,,,,,,,0.46304,0.45412,0.47100,-0.49238,-0.49354,-0.49113
sim1_base,task003_symmetric,3,12.00000,6.00000,0.75000,false,2,0.95542,0.94625,0.96375,0.00008,0.99413,0.03871,0.00300,26.38800,0.15166,0.86896,1.00000,0.04000,4.00000,0.91600,0.00000,0.01400,,,,,,
sim1_base,task003_symmetric,3,12.00000,6.00000,0.75000,truth,0,0.02971,0.02158,0.03854,-0.00037,0.98808,0.95837,0.00254,3.56400,0.02048,0.20006,1.00000,0.98700,2.00000,0.79300,0.00000,0.69300,,,,,,
sim1_base,task003_symmetric,3,12.00000,6.00000,1.00000,both,0,,,,,,,,,,,,,,,,,-0.01244,-0.01746,-0.00787,0.01244,0.00787,0.01746
sim1_base,task003_symmetric,3,12.00000,6.00000,1.00000,both,1,,,,,,,,,,,,,,,,,0.00000,0.00000,0.00000,0.00000,0.00000,0.00000
sim1_base,task003_symmetric,3,12.00000,6.00000,1.00000,both,2,,,,,,,,,,,,,,,,,0.01244,0.00787,0.01746,-0.01244,-0.01746,-0.00787
sim1_base,task003_symmetric,3,12.00000,6.00000,1.00000,false,2,0.02488,0.01575,0.03492,0.00000,0.02488,0.00000,0.00000,163.27200,0.93834,0.00366,0.23300,0.01700,,0.02200,0.97100,0.00000,,,,,,
sim1_base,task003_symmetric,3,12.00000,6.00000,1.00000,truth,0,0.00000,0.00000,0.00000,0.00000,1.00000,1.00000,0.00000,2.82000,0.01621,0.00000,1.00000,1.00000,2.00000,1.00000,0.00000,1.00000,,,,,,
sim1_base,task003_symmetric,3,12.00000,9.00000,0.75000,both,0,,,,,,,,,,,,,,,,,-0.46185,-0.47011,-0.45260,0.49402,0.49292,0.49500
sim1_base,task003_symmetric,3,12.00000,9.00000,0.75000,both,1,,,,,,,,,,,,,,,,,-0.00100,-0.00183,-0.00023,-0.00029,-0.00071,0.00013
sim1_base,task003_symmetric,3,12.00000,9.00000,0.75000,both,2,,,,,,,,,,,,,,,,,0.46285,0.45387,0.47100,-0.49373,-0.49471,-0.49271
sim1_base,task003_symmetric,3,12.00000,9.00000,0.75000,false,2,0.95658,0.94754,0.96513,-0.00071,0.99529,0.03871,0.00221,34.12800,0.13076,0.67270,1.00000,0.04000,4.00000,0.92000,0.00000,0.01400,,,,,,
sim1_base,task003_symmetric,3,12.00000,9.00000,0.75000,truth,0,0.03217,0.02387,0.04133,-0.00129,0.99054,0.95837,0.00162,5.19300,0.01990,0.14866,1.00000,0.98700,2.00000,0.83200,0.00000,0.69300,,,,,,
sim1_base,task003_symmetric,3,12.00000,9.00000,1.00000,both,0,,,,,,,,,,,,,,,,,-0.01442,-0.01948,-0.00935,0.01442,0.00935,0.01948
sim1_base,task003_symmetric,3,12.00000,9.00000,1.00000,both,1,,,,,,,,,,,,,,,,,0.00000,0.00000,0.00000,0.00000,0.00000,0.00000
sim1_base,task003_symmetric,3,12.00000,9.00000,1.00000,both,2,,,,,,,,,,,,,,,,,0.01442,0.00935,0.01948,-0.01442,-0.01948,-0.00935
sim1_base,task003_symmetric,3,12.00000,9.00000,1.00000,false,2,0.02883,0.01871,0.03896,0.00000,0.02883,0.00000,0.00000,242.73000,0.93000,0.00285,0.25900,0.01700,,0.02800,0.95600,0.00000,,,,,,
sim1_base,task003_symmetric,3,12.00000,9.00000,1.00000,truth,0,0.00000,0.00000,0.00000,0.00000,1.00000,1.00000,0.00000,4.30200,0.01648,0.00000,1.00000,1.00000,2.00000,1.00000,0.00000,1.00000,,,,,,
sim1_base,task003_symmetric,3,24.00000,1.00000,0.75000,both,0,,,,,,,,,,,,,,,,,-0.34917,-0.36215,-0.33528,0.37333,0.36129,0.38344
sim1_base,task003_symmetric,3,24.00000,1.00000,0.75000,both,1,,,,,,,,,,,,,,,,,0.00048,-0.00052,0.00167,-0.00110,-0.00210,-0.00031
sim1_base,task003_symmetric,3,24.00000,1.00000,0.75000,both,2,,,,,,,,,,,,,,,,,0.34869,0.33450,0.36150,-0.37223,-0.38233,-0.36031
sim1_base,task003_symmetric,3,24.00000,1.00000,0.75000,false,2,0.72092,0.69729,0.74284,0.00158,0.75962,0.03871,0.00450,16.18800,0.55821,1.06882,0.79200,0.04000,10.00000,0.51600,0.01300,0.01400,,,,,,
sim1_base,task003_symmetric,3,24.00000,1.00000,0.75000,truth,0,0.02417,0.01625,0.03262,-0.00063,0.98254,0.95837,0.00229,0.33000,0.01138,1.75758,1.00000,0.98700,2.00000,0.75200,0.00000,0.69300,,,,,,
sim1_base,task003_symmetric,3,24.00000,1.00000,1.00000,both,0,,,,,,,,,,,,,,,,,-0.00352,-0.00650,-0.00102,0.00352,0.00102,0.00650
sim1_base,task003_symmetric,3,24.00000,1.00000,1.00000,both,1,,,,,,,,,,,,,,,,,0.00000,0.00000,0.00000,0.00000,0.00000,0.00000
sim1_base,task003_symmetric,3,24.00000,1.00000,1.00000,both,2,,,,,,,,,,,,,,,,,0.00352,0.00102,0.00650,-0.00352,-0.00650,-0.00102
sim1_base,task003_symmetric,3,24.00000,1.00000,1.00000,false,2,0.00704,0.00204,0.01300,0.00000,0.00704,0.00000,0.00000,28.60000,0.98621,0.00591,0.06900,0.01700,,0.00700,0.99200,0.00000,,,,,,
sim1_base,task003_symmetric,3,24.00000,1.00000,1.00000,truth,0,0.00000,0.00000,0.00000,0.00000,1.00000,1.00000,0.00000,0.12700,0.00438,0.00000,1.00000,1.00000,2.00000,1.00000,0.00000,1.00000,,,,,,
sim1_base,task003_symmetric,3,24.00000,2.00000,0.75000,both,0,,,,,,,,,,,,,,,,,-0.45375,-0.46267,-0.44398,0.47779,0.47444,0.48094
sim1_base,task003_symmetric,3,24.00000,2.00000,0.75000,both,1,,,,,,,,,,,,,,,,,-0.00110,-0.00188,-0.00038,0.00031,-0.00015,0.00075
sim1_base,task003_symmetric,3,24.00000,2.00000,0.75000,both,2,,,,,,,,,,,,,,,,,0.45485,0.44512,0.46363,-0.47810,-0.48131,-0.47479
sim1_base,task003_symmetric,3,24.00000,2.00000,0.75000,false,2,0.93296,0.92221,0.94338,-0.00142,0.97167,0.03871,0.00150,14.59000,0.25155,1.53468,0.99400,0.04000,5.00000,0.82300,0.00000,0.01400,,,,,,
sim1_base,task003_symmetric,3,24.00000,2.00000,0.75000,truth,0,0.02404,0.01596,0.03300,-0.00079,0.98242,0.95837,0.00213,0.56600,0.00976,1.01943,1.00000,0.98700,2.00000,0.74800,0.00000,0.69300,,,,,,
sim1_base,task003_symmetric,3,24.00000,2.00000,1.00000,both,0,,,,,,,,,,,,,,,,,-0.01158,-0.01654,-0.00704,0.01158,0.00704,0.01654
sim1_base,task003_symmetric,3,24.00000,2.00000,1.00000,both,1,,,,,,,,,,,,,,,,,0.00000,0.00000,0.00000,0.00000,0.00000,0.00000
sim1_base,task003_symmetric,3,24.00000,2.00000,1.00000,both,2,,,,,,,,,,,,,,,,,0.01158,0.00704,0.01654,-0.01158,-0.01654,-0.00704
sim1_base,task003_symmetric,3,24.00000,2.00000,1.00000,false,2,0.02317,0.01408,0.03308,0.00000,0.02317,0.00000,0.00000,55.23800,0.95238,0.01007,0.19900,0.01700,,0.02300,0.97300,0.00000,,,,,,
sim1_base,task003_symmetric,3,24.00000,2.00000,1.00000,truth,0,0.00000,0.00000,0.00000,0.00000,1.00000,1.00000,0.00000,0.24400,0.00421,0.00000,1.00000,1.00000,2.00000,1.00000,0.00000,1.00000,,,,,,
sim1_base,task003_symmetric,3,24.00000,3.00000,0.75000,both,0,,,,,,,,,,,,,,,,,-0.45802,-0.46573,-0.44837,0.48256,0.47958,0.48513
sim1_base,task003_symmetric,3,24.00000,3.00000,0.75000,both,1,,,,,,,,,,,,,,,,,0.00077,-0.00017,0.00171,-0.00127,-0.00198,-0.00056
sim1_base,task003_symmetric,3,24.00000,3.00000,0.75000,both,2,,,,,,,,,,,,,,,,,0.45725,0.44762,0.46477,-0.48129,-0.48402,-0.47817
sim1_base,task003_symmetric,3,24.00000,3.00000,0.75000,false,2,0.93854,0.92796,0.94759,0.00204,0.97725,0.03871,0.00496,20.56800,0.23641,1.09515,0.99300,0.04000,4.00000,0.85200,0.00000,0.01400,,,,,,
sim1_base,task003_symmetric,3,24.00000,3.00000,0.75000,truth,0,0.02454,0.01662,0.03329,-0.00050,0.98292,0.95837,0.00242,0.82800,0.00952,0.71135,1.00000,0.98700,2.00000,0.74300,0.00000,0.69300,,,,,,
sim1_base,task003_symmetric,3,24.00000,3.00000,1.00000,both,0,,,,,,,,,,,,,,,,,-0.01171,-0.01663,-0.00758,0.01171,0.00758,0.01663
sim1_base,task003_symmetric,3,24.00000,3.00000,1.00000,both,1,,,,,,,,,,,,,,,,,0.00000,0.00000,0.00000,0.00000,0.00000,0.00000
sim1_base,task003_symmetric,3,24.00000,3.00000,1.00000,both,2,,,,,,,,,,,,,,,,,0.01171,0.00758,0.01663,-0.01171,-0.01663,-0.00758
sim1_base,task003_symmetric,3,24.00000,3.00000,1.00000,false,2,0.02342,0.01517,0.03325,0.00000,0.02342,0.00000,0.00000,83.19000,0.95621,0.00676,0.19000,0.01700,,0.02300,0.97100,0.00000,,,,,,
sim1_base,task003_symmetric,3,24.00000,3.00000,1.00000,truth,0,0.00000,0.00000,0.00000,0.00000,1.00000,1.00000,0.00000,0.34800,0.00400,0.00000,1.00000,1.00000,2.00000,1.00000,0.00000,1.00000,,,,,,
sim1_base,task003_symmetric,3,24.00000,6.00000,0.75000,both,0,,,,,,,,,,,,,,,,,-0.46450,-0.47294,-0.45577,0.49042,0.48892,0.49177
sim1_base,task003_symmetric,3,24.00000,6.00000,0.75000,both,1,,,,,,,,,,,,,,,,,0.00069,-0.00029,0.00162,-0.00106,-0.00167,-0.00042
sim1_base,task003_symmetric,3,24.00000,6.00000,0.75000,both,2,,,,,,,,,,,,,,,,,0.46381,0.45498,0.47186,-0.48935,-0.49079,-0.48771
sim1_base,task003_symmetric,3,24.00000,6.00000,0.75000,false,2,0.95317,0.94429,0.96163,0.00175,0.99187,0.03871,0.00467,28.96200,0.16645,0.78986,1.00000,0.04000,4.00000,0.89400,0.00000,0.01400,,,,,,
sim1_base,task003_symmetric,3,24.00000,6.00000,0.75000,truth,0,0.02592,0.01771,0.03479,-0.00038,0.98429,0.95837,0.00254,1.60800,0.00924,0.38682,1.00000,0.98700,2.00000,0.76500,0.00000,0.69300,,,,,,
sim1_base,task003_symmetric,3,24.00000,6.00000,1.00000,both,0,,,,,,,,,,,,,,,,,-0.00640,-0.00988,-0.00321,0.00640,0.00321,0.00988
sim1_base,task003_symmetric,3,24.00000,6.00000,1.00000,both,1,,,,,,,,,,,,,,,,,0.00000,0.00000,0.00000,0.00000,0.00000,0.00000
sim1_base,task003_symmetric,3,24.00000,6.00000,1.00000,both,2,,,,,,,,,,,,,,,,,0.00640,0.00321,0.00988,-0.00640,-0.00988,-0.00321
sim1_base,task003_symmetric,3,24.00000,6.00000,1.00000,false,2,0.01279,0.00642,0.01975,0.00000,0.01279,0.00000,0.00000,168.25800,0.96700,0.00182,0.17300,0.01700,,0.01100,0.98400,0.00000,,,,,,
sim1_base,task003_symmetric,3,24.00000,6.00000,1.00000,truth,0,0.00000,0.00000,0.00000,0.00000,1.00000,1.00000,0.00000,0.73800,0.00424,0.00000,1.00000,1.00000,2.00000,1.00000,0.00000,1.00000,,,,,,
sim1_base,task003_symmetric,3,24.00000,9.00000,0.75000,both,0,,,,,,,,,,,,,,,,,-0.46473,-0.47254,-0.45543,0.49115,0.48960,0.49246
sim1_base,task003_symmetric,3,24.00000,9.00000,0.75000,both,1,,,,,,,,,,,,,,,,,-0.00035,-0.00115,0.00044,-0.00056,-0.00115,-0.00002
sim1_base,task003_symmetric,3,24.00000,9.00000,0.75000,both,2,,,,,,,,,,,,,,,,,0.46508,0.45583,0.47273,-0.49058,-0.49198,-0.48904
sim1_base,task003_symmetric,3,24.00000,9.00000,0.75000,false,2,0.95567,0.94633,0.96346,0.00021,0.99438,0.03871,0.00313,36.65700,0.14045,0.62569,1.00000,0.04000,4.00000,0.91500,0.00000,0.01400,,,,,,
sim1_base,task003_symmetric,3,24.00000,9.00000,0.75000,truth,0,0.02642,0.01871,0.03550,-0.00092,0.98479,0.95837,0.00200,2.35800,0.00903,0.26887,1.00000,0.98700,2.00000,0.77100,0.00000,0.69300,,,,,,
sim1_base,task003_symmetric,3,24.00000,9.00000,1.00000,both,0,,,,,,,,,,,,,,,,,-0.01008,-0.01444,-0.00629,0.01008,0.00629,0.01444
sim1_base,task003_symmetric,3,24.00000,9.00000,1.00000,both,1,,,,,,,,,,,,,,,,,0.00000,0.00000,0.00000,0.00000,0.00000,0.00000
sim1_base,task003_symmetric,3,24.00000,9.00000,1.00000,both,2,,,,,,,,,,,,,,,,,0.01008,0.00629,0.01444,-0.01008,-0.01444,-0.00629
sim1_base,task003_symmetric,3,24.00000,9.00000,1.00000,false,2,0.02017,0.01258,0.02888,0.00000,0.02017,0.00000,0.00000,249.30000,0.95517,0.00194,0.22500,0.01700,,0.01800,0.96700,0.00000,,,,,,
sim1_base,task003_symmetric,3,24.00000,9.00000,1.00000,truth,0,0.00000,0.00000,0.00000,0.00000,1.00000,1.00000,0.00000,1.04400,0.00400,0.00000,1.00000,1.00000,2.00000,1.00000,0.00000,1.00000,,,,,,
sim1_base,task003_symmetric,6,3.00000,1.00000,0.75000,both,0,,,,,,,,,,,,,,,,,-0.24792,-0.26167,-0.23342,0.27700,0.26512,0.28952
sim1_base,task003_symmetric,6,3.00000,1.00000,0.75000,both,1,,,,,,,,,,,,,,,,,0.00119,0.00071,0.00169,-0.00135,-0.00179,-0.00096
sim1_base,task003_symmetric,6,3.00000,1.00000,0.75000,both,2,,,,,,,,,,,,,,,,,0.24673,0.23225,0.26052,-0.27565,-0.28813,-0.26362
sim1_base,task003_symmetric,6,3.00000,1.00000,0.75000,false,2,0.52238,0.49779,0.54675,0.00254,0.55475,0.03238,0.00313,23.10800,0.79683,0.54254,0.55500,0.06600,27.00000,0.30800,0.05000,0.02500,,,,,,
sim1_base,task003_symmetric,6,3.00000,1.00000,0.75000,truth,0,0.02908,0.01967,0.03850,-0.00017,0.99613,0.96704,0.00042,0.97000,0.03345,0.71959,1.00000,0.97500,1.00000,0.91500,0.00000,0.82900,,,,,,
sim1_base,task003_symmetric,6,3.00000,1.00000,1.00000,both,0,,,,,,,,,,,,,,,,,0.01300,0.00800,0.01850,0.01700,0.01200,0.02250
sim1_base,task003_symmetric,6,3.00000,1.00000,1.00000,both,1,,,,,,,,,,,,,,,,,0.00000,0.00000,0.00000,0.00000,0.00000,0.00000
sim1_base,task003_symmetric,6,3.00000,1.00000,1.00000,both,2,,,,,,,,,,,,,,,,,-0.01300,-0.01850,-0.00800,-0.01700,-0.02250,-0.01200
sim1_base,task003_symmetric,6,3.00000,1.00000,1.00000,false,2,0.00400,0.00100,0.00800,0.00000,0.03400,0.03000,0.00000,27.93500,0.96328,0.00344,0.07400,0.06000,,0.03400,0.96600,0.03000,,,,,,
sim1_base,task003_symmetric,6,3.00000,1.00000,1.00000,truth,0,0.03000,0.02100,0.04000,0.00000,1.00000,0.97000,0.00000,0.51900,0.01790,1.38728,1.00000,0.97000,1.00000,1.00000,0.00000,0.97000,,,,,,
sim1_base,task003_symmetric,6,3.00000,2.00000,0.75000,both,0,,,,,,,,,,,,,,,,,-0.40642,-0.41796,-0.39433,0.43663,0.42816,0.44492
sim1_base,task003_symmetric,6,3.00000,2.00000,0.75000,both,1,,,,,,,,,,,,,,,,,0.00112,0.00056,0.00165,-0.00137,-0.00183,-0.00094
sim1_base,task003_symmetric,6,3.00000,2.00000,0.75000,both,2,,,,,,,,,,,,,,,,,0.40529,0.39293,0.41690,-0.43525,-0.44367,-0.42642
sim1_base,task003_symmetric,6,3.00000,2.00000,0.75000,false,2,0.84054,0.82088,0.85859,0.00250,0.87292,0.03238,0.00308,27.91800,0.48134,0.72258,0.92500,0.06600,8.00000,0.71300,0.00100,0.02500,,,,,,
sim1_base,task003_symmetric,6,3.00000,2.00000,0.75000,truth,0,0.03021,0.02146,0.03930,-0.00025,0.99725,0.96704,0.00033,1.71400,0.02955,0.42299,1.00000,0.97500,1.00000,0.94000,0.00000,0.82900,,,,,,
sim1_base,task003_symmetric,6,3.00000,2.00000,1.00000,both,0,,,,,,,,,,,,,,,,,0.00848,0.00200,0.01450,0.02152,0.01502,0.02800
sim1_base,task003_symmetric,6,3.00000,2.00000,1.00000,both,1,,,,,,,,,,,,,,,,,0.00000,0.00000,0.00000,0.00000,0.00000,0.00000
sim1_base,task003_symmetric,6,3.00000,2.00000,1.00000,both,2,,,,,,,,,,,,,,,,,-0.00848,-0.01450,-0.00200,-0.02152,-0.02800,-0.01502
sim1_base,task003_symmetric,6,3.00000,2.00000,1.00000,false,2,0.01304,0.00608,0.02004,0.00000,0.04304,0.03000,0.00000,55.15800,0.95100,0.00567,0.11000,0.06000,,0.04300,0.95600,0.03000,,,,,,
sim1_base,task003_symmetric,6,3.00000,2.00000,1.00000,truth,0,0.03000,0.02000,0.04100,0.00000,1.00000,0.97000,0.00000,0.96000,0.01655,0.75000,1.00000,0.97000,1.00000,1.00000,0.00000,0.97000,,,,,,
sim1_base,task003_symmetric,6,3.00000,3.00000,0.75000,both,0,,,,,,,,,,,,,,,,,-0.44490,-0.45546,-0.43456,0.47535,0.47054,0.47996
sim1_base,task003_symmetric,6,3.00000,3.00000,0.75000,both,1,,,,,,,,,,,,,,,,,0.00052,0.00008,0.00096,-0.00073,-0.00106,-0.00042
sim1_base,task003_symmetric,6,3.00000,3.00000,0.75000,both,2,,,,,,,,,,,,,,,,,0.44437,0.43404,0.45478,-0.47463,-0.47927,-0.46958
sim1_base,task003_symmetric,6,3.00000,3.00000,0.75000,false,2,0.91900,0.90563,0.93251,0.00125,0.95137,0.03238,0.00183,27.62400,0.31752,0.79844,0.98300,0.06600,4.00000,0.84700,0.00000,0.02500,,,,,,
sim1_base,task003_symmetric,6,3.00000,3.00000,0.75000,truth,0,0.03046,0.02121,0.04063,-0.00021,0.99750,0.96704,0.00038,2.45400,0.02821,0.29788,1.00000,0.97500,1.00000,0.94400,0.00000,0.82900,,,,,,
sim1_base,task003_symmetric,6,3.00000,3.00000,1.00000,both,0,,,,,,,,,,,,,,,,,0.00200,-0.00600,0.00950,0.02800,0.02050,0.03500
sim1_base,task003_symmetric,6,3.00000,3.00000,1.00000,both,1,,,,,,,,,,,,,,,,,0.00000,0.00000,0.00000,0.00000,0.00000,0.00000
sim1_base,task003_symmetric,6,3.00000,3.00000,1.00000,both,2,,,,,,,,,,,,,,,,,-0.00200,-0.00950,0.00600,-0.02800,-0.03500,-0.02050
sim1_base,task003_symmetric,6,3.00000,3.00000,1.00000,false,2,0.02600,0.01700,0.03600,0.00000,0.05600,0.03000,0.00000,81.47700,0.93652,0.00766,0.14700,0.06000,,0.05600,0.94400,0.03000,,,,,,
sim1_base,task003_symmetric,6,3.00000,3.00000,1.00000,truth,0,0.03000,0.02000,0.04100,0.00000,1.00000,0.97000,0.00000,1.38900,0.01597,0.51836,1.00000,0.97000,1.00000,1.00000,0.00000,0.97000,,,,,,
sim1_base,task003_symmetric,6,3.00000,6.00000,0.75000,both,0,,,,,,,,,,,,,,,,,-0.46027,-0.46956,-0.45023,0.49094,0.48791,0.49346
sim1_base,task003_symmetric,6,3.00000,6.00000,0.75000,both,1,,,,,,,,,,,,,,,,,0.00040,-0.00002,0.00085,-0.00052,-0.00094,-0.00015
sim1_base,task003_symmetric,6,3.00000,6.00000,0.75000,both,2,,,,,,,,,,,,,,,,,0.45987,0.44979,0.46925,-0.49042,-0.49302,-0.48729
sim1_base,task003_symmetric,6,3.00000,6.00000,0.75000,false,2,0.95029,0.93933,0.96100,0.00092,0.98267,0.03238,0.00150,43.00200,0.24714,0.53037,0.99600,0.06600,4.00000,0.92700,0.00000,0.02500,,,,,,
sim1_base,task003_symmetric,6,3.00000,6.00000,0.75000,truth,0,0.03067,0.02166,0.04079,-0.00012,0.99771,0.96704,0.00046,4.69200,0.02697,0.15686,1.00000,0.97500,1.00000,0.94800,0.00000,0.82900,,,,,,
sim1_base,task003_symmetric,6,3.00000,6.00000,1.00000,both,0,,,,,,,,,,,,,,,,,0.00850,0.00200,0.01500,0.02150,0.01600,0.02800
sim1_base,task003_symmetric,6,3.00000,6.00000,1.00000,both,1,,,,,,,,,,,,,,,,,0.00000,0.00000,0.00000,0.00000,0.00000,0.00000
sim1_base,task003_symmetric,6,3.00000,6.00000,1.00000,both,2,,,,,,,,,,,,,,,,,-0.00850,-0.01500,-0.00200,-0.02150,-0.02800,-0.01600
sim1_base,task003_symmetric,6,3.00000,6.00000,1.00000,false,2,0.01300,0.00600,0.02100,0.00000,0.04300,0.03000,0.00000,164.99400,0.94824,0.00189,0.13400,0.06000,,0.04300,0.95700,0.03000,,,,,,
sim1_base,task003_symmetric,6,3.00000,6.00000,1.00000,truth,0,0.03000,0.02100,0.04100,0.00000,1.00000,0.97000,0.00000,2.88000,0.01655,0.25000,1.00000,0.97000,1.00000,1.00000,0.00000,0.97000,,,,,,
sim1_base,task003_symmetric,6,3.00000,9.00000,0.75000,both,0,,,,,,,,,,,,,,,,,-0.46644,-0.47579,-0.45687,0.49694,0.49565,0.49796
sim1_base,task003_symmetric,6,3.00000,9.00000,0.75000,both,1,,,,,,,,,,,,,,,,,-0.00002,-0.00040,0.00031,-0.00019,-0.00040,0.00002
sim1_base,task003_symmetric,6,3.00000,9.00000,0.75000,both,2,,,,,,,,,,,,,,,,,0.46646,0.45685,0.47588,-0.49675,-0.49779,-0.49540
sim1_base,task003_symmetric,6,3.00000,9.00000,0.75000,false,2,0.96321,0.95316,0.97313,0.00017,0.99558,0.03238,0.00075,55.19700,0.21148,0.41881,1.00000,0.06600,4.00000,0.96600,0.00000,0.02500,,,,,,
sim1_base,task003_symmetric,6,3.00000,9.00000,0.75000,truth,0,0.03050,0.02133,0.04013,-0.00021,0.99754,0.96704,0.00038,6.97500,0.02672,0.10495,1.00000,0.97500,1.00000,0.94800,0.00000,0.82900,,,,,,
sim1_base,task003_symmetric,6,3.00000,9.00000,1.00000,both,0,,,,,,,,,,,,,,,,,0.00700,0.00050,0.01300,0.02300,0.01699,0.02950
sim1_base,task003_symmetric,6,3.00000,9.00000,1.00000,both,1,,,,,,,,,,,,,,,,,0.00000,0.00000,0.00000,0.00000,0.00000,0.00000
sim1_base,task003_symmetric,6,3.00000,9.00000,1.00000,both,2,,,,,,,,,,,,,,,,,-0.00700,-0.01300,-0.00050,-0.02300,-0.02950,-0.01699
sim1_base,task003_symmetric,6,3.00000,9.00000,1.00000,false,2,0.01600,0.00900,0.02400,0.00000,0.04600,0.03000,0.00000,246.65400,0.94503,0.00156,0.11700,0.06000,,0.04600,0.95400,0.03000,,,,,,
sim1_base,task003_symmetric,6,3.00000,9.00000,1.00000,truth,0,0.03000,0.02000,0.04002,0.00000,1.00000,0.97000,0.00000,4.32900,0.01659,0.16632,1.00000,0.97000,1.00000,1.00000,0.00000,0.97000,,,,,,
sim1_base,task003_symmetric,6,6.00000,1.00000,0.75000,both,0,,,,,,,,,,,,,,,,,-0.30269,-0.31602,-0.28954,0.32919,0.31869,0.34023
sim1_base,task003_symmetric,6,6.00000,1.00000,0.75000,both,1,,,,,,,,,,,,,,,,,0.00125,0.00081,0.00175,-0.00117,-0.00163,-0.00075
sim1_base,task003_symmetric,6,6.00000,1.00000,0.75000,both,2,,,,,,,,,,,,,,,,,0.30144,0.28823,0.31496,-0.32802,-0.33905,-0.31752
sim1_base,task003_symmetric,6,6.00000,1.00000,0.75000,false,2,0.62946,0.60658,0.65358,0.00242,0.66183,0.03238,0.00300,20.74500,0.71534,0.72822,0.72100,0.06600,19.00000,0.41100,0.01700,0.02500,,,,,,
sim1_base,task003_symmetric,6,6.00000,1.00000,0.75000,truth,0,0.02650,0.01737,0.03646,0.00008,0.99354,0.96704,0.00067,0.47100,0.01624,1.35032,1.00000,0.97500,1.00000,0.87100,0.00000,0.82900,,,,,,
sim1_base,task003_symmetric,6,6.00000,1.00000,1.00000,both,0,,,,,,,,,,,,,,,,,0.01450,0.00950,0.02050,0.01550,0.01050,0.02100
sim1_base,task003_symmetric,6,6.00000,1.00000,1.00000,both,1,,,,,,,,,,,,,,,,,0.00000,0.00000,0.00000,0.00000,0.00000,0.00000
sim1_base,task003_symmetric,6,6.00000,1.00000,1.00000,both,2,,,,,,,,,,,,,,,,,-0.01450,-0.02050,-0.00950,-0.01550,-0.02100,-0.01050
sim1_base,task003_symmetric,6,6.00000,1.00000,1.00000,false,2,0.00100,-0.00200,0.00400,0.00000,0.03100,0.03000,0.00000,27.97400,0.96462,0.00086,0.07600,0.06000,,0.03100,0.96900,0.03000,,,,,,
sim1_base,task003_symmetric,6,6.00000,1.00000,1.00000,truth,0,0.03000,0.02000,0.04100,0.00000,1.00000,0.97000,0.00000,0.37100,0.01279,1.94070,1.00000,0.97000,1.00000,1.00000,0.00000,0.97000,,,,,,
sim1_base,task003_symmetric,6,6.00000,2.00000,0.75000,both,0,,,,,,,,,,,,,,,,,-0.41500,-0.42642,-0.40348,0.44275,0.43573,0.44956
sim1_base,task003_symmetric,6,6.00000,2.00000,0.75000,both,1,,,,,,,,,,,,,,,,,0.00140,0.00090,0.00194,-0.00144,-0.00194,-0.00098
sim1_base,task003_symmetric,6,6.00000,2.00000,0.75000,both,2,,,,,,,,,,,,,,,,,0.41360,0.40187,0.42515,-0.44131,-0.44842,-0.43410
sim1_base,task003_symmetric,6,6.00000,2.00000,0.75000,false,2,0.85492,0.83762,0.87113,0.00283,0.88729,0.03238,0.00342,26.05400,0.44921,0.78752,0.94200,0.06600,8.00000,0.71500,0.00100,0.02500,,,,,,
sim1_base,task003_symmetric,6,6.00000,2.00000,0.75000,truth,0,0.02775,0.01812,0.03767,-0.00004,0.99479,0.96704,0.00054,0.83000,0.01431,0.80241,1.00000,0.97500,1.00000,0.89500,0.00000,0.82900,,,,,,
sim1_base,task003_symmetric,6,6.00000,2.00000,1.00000,both,0,,,,,,,,,,,,,,,,,0.01050,0.00450,0.01650,0.01950,0.01400,0.02600
sim1_base,task003_symmetric,6,6.00000,2.00000,1.00000,both,1,,,,,,,,,,,,,,,,,0.00000,0.00000,0.00000,0.00000,0.00000,0.00000
sim1_base,task003_symmetric,6,6.00000,2.00000,1.00000,both,2,,,,,,,,,,,,,,,,,-0.01050,-0.01650,-0.00450,-0.01950,-0.02600,-0.01400
sim1_base,task003_symmetric,6,6.00000,2.00000,1.00000,false,2,0.00900,0.00400,0.01500,0.00000,0.03900,0.03000,0.00000,55.31200,0.95366,0.00391,0.10900,0.06000,,0.03900,0.96100,0.03000,,,,,,
sim1_base,task003_symmetric,6,6.00000,2.00000,1.00000,truth,0,0.03000,0.02100,0.04100,0.00000,1.00000,0.97000,0.00000,0.70200,0.01210,1.02564,1.00000,0.97000,1.00000,1.00000,0.00000,0.97000,,,,,,
sim1_base,task003_symmetric,6,6.00000,3.00000,0.75000,both,0,,,,,,,,,,,,,,,,,-0.43648,-0.44694,-0.42587,0.46498,0.45943,0.47046
sim1_base,task003_symmetric,6,6.00000,3.00000,0.75000,both,1,,,,,,,,,,,,,,,,,0.00096,0.00044,0.00156,-0.00108,-0.00165,-0.00060
sim1_base,task003_symmetric,6,6.00000,3.00000,0.75000,both,2,,,,,,,,,,,,,,,,,0.43552,0.42491,0.44621,-0.46390,-0.46940,-0.45808
sim1_base,task003_symmetric,6,6.00000,3.00000,0.75000,false,2,0.89942,0.88508,0.91359,0.00204,0.93179,0.03238,0.00263,27.84000,0.32000,0.77536,0.97300,0.06600,4.00000,0.83200,0.00000,0.02500,,,,,,
sim1_base,task003_symmetric,6,6.00000,3.00000,0.75000,truth,0,0.02850,0.01929,0.03801,-0.00013,0.99554,0.96704,0.00046,1.24200,0.01428,0.55072,1.00000,0.97500,1.00000,0.90400,0.00000,0.82900,,,,,,
sim1_base,task003_symmetric,6,6.00000,3.00000,1.00000,both,0,,,,,,,,,,,,,,,,,0.00500,-0.00200,0.01200,0.02500,0.01850,0.03200
sim1_base,task003_symmetric,6,6.00000,3.00000,1.00000,both,1,,,,,,,,,,,,,,,,,0.00000,0.00000,0.00000,0.00000,0.00000,0.00000
sim1_base,task003_symmetric,6,6.00000,3.00000,1.00000,both,2,,,,,,,,,,,,,,,,,-0.00500,-0.01200,0.00200,-0.02500,-0.03200,-0.01850
sim1_base,task003_symmetric,6,6.00000,3.00000,1.00000,false,2,0.02000,0.01100,0.03000,0.00000,0.05000,0.03000,0.00000,81.74400,0.93959,0.00587,0.13900,0.06000,,0.05000,0.95000,0.03000,,,,,,
sim1_base,task003_symmetric,6,6.00000,3.00000,1.00000,truth,0,0.03000,0.02000,0.04100,0.00000,1.00000,0.97000,0.00000,1.01100,0.01162,0.71217,1.00000,0.97000,1.00000,1.00000,0.00000,0.97000,,,,,,
sim1_base,task003_symmetric,6,6.00000,6.00000,0.75000,both,0,,,,,,,,,,,,,,,,,-0.46135,-0.47090,-0.45112,0.48990,0.48742,0.49221
sim1_base,task003_symmetric,6,6.00000,6.00000,0.75000,both,1,,,,,,,,,,,,,,,,,0.00079,0.00035,0.00125,-0.00088,-0.00131,-0.00050
sim1_base,task003_symmetric,6,6.00000,6.00000,0.75000,both,2,,,,,,,,,,,,,,,,,0.46056,0.45000,0.47021,-0.48902,-0.49161,-0.48621
sim1_base,task003_symmetric,6,6.00000,6.00000,0.75000,false,2,0.94958,0.93850,0.96050,0.00167,0.98196,0.03238,0.00225,40.87800,0.23493,0.55751,1.00000,0.06600,4.00000,0.92000,0.00000,0.02500,,,,,,
sim1_base,task003_symmetric,6,6.00000,6.00000,0.75000,truth,0,0.02854,0.01941,0.03834,-0.00008,0.99558,0.96704,0.00050,2.37600,0.01366,0.28830,1.00000,0.97500,1.00000,0.90800,0.00000,0.82900,,,,,,
sim1_base,task003_symmetric,6,6.00000,6.00000,1.00000,both,0,,,,,,,,,,,,,,,,,0.00896,0.00296,0.01500,0.02104,0.01462,0.02750
sim1_base,task003_symmetric,6,6.00000,6.00000,1.00000,both,1,,,,,,,,,,,,,,,,,0.00000,0.00000,0.00000,0.00000,0.00000,0.00000
sim1_base,task003_symmetric,6,6.00000,6.00000,1.00000,both,2,,,,,,,,,,,,,,,,,-0.00896,-0.01500,-0.00296,-0.02104,-0.02750,-0.01462
sim1_base,task003_symmetric,6,6.00000,6.00000,1.00000,false,2,0.01208,0.00600,0.01909,0.00000,0.04208,0.03000,0.00000,164.63400,0.94617,0.00176,0.14900,0.06000,,0.04200,0.95700,0.03000,,,,,,
sim1_base,task003_symmetric,6,6.00000,6.00000,1.00000,truth,0,0.03000,0.02000,0.04100,0.00000,1.00000,0.97000,0.00000,1.97400,0.01134,0.36474,1.00000,0.97000,1.00000,1.00000,0.00000,0.97000,,,,,,
sim1_base,task003_symmetric,6,6.00000,9.00000,0.75000,both,0,,,,,,,,,,,,,,,,,-0.46435,-0.47377,-0.45385,0.49323,0.49092,0.49525
sim1_base,task003_symmetric,6,6.00000,9.00000,0.75000,both,1,,,,,,,,,,,,,,,,,-0.00008,-0.00038,0.00019,-0.00004,-0.00023,0.00015
sim1_base,task003_symmetric,6,6.00000,9.00000,0.75000,both,2,,,,,,,,,,,,,,,,,0.46444,0.45381,0.47387,-0.49319,-0.49527,-0.49077
sim1_base,task003_symmetric,6,6.00000,9.00000,0.75000,false,2,0.95763,0.94654,0.96754,-0.00004,0.99000,0.03238,0.00054,51.37200,0.19683,0.44738,1.00000,0.06600,4.00000,0.95300,0.00000,0.02500,,,,,,
sim1_base,task003_symmetric,6,6.00000,9.00000,0.75000,truth,0,0.02888,0.01996,0.03887,-0.00013,0.99592,0.96704,0.00046,3.52800,0.01352,0.19643,1.00000,0.97500,1.00000,0.91200,0.00000,0.82900,,,,,,
sim1_base,task003_symmetric,6,6.00000,9.00000,1.00000,both,0,,,,,,,,,,,,,,,,,0.00750,0.00100,0.01400,0.02250,0.01700,0.02850
sim1_base,task003_symmetric,6,6.00000,9.00000,1.00000,both,1,,,,,,,,,,,,,,,,,0.00000,0.00000,0.00000,0.00000,0.00000,0.00000
sim1_base,task003_symmetric,6,6.00000,9.00000,1.00000,both,2,,,,,,,,,,,,,,,,,-0.00750,-0.01400,-0.00100,-0.02250,-0.02850,-0.01700
sim1_base,task003_symmetric,6,6.00000,9.00000,1.00000,false,2,0.01500,0.00900,0.02300,0.00000,0.04500,0.03000,0.00000,246.61800,0.94490,0.00146,0.12800,0.06000,,0.04500,0.95500,0.03000,,,,,,
sim1_base,task003_symmetric,6,6.00000,9.00000,1.00000,truth,0,0.03000,0.02000,0.04100,0.00000,1.00000,0.97000,0.00000,3.02400,0.01159,0.23810,1.00000,0.97000,1.00000,1.00000,0.00000,0.97000,,,,,,
sim1_base,task003_symmetric,6,12.00000,1.00000,0.75000,both,0,,,,,,,,,,,,,,,,,-0.25317,-0.26682,-0.23773,0.27925,0.26717,0.29009
sim1_base,task003_symmetric,6,12.00000,1.00000,0.75000,both,1,,,,,,,,,,,,,,,,,0.00144,0.00098,0.00190,-0.00135,-0.00179,-0.00092
sim1_base,task003_symmetric,6,12.00000,1.00000,0.75000,both,2,,,,,,,,,,,,,,,,,0.25173,0.23648,0.26529,-0.27790,-0.28884,-0.26594
sim1_base,task003_symmetric,6,12.00000,1.00000,0.75000,false,2,0.52962,0.50415,0.55250,0.00279,0.56200,0.03238,0.00337,22.64200,0.78076,0.56139,0.58300,0.06600,26.00000,0.29800,0.05200,0.02500,,,,,,
sim1_base,task003_symmetric,6,12.00000,1.00000,0.75000,truth,0,0.02608,0.01738,0.03621,0.00008,0.99313,0.96704,0.00067,0.28000,0.00966,2.23571,1.00000,0.97500,1.00000,0.85900,0.00000,0.82900,,,,,,
sim1_base,task003_symmetric,6,12.00000,1.00000,1.00000,both,0,,,,,,,,,,,,,,,,,0.01500,0.01050,0.02050,0.01500,0.01050,0.02050
sim1_base,task003_symmetric,6,12.00000,1.00000,1.00000,both,1,,,,,,,,,,,,,,,,,0.00000,0.00000,0.00000,0.00000,0.00000,0.00000
sim1_base,task003_symmetric,6,12.00000,1.00000,1.00000,both,2,,,,,,,,,,,,,,,,,-0.01500,-0.02050,-0.01050,-0.01500,-0.02050,-0.01050
sim1_base,task003_symmetric,6,12.00000,1.00000,1.00000,false,2,0.00000,0.00000,0.00000,0.00000,0.03000,0.03000,0.00000,28.02000,0.96621,0.00000,0.07600,0.06000,,0.03000,0.97000,0.03000,,,,,,
sim1_base,task003_symmetric,6,12.00000,1.00000,1.00000,truth,0,0.03000,0.02100,0.04100,0.00000,1.00000,0.97000,0.00000,0.25200,0.00869,2.85714,1.00000,0.97000,1.00000,1.00000,0.00000,0.97000,,,,,,
sim1_base,task003_symmetric,6,12.00000,2.00000,0.75000,both,0,,,,,,,,,,,,,,,,,-0.40115,-0.41317,-0.38899,0.42781,0.41950,0.43571
sim1_base,task003_symmetric,6,12.00000,2.00000,0.75000,both,1,,,,,,,,,,,,,,,,,0.00100,0.00056,0.00146,-0.00104,-0.00152,-0.00063
sim1_base,task003_symmetric,6,12.00000,2.00000,0.75000,both,2,,,,,,,,,,,,,,,,,0.40015,0.38795,0.41225,-0.42677,-0.43473,-0.41819
sim1_base,task003_symmetric,6,12.00000,2.00000,0.75000,false,2,0.82692,0.80925,0.84543,0.00204,0.85929,0.03238,0.00263,25.80200,0.44486,0.76917,0.92400,0.06600,7.00000,0.68500,0.00000,0.02500,,,,,,
sim1_base,task003_symmetric,6,12.00000,2.00000,0.75000,truth,0,0.02667,0.01825,0.03567,-0.00004,0.99371,0.96704,0.00054,0.50000,0.00862,1.28000,1.00000,0.97500,1.00000,0.87200,0.00000,0.82900,,,,,,
sim1_base,task003_symmetric,6,12.00000,2.00000,1.00000,both,0,,,,,,,,,,,,,,,,,0.00900,0.00250,0.01550,0.02100,0.01500,0.02700
sim1_base,task003_symmetric,6,12.00000,2.00000,1.00000,both,1,,,,,,,,,,,,,,,,,0.00000,0.00000,0.00000,0.00000,0.00000,0.00000
sim1_base,task003_symmetric,6,12.00000,2.00000,1.00000,both,2,,,,,,,,,,,,,,,,,-0.00900,-0.01550,-0.00250,-0.02100,-0.02700,-0.01500
sim1_base,task003_symmetric,6,12.00000,2.00000,1.00000,false,2,0.01200,0.00600,0.01900,0.00000,0.04200,0.03000,0.00000,55.14400,0.95076,0.00522,0.11500,0.06000,,0.04200,0.95800,0.03000,,,,,,
sim1_base,task003_symmetric,6,12.00000,2.00000,1.00000,truth,0,0.03000,0.02000,0.04000,0.00000,1.00000,0.97000,0.00000,0.46400,0.00800,1.55172,1.00000,0.97000,1.00000,1.00000,0.00000,0.97000,,,,,,
sim1_base,task003_symmetric,6,12.00000,3.00000,0.75000,both,0,,,,,,,,,,,,,,,,,-0.41594,-0.42681,-0.40335,0.44269,0.43456,0.44990
sim1_base,task003_symmetric,6,12.00000,3.00000,0.75000,both,1,,,,,,,,,,,,,,,,,0.00233,0.00165,0.00296,-0.00246,-0.00308,-0.00181
sim1_base,task003_symmetric,6,12.00000,3.00000,0.75000,both,2,,,,,,,,,,,,,,,,,0.41360,0.40094,0.42454,-0.44023,-0.44773,-0.43192
sim1_base,task003_symmetric,6,12.00000,3.00000,0.75000,false,2,0.85383,0.83663,0.87030,0.00479,0.88621,0.03238,0.00537,35.07300,0.40314,0.58427,0.93800,0.06600,5.00000,0.74500,0.00200,0.02500,,,,,,
sim1_base,task003_symmetric,6,12.00000,3.00000,0.75000,truth,0,0.02675,0.01791,0.03738,-0.00013,0.99379,0.96704,0.00046,0.73500,0.00845,0.87347,1.00000,0.97500,1.00000,0.87600,0.00000,0.82900,,,,,,
sim1_base,task003_symmetric,6,12.00000,3.00000,1.00000,both,0,,,,,,,,,,,,,,,,,0.00800,0.00149,0.01500,0.02200,0.01550,0.02900
sim1_base,task003_symmetric,6,12.00000,3.00000,1.00000,both,1,,,,,,,,,,,,,,,,,0.00000,0.00000,0.00000,0.00000,0.00000,0.00000
sim1_base,task003_symmetric,6,12.00000,3.00000,1.00000,both,2,,,,,,,,,,,,,,,,,-0.00800,-0.01500,-0.00149,-0.02200,-0.02900,-0.01550
sim1_base,task003_symmetric,6,12.00000,3.00000,1.00000,false,2,0.01400,0.00700,0.02300,0.00000,0.04400,0.03000,0.00000,82.48800,0.94814,0.00407,0.13100,0.06000,,0.04400,0.95600,0.03000,,,,,,
sim1_base,task003_symmetric,6,12.00000,3.00000,1.00000,truth,0,0.03000,0.02000,0.04102,0.00000,1.00000,0.97000,0.00000,0.69300,0.00797,1.03896,1.00000,0.97000,1.00000,1.00000,0.00000,0.97000,,,,,,
sim1_base,task003_symmetric,6,12.00000,6.00000,0.75000,both,0,,,,,,,,,,,,,,,,,-0.45723,-0.46667,-0.44708,0.48440,0.48085,0.48750
sim1_base,task003_symmetric,6,12.00000,6.00000,0.75000,both,1,,,,,,,,,,,,,,,,,0.00135,0.00081,0.00196,-0.00140,-0.00200,-0.00090
sim1_base,task003_symmetric,6,12.00000,6.00000,0.75000,both,2,,,,,,,,,,,,,,,,,0.45588,0.44560,0.46542,-0.48300,-0.48638,-0.47927
sim1_base,task003_symmetric,6,12.00000,6.00000,0.75000,false,2,0.93888,0.92737,0.95025,0.00275,0.97125,0.03238,0.00333,44.56800,0.25614,0.50559,0.99100,0.06600,4.00000,0.88100,0.00000,0.02500,,,,,,
sim1_base,task003_symmetric,6,12.00000,6.00000,0.75000,truth,0,0.02717,0.01870,0.03701,-0.00004,0.99421,0.96704,0.00054,1.45200,0.00834,0.44904,1.00000,0.97500,1.00000,0.87900,0.00000,0.82900,,,,,,
sim1_base,task003_symmetric,6,12.00000,6.00000,1.00000,both,0,,,,,,,,,,,,,,,,,0.00800,0.00150,0.01450,0.02200,0.01600,0.02850
sim1_base,task003_symmetric,6,12.00000,6.00000,1.00000,both,1,,,,,,,,,,,,,,,,,0.00000,0.00000,0.00000,0.00000,0.00000,0.00000
sim1_base,task003_symmetric,6,12.00000,6.00000,1.00000,both,2,,,,,,,,,,,,,,,,,-0.00800,-0.01450,-0.00150,-0.02200,-0.02850,-0.01600
sim1_base,task003_symmetric,6,12.00000,6.00000,1.00000,false,2,0.01400,0.00700,0.02200,0.00000,0.04400,0.03000,0.00000,164.88000,0.94759,0.00204,0.13800,0.06000,,0.04400,0.95600,0.03000,,,,,,
sim1_base,task003_symmetric,6,12.00000,6.00000,1.00000,truth,0,0.03000,0.02000,0.04102,0.00000,1.00000,0.97000,0.00000,1.38000,0.00793,0.52174,1.00000,0.97000,1.00000,1.00000,0.00000,0.97000,,,,,,
sim1_base,task003_symmetric,6,12.00000,9.00000,0.75000,both,0,,,,,,,,,,,,,,,,,-0.46321,-0.47273,-0.45319,0.49017,0.48783,0.49246
sim1_base,task003_symmetric,6,12.00000,9.00000,0.75000,both,1,,,,,,,,,,,,,,,,,0.00019,-0.00010,0.00048,-0.00010,-0.00037,0.00015
sim1_base,task003_symmetric,6,12.00000,9.00000,0.75000,both,2,,,,,,,,,,,,,,,,,0.46302,0.45304,0.47265,-0.49006,-0.49240,-0.48765
sim1_base,task003_symmetric,6,12.00000,9.00000,0.75000,false,2,0.95308,0.94229,0.96317,0.00029,0.98546,0.03238,0.00087,56.33100,0.21583,0.40606,0.99800,0.06600,4.00000,0.93300,0.00000,0.02500,,,,,,
sim1_base,task003_symmetric,6,12.00000,9.00000,0.75000,truth,0,0.02696,0.01750,0.03662,0.00008,0.99400,0.96704,0.00067,2.14200,0.00821,0.30205,1.00000,0.97500,1.00000,0.87600,0.00000,0.82900,,,,,,
sim1_base,task003_symmetric,6,12.00000,9.00000,1.00000,both,0,,,,,,,,,,,,,,,,,0.00850,0.00200,0.01500,0.02150,0.01500,0.02850
sim1_base,task003_symmetric,6,12.00000,9.00000,1.00000,both,1,,,,,,,,,,,,,,,,,0.00000,0.00000,0.00000,0.00000,0.00000,0.00000
sim1_base,task003_symmetric,6,12.00000,9.00000,1.00000,both,2,,,,,,,,,,,,,,,,,-0.00850,-0.01500,-0.00200,-0.02150,-0.02850,-0.01500
sim1_base,task003_symmetric,6,12.00000,9.00000,1.00000,false,2,0.01300,0.00600,0.02100,0.00000,0.04300,0.03000,0.00000,247.77000,0.94931,0.00126,0.12700,0.06000,,0.04300,0.95700,0.03000,,,,,,
sim1_base,task003_symmetric,6,12.00000,9.00000,1.00000,truth,0,0.03000,0.01900,0.04100,0.00000,1.00000,0.97000,0.00000,2.04300,0.00783,0.35242,1.00000,0.97000,1.00000,1.00000,0.00000,0.97000,,,,,,
sim1_base,task003_symmetric,6,24.00000,1.00000,0.75000,both,0,,,,,,,,,,,,,,,,,-0.03100,-0.04040,-0.02137,0.05667,0.04781,0.06548
sim1_base,task003_symmetric,6,24.00000,1.00000,0.75000,both,1,,,,,,,,,,,,,,,,,-0.00006,-0.00031,0.00017,0.00006,-0.00015,0.00029
sim1_base,task003_symmetric,6,24.00000,1.00000,0.75000,both,2,,,,,,,,,,,,,,,,,0.03106,0.02143,0.04048,-0.05673,-0.06563,-0.04781
sim1_base,task003_symmetric,6,24.00000,1.00000,0.75000,false,2,0.08779,0.07296,0.10334,-0.00012,0.12017,0.03238,0.00046,26.71600,0.92124,0.07887,0.14300,0.06600,,0.08000,0.51600,0.02500,,,,,,
sim1_base,task003_symmetric,6,24.00000,1.00000,0.75000,truth,0,0.02567,0.01646,0.03563,0.00000,0.99271,0.96704,0.00058,0.10700,0.00369,5.75701,1.00000,0.97500,1.00000,0.86000,0.00000,0.82900,,,,,,
sim1_base,task003_symmetric,6,24.00000,1.00000,1.00000,both,0,,,,,,,,,,,,,,,,,0.01500,0.01000,0.02100,0.01500,0.01000,0.02100
sim1_base,task003_symmetric,6,24.00000,1.00000,1.00000,both,1,,,,,,,,,,,,,,,,,0.00000,0.00000,0.00000,0.00000,0.00000,0.00000
sim1_base,task003_symmetric,6,24.00000,1.00000,1.00000,both,2,,,,,,,,,,,,,,,,,-0.01500,-0.02100,-0.01000,-0.01500,-0.02100,-0.01000
sim1_base,task003_symmetric,6,24.00000,1.00000,1.00000,false,2,0.00000,0.00000,0.00000,0.00000,0.03000,0.03000,0.00000,28.04600,0.96710,0.00000,0.07300,0.06000,,0.03000,0.97000,0.03000,,,,,,
sim1_base,task003_symmetric,6,24.00000,1.00000,1.00000,truth,0,0.03000,0.02000,0.04200,0.00000,1.00000,0.97000,0.00000,0.09600,0.00331,7.50000,1.00000,0.97000,1.00000,1.00000,0.00000,0.97000,,,,,,
sim1_base,task003_symmetric,6,24.00000,2.00000,0.75000,both,0,,,,,,,,,,,,,,,,,-0.25471,-0.26908,-0.24065,0.28075,0.26819,0.29351
sim1_base,task003_symmetric,6,24.00000,2.00000,0.75000,both,1,,,,,,,,,,,,,,,,,0.00002,-0.00021,0.00025,-0.00002,-0.00023,0.00019
sim1_base,task003_symmetric,6,24.00000,2.00000,0.75000,both,2,,,,,,,,,,,,,,,,,0.25469,0.24066,0.26906,-0.28073,-0.29337,-0.26823
sim1_base,task003_symmetric,6,24.00000,2.00000,0.75000,false,2,0.53542,0.50987,0.56092,0.00004,0.56779,0.03238,0.00063,39.19600,0.67579,0.32784,0.62500,0.06600,16.00000,0.37500,0.05700,0.02500,,,,,,
sim1_base,task003_symmetric,6,24.00000,2.00000,0.75000,truth,0,0.02604,0.01679,0.03646,0.00000,0.99308,0.96704,0.00058,0.19400,0.00334,3.22165,1.00000,0.97500,1.00000,0.86700,0.00000,0.82900,,,,,,
sim1_base,task003_symmetric,6,24.00000,2.00000,1.00000,both,0,,,,,,,,,,,,,,,,,0.00900,0.00250,0.01501,0.02100,0.01500,0.02800
sim1_base,task003_symmetric,6,24.00000,2.00000,1.00000,both,1,,,,,,,,,,,,,,,,,0.00000,0.00000,0.00000,0.00000,0.00000,0.00000
sim1_base,task003_symmetric,6,24.00000,2.00000,1.00000,both,2,,,,,,,,,,,,,,,,,-0.00900,-0.01501,-0.00250,-0.02100,-0.02800,-0.01500
sim1_base,task003_symmetric,6,24.00000,2.00000,1.00000,false,2,0.01200,0.00600,0.01900,0.00000,0.04200,0.03000,0.00000,55.18600,0.95148,0.00522,0.12300,0.06000,,0.04200,0.95800,0.03000,,,,,,
sim1_base,task003_symmetric,6,24.00000,2.00000,1.00000,truth,0,0.03000,0.02000,0.04100,0.00000,1.00000,0.97000,0.00000,0.17000,0.00293,4.23529,1.00000,0.97000,1.00000,1.00000,0.00000,0.97000,,,,,,
sim1_base,task003_symmetric,6,24.00000,3.00000,0.75000,both,0,,,,,,,,,,,,,,,,,-0.28046,-0.29519,-0.26666,0.30654,0.29433,0.31913
sim1_base,task003_symmetric,6,24.00000,3.00000,0.75000,both,1,,,,,,,,,,,,,,,,,0.00119,0.00071,0.00167,-0.00127,-0.00173,-0.00079
sim1_base,task003_symmetric,6,24.00000,3.00000,0.75000,both,2,,,,,,,,,,,,,,,,,0.27927,0.26542,0.29376,-0.30527,-0.31771,-0.29306
sim1_base,task003_symmetric,6,24.00000,3.00000,0.75000,false,2,0.58454,0.56033,0.61014,0.00246,0.61692,0.03238,0.00304,55.48200,0.63772,0.25286,0.67300,0.06600,12.00000,0.43000,0.04400,0.02500,,,,,,
sim1_base,task003_symmetric,6,24.00000,3.00000,0.75000,truth,0,0.02608,0.01679,0.03671,-0.00008,0.99313,0.96704,0.00050,0.28200,0.00324,2.21986,1.00000,0.97500,1.00000,0.86700,0.00000,0.82900,,,,,,
sim1_base,task003_symmetric,6,24.00000,3.00000,1.00000,both,0,,,,,,,,,,,,,,,,,0.00700,0.00050,0.01350,0.02300,0.01650,0.02950
sim1_base,task003_symmetric,6,24.00000,3.00000,1.00000,both,1,,,,,,,,,,,,,,,,,0.00000,0.00000,0.00000,0.00000,0.00000,0.00000
sim1_base,task003_symmetric,6,24.00000,3.00000,1.00000,both,2,,,,,,,,,,,,,,,,,-0.00700,-0.01350,-0.00050,-0.02300,-0.02950,-0.01650
sim1_base,task003_symmetric,6,24.00000,3.00000,1.00000,false,2,0.01600,0.00900,0.02400,0.00000,0.04600,0.03000,0.00000,82.38900,0.94700,0.00466,0.12200,0.06000,,0.04600,0.95400,0.03000,,,,,,
sim1_base,task003_symmetric,6,24.00000,3.00000,1.00000,truth,0,0.03000,0.02000,0.04102,0.00000,1.00000,0.97000,0.00000,0.25500,0.00293,2.82353,1.00000,0.97000,1.00000,1.00000,0.00000,0.97000,,,,,,
sim1_base,task003_symmetric,6,24.00000,6.00000,0.75000,both,0,,,,,,,,,,,,,,,,,-0.45504,-0.46432,-0.44471,0.48113,0.47771,0.48450
sim1_base,task003_symmetric,6,24.00000,6.00000,0.75000,both,1,,,,,,,,,,,,,,,,,0.00125,0.00077,0.00183,-0.00133,-0.00190,-0.00088
sim1_base,task003_symmetric,6,24.00000,6.00000,0.75000,both,2,,,,,,,,,,,,,,,,,0.45379,0.44329,0.46333,-0.47979,-0.48331,-0.47614
sim1_base,task003_symmetric,6,24.00000,6.00000,0.75000,false,2,0.93358,0.92175,0.94488,0.00258,0.96596,0.03238,0.00317,49.16400,0.28255,0.45574,0.99300,0.06600,4.00000,0.86200,0.00000,0.02500,,,,,,
sim1_base,task003_symmetric,6,24.00000,6.00000,0.75000,truth,0,0.02608,0.01729,0.03600,-0.00008,0.99313,0.96704,0.00050,0.58800,0.00338,1.06463,1.00000,0.97500,1.00000,0.86700,0.00000,0.82900,,,,,,
sim1_base,task003_symmetric,6,24.00000,6.00000,1.00000,both,0,,,,,,,,,,,,,,,,,0.01200,0.00650,0.01800,0.01800,0.01250,0.02400
sim1_base,task003_symmetric,6,24.00000,6.00000,1.00000,both,1,,,,,,,,,,,,,,,,,0.00000,0.00000,0.00000,0.00000,0.00000,0.00000
sim1_base,task003_symmetric,6,24.00000,6.00000,1.00000,both,2,,,,,,,,,,,,,,,,,-0.01200,-0.01800,-0.00650,-0.01800,-0.02400,-0.01250
sim1_base,task003_symmetric,6,24.00000,6.00000,1.00000,false,2,0.00600,0.00200,0.01100,0.00000,0.03600,0.03000,0.00000,166.55400,0.95721,0.00086,0.11300,0.06000,,0.03600,0.96400,0.03000,,,,,,
sim1_base,task003_symmetric,6,24.00000,6.00000,1.00000,truth,0,0.03000,0.01900,0.04100,0.00000,1.00000,0.97000,0.00000,0.50400,0.00290,1.42857,1.00000,0.97000,1.00000,1.00000,0.00000,0.97000,,,,,,
sim1_base,task003_symmetric,6,24.00000,9.00000,0.75000,both,0,,,,,,,,,,,,,,,,,-0.46456,-0.47419,-0.45466,0.49048,0.48810,0.49248
sim1_base,task003_symmetric,6,24.00000,9.00000,0.75000,both,1,,,,,,,,,,,,,,,,,0.00062,0.00025,0.00098,-0.00058,-0.00092,-0.00023
sim1_base,task003_symmetric,6,24.00000,9.00000,0.75000,both,2,,,,,,,,,,,,,,,,,0.46394,0.45404,0.47352,-0.48990,-0.49198,-0.48733
sim1_base,task003_symmetric,6,24.00000,9.00000,0.75000,false,2,0.95383,0.94321,0.96388,0.00121,0.98621,0.03238,0.00179,56.47500,0.21638,0.40535,1.00000,0.06600,4.00000,0.93000,0.00000,0.02500,,,,,,
sim1_base,task003_symmetric,6,24.00000,9.00000,0.75000,truth,0,0.02592,0.01633,0.03575,0.00004,0.99296,0.96704,0.00063,0.83700,0.00321,0.74313,1.00000,0.97500,1.00000,0.86300,0.00000,0.82900,,,,,,
sim1_base,task003_symmetric,6,24.00000,9.00000,1.00000,both,0,,,,,,,,,,,,,,,,,0.01000,0.00400,0.01601,0.02000,0.01400,0.02601
sim1_base,task003_symmetric,6,24.00000,9.00000,1.00000,both,1,,,,,,,,,,,,,,,,,0.00000,0.00000,0.00000,0.00000,0.00000,0.00000
sim1_base,task003_symmetric,6,24.00000,9.00000,1.00000,both,2,,,,,,,,,,,,,,,,,-0.01000,-0.01601,-0.00400,-0.02000,-0.02601,-0.01400
sim1_base,task003_symmetric,6,24.00000,9.00000,1.00000,false,2,0.01000,0.00400,0.01600,0.00000,0.04000,0.03000,0.00000,249.30000,0.95517,0.00096,0.10900,0.06000,,0.04000,0.96000,0.03000,,,,,,
sim1_base,task003_symmetric,6,24.00000,9.00000,1.00000,truth,0,0.03000,0.02000,0.04102,0.00000,1.00000,0.97000,0.00000,0.74700,0.00286,0.96386,1.00000,0.97000,1.00000,1.00000,0.00000,0.97000,,,,,,
sim1_base,task003_symmetric,12,3.00000,1.00000,0.75000,both,0,,,,,,,,,,,,,,,,,-0.04788,-0.05804,-0.03787,0.10462,0.09623,0.11294
sim1_base,task003_symmetric,12,3.00000,1.00000,0.75000,both,1,,,,,,,,,,,,,,,,,0.00017,-0.00017,0.00052,-0.00021,-0.00048,0.00002
sim1_base,task003_symmetric,12,3.00000,1.00000,0.75000,both,2,,,,,,,,,,,,,,,,,0.04771,0.03777,0.05783,-0.10442,-0.11273,-0.09608
sim1_base,task003_symmetric,12,3.00000,1.00000,0.75000,false,2,0.15213,0.14029,0.16534,0.00038,0.21163,0.05950,0.00083,26.72400,0.92152,0.13662,0.17200,0.08400,,0.08200,0.16000,0.05600,,,,,,
sim1_base,task003_symmetric,12,3.00000,1.00000,0.75000,truth,0,0.05675,0.04271,0.07038,-0.00004,0.99679,0.94004,0.00042,0.71000,0.02448,1.91831,1.00000,0.94400,1.00000,0.92900,0.00000,0.86200,,,,,,
sim1_base,task003_symmetric,12,3.00000,1.00000,1.00000,both,0,,,,,,,,,,,,,,,,,0.03450,0.02700,0.04250,0.03550,0.02799,0.04350
sim1_base,task003_symmetric,12,3.00000,1.00000,1.00000,both,1,,,,,,,,,,,,,,,,,0.00000,0.00000,0.00000,0.00000,0.00000,0.00000
sim1_base,task003_symmetric,12,3.00000,1.00000,1.00000,both,2,,,,,,,,,,,,,,,,,-0.03450,-0.04250,-0.02700,-0.03550,-0.04350,-0.02799
sim1_base,task003_symmetric,12,3.00000,1.00000,1.00000,false,2,0.00100,0.00000,0.00300,0.00000,0.07100,0.07000,0.00000,26.92700,0.92852,0.00089,0.08400,0.08400,,0.07100,0.92900,0.07000,,,,,,
sim1_base,task003_symmetric,12,3.00000,1.00000,1.00000,truth,0,0.07000,0.05500,0.08600,0.00000,1.00000,0.93000,0.00000,0.35500,0.01224,4.73239,1.00000,0.93000,1.00000,1.00000,0.00000,0.93000,,,,,,
sim1_base,task003_symmetric,12,3.00000,2.00000,0.75000,both,0,,,,,,,,,,,,,,,,,-0.10365,-0.11559,-0.09106,0.16094,0.15091,0.17119
sim1_base,task003_symmetric,12,3.00000,2.00000,0.75000,both,1,,,,,,,,,,,,,,,,,0.00092,0.00050,0.00137,-0.00104,-0.00146,-0.00071
sim1_base,task003_symmetric,12,3.00000,2.00000,0.75000,both,2,,,,,,,,,,,,,,,,,0.10273,0.09017,0.11463,-0.15990,-0.17037,-0.14985
sim1_base,task003_symmetric,12,3.00000,2.00000,0.75000,false,2,0.26262,0.24407,0.28013,0.00196,0.32212,0.05950,0.00242,50.43200,0.86952,0.12498,0.29200,0.08400,,0.15500,0.05300,0.05600,,,,,,
sim1_base,task003_symmetric,12,3.00000,2.00000,0.75000,truth,0,0.05729,0.04362,0.07183,-0.00013,0.99733,0.94004,0.00033,1.29200,0.02228,1.06424,1.00000,0.94400,1.00000,0.94100,0.00000,0.86200,,,,,,
sim1_base,task003_symmetric,12,3.00000,2.00000,1.00000,both,0,,,,,,,,,,,,,,,,,0.03300,0.02500,0.04100,0.03700,0.02900,0.04550
sim1_base,task003_symmetric,12,3.00000,2.00000,1.00000,both,1,,,,,,,,,,,,,,,,,0.00000,0.00000,0.00000,0.00000,0.00000,0.00000
sim1_base,task003_symmetric,12,3.00000,2.00000,1.00000,both,2,,,,,,,,,,,,,,,,,-0.03300,-0.04100,-0.02500,-0.03700,-0.04550,-0.02900
sim1_base,task003_symmetric,12,3.00000,2.00000,1.00000,false,2,0.00400,0.00100,0.00800,0.00000,0.07400,0.07000,0.00000,53.67200,0.92538,0.00179,0.08800,0.08400,,0.07400,0.92600,0.07000,,,,,,
sim1_base,task003_symmetric,12,3.00000,2.00000,1.00000,truth,0,0.07000,0.05400,0.08600,0.00000,1.00000,0.93000,0.00000,0.64000,0.01103,2.62500,1.00000,0.93000,1.00000,1.00000,0.00000,0.93000,,,,,,
sim1_base,task003_symmetric,12,3.00000,3.00000,0.75000,both,0,,,,,,,,,,,,,,,,,-0.12187,-0.13525,-0.10841,0.17929,0.16894,0.19054
sim1_base,task003_symmetric,12,3.00000,3.00000,0.75000,both,1,,,,,,,,,,,,,,,,,0.00067,0.00033,0.00104,-0.00083,-0.00117,-0.00054
sim1_base,task003_symmetric,12,3.00000,3.00000,0.75000,both,2,,,,,,,,,,,,,,,,,0.12121,0.10777,0.13463,-0.17846,-0.18979,-0.16821
sim1_base,task003_symmetric,12,3.00000,3.00000,0.75000,false,2,0.29967,0.28057,0.31988,0.00150,0.35917,0.05950,0.00196,72.96900,0.83872,0.09856,0.37600,0.08400,,0.19200,0.05500,0.05600,,,,,,
sim1_base,task003_symmetric,12,3.00000,3.00000,0.75000,truth,0,0.05742,0.04354,0.07146,-0.00017,0.99746,0.94004,0.00029,1.81800,0.02090,0.75798,1.00000,0.94400,1.00000,0.94600,0.00000,0.86200,,,,,,
sim1_base,task003_symmetric,12,3.00000,3.00000,1.00000,both,0,,,,,,,,,,,,,,,,,0.03100,0.02250,0.03950,0.03900,0.03100,0.04700
sim1_base,task003_symmetric,12,3.00000,3.00000,1.00000,both,1,,,,,,,,,,,,,,,,,0.00000,0.00000,0.00000,0.00000,0.00000,0.00000
sim1_base,task003_symmetric,12,3.00000,3.00000,1.00000,both,2,,,,,,,,,,,,,,,,,-0.03100,-0.03950,-0.02250,-0.03900,-0.04700,-0.03100
sim1_base,task003_symmetric,12,3.00000,3.00000,1.00000,false,2,0.00800,0.00300,0.01400,0.00000,0.07800,0.07000,0.00000,80.12400,0.92097,0.00240,0.09900,0.08400,,0.07800,0.92200,0.07000,,,,,,
sim1_base,task003_symmetric,12,3.00000,3.00000,1.00000,truth,0,0.07000,0.05500,0.08600,0.00000,1.00000,0.93000,0.00000,0.95400,0.01097,1.76101,1.00000,0.93000,1.00000,1.00000,0.00000,0.93000,,,,,,
sim1_base,task003_symmetric,12,3.00000,6.00000,0.75000,both,0,,,,,,,,,,,,,,,,,-0.14765,-0.16175,-0.13446,0.20556,0.19472,0.21642
sim1_base,task003_symmetric,12,3.00000,6.00000,0.75000,both,1,,,,,,,,,,,,,,,,,0.00137,0.00085,0.00198,-0.00154,-0.00210,-0.00106
sim1_base,task003_symmetric,12,3.00000,6.00000,0.75000,both,2,,,,,,,,,,,,,,,,,0.14627,0.13341,0.16046,-0.20402,-0.21508,-0.19298
sim1_base,task003_symmetric,12,3.00000,6.00000,0.75000,false,2,0.35029,0.32991,0.37092,0.00292,0.40979,0.05950,0.00337,142.56000,0.81931,0.05897,0.44100,0.08400,,0.21300,0.03900,0.05600,,,,,,
sim1_base,task003_symmetric,12,3.00000,6.00000,0.75000,truth,0,0.05792,0.04366,0.07217,-0.00017,0.99796,0.94004,0.00029,3.48000,0.02000,0.39943,1.00000,0.94400,1.00000,0.95600,0.00000,0.86200,,,,,,
sim1_base,task003_symmetric,12,3.00000,6.00000,1.00000,both,0,,,,,,,,,,,,,,,,,0.03100,0.02200,0.03950,0.03900,0.03049,0.04700
sim1_base,task003_symmetric,12,3.00000,6.00000,1.00000,both,1,,,,,,,,,,,,,,,,,0.00000,0.00000,0.00000,0.00000,0.00000,0.00000
sim1_base,task003_symmetric,12,3.00000,6.00000,1.00000,both,2,,,,,,,,,,,,,,,,,-0.03100,-0.03950,-0.02200,-0.03900,-0.04700,-0.03049
sim1_base,task003_symmetric,12,3.00000,6.00000,1.00000,false,2,0.00800,0.00300,0.01400,0.00000,0.07800,0.07000,0.00000,160.24800,0.92097,0.00120,0.09800,0.08400,,0.07800,0.92200,0.07000,,,,,,
sim1_base,task003_symmetric,12,3.00000,6.00000,1.00000,truth,0,0.07000,0.05300,0.08600,0.00000,1.00000,0.93000,0.00000,1.90800,0.01097,0.88050,1.00000,0.93000,1.00000,1.00000,0.00000,0.93000,,,,,,
sim1_base,task003_symmetric,12,3.00000,9.00000,0.75000,both,0,,,,,,,,,,,,,,,,,-0.22706,-0.24213,-0.21185,0.28515,0.27252,0.29636
sim1_base,task003_symmetric,12,3.00000,9.00000,0.75000,both,1,,,,,,,,,,,,,,,,,-0.00004,-0.00033,0.00021,-0.00012,-0.00031,0.00004
sim1_base,task003_symmetric,12,3.00000,9.00000,0.75000,both,2,,,,,,,,,,,,,,,,,0.22710,0.21189,0.24223,-0.28502,-0.29611,-0.27241
sim1_base,task003_symmetric,12,3.00000,9.00000,0.75000,false,2,0.51212,0.48845,0.53401,0.00008,0.57163,0.05950,0.00054,193.30200,0.74062,0.06358,0.63300,0.08400,21.00000,0.36000,0.01300,0.05600,,,,,,
sim1_base,task003_symmetric,12,3.00000,9.00000,0.75000,truth,0,0.05808,0.04475,0.07184,-0.00017,0.99813,0.94004,0.00029,5.09400,0.01952,0.27366,1.00000,0.94400,1.00000,0.96200,0.00000,0.86200,,,,,,
sim1_base,task003_symmetric,12,3.00000,9.00000,1.00000,both,0,,,,,,,,,,,,,,,,,0.03100,0.02300,0.03851,0.03900,0.03100,0.04701
sim1_base,task003_symmetric,12,3.00000,9.00000,1.00000,both,1,,,,,,,,,,,,,,,,,0.00000,0.00000,0.00000,0.00000,0.00000,0.00000
sim1_base,task003_symmetric,12,3.00000,9.00000,1.00000,both,2,,,,,,,,,,,,,,,,,-0.03100,-0.03851,-0.02300,-0.03900,-0.04701,-0.03100
sim1_base,task003_symmetric,12,3.00000,9.00000,1.00000,false,2,0.00800,0.00300,0.01400,0.00000,0.07800,0.07000,0.00000,240.37200,0.92097,0.00080,0.09700,0.08400,,0.07800,0.92200,0.07000,,,,,,
sim1_base,task003_symmetric,12,3.00000,9.00000,1.00000,truth,0,0.07000,0.05500,0.08500,0.00000,1.00000,0.93000,0.00000,2.87100,0.01100,0.58516,1.00000,0.93000,1.00000,1.00000,0.00000,0.93000,,,,,,
sim1_base,task003_symmetric,12,6.00000,1.00000,0.75000,both,0,,,,,,,,,,,,,,,,,-0.06250,-0.07323,-0.05114,0.11829,0.10900,0.12786
sim1_base,task003_symmetric,12,6.00000,1.00000,0.75000,both,1,,,,,,,,,,,,,,,,,0.00060,0.00025,0.00096,-0.00056,-0.00088,-0.00027
sim1_base,task003_symmetric,12,6.00000,1.00000,0.75000,both,2,,,,,,,,,,,,,,,,,0.06190,0.05064,0.07267,-0.11773,-0.12736,-0.10847
sim1_base,task003_symmetric,12,6.00000,1.00000,0.75000,false,2,0.17962,0.16574,0.19404,0.00117,0.23913,0.05950,0.00162,26.56100,0.91590,0.16231,0.19800,0.08400,,0.09400,0.11200,0.05600,,,,,,
sim1_base,task003_symmetric,12,6.00000,1.00000,0.75000,truth,0,0.05579,0.04245,0.07134,0.00004,0.99583,0.94004,0.00050,0.28400,0.00979,4.71479,1.00000,0.94400,1.00000,0.90900,0.00000,0.86200,,,,,,
sim1_base,task003_symmetric,12,6.00000,1.00000,1.00000,both,0,,,,,,,,,,,,,,,,,0.03400,0.02600,0.04250,0.03600,0.02850,0.04450
sim1_base,task003_symmetric,12,6.00000,1.00000,1.00000,both,1,,,,,,,,,,,,,,,,,0.00000,0.00000,0.00000,0.00000,0.00000,0.00000
sim1_base,task003_symmetric,12,6.00000,1.00000,1.00000,both,2,,,,,,,,,,,,,,,,,-0.03400,-0.04250,-0.02600,-0.03600,-0.04450,-0.02850
sim1_base,task003_symmetric,12,6.00000,1.00000,1.00000,false,2,0.00200,0.00000,0.00500,0.00000,0.07200,0.07000,0.00000,26.89400,0.92738,0.00178,0.08400,0.08400,,0.07200,0.92800,0.07000,,,,,,
sim1_base,task003_symmetric,12,6.00000,1.00000,1.00000,truth,0,0.07000,0.05500,0.08700,0.00000,1.00000,0.93000,0.00000,0.24700,0.00852,6.80162,1.00000,0.93000,1.00000,1.00000,0.00000,0.93000,,,,,,
sim1_base,task003_symmetric,12,6.00000,2.00000,0.75000,both,0,,,,,,,,,,,,,,,,,-0.09083,-0.10298,-0.07745,0.14713,0.13681,0.15690
sim1_base,task003_symmetric,12,6.00000,2.00000,0.75000,both,1,,,,,,,,,,,,,,,,,0.00069,0.00033,0.00108,-0.00065,-0.00100,-0.00033
sim1_base,task003_symmetric,12,6.00000,2.00000,0.75000,both,2,,,,,,,,,,,,,,,,,0.09015,0.07673,0.10233,-0.14648,-0.15621,-0.13610
sim1_base,task003_symmetric,12,6.00000,2.00000,0.75000,false,2,0.23662,0.21820,0.25226,0.00133,0.29613,0.05950,0.00179,50.95600,0.87855,0.11145,0.31400,0.08400,,0.13700,0.06300,0.05600,,,,,,
sim1_base,task003_symmetric,12,6.00000,2.00000,0.75000,truth,0,0.05629,0.04200,0.07025,0.00004,0.99633,0.94004,0.00050,0.52400,0.00903,2.57824,1.00000,0.94400,1.00000,0.92200,0.00000,0.86200,,,,,,
sim1_base,task003_symmetric,12,6.00000,2.00000,1.00000,both,0,,,,,,,,,,,,,,,,,0.03250,0.02400,0.04051,0.03750,0.02950,0.04600
sim1_base,task003_symmetric,12,6.00000,2.00000,1.00000,both,1,,,,,,,,,,,,,,,,,0.00000,0.00000,0.00000,0.00000,0.00000,0.00000
sim1_base,task003_symmetric,12,6.00000,2.00000,1.00000,both,2,,,,,,,,,,,,,,,,,-0.03250,-0.04051,-0.02400,-0.03750,-0.04600,-0.02950
sim1_base,task003_symmetric,12,6.00000,2.00000,1.00000,false,2,0.00500,0.00100,0.01000,0.00000,0.07500,0.07000,0.00000,53.62600,0.92459,0.00224,0.08800,0.08400,,0.07500,0.92500,0.07000,,,,,,
sim1_base,task003_symmetric,12,6.00000,2.00000,1.00000,truth,0,0.07000,0.05400,0.08700,0.00000,1.00000,0.93000,0.00000,0.45000,0.00776,3.73333,1.00000,0.93000,1.00000,1.00000,0.00000,0.93000,,,,,,
sim1_base,task003_symmetric,12,6.00000,3.00000,0.75000,both,0,,,,,,,,,,,,,,,,,-0.10669,-0.11929,-0.09331,0.16335,0.15329,0.17427
sim1_base,task003_symmetric,12,6.00000,3.00000,0.75000,both,1,,,,,,,,,,,,,,,,,0.00160,0.00113,0.00208,-0.00160,-0.00204,-0.00117
sim1_base,task003_symmetric,12,6.00000,3.00000,0.75000,both,2,,,,,,,,,,,,,,,,,0.10508,0.09169,0.11777,-0.16175,-0.17267,-0.15146
sim1_base,task003_symmetric,12,6.00000,3.00000,0.75000,false,2,0.26683,0.24742,0.28650,0.00321,0.32633,0.05950,0.00367,74.59800,0.85745,0.08585,0.36300,0.08400,,0.16200,0.05800,0.05600,,,,,,
sim1_base,task003_symmetric,12,6.00000,3.00000,0.75000,truth,0,0.05667,0.04353,0.07017,0.00000,0.99671,0.94004,0.00046,0.76500,0.00879,1.77778,1.00000,0.94400,1.00000,0.92900,0.00000,0.86200,,,,,,
sim1_base,task003_symmetric,12,6.00000,3.00000,1.00000,both,0,,,,,,,,,,,,,,,,,0.03200,0.02350,0.04050,0.03800,0.03000,0.04650
sim1_base,task003_symmetric,12,6.00000,3.00000,1.00000,both,1,,,,,,,,,,,,,,,,,0.00000,0.00000,0.00000,0.00000,0.00000,0.00000
sim1_base,task003_symmetric,12,6.00000,3.00000,1.00000,both,2,,,,,,,,,,,,,,,,,-0.03200,-0.04050,-0.02350,-0.03800,-0.04650,-0.03000
sim1_base,task003_symmetric,12,6.00000,3.00000,1.00000,false,2,0.00600,0.00200,0.01100,0.00000,0.07600,0.07000,0.00000,80.28000,0.92276,0.00179,0.10300,0.08400,,0.07600,0.92400,0.07000,,,,,,
sim1_base,task003_symmetric,12,6.00000,3.00000,1.00000,truth,0,0.07000,0.05498,0.08502,0.00000,1.00000,0.93000,0.00000,0.66900,0.00769,2.51121,1.00000,0.93000,1.00000,1.00000,0.00000,0.93000,,,,,,
sim1_base,task003_symmetric,12,6.00000,6.00000,0.75000,both,0,,,,,,,,,,,,,,,,,-0.14779,-0.16128,-0.13379,0.20404,0.19325,0.21448
sim1_base,task003_symmetric,12,6.00000,6.00000,0.75000,both,1,,,,,,,,,,,,,,,,,0.00200,0.00148,0.00256,-0.00196,-0.00250,-0.00150
sim1_base,task003_symmetric,12,6.00000,6.00000,0.75000,both,2,,,,,,,,,,,,,,,,,0.14579,0.13181,0.15925,-0.20208,-0.21250,-0.19116
sim1_base,task003_symmetric,12,6.00000,6.00000,0.75000,false,2,0.34788,0.32637,0.36921,0.00396,0.40737,0.05950,0.00442,140.72400,0.80876,0.05933,0.46900,0.08400,,0.22800,0.04400,0.05600,,,,,,
sim1_base,task003_symmetric,12,6.00000,6.00000,0.75000,truth,0,0.05625,0.04307,0.07092,0.00004,0.99629,0.94004,0.00050,1.53000,0.00879,0.88235,1.00000,0.94400,1.00000,0.92300,0.00000,0.86200,,,,,,
sim1_base,task003_symmetric,12,6.00000,6.00000,1.00000,both,0,,,,,,,,,,,,,,,,,0.03150,0.02350,0.03950,0.03850,0.03050,0.04650
sim1_base,task003_symmetric,12,6.00000,6.00000,1.00000,both,1,,,,,,,,,,,,,,,,,0.00000,0.00000,0.00000,0.00000,0.00000,0.00000
sim1_base,task003_symmetric,12,6.00000,6.00000,1.00000,both,2,,,,,,,,,,,,,,,,,-0.03150,-0.03950,-0.02350,-0.03850,-0.04650,-0.03050
sim1_base,task003_symmetric,12,6.00000,6.00000,1.00000,false,2,0.00700,0.00200,0.01300,0.00000,0.07700,0.07000,0.00000,160.31400,0.92134,0.00105,0.10100,0.08400,,0.07700,0.92300,0.07000,,,,,,
sim1_base,task003_symmetric,12,6.00000,6.00000,1.00000,truth,0,0.07000,0.05500,0.08500,0.00000,1.00000,0.93000,0.00000,1.34400,0.00772,1.25000,1.00000,0.93000,1.00000,1.00000,0.00000,0.93000,,,,,,
sim1_base,task003_symmetric,12,6.00000,9.00000,0.75000,both,0,,,,,,,,,,,,,,,,,-0.21669,-0.23273,-0.19973,0.27356,0.26158,0.28492
sim1_base,task003_symmetric,12,6.00000,9.00000,0.75000,both,1,,,,,,,,,,,,,,,,,0.00019,-0.00006,0.00044,-0.00031,-0.00054,-0.00008
sim1_base,task003_symmetric,12,6.00000,9.00000,0.75000,both,2,,,,,,,,,,,,,,,,,0.21650,0.19960,0.23254,-0.27325,-0.28456,-0.26119
sim1_base,task003_symmetric,12,6.00000,9.00000,0.75000,false,2,0.48975,0.46354,0.51346,0.00050,0.54925,0.05950,0.00096,193.28400,0.74055,0.06081,0.62700,0.08400,22.00000,0.33200,0.02300,0.05600,,,,,,
sim1_base,task003_symmetric,12,6.00000,9.00000,0.75000,truth,0,0.05687,0.04241,0.07179,-0.00013,0.99692,0.94004,0.00033,2.27700,0.00872,0.59947,1.00000,0.94400,1.00000,0.93400,0.00000,0.86200,,,,,,
sim1_base,task003_symmetric,12,6.00000,9.00000,1.00000,both,0,,,,,,,,,,,,,,,,,0.03150,0.02349,0.03950,0.03850,0.03000,0.04650
sim1_base,task003_symmetric,12,6.00000,9.00000,1.00000,both,1,,,,,,,,,,,,,,,,,0.00000,0.00000,0.00000,0.00000,0.00000,0.00000
sim1_base,task003_symmetric,12,6.00000,9.00000,1.00000,both,2,,,,,,,,,,,,,,,,,-0.03150,-0.03950,-0.02349,-0.03850,-0.04650,-0.03000
sim1_base,task003_symmetric,12,6.00000,9.00000,1.00000,false,2,0.00700,0.00298,0.01200,0.00000,0.07700,0.07000,0.00000,240.39900,0.92107,0.00070,0.10000,0.08400,,0.07700,0.92300,0.07000,,,,,,
sim1_base,task003_symmetric,12,6.00000,9.00000,1.00000,truth,0,0.07000,0.05400,0.08500,0.00000,1.00000,0.93000,0.00000,2.00700,0.00769,0.83707,1.00000,0.93000,1.00000,1.00000,0.00000,0.93000,,,,,,
sim1_base,task003_symmetric,12,12.00000,1.00000,0.75000,both,0,,,,,,,,,,,,,,,,,-0.03771,-0.04790,-0.02764,0.09329,0.08473,0.10261
sim1_base,task003_symmetric,12,12.00000,1.00000,0.75000,both,1,,,,,,,,,,,,,,,,,0.00027,0.00004,0.00052,-0.00019,-0.00044,0.00004
sim1_base,task003_symmetric,12,12.00000,1.00000,0.75000,both,2,,,,,,,,,,,,,,,,,0.03744,0.02748,0.04763,-0.09310,-0.10240,-0.08464
sim1_base,task003_symmetric,12,12.00000,1.00000,0.75000,false,2,0.13054,0.11800,0.14334,0.00046,0.19004,0.05950,0.00092,26.76600,0.92297,0.11705,0.15500,0.08400,,0.08000,0.22200,0.05600,,,,,,
sim1_base,task003_symmetric,12,12.00000,1.00000,0.75000,truth,0,0.05558,0.04212,0.07046,0.00008,0.99562,0.94004,0.00054,0.17200,0.00593,7.75581,1.00000,0.94400,1.00000,0.91200,0.00000,0.86200,,,,,,
sim1_base,task003_symmetric,12,12.00000,1.00000,1.00000,both,0,,,,,,,,,,,,,,,,,0.03450,0.02650,0.04301,0.03550,0.02750,0.04400
sim1_base,task003_symmetric,12,12.00000,1.00000,1.00000,both,1,,,,,,,,,,,,,,,,,0.00000,0.00000,0.00000,0.00000,0.00000,0.00000
sim1_base,task003_symmetric,12,12.00000,1.00000,1.00000,both,2,,,,,,,,,,,,,,,,,-0.03450,-0.04301,-0.02650,-0.03550,-0.04400,-0.02750
sim1_base,task003_symmetric,12,12.00000,1.00000,1.00000,false,2,0.00100,0.00000,0.00300,0.00000,0.07100,0.07000,0.00000,26.91900,0.92824,0.00089,0.08400,0.08400,,0.07100,0.92900,0.07000,,,,,,
sim1_base,task003_symmetric,12,12.00000,1.00000,1.00000,truth,0,0.07000,0.05400,0.08700,0.00000,1.00000,0.93000,0.00000,0.16600,0.00572,10.12048,1.00000,0.93000,1.00000,1.00000,0.00000,0.93000,,,,,,
sim1_base,task003_symmetric,12,12.00000,2.00000,0.75000,both,0,,,,,,,,,,,,,,,,,-0.08167,-0.09285,-0.06960,0.13783,0.12860,0.14829
sim1_base,task003_symmetric,12,12.00000,2.00000,0.75000,both,1,,,,,,,,,,,,,,,,,0.00031,0.00006,0.00060,-0.00019,-0.00046,0.00008
sim1_base,task003_symmetric,12,12.00000,2.00000,0.75000,both,2,,,,,,,,,,,,,,,,,0.08135,0.06924,0.09254,-0.13765,-0.14817,-0.12835
sim1_base,task003_symmetric,12,12.00000,2.00000,0.75000,false,2,0.21900,0.20300,0.23542,0.00050,0.27850,0.05950,0.00096,51.49200,0.88779,0.10207,0.27800,0.08400,,0.12300,0.09500,0.05600,,,,,,
sim1_base,task003_symmetric,12,12.00000,2.00000,0.75000,truth,0,0.05617,0.04308,0.07217,0.00013,0.99621,0.94004,0.00058,0.32400,0.00559,4.16049,1.00000,0.94400,1.00000,0.92000,0.00000,0.86200,,,,,,
sim1_base,task003_symmetric,12,12.00000,2.00000,1.00000,both,0,,,,,,,,,,,,,,,,,0.03350,0.02550,0.04150,0.03650,0.02850,0.04500
sim1_base,task003_symmetric,12,12.00000,2.00000,1.00000,both,1,,,,,,,,,,,,,,,,,0.00000,0.00000,0.00000,0.00000,0.00000,0.00000
sim1_base,task003_symmetric,12,12.00000,2.00000,1.00000,both,2,,,,,,,,,,,,,,,,,-0.03350,-0.04150,-0.02550,-0.03650,-0.04500,-0.02850
sim1_base,task003_symmetric,12,12.00000,2.00000,1.00000,false,2,0.00300,0.00000,0.00600,0.00000,0.07300,0.07000,0.00000,53.68800,0.92566,0.00134,0.08900,0.08400,,0.07300,0.92700,0.07000,,,,,,
sim1_base,task003_symmetric,12,12.00000,2.00000,1.00000,truth,0,0.07000,0.05400,0.08600,0.00000,1.00000,0.93000,0.00000,0.31400,0.00541,5.35032,1.00000,0.93000,1.00000,1.00000,0.00000,0.93000,,,,,,
sim1_base,task003_symmetric,12,12.00000,3.00000,0.75000,both,0,,,,,,,,,,,,,,,,,-0.10412,-0.11755,-0.08931,0.16017,0.14973,0.17117
sim1_base,task003_symmetric,12,12.00000,3.00000,0.75000,both,1,,,,,,,,,,,,,,,,,0.00104,0.00067,0.00142,-0.00092,-0.00129,-0.00054
sim1_base,task003_symmetric,12,12.00000,3.00000,0.75000,both,2,,,,,,,,,,,,,,,,,0.10308,0.08833,0.11660,-0.15925,-0.17021,-0.14867
sim1_base,task003_symmetric,12,12.00000,3.00000,0.75000,false,2,0.26233,0.24100,0.28142,0.00196,0.32183,0.05950,0.00242,74.58000,0.85724,0.08442,0.32700,0.08400,,0.16500,0.08500,0.05600,,,,,,
sim1_base,task003_symmetric,12,12.00000,3.00000,0.75000,truth,0,0.05604,0.04196,0.07109,0.00013,0.99608,0.94004,0.00058,0.48300,0.00555,2.78468,1.00000,0.94400,1.00000,0.91800,0.00000,0.86200,,,,,,
sim1_base,task003_symmetric,12,12.00000,3.00000,1.00000,both,0,,,,,,,,,,,,,,,,,0.03250,0.02500,0.04100,0.03750,0.02950,0.04551
sim1_base,task003_symmetric,12,12.00000,3.00000,1.00000,both,1,,,,,,,,,,,,,,,,,0.00000,0.00000,0.00000,0.00000,0.00000,0.00000
sim1_base,task003_symmetric,12,12.00000,3.00000,1.00000,both,2,,,,,,,,,,,,,,,,,-0.03250,-0.04100,-0.02500,-0.03750,-0.04551,-0.02950
sim1_base,task003_symmetric,12,12.00000,3.00000,1.00000,false,2,0.00500,0.00100,0.00900,0.00000,0.07500,0.07000,0.00000,80.38500,0.92397,0.00149,0.09800,0.08400,,0.07500,0.92500,0.07000,,,,,,
sim1_base,task003_symmetric,12,12.00000,3.00000,1.00000,truth,0,0.07000,0.05500,0.08600,0.00000,1.00000,0.93000,0.00000,0.47100,0.00541,3.56688,1.00000,0.93000,1.00000,1.00000,0.00000,0.93000,,,,,,
sim1_base,task003_symmetric,12,12.00000,6.00000,0.75000,both,0,,,,,,,,,,,,,,,,,-0.14154,-0.15520,-0.12756,0.19729,0.18652,0.20927
sim1_base,task003_symmetric,12,12.00000,6.00000,0.75000,both,1,,,,,,,,,,,,,,,,,0.00133,0.00094,0.00175,-0.00117,-0.00160,-0.00077
sim1_base,task003_symmetric,12,12.00000,6.00000,0.75000,both,2,,,,,,,,,,,,,,,,,0.14021,0.12621,0.15398,-0.19613,-0.20801,-0.18519
sim1_base,task003_symmetric,12,12.00000,6.00000,0.75000,false,2,0.33633,0.31575,0.35800,0.00250,0.39583,0.05950,0.00296,144.33000,0.82948,0.05593,0.44800,0.08400,,0.19900,0.04600,0.05600,,,,,,
sim1_base,task003_symmetric,12,12.00000,6.00000,0.75000,truth,0,0.05575,0.04200,0.07159,0.00017,0.99579,0.94004,0.00063,0.96600,0.00555,1.38509,1.00000,0.94400,1.00000,0.91300,0.00000,0.86200,,,,,,
sim1_base,task003_symmetric,12,12.00000,6.00000,1.00000,both,0,,,,,,,,,,,,,,,,,0.03200,0.02450,0.04050,0.03800,0.03050,0.04650
sim1_base,task003_symmetric,12,12.00000,6.00000,1.00000,both,1,,,,,,,,,,,,,,,,,0.00000,0.00000,0.00000,0.00000,0.00000,0.00000
sim1_base,task003_symmetric,12,12.00000,6.00000,1.00000,both,2,,,,,,,,,,,,,,,,,-0.03200,-0.04050,-0.02450,-0.03800,-0.04650,-0.03050
sim1_base,task003_symmetric,12,12.00000,6.00000,1.00000,false,2,0.00600,0.00200,0.01100,0.00000,0.07600,0.07000,0.00000,160.58400,0.92290,0.00090,0.09800,0.08400,,0.07600,0.92400,0.07000,,,,,,
sim1_base,task003_symmetric,12,12.00000,6.00000,1.00000,truth,0,0.07000,0.05598,0.08700,0.00000,1.00000,0.93000,0.00000,0.94200,0.00541,1.78344,1.00000,0.93000,1.00000,1.00000,0.00000,0.93000,,,,,,
sim1_base,task003_symmetric,12,12.00000,9.00000,0.75000,both,0,,,,,,,,,,,,,,,,,-0.20452,-0.21892,-0.19014,0.26060,0.24939,0.27254
sim1_base,task003_symmetric,12,12.00000,9.00000,0.75000,both,1,,,,,,,,,,,,,,,,,0.00079,0.00046,0.00113,-0.00079,-0.00113,-0.00046
sim1_base,task003_symmetric,12,12.00000,9.00000,0.75000,both,2,,,,,,,,,,,,,,,,,0.20373,0.18948,0.21811,-0.25981,-0.27188,-0.24852
sim1_base,task003_symmetric,12,12.00000,9.00000,0.75000,false,2,0.46354,0.44087,0.48525,0.00158,0.52304,0.05950,0.00204,199.34100,0.76376,0.05581,0.60100,0.08400,24.00000,0.30500,0.01600,0.05600,,,,,,
sim1_base,task003_symmetric,12,12.00000,9.00000,0.75000,truth,0,0.05608,0.04296,0.07029,0.00000,0.99613,0.94004,0.00046,1.44900,0.00555,0.92892,1.00000,0.94400,1.00000,0.92300,0.00000,0.86200,,,,,,
sim1_base,task003_symmetric,12,12.00000,9.00000,1.00000,both,0,,,,,,,,,,,,,,,,,0.03246,0.02446,0.04100,0.03754,0.02962,0.04600
sim1_base,task003_symmetric,12,12.00000,9.00000,1.00000,both,1,,,,,,,,,,,,,,,,,0.00000,0.00000,0.00000,0.00000,0.00000,0.00000
sim1_base,task003_symmetric,12,12.00000,9.00000,1.00000,both,2,,,,,,,,,,,,,,,,,-0.03246,-0.04100,-0.02446,-0.03754,-0.04600,-0.02962
sim1_base,task003_symmetric,12,12.00000,9.00000,1.00000,false,2,0.00508,0.00108,0.00942,0.00000,0.07508,0.07000,0.00000,240.98400,0.92331,0.00051,0.09700,0.08400,,0.07500,0.92400,0.07000,,,,,,
sim1_base,task003_symmetric,12,12.00000,9.00000,1.00000,truth,0,0.07000,0.05500,0.08600,0.00000,1.00000,0.93000,0.00000,1.41300,0.00541,1.18896,1.00000,0.93000,1.00000,1.00000,0.00000,0.93000,,,,,,
sim1_base,task003_symmetric,12,24.00000,1.00000,0.75000,both,0,,,,,,,,,,,,,,,,,0.01700,0.00898,0.02511,0.03887,0.03106,0.04631
sim1_base,task003_symmetric,12,24.00000,1.00000,0.75000,both,1,,,,,,,,,,,,,,,,,-0.00010,-0.00027,0.00006,0.00015,-0.00000,0.00031
sim1_base,task003_symmetric,12,24.00000,1.00000,0.75000,both,2,,,,,,,,,,,,,,,,,-0.01690,-0.02496,-0.00889,-0.03902,-0.04642,-0.03119
sim1_base,task003_symmetric,12,24.00000,1.00000,0.75000,false,2,0.02212,0.01600,0.02850,-0.00025,0.08163,0.05950,0.00021,27.09000,0.93414,0.01960,0.08800,0.08400,,0.06500,0.65300,0.05600,,,,,,
sim1_base,task003_symmetric,12,24.00000,1.00000,0.75000,truth,0,0.05587,0.04178,0.06988,0.00004,0.99592,0.94004,0.00050,0.09500,0.00328,14.11579,1.00000,0.94400,1.00000,0.91800,0.00000,0.86200,,,,,,
sim1_base,task003_symmetric,12,24.00000,1.00000,1.00000,both,0,,,,,,,,,,,,,,,,,0.03500,0.02700,0.04300,0.03500,0.02700,0.04300
sim1_base,task003_symmetric,12,24.00000,1.00000,1.00000,both,1,,,,,,,,,,,,,,,,,0.00000,0.00000,0.00000,0.00000,0.00000,0.00000
sim1_base,task003_symmetric,12,24.00000,1.00000,1.00000,both,2,,,,,,,,,,,,,,,,,-0.03500,-0.04300,-0.02700,-0.03500,-0.04300,-0.02700
sim1_base,task003_symmetric,12,24.00000,1.00000,1.00000,false,2,0.00000,0.00000,0.00000,0.00000,0.07000,0.07000,0.00000,26.94700,0.92921,0.00000,0.08400,0.08400,,0.07000,0.93000,0.07000,,,,,,
sim1_base,task003_symmetric,12,24.00000,1.00000,1.00000,truth,0,0.07000,0.05400,0.08600,0.00000,1.00000,0.93000,0.00000,0.09700,0.00334,17.31959,1.00000,0.93000,1.00000,1.00000,0.00000,0.93000,,,,,,
sim1_base,task003_symmetric,12,24.00000,2.00000,0.75000,both,0,,,,,,,,,,,,,,,,,-0.03012,-0.04067,-0.02033,0.08612,0.07806,0.09523
sim1_base,task003_symmetric,12,24.00000,2.00000,0.75000,both,1,,,,,,,,,,,,,,,,,-0.00012,-0.00029,0.00004,0.00021,0.00004,0.00037
sim1_base,task003_symmetric,12,24.00000,2.00000,0.75000,both,2,,,,,,,,,,,,,,,,,0.03025,0.02045,0.04071,-0.08633,-0.09544,-0.07819
sim1_base,task003_symmetric,12,24.00000,2.00000,0.75000,false,2,0.11658,0.10600,0.12888,-0.00033,0.17608,0.05950,0.00013,53.26800,0.91841,0.05253,0.16700,0.08400,,0.08000,0.27200,0.05600,,,,,,
sim1_base,task003_symmetric,12,24.00000,2.00000,0.75000,truth,0,0.05600,0.04221,0.07104,0.00008,0.99604,0.94004,0.00054,0.19000,0.00328,7.07368,1.00000,0.94400,1.00000,0.91800,0.00000,0.86200,,,,,,
sim1_base,task003_symmetric,12,24.00000,2.00000,1.00000,both,0,,,,,,,,,,,,,,,,,0.03450,0.02600,0.04300,0.03550,0.02750,0.04350
sim1_base,task003_symmetric,12,24.00000,2.00000,1.00000,both,1,,,,,,,,,,,,,,,,,0.00000,0.00000,0.00000,0.00000,0.00000,0.00000
sim1_base,task003_symmetric,12,24.00000,2.00000,1.00000,both,2,,,,,,,,,,,,,,,,,-0.03450,-0.04300,-0.02600,-0.03550,-0.04350,-0.02750
sim1_base,task003_symmetric,12,24.00000,2.00000,1.00000,false,2,0.00100,0.00000,0.00300,0.00000,0.07100,0.07000,0.00000,53.82400,0.92800,0.00045,0.08800,0.08400,,0.07100,0.92900,0.07000,,,,,,
sim1_base,task003_symmetric,12,24.00000,2.00000,1.00000,truth,0,0.07000,0.05400,0.08700,0.00000,1.00000,0.93000,0.00000,0.18800,0.00324,8.93617,1.00000,0.93000,1.00000,1.00000,0.00000,0.93000,,,,,,
sim1_base,task003_symmetric,12,24.00000,3.00000,0.75000,both,0,,,,,,,,,,,,,,,,,-0.03429,-0.04455,-0.02369,0.09050,0.08154,0.09952
sim1_base,task003_symmetric,12,24.00000,3.00000,0.75000,both,1,,,,,,,,,,,,,,,,,-0.00004,-0.00023,0.00017,0.00012,-0.00008,0.00031
sim1_base,task003_symmetric,12,24.00000,3.00000,0.75000,both,2,,,,,,,,,,,,,,,,,0.03433,0.02387,0.04469,-0.09062,-0.09961,-0.08156
sim1_base,task003_symmetric,12,24.00000,3.00000,0.75000,false,2,0.12496,0.11229,0.13746,-0.00017,0.18446,0.05950,0.00029,79.33200,0.91186,0.03780,0.16300,0.08400,,0.08900,0.26700,0.05600,,,,,,
sim1_base,task003_symmetric,12,24.00000,3.00000,0.75000,truth,0,0.05621,0.04241,0.07021,0.00008,0.99625,0.94004,0.00054,0.28200,0.00324,4.78369,1.00000,0.94400,1.00000,0.92200,0.00000,0.86200,,,,,,
sim1_base,task003_symmetric,12,24.00000,3.00000,1.00000,both,0,,,,,,,,,,,,,,,,,0.03400,0.02600,0.04200,0.03600,0.02850,0.04400
sim1_base,task003_symmetric,12,24.00000,3.00000,1.00000,both,1,,,,,,,,,,,,,,,,,0.00000,0.00000,0.00000,0.00000,0.00000,0.00000
sim1_base,task003_symmetric,12,24.00000,3.00000,1.00000,both,2,,,,,,,,,,,,,,,,,-0.03400,-0.04200,-0.02600,-0.03600,-0.04400,-0.02850
sim1_base,task003_symmetric,12,24.00000,3.00000,1.00000,false,2,0.00200,0.00000,0.00500,0.00000,0.07200,0.07000,0.00000,80.65200,0.92703,0.00060,0.08900,0.08400,,0.07200,0.92800,0.07000,,,,,,
sim1_base,task003_symmetric,12,24.00000,3.00000,1.00000,truth,0,0.07000,0.05500,0.08502,0.00000,1.00000,0.93000,0.00000,0.28200,0.00324,5.95745,1.00000,0.93000,1.00000,1.00000,0.00000,0.93000,,,,,,
sim1_base,task003_symmetric,12,24.00000,6.00000,0.75000,both,0,,,,,,,,,,,,,,,,,-0.12802,-0.14154,-0.11450,0.18394,0.17337,0.19588
sim1_base,task003_symmetric,12,24.00000,6.00000,0.75000,both,1,,,,,,,,,,,,,,,,,0.00067,0.00037,0.00098,-0.00054,-0.00085,-0.00025
sim1_base,task003_symmetric,12,24.00000,6.00000,0.75000,both,2,,,,,,,,,,,,,,,,,0.12735,0.11377,0.14084,-0.18340,-0.19530,-0.17281
sim1_base,task003_symmetric,12,24.00000,6.00000,0.75000,false,2,0.31075,0.29242,0.33142,0.00121,0.37025,0.05950,0.00167,148.47600,0.85331,0.05023,0.44500,0.08400,,0.17800,0.04500,0.05600,,,,,,
sim1_base,task003_symmetric,12,24.00000,6.00000,0.75000,truth,0,0.05592,0.04196,0.07159,0.00013,0.99596,0.94004,0.00058,0.56400,0.00324,2.37943,1.00000,0.94400,1.00000,0.91800,0.00000,0.86200,,,,,,
sim1_base,task003_symmetric,12,24.00000,6.00000,1.00000,both,0,,,,,,,,,,,,,,,,,0.03400,0.02550,0.04250,0.03600,0.02800,0.04400
sim1_base,task003_symmetric,12,24.00000,6.00000,1.00000,both,1,,,,,,,,,,,,,,,,,0.00000,0.00000,0.00000,0.00000,0.00000,0.00000
sim1_base,task003_symmetric,12,24.00000,6.00000,1.00000,both,2,,,,,,,,,,,,,,,,,-0.03400,-0.04250,-0.02550,-0.03600,-0.04400,-0.02800
sim1_base,task003_symmetric,12,24.00000,6.00000,1.00000,false,2,0.00200,0.00000,0.00500,0.00000,0.07200,0.07000,0.00000,161.28600,0.92693,0.00030,0.08700,0.08400,,0.07200,0.92800,0.07000,,,,,,
sim1_base,task003_symmetric,12,24.00000,6.00000,1.00000,truth,0,0.07000,0.05400,0.08602,0.00000,1.00000,0.93000,0.00000,0.56400,0.00324,2.97872,1.00000,0.93000,1.00000,1.00000,0.00000,0.93000,,,,,,
sim1_base,task003_symmetric,12,24.00000,9.00000,0.75000,both,0,,,,,,,,,,,,,,,,,-0.20104,-0.21523,-0.18664,0.25712,0.24631,0.26888
sim1_base,task003_symmetric,12,24.00000,9.00000,0.75000,both,1,,,,,,,,,,,,,,,,,0.00083,0.00050,0.00117,-0.00083,-0.00117,-0.00050
sim1_base,task003_symmetric,12,24.00000,9.00000,0.75000,both,2,,,,,,,,,,,,,,,,,0.20021,0.18577,0.21436,-0.25629,-0.26813,-0.24550
sim1_base,task003_symmetric,12,24.00000,9.00000,0.75000,false,2,0.45650,0.43538,0.47904,0.00167,0.51600,0.05950,0.00213,206.29800,0.79041,0.05311,0.63600,0.08400,23.00000,0.27800,0.01400,0.05600,,,,,,
sim1_base,task003_symmetric,12,24.00000,9.00000,0.75000,truth,0,0.05608,0.04303,0.07059,0.00000,0.99613,0.94004,0.00046,0.84600,0.00324,1.59102,1.00000,0.94400,1.00000,0.92200,0.00000,0.86200,,,,,,
sim1_base,task003_symmetric,12,24.00000,9.00000,1.00000,both,0,,,,,,,,,,,,,,,,,0.03396,0.02600,0.04246,0.03604,0.02804,0.04450
sim1_base,task003_symmetric,12,24.00000,9.00000,1.00000,both,1,,,,,,,,,,,,,,,,,0.00000,0.00000,0.00000,0.00000,0.00000,0.00000
sim1_base,task003_symmetric,12,24.00000,9.00000,1.00000,both,2,,,,,,,,,,,,,,,,,-0.03396,-0.04246,-0.02600,-0.03604,-0.04450,-0.02804
sim1_base,task003_symmetric,12,24.00000,9.00000,1.00000,false,2,0.00208,0.00000,0.00508,0.00000,0.07208,0.07000,0.00000,241.87500,0.92672,0.00021,0.09200,0.08400,,0.07200,0.92700,0.07000,,,,,,
sim1_base,task003_symmetric,12,24.00000,9.00000,1.00000,truth,0,0.07000,0.05498,0.08602,0.00000,1.00000,0.93000,0.00000,0.84600,0.00324,1.98582,1.00000,0.93000,1.00000,1.00000,0.00000,0.93000,,,,,,
sim1_pm,task003_nosolution,3,3.00000,1.00000,0.75000,both,0,,,,,,,,,,,,,,,,,0.08094,0.07356,0.08952,0.26940,0.26521,0.27350
sim1_pm,task003_nosolution,3,3.00000,1.00000,0.75000,both,1,,,,,,,,,,,,,,,,,-0.05535,-0.06256,-0.04865,0.03010,0.02648,0.03327
sim1_pm,task003_nosolution,3,3.00000,1.00000,0.75000,both,2,,,,,,,,,,,,,,,,,-0.02558,-0.03540,-0.01629,-0.29950,-0.30394,-0.29531
sim1_pm,task003_nosolution,3,3.00000,1.00000,0.75000,false,2,0.27392,0.26308,0.28433,-0.08546,0.75654,0.48263,0.07871,17.49300,0.60321,0.37581,0.99600,0.49900,5.00000,0.00600,0.00000,0.00000,,,,,,
sim1_pm,task003_nosolution,3,3.00000,1.00000,0.75000,truth,0,0.35033,0.34075,0.36004,-0.02525,0.70354,0.35321,0.13892,20.34600,0.70159,0.41325,0.99100,0.11400,7.00000,0.00200,0.00000,0.00000,,,,,,
sim1_pm,task003_nosolution,3,3.00000,1.00000,1.00000,both,0,,,,,,,,,,,,,,,,,0.05940,0.05337,0.06588,0.29473,0.28981,0.29967
sim1_pm,task003_nosolution,3,3.00000,1.00000,1.00000,both,1,,,,,,,,,,,,,,,,,0.00031,-0.00040,0.00096,0.00094,0.00060,0.00127
sim1_pm,task003_nosolution,3,3.00000,1.00000,1.00000,both,2,,,,,,,,,,,,,,,,,-0.05971,-0.06627,-0.05369,-0.29567,-0.30063,-0.29077
sim1_pm,task003_nosolution,3,3.00000,1.00000,1.00000,false,2,0.23596,0.22758,0.24375,-0.00063,0.73304,0.49708,0.00000,15.73200,0.54248,0.35997,0.99800,0.46600,5.00000,0.00700,0.00000,0.00000,,,,,,
sim1_pm,task003_nosolution,3,3.00000,1.00000,1.00000,truth,0,0.35413,0.34616,0.36196,0.00125,0.85642,0.50229,0.00187,14.33900,0.49445,0.59272,0.99900,0.30200,5.00000,0.06500,0.00000,0.00000,,,,,,
sim1_pm,task003_nosolution,3,3.00000,2.00000,0.75000,both,0,,,,,,,,,,,,,,,,,0.09588,0.08794,0.10399,0.24712,0.24308,0.25142
sim1_pm,task003_nosolution,3,3.00000,2.00000,0.75000,both,1,,,,,,,,,,,,,,,,,-0.05940,-0.06746,-0.05233,0.04119,0.03785,0.04444
sim1_pm,task003_nosolution,3,3.00000,2.00000,0.75000,both,2,,,,,,,,,,,,,,,,,-0.03648,-0.04577,-0.02694,-0.28831,-0.29286,-0.28402
sim1_pm,task003_nosolution,3,3.00000,2.00000,0.75000,false,2,0.25183,0.24208,0.26297,-0.10058,0.73446,0.48263,0.06358,36.09200,0.62228,0.16746,0.99800,0.49900,4.00000,0.00100,0.00000,0.00000,,,,,,
sim1_pm,task003_nosolution,3,3.00000,2.00000,0.75000,truth,0,0.34300,0.33387,0.35338,-0.01821,0.69621,0.35321,0.14596,39.79200,0.68607,0.20688,0.99100,0.11400,6.00000,0.00000,0.00000,0.00000,,,,,,
sim1_pm,task003_nosolution,3,3.00000,2.00000,1.00000,both,0,,,,,,,,,,,,,,,,,0.11877,0.11356,0.12385,0.23523,0.23160,0.23919
sim1_pm,task003_nosolution,3,3.00000,2.00000,1.00000,both,1,,,,,,,,,,,,,,,,,-0.00063,-0.00137,-0.00008,0.00000,0.00000,0.00000
sim1_pm,task003_nosolution,3,3.00000,2.00000,1.00000,both,2,,,,,,,,,,,,,,,,,-0.11815,-0.12319,-0.11304,-0.23523,-0.23919,-0.23160
sim1_pm,task003_nosolution,3,3.00000,2.00000,1.00000,false,2,0.11708,0.11142,0.12275,-0.00063,0.61417,0.49708,0.00000,37.13400,0.64024,0.07567,0.99100,0.46600,4.00000,0.00000,0.00000,0.00000,,,,,,
sim1_pm,task003_nosolution,3,3.00000,2.00000,1.00000,truth,0,0.35400,0.34633,0.36158,-0.00063,0.85629,0.50229,0.00000,23.01800,0.39686,0.36910,1.00000,0.30200,4.00000,0.06300,0.00000,0.00000,,,,,,
sim1_pm,task003_nosolution,3,3.00000,3.00000,0.75000,both,0,,,,,,,,,,,,,,,,,0.09713,0.08837,0.10519,0.25208,0.24802,0.25608
sim1_pm,task003_nosolution,3,3.00000,3.00000,0.75000,both,1,,,,,,,,,,,,,,,,,-0.06340,-0.07031,-0.05641,0.03244,0.02937,0.03554
sim1_pm,task003_nosolution,3,3.00000,3.00000,0.75000,both,2,,,,,,,,,,,,,,,,,-0.03373,-0.04371,-0.02435,-0.28452,-0.28844,-0.28012
sim1_pm,task003_nosolution,3,3.00000,3.00000,0.75000,false,2,0.25079,0.24066,0.26117,-0.09583,0.73342,0.48263,0.06833,55.24800,0.63503,0.10895,0.99600,0.49900,5.00000,0.00200,0.00000,0.00000,,,,,,
sim1_pm,task003_nosolution,3,3.00000,3.00000,0.75000,truth,0,0.34921,0.33945,0.35892,-0.03096,0.70242,0.35321,0.13321,60.14400,0.69131,0.13935,0.99700,0.11400,6.00000,0.00000,0.00000,0.00000,,,,,,
sim1_pm,task003_nosolution,3,3.00000,3.00000,1.00000,both,0,,,,,,,,,,,,,,,,,0.14750,0.14264,0.15244,0.19563,0.19164,0.19954
sim1_pm,task003_nosolution,3,3.00000,3.00000,1.00000,both,1,,,,,,,,,,,,,,,,,-0.00060,-0.00131,-0.00004,0.00002,0.00000,0.00006
sim1_pm,task003_nosolution,3,3.00000,3.00000,1.00000,both,2,,,,,,,,,,,,,,,,,-0.14690,-0.15192,-0.14202,-0.19565,-0.19957,-0.19167
sim1_pm,task003_nosolution,3,3.00000,3.00000,1.00000,false,2,0.04875,0.04354,0.05333,-0.00063,0.54583,0.49708,0.00000,62.95500,0.72362,0.01858,0.95300,0.46600,5.00000,0.00000,0.00000,0.00000,,,,,,
sim1_pm,task003_nosolution,3,3.00000,3.00000,1.00000,truth,0,0.34313,0.33571,0.35067,-0.00058,0.84542,0.50229,0.00004,34.96500,0.40190,0.23552,1.00000,0.30200,4.00000,0.06100,0.00000,0.00000,,,,,,
sim1_pm,task003_nosolution,3,3.00000,6.00000,0.75000,both,0,,,,,,,,,,,,,,,,,0.04904,0.04035,0.05681,0.20304,0.19927,0.20669
sim1_pm,task003_nosolution,3,3.00000,6.00000,0.75000,both,1,,,,,,,,,,,,,,,,,-0.04517,-0.05283,-0.03858,0.03788,0.03465,0.04133
sim1_pm,task003_nosolution,3,3.00000,6.00000,0.75000,both,2,,,,,,,,,,,,,,,,,-0.00387,-0.01286,0.00552,-0.24092,-0.24510,-0.23652
sim1_pm,task003_nosolution,3,3.00000,6.00000,0.75000,false,2,0.23704,0.22750,0.24700,-0.08304,0.71967,0.48263,0.08113,113.23800,0.65079,0.05024,0.99900,0.49900,5.00000,0.00200,0.00000,0.00000,,,,,,
sim1_pm,task003_nosolution,3,3.00000,6.00000,0.75000,truth,0,0.25208,0.24200,0.26087,-0.00729,0.60529,0.35321,0.15687,136.07400,0.78203,0.04446,0.92000,0.11400,8.00000,0.00100,0.00000,0.00000,,,,,,
sim1_pm,task003_nosolution,3,3.00000,6.00000,1.00000,both,0,,,,,,,,,,,,,,,,,0.12937,0.12506,0.13402,0.15867,0.15454,0.16246
sim1_pm,task003_nosolution,3,3.00000,6.00000,1.00000,both,1,,,,,,,,,,,,,,,,,-0.00060,-0.00133,-0.00004,0.00002,0.00000,0.00006
sim1_pm,task003_nosolution,3,3.00000,6.00000,1.00000,both,2,,,,,,,,,,,,,,,,,-0.12877,-0.13344,-0.12448,-0.15869,-0.16248,-0.15456
sim1_pm,task003_nosolution,3,3.00000,6.00000,1.00000,false,2,0.02992,0.02550,0.03450,-0.00063,0.52700,0.49708,0.00000,129.61800,0.74493,0.00554,0.90500,0.46600,5.00000,0.00000,0.00000,0.00000,,,,,,
sim1_pm,task003_nosolution,3,3.00000,6.00000,1.00000,truth,0,0.28804,0.28083,0.29529,-0.00058,0.79033,0.50229,0.00004,86.99400,0.49997,0.07947,1.00000,0.30200,5.00000,0.00900,0.00000,0.00000,,,,,,
sim1_pm,task003_nosolution,3,3.00000,9.00000,0.75000,both,0,,,,,,,,,,,,,,,,,0.09617,0.08846,0.10473,0.10337,0.09933,0.10750
sim1_pm,task003_nosolution,3,3.00000,9.00000,0.75000,both,1,,,,,,,,,,,,,,,,,-0.03294,-0.04033,-0.02562,0.00835,0.00471,0.01202
sim1_pm,task003_nosolution,3,3.00000,9.00000,0.75000,both,2,,,,,,,,,,,,,,,,,-0.06323,-0.07338,-0.05323,-0.11173,-0.11637,-0.10717
sim1_pm,task003_nosolution,3,3.00000,9.00000,0.75000,false,2,0.04850,0.03679,0.06000,-0.04129,0.53112,0.48263,0.12287,217.46700,0.83321,0.00535,0.69700,0.49900,15.00000,0.00100,0.00000,0.00000,,,,,,
sim1_pm,task003_nosolution,3,3.00000,9.00000,0.75000,truth,0,0.19954,0.19058,0.20852,-0.02458,0.55275,0.35321,0.13958,219.28500,0.84017,0.02184,0.68000,0.11400,18.00000,0.00000,0.00000,0.00000,,,,,,
sim1_pm,task003_nosolution,3,3.00000,9.00000,1.00000,both,0,,,,,,,,,,,,,,,,,0.26823,0.26196,0.27442,0.02502,0.02233,0.02760
sim1_pm,task003_nosolution,3,3.00000,9.00000,1.00000,both,1,,,,,,,,,,,,,,,,,-0.00056,-0.00125,-0.00002,0.00002,-0.00004,0.00010
sim1_pm,task003_nosolution,3,3.00000,9.00000,1.00000,both,2,,,,,,,,,,,,,,,,,-0.26767,-0.27388,-0.26144,-0.02504,-0.02765,-0.02241
sim1_pm,task003_nosolution,3,3.00000,9.00000,1.00000,false,2,-0.24263,-0.24913,-0.23600,-0.00058,0.25446,0.49708,0.00004,240.97500,0.92328,-0.02416,0.32600,0.46600,,0.00000,0.00000,0.00000,,,,,,
sim1_pm,task003_nosolution,3,3.00000,9.00000,1.00000,truth,0,0.29325,0.28629,0.30004,-0.00054,0.79554,0.50229,0.00008,136.59300,0.52334,0.05153,1.00000,0.30200,6.00000,0.02000,0.00000,0.00000,,,,,,
sim1_pm,task003_nosolution,3,6.00000,1.00000,0.75000,both,0,,,,,,,,,,,,,,,,,0.08552,0.07746,0.09406,0.25652,0.25198,0.26056
sim1_pm,task003_nosolution,3,6.00000,1.00000,0.75000,both,1,,,,,,,,,,,,,,,,,-0.04952,-0.05669,-0.04202,0.02706,0.02377,0.03015
sim1_pm,task003_nosolution,3,6.00000,1.00000,0.75000,both,2,,,,,,,,,,,,,,,,,-0.03600,-0.04533,-0.02633,-0.28358,-0.28783,-0.27900
sim1_pm,task003_nosolution,3,6.00000,1.00000,0.75000,false,2,0.24758,0.23754,0.25850,-0.07658,0.73021,0.48263,0.08758,15.85500,0.54672,0.37477,0.99200,0.49900,5.00000,0.00600,0.00000,0.00000,,,,,,
sim1_pm,task003_nosolution,3,6.00000,1.00000,0.75000,truth,0,0.34204,0.33275,0.35196,-0.02246,0.69525,0.35321,0.14171,18.97900,0.65445,0.43253,0.98900,0.11400,7.00000,0.00000,0.00000,0.00000,,,,,,
sim1_pm,task003_nosolution,3,6.00000,1.00000,1.00000,both,0,,,,,,,,,,,,,,,,,0.10335,0.09758,0.10900,0.27131,0.26673,0.27652
sim1_pm,task003_nosolution,3,6.00000,1.00000,1.00000,both,1,,,,,,,,,,,,,,,,,-0.00017,-0.00098,0.00044,0.00046,0.00023,0.00073
sim1_pm,task003_nosolution,3,6.00000,1.00000,1.00000,both,2,,,,,,,,,,,,,,,,,-0.10319,-0.10886,-0.09729,-0.27177,-0.27684,-0.26727
sim1_pm,task003_nosolution,3,6.00000,1.00000,1.00000,false,2,0.16858,0.16050,0.17700,-0.00063,0.66567,0.49708,0.00000,14.52900,0.50100,0.27848,0.98600,0.46600,5.00000,0.00800,0.00000,0.00000,,,,,,
sim1_pm,task003_nosolution,3,6.00000,1.00000,1.00000,truth,0,0.37467,0.36788,0.38208,0.00029,0.87696,0.50229,0.00092,9.13600,0.31503,0.98424,1.00000,0.30200,5.00000,0.06900,0.00000,0.00000,,,,,,
sim1_pm,task003_nosolution,3,6.00000,2.00000,0.75000,both,0,,,,,,,,,,,,,,,,,0.08658,0.07858,0.09467,0.24633,0.24213,0.25033
sim1_pm,task003_nosolution,3,6.00000,2.00000,0.75000,both,1,,,,,,,,,,,,,,,,,-0.05490,-0.06288,-0.04825,0.03127,0.02769,0.03483
sim1_pm,task003_nosolution,3,6.00000,2.00000,0.75000,both,2,,,,,,,,,,,,,,,,,-0.03169,-0.04121,-0.02196,-0.27760,-0.28179,-0.27333
sim1_pm,task003_nosolution,3,6.00000,2.00000,0.75000,false,2,0.24592,0.23533,0.25646,-0.08617,0.72854,0.48263,0.07800,32.13000,0.55397,0.18369,0.99700,0.49900,4.00000,0.00300,0.00000,0.00000,,,,,,
sim1_pm,task003_nosolution,3,6.00000,2.00000,0.75000,truth,0,0.33292,0.32371,0.34213,-0.02362,0.68612,0.35321,0.14054,37.74000,0.65069,0.21171,0.98500,0.11400,6.00000,0.00100,0.00000,0.00000,,,,,,
sim1_pm,task003_nosolution,3,6.00000,2.00000,1.00000,both,0,,,,,,,,,,,,,,,,,0.14635,0.14060,0.15202,0.22115,0.21656,0.22596
sim1_pm,task003_nosolution,3,6.00000,2.00000,1.00000,both,1,,,,,,,,,,,,,,,,,-0.00058,-0.00125,-0.00004,0.00004,0.00000,0.00010
sim1_pm,task003_nosolution,3,6.00000,2.00000,1.00000,both,2,,,,,,,,,,,,,,,,,-0.14577,-0.15144,-0.14006,-0.22119,-0.22596,-0.21666
sim1_pm,task003_nosolution,3,6.00000,2.00000,1.00000,false,2,0.07542,0.06821,0.08242,-0.00063,0.57250,0.49708,0.00000,33.98800,0.58600,0.05325,0.96400,0.46600,4.00000,0.00200,0.00000,0.00000,,,,,,
sim1_pm,task003_nosolution,3,6.00000,2.00000,1.00000,truth,0,0.36750,0.35996,0.37509,-0.00054,0.86979,0.50229,0.00008,14.82600,0.25562,0.59490,1.00000,0.30200,4.00000,0.07800,0.00000,0.00000,,,,,,
sim1_pm,task003_nosolution,3,6.00000,3.00000,0.75000,both,0,,,,,,,,,,,,,,,,,0.09069,0.08181,0.09875,0.24427,0.24033,0.24852
sim1_pm,task003_nosolution,3,6.00000,3.00000,0.75000,both,1,,,,,,,,,,,,,,,,,-0.05679,-0.06338,-0.04966,0.02587,0.02283,0.02927
sim1_pm,task003_nosolution,3,6.00000,3.00000,0.75000,both,2,,,,,,,,,,,,,,,,,-0.03390,-0.04315,-0.02406,-0.27015,-0.27435,-0.26600
sim1_pm,task003_nosolution,3,6.00000,3.00000,0.75000,false,2,0.23625,0.22670,0.24688,-0.08267,0.71888,0.48263,0.08150,49.53000,0.56931,0.11448,0.99700,0.49900,5.00000,0.00100,0.00000,0.00000,,,,,,
sim1_pm,task003_nosolution,3,6.00000,3.00000,0.75000,truth,0,0.33496,0.32474,0.34409,-0.03092,0.68817,0.35321,0.13325,56.37300,0.64797,0.14260,0.98600,0.11400,6.00000,0.00200,0.00000,0.00000,,,,,,
sim1_pm,task003_nosolution,3,6.00000,3.00000,1.00000,both,0,,,,,,,,,,,,,,,,,0.15685,0.15185,0.16196,0.19323,0.18929,0.19711
sim1_pm,task003_nosolution,3,6.00000,3.00000,1.00000,both,1,,,,,,,,,,,,,,,,,-0.00063,-0.00133,-0.00008,0.00000,0.00000,0.00000
sim1_pm,task003_nosolution,3,6.00000,3.00000,1.00000,both,2,,,,,,,,,,,,,,,,,-0.15623,-0.16125,-0.15122,-0.19323,-0.19711,-0.18929
sim1_pm,task003_nosolution,3,6.00000,3.00000,1.00000,false,2,0.03700,0.03217,0.04229,-0.00063,0.53408,0.49708,0.00000,58.66800,0.67434,0.01514,0.93000,0.46600,5.00000,0.00000,0.00000,0.00000,,,,,,
sim1_pm,task003_nosolution,3,6.00000,3.00000,1.00000,truth,0,0.35008,0.34225,0.35734,-0.00063,0.85237,0.50229,0.00000,23.66100,0.27197,0.35510,1.00000,0.30200,4.00000,0.06300,0.00000,0.00000,,,,,,
sim1_pm,task003_nosolution,3,6.00000,6.00000,0.75000,both,0,,,,,,,,,,,,,,,,,0.04846,0.04006,0.05629,0.19537,0.19150,0.19938
sim1_pm,task003_nosolution,3,6.00000,6.00000,0.75000,both,1,,,,,,,,,,,,,,,,,-0.03625,-0.04350,-0.02900,0.03200,0.02829,0.03581
sim1_pm,task003_nosolution,3,6.00000,6.00000,0.75000,both,2,,,,,,,,,,,,,,,,,-0.01221,-0.02129,-0.00258,-0.22738,-0.23231,-0.22283
sim1_pm,task003_nosolution,3,6.00000,6.00000,0.75000,false,2,0.21517,0.20467,0.22621,-0.06825,0.69779,0.48263,0.09592,104.85600,0.60262,0.04925,0.99100,0.49900,6.00000,0.00500,0.00000,0.00000,,,,,,
sim1_pm,task003_nosolution,3,6.00000,6.00000,0.75000,truth,0,0.24383,0.23466,0.25342,-0.00425,0.59704,0.35321,0.15992,132.46800,0.76131,0.04418,0.88300,0.11400,9.00000,0.00000,0.00000,0.00000,,,,,,
sim1_pm,task003_nosolution,3,6.00000,6.00000,1.00000,both,0,,,,,,,,,,,,,,,,,0.14246,0.13798,0.14738,0.16671,0.16298,0.17077
sim1_pm,task003_nosolution,3,6.00000,6.00000,1.00000,both,1,,,,,,,,,,,,,,,,,-0.00060,-0.00135,-0.00004,0.00002,0.00000,0.00006
sim1_pm,task003_nosolution,3,6.00000,6.00000,1.00000,both,2,,,,,,,,,,,,,,,,,-0.14185,-0.14688,-0.13735,-0.16673,-0.17081,-0.16300
sim1_pm,task003_nosolution,3,6.00000,6.00000,1.00000,false,2,0.02488,0.02058,0.02925,-0.00063,0.52196,0.49708,0.00000,122.88600,0.70624,0.00486,0.90700,0.46600,5.00000,0.00100,0.00000,0.00000,,,,,,
sim1_pm,task003_nosolution,3,6.00000,6.00000,1.00000,truth,0,0.30917,0.30179,0.31705,-0.00058,0.81146,0.50229,0.00004,61.19400,0.35169,0.12125,1.00000,0.30200,5.00000,0.03100,0.00000,0.00000,,,,,,
sim1_pm,task003_nosolution,3,6.00000,9.00000,0.75000,both,0,,,,,,,,,,,,,,,,,0.10227,0.09400,0.11049,0.08131,0.07737,0.08521
sim1_pm,task003_nosolution,3,6.00000,9.00000,0.75000,both,1,,,,,,,,,,,,,,,,,-0.02608,-0.03273,-0.01910,0.01121,0.00752,0.01463
sim1_pm,task003_nosolution,3,6.00000,9.00000,0.75000,both,2,,,,,,,,,,,,,,,,,-0.07619,-0.08527,-0.06683,-0.09252,-0.09704,-0.08810
sim1_pm,task003_nosolution,3,6.00000,9.00000,0.75000,false,2,0.01633,0.00620,0.02671,-0.03729,0.49896,0.48263,0.12687,223.56000,0.85655,0.00175,0.57100,0.49900,22.00000,0.00000,0.00000,0.00000,,,,,,
sim1_pm,task003_nosolution,3,6.00000,9.00000,0.75000,truth,0,0.18358,0.17446,0.19296,-0.01487,0.53679,0.35321,0.14929,222.66900,0.85314,0.01979,0.60600,0.11400,22.00000,0.00000,0.00000,0.00000,,,,,,
sim1_pm,task003_nosolution,3,6.00000,9.00000,1.00000,both,0,,,,,,,,,,,,,,,,,0.27052,0.26390,0.27705,0.02465,0.02181,0.02733
sim1_pm,task003_nosolution,3,6.00000,9.00000,1.00000,both,1,,,,,,,,,,,,,,,,,-0.00060,-0.00135,-0.00008,-0.00002,-0.00006,0.00000
sim1_pm,task003_nosolution,3,6.00000,9.00000,1.00000,both,2,,,,,,,,,,,,,,,,,-0.26992,-0.27656,-0.26340,-0.02462,-0.02731,-0.02181
sim1_pm,task003_nosolution,3,6.00000,9.00000,1.00000,false,2,-0.24529,-0.25180,-0.23899,-0.00058,0.25179,0.49708,0.00004,243.99900,0.93486,-0.02413,0.29200,0.46600,,0.00000,0.00100,0.00000,,,,,,
sim1_pm,task003_nosolution,3,6.00000,9.00000,1.00000,truth,0,0.29517,0.28767,0.30275,-0.00063,0.79746,0.50229,0.00000,108.90900,0.41728,0.06505,1.00000,0.30200,6.00000,0.01900,0.00000,0.00000,,,,,,
sim1_pm,task003_nosolution,3,12.00000,1.00000,0.75000,both,0,,,,,,,,,,,,,,,,,0.07265,0.06462,0.08121,0.24440,0.23992,0.24894
sim1_pm,task003_nosolution,3,12.00000,1.00000,0.75000,both,1,,,,,,,,,,,,,,,,,-0.04698,-0.05457,-0.03960,0.02523,0.02152,0.02906
sim1_pm,task003_nosolution,3,12.00000,1.00000,0.75000,both,2,,,,,,,,,,,,,,,,,-0.02567,-0.03485,-0.01615,-0.26962,-0.27483,-0.26462
sim1_pm,task003_nosolution,3,12.00000,1.00000,0.75000,false,2,0.24396,0.23300,0.25480,-0.07221,0.72658,0.48263,0.09196,14.56600,0.50228,0.40196,0.98900,0.49900,5.00000,0.00800,0.00000,0.00000,,,,,,
sim1_pm,task003_nosolution,3,12.00000,1.00000,0.75000,truth,0,0.31704,0.30721,0.32729,-0.02175,0.67025,0.35321,0.14242,18.87100,0.65072,0.40321,0.97800,0.11400,7.00000,0.00000,0.00000,0.00000,,,,,,
sim1_pm,task003_nosolution,3,12.00000,1.00000,1.00000,both,0,,,,,,,,,,,,,,,,,0.10435,0.09796,0.11144,0.28510,0.27960,0.29057
sim1_pm,task003_nosolution,3,12.00000,1.00000,1.00000,both,1,,,,,,,,,,,,,,,,,-0.00058,-0.00133,-0.00004,0.00004,0.00000,0.00013
sim1_pm,task003_nosolution,3,12.00000,1.00000,1.00000,both,2,,,,,,,,,,,,,,,,,-0.10377,-0.11052,-0.09731,-0.28515,-0.29063,-0.27969
sim1_pm,task003_nosolution,3,12.00000,1.00000,1.00000,false,2,0.18137,0.17092,0.19105,-0.00063,0.67846,0.49708,0.00000,12.37600,0.42676,0.35173,0.96700,0.46600,5.00000,0.00400,0.00000,0.00000,,,,,,
sim1_pm,task003_nosolution,3,12.00000,1.00000,1.00000,truth,0,0.38946,0.38258,0.39638,-0.00054,0.89175,0.50229,0.00008,5.61400,0.19359,1.66494,1.00000,0.30200,5.00000,0.08500,0.00000,0.00000,,,,,,
sim1_pm,task003_nosolution,3,12.00000,2.00000,0.75000,both,0,,,,,,,,,,,,,,,,,0.08456,0.07660,0.09283,0.24473,0.24023,0.24906
sim1_pm,task003_nosolution,3,12.00000,2.00000,0.75000,both,1,,,,,,,,,,,,,,,,,-0.04596,-0.05350,-0.03873,0.02396,0.02056,0.02748
sim1_pm,task003_nosolution,3,12.00000,2.00000,0.75000,both,2,,,,,,,,,,,,,,,,,-0.03860,-0.04811,-0.02904,-0.26869,-0.27342,-0.26429
sim1_pm,task003_nosolution,3,12.00000,2.00000,0.75000,false,2,0.23008,0.21942,0.24104,-0.06992,0.71271,0.48263,0.09425,29.65000,0.51121,0.18624,0.98600,0.49900,4.00000,0.00400,0.00000,0.00000,,,,,,
sim1_pm,task003_nosolution,3,12.00000,2.00000,0.75000,truth,0,0.32929,0.31992,0.33888,-0.02200,0.68250,0.35321,0.14217,36.04800,0.62152,0.21924,0.98300,0.11400,6.00000,0.00000,0.00000,0.00000,,,,,,
sim1_pm,task003_nosolution,3,12.00000,2.00000,1.00000,both,0,,,,,,,,,,,,,,,,,0.12654,0.11975,0.13288,0.25846,0.25300,0.26427
sim1_pm,task003_nosolution,3,12.00000,2.00000,1.00000,both,1,,,,,,,,,,,,,,,,,-0.00063,-0.00133,-0.00008,0.00000,0.00000,0.00000
sim1_pm,task003_nosolution,3,12.00000,2.00000,1.00000,both,2,,,,,,,,,,,,,,,,,-0.12592,-0.13252,-0.11908,-0.25846,-0.26427,-0.25300
sim1_pm,task003_nosolution,3,12.00000,2.00000,1.00000,false,2,0.13254,0.12329,0.14283,-0.00063,0.62962,0.49708,0.00000,27.59400,0.47576,0.11528,0.96300,0.46600,4.00000,0.00400,0.00000,0.00000,,,,,,
sim1_pm,task003_nosolution,3,12.00000,2.00000,1.00000,truth,0,0.38500,0.37725,0.39271,-0.00063,0.88729,0.50229,0.00000,9.69800,0.16721,0.95277,1.00000,0.30200,4.00000,0.10100,0.00000,0.00000,,,,,,
sim1_pm,task003_nosolution,3,12.00000,3.00000,0.75000,both,0,,,,,,,,,,,,,,,,,0.09246,0.08458,0.10073,0.23967,0.23517,0.24411
sim1_pm,task003_nosolution,3,12.00000,3.00000,0.75000,both,1,,,,,,,,,,,,,,,,,-0.04869,-0.05571,-0.04112,0.01735,0.01350,0.02100
sim1_pm,task003_nosolution,3,12.00000,3.00000,0.75000,both,2,,,,,,,,,,,,,,,,,-0.04377,-0.05277,-0.03396,-0.25702,-0.26181,-0.25242
sim1_pm,task003_nosolution,3,12.00000,3.00000,0.75000,false,2,0.21325,0.20271,0.22475,-0.06604,0.69588,0.48263,0.09813,47.88900,0.55045,0.10687,0.97800,0.49900,5.00000,0.00200,0.00000,0.00000,,,,,,
sim1_pm,task003_nosolution,3,12.00000,3.00000,0.75000,truth,0,0.33213,0.32279,0.34171,-0.03133,0.68533,0.35321,0.13283,54.01500,0.62086,0.14757,0.97800,0.11400,6.00000,0.00000,0.00000,0.00000,,,,,,
sim1_pm,task003_nosolution,3,12.00000,3.00000,1.00000,both,0,,,,,,,,,,,,,,,,,0.14296,0.13704,0.14902,0.22254,0.21731,0.22777
sim1_pm,task003_nosolution,3,12.00000,3.00000,1.00000,both,1,,,,,,,,,,,,,,,,,-0.00058,-0.00133,-0.00006,0.00004,0.00000,0.00010
sim1_pm,task003_nosolution,3,12.00000,3.00000,1.00000,both,2,,,,,,,,,,,,,,,,,-0.14238,-0.14842,-0.13641,-0.22258,-0.22783,-0.21737
sim1_pm,task003_nosolution,3,12.00000,3.00000,1.00000,false,2,0.08021,0.07166,0.08854,-0.00063,0.57729,0.49708,0.00000,50.10300,0.57590,0.03842,0.90500,0.46600,4.00000,0.00300,0.00000,0.00000,,,,,,
sim1_pm,task003_nosolution,3,12.00000,3.00000,1.00000,truth,0,0.36550,0.35762,0.37296,-0.00054,0.86779,0.50229,0.00008,16.31100,0.18748,0.53780,1.00000,0.30200,5.00000,0.08100,0.00000,0.00000,,,,,,
sim1_pm,task003_nosolution,3,12.00000,6.00000,0.75000,both,0,,,,,,,,,,,,,,,,,0.04463,0.03681,0.05296,0.18458,0.18023,0.18871
sim1_pm,task003_nosolution,3,12.00000,6.00000,0.75000,both,1,,,,,,,,,,,,,,,,,-0.03506,-0.04281,-0.02825,0.02465,0.02071,0.02850
sim1_pm,task003_nosolution,3,12.00000,6.00000,0.75000,both,2,,,,,,,,,,,,,,,,,-0.00956,-0.01854,-0.00004,-0.20923,-0.21384,-0.20456
sim1_pm,task003_nosolution,3,12.00000,6.00000,0.75000,false,2,0.19967,0.18958,0.21025,-0.05971,0.68229,0.48263,0.10446,101.09400,0.58100,0.04740,0.97200,0.49900,6.00000,0.00500,0.00000,0.00000,,,,,,
sim1_pm,task003_nosolution,3,12.00000,6.00000,0.75000,truth,0,0.22921,0.21987,0.23883,-0.01042,0.58242,0.35321,0.15375,139.14600,0.79969,0.03953,0.79500,0.11400,12.00000,0.00100,0.00000,0.00000,,,,,,
sim1_pm,task003_nosolution,3,12.00000,6.00000,1.00000,both,0,,,,,,,,,,,,,,,,,0.13398,0.12800,0.13965,0.20365,0.19894,0.20902
sim1_pm,task003_nosolution,3,12.00000,6.00000,1.00000,both,1,,,,,,,,,,,,,,,,,-0.00060,-0.00131,-0.00006,0.00002,0.00000,0.00006
sim1_pm,task003_nosolution,3,12.00000,6.00000,1.00000,both,2,,,,,,,,,,,,,,,,,-0.13337,-0.13886,-0.12764,-0.20367,-0.20902,-0.19896
sim1_pm,task003_nosolution,3,12.00000,6.00000,1.00000,false,2,0.07029,0.06317,0.07821,-0.00063,0.56737,0.49708,0.00000,106.47600,0.61193,0.01584,0.89400,0.46600,5.00000,0.00200,0.00000,0.00000,,,,,,
sim1_pm,task003_nosolution,3,12.00000,6.00000,1.00000,truth,0,0.33763,0.33021,0.34525,-0.00058,0.83992,0.50229,0.00004,44.05200,0.25317,0.18394,1.00000,0.30200,5.00000,0.05400,0.00000,0.00000,,,,,,
sim1_pm,task003_nosolution,3,12.00000,9.00000,0.75000,both,0,,,,,,,,,,,,,,,,,0.10065,0.09242,0.10892,0.06890,0.06490,0.07271
sim1_pm,task003_nosolution,3,12.00000,9.00000,0.75000,both,1,,,,,,,,,,,,,,,,,-0.01765,-0.02500,-0.00993,0.00806,0.00450,0.01215
sim1_pm,task003_nosolution,3,12.00000,9.00000,0.75000,both,2,,,,,,,,,,,,,,,,,-0.08300,-0.09238,-0.07287,-0.07696,-0.08152,-0.07250
sim1_pm,task003_nosolution,3,12.00000,9.00000,0.75000,false,2,-0.00604,-0.01638,0.00525,-0.02571,0.47658,0.48263,0.13846,232.11000,0.88931,-0.00062,0.47800,0.49900,,0.00000,0.00000,0.00000,,,,,,
sim1_pm,task003_nosolution,3,12.00000,9.00000,0.75000,truth,0,0.16954,0.15971,0.17930,-0.00958,0.52275,0.35321,0.15458,231.53400,0.88710,0.01757,0.53300,0.11400,26.00000,0.00000,0.00000,0.00000,,,,,,
sim1_pm,task003_nosolution,3,12.00000,9.00000,1.00000,both,0,,,,,,,,,,,,,,,,,0.27533,0.26837,0.28169,0.04737,0.04369,0.05090
sim1_pm,task003_nosolution,3,12.00000,9.00000,1.00000,both,1,,,,,,,,,,,,,,,,,-0.00056,-0.00131,-0.00002,0.00002,-0.00004,0.00010
sim1_pm,task003_nosolution,3,12.00000,9.00000,1.00000,both,2,,,,,,,,,,,,,,,,,-0.27477,-0.28115,-0.26760,-0.04740,-0.05088,-0.04371
sim1_pm,task003_nosolution,3,12.00000,9.00000,1.00000,false,2,-0.22737,-0.23433,-0.21958,-0.00058,0.26971,0.49708,0.00004,245.50200,0.94062,-0.02223,0.27200,0.46600,,0.00000,0.00100,0.00000,,,,,,
sim1_pm,task003_nosolution,3,12.00000,9.00000,1.00000,truth,0,0.32271,0.31521,0.33029,-0.00054,0.82500,0.50229,0.00008,78.59700,0.30114,0.09854,1.00000,0.30200,6.00000,0.03500,0.00000,0.00000,,,,,,
sim1_pm,task003_nosolution,3,24.00000,1.00000,0.75000,both,0,,,,,,,,,,,,,,,,,0.07008,0.06221,0.07740,0.22783,0.22348,0.23231
sim1_pm,task003_nosolution,3,24.00000,1.00000,0.75000,both,1,,,,,,,,,,,,,,,,,-0.03440,-0.04190,-0.02742,0.02081,0.01719,0.02450
sim1_pm,task003_nosolution,3,24.00000,1.00000,0.75000,both,2,,,,,,,,,,,,,,,,,-0.03569,-0.04475,-0.02604,-0.24865,-0.25371,-0.24375
sim1_pm,task003_nosolution,3,24.00000,1.00000,0.75000,false,2,0.21296,0.20242,0.22455,-0.05521,0.69558,0.48263,0.10896,18.12000,0.62483,0.28206,0.96300,0.49900,6.00000,0.00500,0.00000,0.00000,,,,,,
sim1_pm,task003_nosolution,3,24.00000,1.00000,0.75000,truth,0,0.29792,0.28829,0.30730,-0.01358,0.65112,0.35321,0.15058,22.97100,0.79210,0.31126,0.94600,0.11400,9.00000,0.00000,0.00000,0.00000,,,,,,
sim1_pm,task003_nosolution,3,24.00000,1.00000,1.00000,both,0,,,,,,,,,,,,,,,,,0.08192,0.07637,0.08798,0.31571,0.31123,0.32038
sim1_pm,task003_nosolution,3,24.00000,1.00000,1.00000,both,1,,,,,,,,,,,,,,,,,-0.00052,-0.00121,0.00002,0.00010,0.00002,0.00021
sim1_pm,task003_nosolution,3,24.00000,1.00000,1.00000,both,2,,,,,,,,,,,,,,,,,-0.08140,-0.08750,-0.07577,-0.31581,-0.32044,-0.31133
sim1_pm,task003_nosolution,3,24.00000,1.00000,1.00000,false,2,0.23442,0.22587,0.24271,-0.00063,0.73150,0.49708,0.00000,11.70200,0.40352,0.48077,0.97900,0.46600,5.00000,0.00600,0.00000,0.00000,,,,,,
sim1_pm,task003_nosolution,3,24.00000,1.00000,1.00000,truth,0,0.39763,0.39141,0.40409,-0.00042,0.89992,0.50229,0.00021,5.21700,0.17990,1.82921,1.00000,0.30200,5.00000,0.09300,0.00000,0.00000,,,,,,
sim1_pm,task003_nosolution,3,24.00000,2.00000,0.75000,both,0,,,,,,,,,,,,,,,,,0.09035,0.08256,0.09796,0.24540,0.24069,0.24969
sim1_pm,task003_nosolution,3,24.00000,2.00000,0.75000,both,1,,,,,,,,,,,,,,,,,-0.04379,-0.05098,-0.03675,0.01337,0.00967,0.01709
sim1_pm,task003_nosolution,3,24.00000,2.00000,0.75000,both,2,,,,,,,,,,,,,,,,,-0.04656,-0.05544,-0.03739,-0.25877,-0.26369,-0.25352
sim1_pm,task003_nosolution,3,24.00000,2.00000,0.75000,false,2,0.21221,0.20200,0.22209,-0.05717,0.69483,0.48263,0.10700,36.23400,0.62472,0.14056,0.98400,0.49900,5.00000,0.00300,0.00000,0.00000,,,,,,
sim1_pm,task003_nosolution,3,24.00000,2.00000,0.75000,truth,0,0.33575,0.32550,0.34492,-0.03042,0.68896,0.35321,0.13375,42.38600,0.73079,0.19011,0.97500,0.11400,8.00000,0.00400,0.00000,0.00000,,,,,,
sim1_pm,task003_nosolution,3,24.00000,2.00000,1.00000,both,0,,,,,,,,,,,,,,,,,0.08777,0.08110,0.09421,0.30498,0.29971,0.31040
sim1_pm,task003_nosolution,3,24.00000,2.00000,1.00000,both,1,,,,,,,,,,,,,,,,,-0.00060,-0.00127,-0.00004,0.00002,0.00000,0.00006
sim1_pm,task003_nosolution,3,24.00000,2.00000,1.00000,both,2,,,,,,,,,,,,,,,,,-0.08717,-0.09367,-0.08073,-0.30500,-0.31042,-0.29977
sim1_pm,task003_nosolution,3,24.00000,2.00000,1.00000,false,2,0.21783,0.20883,0.22725,-0.00063,0.71492,0.49708,0.00000,23.71600,0.40890,0.22044,0.98000,0.46600,4.00000,0.01000,0.00000,0.00000,,,,,,
sim1_pm,task003_nosolution,3,24.00000,2.00000,1.00000,truth,0,0.39275,0.38538,0.39983,-0.00058,0.89504,0.50229,0.00004,10.00200,0.17245,0.94241,1.00000,0.30200,5.00000,0.09400,0.00000,0.00000,,,,,,
sim1_pm,task003_nosolution,3,24.00000,3.00000,0.75000,both,0,,,,,,,,,,,,,,,,,0.08188,0.07316,0.09005,0.21058,0.20567,0.21558
sim1_pm,task003_nosolution,3,24.00000,3.00000,0.75000,both,1,,,,,,,,,,,,,,,,,-0.04498,-0.05227,-0.03746,0.01994,0.01608,0.02358
sim1_pm,task003_nosolution,3,24.00000,3.00000,0.75000,both,2,,,,,,,,,,,,,,,,,-0.03690,-0.04631,-0.02741,-0.23052,-0.23533,-0.22564
sim1_pm,task003_nosolution,3,24.00000,3.00000,0.75000,false,2,0.19363,0.18249,0.20417,-0.06492,0.67625,0.48263,0.09925,58.93800,0.67745,0.07885,0.96600,0.49900,5.00000,0.00200,0.00000,0.00000,,,,,,
sim1_pm,task003_nosolution,3,24.00000,3.00000,0.75000,truth,0,0.29246,0.28200,0.30171,-0.02504,0.64567,0.35321,0.13912,69.53400,0.79924,0.10094,0.91500,0.11400,9.00000,0.00000,0.00000,0.00000,,,,,,
sim1_pm,task003_nosolution,3,24.00000,3.00000,1.00000,both,0,,,,,,,,,,,,,,,,,0.10044,0.09423,0.10708,0.27956,0.27390,0.28481
sim1_pm,task003_nosolution,3,24.00000,3.00000,1.00000,both,1,,,,,,,,,,,,,,,,,-0.00060,-0.00133,-0.00006,0.00002,0.00000,0.00006
sim1_pm,task003_nosolution,3,24.00000,3.00000,1.00000,both,2,,,,,,,,,,,,,,,,,-0.09983,-0.10642,-0.09364,-0.27958,-0.28481,-0.27394
sim1_pm,task003_nosolution,3,24.00000,3.00000,1.00000,false,2,0.17975,0.17004,0.18900,-0.00063,0.67683,0.49708,0.00000,43.95300,0.50521,0.09815,0.95500,0.46600,5.00000,0.00500,0.00000,0.00000,,,,,,
sim1_pm,task003_nosolution,3,24.00000,3.00000,1.00000,truth,0,0.38000,0.37254,0.38800,-0.00058,0.88229,0.50229,0.00004,17.69100,0.20334,0.51552,1.00000,0.30200,5.00000,0.08100,0.00000,0.00000,,,,,,
sim1_pm,task003_nosolution,3,24.00000,6.00000,0.75000,both,0,,,,,,,,,,,,,,,,,0.04183,0.03402,0.04996,0.16808,0.16387,0.17223
sim1_pm,task003_nosolution,3,24.00000,6.00000,0.75000,both,1,,,,,,,,,,,,,,,,,-0.03942,-0.04667,-0.03239,0.01854,0.01502,0.02221
sim1_pm,task003_nosolution,3,24.00000,6.00000,0.75000,both,2,,,,,,,,,,,,,,,,,-0.00242,-0.01156,0.00715,-0.18663,-0.19165,-0.18171
sim1_pm,task003_nosolution,3,24.00000,6.00000,0.75000,false,2,0.18421,0.17379,0.19463,-0.05796,0.66683,0.48263,0.10621,122.27400,0.70272,0.03616,0.96500,0.49900,6.00000,0.00400,0.00000,0.00000,,,,,,
sim1_pm,task003_nosolution,3,24.00000,6.00000,0.75000,truth,0,0.20992,0.20008,0.21963,-0.02088,0.56312,0.35321,0.14329,162.79200,0.93559,0.03095,0.65800,0.11400,19.00000,0.00000,0.00000,0.00000,,,,,,
sim1_pm,task003_nosolution,3,24.00000,6.00000,1.00000,both,0,,,,,,,,,,,,,,,,,0.10087,0.09452,0.10719,0.26462,0.25948,0.26956
sim1_pm,task003_nosolution,3,24.00000,6.00000,1.00000,both,1,,,,,,,,,,,,,,,,,-0.00056,-0.00127,-0.00002,0.00006,0.00000,0.00015
sim1_pm,task003_nosolution,3,24.00000,6.00000,1.00000,both,2,,,,,,,,,,,,,,,,,-0.10031,-0.10650,-0.09416,-0.26469,-0.26963,-0.25956
sim1_pm,task003_nosolution,3,24.00000,6.00000,1.00000,false,2,0.16437,0.15592,0.17292,-0.00063,0.66146,0.49708,0.00000,94.86600,0.54521,0.04158,0.95100,0.46600,5.00000,0.00600,0.00000,0.00000,,,,,,
sim1_pm,task003_nosolution,3,24.00000,6.00000,1.00000,truth,0,0.36550,0.35846,0.37280,-0.00050,0.86779,0.50229,0.00013,45.88200,0.26369,0.19119,1.00000,0.30200,6.00000,0.05900,0.00000,0.00000,,,,,,
sim1_pm,task003_nosolution,3,24.00000,9.00000,0.75000,both,0,,,,,,,,,,,,,,,,,0.07896,0.07069,0.08804,0.07612,0.07212,0.08019
sim1_pm,task003_nosolution,3,24.00000,9.00000,0.75000,both,1,,,,,,,,,,,,,,,,,-0.00619,-0.01396,0.00096,0.00623,0.00263,0.01002
sim1_pm,task003_nosolution,3,24.00000,9.00000,0.75000,both,2,,,,,,,,,,,,,,,,,-0.07277,-0.08290,-0.06319,-0.08235,-0.08650,-0.07827
sim1_pm,task003_nosolution,3,24.00000,9.00000,0.75000,false,2,0.00958,-0.00083,0.02059,-0.01242,0.49221,0.48263,0.15175,250.48800,0.95972,0.00092,0.47700,0.49900,,0.00100,0.00000,0.00000,,,,,,
sim1_pm,task003_nosolution,3,24.00000,9.00000,0.75000,truth,0,0.15508,0.14641,0.16475,0.00004,0.50829,0.35321,0.16421,253.35000,0.97069,0.01469,0.45300,0.11400,,0.00000,0.00000,0.00000,,,,,,
sim1_pm,task003_nosolution,3,24.00000,9.00000,1.00000,both,0,,,,,,,,,,,,,,,,,0.22423,0.21792,0.23100,0.13781,0.13294,0.14296
sim1_pm,task003_nosolution,3,24.00000,9.00000,1.00000,both,1,,,,,,,,,,,,,,,,,-0.00052,-0.00123,0.00004,0.00002,-0.00006,0.00010
sim1_pm,task003_nosolution,3,24.00000,9.00000,1.00000,both,2,,,,,,,,,,,,,,,,,-0.22371,-0.23040,-0.21748,-0.13783,-0.14298,-0.13300
sim1_pm,task003_nosolution,3,24.00000,9.00000,1.00000,false,2,-0.08587,-0.09522,-0.07658,-0.00054,0.41121,0.49708,0.00008,242.10000,0.92759,-0.00851,0.45600,0.46600,,0.00000,0.00000,0.00000,,,,,,
sim1_pm,task003_nosolution,3,24.00000,9.00000,1.00000,truth,0,0.36204,0.35508,0.36908,-0.00050,0.86433,0.50229,0.00013,72.66600,0.27841,0.11957,1.00000,0.30200,7.00000,0.05900,0.00000,0.00000,,,,,,
sim1_pm,task003_nosolution,6,3.00000,1.00000,0.75000,both,0,,,,,,,,,,,,,,,,,0.09123,0.08156,0.10185,0.33740,0.33285,0.34208
sim1_pm,task003_nosolution,6,3.00000,1.00000,0.75000,both,1,,,,,,,,,,,,,,,,,-0.03806,-0.04281,-0.03258,0.02077,0.01852,0.02300
sim1_pm,task003_nosolution,6,3.00000,1.00000,0.75000,both,2,,,,,,,,,,,,,,,,,-0.05317,-0.06419,-0.04235,-0.35817,-0.36263,-0.35356
sim1_pm,task003_nosolution,6,3.00000,1.00000,0.75000,false,2,0.30500,0.29316,0.31592,-0.05883,0.83500,0.53000,0.02937,13.62500,0.46983,0.53725,0.99800,0.61900,4.00000,0.05900,0.00000,0.00200,,,,,,
sim1_pm,task003_nosolution,6,3.00000,1.00000,0.75000,truth,0,0.42863,0.41708,0.44063,-0.01729,0.81042,0.38179,0.07092,16.17700,0.55783,0.63590,0.99900,0.26800,4.00000,0.01300,0.00000,0.00000,,,,,,
sim1_pm,task003_nosolution,6,3.00000,1.00000,1.00000,both,0,,,,,,,,,,,,,,,,,0.07985,0.07410,0.08592,0.27019,0.26558,0.27500
sim1_pm,task003_nosolution,6,3.00000,1.00000,1.00000,both,1,,,,,,,,,,,,,,,,,0.00033,0.00012,0.00058,0.00033,0.00012,0.00058
sim1_pm,task003_nosolution,6,3.00000,1.00000,1.00000,both,2,,,,,,,,,,,,,,,,,-0.08019,-0.08629,-0.07444,-0.27052,-0.27527,-0.26600
sim1_pm,task003_nosolution,6,3.00000,1.00000,1.00000,false,2,0.19033,0.18258,0.19771,0.00000,0.68488,0.49454,0.00000,17.05700,0.58817,0.26781,0.99300,0.47800,4.00000,0.00100,0.00000,0.00000,,,,,,
sim1_pm,task003_nosolution,6,3.00000,1.00000,1.00000,truth,0,0.35004,0.34312,0.35775,0.00067,0.85550,0.50546,0.00067,13.75800,0.47441,0.61063,1.00000,0.37200,4.00000,0.04700,0.00000,0.00000,,,,,,
sim1_pm,task003_nosolution,6,3.00000,2.00000,0.75000,both,0,,,,,,,,,,,,,,,,,0.11792,0.10770,0.12880,0.31779,0.31285,0.32211
sim1_pm,task003_nosolution,6,3.00000,2.00000,0.75000,both,1,,,,,,,,,,,,,,,,,-0.04346,-0.04900,-0.03831,0.02100,0.01883,0.02306
sim1_pm,task003_nosolution,6,3.00000,2.00000,0.75000,both,2,,,,,,,,,,,,,,,,,-0.07446,-0.08577,-0.06356,-0.33879,-0.34350,-0.33385
sim1_pm,task003_nosolution,6,3.00000,2.00000,0.75000,false,2,0.26433,0.25204,0.27638,-0.06446,0.79433,0.53000,0.02375,28.51600,0.49166,0.22247,1.00000,0.61900,3.00000,0.02200,0.00000,0.00200,,,,,,
sim1_pm,task003_nosolution,6,3.00000,2.00000,0.75000,truth,0,0.43571,0.42424,0.44676,-0.02246,0.81750,0.38179,0.06575,28.88600,0.49803,0.36201,1.00000,0.26800,3.00000,0.01700,0.00000,0.00000,,,,,,
sim1_pm,task003_nosolution,6,3.00000,2.00000,1.00000,both,0,,,,,,,,,,,,,,,,,0.11454,0.10994,0.11911,0.20833,0.20415,0.21200
sim1_pm,task003_nosolution,6,3.00000,2.00000,1.00000,both,1,,,,,,,,,,,,,,,,,0.00000,0.00000,0.00000,0.00000,0.00000,0.00000
sim1_pm,task003_nosolution,6,3.00000,2.00000,1.00000,both,2,,,,,,,,,,,,,,,,,-0.11454,-0.11911,-0.10994,-0.20833,-0.21200,-0.20415
sim1_pm,task003_nosolution,6,3.00000,2.00000,1.00000,false,2,0.09379,0.08975,0.09821,0.00000,0.58833,0.49454,0.00000,39.05000,0.67328,0.05764,0.99100,0.47800,3.00000,0.00000,0.00000,0.00000,,,,,,
sim1_pm,task003_nosolution,6,3.00000,2.00000,1.00000,truth,0,0.32288,0.31525,0.33008,0.00000,0.82833,0.50546,0.00000,22.69200,0.39124,0.34149,1.00000,0.37200,3.00000,0.03600,0.00000,0.00000,,,,,,
sim1_pm,task003_nosolution,6,3.00000,3.00000,0.75000,both,0,,,,,,,,,,,,,,,,,0.12606,0.11531,0.13719,0.30969,0.30471,0.31421
sim1_pm,task003_nosolution,6,3.00000,3.00000,0.75000,both,1,,,,,,,,,,,,,,,,,-0.04360,-0.04898,-0.03798,0.02077,0.01892,0.02296
sim1_pm,task003_nosolution,6,3.00000,3.00000,0.75000,both,2,,,,,,,,,,,,,,,,,-0.08246,-0.09388,-0.07131,-0.33046,-0.33531,-0.32550
sim1_pm,task003_nosolution,6,3.00000,3.00000,0.75000,false,2,0.24800,0.23520,0.25946,-0.06437,0.77800,0.53000,0.02383,46.35600,0.53283,0.12840,0.99300,0.61900,3.00000,0.02200,0.00000,0.00200,,,,,,
sim1_pm,task003_nosolution,6,3.00000,3.00000,0.75000,truth,0,0.43575,0.42307,0.44696,-0.02283,0.81754,0.38179,0.06538,42.12900,0.48424,0.24824,1.00000,0.26800,3.00000,0.01600,0.00000,0.00000,,,,,,
sim1_pm,task003_nosolution,6,3.00000,3.00000,1.00000,both,0,,,,,,,,,,,,,,,,,0.14450,0.14052,0.14840,0.16487,0.16087,0.16871
sim1_pm,task003_nosolution,6,3.00000,3.00000,1.00000,both,1,,,,,,,,,,,,,,,,,0.00000,0.00000,0.00000,0.00000,0.00000,0.00000
sim1_pm,task003_nosolution,6,3.00000,3.00000,1.00000,both,2,,,,,,,,,,,,,,,,,-0.14450,-0.14840,-0.14052,-0.16487,-0.16871,-0.16087
sim1_pm,task003_nosolution,6,3.00000,3.00000,1.00000,false,2,0.02037,0.01750,0.02350,0.00000,0.51492,0.49454,0.00000,66.64800,0.76607,0.00734,0.91900,0.47800,3.00000,0.00000,0.00000,0.00000,,,,,,
sim1_pm,task003_nosolution,6,3.00000,3.00000,1.00000,truth,0,0.30937,0.30225,0.31667,0.00000,0.81483,0.50546,0.00000,33.85800,0.38917,0.21930,1.00000,0.37200,3.00000,0.02500,0.00000,0.00000,,,,,,
sim1_pm,task003_nosolution,6,3.00000,6.00000,0.75000,both,0,,,,,,,,,,,,,,,,,0.09196,0.08090,0.10152,0.27404,0.26952,0.27863
sim1_pm,task003_nosolution,6,3.00000,6.00000,0.75000,both,1,,,,,,,,,,,,,,,,,-0.04254,-0.04804,-0.03717,0.02217,0.02019,0.02433
sim1_pm,task003_nosolution,6,3.00000,6.00000,0.75000,both,2,,,,,,,,,,,,,,,,,-0.04942,-0.06025,-0.03769,-0.29621,-0.30115,-0.29142
sim1_pm,task003_nosolution,6,3.00000,6.00000,0.75000,false,2,0.24679,0.23466,0.25934,-0.06471,0.77679,0.53000,0.02350,95.21400,0.54721,0.06221,0.99900,0.61900,3.00000,0.02000,0.00000,0.00200,,,,,,
sim1_pm,task003_nosolution,6,3.00000,6.00000,0.75000,truth,0,0.36600,0.35400,0.37713,-0.02038,0.74779,0.38179,0.06783,101.91600,0.58572,0.08619,0.99800,0.26800,3.00000,0.00600,0.00000,0.00000,,,,,,
sim1_pm,task003_nosolution,6,3.00000,6.00000,1.00000,both,0,,,,,,,,,,,,,,,,,0.12985,0.12679,0.13290,0.13444,0.13142,0.13760
sim1_pm,task003_nosolution,6,3.00000,6.00000,1.00000,both,1,,,,,,,,,,,,,,,,,0.00000,0.00000,0.00000,0.00000,0.00000,0.00000
sim1_pm,task003_nosolution,6,3.00000,6.00000,1.00000,both,2,,,,,,,,,,,,,,,,,-0.12985,-0.13290,-0.12679,-0.13444,-0.13760,-0.13142
sim1_pm,task003_nosolution,6,3.00000,6.00000,1.00000,false,2,0.00458,0.00321,0.00613,0.00000,0.49912,0.49454,0.00000,136.96800,0.78717,0.00080,0.86400,0.47800,3.00000,0.00000,0.00000,0.00000,,,,,,
sim1_pm,task003_nosolution,6,3.00000,6.00000,1.00000,truth,0,0.26429,0.25829,0.27017,0.00000,0.76975,0.50546,0.00000,83.72400,0.48117,0.07576,1.00000,0.37200,3.00000,0.01000,0.00000,0.00000,,,,,,
sim1_pm,task003_nosolution,6,3.00000,9.00000,0.75000,both,0,,,,,,,,,,,,,,,,,0.19387,0.18346,0.20554,0.10767,0.10219,0.11340
sim1_pm,task003_nosolution,6,3.00000,9.00000,0.75000,both,1,,,,,,,,,,,,,,,,,-0.02831,-0.03400,-0.02331,0.01210,0.00985,0.01437
sim1_pm,task003_nosolution,6,3.00000,9.00000,0.75000,both,2,,,,,,,,,,,,,,,,,-0.16556,-0.17733,-0.15495,-0.11977,-0.12567,-0.11395
sim1_pm,task003_nosolution,6,3.00000,9.00000,0.75000,false,2,-0.04579,-0.05896,-0.03321,-0.04042,0.48421,0.53000,0.04779,215.82900,0.82693,-0.00509,0.64700,0.61900,10.00000,0.00100,0.00000,0.00200,,,,,,
sim1_pm,task003_nosolution,6,3.00000,9.00000,0.75000,truth,0,0.30154,0.28992,0.31450,-0.01621,0.68333,0.38179,0.07200,176.21100,0.67514,0.04107,0.97500,0.26800,5.00000,0.00200,0.00000,0.00000,,,,,,
sim1_pm,task003_nosolution,6,3.00000,9.00000,1.00000,both,0,,,,,,,,,,,,,,,,,0.25890,0.25291,0.26471,0.01348,0.01146,0.01546
sim1_pm,task003_nosolution,6,3.00000,9.00000,1.00000,both,1,,,,,,,,,,,,,,,,,0.00000,0.00000,0.00000,0.00000,0.00000,0.00000
sim1_pm,task003_nosolution,6,3.00000,9.00000,1.00000,both,2,,,,,,,,,,,,,,,,,-0.25890,-0.26471,-0.25291,-0.01348,-0.01546,-0.01146
sim1_pm,task003_nosolution,6,3.00000,9.00000,1.00000,false,2,-0.24542,-0.25137,-0.23942,0.00000,0.24913,0.49454,0.00000,246.55500,0.94466,-0.02389,0.32000,0.47800,,0.00000,0.00100,0.00000,,,,,,
sim1_pm,task003_nosolution,6,3.00000,9.00000,1.00000,truth,0,0.27237,0.26567,0.27921,0.00000,0.77783,0.50546,0.00000,128.47500,0.49224,0.05088,1.00000,0.37200,4.00000,0.01500,0.00000,0.00000,,,,,,
sim1_pm,task003_nosolution,6,6.00000,1.00000,0.75000,both,0,,,,,,,,,,,,,,,,,0.09869,0.08872,0.10931,0.32506,0.32019,0.32981
sim1_pm,task003_nosolution,6,6.00000,1.00000,0.75000,both,1,,,,,,,,,,,,,,,,,-0.03731,-0.04319,-0.03212,0.01990,0.01756,0.02219
sim1_pm,task003_nosolution,6,6.00000,1.00000,0.75000,both,2,,,,,,,,,,,,,,,,,-0.06137,-0.07273,-0.04958,-0.34496,-0.34983,-0.33960
sim1_pm,task003_nosolution,6,6.00000,1.00000,0.75000,false,2,0.28358,0.27083,0.29575,-0.05721,0.81358,0.53000,0.03100,10.81700,0.37300,0.62919,0.99700,0.61900,3.00000,0.05800,0.00000,0.00200,,,,,,
sim1_pm,task003_nosolution,6,6.00000,1.00000,0.75000,truth,0,0.42375,0.41237,0.43525,-0.01742,0.80554,0.38179,0.07079,12.52800,0.43200,0.81178,1.00000,0.26800,4.00000,0.01800,0.00000,0.00000,,,,,,
sim1_pm,task003_nosolution,6,6.00000,1.00000,1.00000,both,0,,,,,,,,,,,,,,,,,0.12058,0.11502,0.12606,0.24263,0.23785,0.24713
sim1_pm,task003_nosolution,6,6.00000,1.00000,1.00000,both,1,,,,,,,,,,,,,,,,,0.00002,0.00000,0.00006,0.00002,0.00000,0.00006
sim1_pm,task003_nosolution,6,6.00000,1.00000,1.00000,both,2,,,,,,,,,,,,,,,,,-0.12060,-0.12609,-0.11504,-0.24265,-0.24715,-0.23787
sim1_pm,task003_nosolution,6,6.00000,1.00000,1.00000,false,2,0.12204,0.11479,0.12971,0.00000,0.61658,0.49454,0.00000,15.67300,0.54045,0.18688,0.98600,0.47800,4.00000,0.00100,0.00000,0.00000,,,,,,
sim1_pm,task003_nosolution,6,6.00000,1.00000,1.00000,truth,0,0.36321,0.35596,0.37008,0.00004,0.86867,0.50546,0.00004,8.60900,0.29686,1.01255,1.00000,0.37200,3.00000,0.06600,0.00000,0.00000,,,,,,
sim1_pm,task003_nosolution,6,6.00000,2.00000,0.75000,both,0,,,,,,,,,,,,,,,,,0.10540,0.09552,0.11557,0.31915,0.31412,0.32419
sim1_pm,task003_nosolution,6,6.00000,2.00000,0.75000,both,1,,,,,,,,,,,,,,,,,-0.03869,-0.04388,-0.03348,0.02260,0.02037,0.02483
sim1_pm,task003_nosolution,6,6.00000,2.00000,0.75000,both,2,,,,,,,,,,,,,,,,,-0.06671,-0.07771,-0.05581,-0.34175,-0.34681,-0.33660
sim1_pm,task003_nosolution,6,6.00000,2.00000,0.75000,false,2,0.27504,0.26271,0.28721,-0.06129,0.80504,0.53000,0.02692,21.62000,0.37276,0.30532,0.99800,0.61900,3.00000,0.05200,0.00000,0.00200,,,,,,
sim1_pm,task003_nosolution,6,6.00000,2.00000,0.75000,truth,0,0.42454,0.41345,0.43629,-0.01608,0.80633,0.38179,0.07212,22.44400,0.38697,0.45397,1.00000,0.26800,3.00000,0.02400,0.00000,0.00000,,,,,,
sim1_pm,task003_nosolution,6,6.00000,2.00000,1.00000,both,0,,,,,,,,,,,,,,,,,0.15898,0.15437,0.16365,0.19340,0.18942,0.19765
sim1_pm,task003_nosolution,6,6.00000,2.00000,1.00000,both,1,,,,,,,,,,,,,,,,,0.00000,0.00000,0.00000,0.00000,0.00000,0.00000
sim1_pm,task003_nosolution,6,6.00000,2.00000,1.00000,both,2,,,,,,,,,,,,,,,,,-0.15898,-0.16365,-0.15437,-0.19340,-0.19765,-0.18942
sim1_pm,task003_nosolution,6,6.00000,2.00000,1.00000,false,2,0.03442,0.02912,0.03963,0.00000,0.52896,0.49454,0.00000,36.30000,0.62586,0.02275,0.95600,0.47800,3.00000,0.00100,0.00000,0.00000,,,,,,
sim1_pm,task003_nosolution,6,6.00000,2.00000,1.00000,truth,0,0.35237,0.34529,0.35963,0.00000,0.85783,0.50546,0.00000,12.72600,0.21941,0.66455,1.00000,0.37200,3.00000,0.05700,0.00000,0.00000,,,,,,
sim1_pm,task003_nosolution,6,6.00000,3.00000,0.75000,both,0,,,,,,,,,,,,,,,,,0.11994,0.11037,0.13073,0.30852,0.30370,0.31358
sim1_pm,task003_nosolution,6,6.00000,3.00000,0.75000,both,1,,,,,,,,,,,,,,,,,-0.03944,-0.04485,-0.03390,0.01752,0.01527,0.01967
sim1_pm,task003_nosolution,6,6.00000,3.00000,0.75000,both,2,,,,,,,,,,,,,,,,,-0.08050,-0.09155,-0.06933,-0.32604,-0.33110,-0.32085
sim1_pm,task003_nosolution,6,6.00000,3.00000,0.75000,false,2,0.24554,0.23400,0.25704,-0.05696,0.77554,0.53000,0.03125,36.77400,0.42269,0.16025,0.99100,0.61900,3.00000,0.03100,0.00000,0.00200,,,,,,
sim1_pm,task003_nosolution,6,6.00000,3.00000,0.75000,truth,0,0.42846,0.41753,0.44162,-0.02192,0.81025,0.38179,0.06629,32.80800,0.37710,0.31343,1.00000,0.26800,3.00000,0.01600,0.00000,0.00000,,,,,,
sim1_pm,task003_nosolution,6,6.00000,3.00000,1.00000,both,0,,,,,,,,,,,,,,,,,0.16521,0.16119,0.16946,0.17621,0.17233,0.18019
sim1_pm,task003_nosolution,6,6.00000,3.00000,1.00000,both,1,,,,,,,,,,,,,,,,,0.00000,0.00000,0.00000,0.00000,0.00000,0.00000
sim1_pm,task003_nosolution,6,6.00000,3.00000,1.00000,both,2,,,,,,,,,,,,,,,,,-0.16521,-0.16946,-0.16119,-0.17621,-0.18019,-0.17233
sim1_pm,task003_nosolution,6,6.00000,3.00000,1.00000,false,2,0.01100,0.00775,0.01417,0.00000,0.50554,0.49454,0.00000,63.13200,0.72566,0.00418,0.89300,0.47800,3.00000,0.00100,0.00000,0.00000,,,,,,
sim1_pm,task003_nosolution,6,6.00000,3.00000,1.00000,truth,0,0.34142,0.33404,0.34871,0.00000,0.84688,0.50546,0.00000,19.52400,0.22441,0.41969,1.00000,0.37200,3.00000,0.05400,0.00000,0.00000,,,,,,
sim1_pm,task003_nosolution,6,6.00000,6.00000,0.75000,both,0,,,,,,,,,,,,,,,,,0.09671,0.08585,0.10707,0.27600,0.27110,0.28125
sim1_pm,task003_nosolution,6,6.00000,6.00000,0.75000,both,1,,,,,,,,,,,,,,,,,-0.03819,-0.04342,-0.03281,0.01731,0.01517,0.01967
sim1_pm,task003_nosolution,6,6.00000,6.00000,0.75000,both,2,,,,,,,,,,,,,,,,,-0.05852,-0.06936,-0.04762,-0.29331,-0.29871,-0.28810
sim1_pm,task003_nosolution,6,6.00000,6.00000,0.75000,false,2,0.23479,0.22258,0.24704,-0.05550,0.76479,0.53000,0.03271,79.20600,0.45521,0.07114,0.98800,0.61900,3.00000,0.02300,0.00000,0.00200,,,,,,
sim1_pm,task003_nosolution,6,6.00000,6.00000,0.75000,truth,0,0.37271,0.36050,0.38388,-0.02088,0.75450,0.38179,0.06733,82.25400,0.47272,0.10875,0.99900,0.26800,4.00000,0.00700,0.00000,0.00000,,,,,,
sim1_pm,task003_nosolution,6,6.00000,6.00000,1.00000,both,0,,,,,,,,,,,,,,,,,0.14631,0.14256,0.14998,0.15206,0.14827,0.15563
sim1_pm,task003_nosolution,6,6.00000,6.00000,1.00000,both,1,,,,,,,,,,,,,,,,,0.00000,0.00000,0.00000,0.00000,0.00000,0.00000
sim1_pm,task003_nosolution,6,6.00000,6.00000,1.00000,both,2,,,,,,,,,,,,,,,,,-0.14631,-0.14998,-0.14256,-0.15206,-0.15563,-0.14827
sim1_pm,task003_nosolution,6,6.00000,6.00000,1.00000,false,2,0.00575,0.00387,0.00767,0.00000,0.50029,0.49454,0.00000,131.64600,0.75659,0.00105,0.84800,0.47800,3.00000,0.00000,0.00000,0.00000,,,,,,
sim1_pm,task003_nosolution,6,6.00000,6.00000,1.00000,truth,0,0.29837,0.29100,0.30542,0.00000,0.80383,0.50546,0.00000,51.64800,0.29683,0.13865,1.00000,0.37200,3.00000,0.03300,0.00000,0.00000,,,,,,
sim1_pm,task003_nosolution,6,6.00000,9.00000,0.75000,both,0,,,,,,,,,,,,,,,,,0.21342,0.20338,0.22444,0.08737,0.08181,0.09254
sim1_pm,task003_nosolution,6,6.00000,9.00000,0.75000,both,1,,,,,,,,,,,,,,,,,-0.02556,-0.03098,-0.02020,0.01102,0.00846,0.01333
sim1_pm,task003_nosolution,6,6.00000,9.00000,0.75000,both,2,,,,,,,,,,,,,,,,,-0.18785,-0.19974,-0.17625,-0.09840,-0.10438,-0.09214
sim1_pm,task003_nosolution,6,6.00000,9.00000,0.75000,false,2,-0.08946,-0.10333,-0.07621,-0.03658,0.44054,0.53000,0.05162,221.47200,0.84855,-0.00969,0.54000,0.61900,20.00000,0.00200,0.00000,0.00200,,,,,,
sim1_pm,task003_nosolution,6,6.00000,9.00000,0.75000,truth,0,0.30079,0.28958,0.31246,-0.01454,0.68258,0.38179,0.07367,158.22900,0.60624,0.04562,0.98400,0.26800,5.00000,0.00000,0.00000,0.00000,,,,,,
sim1_pm,task003_nosolution,6,6.00000,9.00000,1.00000,both,0,,,,,,,,,,,,,,,,,0.26971,0.26414,0.27535,0.02404,0.02144,0.02652
sim1_pm,task003_nosolution,6,6.00000,9.00000,1.00000,both,1,,,,,,,,,,,,,,,,,0.00000,0.00000,0.00000,0.00000,0.00000,0.00000
sim1_pm,task003_nosolution,6,6.00000,9.00000,1.00000,both,2,,,,,,,,,,,,,,,,,-0.26971,-0.27535,-0.26414,-0.02404,-0.02652,-0.02144
sim1_pm,task003_nosolution,6,6.00000,9.00000,1.00000,false,2,-0.24567,-0.25104,-0.24008,0.00000,0.24888,0.49454,0.00000,247.84200,0.94959,-0.02379,0.29600,0.47800,,0.00000,0.00000,0.00000,,,,,,
sim1_pm,task003_nosolution,6,6.00000,9.00000,1.00000,truth,0,0.29375,0.28658,0.30054,0.00000,0.79921,0.50546,0.00000,89.32500,0.34224,0.07893,1.00000,0.37200,4.00000,0.02100,0.00000,0.00000,,,,,,
sim1_pm,task003_nosolution,6,12.00000,1.00000,0.75000,both,0,,,,,,,,,,,,,,,,,0.09256,0.08154,0.10315,0.32873,0.32402,0.33367
sim1_pm,task003_nosolution,6,12.00000,1.00000,0.75000,both,1,,,,,,,,,,,,,,,,,-0.03508,-0.04105,-0.02979,0.01629,0.01414,0.01871
sim1_pm,task003_nosolution,6,12.00000,1.00000,0.75000,both,2,,,,,,,,,,,,,,,,,-0.05748,-0.06854,-0.04610,-0.34502,-0.35042,-0.34029
sim1_pm,task003_nosolution,6,12.00000,1.00000,0.75000,false,2,0.28754,0.27500,0.30021,-0.05137,0.81754,0.53000,0.03683,8.65700,0.29852,0.79716,0.99400,0.61900,3.00000,0.06000,0.00000,0.00200,,,,,,
sim1_pm,task003_nosolution,6,12.00000,1.00000,0.75000,truth,0,0.42129,0.40825,0.43346,-0.01879,0.80308,0.38179,0.06942,9.81400,0.33841,1.03026,1.00000,0.26800,4.00000,0.01800,0.00000,0.00000,,,,,,
sim1_pm,task003_nosolution,6,12.00000,1.00000,1.00000,both,0,,,,,,,,,,,,,,,,,0.11094,0.10527,0.11652,0.26510,0.26010,0.26992
sim1_pm,task003_nosolution,6,12.00000,1.00000,1.00000,both,1,,,,,,,,,,,,,,,,,0.00000,0.00000,0.00000,0.00000,0.00000,0.00000
sim1_pm,task003_nosolution,6,12.00000,1.00000,1.00000,both,2,,,,,,,,,,,,,,,,,-0.11094,-0.11652,-0.10527,-0.26510,-0.26992,-0.26010
sim1_pm,task003_nosolution,6,12.00000,1.00000,1.00000,false,2,0.15417,0.14600,0.16262,0.00000,0.64871,0.49454,0.00000,12.51300,0.43148,0.29569,0.95900,0.47800,4.00000,0.00200,0.00000,0.00000,,,,,,
sim1_pm,task003_nosolution,6,12.00000,1.00000,1.00000,truth,0,0.37604,0.36937,0.38225,0.00000,0.88150,0.50546,0.00000,4.63800,0.15993,1.94588,1.00000,0.37200,3.00000,0.06300,0.00000,0.00000,,,,,,
sim1_pm,task003_nosolution,6,12.00000,2.00000,0.75000,both,0,,,,,,,,,,,,,,,,,0.09967,0.08956,0.10988,0.31917,0.31410,0.32404
sim1_pm,task003_nosolution,6,12.00000,2.00000,0.75000,both,1,,,,,,,,,,,,,,,,,-0.03454,-0.04002,-0.02910,0.01883,0.01633,0.02127
sim1_pm,task003_nosolution,6,12.00000,2.00000,0.75000,both,2,,,,,,,,,,,,,,,,,-0.06513,-0.07628,-0.05390,-0.33800,-0.34319,-0.33267
sim1_pm,task003_nosolution,6,12.00000,2.00000,0.75000,false,2,0.27288,0.26146,0.28554,-0.05338,0.80288,0.53000,0.03483,17.14400,0.29559,0.38200,0.99500,0.61900,3.00000,0.04800,0.00000,0.00200,,,,,,
sim1_pm,task003_nosolution,6,12.00000,2.00000,0.75000,truth,0,0.41883,0.40708,0.43221,-0.01571,0.80063,0.38179,0.07250,17.37600,0.29959,0.57850,1.00000,0.26800,3.00000,0.01500,0.00000,0.00000,,,,,,
sim1_pm,task003_nosolution,6,12.00000,2.00000,1.00000,both,0,,,,,,,,,,,,,,,,,0.12921,0.12356,0.13544,0.24888,0.24377,0.25394
sim1_pm,task003_nosolution,6,12.00000,2.00000,1.00000,both,1,,,,,,,,,,,,,,,,,0.00004,0.00000,0.00013,0.00004,0.00000,0.00013
sim1_pm,task003_nosolution,6,12.00000,2.00000,1.00000,both,2,,,,,,,,,,,,,,,,,-0.12925,-0.13548,-0.12360,-0.24892,-0.25396,-0.24385
sim1_pm,task003_nosolution,6,12.00000,2.00000,1.00000,false,2,0.11967,0.11091,0.12775,0.00000,0.61421,0.49454,0.00000,26.73600,0.46097,0.10742,0.95200,0.47800,3.00000,0.00300,0.00000,0.00000,,,,,,
sim1_pm,task003_nosolution,6,12.00000,2.00000,1.00000,truth,0,0.37808,0.37129,0.38479,0.00008,0.88354,0.50546,0.00008,6.64200,0.11452,1.36615,1.00000,0.37200,3.00000,0.06900,0.00000,0.00000,,,,,,
sim1_pm,task003_nosolution,6,12.00000,3.00000,0.75000,both,0,,,,,,,,,,,,,,,,,0.11038,0.10042,0.12090,0.30508,0.29981,0.31031
sim1_pm,task003_nosolution,6,12.00000,3.00000,0.75000,both,1,,,,,,,,,,,,,,,,,-0.03654,-0.04198,-0.03127,0.01750,0.01512,0.01969
sim1_pm,task003_nosolution,6,12.00000,3.00000,0.75000,both,2,,,,,,,,,,,,,,,,,-0.07383,-0.08465,-0.06329,-0.32258,-0.32798,-0.31685
sim1_pm,task003_nosolution,6,12.00000,3.00000,0.75000,false,2,0.24875,0.23617,0.26088,-0.05404,0.77875,0.53000,0.03417,29.96700,0.34445,0.19922,0.99100,0.61900,3.00000,0.03400,0.00000,0.00200,,,,,,
sim1_pm,task003_nosolution,6,12.00000,3.00000,0.75000,truth,0,0.41546,0.40416,0.42671,-0.01904,0.79725,0.38179,0.06917,26.22300,0.30141,0.38024,0.99900,0.26800,3.00000,0.01000,0.00000,0.00000,,,,,,
sim1_pm,task003_nosolution,6,12.00000,3.00000,1.00000,both,0,,,,,,,,,,,,,,,,,0.14744,0.14185,0.15302,0.22019,0.21537,0.22548
sim1_pm,task003_nosolution,6,12.00000,3.00000,1.00000,both,1,,,,,,,,,,,,,,,,,0.00000,0.00000,0.00000,0.00000,0.00000,0.00000
sim1_pm,task003_nosolution,6,12.00000,3.00000,1.00000,both,2,,,,,,,,,,,,,,,,,-0.14744,-0.15302,-0.14185,-0.22019,-0.22548,-0.21537
sim1_pm,task003_nosolution,6,12.00000,3.00000,1.00000,false,2,0.07275,0.06462,0.08075,0.00000,0.56729,0.49454,0.00000,51.71400,0.59441,0.03376,0.90000,0.47800,3.00000,0.00100,0.00000,0.00000,,,,,,
sim1_pm,task003_nosolution,6,12.00000,3.00000,1.00000,truth,0,0.36763,0.36054,0.37496,0.00000,0.87308,0.50546,0.00000,10.58100,0.12162,0.83385,1.00000,0.37200,3.00000,0.07600,0.00000,0.00000,,,,,,
sim1_pm,task003_nosolution,6,12.00000,6.00000,0.75000,both,0,,,,,,,,,,,,,,,,,0.08825,0.07808,0.09844,0.27454,0.26917,0.27979
sim1_pm,task003_nosolution,6,12.00000,6.00000,0.75000,both,1,,,,,,,,,,,,,,,,,-0.03487,-0.04035,-0.02968,0.01967,0.01748,0.02194
sim1_pm,task003_nosolution,6,12.00000,6.00000,0.75000,both,2,,,,,,,,,,,,,,,,,-0.05338,-0.06525,-0.04319,-0.29421,-0.29969,-0.28823
sim1_pm,task003_nosolution,6,12.00000,6.00000,0.75000,false,2,0.24083,0.22741,0.25254,-0.05454,0.77083,0.53000,0.03367,64.26600,0.36934,0.08994,0.98900,0.61900,3.00000,0.03200,0.00000,0.00200,,,,,,
sim1_pm,task003_nosolution,6,12.00000,6.00000,0.75000,truth,0,0.36279,0.35154,0.37404,-0.01521,0.74458,0.38179,0.07300,72.45000,0.41638,0.12018,0.99500,0.26800,4.00000,0.01400,0.00000,0.00000,,,,,,
sim1_pm,task003_nosolution,6,12.00000,6.00000,1.00000,both,0,,,,,,,,,,,,,,,,,0.14365,0.13802,0.14883,0.20219,0.19729,0.20681
sim1_pm,task003_nosolution,6,12.00000,6.00000,1.00000,both,1,,,,,,,,,,,,,,,,,0.00000,0.00000,0.00000,0.00000,0.00000,0.00000
sim1_pm,task003_nosolution,6,12.00000,6.00000,1.00000,both,2,,,,,,,,,,,,,,,,,-0.14365,-0.14883,-0.13802,-0.20219,-0.20681,-0.19729
sim1_pm,task003_nosolution,6,12.00000,6.00000,1.00000,false,2,0.05854,0.05138,0.06596,0.00000,0.55308,0.49454,0.00000,110.16000,0.63310,0.01275,0.88900,0.47800,3.00000,0.00000,0.00000,0.00000,,,,,,
sim1_pm,task003_nosolution,6,12.00000,6.00000,1.00000,truth,0,0.34583,0.33825,0.35267,0.00000,0.85129,0.50546,0.00000,28.28400,0.16255,0.29345,1.00000,0.37200,3.00000,0.05200,0.00000,0.00000,,,,,,
sim1_pm,task003_nosolution,6,12.00000,9.00000,0.75000,both,0,,,,,,,,,,,,,,,,,0.20542,0.19443,0.21644,0.10429,0.09871,0.11048
sim1_pm,task003_nosolution,6,12.00000,9.00000,0.75000,both,1,,,,,,,,,,,,,,,,,-0.02310,-0.02894,-0.01794,0.00973,0.00708,0.01227
sim1_pm,task003_nosolution,6,12.00000,9.00000,0.75000,both,2,,,,,,,,,,,,,,,,,-0.18231,-0.19392,-0.17104,-0.11402,-0.12042,-0.10762
sim1_pm,task003_nosolution,6,12.00000,9.00000,0.75000,false,2,-0.06829,-0.08184,-0.05504,-0.03283,0.46171,0.53000,0.05538,214.88400,0.82331,-0.00763,0.57100,0.61900,15.00000,0.00100,0.00000,0.00200,,,,,,
sim1_pm,task003_nosolution,6,12.00000,9.00000,0.75000,truth,0,0.30971,0.29829,0.32142,-0.01338,0.69150,0.38179,0.07483,140.56200,0.53855,0.05288,0.98100,0.26800,5.00000,0.00300,0.00000,0.00000,,,,,,
sim1_pm,task003_nosolution,6,12.00000,9.00000,1.00000,both,0,,,,,,,,,,,,,,,,,0.27752,0.27131,0.28361,0.05744,0.05394,0.06104
sim1_pm,task003_nosolution,6,12.00000,9.00000,1.00000,both,1,,,,,,,,,,,,,,,,,0.00000,0.00000,0.00000,0.00000,0.00000,0.00000
sim1_pm,task003_nosolution,6,12.00000,9.00000,1.00000,both,2,,,,,,,,,,,,,,,,,-0.27752,-0.28361,-0.27131,-0.05744,-0.06104,-0.05394
sim1_pm,task003_nosolution,6,12.00000,9.00000,1.00000,false,2,-0.22008,-0.22717,-0.21300,0.00000,0.27446,0.49454,0.00000,243.94500,0.93466,-0.02165,0.33000,0.47800,,0.00000,0.00000,0.00000,,,,,,
sim1_pm,task003_nosolution,6,12.00000,9.00000,1.00000,truth,0,0.33496,0.32771,0.34204,0.00000,0.84042,0.50546,0.00000,53.00100,0.20307,0.15168,1.00000,0.37200,4.00000,0.04100,0.00000,0.00000,,,,,,
sim1_pm,task003_nosolution,6,24.00000,1.00000,0.75000,both,0,,,,,,,,,,,,,,,,,0.07925,0.06923,0.08928,0.31667,0.31169,0.32169
sim1_pm,task003_nosolution,6,24.00000,1.00000,0.75000,both,1,,,,,,,,,,,,,,,,,-0.03185,-0.03721,-0.02652,0.01860,0.01598,0.02121
sim1_pm,task003_nosolution,6,24.00000,1.00000,0.75000,both,2,,,,,,,,,,,,,,,,,-0.04740,-0.05771,-0.03651,-0.33527,-0.34069,-0.33027
sim1_pm,task003_nosolution,6,24.00000,1.00000,0.75000,false,2,0.28788,0.27692,0.30054,-0.05046,0.81788,0.53000,0.03775,9.24200,0.31869,0.74757,0.99100,0.61900,3.00000,0.07400,0.00000,0.00200,,,,,,
sim1_pm,task003_nosolution,6,24.00000,1.00000,0.75000,truth,0,0.39592,0.38354,0.40717,-0.01325,0.77771,0.38179,0.07496,11.90900,0.41066,0.79788,0.99900,0.26800,4.00000,0.00800,0.00000,0.00000,,,,,,
sim1_pm,task003_nosolution,6,24.00000,1.00000,1.00000,both,0,,,,,,,,,,,,,,,,,0.06615,0.06083,0.07183,0.31681,0.31283,0.32075
sim1_pm,task003_nosolution,6,24.00000,1.00000,1.00000,both,1,,,,,,,,,,,,,,,,,0.00000,0.00000,0.00000,0.00000,0.00000,0.00000
sim1_pm,task003_nosolution,6,24.00000,1.00000,1.00000,both,2,,,,,,,,,,,,,,,,,-0.06615,-0.07183,-0.06083,-0.31681,-0.32075,-0.31283
sim1_pm,task003_nosolution,6,24.00000,1.00000,1.00000,false,2,0.25067,0.24366,0.25713,0.00000,0.74521,0.49454,0.00000,10.09800,0.34821,0.59576,0.98900,0.47800,4.00000,0.00400,0.00000,0.00000,,,,,,
sim1_pm,task003_nosolution,6,24.00000,1.00000,1.00000,truth,0,0.38296,0.37696,0.38946,0.00000,0.88842,0.50546,0.00000,3.74900,0.12928,2.45159,1.00000,0.37200,4.00000,0.06700,0.00000,0.00000,,,,,,
sim1_pm,task003_nosolution,6,24.00000,2.00000,0.75000,both,0,,,,,,,,,,,,,,,,,0.07817,0.06752,0.08740,0.32979,0.32535,0.33404
sim1_pm,task003_nosolution,6,24.00000,2.00000,0.75000,both,1,,,,,,,,,,,,,,,,,-0.03438,-0.03971,-0.02908,0.02087,0.01854,0.02331
sim1_pm,task003_nosolution,6,24.00000,2.00000,0.75000,both,2,,,,,,,,,,,,,,,,,-0.04379,-0.05515,-0.03229,-0.35067,-0.35525,-0.34596
sim1_pm,task003_nosolution,6,24.00000,2.00000,0.75000,false,2,0.30688,0.29537,0.31892,-0.05525,0.83688,0.53000,0.03296,14.94000,0.25759,0.49297,0.99600,0.61900,3.00000,0.06300,0.00000,0.00200,,,,,,
sim1_pm,task003_nosolution,6,24.00000,2.00000,0.75000,truth,0,0.40796,0.39625,0.41930,-0.01350,0.78975,0.38179,0.07471,20.81600,0.35890,0.47036,1.00000,0.26800,3.00000,0.01500,0.00000,0.00000,,,,,,
sim1_pm,task003_nosolution,6,24.00000,2.00000,1.00000,both,0,,,,,,,,,,,,,,,,,0.07481,0.06927,0.08040,0.31456,0.30987,0.31871
sim1_pm,task003_nosolution,6,24.00000,2.00000,1.00000,both,1,,,,,,,,,,,,,,,,,0.00004,0.00000,0.00013,0.00004,0.00000,0.00013
sim1_pm,task003_nosolution,6,24.00000,2.00000,1.00000,both,2,,,,,,,,,,,,,,,,,-0.07485,-0.08044,-0.06931,-0.31460,-0.31879,-0.30990
sim1_pm,task003_nosolution,6,24.00000,2.00000,1.00000,false,2,0.23975,0.23175,0.24763,0.00000,0.73429,0.49454,0.00000,19.19000,0.33086,0.29984,0.98300,0.47800,3.00000,0.00500,0.00000,0.00000,,,,,,
sim1_pm,task003_nosolution,6,24.00000,2.00000,1.00000,truth,0,0.38937,0.38296,0.39555,0.00008,0.89483,0.50546,0.00008,5.49000,0.09466,1.70219,1.00000,0.37200,3.00000,0.07800,0.00000,0.00000,,,,,,
sim1_pm,task003_nosolution,6,24.00000,3.00000,0.75000,both,0,,,,,,,,,,,,,,,,,0.08021,0.07002,0.09025,0.30008,0.29487,0.30544
sim1_pm,task003_nosolution,6,24.00000,3.00000,0.75000,both,1,,,,,,,,,,,,,,,,,-0.03435,-0.03988,-0.02892,0.02227,0.01996,0.02450
sim1_pm,task003_nosolution,6,24.00000,3.00000,0.75000,both,2,,,,,,,,,,,,,,,,,-0.04585,-0.05721,-0.03524,-0.32235,-0.32779,-0.31702
sim1_pm,task003_nosolution,6,24.00000,3.00000,0.75000,false,2,0.27650,0.26521,0.28825,-0.05663,0.80650,0.53000,0.03158,28.66200,0.32945,0.23153,0.99000,0.61900,3.00000,0.05600,0.00000,0.00200,,,,,,
sim1_pm,task003_nosolution,6,24.00000,3.00000,0.75000,truth,0,0.38029,0.36904,0.39271,-0.01208,0.76208,0.38179,0.07612,38.32200,0.44048,0.23817,0.99800,0.26800,4.00000,0.00700,0.00000,0.00000,,,,,,
sim1_pm,task003_nosolution,6,24.00000,3.00000,1.00000,both,0,,,,,,,,,,,,,,,,,0.09271,0.08623,0.09867,0.29683,0.29183,0.30192
sim1_pm,task003_nosolution,6,24.00000,3.00000,1.00000,both,1,,,,,,,,,,,,,,,,,0.00000,0.00000,0.00000,0.00000,0.00000,0.00000
sim1_pm,task003_nosolution,6,24.00000,3.00000,1.00000,both,2,,,,,,,,,,,,,,,,,-0.09271,-0.09867,-0.08623,-0.29683,-0.30192,-0.29183
sim1_pm,task003_nosolution,6,24.00000,3.00000,1.00000,false,2,0.20412,0.19612,0.21300,0.00000,0.69867,0.49454,0.00000,37.98000,0.43655,0.12899,0.97100,0.47800,3.00000,0.00500,0.00000,0.00000,,,,,,
sim1_pm,task003_nosolution,6,24.00000,3.00000,1.00000,truth,0,0.38954,0.38246,0.39621,0.00000,0.89500,0.50546,0.00000,8.70000,0.10000,1.07460,1.00000,0.37200,3.00000,0.09500,0.00000,0.00000,,,,,,
sim1_pm,task003_nosolution,6,24.00000,6.00000,0.75000,both,0,,,,,,,,,,,,,,,,,0.06235,0.05285,0.07238,0.28435,0.27942,0.28931
sim1_pm,task003_nosolution,6,24.00000,6.00000,0.75000,both,1,,,,,,,,,,,,,,,,,-0.03644,-0.04198,-0.03112,0.02185,0.01952,0.02406
sim1_pm,task003_nosolution,6,24.00000,6.00000,0.75000,both,2,,,,,,,,,,,,,,,,,-0.02592,-0.03698,-0.01515,-0.30621,-0.31158,-0.30054
sim1_pm,task003_nosolution,6,24.00000,6.00000,0.75000,false,2,0.28029,0.26804,0.29225,-0.05829,0.81029,0.53000,0.02992,59.93400,0.34445,0.11224,0.99700,0.61900,3.00000,0.05000,0.00000,0.00200,,,,,,
sim1_pm,task003_nosolution,6,24.00000,6.00000,0.75000,truth,0,0.34671,0.33558,0.35788,-0.01458,0.72850,0.38179,0.07362,96.79200,0.55628,0.08597,0.98600,0.26800,5.00000,0.00800,0.00000,0.00000,,,,,,
sim1_pm,task003_nosolution,6,24.00000,6.00000,1.00000,both,0,,,,,,,,,,,,,,,,,0.09575,0.08954,0.10121,0.28317,0.27821,0.28779
sim1_pm,task003_nosolution,6,24.00000,6.00000,1.00000,both,1,,,,,,,,,,,,,,,,,0.00000,0.00000,0.00000,0.00000,0.00000,0.00000
sim1_pm,task003_nosolution,6,24.00000,6.00000,1.00000,both,2,,,,,,,,,,,,,,,,,-0.09575,-0.10121,-0.08954,-0.28317,-0.28779,-0.27821
sim1_pm,task003_nosolution,6,24.00000,6.00000,1.00000,false,2,0.18742,0.17954,0.19554,0.00000,0.68196,0.49454,0.00000,83.41800,0.47941,0.05392,0.96800,0.47800,3.00000,0.00100,0.00000,0.00000,,,,,,
sim1_pm,task003_nosolution,6,24.00000,6.00000,1.00000,truth,0,0.37892,0.37204,0.38550,0.00000,0.88438,0.50546,0.00000,22.06200,0.12679,0.41220,1.00000,0.37200,3.00000,0.07800,0.00000,0.00000,,,,,,
sim1_pm,task003_nosolution,6,24.00000,9.00000,0.75000,both,0,,,,,,,,,,,,,,,,,0.16652,0.15537,0.17619,0.16444,0.15833,0.17025
sim1_pm,task003_nosolution,6,24.00000,9.00000,0.75000,both,1,,,,,,,,,,,,,,,,,-0.01935,-0.02471,-0.01400,0.01306,0.01042,0.01569
sim1_pm,task003_nosolution,6,24.00000,9.00000,0.75000,both,2,,,,,,,,,,,,,,,,,-0.14717,-0.15765,-0.13516,-0.17750,-0.18352,-0.17115
sim1_pm,task003_nosolution,6,24.00000,9.00000,0.75000,false,2,0.03033,0.01746,0.04396,-0.03242,0.56033,0.53000,0.05579,212.86800,0.81559,0.00342,0.72400,0.61900,11.00000,0.00400,0.00000,0.00200,,,,,,
sim1_pm,task003_nosolution,6,24.00000,9.00000,0.75000,truth,0,0.33096,0.31854,0.34230,-0.00629,0.71275,0.38179,0.08192,153.10800,0.58662,0.05188,0.97600,0.26800,6.00000,0.00100,0.00000,0.00000,,,,,,
sim1_pm,task003_nosolution,6,24.00000,9.00000,1.00000,both,0,,,,,,,,,,,,,,,,,0.20725,0.20096,0.21338,0.17221,0.16673,0.17761
sim1_pm,task003_nosolution,6,24.00000,9.00000,1.00000,both,1,,,,,,,,,,,,,,,,,0.00006,0.00000,0.00015,0.00006,0.00000,0.00015
sim1_pm,task003_nosolution,6,24.00000,9.00000,1.00000,both,2,,,,,,,,,,,,,,,,,-0.20731,-0.21346,-0.20100,-0.17227,-0.17771,-0.16683
sim1_pm,task003_nosolution,6,24.00000,9.00000,1.00000,false,2,-0.03504,-0.04446,-0.02550,0.00000,0.45950,0.49454,0.00000,233.50500,0.89466,-0.00360,0.55400,0.47800,16.00000,0.00000,0.00000,0.00000,,,,,,
sim1_pm,task003_nosolution,6,24.00000,9.00000,1.00000,truth,0,0.37946,0.37304,0.38617,0.00013,0.88492,0.50546,0.00013,36.70200,0.14062,0.24813,1.00000,0.37200,4.00000,0.07900,0.00000,0.00000,,,,,,
sim1_pm,task003_nosolution,12,3.00000,1.00000,0.75000,both,0,,,,,,,,,,,,,,,,,0.07375,0.06314,0.08307,0.34421,0.33831,0.34973
sim1_pm,task003_nosolution,12,3.00000,1.00000,0.75000,both,1,,,,,,,,,,,,,,,,,-0.02510,-0.02902,-0.02117,0.01019,0.00863,0.01173
sim1_pm,task003_nosolution,12,3.00000,1.00000,0.75000,both,2,,,,,,,,,,,,,,,,,-0.04865,-0.05873,-0.03833,-0.35440,-0.35975,-0.34869
sim1_pm,task003_nosolution,12,3.00000,1.00000,0.75000,false,2,0.30575,0.29462,0.31750,-0.03529,0.81837,0.51262,0.01375,13.51300,0.46597,0.54303,0.98500,0.61800,3.00000,0.09600,0.00000,0.00100,,,,,,
sim1_pm,task003_nosolution,12,3.00000,1.00000,0.75000,truth,0,0.41796,0.40621,0.42888,-0.01492,0.85629,0.43833,0.03413,13.68600,0.47193,0.73294,0.99900,0.41000,3.00000,0.06600,0.00000,0.00000,,,,,,
sim1_pm,task003_nosolution,12,3.00000,1.00000,1.00000,both,0,,,,,,,,,,,,,,,,,0.08769,0.08179,0.09344,0.26094,0.25587,0.26567
sim1_pm,task003_nosolution,12,3.00000,1.00000,1.00000,both,1,,,,,,,,,,,,,,,,,0.00004,0.00000,0.00010,0.00004,0.00000,0.00010
sim1_pm,task003_nosolution,12,3.00000,1.00000,1.00000,both,2,,,,,,,,,,,,,,,,,-0.08773,-0.09348,-0.08183,-0.26098,-0.26567,-0.25596
sim1_pm,task003_nosolution,12,3.00000,1.00000,1.00000,false,2,0.17325,0.16612,0.18087,0.00000,0.66775,0.49450,0.00000,17.95100,0.61900,0.23163,0.99800,0.45900,3.00000,0.00100,0.00000,0.00000,,,,,,
sim1_pm,task003_nosolution,12,3.00000,1.00000,1.00000,truth,0,0.34863,0.34142,0.35554,0.00008,0.85413,0.50550,0.00008,13.75100,0.47417,0.60846,1.00000,0.40700,3.00000,0.04300,0.00000,0.00000,,,,,,
sim1_pm,task003_nosolution,12,3.00000,2.00000,0.75000,both,0,,,,,,,,,,,,,,,,,0.12025,0.11017,0.12965,0.32029,0.31473,0.32594
sim1_pm,task003_nosolution,12,3.00000,2.00000,0.75000,both,1,,,,,,,,,,,,,,,,,-0.03094,-0.03535,-0.02650,0.00873,0.00746,0.01013
sim1_pm,task003_nosolution,12,3.00000,2.00000,0.75000,both,2,,,,,,,,,,,,,,,,,-0.08931,-0.09942,-0.07968,-0.32902,-0.33467,-0.32340
sim1_pm,task003_nosolution,12,3.00000,2.00000,0.75000,false,2,0.23971,0.22891,0.25133,-0.03967,0.75233,0.51262,0.00937,29.21800,0.50376,0.19690,0.97400,0.61800,2.00000,0.03000,0.00000,0.00100,,,,,,
sim1_pm,task003_nosolution,12,3.00000,2.00000,0.75000,truth,0,0.44054,0.42954,0.45192,-0.02221,0.87887,0.43833,0.02683,21.05000,0.36293,0.50228,1.00000,0.41000,2.00000,0.12100,0.00000,0.00000,,,,,,
sim1_pm,task003_nosolution,12,3.00000,2.00000,1.00000,both,0,,,,,,,,,,,,,,,,,0.11673,0.11252,0.12144,0.20285,0.19902,0.20667
sim1_pm,task003_nosolution,12,3.00000,2.00000,1.00000,both,1,,,,,,,,,,,,,,,,,0.00000,0.00000,0.00000,0.00000,0.00000,0.00000
sim1_pm,task003_nosolution,12,3.00000,2.00000,1.00000,both,2,,,,,,,,,,,,,,,,,-0.11673,-0.12144,-0.11252,-0.20285,-0.20667,-0.19902
sim1_pm,task003_nosolution,12,3.00000,2.00000,1.00000,false,2,0.08613,0.08263,0.08950,0.00000,0.58062,0.49450,0.00000,40.94800,0.70600,0.05048,0.98400,0.45900,2.00000,0.00000,0.00000,0.00000,,,,,,
sim1_pm,task003_nosolution,12,3.00000,2.00000,1.00000,truth,0,0.31958,0.31225,0.32700,0.00000,0.82508,0.50550,0.00000,23.20600,0.40010,0.33052,1.00000,0.40700,2.00000,0.03500,0.00000,0.00000,,,,,,
sim1_pm,task003_nosolution,12,3.00000,3.00000,0.75000,both,0,,,,,,,,,,,,,,,,,0.14565,0.13548,0.15571,0.28848,0.28269,0.29492
sim1_pm,task003_nosolution,12,3.00000,3.00000,0.75000,both,1,,,,,,,,,,,,,,,,,-0.03171,-0.03602,-0.02754,0.01029,0.00892,0.01158
sim1_pm,task003_nosolution,12,3.00000,3.00000,0.75000,both,2,,,,,,,,,,,,,,,,,-0.11394,-0.12408,-0.10346,-0.29877,-0.30517,-0.29267
sim1_pm,task003_nosolution,12,3.00000,3.00000,0.75000,false,2,0.18483,0.17308,0.19633,-0.04200,0.69746,0.51262,0.00704,51.03300,0.58659,0.08692,0.94900,0.61800,2.00000,0.02000,0.00000,0.00100,,,,,,
sim1_pm,task003_nosolution,12,3.00000,3.00000,0.75000,truth,0,0.43412,0.42246,0.44471,-0.02142,0.87246,0.43833,0.02763,30.19500,0.34707,0.34506,1.00000,0.41000,2.00000,0.09200,0.00000,0.00000,,,,,,
sim1_pm,task003_nosolution,12,3.00000,3.00000,1.00000,both,0,,,,,,,,,,,,,,,,,0.14183,0.13802,0.14567,0.15671,0.15315,0.16060
sim1_pm,task003_nosolution,12,3.00000,3.00000,1.00000,both,1,,,,,,,,,,,,,,,,,0.00000,0.00000,0.00000,0.00000,0.00000,0.00000
sim1_pm,task003_nosolution,12,3.00000,3.00000,1.00000,both,2,,,,,,,,,,,,,,,,,-0.14183,-0.14567,-0.13802,-0.15671,-0.16060,-0.15315
sim1_pm,task003_nosolution,12,3.00000,3.00000,1.00000,false,2,0.01488,0.01254,0.01762,0.00000,0.50938,0.49450,0.00000,69.21600,0.79559,0.00516,0.87800,0.45900,2.00000,0.00000,0.00000,0.00000,,,,,,
sim1_pm,task003_nosolution,12,3.00000,3.00000,1.00000,truth,0,0.29854,0.29137,0.30592,0.00000,0.80404,0.50550,0.00000,34.36800,0.39503,0.20848,1.00000,0.40700,2.00000,0.02500,0.00000,0.00000,,,,,,
sim1_pm,task003_nosolution,12,3.00000,6.00000,0.75000,both,0,,,,,,,,,,,,,,,,,0.12937,0.11935,0.13947,0.25650,0.25037,0.26196
sim1_pm,task003_nosolution,12,3.00000,6.00000,0.75000,both,1,,,,,,,,,,,,,,,,,-0.03358,-0.03790,-0.02931,0.00833,0.00712,0.00954
sim1_pm,task003_nosolution,12,3.00000,6.00000,0.75000,both,2,,,,,,,,,,,,,,,,,-0.09579,-0.10586,-0.08587,-0.26483,-0.27054,-0.25833
sim1_pm,task003_nosolution,12,3.00000,6.00000,0.75000,false,2,0.16904,0.15708,0.18004,-0.04192,0.68167,0.51262,0.00712,106.85400,0.61410,0.03797,0.95100,0.61800,2.00000,0.01700,0.00000,0.00100,,,,,,
sim1_pm,task003_nosolution,12,3.00000,6.00000,0.75000,truth,0,0.38587,0.37433,0.39742,-0.02525,0.82421,0.43833,0.02379,72.69600,0.41779,0.12739,1.00000,0.41000,2.00000,0.04500,0.00000,0.00000,,,,,,
sim1_pm,task003_nosolution,12,3.00000,6.00000,1.00000,both,0,,,,,,,,,,,,,,,,,0.12800,0.12506,0.13129,0.12975,0.12675,0.13323
sim1_pm,task003_nosolution,12,3.00000,6.00000,1.00000,both,1,,,,,,,,,,,,,,,,,0.00000,0.00000,0.00000,0.00000,0.00000,0.00000
sim1_pm,task003_nosolution,12,3.00000,6.00000,1.00000,both,2,,,,,,,,,,,,,,,,,-0.12800,-0.13129,-0.12506,-0.12975,-0.13323,-0.12675
sim1_pm,task003_nosolution,12,3.00000,6.00000,1.00000,false,2,0.00175,0.00079,0.00300,0.00000,0.49625,0.49450,0.00000,142.36200,0.81817,0.00030,0.79400,0.45900,3.00000,0.00000,0.00000,0.00000,,,,,,
sim1_pm,task003_nosolution,12,3.00000,6.00000,1.00000,truth,0,0.25775,0.25187,0.26429,0.00000,0.76325,0.50550,0.00000,83.55000,0.48017,0.07404,1.00000,0.40700,2.00000,0.00800,0.00000,0.00000,,,,,,
sim1_pm,task003_nosolution,12,3.00000,9.00000,0.75000,both,0,,,,,,,,,,,,,,,,,0.28906,0.27919,0.29992,0.06894,0.06379,0.07431
sim1_pm,task003_nosolution,12,3.00000,9.00000,0.75000,both,1,,,,,,,,,,,,,,,,,-0.03308,-0.03702,-0.02875,0.00650,0.00531,0.00762
sim1_pm,task003_nosolution,12,3.00000,9.00000,0.75000,both,2,,,,,,,,,,,,,,,,,-0.25598,-0.26665,-0.24535,-0.07544,-0.08077,-0.07015
sim1_pm,task003_nosolution,12,3.00000,9.00000,0.75000,false,2,-0.18054,-0.19301,-0.16904,-0.03958,0.33208,0.51262,0.00946,235.53900,0.90245,-0.01840,0.47000,0.61800,,0.00100,0.00100,0.00100,,,,,,
sim1_pm,task003_nosolution,12,3.00000,9.00000,0.75000,truth,0,0.35800,0.34753,0.37075,-0.02658,0.79633,0.43833,0.02246,123.63300,0.47369,0.06950,0.99800,0.41000,2.00000,0.01600,0.00000,0.00000,,,,,,
sim1_pm,task003_nosolution,12,3.00000,9.00000,1.00000,both,0,,,,,,,,,,,,,,,,,0.25848,0.25246,0.26408,0.01248,0.01060,0.01444
sim1_pm,task003_nosolution,12,3.00000,9.00000,1.00000,both,1,,,,,,,,,,,,,,,,,0.00000,0.00000,0.00000,0.00000,0.00000,0.00000
sim1_pm,task003_nosolution,12,3.00000,9.00000,1.00000,both,2,,,,,,,,,,,,,,,,,-0.25848,-0.26408,-0.25246,-0.01248,-0.01444,-0.01060
sim1_pm,task003_nosolution,12,3.00000,9.00000,1.00000,false,2,-0.24600,-0.25154,-0.24029,0.00000,0.24850,0.49450,0.00000,248.83200,0.95338,-0.02373,0.30500,0.45900,,0.00000,0.00000,0.00000,,,,,,
sim1_pm,task003_nosolution,12,3.00000,9.00000,1.00000,truth,0,0.27096,0.26433,0.27742,0.00000,0.77646,0.50550,0.00000,123.66000,0.47379,0.05259,1.00000,0.40700,2.00000,0.01000,0.00000,0.00000,,,,,,
sim1_pm,task003_nosolution,12,6.00000,1.00000,0.75000,both,0,,,,,,,,,,,,,,,,,0.09806,0.08762,0.10767,0.33056,0.32446,0.33633
sim1_pm,task003_nosolution,12,6.00000,1.00000,0.75000,both,1,,,,,,,,,,,,,,,,,-0.02527,-0.02952,-0.02129,0.00856,0.00702,0.01015
sim1_pm,task003_nosolution,12,6.00000,1.00000,0.75000,both,2,,,,,,,,,,,,,,,,,-0.07279,-0.08242,-0.06250,-0.33913,-0.34473,-0.33291
sim1_pm,task003_nosolution,12,6.00000,1.00000,0.75000,false,2,0.26633,0.25471,0.27783,-0.03383,0.77896,0.51262,0.01521,11.35400,0.39152,0.56297,0.98100,0.61800,3.00000,0.07700,0.00000,0.00100,,,,,,
sim1_pm,task003_nosolution,12,6.00000,1.00000,0.75000,truth,0,0.42862,0.41742,0.44005,-0.01671,0.86696,0.43833,0.03233,8.87800,0.30614,1.15871,1.00000,0.41000,3.00000,0.06800,0.00000,0.00000,,,,,,
sim1_pm,task003_nosolution,12,6.00000,1.00000,1.00000,both,0,,,,,,,,,,,,,,,,,0.13019,0.12517,0.13502,0.22727,0.22290,0.23165
sim1_pm,task003_nosolution,12,6.00000,1.00000,1.00000,both,1,,,,,,,,,,,,,,,,,0.00000,0.00000,0.00000,0.00000,0.00000,0.00000
sim1_pm,task003_nosolution,12,6.00000,1.00000,1.00000,both,2,,,,,,,,,,,,,,,,,-0.13019,-0.13502,-0.12517,-0.22727,-0.23165,-0.22290
sim1_pm,task003_nosolution,12,6.00000,1.00000,1.00000,false,2,0.09708,0.09037,0.10396,0.00000,0.59158,0.49450,0.00000,17.48600,0.60297,0.13325,0.98700,0.45900,3.00000,0.00000,0.00000,0.00000,,,,,,
sim1_pm,task003_nosolution,12,6.00000,1.00000,1.00000,truth,0,0.35746,0.35062,0.36417,0.00000,0.86296,0.50550,0.00000,8.43000,0.29069,1.01767,1.00000,0.40700,3.00000,0.05000,0.00000,0.00000,,,,,,
sim1_pm,task003_nosolution,12,6.00000,2.00000,0.75000,both,0,,,,,,,,,,,,,,,,,0.11500,0.10500,0.12550,0.31912,0.31306,0.32463
sim1_pm,task003_nosolution,12,6.00000,2.00000,0.75000,both,1,,,,,,,,,,,,,,,,,-0.02608,-0.03029,-0.02154,0.00900,0.00744,0.01056
sim1_pm,task003_nosolution,12,6.00000,2.00000,0.75000,both,2,,,,,,,,,,,,,,,,,-0.08892,-0.09961,-0.07889,-0.32812,-0.33396,-0.32200
sim1_pm,task003_nosolution,12,6.00000,2.00000,0.75000,false,2,0.23921,0.22654,0.25080,-0.03508,0.75183,0.51262,0.01396,23.12200,0.39866,0.24829,0.97000,0.61800,2.00000,0.07300,0.00000,0.00100,,,,,,
sim1_pm,task003_nosolution,12,6.00000,2.00000,0.75000,truth,0,0.43413,0.42246,0.44533,-0.01708,0.87246,0.43833,0.03196,13.19800,0.22755,0.78944,1.00000,0.41000,2.00000,0.10200,0.00000,0.00000,,,,,,
sim1_pm,task003_nosolution,12,6.00000,2.00000,1.00000,both,0,,,,,,,,,,,,,,,,,0.16394,0.15952,0.16813,0.18215,0.17804,0.18644
sim1_pm,task003_nosolution,12,6.00000,2.00000,1.00000,both,1,,,,,,,,,,,,,,,,,0.00000,0.00000,0.00000,0.00000,0.00000,0.00000
sim1_pm,task003_nosolution,12,6.00000,2.00000,1.00000,both,2,,,,,,,,,,,,,,,,,-0.16394,-0.16813,-0.15952,-0.18215,-0.18644,-0.17804
sim1_pm,task003_nosolution,12,6.00000,2.00000,1.00000,false,2,0.01821,0.01450,0.02246,0.00000,0.51271,0.49450,0.00000,39.10400,0.67421,0.01118,0.93800,0.45900,2.00000,0.00200,0.00000,0.00000,,,,,,
sim1_pm,task003_nosolution,12,6.00000,2.00000,1.00000,truth,0,0.34608,0.33879,0.35367,0.00000,0.85158,0.50550,0.00000,13.21400,0.22783,0.62858,1.00000,0.40700,2.00000,0.04600,0.00000,0.00000,,,,,,
sim1_pm,task003_nosolution,12,6.00000,3.00000,0.75000,both,0,,,,,,,,,,,,,,,,,0.14037,0.13015,0.15042,0.29608,0.28964,0.30190
sim1_pm,task003_nosolution,12,6.00000,3.00000,0.75000,both,1,,,,,,,,,,,,,,,,,-0.02915,-0.03340,-0.02473,0.01010,0.00879,0.01154
sim1_pm,task003_nosolution,12,6.00000,3.00000,0.75000,both,2,,,,,,,,,,,,,,,,,-0.11123,-0.12107,-0.10110,-0.30619,-0.31200,-0.30014
sim1_pm,task003_nosolution,12,6.00000,3.00000,0.75000,false,2,0.19496,0.18200,0.20713,-0.03925,0.70758,0.51262,0.00979,42.34200,0.48669,0.11050,0.94700,0.61800,2.00000,0.02900,0.00000,0.00100,,,,,,
sim1_pm,task003_nosolution,12,6.00000,3.00000,0.75000,truth,0,0.43646,0.42521,0.44738,-0.01904,0.87479,0.43833,0.03000,18.18600,0.20903,0.57599,1.00000,0.41000,2.00000,0.09200,0.00000,0.00000,,,,,,
sim1_pm,task003_nosolution,12,6.00000,3.00000,1.00000,both,0,,,,,,,,,,,,,,,,,0.16715,0.16331,0.17106,0.17248,0.16875,0.17619
sim1_pm,task003_nosolution,12,6.00000,3.00000,1.00000,both,1,,,,,,,,,,,,,,,,,0.00000,0.00000,0.00000,0.00000,0.00000,0.00000
sim1_pm,task003_nosolution,12,6.00000,3.00000,1.00000,both,2,,,,,,,,,,,,,,,,,-0.16715,-0.17106,-0.16331,-0.17248,-0.17619,-0.16875
sim1_pm,task003_nosolution,12,6.00000,3.00000,1.00000,false,2,0.00533,0.00321,0.00763,0.00000,0.49983,0.49450,0.00000,66.63900,0.76597,0.00192,0.84000,0.45900,2.00000,0.00000,0.00000,0.00000,,,,,,
sim1_pm,task003_nosolution,12,6.00000,3.00000,1.00000,truth,0,0.33963,0.33233,0.34668,0.00000,0.84513,0.50550,0.00000,18.21000,0.20931,0.44761,1.00000,0.40700,2.00000,0.05200,0.00000,0.00000,,,,,,
sim1_pm,task003_nosolution,12,6.00000,6.00000,0.75000,both,0,,,,,,,,,,,,,,,,,0.13367,0.12423,0.14356,0.27038,0.26425,0.27665
sim1_pm,task003_nosolution,12,6.00000,6.00000,0.75000,both,1,,,,,,,,,,,,,,,,,-0.03081,-0.03504,-0.02689,0.00898,0.00752,0.01046
sim1_pm,task003_nosolution,12,6.00000,6.00000,0.75000,both,2,,,,,,,,,,,,,,,,,-0.10285,-0.11238,-0.09327,-0.27935,-0.28565,-0.27323
sim1_pm,task003_nosolution,12,6.00000,6.00000,0.75000,false,2,0.17650,0.16516,0.18792,-0.03979,0.68912,0.51262,0.00925,89.89800,0.51666,0.04712,0.94900,0.61800,2.00000,0.02500,0.00000,0.00100,,,,,,
sim1_pm,task003_nosolution,12,6.00000,6.00000,0.75000,truth,0,0.40404,0.39346,0.41547,-0.02183,0.84237,0.43833,0.02721,44.43600,0.25538,0.21822,1.00000,0.41000,2.00000,0.07100,0.00000,0.00000,,,,,,
sim1_pm,task003_nosolution,12,6.00000,6.00000,1.00000,both,0,,,,,,,,,,,,,,,,,0.14658,0.14277,0.15038,0.14875,0.14508,0.15250
sim1_pm,task003_nosolution,12,6.00000,6.00000,1.00000,both,1,,,,,,,,,,,,,,,,,0.00000,0.00000,0.00000,0.00000,0.00000,0.00000
sim1_pm,task003_nosolution,12,6.00000,6.00000,1.00000,both,2,,,,,,,,,,,,,,,,,-0.14658,-0.15038,-0.14277,-0.14875,-0.15250,-0.14508
sim1_pm,task003_nosolution,12,6.00000,6.00000,1.00000,false,2,0.00217,0.00079,0.00384,0.00000,0.49667,0.49450,0.00000,138.23400,0.79445,0.00038,0.79700,0.45900,3.00000,0.00000,0.00000,0.00000,,,,,,
sim1_pm,task003_nosolution,12,6.00000,6.00000,1.00000,truth,0,0.29533,0.28808,0.30255,0.00000,0.80083,0.50550,0.00000,48.20400,0.27703,0.14704,1.00000,0.40700,2.00000,0.02300,0.00000,0.00000,,,,,,
sim1_pm,task003_nosolution,12,6.00000,9.00000,0.75000,both,0,,,,,,,,,,,,,,,,,0.29373,0.28362,0.30506,0.06944,0.06381,0.07479
sim1_pm,task003_nosolution,12,6.00000,9.00000,0.75000,both,1,,,,,,,,,,,,,,,,,-0.03219,-0.03671,-0.02825,0.00769,0.00642,0.00890
sim1_pm,task003_nosolution,12,6.00000,9.00000,0.75000,both,2,,,,,,,,,,,,,,,,,-0.26154,-0.27248,-0.25062,-0.07712,-0.08259,-0.07150
sim1_pm,task003_nosolution,12,6.00000,9.00000,0.75000,false,2,-0.18442,-0.19621,-0.17187,-0.03988,0.32821,0.51262,0.00917,232.89300,0.89231,-0.01900,0.46300,0.61800,,0.00000,0.00100,0.00100,,,,,,
sim1_pm,task003_nosolution,12,6.00000,9.00000,0.75000,truth,0,0.36317,0.35146,0.37525,-0.02450,0.80150,0.43833,0.02454,89.32500,0.34224,0.09758,1.00000,0.41000,2.00000,0.02000,0.00000,0.00000,,,,,,
sim1_pm,task003_nosolution,12,6.00000,9.00000,1.00000,both,0,,,,,,,,,,,,,,,,,0.27085,0.26515,0.27677,0.02731,0.02469,0.03004
sim1_pm,task003_nosolution,12,6.00000,9.00000,1.00000,both,1,,,,,,,,,,,,,,,,,0.00000,0.00000,0.00000,0.00000,0.00000,0.00000
sim1_pm,task003_nosolution,12,6.00000,9.00000,1.00000,both,2,,,,,,,,,,,,,,,,,-0.27085,-0.27677,-0.26515,-0.02731,-0.03004,-0.02469
sim1_pm,task003_nosolution,12,6.00000,9.00000,1.00000,false,2,-0.24354,-0.24938,-0.23787,0.00000,0.25096,0.49450,0.00000,249.20100,0.95479,-0.02345,0.33600,0.45900,,0.00000,0.00000,0.00000,,,,,,
sim1_pm,task003_nosolution,12,6.00000,9.00000,1.00000,truth,0,0.29817,0.29087,0.30525,0.00000,0.80367,0.50550,0.00000,78.09300,0.29921,0.09163,1.00000,0.40700,2.00000,0.02300,0.00000,0.00000,,,,,,
sim1_pm,task003_nosolution,12,12.00000,1.00000,0.75000,both,0,,,,,,,,,,,,,,,,,0.08998,0.07960,0.10071,0.33727,0.33087,0.34363
sim1_pm,task003_nosolution,12,12.00000,1.00000,0.75000,both,1,,,,,,,,,,,,,,,,,-0.02221,-0.02656,-0.01802,0.00975,0.00821,0.01142
sim1_pm,task003_nosolution,12,12.00000,1.00000,0.75000,both,2,,,,,,,,,,,,,,,,,-0.06777,-0.07850,-0.05735,-0.34702,-0.35331,-0.34047
sim1_pm,task003_nosolution,12,12.00000,1.00000,0.75000,false,2,0.27925,0.26616,0.29208,-0.03196,0.79187,0.51262,0.01708,8.93400,0.30807,0.75017,0.97700,0.61800,3.00000,0.10400,0.00000,0.00100,,,,,,
sim1_pm,task003_nosolution,12,12.00000,1.00000,0.75000,truth,0,0.42725,0.41587,0.43817,-0.01246,0.86558,0.43833,0.03658,5.39400,0.18600,1.90100,1.00000,0.41000,3.00000,0.07100,0.00000,0.00000,,,,,,
sim1_pm,task003_nosolution,12,12.00000,1.00000,1.00000,both,0,,,,,,,,,,,,,,,,,0.12523,0.11996,0.13115,0.25015,0.24523,0.25469
sim1_pm,task003_nosolution,12,12.00000,1.00000,1.00000,both,1,,,,,,,,,,,,,,,,,0.00004,0.00000,0.00013,0.00004,0.00000,0.00013
sim1_pm,task003_nosolution,12,12.00000,1.00000,1.00000,both,2,,,,,,,,,,,,,,,,,-0.12527,-0.13119,-0.11998,-0.25019,-0.25475,-0.24531
sim1_pm,task003_nosolution,12,12.00000,1.00000,1.00000,false,2,0.12492,0.11683,0.13350,0.00000,0.61942,0.49450,0.00000,13.86800,0.47821,0.21618,0.97300,0.45900,3.00000,0.00000,0.00000,0.00000,,,,,,
sim1_pm,task003_nosolution,12,12.00000,1.00000,1.00000,truth,0,0.37537,0.36925,0.38183,0.00008,0.88087,0.50550,0.00008,4.39300,0.15148,2.05076,1.00000,0.40700,3.00000,0.05100,0.00000,0.00000,,,,,,
sim1_pm,task003_nosolution,12,12.00000,2.00000,0.75000,both,0,,,,,,,,,,,,,,,,,0.09567,0.08575,0.10538,0.33962,0.33352,0.34536
sim1_pm,task003_nosolution,12,12.00000,2.00000,0.75000,both,1,,,,,,,,,,,,,,,,,-0.02348,-0.02767,-0.01929,0.00931,0.00777,0.01092
sim1_pm,task003_nosolution,12,12.00000,2.00000,0.75000,both,2,,,,,,,,,,,,,,,,,-0.07219,-0.08292,-0.06169,-0.34894,-0.35500,-0.34281
sim1_pm,task003_nosolution,12,12.00000,2.00000,0.75000,false,2,0.27675,0.26412,0.28912,-0.03279,0.78938,0.51262,0.01625,16.61200,0.28641,0.39983,0.97600,0.61800,2.00000,0.10300,0.00000,0.00100,,,,,,
sim1_pm,task003_nosolution,12,12.00000,2.00000,0.75000,truth,0,0.43529,0.42400,0.44621,-0.01417,0.87362,0.43833,0.03488,8.08600,0.13941,1.29199,1.00000,0.41000,2.00000,0.08500,0.00000,0.00000,,,,,,
sim1_pm,task003_nosolution,12,12.00000,2.00000,1.00000,both,0,,,,,,,,,,,,,,,,,0.13675,0.13144,0.14196,0.24129,0.23615,0.24644
sim1_pm,task003_nosolution,12,12.00000,2.00000,1.00000,both,1,,,,,,,,,,,,,,,,,0.00000,0.00000,0.00000,0.00000,0.00000,0.00000
sim1_pm,task003_nosolution,12,12.00000,2.00000,1.00000,both,2,,,,,,,,,,,,,,,,,-0.13675,-0.14196,-0.13144,-0.24129,-0.24644,-0.23615
sim1_pm,task003_nosolution,12,12.00000,2.00000,1.00000,false,2,0.10454,0.09687,0.11259,0.00000,0.59904,0.49450,0.00000,28.57000,0.49259,0.08782,0.93700,0.45900,2.00000,0.00100,0.00000,0.00000,,,,,,
sim1_pm,task003_nosolution,12,12.00000,2.00000,1.00000,truth,0,0.37804,0.37158,0.38413,0.00000,0.88354,0.50550,0.00000,5.82600,0.10045,1.55733,1.00000,0.40700,2.00000,0.06100,0.00000,0.00000,,,,,,
sim1_pm,task003_nosolution,12,12.00000,3.00000,0.75000,both,0,,,,,,,,,,,,,,,,,0.11606,0.10627,0.12615,0.31490,0.30798,0.32190
sim1_pm,task003_nosolution,12,12.00000,3.00000,0.75000,both,1,,,,,,,,,,,,,,,,,-0.02529,-0.02977,-0.02148,0.01004,0.00856,0.01158
sim1_pm,task003_nosolution,12,12.00000,3.00000,0.75000,both,2,,,,,,,,,,,,,,,,,-0.09077,-0.10056,-0.08073,-0.32494,-0.33246,-0.31827
sim1_pm,task003_nosolution,12,12.00000,3.00000,0.75000,false,2,0.23417,0.22179,0.24700,-0.03533,0.74679,0.51262,0.01371,31.70100,0.36438,0.17728,0.95900,0.61800,2.00000,0.06900,0.00000,0.00100,,,,,,
sim1_pm,task003_nosolution,12,12.00000,3.00000,0.75000,truth,0,0.43096,0.41937,0.44272,-0.01525,0.86929,0.43833,0.03379,10.93200,0.12566,0.94612,1.00000,0.41000,2.00000,0.08400,0.00000,0.00000,,,,,,
sim1_pm,task003_nosolution,12,12.00000,3.00000,1.00000,both,0,,,,,,,,,,,,,,,,,0.15517,0.14948,0.16036,0.21983,0.21562,0.22469
sim1_pm,task003_nosolution,12,12.00000,3.00000,1.00000,both,1,,,,,,,,,,,,,,,,,0.00000,0.00000,0.00000,0.00000,0.00000,0.00000
sim1_pm,task003_nosolution,12,12.00000,3.00000,1.00000,both,2,,,,,,,,,,,,,,,,,-0.15517,-0.16036,-0.14948,-0.21983,-0.22469,-0.21562
sim1_pm,task003_nosolution,12,12.00000,3.00000,1.00000,false,2,0.06467,0.05854,0.07238,0.00000,0.55917,0.49450,0.00000,54.65100,0.62817,0.02840,0.89700,0.45900,2.00000,0.00100,0.00000,0.00000,,,,,,
sim1_pm,task003_nosolution,12,12.00000,3.00000,1.00000,truth,0,0.37500,0.36796,0.38209,0.00000,0.88050,0.50550,0.00000,7.50600,0.08628,1.19904,1.00000,0.40700,2.00000,0.07100,0.00000,0.00000,,,,,,
sim1_pm,task003_nosolution,12,12.00000,6.00000,0.75000,both,0,,,,,,,,,,,,,,,,,0.12077,0.11062,0.13056,0.28923,0.28241,0.29610
sim1_pm,task003_nosolution,12,12.00000,6.00000,0.75000,both,1,,,,,,,,,,,,,,,,,-0.02538,-0.02975,-0.02148,0.01042,0.00894,0.01198
sim1_pm,task003_nosolution,12,12.00000,6.00000,0.75000,both,2,,,,,,,,,,,,,,,,,-0.09540,-0.10494,-0.08444,-0.29965,-0.30663,-0.29296
sim1_pm,task003_nosolution,12,12.00000,6.00000,0.75000,false,2,0.20425,0.19237,0.21734,-0.03579,0.71688,0.51262,0.01325,70.65000,0.40603,0.06938,0.95500,0.61800,2.00000,0.05400,0.00000,0.00100,,,,,,
sim1_pm,task003_nosolution,12,12.00000,6.00000,0.75000,truth,0,0.41000,0.39821,0.42129,-0.01496,0.84833,0.43833,0.03408,28.35000,0.16293,0.34709,1.00000,0.41000,2.00000,0.05500,0.00000,0.00000,,,,,,
sim1_pm,task003_nosolution,12,12.00000,6.00000,1.00000,both,0,,,,,,,,,,,,,,,,,0.15419,0.14900,0.15938,0.20310,0.19831,0.20760
sim1_pm,task003_nosolution,12,12.00000,6.00000,1.00000,both,1,,,,,,,,,,,,,,,,,0.00000,0.00000,0.00000,0.00000,0.00000,0.00000
sim1_pm,task003_nosolution,12,12.00000,6.00000,1.00000,both,2,,,,,,,,,,,,,,,,,-0.15419,-0.15938,-0.14900,-0.20310,-0.20760,-0.19831
sim1_pm,task003_nosolution,12,12.00000,6.00000,1.00000,false,2,0.04892,0.04287,0.05492,0.00000,0.54342,0.49450,0.00000,115.25400,0.66238,0.01019,0.85700,0.45900,2.00000,0.00000,0.00000,0.00000,,,,,,
sim1_pm,task003_nosolution,12,12.00000,6.00000,1.00000,truth,0,0.35729,0.34974,0.36475,0.00000,0.86279,0.50550,0.00000,19.04400,0.10945,0.45027,1.00000,0.40700,2.00000,0.05500,0.00000,0.00000,,,,,,
sim1_pm,task003_nosolution,12,12.00000,9.00000,0.75000,both,0,,,,,,,,,,,,,,,,,0.28996,0.27987,0.30044,0.09833,0.09246,0.10434
sim1_pm,task003_nosolution,12,12.00000,9.00000,0.75000,both,1,,,,,,,,,,,,,,,,,-0.02694,-0.03102,-0.02267,0.01002,0.00858,0.01150
sim1_pm,task003_nosolution,12,12.00000,9.00000,0.75000,both,2,,,,,,,,,,,,,,,,,-0.26302,-0.27423,-0.25267,-0.10835,-0.11440,-0.10246
sim1_pm,task003_nosolution,12,12.00000,9.00000,0.75000,false,2,-0.15467,-0.16746,-0.14196,-0.03696,0.35796,0.51262,0.01208,220.68000,0.84552,-0.01682,0.53800,0.61800,12.00000,0.00100,0.00000,0.00100,,,,,,
sim1_pm,task003_nosolution,12,12.00000,9.00000,0.75000,truth,0,0.38829,0.37763,0.39996,-0.01692,0.82663,0.43833,0.03213,51.17400,0.19607,0.18210,0.99900,0.41000,2.00000,0.03500,0.00000,0.00000,,,,,,
sim1_pm,task003_nosolution,12,12.00000,9.00000,1.00000,both,0,,,,,,,,,,,,,,,,,0.28752,0.28037,0.29380,0.07023,0.06681,0.07394
sim1_pm,task003_nosolution,12,12.00000,9.00000,1.00000,both,1,,,,,,,,,,,,,,,,,0.00000,0.00000,0.00000,0.00000,0.00000,0.00000
sim1_pm,task003_nosolution,12,12.00000,9.00000,1.00000,both,2,,,,,,,,,,,,,,,,,-0.28752,-0.29380,-0.28037,-0.07023,-0.07394,-0.06681
sim1_pm,task003_nosolution,12,12.00000,9.00000,1.00000,false,2,-0.21729,-0.22446,-0.20933,0.00000,0.27721,0.49450,0.00000,242.26200,0.92821,-0.02153,0.43100,0.45900,,0.00000,0.00000,0.00000,,,,,,
sim1_pm,task003_nosolution,12,12.00000,9.00000,1.00000,truth,0,0.35775,0.35008,0.36471,0.00000,0.86325,0.50550,0.00000,31.79700,0.12183,0.27003,1.00000,0.40700,2.00000,0.05800,0.00000,0.00000,,,,,,
sim1_pm,task003_nosolution,12,24.00000,1.00000,0.75000,both,0,,,,,,,,,,,,,,,,,0.06338,0.05396,0.07277,0.35279,0.34794,0.35794
sim1_pm,task003_nosolution,12,24.00000,1.00000,0.75000,both,1,,,,,,,,,,,,,,,,,-0.02083,-0.02513,-0.01677,0.01092,0.00917,0.01252
sim1_pm,task003_nosolution,12,24.00000,1.00000,0.75000,both,2,,,,,,,,,,,,,,,,,-0.04254,-0.05265,-0.03273,-0.36371,-0.36869,-0.35885
sim1_pm,task003_nosolution,12,24.00000,1.00000,0.75000,false,2,0.32117,0.31063,0.33213,-0.03175,0.83379,0.51262,0.01729,8.02300,0.27666,0.96074,0.98300,0.61800,3.00000,0.09800,0.00000,0.00100,,,,,,
sim1_pm,task003_nosolution,12,24.00000,1.00000,0.75000,truth,0,0.41617,0.40550,0.42738,-0.00992,0.85450,0.43833,0.03913,5.06500,0.17466,1.97196,0.99900,0.41000,3.00000,0.05100,0.00000,0.00000,,,,,,
sim1_pm,task003_nosolution,12,24.00000,1.00000,1.00000,both,0,,,,,,,,,,,,,,,,,0.06044,0.05518,0.06556,0.32277,0.31912,0.32631
sim1_pm,task003_nosolution,12,24.00000,1.00000,1.00000,both,1,,,,,,,,,,,,,,,,,0.00000,0.00000,0.00000,0.00000,0.00000,0.00000
sim1_pm,task003_nosolution,12,24.00000,1.00000,1.00000,both,2,,,,,,,,,,,,,,,,,-0.06044,-0.06556,-0.05518,-0.32277,-0.32631,-0.31912
sim1_pm,task003_nosolution,12,24.00000,1.00000,1.00000,false,2,0.26233,0.25633,0.26788,0.00000,0.75683,0.49450,0.00000,9.93800,0.34269,0.63353,0.99500,0.45900,3.00000,0.00100,0.00000,0.00000,,,,,,
sim1_pm,task003_nosolution,12,24.00000,1.00000,1.00000,truth,0,0.38321,0.37650,0.38979,0.00000,0.88871,0.50550,0.00000,3.32200,0.11455,2.76851,1.00000,0.40700,3.00000,0.06200,0.00000,0.00000,,,,,,
sim1_pm,task003_nosolution,12,24.00000,2.00000,0.75000,both,0,,,,,,,,,,,,,,,,,0.05746,0.04806,0.06733,0.36333,0.35850,0.36829
sim1_pm,task003_nosolution,12,24.00000,2.00000,0.75000,both,1,,,,,,,,,,,,,,,,,-0.02113,-0.02519,-0.01683,0.01204,0.01033,0.01383
sim1_pm,task003_nosolution,12,24.00000,2.00000,0.75000,both,2,,,,,,,,,,,,,,,,,-0.03633,-0.04633,-0.02621,-0.37537,-0.38021,-0.37029
sim1_pm,task003_nosolution,12,24.00000,2.00000,0.75000,false,2,0.33904,0.32791,0.35008,-0.03317,0.85167,0.51262,0.01587,12.73200,0.21952,0.63910,0.98300,0.61800,2.00000,0.12500,0.00000,0.00100,,,,,,
sim1_pm,task003_nosolution,12,24.00000,2.00000,0.75000,truth,0,0.42079,0.40946,0.43192,-0.00908,0.85913,0.43833,0.03996,8.07200,0.13917,1.25111,1.00000,0.41000,2.00000,0.04900,0.00000,0.00000,,,,,,
sim1_pm,task003_nosolution,12,24.00000,2.00000,1.00000,both,0,,,,,,,,,,,,,,,,,0.06488,0.05958,0.07038,0.32142,0.31744,0.32496
sim1_pm,task003_nosolution,12,24.00000,2.00000,1.00000,both,1,,,,,,,,,,,,,,,,,0.00000,0.00000,0.00000,0.00000,0.00000,0.00000
sim1_pm,task003_nosolution,12,24.00000,2.00000,1.00000,both,2,,,,,,,,,,,,,,,,,-0.06488,-0.07038,-0.05958,-0.32142,-0.32496,-0.31744
sim1_pm,task003_nosolution,12,24.00000,2.00000,1.00000,false,2,0.25654,0.24962,0.26333,0.00000,0.75104,0.49450,0.00000,18.49200,0.31883,0.33295,0.99100,0.45900,2.00000,0.00200,0.00000,0.00000,,,,,,
sim1_pm,task003_nosolution,12,24.00000,2.00000,1.00000,truth,0,0.38629,0.37979,0.39263,0.00000,0.89179,0.50550,0.00000,4.28800,0.07393,2.16208,1.00000,0.40700,2.00000,0.07000,0.00000,0.00000,,,,,,
sim1_pm,task003_nosolution,12,24.00000,3.00000,0.75000,both,0,,,,,,,,,,,,,,,,,0.07023,0.06075,0.07983,0.33744,0.33179,0.34292
sim1_pm,task003_nosolution,12,24.00000,3.00000,0.75000,both,1,,,,,,,,,,,,,,,,,-0.02042,-0.02473,-0.01588,0.01342,0.01173,0.01525
sim1_pm,task003_nosolution,12,24.00000,3.00000,0.75000,both,2,,,,,,,,,,,,,,,,,-0.04981,-0.06003,-0.04000,-0.35085,-0.35640,-0.34529
sim1_pm,task003_nosolution,12,24.00000,3.00000,0.75000,false,2,0.30104,0.28942,0.31225,-0.03383,0.81367,0.51262,0.01521,25.09200,0.28841,0.28794,0.98900,0.61800,2.00000,0.09600,0.00000,0.00100,,,,,,
sim1_pm,task003_nosolution,12,24.00000,3.00000,0.75000,truth,0,0.40767,0.39633,0.41929,-0.00700,0.84600,0.43833,0.04204,13.20900,0.15183,0.74071,1.00000,0.41000,2.00000,0.04300,0.00000,0.00000,,,,,,
sim1_pm,task003_nosolution,12,24.00000,3.00000,1.00000,both,0,,,,,,,,,,,,,,,,,0.09006,0.08444,0.09604,0.30631,0.30219,0.31048
sim1_pm,task003_nosolution,12,24.00000,3.00000,1.00000,both,1,,,,,,,,,,,,,,,,,0.00000,0.00000,0.00000,0.00000,0.00000,0.00000
sim1_pm,task003_nosolution,12,24.00000,3.00000,1.00000,both,2,,,,,,,,,,,,,,,,,-0.09006,-0.09604,-0.08444,-0.30631,-0.31048,-0.30219
sim1_pm,task003_nosolution,12,24.00000,3.00000,1.00000,false,2,0.21625,0.20833,0.22375,0.00000,0.71075,0.49450,0.00000,37.92300,0.43590,0.13686,0.98400,0.45900,2.00000,0.00100,0.00000,0.00000,,,,,,
sim1_pm,task003_nosolution,12,24.00000,3.00000,1.00000,truth,0,0.39637,0.38992,0.40337,0.00000,0.90187,0.50550,0.00000,4.89300,0.05624,1.94421,1.00000,0.40700,2.00000,0.10000,0.00000,0.00000,,,,,,
sim1_pm,task003_nosolution,12,24.00000,6.00000,0.75000,both,0,,,,,,,,,,,,,,,,,0.06777,0.05792,0.07721,0.33460,0.32914,0.34002
sim1_pm,task003_nosolution,12,24.00000,6.00000,0.75000,both,1,,,,,,,,,,,,,,,,,-0.02323,-0.02769,-0.01898,0.01544,0.01385,0.01698
sim1_pm,task003_nosolution,12,24.00000,6.00000,0.75000,both,2,,,,,,,,,,,,,,,,,-0.04454,-0.05452,-0.03440,-0.35004,-0.35560,-0.34494
sim1_pm,task003_nosolution,12,24.00000,6.00000,0.75000,false,2,0.30550,0.29421,0.31654,-0.03867,0.81812,0.51262,0.01038,50.09400,0.28790,0.14636,0.98700,0.61800,2.00000,0.09400,0.00000,0.00100,,,,,,
sim1_pm,task003_nosolution,12,24.00000,6.00000,0.75000,truth,0,0.40238,0.39033,0.41379,-0.00779,0.84071,0.43833,0.04125,29.21400,0.16790,0.33056,1.00000,0.41000,2.00000,0.04100,0.00000,0.00000,,,,,,
sim1_pm,task003_nosolution,12,24.00000,6.00000,1.00000,both,0,,,,,,,,,,,,,,,,,0.09252,0.08687,0.09811,0.29965,0.29531,0.30408
sim1_pm,task003_nosolution,12,24.00000,6.00000,1.00000,both,1,,,,,,,,,,,,,,,,,0.00000,0.00000,0.00000,0.00000,0.00000,0.00000
sim1_pm,task003_nosolution,12,24.00000,6.00000,1.00000,both,2,,,,,,,,,,,,,,,,,-0.09252,-0.09811,-0.08687,-0.29965,-0.30408,-0.29531
sim1_pm,task003_nosolution,12,24.00000,6.00000,1.00000,false,2,0.20712,0.19958,0.21454,0.00000,0.70163,0.49450,0.00000,80.87400,0.46479,0.06147,0.97400,0.45900,2.00000,0.00100,0.00000,0.00000,,,,,,
sim1_pm,task003_nosolution,12,24.00000,6.00000,1.00000,truth,0,0.39217,0.38521,0.39884,0.00000,0.89767,0.50550,0.00000,11.28600,0.06486,0.83395,1.00000,0.40700,2.00000,0.09000,0.00000,0.00000,,,,,,
sim1_pm,task003_nosolution,12,24.00000,9.00000,0.75000,both,0,,,,,,,,,,,,,,,,,0.20375,0.19368,0.21346,0.19675,0.18973,0.20377
sim1_pm,task003_nosolution,12,24.00000,9.00000,0.75000,both,1,,,,,,,,,,,,,,,,,-0.02079,-0.02506,-0.01708,0.01421,0.01254,0.01579
sim1_pm,task003_nosolution,12,24.00000,9.00000,0.75000,both,2,,,,,,,,,,,,,,,,,-0.18296,-0.19296,-0.17258,-0.21096,-0.21777,-0.20408
sim1_pm,task003_nosolution,12,24.00000,9.00000,0.75000,false,2,0.02800,0.01516,0.04067,-0.03500,0.54063,0.51262,0.01404,198.36000,0.76000,0.00339,0.72100,0.61800,6.00000,0.00900,0.00000,0.00100,,,,,,
sim1_pm,task003_nosolution,12,24.00000,9.00000,0.75000,truth,0,0.40050,0.38933,0.41183,-0.00658,0.83883,0.43833,0.04246,42.99300,0.16472,0.22357,1.00000,0.41000,2.00000,0.03300,0.00000,0.00000,,,,,,
sim1_pm,task003_nosolution,12,24.00000,9.00000,1.00000,both,0,,,,,,,,,,,,,,,,,0.18760,0.18179,0.19373,0.20702,0.20183,0.21181
sim1_pm,task003_nosolution,12,24.00000,9.00000,1.00000,both,1,,,,,,,,,,,,,,,,,0.00000,0.00000,0.00000,0.00000,0.00000,0.00000
sim1_pm,task003_nosolution,12,24.00000,9.00000,1.00000,both,2,,,,,,,,,,,,,,,,,-0.18760,-0.19373,-0.18179,-0.20702,-0.21181,-0.20183
sim1_pm,task003_nosolution,12,24.00000,9.00000,1.00000,false,2,0.01942,0.01013,0.02788,0.00000,0.51392,0.49450,0.00000,223.09200,0.85476,0.00209,0.65800,0.45900,6.00000,0.00000,0.00000,0.00000,,,,,,
sim1_pm,task003_nosolution,12,24.00000,9.00000,1.00000,truth,0,0.39463,0.38817,0.40125,0.00000,0.90012,0.50550,0.00000,17.71200,0.06786,0.53472,1.00000,0.40700,2.00000,0.10200,0.00000,0.00000,,,,,,
sim1_pm,task003_symmetric,3,3.00000,1.00000,0.75000,both,0,,,,,,,,,,,,,,,,,-0.07204,-0.08046,-0.06321,0.26275,0.25758,0.26840
sim1_pm,task003_symmetric,3,3.00000,1.00000,0.75000,both,1,,,,,,,,,,,,,,,,,-0.04460,-0.05008,-0.03921,-0.00502,-0.00750,-0.00244
sim1_pm,task003_symmetric,3,3.00000,1.00000,0.75000,both,2,,,,,,,,,,,,,,,,,0.11665,0.10714,0.12550,-0.25773,-0.26386,-0.25173
sim1_pm,task003_symmetric,3,3.00000,1.00000,0.75000,false,2,0.37437,0.36183,0.38713,-0.03958,0.61608,0.24171,0.07042,23.57100,0.81279,0.38119,0.76900,0.02600,18.00000,0.00400,0.00000,0.00000,,,,,,
sim1_pm,task003_symmetric,3,3.00000,1.00000,0.75000,truth,0,0.19071,0.18229,0.19929,-0.04962,0.83900,0.64829,0.06037,13.82900,0.47686,0.33097,1.00000,0.93100,3.00000,0.02600,0.00000,0.00000,,,,,,
sim1_pm,task003_symmetric,3,3.00000,1.00000,1.00000,both,0,,,,,,,,,,,,,,,,,-0.00008,-0.00021,0.00004,0.00004,-0.00006,0.00015
sim1_pm,task003_symmetric,3,3.00000,1.00000,1.00000,both,1,,,,,,,,,,,,,,,,,-0.00004,-0.00013,0.00000,0.00000,0.00000,0.00000
sim1_pm,task003_symmetric,3,3.00000,1.00000,1.00000,both,2,,,,,,,,,,,,,,,,,0.00012,0.00004,0.00023,-0.00004,-0.00015,0.00006
sim1_pm,task003_symmetric,3,3.00000,1.00000,1.00000,false,2,0.00017,0.00004,0.00033,-0.00004,0.00017,0.00000,0.00000,28.70300,0.98976,0.00014,0.03000,0.00300,,0.00000,0.99600,0.00000,,,,,,
sim1_pm,task003_symmetric,3,3.00000,1.00000,1.00000,truth,0,-0.00004,-0.00021,0.00008,-0.00004,0.99992,0.99996,0.00000,3.19200,0.11007,-0.00031,1.00000,1.00000,3.00000,0.99800,0.00000,0.99900,,,,,,
sim1_pm,task003_symmetric,3,3.00000,2.00000,0.75000,both,0,,,,,,,,,,,,,,,,,-0.11923,-0.12773,-0.11150,0.33535,0.33094,0.33954
sim1_pm,task003_symmetric,3,3.00000,2.00000,0.75000,both,1,,,,,,,,,,,,,,,,,-0.04187,-0.04788,-0.03625,-0.00600,-0.00867,-0.00321
sim1_pm,task003_symmetric,3,3.00000,2.00000,0.75000,both,2,,,,,,,,,,,,,,,,,0.16110,0.15306,0.16998,-0.32935,-0.33408,-0.32441
sim1_pm,task003_symmetric,3,3.00000,2.00000,0.75000,false,2,0.49046,0.47962,0.50108,-0.03588,0.73217,0.24171,0.07412,40.26600,0.69424,0.29233,0.97600,0.02600,9.00000,0.01000,0.00000,0.00000,,,,,,
sim1_pm,task003_symmetric,3,3.00000,2.00000,0.75000,truth,0,0.21612,0.20737,0.22421,-0.04787,0.86442,0.64829,0.06212,24.36600,0.42010,0.21288,1.00000,0.93100,3.00000,0.04400,0.00000,0.00000,,,,,,
sim1_pm,task003_symmetric,3,3.00000,2.00000,1.00000,both,0,,,,,,,,,,,,,,,,,-0.00006,-0.00017,0.00006,0.00010,0.00002,0.00019
sim1_pm,task003_symmetric,3,3.00000,2.00000,1.00000,both,1,,,,,,,,,,,,,,,,,-0.00004,-0.00013,0.00000,0.00000,0.00000,0.00000
sim1_pm,task003_symmetric,3,3.00000,2.00000,1.00000,both,2,,,,,,,,,,,,,,,,,0.00010,0.00002,0.00019,-0.00010,-0.00019,-0.00002
sim1_pm,task003_symmetric,3,3.00000,2.00000,1.00000,false,2,0.00021,0.00004,0.00038,-0.00004,0.00021,0.00000,0.00000,56.95400,0.98197,0.00009,0.08600,0.00300,,0.00000,0.99500,0.00000,,,,,,
sim1_pm,task003_symmetric,3,3.00000,2.00000,1.00000,truth,0,0.00004,0.00000,0.00012,-0.00004,1.00000,0.99996,0.00000,5.70200,0.09831,0.00018,1.00000,1.00000,3.00000,1.00000,0.00000,0.99900,,,,,,
sim1_pm,task003_symmetric,3,3.00000,3.00000,0.75000,both,0,,,,,,,,,,,,,,,,,-0.13429,-0.14267,-0.12639,0.34896,0.34508,0.35252
sim1_pm,task003_symmetric,3,3.00000,3.00000,0.75000,both,1,,,,,,,,,,,,,,,,,-0.03646,-0.04175,-0.03079,-0.00367,-0.00650,-0.00083
sim1_pm,task003_symmetric,3,3.00000,3.00000,0.75000,both,2,,,,,,,,,,,,,,,,,0.17075,0.16147,0.17883,-0.34529,-0.34915,-0.34121
sim1_pm,task003_symmetric,3,3.00000,3.00000,0.75000,false,2,0.51604,0.50521,0.52546,-0.03279,0.75775,0.24171,0.07721,57.77700,0.66410,0.21436,0.99000,0.02600,8.00000,0.00700,0.00000,0.00000,,,,,,
sim1_pm,task003_symmetric,3,3.00000,3.00000,0.75000,truth,0,0.21467,0.20591,0.22279,-0.04013,0.86296,0.64829,0.06988,35.09700,0.40341,0.14679,1.00000,0.93100,3.00000,0.03700,0.00000,0.00000,,,,,,
sim1_pm,task003_symmetric,3,3.00000,3.00000,1.00000,both,0,,,,,,,,,,,,,,,,,-0.00006,-0.00019,0.00006,0.00010,0.00002,0.00019
sim1_pm,task003_symmetric,3,3.00000,3.00000,1.00000,both,1,,,,,,,,,,,,,,,,,-0.00004,-0.00013,0.00000,0.00000,0.00000,0.00000
sim1_pm,task003_symmetric,3,3.00000,3.00000,1.00000,both,2,,,,,,,,,,,,,,,,,0.00010,0.00002,0.00019,-0.00010,-0.00019,-0.00002
sim1_pm,task003_symmetric,3,3.00000,3.00000,1.00000,false,2,0.00021,0.00004,0.00038,-0.00004,0.00021,0.00000,0.00000,84.86100,0.97541,0.00006,0.14100,0.00300,,0.00000,0.99500,0.00000,,,,,,
sim1_pm,task003_symmetric,3,3.00000,3.00000,1.00000,truth,0,0.00004,0.00000,0.00012,-0.00004,1.00000,0.99996,0.00000,7.92600,0.09110,0.00013,1.00000,1.00000,3.00000,1.00000,0.00000,0.99900,,,,,,
sim1_pm,task003_symmetric,3,3.00000,6.00000,0.75000,both,0,,,,,,,,,,,,,,,,,-0.14763,-0.15613,-0.13933,0.35871,0.35527,0.36244
sim1_pm,task003_symmetric,3,3.00000,6.00000,0.75000,both,1,,,,,,,,,,,,,,,,,-0.03219,-0.03767,-0.02633,-0.00773,-0.01048,-0.00487
sim1_pm,task003_symmetric,3,3.00000,6.00000,0.75000,both,2,,,,,,,,,,,,,,,,,0.17981,0.17131,0.18811,-0.35098,-0.35494,-0.34710
sim1_pm,task003_symmetric,3,3.00000,6.00000,0.75000,false,2,0.53079,0.52104,0.54101,-0.02446,0.77250,0.24171,0.08554,112.70400,0.64772,0.11303,0.99600,0.02600,7.00000,0.01300,0.00000,0.00000,,,,,,
sim1_pm,task003_symmetric,3,3.00000,6.00000,0.75000,truth,0,0.21108,0.20238,0.22013,-0.03992,0.85938,0.64829,0.07008,72.39600,0.41607,0.06998,1.00000,0.93100,3.00000,0.03800,0.00000,0.00000,,,,,,
sim1_pm,task003_symmetric,3,3.00000,6.00000,1.00000,both,0,,,,,,,,,,,,,,,,,-0.00012,-0.00027,0.00002,0.00017,0.00006,0.00031
sim1_pm,task003_symmetric,3,3.00000,6.00000,1.00000,both,1,,,,,,,,,,,,,,,,,-0.00004,-0.00013,0.00000,0.00000,0.00000,0.00000
sim1_pm,task003_symmetric,3,3.00000,6.00000,1.00000,both,2,,,,,,,,,,,,,,,,,0.00017,0.00006,0.00031,-0.00017,-0.00031,-0.00006
sim1_pm,task003_symmetric,3,3.00000,6.00000,1.00000,false,2,0.00033,0.00013,0.00062,-0.00004,0.00033,0.00000,0.00000,169.39200,0.97352,0.00005,0.13400,0.00300,,0.00000,0.99300,0.00000,,,,,,
sim1_pm,task003_symmetric,3,3.00000,6.00000,1.00000,truth,0,0.00004,0.00000,0.00012,-0.00004,1.00000,0.99996,0.00000,16.87800,0.09700,0.00006,1.00000,1.00000,3.00000,1.00000,0.00000,0.99900,,,,,,
sim1_pm,task003_symmetric,3,3.00000,9.00000,0.75000,both,0,,,,,,,,,,,,,,,,,-0.15744,-0.16546,-0.14943,0.35702,0.35404,0.36019
sim1_pm,task003_symmetric,3,3.00000,9.00000,0.75000,both,1,,,,,,,,,,,,,,,,,-0.02035,-0.02613,-0.01448,-0.00260,-0.00585,0.00063
sim1_pm,task003_symmetric,3,3.00000,9.00000,0.75000,both,2,,,,,,,,,,,,,,,,,0.17779,0.16977,0.18577,-0.35442,-0.35785,-0.35112
sim1_pm,task003_symmetric,3,3.00000,9.00000,0.75000,false,2,0.53221,0.52290,0.54163,-0.01775,0.77392,0.24171,0.09225,165.33900,0.63348,0.07725,1.00000,0.02600,7.00000,0.00500,0.00000,0.00000,,,,,,
sim1_pm,task003_symmetric,3,3.00000,9.00000,0.75000,truth,0,0.19958,0.19163,0.20796,-0.02296,0.84788,0.64829,0.08704,112.69800,0.43179,0.04250,1.00000,0.93100,3.00000,0.02800,0.00000,0.00000,,,,,,
sim1_pm,task003_symmetric,3,3.00000,9.00000,1.00000,both,0,,,,,,,,,,,,,,,,,-0.00040,-0.00065,-0.00017,0.00044,0.00023,0.00067
sim1_pm,task003_symmetric,3,3.00000,9.00000,1.00000,both,1,,,,,,,,,,,,,,,,,-0.00004,-0.00013,0.00000,0.00000,0.00000,0.00000
sim1_pm,task003_symmetric,3,3.00000,9.00000,1.00000,both,2,,,,,,,,,,,,,,,,,0.00044,0.00023,0.00067,-0.00044,-0.00067,-0.00023
sim1_pm,task003_symmetric,3,3.00000,9.00000,1.00000,false,2,0.00087,0.00046,0.00133,-0.00004,0.00088,0.00000,0.00000,252.63900,0.96797,0.00008,0.17400,0.00300,,0.00000,0.98100,0.00000,,,,,,
sim1_pm,task003_symmetric,3,3.00000,9.00000,1.00000,truth,0,0.00004,0.00000,0.00012,-0.00004,1.00000,0.99996,0.00000,26.48700,0.10148,0.00004,1.00000,1.00000,3.00000,1.00000,0.00000,0.99900,,,,,,
sim1_pm,task003_symmetric,3,6.00000,1.00000,0.75000,both,0,,,,,,,,,,,,,,,,,-0.09906,-0.10769,-0.09039,0.28802,0.28350,0.29281
sim1_pm,task003_symmetric,3,6.00000,1.00000,0.75000,both,1,,,,,,,,,,,,,,,,,-0.03737,-0.04317,-0.03177,-0.00683,-0.00965,-0.00410
sim1_pm,task003_symmetric,3,6.00000,1.00000,0.75000,both,2,,,,,,,,,,,,,,,,,0.13644,0.12754,0.14484,-0.28119,-0.28598,-0.27602
sim1_pm,task003_symmetric,3,6.00000,1.00000,0.75000,false,2,0.41763,0.40600,0.42888,-0.03054,0.65933,0.24171,0.07946,21.72300,0.74907,0.46140,0.86100,0.02600,14.00000,0.00200,0.00000,0.00000,,,,,,
sim1_pm,task003_symmetric,3,6.00000,1.00000,0.75000,truth,0,0.18896,0.18021,0.19787,-0.04421,0.83725,0.64829,0.06579,10.09100,0.34797,0.44941,1.00000,0.93100,4.00000,0.02600,0.00000,0.00000,,,,,,
sim1_pm,task003_symmetric,3,6.00000,1.00000,1.00000,both,0,,,,,,,,,,,,,,,,,-0.00004,-0.00019,0.00008,-0.00000,-0.00010,0.00008
sim1_pm,task003_symmetric,3,6.00000,1.00000,1.00000,both,1,,,,,,,,,,,,,,,,,-0.00002,-0.00013,0.00006,-0.00002,-0.00006,0.00000
sim1_pm,task003_symmetric,3,6.00000,1.00000,1.00000,both,2,,,,,,,,,,,,,,,,,0.00006,0.00000,0.00017,0.00002,-0.00006,0.00013
sim1_pm,task003_symmetric,3,6.00000,1.00000,1.00000,false,2,0.00004,0.00000,0.00013,0.00000,0.00004,0.00000,0.00004,28.79700,0.99300,0.00003,0.03300,0.00300,,0.00000,0.99800,0.00000,,,,,,
sim1_pm,task003_symmetric,3,6.00000,1.00000,1.00000,truth,0,-0.00004,-0.00025,0.00008,-0.00004,0.99992,0.99996,0.00000,2.46400,0.08497,-0.00041,1.00000,1.00000,3.00000,0.99900,0.00000,0.99900,,,,,,
sim1_pm,task003_symmetric,3,6.00000,2.00000,0.75000,both,0,,,,,,,,,,,,,,,,,-0.12879,-0.13688,-0.12114,0.32671,0.32246,0.33050
sim1_pm,task003_symmetric,3,6.00000,2.00000,0.75000,both,1,,,,,,,,,,,,,,,,,-0.03362,-0.03929,-0.02804,-0.00329,-0.00638,-0.00042
sim1_pm,task003_symmetric,3,6.00000,2.00000,0.75000,both,2,,,,,,,,,,,,,,,,,0.16242,0.15367,0.17073,-0.32342,-0.32775,-0.31865
sim1_pm,task003_symmetric,3,6.00000,2.00000,0.75000,false,2,0.48583,0.47479,0.49642,-0.03033,0.72754,0.24171,0.07967,37.61000,0.64845,0.31002,0.97100,0.02600,9.00000,0.00300,0.00000,0.00000,,,,,,
sim1_pm,task003_symmetric,3,6.00000,2.00000,0.75000,truth,0,0.19792,0.18941,0.20563,-0.03692,0.84621,0.64829,0.07308,17.61000,0.30362,0.26973,1.00000,0.93100,3.00000,0.02900,0.00000,0.00000,,,,,,
sim1_pm,task003_symmetric,3,6.00000,2.00000,1.00000,both,0,,,,,,,,,,,,,,,,,-0.00015,-0.00029,0.00000,0.00015,0.00004,0.00027
sim1_pm,task003_symmetric,3,6.00000,2.00000,1.00000,both,1,,,,,,,,,,,,,,,,,0.00000,-0.00010,0.00008,0.00000,-0.00006,0.00006
sim1_pm,task003_symmetric,3,6.00000,2.00000,1.00000,both,2,,,,,,,,,,,,,,,,,0.00015,0.00004,0.00027,-0.00015,-0.00027,-0.00004
sim1_pm,task003_symmetric,3,6.00000,2.00000,1.00000,false,2,0.00029,0.00008,0.00054,0.00000,0.00029,0.00000,0.00004,57.05400,0.98369,0.00012,0.09700,0.00300,,0.00000,0.99200,0.00000,,,,,,
sim1_pm,task003_symmetric,3,6.00000,2.00000,1.00000,truth,0,0.00000,-0.00012,0.00012,0.00000,0.99996,0.99996,0.00004,4.39600,0.07579,0.00000,1.00000,1.00000,3.00000,0.99900,0.00000,0.99900,,,,,,
sim1_pm,task003_symmetric,3,6.00000,3.00000,0.75000,both,0,,,,,,,,,,,,,,,,,-0.13723,-0.14532,-0.12975,0.33694,0.33304,0.34086
sim1_pm,task003_symmetric,3,6.00000,3.00000,0.75000,both,1,,,,,,,,,,,,,,,,,-0.03235,-0.03827,-0.02648,-0.00352,-0.00642,-0.00063
sim1_pm,task003_symmetric,3,6.00000,3.00000,0.75000,both,2,,,,,,,,,,,,,,,,,0.16958,0.16150,0.17788,-0.33342,-0.33796,-0.32900
sim1_pm,task003_symmetric,3,6.00000,3.00000,0.75000,false,2,0.50300,0.49295,0.51359,-0.02883,0.74471,0.24171,0.08117,53.33100,0.61300,0.22636,0.98700,0.02600,8.00000,0.00700,0.00000,0.00000,,,,,,
sim1_pm,task003_symmetric,3,6.00000,3.00000,0.75000,truth,0,0.19971,0.19150,0.20733,-0.03588,0.84800,0.64829,0.07412,26.33100,0.30266,0.18203,1.00000,0.93100,3.00000,0.03300,0.00000,0.00000,,,,,,
sim1_pm,task003_symmetric,3,6.00000,3.00000,1.00000,both,0,,,,,,,,,,,,,,,,,-0.00002,-0.00012,0.00010,0.00006,0.00000,0.00015
sim1_pm,task003_symmetric,3,6.00000,3.00000,1.00000,both,1,,,,,,,,,,,,,,,,,-0.00004,-0.00013,0.00000,0.00000,0.00000,0.00000
sim1_pm,task003_symmetric,3,6.00000,3.00000,1.00000,both,2,,,,,,,,,,,,,,,,,0.00006,0.00000,0.00015,-0.00006,-0.00015,0.00000
sim1_pm,task003_symmetric,3,6.00000,3.00000,1.00000,false,2,0.00013,0.00000,0.00029,-0.00004,0.00013,0.00000,0.00000,85.10100,0.97817,0.00004,0.13900,0.00300,,0.00000,0.99700,0.00000,,,,,,
sim1_pm,task003_symmetric,3,6.00000,3.00000,1.00000,truth,0,0.00004,0.00000,0.00012,-0.00004,1.00000,0.99996,0.00000,6.51900,0.07493,0.00015,1.00000,1.00000,3.00000,1.00000,0.00000,0.99900,,,,,,
sim1_pm,task003_symmetric,3,6.00000,6.00000,0.75000,both,0,,,,,,,,,,,,,,,,,-0.14860,-0.15648,-0.14104,0.34452,0.34098,0.34792
sim1_pm,task003_symmetric,3,6.00000,6.00000,0.75000,both,1,,,,,,,,,,,,,,,,,-0.02435,-0.03010,-0.01802,-0.01102,-0.01406,-0.00812
sim1_pm,task003_symmetric,3,6.00000,6.00000,0.75000,both,2,,,,,,,,,,,,,,,,,0.17296,0.16467,0.18081,-0.33350,-0.33767,-0.32944
sim1_pm,task003_symmetric,3,6.00000,6.00000,0.75000,false,2,0.50646,0.49604,0.51650,-0.01333,0.74817,0.24171,0.09667,103.60200,0.59541,0.11732,0.98800,0.02600,8.00000,0.00300,0.00000,0.00000,,,,,,
sim1_pm,task003_symmetric,3,6.00000,6.00000,0.75000,truth,0,0.19592,0.18762,0.20359,-0.03537,0.84421,0.64829,0.07462,53.74200,0.30886,0.08749,1.00000,0.93100,3.00000,0.02100,0.00000,0.00000,,,,,,
sim1_pm,task003_symmetric,3,6.00000,6.00000,1.00000,both,0,,,,,,,,,,,,,,,,,-0.00019,-0.00035,-0.00002,0.00019,0.00004,0.00033
sim1_pm,task003_symmetric,3,6.00000,6.00000,1.00000,both,1,,,,,,,,,,,,,,,,,-0.00002,-0.00013,0.00006,-0.00002,-0.00006,0.00000
sim1_pm,task003_symmetric,3,6.00000,6.00000,1.00000,both,2,,,,,,,,,,,,,,,,,0.00021,0.00008,0.00035,-0.00017,-0.00031,-0.00004
sim1_pm,task003_symmetric,3,6.00000,6.00000,1.00000,false,2,0.00038,0.00013,0.00067,0.00000,0.00038,0.00000,0.00004,169.46400,0.97393,0.00005,0.16200,0.00300,,0.00000,0.99100,0.00000,,,,,,
sim1_pm,task003_symmetric,3,6.00000,6.00000,1.00000,truth,0,0.00000,-0.00012,0.00012,-0.00004,0.99996,0.99996,0.00000,13.36200,0.07679,0.00000,1.00000,1.00000,3.00000,0.99900,0.00000,0.99900,,,,,,
sim1_pm,task003_symmetric,3,6.00000,9.00000,0.75000,both,0,,,,,,,,,,,,,,,,,-0.15463,-0.16208,-0.14681,0.34800,0.34473,0.35148
sim1_pm,task003_symmetric,3,6.00000,9.00000,0.75000,both,1,,,,,,,,,,,,,,,,,-0.02910,-0.03442,-0.02365,-0.00023,-0.00300,0.00261
sim1_pm,task003_symmetric,3,6.00000,9.00000,0.75000,both,2,,,,,,,,,,,,,,,,,0.18373,0.17551,0.19158,-0.34777,-0.35140,-0.34398
sim1_pm,task003_symmetric,3,6.00000,9.00000,0.75000,false,2,0.53150,0.52179,0.54075,-0.02888,0.77321,0.24171,0.08112,147.56400,0.56538,0.08644,0.99900,0.02600,7.00000,0.00900,0.00000,0.00000,,,,,,
sim1_pm,task003_symmetric,3,6.00000,9.00000,0.75000,truth,0,0.19337,0.18574,0.20162,-0.02933,0.84167,0.64829,0.08067,80.55000,0.30862,0.05762,1.00000,0.93100,3.00000,0.02400,0.00000,0.00000,,,,,,
sim1_pm,task003_symmetric,3,6.00000,9.00000,1.00000,both,0,,,,,,,,,,,,,,,,,-0.00035,-0.00054,-0.00017,0.00040,0.00025,0.00058
sim1_pm,task003_symmetric,3,6.00000,9.00000,1.00000,both,1,,,,,,,,,,,,,,,,,-0.00004,-0.00013,0.00000,0.00000,0.00000,0.00000
sim1_pm,task003_symmetric,3,6.00000,9.00000,1.00000,both,2,,,,,,,,,,,,,,,,,0.00040,0.00025,0.00058,-0.00040,-0.00058,-0.00025
sim1_pm,task003_symmetric,3,6.00000,9.00000,1.00000,false,2,0.00079,0.00050,0.00117,-0.00004,0.00079,0.00000,0.00000,252.82800,0.96869,0.00008,0.18800,0.00300,,0.00000,0.98100,0.00000,,,,,,
sim1_pm,task003_symmetric,3,6.00000,9.00000,1.00000,truth,0,0.00004,0.00000,0.00012,-0.00004,1.00000,0.99996,0.00000,20.16000,0.07724,0.00005,1.00000,1.00000,3.00000,1.00000,0.00000,0.99900,,,,,,
sim1_pm,task003_symmetric,3,12.00000,1.00000,0.75000,both,0,,,,,,,,,,,,,,,,,-0.10983,-0.11836,-0.10148,0.28087,0.27610,0.28554
sim1_pm,task003_symmetric,3,12.00000,1.00000,0.75000,both,1,,,,,,,,,,,,,,,,,-0.02921,-0.03490,-0.02379,-0.00775,-0.01094,-0.00494
sim1_pm,task003_symmetric,3,12.00000,1.00000,0.75000,both,2,,,,,,,,,,,,,,,,,0.13904,0.13050,0.14771,-0.27312,-0.27821,-0.26771
sim1_pm,task003_symmetric,3,12.00000,1.00000,0.75000,false,2,0.41217,0.40062,0.42329,-0.02146,0.65387,0.24171,0.08854,21.36200,0.73662,0.46307,0.86700,0.02600,14.00000,0.00400,0.00000,0.00000,,,,,,
sim1_pm,task003_symmetric,3,12.00000,1.00000,0.75000,truth,0,0.17104,0.16287,0.17950,-0.03696,0.81933,0.64829,0.07304,6.74500,0.23259,0.60860,1.00000,0.93100,4.00000,0.01700,0.00000,0.00000,,,,,,
sim1_pm,task003_symmetric,3,12.00000,1.00000,1.00000,both,0,,,,,,,,,,,,,,,,,-0.00010,-0.00023,0.00004,-0.00002,-0.00012,0.00008
sim1_pm,task003_symmetric,3,12.00000,1.00000,1.00000,both,1,,,,,,,,,,,,,,,,,0.00004,-0.00008,0.00015,-0.00004,-0.00012,0.00004
sim1_pm,task003_symmetric,3,12.00000,1.00000,1.00000,both,2,,,,,,,,,,,,,,,,,0.00006,0.00000,0.00015,0.00006,0.00000,0.00015
sim1_pm,task003_symmetric,3,12.00000,1.00000,1.00000,false,2,0.00000,0.00000,0.00000,0.00008,0.00000,0.00000,0.00013,28.80600,0.99331,0.00000,0.04700,0.00300,,0.00000,0.99700,0.00000,,,,,,
sim1_pm,task003_symmetric,3,12.00000,1.00000,1.00000,truth,0,-0.00012,-0.00033,0.00004,0.00000,0.99983,0.99996,0.00004,1.95100,0.06728,-0.00154,1.00000,1.00000,3.00000,0.99600,0.00000,0.99900,,,,,,
sim1_pm,task003_symmetric,3,12.00000,2.00000,0.75000,both,0,,,,,,,,,,,,,,,,,-0.13231,-0.14048,-0.12368,0.30644,0.30235,0.31038
sim1_pm,task003_symmetric,3,12.00000,2.00000,0.75000,both,1,,,,,,,,,,,,,,,,,-0.02838,-0.03463,-0.02279,-0.00983,-0.01286,-0.00671
sim1_pm,task003_symmetric,3,12.00000,2.00000,0.75000,both,2,,,,,,,,,,,,,,,,,0.16069,0.15277,0.16935,-0.29660,-0.30148,-0.29217
sim1_pm,task003_symmetric,3,12.00000,2.00000,0.75000,false,2,0.45729,0.44699,0.46796,-0.01854,0.69900,0.24171,0.09146,37.02000,0.63828,0.29646,0.95800,0.02600,10.00000,0.00400,0.00000,0.00000,,,,,,
sim1_pm,task003_symmetric,3,12.00000,2.00000,0.75000,truth,0,0.17412,0.16595,0.18272,-0.03821,0.82242,0.64829,0.07179,11.94800,0.20600,0.34977,1.00000,0.93100,3.00000,0.01600,0.00000,0.00000,,,,,,
sim1_pm,task003_symmetric,3,12.00000,2.00000,1.00000,both,0,,,,,,,,,,,,,,,,,-0.00015,-0.00029,0.00000,0.00015,0.00004,0.00029
sim1_pm,task003_symmetric,3,12.00000,2.00000,1.00000,both,1,,,,,,,,,,,,,,,,,0.00002,-0.00010,0.00012,-0.00006,-0.00015,0.00000
sim1_pm,task003_symmetric,3,12.00000,2.00000,1.00000,both,2,,,,,,,,,,,,,,,,,0.00012,0.00004,0.00023,-0.00008,-0.00019,0.00000
sim1_pm,task003_symmetric,3,12.00000,2.00000,1.00000,false,2,0.00021,0.00004,0.00042,0.00008,0.00021,0.00000,0.00013,57.15400,0.98541,0.00009,0.10600,0.00300,,0.00000,0.99200,0.00000,,,,,,
sim1_pm,task003_symmetric,3,12.00000,2.00000,1.00000,truth,0,0.00000,-0.00012,0.00012,-0.00004,0.99996,0.99996,0.00000,3.50400,0.06041,0.00000,1.00000,1.00000,3.00000,0.99900,0.00000,0.99900,,,,,,
sim1_pm,task003_symmetric,3,12.00000,3.00000,0.75000,both,0,,,,,,,,,,,,,,,,,-0.14688,-0.15511,-0.13916,0.31779,0.31381,0.32177
sim1_pm,task003_symmetric,3,12.00000,3.00000,0.75000,both,1,,,,,,,,,,,,,,,,,-0.02673,-0.03238,-0.02100,-0.00852,-0.01185,-0.00565
sim1_pm,task003_symmetric,3,12.00000,3.00000,0.75000,both,2,,,,,,,,,,,,,,,,,0.17360,0.16591,0.18204,-0.30927,-0.31363,-0.30456
sim1_pm,task003_symmetric,3,12.00000,3.00000,0.75000,false,2,0.48288,0.47270,0.49388,-0.01821,0.72458,0.24171,0.09179,51.76500,0.59500,0.22388,0.97000,0.02600,8.00000,0.00300,0.00000,0.00000,,,,,,
sim1_pm,task003_symmetric,3,12.00000,3.00000,0.75000,truth,0,0.17092,0.16246,0.17846,-0.03525,0.81921,0.64829,0.07475,17.37600,0.19972,0.23607,1.00000,0.93100,3.00000,0.01300,0.00000,0.00000,,,,,,
sim1_pm,task003_symmetric,3,12.00000,3.00000,1.00000,both,0,,,,,,,,,,,,,,,,,-0.00006,-0.00019,0.00006,0.00006,-0.00002,0.00017
sim1_pm,task003_symmetric,3,12.00000,3.00000,1.00000,both,1,,,,,,,,,,,,,,,,,-0.00002,-0.00013,0.00006,0.00002,0.00000,0.00006
sim1_pm,task003_symmetric,3,12.00000,3.00000,1.00000,both,2,,,,,,,,,,,,,,,,,0.00008,0.00000,0.00017,-0.00008,-0.00017,0.00000
sim1_pm,task003_symmetric,3,12.00000,3.00000,1.00000,false,2,0.00017,0.00000,0.00033,-0.00004,0.00017,0.00000,0.00000,85.33200,0.98083,0.00005,0.13100,0.00300,,0.00000,0.99600,0.00000,,,,,,
sim1_pm,task003_symmetric,3,12.00000,3.00000,1.00000,truth,0,0.00000,-0.00012,0.00012,0.00000,0.99996,0.99996,0.00004,5.18100,0.05955,0.00000,1.00000,1.00000,3.00000,0.99900,0.00000,0.99900,,,,,,
sim1_pm,task003_symmetric,3,12.00000,6.00000,0.75000,both,0,,,,,,,,,,,,,,,,,-0.15131,-0.15858,-0.14348,0.33190,0.32854,0.33544
sim1_pm,task003_symmetric,3,12.00000,6.00000,0.75000,both,1,,,,,,,,,,,,,,,,,-0.02288,-0.02898,-0.01727,-0.01492,-0.01796,-0.01177
sim1_pm,task003_symmetric,3,12.00000,6.00000,0.75000,both,2,,,,,,,,,,,,,,,,,0.17419,0.16616,0.18230,-0.31698,-0.32146,-0.31275
sim1_pm,task003_symmetric,3,12.00000,6.00000,0.75000,false,2,0.49117,0.48112,0.50134,-0.00796,0.73288,0.24171,0.10204,97.94400,0.56290,0.12035,0.99300,0.02600,8.00000,0.01100,0.00000,0.00000,,,,,,
sim1_pm,task003_symmetric,3,12.00000,6.00000,0.75000,truth,0,0.18058,0.17304,0.18879,-0.03779,0.82888,0.64829,0.07221,35.93400,0.20652,0.12061,1.00000,0.93100,3.00000,0.01300,0.00000,0.00000,,,,,,
sim1_pm,task003_symmetric,3,12.00000,6.00000,1.00000,both,0,,,,,,,,,,,,,,,,,-0.00017,-0.00031,-0.00002,0.00017,0.00004,0.00029
sim1_pm,task003_symmetric,3,12.00000,6.00000,1.00000,both,1,,,,,,,,,,,,,,,,,-0.00002,-0.00013,0.00004,0.00002,0.00000,0.00006
sim1_pm,task003_symmetric,3,12.00000,6.00000,1.00000,both,2,,,,,,,,,,,,,,,,,0.00019,0.00006,0.00031,-0.00019,-0.00031,-0.00006
sim1_pm,task003_symmetric,3,12.00000,6.00000,1.00000,false,2,0.00038,0.00013,0.00062,-0.00004,0.00038,0.00000,0.00000,170.29200,0.97869,0.00005,0.15900,0.00300,,0.00000,0.99100,0.00000,,,,,,
sim1_pm,task003_symmetric,3,12.00000,6.00000,1.00000,truth,0,0.00000,-0.00012,0.00012,0.00000,0.99996,0.99996,0.00004,10.81200,0.06214,0.00000,1.00000,1.00000,3.00000,0.99900,0.00000,0.99900,,,,,,
sim1_pm,task003_symmetric,3,12.00000,9.00000,0.75000,both,0,,,,,,,,,,,,,,,,,-0.15860,-0.16619,-0.15021,0.33623,0.33271,0.33971
sim1_pm,task003_symmetric,3,12.00000,9.00000,0.75000,both,1,,,,,,,,,,,,,,,,,-0.02723,-0.03319,-0.02142,-0.00140,-0.00446,0.00162
sim1_pm,task003_symmetric,3,12.00000,9.00000,0.75000,both,2,,,,,,,,,,,,,,,,,0.18583,0.17733,0.19360,-0.33483,-0.33844,-0.33121
sim1_pm,task003_symmetric,3,12.00000,9.00000,0.75000,false,2,0.52067,0.51079,0.52988,-0.02583,0.76238,0.24171,0.08417,132.15600,0.50634,0.09455,0.99900,0.02600,7.00000,0.00300,0.00000,0.00000,,,,,,
sim1_pm,task003_symmetric,3,12.00000,9.00000,0.75000,truth,0,0.17763,0.16958,0.18646,-0.02862,0.82592,0.64829,0.08138,53.18100,0.20376,0.08016,1.00000,0.93100,3.00000,0.01600,0.00000,0.00000,,,,,,
sim1_pm,task003_symmetric,3,12.00000,9.00000,1.00000,both,0,,,,,,,,,,,,,,,,,-0.00052,-0.00075,-0.00029,0.00056,0.00035,0.00081
sim1_pm,task003_symmetric,3,12.00000,9.00000,1.00000,both,1,,,,,,,,,,,,,,,,,-0.00004,-0.00013,0.00000,0.00000,0.00000,0.00000
sim1_pm,task003_symmetric,3,12.00000,9.00000,1.00000,both,2,,,,,,,,,,,,,,,,,0.00056,0.00035,0.00081,-0.00056,-0.00081,-0.00035
sim1_pm,task003_symmetric,3,12.00000,9.00000,1.00000,false,2,0.00112,0.00071,0.00163,-0.00004,0.00112,0.00000,0.00000,253.89900,0.97279,0.00011,0.19900,0.00300,,0.00000,0.97500,0.00000,,,,,,
sim1_pm,task003_symmetric,3,12.00000,9.00000,1.00000,truth,0,0.00004,0.00000,0.00013,-0.00004,1.00000,0.99996,0.00000,16.20000,0.06207,0.00006,1.00000,1.00000,3.00000,1.00000,0.00000,0.99900,,,,,,
sim1_pm,task003_symmetric,3,24.00000,1.00000,0.75000,both,0,,,,,,,,,,,,,,,,,-0.09877,-0.10740,-0.09014,0.23352,0.22825,0.23938
sim1_pm,task003_symmetric,3,24.00000,1.00000,0.75000,both,1,,,,,,,,,,,,,,,,,-0.02602,-0.03123,-0.02013,-0.00681,-0.01000,-0.00356
sim1_pm,task003_symmetric,3,24.00000,1.00000,0.75000,both,2,,,,,,,,,,,,,,,,,0.12479,0.11542,0.13315,-0.22671,-0.23307,-0.22106
sim1_pm,task003_symmetric,3,24.00000,1.00000,0.75000,false,2,0.35150,0.33870,0.36396,-0.01921,0.59321,0.24171,0.09079,24.57100,0.84728,0.34333,0.74700,0.02600,16.00000,0.00000,0.00000,0.00000,,,,,,
sim1_pm,task003_symmetric,3,24.00000,1.00000,0.75000,truth,0,0.13475,0.12658,0.14321,-0.03283,0.78304,0.64829,0.07717,3.59400,0.12393,0.89983,1.00000,0.93100,4.00000,0.00700,0.00000,0.00000,,,,,,
sim1_pm,task003_symmetric,3,24.00000,1.00000,1.00000,both,0,,,,,,,,,,,,,,,,,-0.00004,-0.00015,0.00008,0.00000,-0.00008,0.00008
sim1_pm,task003_symmetric,3,24.00000,1.00000,1.00000,both,1,,,,,,,,,,,,,,,,,-0.00002,-0.00013,0.00006,0.00002,0.00000,0.00006
sim1_pm,task003_symmetric,3,24.00000,1.00000,1.00000,both,2,,,,,,,,,,,,,,,,,0.00006,0.00000,0.00015,-0.00002,-0.00010,0.00004
sim1_pm,task003_symmetric,3,24.00000,1.00000,1.00000,false,2,0.00008,0.00000,0.00021,-0.00004,0.00008,0.00000,0.00000,28.94000,0.99793,0.00007,0.03800,0.00300,,0.00000,0.99800,0.00000,,,,,,
sim1_pm,task003_symmetric,3,24.00000,1.00000,1.00000,truth,0,-0.00004,-0.00017,0.00008,0.00000,0.99992,0.99996,0.00004,0.90700,0.03128,-0.00110,1.00000,1.00000,3.00000,0.99800,0.00000,0.99900,,,,,,
sim1_pm,task003_symmetric,3,24.00000,2.00000,0.75000,both,0,,,,,,,,,,,,,,,,,-0.14275,-0.15127,-0.13431,0.28271,0.27831,0.28713
sim1_pm,task003_symmetric,3,24.00000,2.00000,0.75000,both,1,,,,,,,,,,,,,,,,,-0.02592,-0.03148,-0.02021,-0.00992,-0.01327,-0.00679
sim1_pm,task003_symmetric,3,24.00000,2.00000,0.75000,both,2,,,,,,,,,,,,,,,,,0.16867,0.15937,0.17709,-0.27279,-0.27783,-0.26781
sim1_pm,task003_symmetric,3,24.00000,2.00000,0.75000,false,2,0.44146,0.42950,0.45254,-0.01600,0.68317,0.24171,0.09400,42.69000,0.73603,0.24818,0.94400,0.02600,10.00000,0.00400,0.00000,0.00000,,,,,,
sim1_pm,task003_symmetric,3,24.00000,2.00000,0.75000,truth,0,0.13996,0.13121,0.14825,-0.03583,0.78825,0.64829,0.07417,5.90800,0.10186,0.56855,1.00000,0.93100,4.00000,0.00600,0.00000,0.00000,,,,,,
sim1_pm,task003_symmetric,3,24.00000,2.00000,1.00000,both,0,,,,,,,,,,,,,,,,,-0.00006,-0.00017,0.00006,0.00006,-0.00002,0.00017
sim1_pm,task003_symmetric,3,24.00000,2.00000,1.00000,both,1,,,,,,,,,,,,,,,,,-0.00002,-0.00013,0.00006,0.00002,0.00000,0.00006
sim1_pm,task003_symmetric,3,24.00000,2.00000,1.00000,both,2,,,,,,,,,,,,,,,,,0.00008,0.00002,0.00017,-0.00008,-0.00017,-0.00002
sim1_pm,task003_symmetric,3,24.00000,2.00000,1.00000,false,2,0.00017,0.00004,0.00033,-0.00004,0.00017,0.00000,0.00000,57.60800,0.99324,0.00007,0.10400,0.00300,,0.00000,0.99600,0.00000,,,,,,
sim1_pm,task003_symmetric,3,24.00000,2.00000,1.00000,truth,0,0.00000,-0.00012,0.00012,0.00000,0.99996,0.99996,0.00004,1.65200,0.02848,0.00000,1.00000,1.00000,3.00000,0.99900,0.00000,0.99900,,,,,,
sim1_pm,task003_symmetric,3,24.00000,3.00000,0.75000,both,0,,,,,,,,,,,,,,,,,-0.14858,-0.15719,-0.14054,0.28883,0.28381,0.29354
sim1_pm,task003_symmetric,3,24.00000,3.00000,0.75000,both,1,,,,,,,,,,,,,,,,,-0.02485,-0.03025,-0.01925,-0.01010,-0.01323,-0.00700
sim1_pm,task003_symmetric,3,24.00000,3.00000,0.75000,both,2,,,,,,,,,,,,,,,,,0.17344,0.16506,0.18210,-0.27873,-0.28375,-0.27371
sim1_pm,task003_symmetric,3,24.00000,3.00000,0.75000,false,2,0.45217,0.44129,0.46325,-0.01475,0.69388,0.24171,0.09525,61.38000,0.70552,0.17680,0.95300,0.02600,9.00000,0.00300,0.00000,0.00000,,,,,,
sim1_pm,task003_symmetric,3,24.00000,3.00000,0.75000,truth,0,0.14025,0.13100,0.14829,-0.03496,0.78854,0.64829,0.07504,8.87100,0.10197,0.37944,1.00000,0.93100,4.00000,0.00700,0.00000,0.00000,,,,,,
sim1_pm,task003_symmetric,3,24.00000,3.00000,1.00000,both,0,,,,,,,,,,,,,,,,,0.00000,-0.00010,0.00010,0.00004,0.00000,0.00010
sim1_pm,task003_symmetric,3,24.00000,3.00000,1.00000,both,1,,,,,,,,,,,,,,,,,-0.00004,-0.00013,0.00000,0.00000,0.00000,0.00000
sim1_pm,task003_symmetric,3,24.00000,3.00000,1.00000,both,2,,,,,,,,,,,,,,,,,0.00004,0.00000,0.00010,-0.00004,-0.00010,0.00000
sim1_pm,task003_symmetric,3,24.00000,3.00000,1.00000,false,2,0.00008,0.00000,0.00021,-0.00004,0.00008,0.00000,0.00000,86.27700,0.99169,0.00002,0.12100,0.00300,,0.00000,0.99800,0.00000,,,,,,
sim1_pm,task003_symmetric,3,24.00000,3.00000,1.00000,truth,0,0.00004,0.00000,0.00012,-0.00004,1.00000,0.99996,0.00000,2.50200,0.02876,0.00040,1.00000,1.00000,3.00000,1.00000,0.00000,0.99900,,,,,,
sim1_pm,task003_symmetric,3,24.00000,6.00000,0.75000,both,0,,,,,,,,,,,,,,,,,-0.16442,-0.17219,-0.15633,0.31708,0.31317,0.32073
sim1_pm,task003_symmetric,3,24.00000,6.00000,0.75000,both,1,,,,,,,,,,,,,,,,,-0.01888,-0.02506,-0.01332,-0.01763,-0.02096,-0.01460
sim1_pm,task003_symmetric,3,24.00000,6.00000,0.75000,both,2,,,,,,,,,,,,,,,,,0.18329,0.17546,0.19146,-0.29946,-0.30402,-0.29481
sim1_pm,task003_symmetric,3,24.00000,6.00000,0.75000,false,2,0.48275,0.47262,0.49271,-0.00125,0.72446,0.24171,0.10875,115.65600,0.66469,0.10018,0.98600,0.02600,8.00000,0.00500,0.00000,0.00000,,,,,,
sim1_pm,task003_symmetric,3,24.00000,6.00000,0.75000,truth,0,0.15267,0.14429,0.16133,-0.03650,0.80096,0.64829,0.07350,20.07600,0.11538,0.18251,1.00000,0.93100,4.00000,0.01200,0.00000,0.00000,,,,,,
sim1_pm,task003_symmetric,3,24.00000,6.00000,1.00000,both,0,,,,,,,,,,,,,,,,,-0.00017,-0.00035,0.00000,0.00017,0.00004,0.00031
sim1_pm,task003_symmetric,3,24.00000,6.00000,1.00000,both,1,,,,,,,,,,,,,,,,,-0.00002,-0.00013,0.00006,0.00002,0.00000,0.00006
sim1_pm,task003_symmetric,3,24.00000,6.00000,1.00000,both,2,,,,,,,,,,,,,,,,,0.00019,0.00006,0.00033,-0.00019,-0.00033,-0.00006
sim1_pm,task003_symmetric,3,24.00000,6.00000,1.00000,false,2,0.00038,0.00013,0.00067,-0.00004,0.00038,0.00000,0.00000,172.73400,0.99272,0.00005,0.12000,0.00300,,0.00000,0.99200,0.00000,,,,,,
sim1_pm,task003_symmetric,3,24.00000,6.00000,1.00000,truth,0,0.00000,-0.00012,0.00012,0.00000,0.99996,0.99996,0.00004,5.17800,0.02976,0.00000,1.00000,1.00000,3.00000,0.99900,0.00000,0.99900,,,,,,
sim1_pm,task003_symmetric,3,24.00000,9.00000,0.75000,both,0,,,,,,,,,,,,,,,,,-0.17196,-0.18000,-0.16412,0.32613,0.32250,0.33008
sim1_pm,task003_symmetric,3,24.00000,9.00000,0.75000,both,1,,,,,,,,,,,,,,,,,-0.02475,-0.03067,-0.01890,-0.00129,-0.00456,0.00175
sim1_pm,task003_symmetric,3,24.00000,9.00000,0.75000,both,2,,,,,,,,,,,,,,,,,0.19671,0.18906,0.20512,-0.32483,-0.32906,-0.32060
sim1_pm,task003_symmetric,3,24.00000,9.00000,0.75000,false,2,0.52154,0.51187,0.53150,-0.02346,0.76325,0.24171,0.08654,147.33900,0.56452,0.08495,1.00000,0.02600,7.00000,0.00500,0.00000,0.00000,,,,,,
sim1_pm,task003_symmetric,3,24.00000,9.00000,0.75000,truth,0,0.15417,0.14533,0.16288,-0.02604,0.80246,0.64829,0.08396,27.55800,0.10559,0.13426,1.00000,0.93100,4.00000,0.01200,0.00000,0.00000,,,,,,
sim1_pm,task003_symmetric,3,24.00000,9.00000,1.00000,both,0,,,,,,,,,,,,,,,,,-0.00050,-0.00073,-0.00027,0.00050,0.00031,0.00071
sim1_pm,task003_symmetric,3,24.00000,9.00000,1.00000,both,1,,,,,,,,,,,,,,,,,0.00002,-0.00008,0.00012,-0.00002,-0.00008,0.00004
sim1_pm,task003_symmetric,3,24.00000,9.00000,1.00000,both,2,,,,,,,,,,,,,,,,,0.00048,0.00031,0.00069,-0.00048,-0.00069,-0.00031
sim1_pm,task003_symmetric,3,24.00000,9.00000,1.00000,false,2,0.00096,0.00062,0.00138,0.00004,0.00096,0.00000,0.00008,257.94000,0.98828,0.00009,0.16100,0.00300,,0.00000,0.97600,0.00000,,,,,,
sim1_pm,task003_symmetric,3,24.00000,9.00000,1.00000,truth,0,0.00000,-0.00012,0.00012,0.00000,0.99996,0.99996,0.00004,7.49700,0.02872,0.00000,1.00000,1.00000,3.00000,0.99900,0.00000,0.99900,,,,,,
sim1_pm,task003_symmetric,6,3.00000,1.00000,0.75000,both,0,,,,,,,,,,,,,,,,,-0.03940,-0.04665,-0.03204,0.13265,0.12662,0.13877
sim1_pm,task003_symmetric,6,3.00000,1.00000,0.75000,both,1,,,,,,,,,,,,,,,,,-0.01571,-0.01913,-0.01233,-0.00421,-0.00569,-0.00269
sim1_pm,task003_symmetric,6,3.00000,1.00000,0.75000,both,2,,,,,,,,,,,,,,,,,0.05510,0.04794,0.06235,-0.12844,-0.13479,-0.12214
sim1_pm,task003_symmetric,6,3.00000,1.00000,0.75000,false,2,0.18354,0.17183,0.19518,-0.01150,0.29996,0.11642,0.02708,27.49900,0.94824,0.16019,0.19800,0.01100,,0.00100,0.00600,0.00000,,,,,,
sim1_pm,task003_symmetric,6,3.00000,1.00000,0.75000,truth,0,0.09325,0.08642,0.09967,-0.01992,0.93825,0.84500,0.01867,6.58300,0.22700,0.33997,1.00000,0.99600,2.00000,0.26800,0.00000,0.04700,,,,,,
sim1_pm,task003_symmetric,6,3.00000,1.00000,1.00000,both,0,,,,,,,,,,,,,,,,,0.00000,0.00000,0.00000,0.00000,0.00000,0.00000
sim1_pm,task003_symmetric,6,3.00000,1.00000,1.00000,both,1,,,,,,,,,,,,,,,,,0.00000,0.00000,0.00000,0.00000,0.00000,0.00000
sim1_pm,task003_symmetric,6,3.00000,1.00000,1.00000,both,2,,,,,,,,,,,,,,,,,0.00000,0.00000,0.00000,0.00000,0.00000,0.00000
sim1_pm,task003_symmetric,6,3.00000,1.00000,1.00000,false,2,0.00000,0.00000,0.00000,0.00000,0.00000,0.00000,0.00000,28.90400,0.99669,0.00000,0.01600,0.00500,,0.00000,1.00000,0.00000,,,,,,
sim1_pm,task003_symmetric,6,3.00000,1.00000,1.00000,truth,0,0.00000,0.00000,0.00000,0.00000,1.00000,1.00000,0.00000,1.54300,0.05321,0.00000,1.00000,1.00000,2.00000,1.00000,0.00000,1.00000,,,,,,
sim1_pm,task003_symmetric,6,3.00000,2.00000,0.75000,both,0,,,,,,,,,,,,,,,,,-0.09183,-0.10150,-0.08277,0.20275,0.19529,0.21084
sim1_pm,task003_symmetric,6,3.00000,2.00000,0.75000,both,1,,,,,,,,,,,,,,,,,-0.01215,-0.01558,-0.00904,-0.00815,-0.00975,-0.00658
sim1_pm,task003_symmetric,6,3.00000,2.00000,0.75000,both,2,,,,,,,,,,,,,,,,,0.10398,0.09508,0.11465,-0.19460,-0.20321,-0.18689
sim1_pm,task003_symmetric,6,3.00000,2.00000,0.75000,false,2,0.29858,0.28358,0.31609,-0.00400,0.41500,0.11642,0.03458,50.68800,0.87393,0.14137,0.46200,0.01100,,0.00400,0.00300,0.00000,,,,,,
sim1_pm,task003_symmetric,6,3.00000,2.00000,0.75000,truth,0,0.11092,0.10495,0.11750,-0.02029,0.95592,0.84500,0.01829,10.55600,0.18200,0.25218,1.00000,0.99600,2.00000,0.35200,0.00000,0.04700,,,,,,
sim1_pm,task003_symmetric,6,3.00000,2.00000,1.00000,both,0,,,,,,,,,,,,,,,,,-0.00002,-0.00006,0.00000,0.00002,0.00000,0.00006
sim1_pm,task003_symmetric,6,3.00000,2.00000,1.00000,both,1,,,,,,,,,,,,,,,,,0.00000,0.00000,0.00000,0.00000,0.00000,0.00000
sim1_pm,task003_symmetric,6,3.00000,2.00000,1.00000,both,2,,,,,,,,,,,,,,,,,0.00002,0.00000,0.00006,-0.00002,-0.00006,0.00000
sim1_pm,task003_symmetric,6,3.00000,2.00000,1.00000,false,2,0.00004,0.00000,0.00013,0.00000,0.00004,0.00000,0.00000,57.70800,0.99497,0.00002,0.03700,0.00500,,0.00000,0.99900,0.00000,,,,,,
sim1_pm,task003_symmetric,6,3.00000,2.00000,1.00000,truth,0,0.00000,0.00000,0.00000,0.00000,1.00000,1.00000,0.00000,2.83000,0.04879,0.00000,1.00000,1.00000,2.00000,1.00000,0.00000,1.00000,,,,,,
sim1_pm,task003_symmetric,6,3.00000,3.00000,0.75000,both,0,,,,,,,,,,,,,,,,,-0.12910,-0.13804,-0.11950,0.24469,0.23616,0.25267
sim1_pm,task003_symmetric,6,3.00000,3.00000,0.75000,both,1,,,,,,,,,,,,,,,,,-0.01385,-0.01706,-0.01071,-0.00790,-0.00946,-0.00642
sim1_pm,task003_symmetric,6,3.00000,3.00000,0.75000,both,2,,,,,,,,,,,,,,,,,0.14296,0.13294,0.15194,-0.23679,-0.24486,-0.22818
sim1_pm,task003_symmetric,6,3.00000,3.00000,0.75000,false,2,0.37975,0.36275,0.39592,-0.00596,0.49617,0.11642,0.03263,71.19300,0.81831,0.12802,0.62100,0.01100,18.00000,0.01400,0.00000,0.00000,,,,,,
sim1_pm,task003_symmetric,6,3.00000,3.00000,0.75000,truth,0,0.11558,0.10921,0.12225,-0.02175,0.96058,0.84500,0.01683,14.42400,0.16579,0.19232,1.00000,0.99600,2.00000,0.42300,0.00000,0.04700,,,,,,
sim1_pm,task003_symmetric,6,3.00000,3.00000,1.00000,both,0,,,,,,,,,,,,,,,,,-0.00002,-0.00006,0.00000,0.00002,0.00000,0.00006
sim1_pm,task003_symmetric,6,3.00000,3.00000,1.00000,both,1,,,,,,,,,,,,,,,,,0.00002,0.00000,0.00006,-0.00002,-0.00006,0.00000
sim1_pm,task003_symmetric,6,3.00000,3.00000,1.00000,both,2,,,,,,,,,,,,,,,,,0.00000,0.00000,0.00000,0.00000,0.00000,0.00000
sim1_pm,task003_symmetric,6,3.00000,3.00000,1.00000,false,2,0.00000,0.00000,0.00000,0.00004,0.00000,0.00000,0.00004,86.25000,0.99138,0.00000,0.07900,0.00500,,0.00000,0.99900,0.00000,,,,,,
sim1_pm,task003_symmetric,6,3.00000,3.00000,1.00000,truth,0,0.00000,0.00000,0.00000,0.00000,1.00000,1.00000,0.00000,4.00800,0.04607,0.00000,1.00000,1.00000,2.00000,1.00000,0.00000,1.00000,,,,,,
sim1_pm,task003_symmetric,6,3.00000,6.00000,0.75000,both,0,,,,,,,,,,,,,,,,,-0.20602,-0.21483,-0.19696,0.31973,0.31265,0.32648
sim1_pm,task003_symmetric,6,3.00000,6.00000,0.75000,both,1,,,,,,,,,,,,,,,,,-0.01125,-0.01452,-0.00800,-0.00892,-0.01048,-0.00729
sim1_pm,task003_symmetric,6,3.00000,6.00000,0.75000,both,2,,,,,,,,,,,,,,,,,0.21727,0.20854,0.22575,-0.31081,-0.31790,-0.30354
sim1_pm,task003_symmetric,6,3.00000,6.00000,0.75000,false,2,0.52808,0.51258,0.54280,-0.00233,0.64450,0.11642,0.03625,126.75000,0.72845,0.09999,0.87200,0.01100,8.00000,0.02600,0.00000,0.00000,,,,,,
sim1_pm,task003_symmetric,6,3.00000,6.00000,0.75000,truth,0,0.11371,0.10725,0.12017,-0.02017,0.95871,0.84500,0.01842,28.25400,0.16238,0.09659,1.00000,0.99600,2.00000,0.37200,0.00000,0.04700,,,,,,
sim1_pm,task003_symmetric,6,3.00000,6.00000,1.00000,both,0,,,,,,,,,,,,,,,,,0.00000,0.00000,0.00000,0.00000,0.00000,0.00000
sim1_pm,task003_symmetric,6,3.00000,6.00000,1.00000,both,1,,,,,,,,,,,,,,,,,0.00000,0.00000,0.00000,0.00000,0.00000,0.00000
sim1_pm,task003_symmetric,6,3.00000,6.00000,1.00000,both,2,,,,,,,,,,,,,,,,,0.00000,0.00000,0.00000,0.00000,0.00000,0.00000
sim1_pm,task003_symmetric,6,3.00000,6.00000,1.00000,false,2,0.00000,0.00000,0.00000,0.00000,0.00000,0.00000,0.00000,172.52400,0.99152,0.00000,0.08200,0.00500,,0.00000,1.00000,0.00000,,,,,,
sim1_pm,task003_symmetric,6,3.00000,6.00000,1.00000,truth,0,0.00000,0.00000,0.00000,0.00000,1.00000,1.00000,0.00000,8.09400,0.04652,0.00000,1.00000,1.00000,2.00000,1.00000,0.00000,1.00000,,,,,,
sim1_pm,task003_symmetric,6,3.00000,9.00000,0.75000,both,0,,,,,,,,,,,,,,,,,-0.24810,-0.25617,-0.24058,0.36431,0.35904,0.36971
sim1_pm,task003_symmetric,6,3.00000,9.00000,0.75000,both,1,,,,,,,,,,,,,,,,,-0.01552,-0.01883,-0.01219,-0.00398,-0.00537,-0.00242
sim1_pm,task003_symmetric,6,3.00000,9.00000,0.75000,both,2,,,,,,,,,,,,,,,,,0.26362,0.25614,0.27134,-0.36033,-0.36600,-0.35498
sim1_pm,task003_symmetric,6,3.00000,9.00000,0.75000,false,2,0.62396,0.61237,0.63604,-0.01154,0.74038,0.11642,0.02704,173.29500,0.66397,0.08641,0.95600,0.01100,7.00000,0.03800,0.00000,0.00000,,,,,,
sim1_pm,task003_symmetric,6,3.00000,9.00000,0.75000,truth,0,0.11621,0.10938,0.12304,-0.01950,0.96121,0.84500,0.01908,43.78500,0.16776,0.06370,1.00000,0.99600,2.00000,0.41500,0.00000,0.04700,,,,,,
sim1_pm,task003_symmetric,6,3.00000,9.00000,1.00000,both,0,,,,,,,,,,,,,,,,,-0.00002,-0.00006,0.00000,0.00002,0.00000,0.00006
sim1_pm,task003_symmetric,6,3.00000,9.00000,1.00000,both,1,,,,,,,,,,,,,,,,,0.00000,0.00000,0.00000,0.00000,0.00000,0.00000
sim1_pm,task003_symmetric,6,3.00000,9.00000,1.00000,both,2,,,,,,,,,,,,,,,,,0.00002,0.00000,0.00006,-0.00002,-0.00006,0.00000
sim1_pm,task003_symmetric,6,3.00000,9.00000,1.00000,false,2,0.00004,0.00000,0.00013,0.00000,0.00004,0.00000,0.00000,258.54300,0.99059,0.00000,0.07800,0.00500,,0.00000,0.99900,0.00000,,,,,,
sim1_pm,task003_symmetric,6,3.00000,9.00000,1.00000,truth,0,0.00000,0.00000,0.00000,0.00000,1.00000,1.00000,0.00000,13.02300,0.04990,0.00000,1.00000,1.00000,2.00000,1.00000,0.00000,1.00000,,,,,,
sim1_pm,task003_symmetric,6,6.00000,1.00000,0.75000,both,0,,,,,,,,,,,,,,,,,-0.06244,-0.07061,-0.05427,0.15273,0.14631,0.16031
sim1_pm,task003_symmetric,6,6.00000,1.00000,0.75000,both,1,,,,,,,,,,,,,,,,,-0.01281,-0.01629,-0.00946,-0.00677,-0.00831,-0.00523
sim1_pm,task003_symmetric,6,6.00000,1.00000,0.75000,both,2,,,,,,,,,,,,,,,,,0.07525,0.06781,0.08327,-0.14596,-0.15350,-0.13964
sim1_pm,task003_symmetric,6,6.00000,1.00000,0.75000,false,2,0.22121,0.20788,0.23596,-0.00604,0.33763,0.11642,0.03254,26.92000,0.92828,0.19721,0.27000,0.01100,,0.00300,0.00200,0.00000,,,,,,
sim1_pm,task003_symmetric,6,6.00000,1.00000,0.75000,truth,0,0.09029,0.08367,0.09658,-0.01958,0.93529,0.84500,0.01900,3.43200,0.11834,0.63141,1.00000,0.99600,2.00000,0.23300,0.00000,0.04700,,,,,,
sim1_pm,task003_symmetric,6,6.00000,1.00000,1.00000,both,0,,,,,,,,,,,,,,,,,0.00000,0.00000,0.00000,0.00000,0.00000,0.00000
sim1_pm,task003_symmetric,6,6.00000,1.00000,1.00000,both,1,,,,,,,,,,,,,,,,,0.00000,0.00000,0.00000,0.00000,0.00000,0.00000
sim1_pm,task003_symmetric,6,6.00000,1.00000,1.00000,both,2,,,,,,,,,,,,,,,,,0.00000,0.00000,0.00000,0.00000,0.00000,0.00000
sim1_pm,task003_symmetric,6,6.00000,1.00000,1.00000,false,2,0.00000,0.00000,0.00000,0.00000,0.00000,0.00000,0.00000,28.92700,0.99748,0.00000,0.01900,0.00500,,0.00000,1.00000,0.00000,,,,,,
sim1_pm,task003_symmetric,6,6.00000,1.00000,1.00000,truth,0,0.00000,0.00000,0.00000,0.00000,1.00000,1.00000,0.00000,1.22300,0.04217,0.00000,1.00000,1.00000,2.00000,1.00000,0.00000,1.00000,,,,,,
sim1_pm,task003_symmetric,6,6.00000,2.00000,0.75000,both,0,,,,,,,,,,,,,,,,,-0.11325,-0.12179,-0.10452,0.21254,0.20460,0.21973
sim1_pm,task003_symmetric,6,6.00000,2.00000,0.75000,both,1,,,,,,,,,,,,,,,,,-0.01000,-0.01335,-0.00675,-0.01029,-0.01192,-0.00871
sim1_pm,task003_symmetric,6,6.00000,2.00000,0.75000,both,2,,,,,,,,,,,,,,,,,0.12325,0.11448,0.13246,-0.20225,-0.20965,-0.19454
sim1_pm,task003_symmetric,6,6.00000,2.00000,0.75000,false,2,0.32550,0.31017,0.34100,0.00029,0.44192,0.11642,0.03887,49.32800,0.85048,0.15837,0.52100,0.01100,28.00000,0.00800,0.00000,0.00000,,,,,,
sim1_pm,task003_symmetric,6,6.00000,2.00000,0.75000,truth,0,0.09929,0.09250,0.10600,-0.02029,0.94429,0.84500,0.01829,5.43600,0.09372,0.43837,1.00000,0.99600,2.00000,0.27300,0.00000,0.04700,,,,,,
sim1_pm,task003_symmetric,6,6.00000,2.00000,1.00000,both,0,,,,,,,,,,,,,,,,,0.00000,0.00000,0.00000,0.00000,0.00000,0.00000
sim1_pm,task003_symmetric,6,6.00000,2.00000,1.00000,both,1,,,,,,,,,,,,,,,,,0.00000,0.00000,0.00000,0.00000,0.00000,0.00000
sim1_pm,task003_symmetric,6,6.00000,2.00000,1.00000,both,2,,,,,,,,,,,,,,,,,0.00000,0.00000,0.00000,0.00000,0.00000,0.00000
sim1_pm,task003_symmetric,6,6.00000,2.00000,1.00000,false,2,0.00000,0.00000,0.00000,0.00000,0.00000,0.00000,0.00000,57.65600,0.99407,0.00000,0.04500,0.00500,,0.00000,1.00000,0.00000,,,,,,
sim1_pm,task003_symmetric,6,6.00000,2.00000,1.00000,truth,0,0.00000,0.00000,0.00000,0.00000,1.00000,1.00000,0.00000,2.16800,0.03738,0.00000,1.00000,1.00000,2.00000,1.00000,0.00000,1.00000,,,,,,
sim1_pm,task003_symmetric,6,6.00000,3.00000,0.75000,both,0,,,,,,,,,,,,,,,,,-0.14394,-0.15306,-0.13523,0.24469,0.23708,0.25206
sim1_pm,task003_symmetric,6,6.00000,3.00000,0.75000,both,1,,,,,,,,,,,,,,,,,-0.00850,-0.01167,-0.00508,-0.01058,-0.01231,-0.00890
sim1_pm,task003_symmetric,6,6.00000,3.00000,0.75000,both,2,,,,,,,,,,,,,,,,,0.15244,0.14373,0.16177,-0.23410,-0.24192,-0.22658
sim1_pm,task003_symmetric,6,6.00000,3.00000,0.75000,false,2,0.38654,0.37058,0.40222,0.00208,0.50296,0.11642,0.04067,69.31200,0.79669,0.13384,0.64200,0.01100,16.00000,0.01400,0.00100,0.00000,,,,,,
sim1_pm,task003_symmetric,6,6.00000,3.00000,0.75000,truth,0,0.10075,0.09446,0.10683,-0.01908,0.94575,0.84500,0.01950,7.37100,0.08472,0.32804,1.00000,0.99600,2.00000,0.30600,0.00000,0.04700,,,,,,
sim1_pm,task003_symmetric,6,6.00000,3.00000,1.00000,both,0,,,,,,,,,,,,,,,,,-0.00002,-0.00006,0.00000,0.00002,0.00000,0.00006
sim1_pm,task003_symmetric,6,6.00000,3.00000,1.00000,both,1,,,,,,,,,,,,,,,,,0.00000,0.00000,0.00000,0.00000,0.00000,0.00000
sim1_pm,task003_symmetric,6,6.00000,3.00000,1.00000,both,2,,,,,,,,,,,,,,,,,0.00002,0.00000,0.00006,-0.00002,-0.00006,0.00000
sim1_pm,task003_symmetric,6,6.00000,3.00000,1.00000,false,2,0.00004,0.00000,0.00013,0.00000,0.00004,0.00000,0.00000,86.25600,0.99145,0.00001,0.07800,0.00500,,0.00000,0.99900,0.00000,,,,,,
sim1_pm,task003_symmetric,6,6.00000,3.00000,1.00000,truth,0,0.00000,0.00000,0.00000,0.00000,1.00000,1.00000,0.00000,3.14100,0.03610,0.00000,1.00000,1.00000,2.00000,1.00000,0.00000,1.00000,,,,,,
sim1_pm,task003_symmetric,6,6.00000,6.00000,0.75000,both,0,,,,,,,,,,,,,,,,,-0.21540,-0.22365,-0.20766,0.31544,0.30912,0.32227
sim1_pm,task003_symmetric,6,6.00000,6.00000,0.75000,both,1,,,,,,,,,,,,,,,,,-0.00694,-0.01013,-0.00342,-0.01044,-0.01227,-0.00858
sim1_pm,task003_symmetric,6,6.00000,6.00000,0.75000,both,2,,,,,,,,,,,,,,,,,0.22233,0.21423,0.23088,-0.30500,-0.31227,-0.29785
sim1_pm,task003_symmetric,6,6.00000,6.00000,0.75000,false,2,0.52733,0.51366,0.54167,0.00350,0.64375,0.11642,0.04208,120.54000,0.69276,0.10499,0.86900,0.01100,8.00000,0.01800,0.00000,0.00000,,,,,,
sim1_pm,task003_symmetric,6,6.00000,6.00000,0.75000,truth,0,0.10004,0.09391,0.10642,-0.01737,0.94504,0.84500,0.02121,14.62200,0.08403,0.16420,1.00000,0.99600,2.00000,0.31200,0.00000,0.04700,,,,,,
sim1_pm,task003_symmetric,6,6.00000,6.00000,1.00000,both,0,,,,,,,,,,,,,,,,,0.00000,0.00000,0.00000,0.00000,0.00000,0.00000
sim1_pm,task003_symmetric,6,6.00000,6.00000,1.00000,both,1,,,,,,,,,,,,,,,,,0.00000,0.00000,0.00000,0.00000,0.00000,0.00000
sim1_pm,task003_symmetric,6,6.00000,6.00000,1.00000,both,2,,,,,,,,,,,,,,,,,0.00000,0.00000,0.00000,0.00000,0.00000,0.00000
sim1_pm,task003_symmetric,6,6.00000,6.00000,1.00000,false,2,0.00000,0.00000,0.00000,0.00000,0.00000,0.00000,0.00000,172.15200,0.98938,0.00000,0.09800,0.00500,,0.00000,1.00000,0.00000,,,,,,
sim1_pm,task003_symmetric,6,6.00000,6.00000,1.00000,truth,0,0.00000,0.00000,0.00000,0.00000,1.00000,1.00000,0.00000,6.36000,0.03655,0.00000,1.00000,1.00000,2.00000,1.00000,0.00000,1.00000,,,,,,
sim1_pm,task003_symmetric,6,6.00000,9.00000,0.75000,both,0,,,,,,,,,,,,,,,,,-0.24140,-0.24944,-0.23381,0.34465,0.33864,0.35033
sim1_pm,task003_symmetric,6,6.00000,9.00000,0.75000,both,1,,,,,,,,,,,,,,,,,-0.01325,-0.01644,-0.01017,-0.00367,-0.00525,-0.00215
sim1_pm,task003_symmetric,6,6.00000,9.00000,0.75000,both,2,,,,,,,,,,,,,,,,,0.25465,0.24687,0.26290,-0.34098,-0.34698,-0.33458
sim1_pm,task003_symmetric,6,6.00000,9.00000,0.75000,false,2,0.59562,0.58262,0.60813,-0.00958,0.71204,0.11642,0.02900,163.08900,0.62486,0.08765,0.95500,0.01100,7.00000,0.03300,0.00000,0.00000,,,,,,
sim1_pm,task003_symmetric,6,6.00000,9.00000,0.75000,truth,0,0.10325,0.09692,0.10988,-0.01692,0.94825,0.84500,0.02167,21.03300,0.08059,0.11781,1.00000,0.99600,2.00000,0.31600,0.00000,0.04700,,,,,,
sim1_pm,task003_symmetric,6,6.00000,9.00000,1.00000,both,0,,,,,,,,,,,,,,,,,-0.00002,-0.00006,0.00000,0.00002,0.00000,0.00006
sim1_pm,task003_symmetric,6,6.00000,9.00000,1.00000,both,1,,,,,,,,,,,,,,,,,0.00000,0.00000,0.00000,0.00000,0.00000,0.00000
sim1_pm,task003_symmetric,6,6.00000,9.00000,1.00000,both,2,,,,,,,,,,,,,,,,,0.00002,0.00000,0.00006,-0.00002,-0.00006,0.00000
sim1_pm,task003_symmetric,6,6.00000,9.00000,1.00000,false,2,0.00004,0.00000,0.00013,0.00000,0.00004,0.00000,0.00000,258.11100,0.98893,0.00000,0.09400,0.00500,,0.00000,0.99900,0.00000,,,,,,
sim1_pm,task003_symmetric,6,6.00000,9.00000,1.00000,truth,0,0.00000,0.00000,0.00000,0.00000,1.00000,1.00000,0.00000,9.84600,0.03772,0.00000,1.00000,1.00000,2.00000,1.00000,0.00000,1.00000,,,,,,
sim1_pm,task003_symmetric,6,12.00000,1.00000,0.75000,both,0,,,,,,,,,,,,,,,,,-0.06688,-0.07631,-0.05831,0.14262,0.13569,0.14979
sim1_pm,task003_symmetric,6,12.00000,1.00000,0.75000,both,1,,,,,,,,,,,,,,,,,-0.00967,-0.01277,-0.00654,-0.00454,-0.00615,-0.00290
sim1_pm,task003_symmetric,6,12.00000,1.00000,0.75000,both,2,,,,,,,,,,,,,,,,,0.07654,0.06810,0.08563,-0.13808,-0.14515,-0.13081
sim1_pm,task003_symmetric,6,12.00000,1.00000,0.75000,false,2,0.21462,0.20041,0.22846,-0.00513,0.33104,0.11642,0.03346,26.92900,0.92859,0.19128,0.27300,0.01100,,0.00200,0.00500,0.00000,,,,,,
sim1_pm,task003_symmetric,6,12.00000,1.00000,0.75000,truth,0,0.07575,0.06883,0.08263,-0.01421,0.92075,0.84500,0.02438,1.84300,0.06355,0.98644,1.00000,0.99600,2.00000,0.16400,0.00000,0.04700,,,,,,
sim1_pm,task003_symmetric,6,12.00000,1.00000,1.00000,both,0,,,,,,,,,,,,,,,,,-0.00002,-0.00006,0.00000,0.00002,0.00000,0.00006
sim1_pm,task003_symmetric,6,12.00000,1.00000,1.00000,both,1,,,,,,,,,,,,,,,,,0.00000,0.00000,0.00000,0.00000,0.00000,0.00000
sim1_pm,task003_symmetric,6,12.00000,1.00000,1.00000,both,2,,,,,,,,,,,,,,,,,0.00002,0.00000,0.00006,-0.00002,-0.00006,0.00000
sim1_pm,task003_symmetric,6,12.00000,1.00000,1.00000,false,2,0.00004,0.00000,0.00013,0.00000,0.00004,0.00000,0.00000,28.94200,0.99800,0.00003,0.02000,0.00500,,0.00000,0.99900,0.00000,,,,,,
sim1_pm,task003_symmetric,6,12.00000,1.00000,1.00000,truth,0,0.00000,0.00000,0.00000,0.00000,1.00000,1.00000,0.00000,0.93600,0.03228,0.00000,1.00000,1.00000,2.00000,1.00000,0.00000,1.00000,,,,,,
sim1_pm,task003_symmetric,6,12.00000,2.00000,0.75000,both,0,,,,,,,,,,,,,,,,,-0.11577,-0.12461,-0.10677,0.19344,0.18579,0.20123
sim1_pm,task003_symmetric,6,12.00000,2.00000,0.75000,both,1,,,,,,,,,,,,,,,,,-0.01010,-0.01348,-0.00679,-0.00485,-0.00656,-0.00329
sim1_pm,task003_symmetric,6,12.00000,2.00000,0.75000,both,2,,,,,,,,,,,,,,,,,0.12587,0.11762,0.13511,-0.18858,-0.19636,-0.18098
sim1_pm,task003_symmetric,6,12.00000,2.00000,0.75000,false,2,0.31446,0.29954,0.33000,-0.00525,0.43088,0.11642,0.03333,49.54800,0.85428,0.15232,0.49600,0.01100,,0.00100,0.00000,0.00000,,,,,,
sim1_pm,task003_symmetric,6,12.00000,2.00000,0.75000,truth,0,0.07767,0.07067,0.08479,-0.01496,0.92267,0.84500,0.02363,2.83600,0.04890,0.65726,1.00000,0.99600,2.00000,0.19200,0.00000,0.04700,,,,,,
sim1_pm,task003_symmetric,6,12.00000,2.00000,1.00000,both,0,,,,,,,,,,,,,,,,,-0.00002,-0.00006,0.00000,0.00002,0.00000,0.00006
sim1_pm,task003_symmetric,6,12.00000,2.00000,1.00000,both,1,,,,,,,,,,,,,,,,,0.00000,0.00000,0.00000,0.00000,0.00000,0.00000
sim1_pm,task003_symmetric,6,12.00000,2.00000,1.00000,both,2,,,,,,,,,,,,,,,,,0.00002,0.00000,0.00006,-0.00002,-0.00006,0.00000
sim1_pm,task003_symmetric,6,12.00000,2.00000,1.00000,false,2,0.00004,0.00000,0.00013,0.00000,0.00004,0.00000,0.00000,57.70800,0.99497,0.00002,0.05200,0.00500,,0.00000,0.99900,0.00000,,,,,,
sim1_pm,task003_symmetric,6,12.00000,2.00000,1.00000,truth,0,0.00000,0.00000,0.00000,0.00000,1.00000,1.00000,0.00000,1.72200,0.02969,0.00000,1.00000,1.00000,2.00000,1.00000,0.00000,1.00000,,,,,,
sim1_pm,task003_symmetric,6,12.00000,3.00000,0.75000,both,0,,,,,,,,,,,,,,,,,-0.11879,-0.12747,-0.11012,0.20033,0.19287,0.20846
sim1_pm,task003_symmetric,6,12.00000,3.00000,0.75000,both,1,,,,,,,,,,,,,,,,,-0.00696,-0.01052,-0.00367,-0.00917,-0.01092,-0.00748
sim1_pm,task003_symmetric,6,12.00000,3.00000,0.75000,both,2,,,,,,,,,,,,,,,,,0.12575,0.11715,0.13396,-0.19117,-0.19907,-0.18370
sim1_pm,task003_symmetric,6,12.00000,3.00000,0.75000,false,2,0.31692,0.30208,0.33175,0.00221,0.43333,0.11642,0.04079,72.39300,0.83210,0.10507,0.55100,0.01100,24.00000,0.00300,0.00200,0.00000,,,,,,
sim1_pm,task003_symmetric,6,12.00000,3.00000,0.75000,truth,0,0.08154,0.07517,0.08779,-0.01612,0.92654,0.84500,0.02246,4.00200,0.04600,0.48901,1.00000,0.99600,2.00000,0.21000,0.00000,0.04700,,,,,,
sim1_pm,task003_symmetric,6,12.00000,3.00000,1.00000,both,0,,,,,,,,,,,,,,,,,0.00000,0.00000,0.00000,0.00000,0.00000,0.00000
sim1_pm,task003_symmetric,6,12.00000,3.00000,1.00000,both,1,,,,,,,,,,,,,,,,,0.00000,0.00000,0.00000,0.00000,0.00000,0.00000
sim1_pm,task003_symmetric,6,12.00000,3.00000,1.00000,both,2,,,,,,,,,,,,,,,,,0.00000,0.00000,0.00000,0.00000,0.00000,0.00000
sim1_pm,task003_symmetric,6,12.00000,3.00000,1.00000,false,2,0.00000,0.00000,0.00000,0.00000,0.00000,0.00000,0.00000,86.36400,0.99269,0.00000,0.06500,0.00500,,0.00000,1.00000,0.00000,,,,,,
sim1_pm,task003_symmetric,6,12.00000,3.00000,1.00000,truth,0,0.00000,0.00000,0.00000,0.00000,1.00000,1.00000,0.00000,2.50500,0.02879,0.00000,1.00000,1.00000,2.00000,1.00000,0.00000,1.00000,,,,,,
sim1_pm,task003_symmetric,6,12.00000,6.00000,0.75000,both,0,,,,,,,,,,,,,,,,,-0.20808,-0.21757,-0.19862,0.28963,0.28269,0.29656
sim1_pm,task003_symmetric,6,12.00000,6.00000,0.75000,both,1,,,,,,,,,,,,,,,,,-0.00567,-0.00892,-0.00248,-0.00896,-0.01083,-0.00729
sim1_pm,task003_symmetric,6,12.00000,6.00000,0.75000,both,2,,,,,,,,,,,,,,,,,0.21375,0.20465,0.22292,-0.28067,-0.28775,-0.27323
sim1_pm,task003_symmetric,6,12.00000,6.00000,0.75000,false,2,0.49442,0.47829,0.50942,0.00329,0.61083,0.11642,0.04188,123.50400,0.70979,0.09608,0.83200,0.01100,9.00000,0.01900,0.00000,0.00000,,,,,,
sim1_pm,task003_symmetric,6,12.00000,6.00000,0.75000,truth,0,0.08154,0.07492,0.08813,-0.01463,0.92654,0.84500,0.02396,7.99200,0.04593,0.24487,1.00000,0.99600,2.00000,0.19300,0.00000,0.04700,,,,,,
sim1_pm,task003_symmetric,6,12.00000,6.00000,1.00000,both,0,,,,,,,,,,,,,,,,,0.00000,0.00000,0.00000,0.00000,0.00000,0.00000
sim1_pm,task003_symmetric,6,12.00000,6.00000,1.00000,both,1,,,,,,,,,,,,,,,,,0.00000,0.00000,0.00000,0.00000,0.00000,0.00000
sim1_pm,task003_symmetric,6,12.00000,6.00000,1.00000,both,2,,,,,,,,,,,,,,,,,0.00000,0.00000,0.00000,0.00000,0.00000,0.00000
sim1_pm,task003_symmetric,6,12.00000,6.00000,1.00000,false,2,0.00000,0.00000,0.00000,0.00000,0.00000,0.00000,0.00000,172.39800,0.99079,0.00000,0.08800,0.00500,,0.00000,1.00000,0.00000,,,,,,
sim1_pm,task003_symmetric,6,12.00000,6.00000,1.00000,truth,0,0.00000,0.00000,0.00000,0.00000,1.00000,1.00000,0.00000,5.19000,0.02983,0.00000,1.00000,1.00000,2.00000,1.00000,0.00000,1.00000,,,,,,
sim1_pm,task003_symmetric,6,12.00000,9.00000,0.75000,both,0,,,,,,,,,,,,,,,,,-0.24152,-0.24921,-0.23374,0.33031,0.32469,0.33654
sim1_pm,task003_symmetric,6,12.00000,9.00000,0.75000,both,1,,,,,,,,,,,,,,,,,-0.01198,-0.01546,-0.00883,-0.00340,-0.00496,-0.00183
sim1_pm,task003_symmetric,6,12.00000,9.00000,0.75000,both,2,,,,,,,,,,,,,,,,,0.25350,0.24594,0.26144,-0.32692,-0.33336,-0.32106
sim1_pm,task003_symmetric,6,12.00000,9.00000,0.75000,false,2,0.58042,0.56846,0.59367,-0.00858,0.69683,0.11642,0.03000,159.59700,0.61148,0.08728,0.93600,0.01100,7.00000,0.01500,0.00000,0.00000,,,,,,
sim1_pm,task003_symmetric,6,12.00000,9.00000,0.75000,truth,0,0.08879,0.08250,0.09550,-0.01537,0.93379,0.84500,0.02321,11.40300,0.04369,0.18688,1.00000,0.99600,2.00000,0.23000,0.00000,0.04700,,,,,,
sim1_pm,task003_symmetric,6,12.00000,9.00000,1.00000,both,0,,,,,,,,,,,,,,,,,0.00000,0.00000,0.00000,0.00000,0.00000,0.00000
sim1_pm,task003_symmetric,6,12.00000,9.00000,1.00000,both,1,,,,,,,,,,,,,,,,,0.00000,0.00000,0.00000,0.00000,0.00000,0.00000
sim1_pm,task003_symmetric,6,12.00000,9.00000,1.00000,both,2,,,,,,,,,,,,,,,,,0.00000,0.00000,0.00000,0.00000,0.00000,0.00000
sim1_pm,task003_symmetric,6,12.00000,9.00000,1.00000,false,2,0.00000,0.00000,0.00000,0.00000,0.00000,0.00000,0.00000,258.59700,0.99079,0.00000,0.08800,0.00500,,0.00000,1.00000,0.00000,,,,,,
sim1_pm,task003_symmetric,6,12.00000,9.00000,1.00000,truth,0,0.00000,0.00000,0.00000,0.00000,1.00000,1.00000,0.00000,7.51500,0.02879,0.00000,1.00000,1.00000,2.00000,1.00000,0.00000,1.00000,,,,,,
sim1_pm,task003_symmetric,6,24.00000,1.00000,0.75000,both,0,,,,,,,,,,,,,,,,,-0.02004,-0.02740,-0.01294,0.05721,0.05035,0.06369
sim1_pm,task003_symmetric,6,24.00000,1.00000,0.75000,both,1,,,,,,,,,,,,,,,,,-0.01017,-0.01273,-0.00750,0.00504,0.00338,0.00654
sim1_pm,task003_symmetric,6,24.00000,1.00000,0.75000,both,2,,,,,,,,,,,,,,,,,0.03021,0.02302,0.03742,-0.06225,-0.06848,-0.05554
sim1_pm,task003_symmetric,6,24.00000,1.00000,0.75000,false,2,0.09246,0.07995,0.10467,-0.01521,0.20888,0.11642,0.02337,27.99800,0.96545,0.07926,0.15000,0.01100,,0.00100,0.03200,0.00000,,,,,,
sim1_pm,task003_symmetric,6,24.00000,1.00000,0.75000,truth,0,0.03717,0.03150,0.04329,-0.00512,0.88217,0.84500,0.03346,0.60200,0.02076,1.48173,1.00000,0.99600,2.00000,0.08600,0.00000,0.04700,,,,,,
sim1_pm,task003_symmetric,6,24.00000,1.00000,1.00000,both,0,,,,,,,,,,,,,,,,,0.00000,0.00000,0.00000,0.00000,0.00000,0.00000
sim1_pm,task003_symmetric,6,24.00000,1.00000,1.00000,both,1,,,,,,,,,,,,,,,,,0.00000,0.00000,0.00000,0.00000,0.00000,0.00000
sim1_pm,task003_symmetric,6,24.00000,1.00000,1.00000,both,2,,,,,,,,,,,,,,,,,0.00000,0.00000,0.00000,0.00000,0.00000,0.00000
sim1_pm,task003_symmetric,6,24.00000,1.00000,1.00000,false,2,0.00000,0.00000,0.00000,0.00000,0.00000,0.00000,0.00000,28.97900,0.99928,0.00000,0.01900,0.00500,,0.00000,1.00000,0.00000,,,,,,
sim1_pm,task003_symmetric,6,24.00000,1.00000,1.00000,truth,0,0.00000,0.00000,0.00000,0.00000,1.00000,1.00000,0.00000,0.30000,0.01034,0.00000,1.00000,1.00000,2.00000,1.00000,0.00000,1.00000,,,,,,
sim1_pm,task003_symmetric,6,24.00000,2.00000,0.75000,both,0,,,,,,,,,,,,,,,,,-0.07983,-0.08860,-0.07135,0.12292,0.11481,0.13140
sim1_pm,task003_symmetric,6,24.00000,2.00000,0.75000,both,1,,,,,,,,,,,,,,,,,-0.01221,-0.01481,-0.00958,0.00296,0.00127,0.00452
sim1_pm,task003_symmetric,6,24.00000,2.00000,0.75000,both,2,,,,,,,,,,,,,,,,,0.09204,0.08331,0.10032,-0.12587,-0.13394,-0.11815
sim1_pm,task003_symmetric,6,24.00000,2.00000,0.75000,false,2,0.21792,0.20241,0.23308,-0.01517,0.33433,0.11642,0.02342,52.87000,0.91155,0.09892,0.32200,0.01100,,0.00500,0.00700,0.00000,,,,,,
sim1_pm,task003_symmetric,6,24.00000,2.00000,0.75000,truth,0,0.04308,0.03771,0.04925,-0.00925,0.88808,0.84500,0.02933,1.06000,0.01828,0.97547,1.00000,0.99600,2.00000,0.09600,0.00000,0.04700,,,,,,
sim1_pm,task003_symmetric,6,24.00000,2.00000,1.00000,both,0,,,,,,,,,,,,,,,,,-0.00004,-0.00010,0.00000,0.00000,-0.00006,0.00006
sim1_pm,task003_symmetric,6,24.00000,2.00000,1.00000,both,1,,,,,,,,,,,,,,,,,0.00002,0.00000,0.00006,0.00002,0.00000,0.00006
sim1_pm,task003_symmetric,6,24.00000,2.00000,1.00000,both,2,,,,,,,,,,,,,,,,,0.00002,0.00000,0.00006,-0.00002,-0.00006,0.00000
sim1_pm,task003_symmetric,6,24.00000,2.00000,1.00000,false,2,0.00004,0.00000,0.00013,0.00000,0.00004,0.00000,0.00000,57.84200,0.99728,0.00002,0.05300,0.00500,,0.00000,0.99900,0.00000,,,,,,
sim1_pm,task003_symmetric,6,24.00000,2.00000,1.00000,truth,0,-0.00004,-0.00012,0.00000,0.00004,0.99996,1.00000,0.00004,0.59600,0.01028,-0.00168,1.00000,1.00000,2.00000,0.99900,0.00000,1.00000,,,,,,
sim1_pm,task003_symmetric,6,24.00000,3.00000,0.75000,both,0,,,,,,,,,,,,,,,,,-0.08015,-0.08825,-0.07276,0.12548,0.11783,0.13357
sim1_pm,task003_symmetric,6,24.00000,3.00000,0.75000,both,1,,,,,,,,,,,,,,,,,-0.00875,-0.01148,-0.00594,-0.00129,-0.00308,0.00062
sim1_pm,task003_symmetric,6,24.00000,3.00000,0.75000,both,2,,,,,,,,,,,,,,,,,0.08890,0.08148,0.09723,-0.12419,-0.13202,-0.11677
sim1_pm,task003_symmetric,6,24.00000,3.00000,0.75000,false,2,0.21308,0.19929,0.22904,-0.00746,0.32950,0.11642,0.03112,79.56300,0.91452,0.06428,0.31600,0.01100,,0.00300,0.00500,0.00000,,,,,,
sim1_pm,task003_symmetric,6,24.00000,3.00000,0.75000,truth,0,0.04533,0.03933,0.05108,-0.01004,0.89033,0.84500,0.02854,1.55100,0.01783,0.70148,1.00000,0.99600,2.00000,0.10500,0.00000,0.04700,,,,,,
sim1_pm,task003_symmetric,6,24.00000,3.00000,1.00000,both,0,,,,,,,,,,,,,,,,,0.00000,0.00000,0.00000,0.00000,0.00000,0.00000
sim1_pm,task003_symmetric,6,24.00000,3.00000,1.00000,both,1,,,,,,,,,,,,,,,,,0.00000,0.00000,0.00000,0.00000,0.00000,0.00000
sim1_pm,task003_symmetric,6,24.00000,3.00000,1.00000,both,2,,,,,,,,,,,,,,,,,0.00000,0.00000,0.00000,0.00000,0.00000,0.00000
sim1_pm,task003_symmetric,6,24.00000,3.00000,1.00000,false,2,0.00000,0.00000,0.00000,0.00000,0.00000,0.00000,0.00000,86.74500,0.99707,0.00000,0.05400,0.00500,,0.00000,1.00000,0.00000,,,,,,
sim1_pm,task003_symmetric,6,24.00000,3.00000,1.00000,truth,0,0.00000,0.00000,0.00000,0.00000,1.00000,1.00000,0.00000,0.87900,0.01010,0.00000,1.00000,1.00000,2.00000,1.00000,0.00000,1.00000,,,,,,
sim1_pm,task003_symmetric,6,24.00000,6.00000,0.75000,both,0,,,,,,,,,,,,,,,,,-0.21923,-0.22729,-0.21089,0.26352,0.25652,0.27004
sim1_pm,task003_symmetric,6,24.00000,6.00000,0.75000,both,1,,,,,,,,,,,,,,,,,-0.00423,-0.00690,-0.00156,-0.00290,-0.00467,-0.00121
sim1_pm,task003_symmetric,6,24.00000,6.00000,0.75000,both,2,,,,,,,,,,,,,,,,,0.22346,0.21502,0.23108,-0.26062,-0.26759,-0.25335
sim1_pm,task003_symmetric,6,24.00000,6.00000,0.75000,false,2,0.48408,0.46937,0.49809,-0.00133,0.60050,0.11642,0.03725,133.98000,0.77000,0.08671,0.84300,0.01100,10.00000,0.01300,0.00000,0.00000,,,,,,
sim1_pm,task003_symmetric,6,24.00000,6.00000,0.75000,truth,0,0.04429,0.03875,0.05025,-0.00713,0.88929,0.84500,0.03146,3.14400,0.01807,0.33810,1.00000,0.99600,2.00000,0.10300,0.00000,0.04700,,,,,,
sim1_pm,task003_symmetric,6,24.00000,6.00000,1.00000,both,0,,,,,,,,,,,,,,,,,0.00000,0.00000,0.00000,0.00000,0.00000,0.00000
sim1_pm,task003_symmetric,6,24.00000,6.00000,1.00000,both,1,,,,,,,,,,,,,,,,,0.00000,0.00000,0.00000,0.00000,0.00000,0.00000
sim1_pm,task003_symmetric,6,24.00000,6.00000,1.00000,both,2,,,,,,,,,,,,,,,,,0.00000,0.00000,0.00000,0.00000,0.00000,0.00000
sim1_pm,task003_symmetric,6,24.00000,6.00000,1.00000,false,2,0.00000,0.00000,0.00000,0.00000,0.00000,0.00000,0.00000,173.40000,0.99655,0.00000,0.05700,0.00500,,0.00000,1.00000,0.00000,,,,,,
sim1_pm,task003_symmetric,6,24.00000,6.00000,1.00000,truth,0,0.00000,0.00000,0.00000,0.00000,1.00000,1.00000,0.00000,1.75200,0.01007,0.00000,1.00000,1.00000,2.00000,1.00000,0.00000,1.00000,,,,,,
sim1_pm,task003_symmetric,6,24.00000,9.00000,0.75000,both,0,,,,,,,,,,,,,,,,,-0.27048,-0.27698,-0.26366,0.32006,0.31456,0.32598
sim1_pm,task003_symmetric,6,24.00000,9.00000,0.75000,both,1,,,,,,,,,,,,,,,,,-0.00656,-0.00940,-0.00371,-0.00119,-0.00313,0.00048
sim1_pm,task003_symmetric,6,24.00000,9.00000,0.75000,both,2,,,,,,,,,,,,,,,,,0.27704,0.27023,0.28340,-0.31888,-0.32496,-0.31283
sim1_pm,task003_symmetric,6,24.00000,9.00000,0.75000,false,2,0.59592,0.58412,0.60788,-0.00537,0.71233,0.11642,0.03321,167.96700,0.64355,0.08515,0.97900,0.01100,7.00000,0.02500,0.00000,0.00000,,,,,,
sim1_pm,task003_symmetric,6,24.00000,9.00000,0.75000,truth,0,0.04958,0.04408,0.05600,-0.00775,0.89458,0.84500,0.03083,4.64400,0.01779,0.25624,1.00000,0.99600,2.00000,0.13800,0.00000,0.04700,,,,,,
sim1_pm,task003_symmetric,6,24.00000,9.00000,1.00000,both,0,,,,,,,,,,,,,,,,,0.00000,0.00000,0.00000,0.00000,0.00000,0.00000
sim1_pm,task003_symmetric,6,24.00000,9.00000,1.00000,both,1,,,,,,,,,,,,,,,,,0.00000,0.00000,0.00000,0.00000,0.00000,0.00000
sim1_pm,task003_symmetric,6,24.00000,9.00000,1.00000,both,2,,,,,,,,,,,,,,,,,0.00000,0.00000,0.00000,0.00000,0.00000,0.00000
sim1_pm,task003_symmetric,6,24.00000,9.00000,1.00000,false,2,0.00000,0.00000,0.00000,0.00000,0.00000,0.00000,0.00000,259.70400,0.99503,0.00000,0.07900,0.00500,,0.00000,1.00000,0.00000,,,,,,
sim1_pm,task003_symmetric,6,24.00000,9.00000,1.00000,truth,0,0.00000,0.00000,0.00000,0.00000,1.00000,1.00000,0.00000,2.59200,0.00993,0.00000,1.00000,1.00000,2.00000,1.00000,0.00000,1.00000,,,,,,
sim1_pm,task003_symmetric,12,3.00000,1.00000,0.75000,both,0,,,,,,,,,,,,,,,,,-0.01252,-0.01671,-0.00792,0.03869,0.03523,0.04217
sim1_pm,task003_symmetric,12,3.00000,1.00000,0.75000,both,1,,,,,,,,,,,,,,,,,-0.00498,-0.00683,-0.00304,-0.00069,-0.00163,0.00023
sim1_pm,task003_symmetric,12,3.00000,1.00000,0.75000,both,2,,,,,,,,,,,,,,,,,0.01750,0.01312,0.02179,-0.03800,-0.04142,-0.03462
sim1_pm,task003_symmetric,12,3.00000,1.00000,0.75000,false,2,0.05550,0.04887,0.06237,-0.00429,0.09838,0.04288,0.01100,28.81900,0.99376,0.04622,0.02700,0.01000,,0.00100,0.12700,0.00000,,,,,,
sim1_pm,task003_symmetric,12,3.00000,1.00000,0.75000,truth,0,0.02617,0.02237,0.03058,-0.00567,0.96800,0.94183,0.00962,3.53600,0.12193,0.17760,1.00000,0.99900,2.00000,0.46800,0.00000,0.29800,,,,,,
sim1_pm,task003_symmetric,12,3.00000,1.00000,1.00000,both,0,,,,,,,,,,,,,,,,,0.00000,0.00000,0.00000,0.00000,0.00000,0.00000
sim1_pm,task003_symmetric,12,3.00000,1.00000,1.00000,both,1,,,,,,,,,,,,,,,,,0.00000,0.00000,0.00000,0.00000,0.00000,0.00000
sim1_pm,task003_symmetric,12,3.00000,1.00000,1.00000,both,2,,,,,,,,,,,,,,,,,0.00000,0.00000,0.00000,0.00000,0.00000,0.00000
sim1_pm,task003_symmetric,12,3.00000,1.00000,1.00000,false,2,0.00000,0.00000,0.00000,0.00000,0.00000,0.00000,0.00000,28.96200,0.99869,0.00000,0.01100,0.00900,,0.00000,1.00000,0.00000,,,,,,
sim1_pm,task003_symmetric,12,3.00000,1.00000,1.00000,truth,0,0.00000,0.00000,0.00000,0.00000,1.00000,1.00000,0.00000,0.85200,0.02938,0.00000,1.00000,1.00000,2.00000,1.00000,0.00000,1.00000,,,,,,
sim1_pm,task003_symmetric,12,3.00000,2.00000,0.75000,both,0,,,,,,,,,,,,,,,,,-0.01767,-0.02263,-0.01304,0.05121,0.04739,0.05538
sim1_pm,task003_symmetric,12,3.00000,2.00000,0.75000,both,1,,,,,,,,,,,,,,,,,-0.00492,-0.00677,-0.00310,-0.00117,-0.00217,-0.00027
sim1_pm,task003_symmetric,12,3.00000,2.00000,0.75000,both,2,,,,,,,,,,,,,,,,,0.02258,0.01812,0.02725,-0.05004,-0.05410,-0.04600
sim1_pm,task003_symmetric,12,3.00000,2.00000,0.75000,false,2,0.07263,0.06467,0.08088,-0.00375,0.11550,0.04288,0.01154,57.17800,0.98583,0.03048,0.06600,0.01000,,0.00100,0.10500,0.00000,,,,,,
sim1_pm,task003_symmetric,12,3.00000,2.00000,0.75000,truth,0,0.03354,0.02942,0.03746,-0.00608,0.97537,0.94183,0.00921,6.14000,0.10586,0.13111,1.00000,0.99900,2.00000,0.56000,0.00000,0.29800,,,,,,
sim1_pm,task003_symmetric,12,3.00000,2.00000,1.00000,both,0,,,,,,,,,,,,,,,,,0.00000,0.00000,0.00000,0.00000,0.00000,0.00000
sim1_pm,task003_symmetric,12,3.00000,2.00000,1.00000,both,1,,,,,,,,,,,,,,,,,0.00000,0.00000,0.00000,0.00000,0.00000,0.00000
sim1_pm,task003_symmetric,12,3.00000,2.00000,1.00000,both,2,,,,,,,,,,,,,,,,,0.00000,0.00000,0.00000,0.00000,0.00000,0.00000
sim1_pm,task003_symmetric,12,3.00000,2.00000,1.00000,false,2,0.00000,0.00000,0.00000,0.00000,0.00000,0.00000,0.00000,57.89200,0.99814,0.00000,0.02100,0.00900,,0.00000,1.00000,0.00000,,,,,,
sim1_pm,task003_symmetric,12,3.00000,2.00000,1.00000,truth,0,0.00000,0.00000,0.00000,0.00000,1.00000,1.00000,0.00000,1.55400,0.02679,0.00000,1.00000,1.00000,2.00000,1.00000,0.00000,1.00000,,,,,,
sim1_pm,task003_symmetric,12,3.00000,3.00000,0.75000,both,0,,,,,,,,,,,,,,,,,-0.02196,-0.02698,-0.01650,0.05983,0.05531,0.06421
sim1_pm,task003_symmetric,12,3.00000,3.00000,0.75000,both,1,,,,,,,,,,,,,,,,,-0.00617,-0.00800,-0.00425,-0.00142,-0.00229,-0.00046
sim1_pm,task003_symmetric,12,3.00000,3.00000,0.75000,both,2,,,,,,,,,,,,,,,,,0.02813,0.02300,0.03335,-0.05842,-0.06288,-0.05400
sim1_pm,task003_symmetric,12,3.00000,3.00000,0.75000,false,2,0.08654,0.07762,0.09563,-0.00475,0.12942,0.04288,0.01054,85.10400,0.97821,0.02441,0.09900,0.01000,,0.00100,0.09400,0.00000,,,,,,
sim1_pm,task003_symmetric,12,3.00000,3.00000,0.75000,truth,0,0.03787,0.03425,0.04217,-0.00758,0.97971,0.94183,0.00771,7.98000,0.09172,0.11391,1.00000,0.99900,2.00000,0.64000,0.00000,0.29800,,,,,,
sim1_pm,task003_symmetric,12,3.00000,3.00000,1.00000,both,0,,,,,,,,,,,,,,,,,0.00000,0.00000,0.00000,0.00000,0.00000,0.00000
sim1_pm,task003_symmetric,12,3.00000,3.00000,1.00000,both,1,,,,,,,,,,,,,,,,,0.00000,0.00000,0.00000,0.00000,0.00000,0.00000
sim1_pm,task003_symmetric,12,3.00000,3.00000,1.00000,both,2,,,,,,,,,,,,,,,,,0.00000,0.00000,0.00000,0.00000,0.00000,0.00000
sim1_pm,task003_symmetric,12,3.00000,3.00000,1.00000,false,2,0.00000,0.00000,0.00000,0.00000,0.00000,0.00000,0.00000,86.78400,0.99752,0.00000,0.03700,0.00900,,0.00000,1.00000,0.00000,,,,,,
sim1_pm,task003_symmetric,12,3.00000,3.00000,1.00000,truth,0,0.00000,0.00000,0.00000,0.00000,1.00000,1.00000,0.00000,2.27400,0.02614,0.00000,1.00000,1.00000,2.00000,1.00000,0.00000,1.00000,,,,,,
sim1_pm,task003_symmetric,12,3.00000,6.00000,0.75000,both,0,,,,,,,,,,,,,,,,,-0.03387,-0.03892,-0.02896,0.07342,0.06890,0.07808
sim1_pm,task003_symmetric,12,3.00000,6.00000,0.75000,both,1,,,,,,,,,,,,,,,,,-0.00456,-0.00627,-0.00273,-0.00252,-0.00348,-0.00158
sim1_pm,task003_symmetric,12,3.00000,6.00000,0.75000,both,2,,,,,,,,,,,,,,,,,0.03844,0.03371,0.04348,-0.07090,-0.07544,-0.06621
sim1_pm,task003_symmetric,12,3.00000,6.00000,0.75000,false,2,0.10933,0.10049,0.11842,-0.00204,0.15221,0.04288,0.01325,169.39800,0.97355,0.01549,0.13400,0.01000,,0.00200,0.06100,0.00000,,,,,,
sim1_pm,task003_symmetric,12,3.00000,6.00000,0.75000,truth,0,0.03954,0.03575,0.04346,-0.00708,0.98137,0.94183,0.00821,14.28000,0.08207,0.06646,1.00000,0.99900,2.00000,0.64300,0.00000,0.29800,,,,,,
sim1_pm,task003_symmetric,12,3.00000,6.00000,1.00000,both,0,,,,,,,,,,,,,,,,,0.00000,0.00000,0.00000,0.00000,0.00000,0.00000
sim1_pm,task003_symmetric,12,3.00000,6.00000,1.00000,both,1,,,,,,,,,,,,,,,,,0.00000,0.00000,0.00000,0.00000,0.00000,0.00000
sim1_pm,task003_symmetric,12,3.00000,6.00000,1.00000,both,2,,,,,,,,,,,,,,,,,0.00000,0.00000,0.00000,0.00000,0.00000,0.00000
sim1_pm,task003_symmetric,12,3.00000,6.00000,1.00000,false,2,0.00000,0.00000,0.00000,0.00000,0.00000,0.00000,0.00000,173.51400,0.99721,0.00000,0.04000,0.00900,,0.00000,1.00000,0.00000,,,,,,
sim1_pm,task003_symmetric,12,3.00000,6.00000,1.00000,truth,0,0.00000,0.00000,0.00000,0.00000,1.00000,1.00000,0.00000,4.45800,0.02562,0.00000,1.00000,1.00000,2.00000,1.00000,0.00000,1.00000,,,,,,
sim1_pm,task003_symmetric,12,3.00000,9.00000,0.75000,both,0,,,,,,,,,,,,,,,,,-0.05481,-0.06092,-0.04827,0.09494,0.08914,0.10085
sim1_pm,task003_symmetric,12,3.00000,9.00000,0.75000,both,1,,,,,,,,,,,,,,,,,-0.00750,-0.00944,-0.00577,0.00037,-0.00044,0.00117
sim1_pm,task003_symmetric,12,3.00000,9.00000,0.75000,both,2,,,,,,,,,,,,,,,,,0.06231,0.05562,0.06856,-0.09531,-0.10121,-0.08937
sim1_pm,task003_symmetric,12,3.00000,9.00000,0.75000,false,2,0.15762,0.14558,0.16901,-0.00788,0.20050,0.04288,0.00742,250.03800,0.95800,0.01513,0.18400,0.01000,,0.00500,0.05500,0.00000,,,,,,
sim1_pm,task003_symmetric,12,3.00000,9.00000,0.75000,truth,0,0.04012,0.03621,0.04421,-0.00713,0.98196,0.94183,0.00817,19.97100,0.07652,0.04822,1.00000,0.99900,2.00000,0.66700,0.00000,0.29800,,,,,,
sim1_pm,task003_symmetric,12,3.00000,9.00000,1.00000,both,0,,,,,,,,,,,,,,,,,-0.00002,-0.00006,0.00000,0.00002,0.00000,0.00006
sim1_pm,task003_symmetric,12,3.00000,9.00000,1.00000,both,1,,,,,,,,,,,,,,,,,0.00000,0.00000,0.00000,0.00000,0.00000,0.00000
sim1_pm,task003_symmetric,12,3.00000,9.00000,1.00000,both,2,,,,,,,,,,,,,,,,,0.00002,0.00000,0.00006,-0.00002,-0.00006,0.00000
sim1_pm,task003_symmetric,12,3.00000,9.00000,1.00000,false,2,0.00004,0.00000,0.00013,0.00000,0.00004,0.00000,0.00000,260.25300,0.99714,0.00000,0.03800,0.00900,,0.00000,0.99900,0.00000,,,,,,
sim1_pm,task003_symmetric,12,3.00000,9.00000,1.00000,truth,0,0.00000,0.00000,0.00000,0.00000,1.00000,1.00000,0.00000,6.77700,0.02597,0.00000,1.00000,1.00000,2.00000,1.00000,0.00000,1.00000,,,,,,
sim1_pm,task003_symmetric,12,6.00000,1.00000,0.75000,both,0,,,,,,,,,,,,,,,,,-0.02344,-0.02798,-0.01885,0.04385,0.04006,0.04752
sim1_pm,task003_symmetric,12,6.00000,1.00000,0.75000,both,1,,,,,,,,,,,,,,,,,-0.00217,-0.00406,-0.00033,-0.00092,-0.00200,0.00008
sim1_pm,task003_symmetric,12,6.00000,1.00000,0.75000,both,2,,,,,,,,,,,,,,,,,0.02560,0.02129,0.02988,-0.04294,-0.04660,-0.03894
sim1_pm,task003_symmetric,12,6.00000,1.00000,0.75000,false,2,0.06854,0.06117,0.07546,-0.00125,0.11142,0.04288,0.01404,28.80700,0.99334,0.05710,0.04100,0.01000,,0.00100,0.09700,0.00000,,,,,,
sim1_pm,task003_symmetric,12,6.00000,1.00000,0.75000,truth,0,0.02042,0.01671,0.02433,-0.00308,0.96225,0.94183,0.01221,1.43700,0.04955,0.34099,1.00000,0.99900,2.00000,0.41300,0.00000,0.29800,,,,,,
sim1_pm,task003_symmetric,12,6.00000,1.00000,1.00000,both,0,,,,,,,,,,,,,,,,,0.00000,0.00000,0.00000,0.00000,0.00000,0.00000
sim1_pm,task003_symmetric,12,6.00000,1.00000,1.00000,both,1,,,,,,,,,,,,,,,,,0.00000,0.00000,0.00000,0.00000,0.00000,0.00000
sim1_pm,task003_symmetric,12,6.00000,1.00000,1.00000,both,2,,,,,,,,,,,,,,,,,0.00000,0.00000,0.00000,0.00000,0.00000,0.00000
sim1_pm,task003_symmetric,12,6.00000,1.00000,1.00000,false,2,0.00000,0.00000,0.00000,0.00000,0.00000,0.00000,0.00000,28.98000,0.99931,0.00000,0.01200,0.00900,,0.00000,1.00000,0.00000,,,,,,
sim1_pm,task003_symmetric,12,6.00000,1.00000,1.00000,truth,0,0.00000,0.00000,0.00000,0.00000,1.00000,1.00000,0.00000,0.61000,0.02103,0.00000,1.00000,1.00000,2.00000,1.00000,0.00000,1.00000,,,,,,
sim1_pm,task003_symmetric,12,6.00000,2.00000,0.75000,both,0,,,,,,,,,,,,,,,,,-0.02798,-0.03277,-0.02337,0.05256,0.04854,0.05694
sim1_pm,task003_symmetric,12,6.00000,2.00000,0.75000,both,1,,,,,,,,,,,,,,,,,-0.00179,-0.00352,-0.00002,0.00004,-0.00106,0.00106
sim1_pm,task003_symmetric,12,6.00000,2.00000,0.75000,both,2,,,,,,,,,,,,,,,,,0.02977,0.02521,0.03450,-0.05260,-0.05671,-0.04869
sim1_pm,task003_symmetric,12,6.00000,2.00000,0.75000,false,2,0.08237,0.07504,0.09054,-0.00183,0.12525,0.04288,0.01346,57.15000,0.98534,0.03459,0.06900,0.01000,,0.00100,0.10000,0.00000,,,,,,
sim1_pm,task003_symmetric,12,6.00000,2.00000,0.75000,truth,0,0.02458,0.02092,0.02863,-0.00175,0.96642,0.94183,0.01354,2.41200,0.04159,0.24461,1.00000,0.99900,2.00000,0.46300,0.00000,0.29800,,,,,,
sim1_pm,task003_symmetric,12,6.00000,2.00000,1.00000,both,0,,,,,,,,,,,,,,,,,0.00000,0.00000,0.00000,0.00000,0.00000,0.00000
sim1_pm,task003_symmetric,12,6.00000,2.00000,1.00000,both,1,,,,,,,,,,,,,,,,,0.00000,0.00000,0.00000,0.00000,0.00000,0.00000
sim1_pm,task003_symmetric,12,6.00000,2.00000,1.00000,both,2,,,,,,,,,,,,,,,,,0.00000,0.00000,0.00000,0.00000,0.00000,0.00000
sim1_pm,task003_symmetric,12,6.00000,2.00000,1.00000,false,2,0.00000,0.00000,0.00000,0.00000,0.00000,0.00000,0.00000,57.92000,0.99862,0.00000,0.02300,0.00900,,0.00000,1.00000,0.00000,,,,,,
sim1_pm,task003_symmetric,12,6.00000,2.00000,1.00000,truth,0,0.00000,0.00000,0.00000,0.00000,1.00000,1.00000,0.00000,1.16000,0.02000,0.00000,1.00000,1.00000,2.00000,1.00000,0.00000,1.00000,,,,,,
sim1_pm,task003_symmetric,12,6.00000,3.00000,0.75000,both,0,,,,,,,,,,,,,,,,,-0.02812,-0.03367,-0.02321,0.05475,0.05018,0.05938
sim1_pm,task003_symmetric,12,6.00000,3.00000,0.75000,both,1,,,,,,,,,,,,,,,,,-0.00304,-0.00485,-0.00114,-0.00075,-0.00179,0.00033
sim1_pm,task003_symmetric,12,6.00000,3.00000,0.75000,both,2,,,,,,,,,,,,,,,,,0.03117,0.02646,0.03650,-0.05400,-0.05850,-0.04954
sim1_pm,task003_symmetric,12,6.00000,3.00000,0.75000,false,2,0.08517,0.07629,0.09455,-0.00229,0.12804,0.04288,0.01300,84.89700,0.97583,0.02408,0.11400,0.01000,,0.00200,0.10100,0.00000,,,,,,
sim1_pm,task003_symmetric,12,6.00000,3.00000,0.75000,truth,0,0.02663,0.02275,0.03046,-0.00379,0.96846,0.94183,0.01150,3.33000,0.03828,0.19189,1.00000,0.99900,2.00000,0.47800,0.00000,0.29800,,,,,,
sim1_pm,task003_symmetric,12,6.00000,3.00000,1.00000,both,0,,,,,,,,,,,,,,,,,0.00000,0.00000,0.00000,0.00000,0.00000,0.00000
sim1_pm,task003_symmetric,12,6.00000,3.00000,1.00000,both,1,,,,,,,,,,,,,,,,,0.00000,0.00000,0.00000,0.00000,0.00000,0.00000
sim1_pm,task003_symmetric,12,6.00000,3.00000,1.00000,both,2,,,,,,,,,,,,,,,,,0.00000,0.00000,0.00000,0.00000,0.00000,0.00000
sim1_pm,task003_symmetric,12,6.00000,3.00000,1.00000,false,2,0.00000,0.00000,0.00000,0.00000,0.00000,0.00000,0.00000,86.80800,0.99779,0.00000,0.03600,0.00900,,0.00000,1.00000,0.00000,,,,,,
sim1_pm,task003_symmetric,12,6.00000,3.00000,1.00000,truth,0,0.00000,0.00000,0.00000,0.00000,1.00000,1.00000,0.00000,1.70400,0.01959,0.00000,1.00000,1.00000,2.00000,1.00000,0.00000,1.00000,,,,,,
sim1_pm,task003_symmetric,12,6.00000,6.00000,0.75000,both,0,,,,,,,,,,,,,,,,,-0.03898,-0.04446,-0.03377,0.06752,0.06290,0.07250
sim1_pm,task003_symmetric,12,6.00000,6.00000,0.75000,both,1,,,,,,,,,,,,,,,,,-0.00223,-0.00419,-0.00027,-0.00110,-0.00219,0.00006
sim1_pm,task003_symmetric,12,6.00000,6.00000,0.75000,both,2,,,,,,,,,,,,,,,,,0.04121,0.03623,0.04663,-0.06642,-0.07142,-0.06185
sim1_pm,task003_symmetric,12,6.00000,6.00000,0.75000,false,2,0.10763,0.09866,0.11729,-0.00112,0.15050,0.04288,0.01417,168.83400,0.97031,0.01530,0.14700,0.01000,,0.00300,0.07600,0.00000,,,,,,
sim1_pm,task003_symmetric,12,6.00000,6.00000,0.75000,truth,0,0.02854,0.02487,0.03279,-0.00333,0.97037,0.94183,0.01196,6.51600,0.03745,0.10513,1.00000,0.99900,2.00000,0.51600,0.00000,0.29800,,,,,,
sim1_pm,task003_symmetric,12,6.00000,6.00000,1.00000,both,0,,,,,,,,,,,,,,,,,0.00000,0.00000,0.00000,0.00000,0.00000,0.00000
sim1_pm,task003_symmetric,12,6.00000,6.00000,1.00000,both,1,,,,,,,,,,,,,,,,,0.00000,0.00000,0.00000,0.00000,0.00000,0.00000
sim1_pm,task003_symmetric,12,6.00000,6.00000,1.00000,both,2,,,,,,,,,,,,,,,,,0.00000,0.00000,0.00000,0.00000,0.00000,0.00000
sim1_pm,task003_symmetric,12,6.00000,6.00000,1.00000,false,2,0.00000,0.00000,0.00000,0.00000,0.00000,0.00000,0.00000,173.52600,0.99728,0.00000,0.04800,0.00900,,0.00000,1.00000,0.00000,,,,,,
sim1_pm,task003_symmetric,12,6.00000,6.00000,1.00000,truth,0,0.00000,0.00000,0.00000,0.00000,1.00000,1.00000,0.00000,3.38400,0.01945,0.00000,1.00000,1.00000,2.00000,1.00000,0.00000,1.00000,,,,,,
sim1_pm,task003_symmetric,12,6.00000,9.00000,0.75000,both,0,,,,,,,,,,,,,,,,,-0.05417,-0.06011,-0.04831,0.08442,0.07946,0.08967
sim1_pm,task003_symmetric,12,6.00000,9.00000,0.75000,both,1,,,,,,,,,,,,,,,,,-0.00529,-0.00710,-0.00354,0.00104,0.00010,0.00196
sim1_pm,task003_symmetric,12,6.00000,9.00000,0.75000,both,2,,,,,,,,,,,,,,,,,0.05946,0.05379,0.06508,-0.08546,-0.09079,-0.08033
sim1_pm,task003_symmetric,12,6.00000,9.00000,0.75000,false,2,0.14492,0.13508,0.15546,-0.00633,0.18779,0.04288,0.00896,250.95600,0.96152,0.01386,0.17300,0.01000,,0.00400,0.04800,0.00000,,,,,,
sim1_pm,task003_symmetric,12,6.00000,9.00000,0.75000,truth,0,0.03025,0.02650,0.03421,-0.00425,0.97208,0.94183,0.01104,9.08100,0.03479,0.07995,1.00000,0.99900,2.00000,0.53100,0.00000,0.29800,,,,,,
sim1_pm,task003_symmetric,12,6.00000,9.00000,1.00000,both,0,,,,,,,,,,,,,,,,,0.00000,0.00000,0.00000,0.00000,0.00000,0.00000
sim1_pm,task003_symmetric,12,6.00000,9.00000,1.00000,both,1,,,,,,,,,,,,,,,,,0.00000,0.00000,0.00000,0.00000,0.00000,0.00000
sim1_pm,task003_symmetric,12,6.00000,9.00000,1.00000,both,2,,,,,,,,,,,,,,,,,0.00000,0.00000,0.00000,0.00000,0.00000,0.00000
sim1_pm,task003_symmetric,12,6.00000,9.00000,1.00000,false,2,0.00000,0.00000,0.00000,0.00000,0.00000,0.00000,0.00000,260.24400,0.99710,0.00000,0.05000,0.00900,,0.00000,1.00000,0.00000,,,,,,
sim1_pm,task003_symmetric,12,6.00000,9.00000,1.00000,truth,0,0.00000,0.00000,0.00000,0.00000,1.00000,1.00000,0.00000,5.06700,0.01941,0.00000,1.00000,1.00000,2.00000,1.00000,0.00000,1.00000,,,,,,
sim1_pm,task003_symmetric,12,12.00000,1.00000,0.75000,both,0,,,,,,,,,,,,,,,,,-0.02098,-0.02494,-0.01700,0.03277,0.02917,0.03648
sim1_pm,task003_symmetric,12,12.00000,1.00000,0.75000,both,1,,,,,,,,,,,,,,,,,-0.00352,-0.00519,-0.00190,0.00173,0.00075,0.00267
sim1_pm,task003_symmetric,12,12.00000,1.00000,0.75000,both,2,,,,,,,,,,,,,,,,,0.02450,0.02062,0.02823,-0.03450,-0.03811,-0.03089
sim1_pm,task003_symmetric,12,12.00000,1.00000,0.75000,false,2,0.05900,0.05175,0.06550,-0.00525,0.10187,0.04288,0.01004,28.73000,0.99069,0.04929,0.04300,0.01000,,0.00000,0.15100,0.00000,,,,,,
sim1_pm,task003_symmetric,12,12.00000,1.00000,0.75000,truth,0,0.01179,0.00867,0.01542,-0.00179,0.95362,0.94183,0.01350,0.58700,0.02024,0.48211,1.00000,0.99900,2.00000,0.34300,0.00000,0.29800,,,,,,
sim1_pm,task003_symmetric,12,12.00000,1.00000,1.00000,both,0,,,,,,,,,,,,,,,,,0.00000,0.00000,0.00000,0.00000,0.00000,0.00000
sim1_pm,task003_symmetric,12,12.00000,1.00000,1.00000,both,1,,,,,,,,,,,,,,,,,0.00000,0.00000,0.00000,0.00000,0.00000,0.00000
sim1_pm,task003_symmetric,12,12.00000,1.00000,1.00000,both,2,,,,,,,,,,,,,,,,,0.00000,0.00000,0.00000,0.00000,0.00000,0.00000
sim1_pm,task003_symmetric,12,12.00000,1.00000,1.00000,false,2,0.00000,0.00000,0.00000,0.00000,0.00000,0.00000,0.00000,28.97100,0.99900,0.00000,0.01200,0.00900,,0.00000,1.00000,0.00000,,,,,,
sim1_pm,task003_symmetric,12,12.00000,1.00000,1.00000,truth,0,0.00000,0.00000,0.00000,0.00000,1.00000,1.00000,0.00000,0.44900,0.01548,0.00000,1.00000,1.00000,2.00000,1.00000,0.00000,1.00000,,,,,,
sim1_pm,task003_symmetric,12,12.00000,2.00000,0.75000,both,0,,,,,,,,,,,,,,,,,-0.02621,-0.03077,-0.02169,0.04058,0.03677,0.04458
sim1_pm,task003_symmetric,12,12.00000,2.00000,0.75000,both,1,,,,,,,,,,,,,,,,,-0.00431,-0.00596,-0.00281,0.00156,0.00052,0.00256
sim1_pm,task003_symmetric,12,12.00000,2.00000,0.75000,both,2,,,,,,,,,,,,,,,,,0.03052,0.02604,0.03483,-0.04215,-0.04613,-0.03842
sim1_pm,task003_symmetric,12,12.00000,2.00000,0.75000,false,2,0.07267,0.06500,0.08021,-0.00588,0.11554,0.04288,0.00942,57.24000,0.98690,0.03047,0.06500,0.01000,,0.00000,0.12200,0.00000,,,,,,
sim1_pm,task003_symmetric,12,12.00000,2.00000,0.75000,truth,0,0.01438,0.01096,0.01754,-0.00275,0.95621,0.94183,0.01254,1.06600,0.01838,0.32364,1.00000,0.99900,2.00000,0.38100,0.00000,0.29800,,,,,,
sim1_pm,task003_symmetric,12,12.00000,2.00000,1.00000,both,0,,,,,,,,,,,,,,,,,0.00000,0.00000,0.00000,0.00000,0.00000,0.00000
sim1_pm,task003_symmetric,12,12.00000,2.00000,1.00000,both,1,,,,,,,,,,,,,,,,,0.00000,0.00000,0.00000,0.00000,0.00000,0.00000
sim1_pm,task003_symmetric,12,12.00000,2.00000,1.00000,both,2,,,,,,,,,,,,,,,,,0.00000,0.00000,0.00000,0.00000,0.00000,0.00000
sim1_pm,task003_symmetric,12,12.00000,2.00000,1.00000,false,2,0.00000,0.00000,0.00000,0.00000,0.00000,0.00000,0.00000,57.91000,0.99845,0.00000,0.02400,0.00900,,0.00000,1.00000,0.00000,,,,,,
sim1_pm,task003_symmetric,12,12.00000,2.00000,1.00000,truth,0,0.00000,0.00000,0.00000,0.00000,1.00000,1.00000,0.00000,0.86800,0.01497,0.00000,1.00000,1.00000,2.00000,1.00000,0.00000,1.00000,,,,,,
sim1_pm,task003_symmetric,12,12.00000,3.00000,0.75000,both,0,,,,,,,,,,,,,,,,,-0.02685,-0.03202,-0.02221,0.04323,0.03867,0.04825
sim1_pm,task003_symmetric,12,12.00000,3.00000,0.75000,both,1,,,,,,,,,,,,,,,,,-0.00460,-0.00625,-0.00296,0.00173,0.00069,0.00271
sim1_pm,task003_symmetric,12,12.00000,3.00000,0.75000,both,2,,,,,,,,,,,,,,,,,0.03146,0.02704,0.03631,-0.04496,-0.04992,-0.04054
sim1_pm,task003_symmetric,12,12.00000,3.00000,0.75000,false,2,0.07642,0.06800,0.08571,-0.00633,0.11929,0.04288,0.00896,85.09500,0.97810,0.02155,0.10400,0.01000,,0.00200,0.14300,0.00000,,,,,,
sim1_pm,task003_symmetric,12,12.00000,3.00000,0.75000,truth,0,0.01637,0.01300,0.01963,-0.00287,0.95821,0.94183,0.01242,1.58400,0.01821,0.24811,1.00000,0.99900,2.00000,0.39800,0.00000,0.29800,,,,,,
sim1_pm,task003_symmetric,12,12.00000,3.00000,1.00000,both,0,,,,,,,,,,,,,,,,,0.00000,0.00000,0.00000,0.00000,0.00000,0.00000
sim1_pm,task003_symmetric,12,12.00000,3.00000,1.00000,both,1,,,,,,,,,,,,,,,,,0.00000,0.00000,0.00000,0.00000,0.00000,0.00000
sim1_pm,task003_symmetric,12,12.00000,3.00000,1.00000,both,2,,,,,,,,,,,,,,,,,0.00000,0.00000,0.00000,0.00000,0.00000,0.00000
sim1_pm,task003_symmetric,12,12.00000,3.00000,1.00000,false,2,0.00000,0.00000,0.00000,0.00000,0.00000,0.00000,0.00000,86.81100,0.99783,0.00000,0.03500,0.00900,,0.00000,1.00000,0.00000,,,,,,
sim1_pm,task003_symmetric,12,12.00000,3.00000,1.00000,truth,0,0.00000,0.00000,0.00000,0.00000,1.00000,1.00000,0.00000,1.29000,0.01483,0.00000,1.00000,1.00000,2.00000,1.00000,0.00000,1.00000,,,,,,
sim1_pm,task003_symmetric,12,12.00000,6.00000,0.75000,both,0,,,,,,,,,,,,,,,,,-0.04479,-0.05015,-0.03917,0.06146,0.05585,0.06723
sim1_pm,task003_symmetric,12,12.00000,6.00000,0.75000,both,1,,,,,,,,,,,,,,,,,-0.00421,-0.00571,-0.00264,0.00171,0.00069,0.00279
sim1_pm,task003_symmetric,12,12.00000,6.00000,0.75000,both,2,,,,,,,,,,,,,,,,,0.04900,0.04365,0.05442,-0.06317,-0.06886,-0.05783
sim1_pm,task003_symmetric,12,12.00000,6.00000,0.75000,false,2,0.11217,0.10175,0.12267,-0.00592,0.15504,0.04288,0.00937,168.13200,0.96628,0.01601,0.13900,0.01000,,0.00200,0.09700,0.00000,,,,,,
sim1_pm,task003_symmetric,12,12.00000,6.00000,0.75000,truth,0,0.01667,0.01317,0.02017,-0.00250,0.95850,0.94183,0.01279,3.16200,0.01817,0.12650,1.00000,0.99900,2.00000,0.39800,0.00000,0.29800,,,,,,
sim1_pm,task003_symmetric,12,12.00000,6.00000,1.00000,both,0,,,,,,,,,,,,,,,,,0.00000,0.00000,0.00000,0.00000,0.00000,0.00000
sim1_pm,task003_symmetric,12,12.00000,6.00000,1.00000,both,1,,,,,,,,,,,,,,,,,0.00000,0.00000,0.00000,0.00000,0.00000,0.00000
sim1_pm,task003_symmetric,12,12.00000,6.00000,1.00000,both,2,,,,,,,,,,,,,,,,,0.00000,0.00000,0.00000,0.00000,0.00000,0.00000
sim1_pm,task003_symmetric,12,12.00000,6.00000,1.00000,false,2,0.00000,0.00000,0.00000,0.00000,0.00000,0.00000,0.00000,173.57400,0.99755,0.00000,0.04200,0.00900,,0.00000,1.00000,0.00000,,,,,,
sim1_pm,task003_symmetric,12,12.00000,6.00000,1.00000,truth,0,0.00000,0.00000,0.00000,0.00000,1.00000,1.00000,0.00000,2.58600,0.01486,0.00000,1.00000,1.00000,2.00000,1.00000,0.00000,1.00000,,,,,,
sim1_pm,task003_symmetric,12,12.00000,9.00000,0.75000,both,0,,,,,,,,,,,,,,,,,-0.06277,-0.06940,-0.05712,0.08165,0.07654,0.08719
sim1_pm,task003_symmetric,12,12.00000,9.00000,0.75000,both,1,,,,,,,,,,,,,,,,,-0.00375,-0.00548,-0.00225,0.00125,0.00013,0.00223
sim1_pm,task003_symmetric,12,12.00000,9.00000,0.75000,both,2,,,,,,,,,,,,,,,,,0.06652,0.06088,0.07261,-0.08290,-0.08860,-0.07767
sim1_pm,task003_symmetric,12,12.00000,9.00000,0.75000,false,2,0.14942,0.13925,0.16071,-0.00500,0.19229,0.04288,0.01029,250.92000,0.96138,0.01429,0.16600,0.01000,,0.00100,0.03500,0.00000,,,,,,
sim1_pm,task003_symmetric,12,12.00000,9.00000,0.75000,truth,0,0.01887,0.01554,0.02217,-0.00250,0.96071,0.94183,0.01279,4.61700,0.01769,0.09812,1.00000,0.99900,2.00000,0.42300,0.00000,0.29800,,,,,,
sim1_pm,task003_symmetric,12,12.00000,9.00000,1.00000,both,0,,,,,,,,,,,,,,,,,0.00000,0.00000,0.00000,0.00000,0.00000,0.00000
sim1_pm,task003_symmetric,12,12.00000,9.00000,1.00000,both,1,,,,,,,,,,,,,,,,,0.00000,0.00000,0.00000,0.00000,0.00000,0.00000
sim1_pm,task003_symmetric,12,12.00000,9.00000,1.00000,both,2,,,,,,,,,,,,,,,,,0.00000,0.00000,0.00000,0.00000,0.00000,0.00000
sim1_pm,task003_symmetric,12,12.00000,9.00000,1.00000,false,2,0.00000,0.00000,0.00000,0.00000,0.00000,0.00000,0.00000,260.32500,0.99741,0.00000,0.04700,0.00900,,0.00000,1.00000,0.00000,,,,,,
sim1_pm,task003_symmetric,12,12.00000,9.00000,1.00000,truth,0,0.00000,0.00000,0.00000,0.00000,1.00000,1.00000,0.00000,3.86100,0.01479,0.00000,1.00000,1.00000,2.00000,1.00000,0.00000,1.00000,,,,,,
sim1_pm,task003_symmetric,12,24.00000,1.00000,0.75000,both,0,,,,,,,,,,,,,,,,,-0.00581,-0.00915,-0.00223,0.01077,0.00769,0.01410
sim1_pm,task003_symmetric,12,24.00000,1.00000,0.75000,both,1,,,,,,,,,,,,,,,,,-0.00367,-0.00485,-0.00250,0.00396,0.00292,0.00504
sim1_pm,task003_symmetric,12,24.00000,1.00000,0.75000,both,2,,,,,,,,,,,,,,,,,0.00948,0.00614,0.01273,-0.01473,-0.01792,-0.01183
sim1_pm,task003_symmetric,12,24.00000,1.00000,0.75000,false,2,0.02421,0.01833,0.03038,-0.00763,0.06708,0.04288,0.00767,28.82300,0.99390,0.02016,0.03800,0.01000,,0.00000,0.24500,0.00000,,,,,,
sim1_pm,task003_symmetric,12,24.00000,1.00000,0.75000,truth,0,0.00496,0.00266,0.00762,0.00029,0.94679,0.94183,0.01558,0.15300,0.00528,0.77778,1.00000,0.99900,2.00000,0.30700,0.00000,0.29800,,,,,,
sim1_pm,task003_symmetric,12,24.00000,1.00000,1.00000,both,0,,,,,,,,,,,,,,,,,0.00000,0.00000,0.00000,0.00000,0.00000,0.00000
sim1_pm,task003_symmetric,12,24.00000,1.00000,1.00000,both,1,,,,,,,,,,,,,,,,,0.00000,0.00000,0.00000,0.00000,0.00000,0.00000
sim1_pm,task003_symmetric,12,24.00000,1.00000,1.00000,both,2,,,,,,,,,,,,,,,,,0.00000,0.00000,0.00000,0.00000,0.00000,0.00000
sim1_pm,task003_symmetric,12,24.00000,1.00000,1.00000,false,2,0.00000,0.00000,0.00000,0.00000,0.00000,0.00000,0.00000,28.98500,0.99948,0.00000,0.01400,0.00900,,0.00000,1.00000,0.00000,,,,,,
sim1_pm,task003_symmetric,12,24.00000,1.00000,1.00000,truth,0,0.00000,0.00000,0.00000,0.00000,1.00000,1.00000,0.00000,0.12500,0.00431,0.00000,1.00000,1.00000,2.00000,1.00000,0.00000,1.00000,,,,,,
sim1_pm,task003_symmetric,12,24.00000,2.00000,0.75000,both,0,,,,,,,,,,,,,,,,,-0.01615,-0.02038,-0.01227,0.02181,0.01842,0.02542
sim1_pm,task003_symmetric,12,24.00000,2.00000,0.75000,both,1,,,,,,,,,,,,,,,,,-0.00469,-0.00598,-0.00350,0.00460,0.00360,0.00560
sim1_pm,task003_symmetric,12,24.00000,2.00000,0.75000,both,2,,,,,,,,,,,,,,,,,0.02083,0.01717,0.02496,-0.02642,-0.03002,-0.02315
sim1_pm,task003_symmetric,12,24.00000,2.00000,0.75000,false,2,0.04725,0.04054,0.05488,-0.00929,0.09012,0.04288,0.00600,57.48800,0.99117,0.01973,0.06200,0.01000,,0.00000,0.16400,0.00000,,,,,,
sim1_pm,task003_symmetric,12,24.00000,2.00000,0.75000,truth,0,0.00567,0.00333,0.00850,-0.00008,0.94750,0.94183,0.01521,0.29800,0.00514,0.45638,1.00000,0.99900,2.00000,0.32000,0.00000,0.29800,,,,,,
sim1_pm,task003_symmetric,12,24.00000,2.00000,1.00000,both,0,,,,,,,,,,,,,,,,,0.00000,0.00000,0.00000,0.00000,0.00000,0.00000
sim1_pm,task003_symmetric,12,24.00000,2.00000,1.00000,both,1,,,,,,,,,,,,,,,,,0.00000,0.00000,0.00000,0.00000,0.00000,0.00000
sim1_pm,task003_symmetric,12,24.00000,2.00000,1.00000,both,2,,,,,,,,,,,,,,,,,0.00000,0.00000,0.00000,0.00000,0.00000,0.00000
sim1_pm,task003_symmetric,12,24.00000,2.00000,1.00000,false,2,0.00000,0.00000,0.00000,0.00000,0.00000,0.00000,0.00000,57.94400,0.99903,0.00000,0.02300,0.00900,,0.00000,1.00000,0.00000,,,,,,
sim1_pm,task003_symmetric,12,24.00000,2.00000,1.00000,truth,0,0.00000,0.00000,0.00000,0.00000,1.00000,1.00000,0.00000,0.24600,0.00424,0.00000,1.00000,1.00000,2.00000,1.00000,0.00000,1.00000,,,,,,
sim1_pm,task003_symmetric,12,24.00000,3.00000,0.75000,both,0,,,,,,,,,,,,,,,,,-0.01631,-0.02000,-0.01237,0.02327,0.01921,0.02738
sim1_pm,task003_symmetric,12,24.00000,3.00000,0.75000,both,1,,,,,,,,,,,,,,,,,-0.00529,-0.00654,-0.00410,0.00479,0.00381,0.00577
sim1_pm,task003_symmetric,12,24.00000,3.00000,0.75000,both,2,,,,,,,,,,,,,,,,,0.02160,0.01783,0.02523,-0.02806,-0.03200,-0.02421
sim1_pm,task003_symmetric,12,24.00000,3.00000,0.75000,false,2,0.04967,0.04213,0.05692,-0.01008,0.09254,0.04288,0.00521,85.79100,0.98610,0.01389,0.07000,0.01000,,0.00100,0.20400,0.00000,,,,,,
sim1_pm,task003_symmetric,12,24.00000,3.00000,0.75000,truth,0,0.00696,0.00458,0.00975,-0.00050,0.94879,0.94183,0.01479,0.43500,0.00500,0.38391,1.00000,0.99900,2.00000,0.32700,0.00000,0.29800,,,,,,
sim1_pm,task003_symmetric,12,24.00000,3.00000,1.00000,both,0,,,,,,,,,,,,,,,,,0.00000,0.00000,0.00000,0.00000,0.00000,0.00000
sim1_pm,task003_symmetric,12,24.00000,3.00000,1.00000,both,1,,,,,,,,,,,,,,,,,0.00000,0.00000,0.00000,0.00000,0.00000,0.00000
sim1_pm,task003_symmetric,12,24.00000,3.00000,1.00000,both,2,,,,,,,,,,,,,,,,,0.00000,0.00000,0.00000,0.00000,0.00000,0.00000
sim1_pm,task003_symmetric,12,24.00000,3.00000,1.00000,false,2,0.00000,0.00000,0.00000,0.00000,0.00000,0.00000,0.00000,86.88000,0.99862,0.00000,0.03000,0.00900,,0.00000,1.00000,0.00000,,,,,,
sim1_pm,task003_symmetric,12,24.00000,3.00000,1.00000,truth,0,0.00000,0.00000,0.00000,0.00000,1.00000,1.00000,0.00000,0.36900,0.00424,0.00000,1.00000,1.00000,2.00000,1.00000,0.00000,1.00000,,,,,,
sim1_pm,task003_symmetric,12,24.00000,6.00000,0.75000,both,0,,,,,,,,,,,,,,,,,-0.03779,-0.04229,-0.03317,0.04429,0.03962,0.04904
sim1_pm,task003_symmetric,12,24.00000,6.00000,0.75000,both,1,,,,,,,,,,,,,,,,,-0.00435,-0.00548,-0.00319,0.00423,0.00323,0.00517
sim1_pm,task003_symmetric,12,24.00000,6.00000,0.75000,both,2,,,,,,,,,,,,,,,,,0.04215,0.03777,0.04652,-0.04852,-0.05348,-0.04377
sim1_pm,task003_symmetric,12,24.00000,6.00000,0.75000,false,2,0.09067,0.08212,0.09975,-0.00858,0.13354,0.04288,0.00671,170.56800,0.98028,0.01276,0.10200,0.01000,,0.00000,0.12000,0.00000,,,,,,
sim1_pm,task003_symmetric,12,24.00000,6.00000,0.75000,truth,0,0.00650,0.00421,0.00904,-0.00013,0.94833,0.94183,0.01517,0.87600,0.00503,0.17808,1.00000,0.99900,2.00000,0.31600,0.00000,0.29800,,,,,,
sim1_pm,task003_symmetric,12,24.00000,6.00000,1.00000,both,0,,,,,,,,,,,,,,,,,-0.00002,-0.00006,0.00000,-0.00002,-0.00006,0.00000
sim1_pm,task003_symmetric,12,24.00000,6.00000,1.00000,both,1,,,,,,,,,,,,,,,,,0.00002,0.00000,0.00006,0.00002,0.00000,0.00006
sim1_pm,task003_symmetric,12,24.00000,6.00000,1.00000,both,2,,,,,,,,,,,,,,,,,0.00000,0.00000,0.00000,0.00000,0.00000,0.00000
sim1_pm,task003_symmetric,12,24.00000,6.00000,1.00000,false,2,0.00000,0.00000,0.00000,0.00000,0.00000,0.00000,0.00000,173.71800,0.99838,0.00000,0.03600,0.00900,,0.00000,1.00000,0.00000,,,,,,
sim1_pm,task003_symmetric,12,24.00000,6.00000,1.00000,truth,0,-0.00004,-0.00012,0.00000,0.00004,0.99996,1.00000,0.00004,0.73800,0.00424,-0.00136,1.00000,1.00000,2.00000,0.99900,0.00000,1.00000,,,,,,
sim1_pm,task003_symmetric,12,24.00000,9.00000,0.75000,both,0,,,,,,,,,,,,,,,,,-0.06823,-0.07415,-0.06231,0.07556,0.07015,0.08181
sim1_pm,task003_symmetric,12,24.00000,9.00000,0.75000,both,1,,,,,,,,,,,,,,,,,-0.00219,-0.00348,-0.00100,0.00210,0.00104,0.00319
sim1_pm,task003_symmetric,12,24.00000,9.00000,0.75000,both,2,,,,,,,,,,,,,,,,,0.07042,0.06465,0.07606,-0.07767,-0.08413,-0.07244
sim1_pm,task003_symmetric,12,24.00000,9.00000,0.75000,false,2,0.14808,0.13717,0.16004,-0.00429,0.19096,0.04288,0.01100,254.43000,0.97483,0.01397,0.13800,0.01000,,0.00200,0.04400,0.00000,,,,,,
sim1_pm,task003_symmetric,12,24.00000,9.00000,0.75000,truth,0,0.00733,0.00492,0.01042,-0.00008,0.94917,0.94183,0.01521,1.30500,0.00500,0.13487,1.00000,0.99900,2.00000,0.32700,0.00000,0.29800,,,,,,
sim1_pm,task003_symmetric,12,24.00000,9.00000,1.00000,both,0,,,,,,,,,,,,,,,,,0.00000,0.00000,0.00000,0.00000,0.00000,0.00000
sim1_pm,task003_symmetric,12,24.00000,9.00000,1.00000,both,1,,,,,,,,,,,,,,,,,0.00000,0.00000,0.00000,0.00000,0.00000,0.00000
sim1_pm,task003_symmetric,12,24.00000,9.00000,1.00000,both,2,,,,,,,,,,,,,,,,,0.00000,0.00000,0.00000,0.00000,0.00000,0.00000
sim1_pm,task003_symmetric,12,24.00000,9.00000,1.00000,false,2,0.00000,0.00000,0.00000,0.00000,0.00000,0.00000,0.00000,260.49600,0.99807,0.00000,0.04200,0.00900,,0.00000,1.00000,0.00000,,,,,,
sim1_pm,task003_symmetric,12,24.00000,9.00000,1.00000,truth,0,0.00000,0.00000,0.00000,0.00000,1.00000,1.00000,0.00000,1.10700,0.00424,0.00000,1.00000,1.00000,2.00000,1.00000,0.00000,1.00000,,,,,,
sim1_pm_post_always,task003_nosolution,3,3.00000,1.00000,0.75000,both,0,,,,,,,,,,,,,,,,,0.08225,0.07371,0.09023,0.26921,0.26502,0.27338
sim1_pm_post_always,task003_nosolution,3,3.00000,1.00000,0.75000,both,1,,,,,,,,,,,,,,,,,-0.04981,-0.05667,-0.04285,0.03365,0.02971,0.03723
sim1_pm_post_always,task003_nosolution,3,3.00000,1.00000,0.75000,both,2,,,,,,,,,,,,,,,,,-0.03244,-0.04129,-0.02281,-0.30285,-0.30727,-0.29831
sim1_pm_post_always,task003_nosolution,3,3.00000,1.00000,0.75000,false,2,0.27042,0.26025,0.28163,-0.08346,0.75771,0.48729,0.07500,17.67600,0.60952,0.36716,0.99800,0.48700,5.00000,0.00600,0.00000,0.00000,,,,,,
sim1_pm_post_always,task003_nosolution,3,3.00000,1.00000,0.75000,truth,0,0.35146,0.34171,0.36058,-0.01617,0.70571,0.35425,0.14229,20.40400,0.70359,0.41340,0.99500,0.12500,6.00000,0.00100,0.00000,0.00000,,,,,,
sim1_pm_post_always,task003_nosolution,3,3.00000,1.00000,1.00000,both,0,,,,,,,,,,,,,,,,,0.05833,0.05214,0.06461,0.29483,0.28979,0.29969
sim1_pm_post_always,task003_nosolution,3,3.00000,1.00000,1.00000,both,1,,,,,,,,,,,,,,,,,0.00002,-0.00077,0.00067,0.00081,0.00052,0.00115
sim1_pm_post_always,task003_nosolution,3,3.00000,1.00000,1.00000,both,2,,,,,,,,,,,,,,,,,-0.05835,-0.06448,-0.05223,-0.29565,-0.30046,-0.29052
sim1_pm_post_always,task003_nosolution,3,3.00000,1.00000,1.00000,false,2,0.23729,0.22891,0.24521,-0.00079,0.73392,0.49662,0.00000,15.77400,0.54393,0.36104,0.99500,0.47200,5.00000,0.00700,0.00000,0.00000,,,,,,
sim1_pm_post_always,task003_nosolution,3,3.00000,1.00000,1.00000,truth,0,0.35317,0.34471,0.36100,0.00083,0.85575,0.50258,0.00162,14.28600,0.49262,0.59331,0.99900,0.29000,5.00000,0.05900,0.00000,0.00000,,,,,,
sim1_pm_post_always,task003_nosolution,3,3.00000,2.00000,0.75000,both,0,,,,,,,,,,,,,,,,,0.10108,0.09329,0.10971,0.25254,0.24856,0.25640
sim1_pm_post_always,task003_nosolution,3,3.00000,2.00000,0.75000,both,1,,,,,,,,,,,,,,,,,-0.05673,-0.06388,-0.04952,0.03765,0.03454,0.04073
sim1_pm_post_always,task003_nosolution,3,3.00000,2.00000,0.75000,both,2,,,,,,,,,,,,,,,,,-0.04435,-0.05398,-0.03552,-0.29019,-0.29450,-0.28606
sim1_pm_post_always,task003_nosolution,3,3.00000,2.00000,0.75000,false,2,0.24583,0.23529,0.25563,-0.09437,0.73313,0.48729,0.06408,36.44000,0.62828,0.16191,0.99900,0.48700,4.00000,0.00200,0.00000,0.00000,,,,,,
sim1_pm_post_always,task003_nosolution,3,3.00000,2.00000,0.75000,truth,0,0.35362,0.34466,0.36354,-0.01908,0.70788,0.35425,0.13937,39.58000,0.68241,0.21443,0.99600,0.12500,6.00000,0.00200,0.00000,0.00000,,,,,,
sim1_pm_post_always,task003_nosolution,3,3.00000,2.00000,1.00000,both,0,,,,,,,,,,,,,,,,,0.11665,0.11154,0.12158,0.23290,0.22867,0.23704
sim1_pm_post_always,task003_nosolution,3,3.00000,2.00000,1.00000,both,1,,,,,,,,,,,,,,,,,-0.00077,-0.00142,-0.00021,0.00002,0.00000,0.00006
sim1_pm_post_always,task003_nosolution,3,3.00000,2.00000,1.00000,both,2,,,,,,,,,,,,,,,,,-0.11588,-0.12073,-0.11069,-0.23292,-0.23706,-0.22869
sim1_pm_post_always,task003_nosolution,3,3.00000,2.00000,1.00000,false,2,0.11704,0.11163,0.12267,-0.00079,0.61367,0.49662,0.00000,37.22800,0.64186,0.07545,0.98900,0.47200,4.00000,0.00100,0.00000,0.00000,,,,,,
sim1_pm_post_always,task003_nosolution,3,3.00000,2.00000,1.00000,truth,0,0.34954,0.34183,0.35683,-0.00075,0.85213,0.50258,0.00004,23.11000,0.39845,0.36300,1.00000,0.29000,4.00000,0.05800,0.00000,0.00000,,,,,,
sim1_pm_post_always,task003_nosolution,3,3.00000,3.00000,0.75000,both,0,,,,,,,,,,,,,,,,,0.09342,0.08539,0.10196,0.25150,0.24760,0.25583
sim1_pm_post_always,task003_nosolution,3,3.00000,3.00000,0.75000,both,1,,,,,,,,,,,,,,,,,-0.05448,-0.06115,-0.04752,0.03452,0.03148,0.03758
sim1_pm_post_always,task003_nosolution,3,3.00000,3.00000,0.75000,both,2,,,,,,,,,,,,,,,,,-0.03894,-0.04782,-0.02994,-0.28602,-0.29056,-0.28175
sim1_pm_post_always,task003_nosolution,3,3.00000,3.00000,0.75000,false,2,0.24708,0.23700,0.25758,-0.08900,0.73438,0.48729,0.06946,55.44600,0.63731,0.10695,0.99900,0.48700,5.00000,0.00600,0.00000,0.00000,,,,,,
sim1_pm_post_always,task003_nosolution,3,3.00000,3.00000,0.75000,truth,0,0.34492,0.33521,0.35475,-0.01996,0.69917,0.35425,0.13850,60.15900,0.69148,0.13760,0.99700,0.12500,6.00000,0.00000,0.00000,0.00000,,,,,,
sim1_pm_post_always,task003_nosolution,3,3.00000,3.00000,1.00000,both,0,,,,,,,,,,,,,,,,,0.14596,0.14121,0.15073,0.19388,0.18981,0.19821
sim1_pm_post_always,task003_nosolution,3,3.00000,3.00000,1.00000,both,1,,,,,,,,,,,,,,,,,-0.00077,-0.00150,-0.00021,0.00002,0.00000,0.00008
sim1_pm_post_always,task003_nosolution,3,3.00000,3.00000,1.00000,both,2,,,,,,,,,,,,,,,,,-0.14519,-0.15000,-0.14044,-0.19390,-0.19823,-0.18981
sim1_pm_post_always,task003_nosolution,3,3.00000,3.00000,1.00000,false,2,0.04871,0.04413,0.05371,-0.00079,0.54533,0.49662,0.00000,62.92200,0.72324,0.01858,0.95500,0.47200,4.00000,0.00000,0.00000,0.00000,,,,,,
sim1_pm_post_always,task003_nosolution,3,3.00000,3.00000,1.00000,truth,0,0.33983,0.33241,0.34708,-0.00075,0.84242,0.50258,0.00004,35.07000,0.40310,0.23256,1.00000,0.29000,4.00000,0.04200,0.00000,0.00000,,,,,,
sim1_pm_post_always,task003_nosolution,3,3.00000,6.00000,0.75000,both,0,,,,,,,,,,,,,,,,,0.04904,0.04100,0.05715,0.20333,0.19910,0.20706
sim1_pm_post_always,task003_nosolution,3,3.00000,6.00000,0.75000,both,1,,,,,,,,,,,,,,,,,-0.04008,-0.04756,-0.03297,0.03533,0.03185,0.03898
sim1_pm_post_always,task003_nosolution,3,3.00000,6.00000,0.75000,both,2,,,,,,,,,,,,,,,,,-0.00896,-0.01817,0.00046,-0.23867,-0.24313,-0.23383
sim1_pm_post_always,task003_nosolution,3,3.00000,6.00000,0.75000,false,2,0.22971,0.21904,0.24025,-0.07542,0.71700,0.48729,0.08304,114.92400,0.66048,0.04797,0.99600,0.48700,6.00000,0.00100,0.00000,0.00000,,,,,,
sim1_pm_post_always,task003_nosolution,3,3.00000,6.00000,0.75000,truth,0,0.25238,0.24304,0.26142,-0.00475,0.60662,0.35425,0.15371,135.57600,0.77917,0.04468,0.92300,0.12500,8.00000,0.00100,0.00000,0.00000,,,,,,
sim1_pm_post_always,task003_nosolution,3,3.00000,6.00000,1.00000,both,0,,,,,,,,,,,,,,,,,0.12750,0.12321,0.13225,0.15750,0.15371,0.16135
sim1_pm_post_always,task003_nosolution,3,3.00000,6.00000,1.00000,both,1,,,,,,,,,,,,,,,,,-0.00075,-0.00148,-0.00021,0.00004,0.00000,0.00010
sim1_pm_post_always,task003_nosolution,3,3.00000,6.00000,1.00000,both,2,,,,,,,,,,,,,,,,,-0.12675,-0.13136,-0.12242,-0.15754,-0.16135,-0.15377
sim1_pm_post_always,task003_nosolution,3,3.00000,6.00000,1.00000,false,2,0.03079,0.02637,0.03475,-0.00079,0.52742,0.49662,0.00000,129.65400,0.74514,0.00570,0.90400,0.47200,5.00000,0.00000,0.00000,0.00000,,,,,,
sim1_pm_post_always,task003_nosolution,3,3.00000,6.00000,1.00000,truth,0,0.28500,0.27783,0.29255,-0.00071,0.78758,0.50258,0.00008,87.33000,0.50190,0.07832,1.00000,0.29000,5.00000,0.01000,0.00000,0.00000,,,,,,
sim1_pm_post_always,task003_nosolution,3,3.00000,9.00000,0.75000,both,0,,,,,,,,,,,,,,,,,0.09285,0.08433,0.10094,0.10544,0.10167,0.10925
sim1_pm_post_always,task003_nosolution,3,3.00000,9.00000,0.75000,both,1,,,,,,,,,,,,,,,,,-0.02825,-0.03515,-0.02092,0.00967,0.00596,0.01298
sim1_pm_post_always,task003_nosolution,3,3.00000,9.00000,0.75000,both,2,,,,,,,,,,,,,,,,,-0.06460,-0.07473,-0.05487,-0.11510,-0.11969,-0.11045
sim1_pm_post_always,task003_nosolution,3,3.00000,9.00000,0.75000,false,2,0.05050,0.03945,0.06196,-0.03792,0.53779,0.48729,0.12054,217.39500,0.83293,0.00558,0.70400,0.48700,15.00000,0.00000,0.00000,0.00000,,,,,,
sim1_pm_post_always,task003_nosolution,3,3.00000,9.00000,0.75000,truth,0,0.19829,0.18858,0.20750,-0.01858,0.55254,0.35425,0.13987,218.88900,0.83866,0.02174,0.67600,0.12500,19.00000,0.00000,0.00000,0.00000,,,,,,
sim1_pm_post_always,task003_nosolution,3,3.00000,9.00000,1.00000,both,0,,,,,,,,,,,,,,,,,0.26704,0.26085,0.27342,0.02475,0.02227,0.02727
sim1_pm_post_always,task003_nosolution,3,3.00000,9.00000,1.00000,both,1,,,,,,,,,,,,,,,,,-0.00079,-0.00150,-0.00025,0.00000,0.00000,0.00000
sim1_pm_post_always,task003_nosolution,3,3.00000,9.00000,1.00000,both,2,,,,,,,,,,,,,,,,,-0.26625,-0.27275,-0.26018,-0.02475,-0.02727,-0.02227
sim1_pm_post_always,task003_nosolution,3,3.00000,9.00000,1.00000,false,2,-0.24150,-0.24829,-0.23462,-0.00079,0.25512,0.49662,0.00000,240.66000,0.92207,-0.02408,0.32200,0.47200,,0.00000,0.00000,0.00000,,,,,,
sim1_pm_post_always,task003_nosolution,3,3.00000,9.00000,1.00000,truth,0,0.29179,0.28496,0.29888,-0.00079,0.79438,0.50258,0.00000,135.76500,0.52017,0.05158,1.00000,0.29000,6.00000,0.01900,0.00000,0.00000,,,,,,
sim1_pm_post_always,task003_nosolution,3,6.00000,1.00000,0.75000,both,0,,,,,,,,,,,,,,,,,0.08169,0.07331,0.08948,0.25210,0.24800,0.25636
sim1_pm_post_always,task003_nosolution,3,6.00000,1.00000,0.75000,both,1,,,,,,,,,,,,,,,,,-0.04498,-0.05211,-0.03831,0.03144,0.02815,0.03506
sim1_pm_post_always,task003_nosolution,3,6.00000,1.00000,0.75000,both,2,,,,,,,,,,,,,,,,,-0.03671,-0.04619,-0.02819,-0.28354,-0.28798,-0.27940
sim1_pm_post_always,task003_nosolution,3,6.00000,1.00000,0.75000,false,2,0.24683,0.23641,0.25684,-0.07642,0.73413,0.48729,0.08204,15.80900,0.54514,0.37472,0.99600,0.48700,5.00000,0.00600,0.00000,0.00000,,,,,,
sim1_pm_post_always,task003_nosolution,3,6.00000,1.00000,0.75000,truth,0,0.33379,0.32479,0.34300,-0.01354,0.68804,0.35425,0.14492,18.95400,0.65359,0.42265,0.99400,0.12500,6.00000,0.00100,0.00000,0.00000,,,,,,
sim1_pm_post_always,task003_nosolution,3,6.00000,1.00000,1.00000,both,0,,,,,,,,,,,,,,,,,0.10310,0.09750,0.10930,0.27415,0.26896,0.27886
sim1_pm_post_always,task003_nosolution,3,6.00000,1.00000,1.00000,both,1,,,,,,,,,,,,,,,,,-0.00042,-0.00119,0.00017,0.00037,0.00017,0.00060
sim1_pm_post_always,task003_nosolution,3,6.00000,1.00000,1.00000,both,2,,,,,,,,,,,,,,,,,-0.10269,-0.10888,-0.09692,-0.27452,-0.27915,-0.26942
sim1_pm_post_always,task003_nosolution,3,6.00000,1.00000,1.00000,false,2,0.17183,0.16358,0.18000,-0.00079,0.66846,0.49662,0.00000,14.32700,0.49403,0.28785,0.98600,0.47200,5.00000,0.01000,0.00000,0.00000,,,,,,
sim1_pm_post_always,task003_nosolution,3,6.00000,1.00000,1.00000,truth,0,0.37725,0.37000,0.38483,-0.00004,0.87983,0.50258,0.00075,9.16300,0.31597,0.98810,1.00000,0.29000,5.00000,0.07700,0.00000,0.00000,,,,,,
sim1_pm_post_always,task003_nosolution,3,6.00000,2.00000,0.75000,both,0,,,,,,,,,,,,,,,,,0.08565,0.07727,0.09367,0.24835,0.24417,0.25261
sim1_pm_post_always,task003_nosolution,3,6.00000,2.00000,0.75000,both,1,,,,,,,,,,,,,,,,,-0.04819,-0.05513,-0.04081,0.03106,0.02775,0.03440
sim1_pm_post_always,task003_nosolution,3,6.00000,2.00000,0.75000,both,2,,,,,,,,,,,,,,,,,-0.03746,-0.04707,-0.02842,-0.27942,-0.28381,-0.27506
sim1_pm_post_always,task003_nosolution,3,6.00000,2.00000,0.75000,false,2,0.24196,0.23137,0.25126,-0.07925,0.72925,0.48729,0.07921,32.27000,0.55638,0.17995,0.99600,0.48700,4.00000,0.00300,0.00000,0.00000,,,,,,
sim1_pm_post_always,task003_nosolution,3,6.00000,2.00000,0.75000,truth,0,0.33400,0.32450,0.34309,-0.01713,0.68825,0.35425,0.14133,37.55600,0.64752,0.21344,0.99200,0.12500,6.00000,0.00200,0.00000,0.00000,,,,,,
sim1_pm_post_always,task003_nosolution,3,6.00000,2.00000,1.00000,both,0,,,,,,,,,,,,,,,,,0.14292,0.13708,0.14886,0.22267,0.21792,0.22740
sim1_pm_post_always,task003_nosolution,3,6.00000,2.00000,1.00000,both,1,,,,,,,,,,,,,,,,,-0.00079,-0.00154,-0.00021,0.00000,0.00000,0.00000
sim1_pm_post_always,task003_nosolution,3,6.00000,2.00000,1.00000,both,2,,,,,,,,,,,,,,,,,-0.14213,-0.14806,-0.13631,-0.22267,-0.22740,-0.21792
sim1_pm_post_always,task003_nosolution,3,6.00000,2.00000,1.00000,false,2,0.08054,0.07296,0.08808,-0.00079,0.57717,0.49662,0.00000,33.69600,0.58097,0.05737,0.96400,0.47200,4.00000,0.00100,0.00000,0.00000,,,,,,
sim1_pm_post_always,task003_nosolution,3,6.00000,2.00000,1.00000,truth,0,0.36558,0.35779,0.37334,-0.00079,0.86817,0.50258,0.00000,14.81600,0.25545,0.59220,1.00000,0.29000,4.00000,0.08300,0.00000,0.00000,,,,,,
sim1_pm_post_always,task003_nosolution,3,6.00000,3.00000,0.75000,both,0,,,,,,,,,,,,,,,,,0.08873,0.08041,0.09671,0.24094,0.23658,0.24517
sim1_pm_post_always,task003_nosolution,3,6.00000,3.00000,0.75000,both,1,,,,,,,,,,,,,,,,,-0.04854,-0.05561,-0.04175,0.02629,0.02285,0.02983
sim1_pm_post_always,task003_nosolution,3,6.00000,3.00000,0.75000,both,2,,,,,,,,,,,,,,,,,-0.04019,-0.04923,-0.03091,-0.26723,-0.27188,-0.26264
sim1_pm_post_always,task003_nosolution,3,6.00000,3.00000,0.75000,false,2,0.22704,0.21733,0.23654,-0.07483,0.71433,0.48729,0.08363,50.77500,0.58362,0.10732,0.99100,0.48700,5.00000,0.00400,0.00000,0.00000,,,,,,
sim1_pm_post_always,task003_nosolution,3,6.00000,3.00000,0.75000,truth,0,0.32967,0.31958,0.33851,-0.02225,0.68392,0.35425,0.13621,56.35200,0.64772,0.14040,0.98700,0.12500,6.00000,0.00300,0.00000,0.00000,,,,,,
sim1_pm_post_always,task003_nosolution,3,6.00000,3.00000,1.00000,both,0,,,,,,,,,,,,,,,,,0.15510,0.14994,0.16011,0.19427,0.18996,0.19865
sim1_pm_post_always,task003_nosolution,3,6.00000,3.00000,1.00000,both,1,,,,,,,,,,,,,,,,,-0.00079,-0.00150,-0.00021,0.00000,0.00000,0.00000
sim1_pm_post_always,task003_nosolution,3,6.00000,3.00000,1.00000,both,2,,,,,,,,,,,,,,,,,-0.15431,-0.15917,-0.14931,-0.19427,-0.19865,-0.18996
sim1_pm_post_always,task003_nosolution,3,6.00000,3.00000,1.00000,false,2,0.03996,0.03450,0.04588,-0.00079,0.53658,0.49662,0.00000,58.44300,0.67176,0.01641,0.92300,0.47200,5.00000,0.00100,0.00000,0.00000,,,,,,
sim1_pm_post_always,task003_nosolution,3,6.00000,3.00000,1.00000,truth,0,0.34938,0.34200,0.35684,-0.00079,0.85196,0.50258,0.00000,23.97300,0.27555,0.34977,1.00000,0.29000,4.00000,0.06500,0.00000,0.00000,,,,,,
sim1_pm_post_always,task003_nosolution,3,6.00000,6.00000,0.75000,both,0,,,,,,,,,,,,,,,,,0.04542,0.03765,0.05365,0.19896,0.19517,0.20296
sim1_pm_post_always,task003_nosolution,3,6.00000,6.00000,0.75000,both,1,,,,,,,,,,,,,,,,,-0.03621,-0.04359,-0.02852,0.03013,0.02679,0.03367
sim1_pm_post_always,task003_nosolution,3,6.00000,6.00000,0.75000,both,2,,,,,,,,,,,,,,,,,-0.00921,-0.01821,-0.00029,-0.22908,-0.23350,-0.22473
sim1_pm_post_always,task003_nosolution,3,6.00000,6.00000,0.75000,false,2,0.21987,0.20992,0.22934,-0.06633,0.70717,0.48729,0.09212,105.87600,0.60848,0.04984,0.99600,0.48700,6.00000,0.00300,0.00000,0.00000,,,,,,
sim1_pm_post_always,task003_nosolution,3,6.00000,6.00000,0.75000,truth,0,0.24437,0.23508,0.25355,-0.00608,0.59862,0.35425,0.15238,132.27600,0.76021,0.04434,0.88100,0.12500,9.00000,0.00000,0.00000,0.00000,,,,,,
sim1_pm_post_always,task003_nosolution,3,6.00000,6.00000,1.00000,both,0,,,,,,,,,,,,,,,,,0.14187,0.13704,0.14673,0.17092,0.16702,0.17494
sim1_pm_post_always,task003_nosolution,3,6.00000,6.00000,1.00000,both,1,,,,,,,,,,,,,,,,,-0.00077,-0.00150,-0.00021,0.00002,0.00000,0.00006
sim1_pm_post_always,task003_nosolution,3,6.00000,6.00000,1.00000,both,2,,,,,,,,,,,,,,,,,-0.14110,-0.14596,-0.13625,-0.17094,-0.17496,-0.16702
sim1_pm_post_always,task003_nosolution,3,6.00000,6.00000,1.00000,false,2,0.02983,0.02542,0.03479,-0.00079,0.52646,0.49662,0.00000,121.74600,0.69969,0.00588,0.89900,0.47200,5.00000,0.00200,0.00000,0.00000,,,,,,
sim1_pm_post_always,task003_nosolution,3,6.00000,6.00000,1.00000,truth,0,0.31279,0.30550,0.32034,-0.00075,0.81537,0.50258,0.00004,60.32400,0.34669,0.12444,1.00000,0.29000,5.00000,0.03200,0.00000,0.00000,,,,,,
sim1_pm_post_always,task003_nosolution,3,6.00000,9.00000,0.75000,both,0,,,,,,,,,,,,,,,,,0.09879,0.09044,0.10727,0.08354,0.07952,0.08771
sim1_pm_post_always,task003_nosolution,3,6.00000,9.00000,0.75000,both,1,,,,,,,,,,,,,,,,,-0.02150,-0.02898,-0.01433,0.01100,0.00725,0.01440
sim1_pm_post_always,task003_nosolution,3,6.00000,9.00000,0.75000,both,2,,,,,,,,,,,,,,,,,-0.07729,-0.08619,-0.06762,-0.09454,-0.09915,-0.09008
sim1_pm_post_always,task003_nosolution,3,6.00000,9.00000,0.75000,false,2,0.01725,0.00662,0.02809,-0.03250,0.50454,0.48729,0.12596,223.54200,0.85648,0.00185,0.56800,0.48700,24.00000,0.00000,0.00000,0.00000,,,,,,
sim1_pm_post_always,task003_nosolution,3,6.00000,9.00000,0.75000,truth,0,0.18233,0.17263,0.19250,-0.01050,0.53658,0.35425,0.14796,222.07500,0.85086,0.01971,0.61400,0.12500,21.00000,0.00000,0.00000,0.00000,,,,,,
sim1_pm_post_always,task003_nosolution,3,6.00000,9.00000,1.00000,both,0,,,,,,,,,,,,,,,,,0.27075,0.26485,0.27725,0.02388,0.02133,0.02669
sim1_pm_post_always,task003_nosolution,3,6.00000,9.00000,1.00000,both,1,,,,,,,,,,,,,,,,,-0.00079,-0.00154,-0.00025,0.00000,0.00000,0.00000
sim1_pm_post_always,task003_nosolution,3,6.00000,9.00000,1.00000,both,2,,,,,,,,,,,,,,,,,-0.26996,-0.27603,-0.26408,-0.02388,-0.02669,-0.02133
sim1_pm_post_always,task003_nosolution,3,6.00000,9.00000,1.00000,false,2,-0.24608,-0.25254,-0.24008,-0.00079,0.25054,0.49662,0.00000,244.16100,0.93548,-0.02419,0.28800,0.47200,,0.00000,0.00100,0.00000,,,,,,
sim1_pm_post_always,task003_nosolution,3,6.00000,9.00000,1.00000,truth,0,0.29462,0.28800,0.30183,-0.00079,0.79721,0.50258,0.00000,109.63800,0.42007,0.06449,1.00000,0.29000,6.00000,0.01800,0.00000,0.00000,,,,,,
sim1_pm_post_always,task003_nosolution,3,12.00000,1.00000,0.75000,both,0,,,,,,,,,,,,,,,,,0.07102,0.06310,0.07869,0.24515,0.24060,0.24946
sim1_pm_post_always,task003_nosolution,3,12.00000,1.00000,0.75000,both,1,,,,,,,,,,,,,,,,,-0.03779,-0.04498,-0.03000,0.02496,0.02121,0.02867
sim1_pm_post_always,task003_nosolution,3,12.00000,1.00000,0.75000,both,2,,,,,,,,,,,,,,,,,-0.03323,-0.04342,-0.02370,-0.27010,-0.27515,-0.26529
sim1_pm_post_always,task003_nosolution,3,12.00000,1.00000,0.75000,false,2,0.23687,0.22554,0.24792,-0.06275,0.72417,0.48729,0.09571,14.51300,0.50045,0.39172,0.99100,0.48700,5.00000,0.00300,0.00000,0.00000,,,,,,
sim1_pm_post_always,task003_nosolution,3,12.00000,1.00000,0.75000,truth,0,0.31617,0.30633,0.32554,-0.01283,0.67042,0.35425,0.14563,18.89400,0.65152,0.40161,0.97600,0.12500,7.00000,0.00000,0.00000,0.00000,,,,,,
sim1_pm_post_always,task003_nosolution,3,12.00000,1.00000,1.00000,both,0,,,,,,,,,,,,,,,,,0.10440,0.09794,0.11102,0.28494,0.27948,0.29008
sim1_pm_post_always,task003_nosolution,3,12.00000,1.00000,1.00000,both,1,,,,,,,,,,,,,,,,,-0.00056,-0.00131,0.00004,0.00023,0.00008,0.00042
sim1_pm_post_always,task003_nosolution,3,12.00000,1.00000,1.00000,both,2,,,,,,,,,,,,,,,,,-0.10383,-0.11037,-0.09743,-0.28517,-0.29038,-0.27971
sim1_pm_post_always,task003_nosolution,3,12.00000,1.00000,1.00000,false,2,0.18133,0.17200,0.19063,-0.00079,0.67796,0.49662,0.00000,12.22300,0.42148,0.35605,0.96400,0.47200,5.00000,0.00300,0.00000,0.00000,,,,,,
sim1_pm_post_always,task003_nosolution,3,12.00000,1.00000,1.00000,truth,0,0.38933,0.38254,0.39646,-0.00033,0.89192,0.50258,0.00046,5.57900,0.19238,1.67485,1.00000,0.29000,5.00000,0.07900,0.00000,0.00000,,,,,,
sim1_pm_post_always,task003_nosolution,3,12.00000,2.00000,0.75000,both,0,,,,,,,,,,,,,,,,,0.08290,0.07502,0.09117,0.24281,0.23837,0.24717
sim1_pm_post_always,task003_nosolution,3,12.00000,2.00000,0.75000,both,1,,,,,,,,,,,,,,,,,-0.04100,-0.04829,-0.03367,0.02246,0.01881,0.02606
sim1_pm_post_always,task003_nosolution,3,12.00000,2.00000,0.75000,both,2,,,,,,,,,,,,,,,,,-0.04190,-0.05106,-0.03264,-0.26527,-0.27017,-0.26081
sim1_pm_post_always,task003_nosolution,3,12.00000,2.00000,0.75000,false,2,0.22337,0.21358,0.23438,-0.06346,0.71067,0.48729,0.09500,29.73200,0.51262,0.18031,0.98700,0.48700,4.00000,0.00500,0.00000,0.00000,,,,,,
sim1_pm_post_always,task003_nosolution,3,12.00000,2.00000,0.75000,truth,0,0.32571,0.31658,0.33575,-0.01854,0.67996,0.35425,0.13992,36.09400,0.62231,0.21657,0.98700,0.12500,7.00000,0.00000,0.00000,0.00000,,,,,,
sim1_pm_post_always,task003_nosolution,3,12.00000,2.00000,1.00000,both,0,,,,,,,,,,,,,,,,,0.12965,0.12325,0.13592,0.25648,0.25135,0.26208
sim1_pm_post_always,task003_nosolution,3,12.00000,2.00000,1.00000,both,1,,,,,,,,,,,,,,,,,-0.00075,-0.00148,-0.00019,0.00000,-0.00006,0.00006
sim1_pm_post_always,task003_nosolution,3,12.00000,2.00000,1.00000,both,2,,,,,,,,,,,,,,,,,-0.12890,-0.13508,-0.12227,-0.25648,-0.26206,-0.25135
sim1_pm_post_always,task003_nosolution,3,12.00000,2.00000,1.00000,false,2,0.12758,0.11829,0.13730,-0.00075,0.62421,0.49662,0.00004,28.11000,0.48466,0.10893,0.95700,0.47200,4.00000,0.00500,0.00000,0.00000,,,,,,
sim1_pm_post_always,task003_nosolution,3,12.00000,2.00000,1.00000,truth,0,0.38613,0.37921,0.39346,-0.00075,0.88871,0.50258,0.00004,9.67800,0.16686,0.95753,1.00000,0.29000,4.00000,0.10100,0.00000,0.00000,,,,,,
sim1_pm_post_always,task003_nosolution,3,12.00000,3.00000,0.75000,both,0,,,,,,,,,,,,,,,,,0.09277,0.08471,0.10188,0.23652,0.23215,0.24092
sim1_pm_post_always,task003_nosolution,3,12.00000,3.00000,0.75000,both,1,,,,,,,,,,,,,,,,,-0.04440,-0.05206,-0.03710,0.01577,0.01204,0.01979
sim1_pm_post_always,task003_nosolution,3,12.00000,3.00000,0.75000,both,2,,,,,,,,,,,,,,,,,-0.04837,-0.05746,-0.03885,-0.25229,-0.25702,-0.24760
sim1_pm_post_always,task003_nosolution,3,12.00000,3.00000,0.75000,false,2,0.20392,0.19458,0.21425,-0.06017,0.69121,0.48729,0.09829,48.51600,0.55766,0.10087,0.97900,0.48700,5.00000,0.00300,0.00000,0.00000,,,,,,
sim1_pm_post_always,task003_nosolution,3,12.00000,3.00000,0.75000,truth,0,0.32929,0.31921,0.33959,-0.02863,0.68354,0.35425,0.12983,54.34200,0.62462,0.14543,0.97700,0.12500,7.00000,0.00000,0.00000,0.00000,,,,,,
sim1_pm_post_always,task003_nosolution,3,12.00000,3.00000,1.00000,both,0,,,,,,,,,,,,,,,,,0.13923,0.13390,0.14550,0.22427,0.21912,0.22954
sim1_pm_post_always,task003_nosolution,3,12.00000,3.00000,1.00000,both,1,,,,,,,,,,,,,,,,,-0.00071,-0.00146,-0.00015,0.00008,0.00002,0.00019
sim1_pm_post_always,task003_nosolution,3,12.00000,3.00000,1.00000,both,2,,,,,,,,,,,,,,,,,-0.13852,-0.14488,-0.13310,-0.22435,-0.22965,-0.21921
sim1_pm_post_always,task003_nosolution,3,12.00000,3.00000,1.00000,false,2,0.08583,0.07746,0.09384,-0.00079,0.58246,0.49662,0.00000,49.86900,0.57321,0.04131,0.90000,0.47200,4.00000,0.00800,0.00000,0.00000,,,,,,
sim1_pm_post_always,task003_nosolution,3,12.00000,3.00000,1.00000,truth,0,0.36350,0.35608,0.37071,-0.00062,0.86608,0.50258,0.00017,16.36800,0.18814,0.53299,1.00000,0.29000,5.00000,0.08800,0.00000,0.00000,,,,,,
sim1_pm_post_always,task003_nosolution,3,12.00000,6.00000,0.75000,both,0,,,,,,,,,,,,,,,,,0.04617,0.03835,0.05471,0.18146,0.17706,0.18579
sim1_pm_post_always,task003_nosolution,3,12.00000,6.00000,0.75000,both,1,,,,,,,,,,,,,,,,,-0.02704,-0.03471,-0.01941,0.02238,0.01827,0.02604
sim1_pm_post_always,task003_nosolution,3,12.00000,6.00000,0.75000,both,2,,,,,,,,,,,,,,,,,-0.01912,-0.02888,-0.01010,-0.20383,-0.20854,-0.19908
sim1_pm_post_always,task003_nosolution,3,12.00000,6.00000,0.75000,false,2,0.18471,0.17375,0.19517,-0.04942,0.67200,0.48729,0.10904,104.23200,0.59903,0.04253,0.96200,0.48700,6.00000,0.00100,0.00000,0.00000,,,,,,
sim1_pm_post_always,task003_nosolution,3,12.00000,6.00000,0.75000,truth,0,0.22762,0.21850,0.23696,-0.00467,0.58188,0.35425,0.15379,138.43200,0.79559,0.03946,0.80900,0.12500,12.00000,0.00100,0.00000,0.00000,,,,,,
sim1_pm_post_always,task003_nosolution,3,12.00000,6.00000,1.00000,both,0,,,,,,,,,,,,,,,,,0.13515,0.12966,0.14098,0.20319,0.19823,0.20825
sim1_pm_post_always,task003_nosolution,3,12.00000,6.00000,1.00000,both,1,,,,,,,,,,,,,,,,,-0.00073,-0.00146,-0.00019,0.00006,0.00000,0.00015
sim1_pm_post_always,task003_nosolution,3,12.00000,6.00000,1.00000,both,2,,,,,,,,,,,,,,,,,-0.13442,-0.14025,-0.12889,-0.20325,-0.20834,-0.19829
sim1_pm_post_always,task003_nosolution,3,12.00000,6.00000,1.00000,false,2,0.06883,0.06104,0.07567,-0.00079,0.56546,0.49662,0.00000,107.68200,0.61886,0.01534,0.90400,0.47200,5.00000,0.00300,0.00000,0.00000,,,,,,
sim1_pm_post_always,task003_nosolution,3,12.00000,6.00000,1.00000,truth,0,0.33833,0.33071,0.34600,-0.00067,0.84092,0.50258,0.00013,43.78200,0.25162,0.18546,1.00000,0.29000,5.00000,0.05100,0.00000,0.00000,,,,,,
sim1_pm_post_always,task003_nosolution,3,12.00000,9.00000,0.75000,both,0,,,,,,,,,,,,,,,,,0.09621,0.08785,0.10477,0.07412,0.07023,0.07815
sim1_pm_post_always,task003_nosolution,3,12.00000,9.00000,0.75000,both,1,,,,,,,,,,,,,,,,,-0.01358,-0.02100,-0.00639,0.00821,0.00483,0.01167
sim1_pm_post_always,task003_nosolution,3,12.00000,9.00000,0.75000,both,2,,,,,,,,,,,,,,,,,-0.08263,-0.09202,-0.07329,-0.08233,-0.08663,-0.07808
sim1_pm_post_always,task003_nosolution,3,12.00000,9.00000,0.75000,false,2,-0.00029,-0.01054,0.00963,-0.02179,0.48700,0.48729,0.13667,231.41700,0.88666,-0.00003,0.48100,0.48700,,0.00000,0.00000,0.00000,,,,,,
sim1_pm_post_always,task003_nosolution,3,12.00000,9.00000,0.75000,truth,0,0.17033,0.16075,0.17933,-0.00537,0.52458,0.35425,0.15308,231.57000,0.88724,0.01765,0.54100,0.12500,25.00000,0.00000,0.00000,0.00000,,,,,,
sim1_pm_post_always,task003_nosolution,3,12.00000,9.00000,1.00000,both,0,,,,,,,,,,,,,,,,,0.27515,0.26898,0.28198,0.04723,0.04373,0.05088
sim1_pm_post_always,task003_nosolution,3,12.00000,9.00000,1.00000,both,1,,,,,,,,,,,,,,,,,-0.00073,-0.00142,-0.00017,-0.00002,-0.00008,0.00004
sim1_pm_post_always,task003_nosolution,3,12.00000,9.00000,1.00000,both,2,,,,,,,,,,,,,,,,,-0.27442,-0.28100,-0.26812,-0.04721,-0.05087,-0.04371
sim1_pm_post_always,task003_nosolution,3,12.00000,9.00000,1.00000,false,2,-0.22721,-0.23471,-0.21954,-0.00071,0.26942,0.49662,0.00008,244.52100,0.93686,-0.02230,0.30000,0.47200,,0.00000,0.00100,0.00000,,,,,,
sim1_pm_post_always,task003_nosolution,3,12.00000,9.00000,1.00000,truth,0,0.32237,0.31567,0.32954,-0.00075,0.82496,0.50258,0.00004,78.90300,0.30231,0.09806,1.00000,0.29000,6.00000,0.03500,0.00000,0.00000,,,,,,
sim1_pm_post_always,task003_nosolution,3,24.00000,1.00000,0.75000,both,0,,,,,,,,,,,,,,,,,0.06648,0.05873,0.07413,0.23019,0.22552,0.23456
sim1_pm_post_always,task003_nosolution,3,24.00000,1.00000,0.75000,both,1,,,,,,,,,,,,,,,,,-0.03148,-0.03831,-0.02469,0.01935,0.01558,0.02317
sim1_pm_post_always,task003_nosolution,3,24.00000,1.00000,0.75000,both,2,,,,,,,,,,,,,,,,,-0.03500,-0.04446,-0.02646,-0.24954,-0.25475,-0.24406
sim1_pm_post_always,task003_nosolution,3,24.00000,1.00000,0.75000,false,2,0.21454,0.20300,0.22483,-0.05083,0.70183,0.48729,0.10762,18.03100,0.62176,0.28556,0.96800,0.48700,5.00000,0.00300,0.00000,0.00000,,,,,,
sim1_pm_post_always,task003_nosolution,3,24.00000,1.00000,0.75000,truth,0,0.29667,0.28729,0.30604,-0.01213,0.65092,0.35425,0.14633,23.20100,0.80003,0.30688,0.93600,0.12500,9.00000,0.00000,0.00000,0.00000,,,,,,
sim1_pm_post_always,task003_nosolution,3,24.00000,1.00000,1.00000,both,0,,,,,,,,,,,,,,,,,0.08017,0.07354,0.08652,0.31771,0.31308,0.32200
sim1_pm_post_always,task003_nosolution,3,24.00000,1.00000,1.00000,both,1,,,,,,,,,,,,,,,,,-0.00075,-0.00154,-0.00017,0.00004,0.00000,0.00010
sim1_pm_post_always,task003_nosolution,3,24.00000,1.00000,1.00000,both,2,,,,,,,,,,,,,,,,,-0.07942,-0.08581,-0.07275,-0.31775,-0.32204,-0.31312
sim1_pm_post_always,task003_nosolution,3,24.00000,1.00000,1.00000,false,2,0.23833,0.22954,0.24679,-0.00079,0.73496,0.49662,0.00000,11.70400,0.40359,0.48872,0.98000,0.47200,5.00000,0.00700,0.00000,0.00000,,,,,,
sim1_pm_post_always,task003_nosolution,3,24.00000,1.00000,1.00000,truth,0,0.39788,0.39104,0.40488,-0.00071,0.90046,0.50258,0.00008,5.26700,0.18162,1.81299,1.00000,0.29000,5.00000,0.08800,0.00000,0.00000,,,,,,
sim1_pm_post_always,task003_nosolution,3,24.00000,2.00000,0.75000,both,0,,,,,,,,,,,,,,,,,0.08935,0.08077,0.09711,0.24277,0.23821,0.24719
sim1_pm_post_always,task003_nosolution,3,24.00000,2.00000,0.75000,both,1,,,,,,,,,,,,,,,,,-0.03779,-0.04523,-0.03067,0.01288,0.00933,0.01671
sim1_pm_post_always,task003_nosolution,3,24.00000,2.00000,0.75000,both,2,,,,,,,,,,,,,,,,,-0.05156,-0.06036,-0.04204,-0.25565,-0.26025,-0.25081
sim1_pm_post_always,task003_nosolution,3,24.00000,2.00000,0.75000,false,2,0.20408,0.19462,0.21455,-0.05067,0.69137,0.48729,0.10779,36.28800,0.62566,0.13498,0.97600,0.48700,5.00000,0.00300,0.00000,0.00000,,,,,,
sim1_pm_post_always,task003_nosolution,3,24.00000,2.00000,0.75000,truth,0,0.33213,0.32133,0.34167,-0.02492,0.68637,0.35425,0.13354,41.78000,0.72034,0.19079,0.98000,0.12500,7.00000,0.00000,0.00000,0.00000,,,,,,
sim1_pm_post_always,task003_nosolution,3,24.00000,2.00000,1.00000,both,0,,,,,,,,,,,,,,,,,0.09346,0.08685,0.09969,0.30054,0.29521,0.30585
sim1_pm_post_always,task003_nosolution,3,24.00000,2.00000,1.00000,both,1,,,,,,,,,,,,,,,,,-0.00079,-0.00154,-0.00025,0.00000,0.00000,0.00000
sim1_pm_post_always,task003_nosolution,3,24.00000,2.00000,1.00000,both,2,,,,,,,,,,,,,,,,,-0.09267,-0.09913,-0.08608,-0.30054,-0.30585,-0.29521
sim1_pm_post_always,task003_nosolution,3,24.00000,2.00000,1.00000,false,2,0.20787,0.19858,0.21742,-0.00079,0.70450,0.49662,0.00000,24.72000,0.42621,0.20182,0.97700,0.47200,4.00000,0.01300,0.00000,0.00000,,,,,,
sim1_pm_post_always,task003_nosolution,3,24.00000,2.00000,1.00000,truth,0,0.39400,0.38692,0.40142,-0.00079,0.89658,0.50258,0.00000,9.97000,0.17190,0.94845,1.00000,0.29000,5.00000,0.09700,0.00000,0.00000,,,,,,
sim1_pm_post_always,task003_nosolution,3,24.00000,3.00000,0.75000,both,0,,,,,,,,,,,,,,,,,0.08360,0.07522,0.09185,0.20898,0.20423,0.21321
sim1_pm_post_always,task003_nosolution,3,24.00000,3.00000,0.75000,both,1,,,,,,,,,,,,,,,,,-0.04069,-0.04802,-0.03358,0.01952,0.01608,0.02321
sim1_pm_post_always,task003_nosolution,3,24.00000,3.00000,0.75000,both,2,,,,,,,,,,,,,,,,,-0.04292,-0.05279,-0.03366,-0.22850,-0.23338,-0.22367
sim1_pm_post_always,task003_nosolution,3,24.00000,3.00000,0.75000,false,2,0.18558,0.17433,0.19588,-0.06021,0.67288,0.48729,0.09825,59.44500,0.68328,0.07493,0.96800,0.48700,6.00000,0.00100,0.00000,0.00000,,,,,,
sim1_pm_post_always,task003_nosolution,3,24.00000,3.00000,0.75000,truth,0,0.29258,0.28304,0.30271,-0.02117,0.64683,0.35425,0.13729,69.92400,0.80372,0.10042,0.91600,0.12500,9.00000,0.00000,0.00000,0.00000,,,,,,
sim1_pm_post_always,task003_nosolution,3,24.00000,3.00000,1.00000,both,0,,,,,,,,,,,,,,,,,0.09831,0.09169,0.10504,0.28140,0.27619,0.28700
sim1_pm_post_always,task003_nosolution,3,24.00000,3.00000,1.00000,both,1,,,,,,,,,,,,,,,,,-0.00073,-0.00150,-0.00017,0.00006,0.00000,0.00015
sim1_pm_post_always,task003_nosolution,3,24.00000,3.00000,1.00000,both,2,,,,,,,,,,,,,,,,,-0.09758,-0.10429,-0.09096,-0.28146,-0.28708,-0.27627
sim1_pm_post_always,task003_nosolution,3,24.00000,3.00000,1.00000,false,2,0.18387,0.17471,0.19288,-0.00079,0.68050,0.49662,0.00000,43.19400,0.49648,0.10217,0.94700,0.47200,4.00000,0.00700,0.00000,0.00000,,,,,,
sim1_pm_post_always,task003_nosolution,3,24.00000,3.00000,1.00000,truth,0,0.37971,0.37266,0.38712,-0.00067,0.88229,0.50258,0.00013,17.45100,0.20059,0.52221,1.00000,0.29000,5.00000,0.07100,0.00000,0.00000,,,,,,
sim1_pm_post_always,task003_nosolution,3,24.00000,6.00000,0.75000,both,0,,,,,,,,,,,,,,,,,0.04077,0.03298,0.04873,0.16815,0.16379,0.17217
sim1_pm_post_always,task003_nosolution,3,24.00000,6.00000,0.75000,both,1,,,,,,,,,,,,,,,,,-0.03710,-0.04446,-0.03025,0.02102,0.01735,0.02502
sim1_pm_post_always,task003_nosolution,3,24.00000,6.00000,0.75000,both,2,,,,,,,,,,,,,,,,,-0.00367,-0.01288,0.00546,-0.18917,-0.19398,-0.18446
sim1_pm_post_always,task003_nosolution,3,24.00000,6.00000,0.75000,false,2,0.18550,0.17454,0.19663,-0.05812,0.67279,0.48729,0.10033,120.84000,0.69448,0.03684,0.96900,0.48700,6.00000,0.00100,0.00000,0.00000,,,,,,
sim1_pm_post_always,task003_nosolution,3,24.00000,6.00000,0.75000,truth,0,0.20892,0.19962,0.21817,-0.01608,0.56317,0.35425,0.14238,162.45000,0.93362,0.03086,0.66200,0.12500,19.00000,0.00100,0.00000,0.00000,,,,,,
sim1_pm_post_always,task003_nosolution,3,24.00000,6.00000,1.00000,both,0,,,,,,,,,,,,,,,,,0.10042,0.09387,0.10651,0.26425,0.25914,0.26962
sim1_pm_post_always,task003_nosolution,3,24.00000,6.00000,1.00000,both,1,,,,,,,,,,,,,,,,,-0.00067,-0.00142,-0.00010,0.00012,0.00004,0.00023
sim1_pm_post_always,task003_nosolution,3,24.00000,6.00000,1.00000,both,2,,,,,,,,,,,,,,,,,-0.09975,-0.10611,-0.09319,-0.26438,-0.26971,-0.25931
sim1_pm_post_always,task003_nosolution,3,24.00000,6.00000,1.00000,false,2,0.16462,0.15541,0.17350,-0.00079,0.66125,0.49662,0.00000,95.19000,0.54707,0.04151,0.94200,0.47200,5.00000,0.00800,0.00000,0.00000,,,,,,
sim1_pm_post_always,task003_nosolution,3,24.00000,6.00000,1.00000,truth,0,0.36467,0.35725,0.37246,-0.00054,0.86725,0.50258,0.00025,44.56200,0.25610,0.19640,1.00000,0.29000,6.00000,0.06500,0.00000,0.00000,,,,,,
sim1_pm_post_always,task003_nosolution,3,24.00000,9.00000,0.75000,both,0,,,,,,,,,,,,,,,,,0.07500,0.06671,0.08324,0.08021,0.07625,0.08400
sim1_pm_post_always,task003_nosolution,3,24.00000,9.00000,0.75000,both,1,,,,,,,,,,,,,,,,,0.00129,-0.00608,0.00833,0.00479,0.00104,0.00844
sim1_pm_post_always,task003_nosolution,3,24.00000,9.00000,0.75000,both,2,,,,,,,,,,,,,,,,,-0.07629,-0.08544,-0.06669,-0.08500,-0.08906,-0.08050
sim1_pm_post_always,task003_nosolution,3,24.00000,9.00000,0.75000,false,2,0.00871,-0.00113,0.01938,-0.00350,0.49600,0.48729,0.15496,249.15600,0.95462,0.00084,0.50300,0.48700,30.00000,0.00000,0.00000,0.00000,,,,,,
sim1_pm_post_always,task003_nosolution,3,24.00000,9.00000,0.75000,truth,0,0.15521,0.14591,0.16475,0.00608,0.50946,0.35425,0.16454,253.22400,0.97021,0.01471,0.45000,0.12500,,0.00000,0.00000,0.00000,,,,,,
sim1_pm_post_always,task003_nosolution,3,24.00000,9.00000,1.00000,both,0,,,,,,,,,,,,,,,,,0.22529,0.21827,0.23210,0.13971,0.13421,0.14477
sim1_pm_post_always,task003_nosolution,3,24.00000,9.00000,1.00000,both,1,,,,,,,,,,,,,,,,,-0.00062,-0.00138,-0.00006,0.00004,-0.00008,0.00017
sim1_pm_post_always,task003_nosolution,3,24.00000,9.00000,1.00000,both,2,,,,,,,,,,,,,,,,,-0.22467,-0.23150,-0.21773,-0.13975,-0.14481,-0.13433
sim1_pm_post_always,task003_nosolution,3,24.00000,9.00000,1.00000,false,2,-0.08492,-0.09471,-0.07537,-0.00067,0.41171,0.49662,0.00013,242.90100,0.93066,-0.00839,0.45900,0.47200,,0.00000,0.00000,0.00000,,,,,,
sim1_pm_post_always,task003_nosolution,3,24.00000,9.00000,1.00000,truth,0,0.36500,0.35733,0.37225,-0.00058,0.86758,0.50258,0.00021,70.92000,0.27172,0.12352,1.00000,0.29000,7.00000,0.06300,0.00000,0.00000,,,,,,
sim1_pm_post_always,task003_nosolution,6,3.00000,1.00000,0.75000,both,0,,,,,,,,,,,,,,,,,0.09412,0.08433,0.10488,0.33800,0.33371,0.34231
sim1_pm_post_always,task003_nosolution,6,3.00000,1.00000,0.75000,both,1,,,,,,,,,,,,,,,,,-0.03758,-0.04304,-0.03210,0.02037,0.01800,0.02271
sim1_pm_post_always,task003_nosolution,6,3.00000,1.00000,0.75000,both,2,,,,,,,,,,,,,,,,,-0.05654,-0.06713,-0.04575,-0.35837,-0.36302,-0.35369
sim1_pm_post_always,task003_nosolution,6,3.00000,1.00000,0.75000,false,2,0.30183,0.28966,0.31409,-0.05796,0.83450,0.53267,0.02913,13.66300,0.47114,0.53019,0.99800,0.62600,4.00000,0.06200,0.00000,0.00000,,,,,,
sim1_pm_post_always,task003_nosolution,6,3.00000,1.00000,0.75000,truth,0,0.43213,0.42075,0.44375,-0.01721,0.81237,0.38025,0.06988,16.18200,0.55800,0.64090,0.99900,0.29300,4.00000,0.01800,0.00000,0.00000,,,,,,
sim1_pm_post_always,task003_nosolution,6,3.00000,1.00000,1.00000,both,0,,,,,,,,,,,,,,,,,0.07852,0.07277,0.08398,0.26860,0.26412,0.27333
sim1_pm_post_always,task003_nosolution,6,3.00000,1.00000,1.00000,both,1,,,,,,,,,,,,,,,,,0.00029,0.00010,0.00052,0.00029,0.00010,0.00052
sim1_pm_post_always,task003_nosolution,6,3.00000,1.00000,1.00000,both,2,,,,,,,,,,,,,,,,,-0.07881,-0.08431,-0.07312,-0.26890,-0.27369,-0.26431
sim1_pm_post_always,task003_nosolution,6,3.00000,1.00000,1.00000,false,2,0.19008,0.18333,0.19742,0.00000,0.68488,0.49479,0.00000,17.04100,0.58762,0.26771,0.99900,0.47800,4.00000,0.00200,0.00000,0.00000,,,,,,
sim1_pm_post_always,task003_nosolution,6,3.00000,1.00000,1.00000,truth,0,0.34713,0.33950,0.35467,0.00058,0.85233,0.50521,0.00058,13.83500,0.47707,0.60217,0.99900,0.37800,4.00000,0.05100,0.00000,0.00000,,,,,,
sim1_pm_post_always,task003_nosolution,6,3.00000,2.00000,0.75000,both,0,,,,,,,,,,,,,,,,,0.12302,0.11233,0.13317,0.31790,0.31313,0.32252
sim1_pm_post_always,task003_nosolution,6,3.00000,2.00000,0.75000,both,1,,,,,,,,,,,,,,,,,-0.04200,-0.04740,-0.03635,0.02271,0.02060,0.02473
sim1_pm_post_always,task003_nosolution,6,3.00000,2.00000,0.75000,both,2,,,,,,,,,,,,,,,,,-0.08102,-0.09256,-0.06933,-0.34060,-0.34521,-0.33592
sim1_pm_post_always,task003_nosolution,6,3.00000,2.00000,0.75000,false,2,0.25958,0.24754,0.27242,-0.06471,0.79225,0.53267,0.02237,28.54400,0.49214,0.21826,0.99900,0.62600,3.00000,0.02300,0.00000,0.00000,,,,,,
sim1_pm_post_always,task003_nosolution,6,3.00000,2.00000,0.75000,truth,0,0.44092,0.42937,0.45275,-0.01929,0.82117,0.38025,0.06779,28.68400,0.49455,0.36892,1.00000,0.29300,3.00000,0.02500,0.00000,0.00000,,,,,,
sim1_pm_post_always,task003_nosolution,6,3.00000,2.00000,1.00000,both,0,,,,,,,,,,,,,,,,,0.11635,0.11152,0.12098,0.20985,0.20608,0.21398
sim1_pm_post_always,task003_nosolution,6,3.00000,2.00000,1.00000,both,1,,,,,,,,,,,,,,,,,0.00000,0.00000,0.00000,0.00000,0.00000,0.00000
sim1_pm_post_always,task003_nosolution,6,3.00000,2.00000,1.00000,both,2,,,,,,,,,,,,,,,,,-0.11635,-0.12098,-0.11152,-0.20985,-0.21398,-0.20608
sim1_pm_post_always,task003_nosolution,6,3.00000,2.00000,1.00000,false,2,0.09350,0.08963,0.09787,0.00000,0.58829,0.49479,0.00000,39.20000,0.67586,0.05724,0.99100,0.47800,3.00000,0.00000,0.00000,0.00000,,,,,,
sim1_pm_post_always,task003_nosolution,6,3.00000,2.00000,1.00000,truth,0,0.32621,0.31867,0.33404,0.00000,0.83142,0.50521,0.00000,22.19800,0.38272,0.35269,1.00000,0.37800,3.00000,0.04800,0.00000,0.00000,,,,,,
sim1_pm_post_always,task003_nosolution,6,3.00000,3.00000,0.75000,both,0,,,,,,,,,,,,,,,,,0.12856,0.11854,0.13929,0.30890,0.30404,0.31358
sim1_pm_post_always,task003_nosolution,6,3.00000,3.00000,0.75000,both,1,,,,,,,,,,,,,,,,,-0.04188,-0.04731,-0.03650,0.02067,0.01860,0.02277
sim1_pm_post_always,task003_nosolution,6,3.00000,3.00000,0.75000,both,2,,,,,,,,,,,,,,,,,-0.08669,-0.09779,-0.07596,-0.32956,-0.33421,-0.32458
sim1_pm_post_always,task003_nosolution,6,3.00000,3.00000,0.75000,false,2,0.24288,0.23079,0.25488,-0.06254,0.77554,0.53267,0.02454,46.12500,0.53017,0.12637,0.99800,0.62600,3.00000,0.02200,0.00000,0.00000,,,,,,
sim1_pm_post_always,task003_nosolution,6,3.00000,3.00000,0.75000,truth,0,0.43746,0.42654,0.45000,-0.02121,0.81771,0.38025,0.06588,42.31200,0.48634,0.24813,1.00000,0.29300,3.00000,0.02100,0.00000,0.00000,,,,,,
sim1_pm_post_always,task003_nosolution,6,3.00000,3.00000,1.00000,both,0,,,,,,,,,,,,,,,,,0.14448,0.14071,0.14860,0.16535,0.16165,0.16915
sim1_pm_post_always,task003_nosolution,6,3.00000,3.00000,1.00000,both,1,,,,,,,,,,,,,,,,,0.00000,0.00000,0.00000,0.00000,0.00000,0.00000
sim1_pm_post_always,task003_nosolution,6,3.00000,3.00000,1.00000,both,2,,,,,,,,,,,,,,,,,-0.14448,-0.14860,-0.14071,-0.16535,-0.16915,-0.16165
sim1_pm_post_always,task003_nosolution,6,3.00000,3.00000,1.00000,false,2,0.02087,0.01792,0.02392,0.00000,0.51567,0.49479,0.00000,66.47700,0.76410,0.00754,0.91000,0.47800,3.00000,0.00000,0.00000,0.00000,,,,,,
sim1_pm_post_always,task003_nosolution,6,3.00000,3.00000,1.00000,truth,0,0.30983,0.30279,0.31713,0.00000,0.81504,0.50521,0.00000,33.60600,0.38628,0.22127,1.00000,0.37800,3.00000,0.02900,0.00000,0.00000,,,,,,
sim1_pm_post_always,task003_nosolution,6,3.00000,6.00000,0.75000,both,0,,,,,,,,,,,,,,,,,0.09585,0.08514,0.10548,0.27573,0.27062,0.28027
sim1_pm_post_always,task003_nosolution,6,3.00000,6.00000,0.75000,both,1,,,,,,,,,,,,,,,,,-0.04108,-0.04679,-0.03550,0.02175,0.01958,0.02386
sim1_pm_post_always,task003_nosolution,6,3.00000,6.00000,0.75000,both,2,,,,,,,,,,,,,,,,,-0.05477,-0.06548,-0.04302,-0.29748,-0.30229,-0.29231
sim1_pm_post_always,task003_nosolution,6,3.00000,6.00000,0.75000,false,2,0.24271,0.23024,0.25454,-0.06283,0.77538,0.53267,0.02425,95.17800,0.54700,0.06120,0.99800,0.62600,3.00000,0.02200,0.00000,0.00000,,,,,,
sim1_pm_post_always,task003_nosolution,6,3.00000,6.00000,0.75000,truth,0,0.37158,0.35900,0.38275,-0.01933,0.75183,0.38025,0.06775,101.35800,0.58252,0.08799,0.99900,0.29300,3.00000,0.01100,0.00000,0.00000,,,,,,
sim1_pm_post_always,task003_nosolution,6,3.00000,6.00000,1.00000,both,0,,,,,,,,,,,,,,,,,0.13069,0.12752,0.13398,0.13540,0.13208,0.13850
sim1_pm_post_always,task003_nosolution,6,3.00000,6.00000,1.00000,both,1,,,,,,,,,,,,,,,,,0.00000,0.00000,0.00000,0.00000,0.00000,0.00000
sim1_pm_post_always,task003_nosolution,6,3.00000,6.00000,1.00000,both,2,,,,,,,,,,,,,,,,,-0.13069,-0.13398,-0.12752,-0.13540,-0.13850,-0.13208
sim1_pm_post_always,task003_nosolution,6,3.00000,6.00000,1.00000,false,2,0.00471,0.00313,0.00633,0.00000,0.49950,0.49479,0.00000,137.25000,0.78879,0.00082,0.86800,0.47800,3.00000,0.00000,0.00000,0.00000,,,,,,
sim1_pm_post_always,task003_nosolution,6,3.00000,6.00000,1.00000,truth,0,0.26608,0.25992,0.27233,0.00000,0.77129,0.50521,0.00000,83.06400,0.47738,0.07688,1.00000,0.37800,3.00000,0.00700,0.00000,0.00000,,,,,,
sim1_pm_post_always,task003_nosolution,6,3.00000,9.00000,0.75000,both,0,,,,,,,,,,,,,,,,,0.19625,0.18545,0.20748,0.11104,0.10621,0.11667
sim1_pm_post_always,task003_nosolution,6,3.00000,9.00000,0.75000,both,1,,,,,,,,,,,,,,,,,-0.02979,-0.03554,-0.02408,0.01092,0.00871,0.01321
sim1_pm_post_always,task003_nosolution,6,3.00000,9.00000,0.75000,both,2,,,,,,,,,,,,,,,,,-0.16646,-0.17813,-0.15483,-0.12196,-0.12767,-0.11631
sim1_pm_post_always,task003_nosolution,6,3.00000,9.00000,0.75000,false,2,-0.04450,-0.05751,-0.03191,-0.04071,0.48817,0.53267,0.04637,214.78500,0.82293,-0.00497,0.65200,0.62600,9.00000,0.00200,0.00000,0.00000,,,,,,
sim1_pm_post_always,task003_nosolution,6,3.00000,9.00000,0.75000,truth,0,0.30729,0.29570,0.31929,-0.01888,0.68754,0.38025,0.06821,174.96900,0.67038,0.04215,0.98100,0.29300,5.00000,0.00300,0.00000,0.00000,,,,,,
sim1_pm_post_always,task003_nosolution,6,3.00000,9.00000,1.00000,both,0,,,,,,,,,,,,,,,,,0.26019,0.25427,0.26619,0.01444,0.01250,0.01644
sim1_pm_post_always,task003_nosolution,6,3.00000,9.00000,1.00000,both,1,,,,,,,,,,,,,,,,,0.00000,0.00000,0.00000,0.00000,0.00000,0.00000
sim1_pm_post_always,task003_nosolution,6,3.00000,9.00000,1.00000,both,2,,,,,,,,,,,,,,,,,-0.26019,-0.26619,-0.25427,-0.01444,-0.01644,-0.01250
sim1_pm_post_always,task003_nosolution,6,3.00000,9.00000,1.00000,false,2,-0.24575,-0.25175,-0.23979,0.00000,0.24904,0.49479,0.00000,246.42000,0.94414,-0.02393,0.33600,0.47800,,0.00000,0.00000,0.00000,,,,,,
sim1_pm_post_always,task003_nosolution,6,3.00000,9.00000,1.00000,truth,0,0.27462,0.26800,0.28109,0.00000,0.77983,0.50521,0.00000,128.28600,0.49152,0.05138,1.00000,0.37800,4.00000,0.01100,0.00000,0.00000,,,,,,
sim1_pm_post_always,task003_nosolution,6,6.00000,1.00000,0.75000,both,0,,,,,,,,,,,,,,,,,0.09890,0.08825,0.10940,0.32523,0.32023,0.32965
sim1_pm_post_always,task003_nosolution,6,6.00000,1.00000,0.75000,both,1,,,,,,,,,,,,,,,,,-0.03385,-0.03932,-0.02808,0.02094,0.01848,0.02340
sim1_pm_post_always,task003_nosolution,6,6.00000,1.00000,0.75000,both,2,,,,,,,,,,,,,,,,,-0.06504,-0.07675,-0.05464,-0.34617,-0.35090,-0.34090
sim1_pm_post_always,task003_nosolution,6,6.00000,1.00000,0.75000,false,2,0.28112,0.26871,0.29317,-0.05479,0.81379,0.53267,0.03229,10.81100,0.37279,0.62409,0.99500,0.62600,4.00000,0.06300,0.00000,0.00000,,,,,,
sim1_pm_post_always,task003_nosolution,6,6.00000,1.00000,0.75000,truth,0,0.42413,0.41237,0.43492,-0.01292,0.80437,0.38025,0.07417,12.40900,0.42790,0.82029,1.00000,0.29300,4.00000,0.01700,0.00000,0.00000,,,,,,
sim1_pm_post_always,task003_nosolution,6,6.00000,1.00000,1.00000,both,0,,,,,,,,,,,,,,,,,0.12085,0.11548,0.12610,0.24252,0.23762,0.24721
sim1_pm_post_always,task003_nosolution,6,6.00000,1.00000,1.00000,both,1,,,,,,,,,,,,,,,,,0.00000,0.00000,0.00000,0.00000,0.00000,0.00000
sim1_pm_post_always,task003_nosolution,6,6.00000,1.00000,1.00000,both,2,,,,,,,,,,,,,,,,,-0.12085,-0.12610,-0.11548,-0.24252,-0.24721,-0.23762
sim1_pm_post_always,task003_nosolution,6,6.00000,1.00000,1.00000,false,2,0.12167,0.11462,0.12896,0.00000,0.61646,0.49479,0.00000,15.71200,0.54179,0.18585,0.98800,0.47800,4.00000,0.00200,0.00000,0.00000,,,,,,
sim1_pm_post_always,task003_nosolution,6,6.00000,1.00000,1.00000,truth,0,0.36338,0.35629,0.37038,0.00000,0.86858,0.50521,0.00000,8.61400,0.29703,1.01242,1.00000,0.37800,3.00000,0.06900,0.00000,0.00000,,,,,,
sim1_pm_post_always,task003_nosolution,6,6.00000,2.00000,0.75000,both,0,,,,,,,,,,,,,,,,,0.11210,0.10131,0.12315,0.31794,0.31302,0.32277
sim1_pm_post_always,task003_nosolution,6,6.00000,2.00000,0.75000,both,1,,,,,,,,,,,,,,,,,-0.03781,-0.04313,-0.03256,0.01990,0.01779,0.02217
sim1_pm_post_always,task003_nosolution,6,6.00000,2.00000,0.75000,both,2,,,,,,,,,,,,,,,,,-0.07429,-0.08534,-0.06218,-0.33783,-0.34288,-0.33288
sim1_pm_post_always,task003_nosolution,6,6.00000,2.00000,0.75000,false,2,0.26354,0.25133,0.27617,-0.05771,0.79621,0.53267,0.02937,21.95200,0.37848,0.28813,0.99800,0.62600,3.00000,0.04500,0.00000,0.00000,,,,,,
sim1_pm_post_always,task003_nosolution,6,6.00000,2.00000,0.75000,truth,0,0.43004,0.41871,0.44213,-0.01792,0.81029,0.38025,0.06917,22.03600,0.37993,0.46837,1.00000,0.29300,3.00000,0.02100,0.00000,0.00000,,,,,,
sim1_pm_post_always,task003_nosolution,6,6.00000,2.00000,1.00000,both,0,,,,,,,,,,,,,,,,,0.15808,0.15331,0.16271,0.19479,0.19023,0.19942
sim1_pm_post_always,task003_nosolution,6,6.00000,2.00000,1.00000,both,1,,,,,,,,,,,,,,,,,0.00000,0.00000,0.00000,0.00000,0.00000,0.00000
sim1_pm_post_always,task003_nosolution,6,6.00000,2.00000,1.00000,both,2,,,,,,,,,,,,,,,,,-0.15808,-0.16271,-0.15331,-0.19479,-0.19942,-0.19023
sim1_pm_post_always,task003_nosolution,6,6.00000,2.00000,1.00000,false,2,0.03671,0.03121,0.04196,0.00000,0.53150,0.49479,0.00000,35.88200,0.61866,0.02455,0.95300,0.47800,3.00000,0.00100,0.00000,0.00000,,,,,,
sim1_pm_post_always,task003_nosolution,6,6.00000,2.00000,1.00000,truth,0,0.35288,0.34541,0.36013,0.00000,0.85808,0.50521,0.00000,12.72200,0.21934,0.66570,1.00000,0.37800,3.00000,0.06300,0.00000,0.00000,,,,,,
sim1_pm_post_always,task003_nosolution,6,6.00000,3.00000,0.75000,both,0,,,,,,,,,,,,,,,,,0.12510,0.11483,0.13511,0.30769,0.30277,0.31275
sim1_pm_post_always,task003_nosolution,6,6.00000,3.00000,0.75000,both,1,,,,,,,,,,,,,,,,,-0.03927,-0.04496,-0.03346,0.01673,0.01458,0.01896
sim1_pm_post_always,task003_nosolution,6,6.00000,3.00000,0.75000,both,2,,,,,,,,,,,,,,,,,-0.08583,-0.09640,-0.07475,-0.32442,-0.32931,-0.31925
sim1_pm_post_always,task003_nosolution,6,6.00000,3.00000,0.75000,false,2,0.23858,0.22749,0.25004,-0.05600,0.77125,0.53267,0.03108,37.80000,0.43448,0.15148,0.99300,0.62600,3.00000,0.02000,0.00000,0.00000,,,,,,
sim1_pm_post_always,task003_nosolution,6,6.00000,3.00000,0.75000,truth,0,0.43279,0.42037,0.44438,-0.02254,0.81304,0.38025,0.06454,32.66400,0.37545,0.31800,0.99900,0.29300,3.00000,0.01600,0.00000,0.00000,,,,,,
sim1_pm_post_always,task003_nosolution,6,6.00000,3.00000,1.00000,both,0,,,,,,,,,,,,,,,,,0.16577,0.16160,0.16990,0.17627,0.17256,0.18008
sim1_pm_post_always,task003_nosolution,6,6.00000,3.00000,1.00000,both,1,,,,,,,,,,,,,,,,,0.00000,0.00000,0.00000,0.00000,0.00000,0.00000
sim1_pm_post_always,task003_nosolution,6,6.00000,3.00000,1.00000,both,2,,,,,,,,,,,,,,,,,-0.16577,-0.16990,-0.16160,-0.17627,-0.18008,-0.17256
sim1_pm_post_always,task003_nosolution,6,6.00000,3.00000,1.00000,false,2,0.01050,0.00758,0.01354,0.00000,0.50529,0.49479,0.00000,63.49800,0.72986,0.00397,0.88600,0.47800,3.00000,0.00000,0.00000,0.00000,,,,,,
sim1_pm_post_always,task003_nosolution,6,6.00000,3.00000,1.00000,truth,0,0.34204,0.33471,0.34946,0.00000,0.84725,0.50521,0.00000,19.38300,0.22279,0.42352,1.00000,0.37800,3.00000,0.05600,0.00000,0.00000,,,,,,
sim1_pm_post_always,task003_nosolution,6,6.00000,6.00000,0.75000,both,0,,,,,,,,,,,,,,,,,0.09910,0.08823,0.10950,0.27485,0.26992,0.27969
sim1_pm_post_always,task003_nosolution,6,6.00000,6.00000,0.75000,both,1,,,,,,,,,,,,,,,,,-0.03648,-0.04215,-0.03098,0.01852,0.01627,0.02073
sim1_pm_post_always,task003_nosolution,6,6.00000,6.00000,0.75000,both,2,,,,,,,,,,,,,,,,,-0.06262,-0.07429,-0.05142,-0.29338,-0.29865,-0.28831
sim1_pm_post_always,task003_nosolution,6,6.00000,6.00000,0.75000,false,2,0.23075,0.21779,0.24317,-0.05500,0.76342,0.53267,0.03208,79.92000,0.45931,0.06929,0.99000,0.62600,3.00000,0.02600,0.00000,0.00000,,,,,,
sim1_pm_post_always,task003_nosolution,6,6.00000,6.00000,0.75000,truth,0,0.37396,0.36175,0.38558,-0.01796,0.75421,0.38025,0.06913,82.21800,0.47252,0.10916,0.99800,0.29300,4.00000,0.00600,0.00000,0.00000,,,,,,
sim1_pm_post_always,task003_nosolution,6,6.00000,6.00000,1.00000,both,0,,,,,,,,,,,,,,,,,0.14675,0.14298,0.15036,0.15100,0.14719,0.15456
sim1_pm_post_always,task003_nosolution,6,6.00000,6.00000,1.00000,both,1,,,,,,,,,,,,,,,,,0.00000,0.00000,0.00000,0.00000,0.00000,0.00000
sim1_pm_post_always,task003_nosolution,6,6.00000,6.00000,1.00000,both,2,,,,,,,,,,,,,,,,,-0.14675,-0.15036,-0.14298,-0.15100,-0.15456,-0.14719
sim1_pm_post_always,task003_nosolution,6,6.00000,6.00000,1.00000,false,2,0.00425,0.00275,0.00608,0.00000,0.49904,0.49479,0.00000,132.06600,0.75900,0.00077,0.84500,0.47800,3.00000,0.00000,0.00000,0.00000,,,,,,
sim1_pm_post_always,task003_nosolution,6,6.00000,6.00000,1.00000,truth,0,0.29775,0.29046,0.30471,0.00000,0.80296,0.50521,0.00000,51.67200,0.29697,0.13830,1.00000,0.37800,3.00000,0.02700,0.00000,0.00000,,,,,,
sim1_pm_post_always,task003_nosolution,6,6.00000,9.00000,0.75000,both,0,,,,,,,,,,,,,,,,,0.21533,0.20527,0.22529,0.09008,0.08437,0.09548
sim1_pm_post_always,task003_nosolution,6,6.00000,9.00000,0.75000,both,1,,,,,,,,,,,,,,,,,-0.02485,-0.03063,-0.01892,0.01031,0.00779,0.01290
sim1_pm_post_always,task003_nosolution,6,6.00000,9.00000,0.75000,both,2,,,,,,,,,,,,,,,,,-0.19048,-0.20088,-0.17894,-0.10040,-0.10617,-0.09450
sim1_pm_post_always,task003_nosolution,6,6.00000,9.00000,0.75000,false,2,-0.09008,-0.10305,-0.07687,-0.03517,0.44258,0.53267,0.05192,220.55400,0.84503,-0.00980,0.56000,0.62600,15.00000,0.00200,0.00000,0.00000,,,,,,
sim1_pm_post_always,task003_nosolution,6,6.00000,9.00000,0.75000,truth,0,0.30542,0.29400,0.31629,-0.01454,0.68567,0.38025,0.07254,158.45400,0.60710,0.04626,0.98200,0.29300,5.00000,0.00200,0.00000,0.00000,,,,,,
sim1_pm_post_always,task003_nosolution,6,6.00000,9.00000,1.00000,both,0,,,,,,,,,,,,,,,,,0.26887,0.26279,0.27510,0.02342,0.02083,0.02590
sim1_pm_post_always,task003_nosolution,6,6.00000,9.00000,1.00000,both,1,,,,,,,,,,,,,,,,,0.00000,0.00000,0.00000,0.00000,0.00000,0.00000
sim1_pm_post_always,task003_nosolution,6,6.00000,9.00000,1.00000,both,2,,,,,,,,,,,,,,,,,-0.26887,-0.27510,-0.26279,-0.02342,-0.02590,-0.02083
sim1_pm_post_always,task003_nosolution,6,6.00000,9.00000,1.00000,false,2,-0.24546,-0.25146,-0.23975,0.00000,0.24933,0.49479,0.00000,247.58100,0.94859,-0.02379,0.29500,0.47800,,0.00000,0.00000,0.00000,,,,,,
sim1_pm_post_always,task003_nosolution,6,6.00000,9.00000,1.00000,truth,0,0.29229,0.28466,0.29979,0.00000,0.79750,0.50521,0.00000,89.70300,0.34369,0.07820,1.00000,0.37800,4.00000,0.02600,0.00000,0.00000,,,,,,
sim1_pm_post_always,task003_nosolution,6,12.00000,1.00000,0.75000,both,0,,,,,,,,,,,,,,,,,0.09471,0.08439,0.10537,0.32513,0.31996,0.33004
sim1_pm_post_always,task003_nosolution,6,12.00000,1.00000,0.75000,both,1,,,,,,,,,,,,,,,,,-0.03300,-0.03906,-0.02737,0.01812,0.01579,0.02058
sim1_pm_post_always,task003_nosolution,6,12.00000,1.00000,0.75000,both,2,,,,,,,,,,,,,,,,,-0.06171,-0.07319,-0.04956,-0.34325,-0.34838,-0.33821
sim1_pm_post_always,task003_nosolution,6,12.00000,1.00000,0.75000,false,2,0.28154,0.26871,0.29534,-0.05112,0.81421,0.53267,0.03596,8.90000,0.30690,0.75921,0.99500,0.62600,4.00000,0.06000,0.00000,0.00000,,,,,,
sim1_pm_post_always,task003_nosolution,6,12.00000,1.00000,0.75000,truth,0,0.41983,0.40808,0.43163,-0.01488,0.80008,0.38025,0.07221,9.60800,0.33131,1.04871,1.00000,0.29300,4.00000,0.02100,0.00000,0.00000,,,,,,
sim1_pm_post_always,task003_nosolution,6,12.00000,1.00000,1.00000,both,0,,,,,,,,,,,,,,,,,0.10942,0.10377,0.11552,0.26887,0.26400,0.27398
sim1_pm_post_always,task003_nosolution,6,12.00000,1.00000,1.00000,both,1,,,,,,,,,,,,,,,,,0.00000,0.00000,0.00000,0.00000,0.00000,0.00000
sim1_pm_post_always,task003_nosolution,6,12.00000,1.00000,1.00000,both,2,,,,,,,,,,,,,,,,,-0.10942,-0.11552,-0.10377,-0.26887,-0.27398,-0.26400
sim1_pm_post_always,task003_nosolution,6,12.00000,1.00000,1.00000,false,2,0.15946,0.15058,0.16850,0.00000,0.65425,0.49479,0.00000,12.48600,0.43055,0.30650,0.96100,0.47800,4.00000,0.00400,0.00000,0.00000,,,,,,
sim1_pm_post_always,task003_nosolution,6,12.00000,1.00000,1.00000,truth,0,0.37829,0.37183,0.38442,0.00000,0.88350,0.50521,0.00000,4.62300,0.15941,1.96388,1.00000,0.37800,3.00000,0.06800,0.00000,0.00000,,,,,,
sim1_pm_post_always,task003_nosolution,6,12.00000,2.00000,0.75000,both,0,,,,,,,,,,,,,,,,,0.10360,0.09396,0.11513,0.32140,0.31619,0.32610
sim1_pm_post_always,task003_nosolution,6,12.00000,2.00000,0.75000,both,1,,,,,,,,,,,,,,,,,-0.03308,-0.03832,-0.02825,0.01767,0.01525,0.02010
sim1_pm_post_always,task003_nosolution,6,12.00000,2.00000,0.75000,both,2,,,,,,,,,,,,,,,,,-0.07052,-0.08192,-0.06002,-0.33906,-0.34417,-0.33333
sim1_pm_post_always,task003_nosolution,6,12.00000,2.00000,0.75000,false,2,0.26854,0.25591,0.28042,-0.05075,0.80121,0.53267,0.03633,17.31600,0.29855,0.37220,0.99400,0.62600,3.00000,0.05100,0.00000,0.00000,,,,,,
sim1_pm_post_always,task003_nosolution,6,12.00000,2.00000,0.75000,truth,0,0.42500,0.41358,0.43729,-0.01542,0.80525,0.38025,0.07167,16.97800,0.29272,0.60078,1.00000,0.29300,3.00000,0.01900,0.00000,0.00000,,,,,,
sim1_pm_post_always,task003_nosolution,6,12.00000,2.00000,1.00000,both,0,,,,,,,,,,,,,,,,,0.12648,0.12038,0.13215,0.25235,0.24666,0.25836
sim1_pm_post_always,task003_nosolution,6,12.00000,2.00000,1.00000,both,1,,,,,,,,,,,,,,,,,0.00000,0.00000,0.00000,0.00000,0.00000,0.00000
sim1_pm_post_always,task003_nosolution,6,12.00000,2.00000,1.00000,both,2,,,,,,,,,,,,,,,,,-0.12648,-0.13215,-0.12038,-0.25235,-0.25836,-0.24666
sim1_pm_post_always,task003_nosolution,6,12.00000,2.00000,1.00000,false,2,0.12588,0.11716,0.13496,0.00000,0.62067,0.49479,0.00000,26.44000,0.45586,0.11426,0.95300,0.47800,3.00000,0.00200,0.00000,0.00000,,,,,,
sim1_pm_post_always,task003_nosolution,6,12.00000,2.00000,1.00000,truth,0,0.37883,0.37171,0.38587,0.00000,0.88404,0.50521,0.00000,6.75600,0.11648,1.34577,1.00000,0.37800,3.00000,0.08000,0.00000,0.00000,,,,,,
sim1_pm_post_always,task003_nosolution,6,12.00000,3.00000,0.75000,both,0,,,,,,,,,,,,,,,,,0.11354,0.10326,0.12358,0.30308,0.29817,0.30815
sim1_pm_post_always,task003_nosolution,6,12.00000,3.00000,0.75000,both,1,,,,,,,,,,,,,,,,,-0.03519,-0.04075,-0.02921,0.01960,0.01737,0.02186
sim1_pm_post_always,task003_nosolution,6,12.00000,3.00000,0.75000,both,2,,,,,,,,,,,,,,,,,-0.07835,-0.08944,-0.06652,-0.32269,-0.32771,-0.31756
sim1_pm_post_always,task003_nosolution,6,12.00000,3.00000,0.75000,false,2,0.24433,0.23241,0.25626,-0.05479,0.77700,0.53267,0.03229,30.59700,0.35169,0.19165,0.99100,0.62600,3.00000,0.03500,0.00000,0.00000,,,,,,
sim1_pm_post_always,task003_nosolution,6,12.00000,3.00000,0.75000,truth,0,0.41663,0.40429,0.42867,-0.01558,0.79688,0.38025,0.07150,25.64400,0.29476,0.38992,0.99900,0.29300,3.00000,0.01000,0.00000,0.00000,,,,,,
sim1_pm_post_always,task003_nosolution,6,12.00000,3.00000,1.00000,both,0,,,,,,,,,,,,,,,,,0.15006,0.14442,0.15517,0.22056,0.21608,0.22556
sim1_pm_post_always,task003_nosolution,6,12.00000,3.00000,1.00000,both,1,,,,,,,,,,,,,,,,,0.00000,0.00000,0.00000,0.00000,0.00000,0.00000
sim1_pm_post_always,task003_nosolution,6,12.00000,3.00000,1.00000,both,2,,,,,,,,,,,,,,,,,-0.15006,-0.15517,-0.14442,-0.22056,-0.22556,-0.21608
sim1_pm_post_always,task003_nosolution,6,12.00000,3.00000,1.00000,false,2,0.07050,0.06321,0.07834,0.00000,0.56529,0.49479,0.00000,51.98400,0.59752,0.03255,0.89000,0.47800,3.00000,0.00300,0.00000,0.00000,,,,,,
sim1_pm_post_always,task003_nosolution,6,12.00000,3.00000,1.00000,truth,0,0.37062,0.36367,0.37771,0.00000,0.87583,0.50521,0.00000,10.35600,0.11903,0.85892,1.00000,0.37800,3.00000,0.08400,0.00000,0.00000,,,,,,
sim1_pm_post_always,task003_nosolution,6,12.00000,6.00000,0.75000,both,0,,,,,,,,,,,,,,,,,0.09538,0.08535,0.10592,0.26763,0.26271,0.27317
sim1_pm_post_always,task003_nosolution,6,12.00000,6.00000,0.75000,both,1,,,,,,,,,,,,,,,,,-0.03425,-0.03940,-0.02850,0.02058,0.01827,0.02279
sim1_pm_post_always,task003_nosolution,6,12.00000,6.00000,0.75000,both,2,,,,,,,,,,,,,,,,,-0.06113,-0.07271,-0.05008,-0.28821,-0.29409,-0.28294
sim1_pm_post_always,task003_nosolution,6,12.00000,6.00000,0.75000,false,2,0.22708,0.21441,0.23946,-0.05483,0.75975,0.53267,0.03225,66.45000,0.38190,0.08202,0.98700,0.62600,3.00000,0.02800,0.00000,0.00000,,,,,,
sim1_pm_post_always,task003_nosolution,6,12.00000,6.00000,0.75000,truth,0,0.36300,0.35141,0.37450,-0.01367,0.74325,0.38025,0.07342,71.79600,0.41262,0.12134,0.99600,0.29300,4.00000,0.00900,0.00000,0.00000,,,,,,
sim1_pm_post_always,task003_nosolution,6,12.00000,6.00000,1.00000,both,0,,,,,,,,,,,,,,,,,0.14700,0.14175,0.15206,0.20300,0.19825,0.20819
sim1_pm_post_always,task003_nosolution,6,12.00000,6.00000,1.00000,both,1,,,,,,,,,,,,,,,,,0.00002,0.00000,0.00008,0.00002,0.00000,0.00008
sim1_pm_post_always,task003_nosolution,6,12.00000,6.00000,1.00000,both,2,,,,,,,,,,,,,,,,,-0.14702,-0.15206,-0.14179,-0.20302,-0.20819,-0.19827
sim1_pm_post_always,task003_nosolution,6,12.00000,6.00000,1.00000,false,2,0.05600,0.04950,0.06296,0.00000,0.55079,0.49479,0.00000,111.71400,0.64203,0.01203,0.87500,0.47800,3.00000,0.00000,0.00000,0.00000,,,,,,
sim1_pm_post_always,task003_nosolution,6,12.00000,6.00000,1.00000,truth,0,0.35000,0.34233,0.35705,0.00004,0.85521,0.50521,0.00004,27.36000,0.15724,0.30702,1.00000,0.37800,3.00000,0.05700,0.00000,0.00000,,,,,,
sim1_pm_post_always,task003_nosolution,6,12.00000,9.00000,0.75000,both,0,,,,,,,,,,,,,,,,,0.20892,0.19752,0.21950,0.10533,0.09912,0.11104
sim1_pm_post_always,task003_nosolution,6,12.00000,9.00000,0.75000,both,1,,,,,,,,,,,,,,,,,-0.02144,-0.02748,-0.01585,0.00960,0.00719,0.01200
sim1_pm_post_always,task003_nosolution,6,12.00000,9.00000,0.75000,both,2,,,,,,,,,,,,,,,,,-0.18748,-0.19902,-0.17596,-0.11494,-0.12075,-0.10852
sim1_pm_post_always,task003_nosolution,6,12.00000,9.00000,0.75000,false,2,-0.07254,-0.08521,-0.06046,-0.03104,0.46013,0.53267,0.05604,214.83900,0.82314,-0.00810,0.57600,0.62600,15.00000,0.00100,0.00000,0.00000,,,,,,
sim1_pm_post_always,task003_nosolution,6,12.00000,9.00000,0.75000,truth,0,0.31425,0.30083,0.32605,-0.01183,0.69450,0.38025,0.07525,138.76200,0.53166,0.05435,0.98200,0.29300,5.00000,0.00500,0.00000,0.00000,,,,,,
sim1_pm_post_always,task003_nosolution,6,12.00000,9.00000,1.00000,both,0,,,,,,,,,,,,,,,,,0.27544,0.26898,0.28173,0.05777,0.05415,0.06129
sim1_pm_post_always,task003_nosolution,6,12.00000,9.00000,1.00000,both,1,,,,,,,,,,,,,,,,,0.00000,0.00000,0.00000,0.00000,0.00000,0.00000
sim1_pm_post_always,task003_nosolution,6,12.00000,9.00000,1.00000,both,2,,,,,,,,,,,,,,,,,-0.27544,-0.28173,-0.26898,-0.05777,-0.06129,-0.05415
sim1_pm_post_always,task003_nosolution,6,12.00000,9.00000,1.00000,false,2,-0.21767,-0.22525,-0.21033,0.00000,0.27713,0.49479,0.00000,243.72900,0.93383,-0.02143,0.31700,0.47800,,0.00000,0.00000,0.00000,,,,,,
sim1_pm_post_always,task003_nosolution,6,12.00000,9.00000,1.00000,truth,0,0.33321,0.32566,0.34062,0.00000,0.83842,0.50521,0.00000,53.01000,0.20310,0.15086,1.00000,0.37800,4.00000,0.04700,0.00000,0.00000,,,,,,
sim1_pm_post_always,task003_nosolution,6,24.00000,1.00000,0.75000,both,0,,,,,,,,,,,,,,,,,0.08056,0.07096,0.09000,0.31877,0.31395,0.32321
sim1_pm_post_always,task003_nosolution,6,24.00000,1.00000,0.75000,both,1,,,,,,,,,,,,,,,,,-0.03079,-0.03650,-0.02539,0.02000,0.01742,0.02238
sim1_pm_post_always,task003_nosolution,6,24.00000,1.00000,0.75000,both,2,,,,,,,,,,,,,,,,,-0.04977,-0.06044,-0.03912,-0.33877,-0.34360,-0.33356
sim1_pm_post_always,task003_nosolution,6,24.00000,1.00000,0.75000,false,2,0.28900,0.27749,0.30054,-0.05079,0.82167,0.53267,0.03629,9.42500,0.32500,0.73592,0.99600,0.62600,3.00000,0.06800,0.00000,0.00000,,,,,,
sim1_pm_post_always,task003_nosolution,6,24.00000,1.00000,0.75000,truth,0,0.39933,0.38800,0.41013,-0.01079,0.77958,0.38025,0.07629,11.78000,0.40621,0.81358,0.99800,0.29300,4.00000,0.00700,0.00000,0.00000,,,,,,
sim1_pm_post_always,task003_nosolution,6,24.00000,1.00000,1.00000,both,0,,,,,,,,,,,,,,,,,0.06913,0.06335,0.07456,0.31558,0.31146,0.31944
sim1_pm_post_always,task003_nosolution,6,24.00000,1.00000,1.00000,both,1,,,,,,,,,,,,,,,,,0.00000,0.00000,0.00000,0.00000,0.00000,0.00000
sim1_pm_post_always,task003_nosolution,6,24.00000,1.00000,1.00000,both,2,,,,,,,,,,,,,,,,,-0.06913,-0.07456,-0.06335,-0.31558,-0.31944,-0.31146
sim1_pm_post_always,task003_nosolution,6,24.00000,1.00000,1.00000,false,2,0.24646,0.23920,0.25404,0.00000,0.74125,0.49479,0.00000,10.34300,0.35666,0.57188,0.99000,0.47800,4.00000,0.00400,0.00000,0.00000,,,,,,
sim1_pm_post_always,task003_nosolution,6,24.00000,1.00000,1.00000,truth,0,0.38471,0.37829,0.39088,0.00000,0.88992,0.50521,0.00000,3.75200,0.12938,2.46082,1.00000,0.37800,4.00000,0.06600,0.00000,0.00000,,,,,,
sim1_pm_post_always,task003_nosolution,6,24.00000,2.00000,0.75000,both,0,,,,,,,,,,,,,,,,,0.08169,0.07102,0.09171,0.32748,0.32302,0.33188
sim1_pm_post_always,task003_nosolution,6,24.00000,2.00000,0.75000,both,1,,,,,,,,,,,,,,,,,-0.03206,-0.03769,-0.02642,0.02269,0.02050,0.02502
sim1_pm_post_always,task003_nosolution,6,24.00000,2.00000,0.75000,both,2,,,,,,,,,,,,,,,,,-0.04962,-0.06046,-0.03804,-0.35017,-0.35492,-0.34548
sim1_pm_post_always,task003_nosolution,6,24.00000,2.00000,0.75000,false,2,0.30054,0.28949,0.31258,-0.05475,0.83321,0.53267,0.03233,15.39200,0.26538,0.46862,0.99500,0.62600,3.00000,0.05600,0.00000,0.00000,,,,,,
sim1_pm_post_always,task003_nosolution,6,24.00000,2.00000,0.75000,truth,0,0.40917,0.39717,0.42100,-0.00937,0.78942,0.38025,0.07771,20.79800,0.35859,0.47216,1.00000,0.29300,3.00000,0.01300,0.00000,0.00000,,,,,,
sim1_pm_post_always,task003_nosolution,6,24.00000,2.00000,1.00000,both,0,,,,,,,,,,,,,,,,,0.07785,0.07262,0.08338,0.31465,0.31046,0.31892
sim1_pm_post_always,task003_nosolution,6,24.00000,2.00000,1.00000,both,1,,,,,,,,,,,,,,,,,0.00004,0.00000,0.00013,0.00004,0.00000,0.00013
sim1_pm_post_always,task003_nosolution,6,24.00000,2.00000,1.00000,both,2,,,,,,,,,,,,,,,,,-0.07790,-0.08342,-0.07267,-0.31469,-0.31896,-0.31050
sim1_pm_post_always,task003_nosolution,6,24.00000,2.00000,1.00000,false,2,0.23679,0.22887,0.24392,0.00000,0.73158,0.49479,0.00000,19.79000,0.34121,0.28717,0.98000,0.47800,3.00000,0.00400,0.00000,0.00000,,,,,,
sim1_pm_post_always,task003_nosolution,6,24.00000,2.00000,1.00000,truth,0,0.39250,0.38638,0.39925,0.00008,0.89771,0.50521,0.00008,5.34200,0.09210,1.76338,1.00000,0.37800,3.00000,0.08400,0.00000,0.00000,,,,,,
sim1_pm_post_always,task003_nosolution,6,24.00000,3.00000,0.75000,both,0,,,,,,,,,,,,,,,,,0.08271,0.07175,0.09206,0.30025,0.29504,0.30502
sim1_pm_post_always,task003_nosolution,6,24.00000,3.00000,0.75000,both,1,,,,,,,,,,,,,,,,,-0.03285,-0.03873,-0.02702,0.02298,0.02069,0.02535
sim1_pm_post_always,task003_nosolution,6,24.00000,3.00000,0.75000,both,2,,,,,,,,,,,,,,,,,-0.04985,-0.05980,-0.03912,-0.32323,-0.32815,-0.31815
sim1_pm_post_always,task003_nosolution,6,24.00000,3.00000,0.75000,false,2,0.27338,0.26191,0.28438,-0.05583,0.80604,0.53267,0.03125,28.78500,0.33086,0.22793,0.99100,0.62600,3.00000,0.05700,0.00000,0.00000,,,,,,
sim1_pm_post_always,task003_nosolution,6,24.00000,3.00000,0.75000,truth,0,0.38296,0.37067,0.39354,-0.00987,0.76321,0.38025,0.07721,38.49300,0.44245,0.23877,0.99800,0.29300,4.00000,0.01000,0.00000,0.00000,,,,,,
sim1_pm_post_always,task003_nosolution,6,24.00000,3.00000,1.00000,both,0,,,,,,,,,,,,,,,,,0.09275,0.08673,0.09848,0.29808,0.29285,0.30298
sim1_pm_post_always,task003_nosolution,6,24.00000,3.00000,1.00000,both,1,,,,,,,,,,,,,,,,,0.00000,0.00000,0.00000,0.00000,0.00000,0.00000
sim1_pm_post_always,task003_nosolution,6,24.00000,3.00000,1.00000,both,2,,,,,,,,,,,,,,,,,-0.09275,-0.09848,-0.08673,-0.29808,-0.30298,-0.29285
sim1_pm_post_always,task003_nosolution,6,24.00000,3.00000,1.00000,false,2,0.20533,0.19658,0.21358,0.00000,0.70012,0.49479,0.00000,37.98300,0.43659,0.12974,0.97500,0.47800,3.00000,0.00600,0.00000,0.00000,,,,,,
sim1_pm_post_always,task003_nosolution,6,24.00000,3.00000,1.00000,truth,0,0.39083,0.38429,0.39762,0.00000,0.89604,0.50521,0.00000,8.77500,0.10086,1.06895,1.00000,0.37800,3.00000,0.09900,0.00000,0.00000,,,,,,
sim1_pm_post_always,task003_nosolution,6,24.00000,6.00000,0.75000,both,0,,,,,,,,,,,,,,,,,0.06433,0.05377,0.07388,0.28896,0.28373,0.29392
sim1_pm_post_always,task003_nosolution,6,24.00000,6.00000,0.75000,both,1,,,,,,,,,,,,,,,,,-0.03571,-0.04154,-0.03002,0.02238,0.02000,0.02486
sim1_pm_post_always,task003_nosolution,6,24.00000,6.00000,0.75000,both,2,,,,,,,,,,,,,,,,,-0.02862,-0.03900,-0.01779,-0.31133,-0.31700,-0.30594
sim1_pm_post_always,task003_nosolution,6,24.00000,6.00000,0.75000,false,2,0.28271,0.27124,0.29484,-0.05808,0.81537,0.53267,0.02900,58.55400,0.33652,0.11588,0.99000,0.62600,3.00000,0.05200,0.00000,0.00000,,,,,,
sim1_pm_post_always,task003_nosolution,6,24.00000,6.00000,0.75000,truth,0,0.35329,0.34120,0.36483,-0.01333,0.73354,0.38025,0.07375,95.40600,0.54831,0.08887,0.99100,0.29300,5.00000,0.00800,0.00000,0.00000,,,,,,
sim1_pm_post_always,task003_nosolution,6,24.00000,6.00000,1.00000,both,0,,,,,,,,,,,,,,,,,0.09629,0.09056,0.10204,0.28542,0.28046,0.29056
sim1_pm_post_always,task003_nosolution,6,24.00000,6.00000,1.00000,both,1,,,,,,,,,,,,,,,,,0.00004,0.00000,0.00010,0.00004,0.00000,0.00010
sim1_pm_post_always,task003_nosolution,6,24.00000,6.00000,1.00000,both,2,,,,,,,,,,,,,,,,,-0.09633,-0.10206,-0.09056,-0.28546,-0.29058,-0.28050
sim1_pm_post_always,task003_nosolution,6,24.00000,6.00000,1.00000,false,2,0.18912,0.18100,0.19725,0.00000,0.68392,0.49479,0.00000,83.47800,0.47976,0.05437,0.96300,0.47800,3.00000,0.00000,0.00000,0.00000,,,,,,
sim1_pm_post_always,task003_nosolution,6,24.00000,6.00000,1.00000,truth,0,0.38171,0.37512,0.38883,0.00008,0.88692,0.50521,0.00008,21.54600,0.12383,0.42518,1.00000,0.37800,3.00000,0.07800,0.00000,0.00000,,,,,,
sim1_pm_post_always,task003_nosolution,6,24.00000,9.00000,0.75000,both,0,,,,,,,,,,,,,,,,,0.17221,0.16119,0.18306,0.16758,0.16181,0.17381
sim1_pm_post_always,task003_nosolution,6,24.00000,9.00000,0.75000,both,1,,,,,,,,,,,,,,,,,-0.01831,-0.02383,-0.01229,0.01252,0.00994,0.01531
sim1_pm_post_always,task003_nosolution,6,24.00000,9.00000,0.75000,both,2,,,,,,,,,,,,,,,,,-0.15390,-0.16538,-0.14224,-0.18010,-0.18694,-0.17404
sim1_pm_post_always,task003_nosolution,6,24.00000,9.00000,0.75000,false,2,0.02621,0.01254,0.03942,-0.03083,0.55888,0.53267,0.05625,211.80600,0.81152,0.00297,0.70000,0.62600,12.00000,0.00700,0.00000,0.00000,,,,,,
sim1_pm_post_always,task003_nosolution,6,24.00000,9.00000,0.75000,truth,0,0.33979,0.32687,0.35204,-0.00579,0.72004,0.38025,0.08129,149.65200,0.57338,0.05449,0.98000,0.29300,5.00000,0.00100,0.00000,0.00000,,,,,,
sim1_pm_post_always,task003_nosolution,6,24.00000,9.00000,1.00000,both,0,,,,,,,,,,,,,,,,,0.20821,0.20221,0.21470,0.17342,0.16840,0.17873
sim1_pm_post_always,task003_nosolution,6,24.00000,9.00000,1.00000,both,1,,,,,,,,,,,,,,,,,0.00006,0.00000,0.00015,0.00006,0.00000,0.00015
sim1_pm_post_always,task003_nosolution,6,24.00000,9.00000,1.00000,both,2,,,,,,,,,,,,,,,,,-0.20827,-0.21474,-0.20229,-0.17348,-0.17879,-0.16848
sim1_pm_post_always,task003_nosolution,6,24.00000,9.00000,1.00000,false,2,-0.03479,-0.04371,-0.02574,0.00000,0.46000,0.49479,0.00000,233.54100,0.89479,-0.00358,0.54800,0.47800,18.00000,0.00000,0.00000,0.00000,,,,,,
sim1_pm_post_always,task003_nosolution,6,24.00000,9.00000,1.00000,truth,0,0.38162,0.37425,0.38862,0.00013,0.88683,0.50521,0.00013,35.65800,0.13662,0.25686,1.00000,0.37800,4.00000,0.08100,0.00000,0.00000,,,,,,
sim1_pm_post_always,task003_nosolution,12,3.00000,1.00000,0.75000,both,0,,,,,,,,,,,,,,,,,0.07327,0.06277,0.08354,0.34269,0.33723,0.34856
sim1_pm_post_always,task003_nosolution,12,3.00000,1.00000,0.75000,both,1,,,,,,,,,,,,,,,,,-0.02477,-0.02856,-0.02069,0.01048,0.00894,0.01202
sim1_pm_post_always,task003_nosolution,12,3.00000,1.00000,0.75000,both,2,,,,,,,,,,,,,,,,,-0.04850,-0.05848,-0.03800,-0.35317,-0.35890,-0.34735
sim1_pm_post_always,task003_nosolution,12,3.00000,1.00000,0.75000,false,2,0.30467,0.29325,0.31571,-0.03525,0.81429,0.50962,0.01392,13.68800,0.47200,0.53419,0.98400,0.61800,3.00000,0.08900,0.00000,0.00200,,,,,,
sim1_pm_post_always,task003_nosolution,12,3.00000,1.00000,0.75000,truth,0,0.41596,0.40391,0.42758,-0.01429,0.85717,0.44121,0.03488,13.72600,0.47331,0.72731,0.99800,0.41000,3.00000,0.07200,0.00000,0.00000,,,,,,
sim1_pm_post_always,task003_nosolution,12,3.00000,1.00000,1.00000,both,0,,,,,,,,,,,,,,,,,0.08819,0.08250,0.09396,0.26031,0.25588,0.26508
sim1_pm_post_always,task003_nosolution,12,3.00000,1.00000,1.00000,both,1,,,,,,,,,,,,,,,,,0.00000,0.00000,0.00000,0.00000,0.00000,0.00000
sim1_pm_post_always,task003_nosolution,12,3.00000,1.00000,1.00000,both,2,,,,,,,,,,,,,,,,,-0.08819,-0.09396,-0.08250,-0.26031,-0.26508,-0.25588
sim1_pm_post_always,task003_nosolution,12,3.00000,1.00000,1.00000,false,2,0.17212,0.16487,0.17938,0.00000,0.66663,0.49450,0.00000,18.07900,0.62341,0.22850,0.99700,0.46000,4.00000,0.00100,0.00000,0.00000,,,,,,
sim1_pm_post_always,task003_nosolution,12,3.00000,1.00000,1.00000,truth,0,0.34850,0.34108,0.35621,0.00000,0.85400,0.50550,0.00000,13.72500,0.47328,0.60940,1.00000,0.39500,3.00000,0.04300,0.00000,0.00000,,,,,,
sim1_pm_post_always,task003_nosolution,12,3.00000,2.00000,0.75000,both,0,,,,,,,,,,,,,,,,,0.11619,0.10537,0.12637,0.32056,0.31504,0.32594
sim1_pm_post_always,task003_nosolution,12,3.00000,2.00000,0.75000,both,1,,,,,,,,,,,,,,,,,-0.03071,-0.03473,-0.02679,0.00908,0.00771,0.01048
sim1_pm_post_always,task003_nosolution,12,3.00000,2.00000,0.75000,both,2,,,,,,,,,,,,,,,,,-0.08548,-0.09637,-0.07540,-0.32965,-0.33519,-0.32396
sim1_pm_post_always,task003_nosolution,12,3.00000,2.00000,0.75000,false,2,0.24417,0.23112,0.25567,-0.03979,0.75379,0.50962,0.00937,29.39600,0.50683,0.19935,0.97900,0.61800,2.00000,0.04200,0.00000,0.00200,,,,,,
sim1_pm_post_always,task003_nosolution,12,3.00000,2.00000,0.75000,truth,0,0.43675,0.42416,0.44879,-0.02162,0.87796,0.44121,0.02754,21.29600,0.36717,0.49221,1.00000,0.41000,2.00000,0.12300,0.00000,0.00000,,,,,,
sim1_pm_post_always,task003_nosolution,12,3.00000,2.00000,1.00000,both,0,,,,,,,,,,,,,,,,,0.11419,0.10971,0.11804,0.20027,0.19637,0.20379
sim1_pm_post_always,task003_nosolution,12,3.00000,2.00000,1.00000,both,1,,,,,,,,,,,,,,,,,0.00000,0.00000,0.00000,0.00000,0.00000,0.00000
sim1_pm_post_always,task003_nosolution,12,3.00000,2.00000,1.00000,both,2,,,,,,,,,,,,,,,,,-0.11419,-0.11804,-0.10971,-0.20027,-0.20379,-0.19637
sim1_pm_post_always,task003_nosolution,12,3.00000,2.00000,1.00000,false,2,0.08608,0.08266,0.08959,0.00000,0.58058,0.49450,0.00000,41.10600,0.70872,0.05026,0.98100,0.46000,2.00000,0.00000,0.00000,0.00000,,,,,,
sim1_pm_post_always,task003_nosolution,12,3.00000,2.00000,1.00000,truth,0,0.31446,0.30721,0.32104,0.00000,0.81996,0.50550,0.00000,23.47000,0.40466,0.32156,1.00000,0.39500,2.00000,0.03200,0.00000,0.00000,,,,,,
sim1_pm_post_always,task003_nosolution,12,3.00000,3.00000,0.75000,both,0,,,,,,,,,,,,,,,,,0.14129,0.13081,0.15152,0.28929,0.28335,0.29473
sim1_pm_post_always,task003_nosolution,12,3.00000,3.00000,0.75000,both,1,,,,,,,,,,,,,,,,,-0.03192,-0.03610,-0.02788,0.00962,0.00840,0.01090
sim1_pm_post_always,task003_nosolution,12,3.00000,3.00000,0.75000,both,2,,,,,,,,,,,,,,,,,-0.10937,-0.12011,-0.09869,-0.29892,-0.30442,-0.29275
sim1_pm_post_always,task003_nosolution,12,3.00000,3.00000,0.75000,false,2,0.18954,0.17767,0.20175,-0.04154,0.69917,0.50962,0.00762,51.23400,0.58890,0.08879,0.94500,0.61800,2.00000,0.02200,0.00000,0.00200,,,,,,
sim1_pm_post_always,task003_nosolution,12,3.00000,3.00000,0.75000,truth,0,0.43058,0.41883,0.44225,-0.02229,0.87179,0.44121,0.02687,30.37200,0.34910,0.34025,1.00000,0.41000,2.00000,0.09300,0.00000,0.00000,,,,,,
sim1_pm_post_always,task003_nosolution,12,3.00000,3.00000,1.00000,both,0,,,,,,,,,,,,,,,,,0.14188,0.13835,0.14590,0.15687,0.15350,0.16056
sim1_pm_post_always,task003_nosolution,12,3.00000,3.00000,1.00000,both,1,,,,,,,,,,,,,,,,,0.00000,0.00000,0.00000,0.00000,0.00000,0.00000
sim1_pm_post_always,task003_nosolution,12,3.00000,3.00000,1.00000,both,2,,,,,,,,,,,,,,,,,-0.14188,-0.14590,-0.13835,-0.15687,-0.16056,-0.15350
sim1_pm_post_always,task003_nosolution,12,3.00000,3.00000,1.00000,false,2,0.01500,0.01254,0.01754,0.00000,0.50950,0.49450,0.00000,69.26400,0.79614,0.00520,0.86400,0.46000,2.00000,0.00000,0.00000,0.00000,,,,,,
sim1_pm_post_always,task003_nosolution,12,3.00000,3.00000,1.00000,truth,0,0.29875,0.29233,0.30596,0.00000,0.80425,0.50550,0.00000,34.23600,0.39352,0.20943,1.00000,0.39500,2.00000,0.02900,0.00000,0.00000,,,,,,
sim1_pm_post_always,task003_nosolution,12,3.00000,6.00000,0.75000,both,0,,,,,,,,,,,,,,,,,0.12910,0.11933,0.13929,0.25681,0.25127,0.26238
sim1_pm_post_always,task003_nosolution,12,3.00000,6.00000,0.75000,both,1,,,,,,,,,,,,,,,,,-0.03394,-0.03848,-0.03000,0.00798,0.00677,0.00915
sim1_pm_post_always,task003_nosolution,12,3.00000,6.00000,0.75000,both,2,,,,,,,,,,,,,,,,,-0.09517,-0.10592,-0.08512,-0.26479,-0.27040,-0.25925
sim1_pm_post_always,task003_nosolution,12,3.00000,6.00000,0.75000,false,2,0.16963,0.15837,0.18079,-0.04192,0.67925,0.50962,0.00725,107.87400,0.61997,0.03774,0.95200,0.61800,2.00000,0.01200,0.00000,0.00200,,,,,,
sim1_pm_post_always,task003_nosolution,12,3.00000,6.00000,0.75000,truth,0,0.38592,0.37471,0.39804,-0.02596,0.82712,0.44121,0.02321,72.17400,0.41479,0.12833,1.00000,0.41000,2.00000,0.05100,0.00000,0.00000,,,,,,
sim1_pm_post_always,task003_nosolution,12,3.00000,6.00000,1.00000,both,0,,,,,,,,,,,,,,,,,0.12910,0.12596,0.13215,0.13035,0.12737,0.13348
sim1_pm_post_always,task003_nosolution,12,3.00000,6.00000,1.00000,both,1,,,,,,,,,,,,,,,,,0.00000,0.00000,0.00000,0.00000,0.00000,0.00000
sim1_pm_post_always,task003_nosolution,12,3.00000,6.00000,1.00000,both,2,,,,,,,,,,,,,,,,,-0.12910,-0.13215,-0.12596,-0.13035,-0.13348,-0.12737
sim1_pm_post_always,task003_nosolution,12,3.00000,6.00000,1.00000,false,2,0.00125,0.00058,0.00212,0.00000,0.49575,0.49450,0.00000,143.03400,0.82203,0.00021,0.76700,0.46000,3.00000,0.00000,0.00000,0.00000,,,,,,
sim1_pm_post_always,task003_nosolution,12,3.00000,6.00000,1.00000,truth,0,0.25946,0.25350,0.26546,0.00000,0.76496,0.50550,0.00000,82.88400,0.47634,0.07513,1.00000,0.39500,2.00000,0.00700,0.00000,0.00000,,,,,,
sim1_pm_post_always,task003_nosolution,12,3.00000,9.00000,0.75000,both,0,,,,,,,,,,,,,,,,,0.28256,0.27210,0.29290,0.06585,0.06052,0.07175
sim1_pm_post_always,task003_nosolution,12,3.00000,9.00000,0.75000,both,1,,,,,,,,,,,,,,,,,-0.03388,-0.03781,-0.02990,0.00604,0.00481,0.00721
sim1_pm_post_always,task003_nosolution,12,3.00000,9.00000,0.75000,both,2,,,,,,,,,,,,,,,,,-0.24869,-0.25917,-0.23823,-0.07190,-0.07792,-0.06665
sim1_pm_post_always,task003_nosolution,12,3.00000,9.00000,0.75000,false,2,-0.17679,-0.18812,-0.16446,-0.03992,0.33283,0.50962,0.00925,235.10700,0.90079,-0.01805,0.46800,0.61800,,0.00000,0.00100,0.00200,,,,,,
sim1_pm_post_always,task003_nosolution,12,3.00000,9.00000,0.75000,truth,0,0.34842,0.33762,0.36059,-0.02783,0.78963,0.44121,0.02133,125.20800,0.47972,0.06678,0.99900,0.41000,2.00000,0.01500,0.00000,0.00000,,,,,,
sim1_pm_post_always,task003_nosolution,12,3.00000,9.00000,1.00000,both,0,,,,,,,,,,,,,,,,,0.25744,0.25154,0.26298,0.01252,0.01062,0.01467
sim1_pm_post_always,task003_nosolution,12,3.00000,9.00000,1.00000,both,1,,,,,,,,,,,,,,,,,0.00002,0.00000,0.00006,0.00002,0.00000,0.00006
sim1_pm_post_always,task003_nosolution,12,3.00000,9.00000,1.00000,both,2,,,,,,,,,,,,,,,,,-0.25746,-0.26298,-0.25160,-0.01254,-0.01469,-0.01065
sim1_pm_post_always,task003_nosolution,12,3.00000,9.00000,1.00000,false,2,-0.24492,-0.25033,-0.23900,0.00000,0.24958,0.49450,0.00000,248.44500,0.95190,-0.02366,0.31600,0.46000,,0.00000,0.00000,0.00000,,,,,,
sim1_pm_post_always,task003_nosolution,12,3.00000,9.00000,1.00000,truth,0,0.26996,0.26354,0.27683,0.00004,0.77546,0.50550,0.00004,125.06400,0.47917,0.05181,1.00000,0.39500,2.00000,0.01100,0.00000,0.00000,,,,,,
sim1_pm_post_always,task003_nosolution,12,6.00000,1.00000,0.75000,both,0,,,,,,,,,,,,,,,,,0.09362,0.08356,0.10385,0.32983,0.32367,0.33625
sim1_pm_post_always,task003_nosolution,12,6.00000,1.00000,0.75000,both,1,,,,,,,,,,,,,,,,,-0.02438,-0.02888,-0.02040,0.00954,0.00794,0.01115
sim1_pm_post_always,task003_nosolution,12,6.00000,1.00000,0.75000,both,2,,,,,,,,,,,,,,,,,-0.06925,-0.07952,-0.05873,-0.33937,-0.34542,-0.33306
sim1_pm_post_always,task003_nosolution,12,6.00000,1.00000,0.75000,false,2,0.27012,0.25754,0.28229,-0.03392,0.77975,0.50962,0.01525,11.24600,0.38779,0.57647,0.97400,0.61800,3.00000,0.07600,0.00000,0.00200,,,,,,
sim1_pm_post_always,task003_nosolution,12,6.00000,1.00000,0.75000,truth,0,0.42346,0.41187,0.43484,-0.01483,0.86467,0.44121,0.03433,8.87900,0.30617,1.14461,1.00000,0.41000,3.00000,0.06500,0.00000,0.00000,,,,,,
sim1_pm_post_always,task003_nosolution,12,6.00000,1.00000,1.00000,both,0,,,,,,,,,,,,,,,,,0.12990,0.12456,0.13513,0.22769,0.22298,0.23231
sim1_pm_post_always,task003_nosolution,12,6.00000,1.00000,1.00000,both,1,,,,,,,,,,,,,,,,,0.00000,0.00000,0.00000,0.00000,0.00000,0.00000
sim1_pm_post_always,task003_nosolution,12,6.00000,1.00000,1.00000,both,2,,,,,,,,,,,,,,,,,-0.12990,-0.13513,-0.12456,-0.22769,-0.23231,-0.22298
sim1_pm_post_always,task003_nosolution,12,6.00000,1.00000,1.00000,false,2,0.09779,0.09087,0.10475,0.00000,0.59229,0.49450,0.00000,17.34800,0.59821,0.13529,0.98800,0.46000,3.00000,0.00000,0.00000,0.00000,,,,,,
sim1_pm_post_always,task003_nosolution,12,6.00000,1.00000,1.00000,truth,0,0.35758,0.35096,0.36492,0.00000,0.86308,0.50550,0.00000,8.47400,0.29221,1.01274,1.00000,0.39500,3.00000,0.05400,0.00000,0.00000,,,,,,
sim1_pm_post_always,task003_nosolution,12,6.00000,2.00000,0.75000,both,0,,,,,,,,,,,,,,,,,0.11442,0.10381,0.12465,0.31725,0.31042,0.32331
sim1_pm_post_always,task003_nosolution,12,6.00000,2.00000,0.75000,both,1,,,,,,,,,,,,,,,,,-0.02640,-0.03052,-0.02215,0.00919,0.00769,0.01077
sim1_pm_post_always,task003_nosolution,12,6.00000,2.00000,0.75000,both,2,,,,,,,,,,,,,,,,,-0.08802,-0.09885,-0.07729,-0.32644,-0.33271,-0.31956
sim1_pm_post_always,task003_nosolution,12,6.00000,2.00000,0.75000,false,2,0.23842,0.22592,0.25150,-0.03558,0.74804,0.50962,0.01358,23.27000,0.40121,0.24590,0.97200,0.61800,2.00000,0.06300,0.00000,0.00200,,,,,,
sim1_pm_post_always,task003_nosolution,12,6.00000,2.00000,0.75000,truth,0,0.43167,0.41937,0.44350,-0.01721,0.87287,0.44121,0.03196,13.29200,0.22917,0.77942,1.00000,0.41000,2.00000,0.10500,0.00000,0.00000,,,,,,
sim1_pm_post_always,task003_nosolution,12,6.00000,2.00000,1.00000,both,0,,,,,,,,,,,,,,,,,0.16435,0.16006,0.16863,0.18444,0.18019,0.18861
sim1_pm_post_always,task003_nosolution,12,6.00000,2.00000,1.00000,both,1,,,,,,,,,,,,,,,,,0.00000,0.00000,0.00000,0.00000,0.00000,0.00000
sim1_pm_post_always,task003_nosolution,12,6.00000,2.00000,1.00000,both,2,,,,,,,,,,,,,,,,,-0.16435,-0.16863,-0.16006,-0.18444,-0.18861,-0.18019
sim1_pm_post_always,task003_nosolution,12,6.00000,2.00000,1.00000,false,2,0.02008,0.01608,0.02467,0.00000,0.51458,0.49450,0.00000,39.12800,0.67462,0.01232,0.93800,0.46000,2.00000,0.00100,0.00000,0.00000,,,,,,
sim1_pm_post_always,task003_nosolution,12,6.00000,2.00000,1.00000,truth,0,0.34879,0.34104,0.35571,0.00000,0.85429,0.50550,0.00000,12.95000,0.22328,0.64641,1.00000,0.39500,2.00000,0.04300,0.00000,0.00000,,,,,,
sim1_pm_post_always,task003_nosolution,12,6.00000,3.00000,0.75000,both,0,,,,,,,,,,,,,,,,,0.13942,0.12950,0.15011,0.29512,0.28935,0.30148
sim1_pm_post_always,task003_nosolution,12,6.00000,3.00000,0.75000,both,1,,,,,,,,,,,,,,,,,-0.02883,-0.03283,-0.02477,0.00946,0.00802,0.01090
sim1_pm_post_always,task003_nosolution,12,6.00000,3.00000,0.75000,both,2,,,,,,,,,,,,,,,,,-0.11058,-0.12054,-0.10049,-0.30458,-0.31130,-0.29873
sim1_pm_post_always,task003_nosolution,12,6.00000,3.00000,0.75000,false,2,0.19400,0.18258,0.20534,-0.03829,0.70362,0.50962,0.01087,42.77100,0.49162,0.10886,0.95100,0.61800,2.00000,0.03900,0.00000,0.00200,,,,,,
sim1_pm_post_always,task003_nosolution,12,6.00000,3.00000,0.75000,truth,0,0.43454,0.42217,0.44700,-0.01937,0.87575,0.44121,0.02979,18.54900,0.21321,0.56224,1.00000,0.41000,2.00000,0.10200,0.00000,0.00000,,,,,,
sim1_pm_post_always,task003_nosolution,12,6.00000,3.00000,1.00000,both,0,,,,,,,,,,,,,,,,,0.16673,0.16273,0.17071,0.17160,0.16760,0.17544
sim1_pm_post_always,task003_nosolution,12,6.00000,3.00000,1.00000,both,1,,,,,,,,,,,,,,,,,0.00000,0.00000,0.00000,0.00000,0.00000,0.00000
sim1_pm_post_always,task003_nosolution,12,6.00000,3.00000,1.00000,both,2,,,,,,,,,,,,,,,,,-0.16673,-0.17071,-0.16273,-0.17160,-0.17544,-0.16760
sim1_pm_post_always,task003_nosolution,12,6.00000,3.00000,1.00000,false,2,0.00487,0.00275,0.00734,0.00000,0.49938,0.49450,0.00000,67.01100,0.77024,0.00175,0.81400,0.46000,2.00000,0.00000,0.00000,0.00000,,,,,,
sim1_pm_post_always,task003_nosolution,12,6.00000,3.00000,1.00000,truth,0,0.33833,0.33079,0.34592,0.00000,0.84383,0.50550,0.00000,18.21600,0.20938,0.44576,1.00000,0.39500,2.00000,0.04900,0.00000,0.00000,,,,,,
sim1_pm_post_always,task003_nosolution,12,6.00000,6.00000,0.75000,both,0,,,,,,,,,,,,,,,,,0.13329,0.12281,0.14363,0.27142,0.26548,0.27771
sim1_pm_post_always,task003_nosolution,12,6.00000,6.00000,0.75000,both,1,,,,,,,,,,,,,,,,,-0.03119,-0.03498,-0.02675,0.00885,0.00744,0.01027
sim1_pm_post_always,task003_nosolution,12,6.00000,6.00000,0.75000,both,2,,,,,,,,,,,,,,,,,-0.10210,-0.11242,-0.09227,-0.28027,-0.28658,-0.27435
sim1_pm_post_always,task003_nosolution,12,6.00000,6.00000,0.75000,false,2,0.17817,0.16642,0.19058,-0.04004,0.68779,0.50962,0.00912,91.14000,0.52379,0.04692,0.94900,0.61800,2.00000,0.02600,0.00000,0.00200,,,,,,
sim1_pm_post_always,task003_nosolution,12,6.00000,6.00000,0.75000,truth,0,0.40471,0.39379,0.41563,-0.02233,0.84592,0.44121,0.02683,44.74200,0.25714,0.21709,1.00000,0.41000,2.00000,0.07200,0.00000,0.00000,,,,,,
sim1_pm_post_always,task003_nosolution,12,6.00000,6.00000,1.00000,both,0,,,,,,,,,,,,,,,,,0.14667,0.14264,0.15050,0.14896,0.14506,0.15288
sim1_pm_post_always,task003_nosolution,12,6.00000,6.00000,1.00000,both,1,,,,,,,,,,,,,,,,,0.00000,0.00000,0.00000,0.00000,0.00000,0.00000
sim1_pm_post_always,task003_nosolution,12,6.00000,6.00000,1.00000,both,2,,,,,,,,,,,,,,,,,-0.14667,-0.15050,-0.14264,-0.14896,-0.15288,-0.14506
sim1_pm_post_always,task003_nosolution,12,6.00000,6.00000,1.00000,false,2,0.00229,0.00092,0.00404,0.00000,0.49679,0.49450,0.00000,138.37800,0.79528,0.00040,0.78300,0.46000,3.00000,0.00000,0.00000,0.00000,,,,,,
sim1_pm_post_always,task003_nosolution,12,6.00000,6.00000,1.00000,truth,0,0.29563,0.28774,0.30338,0.00000,0.80112,0.50550,0.00000,47.80800,0.27476,0.14841,1.00000,0.39500,2.00000,0.03000,0.00000,0.00000,,,,,,
sim1_pm_post_always,task003_nosolution,12,6.00000,9.00000,0.75000,both,0,,,,,,,,,,,,,,,,,0.29100,0.28071,0.30127,0.06763,0.06229,0.07281
sim1_pm_post_always,task003_nosolution,12,6.00000,9.00000,0.75000,both,1,,,,,,,,,,,,,,,,,-0.03177,-0.03594,-0.02756,0.00740,0.00606,0.00867
sim1_pm_post_always,task003_nosolution,12,6.00000,9.00000,0.75000,both,2,,,,,,,,,,,,,,,,,-0.25923,-0.26961,-0.24904,-0.07502,-0.08035,-0.06933
sim1_pm_post_always,task003_nosolution,12,6.00000,9.00000,0.75000,false,2,-0.18421,-0.19559,-0.17229,-0.03917,0.32542,0.50962,0.01000,233.79300,0.89576,-0.01891,0.44500,0.61800,,0.00000,0.00100,0.00200,,,,,,
sim1_pm_post_always,task003_nosolution,12,6.00000,9.00000,0.75000,truth,0,0.35862,0.34721,0.36946,-0.02438,0.79983,0.44121,0.02479,89.66700,0.34355,0.09599,1.00000,0.41000,2.00000,0.02600,0.00000,0.00000,,,,,,
sim1_pm_post_always,task003_nosolution,12,6.00000,9.00000,1.00000,both,0,,,,,,,,,,,,,,,,,0.27081,0.26483,0.27677,0.02640,0.02396,0.02906
sim1_pm_post_always,task003_nosolution,12,6.00000,9.00000,1.00000,both,1,,,,,,,,,,,,,,,,,0.00000,0.00000,0.00000,0.00000,0.00000,0.00000
sim1_pm_post_always,task003_nosolution,12,6.00000,9.00000,1.00000,both,2,,,,,,,,,,,,,,,,,-0.27081,-0.27677,-0.26483,-0.02640,-0.02906,-0.02396
sim1_pm_post_always,task003_nosolution,12,6.00000,9.00000,1.00000,false,2,-0.24442,-0.24971,-0.23891,0.00000,0.25008,0.49450,0.00000,249.58800,0.95628,-0.02350,0.31400,0.46000,,0.00000,0.00000,0.00000,,,,,,
sim1_pm_post_always,task003_nosolution,12,6.00000,9.00000,1.00000,truth,0,0.29721,0.29029,0.30500,0.00000,0.80271,0.50550,0.00000,78.98400,0.30262,0.09031,1.00000,0.39500,2.00000,0.03200,0.00000,0.00000,,,,,,
sim1_pm_post_always,task003_nosolution,12,12.00000,1.00000,0.75000,both,0,,,,,,,,,,,,,,,,,0.08633,0.07591,0.09671,0.33596,0.32996,0.34173
sim1_pm_post_always,task003_nosolution,12,12.00000,1.00000,0.75000,both,1,,,,,,,,,,,,,,,,,-0.02163,-0.02558,-0.01725,0.00967,0.00804,0.01129
sim1_pm_post_always,task003_nosolution,12,12.00000,1.00000,0.75000,both,2,,,,,,,,,,,,,,,,,-0.06471,-0.07565,-0.05487,-0.34562,-0.35154,-0.33940
sim1_pm_post_always,task003_nosolution,12,12.00000,1.00000,0.75000,false,2,0.28092,0.26800,0.29262,-0.03129,0.79054,0.50962,0.01787,8.82100,0.30417,0.76431,0.97200,0.61800,3.00000,0.09300,0.00000,0.00200,,,,,,
sim1_pm_post_always,task003_nosolution,12,12.00000,1.00000,0.75000,truth,0,0.42229,0.41075,0.43317,-0.01196,0.86350,0.44121,0.03721,5.44600,0.18779,1.86100,0.99900,0.41000,3.00000,0.05900,0.00000,0.00000,,,,,,
sim1_pm_post_always,task003_nosolution,12,12.00000,1.00000,1.00000,both,0,,,,,,,,,,,,,,,,,0.12656,0.12095,0.13227,0.24856,0.24381,0.25358
sim1_pm_post_always,task003_nosolution,12,12.00000,1.00000,1.00000,both,1,,,,,,,,,,,,,,,,,0.00004,0.00000,0.00013,0.00004,0.00000,0.00013
sim1_pm_post_always,task003_nosolution,12,12.00000,1.00000,1.00000,both,2,,,,,,,,,,,,,,,,,-0.12660,-0.13233,-0.12100,-0.24860,-0.25363,-0.24395
sim1_pm_post_always,task003_nosolution,12,12.00000,1.00000,1.00000,false,2,0.12200,0.11379,0.13050,0.00000,0.61650,0.49450,0.00000,14.06900,0.48514,0.20812,0.97300,0.46000,3.00000,0.00000,0.00000,0.00000,,,,,,
sim1_pm_post_always,task003_nosolution,12,12.00000,1.00000,1.00000,truth,0,0.37512,0.36871,0.38167,0.00008,0.88062,0.50550,0.00008,4.37300,0.15079,2.05877,1.00000,0.39500,3.00000,0.05300,0.00000,0.00000,,,,,,
sim1_pm_post_always,task003_nosolution,12,12.00000,2.00000,0.75000,both,0,,,,,,,,,,,,,,,,,0.09173,0.08104,0.10196,0.33977,0.33358,0.34573
sim1_pm_post_always,task003_nosolution,12,12.00000,2.00000,0.75000,both,1,,,,,,,,,,,,,,,,,-0.02346,-0.02783,-0.01925,0.00950,0.00812,0.01113
sim1_pm_post_always,task003_nosolution,12,12.00000,2.00000,0.75000,both,2,,,,,,,,,,,,,,,,,-0.06827,-0.07850,-0.05833,-0.34927,-0.35519,-0.34312
sim1_pm_post_always,task003_nosolution,12,12.00000,2.00000,0.75000,false,2,0.28100,0.26916,0.29298,-0.03296,0.79063,0.50962,0.01621,16.73000,0.28845,0.40311,0.97900,0.61800,2.00000,0.09500,0.00000,0.00200,,,,,,
sim1_pm_post_always,task003_nosolution,12,12.00000,2.00000,0.75000,truth,0,0.43150,0.41911,0.44346,-0.01396,0.87271,0.44121,0.03521,8.26800,0.14255,1.25254,1.00000,0.41000,2.00000,0.07600,0.00000,0.00000,,,,,,
sim1_pm_post_always,task003_nosolution,12,12.00000,2.00000,1.00000,both,0,,,,,,,,,,,,,,,,,0.13596,0.13056,0.14183,0.24138,0.23660,0.24621
sim1_pm_post_always,task003_nosolution,12,12.00000,2.00000,1.00000,both,1,,,,,,,,,,,,,,,,,0.00000,0.00000,0.00000,0.00000,0.00000,0.00000
sim1_pm_post_always,task003_nosolution,12,12.00000,2.00000,1.00000,both,2,,,,,,,,,,,,,,,,,-0.13596,-0.14183,-0.13056,-0.24138,-0.24621,-0.23660
sim1_pm_post_always,task003_nosolution,12,12.00000,2.00000,1.00000,false,2,0.10542,0.09683,0.11333,0.00000,0.59992,0.49450,0.00000,28.29000,0.48776,0.08943,0.94500,0.46000,2.00000,0.00000,0.00000,0.00000,,,,,,
sim1_pm_post_always,task003_nosolution,12,12.00000,2.00000,1.00000,truth,0,0.37733,0.37062,0.38404,0.00000,0.88283,0.50550,0.00000,5.90600,0.10183,1.53336,1.00000,0.39500,2.00000,0.06200,0.00000,0.00000,,,,,,
sim1_pm_post_always,task003_nosolution,12,12.00000,3.00000,0.75000,both,0,,,,,,,,,,,,,,,,,0.11492,0.10479,0.12575,0.31463,0.30775,0.32152
sim1_pm_post_always,task003_nosolution,12,12.00000,3.00000,0.75000,both,1,,,,,,,,,,,,,,,,,-0.02488,-0.02902,-0.02069,0.00971,0.00821,0.01135
sim1_pm_post_always,task003_nosolution,12,12.00000,3.00000,0.75000,both,2,,,,,,,,,,,,,,,,,-0.09004,-0.10092,-0.08050,-0.32433,-0.33108,-0.31794
sim1_pm_post_always,task003_nosolution,12,12.00000,3.00000,0.75000,false,2,0.23429,0.22163,0.24612,-0.03458,0.74392,0.50962,0.01458,32.10900,0.36907,0.17512,0.95500,0.61800,2.00000,0.07400,0.00000,0.00200,,,,,,
sim1_pm_post_always,task003_nosolution,12,12.00000,3.00000,0.75000,truth,0,0.42954,0.41766,0.44204,-0.01517,0.87075,0.44121,0.03400,11.02800,0.12676,0.93480,1.00000,0.41000,2.00000,0.08500,0.00000,0.00000,,,,,,
sim1_pm_post_always,task003_nosolution,12,12.00000,3.00000,1.00000,both,0,,,,,,,,,,,,,,,,,0.15708,0.15191,0.16219,0.21929,0.21481,0.22388
sim1_pm_post_always,task003_nosolution,12,12.00000,3.00000,1.00000,both,1,,,,,,,,,,,,,,,,,0.00000,0.00000,0.00000,0.00000,0.00000,0.00000
sim1_pm_post_always,task003_nosolution,12,12.00000,3.00000,1.00000,both,2,,,,,,,,,,,,,,,,,-0.15708,-0.16219,-0.15191,-0.21929,-0.22388,-0.21481
sim1_pm_post_always,task003_nosolution,12,12.00000,3.00000,1.00000,false,2,0.06221,0.05537,0.06908,0.00000,0.55671,0.49450,0.00000,54.67800,0.62848,0.02731,0.88800,0.46000,2.00000,0.00100,0.00000,0.00000,,,,,,
sim1_pm_post_always,task003_nosolution,12,12.00000,3.00000,1.00000,truth,0,0.37637,0.37012,0.38309,0.00000,0.88187,0.50550,0.00000,7.13100,0.08197,1.26672,1.00000,0.39500,2.00000,0.06600,0.00000,0.00000,,,,,,
sim1_pm_post_always,task003_nosolution,12,12.00000,6.00000,0.75000,both,0,,,,,,,,,,,,,,,,,0.11931,0.10996,0.12979,0.28773,0.28077,0.29423
sim1_pm_post_always,task003_nosolution,12,12.00000,6.00000,0.75000,both,1,,,,,,,,,,,,,,,,,-0.02460,-0.02896,-0.02052,0.01019,0.00865,0.01179
sim1_pm_post_always,task003_nosolution,12,12.00000,6.00000,0.75000,both,2,,,,,,,,,,,,,,,,,-0.09471,-0.10515,-0.08524,-0.29792,-0.30440,-0.29110
sim1_pm_post_always,task003_nosolution,12,12.00000,6.00000,0.75000,false,2,0.20321,0.19079,0.21604,-0.03479,0.71283,0.50962,0.01437,70.73400,0.40652,0.06895,0.95800,0.61800,2.00000,0.05900,0.00000,0.00200,,,,,,
sim1_pm_post_always,task003_nosolution,12,12.00000,6.00000,0.75000,truth,0,0.40704,0.39621,0.41904,-0.01442,0.84825,0.44121,0.03475,28.09800,0.16148,0.34768,1.00000,0.41000,2.00000,0.06600,0.00000,0.00000,,,,,,
sim1_pm_post_always,task003_nosolution,12,12.00000,6.00000,1.00000,both,0,,,,,,,,,,,,,,,,,0.15579,0.15067,0.16123,0.20417,0.19927,0.20875
sim1_pm_post_always,task003_nosolution,12,12.00000,6.00000,1.00000,both,1,,,,,,,,,,,,,,,,,0.00000,0.00000,0.00000,0.00000,0.00000,0.00000
sim1_pm_post_always,task003_nosolution,12,12.00000,6.00000,1.00000,both,2,,,,,,,,,,,,,,,,,-0.15579,-0.16123,-0.15067,-0.20417,-0.20875,-0.19927
sim1_pm_post_always,task003_nosolution,12,12.00000,6.00000,1.00000,false,2,0.04837,0.04216,0.05479,0.00000,0.54287,0.49450,0.00000,115.31400,0.66272,0.01007,0.85500,0.46000,3.00000,0.00000,0.00000,0.00000,,,,,,
sim1_pm_post_always,task003_nosolution,12,12.00000,6.00000,1.00000,truth,0,0.35996,0.35213,0.36738,0.00000,0.86546,0.50550,0.00000,18.44400,0.10600,0.46839,1.00000,0.39500,2.00000,0.05900,0.00000,0.00000,,,,,,
sim1_pm_post_always,task003_nosolution,12,12.00000,9.00000,0.75000,both,0,,,,,,,,,,,,,,,,,0.28765,0.27754,0.29688,0.10085,0.09485,0.10662
sim1_pm_post_always,task003_nosolution,12,12.00000,9.00000,0.75000,both,1,,,,,,,,,,,,,,,,,-0.02610,-0.03073,-0.02187,0.01156,0.00996,0.01313
sim1_pm_post_always,task003_nosolution,12,12.00000,9.00000,0.75000,both,2,,,,,,,,,,,,,,,,,-0.26154,-0.27142,-0.25160,-0.11242,-0.11834,-0.10635
sim1_pm_post_always,task003_nosolution,12,12.00000,9.00000,0.75000,false,2,-0.14912,-0.16067,-0.13816,-0.03767,0.36050,0.50962,0.01150,220.50000,0.84483,-0.01623,0.53500,0.61800,12.00000,0.00000,0.00000,0.00200,,,,,,
sim1_pm_post_always,task003_nosolution,12,12.00000,9.00000,0.75000,truth,0,0.38850,0.37779,0.39950,-0.01454,0.82971,0.44121,0.03463,50.69700,0.19424,0.18392,1.00000,0.41000,2.00000,0.03000,0.00000,0.00000,,,,,,
sim1_pm_post_always,task003_nosolution,12,12.00000,9.00000,1.00000,both,0,,,,,,,,,,,,,,,,,0.28900,0.28273,0.29546,0.07179,0.06815,0.07579
sim1_pm_post_always,task003_nosolution,12,12.00000,9.00000,1.00000,both,1,,,,,,,,,,,,,,,,,0.00000,0.00000,0.00000,0.00000,0.00000,0.00000
sim1_pm_post_always,task003_nosolution,12,12.00000,9.00000,1.00000,both,2,,,,,,,,,,,,,,,,,-0.28900,-0.29546,-0.28273,-0.07179,-0.07579,-0.06815
sim1_pm_post_always,task003_nosolution,12,12.00000,9.00000,1.00000,false,2,-0.21721,-0.22458,-0.21025,0.00000,0.27729,0.49450,0.00000,243.14400,0.93159,-0.02144,0.40200,0.46000,,0.00000,0.00000,0.00000,,,,,,
sim1_pm_post_always,task003_nosolution,12,12.00000,9.00000,1.00000,truth,0,0.36079,0.35346,0.36804,0.00000,0.86629,0.50550,0.00000,30.82500,0.11810,0.28091,1.00000,0.39500,2.00000,0.05800,0.00000,0.00000,,,,,,
sim1_pm_post_always,task003_nosolution,12,24.00000,1.00000,0.75000,both,0,,,,,,,,,,,,,,,,,0.06150,0.05198,0.07190,0.35400,0.34883,0.35890
sim1_pm_post_always,task003_nosolution,12,24.00000,1.00000,0.75000,both,1,,,,,,,,,,,,,,,,,-0.02121,-0.02515,-0.01740,0.00987,0.00825,0.01165
sim1_pm_post_always,task003_nosolution,12,24.00000,1.00000,0.75000,both,2,,,,,,,,,,,,,,,,,-0.04029,-0.05119,-0.03068,-0.36387,-0.36896,-0.35856
sim1_pm_post_always,task003_nosolution,12,24.00000,1.00000,0.75000,false,2,0.32358,0.31150,0.33442,-0.03108,0.83321,0.50962,0.01808,7.71600,0.26607,1.00648,0.97900,0.61800,3.00000,0.10700,0.00000,0.00200,,,,,,
sim1_pm_post_always,task003_nosolution,12,24.00000,1.00000,0.75000,truth,0,0.41550,0.40362,0.42821,-0.01133,0.85671,0.44121,0.03783,5.15600,0.17779,1.93406,1.00000,0.41000,3.00000,0.04600,0.00000,0.00000,,,,,,
sim1_pm_post_always,task003_nosolution,12,24.00000,1.00000,1.00000,both,0,,,,,,,,,,,,,,,,,0.06040,0.05523,0.06571,0.32360,0.32010,0.32706
sim1_pm_post_always,task003_nosolution,12,24.00000,1.00000,1.00000,both,1,,,,,,,,,,,,,,,,,0.00000,0.00000,0.00000,0.00000,0.00000,0.00000
sim1_pm_post_always,task003_nosolution,12,24.00000,1.00000,1.00000,both,2,,,,,,,,,,,,,,,,,-0.06040,-0.06571,-0.05523,-0.32360,-0.32706,-0.32010
sim1_pm_post_always,task003_nosolution,12,24.00000,1.00000,1.00000,false,2,0.26321,0.25729,0.26913,0.00000,0.75771,0.49450,0.00000,10.05400,0.34669,0.62831,0.99200,0.46000,3.00000,0.00100,0.00000,0.00000,,,,,,
sim1_pm_post_always,task003_nosolution,12,24.00000,1.00000,1.00000,truth,0,0.38400,0.37812,0.39029,0.00000,0.88950,0.50550,0.00000,3.31700,0.11438,2.77841,1.00000,0.39500,3.00000,0.06000,0.00000,0.00000,,,,,,
sim1_pm_post_always,task003_nosolution,12,24.00000,2.00000,0.75000,both,0,,,,,,,,,,,,,,,,,0.05767,0.04716,0.06746,0.36179,0.35692,0.36671
sim1_pm_post_always,task003_nosolution,12,24.00000,2.00000,0.75000,both,1,,,,,,,,,,,,,,,,,-0.02192,-0.02644,-0.01783,0.01167,0.01000,0.01348
sim1_pm_post_always,task003_nosolution,12,24.00000,2.00000,0.75000,both,2,,,,,,,,,,,,,,,,,-0.03575,-0.04559,-0.02573,-0.37346,-0.37821,-0.36844
sim1_pm_post_always,task003_nosolution,12,24.00000,2.00000,0.75000,false,2,0.33771,0.32692,0.34879,-0.03358,0.84733,0.50962,0.01558,12.76400,0.22007,0.63499,0.98600,0.61800,2.00000,0.11100,0.00000,0.00200,,,,,,
sim1_pm_post_always,task003_nosolution,12,24.00000,2.00000,0.75000,truth,0,0.41946,0.40783,0.43104,-0.01025,0.86067,0.44121,0.03892,8.03800,0.13859,1.25243,0.99900,0.41000,2.00000,0.05700,0.00000,0.00000,,,,,,
sim1_pm_post_always,task003_nosolution,12,24.00000,2.00000,1.00000,both,0,,,,,,,,,,,,,,,,,0.06485,0.05962,0.07008,0.32231,0.31856,0.32592
sim1_pm_post_always,task003_nosolution,12,24.00000,2.00000,1.00000,both,1,,,,,,,,,,,,,,,,,0.00000,0.00000,0.00000,0.00000,0.00000,0.00000
sim1_pm_post_always,task003_nosolution,12,24.00000,2.00000,1.00000,both,2,,,,,,,,,,,,,,,,,-0.06485,-0.07008,-0.05962,-0.32231,-0.32592,-0.31856
sim1_pm_post_always,task003_nosolution,12,24.00000,2.00000,1.00000,false,2,0.25746,0.25083,0.26350,0.00000,0.75196,0.49450,0.00000,18.37000,0.31672,0.33636,0.99200,0.46000,2.00000,0.00200,0.00000,0.00000,,,,,,
sim1_pm_post_always,task003_nosolution,12,24.00000,2.00000,1.00000,truth,0,0.38717,0.38075,0.39342,0.00000,0.89267,0.50550,0.00000,4.27800,0.07376,2.17204,1.00000,0.39500,2.00000,0.06900,0.00000,0.00000,,,,,,
sim1_pm_post_always,task003_nosolution,12,24.00000,3.00000,0.75000,both,0,,,,,,,,,,,,,,,,,0.06837,0.05704,0.07794,0.33558,0.32992,0.34083
sim1_pm_post_always,task003_nosolution,12,24.00000,3.00000,0.75000,both,1,,,,,,,,,,,,,,,,,-0.02019,-0.02440,-0.01625,0.01419,0.01254,0.01583
sim1_pm_post_always,task003_nosolution,12,24.00000,3.00000,0.75000,both,2,,,,,,,,,,,,,,,,,-0.04819,-0.05732,-0.03710,-0.34977,-0.35494,-0.34423
sim1_pm_post_always,task003_nosolution,12,24.00000,3.00000,0.75000,false,2,0.30158,0.29050,0.31371,-0.03438,0.81121,0.50962,0.01479,24.89100,0.28610,0.29079,0.98100,0.61800,2.00000,0.09600,0.00000,0.00200,,,,,,
sim1_pm_post_always,task003_nosolution,12,24.00000,3.00000,0.75000,truth,0,0.40396,0.39125,0.41504,-0.00600,0.84517,0.44121,0.04317,13.35600,0.15352,0.72589,1.00000,0.41000,2.00000,0.04300,0.00000,0.00000,,,,,,
sim1_pm_post_always,task003_nosolution,12,24.00000,3.00000,1.00000,both,0,,,,,,,,,,,,,,,,,0.08923,0.08344,0.09463,0.30719,0.30283,0.31119
sim1_pm_post_always,task003_nosolution,12,24.00000,3.00000,1.00000,both,1,,,,,,,,,,,,,,,,,0.00002,0.00000,0.00006,0.00002,0.00000,0.00006
sim1_pm_post_always,task003_nosolution,12,24.00000,3.00000,1.00000,both,2,,,,,,,,,,,,,,,,,-0.08925,-0.09463,-0.08346,-0.30721,-0.31121,-0.30283
sim1_pm_post_always,task003_nosolution,12,24.00000,3.00000,1.00000,false,2,0.21796,0.21092,0.22575,0.00000,0.71246,0.49450,0.00000,37.30500,0.42879,0.14022,0.97600,0.46000,2.00000,0.00100,0.00000,0.00000,,,,,,
sim1_pm_post_always,task003_nosolution,12,24.00000,3.00000,1.00000,truth,0,0.39642,0.38983,0.40250,0.00004,0.90192,0.50550,0.00004,4.76700,0.05479,1.99580,1.00000,0.39500,2.00000,0.09700,0.00000,0.00000,,,,,,
sim1_pm_post_always,task003_nosolution,12,24.00000,6.00000,0.75000,both,0,,,,,,,,,,,,,,,,,0.06733,0.05744,0.07781,0.33104,0.32577,0.33634
sim1_pm_post_always,task003_nosolution,12,24.00000,6.00000,0.75000,both,1,,,,,,,,,,,,,,,,,-0.02375,-0.02802,-0.01971,0.01513,0.01360,0.01685
sim1_pm_post_always,task003_nosolution,12,24.00000,6.00000,0.75000,both,2,,,,,,,,,,,,,,,,,-0.04358,-0.05417,-0.03323,-0.34617,-0.35140,-0.34087
sim1_pm_post_always,task003_nosolution,12,24.00000,6.00000,0.75000,false,2,0.30258,0.29121,0.31442,-0.03888,0.81221,0.50962,0.01029,51.10200,0.29369,0.14211,0.98200,0.61800,2.00000,0.09800,0.00000,0.00200,,,,,,
sim1_pm_post_always,task003_nosolution,12,24.00000,6.00000,0.75000,truth,0,0.39838,0.38696,0.40938,-0.00862,0.83958,0.44121,0.04054,29.70600,0.17072,0.32185,1.00000,0.41000,2.00000,0.04500,0.00000,0.00000,,,,,,
sim1_pm_post_always,task003_nosolution,12,24.00000,6.00000,1.00000,both,0,,,,,,,,,,,,,,,,,0.09208,0.08635,0.09735,0.30267,0.29854,0.30692
sim1_pm_post_always,task003_nosolution,12,24.00000,6.00000,1.00000,both,1,,,,,,,,,,,,,,,,,0.00000,0.00000,0.00000,0.00000,0.00000,0.00000
sim1_pm_post_always,task003_nosolution,12,24.00000,6.00000,1.00000,both,2,,,,,,,,,,,,,,,,,-0.09208,-0.09735,-0.08635,-0.30267,-0.30692,-0.29854
sim1_pm_post_always,task003_nosolution,12,24.00000,6.00000,1.00000,false,2,0.21058,0.20350,0.21858,0.00000,0.70508,0.49450,0.00000,79.39800,0.45631,0.06365,0.97200,0.46000,2.00000,0.00100,0.00000,0.00000,,,,,,
sim1_pm_post_always,task003_nosolution,12,24.00000,6.00000,1.00000,truth,0,0.39475,0.38842,0.40125,0.00000,0.90025,0.50550,0.00000,10.76400,0.06186,0.88016,1.00000,0.39500,2.00000,0.09300,0.00000,0.00000,,,,,,
sim1_pm_post_always,task003_nosolution,12,24.00000,9.00000,0.75000,both,0,,,,,,,,,,,,,,,,,0.20304,0.19277,0.21254,0.19612,0.18950,0.20267
sim1_pm_post_always,task003_nosolution,12,24.00000,9.00000,0.75000,both,1,,,,,,,,,,,,,,,,,-0.02154,-0.02631,-0.01754,0.01383,0.01221,0.01550
sim1_pm_post_always,task003_nosolution,12,24.00000,9.00000,0.75000,both,2,,,,,,,,,,,,,,,,,-0.18150,-0.19113,-0.17156,-0.20996,-0.21652,-0.20331
sim1_pm_post_always,task003_nosolution,12,24.00000,9.00000,0.75000,false,2,0.02846,0.01671,0.04034,-0.03538,0.53808,0.50962,0.01379,197.95500,0.75845,0.00345,0.70900,0.61800,6.00000,0.00900,0.00000,0.00200,,,,,,
sim1_pm_post_always,task003_nosolution,12,24.00000,9.00000,0.75000,truth,0,0.39917,0.38733,0.41092,-0.00771,0.84037,0.44121,0.04146,42.62400,0.16331,0.22476,1.00000,0.41000,2.00000,0.03400,0.00000,0.00000,,,,,,
sim1_pm_post_always,task003_nosolution,12,24.00000,9.00000,1.00000,both,0,,,,,,,,,,,,,,,,,0.18765,0.18158,0.19338,0.20865,0.20350,0.21377
sim1_pm_post_always,task003_nosolution,12,24.00000,9.00000,1.00000,both,1,,,,,,,,,,,,,,,,,0.00000,0.00000,0.00000,0.00000,0.00000,0.00000
sim1_pm_post_always,task003_nosolution,12,24.00000,9.00000,1.00000,both,2,,,,,,,,,,,,,,,,,-0.18765,-0.19338,-0.18158,-0.20865,-0.21377,-0.20350
sim1_pm_post_always,task003_nosolution,12,24.00000,9.00000,1.00000,false,2,0.02100,0.01229,0.02996,0.00000,0.51550,0.49450,0.00000,223.17300,0.85507,0.00226,0.65300,0.46000,6.00000,0.00000,0.00000,0.00000,,,,,,
sim1_pm_post_always,task003_nosolution,12,24.00000,9.00000,1.00000,truth,0,0.39629,0.38983,0.40325,0.00000,0.90179,0.50550,0.00000,16.70400,0.06400,0.56938,1.00000,0.39500,2.00000,0.10200,0.00000,0.00000,,,,,,
sim1_pm_post_always,task003_symmetric,3,3.00000,1.00000,0.75000,both,0,,,,,,,,,,,,,,,,,-0.06602,-0.07413,-0.05752,0.26481,0.25929,0.27027
sim1_pm_post_always,task003_symmetric,3,3.00000,1.00000,0.75000,both,1,,,,,,,,,,,,,,,,,-0.04827,-0.05384,-0.04295,-0.00535,-0.00777,-0.00287
sim1_pm_post_always,task003_symmetric,3,3.00000,1.00000,0.75000,both,2,,,,,,,,,,,,,,,,,0.11429,0.10529,0.12283,-0.25946,-0.26523,-0.25379
sim1_pm_post_always,task003_symmetric,3,3.00000,1.00000,0.75000,false,2,0.37375,0.36200,0.38517,-0.04292,0.61908,0.24533,0.06850,23.57900,0.81307,0.38042,0.77700,0.03700,18.00000,0.00400,0.00000,0.00000,,,,,,
sim1_pm_post_always,task003_symmetric,3,3.00000,1.00000,0.75000,truth,0,0.19879,0.19075,0.20700,-0.05362,0.84204,0.64325,0.05779,13.85300,0.47769,0.34440,1.00000,0.92000,3.00000,0.03200,0.00000,0.00000,,,,,,
sim1_pm_post_always,task003_symmetric,3,3.00000,1.00000,1.00000,both,0,,,,,,,,,,,,,,,,,0.00000,-0.00017,0.00019,0.00004,-0.00006,0.00015
sim1_pm_post_always,task003_symmetric,3,3.00000,1.00000,1.00000,both,1,,,,,,,,,,,,,,,,,-0.00013,-0.00029,0.00000,0.00000,0.00000,0.00000
sim1_pm_post_always,task003_symmetric,3,3.00000,1.00000,1.00000,both,2,,,,,,,,,,,,,,,,,0.00012,0.00004,0.00023,-0.00004,-0.00015,0.00006
sim1_pm_post_always,task003_symmetric,3,3.00000,1.00000,1.00000,false,2,0.00017,0.00004,0.00033,-0.00013,0.00017,0.00000,0.00000,28.72600,0.99055,0.00014,0.02600,0.00300,,0.00000,0.99600,0.00000,,,,,,
sim1_pm_post_always,task003_symmetric,3,3.00000,1.00000,1.00000,truth,0,0.00004,-0.00012,0.00021,-0.00013,0.99992,0.99987,0.00000,3.16400,0.10910,0.00032,1.00000,1.00000,3.00000,0.99800,0.00000,0.99700,,,,,,
sim1_pm_post_always,task003_symmetric,3,3.00000,2.00000,0.75000,both,0,,,,,,,,,,,,,,,,,-0.11315,-0.12057,-0.10475,0.33398,0.32967,0.33817
sim1_pm_post_always,task003_symmetric,3,3.00000,2.00000,0.75000,both,1,,,,,,,,,,,,,,,,,-0.04433,-0.04988,-0.03802,-0.00538,-0.00798,-0.00264
sim1_pm_post_always,task003_symmetric,3,3.00000,2.00000,0.75000,both,2,,,,,,,,,,,,,,,,,0.15748,0.14872,0.16615,-0.32860,-0.33300,-0.32377
sim1_pm_post_always,task003_symmetric,3,3.00000,2.00000,0.75000,false,2,0.48608,0.47500,0.49650,-0.03896,0.73142,0.24533,0.07246,40.43800,0.69721,0.28849,0.98400,0.03700,9.00000,0.00700,0.00000,0.00000,,,,,,
sim1_pm_post_always,task003_symmetric,3,3.00000,2.00000,0.75000,truth,0,0.22083,0.21266,0.22996,-0.04971,0.86408,0.64325,0.06171,24.55000,0.42328,0.21589,1.00000,0.92000,3.00000,0.04000,0.00000,0.00000,,,,,,
sim1_pm_post_always,task003_symmetric,3,3.00000,2.00000,1.00000,both,0,,,,,,,,,,,,,,,,,0.00002,-0.00012,0.00019,0.00006,-0.00002,0.00017
sim1_pm_post_always,task003_symmetric,3,3.00000,2.00000,1.00000,both,1,,,,,,,,,,,,,,,,,-0.00013,-0.00025,0.00000,0.00000,0.00000,0.00000
sim1_pm_post_always,task003_symmetric,3,3.00000,2.00000,1.00000,both,2,,,,,,,,,,,,,,,,,0.00010,0.00002,0.00019,-0.00006,-0.00017,0.00002
sim1_pm_post_always,task003_symmetric,3,3.00000,2.00000,1.00000,false,2,0.00017,0.00004,0.00033,-0.00013,0.00017,0.00000,0.00000,56.98000,0.98241,0.00007,0.08700,0.00300,,0.00000,0.99600,0.00000,,,,,,
sim1_pm_post_always,task003_symmetric,3,3.00000,2.00000,1.00000,truth,0,0.00008,-0.00004,0.00025,-0.00013,0.99996,0.99987,0.00000,5.70000,0.09828,0.00035,1.00000,1.00000,3.00000,0.99900,0.00000,0.99700,,,,,,
sim1_pm_post_always,task003_symmetric,3,3.00000,3.00000,0.75000,both,0,,,,,,,,,,,,,,,,,-0.12560,-0.13377,-0.11781,0.34710,0.34340,0.35090
sim1_pm_post_always,task003_symmetric,3,3.00000,3.00000,0.75000,both,1,,,,,,,,,,,,,,,,,-0.03944,-0.04494,-0.03398,-0.00202,-0.00504,0.00067
sim1_pm_post_always,task003_symmetric,3,3.00000,3.00000,0.75000,both,2,,,,,,,,,,,,,,,,,0.16504,0.15681,0.17340,-0.34508,-0.34969,-0.34102
sim1_pm_post_always,task003_symmetric,3,3.00000,3.00000,0.75000,false,2,0.51012,0.50025,0.52025,-0.03742,0.75546,0.24533,0.07400,57.91800,0.66572,0.21139,0.98700,0.03700,8.00000,0.01100,0.00000,0.00000,,,,,,
sim1_pm_post_always,task003_symmetric,3,3.00000,3.00000,0.75000,truth,0,0.22150,0.21292,0.22979,-0.04146,0.86475,0.64325,0.06996,35.53800,0.40848,0.14959,1.00000,0.92000,3.00000,0.03600,0.00000,0.00000,,,,,,
sim1_pm_post_always,task003_symmetric,3,3.00000,3.00000,1.00000,both,0,,,,,,,,,,,,,,,,,0.00002,-0.00015,0.00019,0.00006,-0.00002,0.00017
sim1_pm_post_always,task003_symmetric,3,3.00000,3.00000,1.00000,both,1,,,,,,,,,,,,,,,,,-0.00010,-0.00025,0.00002,0.00002,0.00000,0.00008
sim1_pm_post_always,task003_symmetric,3,3.00000,3.00000,1.00000,both,2,,,,,,,,,,,,,,,,,0.00008,0.00002,0.00019,-0.00008,-0.00019,-0.00002
sim1_pm_post_always,task003_symmetric,3,3.00000,3.00000,1.00000,false,2,0.00017,0.00004,0.00038,-0.00013,0.00017,0.00000,0.00000,85.08900,0.97803,0.00005,0.11700,0.00300,,0.00000,0.99600,0.00000,,,,,,
sim1_pm_post_always,task003_symmetric,3,3.00000,3.00000,1.00000,truth,0,0.00008,-0.00008,0.00025,-0.00008,0.99996,0.99987,0.00004,8.03100,0.09231,0.00025,1.00000,1.00000,3.00000,0.99900,0.00000,0.99700,,,,,,
sim1_pm_post_always,task003_symmetric,3,3.00000,6.00000,0.75000,both,0,,,,,,,,,,,,,,,,,-0.14148,-0.14902,-0.13279,0.35760,0.35410,0.36092
sim1_pm_post_always,task003_symmetric,3,3.00000,6.00000,0.75000,both,1,,,,,,,,,,,,,,,,,-0.03152,-0.03711,-0.02577,-0.00681,-0.00946,-0.00383
sim1_pm_post_always,task003_symmetric,3,3.00000,6.00000,0.75000,both,2,,,,,,,,,,,,,,,,,0.17300,0.16462,0.18119,-0.35079,-0.35448,-0.34692
sim1_pm_post_always,task003_symmetric,3,3.00000,6.00000,0.75000,false,2,0.52379,0.51333,0.53309,-0.02471,0.76912,0.24533,0.08671,114.14400,0.65600,0.11013,0.99500,0.03700,8.00000,0.01000,0.00000,0.00000,,,,,,
sim1_pm_post_always,task003_symmetric,3,3.00000,6.00000,0.75000,truth,0,0.21612,0.20779,0.22463,-0.03833,0.85938,0.64325,0.07308,74.36400,0.42738,0.06975,1.00000,0.92000,3.00000,0.03200,0.00000,0.00000,,,,,,
sim1_pm_post_always,task003_symmetric,3,3.00000,6.00000,1.00000,both,0,,,,,,,,,,,,,,,,,-0.00004,-0.00025,0.00015,0.00017,0.00004,0.00031
sim1_pm_post_always,task003_symmetric,3,3.00000,6.00000,1.00000,both,1,,,,,,,,,,,,,,,,,-0.00013,-0.00029,0.00000,0.00000,0.00000,0.00000
sim1_pm_post_always,task003_symmetric,3,3.00000,6.00000,1.00000,both,2,,,,,,,,,,,,,,,,,0.00017,0.00004,0.00031,-0.00017,-0.00031,-0.00004
sim1_pm_post_always,task003_symmetric,3,3.00000,6.00000,1.00000,false,2,0.00033,0.00008,0.00062,-0.00013,0.00033,0.00000,0.00000,169.77000,0.97569,0.00005,0.12400,0.00300,,0.00000,0.99300,0.00000,,,,,,
sim1_pm_post_always,task003_symmetric,3,3.00000,6.00000,1.00000,truth,0,0.00012,0.00000,0.00029,-0.00013,1.00000,0.99987,0.00000,17.08200,0.09817,0.00018,1.00000,1.00000,3.00000,1.00000,0.00000,0.99700,,,,,,
sim1_pm_post_always,task003_symmetric,3,3.00000,9.00000,0.75000,both,0,,,,,,,,,,,,,,,,,-0.15100,-0.15946,-0.14292,0.35796,0.35487,0.36127
sim1_pm_post_always,task003_symmetric,3,3.00000,9.00000,0.75000,both,1,,,,,,,,,,,,,,,,,-0.02619,-0.03215,-0.02052,-0.00423,-0.00733,-0.00104
sim1_pm_post_always,task003_symmetric,3,3.00000,9.00000,0.75000,both,2,,,,,,,,,,,,,,,,,0.17719,0.16944,0.18579,-0.35373,-0.35744,-0.34994
sim1_pm_post_always,task003_symmetric,3,3.00000,9.00000,0.75000,false,2,0.53092,0.52179,0.54104,-0.02196,0.77625,0.24533,0.08946,166.75200,0.63890,0.07641,1.00000,0.03700,7.00000,0.00900,0.00000,0.00000,,,,,,
sim1_pm_post_always,task003_symmetric,3,3.00000,9.00000,0.75000,truth,0,0.20696,0.19816,0.21521,-0.03042,0.85021,0.64325,0.08100,114.55200,0.43890,0.04336,1.00000,0.92000,3.00000,0.03500,0.00000,0.00000,,,,,,
sim1_pm_post_always,task003_symmetric,3,3.00000,9.00000,1.00000,both,0,,,,,,,,,,,,,,,,,-0.00019,-0.00042,0.00004,0.00027,0.00012,0.00046
sim1_pm_post_always,task003_symmetric,3,3.00000,9.00000,1.00000,both,1,,,,,,,,,,,,,,,,,-0.00010,-0.00027,0.00002,0.00002,0.00000,0.00006
sim1_pm_post_always,task003_symmetric,3,3.00000,9.00000,1.00000,both,2,,,,,,,,,,,,,,,,,0.00029,0.00015,0.00048,-0.00029,-0.00048,-0.00015
sim1_pm_post_always,task003_symmetric,3,3.00000,9.00000,1.00000,false,2,0.00058,0.00029,0.00096,-0.00013,0.00058,0.00000,0.00000,252.99000,0.96931,0.00006,0.15900,0.00300,,0.00000,0.98700,0.00000,,,,,,
sim1_pm_post_always,task003_symmetric,3,3.00000,9.00000,1.00000,truth,0,0.00008,-0.00008,0.00025,-0.00008,0.99996,0.99987,0.00004,26.98200,0.10338,0.00007,1.00000,1.00000,3.00000,0.99900,0.00000,0.99700,,,,,,
sim1_pm_post_always,task003_symmetric,3,6.00000,1.00000,0.75000,both,0,,,,,,,,,,,,,,,,,-0.09406,-0.10233,-0.08573,0.28731,0.28254,0.29223
sim1_pm_post_always,task003_symmetric,3,6.00000,1.00000,0.75000,both,1,,,,,,,,,,,,,,,,,-0.04063,-0.04617,-0.03466,-0.00550,-0.00815,-0.00267
sim1_pm_post_always,task003_symmetric,3,6.00000,1.00000,0.75000,both,2,,,,,,,,,,,,,,,,,0.13469,0.12644,0.14287,-0.28181,-0.28702,-0.27642
sim1_pm_post_always,task003_symmetric,3,6.00000,1.00000,0.75000,false,2,0.41650,0.40496,0.42783,-0.03512,0.66183,0.24533,0.07629,21.69300,0.74803,0.46079,0.86100,0.03700,14.00000,0.00200,0.00000,0.00000,,,,,,
sim1_pm_post_always,task003_symmetric,3,6.00000,1.00000,0.75000,truth,0,0.19325,0.18521,0.20201,-0.04613,0.83650,0.64325,0.06529,10.19000,0.35138,0.45515,1.00000,0.92000,4.00000,0.02600,0.00000,0.00000,,,,,,
sim1_pm_post_always,task003_symmetric,3,6.00000,1.00000,1.00000,both,0,,,,,,,,,,,,,,,,,0.00002,-0.00015,0.00021,0.00010,0.00002,0.00021
sim1_pm_post_always,task003_symmetric,3,6.00000,1.00000,1.00000,both,1,,,,,,,,,,,,,,,,,-0.00013,-0.00029,0.00000,0.00000,0.00000,0.00000
sim1_pm_post_always,task003_symmetric,3,6.00000,1.00000,1.00000,both,2,,,,,,,,,,,,,,,,,0.00010,0.00002,0.00021,-0.00010,-0.00021,-0.00002
sim1_pm_post_always,task003_symmetric,3,6.00000,1.00000,1.00000,false,2,0.00021,0.00004,0.00042,-0.00013,0.00021,0.00000,0.00000,28.78600,0.99262,0.00017,0.03600,0.00300,,0.00000,0.99500,0.00000,,,,,,
sim1_pm_post_always,task003_symmetric,3,6.00000,1.00000,1.00000,truth,0,0.00012,0.00000,0.00029,-0.00013,1.00000,0.99987,0.00000,2.52100,0.08693,0.00119,1.00000,1.00000,3.00000,1.00000,0.00000,0.99700,,,,,,
sim1_pm_post_always,task003_symmetric,3,6.00000,2.00000,0.75000,both,0,,,,,,,,,,,,,,,,,-0.12492,-0.13280,-0.11654,0.32612,0.32238,0.32981
sim1_pm_post_always,task003_symmetric,3,6.00000,2.00000,0.75000,both,1,,,,,,,,,,,,,,,,,-0.03492,-0.04060,-0.02952,-0.00367,-0.00644,-0.00079
sim1_pm_post_always,task003_symmetric,3,6.00000,2.00000,0.75000,both,2,,,,,,,,,,,,,,,,,0.15983,0.15113,0.16848,-0.32246,-0.32685,-0.31804
sim1_pm_post_always,task003_symmetric,3,6.00000,2.00000,0.75000,false,2,0.48229,0.47171,0.49288,-0.03125,0.72762,0.24533,0.08017,37.30800,0.64324,0.31026,0.97500,0.03700,9.00000,0.00700,0.00000,0.00000,,,,,,
sim1_pm_post_always,task003_symmetric,3,6.00000,2.00000,0.75000,truth,0,0.20121,0.19329,0.20996,-0.03858,0.84446,0.64325,0.07283,18.00600,0.31045,0.26819,1.00000,0.92000,3.00000,0.03700,0.00000,0.00000,,,,,,
sim1_pm_post_always,task003_symmetric,3,6.00000,2.00000,1.00000,both,0,,,,,,,,,,,,,,,,,-0.00004,-0.00021,0.00015,0.00012,0.00002,0.00025
sim1_pm_post_always,task003_symmetric,3,6.00000,2.00000,1.00000,both,1,,,,,,,,,,,,,,,,,-0.00008,-0.00025,0.00004,0.00000,-0.00006,0.00006
sim1_pm_post_always,task003_symmetric,3,6.00000,2.00000,1.00000,both,2,,,,,,,,,,,,,,,,,0.00012,0.00004,0.00023,-0.00012,-0.00023,-0.00004
sim1_pm_post_always,task003_symmetric,3,6.00000,2.00000,1.00000,false,2,0.00025,0.00008,0.00046,-0.00008,0.00025,0.00000,0.00004,57.05200,0.98366,0.00011,0.09400,0.00300,,0.00000,0.99300,0.00000,,,,,,
sim1_pm_post_always,task003_symmetric,3,6.00000,2.00000,1.00000,truth,0,0.00008,-0.00004,0.00025,-0.00008,0.99996,0.99987,0.00004,4.47600,0.07717,0.00045,1.00000,1.00000,3.00000,0.99900,0.00000,0.99700,,,,,,
sim1_pm_post_always,task003_symmetric,3,6.00000,3.00000,0.75000,both,0,,,,,,,,,,,,,,,,,-0.13475,-0.14323,-0.12625,0.33958,0.33588,0.34308
sim1_pm_post_always,task003_symmetric,3,6.00000,3.00000,0.75000,both,1,,,,,,,,,,,,,,,,,-0.03510,-0.04056,-0.02949,-0.00502,-0.00800,-0.00225
sim1_pm_post_always,task003_symmetric,3,6.00000,3.00000,0.75000,both,2,,,,,,,,,,,,,,,,,0.16985,0.16146,0.17857,-0.33456,-0.33860,-0.33012
sim1_pm_post_always,task003_symmetric,3,6.00000,3.00000,0.75000,false,2,0.50442,0.49375,0.51484,-0.03008,0.74975,0.24533,0.08133,53.87700,0.61928,0.22470,0.98700,0.03700,8.00000,0.00700,0.00000,0.00000,,,,,,
sim1_pm_post_always,task003_symmetric,3,6.00000,3.00000,0.75000,truth,0,0.20483,0.19583,0.21363,-0.04012,0.84808,0.64325,0.07129,26.48400,0.30441,0.18562,1.00000,0.92000,3.00000,0.03500,0.00000,0.00000,,,,,,
sim1_pm_post_always,task003_symmetric,3,6.00000,3.00000,1.00000,both,0,,,,,,,,,,,,,,,,,0.00000,-0.00017,0.00019,0.00012,0.00004,0.00023
sim1_pm_post_always,task003_symmetric,3,6.00000,3.00000,1.00000,both,1,,,,,,,,,,,,,,,,,-0.00013,-0.00029,0.00000,0.00000,0.00000,0.00000
sim1_pm_post_always,task003_symmetric,3,6.00000,3.00000,1.00000,both,2,,,,,,,,,,,,,,,,,0.00012,0.00004,0.00023,-0.00012,-0.00023,-0.00004
sim1_pm_post_always,task003_symmetric,3,6.00000,3.00000,1.00000,false,2,0.00025,0.00008,0.00046,-0.00013,0.00025,0.00000,0.00000,85.12200,0.97841,0.00007,0.13600,0.00300,,0.00000,0.99400,0.00000,,,,,,
sim1_pm_post_always,task003_symmetric,3,6.00000,3.00000,1.00000,truth,0,0.00012,0.00000,0.00029,-0.00013,1.00000,0.99987,0.00000,6.46800,0.07434,0.00046,1.00000,1.00000,3.00000,1.00000,0.00000,0.99700,,,,,,
sim1_pm_post_always,task003_symmetric,3,6.00000,6.00000,0.75000,both,0,,,,,,,,,,,,,,,,,-0.14496,-0.15290,-0.13716,0.34538,0.34169,0.34927
sim1_pm_post_always,task003_symmetric,3,6.00000,6.00000,0.75000,both,1,,,,,,,,,,,,,,,,,-0.02473,-0.03023,-0.01940,-0.01023,-0.01325,-0.00733
sim1_pm_post_always,task003_symmetric,3,6.00000,6.00000,0.75000,both,2,,,,,,,,,,,,,,,,,0.16969,0.16177,0.17758,-0.33515,-0.33923,-0.33127
sim1_pm_post_always,task003_symmetric,3,6.00000,6.00000,0.75000,false,2,0.50483,0.49524,0.51471,-0.01450,0.75017,0.24533,0.09692,103.82400,0.59669,0.11670,0.99200,0.03700,7.00000,0.00400,0.00000,0.00000,,,,,,
sim1_pm_post_always,task003_symmetric,3,6.00000,6.00000,0.75000,truth,0,0.20042,0.19233,0.20900,-0.03496,0.84367,0.64325,0.07646,54.70200,0.31438,0.08793,1.00000,0.92000,3.00000,0.02500,0.00000,0.00000,,,,,,
sim1_pm_post_always,task003_symmetric,3,6.00000,6.00000,1.00000,both,0,,,,,,,,,,,,,,,,,-0.00015,-0.00037,0.00006,0.00023,0.00008,0.00040
sim1_pm_post_always,task003_symmetric,3,6.00000,6.00000,1.00000,both,1,,,,,,,,,,,,,,,,,-0.00013,-0.00025,0.00000,0.00000,0.00000,0.00000
sim1_pm_post_always,task003_symmetric,3,6.00000,6.00000,1.00000,both,2,,,,,,,,,,,,,,,,,0.00027,0.00012,0.00046,-0.00023,-0.00040,-0.00008
sim1_pm_post_always,task003_symmetric,3,6.00000,6.00000,1.00000,false,2,0.00050,0.00021,0.00083,-0.00013,0.00050,0.00000,0.00000,169.78800,0.97579,0.00007,0.15600,0.00300,,0.00000,0.99000,0.00000,,,,,,
sim1_pm_post_always,task003_symmetric,3,6.00000,6.00000,1.00000,truth,0,0.00008,-0.00004,0.00025,-0.00013,0.99996,0.99987,0.00000,13.59000,0.07810,0.00015,1.00000,1.00000,3.00000,0.99900,0.00000,0.99700,,,,,,
sim1_pm_post_always,task003_symmetric,3,6.00000,9.00000,0.75000,both,0,,,,,,,,,,,,,,,,,-0.14985,-0.15790,-0.14188,0.34919,0.34571,0.35271
sim1_pm_post_always,task003_symmetric,3,6.00000,9.00000,0.75000,both,1,,,,,,,,,,,,,,,,,-0.02823,-0.03392,-0.02252,-0.00277,-0.00554,0.00019
sim1_pm_post_always,task003_symmetric,3,6.00000,9.00000,0.75000,both,2,,,,,,,,,,,,,,,,,0.17808,0.17067,0.18657,-0.34642,-0.35013,-0.34287
sim1_pm_post_always,task003_symmetric,3,6.00000,9.00000,0.75000,false,2,0.52450,0.51512,0.53438,-0.02546,0.76983,0.24533,0.08596,146.95200,0.56303,0.08566,0.99800,0.03700,7.00000,0.00700,0.00000,0.00000,,,,,,
sim1_pm_post_always,task003_symmetric,3,6.00000,9.00000,0.75000,truth,0,0.19933,0.19108,0.20730,-0.03100,0.84258,0.64325,0.08042,83.68200,0.32062,0.05717,1.00000,0.92000,3.00000,0.03000,0.00000,0.00000,,,,,,
sim1_pm_post_always,task003_symmetric,3,6.00000,9.00000,1.00000,both,0,,,,,,,,,,,,,,,,,-0.00027,-0.00048,-0.00004,0.00040,0.00023,0.00058
sim1_pm_post_always,task003_symmetric,3,6.00000,9.00000,1.00000,both,1,,,,,,,,,,,,,,,,,-0.00013,-0.00029,0.00000,0.00000,0.00000,0.00000
sim1_pm_post_always,task003_symmetric,3,6.00000,9.00000,1.00000,both,2,,,,,,,,,,,,,,,,,0.00040,0.00023,0.00058,-0.00040,-0.00058,-0.00023
sim1_pm_post_always,task003_symmetric,3,6.00000,9.00000,1.00000,false,2,0.00079,0.00046,0.00117,-0.00013,0.00079,0.00000,0.00000,253.14300,0.96990,0.00008,0.18500,0.00300,,0.00000,0.98100,0.00000,,,,,,
sim1_pm_post_always,task003_symmetric,3,6.00000,9.00000,1.00000,truth,0,0.00012,0.00000,0.00029,-0.00013,1.00000,0.99987,0.00000,20.20500,0.07741,0.00015,1.00000,1.00000,3.00000,1.00000,0.00000,0.99700,,,,,,
sim1_pm_post_always,task003_symmetric,3,12.00000,1.00000,0.75000,both,0,,,,,,,,,,,,,,,,,-0.10825,-0.11658,-0.09979,0.28150,0.27679,0.28636
sim1_pm_post_always,task003_symmetric,3,12.00000,1.00000,0.75000,both,1,,,,,,,,,,,,,,,,,-0.03119,-0.03657,-0.02560,-0.00460,-0.00752,-0.00152
sim1_pm_post_always,task003_symmetric,3,12.00000,1.00000,0.75000,both,2,,,,,,,,,,,,,,,,,0.13944,0.13096,0.14821,-0.27690,-0.28161,-0.27185
sim1_pm_post_always,task003_symmetric,3,12.00000,1.00000,0.75000,false,2,0.41633,0.40500,0.42721,-0.02658,0.66167,0.24533,0.08483,21.33100,0.73555,0.46843,0.86600,0.03700,14.00000,0.00500,0.00000,0.00000,,,,,,
sim1_pm_post_always,task003_symmetric,3,12.00000,1.00000,0.75000,truth,0,0.17325,0.16483,0.18192,-0.03579,0.81650,0.64325,0.07562,6.84300,0.23597,0.60763,1.00000,0.92000,4.00000,0.01500,0.00000,0.00000,,,,,,
sim1_pm_post_always,task003_symmetric,3,12.00000,1.00000,1.00000,both,0,,,,,,,,,,,,,,,,,-0.00008,-0.00025,0.00013,0.00004,-0.00008,0.00017
sim1_pm_post_always,task003_symmetric,3,12.00000,1.00000,1.00000,both,1,,,,,,,,,,,,,,,,,-0.00000,-0.00019,0.00017,-0.00004,-0.00015,0.00006
sim1_pm_post_always,task003_symmetric,3,12.00000,1.00000,1.00000,both,2,,,,,,,,,,,,,,,,,0.00008,0.00002,0.00017,0.00000,-0.00008,0.00008
sim1_pm_post_always,task003_symmetric,3,12.00000,1.00000,1.00000,false,2,0.00008,0.00000,0.00021,0.00004,0.00008,0.00000,0.00017,28.83000,0.99414,0.00007,0.04400,0.00300,,0.00000,0.99400,0.00000,,,,,,
sim1_pm_post_always,task003_symmetric,3,12.00000,1.00000,1.00000,truth,0,-0.00004,-0.00025,0.00017,-0.00004,0.99983,0.99987,0.00008,1.92600,0.06641,-0.00052,1.00000,1.00000,3.00000,0.99600,0.00000,0.99700,,,,,,
sim1_pm_post_always,task003_symmetric,3,12.00000,2.00000,0.75000,both,0,,,,,,,,,,,,,,,,,-0.12733,-0.13567,-0.11937,0.31067,0.30612,0.31502
sim1_pm_post_always,task003_symmetric,3,12.00000,2.00000,0.75000,both,1,,,,,,,,,,,,,,,,,-0.03246,-0.03811,-0.02700,-0.00825,-0.01115,-0.00548
sim1_pm_post_always,task003_symmetric,3,12.00000,2.00000,0.75000,both,2,,,,,,,,,,,,,,,,,0.15979,0.15146,0.16821,-0.30242,-0.30694,-0.29748
sim1_pm_post_always,task003_symmetric,3,12.00000,2.00000,0.75000,false,2,0.46221,0.45142,0.47308,-0.02421,0.70754,0.24533,0.08721,36.88000,0.63586,0.30079,0.95400,0.03700,9.00000,0.00500,0.00000,0.00000,,,,,,
sim1_pm_post_always,task003_symmetric,3,12.00000,2.00000,0.75000,truth,0,0.18333,0.17475,0.19134,-0.04071,0.82658,0.64325,0.07071,11.96400,0.20628,0.36777,1.00000,0.92000,3.00000,0.02400,0.00000,0.00000,,,,,,
sim1_pm_post_always,task003_symmetric,3,12.00000,2.00000,1.00000,both,0,,,,,,,,,,,,,,,,,-0.00006,-0.00025,0.00013,0.00015,0.00004,0.00027
sim1_pm_post_always,task003_symmetric,3,12.00000,2.00000,1.00000,both,1,,,,,,,,,,,,,,,,,-0.00008,-0.00025,0.00006,-0.00004,-0.00010,0.00000
sim1_pm_post_always,task003_symmetric,3,12.00000,2.00000,1.00000,both,2,,,,,,,,,,,,,,,,,0.00015,0.00004,0.00027,-0.00010,-0.00023,0.00000
sim1_pm_post_always,task003_symmetric,3,12.00000,2.00000,1.00000,false,2,0.00025,0.00008,0.00050,-0.00004,0.00025,0.00000,0.00008,57.18200,0.98590,0.00010,0.10400,0.00300,,0.00000,0.99200,0.00000,,,,,,
sim1_pm_post_always,task003_symmetric,3,12.00000,2.00000,1.00000,truth,0,0.00008,-0.00008,0.00025,-0.00013,0.99996,0.99987,0.00000,3.50400,0.06041,0.00057,1.00000,1.00000,3.00000,0.99900,0.00000,0.99700,,,,,,
sim1_pm_post_always,task003_symmetric,3,12.00000,3.00000,0.75000,both,0,,,,,,,,,,,,,,,,,-0.14235,-0.15027,-0.13470,0.31915,0.31508,0.32304
sim1_pm_post_always,task003_symmetric,3,12.00000,3.00000,0.75000,both,1,,,,,,,,,,,,,,,,,-0.02692,-0.03290,-0.02121,-0.01054,-0.01356,-0.00764
sim1_pm_post_always,task003_symmetric,3,12.00000,3.00000,0.75000,both,2,,,,,,,,,,,,,,,,,0.16927,0.16098,0.17711,-0.30860,-0.31327,-0.30415
sim1_pm_post_always,task003_symmetric,3,12.00000,3.00000,0.75000,false,2,0.47787,0.46762,0.48833,-0.01637,0.72321,0.24533,0.09504,51.93600,0.59697,0.22083,0.97700,0.03700,8.00000,0.00400,0.00000,0.00000,,,,,,
sim1_pm_post_always,task003_symmetric,3,12.00000,3.00000,0.75000,truth,0,0.17679,0.16879,0.18517,-0.03746,0.82004,0.64325,0.07396,17.74500,0.20397,0.23911,1.00000,0.92000,3.00000,0.01500,0.00000,0.00000,,,,,,
sim1_pm_post_always,task003_symmetric,3,12.00000,3.00000,1.00000,both,0,,,,,,,,,,,,,,,,,0.00002,-0.00015,0.00021,0.00002,-0.00008,0.00010
sim1_pm_post_always,task003_symmetric,3,12.00000,3.00000,1.00000,both,1,,,,,,,,,,,,,,,,,-0.00008,-0.00025,0.00006,0.00004,0.00000,0.00010
sim1_pm_post_always,task003_symmetric,3,12.00000,3.00000,1.00000,both,2,,,,,,,,,,,,,,,,,0.00006,0.00000,0.00015,-0.00006,-0.00015,0.00000
sim1_pm_post_always,task003_symmetric,3,12.00000,3.00000,1.00000,false,2,0.00013,0.00000,0.00029,-0.00013,0.00013,0.00000,0.00000,85.41600,0.98179,0.00004,0.12900,0.00300,,0.00000,0.99700,0.00000,,,,,,
sim1_pm_post_always,task003_symmetric,3,12.00000,3.00000,1.00000,truth,0,0.00004,-0.00012,0.00021,-0.00004,0.99992,0.99987,0.00008,5.21100,0.05990,0.00019,1.00000,1.00000,3.00000,0.99800,0.00000,0.99700,,,,,,
sim1_pm_post_always,task003_symmetric,3,12.00000,6.00000,0.75000,both,0,,,,,,,,,,,,,,,,,-0.14808,-0.15573,-0.13983,0.33154,0.32790,0.33517
sim1_pm_post_always,task003_symmetric,3,12.00000,6.00000,0.75000,both,1,,,,,,,,,,,,,,,,,-0.02631,-0.03215,-0.02079,-0.00956,-0.01269,-0.00665
sim1_pm_post_always,task003_symmetric,3,12.00000,6.00000,0.75000,both,2,,,,,,,,,,,,,,,,,0.17440,0.16606,0.18319,-0.32198,-0.32637,-0.31781
sim1_pm_post_always,task003_symmetric,3,12.00000,6.00000,0.75000,false,2,0.49637,0.48650,0.50667,-0.01675,0.74171,0.24533,0.09467,97.45800,0.56010,0.12224,0.98900,0.03700,8.00000,0.00600,0.00000,0.00000,,,,,,
sim1_pm_post_always,task003_symmetric,3,12.00000,6.00000,0.75000,truth,0,0.18346,0.17537,0.19200,-0.03587,0.82671,0.64325,0.07554,36.70200,0.21093,0.11997,1.00000,0.92000,4.00000,0.01400,0.00000,0.00000,,,,,,
sim1_pm_post_always,task003_symmetric,3,12.00000,6.00000,1.00000,both,0,,,,,,,,,,,,,,,,,-0.00017,-0.00040,0.00004,0.00025,0.00010,0.00042
sim1_pm_post_always,task003_symmetric,3,12.00000,6.00000,1.00000,both,1,,,,,,,,,,,,,,,,,-0.00010,-0.00025,0.00002,0.00002,0.00000,0.00006
sim1_pm_post_always,task003_symmetric,3,12.00000,6.00000,1.00000,both,2,,,,,,,,,,,,,,,,,0.00027,0.00012,0.00044,-0.00027,-0.00044,-0.00012
sim1_pm_post_always,task003_symmetric,3,12.00000,6.00000,1.00000,false,2,0.00054,0.00025,0.00087,-0.00013,0.00054,0.00000,0.00000,170.26200,0.97852,0.00008,0.16200,0.00300,,0.00000,0.98700,0.00000,,,,,,
sim1_pm_post_always,task003_symmetric,3,12.00000,6.00000,1.00000,truth,0,0.00008,-0.00008,0.00025,-0.00008,0.99996,0.99987,0.00004,10.85400,0.06238,0.00018,1.00000,1.00000,3.00000,0.99900,0.00000,0.99700,,,,,,
sim1_pm_post_always,task003_symmetric,3,12.00000,9.00000,0.75000,both,0,,,,,,,,,,,,,,,,,-0.15398,-0.16175,-0.14517,0.33581,0.33248,0.33910
sim1_pm_post_always,task003_symmetric,3,12.00000,9.00000,0.75000,both,1,,,,,,,,,,,,,,,,,-0.02425,-0.02956,-0.01808,-0.00142,-0.00465,0.00142
sim1_pm_post_always,task003_symmetric,3,12.00000,9.00000,0.75000,both,2,,,,,,,,,,,,,,,,,0.17823,0.16950,0.18602,-0.33440,-0.33813,-0.33060
sim1_pm_post_always,task003_symmetric,3,12.00000,9.00000,0.75000,false,2,0.51262,0.50254,0.52146,-0.02283,0.75796,0.24533,0.08858,132.81300,0.50886,0.09263,1.00000,0.03700,7.00000,0.00300,0.00000,0.00000,,,,,,
sim1_pm_post_always,task003_symmetric,3,12.00000,9.00000,0.75000,truth,0,0.18183,0.17346,0.19063,-0.02567,0.82508,0.64325,0.08575,54.24300,0.20783,0.08045,1.00000,0.92000,3.00000,0.02000,0.00000,0.00000,,,,,,
sim1_pm_post_always,task003_symmetric,3,12.00000,9.00000,1.00000,both,0,,,,,,,,,,,,,,,,,-0.00037,-0.00065,-0.00012,0.00050,0.00031,0.00073
sim1_pm_post_always,task003_symmetric,3,12.00000,9.00000,1.00000,both,1,,,,,,,,,,,,,,,,,-0.00013,-0.00029,0.00000,0.00000,0.00000,0.00000
sim1_pm_post_always,task003_symmetric,3,12.00000,9.00000,1.00000,both,2,,,,,,,,,,,,,,,,,0.00050,0.00031,0.00073,-0.00050,-0.00073,-0.00031
sim1_pm_post_always,task003_symmetric,3,12.00000,9.00000,1.00000,false,2,0.00100,0.00062,0.00146,-0.00013,0.00100,0.00000,0.00000,254.23200,0.97407,0.00009,0.17800,0.00300,,0.00000,0.97700,0.00000,,,,,,
sim1_pm_post_always,task003_symmetric,3,12.00000,9.00000,1.00000,truth,0,0.00012,0.00000,0.00029,-0.00013,1.00000,0.99987,0.00000,16.25400,0.06228,0.00018,1.00000,1.00000,3.00000,1.00000,0.00000,0.99700,,,,,,
sim1_pm_post_always,task003_symmetric,3,24.00000,1.00000,0.75000,both,0,,,,,,,,,,,,,,,,,-0.09321,-0.10298,-0.08425,0.23192,0.22652,0.23744
sim1_pm_post_always,task003_symmetric,3,24.00000,1.00000,0.75000,both,1,,,,,,,,,,,,,,,,,-0.02806,-0.03408,-0.02252,-0.00740,-0.01027,-0.00425
sim1_pm_post_always,task003_symmetric,3,24.00000,1.00000,0.75000,both,2,,,,,,,,,,,,,,,,,0.12127,0.11198,0.13073,-0.22452,-0.23017,-0.21881
sim1_pm_post_always,task003_symmetric,3,24.00000,1.00000,0.75000,false,2,0.34579,0.33321,0.35904,-0.02067,0.59113,0.24533,0.09075,24.57800,0.84752,0.33766,0.72500,0.03700,17.00000,0.00200,0.00000,0.00000,,,,,,
sim1_pm_post_always,task003_symmetric,3,24.00000,1.00000,0.75000,truth,0,0.13871,0.12945,0.14750,-0.03546,0.78196,0.64325,0.07596,3.61900,0.12479,0.91987,1.00000,0.92000,4.00000,0.01000,0.00000,0.00000,,,,,,
sim1_pm_post_always,task003_symmetric,3,24.00000,1.00000,1.00000,both,0,,,,,,,,,,,,,,,,,-0.00004,-0.00019,0.00010,0.00000,-0.00010,0.00010
sim1_pm_post_always,task003_symmetric,3,24.00000,1.00000,1.00000,both,1,,,,,,,,,,,,,,,,,-0.00004,-0.00017,0.00006,0.00000,-0.00008,0.00008
sim1_pm_post_always,task003_symmetric,3,24.00000,1.00000,1.00000,both,2,,,,,,,,,,,,,,,,,0.00008,0.00002,0.00017,0.00000,-0.00008,0.00008
sim1_pm_post_always,task003_symmetric,3,24.00000,1.00000,1.00000,false,2,0.00008,0.00000,0.00021,-0.00004,0.00008,0.00000,0.00008,28.94600,0.99814,0.00007,0.03500,0.00300,,0.00000,0.99600,0.00000,,,,,,
sim1_pm_post_always,task003_symmetric,3,24.00000,1.00000,1.00000,truth,0,-0.00004,-0.00021,0.00008,-0.00004,0.99983,0.99987,0.00008,0.91000,0.03138,-0.00110,1.00000,1.00000,3.00000,0.99600,0.00000,0.99700,,,,,,
sim1_pm_post_always,task003_symmetric,3,24.00000,2.00000,0.75000,both,0,,,,,,,,,,,,,,,,,-0.14075,-0.14838,-0.13248,0.28254,0.27825,0.28717
sim1_pm_post_always,task003_symmetric,3,24.00000,2.00000,0.75000,both,1,,,,,,,,,,,,,,,,,-0.02550,-0.03123,-0.01985,-0.00833,-0.01167,-0.00525
sim1_pm_post_always,task003_symmetric,3,24.00000,2.00000,0.75000,both,2,,,,,,,,,,,,,,,,,0.16625,0.15771,0.17500,-0.27421,-0.27921,-0.26962
sim1_pm_post_always,task003_symmetric,3,24.00000,2.00000,0.75000,false,2,0.44046,0.43021,0.45184,-0.01717,0.68579,0.24533,0.09425,42.63400,0.73507,0.24795,0.94100,0.03700,9.00000,0.00300,0.00000,0.00000,,,,,,
sim1_pm_post_always,task003_symmetric,3,24.00000,2.00000,0.75000,truth,0,0.14179,0.13379,0.15038,-0.03383,0.78504,0.64325,0.07758,5.89600,0.10166,0.57717,1.00000,0.92000,4.00000,0.00700,0.00000,0.00000,,,,,,
sim1_pm_post_always,task003_symmetric,3,24.00000,2.00000,1.00000,both,0,,,,,,,,,,,,,,,,,-0.00006,-0.00021,0.00008,0.00010,0.00000,0.00023
sim1_pm_post_always,task003_symmetric,3,24.00000,2.00000,1.00000,both,1,,,,,,,,,,,,,,,,,-0.00006,-0.00019,0.00002,0.00002,-0.00004,0.00008
sim1_pm_post_always,task003_symmetric,3,24.00000,2.00000,1.00000,both,2,,,,,,,,,,,,,,,,,0.00012,0.00004,0.00023,-0.00012,-0.00023,-0.00004
sim1_pm_post_always,task003_symmetric,3,24.00000,2.00000,1.00000,false,2,0.00025,0.00008,0.00046,-0.00008,0.00025,0.00000,0.00004,57.64000,0.99379,0.00010,0.09800,0.00300,,0.00000,0.99300,0.00000,,,,,,
sim1_pm_post_always,task003_symmetric,3,24.00000,2.00000,1.00000,truth,0,0.00004,0.00000,0.00012,-0.00004,0.99992,0.99987,0.00008,1.64600,0.02838,0.00061,1.00000,1.00000,3.00000,0.99800,0.00000,0.99700,,,,,,
sim1_pm_post_always,task003_symmetric,3,24.00000,3.00000,0.75000,both,0,,,,,,,,,,,,,,,,,-0.14775,-0.15596,-0.13923,0.29008,0.28537,0.29456
sim1_pm_post_always,task003_symmetric,3,24.00000,3.00000,0.75000,both,1,,,,,,,,,,,,,,,,,-0.02308,-0.02850,-0.01721,-0.01108,-0.01440,-0.00804
sim1_pm_post_always,task003_symmetric,3,24.00000,3.00000,0.75000,both,2,,,,,,,,,,,,,,,,,0.17083,0.16254,0.17956,-0.27900,-0.28394,-0.27396
sim1_pm_post_always,task003_symmetric,3,24.00000,3.00000,0.75000,false,2,0.44983,0.43858,0.46150,-0.01200,0.69517,0.24533,0.09942,61.69800,0.70917,0.17498,0.95100,0.03700,9.00000,0.00500,0.00000,0.00000,,,,,,
sim1_pm_post_always,task003_symmetric,3,24.00000,3.00000,0.75000,truth,0,0.14233,0.13437,0.15079,-0.03417,0.78558,0.64325,0.07725,8.66700,0.09962,0.39414,1.00000,0.92000,4.00000,0.00800,0.00000,0.00000,,,,,,
sim1_pm_post_always,task003_symmetric,3,24.00000,3.00000,1.00000,both,0,,,,,,,,,,,,,,,,,-0.00002,-0.00015,0.00013,0.00002,-0.00008,0.00012
sim1_pm_post_always,task003_symmetric,3,24.00000,3.00000,1.00000,both,1,,,,,,,,,,,,,,,,,-0.00006,-0.00019,0.00004,0.00006,0.00000,0.00015
sim1_pm_post_always,task003_symmetric,3,24.00000,3.00000,1.00000,both,2,,,,,,,,,,,,,,,,,0.00008,0.00002,0.00017,-0.00008,-0.00017,-0.00002
sim1_pm_post_always,task003_symmetric,3,24.00000,3.00000,1.00000,false,2,0.00017,0.00004,0.00033,-0.00013,0.00017,0.00000,0.00000,86.34900,0.99252,0.00005,0.10200,0.00300,,0.00000,0.99600,0.00000,,,,,,
sim1_pm_post_always,task003_symmetric,3,24.00000,3.00000,1.00000,truth,0,0.00000,-0.00012,0.00012,0.00000,0.99987,0.99987,0.00013,2.51400,0.02890,0.00000,1.00000,1.00000,3.00000,0.99700,0.00000,0.99700,,,,,,
sim1_pm_post_always,task003_symmetric,3,24.00000,6.00000,0.75000,both,0,,,,,,,,,,,,,,,,,-0.15760,-0.16536,-0.14983,0.31552,0.31154,0.31965
sim1_pm_post_always,task003_symmetric,3,24.00000,6.00000,0.75000,both,1,,,,,,,,,,,,,,,,,-0.02019,-0.02556,-0.01444,-0.01727,-0.02048,-0.01392
sim1_pm_post_always,task003_symmetric,3,24.00000,6.00000,0.75000,both,2,,,,,,,,,,,,,,,,,0.17779,0.16940,0.18602,-0.29825,-0.30290,-0.29348
sim1_pm_post_always,task003_symmetric,3,24.00000,6.00000,0.75000,false,2,0.47604,0.46566,0.48596,-0.00292,0.72137,0.24533,0.10850,115.52400,0.66393,0.09890,0.98500,0.03700,8.00000,0.00600,0.00000,0.00000,,,,,,
sim1_pm_post_always,task003_symmetric,3,24.00000,6.00000,0.75000,truth,0,0.15792,0.15017,0.16659,-0.03746,0.80117,0.64325,0.07396,19.95600,0.11469,0.18992,1.00000,0.92000,4.00000,0.01400,0.00000,0.00000,,,,,,
sim1_pm_post_always,task003_symmetric,3,24.00000,6.00000,1.00000,both,0,,,,,,,,,,,,,,,,,-0.00012,-0.00031,0.00004,0.00008,-0.00006,0.00025
sim1_pm_post_always,task003_symmetric,3,24.00000,6.00000,1.00000,both,1,,,,,,,,,,,,,,,,,-0.00006,-0.00017,0.00002,0.00006,0.00000,0.00015
sim1_pm_post_always,task003_symmetric,3,24.00000,6.00000,1.00000,both,2,,,,,,,,,,,,,,,,,0.00019,0.00006,0.00033,-0.00015,-0.00029,-0.00002
sim1_pm_post_always,task003_symmetric,3,24.00000,6.00000,1.00000,false,2,0.00033,0.00012,0.00063,-0.00013,0.00033,0.00000,0.00000,172.78800,0.99303,0.00005,0.10400,0.00300,,0.00000,0.99300,0.00000,,,,,,
sim1_pm_post_always,task003_symmetric,3,24.00000,6.00000,1.00000,truth,0,-0.00004,-0.00021,0.00008,0.00000,0.99983,0.99987,0.00013,5.20200,0.02990,-0.00019,1.00000,1.00000,3.00000,0.99600,0.00000,0.99700,,,,,,
sim1_pm_post_always,task003_symmetric,3,24.00000,9.00000,0.75000,both,0,,,,,,,,,,,,,,,,,-0.16567,-0.17323,-0.15744,0.32646,0.32277,0.33038
sim1_pm_post_always,task003_symmetric,3,24.00000,9.00000,0.75000,both,1,,,,,,,,,,,,,,,,,-0.02875,-0.03467,-0.02306,-0.00087,-0.00356,0.00229
sim1_pm_post_always,task003_symmetric,3,24.00000,9.00000,0.75000,both,2,,,,,,,,,,,,,,,,,0.19442,0.18647,0.20217,-0.32558,-0.32987,-0.32165
sim1_pm_post_always,task003_symmetric,3,24.00000,9.00000,0.75000,false,2,0.52000,0.51038,0.52933,-0.02788,0.76533,0.24533,0.08354,147.23100,0.56410,0.08476,1.00000,0.03700,7.00000,0.00900,0.00000,0.00000,,,,,,
sim1_pm_post_always,task003_symmetric,3,24.00000,9.00000,0.75000,truth,0,0.16079,0.15212,0.16950,-0.02962,0.80404,0.64325,0.08179,28.11600,0.10772,0.13725,1.00000,0.92000,4.00000,0.01000,0.00000,0.00000,,,,,,
sim1_pm_post_always,task003_symmetric,3,24.00000,9.00000,1.00000,both,0,,,,,,,,,,,,,,,,,-0.00054,-0.00083,-0.00029,0.00054,0.00031,0.00083
sim1_pm_post_always,task003_symmetric,3,24.00000,9.00000,1.00000,both,1,,,,,,,,,,,,,,,,,-0.00002,-0.00015,0.00008,0.00002,-0.00006,0.00010
sim1_pm_post_always,task003_symmetric,3,24.00000,9.00000,1.00000,both,2,,,,,,,,,,,,,,,,,0.00056,0.00033,0.00083,-0.00056,-0.00083,-0.00033
sim1_pm_post_always,task003_symmetric,3,24.00000,9.00000,1.00000,false,2,0.00112,0.00067,0.00167,-0.00004,0.00112,0.00000,0.00008,258.13800,0.98903,0.00010,0.15600,0.00300,,0.00000,0.97400,0.00000,,,,,,
sim1_pm_post_always,task003_symmetric,3,24.00000,9.00000,1.00000,truth,0,0.00000,-0.00012,0.00012,0.00000,0.99987,0.99987,0.00013,7.71300,0.02955,0.00000,1.00000,1.00000,3.00000,0.99700,0.00000,0.99700,,,,,,
sim1_pm_post_always,task003_symmetric,6,3.00000,1.00000,0.75000,both,0,,,,,,,,,,,,,,,,,-0.04337,-0.05169,-0.03568,0.13542,0.12966,0.14167
sim1_pm_post_always,task003_symmetric,6,3.00000,1.00000,0.75000,both,1,,,,,,,,,,,,,,,,,-0.01562,-0.01906,-0.01240,-0.00529,-0.00688,-0.00381
sim1_pm_post_always,task003_symmetric,6,3.00000,1.00000,0.75000,both,2,,,,,,,,,,,,,,,,,0.05900,0.05181,0.06669,-0.13013,-0.13629,-0.12427
sim1_pm_post_always,task003_symmetric,6,3.00000,1.00000,0.75000,false,2,0.18912,0.17779,0.20183,-0.01033,0.30596,0.11683,0.02783,27.45900,0.94686,0.16530,0.20100,0.01200,,0.00100,0.00700,0.00000,,,,,,
sim1_pm_post_always,task003_symmetric,6,3.00000,1.00000,0.75000,truth,0,0.09204,0.08541,0.09892,-0.02092,0.93704,0.84500,0.01725,6.71100,0.23141,0.32916,1.00000,0.99500,2.00000,0.24400,0.00000,0.04600,,,,,,
sim1_pm_post_always,task003_symmetric,6,3.00000,1.00000,1.00000,both,0,,,,,,,,,,,,,,,,,0.00000,0.00000,0.00000,0.00000,0.00000,0.00000
sim1_pm_post_always,task003_symmetric,6,3.00000,1.00000,1.00000,both,1,,,,,,,,,,,,,,,,,0.00000,0.00000,0.00000,0.00000,0.00000,0.00000
sim1_pm_post_always,task003_symmetric,6,3.00000,1.00000,1.00000,both,2,,,,,,,,,,,,,,,,,0.00000,0.00000,0.00000,0.00000,0.00000,0.00000
sim1_pm_post_always,task003_symmetric,6,3.00000,1.00000,1.00000,false,2,0.00000,0.00000,0.00000,0.00000,0.00000,0.00000,0.00000,28.90900,0.99686,0.00000,0.01200,0.00800,,0.00000,1.00000,0.00000,,,,,,
sim1_pm_post_always,task003_symmetric,6,3.00000,1.00000,1.00000,truth,0,0.00000,0.00000,0.00000,0.00000,1.00000,1.00000,0.00000,1.59000,0.05483,0.00000,1.00000,1.00000,2.00000,1.00000,0.00000,1.00000,,,,,,
sim1_pm_post_always,task003_symmetric,6,3.00000,2.00000,0.75000,both,0,,,,,,,,,,,,,,,,,-0.08958,-0.09825,-0.08065,0.19979,0.19248,0.20740
sim1_pm_post_always,task003_symmetric,6,3.00000,2.00000,0.75000,both,1,,,,,,,,,,,,,,,,,-0.01140,-0.01456,-0.00825,-0.00956,-0.01110,-0.00798
sim1_pm_post_always,task003_symmetric,6,3.00000,2.00000,0.75000,both,2,,,,,,,,,,,,,,,,,0.10098,0.09179,0.10957,-0.19023,-0.19810,-0.18291
sim1_pm_post_always,task003_symmetric,6,3.00000,2.00000,0.75000,false,2,0.29121,0.27554,0.30671,-0.00183,0.40804,0.11683,0.03633,51.02800,0.87979,0.13696,0.44800,0.01200,,0.00400,0.00200,0.00000,,,,,,
sim1_pm_post_always,task003_symmetric,6,3.00000,2.00000,0.75000,truth,0,0.11021,0.10321,0.11708,-0.02096,0.95521,0.84500,0.01721,10.74800,0.18531,0.24609,1.00000,0.99500,2.00000,0.34000,0.00000,0.04600,,,,,,
sim1_pm_post_always,task003_symmetric,6,3.00000,2.00000,1.00000,both,0,,,,,,,,,,,,,,,,,-0.00002,-0.00006,0.00000,0.00002,0.00000,0.00006
sim1_pm_post_always,task003_symmetric,6,3.00000,2.00000,1.00000,both,1,,,,,,,,,,,,,,,,,0.00000,0.00000,0.00000,0.00000,0.00000,0.00000
sim1_pm_post_always,task003_symmetric,6,3.00000,2.00000,1.00000,both,2,,,,,,,,,,,,,,,,,0.00002,0.00000,0.00006,-0.00002,-0.00006,0.00000
sim1_pm_post_always,task003_symmetric,6,3.00000,2.00000,1.00000,false,2,0.00004,0.00000,0.00013,0.00000,0.00004,0.00000,0.00000,57.70200,0.99486,0.00002,0.03800,0.00800,,0.00000,0.99900,0.00000,,,,,,
sim1_pm_post_always,task003_symmetric,6,3.00000,2.00000,1.00000,truth,0,0.00000,0.00000,0.00000,0.00000,1.00000,1.00000,0.00000,2.88000,0.04966,0.00000,1.00000,1.00000,2.00000,1.00000,0.00000,1.00000,,,,,,
sim1_pm_post_always,task003_symmetric,6,3.00000,3.00000,0.75000,both,0,,,,,,,,,,,,,,,,,-0.12921,-0.13888,-0.11958,0.24604,0.23788,0.25448
sim1_pm_post_always,task003_symmetric,6,3.00000,3.00000,0.75000,both,1,,,,,,,,,,,,,,,,,-0.01308,-0.01646,-0.00977,-0.00908,-0.01048,-0.00762
sim1_pm_post_always,task003_symmetric,6,3.00000,3.00000,0.75000,both,2,,,,,,,,,,,,,,,,,0.14229,0.13279,0.15225,-0.23696,-0.24600,-0.22856
sim1_pm_post_always,task003_symmetric,6,3.00000,3.00000,0.75000,false,2,0.37925,0.36229,0.39680,-0.00400,0.49608,0.11683,0.03417,71.58000,0.82276,0.12716,0.61400,0.01200,19.00000,0.01300,0.00100,0.00000,,,,,,
sim1_pm_post_always,task003_symmetric,6,3.00000,3.00000,0.75000,truth,0,0.11683,0.11079,0.12384,-0.02217,0.96183,0.84500,0.01600,14.33400,0.16476,0.19562,1.00000,0.99500,2.00000,0.42200,0.00000,0.04600,,,,,,
sim1_pm_post_always,task003_symmetric,6,3.00000,3.00000,1.00000,both,0,,,,,,,,,,,,,,,,,0.00000,0.00000,0.00000,0.00000,0.00000,0.00000
sim1_pm_post_always,task003_symmetric,6,3.00000,3.00000,1.00000,both,1,,,,,,,,,,,,,,,,,0.00000,0.00000,0.00000,0.00000,0.00000,0.00000
sim1_pm_post_always,task003_symmetric,6,3.00000,3.00000,1.00000,both,2,,,,,,,,,,,,,,,,,0.00000,0.00000,0.00000,0.00000,0.00000,0.00000
sim1_pm_post_always,task003_symmetric,6,3.00000,3.00000,1.00000,false,2,0.00000,0.00000,0.00000,0.00000,0.00000,0.00000,0.00000,86.30400,0.99200,0.00000,0.07100,0.00800,,0.00000,1.00000,0.00000,,,,,,
sim1_pm_post_always,task003_symmetric,6,3.00000,3.00000,1.00000,truth,0,0.00000,0.00000,0.00000,0.00000,1.00000,1.00000,0.00000,4.07400,0.04683,0.00000,1.00000,1.00000,2.00000,1.00000,0.00000,1.00000,,,,,,
sim1_pm_post_always,task003_symmetric,6,3.00000,6.00000,0.75000,both,0,,,,,,,,,,,,,,,,,-0.20742,-0.21594,-0.19852,0.32300,0.31633,0.32965
sim1_pm_post_always,task003_symmetric,6,3.00000,6.00000,0.75000,both,1,,,,,,,,,,,,,,,,,-0.01067,-0.01408,-0.00721,-0.00983,-0.01152,-0.00815
sim1_pm_post_always,task003_symmetric,6,3.00000,6.00000,0.75000,both,2,,,,,,,,,,,,,,,,,0.21808,0.20877,0.22681,-0.31317,-0.32025,-0.30602
sim1_pm_post_always,task003_symmetric,6,3.00000,6.00000,0.75000,false,2,0.53125,0.51558,0.54562,-0.00083,0.64808,0.11683,0.03733,127.84800,0.73476,0.09973,0.84600,0.01200,9.00000,0.03400,0.00000,0.00000,,,,,,
sim1_pm_post_always,task003_symmetric,6,3.00000,6.00000,0.75000,truth,0,0.11558,0.10921,0.12254,-0.02050,0.96058,0.84500,0.01767,28.59600,0.16434,0.09701,1.00000,0.99500,2.00000,0.40500,0.00000,0.04600,,,,,,
sim1_pm_post_always,task003_symmetric,6,3.00000,6.00000,1.00000,both,0,,,,,,,,,,,,,,,,,0.00000,0.00000,0.00000,0.00000,0.00000,0.00000
sim1_pm_post_always,task003_symmetric,6,3.00000,6.00000,1.00000,both,1,,,,,,,,,,,,,,,,,0.00000,0.00000,0.00000,0.00000,0.00000,0.00000
sim1_pm_post_always,task003_symmetric,6,3.00000,6.00000,1.00000,both,2,,,,,,,,,,,,,,,,,0.00000,0.00000,0.00000,0.00000,0.00000,0.00000
sim1_pm_post_always,task003_symmetric,6,3.00000,6.00000,1.00000,false,2,0.00000,0.00000,0.00000,0.00000,0.00000,0.00000,0.00000,172.63200,0.99214,0.00000,0.07000,0.00800,,0.00000,1.00000,0.00000,,,,,,
sim1_pm_post_always,task003_symmetric,6,3.00000,6.00000,1.00000,truth,0,0.00000,0.00000,0.00000,0.00000,1.00000,1.00000,0.00000,8.35800,0.04803,0.00000,1.00000,1.00000,2.00000,1.00000,0.00000,1.00000,,,,,,
sim1_pm_post_always,task003_symmetric,6,3.00000,9.00000,0.75000,both,0,,,,,,,,,,,,,,,,,-0.24781,-0.25638,-0.24031,0.36306,0.35750,0.36879
sim1_pm_post_always,task003_symmetric,6,3.00000,9.00000,0.75000,both,1,,,,,,,,,,,,,,,,,-0.01496,-0.01804,-0.01156,-0.00429,-0.00585,-0.00271
sim1_pm_post_always,task003_symmetric,6,3.00000,9.00000,0.75000,both,2,,,,,,,,,,,,,,,,,0.26277,0.25492,0.27117,-0.35877,-0.36509,-0.35281
sim1_pm_post_always,task003_symmetric,6,3.00000,9.00000,0.75000,false,2,0.62154,0.60908,0.63404,-0.01067,0.73838,0.11683,0.02750,174.15000,0.66724,0.08566,0.95100,0.01200,7.00000,0.03800,0.00000,0.00000,,,,,,
sim1_pm_post_always,task003_symmetric,6,3.00000,9.00000,0.75000,truth,0,0.11525,0.10812,0.12175,-0.01925,0.96025,0.84500,0.01892,44.18100,0.16928,0.06261,1.00000,0.99500,2.00000,0.38400,0.00000,0.04600,,,,,,
sim1_pm_post_always,task003_symmetric,6,3.00000,9.00000,1.00000,both,0,,,,,,,,,,,,,,,,,-0.00002,-0.00006,0.00000,0.00002,0.00000,0.00006
sim1_pm_post_always,task003_symmetric,6,3.00000,9.00000,1.00000,both,1,,,,,,,,,,,,,,,,,0.00000,0.00000,0.00000,0.00000,0.00000,0.00000
sim1_pm_post_always,task003_symmetric,6,3.00000,9.00000,1.00000,both,2,,,,,,,,,,,,,,,,,0.00002,0.00000,0.00006,-0.00002,-0.00006,0.00000
sim1_pm_post_always,task003_symmetric,6,3.00000,9.00000,1.00000,false,2,0.00004,0.00000,0.00013,0.00000,0.00004,0.00000,0.00000,258.86700,0.99183,0.00000,0.06300,0.00800,,0.00000,0.99900,0.00000,,,,,,
sim1_pm_post_always,task003_symmetric,6,3.00000,9.00000,1.00000,truth,0,0.00000,0.00000,0.00000,0.00000,1.00000,1.00000,0.00000,13.19400,0.05055,0.00000,1.00000,1.00000,2.00000,1.00000,0.00000,1.00000,,,,,,
sim1_pm_post_always,task003_symmetric,6,6.00000,1.00000,0.75000,both,0,,,,,,,,,,,,,,,,,-0.06377,-0.07232,-0.05506,0.15444,0.14760,0.16192
sim1_pm_post_always,task003_symmetric,6,6.00000,1.00000,0.75000,both,1,,,,,,,,,,,,,,,,,-0.01106,-0.01448,-0.00785,-0.00740,-0.00902,-0.00573
sim1_pm_post_always,task003_symmetric,6,6.00000,1.00000,0.75000,both,2,,,,,,,,,,,,,,,,,0.07483,0.06615,0.08340,-0.14704,-0.15432,-0.14058
sim1_pm_post_always,task003_symmetric,6,6.00000,1.00000,0.75000,false,2,0.22188,0.20804,0.23646,-0.00367,0.33871,0.11683,0.03450,27.06700,0.93334,0.19673,0.27100,0.01200,,0.00300,0.00300,0.00000,,,,,,
sim1_pm_post_always,task003_symmetric,6,6.00000,1.00000,0.75000,truth,0,0.09067,0.08379,0.09754,-0.01846,0.93567,0.84500,0.01971,3.50000,0.12069,0.62171,1.00000,0.99500,2.00000,0.25000,0.00000,0.04600,,,,,,
sim1_pm_post_always,task003_symmetric,6,6.00000,1.00000,1.00000,both,0,,,,,,,,,,,,,,,,,0.00000,0.00000,0.00000,0.00000,0.00000,0.00000
sim1_pm_post_always,task003_symmetric,6,6.00000,1.00000,1.00000,both,1,,,,,,,,,,,,,,,,,0.00000,0.00000,0.00000,0.00000,0.00000,0.00000
sim1_pm_post_always,task003_symmetric,6,6.00000,1.00000,1.00000,both,2,,,,,,,,,,,,,,,,,0.00000,0.00000,0.00000,0.00000,0.00000,0.00000
sim1_pm_post_always,task003_symmetric,6,6.00000,1.00000,1.00000,false,2,0.00000,0.00000,0.00000,0.00000,0.00000,0.00000,0.00000,28.94800,0.99821,0.00000,0.01500,0.00800,,0.00000,1.00000,0.00000,,,,,,
sim1_pm_post_always,task003_symmetric,6,6.00000,1.00000,1.00000,truth,0,0.00000,0.00000,0.00000,0.00000,1.00000,1.00000,0.00000,1.23800,0.04269,0.00000,1.00000,1.00000,2.00000,1.00000,0.00000,1.00000,,,,,,
sim1_pm_post_always,task003_symmetric,6,6.00000,2.00000,0.75000,both,0,,,,,,,,,,,,,,,,,-0.11515,-0.12473,-0.10610,0.21398,0.20625,0.22219
sim1_pm_post_always,task003_symmetric,6,6.00000,2.00000,0.75000,both,1,,,,,,,,,,,,,,,,,-0.00858,-0.01165,-0.00546,-0.00987,-0.01154,-0.00823
sim1_pm_post_always,task003_symmetric,6,6.00000,2.00000,0.75000,both,2,,,,,,,,,,,,,,,,,0.12373,0.11468,0.13275,-0.20410,-0.21206,-0.19625
sim1_pm_post_always,task003_symmetric,6,6.00000,2.00000,0.75000,false,2,0.32783,0.31242,0.34392,0.00129,0.44467,0.11683,0.03946,49.03600,0.84545,0.16045,0.53800,0.01200,27.00000,0.00600,0.00100,0.00000,,,,,,
sim1_pm_post_always,task003_symmetric,6,6.00000,2.00000,0.75000,truth,0,0.09883,0.09217,0.10575,-0.01846,0.94383,0.84500,0.01971,5.52200,0.09521,0.42955,1.00000,0.99500,2.00000,0.25800,0.00000,0.04600,,,,,,
sim1_pm_post_always,task003_symmetric,6,6.00000,2.00000,1.00000,both,0,,,,,,,,,,,,,,,,,-0.00002,-0.00006,0.00000,0.00002,0.00000,0.00006
sim1_pm_post_always,task003_symmetric,6,6.00000,2.00000,1.00000,both,1,,,,,,,,,,,,,,,,,0.00000,0.00000,0.00000,0.00000,0.00000,0.00000
sim1_pm_post_always,task003_symmetric,6,6.00000,2.00000,1.00000,both,2,,,,,,,,,,,,,,,,,0.00002,0.00000,0.00006,-0.00002,-0.00006,0.00000
sim1_pm_post_always,task003_symmetric,6,6.00000,2.00000,1.00000,false,2,0.00004,0.00000,0.00013,0.00000,0.00004,0.00000,0.00000,57.68400,0.99455,0.00002,0.04800,0.00800,,0.00000,0.99900,0.00000,,,,,,
sim1_pm_post_always,task003_symmetric,6,6.00000,2.00000,1.00000,truth,0,0.00000,0.00000,0.00000,0.00000,1.00000,1.00000,0.00000,2.19200,0.03779,0.00000,1.00000,1.00000,2.00000,1.00000,0.00000,1.00000,,,,,,
sim1_pm_post_always,task003_symmetric,6,6.00000,3.00000,0.75000,both,0,,,,,,,,,,,,,,,,,-0.13944,-0.14859,-0.13023,0.24090,0.23323,0.24904
sim1_pm_post_always,task003_symmetric,6,6.00000,3.00000,0.75000,both,1,,,,,,,,,,,,,,,,,-0.00840,-0.01175,-0.00494,-0.01023,-0.01192,-0.00865
sim1_pm_post_always,task003_symmetric,6,6.00000,3.00000,0.75000,both,2,,,,,,,,,,,,,,,,,0.14783,0.13829,0.15708,-0.23067,-0.23900,-0.22277
sim1_pm_post_always,task003_symmetric,6,6.00000,3.00000,0.75000,false,2,0.37850,0.36221,0.39529,0.00183,0.49533,0.11683,0.04000,69.87300,0.80314,0.13001,0.62900,0.01200,17.00000,0.01300,0.00100,0.00000,,,,,,
sim1_pm_post_always,task003_symmetric,6,6.00000,3.00000,0.75000,truth,0,0.10146,0.09504,0.10825,-0.01862,0.94646,0.84500,0.01954,7.43700,0.08548,0.32742,1.00000,0.99500,2.00000,0.30500,0.00000,0.04600,,,,,,
sim1_pm_post_always,task003_symmetric,6,6.00000,3.00000,1.00000,both,0,,,,,,,,,,,,,,,,,-0.00002,-0.00006,0.00000,0.00002,0.00000,0.00006
sim1_pm_post_always,task003_symmetric,6,6.00000,3.00000,1.00000,both,1,,,,,,,,,,,,,,,,,0.00000,0.00000,0.00000,0.00000,0.00000,0.00000
sim1_pm_post_always,task003_symmetric,6,6.00000,3.00000,1.00000,both,2,,,,,,,,,,,,,,,,,0.00002,0.00000,0.00006,-0.00002,-0.00006,0.00000
sim1_pm_post_always,task003_symmetric,6,6.00000,3.00000,1.00000,false,2,0.00004,0.00000,0.00013,0.00000,0.00004,0.00000,0.00000,86.28900,0.99183,0.00001,0.06900,0.00800,,0.00000,0.99900,0.00000,,,,,,
sim1_pm_post_always,task003_symmetric,6,6.00000,3.00000,1.00000,truth,0,0.00000,0.00000,0.00000,0.00000,1.00000,1.00000,0.00000,3.16200,0.03634,0.00000,1.00000,1.00000,2.00000,1.00000,0.00000,1.00000,,,,,,
sim1_pm_post_always,task003_symmetric,6,6.00000,6.00000,0.75000,both,0,,,,,,,,,,,,,,,,,-0.21448,-0.22317,-0.20558,0.31581,0.30894,0.32196
sim1_pm_post_always,task003_symmetric,6,6.00000,6.00000,0.75000,both,1,,,,,,,,,,,,,,,,,-0.00665,-0.00973,-0.00340,-0.01102,-0.01290,-0.00927
sim1_pm_post_always,task003_symmetric,6,6.00000,6.00000,0.75000,both,2,,,,,,,,,,,,,,,,,0.22112,0.21214,0.22973,-0.30479,-0.31146,-0.29765
sim1_pm_post_always,task003_symmetric,6,6.00000,6.00000,0.75000,false,2,0.52592,0.51071,0.54054,0.00437,0.64275,0.11683,0.04254,121.11600,0.69607,0.10421,0.86900,0.01200,8.00000,0.01800,0.00000,0.00000,,,,,,
sim1_pm_post_always,task003_symmetric,6,6.00000,6.00000,0.75000,truth,0,0.10133,0.09496,0.10813,-0.01767,0.94633,0.84500,0.02050,14.85600,0.08538,0.16370,1.00000,0.99500,2.00000,0.31000,0.00000,0.04600,,,,,,
sim1_pm_post_always,task003_symmetric,6,6.00000,6.00000,1.00000,both,0,,,,,,,,,,,,,,,,,0.00000,0.00000,0.00000,0.00000,0.00000,0.00000
sim1_pm_post_always,task003_symmetric,6,6.00000,6.00000,1.00000,both,1,,,,,,,,,,,,,,,,,0.00000,0.00000,0.00000,0.00000,0.00000,0.00000
sim1_pm_post_always,task003_symmetric,6,6.00000,6.00000,1.00000,both,2,,,,,,,,,,,,,,,,,0.00000,0.00000,0.00000,0.00000,0.00000,0.00000
sim1_pm_post_always,task003_symmetric,6,6.00000,6.00000,1.00000,false,2,0.00000,0.00000,0.00000,0.00000,0.00000,0.00000,0.00000,172.26600,0.99003,0.00000,0.08900,0.00800,,0.00000,1.00000,0.00000,,,,,,
sim1_pm_post_always,task003_symmetric,6,6.00000,6.00000,1.00000,truth,0,0.00000,0.00000,0.00000,0.00000,1.00000,1.00000,0.00000,6.55200,0.03766,0.00000,1.00000,1.00000,2.00000,1.00000,0.00000,1.00000,,,,,,
sim1_pm_post_always,task003_symmetric,6,6.00000,9.00000,0.75000,both,0,,,,,,,,,,,,,,,,,-0.24262,-0.25084,-0.23404,0.34621,0.34044,0.35202
sim1_pm_post_always,task003_symmetric,6,6.00000,9.00000,0.75000,both,1,,,,,,,,,,,,,,,,,-0.01329,-0.01640,-0.01008,-0.00338,-0.00496,-0.00185
sim1_pm_post_always,task003_symmetric,6,6.00000,9.00000,0.75000,both,2,,,,,,,,,,,,,,,,,0.25592,0.24763,0.26390,-0.34283,-0.34894,-0.33704
sim1_pm_post_always,task003_symmetric,6,6.00000,9.00000,0.75000,false,2,0.59875,0.58604,0.61171,-0.00992,0.71558,0.11683,0.02825,164.04300,0.62852,0.08760,0.95700,0.01200,7.00000,0.02900,0.00000,0.00000,,,,,,
sim1_pm_post_always,task003_symmetric,6,6.00000,9.00000,0.75000,truth,0,0.10358,0.09712,0.11042,-0.01667,0.94858,0.84500,0.02150,21.60900,0.08279,0.11504,1.00000,0.99500,2.00000,0.30500,0.00000,0.04600,,,,,,
sim1_pm_post_always,task003_symmetric,6,6.00000,9.00000,1.00000,both,0,,,,,,,,,,,,,,,,,-0.00002,-0.00006,0.00000,0.00002,0.00000,0.00006
sim1_pm_post_always,task003_symmetric,6,6.00000,9.00000,1.00000,both,1,,,,,,,,,,,,,,,,,0.00000,0.00000,0.00000,0.00000,0.00000,0.00000
sim1_pm_post_always,task003_symmetric,6,6.00000,9.00000,1.00000,both,2,,,,,,,,,,,,,,,,,0.00002,0.00000,0.00006,-0.00002,-0.00006,0.00000
sim1_pm_post_always,task003_symmetric,6,6.00000,9.00000,1.00000,false,2,0.00004,0.00000,0.00013,0.00000,0.00004,0.00000,0.00000,258.49800,0.99041,0.00000,0.08200,0.00800,,0.00000,0.99900,0.00000,,,,,,
sim1_pm_post_always,task003_symmetric,6,6.00000,9.00000,1.00000,truth,0,0.00000,0.00000,0.00000,0.00000,1.00000,1.00000,0.00000,10.02600,0.03841,0.00000,1.00000,1.00000,2.00000,1.00000,0.00000,1.00000,,,,,,
sim1_pm_post_always,task003_symmetric,6,12.00000,1.00000,0.75000,both,0,,,,,,,,,,,,,,,,,-0.07079,-0.07983,-0.06183,0.14321,0.13648,0.15011
sim1_pm_post_always,task003_symmetric,6,12.00000,1.00000,0.75000,both,1,,,,,,,,,,,,,,,,,-0.00883,-0.01240,-0.00560,-0.00408,-0.00569,-0.00242
sim1_pm_post_always,task003_symmetric,6,12.00000,1.00000,0.75000,both,2,,,,,,,,,,,,,,,,,0.07962,0.07092,0.08777,-0.13913,-0.14615,-0.13206
sim1_pm_post_always,task003_symmetric,6,12.00000,1.00000,0.75000,false,2,0.21875,0.20379,0.23267,-0.00475,0.33558,0.11683,0.03342,26.86800,0.92648,0.19540,0.28100,0.01200,,0.00200,0.00400,0.00000,,,,,,
sim1_pm_post_always,task003_symmetric,6,12.00000,1.00000,0.75000,truth,0,0.07242,0.06558,0.08008,-0.01292,0.91742,0.84500,0.02525,1.86100,0.06417,0.93391,1.00000,0.99500,2.00000,0.16400,0.00000,0.04600,,,,,,
sim1_pm_post_always,task003_symmetric,6,12.00000,1.00000,1.00000,both,0,,,,,,,,,,,,,,,,,0.00000,0.00000,0.00000,0.00000,0.00000,0.00000
sim1_pm_post_always,task003_symmetric,6,12.00000,1.00000,1.00000,both,1,,,,,,,,,,,,,,,,,0.00000,0.00000,0.00000,0.00000,0.00000,0.00000
sim1_pm_post_always,task003_symmetric,6,12.00000,1.00000,1.00000,both,2,,,,,,,,,,,,,,,,,0.00000,0.00000,0.00000,0.00000,0.00000,0.00000
sim1_pm_post_always,task003_symmetric,6,12.00000,1.00000,1.00000,false,2,0.00000,0.00000,0.00000,0.00000,0.00000,0.00000,0.00000,28.95100,0.99831,0.00000,0.01500,0.00800,,0.00000,1.00000,0.00000,,,,,,
sim1_pm_post_always,task003_symmetric,6,12.00000,1.00000,1.00000,truth,0,0.00000,0.00000,0.00000,0.00000,1.00000,1.00000,0.00000,0.92900,0.03203,0.00000,1.00000,1.00000,2.00000,1.00000,0.00000,1.00000,,,,,,
sim1_pm_post_always,task003_symmetric,6,12.00000,2.00000,0.75000,both,0,,,,,,,,,,,,,,,,,-0.11633,-0.12571,-0.10694,0.19133,0.18392,0.19994
sim1_pm_post_always,task003_symmetric,6,12.00000,2.00000,0.75000,both,1,,,,,,,,,,,,,,,,,-0.00815,-0.01115,-0.00483,-0.00523,-0.00696,-0.00363
sim1_pm_post_always,task003_symmetric,6,12.00000,2.00000,0.75000,both,2,,,,,,,,,,,,,,,,,0.12448,0.11581,0.13375,-0.18610,-0.19428,-0.17875
sim1_pm_post_always,task003_symmetric,6,12.00000,2.00000,0.75000,false,2,0.31058,0.29608,0.32638,-0.00292,0.42742,0.11683,0.03525,49.67000,0.85638,0.15007,0.50000,0.01200,30.00000,0.00700,0.00000,0.00000,,,,,,
sim1_pm_post_always,task003_symmetric,6,12.00000,2.00000,0.75000,truth,0,0.07500,0.06867,0.08146,-0.01337,0.92000,0.84500,0.02479,2.88800,0.04979,0.62327,1.00000,0.99500,2.00000,0.17400,0.00000,0.04600,,,,,,
sim1_pm_post_always,task003_symmetric,6,12.00000,2.00000,1.00000,both,0,,,,,,,,,,,,,,,,,0.00000,0.00000,0.00000,0.00000,0.00000,0.00000
sim1_pm_post_always,task003_symmetric,6,12.00000,2.00000,1.00000,both,1,,,,,,,,,,,,,,,,,0.00000,0.00000,0.00000,0.00000,0.00000,0.00000
sim1_pm_post_always,task003_symmetric,6,12.00000,2.00000,1.00000,both,2,,,,,,,,,,,,,,,,,0.00000,0.00000,0.00000,0.00000,0.00000,0.00000
sim1_pm_post_always,task003_symmetric,6,12.00000,2.00000,1.00000,false,2,0.00000,0.00000,0.00000,0.00000,0.00000,0.00000,0.00000,57.70200,0.99486,0.00000,0.05500,0.00800,,0.00000,1.00000,0.00000,,,,,,
sim1_pm_post_always,task003_symmetric,6,12.00000,2.00000,1.00000,truth,0,0.00000,0.00000,0.00000,0.00000,1.00000,1.00000,0.00000,1.71200,0.02952,0.00000,1.00000,1.00000,2.00000,1.00000,0.00000,1.00000,,,,,,
sim1_pm_post_always,task003_symmetric,6,12.00000,3.00000,0.75000,both,0,,,,,,,,,,,,,,,,,-0.11783,-0.12656,-0.10852,0.19867,0.19098,0.20665
sim1_pm_post_always,task003_symmetric,6,12.00000,3.00000,0.75000,both,1,,,,,,,,,,,,,,,,,-0.00627,-0.00958,-0.00321,-0.00852,-0.01023,-0.00677
sim1_pm_post_always,task003_symmetric,6,12.00000,3.00000,0.75000,both,2,,,,,,,,,,,,,,,,,0.12410,0.11496,0.13311,-0.19015,-0.19854,-0.18239
sim1_pm_post_always,task003_symmetric,6,12.00000,3.00000,0.75000,false,2,0.31425,0.29837,0.33009,0.00225,0.43108,0.11683,0.04042,73.09500,0.84017,0.10318,0.54800,0.01200,25.00000,0.00200,0.00200,0.00000,,,,,,
sim1_pm_post_always,task003_symmetric,6,12.00000,3.00000,0.75000,truth,0,0.08083,0.07383,0.08750,-0.01479,0.92583,0.84500,0.02337,4.12800,0.04745,0.46996,1.00000,0.99500,2.00000,0.19700,0.00000,0.04600,,,,,,
sim1_pm_post_always,task003_symmetric,6,12.00000,3.00000,1.00000,both,0,,,,,,,,,,,,,,,,,-0.00002,-0.00006,0.00000,0.00002,0.00000,0.00006
sim1_pm_post_always,task003_symmetric,6,12.00000,3.00000,1.00000,both,1,,,,,,,,,,,,,,,,,0.00000,0.00000,0.00000,0.00000,0.00000,0.00000
sim1_pm_post_always,task003_symmetric,6,12.00000,3.00000,1.00000,both,2,,,,,,,,,,,,,,,,,0.00002,0.00000,0.00006,-0.00002,-0.00006,0.00000
sim1_pm_post_always,task003_symmetric,6,12.00000,3.00000,1.00000,false,2,0.00004,0.00000,0.00013,0.00000,0.00004,0.00000,0.00000,86.41500,0.99328,0.00001,0.06300,0.00800,,0.00000,0.99900,0.00000,,,,,,
sim1_pm_post_always,task003_symmetric,6,12.00000,3.00000,1.00000,truth,0,0.00000,0.00000,0.00000,0.00000,1.00000,1.00000,0.00000,2.49600,0.02869,0.00000,1.00000,1.00000,2.00000,1.00000,0.00000,1.00000,,,,,,
sim1_pm_post_always,task003_symmetric,6,12.00000,6.00000,0.75000,both,0,,,,,,,,,,,,,,,,,-0.20342,-0.21131,-0.19479,0.28642,0.27971,0.29275
sim1_pm_post_always,task003_symmetric,6,12.00000,6.00000,0.75000,both,1,,,,,,,,,,,,,,,,,-0.00402,-0.00742,-0.00100,-0.00923,-0.01133,-0.00723
sim1_pm_post_always,task003_symmetric,6,12.00000,6.00000,0.75000,both,2,,,,,,,,,,,,,,,,,0.20744,0.19852,0.21583,-0.27719,-0.28444,-0.26969
sim1_pm_post_always,task003_symmetric,6,12.00000,6.00000,0.75000,false,2,0.48462,0.46979,0.49871,0.00521,0.60146,0.11683,0.04337,125.04600,0.71866,0.09301,0.82300,0.01200,10.00000,0.01700,0.00000,0.00000,,,,,,
sim1_pm_post_always,task003_symmetric,6,12.00000,6.00000,0.75000,truth,0,0.08300,0.07637,0.08975,-0.01325,0.92800,0.84500,0.02492,8.34600,0.04797,0.23868,1.00000,0.99500,2.00000,0.21300,0.00000,0.04600,,,,,,
sim1_pm_post_always,task003_symmetric,6,12.00000,6.00000,1.00000,both,0,,,,,,,,,,,,,,,,,0.00000,0.00000,0.00000,0.00000,0.00000,0.00000
sim1_pm_post_always,task003_symmetric,6,12.00000,6.00000,1.00000,both,1,,,,,,,,,,,,,,,,,0.00000,0.00000,0.00000,0.00000,0.00000,0.00000
sim1_pm_post_always,task003_symmetric,6,12.00000,6.00000,1.00000,both,2,,,,,,,,,,,,,,,,,0.00000,0.00000,0.00000,0.00000,0.00000,0.00000
sim1_pm_post_always,task003_symmetric,6,12.00000,6.00000,1.00000,false,2,0.00000,0.00000,0.00000,0.00000,0.00000,0.00000,0.00000,172.66200,0.99231,0.00000,0.07000,0.00800,,0.00000,1.00000,0.00000,,,,,,
sim1_pm_post_always,task003_symmetric,6,12.00000,6.00000,1.00000,truth,0,0.00000,0.00000,0.00000,0.00000,1.00000,1.00000,0.00000,5.12400,0.02945,0.00000,1.00000,1.00000,2.00000,1.00000,0.00000,1.00000,,,,,,
sim1_pm_post_always,task003_symmetric,6,12.00000,9.00000,0.75000,both,0,,,,,,,,,,,,,,,,,-0.24008,-0.24831,-0.23138,0.33213,0.32656,0.33846
sim1_pm_post_always,task003_symmetric,6,12.00000,9.00000,0.75000,both,1,,,,,,,,,,,,,,,,,-0.01221,-0.01550,-0.00919,-0.00283,-0.00429,-0.00115
sim1_pm_post_always,task003_symmetric,6,12.00000,9.00000,0.75000,both,2,,,,,,,,,,,,,,,,,0.25229,0.24410,0.26111,-0.32929,-0.33583,-0.32354
sim1_pm_post_always,task003_symmetric,6,12.00000,9.00000,0.75000,false,2,0.58158,0.56908,0.59513,-0.00938,0.69842,0.11683,0.02879,161.44200,0.61855,0.08646,0.94200,0.01200,7.00000,0.01700,0.00000,0.00000,,,,,,
sim1_pm_post_always,task003_symmetric,6,12.00000,9.00000,0.75000,truth,0,0.09204,0.08512,0.09917,-0.01504,0.93704,0.84500,0.02312,11.66400,0.04469,0.18939,1.00000,0.99500,2.00000,0.24400,0.00000,0.04600,,,,,,
sim1_pm_post_always,task003_symmetric,6,12.00000,9.00000,1.00000,both,0,,,,,,,,,,,,,,,,,0.00000,0.00000,0.00000,0.00000,0.00000,0.00000
sim1_pm_post_always,task003_symmetric,6,12.00000,9.00000,1.00000,both,1,,,,,,,,,,,,,,,,,0.00000,0.00000,0.00000,0.00000,0.00000,0.00000
sim1_pm_post_always,task003_symmetric,6,12.00000,9.00000,1.00000,both,2,,,,,,,,,,,,,,,,,0.00000,0.00000,0.00000,0.00000,0.00000,0.00000
sim1_pm_post_always,task003_symmetric,6,12.00000,9.00000,1.00000,false,2,0.00000,0.00000,0.00000,0.00000,0.00000,0.00000,0.00000,258.94800,0.99214,0.00000,0.07600,0.00800,,0.00000,1.00000,0.00000,,,,,,
sim1_pm_post_always,task003_symmetric,6,12.00000,9.00000,1.00000,truth,0,0.00000,0.00000,0.00000,0.00000,1.00000,1.00000,0.00000,7.61400,0.02917,0.00000,1.00000,1.00000,2.00000,1.00000,0.00000,1.00000,,,,,,
sim1_pm_post_always,task003_symmetric,6,24.00000,1.00000,0.75000,both,0,,,,,,,,,,,,,,,,,-0.02331,-0.03017,-0.01625,0.06173,0.05521,0.06860
sim1_pm_post_always,task003_symmetric,6,24.00000,1.00000,0.75000,both,1,,,,,,,,,,,,,,,,,-0.01071,-0.01327,-0.00835,0.00521,0.00352,0.00688
sim1_pm_post_always,task003_symmetric,6,24.00000,1.00000,0.75000,both,2,,,,,,,,,,,,,,,,,0.03402,0.02698,0.04115,-0.06694,-0.07340,-0.06069
sim1_pm_post_always,task003_symmetric,6,24.00000,1.00000,0.75000,false,2,0.10096,0.08908,0.11334,-0.01592,0.21779,0.11683,0.02225,27.91700,0.96266,0.08679,0.15700,0.01200,,0.00000,0.02500,0.00000,,,,,,
sim1_pm_post_always,task003_symmetric,6,24.00000,1.00000,0.75000,truth,0,0.03842,0.03267,0.04450,-0.00550,0.88342,0.84500,0.03267,0.57700,0.01990,1.59792,1.00000,0.99500,2.00000,0.09000,0.00000,0.04600,,,,,,
sim1_pm_post_always,task003_symmetric,6,24.00000,1.00000,1.00000,both,0,,,,,,,,,,,,,,,,,0.00000,0.00000,0.00000,0.00000,0.00000,0.00000
sim1_pm_post_always,task003_symmetric,6,24.00000,1.00000,1.00000,both,1,,,,,,,,,,,,,,,,,0.00000,0.00000,0.00000,0.00000,0.00000,0.00000
sim1_pm_post_always,task003_symmetric,6,24.00000,1.00000,1.00000,both,2,,,,,,,,,,,,,,,,,0.00000,0.00000,0.00000,0.00000,0.00000,0.00000
sim1_pm_post_always,task003_symmetric,6,24.00000,1.00000,1.00000,false,2,0.00000,0.00000,0.00000,0.00000,0.00000,0.00000,0.00000,28.97700,0.99921,0.00000,0.01900,0.00800,,0.00000,1.00000,0.00000,,,,,,
sim1_pm_post_always,task003_symmetric,6,24.00000,1.00000,1.00000,truth,0,0.00000,0.00000,0.00000,0.00000,1.00000,1.00000,0.00000,0.27800,0.00959,0.00000,1.00000,1.00000,2.00000,1.00000,0.00000,1.00000,,,,,,
sim1_pm_post_always,task003_symmetric,6,24.00000,2.00000,0.75000,both,0,,,,,,,,,,,,,,,,,-0.07275,-0.08125,-0.06402,0.11562,0.10808,0.12317
sim1_pm_post_always,task003_symmetric,6,24.00000,2.00000,0.75000,both,1,,,,,,,,,,,,,,,,,-0.01158,-0.01413,-0.00896,0.00338,0.00185,0.00527
sim1_pm_post_always,task003_symmetric,6,24.00000,2.00000,0.75000,both,2,,,,,,,,,,,,,,,,,0.08433,0.07606,0.09253,-0.11900,-0.12627,-0.11160
sim1_pm_post_always,task003_symmetric,6,24.00000,2.00000,0.75000,false,2,0.20333,0.18841,0.21858,-0.01496,0.32017,0.11683,0.02321,53.54400,0.92317,0.09114,0.31100,0.01200,,0.00200,0.01200,0.00000,,,,,,
sim1_pm_post_always,task003_symmetric,6,24.00000,2.00000,0.75000,truth,0,0.04287,0.03725,0.04846,-0.00821,0.88787,0.84500,0.02996,1.01800,0.01755,1.01081,1.00000,0.99500,2.00000,0.09000,0.00000,0.04600,,,,,,
sim1_pm_post_always,task003_symmetric,6,24.00000,2.00000,1.00000,both,0,,,,,,,,,,,,,,,,,-0.00002,-0.00006,0.00000,0.00002,0.00000,0.00006
sim1_pm_post_always,task003_symmetric,6,24.00000,2.00000,1.00000,both,1,,,,,,,,,,,,,,,,,0.00000,0.00000,0.00000,0.00000,0.00000,0.00000
sim1_pm_post_always,task003_symmetric,6,24.00000,2.00000,1.00000,both,2,,,,,,,,,,,,,,,,,0.00002,0.00000,0.00006,-0.00002,-0.00006,0.00000
sim1_pm_post_always,task003_symmetric,6,24.00000,2.00000,1.00000,false,2,0.00004,0.00000,0.00013,0.00000,0.00004,0.00000,0.00000,57.83800,0.99721,0.00002,0.05300,0.00800,,0.00000,0.99900,0.00000,,,,,,
sim1_pm_post_always,task003_symmetric,6,24.00000,2.00000,1.00000,truth,0,0.00000,0.00000,0.00000,0.00000,1.00000,1.00000,0.00000,0.55600,0.00959,0.00000,1.00000,1.00000,2.00000,1.00000,0.00000,1.00000,,,,,,
sim1_pm_post_always,task003_symmetric,6,24.00000,3.00000,0.75000,both,0,,,,,,,,,,,,,,,,,-0.07402,-0.08227,-0.06569,0.11956,0.11208,0.12677
sim1_pm_post_always,task003_symmetric,6,24.00000,3.00000,0.75000,both,1,,,,,,,,,,,,,,,,,-0.00833,-0.01102,-0.00585,-0.00079,-0.00240,0.00104
sim1_pm_post_always,task003_symmetric,6,24.00000,3.00000,0.75000,both,2,,,,,,,,,,,,,,,,,0.08235,0.07504,0.08994,-0.11877,-0.12669,-0.11127
sim1_pm_post_always,task003_symmetric,6,24.00000,3.00000,0.75000,false,2,0.20113,0.18746,0.21521,-0.00754,0.31796,0.11683,0.03062,80.05200,0.92014,0.06030,0.31100,0.01200,,0.00400,0.00500,0.00000,,,,,,
sim1_pm_post_always,task003_symmetric,6,24.00000,3.00000,0.75000,truth,0,0.04554,0.03979,0.05133,-0.00912,0.89054,0.84500,0.02904,1.52100,0.01748,0.71861,1.00000,0.99500,2.00000,0.10000,0.00000,0.04600,,,,,,
sim1_pm_post_always,task003_symmetric,6,24.00000,3.00000,1.00000,both,0,,,,,,,,,,,,,,,,,-0.00002,-0.00006,0.00000,0.00002,0.00000,0.00006
sim1_pm_post_always,task003_symmetric,6,24.00000,3.00000,1.00000,both,1,,,,,,,,,,,,,,,,,0.00000,0.00000,0.00000,0.00000,0.00000,0.00000
sim1_pm_post_always,task003_symmetric,6,24.00000,3.00000,1.00000,both,2,,,,,,,,,,,,,,,,,0.00002,0.00000,0.00006,-0.00002,-0.00006,0.00000
sim1_pm_post_always,task003_symmetric,6,24.00000,3.00000,1.00000,false,2,0.00004,0.00000,0.00013,0.00000,0.00004,0.00000,0.00000,86.78400,0.99752,0.00001,0.04600,0.00800,,0.00000,0.99900,0.00000,,,,,,
sim1_pm_post_always,task003_symmetric,6,24.00000,3.00000,1.00000,truth,0,0.00000,0.00000,0.00000,0.00000,1.00000,1.00000,0.00000,0.85200,0.00979,0.00000,1.00000,1.00000,2.00000,1.00000,0.00000,1.00000,,,,,,
sim1_pm_post_always,task003_symmetric,6,24.00000,6.00000,0.75000,both,0,,,,,,,,,,,,,,,,,-0.22042,-0.22961,-0.21245,0.26638,0.25925,0.27354
sim1_pm_post_always,task003_symmetric,6,24.00000,6.00000,0.75000,both,1,,,,,,,,,,,,,,,,,-0.00452,-0.00725,-0.00175,-0.00302,-0.00485,-0.00112
sim1_pm_post_always,task003_symmetric,6,24.00000,6.00000,0.75000,both,2,,,,,,,,,,,,,,,,,0.22494,0.21752,0.23367,-0.26335,-0.27073,-0.25600
sim1_pm_post_always,task003_symmetric,6,24.00000,6.00000,0.75000,false,2,0.48829,0.47371,0.50401,-0.00150,0.60513,0.11683,0.03667,133.68600,0.76831,0.08766,0.83300,0.01200,11.00000,0.01300,0.00000,0.00000,,,,,,
sim1_pm_post_always,task003_symmetric,6,24.00000,6.00000,0.75000,truth,0,0.04596,0.04050,0.05204,-0.00754,0.89096,0.84500,0.03062,3.00000,0.01724,0.36767,1.00000,0.99500,2.00000,0.10800,0.00000,0.04600,,,,,,
sim1_pm_post_always,task003_symmetric,6,24.00000,6.00000,1.00000,both,0,,,,,,,,,,,,,,,,,0.00000,0.00000,0.00000,0.00000,0.00000,0.00000
sim1_pm_post_always,task003_symmetric,6,24.00000,6.00000,1.00000,both,1,,,,,,,,,,,,,,,,,0.00000,0.00000,0.00000,0.00000,0.00000,0.00000
sim1_pm_post_always,task003_symmetric,6,24.00000,6.00000,1.00000,both,2,,,,,,,,,,,,,,,,,0.00000,0.00000,0.00000,0.00000,0.00000,0.00000
sim1_pm_post_always,task003_symmetric,6,24.00000,6.00000,1.00000,false,2,0.00000,0.00000,0.00000,0.00000,0.00000,0.00000,0.00000,173.49600,0.99710,0.00000,0.05300,0.00800,,0.00000,1.00000,0.00000,,,,,,
sim1_pm_post_always,task003_symmetric,6,24.00000,6.00000,1.00000,truth,0,0.00000,0.00000,0.00000,0.00000,1.00000,1.00000,0.00000,1.66200,0.00955,0.00000,1.00000,1.00000,2.00000,1.00000,0.00000,1.00000,,,,,,
sim1_pm_post_always,task003_symmetric,6,24.00000,9.00000,0.75000,both,0,,,,,,,,,,,,,,,,,-0.26796,-0.27512,-0.26100,0.31833,0.31272,0.32421
sim1_pm_post_always,task003_symmetric,6,24.00000,9.00000,0.75000,both,1,,,,,,,,,,,,,,,,,-0.00544,-0.00810,-0.00287,-0.00085,-0.00260,0.00102
sim1_pm_post_always,task003_symmetric,6,24.00000,9.00000,0.75000,both,2,,,,,,,,,,,,,,,,,0.27340,0.26612,0.28059,-0.31748,-0.32394,-0.31135
sim1_pm_post_always,task003_symmetric,6,24.00000,9.00000,0.75000,false,2,0.59088,0.57812,0.60368,-0.00458,0.70771,0.11683,0.03358,170.28900,0.65245,0.08328,0.98000,0.01200,8.00000,0.02500,0.00000,0.00000,,,,,,
sim1_pm_post_always,task003_symmetric,6,24.00000,9.00000,0.75000,truth,0,0.05038,0.04483,0.05605,-0.00629,0.89538,0.84500,0.03188,4.50900,0.01728,0.26813,1.00000,0.99500,2.00000,0.13600,0.00000,0.04600,,,,,,
sim1_pm_post_always,task003_symmetric,6,24.00000,9.00000,1.00000,both,0,,,,,,,,,,,,,,,,,0.00000,0.00000,0.00000,0.00000,0.00000,0.00000
sim1_pm_post_always,task003_symmetric,6,24.00000,9.00000,1.00000,both,1,,,,,,,,,,,,,,,,,0.00000,0.00000,0.00000,0.00000,0.00000,0.00000
sim1_pm_post_always,task003_symmetric,6,24.00000,9.00000,1.00000,both,2,,,,,,,,,,,,,,,,,0.00000,0.00000,0.00000,0.00000,0.00000,0.00000
sim1_pm_post_always,task003_symmetric,6,24.00000,9.00000,1.00000,false,2,0.00000,0.00000,0.00000,0.00000,0.00000,0.00000,0.00000,260.01900,0.99624,0.00000,0.06300,0.00800,,0.00000,1.00000,0.00000,,,,,,
sim1_pm_post_always,task003_symmetric,6,24.00000,9.00000,1.00000,truth,0,0.00000,0.00000,0.00000,0.00000,1.00000,1.00000,0.00000,2.46600,0.00945,0.00000,1.00000,1.00000,2.00000,1.00000,0.00000,1.00000,,,,,,
sim1_pm_post_always,task003_symmetric,12,3.00000,1.00000,0.75000,both,0,,,,,,,,,,,,,,,,,-0.01202,-0.01637,-0.00768,0.03773,0.03458,0.04104
sim1_pm_post_always,task003_symmetric,12,3.00000,1.00000,0.75000,both,1,,,,,,,,,,,,,,,,,-0.00392,-0.00592,-0.00210,-0.00083,-0.00181,0.00019
sim1_pm_post_always,task003_symmetric,12,3.00000,1.00000,0.75000,both,2,,,,,,,,,,,,,,,,,0.01594,0.01187,0.02040,-0.03690,-0.04023,-0.03381
sim1_pm_post_always,task003_symmetric,12,3.00000,1.00000,0.75000,false,2,0.05283,0.04617,0.05971,-0.00308,0.09650,0.04367,0.01150,28.80400,0.99324,0.04402,0.02500,0.01100,,0.00100,0.12500,0.00000,,,,,,
sim1_pm_post_always,task003_symmetric,12,3.00000,1.00000,0.75000,truth,0,0.02571,0.02204,0.02946,-0.00475,0.96746,0.94175,0.00983,3.58700,0.12369,0.17201,1.00000,0.99900,2.00000,0.48100,0.00000,0.28700,,,,,,
sim1_pm_post_always,task003_symmetric,12,3.00000,1.00000,1.00000,both,0,,,,,,,,,,,,,,,,,0.00000,0.00000,0.00000,0.00000,0.00000,0.00000
sim1_pm_post_always,task003_symmetric,12,3.00000,1.00000,1.00000,both,1,,,,,,,,,,,,,,,,,0.00000,0.00000,0.00000,0.00000,0.00000,0.00000
sim1_pm_post_always,task003_symmetric,12,3.00000,1.00000,1.00000,both,2,,,,,,,,,,,,,,,,,0.00000,0.00000,0.00000,0.00000,0.00000,0.00000
sim1_pm_post_always,task003_symmetric,12,3.00000,1.00000,1.00000,false,2,0.00000,0.00000,0.00000,0.00000,0.00000,0.00000,0.00000,28.96500,0.99879,0.00000,0.01000,0.00900,,0.00000,1.00000,0.00000,,,,,,
sim1_pm_post_always,task003_symmetric,12,3.00000,1.00000,1.00000,truth,0,0.00000,0.00000,0.00000,0.00000,1.00000,1.00000,0.00000,0.87600,0.03021,0.00000,1.00000,1.00000,2.00000,1.00000,0.00000,1.00000,,,,,,
sim1_pm_post_always,task003_symmetric,12,3.00000,2.00000,0.75000,both,0,,,,,,,,,,,,,,,,,-0.01821,-0.02304,-0.01325,0.05113,0.04721,0.05506
sim1_pm_post_always,task003_symmetric,12,3.00000,2.00000,0.75000,both,1,,,,,,,,,,,,,,,,,-0.00442,-0.00625,-0.00265,-0.00104,-0.00196,-0.00006
sim1_pm_post_always,task003_symmetric,12,3.00000,2.00000,0.75000,both,2,,,,,,,,,,,,,,,,,0.02262,0.01785,0.02719,-0.05008,-0.05388,-0.04615
sim1_pm_post_always,task003_symmetric,12,3.00000,2.00000,0.75000,false,2,0.07271,0.06471,0.08046,-0.00337,0.11638,0.04367,0.01121,57.29600,0.98786,0.03046,0.06300,0.01100,,0.00000,0.09700,0.00000,,,,,,
sim1_pm_post_always,task003_symmetric,12,3.00000,2.00000,0.75000,truth,0,0.03292,0.02921,0.03675,-0.00546,0.97467,0.94175,0.00912,6.09400,0.10507,0.12964,1.00000,0.99900,2.00000,0.57400,0.00000,0.28700,,,,,,
sim1_pm_post_always,task003_symmetric,12,3.00000,2.00000,1.00000,both,0,,,,,,,,,,,,,,,,,0.00000,0.00000,0.00000,0.00000,0.00000,0.00000
sim1_pm_post_always,task003_symmetric,12,3.00000,2.00000,1.00000,both,1,,,,,,,,,,,,,,,,,0.00000,0.00000,0.00000,0.00000,0.00000,0.00000
sim1_pm_post_always,task003_symmetric,12,3.00000,2.00000,1.00000,both,2,,,,,,,,,,,,,,,,,0.00000,0.00000,0.00000,0.00000,0.00000,0.00000
sim1_pm_post_always,task003_symmetric,12,3.00000,2.00000,1.00000,false,2,0.00000,0.00000,0.00000,0.00000,0.00000,0.00000,0.00000,57.90600,0.99838,0.00000,0.01500,0.00900,,0.00000,1.00000,0.00000,,,,,,
sim1_pm_post_always,task003_symmetric,12,3.00000,2.00000,1.00000,truth,0,0.00000,0.00000,0.00000,0.00000,1.00000,1.00000,0.00000,1.63000,0.02810,0.00000,1.00000,1.00000,2.00000,1.00000,0.00000,1.00000,,,,,,
sim1_pm_post_always,task003_symmetric,12,3.00000,3.00000,0.75000,both,0,,,,,,,,,,,,,,,,,-0.01979,-0.02517,-0.01510,0.05833,0.05443,0.06258
sim1_pm_post_always,task003_symmetric,12,3.00000,3.00000,0.75000,both,1,,,,,,,,,,,,,,,,,-0.00504,-0.00681,-0.00327,-0.00154,-0.00242,-0.00063
sim1_pm_post_always,task003_symmetric,12,3.00000,3.00000,0.75000,both,2,,,,,,,,,,,,,,,,,0.02483,0.02017,0.02990,-0.05679,-0.06125,-0.05283
sim1_pm_post_always,task003_symmetric,12,3.00000,3.00000,0.75000,false,2,0.08163,0.07350,0.09079,-0.00350,0.12529,0.04367,0.01108,85.35300,0.98107,0.02295,0.08800,0.01100,,0.00100,0.08700,0.00000,,,,,,
sim1_pm_post_always,task003_symmetric,12,3.00000,3.00000,0.75000,truth,0,0.03854,0.03496,0.04212,-0.00658,0.98029,0.94175,0.00800,8.14800,0.09366,0.11352,1.00000,0.99900,2.00000,0.64200,0.00000,0.28700,,,,,,
sim1_pm_post_always,task003_symmetric,12,3.00000,3.00000,1.00000,both,0,,,,,,,,,,,,,,,,,0.00000,0.00000,0.00000,0.00000,0.00000,0.00000
sim1_pm_post_always,task003_symmetric,12,3.00000,3.00000,1.00000,both,1,,,,,,,,,,,,,,,,,0.00000,0.00000,0.00000,0.00000,0.00000,0.00000
sim1_pm_post_always,task003_symmetric,12,3.00000,3.00000,1.00000,both,2,,,,,,,,,,,,,,,,,0.00000,0.00000,0.00000,0.00000,0.00000,0.00000
sim1_pm_post_always,task003_symmetric,12,3.00000,3.00000,1.00000,false,2,0.00000,0.00000,0.00000,0.00000,0.00000,0.00000,0.00000,86.81400,0.99786,0.00000,0.03000,0.00900,,0.00000,1.00000,0.00000,,,,,,
sim1_pm_post_always,task003_symmetric,12,3.00000,3.00000,1.00000,truth,0,0.00000,0.00000,0.00000,0.00000,1.00000,1.00000,0.00000,2.32200,0.02669,0.00000,1.00000,1.00000,2.00000,1.00000,0.00000,1.00000,,,,,,
sim1_pm_post_always,task003_symmetric,12,3.00000,6.00000,0.75000,both,0,,,,,,,,,,,,,,,,,-0.03196,-0.03679,-0.02675,0.07121,0.06702,0.07533
sim1_pm_post_always,task003_symmetric,12,3.00000,6.00000,0.75000,both,1,,,,,,,,,,,,,,,,,-0.00373,-0.00558,-0.00190,-0.00273,-0.00379,-0.00171
sim1_pm_post_always,task003_symmetric,12,3.00000,6.00000,0.75000,both,2,,,,,,,,,,,,,,,,,0.03569,0.03081,0.04084,-0.06848,-0.07265,-0.06414
sim1_pm_post_always,task003_symmetric,12,3.00000,6.00000,0.75000,false,2,0.10417,0.09550,0.11271,-0.00100,0.14783,0.04367,0.01358,170.13600,0.97779,0.01469,0.11500,0.01100,,0.00000,0.06200,0.00000,,,,,,
sim1_pm_post_always,task003_symmetric,12,3.00000,6.00000,0.75000,truth,0,0.03925,0.03538,0.04312,-0.00646,0.98100,0.94175,0.00813,14.33400,0.08238,0.06572,1.00000,0.99900,2.00000,0.64800,0.00000,0.28700,,,,,,
sim1_pm_post_always,task003_symmetric,12,3.00000,6.00000,1.00000,both,0,,,,,,,,,,,,,,,,,-0.00002,-0.00006,0.00000,0.00002,0.00000,0.00006
sim1_pm_post_always,task003_symmetric,12,3.00000,6.00000,1.00000,both,1,,,,,,,,,,,,,,,,,0.00000,0.00000,0.00000,0.00000,0.00000,0.00000
sim1_pm_post_always,task003_symmetric,12,3.00000,6.00000,1.00000,both,2,,,,,,,,,,,,,,,,,0.00002,0.00000,0.00006,-0.00002,-0.00006,0.00000
sim1_pm_post_always,task003_symmetric,12,3.00000,6.00000,1.00000,false,2,0.00004,0.00000,0.00013,0.00000,0.00004,0.00000,0.00000,173.58000,0.99759,0.00001,0.03400,0.00900,,0.00000,0.99900,0.00000,,,,,,
sim1_pm_post_always,task003_symmetric,12,3.00000,6.00000,1.00000,truth,0,0.00000,0.00000,0.00000,0.00000,1.00000,1.00000,0.00000,4.57800,0.02631,0.00000,1.00000,1.00000,2.00000,1.00000,0.00000,1.00000,,,,,,
sim1_pm_post_always,task003_symmetric,12,3.00000,9.00000,0.75000,both,0,,,,,,,,,,,,,,,,,-0.05238,-0.05838,-0.04598,0.09404,0.08835,0.10029
sim1_pm_post_always,task003_symmetric,12,3.00000,9.00000,0.75000,both,1,,,,,,,,,,,,,,,,,-0.00679,-0.00858,-0.00500,-0.00008,-0.00094,0.00073
sim1_pm_post_always,task003_symmetric,12,3.00000,9.00000,0.75000,both,2,,,,,,,,,,,,,,,,,0.05917,0.05302,0.06515,-0.09396,-0.10015,-0.08814
sim1_pm_post_always,task003_symmetric,12,3.00000,9.00000,0.75000,false,2,0.15312,0.14163,0.16496,-0.00671,0.19679,0.04367,0.00788,251.19900,0.96245,0.01463,0.16900,0.01100,,0.00400,0.05900,0.00000,,,,,,
sim1_pm_post_always,task003_symmetric,12,3.00000,9.00000,0.75000,truth,0,0.04167,0.03783,0.04575,-0.00688,0.98342,0.94175,0.00771,20.26800,0.07766,0.04934,1.00000,0.99900,2.00000,0.68400,0.00000,0.28700,,,,,,
sim1_pm_post_always,task003_symmetric,12,3.00000,9.00000,1.00000,both,0,,,,,,,,,,,,,,,,,0.00000,0.00000,0.00000,0.00000,0.00000,0.00000
sim1_pm_post_always,task003_symmetric,12,3.00000,9.00000,1.00000,both,1,,,,,,,,,,,,,,,,,0.00000,0.00000,0.00000,0.00000,0.00000,0.00000
sim1_pm_post_always,task003_symmetric,12,3.00000,9.00000,1.00000,both,2,,,,,,,,,,,,,,,,,0.00000,0.00000,0.00000,0.00000,0.00000,0.00000
sim1_pm_post_always,task003_symmetric,12,3.00000,9.00000,1.00000,false,2,0.00000,0.00000,0.00000,0.00000,0.00000,0.00000,0.00000,260.29800,0.99731,0.00000,0.03600,0.00900,,0.00000,1.00000,0.00000,,,,,,
sim1_pm_post_always,task003_symmetric,12,3.00000,9.00000,1.00000,truth,0,0.00000,0.00000,0.00000,0.00000,1.00000,1.00000,0.00000,6.88500,0.02638,0.00000,1.00000,1.00000,2.00000,1.00000,0.00000,1.00000,,,,,,
sim1_pm_post_always,task003_symmetric,12,6.00000,1.00000,0.75000,both,0,,,,,,,,,,,,,,,,,-0.02231,-0.02692,-0.01806,0.04135,0.03773,0.04500
sim1_pm_post_always,task003_symmetric,12,6.00000,1.00000,0.75000,both,1,,,,,,,,,,,,,,,,,-0.00108,-0.00298,0.00079,-0.00017,-0.00129,0.00092
sim1_pm_post_always,task003_symmetric,12,6.00000,1.00000,0.75000,both,2,,,,,,,,,,,,,,,,,0.02340,0.01933,0.02763,-0.04119,-0.04510,-0.03754
sim1_pm_post_always,task003_symmetric,12,6.00000,1.00000,0.75000,false,2,0.06458,0.05754,0.07204,-0.00092,0.10825,0.04367,0.01367,28.82000,0.99379,0.05378,0.03000,0.01100,,0.00100,0.08700,0.00000,,,,,,
sim1_pm_post_always,task003_symmetric,12,6.00000,1.00000,0.75000,truth,0,0.01904,0.01529,0.02304,-0.00125,0.96079,0.94175,0.01333,1.42900,0.04928,0.31980,1.00000,0.99900,2.00000,0.41600,0.00000,0.28700,,,,,,
sim1_pm_post_always,task003_symmetric,12,6.00000,1.00000,1.00000,both,0,,,,,,,,,,,,,,,,,0.00000,0.00000,0.00000,0.00000,0.00000,0.00000
sim1_pm_post_always,task003_symmetric,12,6.00000,1.00000,1.00000,both,1,,,,,,,,,,,,,,,,,0.00000,0.00000,0.00000,0.00000,0.00000,0.00000
sim1_pm_post_always,task003_symmetric,12,6.00000,1.00000,1.00000,both,2,,,,,,,,,,,,,,,,,0.00000,0.00000,0.00000,0.00000,0.00000,0.00000
sim1_pm_post_always,task003_symmetric,12,6.00000,1.00000,1.00000,false,2,0.00000,0.00000,0.00000,0.00000,0.00000,0.00000,0.00000,28.98000,0.99931,0.00000,0.01100,0.00900,,0.00000,1.00000,0.00000,,,,,,
sim1_pm_post_always,task003_symmetric,12,6.00000,1.00000,1.00000,truth,0,0.00000,0.00000,0.00000,0.00000,1.00000,1.00000,0.00000,0.64100,0.02210,0.00000,1.00000,1.00000,2.00000,1.00000,0.00000,1.00000,,,,,,
sim1_pm_post_always,task003_symmetric,12,6.00000,2.00000,0.75000,both,0,,,,,,,,,,,,,,,,,-0.02727,-0.03248,-0.02279,0.05015,0.04629,0.05421
sim1_pm_post_always,task003_symmetric,12,6.00000,2.00000,0.75000,both,1,,,,,,,,,,,,,,,,,-0.00096,-0.00283,0.00081,-0.00096,-0.00208,0.00013
sim1_pm_post_always,task003_symmetric,12,6.00000,2.00000,0.75000,both,2,,,,,,,,,,,,,,,,,0.02823,0.02389,0.03319,-0.04919,-0.05348,-0.04523
sim1_pm_post_always,task003_symmetric,12,6.00000,2.00000,0.75000,false,2,0.07742,0.07012,0.08613,0.00000,0.12108,0.04367,0.01458,57.25800,0.98721,0.03245,0.06300,0.01100,,0.00000,0.09900,0.00000,,,,,,
sim1_pm_post_always,task003_symmetric,12,6.00000,2.00000,0.75000,truth,0,0.02288,0.01942,0.02671,-0.00192,0.96462,0.94175,0.01267,2.46800,0.04255,0.22245,1.00000,0.99900,2.00000,0.44800,0.00000,0.28700,,,,,,
sim1_pm_post_always,task003_symmetric,12,6.00000,2.00000,1.00000,both,0,,,,,,,,,,,,,,,,,0.00000,0.00000,0.00000,0.00000,0.00000,0.00000
sim1_pm_post_always,task003_symmetric,12,6.00000,2.00000,1.00000,both,1,,,,,,,,,,,,,,,,,0.00000,0.00000,0.00000,0.00000,0.00000,0.00000
sim1_pm_post_always,task003_symmetric,12,6.00000,2.00000,1.00000,both,2,,,,,,,,,,,,,,,,,0.00000,0.00000,0.00000,0.00000,0.00000,0.00000
sim1_pm_post_always,task003_symmetric,12,6.00000,2.00000,1.00000,false,2,0.00000,0.00000,0.00000,0.00000,0.00000,0.00000,0.00000,57.91600,0.99855,0.00000,0.02000,0.00900,,0.00000,1.00000,0.00000,,,,,,
sim1_pm_post_always,task003_symmetric,12,6.00000,2.00000,1.00000,truth,0,0.00000,0.00000,0.00000,0.00000,1.00000,1.00000,0.00000,1.22000,0.02103,0.00000,1.00000,1.00000,2.00000,1.00000,0.00000,1.00000,,,,,,
sim1_pm_post_always,task003_symmetric,12,6.00000,3.00000,0.75000,both,0,,,,,,,,,,,,,,,,,-0.02669,-0.03144,-0.02177,0.05327,0.04912,0.05767
sim1_pm_post_always,task003_symmetric,12,6.00000,3.00000,0.75000,both,1,,,,,,,,,,,,,,,,,-0.00304,-0.00494,-0.00123,-0.00042,-0.00144,0.00056
sim1_pm_post_always,task003_symmetric,12,6.00000,3.00000,0.75000,both,2,,,,,,,,,,,,,,,,,0.02973,0.02489,0.03431,-0.05285,-0.05729,-0.04885
sim1_pm_post_always,task003_symmetric,12,6.00000,3.00000,0.75000,false,2,0.08258,0.07433,0.09079,-0.00263,0.12625,0.04367,0.01196,85.21800,0.97952,0.02326,0.10500,0.01100,,0.00200,0.10600,0.00000,,,,,,
sim1_pm_post_always,task003_symmetric,12,6.00000,3.00000,0.75000,truth,0,0.02658,0.02321,0.03025,-0.00346,0.96833,0.94175,0.01112,3.39300,0.03900,0.18803,1.00000,0.99900,2.00000,0.48100,0.00000,0.28700,,,,,,
sim1_pm_post_always,task003_symmetric,12,6.00000,3.00000,1.00000,both,0,,,,,,,,,,,,,,,,,0.00000,0.00000,0.00000,0.00000,0.00000,0.00000
sim1_pm_post_always,task003_symmetric,12,6.00000,3.00000,1.00000,both,1,,,,,,,,,,,,,,,,,0.00000,0.00000,0.00000,0.00000,0.00000,0.00000
sim1_pm_post_always,task003_symmetric,12,6.00000,3.00000,1.00000,both,2,,,,,,,,,,,,,,,,,0.00000,0.00000,0.00000,0.00000,0.00000,0.00000
sim1_pm_post_always,task003_symmetric,12,6.00000,3.00000,1.00000,false,2,0.00000,0.00000,0.00000,0.00000,0.00000,0.00000,0.00000,86.81700,0.99790,0.00000,0.02900,0.00900,,0.00000,1.00000,0.00000,,,,,,
sim1_pm_post_always,task003_symmetric,12,6.00000,3.00000,1.00000,truth,0,0.00000,0.00000,0.00000,0.00000,1.00000,1.00000,0.00000,1.78200,0.02048,0.00000,1.00000,1.00000,2.00000,1.00000,0.00000,1.00000,,,,,,
sim1_pm_post_always,task003_symmetric,12,6.00000,6.00000,0.75000,both,0,,,,,,,,,,,,,,,,,-0.03710,-0.04240,-0.03221,0.06648,0.06223,0.07106
sim1_pm_post_always,task003_symmetric,12,6.00000,6.00000,0.75000,both,1,,,,,,,,,,,,,,,,,-0.00246,-0.00433,-0.00052,-0.00133,-0.00235,-0.00029
sim1_pm_post_always,task003_symmetric,12,6.00000,6.00000,0.75000,both,2,,,,,,,,,,,,,,,,,0.03956,0.03489,0.04473,-0.06515,-0.06973,-0.06079
sim1_pm_post_always,task003_symmetric,12,6.00000,6.00000,0.75000,false,2,0.10471,0.09654,0.11392,-0.00113,0.14838,0.04367,0.01346,169.60200,0.97472,0.01482,0.13900,0.01100,,0.00200,0.06800,0.00000,,,,,,
sim1_pm_post_always,task003_symmetric,12,6.00000,6.00000,0.75000,truth,0,0.02938,0.02563,0.03313,-0.00379,0.97113,0.94175,0.01079,6.60000,0.03793,0.10682,1.00000,0.99900,2.00000,0.51800,0.00000,0.28700,,,,,,
sim1_pm_post_always,task003_symmetric,12,6.00000,6.00000,1.00000,both,0,,,,,,,,,,,,,,,,,0.00000,0.00000,0.00000,0.00000,0.00000,0.00000
sim1_pm_post_always,task003_symmetric,12,6.00000,6.00000,1.00000,both,1,,,,,,,,,,,,,,,,,0.00000,0.00000,0.00000,0.00000,0.00000,0.00000
sim1_pm_post_always,task003_symmetric,12,6.00000,6.00000,1.00000,both,2,,,,,,,,,,,,,,,,,0.00000,0.00000,0.00000,0.00000,0.00000,0.00000
sim1_pm_post_always,task003_symmetric,12,6.00000,6.00000,1.00000,false,2,0.00000,0.00000,0.00000,0.00000,0.00000,0.00000,0.00000,173.55000,0.99741,0.00000,0.03900,0.00900,,0.00000,1.00000,0.00000,,,,,,
sim1_pm_post_always,task003_symmetric,12,6.00000,6.00000,1.00000,truth,0,0.00000,0.00000,0.00000,0.00000,1.00000,1.00000,0.00000,3.58200,0.02059,0.00000,1.00000,1.00000,2.00000,1.00000,0.00000,1.00000,,,,,,
sim1_pm_post_always,task003_symmetric,12,6.00000,9.00000,0.75000,both,0,,,,,,,,,,,,,,,,,-0.05150,-0.05727,-0.04529,0.07983,0.07464,0.08515
sim1_pm_post_always,task003_symmetric,12,6.00000,9.00000,0.75000,both,1,,,,,,,,,,,,,,,,,-0.00462,-0.00625,-0.00308,0.00104,0.00013,0.00198
sim1_pm_post_always,task003_symmetric,12,6.00000,9.00000,0.75000,both,2,,,,,,,,,,,,,,,,,0.05613,0.05013,0.06200,-0.08088,-0.08611,-0.07567
sim1_pm_post_always,task003_symmetric,12,6.00000,9.00000,0.75000,false,2,0.13700,0.12604,0.14733,-0.00567,0.18067,0.04367,0.00892,252.23400,0.96641,0.01304,0.16400,0.01100,,0.00400,0.05200,0.00000,,,,,,
sim1_pm_post_always,task003_symmetric,12,6.00000,9.00000,0.75000,truth,0,0.02833,0.02479,0.03208,-0.00358,0.97008,0.94175,0.01100,9.21600,0.03531,0.07378,1.00000,0.99900,2.00000,0.51100,0.00000,0.28700,,,,,,
sim1_pm_post_always,task003_symmetric,12,6.00000,9.00000,1.00000,both,0,,,,,,,,,,,,,,,,,0.00000,0.00000,0.00000,0.00000,0.00000,0.00000
sim1_pm_post_always,task003_symmetric,12,6.00000,9.00000,1.00000,both,1,,,,,,,,,,,,,,,,,0.00000,0.00000,0.00000,0.00000,0.00000,0.00000
sim1_pm_post_always,task003_symmetric,12,6.00000,9.00000,1.00000,both,2,,,,,,,,,,,,,,,,,0.00000,0.00000,0.00000,0.00000,0.00000,0.00000
sim1_pm_post_always,task003_symmetric,12,6.00000,9.00000,1.00000,false,2,0.00000,0.00000,0.00000,0.00000,0.00000,0.00000,0.00000,260.33400,0.99745,0.00000,0.03900,0.00900,,0.00000,1.00000,0.00000,,,,,,
sim1_pm_post_always,task003_symmetric,12,6.00000,9.00000,1.00000,truth,0,0.00000,0.00000,0.00000,0.00000,1.00000,1.00000,0.00000,5.33700,0.02045,0.00000,1.00000,1.00000,2.00000,1.00000,0.00000,1.00000,,,,,,
sim1_pm_post_always,task003_symmetric,12,12.00000,1.00000,0.75000,both,0,,,,,,,,,,,,,,,,,-0.01835,-0.02250,-0.01435,0.02919,0.02583,0.03292
sim1_pm_post_always,task003_symmetric,12,12.00000,1.00000,0.75000,both,1,,,,,,,,,,,,,,,,,-0.00287,-0.00458,-0.00131,0.00162,0.00060,0.00260
sim1_pm_post_always,task003_symmetric,12,12.00000,1.00000,0.75000,both,2,,,,,,,,,,,,,,,,,0.02123,0.01773,0.02534,-0.03081,-0.03448,-0.02748
sim1_pm_post_always,task003_symmetric,12,12.00000,1.00000,0.75000,false,2,0.05204,0.04587,0.05917,-0.00450,0.09571,0.04367,0.01008,28.81600,0.99366,0.04334,0.03000,0.01100,,0.00000,0.16100,0.00000,,,,,,
sim1_pm_post_always,task003_symmetric,12,12.00000,1.00000,0.75000,truth,0,0.01083,0.00767,0.01425,-0.00125,0.95258,0.94175,0.01333,0.59000,0.02034,0.44068,1.00000,0.99900,2.00000,0.33200,0.00000,0.28700,,,,,,
sim1_pm_post_always,task003_symmetric,12,12.00000,1.00000,1.00000,both,0,,,,,,,,,,,,,,,,,0.00000,0.00000,0.00000,0.00000,0.00000,0.00000
sim1_pm_post_always,task003_symmetric,12,12.00000,1.00000,1.00000,both,1,,,,,,,,,,,,,,,,,0.00000,0.00000,0.00000,0.00000,0.00000,0.00000
sim1_pm_post_always,task003_symmetric,12,12.00000,1.00000,1.00000,both,2,,,,,,,,,,,,,,,,,0.00000,0.00000,0.00000,0.00000,0.00000,0.00000
sim1_pm_post_always,task003_symmetric,12,12.00000,1.00000,1.00000,false,2,0.00000,0.00000,0.00000,0.00000,0.00000,0.00000,0.00000,28.97200,0.99903,0.00000,0.01200,0.00900,,0.00000,1.00000,0.00000,,,,,,
sim1_pm_post_always,task003_symmetric,12,12.00000,1.00000,1.00000,truth,0,0.00000,0.00000,0.00000,0.00000,1.00000,1.00000,0.00000,0.45000,0.01552,0.00000,1.00000,1.00000,2.00000,1.00000,0.00000,1.00000,,,,,,
sim1_pm_post_always,task003_symmetric,12,12.00000,2.00000,0.75000,both,0,,,,,,,,,,,,,,,,,-0.02417,-0.02842,-0.02014,0.03933,0.03573,0.04323
sim1_pm_post_always,task003_symmetric,12,12.00000,2.00000,0.75000,both,1,,,,,,,,,,,,,,,,,-0.00356,-0.00508,-0.00204,0.00131,0.00033,0.00231
sim1_pm_post_always,task003_symmetric,12,12.00000,2.00000,0.75000,both,2,,,,,,,,,,,,,,,,,0.02773,0.02367,0.03186,-0.04065,-0.04458,-0.03700
sim1_pm_post_always,task003_symmetric,12,12.00000,2.00000,0.75000,false,2,0.06837,0.06125,0.07596,-0.00487,0.11204,0.04367,0.00971,57.35800,0.98893,0.02861,0.05300,0.01100,,0.00100,0.13100,0.00000,,,,,,
sim1_pm_post_always,task003_symmetric,12,12.00000,2.00000,0.75000,truth,0,0.01517,0.01233,0.01833,-0.00225,0.95692,0.94175,0.01233,1.09200,0.01883,0.33333,1.00000,0.99900,2.00000,0.38400,0.00000,0.28700,,,,,,
sim1_pm_post_always,task003_symmetric,12,12.00000,2.00000,1.00000,both,0,,,,,,,,,,,,,,,,,0.00000,0.00000,0.00000,0.00000,0.00000,0.00000
sim1_pm_post_always,task003_symmetric,12,12.00000,2.00000,1.00000,both,1,,,,,,,,,,,,,,,,,0.00000,0.00000,0.00000,0.00000,0.00000,0.00000
sim1_pm_post_always,task003_symmetric,12,12.00000,2.00000,1.00000,both,2,,,,,,,,,,,,,,,,,0.00000,0.00000,0.00000,0.00000,0.00000,0.00000
sim1_pm_post_always,task003_symmetric,12,12.00000,2.00000,1.00000,false,2,0.00000,0.00000,0.00000,0.00000,0.00000,0.00000,0.00000,57.91400,0.99852,0.00000,0.02100,0.00900,,0.00000,1.00000,0.00000,,,,,,
sim1_pm_post_always,task003_symmetric,12,12.00000,2.00000,1.00000,truth,0,0.00000,0.00000,0.00000,0.00000,1.00000,1.00000,0.00000,0.87000,0.01500,0.00000,1.00000,1.00000,2.00000,1.00000,0.00000,1.00000,,,,,,
sim1_pm_post_always,task003_symmetric,12,12.00000,3.00000,0.75000,both,0,,,,,,,,,,,,,,,,,-0.02471,-0.02940,-0.02012,0.04208,0.03790,0.04692
sim1_pm_post_always,task003_symmetric,12,12.00000,3.00000,0.75000,both,1,,,,,,,,,,,,,,,,,-0.00373,-0.00540,-0.00225,0.00156,0.00048,0.00256
sim1_pm_post_always,task003_symmetric,12,12.00000,3.00000,0.75000,both,2,,,,,,,,,,,,,,,,,0.02844,0.02377,0.03327,-0.04365,-0.04825,-0.03965
sim1_pm_post_always,task003_symmetric,12,12.00000,3.00000,0.75000,false,2,0.07208,0.06416,0.08138,-0.00529,0.11575,0.04367,0.00929,85.37400,0.98131,0.02026,0.08500,0.01100,,0.00200,0.12800,0.00000,,,,,,
sim1_pm_post_always,task003_symmetric,12,12.00000,3.00000,0.75000,truth,0,0.01737,0.01437,0.02125,-0.00217,0.95913,0.94175,0.01242,1.59300,0.01831,0.26177,1.00000,0.99900,2.00000,0.40400,0.00000,0.28700,,,,,,
sim1_pm_post_always,task003_symmetric,12,12.00000,3.00000,1.00000,both,0,,,,,,,,,,,,,,,,,0.00000,0.00000,0.00000,0.00000,0.00000,0.00000
sim1_pm_post_always,task003_symmetric,12,12.00000,3.00000,1.00000,both,1,,,,,,,,,,,,,,,,,0.00000,0.00000,0.00000,0.00000,0.00000,0.00000
sim1_pm_post_always,task003_symmetric,12,12.00000,3.00000,1.00000,both,2,,,,,,,,,,,,,,,,,0.00000,0.00000,0.00000,0.00000,0.00000,0.00000
sim1_pm_post_always,task003_symmetric,12,12.00000,3.00000,1.00000,false,2,0.00000,0.00000,0.00000,0.00000,0.00000,0.00000,0.00000,86.82300,0.99797,0.00000,0.02700,0.00900,,0.00000,1.00000,0.00000,,,,,,
sim1_pm_post_always,task003_symmetric,12,12.00000,3.00000,1.00000,truth,0,0.00000,0.00000,0.00000,0.00000,1.00000,1.00000,0.00000,1.29900,0.01493,0.00000,1.00000,1.00000,2.00000,1.00000,0.00000,1.00000,,,,,,
sim1_pm_post_always,task003_symmetric,12,12.00000,6.00000,0.75000,both,0,,,,,,,,,,,,,,,,,-0.03944,-0.04435,-0.03467,0.05606,0.05133,0.06094
sim1_pm_post_always,task003_symmetric,12,12.00000,6.00000,0.75000,both,1,,,,,,,,,,,,,,,,,-0.00362,-0.00513,-0.00202,0.00133,0.00031,0.00240
sim1_pm_post_always,task003_symmetric,12,12.00000,6.00000,0.75000,both,2,,,,,,,,,,,,,,,,,0.04306,0.03840,0.04800,-0.05740,-0.06235,-0.05269
sim1_pm_post_always,task003_symmetric,12,12.00000,6.00000,0.75000,false,2,0.10046,0.09175,0.10975,-0.00496,0.14413,0.04367,0.00962,169.83600,0.97607,0.01420,0.11700,0.01100,,0.00200,0.08800,0.00000,,,,,,
sim1_pm_post_always,task003_symmetric,12,12.00000,6.00000,0.75000,truth,0,0.01663,0.01312,0.01996,-0.00229,0.95837,0.94175,0.01229,3.19200,0.01834,0.12500,1.00000,0.99900,2.00000,0.39000,0.00000,0.28700,,,,,,
sim1_pm_post_always,task003_symmetric,12,12.00000,6.00000,1.00000,both,0,,,,,,,,,,,,,,,,,0.00000,0.00000,0.00000,0.00000,0.00000,0.00000
sim1_pm_post_always,task003_symmetric,12,12.00000,6.00000,1.00000,both,1,,,,,,,,,,,,,,,,,0.00000,0.00000,0.00000,0.00000,0.00000,0.00000
sim1_pm_post_always,task003_symmetric,12,12.00000,6.00000,1.00000,both,2,,,,,,,,,,,,,,,,,0.00000,0.00000,0.00000,0.00000,0.00000,0.00000
sim1_pm_post_always,task003_symmetric,12,12.00000,6.00000,1.00000,false,2,0.00000,0.00000,0.00000,0.00000,0.00000,0.00000,0.00000,173.59200,0.99766,0.00000,0.03700,0.00900,,0.00000,1.00000,0.00000,,,,,,
sim1_pm_post_always,task003_symmetric,12,12.00000,6.00000,1.00000,truth,0,0.00000,0.00000,0.00000,0.00000,1.00000,1.00000,0.00000,2.60400,0.01497,0.00000,1.00000,1.00000,2.00000,1.00000,0.00000,1.00000,,,,,,
sim1_pm_post_always,task003_symmetric,12,12.00000,9.00000,0.75000,both,0,,,,,,,,,,,,,,,,,-0.05963,-0.06498,-0.05387,0.07908,0.07389,0.08440
sim1_pm_post_always,task003_symmetric,12,12.00000,9.00000,0.75000,both,1,,,,,,,,,,,,,,,,,-0.00337,-0.00490,-0.00177,0.00108,0.00010,0.00215
sim1_pm_post_always,task003_symmetric,12,12.00000,9.00000,0.75000,both,2,,,,,,,,,,,,,,,,,0.06300,0.05717,0.06827,-0.08017,-0.08544,-0.07485
sim1_pm_post_always,task003_symmetric,12,12.00000,9.00000,0.75000,false,2,0.14317,0.13292,0.15300,-0.00446,0.18683,0.04367,0.01012,252.86400,0.96883,0.01359,0.15000,0.01100,,0.00100,0.04000,0.00000,,,,,,
sim1_pm_post_always,task003_symmetric,12,12.00000,9.00000,0.75000,truth,0,0.01946,0.01617,0.02275,-0.00229,0.96121,0.94175,0.01229,4.68900,0.01797,0.09959,1.00000,0.99900,2.00000,0.42300,0.00000,0.28700,,,,,,
sim1_pm_post_always,task003_symmetric,12,12.00000,9.00000,1.00000,both,0,,,,,,,,,,,,,,,,,-0.00002,-0.00006,0.00000,-0.00002,-0.00006,0.00000
sim1_pm_post_always,task003_symmetric,12,12.00000,9.00000,1.00000,both,1,,,,,,,,,,,,,,,,,0.00002,0.00000,0.00006,0.00002,0.00000,0.00006
sim1_pm_post_always,task003_symmetric,12,12.00000,9.00000,1.00000,both,2,,,,,,,,,,,,,,,,,0.00000,0.00000,0.00000,0.00000,0.00000,0.00000
sim1_pm_post_always,task003_symmetric,12,12.00000,9.00000,1.00000,false,2,0.00000,0.00000,0.00000,0.00000,0.00000,0.00000,0.00000,260.39700,0.99769,0.00000,0.03600,0.00900,,0.00000,1.00000,0.00000,,,,,,
sim1_pm_post_always,task003_symmetric,12,12.00000,9.00000,1.00000,truth,0,-0.00004,-0.00012,0.00000,0.00004,0.99996,1.00000,0.00004,3.88800,0.01490,-0.00026,1.00000,1.00000,2.00000,0.99900,0.00000,1.00000,,,,,,
sim1_pm_post_always,task003_symmetric,12,24.00000,1.00000,0.75000,both,0,,,,,,,,,,,,,,,,,-0.00367,-0.00671,-0.00044,0.00829,0.00521,0.01119
sim1_pm_post_always,task003_symmetric,12,24.00000,1.00000,0.75000,both,1,,,,,,,,,,,,,,,,,-0.00319,-0.00433,-0.00212,0.00369,0.00271,0.00471
sim1_pm_post_always,task003_symmetric,12,24.00000,1.00000,0.75000,both,2,,,,,,,,,,,,,,,,,0.00685,0.00396,0.00998,-0.01198,-0.01486,-0.00929
sim1_pm_post_always,task003_symmetric,12,24.00000,1.00000,0.75000,false,2,0.01883,0.01350,0.02442,-0.00688,0.06250,0.04367,0.00771,28.85600,0.99503,0.01566,0.02900,0.01100,,0.00000,0.24500,0.00000,,,,,,
sim1_pm_post_always,task003_symmetric,12,24.00000,1.00000,0.75000,truth,0,0.00462,0.00254,0.00721,0.00050,0.94637,0.94175,0.01508,0.13600,0.00469,0.81618,1.00000,0.99900,2.00000,0.30900,0.00000,0.28700,,,,,,
sim1_pm_post_always,task003_symmetric,12,24.00000,1.00000,1.00000,both,0,,,,,,,,,,,,,,,,,0.00000,0.00000,0.00000,0.00000,0.00000,0.00000
sim1_pm_post_always,task003_symmetric,12,24.00000,1.00000,1.00000,both,1,,,,,,,,,,,,,,,,,0.00000,0.00000,0.00000,0.00000,0.00000,0.00000
sim1_pm_post_always,task003_symmetric,12,24.00000,1.00000,1.00000,both,2,,,,,,,,,,,,,,,,,0.00000,0.00000,0.00000,0.00000,0.00000,0.00000
sim1_pm_post_always,task003_symmetric,12,24.00000,1.00000,1.00000,false,2,0.00000,0.00000,0.00000,0.00000,0.00000,0.00000,0.00000,28.98600,0.99952,0.00000,0.01300,0.00900,,0.00000,1.00000,0.00000,,,,,,
sim1_pm_post_always,task003_symmetric,12,24.00000,1.00000,1.00000,truth,0,0.00000,0.00000,0.00000,0.00000,1.00000,1.00000,0.00000,0.10300,0.00355,0.00000,1.00000,1.00000,2.00000,1.00000,0.00000,1.00000,,,,,,
sim1_pm_post_always,task003_symmetric,12,24.00000,2.00000,0.75000,both,0,,,,,,,,,,,,,,,,,-0.01423,-0.01767,-0.01092,0.01940,0.01616,0.02252
sim1_pm_post_always,task003_symmetric,12,24.00000,2.00000,0.75000,both,1,,,,,,,,,,,,,,,,,-0.00385,-0.00494,-0.00281,0.00444,0.00344,0.00537
sim1_pm_post_always,task003_symmetric,12,24.00000,2.00000,0.75000,both,2,,,,,,,,,,,,,,,,,0.01808,0.01487,0.02138,-0.02383,-0.02690,-0.02081
sim1_pm_post_always,task003_symmetric,12,24.00000,2.00000,0.75000,false,2,0.04192,0.03588,0.04796,-0.00829,0.08558,0.04367,0.00629,57.68400,0.99455,0.01744,0.05200,0.01100,,0.00000,0.16100,0.00000,,,,,,
sim1_pm_post_always,task003_symmetric,12,24.00000,2.00000,0.75000,truth,0,0.00517,0.00300,0.00742,0.00058,0.94692,0.94175,0.01517,0.27200,0.00469,0.45588,1.00000,0.99900,2.00000,0.31300,0.00000,0.28700,,,,,,
sim1_pm_post_always,task003_symmetric,12,24.00000,2.00000,1.00000,both,0,,,,,,,,,,,,,,,,,0.00000,0.00000,0.00000,0.00000,0.00000,0.00000
sim1_pm_post_always,task003_symmetric,12,24.00000,2.00000,1.00000,both,1,,,,,,,,,,,,,,,,,0.00000,0.00000,0.00000,0.00000,0.00000,0.00000
sim1_pm_post_always,task003_symmetric,12,24.00000,2.00000,1.00000,both,2,,,,,,,,,,,,,,,,,0.00000,0.00000,0.00000,0.00000,0.00000,0.00000
sim1_pm_post_always,task003_symmetric,12,24.00000,2.00000,1.00000,false,2,0.00000,0.00000,0.00000,0.00000,0.00000,0.00000,0.00000,57.95000,0.99914,0.00000,0.02100,0.00900,,0.00000,1.00000,0.00000,,,,,,
sim1_pm_post_always,task003_symmetric,12,24.00000,2.00000,1.00000,truth,0,0.00000,0.00000,0.00000,0.00000,1.00000,1.00000,0.00000,0.20400,0.00352,0.00000,1.00000,1.00000,2.00000,1.00000,0.00000,1.00000,,,,,,
sim1_pm_post_always,task003_symmetric,12,24.00000,3.00000,0.75000,both,0,,,,,,,,,,,,,,,,,-0.01544,-0.01931,-0.01189,0.02131,0.01773,0.02506
sim1_pm_post_always,task003_symmetric,12,24.00000,3.00000,0.75000,both,1,,,,,,,,,,,,,,,,,-0.00483,-0.00590,-0.00375,0.00483,0.00383,0.00579
sim1_pm_post_always,task003_symmetric,12,24.00000,3.00000,0.75000,both,2,,,,,,,,,,,,,,,,,0.02027,0.01687,0.02402,-0.02615,-0.02971,-0.02248
sim1_pm_post_always,task003_symmetric,12,24.00000,3.00000,0.75000,false,2,0.04642,0.04000,0.05351,-0.00967,0.09008,0.04367,0.00492,86.09400,0.98959,0.01294,0.05700,0.01100,,0.00000,0.20200,0.00000,,,,,,
sim1_pm_post_always,task003_symmetric,12,24.00000,3.00000,0.75000,truth,0,0.00587,0.00354,0.00825,-0.00000,0.94763,0.94175,0.01458,0.39600,0.00455,0.35606,1.00000,0.99900,2.00000,0.31600,0.00000,0.28700,,,,,,
sim1_pm_post_always,task003_symmetric,12,24.00000,3.00000,1.00000,both,0,,,,,,,,,,,,,,,,,0.00000,0.00000,0.00000,0.00000,0.00000,0.00000
sim1_pm_post_always,task003_symmetric,12,24.00000,3.00000,1.00000,both,1,,,,,,,,,,,,,,,,,0.00000,0.00000,0.00000,0.00000,0.00000,0.00000
sim1_pm_post_always,task003_symmetric,12,24.00000,3.00000,1.00000,both,2,,,,,,,,,,,,,,,,,0.00000,0.00000,0.00000,0.00000,0.00000,0.00000
sim1_pm_post_always,task003_symmetric,12,24.00000,3.00000,1.00000,false,2,0.00000,0.00000,0.00000,0.00000,0.00000,0.00000,0.00000,86.91300,0.99900,0.00000,0.02200,0.00900,,0.00000,1.00000,0.00000,,,,,,
sim1_pm_post_always,task003_symmetric,12,24.00000,3.00000,1.00000,truth,0,0.00000,0.00000,0.00000,0.00000,1.00000,1.00000,0.00000,0.30600,0.00352,0.00000,1.00000,1.00000,2.00000,1.00000,0.00000,1.00000,,,,,,
sim1_pm_post_always,task003_symmetric,12,24.00000,6.00000,0.75000,both,0,,,,,,,,,,,,,,,,,-0.03577,-0.04015,-0.03150,0.04185,0.03731,0.04655
sim1_pm_post_always,task003_symmetric,12,24.00000,6.00000,0.75000,both,1,,,,,,,,,,,,,,,,,-0.00379,-0.00494,-0.00269,0.00388,0.00285,0.00494
sim1_pm_post_always,task003_symmetric,12,24.00000,6.00000,0.75000,both,2,,,,,,,,,,,,,,,,,0.03956,0.03564,0.04406,-0.04573,-0.05023,-0.04144
sim1_pm_post_always,task003_symmetric,12,24.00000,6.00000,0.75000,false,2,0.08529,0.07725,0.09438,-0.00767,0.12896,0.04367,0.00692,171.88200,0.98783,0.01191,0.09000,0.01100,,0.00000,0.11500,0.00000,,,,,,
sim1_pm_post_always,task003_symmetric,12,24.00000,6.00000,0.75000,truth,0,0.00608,0.00362,0.00858,0.00008,0.94783,0.94175,0.01467,0.79200,0.00455,0.18434,1.00000,0.99900,2.00000,0.31600,0.00000,0.28700,,,,,,
sim1_pm_post_always,task003_symmetric,12,24.00000,6.00000,1.00000,both,0,,,,,,,,,,,,,,,,,-0.00002,-0.00006,0.00000,-0.00002,-0.00006,0.00000
sim1_pm_post_always,task003_symmetric,12,24.00000,6.00000,1.00000,both,1,,,,,,,,,,,,,,,,,0.00002,0.00000,0.00006,0.00002,0.00000,0.00006
sim1_pm_post_always,task003_symmetric,12,24.00000,6.00000,1.00000,both,2,,,,,,,,,,,,,,,,,0.00000,0.00000,0.00000,0.00000,0.00000,0.00000
sim1_pm_post_always,task003_symmetric,12,24.00000,6.00000,1.00000,false,2,0.00000,0.00000,0.00000,0.00000,0.00000,0.00000,0.00000,173.80200,0.99886,0.00000,0.02500,0.00900,,0.00000,1.00000,0.00000,,,,,,
sim1_pm_post_always,task003_symmetric,12,24.00000,6.00000,1.00000,truth,0,-0.00004,-0.00012,0.00000,0.00004,0.99996,1.00000,0.00004,0.61200,0.00352,-0.00163,1.00000,1.00000,2.00000,0.99900,0.00000,1.00000,,,,,,
sim1_pm_post_always,task003_symmetric,12,24.00000,9.00000,0.75000,both,0,,,,,,,,,,,,,,,,,-0.06575,-0.07042,-0.06079,0.07288,0.06750,0.07806
sim1_pm_post_always,task003_symmetric,12,24.00000,9.00000,0.75000,both,1,,,,,,,,,,,,,,,,,-0.00177,-0.00298,-0.00067,0.00194,0.00087,0.00298
sim1_pm_post_always,task003_symmetric,12,24.00000,9.00000,0.75000,both,2,,,,,,,,,,,,,,,,,0.06752,0.06283,0.07219,-0.07481,-0.07983,-0.06967
sim1_pm_post_always,task003_symmetric,12,24.00000,9.00000,0.75000,false,2,0.14233,0.13263,0.15196,-0.00371,0.18600,0.04367,0.01087,255.13200,0.97752,0.01339,0.12100,0.01100,,0.00200,0.04600,0.00000,,,,,,
sim1_pm_post_always,task003_symmetric,12,24.00000,9.00000,0.75000,truth,0,0.00712,0.00488,0.00975,0.00017,0.94888,0.94175,0.01475,1.17000,0.00448,0.14615,1.00000,0.99900,2.00000,0.32500,0.00000,0.28700,,,,,,
sim1_pm_post_always,task003_symmetric,12,24.00000,9.00000,1.00000,both,0,,,,,,,,,,,,,,,,,-0.00004,-0.00010,0.00000,0.00000,-0.00006,0.00006
sim1_pm_post_always,task003_symmetric,12,24.00000,9.00000,1.00000,both,1,,,,,,,,,,,,,,,,,0.00002,0.00000,0.00006,0.00002,0.00000,0.00006
sim1_pm_post_always,task003_symmetric,12,24.00000,9.00000,1.00000,both,2,,,,,,,,,,,,,,,,,0.00002,0.00000,0.00006,-0.00002,-0.00006,0.00000
sim1_pm_post_always,task003_symmetric,12,24.00000,9.00000,1.00000,false,2,0.00004,0.00000,0.00013,0.00000,0.00004,0.00000,0.00000,260.70300,0.99886,0.00000,0.02700,0.00900,,0.00000,0.99900,0.00000,,,,,,
sim1_pm_post_always,task003_symmetric,12,24.00000,9.00000,1.00000,truth,0,-0.00004,-0.00012,0.00000,0.00004,0.99996,1.00000,0.00004,0.91800,0.00352,-0.00109,1.00000,1.00000,2.00000,0.99900,0.00000,1.00000,,,,,,
sim1_uniform_post,task003_nosolution,3,3.00000,1.00000,0.75000,both,0,,,,,,,,,,,,,,,,,0.05052,0.03069,0.07056,0.39727,0.39294,0.40206
sim1_uniform_post,task003_nosolution,3,3.00000,1.00000,0.75000,both,1,,,,,,,,,,,,,,,,,-0.06196,-0.07288,-0.05139,0.01825,0.01523,0.02135
sim1_uniform_post,task003_nosolution,3,3.00000,1.00000,0.75000,both,2,,,,,,,,,,,,,,,,,0.01144,-0.00894,0.03156,-0.41552,-0.41994,-0.41131
sim1_uniform_post,task003_nosolution,3,3.00000,1.00000,0.75000,false,2,0.42696,0.40662,0.44804,-0.08021,0.90579,0.47883,0.01983,9.05900,0.31238,1.13114,1.00000,0.69200,2.00000,0.34000,0.00000,0.06200,,,,,,
sim1_uniform_post,task003_nosolution,3,3.00000,1.00000,0.75000,truth,0,0.44779,0.42733,0.46813,-0.04371,0.86892,0.42113,0.05633,10.69300,0.36872,1.00505,1.00000,0.62700,2.00000,0.20900,0.00000,0.03600,,,,,,
sim1_uniform_post,task003_nosolution,3,3.00000,1.00000,1.00000,both,0,,,,,,,,,,,,,,,,,-0.10394,-0.12056,-0.08700,0.46027,0.45391,0.46630
sim1_uniform_post,task003_nosolution,3,3.00000,1.00000,1.00000,both,1,,,,,,,,,,,,,,,,,0.00000,0.00000,0.00000,0.00000,0.00000,0.00000
sim1_uniform_post,task003_nosolution,3,3.00000,1.00000,1.00000,both,2,,,,,,,,,,,,,,,,,0.10394,0.08700,0.12056,-0.46027,-0.46630,-0.45391
sim1_uniform_post,task003_nosolution,3,3.00000,1.00000,1.00000,false,2,0.56421,0.54450,0.58314,0.00000,0.93363,0.36942,0.00000,8.44600,0.29124,1.60324,0.99500,0.55200,2.00000,0.77400,0.00000,0.00500,,,,,,
sim1_uniform_post,task003_nosolution,3,3.00000,1.00000,1.00000,truth,0,0.35633,0.34113,0.37267,0.00000,0.98692,0.63058,0.00000,4.67900,0.16134,1.82774,1.00000,0.73900,2.00000,0.92700,0.00000,0.08900,,,,,,
sim1_uniform_post,task003_nosolution,3,3.00000,2.00000,0.75000,both,0,,,,,,,,,,,,,,,,,0.05362,0.03435,0.07342,0.40575,0.40098,0.41031
sim1_uniform_post,task003_nosolution,3,3.00000,2.00000,0.75000,both,1,,,,,,,,,,,,,,,,,-0.06700,-0.07790,-0.05660,0.02133,0.01883,0.02408
sim1_uniform_post,task003_nosolution,3,3.00000,2.00000,0.75000,both,2,,,,,,,,,,,,,,,,,0.01337,-0.00769,0.03362,-0.42708,-0.43113,-0.42300
sim1_uniform_post,task003_nosolution,3,3.00000,2.00000,0.75000,false,2,0.44046,0.41879,0.46208,-0.08833,0.91929,0.47883,0.01171,16.30600,0.28114,0.64829,1.00000,0.69200,2.00000,0.37400,0.00000,0.06200,,,,,,
sim1_uniform_post,task003_nosolution,3,3.00000,2.00000,0.75000,truth,0,0.45937,0.43820,0.47971,-0.04567,0.88050,0.42113,0.05437,20.35400,0.35093,0.54166,1.00000,0.62700,2.00000,0.21700,0.00000,0.03600,,,,,,
sim1_uniform_post,task003_nosolution,3,3.00000,2.00000,1.00000,both,0,,,,,,,,,,,,,,,,,-0.05627,-0.07438,-0.03870,0.42206,0.41321,0.42992
sim1_uniform_post,task003_nosolution,3,3.00000,2.00000,1.00000,both,1,,,,,,,,,,,,,,,,,0.00000,0.00000,0.00000,0.00000,0.00000,0.00000
sim1_uniform_post,task003_nosolution,3,3.00000,2.00000,1.00000,both,2,,,,,,,,,,,,,,,,,0.05627,0.03870,0.07438,-0.42206,-0.42992,-0.41321
sim1_uniform_post,task003_nosolution,3,3.00000,2.00000,1.00000,false,2,0.47833,0.45529,0.50083,0.00000,0.84775,0.36942,0.00000,16.77800,0.28928,0.68423,0.99100,0.55200,2.00000,0.63500,0.00000,0.00500,,,,,,
sim1_uniform_post,task003_nosolution,3,3.00000,2.00000,1.00000,truth,0,0.36579,0.34911,0.38154,0.00000,0.99638,0.63058,0.00000,6.18600,0.10666,1.41917,1.00000,0.73900,2.00000,0.95400,0.00000,0.08900,,,,,,
sim1_uniform_post,task003_nosolution,3,3.00000,3.00000,0.75000,both,0,,,,,,,,,,,,,,,,,0.05575,0.03629,0.07644,0.42542,0.42117,0.42967
sim1_uniform_post,task003_nosolution,3,3.00000,3.00000,0.75000,both,1,,,,,,,,,,,,,,,,,-0.07590,-0.08734,-0.06533,0.00973,0.00733,0.01204
sim1_uniform_post,task003_nosolution,3,3.00000,3.00000,0.75000,both,2,,,,,,,,,,,,,,,,,0.02015,-0.00034,0.04028,-0.43515,-0.43892,-0.43129
sim1_uniform_post,task003_nosolution,3,3.00000,3.00000,0.75000,false,2,0.45529,0.43517,0.47600,-0.08562,0.93412,0.47883,0.01442,23.55600,0.27076,0.46387,1.00000,0.69200,2.00000,0.42000,0.00000,0.06200,,,,,,
sim1_uniform_post,task003_nosolution,3,3.00000,3.00000,0.75000,truth,0,0.48117,0.46004,0.50243,-0.06617,0.90229,0.42113,0.03388,29.00400,0.33338,0.39815,1.00000,0.62700,2.00000,0.28700,0.00000,0.03600,,,,,,
sim1_uniform_post,task003_nosolution,3,3.00000,3.00000,1.00000,both,0,,,,,,,,,,,,,,,,,-0.00846,-0.02731,0.00945,0.37658,0.36581,0.38621
sim1_uniform_post,task003_nosolution,3,3.00000,3.00000,1.00000,both,1,,,,,,,,,,,,,,,,,0.00000,0.00000,0.00000,0.00000,0.00000,0.00000
sim1_uniform_post,task003_nosolution,3,3.00000,3.00000,1.00000,both,2,,,,,,,,,,,,,,,,,0.00846,-0.00945,0.02731,-0.37658,-0.38621,-0.36581
sim1_uniform_post,task003_nosolution,3,3.00000,3.00000,1.00000,false,2,0.38504,0.35958,0.40921,0.00000,0.75446,0.36942,0.00000,32.18100,0.36990,0.28716,0.98400,0.55200,2.00000,0.43300,0.00600,0.00500,,,,,,
sim1_uniform_post,task003_nosolution,3,3.00000,3.00000,1.00000,truth,0,0.36813,0.35104,0.38417,0.00000,0.99871,0.63058,0.00000,9.10500,0.10466,0.97035,1.00000,0.73900,3.00000,0.98000,0.00000,0.08900,,,,,,
sim1_uniform_post,task003_nosolution,3,3.00000,6.00000,0.75000,both,0,,,,,,,,,,,,,,,,,-0.00413,-0.02280,0.01621,0.38408,0.37910,0.38898
sim1_uniform_post,task003_nosolution,3,3.00000,6.00000,0.75000,both,1,,,,,,,,,,,,,,,,,-0.07240,-0.08380,-0.06183,0.00994,0.00765,0.01204
sim1_uniform_post,task003_nosolution,3,3.00000,6.00000,0.75000,both,2,,,,,,,,,,,,,,,,,0.07652,0.05735,0.09534,-0.39402,-0.39904,-0.38913
sim1_uniform_post,task003_nosolution,3,3.00000,6.00000,0.75000,false,2,0.47054,0.45158,0.48887,-0.08233,0.94937,0.47883,0.01771,38.86800,0.22338,0.29055,1.00000,0.69200,2.00000,0.50900,0.00000,0.06200,,,,,,
sim1_uniform_post,task003_nosolution,3,3.00000,6.00000,0.75000,truth,0,0.37996,0.35871,0.40213,-0.06246,0.80108,0.42113,0.03758,78.34800,0.45028,0.11639,1.00000,0.62700,3.00000,0.12200,0.00000,0.03600,,,,,,
sim1_uniform_post,task003_nosolution,3,3.00000,6.00000,1.00000,both,0,,,,,,,,,,,,,,,,,0.03442,0.01826,0.05134,0.32688,0.31729,0.33602
sim1_uniform_post,task003_nosolution,3,3.00000,6.00000,1.00000,both,1,,,,,,,,,,,,,,,,,0.00000,0.00000,0.00000,0.00000,0.00000,0.00000
sim1_uniform_post,task003_nosolution,3,3.00000,6.00000,1.00000,both,2,,,,,,,,,,,,,,,,,-0.03442,-0.05134,-0.01826,-0.32688,-0.33602,-0.31729
sim1_uniform_post,task003_nosolution,3,3.00000,6.00000,1.00000,false,2,0.29246,0.26925,0.31588,0.00000,0.66187,0.36942,0.00000,75.85200,0.43593,0.09254,0.97700,0.55200,2.00000,0.23200,0.00500,0.00500,,,,,,
sim1_uniform_post,task003_nosolution,3,3.00000,6.00000,1.00000,truth,0,0.36129,0.34616,0.37699,0.00000,0.99187,0.63058,0.00000,26.89800,0.15459,0.32237,0.99900,0.73900,3.00000,0.90900,0.00000,0.08900,,,,,,
sim1_uniform_post,task003_nosolution,3,3.00000,9.00000,0.75000,both,0,,,,,,,,,,,,,,,,,-0.01600,-0.03465,0.00428,0.30458,0.29962,0.30936
sim1_uniform_post,task003_nosolution,3,3.00000,9.00000,0.75000,both,1,,,,,,,,,,,,,,,,,-0.07715,-0.08850,-0.06485,-0.00656,-0.00850,-0.00475
sim1_uniform_post,task003_nosolution,3,3.00000,9.00000,0.75000,both,2,,,,,,,,,,,,,,,,,0.09315,0.07295,0.11319,-0.29802,-0.30325,-0.29269
sim1_uniform_post,task003_nosolution,3,3.00000,9.00000,0.75000,false,2,0.39117,0.37103,0.41184,-0.07058,0.87000,0.47883,0.02946,115.88400,0.44400,0.08101,1.00000,0.69200,3.00000,0.16900,0.00000,0.06200,,,,,,
sim1_uniform_post,task003_nosolution,3,3.00000,9.00000,0.75000,truth,0,0.28858,0.26804,0.31009,-0.08371,0.70971,0.42113,0.01633,172.01700,0.65907,0.04026,0.99000,0.62700,5.00000,0.00400,0.00000,0.03600,,,,,,
sim1_uniform_post,task003_nosolution,3,3.00000,9.00000,1.00000,both,0,,,,,,,,,,,,,,,,,0.27581,0.25804,0.29321,0.08560,0.07829,0.09259
sim1_uniform_post,task003_nosolution,3,3.00000,9.00000,1.00000,both,1,,,,,,,,,,,,,,,,,0.00000,0.00000,0.00000,0.00000,0.00000,0.00000
sim1_uniform_post,task003_nosolution,3,3.00000,9.00000,1.00000,both,2,,,,,,,,,,,,,,,,,-0.27581,-0.29321,-0.25804,-0.08560,-0.09259,-0.07829
sim1_uniform_post,task003_nosolution,3,3.00000,9.00000,1.00000,false,2,-0.19021,-0.21017,-0.16866,0.00000,0.17921,0.36942,0.00000,210.46500,0.80638,-0.02169,0.69700,0.55200,3.00000,0.00600,0.27400,0.00500,,,,,,
sim1_uniform_post,task003_nosolution,3,3.00000,9.00000,1.00000,truth,0,0.36142,0.34466,0.37692,0.00000,0.99200,0.63058,0.00000,50.67900,0.19417,0.17116,1.00000,0.73900,4.00000,0.91800,0.00000,0.08900,,,,,,
sim1_uniform_post,task003_nosolution,3,6.00000,1.00000,0.75000,both,0,,,,,,,,,,,,,,,,,0.04717,0.02693,0.06540,0.38433,0.37956,0.38933
sim1_uniform_post,task003_nosolution,3,6.00000,1.00000,0.75000,both,1,,,,,,,,,,,,,,,,,-0.05837,-0.06919,-0.04794,0.01400,0.01073,0.01690
sim1_uniform_post,task003_nosolution,3,6.00000,1.00000,0.75000,both,2,,,,,,,,,,,,,,,,,0.01121,-0.00869,0.03217,-0.39833,-0.40321,-0.39346
sim1_uniform_post,task003_nosolution,3,6.00000,1.00000,0.75000,false,2,0.40954,0.38853,0.43121,-0.07237,0.88838,0.47883,0.02767,7.00200,0.24145,1.40374,1.00000,0.69200,2.00000,0.29800,0.00000,0.06200,,,,,,
sim1_uniform_post,task003_nosolution,3,6.00000,1.00000,0.75000,truth,0,0.43150,0.41111,0.45109,-0.04437,0.85262,0.42113,0.05567,8.51400,0.29359,1.21635,1.00000,0.62700,2.00000,0.16700,0.00000,0.03600,,,,,,
sim1_uniform_post,task003_nosolution,3,6.00000,1.00000,1.00000,both,0,,,,,,,,,,,,,,,,,-0.08706,-0.10254,-0.06879,0.44719,0.43958,0.45419
sim1_uniform_post,task003_nosolution,3,6.00000,1.00000,1.00000,both,1,,,,,,,,,,,,,,,,,0.00000,0.00000,0.00000,0.00000,0.00000,0.00000
sim1_uniform_post,task003_nosolution,3,6.00000,1.00000,1.00000,both,2,,,,,,,,,,,,,,,,,0.08706,0.06879,0.10254,-0.44719,-0.45419,-0.43958
sim1_uniform_post,task003_nosolution,3,6.00000,1.00000,1.00000,false,2,0.53425,0.51199,0.55267,0.00000,0.90367,0.36942,0.00000,6.92000,0.23862,1.85289,0.98400,0.55200,2.00000,0.73400,0.00000,0.00500,,,,,,
sim1_uniform_post,task003_nosolution,3,6.00000,1.00000,1.00000,truth,0,0.36013,0.34467,0.37679,0.00000,0.99071,0.63058,0.00000,3.03600,0.10469,2.84684,1.00000,0.73900,2.00000,0.91100,0.00000,0.08900,,,,,,
sim1_uniform_post,task003_nosolution,3,6.00000,2.00000,0.75000,both,0,,,,,,,,,,,,,,,,,0.04573,0.02564,0.06503,0.39990,0.39542,0.40448
sim1_uniform_post,task003_nosolution,3,6.00000,2.00000,0.75000,both,1,,,,,,,,,,,,,,,,,-0.06162,-0.07288,-0.05064,0.01317,0.01063,0.01585
sim1_uniform_post,task003_nosolution,3,6.00000,2.00000,0.75000,both,2,,,,,,,,,,,,,,,,,0.01590,-0.00239,0.03699,-0.41306,-0.41756,-0.40875
sim1_uniform_post,task003_nosolution,3,6.00000,2.00000,0.75000,false,2,0.42896,0.40904,0.45100,-0.07479,0.90779,0.47883,0.02525,11.73200,0.20228,0.87751,1.00000,0.69200,2.00000,0.32000,0.00000,0.06200,,,,,,
sim1_uniform_post,task003_nosolution,3,6.00000,2.00000,0.75000,truth,0,0.44562,0.42550,0.46546,-0.04846,0.86675,0.42113,0.05158,15.42000,0.26586,0.69358,1.00000,0.62700,2.00000,0.19400,0.00000,0.03600,,,,,,
sim1_uniform_post,task003_nosolution,3,6.00000,2.00000,1.00000,both,0,,,,,,,,,,,,,,,,,-0.03785,-0.05431,-0.02168,0.40227,0.39245,0.41123
sim1_uniform_post,task003_nosolution,3,6.00000,2.00000,1.00000,both,1,,,,,,,,,,,,,,,,,0.00000,0.00000,0.00000,0.00000,0.00000,0.00000
sim1_uniform_post,task003_nosolution,3,6.00000,2.00000,1.00000,both,2,,,,,,,,,,,,,,,,,0.03785,0.02168,0.05431,-0.40227,-0.41123,-0.39245
sim1_uniform_post,task003_nosolution,3,6.00000,2.00000,1.00000,false,2,0.44013,0.41829,0.46204,0.00000,0.80954,0.36942,0.00000,14.63800,0.25238,0.72161,0.98800,0.55200,2.00000,0.60800,0.00700,0.00500,,,,,,
sim1_uniform_post,task003_nosolution,3,6.00000,2.00000,1.00000,truth,0,0.36442,0.34837,0.37888,0.00000,0.99500,0.63058,0.00000,4.41000,0.07603,1.98322,1.00000,0.73900,2.00000,0.94900,0.00000,0.08900,,,,,,
sim1_uniform_post,task003_nosolution,3,6.00000,3.00000,0.75000,both,0,,,,,,,,,,,,,,,,,0.04787,0.02867,0.06790,0.41367,0.40917,0.41802
sim1_uniform_post,task003_nosolution,3,6.00000,3.00000,0.75000,both,1,,,,,,,,,,,,,,,,,-0.06587,-0.07681,-0.05473,0.00483,0.00200,0.00777
sim1_uniform_post,task003_nosolution,3,6.00000,3.00000,0.75000,both,2,,,,,,,,,,,,,,,,,0.01800,-0.00244,0.03808,-0.41850,-0.42283,-0.41396
sim1_uniform_post,task003_nosolution,3,6.00000,3.00000,0.75000,false,2,0.43650,0.41499,0.45642,-0.07071,0.91533,0.47883,0.02933,17.04300,0.19590,0.61468,1.00000,0.69200,2.00000,0.35500,0.00000,0.06200,,,,,,
sim1_uniform_post,task003_nosolution,3,6.00000,3.00000,0.75000,truth,0,0.46154,0.44083,0.48250,-0.06104,0.88267,0.42113,0.03900,21.70200,0.24945,0.51041,1.00000,0.62700,3.00000,0.25300,0.00000,0.03600,,,,,,
sim1_uniform_post,task003_nosolution,3,6.00000,3.00000,1.00000,both,0,,,,,,,,,,,,,,,,,0.01908,0.00191,0.03663,0.34767,0.33660,0.35800
sim1_uniform_post,task003_nosolution,3,6.00000,3.00000,1.00000,both,1,,,,,,,,,,,,,,,,,0.00000,0.00000,0.00000,0.00000,0.00000,0.00000
sim1_uniform_post,task003_nosolution,3,6.00000,3.00000,1.00000,both,2,,,,,,,,,,,,,,,,,-0.01908,-0.03663,-0.00191,-0.34767,-0.35800,-0.33660
sim1_uniform_post,task003_nosolution,3,6.00000,3.00000,1.00000,false,2,0.32858,0.30362,0.35068,0.00000,0.69800,0.36942,0.00000,29.81700,0.34272,0.26448,0.98000,0.55200,2.00000,0.39000,0.01000,0.00500,,,,,,
sim1_uniform_post,task003_nosolution,3,6.00000,3.00000,1.00000,truth,0,0.36675,0.35119,0.38113,0.00000,0.99733,0.63058,0.00000,6.76500,0.07776,1.30111,1.00000,0.73900,3.00000,0.96200,0.00000,0.08900,,,,,,
sim1_uniform_post,task003_nosolution,3,6.00000,6.00000,0.75000,both,0,,,,,,,,,,,,,,,,,-0.00267,-0.02275,0.01859,0.37688,0.37142,0.38237
sim1_uniform_post,task003_nosolution,3,6.00000,6.00000,0.75000,both,1,,,,,,,,,,,,,,,,,-0.06171,-0.07254,-0.05144,0.01000,0.00727,0.01258
sim1_uniform_post,task003_nosolution,3,6.00000,6.00000,0.75000,both,2,,,,,,,,,,,,,,,,,0.06437,0.04277,0.08347,-0.38688,-0.39231,-0.38142
sim1_uniform_post,task003_nosolution,3,6.00000,6.00000,0.75000,false,2,0.45125,0.42958,0.47038,-0.07171,0.93008,0.47883,0.02833,29.74800,0.17097,0.36406,1.00000,0.69200,2.00000,0.42100,0.00000,0.06200,,,,,,
sim1_uniform_post,task003_nosolution,3,6.00000,6.00000,0.75000,truth,0,0.37421,0.35274,0.39646,-0.05171,0.79533,0.42113,0.04833,63.87000,0.36707,0.14061,0.99900,0.62700,3.00000,0.12300,0.00000,0.03600,,,,,,
sim1_uniform_post,task003_nosolution,3,6.00000,6.00000,1.00000,both,0,,,,,,,,,,,,,,,,,0.04298,0.02515,0.05984,0.32285,0.31254,0.33350
sim1_uniform_post,task003_nosolution,3,6.00000,6.00000,1.00000,both,1,,,,,,,,,,,,,,,,,0.00000,0.00000,0.00000,0.00000,0.00000,0.00000
sim1_uniform_post,task003_nosolution,3,6.00000,6.00000,1.00000,both,2,,,,,,,,,,,,,,,,,-0.04298,-0.05984,-0.02515,-0.32285,-0.33350,-0.31254
sim1_uniform_post,task003_nosolution,3,6.00000,6.00000,1.00000,false,2,0.27988,0.25683,0.30463,0.00000,0.64929,0.36942,0.00000,65.22600,0.37486,0.10298,0.96800,0.55200,2.00000,0.24200,0.01300,0.00500,,,,,,
sim1_uniform_post,task003_nosolution,3,6.00000,6.00000,1.00000,truth,0,0.36583,0.34971,0.38204,0.00000,0.99642,0.63058,0.00000,16.95000,0.09741,0.51799,1.00000,0.73900,3.00000,0.94500,0.00000,0.08900,,,,,,
sim1_uniform_post,task003_nosolution,3,6.00000,9.00000,0.75000,both,0,,,,,,,,,,,,,,,,,-0.00531,-0.02469,0.01492,0.28356,0.27766,0.28969
sim1_uniform_post,task003_nosolution,3,6.00000,9.00000,0.75000,both,1,,,,,,,,,,,,,,,,,-0.07235,-0.08379,-0.06204,-0.00269,-0.00469,-0.00069
sim1_uniform_post,task003_nosolution,3,6.00000,9.00000,0.75000,both,2,,,,,,,,,,,,,,,,,0.07767,0.05710,0.09807,-0.28088,-0.28756,-0.27452
sim1_uniform_post,task003_nosolution,3,6.00000,9.00000,0.75000,false,2,0.35854,0.33771,0.37996,-0.06967,0.83737,0.47883,0.03037,99.45900,0.38107,0.08652,0.99600,0.69200,3.00000,0.15600,0.00000,0.06200,,,,,,
sim1_uniform_post,task003_nosolution,3,6.00000,9.00000,0.75000,truth,0,0.27825,0.25850,0.30004,-0.07504,0.69937,0.42113,0.02500,157.49100,0.60341,0.04240,0.98800,0.62700,5.00000,0.01100,0.00000,0.03600,,,,,,
sim1_uniform_post,task003_nosolution,3,6.00000,9.00000,1.00000,both,0,,,,,,,,,,,,,,,,,0.28044,0.26335,0.29897,0.08015,0.07292,0.08802
sim1_uniform_post,task003_nosolution,3,6.00000,9.00000,1.00000,both,1,,,,,,,,,,,,,,,,,0.00000,0.00000,0.00000,0.00000,0.00000,0.00000
sim1_uniform_post,task003_nosolution,3,6.00000,9.00000,1.00000,both,2,,,,,,,,,,,,,,,,,-0.28044,-0.29897,-0.26335,-0.08015,-0.08802,-0.07292
sim1_uniform_post,task003_nosolution,3,6.00000,9.00000,1.00000,false,2,-0.20029,-0.22101,-0.17925,0.00000,0.16912,0.36942,0.00000,202.85100,0.77721,-0.02370,0.67000,0.55200,3.00000,0.00900,0.33800,0.00500,,,,,,
sim1_uniform_post,task003_nosolution,3,6.00000,9.00000,1.00000,truth,0,0.36058,0.34483,0.37863,0.00000,0.99117,0.63058,0.00000,38.55600,0.14772,0.22445,0.99900,0.73900,4.00000,0.90900,0.00000,0.08900,,,,,,
sim1_uniform_post,task003_nosolution,3,12.00000,1.00000,0.75000,both,0,,,,,,,,,,,,,,,,,0.04721,0.02574,0.06726,0.37313,0.36731,0.37844
sim1_uniform_post,task003_nosolution,3,12.00000,1.00000,0.75000,both,1,,,,,,,,,,,,,,,,,-0.05617,-0.06800,-0.04552,0.01113,0.00796,0.01427
sim1_uniform_post,task003_nosolution,3,12.00000,1.00000,0.75000,both,2,,,,,,,,,,,,,,,,,0.00896,-0.01074,0.03008,-0.38425,-0.38925,-0.37892
sim1_uniform_post,task003_nosolution,3,12.00000,1.00000,0.75000,false,2,0.39321,0.37208,0.41355,-0.06729,0.87204,0.47883,0.03275,5.97000,0.20586,1.58074,1.00000,0.69200,2.00000,0.26600,0.00000,0.06200,,,,,,
sim1_uniform_post,task003_nosolution,3,12.00000,1.00000,0.75000,truth,0,0.42033,0.39825,0.44176,-0.04504,0.84146,0.42113,0.05500,7.32300,0.25252,1.37758,1.00000,0.62700,2.00000,0.15300,0.00000,0.03600,,,,,,
sim1_uniform_post,task003_nosolution,3,12.00000,1.00000,1.00000,both,0,,,,,,,,,,,,,,,,,-0.07256,-0.08962,-0.05383,0.43265,0.42379,0.44135
sim1_uniform_post,task003_nosolution,3,12.00000,1.00000,1.00000,both,1,,,,,,,,,,,,,,,,,0.00000,0.00000,0.00000,0.00000,0.00000,0.00000
sim1_uniform_post,task003_nosolution,3,12.00000,1.00000,1.00000,both,2,,,,,,,,,,,,,,,,,0.07256,0.05383,0.08962,-0.43265,-0.44135,-0.42379
sim1_uniform_post,task003_nosolution,3,12.00000,1.00000,1.00000,false,2,0.50521,0.48229,0.52721,0.00000,0.87462,0.36942,0.00000,6.39200,0.22041,1.89690,0.97100,0.55200,2.00000,0.66600,0.00900,0.00500,,,,,,
sim1_uniform_post,task003_nosolution,3,12.00000,1.00000,1.00000,truth,0,0.36008,0.34450,0.37746,0.00000,0.99067,0.63058,0.00000,2.29300,0.07907,3.76886,1.00000,0.73900,2.00000,0.89600,0.00000,0.08900,,,,,,
sim1_uniform_post,task003_nosolution,3,12.00000,2.00000,0.75000,both,0,,,,,,,,,,,,,,,,,0.04758,0.02860,0.06725,0.39083,0.38554,0.39598
sim1_uniform_post,task003_nosolution,3,12.00000,2.00000,0.75000,both,1,,,,,,,,,,,,,,,,,-0.05881,-0.06943,-0.04839,0.01102,0.00806,0.01421
sim1_uniform_post,task003_nosolution,3,12.00000,2.00000,0.75000,both,2,,,,,,,,,,,,,,,,,0.01123,-0.00884,0.03042,-0.40185,-0.40671,-0.39702
sim1_uniform_post,task003_nosolution,3,12.00000,2.00000,0.75000,false,2,0.41308,0.39145,0.43229,-0.06983,0.89192,0.47883,0.03021,9.96800,0.17186,0.99458,1.00000,0.69200,2.00000,0.29600,0.00000,0.06200,,,,,,
sim1_uniform_post,task003_nosolution,3,12.00000,2.00000,0.75000,truth,0,0.43842,0.41866,0.45821,-0.04779,0.85954,0.42113,0.05225,12.87400,0.22197,0.81731,1.00000,0.62700,2.00000,0.18200,0.00000,0.03600,,,,,,
sim1_uniform_post,task003_nosolution,3,12.00000,2.00000,1.00000,both,0,,,,,,,,,,,,,,,,,-0.03494,-0.05234,-0.01754,0.39865,0.38806,0.40844
sim1_uniform_post,task003_nosolution,3,12.00000,2.00000,1.00000,both,1,,,,,,,,,,,,,,,,,0.00000,0.00000,0.00000,0.00000,0.00000,0.00000
sim1_uniform_post,task003_nosolution,3,12.00000,2.00000,1.00000,both,2,,,,,,,,,,,,,,,,,0.03494,0.01754,0.05234,-0.39865,-0.40844,-0.38806
sim1_uniform_post,task003_nosolution,3,12.00000,2.00000,1.00000,false,2,0.43358,0.40898,0.45604,0.00000,0.80300,0.36942,0.00000,13.63400,0.23507,0.76324,0.98000,0.55200,2.00000,0.61600,0.01900,0.00500,,,,,,
sim1_uniform_post,task003_nosolution,3,12.00000,2.00000,1.00000,truth,0,0.36371,0.34808,0.37964,0.00000,0.99429,0.63058,0.00000,3.80800,0.06566,2.29228,1.00000,0.73900,2.00000,0.94500,0.00000,0.08900,,,,,,
sim1_uniform_post,task003_nosolution,3,12.00000,3.00000,0.75000,both,0,,,,,,,,,,,,,,,,,0.04719,0.02704,0.06711,0.40510,0.40083,0.40950
sim1_uniform_post,task003_nosolution,3,12.00000,3.00000,0.75000,both,1,,,,,,,,,,,,,,,,,-0.06275,-0.07500,-0.05183,0.00350,0.00052,0.00652
sim1_uniform_post,task003_nosolution,3,12.00000,3.00000,0.75000,both,2,,,,,,,,,,,,,,,,,0.01556,-0.00358,0.03569,-0.40860,-0.41358,-0.40396
sim1_uniform_post,task003_nosolution,3,12.00000,3.00000,0.75000,false,2,0.42417,0.40537,0.44456,-0.06625,0.90300,0.47883,0.03379,14.17500,0.16293,0.71817,1.00000,0.69200,2.00000,0.33200,0.00000,0.06200,,,,,,
sim1_uniform_post,task003_nosolution,3,12.00000,3.00000,0.75000,truth,0,0.45229,0.43125,0.47263,-0.05925,0.87342,0.42113,0.04079,17.52600,0.20145,0.61937,1.00000,0.62700,3.00000,0.20700,0.00000,0.03600,,,,,,
sim1_uniform_post,task003_nosolution,3,12.00000,3.00000,1.00000,both,0,,,,,,,,,,,,,,,,,0.01035,-0.00813,0.02777,0.35552,0.34489,0.36656
sim1_uniform_post,task003_nosolution,3,12.00000,3.00000,1.00000,both,1,,,,,,,,,,,,,,,,,0.00000,0.00000,0.00000,0.00000,0.00000,0.00000
sim1_uniform_post,task003_nosolution,3,12.00000,3.00000,1.00000,both,2,,,,,,,,,,,,,,,,,-0.01035,-0.02777,0.00813,-0.35552,-0.36656,-0.34489
sim1_uniform_post,task003_nosolution,3,12.00000,3.00000,1.00000,false,2,0.34517,0.32202,0.36996,0.00000,0.71458,0.36942,0.00000,25.87500,0.29741,0.32015,0.97500,0.55200,2.00000,0.41900,0.01600,0.00500,,,,,,
sim1_uniform_post,task003_nosolution,3,12.00000,3.00000,1.00000,truth,0,0.36588,0.35079,0.38221,0.00000,0.99646,0.63058,0.00000,5.68500,0.06534,1.54459,1.00000,0.73900,3.00000,0.96000,0.00000,0.08900,,,,,,
sim1_uniform_post,task003_nosolution,3,12.00000,6.00000,0.75000,both,0,,,,,,,,,,,,,,,,,0.00258,-0.01743,0.02159,0.37137,0.36629,0.37698
sim1_uniform_post,task003_nosolution,3,12.00000,6.00000,0.75000,both,1,,,,,,,,,,,,,,,,,-0.06146,-0.07215,-0.05124,0.00433,0.00150,0.00729
sim1_uniform_post,task003_nosolution,3,12.00000,6.00000,0.75000,both,2,,,,,,,,,,,,,,,,,0.05887,0.03981,0.07892,-0.37571,-0.38142,-0.37054
sim1_uniform_post,task003_nosolution,3,12.00000,6.00000,0.75000,false,2,0.43458,0.41471,0.45500,-0.06579,0.91342,0.47883,0.03425,26.11200,0.15007,0.39943,1.00000,0.69200,2.00000,0.35300,0.00000,0.06200,,,,,,
sim1_uniform_post,task003_nosolution,3,12.00000,6.00000,0.75000,truth,0,0.37396,0.35262,0.39434,-0.05713,0.79508,0.42113,0.04292,58.38600,0.33555,0.15372,0.99900,0.62700,3.00000,0.12300,0.00000,0.03600,,,,,,
sim1_uniform_post,task003_nosolution,3,12.00000,6.00000,1.00000,both,0,,,,,,,,,,,,,,,,,0.03940,0.02206,0.05788,0.32385,0.31283,0.33449
sim1_uniform_post,task003_nosolution,3,12.00000,6.00000,1.00000,both,1,,,,,,,,,,,,,,,,,0.00000,0.00000,0.00000,0.00000,0.00000,0.00000
sim1_uniform_post,task003_nosolution,3,12.00000,6.00000,1.00000,both,2,,,,,,,,,,,,,,,,,-0.03940,-0.05788,-0.02206,-0.32385,-0.33449,-0.31283
sim1_uniform_post,task003_nosolution,3,12.00000,6.00000,1.00000,false,2,0.28446,0.25820,0.30685,0.00000,0.65387,0.36942,0.00000,58.36800,0.33545,0.11696,0.96300,0.55200,2.00000,0.26500,0.01700,0.00500,,,,,,
sim1_uniform_post,task003_nosolution,3,12.00000,6.00000,1.00000,truth,0,0.36325,0.34741,0.37796,0.00000,0.99383,0.63058,0.00000,14.44200,0.08300,0.60366,1.00000,0.73900,3.00000,0.93000,0.00000,0.08900,,,,,,
sim1_uniform_post,task003_nosolution,3,12.00000,9.00000,0.75000,both,0,,,,,,,,,,,,,,,,,-0.00167,-0.02176,0.01919,0.26954,0.26242,0.27631
sim1_uniform_post,task003_nosolution,3,12.00000,9.00000,0.75000,both,1,,,,,,,,,,,,,,,,,-0.06406,-0.07498,-0.05403,-0.00194,-0.00463,0.00075
sim1_uniform_post,task003_nosolution,3,12.00000,9.00000,0.75000,both,2,,,,,,,,,,,,,,,,,0.06573,0.04451,0.08579,-0.26760,-0.27436,-0.26000
sim1_uniform_post,task003_nosolution,3,12.00000,9.00000,0.75000,false,2,0.33333,0.31062,0.35434,-0.06212,0.81217,0.47883,0.03792,95.40900,0.36555,0.08385,0.99400,0.69200,3.00000,0.14000,0.00000,0.06200,,,,,,
sim1_uniform_post,task003_nosolution,3,12.00000,9.00000,0.75000,truth,0,0.26788,0.24529,0.28942,-0.06600,0.68900,0.42113,0.03404,152.24400,0.58331,0.04223,0.97300,0.62700,6.00000,0.01800,0.00000,0.03600,,,,,,
sim1_uniform_post,task003_nosolution,3,12.00000,9.00000,1.00000,both,0,,,,,,,,,,,,,,,,,0.26431,0.24656,0.28115,0.09569,0.08689,0.10444
sim1_uniform_post,task003_nosolution,3,12.00000,9.00000,1.00000,both,1,,,,,,,,,,,,,,,,,0.00000,0.00000,0.00000,0.00000,0.00000,0.00000
sim1_uniform_post,task003_nosolution,3,12.00000,9.00000,1.00000,both,2,,,,,,,,,,,,,,,,,-0.26431,-0.28115,-0.24656,-0.09569,-0.10444,-0.08689
sim1_uniform_post,task003_nosolution,3,12.00000,9.00000,1.00000,false,2,-0.16863,-0.19059,-0.14617,0.00000,0.20079,0.36942,0.00000,194.85000,0.74655,-0.02077,0.66500,0.55200,4.00000,0.01300,0.31700,0.00500,,,,,,
sim1_uniform_post,task003_nosolution,3,12.00000,9.00000,1.00000,truth,0,0.36000,0.34308,0.37608,0.00000,0.99058,0.63058,0.00000,32.37300,0.12403,0.26689,0.99800,0.73900,4.00000,0.90900,0.00000,0.08900,,,,,,
sim1_uniform_post,task003_nosolution,3,24.00000,1.00000,0.75000,both,0,,,,,,,,,,,,,,,,,0.05256,0.03398,0.07294,0.37198,0.36625,0.37775
sim1_uniform_post,task003_nosolution,3,24.00000,1.00000,0.75000,both,1,,,,,,,,,,,,,,,,,-0.05621,-0.06742,-0.04558,0.00838,0.00510,0.01146
sim1_uniform_post,task003_nosolution,3,24.00000,1.00000,0.75000,both,2,,,,,,,,,,,,,,,,,0.00365,-0.01744,0.02340,-0.38035,-0.38642,-0.37460
sim1_uniform_post,task003_nosolution,3,24.00000,1.00000,0.75000,false,2,0.38400,0.36279,0.40400,-0.06458,0.86283,0.47883,0.03546,6.90900,0.23824,1.33391,1.00000,0.69200,2.00000,0.26500,0.00000,0.06200,,,,,,
sim1_uniform_post,task003_nosolution,3,24.00000,1.00000,0.75000,truth,0,0.42454,0.40437,0.44667,-0.04783,0.84567,0.42113,0.05221,8.20400,0.28290,1.24196,1.00000,0.62700,2.00000,0.15700,0.00000,0.03600,,,,,,
sim1_uniform_post,task003_nosolution,3,24.00000,1.00000,1.00000,both,0,,,,,,,,,,,,,,,,,-0.06504,-0.08394,-0.04796,0.42738,0.41874,0.43581
sim1_uniform_post,task003_nosolution,3,24.00000,1.00000,1.00000,both,1,,,,,,,,,,,,,,,,,0.00000,0.00000,0.00000,0.00000,0.00000,0.00000
sim1_uniform_post,task003_nosolution,3,24.00000,1.00000,1.00000,both,2,,,,,,,,,,,,,,,,,0.06504,0.04796,0.08394,-0.42738,-0.43581,-0.41874
sim1_uniform_post,task003_nosolution,3,24.00000,1.00000,1.00000,false,2,0.49242,0.47090,0.51609,0.00000,0.86183,0.36942,0.00000,6.89800,0.23786,1.71325,0.96800,0.55200,2.00000,0.65000,0.00500,0.00500,,,,,,
sim1_uniform_post,task003_nosolution,3,24.00000,1.00000,1.00000,truth,0,0.36233,0.34641,0.37846,0.00000,0.99292,0.63058,0.00000,2.25900,0.07790,3.84949,1.00000,0.73900,2.00000,0.91500,0.00000,0.08900,,,,,,
sim1_uniform_post,task003_nosolution,3,24.00000,2.00000,0.75000,both,0,,,,,,,,,,,,,,,,,0.04248,0.02244,0.06200,0.39219,0.38700,0.39721
sim1_uniform_post,task003_nosolution,3,24.00000,2.00000,0.75000,both,1,,,,,,,,,,,,,,,,,-0.05554,-0.06709,-0.04520,0.01017,0.00685,0.01333
sim1_uniform_post,task003_nosolution,3,24.00000,2.00000,0.75000,both,2,,,,,,,,,,,,,,,,,0.01306,-0.00590,0.03236,-0.40235,-0.40738,-0.39773
sim1_uniform_post,task003_nosolution,3,24.00000,2.00000,0.75000,false,2,0.41542,0.39562,0.43538,-0.06571,0.89425,0.47883,0.03433,10.85200,0.18710,0.91872,1.00000,0.69200,2.00000,0.31100,0.00000,0.06200,,,,,,
sim1_uniform_post,task003_nosolution,3,24.00000,2.00000,0.75000,truth,0,0.43467,0.41462,0.45563,-0.04537,0.85579,0.42113,0.05467,13.15600,0.22683,0.79295,1.00000,0.62700,2.00000,0.17500,0.00000,0.03600,,,,,,
sim1_uniform_post,task003_nosolution,3,24.00000,2.00000,1.00000,both,0,,,,,,,,,,,,,,,,,-0.04487,-0.06218,-0.02752,0.41038,0.39981,0.41971
sim1_uniform_post,task003_nosolution,3,24.00000,2.00000,1.00000,both,1,,,,,,,,,,,,,,,,,0.00000,0.00000,0.00000,0.00000,0.00000,0.00000
sim1_uniform_post,task003_nosolution,3,24.00000,2.00000,1.00000,both,2,,,,,,,,,,,,,,,,,0.04487,0.02752,0.06218,-0.41038,-0.41971,-0.39981
sim1_uniform_post,task003_nosolution,3,24.00000,2.00000,1.00000,false,2,0.45525,0.43129,0.47889,0.00000,0.82467,0.36942,0.00000,13.20600,0.22769,0.82735,0.97600,0.55200,2.00000,0.63200,0.00800,0.00500,,,,,,
sim1_uniform_post,task003_nosolution,3,24.00000,2.00000,1.00000,truth,0,0.36550,0.35053,0.38192,0.00000,0.99608,0.63058,0.00000,3.87200,0.06676,2.26550,1.00000,0.73900,2.00000,0.96200,0.00000,0.08900,,,,,,
sim1_uniform_post,task003_nosolution,3,24.00000,3.00000,0.75000,both,0,,,,,,,,,,,,,,,,,0.04423,0.02466,0.06519,0.39460,0.38935,0.39952
sim1_uniform_post,task003_nosolution,3,24.00000,3.00000,0.75000,both,1,,,,,,,,,,,,,,,,,-0.06060,-0.07125,-0.05102,0.00165,-0.00160,0.00465
sim1_uniform_post,task003_nosolution,3,24.00000,3.00000,0.75000,both,2,,,,,,,,,,,,,,,,,0.01638,-0.00452,0.03646,-0.39625,-0.40161,-0.39070
sim1_uniform_post,task003_nosolution,3,24.00000,3.00000,0.75000,false,2,0.41262,0.39158,0.43355,-0.06225,0.89146,0.47883,0.03779,16.05300,0.18452,0.61689,1.00000,0.69200,2.00000,0.30700,0.00000,0.06200,,,,,,
sim1_uniform_post,task003_nosolution,3,24.00000,3.00000,0.75000,truth,0,0.43883,0.41825,0.46088,-0.05896,0.85996,0.42113,0.04108,20.87400,0.23993,0.50455,1.00000,0.62700,3.00000,0.20600,0.00000,0.03600,,,,,,
sim1_uniform_post,task003_nosolution,3,24.00000,3.00000,1.00000,both,0,,,,,,,,,,,,,,,,,-0.01225,-0.02863,0.00574,0.37725,0.36714,0.38733
sim1_uniform_post,task003_nosolution,3,24.00000,3.00000,1.00000,both,1,,,,,,,,,,,,,,,,,0.00000,0.00000,0.00000,0.00000,0.00000,0.00000
sim1_uniform_post,task003_nosolution,3,24.00000,3.00000,1.00000,both,2,,,,,,,,,,,,,,,,,0.01225,-0.00574,0.02863,-0.37725,-0.38733,-0.36714
sim1_uniform_post,task003_nosolution,3,24.00000,3.00000,1.00000,false,2,0.38950,0.36462,0.41114,0.00000,0.75892,0.36942,0.00000,24.51000,0.28172,0.38140,0.97900,0.55200,2.00000,0.47800,0.01500,0.00500,,,,,,
sim1_uniform_post,task003_nosolution,3,24.00000,3.00000,1.00000,truth,0,0.36500,0.35041,0.38064,0.00000,0.99558,0.63058,0.00000,6.28500,0.07224,1.39379,1.00000,0.73900,3.00000,0.95900,0.00000,0.08900,,,,,,
sim1_uniform_post,task003_nosolution,3,24.00000,6.00000,0.75000,both,0,,,,,,,,,,,,,,,,,-0.01527,-0.03473,0.00419,0.34190,0.33577,0.34802
sim1_uniform_post,task003_nosolution,3,24.00000,6.00000,0.75000,both,1,,,,,,,,,,,,,,,,,-0.06421,-0.07469,-0.05327,0.00112,-0.00163,0.00375
sim1_uniform_post,task003_nosolution,3,24.00000,6.00000,0.75000,both,2,,,,,,,,,,,,,,,,,0.07948,0.05837,0.09865,-0.34302,-0.34932,-0.33683
sim1_uniform_post,task003_nosolution,3,24.00000,6.00000,0.75000,false,2,0.42250,0.40115,0.44271,-0.06533,0.90133,0.47883,0.03471,30.09000,0.17293,0.33699,1.00000,0.69200,2.00000,0.32900,0.00000,0.06200,,,,,,
sim1_uniform_post,task003_nosolution,3,24.00000,6.00000,0.75000,truth,0,0.32662,0.30550,0.34818,-0.06308,0.74775,0.42113,0.03696,82.99200,0.47697,0.09445,0.98000,0.62700,3.00000,0.08200,0.00000,0.03600,,,,,,
sim1_uniform_post,task003_nosolution,3,24.00000,6.00000,1.00000,both,0,,,,,,,,,,,,,,,,,0.00760,-0.01077,0.02377,0.35565,0.34574,0.36567
sim1_uniform_post,task003_nosolution,3,24.00000,6.00000,1.00000,both,1,,,,,,,,,,,,,,,,,0.00000,0.00000,0.00000,0.00000,0.00000,0.00000
sim1_uniform_post,task003_nosolution,3,24.00000,6.00000,1.00000,both,2,,,,,,,,,,,,,,,,,-0.00760,-0.02377,0.01077,-0.35565,-0.36567,-0.34574
sim1_uniform_post,task003_nosolution,3,24.00000,6.00000,1.00000,false,2,0.34804,0.32667,0.37271,0.00000,0.71746,0.36942,0.00000,54.92400,0.31566,0.15208,0.96700,0.55200,2.00000,0.33500,0.00600,0.00500,,,,,,
sim1_uniform_post,task003_nosolution,3,24.00000,6.00000,1.00000,truth,0,0.36325,0.34633,0.37971,0.00000,0.99383,0.63058,0.00000,17.79600,0.10228,0.48989,1.00000,0.73900,3.00000,0.92800,0.00000,0.08900,,,,,,
sim1_uniform_post,task003_nosolution,3,24.00000,9.00000,0.75000,both,0,,,,,,,,,,,,,,,,,-0.01500,-0.03465,0.00436,0.25896,0.25267,0.26511
sim1_uniform_post,task003_nosolution,3,24.00000,9.00000,0.75000,both,1,,,,,,,,,,,,,,,,,-0.05250,-0.06338,-0.04206,-0.00462,-0.00731,-0.00173
sim1_uniform_post,task003_nosolution,3,24.00000,9.00000,0.75000,both,2,,,,,,,,,,,,,,,,,0.06750,0.04740,0.08823,-0.25433,-0.26138,-0.24731
sim1_uniform_post,task003_nosolution,3,24.00000,9.00000,0.75000,false,2,0.32183,0.30028,0.34334,-0.04788,0.80067,0.47883,0.05217,117.65700,0.45079,0.06565,0.99500,0.69200,3.00000,0.12500,0.00000,0.06200,,,,,,
sim1_uniform_post,task003_nosolution,3,24.00000,9.00000,0.75000,truth,0,0.24396,0.22199,0.26547,-0.05712,0.66508,0.42113,0.04292,176.76900,0.67728,0.03312,0.93000,0.62700,6.00000,0.01800,0.00000,0.03600,,,,,,
sim1_uniform_post,task003_nosolution,3,24.00000,9.00000,1.00000,both,0,,,,,,,,,,,,,,,,,0.21002,0.19236,0.22603,0.14923,0.13973,0.15811
sim1_uniform_post,task003_nosolution,3,24.00000,9.00000,1.00000,both,1,,,,,,,,,,,,,,,,,0.00000,0.00000,0.00000,0.00000,0.00000,0.00000
sim1_uniform_post,task003_nosolution,3,24.00000,9.00000,1.00000,both,2,,,,,,,,,,,,,,,,,-0.21002,-0.22603,-0.19236,-0.14923,-0.15811,-0.13973
sim1_uniform_post,task003_nosolution,3,24.00000,9.00000,1.00000,false,2,-0.06079,-0.08235,-0.03821,0.00000,0.30862,0.36942,0.00000,196.95600,0.75462,-0.00741,0.65300,0.55200,4.00000,0.03400,0.13900,0.00500,,,,,,
sim1_uniform_post,task003_nosolution,3,24.00000,9.00000,1.00000,truth,0,0.35925,0.34271,0.37430,0.00000,0.98983,0.63058,0.00000,36.05400,0.13814,0.23914,1.00000,0.73900,4.00000,0.91200,0.00000,0.08900,,,,,,
sim1_uniform_post,task003_nosolution,6,3.00000,1.00000,0.75000,both,0,,,,,,,,,,,,,,,,,0.07127,0.05104,0.09260,0.41048,0.40508,0.41588
sim1_uniform_post,task003_nosolution,6,3.00000,1.00000,0.75000,both,1,,,,,,,,,,,,,,,,,-0.03535,-0.04352,-0.02767,0.00906,0.00694,0.01123
sim1_uniform_post,task003_nosolution,6,3.00000,1.00000,0.75000,both,2,,,,,,,,,,,,,,,,,-0.03592,-0.05786,-0.01487,-0.41954,-0.42475,-0.41427
sim1_uniform_post,task003_nosolution,6,3.00000,1.00000,0.75000,false,2,0.38363,0.36179,0.40496,-0.04442,0.91046,0.52683,0.00912,7.94100,0.27383,1.15943,1.00000,0.74100,2.00000,0.39400,0.00000,0.09900,,,,,,
sim1_uniform_post,task003_nosolution,6,3.00000,1.00000,0.75000,truth,0,0.48175,0.46129,0.50359,-0.02629,0.90138,0.41963,0.02725,8.25300,0.28459,1.40095,1.00000,0.63900,2.00000,0.33700,0.00000,0.05400,,,,,,
sim1_uniform_post,task003_nosolution,6,3.00000,1.00000,1.00000,both,0,,,,,,,,,,,,,,,,,-0.08217,-0.09728,-0.06675,0.47696,0.47142,0.48200
sim1_uniform_post,task003_nosolution,6,3.00000,1.00000,1.00000,both,1,,,,,,,,,,,,,,,,,0.00000,0.00000,0.00000,0.00000,0.00000,0.00000
sim1_uniform_post,task003_nosolution,6,3.00000,1.00000,1.00000,both,2,,,,,,,,,,,,,,,,,0.08217,0.06675,0.09728,-0.47696,-0.48200,-0.47142
sim1_uniform_post,task003_nosolution,6,3.00000,1.00000,1.00000,false,2,0.55912,0.54116,0.57646,0.00000,0.96062,0.40150,0.00000,6.48300,0.22355,2.06988,0.99100,0.64200,2.00000,0.92500,0.00000,0.00600,,,,,,
sim1_uniform_post,task003_nosolution,6,3.00000,1.00000,1.00000,truth,0,0.39479,0.38008,0.40892,0.00000,0.99329,0.59850,0.00000,3.31400,0.11428,2.85908,0.99900,0.80500,2.00000,0.96700,0.00000,0.09700,,,,,,
sim1_uniform_post,task003_nosolution,6,3.00000,2.00000,0.75000,both,0,,,,,,,,,,,,,,,,,0.06879,0.04769,0.08938,0.42312,0.41862,0.42752
sim1_uniform_post,task003_nosolution,6,3.00000,2.00000,0.75000,both,1,,,,,,,,,,,,,,,,,-0.03777,-0.04546,-0.03033,0.00960,0.00771,0.01146
sim1_uniform_post,task003_nosolution,6,3.00000,2.00000,0.75000,both,2,,,,,,,,,,,,,,,,,-0.03102,-0.05282,-0.00977,-0.43273,-0.43681,-0.42835
sim1_uniform_post,task003_nosolution,6,3.00000,2.00000,0.75000,false,2,0.40171,0.37908,0.42367,-0.04737,0.92854,0.52683,0.00617,13.50800,0.23290,0.71373,1.00000,0.74100,2.00000,0.44500,0.00000,0.09900,,,,,,
sim1_uniform_post,task003_nosolution,6,3.00000,2.00000,0.75000,truth,0,0.49192,0.47074,0.51246,-0.02817,0.91154,0.41963,0.02538,14.61400,0.25197,0.80786,1.00000,0.63900,2.00000,0.32400,0.00000,0.05400,,,,,,
sim1_uniform_post,task003_nosolution,6,3.00000,2.00000,1.00000,both,0,,,,,,,,,,,,,,,,,-0.05317,-0.06929,-0.03598,0.45188,0.44296,0.46002
sim1_uniform_post,task003_nosolution,6,3.00000,2.00000,1.00000,both,1,,,,,,,,,,,,,,,,,0.00000,0.00000,0.00000,0.00000,0.00000,0.00000
sim1_uniform_post,task003_nosolution,6,3.00000,2.00000,1.00000,both,2,,,,,,,,,,,,,,,,,0.05317,0.03598,0.06929,-0.45188,-0.46002,-0.44296
sim1_uniform_post,task003_nosolution,6,3.00000,2.00000,1.00000,false,2,0.50504,0.48245,0.52563,0.00000,0.90654,0.40150,0.00000,12.13000,0.20914,0.99926,0.99000,0.64200,2.00000,0.82700,0.00000,0.00600,,,,,,
sim1_uniform_post,task003_nosolution,6,3.00000,2.00000,1.00000,truth,0,0.39871,0.38429,0.41434,0.00000,0.99721,0.59850,0.00000,3.84600,0.06631,2.48804,1.00000,0.80500,2.00000,0.97600,0.00000,0.09700,,,,,,
sim1_uniform_post,task003_nosolution,6,3.00000,3.00000,0.75000,both,0,,,,,,,,,,,,,,,,,0.07069,0.05004,0.09204,0.43565,0.43127,0.43994
sim1_uniform_post,task003_nosolution,6,3.00000,3.00000,0.75000,both,1,,,,,,,,,,,,,,,,,-0.04127,-0.04919,-0.03385,0.00581,0.00413,0.00754
sim1_uniform_post,task003_nosolution,6,3.00000,3.00000,0.75000,both,2,,,,,,,,,,,,,,,,,-0.02942,-0.05009,-0.00912,-0.44146,-0.44585,-0.43735
sim1_uniform_post,task003_nosolution,6,3.00000,3.00000,0.75000,false,2,0.41204,0.39037,0.43305,-0.04708,0.93888,0.52683,0.00646,19.17300,0.22038,0.51578,1.00000,0.74100,2.00000,0.48100,0.00000,0.09900,,,,,,
sim1_uniform_post,task003_nosolution,6,3.00000,3.00000,0.75000,truth,0,0.50633,0.48574,0.52867,-0.03546,0.92596,0.41963,0.01808,20.64300,0.23728,0.58867,1.00000,0.63900,2.00000,0.41800,0.00000,0.05400,,,,,,
sim1_uniform_post,task003_nosolution,6,3.00000,3.00000,1.00000,both,0,,,,,,,,,,,,,,,,,0.01315,-0.00492,0.03079,0.38644,0.37570,0.39673
sim1_uniform_post,task003_nosolution,6,3.00000,3.00000,1.00000,both,1,,,,,,,,,,,,,,,,,0.00000,0.00000,0.00000,0.00000,0.00000,0.00000
sim1_uniform_post,task003_nosolution,6,3.00000,3.00000,1.00000,both,2,,,,,,,,,,,,,,,,,-0.01315,-0.03079,0.00492,-0.38644,-0.39673,-0.37570
sim1_uniform_post,task003_nosolution,6,3.00000,3.00000,1.00000,false,2,0.37329,0.34829,0.39759,0.00000,0.77479,0.40150,0.00000,29.24100,0.33610,0.30638,0.98600,0.64200,2.00000,0.64200,0.01700,0.00600,,,,,,
sim1_uniform_post,task003_nosolution,6,3.00000,3.00000,1.00000,truth,0,0.39958,0.38466,0.41504,0.00000,0.99808,0.59850,0.00000,5.33100,0.06128,1.79891,1.00000,0.80500,2.00000,0.98600,0.00000,0.09700,,,,,,
sim1_uniform_post,task003_nosolution,6,3.00000,6.00000,0.75000,both,0,,,,,,,,,,,,,,,,,0.02062,-0.00034,0.04138,0.40525,0.40040,0.41042
sim1_uniform_post,task003_nosolution,6,3.00000,6.00000,0.75000,both,1,,,,,,,,,,,,,,,,,-0.03973,-0.04731,-0.03239,0.00510,0.00337,0.00685
sim1_uniform_post,task003_nosolution,6,3.00000,6.00000,0.75000,both,2,,,,,,,,,,,,,,,,,0.01910,-0.00100,0.04013,-0.41035,-0.41546,-0.40533
sim1_uniform_post,task003_nosolution,6,3.00000,6.00000,0.75000,false,2,0.42946,0.40821,0.45050,-0.04483,0.95629,0.52683,0.00871,30.10200,0.17300,0.34240,1.00000,0.74100,2.00000,0.58500,0.00000,0.09900,,,,,,
sim1_uniform_post,task003_nosolution,6,3.00000,6.00000,0.75000,truth,0,0.42588,0.40395,0.44717,-0.03463,0.84550,0.41963,0.01892,56.49600,0.32469,0.18092,1.00000,0.63900,2.00000,0.22600,0.00000,0.05400,,,,,,
sim1_uniform_post,task003_nosolution,6,3.00000,6.00000,1.00000,both,0,,,,,,,,,,,,,,,,,0.06623,0.04831,0.08397,0.33352,0.32260,0.34444
sim1_uniform_post,task003_nosolution,6,3.00000,6.00000,1.00000,both,1,,,,,,,,,,,,,,,,,0.00000,0.00000,0.00000,0.00000,0.00000,0.00000
sim1_uniform_post,task003_nosolution,6,3.00000,6.00000,1.00000,both,2,,,,,,,,,,,,,,,,,-0.06623,-0.08397,-0.04831,-0.33352,-0.34444,-0.32260
sim1_uniform_post,task003_nosolution,6,3.00000,6.00000,1.00000,false,2,0.26729,0.24137,0.29150,0.00000,0.66879,0.40150,0.00000,70.77600,0.40676,0.09064,0.98200,0.64200,2.00000,0.43400,0.03100,0.00600,,,,,,
sim1_uniform_post,task003_nosolution,6,3.00000,6.00000,1.00000,truth,0,0.39975,0.38474,0.41454,0.00000,0.99825,0.59850,0.00000,14.02200,0.08059,0.68421,1.00000,0.80500,2.00000,0.98600,0.00000,0.09700,,,,,,
sim1_uniform_post,task003_nosolution,6,3.00000,9.00000,0.75000,both,0,,,,,,,,,,,,,,,,,0.04427,0.02335,0.06613,0.34594,0.33956,0.35229
sim1_uniform_post,task003_nosolution,6,3.00000,9.00000,0.75000,both,1,,,,,,,,,,,,,,,,,-0.04337,-0.05109,-0.03504,-0.00008,-0.00123,0.00119
sim1_uniform_post,task003_nosolution,6,3.00000,9.00000,0.75000,both,2,,,,,,,,,,,,,,,,,-0.00090,-0.02326,0.02050,-0.34585,-0.35231,-0.33931
sim1_uniform_post,task003_nosolution,6,3.00000,9.00000,0.75000,false,2,0.34496,0.32100,0.36833,-0.04329,0.87179,0.52683,0.01025,105.46200,0.40407,0.07850,0.99800,0.74100,2.00000,0.30400,0.00000,0.09900,,,,,,
sim1_uniform_post,task003_nosolution,6,3.00000,9.00000,0.75000,truth,0,0.39021,0.36913,0.41322,-0.04346,0.80983,0.41963,0.01008,119.50200,0.45786,0.07837,0.99800,0.63900,3.00000,0.09100,0.00000,0.05400,,,,,,
sim1_uniform_post,task003_nosolution,6,3.00000,9.00000,1.00000,both,0,,,,,,,,,,,,,,,,,0.34502,0.32948,0.36167,0.05306,0.04552,0.06067
sim1_uniform_post,task003_nosolution,6,3.00000,9.00000,1.00000,both,1,,,,,,,,,,,,,,,,,0.00000,0.00000,0.00000,0.00000,0.00000,0.00000
sim1_uniform_post,task003_nosolution,6,3.00000,9.00000,1.00000,both,2,,,,,,,,,,,,,,,,,-0.34502,-0.36167,-0.32948,-0.05306,-0.06067,-0.04552
sim1_uniform_post,task003_nosolution,6,3.00000,9.00000,1.00000,false,2,-0.29196,-0.31263,-0.27296,0.00000,0.10954,0.40150,0.00000,211.37400,0.80986,-0.03315,0.70900,0.64200,2.00000,0.01200,0.64200,0.00600,,,,,,
sim1_uniform_post,task003_nosolution,6,3.00000,9.00000,1.00000,truth,0,0.39808,0.38408,0.41313,0.00000,0.99658,0.59850,0.00000,27.75600,0.10634,0.34421,1.00000,0.80500,2.00000,0.98100,0.00000,0.09700,,,,,,
sim1_uniform_post,task003_nosolution,6,6.00000,1.00000,0.75000,both,0,,,,,,,,,,,,,,,,,0.06817,0.04720,0.08855,0.40563,0.40071,0.41071
sim1_uniform_post,task003_nosolution,6,6.00000,1.00000,0.75000,both,1,,,,,,,,,,,,,,,,,-0.03290,-0.04100,-0.02521,0.00794,0.00560,0.01023
sim1_uniform_post,task003_nosolution,6,6.00000,1.00000,0.75000,both,2,,,,,,,,,,,,,,,,,-0.03527,-0.05546,-0.01421,-0.41356,-0.41867,-0.40902
sim1_uniform_post,task003_nosolution,6,6.00000,1.00000,0.75000,false,2,0.37829,0.35796,0.40071,-0.04083,0.90512,0.52683,0.01271,5.94700,0.20507,1.52665,1.00000,0.74100,2.00000,0.36900,0.00000,0.09900,,,,,,
sim1_uniform_post,task003_nosolution,6,6.00000,1.00000,0.75000,truth,0,0.47379,0.45292,0.49505,-0.02496,0.89342,0.41963,0.02858,6.07100,0.20934,1.87300,1.00000,0.63900,2.00000,0.28800,0.00000,0.05400,,,,,,
sim1_uniform_post,task003_nosolution,6,6.00000,1.00000,1.00000,both,0,,,,,,,,,,,,,,,,,-0.06817,-0.08411,-0.05162,0.46754,0.46056,0.47390
sim1_uniform_post,task003_nosolution,6,6.00000,1.00000,1.00000,both,1,,,,,,,,,,,,,,,,,0.00000,0.00000,0.00000,0.00000,0.00000,0.00000
sim1_uniform_post,task003_nosolution,6,6.00000,1.00000,1.00000,both,2,,,,,,,,,,,,,,,,,0.06817,0.05162,0.08411,-0.46754,-0.47390,-0.46056
sim1_uniform_post,task003_nosolution,6,6.00000,1.00000,1.00000,false,2,0.53571,0.51504,0.55533,0.00000,0.93721,0.40150,0.00000,5.45900,0.18824,2.35519,0.99300,0.64200,2.00000,0.88300,0.00000,0.00600,,,,,,
sim1_uniform_post,task003_nosolution,6,6.00000,1.00000,1.00000,truth,0,0.39937,0.38446,0.41434,0.00000,0.99787,0.59850,0.00000,2.17600,0.07503,4.40487,1.00000,0.80500,2.00000,0.97500,0.00000,0.09700,,,,,,
sim1_uniform_post,task003_nosolution,6,6.00000,2.00000,0.75000,both,0,,,,,,,,,,,,,,,,,0.06794,0.04729,0.08761,0.42002,0.41533,0.42450
sim1_uniform_post,task003_nosolution,6,6.00000,2.00000,0.75000,both,1,,,,,,,,,,,,,,,,,-0.03542,-0.04327,-0.02741,0.00704,0.00527,0.00890
sim1_uniform_post,task003_nosolution,6,6.00000,2.00000,0.75000,both,2,,,,,,,,,,,,,,,,,-0.03252,-0.05258,-0.01145,-0.42706,-0.43142,-0.42279
sim1_uniform_post,task003_nosolution,6,6.00000,2.00000,0.75000,false,2,0.39454,0.37350,0.41608,-0.04246,0.92138,0.52683,0.01108,9.89000,0.17052,0.95743,1.00000,0.74100,2.00000,0.40800,0.00000,0.09900,,,,,,
sim1_uniform_post,task003_nosolution,6,6.00000,2.00000,0.75000,truth,0,0.48796,0.46633,0.50833,-0.02837,0.90758,0.41963,0.02517,9.75800,0.16824,1.20014,1.00000,0.63900,2.00000,0.32200,0.00000,0.05400,,,,,,
sim1_uniform_post,task003_nosolution,6,6.00000,2.00000,1.00000,both,0,,,,,,,,,,,,,,,,,-0.03092,-0.04771,-0.01471,0.43142,0.42233,0.44161
sim1_uniform_post,task003_nosolution,6,6.00000,2.00000,1.00000,both,1,,,,,,,,,,,,,,,,,0.00000,0.00000,0.00000,0.00000,0.00000,0.00000
sim1_uniform_post,task003_nosolution,6,6.00000,2.00000,1.00000,both,2,,,,,,,,,,,,,,,,,0.03092,0.01471,0.04771,-0.43142,-0.44161,-0.42233
sim1_uniform_post,task003_nosolution,6,6.00000,2.00000,1.00000,false,2,0.46233,0.43991,0.48575,0.00000,0.86383,0.40150,0.00000,12.24400,0.21110,0.90624,0.98900,0.64200,2.00000,0.78600,0.02100,0.00600,,,,,,
sim1_uniform_post,task003_nosolution,6,6.00000,2.00000,1.00000,truth,0,0.40050,0.38554,0.41525,0.00000,0.99900,0.59850,0.00000,2.83400,0.04886,3.39167,1.00000,0.80500,2.00000,0.98500,0.00000,0.09700,,,,,,
sim1_uniform_post,task003_nosolution,6,6.00000,3.00000,0.75000,both,0,,,,,,,,,,,,,,,,,0.06481,0.04404,0.08676,0.42890,0.42471,0.43300
sim1_uniform_post,task003_nosolution,6,6.00000,3.00000,0.75000,both,1,,,,,,,,,,,,,,,,,-0.03585,-0.04376,-0.02810,0.00440,0.00252,0.00627
sim1_uniform_post,task003_nosolution,6,6.00000,3.00000,0.75000,both,2,,,,,,,,,,,,,,,,,-0.02896,-0.05117,-0.00846,-0.43329,-0.43756,-0.42908
sim1_uniform_post,task003_nosolution,6,6.00000,3.00000,0.75000,false,2,0.40433,0.38186,0.42547,-0.04025,0.93117,0.52683,0.01329,13.27200,0.15255,0.73116,1.00000,0.74100,2.00000,0.44900,0.00000,0.09900,,,,,,
sim1_uniform_post,task003_nosolution,6,6.00000,3.00000,0.75000,truth,0,0.49371,0.47250,0.51522,-0.03146,0.91333,0.41963,0.02208,14.17800,0.16297,0.83573,1.00000,0.63900,2.00000,0.35200,0.00000,0.05400,,,,,,
sim1_uniform_post,task003_nosolution,6,6.00000,3.00000,1.00000,both,0,,,,,,,,,,,,,,,,,0.02571,0.00681,0.04369,0.37425,0.36290,0.38575
sim1_uniform_post,task003_nosolution,6,6.00000,3.00000,1.00000,both,1,,,,,,,,,,,,,,,,,0.00000,0.00000,0.00000,0.00000,0.00000,0.00000
sim1_uniform_post,task003_nosolution,6,6.00000,3.00000,1.00000,both,2,,,,,,,,,,,,,,,,,-0.02571,-0.04369,-0.00681,-0.37425,-0.38575,-0.36290
sim1_uniform_post,task003_nosolution,6,6.00000,3.00000,1.00000,false,2,0.34854,0.32233,0.37513,0.00000,0.75004,0.40150,0.00000,25.99200,0.29876,0.32183,0.97300,0.64200,2.00000,0.60200,0.03300,0.00600,,,,,,
sim1_uniform_post,task003_nosolution,6,6.00000,3.00000,1.00000,truth,0,0.39996,0.38462,0.41425,0.00000,0.99846,0.59850,0.00000,4.10100,0.04714,2.34065,1.00000,0.80500,2.00000,0.98400,0.00000,0.09700,,,,,,
sim1_uniform_post,task003_nosolution,6,6.00000,6.00000,0.75000,both,0,,,,,,,,,,,,,,,,,0.03671,0.01572,0.05750,0.41529,0.41025,0.42000
sim1_uniform_post,task003_nosolution,6,6.00000,6.00000,0.75000,both,1,,,,,,,,,,,,,,,,,-0.03579,-0.04419,-0.02804,0.00550,0.00360,0.00748
sim1_uniform_post,task003_nosolution,6,6.00000,6.00000,0.75000,both,2,,,,,,,,,,,,,,,,,-0.00092,-0.02291,0.02100,-0.42079,-0.42550,-0.41564
sim1_uniform_post,task003_nosolution,6,6.00000,6.00000,0.75000,false,2,0.41987,0.39862,0.44074,-0.04129,0.94671,0.52683,0.01225,22.48800,0.12924,0.44811,1.00000,0.74100,2.00000,0.53900,0.00000,0.09900,,,,,,
sim1_uniform_post,task003_nosolution,6,6.00000,6.00000,0.75000,truth,0,0.45200,0.43033,0.47452,-0.03029,0.87162,0.41963,0.02325,35.90400,0.20634,0.30214,1.00000,0.63900,2.00000,0.25600,0.00000,0.05400,,,,,,
sim1_uniform_post,task003_nosolution,6,6.00000,6.00000,1.00000,both,0,,,,,,,,,,,,,,,,,0.07119,0.05360,0.08940,0.32844,0.31717,0.34006
sim1_uniform_post,task003_nosolution,6,6.00000,6.00000,1.00000,both,1,,,,,,,,,,,,,,,,,0.00000,0.00000,0.00000,0.00000,0.00000,0.00000
sim1_uniform_post,task003_nosolution,6,6.00000,6.00000,1.00000,both,2,,,,,,,,,,,,,,,,,-0.07119,-0.08940,-0.05360,-0.32844,-0.34006,-0.31717
sim1_uniform_post,task003_nosolution,6,6.00000,6.00000,1.00000,false,2,0.25725,0.23154,0.28250,0.00000,0.65875,0.40150,0.00000,62.98800,0.36200,0.09802,0.97700,0.64200,2.00000,0.41700,0.04100,0.00600,,,,,,
sim1_uniform_post,task003_nosolution,6,6.00000,6.00000,1.00000,truth,0,0.39962,0.38446,0.41475,0.00000,0.99813,0.59850,0.00000,9.78600,0.05624,0.98007,1.00000,0.80500,2.00000,0.98800,0.00000,0.09700,,,,,,
sim1_uniform_post,task003_nosolution,6,6.00000,9.00000,0.75000,both,0,,,,,,,,,,,,,,,,,0.05198,0.03025,0.07521,0.31898,0.31206,0.32578
sim1_uniform_post,task003_nosolution,6,6.00000,9.00000,0.75000,both,1,,,,,,,,,,,,,,,,,-0.03837,-0.04578,-0.03060,0.00137,-0.00029,0.00308
sim1_uniform_post,task003_nosolution,6,6.00000,9.00000,0.75000,both,2,,,,,,,,,,,,,,,,,-0.01360,-0.03559,0.00754,-0.32035,-0.32719,-0.31379
sim1_uniform_post,task003_nosolution,6,6.00000,9.00000,0.75000,false,2,0.30675,0.28337,0.32888,-0.03975,0.83358,0.52683,0.01379,90.56700,0.34700,0.08129,0.99900,0.74100,2.00000,0.21400,0.00000,0.09900,,,,,,
sim1_uniform_post,task003_nosolution,6,6.00000,9.00000,0.75000,truth,0,0.37096,0.34796,0.39396,-0.03700,0.79058,0.41963,0.01654,98.04600,0.37566,0.09080,0.99900,0.63900,3.00000,0.06900,0.00000,0.05400,,,,,,
sim1_uniform_post,task003_nosolution,6,6.00000,9.00000,1.00000,both,0,,,,,,,,,,,,,,,,,0.34150,0.32591,0.35796,0.05754,0.04992,0.06584
sim1_uniform_post,task003_nosolution,6,6.00000,9.00000,1.00000,both,1,,,,,,,,,,,,,,,,,0.00000,0.00000,0.00000,0.00000,0.00000,0.00000
sim1_uniform_post,task003_nosolution,6,6.00000,9.00000,1.00000,both,2,,,,,,,,,,,,,,,,,-0.34150,-0.35796,-0.32591,-0.05754,-0.06584,-0.04992
sim1_uniform_post,task003_nosolution,6,6.00000,9.00000,1.00000,false,2,-0.28396,-0.30426,-0.26373,0.00000,0.11754,0.40150,0.00000,201.81600,0.77324,-0.03377,0.71000,0.64200,2.00000,0.01700,0.67900,0.00600,,,,,,
sim1_uniform_post,task003_nosolution,6,6.00000,9.00000,1.00000,truth,0,0.39904,0.38408,0.41509,0.00000,0.99754,0.59850,0.00000,20.90700,0.08010,0.45808,0.99900,0.80500,2.00000,0.98100,0.00000,0.09700,,,,,,
sim1_uniform_post,task003_nosolution,6,12.00000,1.00000,0.75000,both,0,,,,,,,,,,,,,,,,,0.06965,0.04906,0.09035,0.39981,0.39460,0.40508
sim1_uniform_post,task003_nosolution,6,12.00000,1.00000,0.75000,both,1,,,,,,,,,,,,,,,,,-0.03204,-0.03990,-0.02450,0.00842,0.00621,0.01054
sim1_uniform_post,task003_nosolution,6,12.00000,1.00000,0.75000,both,2,,,,,,,,,,,,,,,,,-0.03760,-0.05788,-0.01714,-0.40823,-0.41338,-0.40300
sim1_uniform_post,task003_nosolution,6,12.00000,1.00000,0.75000,false,2,0.37062,0.34991,0.39072,-0.04046,0.89746,0.52683,0.01308,4.91000,0.16931,1.81161,1.00000,0.74100,2.00000,0.34300,0.00000,0.09900,,,,,,
sim1_uniform_post,task003_nosolution,6,12.00000,1.00000,0.75000,truth,0,0.46946,0.44696,0.49160,-0.02363,0.88908,0.41963,0.02992,4.88100,0.16831,2.30834,1.00000,0.63900,2.00000,0.26400,0.00000,0.05400,,,,,,
sim1_uniform_post,task003_nosolution,6,12.00000,1.00000,1.00000,both,0,,,,,,,,,,,,,,,,,-0.05652,-0.07301,-0.04031,0.45481,0.44692,0.46221
sim1_uniform_post,task003_nosolution,6,12.00000,1.00000,1.00000,both,1,,,,,,,,,,,,,,,,,0.00000,0.00000,0.00000,0.00000,0.00000,0.00000
sim1_uniform_post,task003_nosolution,6,12.00000,1.00000,1.00000,both,2,,,,,,,,,,,,,,,,,0.05652,0.04031,0.07301,-0.45481,-0.46221,-0.44692
sim1_uniform_post,task003_nosolution,6,12.00000,1.00000,1.00000,false,2,0.51133,0.49166,0.53225,0.00000,0.91283,0.40150,0.00000,5.20400,0.17945,2.35819,0.98300,0.64200,2.00000,0.84000,0.01200,0.00600,,,,,,
sim1_uniform_post,task003_nosolution,6,12.00000,1.00000,1.00000,truth,0,0.39829,0.38308,0.41408,0.00000,0.99679,0.59850,0.00000,1.69500,0.05845,5.63953,1.00000,0.80500,2.00000,0.96200,0.00000,0.09700,,,,,,
sim1_uniform_post,task003_nosolution,6,12.00000,2.00000,0.75000,both,0,,,,,,,,,,,,,,,,,0.06840,0.04878,0.08856,0.41206,0.40729,0.41667
sim1_uniform_post,task003_nosolution,6,12.00000,2.00000,0.75000,both,1,,,,,,,,,,,,,,,,,-0.03150,-0.03929,-0.02387,0.00550,0.00338,0.00796
sim1_uniform_post,task003_nosolution,6,12.00000,2.00000,0.75000,both,2,,,,,,,,,,,,,,,,,-0.03690,-0.05790,-0.01712,-0.41756,-0.42204,-0.41294
sim1_uniform_post,task003_nosolution,6,12.00000,2.00000,0.75000,false,2,0.38067,0.35875,0.40204,-0.03700,0.90750,0.52683,0.01654,7.98400,0.13766,1.14429,1.00000,0.74100,2.00000,0.38700,0.00000,0.09900,,,,,,
sim1_uniform_post,task003_nosolution,6,12.00000,2.00000,0.75000,truth,0,0.48046,0.46108,0.50167,-0.02600,0.90008,0.41963,0.02754,7.31400,0.12610,1.57657,1.00000,0.63900,2.00000,0.28300,0.00000,0.05400,,,,,,
sim1_uniform_post,task003_nosolution,6,12.00000,2.00000,1.00000,both,0,,,,,,,,,,,,,,,,,-0.02621,-0.04240,-0.01002,0.42550,0.41627,0.43519
sim1_uniform_post,task003_nosolution,6,12.00000,2.00000,1.00000,both,1,,,,,,,,,,,,,,,,,0.00000,0.00000,0.00000,0.00000,0.00000,0.00000
sim1_uniform_post,task003_nosolution,6,12.00000,2.00000,1.00000,both,2,,,,,,,,,,,,,,,,,0.02621,0.01002,0.04240,-0.42550,-0.43519,-0.41627
sim1_uniform_post,task003_nosolution,6,12.00000,2.00000,1.00000,false,2,0.45171,0.42929,0.47521,0.00000,0.85321,0.40150,0.00000,11.68200,0.20141,0.92801,0.98600,0.64200,2.00000,0.76800,0.02200,0.00600,,,,,,
sim1_uniform_post,task003_nosolution,6,12.00000,2.00000,1.00000,truth,0,0.39929,0.38504,0.41446,0.00000,0.99779,0.59850,0.00000,2.42800,0.04186,3.94687,1.00000,0.80500,2.00000,0.97600,0.00000,0.09700,,,,,,
sim1_uniform_post,task003_nosolution,6,12.00000,3.00000,0.75000,both,0,,,,,,,,,,,,,,,,,0.06133,0.03881,0.08167,0.42242,0.41804,0.42669
sim1_uniform_post,task003_nosolution,6,12.00000,3.00000,0.75000,both,1,,,,,,,,,,,,,,,,,-0.03271,-0.04009,-0.02542,0.00396,0.00185,0.00625
sim1_uniform_post,task003_nosolution,6,12.00000,3.00000,0.75000,both,2,,,,,,,,,,,,,,,,,-0.02863,-0.04876,-0.00629,-0.42637,-0.43071,-0.42208
sim1_uniform_post,task003_nosolution,6,12.00000,3.00000,0.75000,false,2,0.39775,0.37733,0.41921,-0.03667,0.92458,0.52683,0.01688,10.57500,0.12155,0.90270,1.00000,0.74100,2.00000,0.44800,0.00000,0.09900,,,,,,
sim1_uniform_post,task003_nosolution,6,12.00000,3.00000,0.75000,truth,0,0.48375,0.46112,0.50609,-0.02875,0.90338,0.41963,0.02479,11.02800,0.12676,1.05277,1.00000,0.63900,2.00000,0.30000,0.00000,0.05400,,,,,,
sim1_uniform_post,task003_nosolution,6,12.00000,3.00000,1.00000,both,0,,,,,,,,,,,,,,,,,0.02696,0.01017,0.04415,0.37271,0.36214,0.38350
sim1_uniform_post,task003_nosolution,6,12.00000,3.00000,1.00000,both,1,,,,,,,,,,,,,,,,,0.00000,0.00000,0.00000,0.00000,0.00000,0.00000
sim1_uniform_post,task003_nosolution,6,12.00000,3.00000,1.00000,both,2,,,,,,,,,,,,,,,,,-0.02696,-0.04415,-0.01017,-0.37271,-0.38350,-0.36214
sim1_uniform_post,task003_nosolution,6,12.00000,3.00000,1.00000,false,2,0.34575,0.32157,0.37021,0.00000,0.74725,0.40150,0.00000,25.08600,0.28834,0.33078,0.96700,0.64200,2.00000,0.60000,0.04000,0.00600,,,,,,
sim1_uniform_post,task003_nosolution,6,12.00000,3.00000,1.00000,truth,0,0.39967,0.38379,0.41454,0.00000,0.99817,0.59850,0.00000,3.64200,0.04186,2.63372,1.00000,0.80500,2.00000,0.97900,0.00000,0.09700,,,,,,
sim1_uniform_post,task003_nosolution,6,12.00000,6.00000,0.75000,both,0,,,,,,,,,,,,,,,,,0.04321,0.02287,0.06411,0.40725,0.40169,0.41213
sim1_uniform_post,task003_nosolution,6,12.00000,6.00000,0.75000,both,1,,,,,,,,,,,,,,,,,-0.03244,-0.04050,-0.02485,0.00190,-0.00027,0.00404
sim1_uniform_post,task003_nosolution,6,12.00000,6.00000,0.75000,both,2,,,,,,,,,,,,,,,,,-0.01077,-0.03183,0.00957,-0.40915,-0.41452,-0.40360
sim1_uniform_post,task003_nosolution,6,12.00000,6.00000,0.75000,false,2,0.39837,0.37683,0.41900,-0.03433,0.92521,0.52683,0.01921,18.49800,0.10631,0.51687,1.00000,0.74100,2.00000,0.46600,0.00000,0.09900,,,,,,
sim1_uniform_post,task003_nosolution,6,12.00000,6.00000,0.75000,truth,0,0.45046,0.42920,0.47292,-0.03054,0.87008,0.41963,0.02300,29.73000,0.17086,0.36364,1.00000,0.63900,2.00000,0.26300,0.00000,0.05400,,,,,,
sim1_uniform_post,task003_nosolution,6,12.00000,6.00000,1.00000,both,0,,,,,,,,,,,,,,,,,0.07456,0.05704,0.09190,0.32506,0.31333,0.33634
sim1_uniform_post,task003_nosolution,6,12.00000,6.00000,1.00000,both,1,,,,,,,,,,,,,,,,,0.00000,0.00000,0.00000,0.00000,0.00000,0.00000
sim1_uniform_post,task003_nosolution,6,12.00000,6.00000,1.00000,both,2,,,,,,,,,,,,,,,,,-0.07456,-0.09190,-0.05704,-0.32506,-0.33634,-0.31333
sim1_uniform_post,task003_nosolution,6,12.00000,6.00000,1.00000,false,2,0.25050,0.22471,0.27555,0.00000,0.65200,0.40150,0.00000,59.97000,0.34466,0.10025,0.97600,0.64200,2.00000,0.42200,0.05600,0.00600,,,,,,
sim1_uniform_post,task003_nosolution,6,12.00000,6.00000,1.00000,truth,0,0.39962,0.38521,0.41458,0.00000,0.99813,0.59850,0.00000,7.77000,0.04466,1.23436,1.00000,0.80500,2.00000,0.98000,0.00000,0.09700,,,,,,
sim1_uniform_post,task003_nosolution,6,12.00000,9.00000,0.75000,both,0,,,,,,,,,,,,,,,,,0.05356,0.03321,0.07629,0.31590,0.30892,0.32283
sim1_uniform_post,task003_nosolution,6,12.00000,9.00000,0.75000,both,1,,,,,,,,,,,,,,,,,-0.03373,-0.04296,-0.02660,0.00194,-0.00015,0.00400
sim1_uniform_post,task003_nosolution,6,12.00000,9.00000,0.75000,both,2,,,,,,,,,,,,,,,,,-0.01983,-0.04180,0.00207,-0.31783,-0.32482,-0.31077
sim1_uniform_post,task003_nosolution,6,12.00000,9.00000,0.75000,false,2,0.29800,0.27395,0.32084,-0.03567,0.82483,0.52683,0.01787,85.86900,0.32900,0.08329,0.98900,0.74100,2.00000,0.21800,0.00000,0.09900,,,,,,
sim1_uniform_post,task003_nosolution,6,12.00000,9.00000,0.75000,truth,0,0.36946,0.34799,0.39159,-0.03179,0.78908,0.41963,0.02175,83.27700,0.31907,0.10648,0.99700,0.63900,3.00000,0.08700,0.00000,0.05400,,,,,,
sim1_uniform_post,task003_nosolution,6,12.00000,9.00000,1.00000,both,0,,,,,,,,,,,,,,,,,0.31977,0.30379,0.33573,0.07981,0.07012,0.08915
sim1_uniform_post,task003_nosolution,6,12.00000,9.00000,1.00000,both,1,,,,,,,,,,,,,,,,,0.00000,0.00000,0.00000,0.00000,0.00000,0.00000
sim1_uniform_post,task003_nosolution,6,12.00000,9.00000,1.00000,both,2,,,,,,,,,,,,,,,,,-0.31977,-0.33573,-0.30379,-0.07981,-0.08915,-0.07012
sim1_uniform_post,task003_nosolution,6,12.00000,9.00000,1.00000,false,2,-0.23996,-0.26196,-0.21875,0.00000,0.16154,0.40150,0.00000,187.82100,0.71962,-0.03066,0.72500,0.64200,2.00000,0.02900,0.62900,0.00600,,,,,,
sim1_uniform_post,task003_nosolution,6,12.00000,9.00000,1.00000,truth,0,0.39958,0.38533,0.41425,0.00000,0.99808,0.59850,0.00000,16.78500,0.06431,0.57134,0.99900,0.80500,2.00000,0.98100,0.00000,0.09700,,,,,,
sim1_uniform_post,task003_nosolution,6,24.00000,1.00000,0.75000,both,0,,,,,,,,,,,,,,,,,0.07225,0.05043,0.09408,0.39062,0.38492,0.39619
sim1_uniform_post,task003_nosolution,6,24.00000,1.00000,0.75000,both,1,,,,,,,,,,,,,,,,,-0.02965,-0.03763,-0.02215,0.00802,0.00556,0.01058
sim1_uniform_post,task003_nosolution,6,24.00000,1.00000,0.75000,both,2,,,,,,,,,,,,,,,,,-0.04260,-0.06476,-0.02031,-0.39865,-0.40400,-0.39262
sim1_uniform_post,task003_nosolution,6,24.00000,1.00000,0.75000,false,2,0.35604,0.33229,0.37862,-0.03767,0.88287,0.52683,0.01587,5.20900,0.17962,1.64043,0.99900,0.74100,2.00000,0.33400,0.00000,0.09900,,,,,,
sim1_uniform_post,task003_nosolution,6,24.00000,1.00000,0.75000,truth,0,0.46287,0.43987,0.48575,-0.02162,0.88250,0.41963,0.03192,5.11400,0.17634,2.17227,1.00000,0.63900,2.00000,0.26400,0.00000,0.05400,,,,,,
sim1_uniform_post,task003_nosolution,6,24.00000,1.00000,1.00000,both,0,,,,,,,,,,,,,,,,,-0.05015,-0.06663,-0.03350,0.44890,0.44054,0.45654
sim1_uniform_post,task003_nosolution,6,24.00000,1.00000,1.00000,both,1,,,,,,,,,,,,,,,,,0.00000,0.00000,0.00000,0.00000,0.00000,0.00000
sim1_uniform_post,task003_nosolution,6,24.00000,1.00000,1.00000,both,2,,,,,,,,,,,,,,,,,0.05015,0.03350,0.06663,-0.44890,-0.45654,-0.44054
sim1_uniform_post,task003_nosolution,6,24.00000,1.00000,1.00000,false,2,0.49904,0.47770,0.51950,0.00000,0.90054,0.40150,0.00000,5.37300,0.18528,2.22911,0.98100,0.64200,2.00000,0.81600,0.01900,0.00600,,,,,,
sim1_uniform_post,task003_nosolution,6,24.00000,1.00000,1.00000,truth,0,0.39875,0.38275,0.41434,0.00000,0.99725,0.59850,0.00000,1.58800,0.05476,6.02645,1.00000,0.80500,2.00000,0.96100,0.00000,0.09700,,,,,,
sim1_uniform_post,task003_nosolution,6,24.00000,2.00000,0.75000,both,0,,,,,,,,,,,,,,,,,0.06425,0.04458,0.08418,0.41487,0.41008,0.41957
sim1_uniform_post,task003_nosolution,6,24.00000,2.00000,0.75000,both,1,,,,,,,,,,,,,,,,,-0.03242,-0.04044,-0.02475,0.00583,0.00381,0.00796
sim1_uniform_post,task003_nosolution,6,24.00000,2.00000,0.75000,both,2,,,,,,,,,,,,,,,,,-0.03183,-0.05210,-0.01148,-0.42071,-0.42531,-0.41594
sim1_uniform_post,task003_nosolution,6,24.00000,2.00000,0.75000,false,2,0.38887,0.36820,0.40980,-0.03825,0.91571,0.52683,0.01529,8.34200,0.14383,1.11880,1.00000,0.74100,2.00000,0.40100,0.00000,0.09900,,,,,,
sim1_uniform_post,task003_nosolution,6,24.00000,2.00000,0.75000,truth,0,0.47912,0.45875,0.50017,-0.02658,0.89875,0.41963,0.02696,7.72000,0.13310,1.48951,1.00000,0.63900,2.00000,0.29500,0.00000,0.05400,,,,,,
sim1_uniform_post,task003_nosolution,6,24.00000,2.00000,1.00000,both,0,,,,,,,,,,,,,,,,,-0.02700,-0.04379,-0.00914,0.42696,0.41775,0.43575
sim1_uniform_post,task003_nosolution,6,24.00000,2.00000,1.00000,both,1,,,,,,,,,,,,,,,,,0.00000,0.00000,0.00000,0.00000,0.00000,0.00000
sim1_uniform_post,task003_nosolution,6,24.00000,2.00000,1.00000,both,2,,,,,,,,,,,,,,,,,0.02700,0.00914,0.04379,-0.42696,-0.43575,-0.41775
sim1_uniform_post,task003_nosolution,6,24.00000,2.00000,1.00000,false,2,0.45396,0.42987,0.47575,0.00000,0.85546,0.40150,0.00000,11.45800,0.19755,0.95086,0.98100,0.64200,2.00000,0.76100,0.02800,0.00600,,,,,,
sim1_uniform_post,task003_nosolution,6,24.00000,2.00000,1.00000,truth,0,0.39996,0.38558,0.41400,0.00000,0.99846,0.59850,0.00000,2.47800,0.04272,3.87369,1.00000,0.80500,2.00000,0.97900,0.00000,0.09700,,,,,,
sim1_uniform_post,task003_nosolution,6,24.00000,3.00000,0.75000,both,0,,,,,,,,,,,,,,,,,0.06381,0.04354,0.08277,0.42019,0.41567,0.42523
sim1_uniform_post,task003_nosolution,6,24.00000,3.00000,0.75000,both,1,,,,,,,,,,,,,,,,,-0.03158,-0.03908,-0.02358,0.00150,-0.00086,0.00369
sim1_uniform_post,task003_nosolution,6,24.00000,3.00000,0.75000,both,2,,,,,,,,,,,,,,,,,-0.03223,-0.05161,-0.01142,-0.42169,-0.42661,-0.41689
sim1_uniform_post,task003_nosolution,6,24.00000,3.00000,0.75000,false,2,0.38946,0.36895,0.41054,-0.03308,0.91629,0.52683,0.02046,10.91700,0.12548,0.85619,1.00000,0.74100,2.00000,0.41900,0.00000,0.09900,,,,,,
sim1_uniform_post,task003_nosolution,6,24.00000,3.00000,0.75000,truth,0,0.48400,0.46304,0.50471,-0.03008,0.90363,0.41963,0.02346,12.25500,0.14086,0.94786,1.00000,0.63900,2.00000,0.32100,0.00000,0.05400,,,,,,
sim1_uniform_post,task003_nosolution,6,24.00000,3.00000,1.00000,both,0,,,,,,,,,,,,,,,,,0.00781,-0.00948,0.02406,0.39256,0.38158,0.40288
sim1_uniform_post,task003_nosolution,6,24.00000,3.00000,1.00000,both,1,,,,,,,,,,,,,,,,,0.00000,0.00000,0.00000,0.00000,0.00000,0.00000
sim1_uniform_post,task003_nosolution,6,24.00000,3.00000,1.00000,both,2,,,,,,,,,,,,,,,,,-0.00781,-0.02406,0.00948,-0.39256,-0.40288,-0.38158
sim1_uniform_post,task003_nosolution,6,24.00000,3.00000,1.00000,false,2,0.38475,0.36078,0.40734,0.00000,0.78625,0.40150,0.00000,22.26600,0.25593,0.41471,0.98100,0.64200,2.00000,0.65800,0.03000,0.00600,,,,,,
sim1_uniform_post,task003_nosolution,6,24.00000,3.00000,1.00000,truth,0,0.40037,0.38608,0.41489,0.00000,0.99887,0.59850,0.00000,3.71700,0.04272,2.58515,1.00000,0.80500,2.00000,0.98500,0.00000,0.09700,,,,,,
sim1_uniform_post,task003_nosolution,6,24.00000,6.00000,0.75000,both,0,,,,,,,,,,,,,,,,,0.03446,0.01310,0.05573,0.40288,0.39769,0.40827
sim1_uniform_post,task003_nosolution,6,24.00000,6.00000,0.75000,both,1,,,,,,,,,,,,,,,,,-0.03406,-0.04254,-0.02677,0.00215,0.00012,0.00421
sim1_uniform_post,task003_nosolution,6,24.00000,6.00000,0.75000,both,2,,,,,,,,,,,,,,,,,-0.00040,-0.02155,0.02194,-0.40502,-0.41027,-0.39973
sim1_uniform_post,task003_nosolution,6,24.00000,6.00000,0.75000,false,2,0.40462,0.38349,0.42763,-0.03621,0.93146,0.52683,0.01733,18.51000,0.10638,0.52464,1.00000,0.74100,2.00000,0.44300,0.00000,0.09900,,,,,,
sim1_uniform_post,task003_nosolution,6,24.00000,6.00000,0.75000,truth,0,0.43733,0.41557,0.45901,-0.03192,0.85696,0.41963,0.02162,37.00200,0.21266,0.28366,0.99800,0.63900,2.00000,0.25500,0.00000,0.05400,,,,,,
sim1_uniform_post,task003_nosolution,6,24.00000,6.00000,1.00000,both,0,,,,,,,,,,,,,,,,,0.03529,0.01771,0.05307,0.36475,0.35391,0.37563
sim1_uniform_post,task003_nosolution,6,24.00000,6.00000,1.00000,both,1,,,,,,,,,,,,,,,,,0.00000,0.00000,0.00000,0.00000,0.00000,0.00000
sim1_uniform_post,task003_nosolution,6,24.00000,6.00000,1.00000,both,2,,,,,,,,,,,,,,,,,-0.03529,-0.05307,-0.01771,-0.36475,-0.37563,-0.35391
sim1_uniform_post,task003_nosolution,6,24.00000,6.00000,1.00000,false,2,0.32946,0.30382,0.35510,0.00000,0.73096,0.40150,0.00000,51.66600,0.29693,0.15304,0.98100,0.64200,2.00000,0.53200,0.02900,0.00600,,,,,,
sim1_uniform_post,task003_nosolution,6,24.00000,6.00000,1.00000,truth,0,0.40004,0.38504,0.41409,0.00000,0.99854,0.59850,0.00000,8.41200,0.04834,1.14135,1.00000,0.80500,2.00000,0.98600,0.00000,0.09700,,,,,,
sim1_uniform_post,task003_nosolution,6,24.00000,9.00000,0.75000,both,0,,,,,,,,,,,,,,,,,0.04752,0.02603,0.07063,0.31185,0.30465,0.31912
sim1_uniform_post,task003_nosolution,6,24.00000,9.00000,0.75000,both,1,,,,,,,,,,,,,,,,,-0.02956,-0.03754,-0.02147,-0.00135,-0.00365,0.00085
sim1_uniform_post,task003_nosolution,6,24.00000,9.00000,0.75000,both,2,,,,,,,,,,,,,,,,,-0.01796,-0.04105,0.00401,-0.31050,-0.31807,-0.30314
sim1_uniform_post,task003_nosolution,6,24.00000,9.00000,0.75000,false,2,0.29254,0.26791,0.31583,-0.02821,0.81937,0.52683,0.02533,96.11100,0.36824,0.07305,0.99600,0.74100,2.00000,0.19900,0.00000,0.09900,,,,,,
sim1_uniform_post,task003_nosolution,6,24.00000,9.00000,0.75000,truth,0,0.35937,0.33628,0.38334,-0.03092,0.77900,0.41963,0.02262,90.83700,0.34803,0.09495,0.99800,0.63900,3.00000,0.09300,0.00000,0.05400,,,,,,
sim1_uniform_post,task003_nosolution,6,24.00000,9.00000,1.00000,both,0,,,,,,,,,,,,,,,,,0.25269,0.23446,0.27073,0.14669,0.13581,0.15723
sim1_uniform_post,task003_nosolution,6,24.00000,9.00000,1.00000,both,1,,,,,,,,,,,,,,,,,0.00000,0.00000,0.00000,0.00000,0.00000,0.00000
sim1_uniform_post,task003_nosolution,6,24.00000,9.00000,1.00000,both,2,,,,,,,,,,,,,,,,,-0.25269,-0.27073,-0.23446,-0.14669,-0.15723,-0.13581
sim1_uniform_post,task003_nosolution,6,24.00000,9.00000,1.00000,false,2,-0.10600,-0.13130,-0.08087,0.00000,0.29550,0.40150,0.00000,181.99800,0.69731,-0.01398,0.71200,0.64200,2.00000,0.07900,0.36200,0.00600,,,,,,
sim1_uniform_post,task003_nosolution,6,24.00000,9.00000,1.00000,truth,0,0.39937,0.38462,0.41409,0.00000,0.99787,0.59850,0.00000,17.28000,0.06621,0.55469,1.00000,0.80500,2.00000,0.97900,0.00000,0.09700,,,,,,
sim1_uniform_post,task003_nosolution,12,3.00000,1.00000,0.75000,both,0,,,,,,,,,,,,,,,,,0.06021,0.03741,0.08381,0.42413,0.41871,0.42931
sim1_uniform_post,task003_nosolution,12,3.00000,1.00000,0.75000,both,1,,,,,,,,,,,,,,,,,-0.02306,-0.02950,-0.01633,0.00435,0.00269,0.00611
sim1_uniform_post,task003_nosolution,12,3.00000,1.00000,0.75000,both,2,,,,,,,,,,,,,,,,,-0.03715,-0.06082,-0.01393,-0.42848,-0.43362,-0.42342
sim1_uniform_post,task003_nosolution,12,3.00000,1.00000,0.75000,false,2,0.39133,0.36850,0.41526,-0.02742,0.91771,0.52638,0.00567,7.28600,0.25124,1.28905,0.99900,0.73600,2.00000,0.46600,0.00000,0.14900,,,,,,
sim1_uniform_post,task003_nosolution,12,3.00000,1.00000,0.75000,truth,0,0.48433,0.46112,0.50892,-0.01871,0.92488,0.44054,0.01438,6.78500,0.23397,1.71319,0.99900,0.67100,2.00000,0.43300,0.00000,0.07500,,,,,,
sim1_uniform_post,task003_nosolution,12,3.00000,1.00000,1.00000,both,0,,,,,,,,,,,,,,,,,-0.06644,-0.08036,-0.05160,0.48494,0.48012,0.48973
sim1_uniform_post,task003_nosolution,12,3.00000,1.00000,1.00000,both,1,,,,,,,,,,,,,,,,,0.00000,0.00000,0.00000,0.00000,0.00000,0.00000
sim1_uniform_post,task003_nosolution,12,3.00000,1.00000,1.00000,both,2,,,,,,,,,,,,,,,,,0.06644,0.05160,0.08036,-0.48494,-0.48973,-0.48012
sim1_uniform_post,task003_nosolution,12,3.00000,1.00000,1.00000,false,2,0.55138,0.53421,0.56721,0.00000,0.97183,0.42046,0.00000,5.23200,0.18041,2.52924,0.99400,0.70300,2.00000,0.95300,0.00000,0.00600,,,,,,
sim1_uniform_post,task003_nosolution,12,3.00000,1.00000,1.00000,truth,0,0.41850,0.40542,0.43242,0.00000,0.99804,0.57954,0.00000,2.54100,0.08762,3.95277,0.99900,0.83300,2.00000,0.98900,0.00000,0.07900,,,,,,
sim1_uniform_post,task003_nosolution,12,3.00000,2.00000,0.75000,both,0,,,,,,,,,,,,,,,,,0.06165,0.03959,0.08571,0.43669,0.43229,0.44106
sim1_uniform_post,task003_nosolution,12,3.00000,2.00000,0.75000,both,1,,,,,,,,,,,,,,,,,-0.02400,-0.03083,-0.01783,0.00454,0.00296,0.00600
sim1_uniform_post,task003_nosolution,12,3.00000,2.00000,0.75000,both,2,,,,,,,,,,,,,,,,,-0.03765,-0.06086,-0.01516,-0.44123,-0.44556,-0.43708
sim1_uniform_post,task003_nosolution,12,3.00000,2.00000,0.75000,false,2,0.40358,0.38004,0.42580,-0.02854,0.92996,0.52638,0.00454,12.15800,0.20962,0.79668,1.00000,0.73600,2.00000,0.50300,0.00000,0.14900,,,,,,
sim1_uniform_post,task003_nosolution,12,3.00000,2.00000,0.75000,truth,0,0.49833,0.47558,0.52346,-0.01946,0.93888,0.44054,0.01362,10.50600,0.18114,1.13840,1.00000,0.67100,2.00000,0.49800,0.00000,0.07500,,,,,,
sim1_uniform_post,task003_nosolution,12,3.00000,2.00000,1.00000,both,0,,,,,,,,,,,,,,,,,-0.05454,-0.06954,-0.03967,0.47308,0.46666,0.47969
sim1_uniform_post,task003_nosolution,12,3.00000,2.00000,1.00000,both,1,,,,,,,,,,,,,,,,,0.00000,0.00000,0.00000,0.00000,0.00000,0.00000
sim1_uniform_post,task003_nosolution,12,3.00000,2.00000,1.00000,both,2,,,,,,,,,,,,,,,,,0.05454,0.03967,0.06954,-0.47308,-0.47969,-0.46666
sim1_uniform_post,task003_nosolution,12,3.00000,2.00000,1.00000,false,2,0.52762,0.50875,0.54596,0.00000,0.94808,0.42046,0.00000,8.64800,0.14910,1.46427,0.99800,0.70300,2.00000,0.91800,0.00000,0.00600,,,,,,
sim1_uniform_post,task003_nosolution,12,3.00000,2.00000,1.00000,truth,0,0.41854,0.40504,0.43175,0.00000,0.99808,0.57954,0.00000,2.67000,0.04603,3.76217,1.00000,0.83300,2.00000,0.99000,0.00000,0.07900,,,,,,
sim1_uniform_post,task003_nosolution,12,3.00000,3.00000,0.75000,both,0,,,,,,,,,,,,,,,,,0.06154,0.03681,0.08321,0.43929,0.43442,0.44402
sim1_uniform_post,task003_nosolution,12,3.00000,3.00000,0.75000,both,1,,,,,,,,,,,,,,,,,-0.02665,-0.03340,-0.02075,0.00344,0.00244,0.00448
sim1_uniform_post,task003_nosolution,12,3.00000,3.00000,0.75000,both,2,,,,,,,,,,,,,,,,,-0.03490,-0.05682,-0.01131,-0.44273,-0.44744,-0.43802
sim1_uniform_post,task003_nosolution,12,3.00000,3.00000,0.75000,false,2,0.40783,0.38437,0.43201,-0.03008,0.93421,0.52638,0.00300,17.42400,0.20028,0.56175,1.00000,0.73600,2.00000,0.54500,0.00000,0.14900,,,,,,
sim1_uniform_post,task003_nosolution,12,3.00000,3.00000,0.75000,truth,0,0.50083,0.47617,0.52300,-0.02321,0.94137,0.44054,0.00988,15.03900,0.17286,0.79926,1.00000,0.67100,2.00000,0.49600,0.00000,0.07500,,,,,,
sim1_uniform_post,task003_nosolution,12,3.00000,3.00000,1.00000,both,0,,,,,,,,,,,,,,,,,0.01025,-0.00644,0.02713,0.40946,0.39881,0.41983
sim1_uniform_post,task003_nosolution,12,3.00000,3.00000,1.00000,both,1,,,,,,,,,,,,,,,,,0.00000,0.00000,0.00000,0.00000,0.00000,0.00000
sim1_uniform_post,task003_nosolution,12,3.00000,3.00000,1.00000,both,2,,,,,,,,,,,,,,,,,-0.01025,-0.02713,0.00644,-0.40946,-0.41983,-0.39881
sim1_uniform_post,task003_nosolution,12,3.00000,3.00000,1.00000,false,2,0.39921,0.37483,0.42350,0.00000,0.81967,0.42046,0.00000,24.17700,0.27790,0.39629,0.98500,0.70300,2.00000,0.74300,0.02000,0.00600,,,,,,
sim1_uniform_post,task003_nosolution,12,3.00000,3.00000,1.00000,truth,0,0.41971,0.40491,0.43346,0.00000,0.99925,0.57954,0.00000,3.90000,0.04483,2.58282,1.00000,0.83300,2.00000,0.98600,0.00000,0.07900,,,,,,
sim1_uniform_post,task003_nosolution,12,3.00000,6.00000,0.75000,both,0,,,,,,,,,,,,,,,,,0.02690,0.00521,0.04856,0.42706,0.42150,0.43210
sim1_uniform_post,task003_nosolution,12,3.00000,6.00000,0.75000,both,1,,,,,,,,,,,,,,,,,-0.02698,-0.03419,-0.02019,0.00215,0.00117,0.00319
sim1_uniform_post,task003_nosolution,12,3.00000,6.00000,0.75000,both,2,,,,,,,,,,,,,,,,,0.00008,-0.02296,0.02272,-0.42921,-0.43425,-0.42369
sim1_uniform_post,task003_nosolution,12,3.00000,6.00000,0.75000,false,2,0.42929,0.40742,0.45276,-0.02913,0.95567,0.52638,0.00396,27.88200,0.16024,0.36952,1.00000,0.73600,2.00000,0.63900,0.00000,0.14900,,,,,,
sim1_uniform_post,task003_nosolution,12,3.00000,6.00000,0.75000,truth,0,0.45396,0.43100,0.47721,-0.02483,0.89450,0.44054,0.00825,36.79200,0.21145,0.29612,1.00000,0.67100,2.00000,0.40100,0.00000,0.07500,,,,,,
sim1_uniform_post,task003_nosolution,12,3.00000,6.00000,1.00000,both,0,,,,,,,,,,,,,,,,,0.06002,0.04104,0.07610,0.35969,0.34842,0.37094
sim1_uniform_post,task003_nosolution,12,3.00000,6.00000,1.00000,both,1,,,,,,,,,,,,,,,,,0.00000,0.00000,0.00000,0.00000,0.00000,0.00000
sim1_uniform_post,task003_nosolution,12,3.00000,6.00000,1.00000,both,2,,,,,,,,,,,,,,,,,-0.06002,-0.07610,-0.04104,-0.35969,-0.37094,-0.34842
sim1_uniform_post,task003_nosolution,12,3.00000,6.00000,1.00000,false,2,0.29967,0.27471,0.32589,0.00000,0.72013,0.42046,0.00000,61.15200,0.35145,0.11761,0.97600,0.70300,2.00000,0.56600,0.06000,0.00600,,,,,,
sim1_uniform_post,task003_nosolution,12,3.00000,6.00000,1.00000,truth,0,0.41971,0.40591,0.43417,0.00000,0.99925,0.57954,0.00000,8.65800,0.04976,1.16343,1.00000,0.83300,2.00000,0.99500,0.00000,0.07900,,,,,,
sim1_uniform_post,task003_nosolution,12,3.00000,9.00000,0.75000,both,0,,,,,,,,,,,,,,,,,0.08617,0.05958,0.10786,0.34642,0.33800,0.35377
sim1_uniform_post,task003_nosolution,12,3.00000,9.00000,0.75000,both,1,,,,,,,,,,,,,,,,,-0.02771,-0.03431,-0.02112,0.00196,0.00100,0.00290
sim1_uniform_post,task003_nosolution,12,3.00000,9.00000,0.75000,both,2,,,,,,,,,,,,,,,,,-0.05846,-0.08157,-0.03270,-0.34837,-0.35563,-0.33990
sim1_uniform_post,task003_nosolution,12,3.00000,9.00000,0.75000,false,2,0.28992,0.26521,0.31817,-0.02967,0.81629,0.52638,0.00342,114.79500,0.43983,0.06061,0.99000,0.73600,2.00000,0.28000,0.00000,0.14900,,,,,,
sim1_uniform_post,task003_nosolution,12,3.00000,9.00000,0.75000,truth,0,0.43258,0.40615,0.45580,-0.02575,0.87313,0.44054,0.00733,79.63200,0.30510,0.13037,1.00000,0.67100,2.00000,0.25200,0.00000,0.07500,,,,,,
sim1_uniform_post,task003_nosolution,12,3.00000,9.00000,1.00000,both,0,,,,,,,,,,,,,,,,,0.38060,0.36512,0.39475,0.03906,0.03219,0.04619
sim1_uniform_post,task003_nosolution,12,3.00000,9.00000,1.00000,both,1,,,,,,,,,,,,,,,,,0.00000,0.00000,0.00000,0.00000,0.00000,0.00000
sim1_uniform_post,task003_nosolution,12,3.00000,9.00000,1.00000,both,2,,,,,,,,,,,,,,,,,-0.38060,-0.39475,-0.36512,-0.03906,-0.04619,-0.03219
sim1_uniform_post,task003_nosolution,12,3.00000,9.00000,1.00000,false,2,-0.34154,-0.35933,-0.32204,0.00000,0.07892,0.42046,0.00000,211.16700,0.80907,-0.03882,0.75700,0.70300,2.00000,0.02200,0.82500,0.00600,,,,,,
sim1_uniform_post,task003_nosolution,12,3.00000,9.00000,1.00000,truth,0,0.41967,0.40445,0.43326,0.00000,0.99921,0.57954,0.00000,15.13800,0.05800,0.66535,0.99900,0.83300,2.00000,0.99600,0.00000,0.07900,,,,,,
sim1_uniform_post,task003_nosolution,12,6.00000,1.00000,0.75000,both,0,,,,,,,,,,,,,,,,,0.06260,0.03883,0.08467,0.42552,0.42108,0.42988
sim1_uniform_post,task003_nosolution,12,6.00000,1.00000,0.75000,both,1,,,,,,,,,,,,,,,,,-0.02404,-0.03059,-0.01783,0.00329,0.00196,0.00467
sim1_uniform_post,task003_nosolution,12,6.00000,1.00000,0.75000,both,2,,,,,,,,,,,,,,,,,-0.03856,-0.06033,-0.01505,-0.42881,-0.43310,-0.42450
sim1_uniform_post,task003_nosolution,12,6.00000,1.00000,0.75000,false,2,0.39025,0.36732,0.41462,-0.02733,0.91663,0.52638,0.00575,5.36800,0.18510,1.74478,1.00000,0.73600,2.00000,0.41700,0.00000,0.14900,,,,,,
sim1_uniform_post,task003_nosolution,12,6.00000,1.00000,0.75000,truth,0,0.48813,0.46429,0.51084,-0.02075,0.92867,0.44054,0.01233,4.50400,0.15531,2.60102,1.00000,0.67100,2.00000,0.42200,0.00000,0.07500,,,,,,
sim1_uniform_post,task003_nosolution,12,6.00000,1.00000,1.00000,both,0,,,,,,,,,,,,,,,,,-0.06085,-0.07586,-0.04624,0.48035,0.47433,0.48592
sim1_uniform_post,task003_nosolution,12,6.00000,1.00000,1.00000,both,1,,,,,,,,,,,,,,,,,0.00000,0.00000,0.00000,0.00000,0.00000,0.00000
sim1_uniform_post,task003_nosolution,12,6.00000,1.00000,1.00000,both,2,,,,,,,,,,,,,,,,,0.06085,0.04624,0.07586,-0.48035,-0.48592,-0.47433
sim1_uniform_post,task003_nosolution,12,6.00000,1.00000,1.00000,false,2,0.54121,0.52375,0.55796,0.00000,0.96167,0.42046,0.00000,4.45500,0.15362,2.91560,0.99100,0.70300,2.00000,0.93900,0.00000,0.00600,,,,,,
sim1_uniform_post,task003_nosolution,12,6.00000,1.00000,1.00000,truth,0,0.41950,0.40450,0.43313,0.00000,0.99904,0.57954,0.00000,1.84900,0.06376,5.44511,1.00000,0.83300,2.00000,0.98600,0.00000,0.07900,,,,,,
sim1_uniform_post,task003_nosolution,12,6.00000,2.00000,0.75000,both,0,,,,,,,,,,,,,,,,,0.06248,0.04101,0.08394,0.43248,0.42802,0.43698
sim1_uniform_post,task003_nosolution,12,6.00000,2.00000,0.75000,both,1,,,,,,,,,,,,,,,,,-0.02288,-0.02933,-0.01623,0.00396,0.00267,0.00542
sim1_uniform_post,task003_nosolution,12,6.00000,2.00000,0.75000,both,2,,,,,,,,,,,,,,,,,-0.03960,-0.06225,-0.01810,-0.43644,-0.44111,-0.43208
sim1_uniform_post,task003_nosolution,12,6.00000,2.00000,0.75000,false,2,0.39683,0.37433,0.41851,-0.02683,0.92321,0.52638,0.00625,8.56800,0.14772,1.11158,1.00000,0.73600,2.00000,0.49000,0.00000,0.14900,,,,,,
sim1_uniform_post,task003_nosolution,12,6.00000,2.00000,0.75000,truth,0,0.49496,0.47262,0.51717,-0.01892,0.93550,0.44054,0.01417,6.56600,0.11321,1.80917,1.00000,0.67100,2.00000,0.43200,0.00000,0.07500,,,,,,
sim1_uniform_post,task003_nosolution,12,6.00000,2.00000,1.00000,both,0,,,,,,,,,,,,,,,,,-0.03804,-0.05495,-0.02116,0.45787,0.45021,0.46477
sim1_uniform_post,task003_nosolution,12,6.00000,2.00000,1.00000,both,1,,,,,,,,,,,,,,,,,0.00000,0.00000,0.00000,0.00000,0.00000,0.00000
sim1_uniform_post,task003_nosolution,12,6.00000,2.00000,1.00000,both,2,,,,,,,,,,,,,,,,,0.03804,0.02116,0.05495,-0.45787,-0.46477,-0.45021
sim1_uniform_post,task003_nosolution,12,6.00000,2.00000,1.00000,false,2,0.49592,0.47504,0.51708,0.00000,0.91638,0.42046,0.00000,8.49200,0.14641,1.40155,0.98500,0.70300,2.00000,0.88200,0.01200,0.00600,,,,,,
sim1_uniform_post,task003_nosolution,12,6.00000,2.00000,1.00000,truth,0,0.41983,0.40433,0.43363,0.00000,0.99938,0.57954,0.00000,2.33000,0.04017,4.32446,1.00000,0.83300,2.00000,0.98600,0.00000,0.07900,,,,,,
sim1_uniform_post,task003_nosolution,12,6.00000,3.00000,0.75000,both,0,,,,,,,,,,,,,,,,,0.05952,0.03640,0.08402,0.43631,0.43100,0.44044
sim1_uniform_post,task003_nosolution,12,6.00000,3.00000,0.75000,both,1,,,,,,,,,,,,,,,,,-0.02410,-0.03067,-0.01771,0.00294,0.00169,0.00415
sim1_uniform_post,task003_nosolution,12,6.00000,3.00000,0.75000,both,2,,,,,,,,,,,,,,,,,-0.03542,-0.05990,-0.01329,-0.43925,-0.44342,-0.43406
sim1_uniform_post,task003_nosolution,12,6.00000,3.00000,0.75000,false,2,0.40383,0.37800,0.42738,-0.02704,0.93021,0.52638,0.00604,12.36000,0.14207,0.78414,1.00000,0.73600,2.00000,0.52700,0.00000,0.14900,,,,,,
sim1_uniform_post,task003_nosolution,12,6.00000,3.00000,0.75000,truth,0,0.49583,0.47258,0.52052,-0.02117,0.93637,0.44054,0.01192,9.75000,0.11207,1.22051,1.00000,0.67100,2.00000,0.45700,0.00000,0.07500,,,,,,
sim1_uniform_post,task003_nosolution,12,6.00000,3.00000,1.00000,both,0,,,,,,,,,,,,,,,,,0.03196,0.01518,0.04825,0.38771,0.37762,0.39875
sim1_uniform_post,task003_nosolution,12,6.00000,3.00000,1.00000,both,1,,,,,,,,,,,,,,,,,0.00000,0.00000,0.00000,0.00000,0.00000,0.00000
sim1_uniform_post,task003_nosolution,12,6.00000,3.00000,1.00000,both,2,,,,,,,,,,,,,,,,,-0.03196,-0.04825,-0.01518,-0.38771,-0.39875,-0.37762
sim1_uniform_post,task003_nosolution,12,6.00000,3.00000,1.00000,false,2,0.35575,0.33121,0.38106,0.00000,0.77621,0.42046,0.00000,24.45900,0.28114,0.34907,0.97600,0.70300,2.00000,0.66900,0.05800,0.00600,,,,,,
sim1_uniform_post,task003_nosolution,12,6.00000,3.00000,1.00000,truth,0,0.41967,0.40528,0.43279,0.00000,0.99921,0.57954,0.00000,3.24300,0.03728,3.10577,1.00000,0.83300,2.00000,0.98500,0.00000,0.07900,,,,,,
sim1_uniform_post,task003_nosolution,12,6.00000,6.00000,0.75000,both,0,,,,,,,,,,,,,,,,,0.04404,0.02162,0.06832,0.43829,0.43340,0.44308
sim1_uniform_post,task003_nosolution,12,6.00000,6.00000,0.75000,both,1,,,,,,,,,,,,,,,,,-0.02388,-0.03104,-0.01777,0.00363,0.00221,0.00498
sim1_uniform_post,task003_nosolution,12,6.00000,6.00000,0.75000,both,2,,,,,,,,,,,,,,,,,-0.02017,-0.04467,0.00203,-0.44192,-0.44642,-0.43712
sim1_uniform_post,task003_nosolution,12,6.00000,6.00000,0.75000,false,2,0.42175,0.39741,0.44479,-0.02750,0.94812,0.52638,0.00558,20.46600,0.11762,0.49458,1.00000,0.73600,2.00000,0.59600,0.00000,0.14900,,,,,,
sim1_uniform_post,task003_nosolution,12,6.00000,6.00000,0.75000,truth,0,0.48233,0.46015,0.50671,-0.02025,0.92288,0.44054,0.01283,21.21000,0.12190,0.54578,1.00000,0.67100,2.00000,0.43600,0.00000,0.07500,,,,,,
sim1_uniform_post,task003_nosolution,12,6.00000,6.00000,1.00000,both,0,,,,,,,,,,,,,,,,,0.07767,0.06001,0.09434,0.34217,0.33140,0.35356
sim1_uniform_post,task003_nosolution,12,6.00000,6.00000,1.00000,both,1,,,,,,,,,,,,,,,,,0.00000,0.00000,0.00000,0.00000,0.00000,0.00000
sim1_uniform_post,task003_nosolution,12,6.00000,6.00000,1.00000,both,2,,,,,,,,,,,,,,,,,-0.07767,-0.09434,-0.06001,-0.34217,-0.35356,-0.33140
sim1_uniform_post,task003_nosolution,12,6.00000,6.00000,1.00000,false,2,0.26450,0.23966,0.29046,0.00000,0.68496,0.42046,0.00000,60.78000,0.34931,0.10444,0.97200,0.70300,2.00000,0.50600,0.06000,0.00600,,,,,,
sim1_uniform_post,task003_nosolution,12,6.00000,6.00000,1.00000,truth,0,0.41983,0.40604,0.43384,0.00000,0.99938,0.57954,0.00000,6.57000,0.03776,1.53364,1.00000,0.83300,2.00000,0.99000,0.00000,0.07900,,,,,,
sim1_uniform_post,task003_nosolution,12,6.00000,9.00000,0.75000,both,0,,,,,,,,,,,,,,,,,0.09165,0.06570,0.11394,0.33385,0.32546,0.34207
sim1_uniform_post,task003_nosolution,12,6.00000,9.00000,0.75000,both,1,,,,,,,,,,,,,,,,,-0.02408,-0.03102,-0.01767,0.00329,0.00192,0.00462
sim1_uniform_post,task003_nosolution,12,6.00000,9.00000,0.75000,both,2,,,,,,,,,,,,,,,,,-0.06756,-0.08996,-0.04393,-0.33715,-0.34531,-0.32898
sim1_uniform_post,task003_nosolution,12,6.00000,9.00000,0.75000,false,2,0.26958,0.24596,0.29667,-0.02738,0.79596,0.52638,0.00571,98.07300,0.37576,0.06597,0.98100,0.73600,2.00000,0.28400,0.00100,0.14900,,,,,,
sim1_uniform_post,task003_nosolution,12,6.00000,9.00000,0.75000,truth,0,0.42550,0.39946,0.44904,-0.02079,0.86604,0.44054,0.01229,55.92600,0.21428,0.18260,1.00000,0.67100,2.00000,0.22500,0.00000,0.07500,,,,,,
sim1_uniform_post,task003_nosolution,12,6.00000,9.00000,1.00000,both,0,,,,,,,,,,,,,,,,,0.36915,0.35446,0.38483,0.05085,0.04277,0.05930
sim1_uniform_post,task003_nosolution,12,6.00000,9.00000,1.00000,both,1,,,,,,,,,,,,,,,,,0.00000,0.00000,0.00000,0.00000,0.00000,0.00000
sim1_uniform_post,task003_nosolution,12,6.00000,9.00000,1.00000,both,2,,,,,,,,,,,,,,,,,-0.36915,-0.38483,-0.35446,-0.05085,-0.05930,-0.04277
sim1_uniform_post,task003_nosolution,12,6.00000,9.00000,1.00000,false,2,-0.31829,-0.33926,-0.29941,0.00000,0.10217,0.42046,0.00000,196.90200,0.75441,-0.03880,0.76300,0.70300,2.00000,0.03300,0.82000,0.00600,,,,,,
sim1_uniform_post,task003_nosolution,12,6.00000,9.00000,1.00000,truth,0,0.42000,0.40666,0.43380,0.00000,0.99954,0.57954,0.00000,11.73600,0.04497,0.85890,1.00000,0.83300,2.00000,0.99100,0.00000,0.07900,,,,,,
sim1_uniform_post,task003_nosolution,12,12.00000,1.00000,0.75000,both,0,,,,,,,,,,,,,,,,,0.06290,0.04158,0.08580,0.41627,0.41054,0.42136
sim1_uniform_post,task003_nosolution,12,12.00000,1.00000,0.75000,both,1,,,,,,,,,,,,,,,,,-0.02338,-0.02988,-0.01723,0.00267,0.00112,0.00425
sim1_uniform_post,task003_nosolution,12,12.00000,1.00000,0.75000,both,2,,,,,,,,,,,,,,,,,-0.03952,-0.06317,-0.01758,-0.41894,-0.42400,-0.41362
sim1_uniform_post,task003_nosolution,12,12.00000,1.00000,0.75000,false,2,0.37942,0.35600,0.40113,-0.02604,0.90579,0.52638,0.00704,4.46300,0.15390,2.04033,1.00000,0.73600,2.00000,0.42400,0.00000,0.14900,,,,,,
sim1_uniform_post,task003_nosolution,12,12.00000,1.00000,0.75000,truth,0,0.47917,0.45670,0.50367,-0.02071,0.91971,0.44054,0.01238,3.48000,0.12000,3.30460,1.00000,0.67100,2.00000,0.38600,0.00000,0.07500,,,,,,
sim1_uniform_post,task003_nosolution,12,12.00000,1.00000,1.00000,both,0,,,,,,,,,,,,,,,,,-0.03665,-0.05184,-0.02176,0.45506,0.44717,0.46258
sim1_uniform_post,task003_nosolution,12,12.00000,1.00000,1.00000,both,1,,,,,,,,,,,,,,,,,0.00000,0.00000,0.00000,0.00000,0.00000,0.00000
sim1_uniform_post,task003_nosolution,12,12.00000,1.00000,1.00000,both,2,,,,,,,,,,,,,,,,,0.03665,0.02176,0.05184,-0.45506,-0.46258,-0.44717
sim1_uniform_post,task003_nosolution,12,12.00000,1.00000,1.00000,false,2,0.49171,0.47212,0.51188,0.00000,0.91217,0.42046,0.00000,5.16800,0.17821,2.28348,0.97300,0.70300,2.00000,0.87500,0.01500,0.00600,,,,,,
sim1_uniform_post,task003_nosolution,12,12.00000,1.00000,1.00000,truth,0,0.41842,0.40479,0.43309,0.00000,0.99796,0.57954,0.00000,1.51400,0.05221,6.63276,1.00000,0.83300,2.00000,0.97300,0.00000,0.07900,,,,,,
sim1_uniform_post,task003_nosolution,12,12.00000,2.00000,0.75000,both,0,,,,,,,,,,,,,,,,,0.05777,0.03683,0.08100,0.43102,0.42617,0.43527
sim1_uniform_post,task003_nosolution,12,12.00000,2.00000,0.75000,both,1,,,,,,,,,,,,,,,,,-0.02013,-0.02646,-0.01385,0.00292,0.00112,0.00469
sim1_uniform_post,task003_nosolution,12,12.00000,2.00000,0.75000,both,2,,,,,,,,,,,,,,,,,-0.03765,-0.06046,-0.01417,-0.43394,-0.43856,-0.42923
sim1_uniform_post,task003_nosolution,12,12.00000,2.00000,0.75000,false,2,0.39629,0.37323,0.41963,-0.02304,0.92267,0.52638,0.01004,7.08000,0.12207,1.34336,1.00000,0.73600,2.00000,0.47100,0.00000,0.14900,,,,,,
sim1_uniform_post,task003_nosolution,12,12.00000,2.00000,0.75000,truth,0,0.48879,0.46631,0.51275,-0.01721,0.92933,0.44054,0.01588,5.21000,0.08983,2.25163,1.00000,0.67100,2.00000,0.41400,0.00000,0.07500,,,,,,
sim1_uniform_post,task003_nosolution,12,12.00000,2.00000,1.00000,both,0,,,,,,,,,,,,,,,,,-0.02996,-0.04667,-0.01435,0.44921,0.44146,0.45696
sim1_uniform_post,task003_nosolution,12,12.00000,2.00000,1.00000,both,1,,,,,,,,,,,,,,,,,0.00000,0.00000,0.00000,0.00000,0.00000,0.00000
sim1_uniform_post,task003_nosolution,12,12.00000,2.00000,1.00000,both,2,,,,,,,,,,,,,,,,,0.02996,0.01435,0.04667,-0.44921,-0.45696,-0.44146
sim1_uniform_post,task003_nosolution,12,12.00000,2.00000,1.00000,false,2,0.47917,0.45887,0.50042,0.00000,0.89963,0.42046,0.00000,9.29000,0.16017,1.23789,0.98100,0.70300,2.00000,0.84500,0.01600,0.00600,,,,,,
sim1_uniform_post,task003_nosolution,12,12.00000,2.00000,1.00000,truth,0,0.41925,0.40483,0.43375,0.00000,0.99879,0.57954,0.00000,2.12800,0.03669,4.72838,1.00000,0.83300,2.00000,0.97900,0.00000,0.07900,,,,,,
sim1_uniform_post,task003_nosolution,12,12.00000,3.00000,0.75000,both,0,,,,,,,,,,,,,,,,,0.06383,0.04183,0.08699,0.42817,0.42294,0.43296
sim1_uniform_post,task003_nosolution,12,12.00000,3.00000,0.75000,both,1,,,,,,,,,,,,,,,,,-0.02167,-0.02815,-0.01567,0.00154,0.00008,0.00310
sim1_uniform_post,task003_nosolution,12,12.00000,3.00000,0.75000,both,2,,,,,,,,,,,,,,,,,-0.04217,-0.06640,-0.02098,-0.42971,-0.43456,-0.42444
sim1_uniform_post,task003_nosolution,12,12.00000,3.00000,0.75000,false,2,0.38754,0.36394,0.41030,-0.02321,0.91392,0.52638,0.00988,10.49400,0.12062,0.88632,1.00000,0.73600,2.00000,0.48100,0.00000,0.14900,,,,,,
sim1_uniform_post,task003_nosolution,12,12.00000,3.00000,0.75000,truth,0,0.49200,0.47000,0.51613,-0.02012,0.93254,0.44054,0.01296,7.11900,0.08183,1.65866,1.00000,0.67100,2.00000,0.41300,0.00000,0.07500,,,,,,
sim1_uniform_post,task003_nosolution,12,12.00000,3.00000,1.00000,both,0,,,,,,,,,,,,,,,,,0.01721,0.00004,0.03354,0.40200,0.39135,0.41179
sim1_uniform_post,task003_nosolution,12,12.00000,3.00000,1.00000,both,1,,,,,,,,,,,,,,,,,0.00000,0.00000,0.00000,0.00000,0.00000,0.00000
sim1_uniform_post,task003_nosolution,12,12.00000,3.00000,1.00000,both,2,,,,,,,,,,,,,,,,,-0.01721,-0.03354,-0.00004,-0.40200,-0.41179,-0.39135
sim1_uniform_post,task003_nosolution,12,12.00000,3.00000,1.00000,false,2,0.38479,0.36187,0.40884,0.00000,0.80525,0.42046,0.00000,21.14100,0.24300,0.43683,0.97100,0.70300,2.00000,0.70900,0.04100,0.00600,,,,,,
sim1_uniform_post,task003_nosolution,12,12.00000,3.00000,1.00000,truth,0,0.41921,0.40417,0.43325,0.00000,0.99875,0.57954,0.00000,3.09600,0.03559,3.24968,1.00000,0.83300,2.00000,0.97900,0.00000,0.07900,,,,,,
sim1_uniform_post,task003_nosolution,12,12.00000,6.00000,0.75000,both,0,,,,,,,,,,,,,,,,,0.05048,0.02575,0.07317,0.43410,0.42933,0.43837
sim1_uniform_post,task003_nosolution,12,12.00000,6.00000,0.75000,both,1,,,,,,,,,,,,,,,,,-0.02300,-0.02983,-0.01650,0.00158,0.00017,0.00304
sim1_uniform_post,task003_nosolution,12,12.00000,6.00000,0.75000,both,2,,,,,,,,,,,,,,,,,-0.02748,-0.05034,-0.00360,-0.43569,-0.44002,-0.43092
sim1_uniform_post,task003_nosolution,12,12.00000,6.00000,0.75000,false,2,0.40821,0.38537,0.43338,-0.02458,0.93458,0.52638,0.00850,17.40600,0.10003,0.56285,1.00000,0.73600,2.00000,0.57800,0.00000,0.14900,,,,,,
sim1_uniform_post,task003_nosolution,12,12.00000,6.00000,0.75000,truth,0,0.48458,0.46024,0.50738,-0.02142,0.92512,0.44054,0.01167,16.84200,0.09679,0.69054,1.00000,0.67100,2.00000,0.38500,0.00000,0.07500,,,,,,
sim1_uniform_post,task003_nosolution,12,12.00000,6.00000,1.00000,both,0,,,,,,,,,,,,,,,,,0.05708,0.04060,0.07407,0.36221,0.35110,0.37373
sim1_uniform_post,task003_nosolution,12,12.00000,6.00000,1.00000,both,1,,,,,,,,,,,,,,,,,0.00000,0.00000,0.00000,0.00000,0.00000,0.00000
sim1_uniform_post,task003_nosolution,12,12.00000,6.00000,1.00000,both,2,,,,,,,,,,,,,,,,,-0.05708,-0.07407,-0.04060,-0.36221,-0.37373,-0.35110
sim1_uniform_post,task003_nosolution,12,12.00000,6.00000,1.00000,false,2,0.30512,0.27937,0.33171,0.00000,0.72558,0.42046,0.00000,51.98400,0.29876,0.14087,0.97400,0.70300,2.00000,0.56100,0.05600,0.00600,,,,,,
sim1_uniform_post,task003_nosolution,12,12.00000,6.00000,1.00000,truth,0,0.41929,0.40574,0.43213,0.00000,0.99883,0.57954,0.00000,6.27600,0.03607,1.60341,1.00000,0.83300,2.00000,0.98000,0.00000,0.07900,,,,,,
sim1_uniform_post,task003_nosolution,12,12.00000,9.00000,0.75000,both,0,,,,,,,,,,,,,,,,,0.08815,0.06440,0.11109,0.32465,0.31564,0.33261
sim1_uniform_post,task003_nosolution,12,12.00000,9.00000,0.75000,both,1,,,,,,,,,,,,,,,,,-0.02183,-0.02871,-0.01573,0.00367,0.00160,0.00548
sim1_uniform_post,task003_nosolution,12,12.00000,9.00000,0.75000,both,2,,,,,,,,,,,,,,,,,-0.06631,-0.08878,-0.04304,-0.32831,-0.33648,-0.31935
sim1_uniform_post,task003_nosolution,12,12.00000,9.00000,0.75000,false,2,0.26200,0.23658,0.28755,-0.02550,0.78838,0.52638,0.00758,91.13400,0.34917,0.06900,0.97900,0.73600,2.00000,0.25000,0.00000,0.14900,,,,,,
sim1_uniform_post,task003_nosolution,12,12.00000,9.00000,0.75000,truth,0,0.41279,0.38766,0.43600,-0.01817,0.85333,0.44054,0.01492,43.68600,0.16738,0.22678,1.00000,0.67100,2.00000,0.20000,0.00000,0.07500,,,,,,
sim1_uniform_post,task003_nosolution,12,12.00000,9.00000,1.00000,both,0,,,,,,,,,,,,,,,,,0.33050,0.31348,0.34586,0.08825,0.07823,0.09886
sim1_uniform_post,task003_nosolution,12,12.00000,9.00000,1.00000,both,1,,,,,,,,,,,,,,,,,0.00000,0.00000,0.00000,0.00000,0.00000,0.00000
sim1_uniform_post,task003_nosolution,12,12.00000,9.00000,1.00000,both,2,,,,,,,,,,,,,,,,,-0.33050,-0.34586,-0.31348,-0.08825,-0.09886,-0.07823
sim1_uniform_post,task003_nosolution,12,12.00000,9.00000,1.00000,false,2,-0.24225,-0.26359,-0.21696,0.00000,0.17821,0.42046,0.00000,179.96400,0.68952,-0.03231,0.78000,0.70300,2.00000,0.08200,0.73200,0.00600,,,,,,
sim1_uniform_post,task003_nosolution,12,12.00000,9.00000,1.00000,truth,0,0.41875,0.40475,0.43217,0.00000,0.99829,0.57954,0.00000,10.91700,0.04183,0.92058,1.00000,0.83300,2.00000,0.97800,0.00000,0.07900,,,,,,
sim1_uniform_post,task003_nosolution,12,24.00000,1.00000,0.75000,both,0,,,,,,,,,,,,,,,,,0.06548,0.04165,0.08815,0.41265,0.40702,0.41842
sim1_uniform_post,task003_nosolution,12,24.00000,1.00000,0.75000,both,1,,,,,,,,,,,,,,,,,-0.02165,-0.02896,-0.01533,0.00302,0.00140,0.00467
sim1_uniform_post,task003_nosolution,12,24.00000,1.00000,0.75000,both,2,,,,,,,,,,,,,,,,,-0.04383,-0.06582,-0.02031,-0.41567,-0.42110,-0.41027
sim1_uniform_post,task003_nosolution,12,24.00000,1.00000,0.75000,false,2,0.37183,0.34742,0.39521,-0.02467,0.89821,0.52638,0.00842,4.81700,0.16610,1.85261,0.99800,0.73600,2.00000,0.40600,0.00000,0.14900,,,,,,
sim1_uniform_post,task003_nosolution,12,24.00000,1.00000,0.75000,truth,0,0.47812,0.45448,0.50121,-0.01862,0.91867,0.44054,0.01446,3.43700,0.11852,3.33867,1.00000,0.67100,2.00000,0.37400,0.00000,0.07500,,,,,,
sim1_uniform_post,task003_nosolution,12,24.00000,1.00000,1.00000,both,0,,,,,,,,,,,,,,,,,-0.03504,-0.05117,-0.01972,0.45329,0.44471,0.46111
sim1_uniform_post,task003_nosolution,12,24.00000,1.00000,1.00000,both,1,,,,,,,,,,,,,,,,,0.00000,0.00000,0.00000,0.00000,0.00000,0.00000
sim1_uniform_post,task003_nosolution,12,24.00000,1.00000,1.00000,both,2,,,,,,,,,,,,,,,,,0.03504,0.01972,0.05117,-0.45329,-0.46111,-0.44471
sim1_uniform_post,task003_nosolution,12,24.00000,1.00000,1.00000,false,2,0.48833,0.46812,0.50971,0.00000,0.90879,0.42046,0.00000,5.14700,0.17748,2.27705,0.98300,0.70300,2.00000,0.86700,0.02000,0.00600,,,,,,
sim1_uniform_post,task003_nosolution,12,24.00000,1.00000,1.00000,truth,0,0.41825,0.40358,0.43209,0.00000,0.99779,0.57954,0.00000,1.43600,0.04952,6.99025,1.00000,0.83300,2.00000,0.97500,0.00000,0.07900,,,,,,
sim1_uniform_post,task003_nosolution,12,24.00000,2.00000,0.75000,both,0,,,,,,,,,,,,,,,,,0.06058,0.03981,0.08429,0.42971,0.42425,0.43413
sim1_uniform_post,task003_nosolution,12,24.00000,2.00000,0.75000,both,1,,,,,,,,,,,,,,,,,-0.01962,-0.02648,-0.01314,0.00321,0.00133,0.00502
sim1_uniform_post,task003_nosolution,12,24.00000,2.00000,0.75000,both,2,,,,,,,,,,,,,,,,,-0.04096,-0.06559,-0.01981,-0.43292,-0.43754,-0.42752
sim1_uniform_post,task003_nosolution,12,24.00000,2.00000,0.75000,false,2,0.39196,0.36725,0.41371,-0.02283,0.91833,0.52638,0.01025,7.18400,0.12386,1.30944,1.00000,0.73600,2.00000,0.45400,0.00000,0.14900,,,,,,
sim1_uniform_post,task003_nosolution,12,24.00000,2.00000,0.75000,truth,0,0.49029,0.46886,0.51355,-0.01642,0.93083,0.44054,0.01667,5.16400,0.08903,2.27866,1.00000,0.67100,2.00000,0.42400,0.00000,0.07500,,,,,,
sim1_uniform_post,task003_nosolution,12,24.00000,2.00000,1.00000,both,0,,,,,,,,,,,,,,,,,-0.02975,-0.04421,-0.01250,0.44871,0.44102,0.45685
sim1_uniform_post,task003_nosolution,12,24.00000,2.00000,1.00000,both,1,,,,,,,,,,,,,,,,,0.00000,0.00000,0.00000,0.00000,0.00000,0.00000
sim1_uniform_post,task003_nosolution,12,24.00000,2.00000,1.00000,both,2,,,,,,,,,,,,,,,,,0.02975,0.01250,0.04421,-0.44871,-0.45685,-0.44102
sim1_uniform_post,task003_nosolution,12,24.00000,2.00000,1.00000,false,2,0.47846,0.45587,0.49746,0.00000,0.89892,0.42046,0.00000,9.25800,0.15962,1.24033,0.98600,0.70300,2.00000,0.84200,0.01700,0.00600,,,,,,
sim1_uniform_post,task003_nosolution,12,24.00000,2.00000,1.00000,truth,0,0.41896,0.40596,0.43275,0.00000,0.99850,0.57954,0.00000,2.12800,0.03669,4.72509,1.00000,0.83300,2.00000,0.98100,0.00000,0.07900,,,,,,
sim1_uniform_post,task003_nosolution,12,24.00000,3.00000,0.75000,both,0,,,,,,,,,,,,,,,,,0.06306,0.04221,0.08581,0.42540,0.42042,0.43054
sim1_uniform_post,task003_nosolution,12,24.00000,3.00000,0.75000,both,1,,,,,,,,,,,,,,,,,-0.02060,-0.02775,-0.01392,0.00115,-0.00083,0.00298
sim1_uniform_post,task003_nosolution,12,24.00000,3.00000,0.75000,both,2,,,,,,,,,,,,,,,,,-0.04246,-0.06577,-0.02099,-0.42654,-0.43171,-0.42127
sim1_uniform_post,task003_nosolution,12,24.00000,3.00000,0.75000,false,2,0.38408,0.36107,0.40592,-0.02175,0.91046,0.52638,0.01133,10.90500,0.12534,0.84530,1.00000,0.73600,2.00000,0.47200,0.00000,0.14900,,,,,,
sim1_uniform_post,task003_nosolution,12,24.00000,3.00000,0.75000,truth,0,0.48846,0.46583,0.51117,-0.01946,0.92900,0.44054,0.01362,7.45500,0.08569,1.57250,1.00000,0.67100,2.00000,0.40700,0.00000,0.07500,,,,,,
sim1_uniform_post,task003_nosolution,12,24.00000,3.00000,1.00000,both,0,,,,,,,,,,,,,,,,,0.00875,-0.00783,0.02611,0.41046,0.39952,0.42032
sim1_uniform_post,task003_nosolution,12,24.00000,3.00000,1.00000,both,1,,,,,,,,,,,,,,,,,0.00000,0.00000,0.00000,0.00000,0.00000,0.00000
sim1_uniform_post,task003_nosolution,12,24.00000,3.00000,1.00000,both,2,,,,,,,,,,,,,,,,,-0.00875,-0.02611,0.00783,-0.41046,-0.42032,-0.39952
sim1_uniform_post,task003_nosolution,12,24.00000,3.00000,1.00000,false,2,0.40171,0.37625,0.42613,0.00000,0.82217,0.42046,0.00000,19.56900,0.22493,0.49267,0.97600,0.70300,2.00000,0.73800,0.04400,0.00600,,,,,,
sim1_uniform_post,task003_nosolution,12,24.00000,3.00000,1.00000,truth,0,0.41921,0.40546,0.43300,0.00000,0.99875,0.57954,0.00000,3.11700,0.03583,3.22778,1.00000,0.83300,2.00000,0.98300,0.00000,0.07900,,,,,,
sim1_uniform_post,task003_nosolution,12,24.00000,6.00000,0.75000,both,0,,,,,,,,,,,,,,,,,0.04658,0.02308,0.06919,0.42717,0.42227,0.43210
sim1_uniform_post,task003_nosolution,12,24.00000,6.00000,0.75000,both,1,,,,,,,,,,,,,,,,,-0.02131,-0.02848,-0.01546,0.00210,0.00056,0.00369
sim1_uniform_post,task003_nosolution,12,24.00000,6.00000,0.75000,both,2,,,,,,,,,,,,,,,,,-0.02527,-0.04785,-0.00121,-0.42927,-0.43425,-0.42404
sim1_uniform_post,task003_nosolution,12,24.00000,6.00000,0.75000,false,2,0.40400,0.38083,0.42893,-0.02342,0.93037,0.52638,0.00967,18.46200,0.10610,0.52519,1.00000,0.73600,2.00000,0.55000,0.00000,0.14900,,,,,,
sim1_uniform_post,task003_nosolution,12,24.00000,6.00000,0.75000,truth,0,0.47375,0.44950,0.49700,-0.01921,0.91429,0.44054,0.01387,18.19800,0.10459,0.62479,1.00000,0.67100,2.00000,0.37800,0.00000,0.07500,,,,,,
sim1_uniform_post,task003_nosolution,12,24.00000,6.00000,1.00000,both,0,,,,,,,,,,,,,,,,,0.03494,0.01791,0.05188,0.38435,0.37331,0.39511
sim1_uniform_post,task003_nosolution,12,24.00000,6.00000,1.00000,both,1,,,,,,,,,,,,,,,,,0.00000,0.00000,0.00000,0.00000,0.00000,0.00000
sim1_uniform_post,task003_nosolution,12,24.00000,6.00000,1.00000,both,2,,,,,,,,,,,,,,,,,-0.03494,-0.05188,-0.01791,-0.38435,-0.39511,-0.37331
sim1_uniform_post,task003_nosolution,12,24.00000,6.00000,1.00000,false,2,0.34942,0.32533,0.37321,0.00000,0.76987,0.42046,0.00000,46.33800,0.26631,0.18097,0.98300,0.70300,2.00000,0.63400,0.04900,0.00600,,,,,,
sim1_uniform_post,task003_nosolution,12,24.00000,6.00000,1.00000,truth,0,0.41929,0.40529,0.43283,0.00000,0.99883,0.57954,0.00000,6.30000,0.03621,1.59730,1.00000,0.83300,2.00000,0.98500,0.00000,0.07900,,,,,,
sim1_uniform_post,task003_nosolution,12,24.00000,9.00000,0.75000,both,0,,,,,,,,,,,,,,,,,0.08029,0.05837,0.10281,0.33771,0.32950,0.34546
sim1_uniform_post,task003_nosolution,12,24.00000,9.00000,0.75000,both,1,,,,,,,,,,,,,,,,,-0.01958,-0.02642,-0.01331,0.00325,0.00167,0.00500
sim1_uniform_post,task003_nosolution,12,24.00000,9.00000,0.75000,both,2,,,,,,,,,,,,,,,,,-0.06071,-0.08364,-0.03860,-0.34096,-0.34888,-0.33271
sim1_uniform_post,task003_nosolution,12,24.00000,9.00000,0.75000,false,2,0.28025,0.25587,0.30384,-0.02283,0.80663,0.52638,0.01025,92.97000,0.35621,0.07235,0.98400,0.73600,2.00000,0.23900,0.00000,0.14900,,,,,,
sim1_uniform_post,task003_nosolution,12,24.00000,9.00000,0.75000,truth,0,0.41800,0.39525,0.44246,-0.01633,0.85854,0.44054,0.01675,44.01900,0.16866,0.22790,1.00000,0.67100,2.00000,0.20200,0.00000,0.07500,,,,,,
sim1_uniform_post,task003_nosolution,12,24.00000,9.00000,1.00000,both,0,,,,,,,,,,,,,,,,,0.25515,0.23746,0.27176,0.16344,0.15156,0.17571
sim1_uniform_post,task003_nosolution,12,24.00000,9.00000,1.00000,both,1,,,,,,,,,,,,,,,,,0.00000,0.00000,0.00000,0.00000,0.00000,0.00000
sim1_uniform_post,task003_nosolution,12,24.00000,9.00000,1.00000,both,2,,,,,,,,,,,,,,,,,-0.25515,-0.27176,-0.23746,-0.16344,-0.17571,-0.15156
sim1_uniform_post,task003_nosolution,12,24.00000,9.00000,1.00000,false,2,-0.09171,-0.11746,-0.06457,0.00000,0.32875,0.42046,0.00000,166.82400,0.63917,-0.01319,0.79100,0.70300,2.00000,0.15600,0.47500,0.00600,,,,,,
sim1_uniform_post,task003_nosolution,12,24.00000,9.00000,1.00000,truth,0,0.41858,0.40404,0.43259,0.00000,0.99813,0.57954,0.00000,10.80900,0.04141,0.92941,0.99900,0.83300,2.00000,0.98200,0.00000,0.07900,,,,,,
sim1_uniform_post,task003_symmetric,3,3.00000,1.00000,0.75000,both,0,,,,,,,,,,,,,,,,,-0.15421,-0.17110,-0.13639,0.40350,0.39817,0.40873
sim1_uniform_post,task003_symmetric,3,3.00000,1.00000,0.75000,both,1,,,,,,,,,,,,,,,,,-0.05446,-0.06490,-0.04423,-0.01663,-0.01965,-0.01348
sim1_uniform_post,task003_symmetric,3,3.00000,1.00000,0.75000,both,2,,,,,,,,,,,,,,,,,0.20867,0.19281,0.22450,-0.38687,-0.39290,-0.38056
sim1_uniform_post,task003_symmetric,3,3.00000,1.00000,0.75000,false,2,0.59554,0.57812,0.61279,-0.03783,0.80750,0.21196,0.05454,16.59800,0.57234,0.86113,0.98200,0.21900,6.00000,0.17200,0.00000,0.01600,,,,,,
sim1_uniform_post,task003_symmetric,3,3.00000,1.00000,0.75000,truth,0,0.24929,0.23219,0.26625,-0.07108,0.94496,0.69567,0.02129,5.91000,0.20379,1.01235,1.00000,0.93600,2.00000,0.46000,0.00000,0.11400,,,,,,
sim1_uniform_post,task003_symmetric,3,3.00000,1.00000,1.00000,both,0,,,,,,,,,,,,,,,,,-0.01296,-0.01558,-0.01062,0.01350,0.01115,0.01613
sim1_uniform_post,task003_symmetric,3,3.00000,1.00000,1.00000,both,1,,,,,,,,,,,,,,,,,0.00000,0.00000,0.00000,0.00000,0.00000,0.00000
sim1_uniform_post,task003_symmetric,3,3.00000,1.00000,1.00000,both,2,,,,,,,,,,,,,,,,,0.01296,0.01063,0.01558,-0.01350,-0.01613,-0.01115
sim1_uniform_post,task003_symmetric,3,3.00000,1.00000,1.00000,false,2,0.02646,0.02187,0.03150,0.00000,0.02700,0.00054,0.00000,27.71100,0.95555,0.02292,0.24100,0.02800,,0.00000,0.79400,0.00000,,,,,,
sim1_uniform_post,task003_symmetric,3,3.00000,1.00000,1.00000,truth,0,0.00054,0.00000,0.00171,0.00000,1.00000,0.99946,0.00000,1.58800,0.05476,0.00819,1.00000,1.00000,2.00000,1.00000,0.00000,0.99700,,,,,,
sim1_uniform_post,task003_symmetric,3,3.00000,2.00000,0.75000,both,0,,,,,,,,,,,,,,,,,-0.17779,-0.19496,-0.16035,0.44525,0.44167,0.44886
sim1_uniform_post,task003_symmetric,3,3.00000,2.00000,0.75000,both,1,,,,,,,,,,,,,,,,,-0.05529,-0.06567,-0.04556,-0.02029,-0.02292,-0.01760
sim1_uniform_post,task003_symmetric,3,3.00000,2.00000,0.75000,both,2,,,,,,,,,,,,,,,,,0.23308,0.21710,0.24869,-0.42496,-0.42894,-0.42077
sim1_uniform_post,task003_symmetric,3,3.00000,2.00000,0.75000,false,2,0.65804,0.63999,0.67426,-0.03500,0.87000,0.21196,0.05738,26.69400,0.46024,0.59163,1.00000,0.21900,4.00000,0.21700,0.00000,0.01600,,,,,,
sim1_uniform_post,task003_symmetric,3,3.00000,2.00000,0.75000,truth,0,0.26746,0.25049,0.28480,-0.07558,0.96313,0.69567,0.01679,9.29400,0.16024,0.69066,1.00000,0.93600,2.00000,0.57700,0.00000,0.11400,,,,,,
sim1_uniform_post,task003_symmetric,3,3.00000,2.00000,1.00000,both,0,,,,,,,,,,,,,,,,,-0.01602,-0.01919,-0.01323,0.01656,0.01385,0.01946
sim1_uniform_post,task003_symmetric,3,3.00000,2.00000,1.00000,both,1,,,,,,,,,,,,,,,,,0.00000,0.00000,0.00000,0.00000,0.00000,0.00000
sim1_uniform_post,task003_symmetric,3,3.00000,2.00000,1.00000,both,2,,,,,,,,,,,,,,,,,0.01602,0.01323,0.01919,-0.01656,-0.01946,-0.01385
sim1_uniform_post,task003_symmetric,3,3.00000,2.00000,1.00000,false,2,0.03258,0.02696,0.03855,0.00000,0.03313,0.00054,0.00000,52.91600,0.91234,0.01478,0.47700,0.02800,,0.00000,0.72900,0.00000,,,,,,
sim1_uniform_post,task003_symmetric,3,3.00000,2.00000,1.00000,truth,0,0.00054,0.00000,0.00154,0.00000,1.00000,0.99946,0.00000,2.79600,0.04821,0.00465,1.00000,1.00000,2.00000,1.00000,0.00000,0.99700,,,,,,
sim1_uniform_post,task003_symmetric,3,3.00000,3.00000,0.75000,both,0,,,,,,,,,,,,,,,,,-0.18744,-0.20550,-0.17077,0.45710,0.45400,0.45998
sim1_uniform_post,task003_symmetric,3,3.00000,3.00000,0.75000,both,1,,,,,,,,,,,,,,,,,-0.05390,-0.06429,-0.04387,-0.01706,-0.01983,-0.01444
sim1_uniform_post,task003_symmetric,3,3.00000,3.00000,0.75000,both,2,,,,,,,,,,,,,,,,,0.24133,0.22748,0.25751,-0.44004,-0.44342,-0.43625
sim1_uniform_post,task003_symmetric,3,3.00000,3.00000,0.75000,false,2,0.68137,0.66633,0.69730,-0.03683,0.89333,0.21196,0.05554,36.61200,0.42083,0.44666,1.00000,0.21900,3.00000,0.26600,0.00000,0.01600,,,,,,
sim1_uniform_post,task003_symmetric,3,3.00000,3.00000,0.75000,truth,0,0.26967,0.25187,0.28667,-0.07096,0.96533,0.69567,0.02142,12.73500,0.14638,0.50821,1.00000,0.93600,2.00000,0.60100,0.00000,0.11400,,,,,,
sim1_uniform_post,task003_symmetric,3,3.00000,3.00000,1.00000,both,0,,,,,,,,,,,,,,,,,-0.01004,-0.01208,-0.00796,0.01058,0.00873,0.01246
sim1_uniform_post,task003_symmetric,3,3.00000,3.00000,1.00000,both,1,,,,,,,,,,,,,,,,,0.00000,0.00000,0.00000,0.00000,0.00000,0.00000
sim1_uniform_post,task003_symmetric,3,3.00000,3.00000,1.00000,both,2,,,,,,,,,,,,,,,,,0.01004,0.00796,0.01208,-0.01058,-0.01246,-0.00873
sim1_uniform_post,task003_symmetric,3,3.00000,3.00000,1.00000,false,2,0.02063,0.01679,0.02446,0.00000,0.02117,0.00054,0.00000,79.11600,0.90938,0.00626,0.52700,0.02800,6.00000,0.00000,0.78500,0.00000,,,,,,
sim1_uniform_post,task003_symmetric,3,3.00000,3.00000,1.00000,truth,0,0.00054,0.00000,0.00150,0.00000,1.00000,0.99946,0.00000,4.04100,0.04645,0.00322,1.00000,1.00000,2.00000,1.00000,0.00000,0.99700,,,,,,
sim1_uniform_post,task003_symmetric,3,3.00000,6.00000,0.75000,both,0,,,,,,,,,,,,,,,,,-0.19575,-0.21244,-0.17762,0.47933,0.47737,0.48115
sim1_uniform_post,task003_symmetric,3,3.00000,6.00000,0.75000,both,1,,,,,,,,,,,,,,,,,-0.05908,-0.07014,-0.04917,-0.02167,-0.02446,-0.01896
sim1_uniform_post,task003_symmetric,3,3.00000,6.00000,0.75000,both,2,,,,,,,,,,,,,,,,,0.25483,0.23706,0.27088,-0.45767,-0.46090,-0.45452
sim1_uniform_post,task003_symmetric,3,3.00000,6.00000,0.75000,false,2,0.71250,0.69457,0.72938,-0.03742,0.92446,0.21196,0.05496,63.75000,0.36638,0.26824,1.00000,0.21900,3.00000,0.39700,0.00000,0.01600,,,,,,
sim1_uniform_post,task003_symmetric,3,3.00000,6.00000,0.75000,truth,0,0.28358,0.26667,0.30152,-0.08075,0.97925,0.69567,0.01162,20.69400,0.11893,0.32889,1.00000,0.93600,2.00000,0.70400,0.00000,0.11400,,,,,,
sim1_uniform_post,task003_symmetric,3,3.00000,6.00000,1.00000,both,0,,,,,,,,,,,,,,,,,-0.02504,-0.02785,-0.02231,0.02558,0.02300,0.02827
sim1_uniform_post,task003_symmetric,3,3.00000,6.00000,1.00000,both,1,,,,,,,,,,,,,,,,,0.00000,0.00000,0.00000,0.00000,0.00000,0.00000
sim1_uniform_post,task003_symmetric,3,3.00000,6.00000,1.00000,both,2,,,,,,,,,,,,,,,,,0.02504,0.02231,0.02785,-0.02558,-0.02827,-0.02300
sim1_uniform_post,task003_symmetric,3,3.00000,6.00000,1.00000,false,2,0.05062,0.04542,0.05621,0.00000,0.05117,0.00054,0.00000,157.14000,0.90310,0.00773,0.49600,0.02800,,0.00000,0.53500,0.00000,,,,,,
sim1_uniform_post,task003_symmetric,3,3.00000,6.00000,1.00000,truth,0,0.00054,0.00000,0.00146,0.00000,1.00000,0.99946,0.00000,7.83000,0.04500,0.00166,1.00000,1.00000,2.00000,1.00000,0.00000,0.99700,,,,,,
sim1_uniform_post,task003_symmetric,3,3.00000,9.00000,0.75000,both,0,,,,,,,,,,,,,,,,,-0.19810,-0.21528,-0.17935,0.48106,0.47935,0.48277
sim1_uniform_post,task003_symmetric,3,3.00000,9.00000,0.75000,both,1,,,,,,,,,,,,,,,,,-0.06344,-0.07404,-0.05391,-0.01431,-0.01658,-0.01217
sim1_uniform_post,task003_symmetric,3,3.00000,9.00000,0.75000,both,2,,,,,,,,,,,,,,,,,0.26154,0.24415,0.27696,-0.46675,-0.46933,-0.46400
sim1_uniform_post,task003_symmetric,3,3.00000,9.00000,0.75000,false,2,0.72829,0.71100,0.74475,-0.04912,0.94025,0.21196,0.04325,81.31500,0.31155,0.21495,1.00000,0.21900,3.00000,0.45300,0.00000,0.01600,,,,,,
sim1_uniform_post,task003_symmetric,3,3.00000,9.00000,0.75000,truth,0,0.28296,0.26616,0.30113,-0.07775,0.97862,0.69567,0.01463,30.10500,0.11534,0.22558,1.00000,0.93600,2.00000,0.70100,0.00000,0.11400,,,,,,
sim1_uniform_post,task003_symmetric,3,3.00000,9.00000,1.00000,both,0,,,,,,,,,,,,,,,,,-0.04894,-0.05312,-0.04498,0.04948,0.04565,0.05352
sim1_uniform_post,task003_symmetric,3,3.00000,9.00000,1.00000,both,1,,,,,,,,,,,,,,,,,0.00000,0.00000,0.00000,0.00000,0.00000,0.00000
sim1_uniform_post,task003_symmetric,3,3.00000,9.00000,1.00000,both,2,,,,,,,,,,,,,,,,,0.04894,0.04498,0.05312,-0.04948,-0.05352,-0.04565
sim1_uniform_post,task003_symmetric,3,3.00000,9.00000,1.00000,false,2,0.09842,0.09058,0.10650,0.00000,0.09896,0.00054,0.00000,229.52700,0.87941,0.01029,0.57500,0.02800,5.00000,0.00000,0.29200,0.00000,,,,,,
sim1_uniform_post,task003_symmetric,3,3.00000,9.00000,1.00000,truth,0,0.00054,0.00000,0.00154,0.00000,1.00000,0.99946,0.00000,12.22200,0.04683,0.00106,1.00000,1.00000,2.00000,1.00000,0.00000,0.99700,,,,,,
sim1_uniform_post,task003_symmetric,3,6.00000,1.00000,0.75000,both,0,,,,,,,,,,,,,,,,,-0.17038,-0.18773,-0.15273,0.40504,0.39977,0.41027
sim1_uniform_post,task003_symmetric,3,6.00000,1.00000,0.75000,both,1,,,,,,,,,,,,,,,,,-0.04727,-0.05806,-0.03762,-0.01615,-0.01954,-0.01317
sim1_uniform_post,task003_symmetric,3,6.00000,1.00000,0.75000,both,2,,,,,,,,,,,,,,,,,0.21765,0.20008,0.23358,-0.38890,-0.39465,-0.38302
sim1_uniform_post,task003_symmetric,3,6.00000,1.00000,0.75000,false,2,0.60654,0.58777,0.62434,-0.03112,0.81850,0.21196,0.06125,14.07700,0.48541,1.03410,0.99500,0.21900,5.00000,0.15700,0.00000,0.01600,,,,,,
sim1_uniform_post,task003_symmetric,3,6.00000,1.00000,0.75000,truth,0,0.23467,0.21674,0.25284,-0.06342,0.93033,0.69567,0.02896,3.91600,0.13503,1.43820,1.00000,0.93600,2.00000,0.36800,0.00000,0.11400,,,,,,
sim1_uniform_post,task003_symmetric,3,6.00000,1.00000,1.00000,both,0,,,,,,,,,,,,,,,,,-0.01642,-0.01960,-0.01335,0.01696,0.01402,0.01998
sim1_uniform_post,task003_symmetric,3,6.00000,1.00000,1.00000,both,1,,,,,,,,,,,,,,,,,0.00000,0.00000,0.00000,0.00000,0.00000,0.00000
sim1_uniform_post,task003_symmetric,3,6.00000,1.00000,1.00000,both,2,,,,,,,,,,,,,,,,,0.01642,0.01335,0.01960,-0.01696,-0.01998,-0.01402
sim1_uniform_post,task003_symmetric,3,6.00000,1.00000,1.00000,false,2,0.03338,0.02738,0.03938,0.00000,0.03392,0.00054,0.00000,27.11900,0.93514,0.02954,0.29900,0.02800,,0.00000,0.75800,0.00000,,,,,,
sim1_uniform_post,task003_symmetric,3,6.00000,1.00000,1.00000,truth,0,0.00054,0.00000,0.00154,0.00000,1.00000,0.99946,0.00000,1.12200,0.03869,0.01159,1.00000,1.00000,2.00000,1.00000,0.00000,0.99700,,,,,,
sim1_uniform_post,task003_symmetric,3,6.00000,2.00000,0.75000,both,0,,,,,,,,,,,,,,,,,-0.18763,-0.20463,-0.16960,0.44233,0.43881,0.44569
sim1_uniform_post,task003_symmetric,3,6.00000,2.00000,0.75000,both,1,,,,,,,,,,,,,,,,,-0.05008,-0.05986,-0.04056,-0.01921,-0.02221,-0.01610
sim1_uniform_post,task003_symmetric,3,6.00000,2.00000,0.75000,both,2,,,,,,,,,,,,,,,,,0.23771,0.22203,0.25486,-0.42312,-0.42698,-0.41900
sim1_uniform_post,task003_symmetric,3,6.00000,2.00000,0.75000,false,2,0.66083,0.64420,0.67846,-0.03087,0.87279,0.21196,0.06150,21.86000,0.37690,0.72553,1.00000,0.21900,4.00000,0.21000,0.00000,0.01600,,,,,,
sim1_uniform_post,task003_symmetric,3,6.00000,2.00000,0.75000,truth,0,0.25471,0.23829,0.27317,-0.06929,0.95037,0.69567,0.02308,5.84400,0.10076,1.04603,1.00000,0.93600,2.00000,0.46400,0.00000,0.11400,,,,,,
sim1_uniform_post,task003_symmetric,3,6.00000,2.00000,1.00000,both,0,,,,,,,,,,,,,,,,,-0.01625,-0.01956,-0.01344,0.01679,0.01396,0.01996
sim1_uniform_post,task003_symmetric,3,6.00000,2.00000,1.00000,both,1,,,,,,,,,,,,,,,,,0.00000,0.00000,0.00000,0.00000,0.00000,0.00000
sim1_uniform_post,task003_symmetric,3,6.00000,2.00000,1.00000,both,2,,,,,,,,,,,,,,,,,0.01625,0.01344,0.01956,-0.01679,-0.01996,-0.01396
sim1_uniform_post,task003_symmetric,3,6.00000,2.00000,1.00000,false,2,0.03304,0.02742,0.03950,0.00000,0.03358,0.00054,0.00000,52.05600,0.89752,0.01523,0.46700,0.02800,,0.00000,0.76300,0.00000,,,,,,
sim1_uniform_post,task003_symmetric,3,6.00000,2.00000,1.00000,truth,0,0.00054,0.00000,0.00146,0.00000,1.00000,0.99946,0.00000,2.02600,0.03493,0.00642,1.00000,1.00000,2.00000,1.00000,0.00000,0.99700,,,,,,
sim1_uniform_post,task003_symmetric,3,6.00000,3.00000,0.75000,both,0,,,,,,,,,,,,,,,,,-0.19006,-0.20692,-0.17104,0.44990,0.44666,0.45304
sim1_uniform_post,task003_symmetric,3,6.00000,3.00000,0.75000,both,1,,,,,,,,,,,,,,,,,-0.04808,-0.05815,-0.03835,-0.02175,-0.02483,-0.01883
sim1_uniform_post,task003_symmetric,3,6.00000,3.00000,0.75000,both,2,,,,,,,,,,,,,,,,,0.23815,0.21975,0.25388,-0.42815,-0.43229,-0.42402
sim1_uniform_post,task003_symmetric,3,6.00000,3.00000,0.75000,false,2,0.66629,0.64728,0.68363,-0.02633,0.87825,0.21196,0.06604,28.98900,0.33321,0.55162,1.00000,0.21900,3.00000,0.24000,0.00000,0.01600,,,,,,
sim1_uniform_post,task003_symmetric,3,6.00000,3.00000,0.75000,truth,0,0.25983,0.24274,0.27946,-0.06983,0.95550,0.69567,0.02254,7.99200,0.09186,0.78028,1.00000,0.93600,2.00000,0.50200,0.00000,0.11400,,,,,,
sim1_uniform_post,task003_symmetric,3,6.00000,3.00000,1.00000,both,0,,,,,,,,,,,,,,,,,-0.01402,-0.01660,-0.01162,0.01456,0.01235,0.01702
sim1_uniform_post,task003_symmetric,3,6.00000,3.00000,1.00000,both,1,,,,,,,,,,,,,,,,,0.00000,0.00000,0.00000,0.00000,0.00000,0.00000
sim1_uniform_post,task003_symmetric,3,6.00000,3.00000,1.00000,both,2,,,,,,,,,,,,,,,,,0.01402,0.01162,0.01660,-0.01456,-0.01702,-0.01235
sim1_uniform_post,task003_symmetric,3,6.00000,3.00000,1.00000,false,2,0.02858,0.02425,0.03346,0.00000,0.02913,0.00054,0.00000,77.56500,0.89155,0.00884,0.55100,0.02800,6.00000,0.00000,0.73400,0.00000,,,,,,
sim1_uniform_post,task003_symmetric,3,6.00000,3.00000,1.00000,truth,0,0.00054,0.00000,0.00146,0.00000,1.00000,0.99946,0.00000,2.99700,0.03445,0.00434,1.00000,1.00000,2.00000,1.00000,0.00000,0.99700,,,,,,
sim1_uniform_post,task003_symmetric,3,6.00000,6.00000,0.75000,both,0,,,,,,,,,,,,,,,,,-0.19935,-0.21763,-0.18202,0.47077,0.46852,0.47313
sim1_uniform_post,task003_symmetric,3,6.00000,6.00000,0.75000,both,1,,,,,,,,,,,,,,,,,-0.05065,-0.06040,-0.04025,-0.02515,-0.02823,-0.02219
sim1_uniform_post,task003_symmetric,3,6.00000,6.00000,0.75000,both,2,,,,,,,,,,,,,,,,,0.25000,0.23359,0.26727,-0.44563,-0.44917,-0.44204
sim1_uniform_post,task003_symmetric,3,6.00000,6.00000,0.75000,false,2,0.69562,0.67762,0.71317,-0.02550,0.90758,0.21196,0.06688,50.10600,0.28797,0.33319,1.00000,0.21900,3.00000,0.33600,0.00000,0.01600,,,,,,
sim1_uniform_post,task003_symmetric,3,6.00000,6.00000,0.75000,truth,0,0.27142,0.25308,0.28926,-0.07579,0.96708,0.69567,0.01658,13.38000,0.07690,0.48685,1.00000,0.93600,2.00000,0.61700,0.00000,0.11400,,,,,,
sim1_uniform_post,task003_symmetric,3,6.00000,6.00000,1.00000,both,0,,,,,,,,,,,,,,,,,-0.02725,-0.03050,-0.02412,0.02779,0.02475,0.03086
sim1_uniform_post,task003_symmetric,3,6.00000,6.00000,1.00000,both,1,,,,,,,,,,,,,,,,,0.00000,0.00000,0.00000,0.00000,0.00000,0.00000
sim1_uniform_post,task003_symmetric,3,6.00000,6.00000,1.00000,both,2,,,,,,,,,,,,,,,,,0.02725,0.02412,0.03050,-0.02779,-0.03086,-0.02475
sim1_uniform_post,task003_symmetric,3,6.00000,6.00000,1.00000,false,2,0.05504,0.04892,0.06133,0.00000,0.05558,0.00054,0.00000,153.35400,0.88134,0.00861,0.54700,0.02800,6.00000,0.00000,0.50600,0.00000,,,,,,
sim1_uniform_post,task003_symmetric,3,6.00000,6.00000,1.00000,truth,0,0.00054,0.00000,0.00142,0.00000,1.00000,0.99946,0.00000,5.82000,0.03345,0.00223,1.00000,1.00000,2.00000,1.00000,0.00000,0.99700,,,,,,
sim1_uniform_post,task003_symmetric,3,6.00000,9.00000,0.75000,both,0,,,,,,,,,,,,,,,,,-0.20083,-0.21783,-0.18338,0.47171,0.46950,0.47390
sim1_uniform_post,task003_symmetric,3,6.00000,9.00000,0.75000,both,1,,,,,,,,,,,,,,,,,-0.06031,-0.07036,-0.05048,-0.01190,-0.01429,-0.00950
sim1_uniform_post,task003_symmetric,3,6.00000,9.00000,0.75000,both,2,,,,,,,,,,,,,,,,,0.26115,0.24510,0.27688,-0.45981,-0.46248,-0.45690
sim1_uniform_post,task003_symmetric,3,6.00000,9.00000,0.75000,false,2,0.72096,0.70467,0.73756,-0.04842,0.93292,0.21196,0.04396,61.33500,0.23500,0.28211,1.00000,0.21900,3.00000,0.42100,0.00000,0.01600,,,,,,
sim1_uniform_post,task003_symmetric,3,6.00000,9.00000,0.75000,truth,0,0.27087,0.25362,0.28868,-0.07221,0.96654,0.69567,0.02017,20.29500,0.07776,0.32033,1.00000,0.93600,2.00000,0.58800,0.00000,0.11400,,,,,,
sim1_uniform_post,task003_symmetric,3,6.00000,9.00000,1.00000,both,0,,,,,,,,,,,,,,,,,-0.04713,-0.05096,-0.04340,0.04767,0.04390,0.05138
sim1_uniform_post,task003_symmetric,3,6.00000,9.00000,1.00000,both,1,,,,,,,,,,,,,,,,,0.00000,0.00000,0.00000,0.00000,0.00000,0.00000
sim1_uniform_post,task003_symmetric,3,6.00000,9.00000,1.00000,both,2,,,,,,,,,,,,,,,,,0.04713,0.04340,0.05096,-0.04767,-0.05138,-0.04390
sim1_uniform_post,task003_symmetric,3,6.00000,9.00000,1.00000,false,2,0.09479,0.08721,0.10238,0.00000,0.09533,0.00054,0.00000,226.09800,0.86628,0.01006,0.59300,0.02800,5.00000,0.00000,0.29900,0.00000,,,,,,
sim1_uniform_post,task003_symmetric,3,6.00000,9.00000,1.00000,truth,0,0.00054,0.00000,0.00146,0.00000,1.00000,0.99946,0.00000,8.73000,0.03345,0.00149,1.00000,1.00000,2.00000,1.00000,0.00000,0.99700,,,,,,
sim1_uniform_post,task003_symmetric,3,12.00000,1.00000,0.75000,both,0,,,,,,,,,,,,,,,,,-0.18342,-0.19971,-0.16579,0.40521,0.40021,0.41013
sim1_uniform_post,task003_symmetric,3,12.00000,1.00000,0.75000,both,1,,,,,,,,,,,,,,,,,-0.03848,-0.04876,-0.02898,-0.01394,-0.01735,-0.01073
sim1_uniform_post,task003_symmetric,3,12.00000,1.00000,0.75000,both,2,,,,,,,,,,,,,,,,,0.22190,0.20448,0.23728,-0.39127,-0.39648,-0.38614
sim1_uniform_post,task003_symmetric,3,12.00000,1.00000,0.75000,false,2,0.61317,0.59374,0.63017,-0.02454,0.82512,0.21196,0.06783,12.49000,0.43069,1.17822,0.99100,0.21900,5.00000,0.15000,0.00000,0.01600,,,,,,
sim1_uniform_post,task003_symmetric,3,12.00000,1.00000,0.75000,truth,0,0.22179,0.20571,0.24096,-0.05242,0.91746,0.69567,0.03996,2.97600,0.10262,1.78864,1.00000,0.93600,2.00000,0.32200,0.00000,0.11400,,,,,,
sim1_uniform_post,task003_symmetric,3,12.00000,1.00000,1.00000,both,0,,,,,,,,,,,,,,,,,-0.01525,-0.01819,-0.01250,0.01579,0.01323,0.01860
sim1_uniform_post,task003_symmetric,3,12.00000,1.00000,1.00000,both,1,,,,,,,,,,,,,,,,,0.00000,0.00000,0.00000,0.00000,0.00000,0.00000
sim1_uniform_post,task003_symmetric,3,12.00000,1.00000,1.00000,both,2,,,,,,,,,,,,,,,,,0.01525,0.01250,0.01819,-0.01579,-0.01860,-0.01323
sim1_uniform_post,task003_symmetric,3,12.00000,1.00000,1.00000,false,2,0.03104,0.02575,0.03667,0.00000,0.03158,0.00054,0.00000,26.91400,0.92807,0.02768,0.33900,0.02800,,0.00000,0.75500,0.00000,,,,,,
sim1_uniform_post,task003_symmetric,3,12.00000,1.00000,1.00000,truth,0,0.00054,0.00000,0.00146,0.00000,1.00000,0.99946,0.00000,0.94200,0.03248,0.01380,1.00000,1.00000,2.00000,1.00000,0.00000,0.99700,,,,,,
sim1_uniform_post,task003_symmetric,3,12.00000,2.00000,0.75000,both,0,,,,,,,,,,,,,,,,,-0.19425,-0.21234,-0.17673,0.43392,0.43029,0.43740
sim1_uniform_post,task003_symmetric,3,12.00000,2.00000,0.75000,both,1,,,,,,,,,,,,,,,,,-0.04302,-0.05275,-0.03296,-0.01898,-0.02223,-0.01579
sim1_uniform_post,task003_symmetric,3,12.00000,2.00000,0.75000,both,2,,,,,,,,,,,,,,,,,0.23727,0.21963,0.25413,-0.41494,-0.41908,-0.41077
sim1_uniform_post,task003_symmetric,3,12.00000,2.00000,0.75000,false,2,0.65221,0.63404,0.66971,-0.02404,0.86417,0.21196,0.06833,18.52000,0.31931,0.84519,1.00000,0.21900,4.00000,0.20800,0.00000,0.01600,,,,,,
sim1_uniform_post,task003_symmetric,3,12.00000,2.00000,0.75000,truth,0,0.23967,0.22199,0.25813,-0.06200,0.93533,0.69567,0.03037,4.50800,0.07772,1.27595,1.00000,0.93600,2.00000,0.40300,0.00000,0.11400,,,,,,
sim1_uniform_post,task003_symmetric,3,12.00000,2.00000,1.00000,both,0,,,,,,,,,,,,,,,,,-0.02140,-0.02517,-0.01758,0.02194,0.01821,0.02542
sim1_uniform_post,task003_symmetric,3,12.00000,2.00000,1.00000,both,1,,,,,,,,,,,,,,,,,0.00000,0.00000,0.00000,0.00000,0.00000,0.00000
sim1_uniform_post,task003_symmetric,3,12.00000,2.00000,1.00000,both,2,,,,,,,,,,,,,,,,,0.02140,0.01758,0.02517,-0.02194,-0.02542,-0.01821
sim1_uniform_post,task003_symmetric,3,12.00000,2.00000,1.00000,false,2,0.04333,0.03583,0.05050,0.00000,0.04387,0.00054,0.00000,51.45800,0.88721,0.02021,0.51000,0.02800,8.00000,0.00000,0.69700,0.00000,,,,,,
sim1_uniform_post,task003_symmetric,3,12.00000,2.00000,1.00000,truth,0,0.00054,0.00000,0.00171,0.00000,1.00000,0.99946,0.00000,1.70800,0.02945,0.00761,1.00000,1.00000,2.00000,1.00000,0.00000,0.99700,,,,,,
sim1_uniform_post,task003_symmetric,3,12.00000,3.00000,0.75000,both,0,,,,,,,,,,,,,,,,,-0.20160,-0.22052,-0.18387,0.44706,0.44379,0.45056
sim1_uniform_post,task003_symmetric,3,12.00000,3.00000,0.75000,both,1,,,,,,,,,,,,,,,,,-0.04035,-0.05182,-0.03062,-0.02244,-0.02558,-0.01896
sim1_uniform_post,task003_symmetric,3,12.00000,3.00000,0.75000,both,2,,,,,,,,,,,,,,,,,0.24196,0.22470,0.25881,-0.42463,-0.42898,-0.42031
sim1_uniform_post,task003_symmetric,3,12.00000,3.00000,0.75000,false,2,0.66658,0.64754,0.68488,-0.01792,0.87854,0.21196,0.07446,24.59100,0.28266,0.65056,1.00000,0.21900,3.00000,0.24300,0.00000,0.01600,,,,,,
sim1_uniform_post,task003_symmetric,3,12.00000,3.00000,0.75000,truth,0,0.24546,0.22625,0.26368,-0.06279,0.94112,0.69567,0.02958,5.79600,0.06662,1.01639,1.00000,0.93600,2.00000,0.42800,0.00000,0.11400,,,,,,
sim1_uniform_post,task003_symmetric,3,12.00000,3.00000,1.00000,both,0,,,,,,,,,,,,,,,,,-0.02481,-0.02854,-0.02121,0.02535,0.02194,0.02913
sim1_uniform_post,task003_symmetric,3,12.00000,3.00000,1.00000,both,1,,,,,,,,,,,,,,,,,0.00000,0.00000,0.00000,0.00000,0.00000,0.00000
sim1_uniform_post,task003_symmetric,3,12.00000,3.00000,1.00000,both,2,,,,,,,,,,,,,,,,,0.02481,0.02121,0.02854,-0.02535,-0.02913,-0.02194
sim1_uniform_post,task003_symmetric,3,12.00000,3.00000,1.00000,false,2,0.05017,0.04329,0.05775,0.00000,0.05071,0.00054,0.00000,75.17700,0.86410,0.01602,0.55600,0.02800,6.00000,0.00000,0.60800,0.00000,,,,,,
sim1_uniform_post,task003_symmetric,3,12.00000,3.00000,1.00000,truth,0,0.00054,0.00000,0.00167,0.00000,1.00000,0.99946,0.00000,2.49000,0.02862,0.00522,1.00000,1.00000,2.00000,1.00000,0.00000,0.99700,,,,,,
sim1_uniform_post,task003_symmetric,3,12.00000,6.00000,0.75000,both,0,,,,,,,,,,,,,,,,,-0.20206,-0.21858,-0.18468,0.46223,0.45954,0.46502
sim1_uniform_post,task003_symmetric,3,12.00000,6.00000,0.75000,both,1,,,,,,,,,,,,,,,,,-0.04346,-0.05398,-0.03227,-0.02796,-0.03104,-0.02498
sim1_uniform_post,task003_symmetric,3,12.00000,6.00000,0.75000,both,2,,,,,,,,,,,,,,,,,0.24552,0.22983,0.26150,-0.43427,-0.43817,-0.43048
sim1_uniform_post,task003_symmetric,3,12.00000,6.00000,0.75000,false,2,0.67979,0.66258,0.69688,-0.01550,0.89175,0.21196,0.07687,44.89200,0.25800,0.36343,1.00000,0.21900,3.00000,0.29600,0.00000,0.01600,,,,,,
sim1_uniform_post,task003_symmetric,3,12.00000,6.00000,0.75000,truth,0,0.26017,0.24332,0.27768,-0.07142,0.95583,0.69567,0.02096,9.72000,0.05586,0.64239,1.00000,0.93600,2.00000,0.53800,0.00000,0.11400,,,,,,
sim1_uniform_post,task003_symmetric,3,12.00000,6.00000,1.00000,both,0,,,,,,,,,,,,,,,,,-0.03615,-0.04015,-0.03233,0.03669,0.03294,0.04054
sim1_uniform_post,task003_symmetric,3,12.00000,6.00000,1.00000,both,1,,,,,,,,,,,,,,,,,0.00000,0.00000,0.00000,0.00000,0.00000,0.00000
sim1_uniform_post,task003_symmetric,3,12.00000,6.00000,1.00000,both,2,,,,,,,,,,,,,,,,,0.03615,0.03233,0.04015,-0.03669,-0.04054,-0.03294
sim1_uniform_post,task003_symmetric,3,12.00000,6.00000,1.00000,false,2,0.07283,0.06537,0.08062,0.00000,0.07337,0.00054,0.00000,150.63000,0.86569,0.01160,0.54300,0.02800,6.00000,0.00000,0.47400,0.00000,,,,,,
sim1_uniform_post,task003_symmetric,3,12.00000,6.00000,1.00000,truth,0,0.00054,0.00000,0.00150,0.00000,1.00000,0.99946,0.00000,4.96200,0.02852,0.00262,1.00000,1.00000,2.00000,1.00000,0.00000,0.99700,,,,,,
sim1_uniform_post,task003_symmetric,3,12.00000,9.00000,0.75000,both,0,,,,,,,,,,,,,,,,,-0.20206,-0.22029,-0.18430,0.45669,0.45362,0.45983
sim1_uniform_post,task003_symmetric,3,12.00000,9.00000,0.75000,both,1,,,,,,,,,,,,,,,,,-0.05450,-0.06521,-0.04425,-0.00933,-0.01213,-0.00644
sim1_uniform_post,task003_symmetric,3,12.00000,9.00000,0.75000,both,2,,,,,,,,,,,,,,,,,0.25656,0.24063,0.27321,-0.44735,-0.45092,-0.44398
sim1_uniform_post,task003_symmetric,3,12.00000,9.00000,0.75000,false,2,0.70392,0.68637,0.72104,-0.04517,0.91587,0.21196,0.04721,51.14700,0.19597,0.33030,1.00000,0.21900,3.00000,0.36700,0.00000,0.01600,,,,,,
sim1_uniform_post,task003_symmetric,3,12.00000,9.00000,0.75000,truth,0,0.25462,0.23607,0.27255,-0.06383,0.95029,0.69567,0.02854,15.50700,0.05941,0.39408,1.00000,0.93600,2.00000,0.50500,0.00000,0.11400,,,,,,
sim1_uniform_post,task003_symmetric,3,12.00000,9.00000,1.00000,both,0,,,,,,,,,,,,,,,,,-0.05615,-0.06052,-0.05198,0.05669,0.05271,0.06102
sim1_uniform_post,task003_symmetric,3,12.00000,9.00000,1.00000,both,1,,,,,,,,,,,,,,,,,0.00000,0.00000,0.00000,0.00000,0.00000,0.00000
sim1_uniform_post,task003_symmetric,3,12.00000,9.00000,1.00000,both,2,,,,,,,,,,,,,,,,,0.05615,0.05198,0.06052,-0.05669,-0.06102,-0.05271
sim1_uniform_post,task003_symmetric,3,12.00000,9.00000,1.00000,false,2,0.11283,0.10475,0.12147,0.00000,0.11338,0.00054,0.00000,220.87800,0.84628,0.01226,0.60700,0.02800,5.00000,0.00000,0.27400,0.00000,,,,,,
sim1_uniform_post,task003_symmetric,3,12.00000,9.00000,1.00000,truth,0,0.00054,0.00000,0.00150,0.00000,1.00000,0.99946,0.00000,7.44300,0.02852,0.00175,1.00000,1.00000,2.00000,1.00000,0.00000,0.99700,,,,,,
sim1_uniform_post,task003_symmetric,3,24.00000,1.00000,0.75000,both,0,,,,,,,,,,,,,,,,,-0.18562,-0.20338,-0.16899,0.40517,0.40004,0.40994
sim1_uniform_post,task003_symmetric,3,24.00000,1.00000,0.75000,both,1,,,,,,,,,,,,,,,,,-0.03533,-0.04479,-0.02525,-0.01821,-0.02181,-0.01452
sim1_uniform_post,task003_symmetric,3,24.00000,1.00000,0.75000,both,2,,,,,,,,,,,,,,,,,0.22096,0.20400,0.23734,-0.38696,-0.39246,-0.38169
sim1_uniform_post,task003_symmetric,3,24.00000,1.00000,0.75000,false,2,0.60792,0.58904,0.62675,-0.01713,0.81988,0.21196,0.07525,13.36700,0.46093,1.09149,0.99300,0.21900,5.00000,0.15400,0.00000,0.01600,,,,,,
sim1_uniform_post,task003_symmetric,3,24.00000,1.00000,0.75000,truth,0,0.21954,0.20216,0.23688,-0.05354,0.91521,0.69567,0.03883,2.86100,0.09866,1.84166,1.00000,0.93600,2.00000,0.30900,0.00000,0.11400,,,,,,
sim1_uniform_post,task003_symmetric,3,24.00000,1.00000,1.00000,both,0,,,,,,,,,,,,,,,,,-0.01885,-0.02215,-0.01558,0.01931,0.01623,0.02260
sim1_uniform_post,task003_symmetric,3,24.00000,1.00000,1.00000,both,1,,,,,,,,,,,,,,,,,0.00000,0.00000,0.00000,0.00000,0.00000,0.00000
sim1_uniform_post,task003_symmetric,3,24.00000,1.00000,1.00000,both,2,,,,,,,,,,,,,,,,,0.01885,0.01558,0.02215,-0.01931,-0.02260,-0.01623
sim1_uniform_post,task003_symmetric,3,24.00000,1.00000,1.00000,false,2,0.03817,0.03187,0.04458,0.00000,0.03871,0.00054,0.00000,27.35800,0.94338,0.03348,0.38300,0.02800,,0.00000,0.73100,0.00000,,,,,,
sim1_uniform_post,task003_symmetric,3,24.00000,1.00000,1.00000,truth,0,0.00046,-0.00017,0.00146,0.00000,0.99992,0.99946,0.00000,0.93300,0.03217,0.01179,1.00000,1.00000,2.00000,0.99900,0.00000,0.99700,,,,,,
sim1_uniform_post,task003_symmetric,3,24.00000,2.00000,0.75000,both,0,,,,,,,,,,,,,,,,,-0.19906,-0.21713,-0.18198,0.43144,0.42735,0.43542
sim1_uniform_post,task003_symmetric,3,24.00000,2.00000,0.75000,both,1,,,,,,,,,,,,,,,,,-0.03423,-0.04598,-0.02333,-0.02419,-0.02811,-0.02021
sim1_uniform_post,task003_symmetric,3,24.00000,2.00000,0.75000,both,2,,,,,,,,,,,,,,,,,0.23329,0.21696,0.25049,-0.40725,-0.41215,-0.40231
sim1_uniform_post,task003_symmetric,3,24.00000,2.00000,0.75000,false,2,0.64054,0.62299,0.65954,-0.01004,0.85250,0.21196,0.08233,19.93000,0.34362,0.77135,0.99900,0.21900,4.00000,0.19400,0.00000,0.01600,,,,,,
sim1_uniform_post,task003_symmetric,3,24.00000,2.00000,0.75000,truth,0,0.23237,0.21349,0.24979,-0.05842,0.92804,0.69567,0.03396,4.41000,0.07603,1.26463,1.00000,0.93600,2.00000,0.40000,0.00000,0.11400,,,,,,
sim1_uniform_post,task003_symmetric,3,24.00000,2.00000,1.00000,both,0,,,,,,,,,,,,,,,,,-0.02877,-0.03298,-0.02469,0.02931,0.02529,0.03335
sim1_uniform_post,task003_symmetric,3,24.00000,2.00000,1.00000,both,1,,,,,,,,,,,,,,,,,0.00000,0.00000,0.00000,0.00000,0.00000,0.00000
sim1_uniform_post,task003_symmetric,3,24.00000,2.00000,1.00000,both,2,,,,,,,,,,,,,,,,,0.02877,0.02469,0.03298,-0.02931,-0.03335,-0.02529
sim1_uniform_post,task003_symmetric,3,24.00000,2.00000,1.00000,false,2,0.05808,0.05012,0.06634,0.00000,0.05862,0.00054,0.00000,51.92200,0.89521,0.02685,0.53000,0.02800,7.00000,0.00000,0.60600,0.00000,,,,,,
sim1_uniform_post,task003_symmetric,3,24.00000,2.00000,1.00000,truth,0,0.00054,0.00000,0.00167,0.00000,1.00000,0.99946,0.00000,1.65600,0.02855,0.00785,1.00000,1.00000,2.00000,1.00000,0.00000,0.99700,,,,,,
sim1_uniform_post,task003_symmetric,3,24.00000,3.00000,0.75000,both,0,,,,,,,,,,,,,,,,,-0.20042,-0.21933,-0.18218,0.44488,0.44133,0.44829
sim1_uniform_post,task003_symmetric,3,24.00000,3.00000,0.75000,both,1,,,,,,,,,,,,,,,,,-0.03987,-0.04975,-0.02977,-0.02633,-0.03011,-0.02296
sim1_uniform_post,task003_symmetric,3,24.00000,3.00000,0.75000,both,2,,,,,,,,,,,,,,,,,0.24029,0.22422,0.25786,-0.41854,-0.42335,-0.41394
sim1_uniform_post,task003_symmetric,3,24.00000,3.00000,0.75000,false,2,0.65883,0.64150,0.67730,-0.01354,0.87079,0.21196,0.07883,26.82600,0.30834,0.58943,1.00000,0.21900,3.00000,0.24600,0.00000,0.01600,,,,,,
sim1_uniform_post,task003_symmetric,3,24.00000,3.00000,0.75000,truth,0,0.24446,0.22571,0.26300,-0.06621,0.94012,0.69567,0.02617,5.25300,0.06038,1.11689,1.00000,0.93600,2.00000,0.44100,0.00000,0.11400,,,,,,
sim1_uniform_post,task003_symmetric,3,24.00000,3.00000,1.00000,both,0,,,,,,,,,,,,,,,,,-0.04054,-0.04550,-0.03625,0.04108,0.03689,0.04584
sim1_uniform_post,task003_symmetric,3,24.00000,3.00000,1.00000,both,1,,,,,,,,,,,,,,,,,0.00000,0.00000,0.00000,0.00000,0.00000,0.00000
sim1_uniform_post,task003_symmetric,3,24.00000,3.00000,1.00000,both,2,,,,,,,,,,,,,,,,,0.04054,0.03625,0.04550,-0.04108,-0.04584,-0.03689
sim1_uniform_post,task003_symmetric,3,24.00000,3.00000,1.00000,false,2,0.08163,0.07308,0.09150,0.00000,0.08217,0.00054,0.00000,76.99800,0.88503,0.02544,0.56600,0.02800,6.00000,0.00000,0.51100,0.00000,,,,,,
sim1_uniform_post,task003_symmetric,3,24.00000,3.00000,1.00000,truth,0,0.00054,0.00000,0.00158,0.00000,1.00000,0.99946,0.00000,2.33400,0.02683,0.00557,1.00000,1.00000,2.00000,1.00000,0.00000,0.99700,,,,,,
sim1_uniform_post,task003_symmetric,3,24.00000,6.00000,0.75000,both,0,,,,,,,,,,,,,,,,,-0.20373,-0.22196,-0.18654,0.46048,0.45746,0.46350
sim1_uniform_post,task003_symmetric,3,24.00000,6.00000,0.75000,both,1,,,,,,,,,,,,,,,,,-0.03860,-0.05004,-0.02769,-0.03069,-0.03394,-0.02715
sim1_uniform_post,task003_symmetric,3,24.00000,6.00000,0.75000,both,2,,,,,,,,,,,,,,,,,0.24233,0.22512,0.25888,-0.42979,-0.43410,-0.42562
sim1_uniform_post,task003_symmetric,3,24.00000,6.00000,0.75000,false,2,0.67212,0.65479,0.68959,-0.00792,0.88408,0.21196,0.08446,49.00800,0.28166,0.32915,1.00000,0.21900,3.00000,0.28300,0.00000,0.01600,,,,,,
sim1_uniform_post,task003_symmetric,3,24.00000,6.00000,0.75000,truth,0,0.25675,0.23808,0.27425,-0.06929,0.95242,0.69567,0.02308,9.35400,0.05376,0.65876,1.00000,0.93600,2.00000,0.53400,0.00000,0.11400,,,,,,
sim1_uniform_post,task003_symmetric,3,24.00000,6.00000,1.00000,both,0,,,,,,,,,,,,,,,,,-0.03371,-0.03775,-0.02960,0.03425,0.03023,0.03819
sim1_uniform_post,task003_symmetric,3,24.00000,6.00000,1.00000,both,1,,,,,,,,,,,,,,,,,0.00002,0.00000,0.00006,-0.00002,-0.00006,0.00000
sim1_uniform_post,task003_symmetric,3,24.00000,6.00000,1.00000,both,2,,,,,,,,,,,,,,,,,0.03369,0.02960,0.03771,-0.03423,-0.03817,-0.03023
sim1_uniform_post,task003_symmetric,3,24.00000,6.00000,1.00000,false,2,0.06792,0.05987,0.07575,0.00004,0.06846,0.00054,0.00004,156.61800,0.90010,0.01041,0.52600,0.02800,7.00000,0.00000,0.50200,0.00000,,,,,,
sim1_uniform_post,task003_symmetric,3,24.00000,6.00000,1.00000,truth,0,0.00054,0.00000,0.00154,0.00000,1.00000,0.99946,0.00000,4.60800,0.02648,0.00282,1.00000,1.00000,2.00000,1.00000,0.00000,0.99700,,,,,,
sim1_uniform_post,task003_symmetric,3,24.00000,9.00000,0.75000,both,0,,,,,,,,,,,,,,,,,-0.20673,-0.22349,-0.18802,0.45548,0.45256,0.45858
sim1_uniform_post,task003_symmetric,3,24.00000,9.00000,0.75000,both,1,,,,,,,,,,,,,,,,,-0.05225,-0.06216,-0.04241,-0.01117,-0.01413,-0.00844
sim1_uniform_post,task003_symmetric,3,24.00000,9.00000,0.75000,both,2,,,,,,,,,,,,,,,,,0.25898,0.24233,0.27506,-0.44431,-0.44769,-0.44071
sim1_uniform_post,task003_symmetric,3,24.00000,9.00000,0.75000,false,2,0.70329,0.68587,0.72013,-0.04108,0.91525,0.21196,0.05129,51.64200,0.19786,0.32685,1.00000,0.21900,3.00000,0.36200,0.00000,0.01600,,,,,,
sim1_uniform_post,task003_symmetric,3,24.00000,9.00000,0.75000,truth,0,0.24875,0.23221,0.26701,-0.06342,0.94442,0.69567,0.02896,14.49000,0.05552,0.41201,1.00000,0.93600,2.00000,0.47200,0.00000,0.11400,,,,,,
sim1_uniform_post,task003_symmetric,3,24.00000,9.00000,1.00000,both,0,,,,,,,,,,,,,,,,,-0.05771,-0.06233,-0.05331,0.05825,0.05404,0.06288
sim1_uniform_post,task003_symmetric,3,24.00000,9.00000,1.00000,both,1,,,,,,,,,,,,,,,,,0.00000,0.00000,0.00000,0.00000,0.00000,0.00000
sim1_uniform_post,task003_symmetric,3,24.00000,9.00000,1.00000,both,2,,,,,,,,,,,,,,,,,0.05771,0.05331,0.06233,-0.05825,-0.06288,-0.05404
sim1_uniform_post,task003_symmetric,3,24.00000,9.00000,1.00000,false,2,0.11596,0.10754,0.12525,0.00000,0.11650,0.00054,0.00000,230.19300,0.88197,0.01209,0.62500,0.02800,5.00000,0.00000,0.26200,0.00000,,,,,,
sim1_uniform_post,task003_symmetric,3,24.00000,9.00000,1.00000,truth,0,0.00054,0.00000,0.00142,0.00000,1.00000,0.99946,0.00000,7.03800,0.02697,0.00185,1.00000,1.00000,2.00000,1.00000,0.00000,0.99700,,,,,,
sim1_uniform_post,task003_symmetric,6,3.00000,1.00000,0.75000,both,0,,,,,,,,,,,,,,,,,-0.20675,-0.22354,-0.19027,0.37150,0.36456,0.37865
sim1_uniform_post,task003_symmetric,6,3.00000,1.00000,0.75000,both,1,,,,,,,,,,,,,,,,,-0.03233,-0.04075,-0.02477,-0.00758,-0.00960,-0.00579
sim1_uniform_post,task003_symmetric,6,3.00000,1.00000,0.75000,both,2,,,,,,,,,,,,,,,,,0.23908,0.22371,0.25531,-0.36392,-0.37132,-0.35664
sim1_uniform_post,task003_symmetric,6,3.00000,1.00000,0.75000,false,2,0.60300,0.58320,0.62438,-0.02475,0.75496,0.15196,0.02675,18.01600,0.62124,0.80329,0.93200,0.19000,7.00000,0.17700,0.00000,0.01400,,,,,,
sim1_uniform_post,task003_symmetric,6,3.00000,1.00000,0.75000,truth,0,0.16475,0.15012,0.18013,-0.03992,0.96129,0.79654,0.01158,3.83300,0.13217,1.03157,1.00000,0.96900,2.00000,0.59000,0.00000,0.26200,,,,,,
sim1_uniform_post,task003_symmetric,6,3.00000,1.00000,1.00000,both,0,,,,,,,,,,,,,,,,,-0.00398,-0.00602,-0.00235,0.00406,0.00244,0.00608
sim1_uniform_post,task003_symmetric,6,3.00000,1.00000,1.00000,both,1,,,,,,,,,,,,,,,,,0.00000,0.00000,0.00000,0.00000,0.00000,0.00000
sim1_uniform_post,task003_symmetric,6,3.00000,1.00000,1.00000,both,2,,,,,,,,,,,,,,,,,0.00398,0.00235,0.00602,-0.00406,-0.00608,-0.00244
sim1_uniform_post,task003_symmetric,6,3.00000,1.00000,1.00000,false,2,0.00804,0.00483,0.01212,0.00000,0.00813,0.00008,0.00000,27.94200,0.96352,0.00691,0.24700,0.05100,,0.00000,0.96500,0.00000,,,,,,
sim1_uniform_post,task003_symmetric,6,3.00000,1.00000,1.00000,truth,0,0.00008,0.00000,0.00025,0.00000,1.00000,0.99992,0.00000,0.95800,0.03303,0.00209,1.00000,1.00000,2.00000,1.00000,0.00000,0.99900,,,,,,
sim1_uniform_post,task003_symmetric,6,3.00000,2.00000,0.75000,both,0,,,,,,,,,,,,,,,,,-0.24319,-0.25933,-0.22701,0.42640,0.42142,0.43119
sim1_uniform_post,task003_symmetric,6,3.00000,2.00000,0.75000,both,1,,,,,,,,,,,,,,,,,-0.03321,-0.04081,-0.02585,-0.00987,-0.01165,-0.00798
sim1_uniform_post,task003_symmetric,6,3.00000,2.00000,0.75000,both,2,,,,,,,,,,,,,,,,,0.27640,0.26052,0.29187,-0.41652,-0.42190,-0.41106
sim1_uniform_post,task003_symmetric,6,3.00000,2.00000,0.75000,false,2,0.69292,0.67453,0.71021,-0.02333,0.84488,0.15196,0.02817,27.94200,0.48176,0.59516,0.99300,0.19000,3.00000,0.24900,0.00000,0.01400,,,,,,
sim1_uniform_post,task003_symmetric,6,3.00000,2.00000,0.75000,truth,0,0.18321,0.16779,0.19913,-0.04308,0.97975,0.79654,0.00842,5.71200,0.09848,0.76978,1.00000,0.96900,2.00000,0.70900,0.00000,0.26200,,,,,,
sim1_uniform_post,task003_symmetric,6,3.00000,2.00000,1.00000,both,0,,,,,,,,,,,,,,,,,-0.00354,-0.00575,-0.00194,0.00363,0.00200,0.00579
sim1_uniform_post,task003_symmetric,6,3.00000,2.00000,1.00000,both,1,,,,,,,,,,,,,,,,,0.00000,0.00000,0.00000,0.00000,0.00000,0.00000
sim1_uniform_post,task003_symmetric,6,3.00000,2.00000,1.00000,both,2,,,,,,,,,,,,,,,,,0.00354,0.00194,0.00575,-0.00363,-0.00579,-0.00200
sim1_uniform_post,task003_symmetric,6,3.00000,2.00000,1.00000,false,2,0.00717,0.00392,0.01158,0.00000,0.00725,0.00008,0.00000,54.12400,0.93317,0.00318,0.49300,0.05100,,0.00000,0.97100,0.00000,,,,,,
sim1_uniform_post,task003_symmetric,6,3.00000,2.00000,1.00000,truth,0,0.00008,0.00000,0.00025,0.00000,1.00000,0.99992,0.00000,1.69200,0.02917,0.00118,1.00000,1.00000,2.00000,1.00000,0.00000,0.99900,,,,,,
sim1_uniform_post,task003_symmetric,6,3.00000,3.00000,0.75000,both,0,,,,,,,,,,,,,,,,,-0.25621,-0.27198,-0.24021,0.44217,0.43787,0.44606
sim1_uniform_post,task003_symmetric,6,3.00000,3.00000,0.75000,both,1,,,,,,,,,,,,,,,,,-0.03117,-0.03994,-0.02343,-0.01117,-0.01321,-0.00915
sim1_uniform_post,task003_symmetric,6,3.00000,3.00000,0.75000,both,2,,,,,,,,,,,,,,,,,0.28738,0.27235,0.30148,-0.43100,-0.43544,-0.42617
sim1_uniform_post,task003_symmetric,6,3.00000,3.00000,0.75000,false,2,0.71838,0.70175,0.73392,-0.02000,0.87033,0.15196,0.03150,36.53400,0.41993,0.47192,1.00000,0.19000,3.00000,0.28400,0.00000,0.01400,,,,,,
sim1_uniform_post,task003_symmetric,6,3.00000,3.00000,0.75000,truth,0,0.18596,0.17037,0.20158,-0.04233,0.98250,0.79654,0.00917,7.58700,0.08721,0.58824,1.00000,0.96900,2.00000,0.75100,0.00000,0.26200,,,,,,
sim1_uniform_post,task003_symmetric,6,3.00000,3.00000,1.00000,both,0,,,,,,,,,,,,,,,,,-0.00183,-0.00331,-0.00069,0.00192,0.00079,0.00333
sim1_uniform_post,task003_symmetric,6,3.00000,3.00000,1.00000,both,1,,,,,,,,,,,,,,,,,0.00000,0.00000,0.00000,0.00000,0.00000,0.00000
sim1_uniform_post,task003_symmetric,6,3.00000,3.00000,1.00000,both,2,,,,,,,,,,,,,,,,,0.00183,0.00069,0.00331,-0.00192,-0.00333,-0.00079
sim1_uniform_post,task003_symmetric,6,3.00000,3.00000,1.00000,false,2,0.00375,0.00150,0.00667,0.00000,0.00383,0.00008,0.00000,80.17200,0.92152,0.00112,0.57400,0.05100,3.00000,0.00000,0.97600,0.00000,,,,,,
sim1_uniform_post,task003_symmetric,6,3.00000,3.00000,1.00000,truth,0,0.00008,0.00000,0.00025,0.00000,1.00000,0.99992,0.00000,2.54700,0.02928,0.00079,1.00000,1.00000,2.00000,1.00000,0.00000,0.99900,,,,,,
sim1_uniform_post,task003_symmetric,6,3.00000,6.00000,0.75000,both,0,,,,,,,,,,,,,,,,,-0.27994,-0.29492,-0.26423,0.47198,0.46904,0.47448
sim1_uniform_post,task003_symmetric,6,3.00000,6.00000,0.75000,both,1,,,,,,,,,,,,,,,,,-0.03092,-0.03961,-0.02306,-0.01550,-0.01752,-0.01360
sim1_uniform_post,task003_symmetric,6,3.00000,6.00000,0.75000,both,2,,,,,,,,,,,,,,,,,0.31085,0.29597,0.32457,-0.45648,-0.46004,-0.45271
sim1_uniform_post,task003_symmetric,6,3.00000,6.00000,0.75000,false,2,0.76733,0.75104,0.78242,-0.01542,0.91929,0.15196,0.03608,61.15800,0.35148,0.30112,1.00000,0.19000,3.00000,0.40900,0.00000,0.01400,,,,,,
sim1_uniform_post,task003_symmetric,6,3.00000,6.00000,0.75000,truth,0,0.19204,0.17708,0.20771,-0.04642,0.98858,0.79654,0.00508,11.91000,0.06845,0.38699,1.00000,0.96900,2.00000,0.82900,0.00000,0.26200,,,,,,
sim1_uniform_post,task003_symmetric,6,3.00000,6.00000,1.00000,both,0,,,,,,,,,,,,,,,,,-0.00358,-0.00506,-0.00244,0.00367,0.00252,0.00517
sim1_uniform_post,task003_symmetric,6,3.00000,6.00000,1.00000,both,1,,,,,,,,,,,,,,,,,0.00000,0.00000,0.00000,0.00000,0.00000,0.00000
sim1_uniform_post,task003_symmetric,6,3.00000,6.00000,1.00000,both,2,,,,,,,,,,,,,,,,,0.00358,0.00244,0.00506,-0.00367,-0.00517,-0.00252
sim1_uniform_post,task003_symmetric,6,3.00000,6.00000,1.00000,false,2,0.00725,0.00496,0.01021,0.00000,0.00733,0.00008,0.00000,160.29000,0.92121,0.00109,0.55800,0.05100,3.00000,0.00000,0.93200,0.00000,,,,,,
sim1_uniform_post,task003_symmetric,6,3.00000,6.00000,1.00000,truth,0,0.00008,0.00000,0.00033,0.00000,1.00000,0.99992,0.00000,4.92600,0.02831,0.00041,1.00000,1.00000,2.00000,1.00000,0.00000,0.99900,,,,,,
sim1_uniform_post,task003_symmetric,6,3.00000,9.00000,0.75000,both,0,,,,,,,,,,,,,,,,,-0.28469,-0.29992,-0.26879,0.47835,0.47623,0.48063
sim1_uniform_post,task003_symmetric,6,3.00000,9.00000,0.75000,both,1,,,,,,,,,,,,,,,,,-0.03831,-0.04617,-0.03083,-0.00744,-0.00902,-0.00602
sim1_uniform_post,task003_symmetric,6,3.00000,9.00000,0.75000,both,2,,,,,,,,,,,,,,,,,0.32300,0.30834,0.33731,-0.47092,-0.47358,-0.46815
sim1_uniform_post,task003_symmetric,6,3.00000,9.00000,0.75000,false,2,0.79392,0.77871,0.80888,-0.03087,0.94588,0.15196,0.02063,77.46300,0.29679,0.24598,1.00000,0.19000,3.00000,0.51100,0.00000,0.01400,,,,,,
sim1_uniform_post,task003_symmetric,6,3.00000,9.00000,0.75000,truth,0,0.19367,0.17866,0.20938,-0.04575,0.99021,0.79654,0.00575,16.62300,0.06369,0.27961,1.00000,0.96900,2.00000,0.83900,0.00000,0.26200,,,,,,
sim1_uniform_post,task003_symmetric,6,3.00000,9.00000,1.00000,both,0,,,,,,,,,,,,,,,,,-0.00771,-0.00952,-0.00604,0.00779,0.00619,0.00956
sim1_uniform_post,task003_symmetric,6,3.00000,9.00000,1.00000,both,1,,,,,,,,,,,,,,,,,0.00000,0.00000,0.00000,0.00000,0.00000,0.00000
sim1_uniform_post,task003_symmetric,6,3.00000,9.00000,1.00000,both,2,,,,,,,,,,,,,,,,,0.00771,0.00604,0.00952,-0.00779,-0.00956,-0.00619
sim1_uniform_post,task003_symmetric,6,3.00000,9.00000,1.00000,false,2,0.01550,0.01225,0.01908,0.00000,0.01558,0.00008,0.00000,238.53600,0.91393,0.00156,0.55100,0.05100,4.00000,0.00000,0.86300,0.00000,,,,,,
sim1_uniform_post,task003_symmetric,6,3.00000,9.00000,1.00000,truth,0,0.00008,0.00000,0.00025,0.00000,1.00000,0.99992,0.00000,7.38900,0.02831,0.00027,1.00000,1.00000,2.00000,1.00000,0.00000,0.99900,,,,,,
sim1_uniform_post,task003_symmetric,6,6.00000,1.00000,0.75000,both,0,,,,,,,,,,,,,,,,,-0.22650,-0.24233,-0.20979,0.38758,0.38139,0.39375
sim1_uniform_post,task003_symmetric,6,6.00000,1.00000,0.75000,both,1,,,,,,,,,,,,,,,,,-0.02658,-0.03503,-0.01917,-0.01125,-0.01377,-0.00904
sim1_uniform_post,task003_symmetric,6,6.00000,1.00000,0.75000,both,2,,,,,,,,,,,,,,,,,0.25308,0.23787,0.26788,-0.37633,-0.38298,-0.36958
sim1_uniform_post,task003_symmetric,6,6.00000,1.00000,0.75000,false,2,0.62942,0.61187,0.64722,-0.01533,0.78138,0.15196,0.03617,15.26100,0.52624,0.98984,0.96900,0.19000,5.00000,0.17100,0.00000,0.01400,,,,,,
sim1_uniform_post,task003_symmetric,6,6.00000,1.00000,0.75000,truth,0,0.16108,0.14550,0.17704,-0.03783,0.95762,0.79654,0.01367,2.28600,0.07883,1.69116,1.00000,0.96900,2.00000,0.55600,0.00000,0.26200,,,,,,
sim1_uniform_post,task003_symmetric,6,6.00000,1.00000,1.00000,both,0,,,,,,,,,,,,,,,,,-0.00248,-0.00394,-0.00131,0.00256,0.00144,0.00400
sim1_uniform_post,task003_symmetric,6,6.00000,1.00000,1.00000,both,1,,,,,,,,,,,,,,,,,0.00000,0.00000,0.00000,0.00000,0.00000,0.00000
sim1_uniform_post,task003_symmetric,6,6.00000,1.00000,1.00000,both,2,,,,,,,,,,,,,,,,,0.00248,0.00131,0.00394,-0.00256,-0.00400,-0.00144
sim1_uniform_post,task003_symmetric,6,6.00000,1.00000,1.00000,false,2,0.00504,0.00279,0.00796,0.00000,0.00513,0.00008,0.00000,27.59800,0.95166,0.00438,0.32300,0.05100,,0.00000,0.96200,0.00000,,,,,,
sim1_uniform_post,task003_symmetric,6,6.00000,1.00000,1.00000,truth,0,0.00008,0.00000,0.00025,0.00000,1.00000,0.99992,0.00000,0.75200,0.02593,0.00266,1.00000,1.00000,2.00000,1.00000,0.00000,0.99900,,,,,,
sim1_uniform_post,task003_symmetric,6,6.00000,2.00000,0.75000,both,0,,,,,,,,,,,,,,,,,-0.24883,-0.26436,-0.23185,0.42167,0.41721,0.42611
sim1_uniform_post,task003_symmetric,6,6.00000,2.00000,0.75000,both,1,,,,,,,,,,,,,,,,,-0.02656,-0.03496,-0.01885,-0.01310,-0.01546,-0.01079
sim1_uniform_post,task003_symmetric,6,6.00000,2.00000,0.75000,both,2,,,,,,,,,,,,,,,,,0.27540,0.25904,0.29052,-0.40856,-0.41344,-0.40375
sim1_uniform_post,task003_symmetric,6,6.00000,2.00000,0.75000,false,2,0.68396,0.66645,0.70117,-0.01346,0.83592,0.15196,0.03804,23.73800,0.40928,0.69151,0.99600,0.19000,3.00000,0.19500,0.00000,0.01400,,,,,,
sim1_uniform_post,task003_symmetric,6,6.00000,2.00000,0.75000,truth,0,0.17283,0.15696,0.18917,-0.03967,0.96937,0.79654,0.01183,3.49400,0.06024,1.18718,1.00000,0.96900,2.00000,0.63500,0.00000,0.26200,,,,,,
sim1_uniform_post,task003_symmetric,6,6.00000,2.00000,1.00000,both,0,,,,,,,,,,,,,,,,,-0.00440,-0.00667,-0.00248,0.00448,0.00260,0.00677
sim1_uniform_post,task003_symmetric,6,6.00000,2.00000,1.00000,both,1,,,,,,,,,,,,,,,,,0.00000,0.00000,0.00000,0.00000,0.00000,0.00000
sim1_uniform_post,task003_symmetric,6,6.00000,2.00000,1.00000,both,2,,,,,,,,,,,,,,,,,0.00440,0.00248,0.00667,-0.00448,-0.00677,-0.00260
sim1_uniform_post,task003_symmetric,6,6.00000,2.00000,1.00000,false,2,0.00887,0.00513,0.01346,0.00000,0.00896,0.00008,0.00000,53.17000,0.91672,0.00401,0.52100,0.05100,6.00000,0.00000,0.96500,0.00000,,,,,,
sim1_uniform_post,task003_symmetric,6,6.00000,2.00000,1.00000,truth,0,0.00008,0.00000,0.00033,0.00000,1.00000,0.99992,0.00000,1.34800,0.02324,0.00148,1.00000,1.00000,2.00000,1.00000,0.00000,0.99900,,,,,,
sim1_uniform_post,task003_symmetric,6,6.00000,3.00000,0.75000,both,0,,,,,,,,,,,,,,,,,-0.26492,-0.28107,-0.24952,0.44025,0.43629,0.44417
sim1_uniform_post,task003_symmetric,6,6.00000,3.00000,0.75000,both,1,,,,,,,,,,,,,,,,,-0.02650,-0.03490,-0.01921,-0.01229,-0.01471,-0.00981
sim1_uniform_post,task003_symmetric,6,6.00000,3.00000,0.75000,both,2,,,,,,,,,,,,,,,,,0.29142,0.27654,0.30615,-0.42796,-0.43256,-0.42319
sim1_uniform_post,task003_symmetric,6,6.00000,3.00000,0.75000,false,2,0.71938,0.70275,0.73642,-0.01421,0.87133,0.15196,0.03729,29.73600,0.34179,0.58061,1.00000,0.19000,3.00000,0.26600,0.00000,0.01400,,,,,,
sim1_uniform_post,task003_symmetric,6,6.00000,3.00000,0.75000,truth,0,0.17533,0.16054,0.19046,-0.03879,0.97188,0.79654,0.01271,4.57200,0.05255,0.92038,1.00000,0.96900,2.00000,0.65800,0.00000,0.26200,,,,,,
sim1_uniform_post,task003_symmetric,6,6.00000,3.00000,1.00000,both,0,,,,,,,,,,,,,,,,,-0.00150,-0.00252,-0.00067,0.00158,0.00075,0.00258
sim1_uniform_post,task003_symmetric,6,6.00000,3.00000,1.00000,both,1,,,,,,,,,,,,,,,,,0.00000,0.00000,0.00000,0.00000,0.00000,0.00000
sim1_uniform_post,task003_symmetric,6,6.00000,3.00000,1.00000,both,2,,,,,,,,,,,,,,,,,0.00150,0.00067,0.00252,-0.00158,-0.00258,-0.00075
sim1_uniform_post,task003_symmetric,6,6.00000,3.00000,1.00000,false,2,0.00308,0.00142,0.00513,0.00000,0.00317,0.00008,0.00000,79.10100,0.90921,0.00094,0.58000,0.05100,3.00000,0.00000,0.97700,0.00000,,,,,,
sim1_uniform_post,task003_symmetric,6,6.00000,3.00000,1.00000,truth,0,0.00008,0.00000,0.00025,0.00000,1.00000,0.99992,0.00000,1.99800,0.02297,0.00100,1.00000,1.00000,2.00000,1.00000,0.00000,0.99900,,,,,,
sim1_uniform_post,task003_symmetric,6,6.00000,6.00000,0.75000,both,0,,,,,,,,,,,,,,,,,-0.27802,-0.29513,-0.26206,0.46119,0.45787,0.46427
sim1_uniform_post,task003_symmetric,6,6.00000,6.00000,0.75000,both,1,,,,,,,,,,,,,,,,,-0.02356,-0.03145,-0.01608,-0.01902,-0.02146,-0.01669
sim1_uniform_post,task003_symmetric,6,6.00000,6.00000,0.75000,both,2,,,,,,,,,,,,,,,,,0.30158,0.28690,0.31573,-0.44217,-0.44596,-0.43821
sim1_uniform_post,task003_symmetric,6,6.00000,6.00000,0.75000,false,2,0.74375,0.72750,0.75884,-0.00454,0.89571,0.15196,0.04696,47.81400,0.27479,0.37332,1.00000,0.19000,2.00000,0.34900,0.00000,0.01400,,,,,,
sim1_uniform_post,task003_symmetric,6,6.00000,6.00000,0.75000,truth,0,0.18317,0.16742,0.19892,-0.04258,0.97971,0.79654,0.00892,7.65000,0.04397,0.57464,1.00000,0.96900,2.00000,0.73100,0.00000,0.26200,,,,,,
sim1_uniform_post,task003_symmetric,6,6.00000,6.00000,1.00000,both,0,,,,,,,,,,,,,,,,,-0.00494,-0.00685,-0.00325,0.00502,0.00335,0.00688
sim1_uniform_post,task003_symmetric,6,6.00000,6.00000,1.00000,both,1,,,,,,,,,,,,,,,,,0.00000,0.00000,0.00000,0.00000,0.00000,0.00000
sim1_uniform_post,task003_symmetric,6,6.00000,6.00000,1.00000,both,2,,,,,,,,,,,,,,,,,0.00494,0.00325,0.00685,-0.00502,-0.00688,-0.00335
sim1_uniform_post,task003_symmetric,6,6.00000,6.00000,1.00000,false,2,0.00996,0.00658,0.01375,0.00000,0.01004,0.00008,0.00000,155.28000,0.89241,0.00154,0.60600,0.05100,3.00000,0.00000,0.93200,0.00000,,,,,,
sim1_uniform_post,task003_symmetric,6,6.00000,6.00000,1.00000,truth,0,0.00008,0.00000,0.00025,0.00000,1.00000,0.99992,0.00000,3.92400,0.02255,0.00051,1.00000,1.00000,2.00000,1.00000,0.00000,0.99900,,,,,,
sim1_uniform_post,task003_symmetric,6,6.00000,9.00000,0.75000,both,0,,,,,,,,,,,,,,,,,-0.28177,-0.29796,-0.26637,0.46919,0.46608,0.47173
sim1_uniform_post,task003_symmetric,6,6.00000,9.00000,0.75000,both,1,,,,,,,,,,,,,,,,,-0.03646,-0.04360,-0.02931,-0.00729,-0.00898,-0.00575
sim1_uniform_post,task003_symmetric,6,6.00000,9.00000,0.75000,both,2,,,,,,,,,,,,,,,,,0.31823,0.30296,0.33315,-0.46190,-0.46506,-0.45837
sim1_uniform_post,task003_symmetric,6,6.00000,9.00000,0.75000,false,2,0.78013,0.76433,0.79609,-0.02917,0.93208,0.15196,0.02233,57.87000,0.22172,0.32354,1.00000,0.19000,3.00000,0.47200,0.00000,0.01400,,,,,,
sim1_uniform_post,task003_symmetric,6,6.00000,9.00000,0.75000,truth,0,0.18742,0.17171,0.20250,-0.04375,0.98396,0.79654,0.00775,11.12400,0.04262,0.40435,1.00000,0.96900,2.00000,0.77700,0.00000,0.26200,,,,,,
sim1_uniform_post,task003_symmetric,6,6.00000,9.00000,1.00000,both,0,,,,,,,,,,,,,,,,,-0.00935,-0.01175,-0.00710,0.00944,0.00721,0.01177
sim1_uniform_post,task003_symmetric,6,6.00000,9.00000,1.00000,both,1,,,,,,,,,,,,,,,,,0.00000,0.00000,0.00000,0.00000,0.00000,0.00000
sim1_uniform_post,task003_symmetric,6,6.00000,9.00000,1.00000,both,2,,,,,,,,,,,,,,,,,0.00935,0.00710,0.01175,-0.00944,-0.01177,-0.00721
sim1_uniform_post,task003_symmetric,6,6.00000,9.00000,1.00000,false,2,0.01879,0.01429,0.02350,0.00000,0.01887,0.00008,0.00000,230.39100,0.88272,0.00196,0.59700,0.05100,3.00000,0.00000,0.84700,0.00000,,,,,,
sim1_uniform_post,task003_symmetric,6,6.00000,9.00000,1.00000,truth,0,0.00008,0.00000,0.00025,0.00000,1.00000,0.99992,0.00000,5.87700,0.02252,0.00034,1.00000,1.00000,2.00000,1.00000,0.00000,0.99900,,,,,,
sim1_uniform_post,task003_symmetric,6,12.00000,1.00000,0.75000,both,0,,,,,,,,,,,,,,,,,-0.23777,-0.25282,-0.22187,0.38981,0.38427,0.39554
sim1_uniform_post,task003_symmetric,6,12.00000,1.00000,0.75000,both,1,,,,,,,,,,,,,,,,,-0.02279,-0.03129,-0.01532,-0.01146,-0.01402,-0.00904
sim1_uniform_post,task003_symmetric,6,12.00000,1.00000,0.75000,both,2,,,,,,,,,,,,,,,,,0.26056,0.24546,0.27550,-0.37835,-0.38452,-0.37238
sim1_uniform_post,task003_symmetric,6,12.00000,1.00000,0.75000,false,2,0.63892,0.62046,0.65684,-0.01133,0.79087,0.15196,0.04017,13.65700,0.47093,1.12279,0.97500,0.19000,5.00000,0.16100,0.00000,0.01400,,,,,,
sim1_uniform_post,task003_symmetric,6,12.00000,1.00000,0.75000,truth,0,0.15204,0.13796,0.16742,-0.03425,0.94858,0.79654,0.01725,1.66300,0.05734,2.19423,1.00000,0.96900,2.00000,0.49900,0.00000,0.26200,,,,,,
sim1_uniform_post,task003_symmetric,6,12.00000,1.00000,1.00000,both,0,,,,,,,,,,,,,,,,,-0.00421,-0.00640,-0.00246,0.00429,0.00254,0.00646
sim1_uniform_post,task003_symmetric,6,12.00000,1.00000,1.00000,both,1,,,,,,,,,,,,,,,,,0.00000,0.00000,0.00000,0.00000,0.00000,0.00000
sim1_uniform_post,task003_symmetric,6,12.00000,1.00000,1.00000,both,2,,,,,,,,,,,,,,,,,0.00421,0.00246,0.00640,-0.00429,-0.00646,-0.00254
sim1_uniform_post,task003_symmetric,6,12.00000,1.00000,1.00000,false,2,0.00850,0.00500,0.01287,0.00000,0.00858,0.00008,0.00000,27.25500,0.93983,0.00748,0.35200,0.05100,,0.00000,0.96500,0.00000,,,,,,
sim1_uniform_post,task003_symmetric,6,12.00000,1.00000,1.00000,truth,0,0.00008,0.00000,0.00025,0.00000,1.00000,0.99992,0.00000,0.65500,0.02259,0.00305,1.00000,1.00000,2.00000,1.00000,0.00000,0.99900,,,,,,
sim1_uniform_post,task003_symmetric,6,12.00000,2.00000,0.75000,both,0,,,,,,,,,,,,,,,,,-0.25879,-0.27485,-0.24281,0.42375,0.41871,0.42854
sim1_uniform_post,task003_symmetric,6,12.00000,2.00000,0.75000,both,1,,,,,,,,,,,,,,,,,-0.02258,-0.03158,-0.01502,-0.01438,-0.01683,-0.01171
sim1_uniform_post,task003_symmetric,6,12.00000,2.00000,0.75000,both,2,,,,,,,,,,,,,,,,,0.28137,0.26460,0.29667,-0.40938,-0.41469,-0.40350
sim1_uniform_post,task003_symmetric,6,12.00000,2.00000,0.75000,false,2,0.69075,0.67175,0.70855,-0.00821,0.84271,0.15196,0.04329,20.00000,0.34483,0.82890,0.99800,0.19000,3.00000,0.24500,0.00000,0.01400,,,,,,
sim1_uniform_post,task003_symmetric,6,12.00000,2.00000,0.75000,truth,0,0.16496,0.14850,0.18054,-0.03696,0.96150,0.79654,0.01454,2.57200,0.04434,1.53927,1.00000,0.96900,2.00000,0.58700,0.00000,0.26200,,,,,,
sim1_uniform_post,task003_symmetric,6,12.00000,2.00000,1.00000,both,0,,,,,,,,,,,,,,,,,-0.00660,-0.00894,-0.00433,0.00669,0.00442,0.00896
sim1_uniform_post,task003_symmetric,6,12.00000,2.00000,1.00000,both,1,,,,,,,,,,,,,,,,,0.00000,0.00000,0.00000,0.00000,0.00000,0.00000
sim1_uniform_post,task003_symmetric,6,12.00000,2.00000,1.00000,both,2,,,,,,,,,,,,,,,,,0.00660,0.00433,0.00894,-0.00669,-0.00896,-0.00442
sim1_uniform_post,task003_symmetric,6,12.00000,2.00000,1.00000,false,2,0.01329,0.00867,0.01792,0.00000,0.01337,0.00008,0.00000,51.97400,0.89610,0.00614,0.53500,0.05100,5.00000,0.00000,0.93400,0.00000,,,,,,
sim1_uniform_post,task003_symmetric,6,12.00000,2.00000,1.00000,truth,0,0.00008,0.00000,0.00025,0.00000,1.00000,0.99992,0.00000,1.21000,0.02086,0.00165,1.00000,1.00000,2.00000,1.00000,0.00000,0.99900,,,,,,
sim1_uniform_post,task003_symmetric,6,12.00000,3.00000,0.75000,both,0,,,,,,,,,,,,,,,,,-0.27144,-0.28825,-0.25479,0.43960,0.43554,0.44352
sim1_uniform_post,task003_symmetric,6,12.00000,3.00000,0.75000,both,1,,,,,,,,,,,,,,,,,-0.02156,-0.02911,-0.01385,-0.01502,-0.01754,-0.01248
sim1_uniform_post,task003_symmetric,6,12.00000,3.00000,0.75000,both,2,,,,,,,,,,,,,,,,,0.29300,0.27814,0.30821,-0.42458,-0.42908,-0.42004
sim1_uniform_post,task003_symmetric,6,12.00000,3.00000,0.75000,false,2,0.71758,0.70150,0.73413,-0.00654,0.86954,0.15196,0.04496,25.48200,0.29290,0.67585,0.99900,0.19000,3.00000,0.25600,0.00000,0.01400,,,,,,
sim1_uniform_post,task003_symmetric,6,12.00000,3.00000,0.75000,truth,0,0.16817,0.15142,0.18484,-0.03658,0.96471,0.79654,0.01492,3.53700,0.04066,1.14108,1.00000,0.96900,2.00000,0.61000,0.00000,0.26200,,,,,,
sim1_uniform_post,task003_symmetric,6,12.00000,3.00000,1.00000,both,0,,,,,,,,,,,,,,,,,-0.00525,-0.00756,-0.00337,0.00533,0.00340,0.00765
sim1_uniform_post,task003_symmetric,6,12.00000,3.00000,1.00000,both,1,,,,,,,,,,,,,,,,,0.00000,0.00000,0.00000,0.00000,0.00000,0.00000
sim1_uniform_post,task003_symmetric,6,12.00000,3.00000,1.00000,both,2,,,,,,,,,,,,,,,,,0.00525,0.00338,0.00756,-0.00533,-0.00765,-0.00340
sim1_uniform_post,task003_symmetric,6,12.00000,3.00000,1.00000,false,2,0.01058,0.00675,0.01525,0.00000,0.01067,0.00008,0.00000,77.55300,0.89141,0.00328,0.59600,0.05100,3.00000,0.00000,0.94500,0.00000,,,,,,
sim1_uniform_post,task003_symmetric,6,12.00000,3.00000,1.00000,truth,0,0.00008,0.00000,0.00025,0.00000,1.00000,0.99992,0.00000,1.77600,0.02041,0.00113,1.00000,1.00000,2.00000,1.00000,0.00000,0.99900,,,,,,
sim1_uniform_post,task003_symmetric,6,12.00000,6.00000,0.75000,both,0,,,,,,,,,,,,,,,,,-0.27854,-0.29425,-0.26316,0.45492,0.45135,0.45852
sim1_uniform_post,task003_symmetric,6,12.00000,6.00000,0.75000,both,1,,,,,,,,,,,,,,,,,-0.02148,-0.02942,-0.01308,-0.01898,-0.02148,-0.01646
sim1_uniform_post,task003_symmetric,6,12.00000,6.00000,0.75000,both,2,,,,,,,,,,,,,,,,,0.30002,0.28460,0.31469,-0.43594,-0.44034,-0.43152
sim1_uniform_post,task003_symmetric,6,12.00000,6.00000,0.75000,false,2,0.73596,0.71929,0.75246,-0.00250,0.88792,0.15196,0.04900,42.76200,0.24576,0.41305,1.00000,0.19000,2.00000,0.33900,0.00000,0.01400,,,,,,
sim1_uniform_post,task003_symmetric,6,12.00000,6.00000,0.75000,truth,0,0.17637,0.16125,0.19229,-0.04046,0.97292,0.79654,0.01104,6.01200,0.03455,0.70409,1.00000,0.96900,2.00000,0.68200,0.00000,0.26200,,,,,,
sim1_uniform_post,task003_symmetric,6,12.00000,6.00000,1.00000,both,0,,,,,,,,,,,,,,,,,-0.00837,-0.01140,-0.00600,0.00846,0.00608,0.01148
sim1_uniform_post,task003_symmetric,6,12.00000,6.00000,1.00000,both,1,,,,,,,,,,,,,,,,,0.00000,0.00000,0.00000,0.00000,0.00000,0.00000
sim1_uniform_post,task003_symmetric,6,12.00000,6.00000,1.00000,both,2,,,,,,,,,,,,,,,,,0.00837,0.00600,0.01140,-0.00846,-0.01148,-0.00608
sim1_uniform_post,task003_symmetric,6,12.00000,6.00000,1.00000,false,2,0.01683,0.01208,0.02288,0.00000,0.01692,0.00008,0.00000,151.20000,0.86897,0.00267,0.61200,0.05100,3.00000,0.00000,0.89200,0.00000,,,,,,
sim1_uniform_post,task003_symmetric,6,12.00000,6.00000,1.00000,truth,0,0.00008,0.00000,0.00025,0.00000,1.00000,0.99992,0.00000,3.52800,0.02028,0.00057,1.00000,1.00000,2.00000,1.00000,0.00000,0.99900,,,,,,
sim1_uniform_post,task003_symmetric,6,12.00000,9.00000,0.75000,both,0,,,,,,,,,,,,,,,,,-0.28558,-0.30123,-0.27046,0.46029,0.45692,0.46360
sim1_uniform_post,task003_symmetric,6,12.00000,9.00000,0.75000,both,1,,,,,,,,,,,,,,,,,-0.03140,-0.04013,-0.02381,-0.00660,-0.00867,-0.00458
sim1_uniform_post,task003_symmetric,6,12.00000,9.00000,0.75000,both,2,,,,,,,,,,,,,,,,,0.31698,0.30217,0.33067,-0.45369,-0.45736,-0.44998
sim1_uniform_post,task003_symmetric,6,12.00000,9.00000,0.75000,false,2,0.77067,0.75487,0.78621,-0.02479,0.92263,0.15196,0.02671,48.71700,0.18666,0.37966,1.00000,0.19000,2.00000,0.42100,0.00000,0.01400,,,,,,
sim1_uniform_post,task003_symmetric,6,12.00000,9.00000,0.75000,truth,0,0.17471,0.15937,0.18996,-0.03800,0.97125,0.79654,0.01350,9.03600,0.03462,0.46403,1.00000,0.96900,2.00000,0.68700,0.00000,0.26200,,,,,,
sim1_uniform_post,task003_symmetric,6,12.00000,9.00000,1.00000,both,0,,,,,,,,,,,,,,,,,-0.01494,-0.01840,-0.01160,0.01502,0.01162,0.01842
sim1_uniform_post,task003_symmetric,6,12.00000,9.00000,1.00000,both,1,,,,,,,,,,,,,,,,,0.00000,0.00000,0.00000,0.00000,0.00000,0.00000
sim1_uniform_post,task003_symmetric,6,12.00000,9.00000,1.00000,both,2,,,,,,,,,,,,,,,,,0.01494,0.01160,0.01840,-0.01502,-0.01842,-0.01162
sim1_uniform_post,task003_symmetric,6,12.00000,9.00000,1.00000,false,2,0.02996,0.02321,0.03679,0.00000,0.03004,0.00008,0.00000,222.03000,0.85069,0.00324,0.63100,0.05100,3.00000,0.00000,0.81100,0.00000,,,,,,
sim1_uniform_post,task003_symmetric,6,12.00000,9.00000,1.00000,truth,0,0.00008,0.00000,0.00025,0.00000,1.00000,0.99992,0.00000,5.27400,0.02021,0.00038,1.00000,1.00000,2.00000,1.00000,0.00000,0.99900,,,,,,
sim1_uniform_post,task003_symmetric,6,24.00000,1.00000,0.75000,both,0,,,,,,,,,,,,,,,,,-0.24390,-0.25961,-0.22829,0.39252,0.38644,0.39858
sim1_uniform_post,task003_symmetric,6,24.00000,1.00000,0.75000,both,1,,,,,,,,,,,,,,,,,-0.02229,-0.03102,-0.01471,-0.01142,-0.01402,-0.00875
sim1_uniform_post,task003_symmetric,6,24.00000,1.00000,0.75000,both,2,,,,,,,,,,,,,,,,,0.26619,0.25035,0.28195,-0.38110,-0.38806,-0.37467
sim1_uniform_post,task003_symmetric,6,24.00000,1.00000,0.75000,false,2,0.64729,0.62929,0.66571,-0.01088,0.79925,0.15196,0.04063,13.78200,0.47524,1.12719,0.97600,0.19000,5.00000,0.19200,0.00000,0.01400,,,,,,
sim1_uniform_post,task003_symmetric,6,24.00000,1.00000,0.75000,truth,0,0.14863,0.13283,0.16458,-0.03371,0.94517,0.79654,0.01779,1.60200,0.05524,2.22659,1.00000,0.96900,2.00000,0.46400,0.00000,0.26200,,,,,,
sim1_uniform_post,task003_symmetric,6,24.00000,1.00000,1.00000,both,0,,,,,,,,,,,,,,,,,-0.00677,-0.00946,-0.00444,0.00685,0.00452,0.00956
sim1_uniform_post,task003_symmetric,6,24.00000,1.00000,1.00000,both,1,,,,,,,,,,,,,,,,,0.00000,0.00000,0.00000,0.00000,0.00000,0.00000
sim1_uniform_post,task003_symmetric,6,24.00000,1.00000,1.00000,both,2,,,,,,,,,,,,,,,,,0.00677,0.00444,0.00946,-0.00685,-0.00956,-0.00452
sim1_uniform_post,task003_symmetric,6,24.00000,1.00000,1.00000,false,2,0.01362,0.00892,0.01900,0.00000,0.01371,0.00008,0.00000,27.17600,0.93710,0.01203,0.40700,0.05100,,0.00000,0.94700,0.00000,,,,,,
sim1_uniform_post,task003_symmetric,6,24.00000,1.00000,1.00000,truth,0,0.00008,0.00000,0.00025,0.00000,1.00000,0.99992,0.00000,0.66500,0.02293,0.00301,1.00000,1.00000,2.00000,1.00000,0.00000,0.99900,,,,,,
sim1_uniform_post,task003_symmetric,6,24.00000,2.00000,0.75000,both,0,,,,,,,,,,,,,,,,,-0.26731,-0.28288,-0.25128,0.42815,0.42362,0.43231
sim1_uniform_post,task003_symmetric,6,24.00000,2.00000,0.75000,both,1,,,,,,,,,,,,,,,,,-0.01744,-0.02569,-0.00891,-0.01715,-0.02004,-0.01444
sim1_uniform_post,task003_symmetric,6,24.00000,2.00000,0.75000,both,2,,,,,,,,,,,,,,,,,0.28475,0.26956,0.29804,-0.41100,-0.41579,-0.40564
sim1_uniform_post,task003_symmetric,6,24.00000,2.00000,0.75000,false,2,0.69575,0.67862,0.71026,-0.00029,0.84771,0.15196,0.05121,21.23400,0.36610,0.78638,0.99700,0.19000,3.00000,0.24100,0.00100,0.01400,,,,,,
sim1_uniform_post,task003_symmetric,6,24.00000,2.00000,0.75000,truth,0,0.16083,0.14521,0.17742,-0.03458,0.95737,0.79654,0.01692,2.48000,0.04276,1.55645,1.00000,0.96900,2.00000,0.54500,0.00000,0.26200,,,,,,
sim1_uniform_post,task003_symmetric,6,24.00000,2.00000,1.00000,both,0,,,,,,,,,,,,,,,,,-0.00881,-0.01140,-0.00604,0.00890,0.00617,0.01152
sim1_uniform_post,task003_symmetric,6,24.00000,2.00000,1.00000,both,1,,,,,,,,,,,,,,,,,0.00000,0.00000,0.00000,0.00000,0.00000,0.00000
sim1_uniform_post,task003_symmetric,6,24.00000,2.00000,1.00000,both,2,,,,,,,,,,,,,,,,,0.00881,0.00604,0.01140,-0.00890,-0.01152,-0.00617
sim1_uniform_post,task003_symmetric,6,24.00000,2.00000,1.00000,false,2,0.01771,0.01217,0.02296,0.00000,0.01779,0.00008,0.00000,52.19400,0.89990,0.00814,0.56400,0.05100,4.00000,0.00000,0.93000,0.00000,,,,,,
sim1_uniform_post,task003_symmetric,6,24.00000,2.00000,1.00000,truth,0,0.00008,0.00000,0.00025,0.00000,1.00000,0.99992,0.00000,1.19400,0.02059,0.00168,1.00000,1.00000,2.00000,1.00000,0.00000,0.99900,,,,,,
sim1_uniform_post,task003_symmetric,6,24.00000,3.00000,0.75000,both,0,,,,,,,,,,,,,,,,,-0.27419,-0.29114,-0.25883,0.43869,0.43440,0.44244
sim1_uniform_post,task003_symmetric,6,24.00000,3.00000,0.75000,both,1,,,,,,,,,,,,,,,,,-0.01783,-0.02651,-0.00971,-0.01812,-0.02106,-0.01521
sim1_uniform_post,task003_symmetric,6,24.00000,3.00000,0.75000,both,2,,,,,,,,,,,,,,,,,0.29202,0.27829,0.30790,-0.42056,-0.42515,-0.41600
sim1_uniform_post,task003_symmetric,6,24.00000,3.00000,0.75000,false,2,0.71258,0.69633,0.73042,0.00029,0.86454,0.15196,0.05179,27.38100,0.31472,0.62459,1.00000,0.19000,3.00000,0.26300,0.00000,0.01400,,,,,,
sim1_uniform_post,task003_symmetric,6,24.00000,3.00000,0.75000,truth,0,0.16450,0.14812,0.17938,-0.03596,0.96104,0.79654,0.01554,3.35400,0.03855,1.17710,1.00000,0.96900,2.00000,0.59000,0.00000,0.26200,,,,,,
sim1_uniform_post,task003_symmetric,6,24.00000,3.00000,1.00000,both,0,,,,,,,,,,,,,,,,,-0.00894,-0.01175,-0.00673,0.00902,0.00681,0.01185
sim1_uniform_post,task003_symmetric,6,24.00000,3.00000,1.00000,both,1,,,,,,,,,,,,,,,,,0.00000,0.00000,0.00000,0.00000,0.00000,0.00000
sim1_uniform_post,task003_symmetric,6,24.00000,3.00000,1.00000,both,2,,,,,,,,,,,,,,,,,0.00894,0.00673,0.01175,-0.00902,-0.01185,-0.00681
sim1_uniform_post,task003_symmetric,6,24.00000,3.00000,1.00000,false,2,0.01796,0.01358,0.02358,0.00000,0.01804,0.00008,0.00000,77.76300,0.89383,0.00554,0.59900,0.05100,3.00000,0.00000,0.89400,0.00000,,,,,,
sim1_uniform_post,task003_symmetric,6,24.00000,3.00000,1.00000,truth,0,0.00008,0.00000,0.00025,0.00000,1.00000,0.99992,0.00000,1.78200,0.02048,0.00112,1.00000,1.00000,2.00000,1.00000,0.00000,0.99900,,,,,,
sim1_uniform_post,task003_symmetric,6,24.00000,6.00000,0.75000,both,0,,,,,,,,,,,,,,,,,-0.28408,-0.29846,-0.26901,0.45925,0.45612,0.46219
sim1_uniform_post,task003_symmetric,6,24.00000,6.00000,0.75000,both,1,,,,,,,,,,,,,,,,,-0.01877,-0.02715,-0.01133,-0.02181,-0.02469,-0.01896
sim1_uniform_post,task003_symmetric,6,24.00000,6.00000,0.75000,both,2,,,,,,,,,,,,,,,,,0.30285,0.28737,0.31738,-0.43744,-0.44165,-0.43302
sim1_uniform_post,task003_symmetric,6,24.00000,6.00000,0.75000,false,2,0.74029,0.72337,0.75621,0.00304,0.89225,0.15196,0.05454,45.53400,0.26169,0.39019,1.00000,0.19000,2.00000,0.36900,0.00000,0.01400,,,,,,
sim1_uniform_post,task003_symmetric,6,24.00000,6.00000,0.75000,truth,0,0.17517,0.16074,0.19100,-0.04058,0.97171,0.79654,0.01092,5.86800,0.03372,0.71643,1.00000,0.96900,2.00000,0.68100,0.00000,0.26200,,,,,,
sim1_uniform_post,task003_symmetric,6,24.00000,6.00000,1.00000,both,0,,,,,,,,,,,,,,,,,-0.00683,-0.00904,-0.00475,0.00692,0.00479,0.00910
sim1_uniform_post,task003_symmetric,6,24.00000,6.00000,1.00000,both,1,,,,,,,,,,,,,,,,,0.00000,0.00000,0.00000,0.00000,0.00000,0.00000
sim1_uniform_post,task003_symmetric,6,24.00000,6.00000,1.00000,both,2,,,,,,,,,,,,,,,,,0.00683,0.00475,0.00904,-0.00692,-0.00910,-0.00479
sim1_uniform_post,task003_symmetric,6,24.00000,6.00000,1.00000,false,2,0.01375,0.00958,0.01817,0.00000,0.01383,0.00008,0.00000,153.63600,0.88297,0.00215,0.62000,0.05100,3.00000,0.00000,0.90100,0.00000,,,,,,
sim1_uniform_post,task003_symmetric,6,24.00000,6.00000,1.00000,truth,0,0.00008,0.00000,0.00025,0.00000,1.00000,0.99992,0.00000,3.52800,0.02028,0.00057,1.00000,1.00000,2.00000,1.00000,0.00000,0.99900,,,,,,
sim1_uniform_post,task003_symmetric,6,24.00000,9.00000,0.75000,both,0,,,,,,,,,,,,,,,,,-0.28571,-0.30227,-0.26985,0.45967,0.45635,0.46323
sim1_uniform_post,task003_symmetric,6,24.00000,9.00000,0.75000,both,1,,,,,,,,,,,,,,,,,-0.03298,-0.04154,-0.02510,-0.00602,-0.00781,-0.00421
sim1_uniform_post,task003_symmetric,6,24.00000,9.00000,0.75000,both,2,,,,,,,,,,,,,,,,,0.31869,0.30352,0.33444,-0.45365,-0.45754,-0.45004
sim1_uniform_post,task003_symmetric,6,24.00000,9.00000,0.75000,false,2,0.77233,0.75587,0.78921,-0.02696,0.92429,0.15196,0.02454,48.15900,0.18452,0.38489,1.00000,0.19000,2.00000,0.44700,0.00000,0.01400,,,,,,
sim1_uniform_post,task003_symmetric,6,24.00000,9.00000,0.75000,truth,0,0.17396,0.15733,0.18951,-0.03900,0.97050,0.79654,0.01250,8.87400,0.03400,0.47048,1.00000,0.96900,2.00000,0.67700,0.00000,0.26200,,,,,,
sim1_uniform_post,task003_symmetric,6,24.00000,9.00000,1.00000,both,0,,,,,,,,,,,,,,,,,-0.01373,-0.01706,-0.01077,0.01381,0.01087,0.01708
sim1_uniform_post,task003_symmetric,6,24.00000,9.00000,1.00000,both,1,,,,,,,,,,,,,,,,,0.00000,0.00000,0.00000,0.00000,0.00000,0.00000
sim1_uniform_post,task003_symmetric,6,24.00000,9.00000,1.00000,both,2,,,,,,,,,,,,,,,,,0.01373,0.01077,0.01706,-0.01381,-0.01708,-0.01087
sim1_uniform_post,task003_symmetric,6,24.00000,9.00000,1.00000,false,2,0.02754,0.02167,0.03413,0.00000,0.02763,0.00008,0.00000,226.49400,0.86779,0.00292,0.65000,0.05100,3.00000,0.00000,0.82900,0.00000,,,,,,
sim1_uniform_post,task003_symmetric,6,24.00000,9.00000,1.00000,truth,0,0.00008,0.00000,0.00025,0.00000,1.00000,0.99992,0.00000,5.27400,0.02021,0.00038,1.00000,1.00000,2.00000,1.00000,0.00000,0.99900,,,,,,
sim1_uniform_post,task003_symmetric,12,3.00000,1.00000,0.75000,both,0,,,,,,,,,,,,,,,,,-0.19496,-0.21244,-0.17625,0.32842,0.31956,0.33783
sim1_uniform_post,task003_symmetric,12,3.00000,1.00000,0.75000,both,1,,,,,,,,,,,,,,,,,-0.02317,-0.03071,-0.01683,-0.00308,-0.00440,-0.00194
sim1_uniform_post,task003_symmetric,12,3.00000,1.00000,0.75000,both,2,,,,,,,,,,,,,,,,,0.21813,0.20152,0.23308,-0.32533,-0.33498,-0.31652
sim1_uniform_post,task003_symmetric,12,3.00000,1.00000,0.75000,false,2,0.54346,0.52070,0.56479,-0.02008,0.66742,0.12396,0.01104,19.60600,0.67607,0.66526,0.85100,0.17000,8.00000,0.15800,0.00800,0.01800,,,,,,
sim1_uniform_post,task003_symmetric,12,3.00000,1.00000,0.75000,truth,0,0.13346,0.11816,0.14935,-0.02625,0.97837,0.84492,0.00487,2.71500,0.09362,1.17974,1.00000,0.96500,1.00000,0.72600,0.00000,0.40800,,,,,,
sim1_uniform_post,task003_symmetric,12,3.00000,1.00000,1.00000,both,0,,,,,,,,,,,,,,,,,-0.00102,-0.00194,-0.00027,0.00102,0.00027,0.00194
sim1_uniform_post,task003_symmetric,12,3.00000,1.00000,1.00000,both,1,,,,,,,,,,,,,,,,,0.00000,0.00000,0.00000,0.00000,0.00000,0.00000
sim1_uniform_post,task003_symmetric,12,3.00000,1.00000,1.00000,both,2,,,,,,,,,,,,,,,,,0.00102,0.00027,0.00194,-0.00102,-0.00194,-0.00027
sim1_uniform_post,task003_symmetric,12,3.00000,1.00000,1.00000,false,2,0.00204,0.00054,0.00387,0.00000,0.00204,0.00000,0.00000,28.13200,0.97007,0.00174,0.28800,0.06000,,0.00000,0.99300,0.00000,,,,,,
sim1_uniform_post,task003_symmetric,12,3.00000,1.00000,1.00000,truth,0,0.00000,0.00000,0.00000,0.00000,1.00000,1.00000,0.00000,0.71400,0.02462,0.00000,1.00000,1.00000,1.00000,1.00000,0.00000,1.00000,,,,,,
sim1_uniform_post,task003_symmetric,12,3.00000,2.00000,0.75000,both,0,,,,,,,,,,,,,,,,,-0.25131,-0.26800,-0.23455,0.39260,0.38537,0.40004
sim1_uniform_post,task003_symmetric,12,3.00000,2.00000,0.75000,both,1,,,,,,,,,,,,,,,,,-0.02156,-0.02863,-0.01492,-0.00481,-0.00635,-0.00325
sim1_uniform_post,task003_symmetric,12,3.00000,2.00000,0.75000,both,2,,,,,,,,,,,,,,,,,0.27288,0.25760,0.28798,-0.38779,-0.39506,-0.38060
sim1_uniform_post,task003_symmetric,12,3.00000,2.00000,0.75000,false,2,0.66067,0.64112,0.67929,-0.01675,0.78463,0.12396,0.01438,31.11000,0.53638,0.50968,0.96900,0.17000,3.00000,0.25300,0.00100,0.01800,,,,,,
sim1_uniform_post,task003_symmetric,12,3.00000,2.00000,0.75000,truth,0,0.14129,0.12562,0.15688,-0.02638,0.98621,0.84492,0.00475,3.95000,0.06810,0.85848,1.00000,0.96500,1.00000,0.80400,0.00000,0.40800,,,,,,
sim1_uniform_post,task003_symmetric,12,3.00000,2.00000,1.00000,both,0,,,,,,,,,,,,,,,,,-0.00260,-0.00442,-0.00110,0.00260,0.00110,0.00442
sim1_uniform_post,task003_symmetric,12,3.00000,2.00000,1.00000,both,1,,,,,,,,,,,,,,,,,0.00000,0.00000,0.00000,0.00000,0.00000,0.00000
sim1_uniform_post,task003_symmetric,12,3.00000,2.00000,1.00000,both,2,,,,,,,,,,,,,,,,,0.00260,0.00110,0.00442,-0.00260,-0.00442,-0.00110
sim1_uniform_post,task003_symmetric,12,3.00000,2.00000,1.00000,false,2,0.00521,0.00221,0.00883,0.00000,0.00521,0.00000,0.00000,54.32400,0.93662,0.00230,0.50400,0.06000,9.00000,0.00000,0.98800,0.00000,,,,,,
sim1_uniform_post,task003_symmetric,12,3.00000,2.00000,1.00000,truth,0,0.00000,0.00000,0.00000,0.00000,1.00000,1.00000,0.00000,1.31000,0.02259,0.00000,1.00000,1.00000,1.00000,1.00000,0.00000,1.00000,,,,,,
sim1_uniform_post,task003_symmetric,12,3.00000,3.00000,0.75000,both,0,,,,,,,,,,,,,,,,,-0.26075,-0.27677,-0.24395,0.40358,0.39681,0.40977
sim1_uniform_post,task003_symmetric,12,3.00000,3.00000,0.75000,both,1,,,,,,,,,,,,,,,,,-0.02279,-0.02992,-0.01606,-0.00308,-0.00442,-0.00187
sim1_uniform_post,task003_symmetric,12,3.00000,3.00000,0.75000,both,2,,,,,,,,,,,,,,,,,0.28354,0.26802,0.29848,-0.40050,-0.40717,-0.39358
sim1_uniform_post,task003_symmetric,12,3.00000,3.00000,0.75000,false,2,0.68404,0.66521,0.70233,-0.01971,0.80800,0.12396,0.01142,44.29800,0.50917,0.37060,0.97900,0.17000,2.00000,0.26100,0.00000,0.01800,,,,,,
sim1_uniform_post,task003_symmetric,12,3.00000,3.00000,0.75000,truth,0,0.14283,0.12658,0.15881,-0.02588,0.98775,0.84492,0.00525,5.26500,0.06052,0.65109,1.00000,0.96500,1.00000,0.81800,0.00000,0.40800,,,,,,
sim1_uniform_post,task003_symmetric,12,3.00000,3.00000,1.00000,both,0,,,,,,,,,,,,,,,,,-0.00098,-0.00227,-0.00015,0.00098,0.00015,0.00227
sim1_uniform_post,task003_symmetric,12,3.00000,3.00000,1.00000,both,1,,,,,,,,,,,,,,,,,0.00000,0.00000,0.00000,0.00000,0.00000,0.00000
sim1_uniform_post,task003_symmetric,12,3.00000,3.00000,1.00000,both,2,,,,,,,,,,,,,,,,,0.00098,0.00015,0.00227,-0.00098,-0.00227,-0.00015
sim1_uniform_post,task003_symmetric,12,3.00000,3.00000,1.00000,false,2,0.00196,0.00029,0.00454,0.00000,0.00196,0.00000,0.00000,81.24300,0.93383,0.00058,0.58600,0.06000,3.00000,0.00000,0.99600,0.00000,,,,,,
sim1_uniform_post,task003_symmetric,12,3.00000,3.00000,1.00000,truth,0,0.00000,0.00000,0.00000,0.00000,1.00000,1.00000,0.00000,1.92600,0.02214,0.00000,1.00000,1.00000,1.00000,1.00000,0.00000,1.00000,,,,,,
sim1_uniform_post,task003_symmetric,12,3.00000,6.00000,0.75000,both,0,,,,,,,,,,,,,,,,,-0.29640,-0.31202,-0.28010,0.44419,0.43963,0.44871
sim1_uniform_post,task003_symmetric,12,3.00000,6.00000,0.75000,both,1,,,,,,,,,,,,,,,,,-0.02077,-0.02875,-0.01416,-0.00806,-0.00971,-0.00671
sim1_uniform_post,task003_symmetric,12,3.00000,6.00000,0.75000,both,2,,,,,,,,,,,,,,,,,0.31717,0.30158,0.33215,-0.43613,-0.44123,-0.43133
sim1_uniform_post,task003_symmetric,12,3.00000,6.00000,0.75000,false,2,0.75329,0.73503,0.77004,-0.01271,0.87725,0.12396,0.01842,71.28000,0.40966,0.25363,0.99900,0.17000,2.00000,0.35600,0.00000,0.01800,,,,,,
sim1_uniform_post,task003_symmetric,12,3.00000,6.00000,0.75000,truth,0,0.14779,0.13224,0.16331,-0.02883,0.99271,0.84492,0.00229,8.34600,0.04797,0.42499,1.00000,0.96500,1.00000,0.89700,0.00000,0.40800,,,,,,
sim1_uniform_post,task003_symmetric,12,3.00000,6.00000,1.00000,both,0,,,,,,,,,,,,,,,,,-0.00110,-0.00219,-0.00029,0.00110,0.00029,0.00219
sim1_uniform_post,task003_symmetric,12,3.00000,6.00000,1.00000,both,1,,,,,,,,,,,,,,,,,0.00000,0.00000,0.00000,0.00000,0.00000,0.00000
sim1_uniform_post,task003_symmetric,12,3.00000,6.00000,1.00000,both,2,,,,,,,,,,,,,,,,,0.00110,0.00029,0.00219,-0.00110,-0.00219,-0.00029
sim1_uniform_post,task003_symmetric,12,3.00000,6.00000,1.00000,false,2,0.00221,0.00058,0.00437,0.00000,0.00221,0.00000,0.00000,162.42000,0.93345,0.00033,0.60700,0.06000,2.00000,0.00000,0.99100,0.00000,,,,,,
sim1_uniform_post,task003_symmetric,12,3.00000,6.00000,1.00000,truth,0,0.00000,0.00000,0.00000,0.00000,1.00000,1.00000,0.00000,3.83400,0.02203,0.00000,1.00000,1.00000,1.00000,1.00000,0.00000,1.00000,,,,,,
sim1_uniform_post,task003_symmetric,12,3.00000,9.00000,0.75000,both,0,,,,,,,,,,,,,,,,,-0.31294,-0.32998,-0.29625,0.46202,0.45798,0.46575
sim1_uniform_post,task003_symmetric,12,3.00000,9.00000,0.75000,both,1,,,,,,,,,,,,,,,,,-0.02398,-0.03183,-0.01743,-0.00456,-0.00563,-0.00358
sim1_uniform_post,task003_symmetric,12,3.00000,9.00000,0.75000,both,2,,,,,,,,,,,,,,,,,0.33692,0.32177,0.35305,-0.45746,-0.46133,-0.45327
sim1_uniform_post,task003_symmetric,12,3.00000,9.00000,0.75000,false,2,0.79438,0.77808,0.81167,-0.01942,0.91833,0.12396,0.01171,87.26400,0.33434,0.21847,1.00000,0.17000,2.00000,0.48100,0.00000,0.01800,,,,,,
sim1_uniform_post,task003_symmetric,12,3.00000,9.00000,0.75000,truth,0,0.14908,0.13238,0.16525,-0.02854,0.99400,0.84492,0.00258,11.50200,0.04407,0.31108,1.00000,0.96500,1.00000,0.89600,0.00000,0.40800,,,,,,
sim1_uniform_post,task003_symmetric,12,3.00000,9.00000,1.00000,both,0,,,,,,,,,,,,,,,,,-0.00275,-0.00425,-0.00142,0.00275,0.00142,0.00425
sim1_uniform_post,task003_symmetric,12,3.00000,9.00000,1.00000,both,1,,,,,,,,,,,,,,,,,0.00000,0.00000,0.00000,0.00000,0.00000,0.00000
sim1_uniform_post,task003_symmetric,12,3.00000,9.00000,1.00000,both,2,,,,,,,,,,,,,,,,,0.00275,0.00142,0.00425,-0.00275,-0.00425,-0.00142
sim1_uniform_post,task003_symmetric,12,3.00000,9.00000,1.00000,false,2,0.00550,0.00283,0.00850,0.00000,0.00550,0.00000,0.00000,240.48000,0.92138,0.00055,0.59700,0.06000,3.00000,0.00000,0.97400,0.00000,,,,,,
sim1_uniform_post,task003_symmetric,12,3.00000,9.00000,1.00000,truth,0,0.00000,0.00000,0.00000,0.00000,1.00000,1.00000,0.00000,5.76000,0.02207,0.00000,1.00000,1.00000,1.00000,1.00000,0.00000,1.00000,,,,,,
sim1_uniform_post,task003_symmetric,12,6.00000,1.00000,0.75000,both,0,,,,,,,,,,,,,,,,,-0.22444,-0.24121,-0.20725,0.35056,0.34194,0.35850
sim1_uniform_post,task003_symmetric,12,6.00000,1.00000,0.75000,both,1,,,,,,,,,,,,,,,,,-0.02129,-0.02852,-0.01452,-0.00321,-0.00450,-0.00192
sim1_uniform_post,task003_symmetric,12,6.00000,1.00000,0.75000,both,2,,,,,,,,,,,,,,,,,0.24573,0.23060,0.26086,-0.34735,-0.35546,-0.33848
sim1_uniform_post,task003_symmetric,12,6.00000,1.00000,0.75000,false,2,0.59308,0.57229,0.61304,-0.01808,0.71704,0.12396,0.01304,16.79100,0.57900,0.84772,0.91400,0.17000,5.00000,0.16200,0.00200,0.01800,,,,,,
sim1_uniform_post,task003_symmetric,12,6.00000,1.00000,0.75000,truth,0,0.12612,0.11012,0.14172,-0.02450,0.97104,0.84492,0.00662,1.58300,0.05459,1.91219,1.00000,0.96500,1.00000,0.65700,0.00000,0.40800,,,,,,
sim1_uniform_post,task003_symmetric,12,6.00000,1.00000,1.00000,both,0,,,,,,,,,,,,,,,,,-0.00112,-0.00227,-0.00025,0.00112,0.00025,0.00227
sim1_uniform_post,task003_symmetric,12,6.00000,1.00000,1.00000,both,1,,,,,,,,,,,,,,,,,0.00000,0.00000,0.00000,0.00000,0.00000,0.00000
sim1_uniform_post,task003_symmetric,12,6.00000,1.00000,1.00000,both,2,,,,,,,,,,,,,,,,,0.00112,0.00025,0.00227,-0.00112,-0.00227,-0.00025
sim1_uniform_post,task003_symmetric,12,6.00000,1.00000,1.00000,false,2,0.00225,0.00050,0.00454,0.00000,0.00225,0.00000,0.00000,27.71400,0.95566,0.00195,0.35800,0.06000,,0.00000,0.99100,0.00000,,,,,,
sim1_uniform_post,task003_symmetric,12,6.00000,1.00000,1.00000,truth,0,0.00000,0.00000,0.00000,0.00000,1.00000,1.00000,0.00000,0.58100,0.02003,0.00000,1.00000,1.00000,1.00000,1.00000,0.00000,1.00000,,,,,,
sim1_uniform_post,task003_symmetric,12,6.00000,2.00000,0.75000,both,0,,,,,,,,,,,,,,,,,-0.25367,-0.26919,-0.23571,0.38671,0.37952,0.39396
sim1_uniform_post,task003_symmetric,12,6.00000,2.00000,0.75000,both,1,,,,,,,,,,,,,,,,,-0.02031,-0.02754,-0.01375,-0.00444,-0.00594,-0.00310
sim1_uniform_post,task003_symmetric,12,6.00000,2.00000,0.75000,both,2,,,,,,,,,,,,,,,,,0.27398,0.25893,0.28919,-0.38227,-0.38942,-0.37492
sim1_uniform_post,task003_symmetric,12,6.00000,2.00000,0.75000,false,2,0.65625,0.63833,0.67588,-0.01587,0.78021,0.12396,0.01525,27.45400,0.47334,0.57369,0.96900,0.17000,3.00000,0.22700,0.00000,0.01800,,,,,,
sim1_uniform_post,task003_symmetric,12,6.00000,2.00000,0.75000,truth,0,0.13304,0.11921,0.14954,-0.02475,0.97796,0.84492,0.00637,2.33800,0.04031,1.36570,1.00000,0.96500,1.00000,0.71500,0.00000,0.40800,,,,,,
sim1_uniform_post,task003_symmetric,12,6.00000,2.00000,1.00000,both,0,,,,,,,,,,,,,,,,,-0.00140,-0.00262,-0.00048,0.00140,0.00048,0.00262
sim1_uniform_post,task003_symmetric,12,6.00000,2.00000,1.00000,both,1,,,,,,,,,,,,,,,,,0.00000,0.00000,0.00000,0.00000,0.00000,0.00000
sim1_uniform_post,task003_symmetric,12,6.00000,2.00000,1.00000,both,2,,,,,,,,,,,,,,,,,0.00140,0.00048,0.00263,-0.00140,-0.00263,-0.00048
sim1_uniform_post,task003_symmetric,12,6.00000,2.00000,1.00000,false,2,0.00279,0.00096,0.00525,0.00000,0.00279,0.00000,0.00000,53.73600,0.92648,0.00125,0.51600,0.06000,5.00000,0.00000,0.99000,0.00000,,,,,,
sim1_uniform_post,task003_symmetric,12,6.00000,2.00000,1.00000,truth,0,0.00000,0.00000,0.00000,0.00000,1.00000,1.00000,0.00000,1.07800,0.01859,0.00000,1.00000,1.00000,1.00000,1.00000,0.00000,1.00000,,,,,,
sim1_uniform_post,task003_symmetric,12,6.00000,3.00000,0.75000,both,0,,,,,,,,,,,,,,,,,-0.28071,-0.29733,-0.26412,0.41808,0.41198,0.42388
sim1_uniform_post,task003_symmetric,12,6.00000,3.00000,0.75000,both,1,,,,,,,,,,,,,,,,,-0.01948,-0.02613,-0.01302,-0.00644,-0.00808,-0.00481
sim1_uniform_post,task003_symmetric,12,6.00000,3.00000,0.75000,both,2,,,,,,,,,,,,,,,,,0.30019,0.28464,0.31500,-0.41165,-0.41773,-0.40577
sim1_uniform_post,task003_symmetric,12,6.00000,3.00000,0.75000,false,2,0.71183,0.69387,0.72896,-0.01304,0.83579,0.12396,0.01808,35.66700,0.40997,0.47899,0.99000,0.17000,2.00000,0.28000,0.00000,0.01800,,,,,,
sim1_uniform_post,task003_symmetric,12,6.00000,3.00000,0.75000,truth,0,0.13738,0.12262,0.15334,-0.02592,0.98229,0.84492,0.00521,3.30300,0.03797,0.99818,1.00000,0.96500,1.00000,0.76300,0.00000,0.40800,,,,,,
sim1_uniform_post,task003_symmetric,12,6.00000,3.00000,1.00000,both,0,,,,,,,,,,,,,,,,,-0.00215,-0.00388,-0.00067,0.00215,0.00067,0.00388
sim1_uniform_post,task003_symmetric,12,6.00000,3.00000,1.00000,both,1,,,,,,,,,,,,,,,,,0.00000,0.00000,0.00000,0.00000,0.00000,0.00000
sim1_uniform_post,task003_symmetric,12,6.00000,3.00000,1.00000,both,2,,,,,,,,,,,,,,,,,0.00215,0.00067,0.00388,-0.00215,-0.00388,-0.00067
sim1_uniform_post,task003_symmetric,12,6.00000,3.00000,1.00000,false,2,0.00429,0.00133,0.00775,0.00000,0.00429,0.00000,0.00000,79.30800,0.91159,0.00130,0.61700,0.06000,3.00000,0.00000,0.98900,0.00000,,,,,,
sim1_uniform_post,task003_symmetric,12,6.00000,3.00000,1.00000,truth,0,0.00000,0.00000,0.00000,0.00000,1.00000,1.00000,0.00000,1.60200,0.01841,0.00000,1.00000,1.00000,1.00000,1.00000,0.00000,1.00000,,,,,,
sim1_uniform_post,task003_symmetric,12,6.00000,6.00000,0.75000,both,0,,,,,,,,,,,,,,,,,-0.30225,-0.31742,-0.28664,0.44483,0.44021,0.44903
sim1_uniform_post,task003_symmetric,12,6.00000,6.00000,0.75000,both,1,,,,,,,,,,,,,,,,,-0.01552,-0.02323,-0.00885,-0.01210,-0.01406,-0.01012
sim1_uniform_post,task003_symmetric,12,6.00000,6.00000,0.75000,both,2,,,,,,,,,,,,,,,,,0.31777,0.30306,0.33181,-0.43273,-0.43765,-0.42762
sim1_uniform_post,task003_symmetric,12,6.00000,6.00000,0.75000,false,2,0.75050,0.73458,0.76550,-0.00342,0.87446,0.12396,0.02771,57.69000,0.33155,0.31222,0.99900,0.17000,2.00000,0.35200,0.00000,0.01800,,,,,,
sim1_uniform_post,task003_symmetric,12,6.00000,6.00000,0.75000,truth,0,0.14258,0.12762,0.15796,-0.02762,0.98750,0.84492,0.00350,5.83200,0.03352,0.58676,1.00000,0.96500,1.00000,0.82800,0.00000,0.40800,,,,,,
sim1_uniform_post,task003_symmetric,12,6.00000,6.00000,1.00000,both,0,,,,,,,,,,,,,,,,,-0.00144,-0.00312,-0.00017,0.00144,0.00017,0.00313
sim1_uniform_post,task003_symmetric,12,6.00000,6.00000,1.00000,both,1,,,,,,,,,,,,,,,,,0.00000,0.00000,0.00000,0.00000,0.00000,0.00000
sim1_uniform_post,task003_symmetric,12,6.00000,6.00000,1.00000,both,2,,,,,,,,,,,,,,,,,0.00144,0.00017,0.00313,-0.00144,-0.00313,-0.00017
sim1_uniform_post,task003_symmetric,12,6.00000,6.00000,1.00000,false,2,0.00288,0.00033,0.00625,0.00000,0.00287,0.00000,0.00000,156.78600,0.90107,0.00044,0.64400,0.06000,2.00000,0.00000,0.99100,0.00000,,,,,,
sim1_uniform_post,task003_symmetric,12,6.00000,6.00000,1.00000,truth,0,0.00000,0.00000,0.00000,0.00000,1.00000,1.00000,0.00000,3.20400,0.01841,0.00000,1.00000,1.00000,1.00000,1.00000,0.00000,1.00000,,,,,,
sim1_uniform_post,task003_symmetric,12,6.00000,9.00000,0.75000,both,0,,,,,,,,,,,,,,,,,-0.31498,-0.32969,-0.29920,0.45998,0.45615,0.46385
sim1_uniform_post,task003_symmetric,12,6.00000,9.00000,0.75000,both,1,,,,,,,,,,,,,,,,,-0.02377,-0.03094,-0.01739,-0.00331,-0.00446,-0.00225
sim1_uniform_post,task003_symmetric,12,6.00000,9.00000,0.75000,both,2,,,,,,,,,,,,,,,,,0.33875,0.32462,0.35200,-0.45667,-0.46056,-0.45256
sim1_uniform_post,task003_symmetric,12,6.00000,9.00000,0.75000,false,2,0.79542,0.77983,0.81000,-0.02046,0.91938,0.12396,0.01067,67.52700,0.25872,0.28270,1.00000,0.17000,2.00000,0.46500,0.00000,0.01800,,,,,,
sim1_uniform_post,task003_symmetric,12,6.00000,9.00000,0.75000,truth,0,0.14500,0.13062,0.16167,-0.02708,0.98992,0.84492,0.00404,8.36100,0.03203,0.41622,1.00000,0.96500,1.00000,0.86300,0.00000,0.40800,,,,,,
sim1_uniform_post,task003_symmetric,12,6.00000,9.00000,1.00000,both,0,,,,,,,,,,,,,,,,,-0.00179,-0.00290,-0.00092,0.00179,0.00092,0.00290
sim1_uniform_post,task003_symmetric,12,6.00000,9.00000,1.00000,both,1,,,,,,,,,,,,,,,,,0.00000,0.00000,0.00000,0.00000,0.00000,0.00000
sim1_uniform_post,task003_symmetric,12,6.00000,9.00000,1.00000,both,2,,,,,,,,,,,,,,,,,0.00179,0.00092,0.00290,-0.00179,-0.00290,-0.00092
sim1_uniform_post,task003_symmetric,12,6.00000,9.00000,1.00000,false,2,0.00358,0.00183,0.00579,0.00000,0.00358,0.00000,0.00000,232.82100,0.89203,0.00037,0.65100,0.06000,2.00000,0.00000,0.97800,0.00000,,,,,,
sim1_uniform_post,task003_symmetric,12,6.00000,9.00000,1.00000,truth,0,0.00000,0.00000,0.00000,0.00000,1.00000,1.00000,0.00000,4.80600,0.01841,0.00000,1.00000,1.00000,1.00000,1.00000,0.00000,1.00000,,,,,,
sim1_uniform_post,task003_symmetric,12,12.00000,1.00000,0.75000,both,0,,,,,,,,,,,,,,,,,-0.23775,-0.25419,-0.22139,0.35762,0.34921,0.36512
sim1_uniform_post,task003_symmetric,12,12.00000,1.00000,0.75000,both,1,,,,,,,,,,,,,,,,,-0.01644,-0.02375,-0.00943,-0.00669,-0.00867,-0.00485
sim1_uniform_post,task003_symmetric,12,12.00000,1.00000,0.75000,both,2,,,,,,,,,,,,,,,,,0.25419,0.23929,0.26927,-0.35094,-0.35867,-0.34239
sim1_uniform_post,task003_symmetric,12,12.00000,1.00000,0.75000,false,2,0.60513,0.58662,0.62496,-0.00975,0.72908,0.12396,0.02138,15.23600,0.52538,0.95320,0.93400,0.17000,5.00000,0.18000,0.00100,0.01800,,,,,,
sim1_uniform_post,task003_symmetric,12,12.00000,1.00000,0.75000,truth,0,0.11988,0.10446,0.13489,-0.02312,0.96479,0.84492,0.00800,1.13100,0.03900,2.54377,1.00000,0.96500,1.00000,0.61900,0.00000,0.40800,,,,,,
sim1_uniform_post,task003_symmetric,12,12.00000,1.00000,1.00000,both,0,,,,,,,,,,,,,,,,,-0.00213,-0.00375,-0.00094,0.00213,0.00094,0.00375
sim1_uniform_post,task003_symmetric,12,12.00000,1.00000,1.00000,both,1,,,,,,,,,,,,,,,,,0.00000,0.00000,0.00000,0.00000,0.00000,0.00000
sim1_uniform_post,task003_symmetric,12,12.00000,1.00000,1.00000,both,2,,,,,,,,,,,,,,,,,0.00213,0.00094,0.00375,-0.00213,-0.00375,-0.00094
sim1_uniform_post,task003_symmetric,12,12.00000,1.00000,1.00000,false,2,0.00425,0.00187,0.00750,0.00000,0.00425,0.00000,0.00000,27.19800,0.93786,0.00375,0.39000,0.06000,,0.00000,0.98600,0.00000,,,,,,
sim1_uniform_post,task003_symmetric,12,12.00000,1.00000,1.00000,truth,0,0.00000,0.00000,0.00000,0.00000,1.00000,1.00000,0.00000,0.49600,0.01710,0.00000,1.00000,1.00000,1.00000,1.00000,0.00000,1.00000,,,,,,
sim1_uniform_post,task003_symmetric,12,12.00000,2.00000,0.75000,both,0,,,,,,,,,,,,,,,,,-0.26985,-0.28542,-0.25335,0.39719,0.39046,0.40354
sim1_uniform_post,task003_symmetric,12,12.00000,2.00000,0.75000,both,1,,,,,,,,,,,,,,,,,-0.01442,-0.02215,-0.00802,-0.00729,-0.00946,-0.00519
sim1_uniform_post,task003_symmetric,12,12.00000,2.00000,0.75000,both,2,,,,,,,,,,,,,,,,,0.28427,0.26846,0.29984,-0.38990,-0.39640,-0.38325
sim1_uniform_post,task003_symmetric,12,12.00000,2.00000,0.75000,false,2,0.67417,0.65571,0.69271,-0.00712,0.79812,0.12396,0.02400,24.11200,0.41572,0.67104,0.98200,0.17000,3.00000,0.23900,0.00000,0.01800,,,,,,
sim1_uniform_post,task003_symmetric,12,12.00000,2.00000,0.75000,truth,0,0.12733,0.11229,0.14213,-0.02171,0.97225,0.84492,0.00942,1.80400,0.03110,1.69401,1.00000,0.96500,1.00000,0.66500,0.00000,0.40800,,,,,,
sim1_uniform_post,task003_symmetric,12,12.00000,2.00000,1.00000,both,0,,,,,,,,,,,,,,,,,-0.00162,-0.00317,-0.00042,0.00162,0.00042,0.00317
sim1_uniform_post,task003_symmetric,12,12.00000,2.00000,1.00000,both,1,,,,,,,,,,,,,,,,,0.00000,0.00000,0.00000,0.00000,0.00000,0.00000
sim1_uniform_post,task003_symmetric,12,12.00000,2.00000,1.00000,both,2,,,,,,,,,,,,,,,,,0.00162,0.00042,0.00317,-0.00162,-0.00317,-0.00042
sim1_uniform_post,task003_symmetric,12,12.00000,2.00000,1.00000,false,2,0.00325,0.00083,0.00633,0.00000,0.00325,0.00000,0.00000,52.86600,0.91148,0.00148,0.54400,0.06000,4.00000,0.00000,0.99000,0.00000,,,,,,
sim1_uniform_post,task003_symmetric,12,12.00000,2.00000,1.00000,truth,0,0.00000,0.00000,0.00000,0.00000,1.00000,1.00000,0.00000,0.93800,0.01617,0.00000,1.00000,1.00000,1.00000,1.00000,0.00000,1.00000,,,,,,
sim1_uniform_post,task003_symmetric,12,12.00000,3.00000,0.75000,both,0,,,,,,,,,,,,,,,,,-0.27981,-0.29711,-0.26352,0.41115,0.40464,0.41727
sim1_uniform_post,task003_symmetric,12,12.00000,3.00000,0.75000,both,1,,,,,,,,,,,,,,,,,-0.01362,-0.02050,-0.00706,-0.00996,-0.01190,-0.00804
sim1_uniform_post,task003_symmetric,12,12.00000,3.00000,0.75000,both,2,,,,,,,,,,,,,,,,,0.29344,0.27858,0.30984,-0.40119,-0.40759,-0.39437
sim1_uniform_post,task003_symmetric,12,12.00000,3.00000,0.75000,false,2,0.69463,0.67608,0.71409,-0.00367,0.81858,0.12396,0.02746,31.82400,0.36579,0.52385,0.98800,0.17000,2.00000,0.26100,0.00000,0.01800,,,,,,
sim1_uniform_post,task003_symmetric,12,12.00000,3.00000,0.75000,truth,0,0.13133,0.11600,0.14692,-0.02358,0.97625,0.84492,0.00754,2.51100,0.02886,1.25528,1.00000,0.96500,1.00000,0.71000,0.00000,0.40800,,,,,,
sim1_uniform_post,task003_symmetric,12,12.00000,3.00000,1.00000,both,0,,,,,,,,,,,,,,,,,-0.00479,-0.00717,-0.00229,0.00479,0.00229,0.00717
sim1_uniform_post,task003_symmetric,12,12.00000,3.00000,1.00000,both,1,,,,,,,,,,,,,,,,,0.00000,0.00000,0.00000,0.00000,0.00000,0.00000
sim1_uniform_post,task003_symmetric,12,12.00000,3.00000,1.00000,both,2,,,,,,,,,,,,,,,,,0.00479,0.00229,0.00717,-0.00479,-0.00717,-0.00229
sim1_uniform_post,task003_symmetric,12,12.00000,3.00000,1.00000,false,2,0.00958,0.00458,0.01433,0.00000,0.00958,0.00000,0.00000,77.55000,0.89138,0.00297,0.62200,0.06000,2.00000,0.00000,0.97100,0.00000,,,,,,
sim1_uniform_post,task003_symmetric,12,12.00000,3.00000,1.00000,truth,0,0.00000,0.00000,0.00000,0.00000,1.00000,1.00000,0.00000,1.40700,0.01617,0.00000,1.00000,1.00000,1.00000,1.00000,0.00000,1.00000,,,,,,
sim1_uniform_post,task003_symmetric,12,12.00000,6.00000,0.75000,both,0,,,,,,,,,,,,,,,,,-0.30421,-0.31904,-0.28794,0.43875,0.43385,0.44350
sim1_uniform_post,task003_symmetric,12,12.00000,6.00000,0.75000,both,1,,,,,,,,,,,,,,,,,-0.01273,-0.01942,-0.00610,-0.01181,-0.01373,-0.00971
sim1_uniform_post,task003_symmetric,12,12.00000,6.00000,0.75000,both,2,,,,,,,,,,,,,,,,,0.31694,0.30144,0.33088,-0.42694,-0.43246,-0.42165
sim1_uniform_post,task003_symmetric,12,12.00000,6.00000,0.75000,false,2,0.74388,0.72621,0.76018,-0.00092,0.86783,0.12396,0.03021,50.35800,0.28941,0.35452,0.99800,0.17000,2.00000,0.34300,0.00000,0.01800,,,,,,
sim1_uniform_post,task003_symmetric,12,12.00000,6.00000,0.75000,truth,0,0.13454,0.12004,0.14993,-0.02454,0.97946,0.84492,0.00658,4.77000,0.02741,0.67694,1.00000,0.96500,1.00000,0.76900,0.00000,0.40800,,,,,,
sim1_uniform_post,task003_symmetric,12,12.00000,6.00000,1.00000,both,0,,,,,,,,,,,,,,,,,-0.00365,-0.00588,-0.00185,0.00365,0.00185,0.00588
sim1_uniform_post,task003_symmetric,12,12.00000,6.00000,1.00000,both,1,,,,,,,,,,,,,,,,,0.00000,0.00000,0.00000,0.00000,0.00000,0.00000
sim1_uniform_post,task003_symmetric,12,12.00000,6.00000,1.00000,both,2,,,,,,,,,,,,,,,,,0.00365,0.00185,0.00588,-0.00365,-0.00588,-0.00185
sim1_uniform_post,task003_symmetric,12,12.00000,6.00000,1.00000,false,2,0.00729,0.00371,0.01175,0.00000,0.00729,0.00000,0.00000,152.28000,0.87517,0.00115,0.65900,0.06000,2.00000,0.00000,0.97700,0.00000,,,,,,
sim1_uniform_post,task003_symmetric,12,12.00000,6.00000,1.00000,truth,0,0.00000,0.00000,0.00000,0.00000,1.00000,1.00000,0.00000,2.80200,0.01610,0.00000,1.00000,1.00000,1.00000,1.00000,0.00000,1.00000,,,,,,
sim1_uniform_post,task003_symmetric,12,12.00000,9.00000,0.75000,both,0,,,,,,,,,,,,,,,,,-0.31454,-0.32998,-0.29931,0.45125,0.44715,0.45538
sim1_uniform_post,task003_symmetric,12,12.00000,9.00000,0.75000,both,1,,,,,,,,,,,,,,,,,-0.02135,-0.02846,-0.01454,-0.00348,-0.00485,-0.00223
sim1_uniform_post,task003_symmetric,12,12.00000,9.00000,0.75000,both,2,,,,,,,,,,,,,,,,,0.33590,0.32150,0.35010,-0.44777,-0.45200,-0.44354
sim1_uniform_post,task003_symmetric,12,12.00000,9.00000,0.75000,false,2,0.78367,0.76812,0.79921,-0.01788,0.90763,0.12396,0.01325,56.24100,0.21548,0.33442,1.00000,0.17000,2.00000,0.44500,0.00000,0.01800,,,,,,
sim1_uniform_post,task003_symmetric,12,12.00000,9.00000,0.75000,truth,0,0.13671,0.12133,0.15155,-0.02483,0.98162,0.84492,0.00629,6.87600,0.02634,0.47717,1.00000,0.96500,1.00000,0.78300,0.00000,0.40800,,,,,,
sim1_uniform_post,task003_symmetric,12,12.00000,9.00000,1.00000,both,0,,,,,,,,,,,,,,,,,-0.00552,-0.00811,-0.00321,0.00552,0.00321,0.00811
sim1_uniform_post,task003_symmetric,12,12.00000,9.00000,1.00000,both,1,,,,,,,,,,,,,,,,,0.00000,0.00000,0.00000,0.00000,0.00000,0.00000
sim1_uniform_post,task003_symmetric,12,12.00000,9.00000,1.00000,both,2,,,,,,,,,,,,,,,,,0.00552,0.00321,0.00811,-0.00552,-0.00811,-0.00321
sim1_uniform_post,task003_symmetric,12,12.00000,9.00000,1.00000,false,2,0.01104,0.00642,0.01621,0.00000,0.01104,0.00000,0.00000,224.23500,0.85914,0.00118,0.66000,0.06000,2.00000,0.00000,0.96100,0.00000,,,,,,
sim1_uniform_post,task003_symmetric,12,12.00000,9.00000,1.00000,truth,0,0.00000,0.00000,0.00000,0.00000,1.00000,1.00000,0.00000,4.20300,0.01610,0.00000,1.00000,1.00000,1.00000,1.00000,0.00000,1.00000,,,,,,
sim1_uniform_post,task003_symmetric,12,24.00000,1.00000,0.75000,both,0,,,,,,,,,,,,,,,,,-0.24310,-0.26071,-0.22648,0.36160,0.35264,0.37027
sim1_uniform_post,task003_symmetric,12,24.00000,1.00000,0.75000,both,1,,,,,,,,,,,,,,,,,-0.01454,-0.02167,-0.00727,-0.00608,-0.00794,-0.00400
sim1_uniform_post,task003_symmetric,12,24.00000,1.00000,0.75000,both,2,,,,,,,,,,,,,,,,,0.25765,0.24288,0.27334,-0.35552,-0.36450,-0.34656
sim1_uniform_post,task003_symmetric,12,24.00000,1.00000,0.75000,false,2,0.61317,0.59241,0.63421,-0.00846,0.73713,0.12396,0.02267,15.33000,0.52862,0.95995,0.92500,0.17000,4.00000,0.18900,0.00600,0.01800,,,,,,
sim1_uniform_post,task003_symmetric,12,24.00000,1.00000,0.75000,truth,0,0.11850,0.10200,0.13338,-0.02063,0.96342,0.84492,0.01050,1.05900,0.03652,2.68555,1.00000,0.96500,1.00000,0.59900,0.00000,0.40800,,,,,,
sim1_uniform_post,task003_symmetric,12,24.00000,1.00000,1.00000,both,0,,,,,,,,,,,,,,,,,-0.00196,-0.00369,-0.00058,0.00196,0.00058,0.00369
sim1_uniform_post,task003_symmetric,12,24.00000,1.00000,1.00000,both,1,,,,,,,,,,,,,,,,,0.00000,0.00000,0.00000,0.00000,0.00000,0.00000
sim1_uniform_post,task003_symmetric,12,24.00000,1.00000,1.00000,both,2,,,,,,,,,,,,,,,,,0.00196,0.00058,0.00369,-0.00196,-0.00369,-0.00058
sim1_uniform_post,task003_symmetric,12,24.00000,1.00000,1.00000,false,2,0.00392,0.00117,0.00738,0.00000,0.00392,0.00000,0.00000,27.14500,0.93603,0.00346,0.44800,0.06000,,0.00000,0.98800,0.00000,,,,,,
sim1_uniform_post,task003_symmetric,12,24.00000,1.00000,1.00000,truth,0,0.00000,0.00000,0.00000,0.00000,1.00000,1.00000,0.00000,0.50400,0.01738,0.00000,1.00000,1.00000,1.00000,1.00000,0.00000,1.00000,,,,,,
sim1_uniform_post,task003_symmetric,12,24.00000,2.00000,0.75000,both,0,,,,,,,,,,,,,,,,,-0.27448,-0.29125,-0.25667,0.40327,0.39660,0.40929
sim1_uniform_post,task003_symmetric,12,24.00000,2.00000,0.75000,both,1,,,,,,,,,,,,,,,,,-0.01396,-0.02144,-0.00738,-0.00904,-0.01108,-0.00704
sim1_uniform_post,task003_symmetric,12,24.00000,2.00000,0.75000,both,2,,,,,,,,,,,,,,,,,0.28844,0.27202,0.30373,-0.39423,-0.40090,-0.38742
sim1_uniform_post,task003_symmetric,12,24.00000,2.00000,0.75000,false,2,0.68267,0.66254,0.70034,-0.00492,0.80663,0.12396,0.02621,24.96800,0.43048,0.65620,0.98300,0.17000,3.00000,0.24800,0.00000,0.01800,,,,,,
sim1_uniform_post,task003_symmetric,12,24.00000,2.00000,0.75000,truth,0,0.12879,0.11329,0.14450,-0.02300,0.97371,0.84492,0.00813,1.75000,0.03017,1.76629,1.00000,0.96500,1.00000,0.67000,0.00000,0.40800,,,,,,
sim1_uniform_post,task003_symmetric,12,24.00000,2.00000,1.00000,both,0,,,,,,,,,,,,,,,,,-0.00281,-0.00473,-0.00133,0.00281,0.00133,0.00473
sim1_uniform_post,task003_symmetric,12,24.00000,2.00000,1.00000,both,1,,,,,,,,,,,,,,,,,0.00000,0.00000,0.00000,0.00000,0.00000,0.00000
sim1_uniform_post,task003_symmetric,12,24.00000,2.00000,1.00000,both,2,,,,,,,,,,,,,,,,,0.00281,0.00133,0.00473,-0.00281,-0.00473,-0.00133
sim1_uniform_post,task003_symmetric,12,24.00000,2.00000,1.00000,false,2,0.00562,0.00267,0.00946,0.00000,0.00562,0.00000,0.00000,52.45000,0.90431,0.00257,0.56000,0.06000,3.00000,0.00000,0.97900,0.00000,,,,,,
sim1_uniform_post,task003_symmetric,12,24.00000,2.00000,1.00000,truth,0,0.00000,0.00000,0.00000,0.00000,1.00000,1.00000,0.00000,0.95800,0.01652,0.00000,1.00000,1.00000,1.00000,1.00000,0.00000,1.00000,,,,,,
sim1_uniform_post,task003_symmetric,12,24.00000,3.00000,0.75000,both,0,,,,,,,,,,,,,,,,,-0.28283,-0.29836,-0.26704,0.41529,0.40890,0.42111
sim1_uniform_post,task003_symmetric,12,24.00000,3.00000,0.75000,both,1,,,,,,,,,,,,,,,,,-0.01175,-0.01894,-0.00471,-0.01288,-0.01533,-0.01083
sim1_uniform_post,task003_symmetric,12,24.00000,3.00000,0.75000,both,2,,,,,,,,,,,,,,,,,0.29458,0.27931,0.30834,-0.40242,-0.40888,-0.39567
sim1_uniform_post,task003_symmetric,12,24.00000,3.00000,0.75000,false,2,0.69700,0.67862,0.71455,0.00113,0.82096,0.12396,0.03225,33.40800,0.38400,0.50072,0.99000,0.17000,2.00000,0.27200,0.00000,0.01800,,,,,,
sim1_uniform_post,task003_symmetric,12,24.00000,3.00000,0.75000,truth,0,0.13246,0.11783,0.14825,-0.02462,0.97737,0.84492,0.00650,2.48400,0.02855,1.27979,1.00000,0.96500,1.00000,0.72600,0.00000,0.40800,,,,,,
sim1_uniform_post,task003_symmetric,12,24.00000,3.00000,1.00000,both,0,,,,,,,,,,,,,,,,,-0.00450,-0.00683,-0.00240,0.00450,0.00240,0.00683
sim1_uniform_post,task003_symmetric,12,24.00000,3.00000,1.00000,both,1,,,,,,,,,,,,,,,,,0.00000,0.00000,0.00000,0.00000,0.00000,0.00000
sim1_uniform_post,task003_symmetric,12,24.00000,3.00000,1.00000,both,2,,,,,,,,,,,,,,,,,0.00450,0.00240,0.00683,-0.00450,-0.00683,-0.00240
sim1_uniform_post,task003_symmetric,12,24.00000,3.00000,1.00000,false,2,0.00900,0.00479,0.01367,0.00000,0.00900,0.00000,0.00000,77.48700,0.89066,0.00279,0.63500,0.06000,2.00000,0.00000,0.97400,0.00000,,,,,,
sim1_uniform_post,task003_symmetric,12,24.00000,3.00000,1.00000,truth,0,0.00000,0.00000,0.00000,0.00000,1.00000,1.00000,0.00000,1.43400,0.01648,0.00000,1.00000,1.00000,1.00000,1.00000,0.00000,1.00000,,,,,,
sim1_uniform_post,task003_symmetric,12,24.00000,6.00000,0.75000,both,0,,,,,,,,,,,,,,,,,-0.30538,-0.32194,-0.28904,0.44063,0.43565,0.44511
sim1_uniform_post,task003_symmetric,12,24.00000,6.00000,0.75000,both,1,,,,,,,,,,,,,,,,,-0.01290,-0.01967,-0.00639,-0.01302,-0.01542,-0.01096
sim1_uniform_post,task003_symmetric,12,24.00000,6.00000,0.75000,both,2,,,,,,,,,,,,,,,,,0.31827,0.30333,0.33327,-0.42760,-0.43260,-0.42229
sim1_uniform_post,task003_symmetric,12,24.00000,6.00000,0.75000,false,2,0.74588,0.72874,0.76330,0.00012,0.86983,0.12396,0.03125,54.61800,0.31390,0.32775,0.99700,0.17000,2.00000,0.34700,0.00000,0.01800,,,,,,
sim1_uniform_post,task003_symmetric,12,24.00000,6.00000,0.75000,truth,0,0.13525,0.11916,0.15150,-0.02592,0.98017,0.84492,0.00521,4.60800,0.02648,0.70443,1.00000,0.96500,1.00000,0.75700,0.00000,0.40800,,,,,,
sim1_uniform_post,task003_symmetric,12,24.00000,6.00000,1.00000,both,0,,,,,,,,,,,,,,,,,-0.00579,-0.00827,-0.00348,0.00579,0.00348,0.00827
sim1_uniform_post,task003_symmetric,12,24.00000,6.00000,1.00000,both,1,,,,,,,,,,,,,,,,,0.00000,0.00000,0.00000,0.00000,0.00000,0.00000
sim1_uniform_post,task003_symmetric,12,24.00000,6.00000,1.00000,both,2,,,,,,,,,,,,,,,,,0.00579,0.00348,0.00827,-0.00579,-0.00827,-0.00348
sim1_uniform_post,task003_symmetric,12,24.00000,6.00000,1.00000,false,2,0.01158,0.00696,0.01654,0.00000,0.01158,0.00000,0.00000,151.42800,0.87028,0.00184,0.66600,0.06000,2.00000,0.00000,0.96700,0.00000,,,,,,
sim1_uniform_post,task003_symmetric,12,24.00000,6.00000,1.00000,truth,0,0.00000,0.00000,0.00000,0.00000,1.00000,1.00000,0.00000,2.85600,0.01641,0.00000,1.00000,1.00000,1.00000,1.00000,0.00000,1.00000,,,,,,
sim1_uniform_post,task003_symmetric,12,24.00000,9.00000,0.75000,both,0,,,,,,,,,,,,,,,,,-0.31650,-0.33226,-0.29960,0.45342,0.44938,0.45746
sim1_uniform_post,task003_symmetric,12,24.00000,9.00000,0.75000,both,1,,,,,,,,,,,,,,,,,-0.02075,-0.02771,-0.01400,-0.00400,-0.00548,-0.00258
sim1_uniform_post,task003_symmetric,12,24.00000,9.00000,0.75000,both,2,,,,,,,,,,,,,,,,,0.33725,0.32214,0.35317,-0.44942,-0.45352,-0.44540
sim1_uniform_post,task003_symmetric,12,24.00000,9.00000,0.75000,false,2,0.78667,0.77020,0.80438,-0.01675,0.91063,0.12396,0.01438,57.95100,0.22203,0.32579,1.00000,0.17000,2.00000,0.43900,0.00000,0.01800,,,,,,
sim1_uniform_post,task003_symmetric,12,24.00000,9.00000,0.75000,truth,0,0.13692,0.12150,0.15380,-0.02475,0.98183,0.84492,0.00637,6.62400,0.02538,0.49607,1.00000,0.96500,1.00000,0.78200,0.00000,0.40800,,,,,,
sim1_uniform_post,task003_symmetric,12,24.00000,9.00000,1.00000,both,0,,,,,,,,,,,,,,,,,-0.00615,-0.00915,-0.00367,0.00615,0.00367,0.00915
sim1_uniform_post,task003_symmetric,12,24.00000,9.00000,1.00000,both,1,,,,,,,,,,,,,,,,,0.00000,0.00000,0.00000,0.00000,0.00000,0.00000
sim1_uniform_post,task003_symmetric,12,24.00000,9.00000,1.00000,both,2,,,,,,,,,,,,,,,,,0.00615,0.00367,0.00915,-0.00615,-0.00915,-0.00367
sim1_uniform_post,task003_symmetric,12,24.00000,9.00000,1.00000,false,2,0.01229,0.00733,0.01829,0.00000,0.01229,0.00000,0.00000,224.11800,0.85869,0.00132,0.66700,0.06000,2.00000,0.00000,0.96500,0.00000,,,,,,
sim1_uniform_post,task003_symmetric,12,24.00000,9.00000,1.00000,truth,0,0.00000,0.00000,0.00000,0.00000,1.00000,1.00000,0.00000,4.28400,0.01641,0.00000,1.00000,1.00000,1.00000,1.00000,0.00000,1.00000,,,,,,
