variant,q,qc,b,rho,diff_share_A0,diff_share_A0_lo,diff_share_A0_hi,on_share_A0,off_share_A0,diff_proof_rate_A0,diff_proof_rate_A0_lo,diff_proof_rate_A0_hi,on_proof_rate_A0,off_proof_rate_A0,diff_proof_rate_A0_own_evidence,diff_proof_rate_A0_own_evidence_lo,diff_proof_rate_A0_own_evidence_hi,on_proof_rate_A0_own_evidence,off_proof_rate_A0_own_evidence,diff_dose,diff_dose_lo,diff_dose_hi,on_dose,off_dose,nights_proved_rule_on,nights_posted_proved_rule_off
sim1_base,3,3.00000,1.00000,0.75000,0.00000,0.00000,0.00000,0.99067,0.99067,0.00000,0.00000,0.00000,0.09292,0.09292,0.00000,0.00000,0.00000,0.00487,0.00487,0.00000,0.00000,0.00000,2.31600,2.31600,0.00000,0.00000
sim1_base,3,3.00000,2.00000,0.75000,0.00000,0.00000,0.00000,0.99450,0.99450,0.00000,0.00000,0.00000,0.08171,0.08171,0.00000,0.00000,0.00000,0.00379,0.00379,0.00000,0.00000,0.00000,3.73800,3.73800,0.00000,0.00000
sim1_base,3,3.00000,3.00000,0.75000,0.00000,0.00000,0.00000,0.99621,0.99621,0.00000,0.00000,0.00000,0.07550,0.07550,0.00000,0.00000,0.00000,0.00313,0.00313,0.00000,0.00000,0.00000,5.28000,5.28000,0.00000,0.00000
sim1_base,3,3.00000,6.00000,0.75000,0.00000,0.00000,0.00000,0.99633,0.99633,0.00000,0.00000,0.00000,0.06913,0.06913,0.00000,0.00000,0.00000,0.00304,0.00304,0.00000,0.00000,0.00000,9.95400,9.95400,0.00000,0.00000
sim1_base,3,3.00000,9.00000,0.75000,0.00000,0.00000,0.00000,0.99550,0.99550,0.00000,0.00000,0.00000,0.06204,0.06204,0.00000,0.00000,0.00000,0.00275,0.00275,0.00000,0.00000,0.00000,13.93200,13.93200,0.00000,0.00000
sim1_base,3,6.00000,1.00000,0.75000,-0.00004,-0.00012,0.00000,0.98808,0.98804,-0.00013,-0.00038,0.00000,0.06271,0.06258,0.00000,0.00000,0.00000,0.01129,0.01129,0.00100,0.00000,0.00300,1.21100,1.21200,0.01286,0.00010
sim1_base,3,6.00000,2.00000,0.75000,0.00013,0.00000,0.00038,0.99092,0.99104,0.00033,-0.00004,0.00092,0.06738,0.06771,0.00000,0.00000,0.00000,0.00979,0.00979,0.00200,-0.00400,0.01000,2.02600,2.02800,0.01066,0.00014
sim1_base,3,6.00000,3.00000,0.75000,0.00000,0.00000,0.00000,0.99162,0.99162,0.00013,-0.00063,0.00125,0.06679,0.06692,0.00000,0.00000,0.00000,0.00912,0.00912,0.00600,0.00000,0.01500,2.98800,2.99400,0.00972,0.00010
sim1_base,3,6.00000,6.00000,0.75000,0.00000,0.00000,0.00000,0.99229,0.99229,0.00008,-0.00038,0.00063,0.05871,0.05879,0.00000,0.00000,0.00000,0.00892,0.00892,0.00600,0.00000,0.01800,5.61000,5.61600,0.00717,0.00007
sim1_base,3,6.00000,9.00000,0.75000,0.00000,0.00000,0.00000,0.99342,0.99342,0.00025,0.00000,0.00075,0.05325,0.05350,0.00000,0.00000,0.00000,0.00838,0.00838,0.00000,0.00000,0.00000,7.99200,7.99200,0.00459,0.00003
sim1_base,3,12.00000,1.00000,0.75000,0.00067,-0.00063,0.00192,0.98675,0.98742,0.00867,0.00554,0.01221,0.04758,0.05625,-0.00179,-0.00283,-0.00092,0.01483,0.01304,0.06500,0.04400,0.08700,0.72200,0.78700,0.18762,0.00448
sim1_base,3,12.00000,2.00000,0.75000,0.00112,0.00029,0.00200,0.98646,0.98758,0.00425,0.00154,0.00692,0.05563,0.05987,-0.00192,-0.00287,-0.00100,0.01408,0.01217,0.11400,0.07800,0.15200,1.30000,1.41400,0.22921,0.00462
sim1_base,3,12.00000,3.00000,0.75000,0.00179,0.00079,0.00300,0.98646,0.98825,0.00133,-0.00108,0.00338,0.06329,0.06463,-0.00171,-0.00271,-0.00088,0.01329,0.01158,0.15600,0.09900,0.21300,1.85100,2.00700,0.24300,0.00410
sim1_base,3,12.00000,6.00000,0.75000,0.00129,0.00042,0.00221,0.98808,0.98938,0.00158,-0.00075,0.00375,0.04796,0.04954,-0.00183,-0.00275,-0.00100,0.01304,0.01121,0.27600,0.17385,0.38400,3.56400,3.84000,0.20152,0.00403
sim1_base,3,12.00000,9.00000,0.75000,0.00117,0.00046,0.00192,0.99054,0.99171,0.00071,-0.00121,0.00262,0.04542,0.04612,-0.00158,-0.00250,-0.00075,0.01279,0.01121,0.48600,0.35100,0.63900,5.19300,5.67900,0.19562,0.00397
sim1_base,3,24.00000,1.00000,0.75000,0.00200,-0.00079,0.00467,0.98254,0.98454,0.03963,0.03337,0.04604,0.03446,0.07408,-0.00829,-0.01012,-0.00642,0.02013,0.01183,0.36000,0.31300,0.40200,0.33000,0.69000,0.53859,0.02041
sim1_base,3,24.00000,2.00000,0.75000,0.00700,0.00475,0.00942,0.98242,0.98942,0.02050,0.01504,0.02579,0.03742,0.05792,-0.00750,-0.00925,-0.00583,0.01892,0.01142,0.71600,0.64200,0.79000,0.56600,1.28200,0.56600,0.01969
sim1_base,3,24.00000,3.00000,0.75000,0.00942,0.00729,0.01171,0.98292,0.99233,0.01388,0.00871,0.01888,0.03979,0.05367,-0.00742,-0.00929,-0.00588,0.01892,0.01150,1.02000,0.91200,1.12800,0.82800,1.84800,0.57000,0.01890
sim1_base,3,24.00000,6.00000,0.75000,0.00738,0.00517,0.00983,0.98429,0.99167,0.01554,0.01142,0.01996,0.03346,0.04900,-0.00729,-0.00887,-0.00566,0.01879,0.01150,2.06400,1.84185,2.27400,1.60800,3.67200,0.54338,0.01883
sim1_base,3,24.00000,9.00000,0.75000,0.00800,0.00592,0.01042,0.98479,0.99279,0.01746,0.01308,0.02183,0.03117,0.04863,-0.00729,-0.00892,-0.00575,0.01875,0.01146,3.06900,2.77200,3.34822,2.35800,5.42700,0.55569,0.01872
sim1_base,6,3.00000,1.00000,0.75000,0.00000,0.00000,0.00000,0.99613,0.99613,0.00000,0.00000,0.00000,0.44662,0.44662,0.00000,0.00000,0.00000,0.14037,0.14037,0.00000,0.00000,0.00000,0.97000,0.97000,0.00000,0.00000
sim1_base,6,3.00000,2.00000,0.75000,0.00000,0.00000,0.00000,0.99725,0.99725,0.00000,0.00000,0.00000,0.44783,0.44783,0.00000,0.00000,0.00000,0.12683,0.12683,0.00000,0.00000,0.00000,1.71400,1.71400,0.00000,0.00000
sim1_base,6,3.00000,3.00000,0.75000,0.00000,0.00000,0.00000,0.99750,0.99750,0.00000,0.00000,0.00000,0.45579,0.45579,0.00000,0.00000,0.00000,0.11904,0.11904,0.00000,0.00000,0.00000,2.45400,2.45400,0.00000,0.00000
sim1_base,6,3.00000,6.00000,0.75000,0.00000,0.00000,0.00000,0.99771,0.99771,0.00000,0.00000,0.00000,0.45821,0.45821,0.00000,0.00000,0.00000,0.11613,0.11613,0.00000,0.00000,0.00000,4.69200,4.69200,0.00000,0.00000
sim1_base,6,3.00000,9.00000,0.75000,0.00000,0.00000,0.00000,0.99754,0.99754,0.00000,0.00000,0.00000,0.45779,0.45779,0.00000,0.00000,0.00000,0.11650,0.11650,0.00000,0.00000,0.00000,6.97500,6.97500,0.00000,0.00000
sim1_base,6,6.00000,1.00000,0.75000,0.00000,0.00000,0.00000,0.99354,0.99354,0.00000,0.00000,0.00000,0.36838,0.36838,0.00000,0.00000,0.00000,0.22467,0.22467,0.00000,0.00000,0.00000,0.47100,0.47100,0.01979,0.00000
sim1_base,6,6.00000,2.00000,0.75000,0.00004,0.00000,0.00012,0.99479,0.99483,0.00004,0.00000,0.00013,0.37579,0.37583,0.00000,0.00000,0.00000,0.21004,0.21004,0.00200,0.00000,0.00600,0.83000,0.83200,0.01631,0.00003
sim1_base,6,6.00000,3.00000,0.75000,0.00000,0.00000,0.00000,0.99554,0.99554,0.00000,0.00000,0.00000,0.39600,0.39600,0.00000,0.00000,0.00000,0.20200,0.20200,0.00000,0.00000,0.00000,1.24200,1.24200,0.01583,0.00000
sim1_base,6,6.00000,6.00000,0.75000,0.00000,0.00000,0.00000,0.99558,0.99558,0.00000,0.00000,0.00000,0.39971,0.39971,0.00000,0.00000,0.00000,0.19912,0.19912,0.00000,0.00000,0.00000,2.37600,2.37600,0.01472,0.00000
sim1_base,6,6.00000,9.00000,0.75000,0.00000,0.00000,0.00000,0.99592,0.99592,0.00000,0.00000,0.00000,0.39667,0.39667,0.00000,0.00000,0.00000,0.19842,0.19842,0.00000,0.00000,0.00000,3.52800,3.52800,0.01079,0.00000
sim1_base,6,12.00000,1.00000,0.75000,0.00025,-0.00004,0.00062,0.99313,0.99338,0.00842,0.00500,0.01242,0.34675,0.35517,-0.00992,-0.01396,-0.00600,0.26112,0.25121,0.03200,0.02100,0.04400,0.28000,0.31200,0.34855,0.00121
sim1_base,6,12.00000,2.00000,0.75000,0.00017,-0.00012,0.00050,0.99371,0.99387,0.00687,0.00375,0.01042,0.36221,0.36908,-0.00979,-0.01400,-0.00617,0.24304,0.23325,0.06000,0.04000,0.08200,0.50000,0.56000,0.36672,0.00121
sim1_base,6,12.00000,3.00000,0.75000,0.00037,0.00012,0.00067,0.99379,0.99417,0.00350,0.00083,0.00625,0.36821,0.37171,-0.00979,-0.01375,-0.00629,0.24117,0.23137,0.08700,0.05700,0.12000,0.73500,0.82200,0.37355,0.00117
sim1_base,6,12.00000,6.00000,0.75000,0.00033,0.00008,0.00062,0.99421,0.99454,0.00525,0.00229,0.00842,0.36150,0.36675,-0.00979,-0.01392,-0.00587,0.23996,0.23017,0.17400,0.11400,0.24000,1.45200,1.62600,0.36710,0.00117
sim1_base,6,12.00000,9.00000,0.75000,0.00037,0.00012,0.00071,0.99400,0.99438,0.00487,0.00187,0.00821,0.36333,0.36821,-0.00979,-0.01396,-0.00596,0.23971,0.22992,0.25200,0.16200,0.34200,2.14200,2.39400,0.35752,0.00114
sim1_base,6,24.00000,1.00000,0.75000,0.00129,0.00017,0.00237,0.99271,0.99400,0.04971,0.04150,0.05784,0.32512,0.37483,-0.05500,-0.06337,-0.04650,0.29050,0.23550,0.17600,0.15300,0.20100,0.10700,0.28300,0.89897,0.00717
sim1_base,6,24.00000,2.00000,0.75000,0.00175,0.00075,0.00275,0.99308,0.99483,0.04283,0.03483,0.05125,0.33121,0.37404,-0.05292,-0.06138,-0.04487,0.28646,0.23354,0.34000,0.29200,0.38800,0.19400,0.53400,0.90862,0.00686
sim1_base,6,24.00000,3.00000,0.75000,0.00229,0.00150,0.00325,0.99313,0.99542,0.03125,0.02421,0.03896,0.33379,0.36504,-0.05204,-0.06088,-0.04441,0.28550,0.23346,0.49800,0.42900,0.57300,0.28200,0.78000,0.90821,0.00672
sim1_base,6,24.00000,6.00000,0.75000,0.00233,0.00150,0.00321,0.99313,0.99546,0.03633,0.02929,0.04346,0.33221,0.36854,-0.05162,-0.06000,-0.04337,0.28529,0.23367,0.99000,0.85200,1.12800,0.58800,1.57800,0.90910,0.00676
sim1_base,6,24.00000,9.00000,0.75000,0.00242,0.00162,0.00337,0.99296,0.99538,0.03571,0.02850,0.04354,0.33121,0.36692,-0.05187,-0.06054,-0.04354,0.28529,0.23342,1.47600,1.26900,1.70122,0.83700,2.31300,0.90952,0.00669
sim1_base,12,3.00000,1.00000,0.75000,0.00000,0.00000,0.00000,0.99679,0.99679,0.00000,0.00000,0.00000,0.76200,0.76200,0.00000,0.00000,0.00000,0.39854,0.39854,0.00000,0.00000,0.00000,0.71000,0.71000,0.00000,0.00000
sim1_base,12,3.00000,2.00000,0.75000,0.00000,0.00000,0.00000,0.99733,0.99733,0.00000,0.00000,0.00000,0.76167,0.76167,0.00000,0.00000,0.00000,0.36608,0.36608,0.00000,0.00000,0.00000,1.29200,1.29200,0.00000,0.00000
sim1_base,12,3.00000,3.00000,0.75000,0.00000,0.00000,0.00000,0.99746,0.99746,0.00000,0.00000,0.00000,0.76425,0.76425,0.00000,0.00000,0.00000,0.35387,0.35387,0.00000,0.00000,0.00000,1.81800,1.81800,0.00000,0.00000
sim1_base,12,3.00000,6.00000,0.75000,0.00000,0.00000,0.00000,0.99796,0.99796,0.00000,0.00000,0.00000,0.76438,0.76438,0.00000,0.00000,0.00000,0.34621,0.34621,0.00000,0.00000,0.00000,3.48000,3.48000,0.00000,0.00000
sim1_base,12,3.00000,9.00000,0.75000,0.00000,0.00000,0.00000,0.99813,0.99813,0.00000,0.00000,0.00000,0.77000,0.77000,0.00000,0.00000,0.00000,0.34567,0.34567,0.00000,0.00000,0.00000,5.09400,5.09400,0.00000,0.00000
sim1_base,12,6.00000,1.00000,0.75000,0.00000,0.00000,0.00000,0.99583,0.99583,0.00000,0.00000,0.00000,0.74054,0.74054,0.00000,0.00000,0.00000,0.58262,0.58262,0.00000,0.00000,0.00000,0.28400,0.28400,0.01969,0.00000
sim1_base,12,6.00000,2.00000,0.75000,0.00000,0.00000,0.00000,0.99633,0.99633,0.00000,0.00000,0.00000,0.74287,0.74287,0.00000,0.00000,0.00000,0.56063,0.56063,0.00000,0.00000,0.00000,0.52400,0.52400,0.02007,0.00000
sim1_base,12,6.00000,3.00000,0.75000,0.00000,0.00000,0.00000,0.99671,0.99671,0.00000,0.00000,0.00000,0.74471,0.74471,0.00000,0.00000,0.00000,0.55479,0.55479,0.00000,0.00000,0.00000,0.76500,0.76500,0.01710,0.00000
sim1_base,12,6.00000,6.00000,0.75000,0.00000,0.00000,0.00000,0.99629,0.99629,0.00000,0.00000,0.00000,0.74550,0.74550,0.00000,0.00000,0.00000,0.54721,0.54721,0.00600,0.00000,0.01800,1.53000,1.53600,0.01397,0.00003
sim1_base,12,6.00000,9.00000,0.75000,0.00000,0.00000,0.00000,0.99692,0.99692,0.00000,0.00000,0.00000,0.74487,0.74487,0.00000,0.00000,0.00000,0.54779,0.54779,0.00000,0.00000,0.00000,2.27700,2.27700,0.01166,0.00000
sim1_base,12,12.00000,1.00000,0.75000,0.00004,-0.00012,0.00025,0.99562,0.99567,0.00179,0.00017,0.00438,0.73000,0.73179,-0.00858,-0.01417,-0.00383,0.63387,0.62529,0.01500,0.00800,0.02300,0.17200,0.18700,0.44541,0.00052
sim1_base,12,12.00000,2.00000,0.75000,0.00004,0.00000,0.00013,0.99621,0.99625,0.00154,0.00004,0.00338,0.73300,0.73454,-0.00879,-0.01350,-0.00442,0.61733,0.60854,0.02600,0.01400,0.04000,0.32400,0.35000,0.44610,0.00045
sim1_base,12,12.00000,3.00000,0.75000,0.00000,-0.00017,0.00025,0.99608,0.99608,0.00162,0.00017,0.00359,0.73608,0.73771,-0.00883,-0.01400,-0.00454,0.60933,0.60050,0.03900,0.02100,0.06000,0.48300,0.52200,0.44866,0.00045
sim1_base,12,12.00000,6.00000,0.75000,0.00004,-0.00012,0.00025,0.99579,0.99583,0.00133,-0.00004,0.00333,0.73171,0.73304,-0.00883,-0.01442,-0.00437,0.60796,0.59913,0.07800,0.04200,0.12600,0.96600,1.04400,0.43679,0.00045
sim1_base,12,12.00000,9.00000,0.75000,0.00004,-0.00012,0.00025,0.99613,0.99617,0.00125,-0.00029,0.00350,0.73375,0.73500,-0.00879,-0.01392,-0.00412,0.60842,0.59962,0.11700,0.05400,0.18000,1.44900,1.56600,0.43362,0.00045
sim1_base,12,24.00000,1.00000,0.75000,0.00000,-0.00033,0.00033,0.99592,0.99592,0.00754,0.00475,0.01087,0.72967,0.73721,-0.05862,-0.07117,-0.04687,0.66475,0.60613,0.09100,0.07497,0.10900,0.09500,0.18600,0.98562,0.00317
sim1_base,12,24.00000,2.00000,0.75000,0.00025,0.00000,0.00054,0.99604,0.99629,0.00783,0.00462,0.01175,0.73092,0.73875,-0.05862,-0.07138,-0.04604,0.65767,0.59904,0.16200,0.12800,0.19800,0.19000,0.35200,0.98641,0.00283
sim1_base,12,24.00000,3.00000,0.75000,-0.00004,-0.00037,0.00029,0.99625,0.99621,0.00558,0.00279,0.00883,0.73267,0.73825,-0.05854,-0.07138,-0.04612,0.65758,0.59904,0.24300,0.19193,0.29700,0.28200,0.52500,0.98852,0.00283
sim1_base,12,24.00000,6.00000,0.75000,0.00025,0.00004,0.00054,0.99596,0.99621,0.00375,0.00121,0.00642,0.73079,0.73454,-0.05850,-0.07071,-0.04583,0.65758,0.59908,0.48600,0.38400,0.58800,0.56400,1.05000,0.98731,0.00283
sim1_base,12,24.00000,9.00000,0.75000,0.00025,0.00000,0.00054,0.99613,0.99638,0.00550,0.00254,0.00871,0.73037,0.73587,-0.05771,-0.07013,-0.04600,0.65758,0.59988,0.72900,0.58500,0.88200,0.84600,1.57500,0.98841,0.00283
sim1_base,3,3.00000,1.00000,1.00000,0.00000,0.00000,0.00000,1.00000,1.00000,0.00000,0.00000,0.00000,0.99946,0.99946,0.00000,0.00000,0.00000,0.63092,0.63092,0.00000,0.00000,0.00000,1.03000,1.03000,0.00000,0.00000
sim1_base,3,3.00000,2.00000,1.00000,0.00000,0.00000,0.00000,1.00000,1.00000,0.00000,0.00000,0.00000,0.99950,0.99950,0.00000,0.00000,0.00000,0.65833,0.65833,0.00000,0.00000,0.00000,1.98200,1.98200,0.00000,0.00000
sim1_base,3,3.00000,3.00000,1.00000,0.00000,0.00000,0.00000,1.00000,1.00000,0.00000,0.00000,0.00000,0.99967,0.99967,0.00000,0.00000,0.00000,0.71496,0.71496,0.00000,0.00000,0.00000,2.88000,2.88000,0.00000,0.00000
sim1_base,3,3.00000,6.00000,1.00000,0.00000,0.00000,0.00000,1.00000,1.00000,0.00000,0.00000,0.00000,0.99979,0.99979,0.00000,0.00000,0.00000,0.80617,0.80617,0.00000,0.00000,0.00000,5.80200,5.80200,0.00000,0.00000
sim1_base,3,3.00000,9.00000,1.00000,0.00000,0.00000,0.00000,1.00000,1.00000,0.00000,0.00000,0.00000,0.99958,0.99958,0.00000,0.00000,0.00000,0.79463,0.79463,0.00000,0.00000,0.00000,8.47800,8.47800,0.00000,0.00000
sim1_base,3,6.00000,1.00000,1.00000,0.00000,0.00000,0.00000,0.99996,0.99996,0.00000,0.00000,0.00000,0.99921,0.99921,-0.00088,-0.00263,0.00000,0.74804,0.74717,0.00100,0.00000,0.00300,0.74600,0.74700,0.02748,0.00003
sim1_base,3,6.00000,2.00000,1.00000,0.00000,0.00000,0.00000,1.00000,1.00000,0.00000,0.00000,0.00000,0.99896,0.99896,-0.00017,-0.00050,0.00000,0.75487,0.75471,0.00200,0.00000,0.00600,1.38000,1.38200,0.02003,0.00003
sim1_base,3,6.00000,3.00000,1.00000,0.00000,0.00000,0.00000,1.00000,1.00000,0.00000,0.00000,0.00000,0.99929,0.99929,-0.00008,-0.00025,0.00000,0.77667,0.77658,0.00300,0.00000,0.00900,2.07000,2.07300,0.01810,0.00003
sim1_base,3,6.00000,6.00000,1.00000,0.00000,0.00000,0.00000,1.00000,1.00000,0.00000,0.00000,0.00000,0.99921,0.99921,0.00000,0.00000,0.00000,0.77929,0.77929,0.00600,0.00000,0.01800,4.01400,4.02000,0.01662,0.00003
sim1_base,3,6.00000,9.00000,1.00000,0.00000,0.00000,0.00000,1.00000,1.00000,0.00000,0.00000,0.00000,0.99946,0.99946,0.00000,0.00000,0.00000,0.81596,0.81596,0.00900,0.00000,0.02700,6.01200,6.02100,0.01072,0.00003
sim1_base,3,12.00000,1.00000,1.00000,0.00000,0.00000,0.00000,1.00000,1.00000,0.00025,0.00008,0.00046,0.99896,0.99921,-0.05079,-0.06283,-0.03900,0.83437,0.78358,0.07500,0.05700,0.09200,0.52400,0.59900,0.31928,0.00383
sim1_base,3,12.00000,2.00000,1.00000,0.00000,0.00000,0.00000,1.00000,1.00000,0.00008,-0.00017,0.00033,0.99908,0.99917,-0.05071,-0.06371,-0.03871,0.80612,0.75542,0.14000,0.10800,0.17600,0.99000,1.13000,0.32672,0.00369
sim1_base,3,12.00000,3.00000,1.00000,0.00000,0.00000,0.00000,1.00000,1.00000,0.00012,-0.00004,0.00033,0.99913,0.99925,-0.04671,-0.05921,-0.03508,0.81075,0.76404,0.18900,0.14100,0.24300,1.47000,1.65900,0.33786,0.00352
sim1_base,3,12.00000,6.00000,1.00000,0.00000,0.00000,0.00000,1.00000,1.00000,0.00025,0.00008,0.00046,0.99896,0.99921,-0.00771,-0.01429,-0.00071,0.80150,0.79379,0.42600,0.33600,0.52800,2.82000,3.24600,0.31241,0.00355
sim1_base,3,12.00000,9.00000,1.00000,0.00000,0.00000,0.00000,1.00000,1.00000,0.00021,0.00004,0.00042,0.99917,0.99938,-0.01287,-0.02059,-0.00575,0.85233,0.83946,0.56700,0.42300,0.71122,4.30200,4.86900,0.29517,0.00345
sim1_base,3,24.00000,1.00000,1.00000,0.00000,0.00000,0.00000,1.00000,1.00000,0.00042,0.00004,0.00083,0.99875,0.99917,-0.27175,-0.29442,-0.24925,0.95042,0.67867,0.44400,0.41097,0.48000,0.12700,0.57100,0.79614,0.01790
sim1_base,3,24.00000,2.00000,1.00000,0.00000,0.00000,0.00000,1.00000,1.00000,0.00012,-0.00025,0.00054,0.99887,0.99900,-0.27054,-0.29300,-0.24778,0.94479,0.67425,0.86200,0.79800,0.92600,0.24400,1.10600,0.80221,0.01772
sim1_base,3,24.00000,3.00000,1.00000,0.00000,0.00000,0.00000,1.00000,1.00000,0.00004,-0.00033,0.00042,0.99883,0.99887,-0.26267,-0.28655,-0.23954,0.94804,0.68537,1.30500,1.20592,1.40100,0.34800,1.65300,0.80034,0.01766
sim1_base,3,24.00000,6.00000,1.00000,0.00000,0.00000,0.00000,1.00000,1.00000,0.00071,0.00037,0.00108,0.99867,0.99938,-0.08942,-0.10621,-0.07363,0.95546,0.86604,2.62200,2.42400,2.81400,0.73800,3.36000,0.79269,0.01766
sim1_base,3,24.00000,9.00000,1.00000,0.00000,0.00000,0.00000,1.00000,1.00000,0.00037,0.00000,0.00075,0.99879,0.99917,-0.10092,-0.11650,-0.08500,0.96479,0.86387,3.86100,3.54600,4.14022,1.04400,4.90500,0.80231,0.01748
sim1_base,6,3.00000,1.00000,1.00000,0.00000,0.00000,0.00000,1.00000,1.00000,0.00000,0.00000,0.00000,0.99987,0.99987,0.00000,0.00000,0.00000,0.77608,0.77608,0.00000,0.00000,0.00000,0.51900,0.51900,0.00000,0.00000
sim1_base,6,3.00000,2.00000,1.00000,0.00000,0.00000,0.00000,1.00000,1.00000,0.00000,0.00000,0.00000,0.99992,0.99992,0.00000,0.00000,0.00000,0.78333,0.78333,0.00000,0.00000,0.00000,0.96000,0.96000,0.00000,0.00000
sim1_base,6,3.00000,3.00000,1.00000,0.00000,0.00000,0.00000,1.00000,1.00000,0.00000,0.00000,0.00000,0.99992,0.99992,0.00000,0.00000,0.00000,0.82375,0.82375,0.00000,0.00000,0.00000,1.38900,1.38900,0.00000,0.00000
sim1_base,6,3.00000,6.00000,1.00000,0.00000,0.00000,0.00000,1.00000,1.00000,0.00000,0.00000,0.00000,0.99996,0.99996,0.00000,0.00000,0.00000,0.94925,0.94925,0.00000,0.00000,0.00000,2.88000,2.88000,0.00000,0.00000
sim1_base,6,3.00000,9.00000,1.00000,0.00000,0.00000,0.00000,1.00000,1.00000,0.00000,0.00000,0.00000,0.99992,0.99992,0.00000,0.00000,0.00000,0.94612,0.94612,0.00000,0.00000,0.00000,4.32900,4.32900,0.00000,0.00000
sim1_base,6,6.00000,1.00000,1.00000,0.00000,0.00000,0.00000,1.00000,1.00000,0.00000,0.00000,0.00000,0.99987,0.99987,0.00000,0.00000,0.00000,0.86154,0.86154,0.00000,0.00000,0.00000,0.37100,0.37100,0.02159,0.00000
sim1_base,6,6.00000,2.00000,1.00000,0.00000,0.00000,0.00000,1.00000,1.00000,0.00000,0.00000,0.00000,0.99996,0.99996,0.00000,0.00000,0.00000,0.85579,0.85579,0.00000,0.00000,0.00000,0.70200,0.70200,0.01741,0.00000
sim1_base,6,6.00000,3.00000,1.00000,0.00000,0.00000,0.00000,1.00000,1.00000,0.00000,0.00000,0.00000,0.99996,0.99996,0.00000,0.00000,0.00000,0.87650,0.87650,0.00000,0.00000,0.00000,1.01100,1.01100,0.01421,0.00000
sim1_base,6,6.00000,6.00000,1.00000,0.00000,0.00000,0.00000,1.00000,1.00000,0.00000,0.00000,0.00000,0.99996,0.99996,0.00000,0.00000,0.00000,0.92225,0.92225,0.00000,0.00000,0.00000,1.97400,1.97400,0.01297,0.00000
sim1_base,6,6.00000,9.00000,1.00000,0.00000,0.00000,0.00000,1.00000,1.00000,0.00000,0.00000,0.00000,0.99987,0.99987,0.00000,0.00000,0.00000,0.93800,0.93800,0.00000,0.00000,0.00000,3.02400,3.02400,0.01052,0.00000
sim1_base,6,12.00000,1.00000,1.00000,0.00000,0.00000,0.00000,1.00000,1.00000,0.00000,0.00000,0.00000,0.99996,0.99996,-0.01558,-0.02263,-0.00979,0.89950,0.88392,0.02700,0.01700,0.03800,0.25200,0.27900,0.39283,0.00117
sim1_base,6,12.00000,2.00000,1.00000,0.00000,0.00000,0.00000,1.00000,1.00000,0.00000,0.00000,0.00000,0.99983,0.99983,-0.01483,-0.02133,-0.00904,0.89021,0.87538,0.04800,0.03000,0.06800,0.46400,0.51200,0.39117,0.00107
sim1_base,6,12.00000,3.00000,1.00000,0.00000,0.00000,0.00000,1.00000,1.00000,0.00000,0.00000,0.00000,0.99996,0.99996,-0.01458,-0.02200,-0.00837,0.88587,0.87129,0.07500,0.04800,0.10800,0.69300,0.76800,0.39376,0.00110
sim1_base,6,12.00000,6.00000,1.00000,0.00000,0.00000,0.00000,1.00000,1.00000,0.00000,0.00000,0.00000,0.99996,0.99996,-0.00138,-0.00596,0.00254,0.90667,0.90529,0.15600,0.10200,0.21600,1.38000,1.53600,0.38252,0.00114
sim1_base,6,12.00000,9.00000,1.00000,0.00000,0.00000,0.00000,1.00000,1.00000,0.00000,0.00000,0.00000,0.99987,0.99987,-0.00121,-0.00263,-0.00008,0.95542,0.95421,0.22500,0.14400,0.32400,2.04300,2.26800,0.36217,0.00110
sim1_base,6,24.00000,1.00000,1.00000,0.00000,0.00000,0.00000,1.00000,1.00000,-0.00004,-0.00012,0.00000,0.99996,0.99992,-0.10929,-0.12525,-0.09412,0.95121,0.84192,0.18000,0.15700,0.20402,0.09600,0.27600,0.88841,0.00697
sim1_base,6,24.00000,2.00000,1.00000,0.00000,0.00000,0.00000,1.00000,1.00000,0.00000,0.00000,0.00000,0.99996,0.99996,-0.11346,-0.12988,-0.09546,0.94142,0.82796,0.34600,0.29600,0.39000,0.17000,0.51600,0.88724,0.00662
sim1_base,6,24.00000,3.00000,1.00000,0.00000,0.00000,0.00000,1.00000,1.00000,-0.00008,-0.00021,0.00000,0.99996,0.99987,-0.10946,-0.12729,-0.09266,0.95250,0.84304,0.50100,0.43500,0.56700,0.25500,0.75600,0.89100,0.00645
sim1_base,6,24.00000,6.00000,1.00000,0.00000,0.00000,0.00000,1.00000,1.00000,0.00000,0.00000,0.00000,0.99996,0.99996,-0.01354,-0.02363,-0.00328,0.95521,0.94167,1.01400,0.87600,1.15215,0.50400,1.51800,0.88317,0.00652
sim1_base,6,24.00000,9.00000,1.00000,0.00000,0.00000,0.00000,1.00000,1.00000,0.00000,0.00000,0.00000,0.99996,0.99996,-0.01421,-0.02100,-0.00837,0.97750,0.96329,1.49400,1.28700,1.71900,0.74700,2.24100,0.89162,0.00638
sim1_base,12,3.00000,1.00000,1.00000,0.00000,0.00000,0.00000,1.00000,1.00000,0.00000,0.00000,0.00000,0.99979,0.99979,0.00000,0.00000,0.00000,0.82283,0.82283,0.00000,0.00000,0.00000,0.35500,0.35500,0.00000,0.00000
sim1_base,12,3.00000,2.00000,1.00000,0.00000,0.00000,0.00000,1.00000,1.00000,0.00000,0.00000,0.00000,0.99996,0.99996,0.00000,0.00000,0.00000,0.81929,0.81929,0.00000,0.00000,0.00000,0.64000,0.64000,0.00000,0.00000
sim1_base,12,3.00000,3.00000,1.00000,0.00000,0.00000,0.00000,1.00000,1.00000,0.00000,0.00000,0.00000,0.99992,0.99992,0.00000,0.00000,0.00000,0.83688,0.83688,0.00000,0.00000,0.00000,0.95400,0.95400,0.00000,0.00000
sim1_base,12,3.00000,6.00000,1.00000,0.00000,0.00000,0.00000,1.00000,1.00000,0.00000,0.00000,0.00000,0.99996,0.99996,0.00000,0.00000,0.00000,0.93983,0.93983,0.00000,0.00000,0.00000,1.90800,1.90800,0.00000,0.00000
sim1_base,12,3.00000,9.00000,1.00000,0.00000,0.00000,0.00000,1.00000,1.00000,0.00000,0.00000,0.00000,0.99992,0.99992,0.00000,0.00000,0.00000,0.95904,0.95904,0.00000,0.00000,0.00000,2.87100,2.87100,0.00000,0.00000
sim1_base,12,6.00000,1.00000,1.00000,0.00000,0.00000,0.00000,1.00000,1.00000,0.00000,0.00000,0.00000,0.99987,0.99987,0.00000,0.00000,0.00000,0.87487,0.87487,0.00000,0.00000,0.00000,0.24700,0.24700,0.01745,0.00000
sim1_base,12,6.00000,2.00000,1.00000,0.00000,0.00000,0.00000,1.00000,1.00000,0.00000,0.00000,0.00000,0.99996,0.99996,0.00000,0.00000,0.00000,0.87158,0.87158,0.00000,0.00000,0.00000,0.45000,0.45000,0.01472,0.00000
sim1_base,12,6.00000,3.00000,1.00000,0.00000,0.00000,0.00000,1.00000,1.00000,0.00000,0.00000,0.00000,0.99996,0.99996,0.00000,0.00000,0.00000,0.88346,0.88346,0.00000,0.00000,0.00000,0.66900,0.66900,0.01214,0.00000
sim1_base,12,6.00000,6.00000,1.00000,0.00000,0.00000,0.00000,1.00000,1.00000,0.00000,0.00000,0.00000,0.99996,0.99996,0.00000,0.00000,0.00000,0.93425,0.93425,0.00000,0.00000,0.00000,1.34400,1.34400,0.01010,0.00000
sim1_base,12,6.00000,9.00000,1.00000,0.00000,0.00000,0.00000,1.00000,1.00000,0.00000,0.00000,0.00000,0.99996,0.99996,0.00000,0.00000,0.00000,0.96400,0.96400,0.00000,0.00000,0.00000,2.00700,2.00700,0.00941,0.00000
sim1_base,12,12.00000,1.00000,1.00000,0.00000,0.00000,0.00000,1.00000,1.00000,-0.00004,-0.00012,0.00000,0.99996,0.99992,-0.00658,-0.01167,-0.00254,0.90121,0.89463,0.01400,0.00700,0.02200,0.16600,0.18000,0.42690,0.00048
sim1_base,12,12.00000,2.00000,1.00000,0.00000,0.00000,0.00000,1.00000,1.00000,0.00000,0.00000,0.00000,0.99996,0.99996,-0.00667,-0.01133,-0.00275,0.89100,0.88433,0.02200,0.01000,0.03600,0.31400,0.33600,0.41869,0.00038
sim1_base,12,12.00000,3.00000,1.00000,0.00000,0.00000,0.00000,1.00000,1.00000,0.00000,0.00000,0.00000,0.99996,0.99996,-0.00637,-0.01146,-0.00254,0.90350,0.89712,0.03300,0.01500,0.05400,0.47100,0.50400,0.41845,0.00038
sim1_base,12,12.00000,6.00000,1.00000,0.00000,0.00000,0.00000,1.00000,1.00000,0.00000,0.00000,0.00000,0.99983,0.99983,0.00000,0.00000,0.00000,0.92333,0.92333,0.06600,0.03000,0.10800,0.94200,1.00800,0.40683,0.00038
sim1_base,12,12.00000,9.00000,1.00000,0.00000,0.00000,0.00000,1.00000,1.00000,0.00000,0.00000,0.00000,0.99987,0.99987,-0.00046,-0.00137,0.00000,0.96550,0.96504,0.09900,0.04500,0.15300,1.41300,1.51200,0.40045,0.00038
sim1_base,12,24.00000,1.00000,1.00000,0.00000,0.00000,0.00000,1.00000,1.00000,-0.00004,-0.00012,0.00000,0.99992,0.99987,-0.05175,-0.06450,-0.04050,0.92121,0.86946,0.08800,0.07000,0.10602,0.09700,0.18500,0.93431,0.00307
sim1_base,12,24.00000,2.00000,1.00000,0.00000,0.00000,0.00000,1.00000,1.00000,0.00000,0.00000,0.00000,0.99996,0.99996,-0.05212,-0.06417,-0.04037,0.91696,0.86483,0.16000,0.12600,0.19400,0.18800,0.34800,0.93145,0.00279
sim1_base,12,24.00000,3.00000,1.00000,0.00000,0.00000,0.00000,1.00000,1.00000,0.00000,0.00000,0.00000,0.99996,0.99996,-0.04896,-0.06126,-0.03804,0.92008,0.87113,0.24000,0.19200,0.29400,0.28200,0.52200,0.93510,0.00279
sim1_base,12,24.00000,6.00000,1.00000,0.00000,0.00000,0.00000,1.00000,1.00000,0.00000,0.00000,0.00000,0.99987,0.99987,-0.00213,-0.00504,0.00000,0.93954,0.93742,0.48000,0.37800,0.58815,0.56400,1.04400,0.93924,0.00279
sim1_base,12,24.00000,9.00000,1.00000,0.00000,0.00000,0.00000,1.00000,1.00000,0.00000,0.00000,0.00000,0.99996,0.99996,-0.00092,-0.00208,-0.00012,0.97842,0.97750,0.72000,0.57577,0.87322,0.84600,1.56600,0.94752,0.00279
sim1_pm,3,3.00000,1.00000,0.75000,0.00000,0.00000,0.00000,0.83900,0.83900,0.00000,0.00000,0.00000,0.09463,0.09463,0.00000,0.00000,0.00000,0.00017,0.00017,0.00000,0.00000,0.00000,13.82900,13.82900,0.00000,0.00000
sim1_pm,3,3.00000,2.00000,0.75000,0.00000,0.00000,0.00000,0.86442,0.86442,0.00000,0.00000,0.00000,0.10162,0.10162,0.00000,0.00000,0.00000,0.00000,0.00000,0.00000,0.00000,0.00000,24.36600,24.36600,0.00000,0.00000
sim1_pm,3,3.00000,3.00000,0.75000,0.00000,0.00000,0.00000,0.86296,0.86296,0.00000,0.00000,0.00000,0.10412,0.10412,0.00000,0.00000,0.00000,0.00000,0.00000,0.00000,0.00000,0.00000,35.09700,35.09700,0.00000,0.00000
sim1_pm,3,3.00000,6.00000,0.75000,0.00000,0.00000,0.00000,0.85938,0.85938,0.00000,0.00000,0.00000,0.07571,0.07571,0.00000,0.00000,0.00000,0.00000,0.00000,0.00000,0.00000,0.00000,72.39600,72.39600,0.00000,0.00000
sim1_pm,3,3.00000,9.00000,0.75000,0.00000,0.00000,0.00000,0.84788,0.84788,0.00000,0.00000,0.00000,0.05400,0.05400,0.00000,0.00000,0.00000,0.00000,0.00000,0.00000,0.00000,0.00000,112.69800,112.69800,0.00000,0.00000
sim1_pm,3,6.00000,1.00000,0.75000,0.00004,-0.00117,0.00121,0.83725,0.83729,0.00071,-0.00108,0.00250,0.09946,0.10017,0.00000,0.00000,0.00000,0.00000,0.00000,0.09300,0.05498,0.13500,10.09100,10.18400,0.01383,0.00252
sim1_pm,3,6.00000,2.00000,0.75000,-0.00079,-0.00187,0.00033,0.84621,0.84542,0.00050,-0.00075,0.00183,0.09763,0.09813,0.00004,0.00000,0.00013,0.00013,0.00017,0.06200,0.01400,0.11400,17.61000,17.67200,0.00876,0.00162
sim1_pm,3,6.00000,3.00000,0.75000,-0.00146,-0.00271,-0.00033,0.84800,0.84654,-0.00067,-0.00188,0.00058,0.09829,0.09763,0.00000,0.00000,0.00000,0.00000,0.00000,0.03300,-0.03900,0.09900,26.33100,26.36400,0.00700,0.00131
sim1_pm,3,6.00000,6.00000,0.75000,0.00058,0.00013,0.00113,0.84421,0.84479,0.00038,0.00008,0.00075,0.06592,0.06629,0.00000,0.00000,0.00000,0.00000,0.00000,0.07200,0.01800,0.13215,53.74200,53.81400,0.00397,0.00041
sim1_pm,3,6.00000,9.00000,0.75000,-0.00008,-0.00104,0.00071,0.84167,0.84158,0.00004,-0.00067,0.00067,0.06087,0.06092,0.00000,0.00000,0.00000,0.00004,0.00004,0.15300,0.04500,0.27000,80.55000,80.70300,0.00317,0.00076
sim1_pm,3,12.00000,1.00000,0.75000,0.00171,-0.00375,0.00679,0.81933,0.82104,0.00288,-0.00233,0.00817,0.09625,0.09913,-0.00017,-0.00067,0.00029,0.00050,0.00033,1.23400,1.09695,1.36203,6.74500,7.97900,0.29462,0.05372
sim1_pm,3,12.00000,2.00000,0.75000,0.00750,0.00229,0.01233,0.82242,0.82992,0.00446,-0.00121,0.00967,0.09350,0.09796,-0.00013,-0.00037,0.00008,0.00025,0.00013,1.64400,1.40600,1.89415,11.94800,13.59200,0.31352,0.04669
sim1_pm,3,12.00000,3.00000,0.75000,0.01417,0.00933,0.01925,0.81921,0.83337,0.00542,0.00008,0.01054,0.08754,0.09296,0.00008,-0.00008,0.00025,0.00013,0.00021,1.83000,1.50585,2.18430,17.37600,19.20600,0.30445,0.04469
sim1_pm,3,12.00000,6.00000,0.75000,0.00788,0.00350,0.01258,0.82888,0.83675,0.00450,-0.00050,0.00954,0.07404,0.07854,0.00000,0.00000,0.00000,0.00008,0.00008,2.23800,1.58970,2.94600,35.93400,38.17200,0.25741,0.03634
sim1_pm,3,12.00000,9.00000,0.75000,0.00346,-0.00117,0.00817,0.82592,0.82937,0.00017,-0.00413,0.00471,0.06679,0.06696,0.00000,0.00000,0.00000,0.00008,0.00008,4.95000,4.02300,5.87745,53.18100,58.13100,0.24938,0.03321
sim1_pm,3,24.00000,1.00000,0.75000,0.01908,0.01275,0.02617,0.78304,0.80212,0.02592,0.01854,0.03283,0.08637,0.11229,-0.00254,-0.00354,-0.00163,0.00283,0.00029,5.05200,4.80992,5.27305,3.59400,8.64600,0.77828,0.22707
sim1_pm,3,24.00000,2.00000,0.75000,0.03954,0.03287,0.04604,0.78825,0.82779,0.01075,0.00387,0.01738,0.08975,0.10050,-0.00188,-0.00275,-0.00100,0.00213,0.00025,7.23600,6.88395,7.63810,5.90800,13.14400,0.81548,0.17017
sim1_pm,3,24.00000,3.00000,0.75000,0.04588,0.03950,0.05237,0.78854,0.83442,-0.00046,-0.00725,0.00642,0.08779,0.08733,-0.00258,-0.00354,-0.00163,0.00258,0.00000,8.32500,7.79385,8.79600,8.87100,17.19600,0.80610,0.14441
sim1_pm,3,24.00000,6.00000,0.75000,0.04104,0.03479,0.04746,0.80096,0.84200,0.01171,0.00538,0.01754,0.06633,0.07804,-0.00179,-0.00275,-0.00092,0.00192,0.00013,11.04600,10.03800,12.01215,20.07600,31.12200,0.74655,0.12966
sim1_pm,3,24.00000,9.00000,0.75000,0.03508,0.02892,0.04200,0.80246,0.83754,-0.00346,-0.00900,0.00225,0.06642,0.06296,-0.00183,-0.00262,-0.00112,0.00192,0.00008,22.74300,21.28477,24.12923,27.55800,50.30100,0.77038,0.13638
sim1_pm,6,3.00000,1.00000,0.75000,0.00000,0.00000,0.00000,0.93825,0.93825,0.00000,0.00000,0.00000,0.55246,0.55246,0.00000,0.00000,0.00000,0.00146,0.00146,0.00000,0.00000,0.00000,6.58300,6.58300,0.00000,0.00000
sim1_pm,6,3.00000,2.00000,0.75000,0.00000,0.00000,0.00000,0.95592,0.95592,0.00000,0.00000,0.00000,0.56196,0.56196,0.00000,0.00000,0.00000,0.00146,0.00146,0.00000,0.00000,0.00000,10.55600,10.55600,0.00000,0.00000
sim1_pm,6,3.00000,3.00000,0.75000,0.00000,0.00000,0.00000,0.96058,0.96058,0.00000,0.00000,0.00000,0.56021,0.56021,0.00000,0.00000,0.00000,0.00112,0.00112,0.00000,0.00000,0.00000,14.42400,14.42400,0.00000,0.00000
sim1_pm,6,3.00000,6.00000,0.75000,0.00000,0.00000,0.00000,0.95871,0.95871,0.00000,0.00000,0.00000,0.55108,0.55108,0.00000,0.00000,0.00000,0.00033,0.00033,0.00000,0.00000,0.00000,28.25400,28.25400,0.00000,0.00000
sim1_pm,6,3.00000,9.00000,0.75000,0.00000,0.00000,0.00000,0.96121,0.96121,0.00000,0.00000,0.00000,0.54008,0.54008,0.00000,0.00000,0.00000,0.00042,0.00042,0.00000,0.00000,0.00000,43.78500,43.78500,0.00000,0.00000
sim1_pm,6,6.00000,1.00000,0.75000,-0.00008,-0.00092,0.00071,0.93529,0.93521,-0.00133,-0.00358,0.00075,0.53808,0.53675,-0.00008,-0.00025,0.00000,0.01887,0.01879,0.03700,0.02100,0.05400,3.43200,3.46900,0.04203,0.00128
sim1_pm,6,6.00000,2.00000,0.75000,-0.00025,-0.00075,0.00025,0.94429,0.94404,0.00042,-0.00137,0.00200,0.54792,0.54833,0.00025,0.00000,0.00071,0.00813,0.00838,0.05400,0.03200,0.08200,5.43600,5.49000,0.03383,0.00114
sim1_pm,6,6.00000,3.00000,0.75000,0.00029,-0.00037,0.00092,0.94575,0.94604,0.00025,-0.00162,0.00179,0.54967,0.54992,-0.00004,-0.00013,0.00000,0.00479,0.00475,0.06900,0.03300,0.11100,7.37100,7.44000,0.02907,0.00090
sim1_pm,6,6.00000,6.00000,0.75000,0.00058,0.00004,0.00117,0.94504,0.94563,-0.00050,-0.00238,0.00133,0.53796,0.53746,0.00000,0.00000,0.00000,0.00475,0.00475,0.13200,0.07200,0.19800,14.62200,14.75400,0.02517,0.00083
sim1_pm,6,6.00000,9.00000,0.75000,-0.00017,-0.00092,0.00054,0.94825,0.94808,-0.00083,-0.00217,0.00042,0.53612,0.53529,0.00000,0.00000,0.00000,0.00263,0.00263,0.15300,0.06300,0.26100,21.03300,21.18600,0.01821,0.00052
sim1_pm,6,12.00000,1.00000,0.75000,0.00233,-0.00046,0.00508,0.92075,0.92308,0.02962,0.02117,0.03758,0.47963,0.50925,-0.02142,-0.02701,-0.01604,0.07096,0.04954,0.22000,0.17800,0.26400,1.84300,2.06300,0.45721,0.01362
sim1_pm,6,12.00000,2.00000,0.75000,0.00450,0.00204,0.00712,0.92267,0.92717,0.01433,0.00804,0.02100,0.51450,0.52883,-0.01412,-0.01833,-0.00996,0.04054,0.02642,0.40000,0.33800,0.46005,2.83600,3.23600,0.52017,0.01090
sim1_pm,6,12.00000,3.00000,0.75000,0.00383,0.00121,0.00654,0.92654,0.93037,0.00379,-0.00283,0.00984,0.52775,0.53154,-0.00883,-0.01263,-0.00558,0.02858,0.01975,0.49200,0.40800,0.57600,4.00200,4.49400,0.53548,0.01003
sim1_pm,6,12.00000,6.00000,0.75000,0.00821,0.00575,0.01067,0.92654,0.93475,0.00646,-0.00050,0.01342,0.51992,0.52638,-0.01042,-0.01417,-0.00696,0.03017,0.01975,0.86400,0.70200,1.03215,7.99200,8.85600,0.50886,0.01024
sim1_pm,6,12.00000,9.00000,0.75000,0.00550,0.00342,0.00767,0.93379,0.93929,0.00679,0.00137,0.01267,0.51042,0.51721,-0.00975,-0.01354,-0.00650,0.02650,0.01675,0.99000,0.78300,1.20622,11.40300,12.39300,0.48945,0.00800
sim1_pm,6,24.00000,1.00000,0.75000,0.03533,0.03004,0.04100,0.88217,0.91750,0.15963,0.14512,0.17296,0.37288,0.53250,-0.17687,-0.18875,-0.16550,0.20300,0.02612,1.05400,0.99300,1.12100,0.60200,1.65600,0.94128,0.04562
sim1_pm,6,24.00000,2.00000,0.75000,0.03767,0.03221,0.04250,0.88808,0.92575,0.12238,0.10887,0.13567,0.41129,0.53367,-0.16642,-0.17809,-0.15450,0.18633,0.01992,1.65400,1.55595,1.75205,1.06000,2.71400,0.95693,0.03707
sim1_pm,6,24.00000,3.00000,0.75000,0.04429,0.03896,0.04909,0.89033,0.93463,0.09433,0.08170,0.10692,0.41333,0.50767,-0.16229,-0.17421,-0.15166,0.18192,0.01963,2.08200,1.96200,2.20800,1.55100,3.63300,0.95741,0.03255
sim1_pm,6,24.00000,6.00000,0.75000,0.05304,0.04812,0.05846,0.88929,0.94233,0.11425,0.10274,0.12642,0.40313,0.51738,-0.16358,-0.17496,-0.15233,0.18333,0.01975,3.59400,3.36000,3.83400,3.14400,6.73800,0.95438,0.03034
sim1_pm,6,24.00000,9.00000,0.75000,0.05133,0.04621,0.05679,0.89458,0.94592,0.11592,0.10462,0.12734,0.40525,0.52117,-0.16217,-0.17379,-0.15117,0.18192,0.01975,5.48100,5.16600,5.81400,4.64400,10.12500,0.95862,0.02979
sim1_pm,12,3.00000,1.00000,0.75000,0.00000,0.00000,0.00000,0.96800,0.96800,0.00000,0.00000,0.00000,0.80888,0.80888,0.00000,0.00000,0.00000,0.03108,0.03108,0.00000,0.00000,0.00000,3.53600,3.53600,0.00000,0.00000
sim1_pm,12,3.00000,2.00000,0.75000,0.00000,0.00000,0.00000,0.97537,0.97537,0.00000,0.00000,0.00000,0.80650,0.80650,0.00000,0.00000,0.00000,0.01433,0.01433,0.00000,0.00000,0.00000,6.14000,6.14000,0.00000,0.00000
sim1_pm,12,3.00000,3.00000,0.75000,0.00000,0.00000,0.00000,0.97971,0.97971,0.00000,0.00000,0.00000,0.80212,0.80212,0.00000,0.00000,0.00000,0.01454,0.01454,0.00000,0.00000,0.00000,7.98000,7.98000,0.00000,0.00000
sim1_pm,12,3.00000,6.00000,0.75000,0.00000,0.00000,0.00000,0.98137,0.98137,0.00000,0.00000,0.00000,0.80908,0.80908,0.00000,0.00000,0.00000,0.01729,0.01729,0.00000,0.00000,0.00000,14.28000,14.28000,0.00000,0.00000
sim1_pm,12,3.00000,9.00000,0.75000,0.00000,0.00000,0.00000,0.98196,0.98196,0.00000,0.00000,0.00000,0.80871,0.80871,0.00000,0.00000,0.00000,0.01446,0.01446,0.00000,0.00000,0.00000,19.97100,19.97100,0.00000,0.00000
sim1_pm,12,6.00000,1.00000,0.75000,-0.00008,-0.00037,0.00029,0.96225,0.96217,0.00013,-0.00067,0.00100,0.77092,0.77104,-0.00083,-0.00225,0.00000,0.26758,0.26675,0.00900,0.00200,0.01600,1.43700,1.44600,0.04155,0.00045
sim1_pm,12,6.00000,2.00000,0.75000,0.00029,-0.00004,0.00071,0.96642,0.96671,0.00054,-0.00054,0.00167,0.77825,0.77879,-0.00083,-0.00233,0.00008,0.18488,0.18404,0.02400,0.01200,0.03805,2.41200,2.43600,0.04155,0.00048
sim1_pm,12,6.00000,3.00000,0.75000,0.00017,-0.00017,0.00075,0.96846,0.96862,0.00038,-0.00033,0.00125,0.78675,0.78712,-0.00067,-0.00187,0.00008,0.14375,0.14308,0.03000,0.01200,0.05107,3.33000,3.36000,0.03428,0.00038
sim1_pm,12,6.00000,6.00000,0.75000,0.00029,-0.00004,0.00071,0.97037,0.97067,0.00083,-0.00021,0.00200,0.79254,0.79338,-0.00054,-0.00192,0.00050,0.13837,0.13783,0.05400,0.02400,0.09000,6.51600,6.57000,0.02741,0.00031
sim1_pm,12,6.00000,9.00000,0.75000,0.00042,0.00008,0.00092,0.97208,0.97250,-0.00008,-0.00100,0.00067,0.78875,0.78867,-0.00100,-0.00263,0.00000,0.12983,0.12883,0.04500,0.00900,0.09000,9.08100,9.12600,0.02255,0.00021
sim1_pm,12,12.00000,1.00000,0.75000,0.00137,0.00017,0.00262,0.95362,0.95500,0.01125,0.00804,0.01454,0.74613,0.75738,-0.05637,-0.06896,-0.04479,0.49875,0.44238,0.09200,0.07200,0.11300,0.58700,0.67900,0.46900,0.00379
sim1_pm,12,12.00000,2.00000,0.75000,0.00304,0.00192,0.00425,0.95621,0.95925,0.00646,0.00408,0.00892,0.76013,0.76658,-0.04417,-0.05513,-0.03350,0.39775,0.35358,0.15400,0.12200,0.19000,1.06600,1.22000,0.49052,0.00321
sim1_pm,12,12.00000,3.00000,0.75000,0.00267,0.00158,0.00392,0.95821,0.96088,0.00667,0.00392,0.00937,0.76779,0.77446,-0.04475,-0.05533,-0.03412,0.37192,0.32717,0.22500,0.17400,0.27300,1.58400,1.80900,0.49879,0.00324
sim1_pm,12,12.00000,6.00000,0.75000,0.00263,0.00146,0.00388,0.95850,0.96113,0.00521,0.00271,0.00796,0.76696,0.77217,-0.04475,-0.05508,-0.03475,0.36525,0.32050,0.42600,0.33600,0.52200,3.16200,3.58800,0.48721,0.00314
sim1_pm,12,12.00000,9.00000,0.75000,0.00271,0.00171,0.00379,0.96071,0.96342,0.00250,0.00000,0.00492,0.76150,0.76400,-0.04408,-0.05438,-0.03383,0.36804,0.32396,0.60300,0.47700,0.74700,4.61700,5.22000,0.45155,0.00297
sim1_pm,12,24.00000,1.00000,0.75000,0.01083,0.00821,0.01350,0.94679,0.95762,0.04558,0.03867,0.05200,0.72958,0.77517,-0.30558,-0.32843,-0.28270,0.64871,0.34313,0.45300,0.42100,0.48600,0.15300,0.60600,0.98817,0.01641
sim1_pm,12,24.00000,2.00000,0.75000,0.01192,0.00963,0.01446,0.94750,0.95942,0.04217,0.03633,0.04863,0.73375,0.77592,-0.29983,-0.32159,-0.27821,0.62238,0.32254,0.86200,0.80000,0.92005,0.29800,1.16000,0.98903,0.01572
sim1_pm,12,24.00000,3.00000,0.75000,0.01175,0.00912,0.01425,0.94879,0.96054,0.03412,0.02729,0.04013,0.73550,0.76963,-0.29850,-0.32263,-0.27691,0.61971,0.32121,1.28100,1.18800,1.37700,0.43500,1.71600,0.98952,0.01559
sim1_pm,12,24.00000,6.00000,0.75000,0.01542,0.01304,0.01813,0.94833,0.96375,0.02950,0.02350,0.03571,0.73225,0.76175,-0.29771,-0.32083,-0.27687,0.61996,0.32225,2.51400,2.34000,2.70015,0.87600,3.39000,0.98838,0.01531
sim1_pm,12,24.00000,9.00000,0.75000,0.01621,0.01383,0.01875,0.94917,0.96537,0.03129,0.02475,0.03808,0.73121,0.76250,-0.29662,-0.31671,-0.27396,0.62096,0.32433,3.78000,3.50077,4.03200,1.30500,5.08500,0.98766,0.01534
sim1_pm,3,3.00000,1.00000,1.00000,0.00000,0.00000,0.00000,0.99992,0.99992,0.00000,0.00000,0.00000,0.99913,0.99913,0.00000,0.00000,0.00000,0.41775,0.41775,0.00000,0.00000,0.00000,3.19200,3.19200,0.00000,0.00000
sim1_pm,3,3.00000,2.00000,1.00000,0.00000,0.00000,0.00000,1.00000,1.00000,0.00000,0.00000,0.00000,0.99925,0.99925,0.00000,0.00000,0.00000,0.50829,0.50829,0.00000,0.00000,0.00000,5.70200,5.70200,0.00000,0.00000
sim1_pm,3,3.00000,3.00000,1.00000,0.00000,0.00000,0.00000,1.00000,1.00000,0.00000,0.00000,0.00000,0.99938,0.99938,0.00000,0.00000,0.00000,0.61400,0.61400,0.00000,0.00000,0.00000,7.92600,7.92600,0.00000,0.00000
sim1_pm,3,3.00000,6.00000,1.00000,0.00000,0.00000,0.00000,1.00000,1.00000,0.00000,0.00000,0.00000,0.99987,0.99987,0.00000,0.00000,0.00000,0.71029,0.71029,0.00000,0.00000,0.00000,16.87800,16.87800,0.00000,0.00000
sim1_pm,3,3.00000,9.00000,1.00000,0.00000,0.00000,0.00000,1.00000,1.00000,0.00000,0.00000,0.00000,0.99992,0.99992,0.00000,0.00000,0.00000,0.69058,0.69058,0.00000,0.00000,0.00000,26.48700,26.48700,0.00000,0.00000
sim1_pm,3,6.00000,1.00000,1.00000,0.00000,0.00000,0.00000,0.99992,0.99992,0.00000,0.00000,0.00000,0.99883,0.99883,-0.00013,-0.00038,0.00000,0.51579,0.51567,0.00200,0.00000,0.00500,2.46400,2.46600,0.03686,0.00007
sim1_pm,3,6.00000,2.00000,1.00000,0.00000,0.00000,0.00000,0.99996,0.99996,0.00000,0.00000,0.00000,0.99950,0.99950,0.00021,-0.00008,0.00071,0.56200,0.56221,0.00800,0.00000,0.02000,4.39600,4.40400,0.02341,0.00010
sim1_pm,3,6.00000,3.00000,1.00000,0.00000,0.00000,0.00000,1.00000,1.00000,0.00000,0.00000,0.00000,0.99954,0.99954,0.00013,-0.00125,0.00175,0.62379,0.62392,0.00600,0.00000,0.01500,6.51900,6.52500,0.01728,0.00010
sim1_pm,3,6.00000,6.00000,1.00000,0.00000,0.00000,0.00000,0.99996,0.99996,0.00000,0.00000,0.00000,0.99971,0.99971,0.00083,0.00000,0.00242,0.67179,0.67263,0.00600,0.00000,0.02400,13.36200,13.36800,0.01293,0.00007
sim1_pm,3,6.00000,9.00000,1.00000,0.00000,0.00000,0.00000,1.00000,1.00000,0.00000,0.00000,0.00000,0.99971,0.99971,0.00013,0.00000,0.00033,0.65929,0.65942,0.01800,0.00000,0.04500,20.16000,20.17800,0.00910,0.00007
sim1_pm,3,12.00000,1.00000,1.00000,0.00000,0.00000,0.00000,0.99983,0.99983,0.00000,-0.00021,0.00021,0.99879,0.99879,-0.05767,-0.07075,-0.04446,0.59662,0.53896,0.18300,0.15100,0.21602,1.95100,2.13400,0.32510,0.00841
sim1_pm,3,12.00000,2.00000,1.00000,0.00000,0.00000,0.00000,0.99996,0.99996,-0.00008,-0.00025,0.00008,0.99946,0.99938,-0.04450,-0.05712,-0.03137,0.56763,0.52312,0.29800,0.24400,0.35200,3.50400,3.80200,0.33683,0.00755
sim1_pm,3,12.00000,3.00000,1.00000,0.00000,0.00000,0.00000,0.99996,0.99996,-0.00008,-0.00029,0.00008,0.99917,0.99908,-0.03367,-0.04638,-0.02125,0.59121,0.55754,0.41100,0.34492,0.48900,5.18100,5.59200,0.34017,0.00800
sim1_pm,3,12.00000,6.00000,1.00000,0.00000,0.00000,0.00000,0.99996,0.99996,0.00012,0.00000,0.00029,0.99908,0.99921,0.01671,0.00666,0.02658,0.59608,0.61279,0.85200,0.68400,1.00800,10.81200,11.66400,0.30648,0.00752
sim1_pm,3,12.00000,9.00000,1.00000,0.00000,0.00000,0.00000,1.00000,1.00000,0.00008,0.00000,0.00021,0.99938,0.99946,-0.00454,-0.01421,0.00538,0.64808,0.64354,1.08000,0.83700,1.30500,16.20000,17.28000,0.25945,0.00697
sim1_pm,3,24.00000,1.00000,1.00000,0.00004,-0.00008,0.00021,0.99992,0.99996,0.00042,-0.00008,0.00096,0.99862,0.99904,-0.35850,-0.38279,-0.33367,0.73075,0.37225,1.22900,1.16797,1.29102,0.90700,2.13600,0.78486,0.05045
sim1_pm,3,24.00000,2.00000,1.00000,0.00004,0.00000,0.00013,0.99996,1.00000,-0.00004,-0.00050,0.00042,0.99938,0.99933,-0.33208,-0.35709,-0.30525,0.71175,0.37967,2.17600,2.06400,2.27605,1.65200,3.82800,0.81014,0.04628
sim1_pm,3,24.00000,3.00000,1.00000,-0.00004,-0.00012,0.00000,1.00000,0.99996,-0.00029,-0.00079,0.00025,0.99929,0.99900,-0.31400,-0.34064,-0.28675,0.72621,0.41221,3.09300,2.94000,3.24900,2.50200,5.59500,0.81648,0.04452
sim1_pm,3,24.00000,6.00000,1.00000,0.00004,0.00000,0.00012,0.99996,1.00000,0.00096,0.00058,0.00142,0.99879,0.99975,-0.06358,-0.08659,-0.04075,0.72625,0.66267,6.22800,5.92800,6.55200,5.17800,11.40600,0.77376,0.04483
sim1_pm,3,24.00000,9.00000,1.00000,0.00004,0.00000,0.00012,0.99996,1.00000,0.00046,0.00012,0.00079,0.99938,0.99983,-0.10667,-0.12850,-0.08508,0.80504,0.69837,9.76500,9.30600,10.24200,7.49700,17.26200,0.80166,0.04597
sim1_pm,6,3.00000,1.00000,1.00000,0.00000,0.00000,0.00000,1.00000,1.00000,0.00000,0.00000,0.00000,0.99983,0.99983,0.00000,0.00000,0.00000,0.55254,0.55254,0.00000,0.00000,0.00000,1.54300,1.54300,0.00000,0.00000
sim1_pm,6,3.00000,2.00000,1.00000,0.00000,0.00000,0.00000,1.00000,1.00000,0.00000,0.00000,0.00000,0.99975,0.99975,0.00000,0.00000,0.00000,0.61187,0.61187,0.00000,0.00000,0.00000,2.83000,2.83000,0.00000,0.00000
sim1_pm,6,3.00000,3.00000,1.00000,0.00000,0.00000,0.00000,1.00000,1.00000,0.00000,0.00000,0.00000,0.99992,0.99992,0.00000,0.00000,0.00000,0.70771,0.70771,0.00000,0.00000,0.00000,4.00800,4.00800,0.00000,0.00000
sim1_pm,6,3.00000,6.00000,1.00000,0.00000,0.00000,0.00000,1.00000,1.00000,0.00000,0.00000,0.00000,0.99996,0.99996,0.00000,0.00000,0.00000,0.91242,0.91242,0.00000,0.00000,0.00000,8.09400,8.09400,0.00000,0.00000
sim1_pm,6,3.00000,9.00000,1.00000,0.00000,0.00000,0.00000,1.00000,1.00000,0.00000,0.00000,0.00000,0.99996,0.99996,0.00000,0.00000,0.00000,0.90246,0.90246,0.00000,0.00000,0.00000,13.02300,13.02300,0.00000,0.00000
sim1_pm,6,6.00000,1.00000,1.00000,0.00000,0.00000,0.00000,1.00000,1.00000,0.00000,0.00000,0.00000,0.99983,0.99983,0.00000,0.00000,0.00000,0.63938,0.63938,0.00100,0.00000,0.00300,1.22300,1.22400,0.04459,0.00003
sim1_pm,6,6.00000,2.00000,1.00000,0.00000,0.00000,0.00000,1.00000,1.00000,0.00000,0.00000,0.00000,0.99987,0.99987,0.00000,0.00000,0.00000,0.64912,0.64912,0.00200,0.00000,0.00600,2.16800,2.17000,0.02993,0.00003
sim1_pm,6,6.00000,3.00000,1.00000,0.00000,0.00000,0.00000,1.00000,1.00000,0.00000,0.00000,0.00000,0.99987,0.99987,0.00000,0.00000,0.00000,0.70783,0.70783,0.00300,0.00000,0.01200,3.14100,3.14400,0.02148,0.00003
sim1_pm,6,6.00000,6.00000,1.00000,0.00000,0.00000,0.00000,1.00000,1.00000,0.00000,0.00000,0.00000,0.99992,0.99992,0.00000,0.00000,0.00000,0.81446,0.81446,0.00600,0.00000,0.01800,6.36000,6.36600,0.01672,0.00003
sim1_pm,6,6.00000,9.00000,1.00000,0.00000,0.00000,0.00000,1.00000,1.00000,0.00000,0.00000,0.00000,0.99987,0.99987,0.00000,0.00000,0.00000,0.85437,0.85437,0.00900,0.00000,0.02700,9.84600,9.85500,0.00897,0.00003
sim1_pm,6,12.00000,1.00000,1.00000,0.00000,0.00000,0.00000,1.00000,1.00000,0.00000,-0.00012,0.00012,0.99979,0.99979,-0.04358,-0.05463,-0.03313,0.69437,0.65079,0.09800,0.07800,0.11900,0.93600,1.03400,0.41014,0.00410
sim1_pm,6,12.00000,2.00000,1.00000,0.00000,0.00000,0.00000,1.00000,1.00000,0.00004,0.00000,0.00012,0.99971,0.99975,-0.03633,-0.04642,-0.02671,0.67696,0.64062,0.15400,0.12200,0.19000,1.72200,1.87600,0.39855,0.00362
sim1_pm,6,12.00000,3.00000,1.00000,0.00000,0.00000,0.00000,1.00000,1.00000,0.00000,-0.00012,0.00012,0.99987,0.99987,-0.03929,-0.05017,-0.02933,0.71321,0.67392,0.22500,0.17400,0.27300,2.50500,2.73000,0.38831,0.00355
sim1_pm,6,12.00000,6.00000,1.00000,0.00000,0.00000,0.00000,1.00000,1.00000,0.00004,0.00000,0.00012,0.99987,0.99992,-0.00046,-0.00796,0.00729,0.72550,0.72504,0.43200,0.33000,0.54000,5.19000,5.62200,0.33714,0.00359
sim1_pm,6,12.00000,9.00000,1.00000,0.00000,0.00000,0.00000,1.00000,1.00000,0.00004,0.00000,0.00012,0.99979,0.99983,-0.00208,-0.00654,0.00200,0.84783,0.84575,0.67500,0.52200,0.83700,7.51500,8.19000,0.27828,0.00355
sim1_pm,6,24.00000,1.00000,1.00000,0.00000,0.00000,0.00000,1.00000,1.00000,-0.00008,-0.00033,0.00012,0.99983,0.99975,-0.37608,-0.39976,-0.35195,0.86838,0.49229,0.73800,0.70000,0.77500,0.30000,1.03800,0.85003,0.02748
sim1_pm,6,24.00000,2.00000,1.00000,0.00004,0.00000,0.00017,0.99996,1.00000,-0.00004,-0.00025,0.00017,0.99979,0.99975,-0.36854,-0.39285,-0.34517,0.85750,0.48896,1.34600,1.27800,1.41800,0.59600,1.94200,0.85800,0.02576
sim1_pm,6,24.00000,3.00000,1.00000,0.00000,0.00000,0.00000,1.00000,1.00000,0.00004,-0.00008,0.00017,0.99987,0.99992,-0.35954,-0.38583,-0.33229,0.86254,0.50300,1.94700,1.85100,2.04900,0.87900,2.82600,0.86310,0.02524
sim1_pm,6,24.00000,6.00000,1.00000,0.00000,0.00000,0.00000,1.00000,1.00000,0.00012,0.00000,0.00029,0.99983,0.99996,-0.02463,-0.04213,-0.00641,0.84496,0.82033,3.83400,3.64185,4.03200,1.75200,5.58600,0.83097,0.02479
sim1_pm,6,24.00000,9.00000,1.00000,0.00000,0.00000,0.00000,1.00000,1.00000,0.00012,0.00000,0.00029,0.99979,0.99992,-0.02279,-0.03338,-0.01208,0.93008,0.90729,5.94000,5.64300,6.21900,2.59200,8.53200,0.85293,0.02524
sim1_pm,12,3.00000,1.00000,1.00000,0.00000,0.00000,0.00000,1.00000,1.00000,0.00000,0.00000,0.00000,0.99992,0.99992,0.00000,0.00000,0.00000,0.66075,0.66075,0.00000,0.00000,0.00000,0.85200,0.85200,0.00000,0.00000
sim1_pm,12,3.00000,2.00000,1.00000,0.00000,0.00000,0.00000,1.00000,1.00000,0.00000,0.00000,0.00000,0.99996,0.99996,0.00000,0.00000,0.00000,0.65738,0.65738,0.00000,0.00000,0.00000,1.55400,1.55400,0.00000,0.00000
sim1_pm,12,3.00000,3.00000,1.00000,0.00000,0.00000,0.00000,1.00000,1.00000,0.00000,0.00000,0.00000,0.99992,0.99992,0.00000,0.00000,0.00000,0.73321,0.73321,0.00000,0.00000,0.00000,2.27400,2.27400,0.00000,0.00000
sim1_pm,12,3.00000,6.00000,1.00000,0.00000,0.00000,0.00000,1.00000,1.00000,0.00000,0.00000,0.00000,0.99992,0.99992,0.00000,0.00000,0.00000,0.93037,0.93037,0.00000,0.00000,0.00000,4.45800,4.45800,0.00000,0.00000
sim1_pm,12,3.00000,9.00000,1.00000,0.00000,0.00000,0.00000,1.00000,1.00000,0.00000,0.00000,0.00000,0.99996,0.99996,0.00000,0.00000,0.00000,0.94917,0.94917,0.00000,0.00000,0.00000,6.77700,6.77700,0.00000,0.00000
sim1_pm,12,6.00000,1.00000,1.00000,0.00000,0.00000,0.00000,1.00000,1.00000,0.00000,0.00000,0.00000,0.99996,0.99996,0.00000,0.00000,0.00000,0.75554,0.75554,0.00000,0.00000,0.00000,0.61000,0.61000,0.02769,0.00000
sim1_pm,12,6.00000,2.00000,1.00000,0.00000,0.00000,0.00000,1.00000,1.00000,0.00000,0.00000,0.00000,0.99987,0.99987,0.00000,0.00000,0.00000,0.73008,0.73008,0.00000,0.00000,0.00000,1.16000,1.16000,0.02107,0.00000
sim1_pm,12,6.00000,3.00000,1.00000,0.00000,0.00000,0.00000,1.00000,1.00000,0.00000,0.00000,0.00000,0.99992,0.99992,0.00000,0.00000,0.00000,0.77567,0.77567,0.00000,0.00000,0.00000,1.70400,1.70400,0.01421,0.00000
sim1_pm,12,6.00000,6.00000,1.00000,0.00000,0.00000,0.00000,1.00000,1.00000,0.00000,0.00000,0.00000,0.99983,0.99983,0.00000,0.00000,0.00000,0.85708,0.85708,0.00000,0.00000,0.00000,3.38400,3.38400,0.01100,0.00000
sim1_pm,12,6.00000,9.00000,1.00000,0.00000,0.00000,0.00000,1.00000,1.00000,0.00000,0.00000,0.00000,0.99992,0.99992,0.00000,0.00000,0.00000,0.91212,0.91212,0.00000,0.00000,0.00000,5.06700,5.06700,0.00734,0.00000
sim1_pm,12,12.00000,1.00000,1.00000,0.00000,0.00000,0.00000,1.00000,1.00000,-0.00008,-0.00025,0.00000,0.99996,0.99987,-0.02654,-0.03530,-0.01904,0.82721,0.80067,0.05100,0.03800,0.06500,0.44900,0.50000,0.42538,0.00186
sim1_pm,12,12.00000,2.00000,1.00000,0.00000,0.00000,0.00000,1.00000,1.00000,-0.00004,-0.00012,0.00000,0.99992,0.99987,-0.02775,-0.03658,-0.01917,0.78146,0.75371,0.09600,0.07000,0.12200,0.86800,0.96400,0.41997,0.00179
sim1_pm,12,12.00000,3.00000,1.00000,0.00000,0.00000,0.00000,1.00000,1.00000,-0.00008,-0.00025,0.00000,0.99992,0.99983,-0.02246,-0.02979,-0.01517,0.79296,0.77050,0.14100,0.10200,0.18000,1.29000,1.43100,0.41055,0.00176
sim1_pm,12,12.00000,6.00000,1.00000,0.00000,0.00000,0.00000,1.00000,1.00000,0.00000,0.00000,0.00000,0.99979,0.99979,-0.00075,-0.00371,0.00175,0.80479,0.80404,0.27600,0.20400,0.35400,2.58600,2.86200,0.37203,0.00172
sim1_pm,12,12.00000,9.00000,1.00000,0.00000,0.00000,0.00000,1.00000,1.00000,0.00000,0.00000,0.00000,0.99996,0.99996,-0.00042,-0.00121,0.00000,0.92654,0.92612,0.41400,0.29700,0.53100,3.86100,4.27500,0.34062,0.00172
sim1_pm,12,24.00000,1.00000,1.00000,0.00000,0.00000,0.00000,1.00000,1.00000,-0.00013,-0.00038,0.00004,0.99992,0.99979,-0.24700,-0.26792,-0.22562,0.92371,0.67671,0.41700,0.38600,0.44700,0.12500,0.54200,0.93034,0.01462
sim1_pm,12,24.00000,2.00000,1.00000,0.00000,0.00000,0.00000,1.00000,1.00000,-0.00008,-0.00025,0.00008,0.99992,0.99983,-0.25983,-0.28188,-0.23899,0.91167,0.65183,0.81200,0.75400,0.87200,0.24600,1.05800,0.93572,0.01424
sim1_pm,12,24.00000,3.00000,1.00000,0.00000,0.00000,0.00000,1.00000,1.00000,-0.00021,-0.00046,0.00000,0.99992,0.99971,-0.25046,-0.27388,-0.22804,0.91079,0.66033,1.21200,1.12200,1.29300,0.36900,1.58100,0.93659,0.01417
sim1_pm,12,24.00000,6.00000,1.00000,0.00000,0.00000,0.00000,0.99996,0.99996,0.00008,0.00000,0.00021,0.99979,0.99987,-0.01258,-0.02142,-0.00445,0.90817,0.89558,2.42400,2.23200,2.60400,0.73800,3.16200,0.91938,0.01417
sim1_pm,12,24.00000,9.00000,1.00000,0.00000,0.00000,0.00000,1.00000,1.00000,0.00004,0.00000,0.00012,0.99992,0.99996,-0.00671,-0.01034,-0.00321,0.97042,0.96371,3.63600,3.36600,3.90600,1.10700,4.74300,0.92793,0.01417
sim1_pm_post_always,3,3.00000,1.00000,0.75000,0.00000,0.00000,0.00000,0.84204,0.84204,0.00000,0.00000,0.00000,0.09654,0.09654,0.00000,0.00000,0.00000,0.00017,0.00017,0.00000,0.00000,0.00000,13.85300,13.85300,0.00000,0.00000
sim1_pm_post_always,3,3.00000,2.00000,0.75000,0.00000,0.00000,0.00000,0.86408,0.86408,0.00000,0.00000,0.00000,0.10121,0.10121,0.00000,0.00000,0.00000,0.00000,0.00000,0.00000,0.00000,0.00000,24.55000,24.55000,0.00000,0.00000
sim1_pm_post_always,3,3.00000,3.00000,0.75000,0.00000,0.00000,0.00000,0.86475,0.86475,0.00000,0.00000,0.00000,0.10063,0.10063,0.00000,0.00000,0.00000,0.00000,0.00000,0.00000,0.00000,0.00000,35.53800,35.53800,0.00000,0.00000
sim1_pm_post_always,3,3.00000,6.00000,0.75000,0.00000,0.00000,0.00000,0.85938,0.85938,0.00000,0.00000,0.00000,0.06900,0.06900,0.00000,0.00000,0.00000,0.00000,0.00000,0.00000,0.00000,0.00000,74.36400,74.36400,0.00000,0.00000
sim1_pm_post_always,3,3.00000,9.00000,0.75000,0.00000,0.00000,0.00000,0.85021,0.85021,0.00000,0.00000,0.00000,0.05717,0.05717,0.00000,0.00000,0.00000,0.00000,0.00000,0.00000,0.00000,0.00000,114.55200,114.55200,0.00000,0.00000
sim1_pm_post_always,3,6.00000,1.00000,0.75000,0.00050,-0.00063,0.00162,0.83650,0.83700,0.00029,-0.00133,0.00200,0.09796,0.09825,0.00000,0.00000,0.00000,0.00017,0.00017,0.06600,0.03498,0.10002,10.19000,10.25600,0.01217,0.00217
sim1_pm_post_always,3,6.00000,2.00000,0.75000,-0.00058,-0.00146,0.00025,0.84446,0.84388,0.00100,-0.00038,0.00238,0.10187,0.10287,0.00000,0.00000,0.00000,0.00013,0.00013,0.04400,0.00000,0.08800,18.00600,18.05000,0.00797,0.00134
sim1_pm_post_always,3,6.00000,3.00000,0.75000,0.00025,-0.00058,0.00112,0.84808,0.84833,-0.00021,-0.00125,0.00079,0.09367,0.09346,0.00000,0.00000,0.00000,0.00000,0.00000,0.04200,-0.03000,0.11100,26.48400,26.52600,0.00603,0.00124
sim1_pm_post_always,3,6.00000,6.00000,0.75000,-0.00067,-0.00154,0.00012,0.84367,0.84300,0.00004,-0.00092,0.00104,0.07096,0.07100,0.00000,0.00000,0.00000,0.00000,0.00000,0.07800,-0.03000,0.18600,54.70200,54.78000,0.00445,0.00072
sim1_pm_post_always,3,6.00000,9.00000,0.75000,0.00079,0.00021,0.00154,0.84258,0.84337,0.00013,-0.00021,0.00050,0.06187,0.06200,0.00000,0.00000,0.00000,0.00004,0.00004,0.09900,0.01800,0.19800,83.68200,83.78100,0.00279,0.00038
sim1_pm_post_always,3,12.00000,1.00000,0.75000,-0.00133,-0.00650,0.00379,0.81650,0.81517,0.00617,0.00096,0.01204,0.09600,0.10217,0.00008,-0.00017,0.00038,0.00029,0.00037,1.05500,0.90792,1.18505,6.84300,7.89800,0.29617,0.05483
sim1_pm_post_always,3,12.00000,2.00000,0.75000,0.00746,0.00225,0.01263,0.82658,0.83404,0.00929,0.00350,0.01496,0.09733,0.10662,0.00004,-0.00008,0.00017,0.00013,0.00017,1.57600,1.32395,1.81800,11.96400,13.54000,0.31421,0.04886
sim1_pm_post_always,3,12.00000,3.00000,0.75000,0.01125,0.00612,0.01642,0.82004,0.83129,0.00150,-0.00429,0.00687,0.08717,0.08867,0.00013,-0.00004,0.00033,0.00013,0.00025,1.90500,1.57793,2.25907,17.74500,19.65000,0.30693,0.04576
sim1_pm_post_always,3,12.00000,6.00000,0.75000,0.00538,0.00066,0.01000,0.82671,0.83208,0.00146,-0.00346,0.00671,0.07475,0.07621,0.00004,0.00000,0.00013,0.00008,0.00013,2.38200,1.66785,3.12615,36.70200,39.08400,0.26369,0.03910
sim1_pm_post_always,3,12.00000,9.00000,0.75000,0.00775,0.00308,0.01204,0.82508,0.83283,-0.00088,-0.00471,0.00354,0.06417,0.06329,0.00000,0.00000,0.00000,0.00004,0.00004,4.74300,3.72578,5.84145,54.24300,58.98600,0.24541,0.03431
sim1_pm_post_always,3,24.00000,1.00000,0.75000,0.02071,0.01433,0.02737,0.78196,0.80267,0.03508,0.02779,0.04258,0.08313,0.11821,-0.00304,-0.00417,-0.00192,0.00346,0.00042,5.18800,4.95095,5.43502,3.61900,8.80700,0.78272,0.23338
sim1_pm_post_always,3,24.00000,2.00000,0.75000,0.04304,0.03658,0.04921,0.78504,0.82808,0.00792,0.00058,0.01542,0.09342,0.10133,-0.00204,-0.00300,-0.00117,0.00233,0.00029,7.46200,7.09795,7.86405,5.89600,13.35800,0.82059,0.17324
sim1_pm_post_always,3,24.00000,3.00000,0.75000,0.05083,0.04446,0.05729,0.78558,0.83642,0.00312,-0.00346,0.00971,0.08825,0.09137,-0.00208,-0.00296,-0.00133,0.00221,0.00013,8.67600,8.13900,9.24330,8.66700,17.34300,0.81272,0.14800
sim1_pm_post_always,3,24.00000,6.00000,0.75000,0.04367,0.03687,0.05033,0.80117,0.84483,0.01700,0.01041,0.02313,0.06504,0.08204,-0.00158,-0.00237,-0.00087,0.00162,0.00004,11.16600,10.12185,12.22815,19.95600,31.12200,0.74514,0.13086
sim1_pm_post_always,3,24.00000,9.00000,0.75000,0.03821,0.03221,0.04438,0.80404,0.84225,0.00225,-0.00367,0.00758,0.06700,0.06925,-0.00142,-0.00221,-0.00079,0.00154,0.00013,21.60900,20.20477,23.09468,28.11600,49.72500,0.76976,0.13514
sim1_pm_post_always,6,3.00000,1.00000,0.75000,0.00000,0.00000,0.00000,0.93704,0.93704,0.00000,0.00000,0.00000,0.55600,0.55600,0.00000,0.00000,0.00000,0.00162,0.00162,0.00000,0.00000,0.00000,6.71100,6.71100,0.00000,0.00000
sim1_pm_post_always,6,3.00000,2.00000,0.75000,0.00000,0.00000,0.00000,0.95521,0.95521,0.00000,0.00000,0.00000,0.56283,0.56283,0.00000,0.00000,0.00000,0.00142,0.00142,0.00000,0.00000,0.00000,10.74800,10.74800,0.00000,0.00000
sim1_pm_post_always,6,3.00000,3.00000,0.75000,0.00000,0.00000,0.00000,0.96183,0.96183,0.00000,0.00000,0.00000,0.56325,0.56325,0.00000,0.00000,0.00000,0.00075,0.00075,0.00000,0.00000,0.00000,14.33400,14.33400,0.00000,0.00000
sim1_pm_post_always,6,3.00000,6.00000,0.75000,0.00000,0.00000,0.00000,0.96058,0.96058,0.00000,0.00000,0.00000,0.54963,0.54963,0.00000,0.00000,0.00000,0.00037,0.00037,0.00000,0.00000,0.00000,28.59600,28.59600,0.00000,0.00000
sim1_pm_post_always,6,3.00000,9.00000,0.75000,0.00000,0.00000,0.00000,0.96025,0.96025,0.00000,0.00000,0.00000,0.53871,0.53871,0.00000,0.00000,0.00000,0.00063,0.00063,0.00000,0.00000,0.00000,44.18100,44.18100,0.00000,0.00000
sim1_pm_post_always,6,6.00000,1.00000,0.75000,0.00008,-0.00092,0.00108,0.93567,0.93575,-0.00146,-0.00404,0.00133,0.54150,0.54004,0.00004,-0.00008,0.00017,0.01758,0.01762,0.03000,0.01500,0.04600,3.50000,3.53000,0.04221,0.00155
sim1_pm_post_always,6,6.00000,2.00000,0.75000,-0.00033,-0.00108,0.00033,0.94383,0.94350,0.00112,-0.00075,0.00325,0.54271,0.54383,0.00017,-0.00021,0.00063,0.00842,0.00858,0.05800,0.03400,0.08405,5.52200,5.58000,0.03262,0.00128
sim1_pm_post_always,6,6.00000,3.00000,0.75000,0.00042,-0.00013,0.00096,0.94646,0.94688,0.00000,-0.00204,0.00208,0.54975,0.54975,-0.00008,-0.00025,0.00000,0.00508,0.00500,0.06600,0.03300,0.10500,7.43700,7.50300,0.02910,0.00090
sim1_pm_post_always,6,6.00000,6.00000,0.75000,0.00058,-0.00000,0.00121,0.94633,0.94692,-0.00013,-0.00171,0.00146,0.53779,0.53767,0.00000,0.00000,0.00000,0.00350,0.00350,0.13200,0.07200,0.19800,14.85600,14.98800,0.02400,0.00090
sim1_pm_post_always,6,6.00000,9.00000,0.75000,-0.00021,-0.00092,0.00042,0.94858,0.94837,-0.00029,-0.00150,0.00083,0.53221,0.53192,0.00000,0.00000,0.00000,0.00250,0.00250,0.16200,0.07200,0.27000,21.60900,21.77100,0.01797,0.00059
sim1_pm_post_always,6,12.00000,1.00000,0.75000,0.00362,0.00075,0.00688,0.91742,0.92104,0.02654,0.01908,0.03475,0.47804,0.50458,-0.02079,-0.02617,-0.01571,0.06308,0.04229,0.23000,0.18500,0.27400,1.86100,2.09100,0.46131,0.01417
sim1_pm_post_always,6,12.00000,2.00000,0.75000,0.00425,0.00175,0.00683,0.92000,0.92425,0.01471,0.00850,0.02142,0.51438,0.52908,-0.01362,-0.01808,-0.00925,0.03558,0.02196,0.37800,0.30800,0.44600,2.88800,3.26600,0.52269,0.01117
sim1_pm_post_always,6,12.00000,3.00000,0.75000,0.00379,0.00150,0.00592,0.92583,0.92963,0.00288,-0.00342,0.00888,0.52992,0.53279,-0.00867,-0.01246,-0.00521,0.02404,0.01537,0.45600,0.37500,0.54600,4.12800,4.58400,0.53779,0.00966
sim1_pm_post_always,6,12.00000,6.00000,0.75000,0.00700,0.00462,0.00954,0.92800,0.93500,0.00321,-0.00275,0.00963,0.52667,0.52987,-0.00921,-0.01317,-0.00575,0.02496,0.01575,0.73800,0.57600,0.90600,8.34600,9.08400,0.51421,0.00969
sim1_pm_post_always,6,12.00000,9.00000,0.75000,0.00413,0.00221,0.00617,0.93704,0.94117,0.00833,0.00333,0.01383,0.51317,0.52150,-0.00850,-0.01225,-0.00512,0.02200,0.01350,1.04400,0.81000,1.26000,11.66400,12.70800,0.49003,0.00841
sim1_pm_post_always,6,24.00000,1.00000,0.75000,0.03375,0.02837,0.03917,0.88342,0.91717,0.15196,0.13767,0.16455,0.37767,0.52963,-0.18933,-0.20096,-0.17800,0.21196,0.02262,1.10600,1.04300,1.16900,0.57700,1.68300,0.94093,0.04786
sim1_pm_post_always,6,24.00000,2.00000,0.75000,0.03917,0.03404,0.04438,0.88787,0.92704,0.12879,0.11504,0.14255,0.41183,0.54063,-0.17742,-0.18958,-0.16650,0.19333,0.01592,1.70400,1.60600,1.80605,1.01800,2.72200,0.95490,0.03824
sim1_pm_post_always,6,24.00000,3.00000,0.75000,0.04371,0.03883,0.04912,0.89054,0.93425,0.10438,0.09146,0.11684,0.41337,0.51775,-0.17579,-0.18721,-0.16342,0.19133,0.01554,2.17500,2.05200,2.29807,1.52100,3.69600,0.95762,0.03407
sim1_pm_post_always,6,24.00000,6.00000,0.75000,0.05425,0.04892,0.05933,0.89096,0.94521,0.11433,0.10162,0.12651,0.40887,0.52321,-0.17608,-0.18900,-0.16383,0.19175,0.01567,3.74400,3.52200,3.96615,3.00000,6.74400,0.95524,0.03121
sim1_pm_post_always,6,24.00000,9.00000,0.75000,0.05183,0.04654,0.05746,0.89538,0.94721,0.11392,0.10208,0.12534,0.40696,0.52087,-0.17500,-0.18763,-0.16316,0.19087,0.01588,5.73300,5.40000,6.07522,4.50900,10.24200,0.95679,0.03107
sim1_pm_post_always,12,3.00000,1.00000,0.75000,0.00000,0.00000,0.00000,0.96746,0.96746,0.00000,0.00000,0.00000,0.80450,0.80450,0.00000,0.00000,0.00000,0.03621,0.03621,0.00000,0.00000,0.00000,3.58700,3.58700,0.00000,0.00000
sim1_pm_post_always,12,3.00000,2.00000,0.75000,0.00000,0.00000,0.00000,0.97467,0.97467,0.00000,0.00000,0.00000,0.80733,0.80733,0.00000,0.00000,0.00000,0.01746,0.01746,0.00000,0.00000,0.00000,6.09400,6.09400,0.00000,0.00000
sim1_pm_post_always,12,3.00000,3.00000,0.75000,0.00000,0.00000,0.00000,0.98029,0.98029,0.00000,0.00000,0.00000,0.80321,0.80321,0.00000,0.00000,0.00000,0.01508,0.01508,0.00000,0.00000,0.00000,8.14800,8.14800,0.00000,0.00000
sim1_pm_post_always,12,3.00000,6.00000,0.75000,0.00000,0.00000,0.00000,0.98100,0.98100,0.00000,0.00000,0.00000,0.81108,0.81108,0.00000,0.00000,0.00000,0.01912,0.01912,0.00000,0.00000,0.00000,14.33400,14.33400,0.00000,0.00000
sim1_pm_post_always,12,3.00000,9.00000,0.75000,0.00000,0.00000,0.00000,0.98342,0.98342,0.00000,0.00000,0.00000,0.80958,0.80958,0.00000,0.00000,0.00000,0.01396,0.01396,0.00000,0.00000,0.00000,20.26800,20.26800,0.00000,0.00000
sim1_pm_post_always,12,6.00000,1.00000,0.75000,0.00033,0.00004,0.00075,0.96079,0.96113,0.00133,0.00029,0.00258,0.77287,0.77421,-0.00083,-0.00226,0.00000,0.25979,0.25896,0.00800,0.00200,0.01500,1.42900,1.43700,0.04293,0.00038
sim1_pm_post_always,12,6.00000,2.00000,0.75000,0.00038,0.00004,0.00079,0.96462,0.96500,0.00079,-0.00021,0.00200,0.78033,0.78112,-0.00083,-0.00229,0.00008,0.17867,0.17783,0.02600,0.01400,0.04000,2.46800,2.49400,0.04114,0.00052
sim1_pm_post_always,12,6.00000,3.00000,0.75000,0.00033,-0.00004,0.00088,0.96833,0.96867,0.00042,-0.00012,0.00112,0.78838,0.78879,-0.00071,-0.00213,0.00000,0.13629,0.13558,0.02400,0.00900,0.04200,3.39300,3.41700,0.03434,0.00031
sim1_pm_post_always,12,6.00000,6.00000,0.75000,0.00008,-0.00029,0.00054,0.97113,0.97121,0.00071,-0.00042,0.00196,0.79775,0.79846,-0.00050,-0.00200,0.00054,0.13142,0.13092,0.06600,0.03000,0.10200,6.60000,6.66600,0.02831,0.00041
sim1_pm_post_always,12,6.00000,9.00000,0.75000,0.00046,0.00008,0.00092,0.97008,0.97054,0.00008,-0.00075,0.00088,0.78600,0.78608,-0.00100,-0.00263,0.00000,0.12375,0.12275,0.05400,0.01800,0.09900,9.21600,9.27000,0.02255,0.00028
sim1_pm_post_always,12,12.00000,1.00000,0.75000,0.00092,-0.00029,0.00204,0.95258,0.95350,0.00958,0.00671,0.01242,0.74762,0.75721,-0.06146,-0.07479,-0.04929,0.49579,0.43433,0.10200,0.08298,0.12200,0.59000,0.69200,0.46334,0.00403
sim1_pm_post_always,12,12.00000,2.00000,0.75000,0.00183,0.00083,0.00292,0.95692,0.95875,0.00537,0.00283,0.00771,0.76162,0.76700,-0.04862,-0.06017,-0.03803,0.39454,0.34592,0.16000,0.12795,0.19605,1.09200,1.25200,0.48352,0.00334
sim1_pm_post_always,12,12.00000,3.00000,0.75000,0.00200,0.00083,0.00308,0.95913,0.96113,0.00462,0.00254,0.00704,0.76775,0.77238,-0.04892,-0.05950,-0.03875,0.36712,0.31821,0.21600,0.17100,0.26107,1.59300,1.80900,0.49472,0.00314
sim1_pm_post_always,12,12.00000,6.00000,0.75000,0.00242,0.00113,0.00363,0.95837,0.96079,0.00342,0.00092,0.00575,0.76783,0.77125,-0.04712,-0.05826,-0.03616,0.35917,0.31204,0.46800,0.36600,0.57000,3.19200,3.66000,0.48114,0.00341
sim1_pm_post_always,12,12.00000,9.00000,0.75000,0.00208,0.00112,0.00308,0.96121,0.96329,0.00267,0.00012,0.00508,0.76325,0.76592,-0.04754,-0.05896,-0.03717,0.36142,0.31388,0.63000,0.49500,0.77400,4.68900,5.31900,0.44921,0.00307
sim1_pm_post_always,12,24.00000,1.00000,0.75000,0.01121,0.00858,0.01417,0.94637,0.95758,0.04567,0.03900,0.05284,0.72813,0.77379,-0.31354,-0.33688,-0.28871,0.65258,0.33904,0.46300,0.43000,0.49800,0.13600,0.59900,0.98934,0.01690
sim1_pm_post_always,12,24.00000,2.00000,0.75000,0.01292,0.01042,0.01558,0.94692,0.95983,0.04129,0.03525,0.04725,0.73325,0.77454,-0.30708,-0.32888,-0.28562,0.63333,0.32625,0.87000,0.80800,0.92800,0.27200,1.14200,0.99024,0.01600
sim1_pm_post_always,12,24.00000,3.00000,0.75000,0.01363,0.01092,0.01629,0.94763,0.96125,0.03558,0.02871,0.04229,0.73533,0.77092,-0.30621,-0.32921,-0.28408,0.63079,0.32458,1.30500,1.21792,1.39500,0.39600,1.70100,0.99055,0.01597
sim1_pm_post_always,12,24.00000,6.00000,0.75000,0.01563,0.01308,0.01821,0.94783,0.96346,0.02412,0.01887,0.03033,0.73400,0.75813,-0.30396,-0.32634,-0.28208,0.63138,0.32742,2.55600,2.37000,2.74200,0.79200,3.34800,0.99038,0.01566
sim1_pm_post_always,12,24.00000,9.00000,0.75000,0.01725,0.01479,0.01954,0.94888,0.96613,0.03021,0.02425,0.03642,0.73354,0.76375,-0.30396,-0.32547,-0.28162,0.63162,0.32767,3.84300,3.56378,4.11322,1.17000,5.01300,0.99038,0.01569
sim1_pm_post_always,3,3.00000,1.00000,1.00000,0.00000,0.00000,0.00000,0.99992,0.99992,0.00000,0.00000,0.00000,0.99925,0.99925,0.00000,0.00000,0.00000,0.41246,0.41246,0.00000,0.00000,0.00000,3.16400,3.16400,0.00000,0.00000
sim1_pm_post_always,3,3.00000,2.00000,1.00000,0.00000,0.00000,0.00000,0.99996,0.99996,0.00000,0.00000,0.00000,0.99925,0.99925,0.00000,0.00000,0.00000,0.50500,0.50500,0.00000,0.00000,0.00000,5.70000,5.70000,0.00000,0.00000
sim1_pm_post_always,3,3.00000,3.00000,1.00000,0.00000,0.00000,0.00000,0.99996,0.99996,0.00000,0.00000,0.00000,0.99929,0.99929,0.00000,0.00000,0.00000,0.60854,0.60854,0.00000,0.00000,0.00000,8.03100,8.03100,0.00000,0.00000
sim1_pm_post_always,3,3.00000,6.00000,1.00000,0.00000,0.00000,0.00000,1.00000,1.00000,0.00000,0.00000,0.00000,0.99987,0.99987,0.00000,0.00000,0.00000,0.72096,0.72096,0.00000,0.00000,0.00000,17.08200,17.08200,0.00000,0.00000
sim1_pm_post_always,3,3.00000,9.00000,1.00000,0.00000,0.00000,0.00000,0.99996,0.99996,0.00000,0.00000,0.00000,0.99987,0.99987,0.00000,0.00000,0.00000,0.68733,0.68733,0.00000,0.00000,0.00000,26.98200,26.98200,0.00000,0.00000
sim1_pm_post_always,3,6.00000,1.00000,1.00000,0.00000,0.00000,0.00000,1.00000,1.00000,0.00000,0.00000,0.00000,0.99896,0.99896,-0.00013,-0.00038,0.00000,0.51292,0.51279,0.00300,0.00000,0.00700,2.52100,2.52400,0.03800,0.00010
sim1_pm_post_always,3,6.00000,2.00000,1.00000,0.00000,0.00000,0.00000,0.99996,0.99996,0.00004,0.00000,0.00012,0.99938,0.99942,0.00038,0.00000,0.00096,0.57142,0.57179,0.01400,0.00400,0.02800,4.47600,4.49000,0.02455,0.00021
sim1_pm_post_always,3,6.00000,3.00000,1.00000,0.00000,0.00000,0.00000,1.00000,1.00000,0.00000,0.00000,0.00000,0.99950,0.99950,-0.00033,-0.00196,0.00138,0.62638,0.62604,0.00900,0.00000,0.02100,6.46800,6.47700,0.01748,0.00014
sim1_pm_post_always,3,6.00000,6.00000,1.00000,0.00000,0.00000,0.00000,0.99996,0.99996,0.00000,0.00000,0.00000,0.99967,0.99967,0.00079,0.00000,0.00237,0.66683,0.66763,0.00000,0.00000,0.00000,13.59000,13.59000,0.01307,0.00003
sim1_pm_post_always,3,6.00000,9.00000,1.00000,0.00000,0.00000,0.00000,1.00000,1.00000,0.00000,0.00000,0.00000,0.99967,0.99967,-0.00021,-0.00075,0.00012,0.65017,0.64996,0.01800,0.00000,0.04500,20.20500,20.22300,0.00938,0.00007
sim1_pm_post_always,3,12.00000,1.00000,1.00000,0.00000,0.00000,0.00000,0.99983,0.99983,0.00000,-0.00025,0.00029,0.99883,0.99883,-0.05996,-0.07409,-0.04725,0.59154,0.53158,0.17700,0.14697,0.20800,1.92600,2.10300,0.32500,0.00900
sim1_pm_post_always,3,12.00000,2.00000,1.00000,-0.00004,-0.00012,0.00000,0.99996,0.99992,-0.00008,-0.00025,0.00008,0.99954,0.99946,-0.03942,-0.05375,-0.02692,0.55854,0.51912,0.30800,0.25000,0.36205,3.50400,3.81200,0.34610,0.00834
sim1_pm_post_always,3,12.00000,3.00000,1.00000,0.00004,0.00000,0.00012,0.99992,0.99996,0.00004,-0.00017,0.00025,0.99921,0.99925,-0.02467,-0.03596,-0.01271,0.57246,0.54779,0.43500,0.36300,0.51000,5.21100,5.64600,0.34421,0.00845
sim1_pm_post_always,3,12.00000,6.00000,1.00000,0.00000,0.00000,0.00000,0.99996,0.99996,0.00012,-0.00004,0.00033,0.99904,0.99917,0.01258,0.00203,0.02279,0.59167,0.60425,0.87000,0.72000,1.02600,10.85400,11.72400,0.30176,0.00807
sim1_pm_post_always,3,12.00000,9.00000,1.00000,0.00000,0.00000,0.00000,1.00000,1.00000,0.00004,-0.00008,0.00017,0.99942,0.99946,-0.00492,-0.01559,0.00480,0.64042,0.63550,1.23300,1.00800,1.49422,16.25400,17.48700,0.25966,0.00766
sim1_pm_post_always,3,24.00000,1.00000,1.00000,0.00012,-0.00004,0.00033,0.99983,0.99996,0.00075,0.00025,0.00129,0.99871,0.99946,-0.36183,-0.38750,-0.33650,0.72475,0.36292,1.18700,1.12600,1.25100,0.91000,2.09700,0.78148,0.05128
sim1_pm_post_always,3,24.00000,2.00000,1.00000,0.00008,0.00000,0.00021,0.99992,1.00000,-0.00004,-0.00058,0.00046,0.99921,0.99917,-0.32942,-0.35754,-0.30491,0.70967,0.38025,2.19400,2.09200,2.30400,1.64600,3.84000,0.80817,0.04821
sim1_pm_post_always,3,24.00000,3.00000,1.00000,0.00008,-0.00008,0.00025,0.99987,0.99996,-0.00017,-0.00071,0.00033,0.99913,0.99896,-0.31721,-0.34296,-0.29099,0.71762,0.40042,3.05100,2.88900,3.21007,2.51400,5.56500,0.80986,0.04541
sim1_pm_post_always,3,24.00000,6.00000,1.00000,0.00017,0.00004,0.00033,0.99983,1.00000,0.00121,0.00071,0.00175,0.99829,0.99950,-0.04871,-0.07201,-0.02545,0.71883,0.67012,6.26400,5.94570,6.59415,5.20200,11.46600,0.76362,0.04659
sim1_pm_post_always,3,24.00000,9.00000,1.00000,0.00012,0.00000,0.00029,0.99987,1.00000,0.00058,0.00017,0.00100,0.99917,0.99975,-0.09163,-0.11475,-0.06916,0.79154,0.69992,9.88200,9.36000,10.36823,7.71300,17.59500,0.79045,0.04752
sim1_pm_post_always,6,3.00000,1.00000,1.00000,0.00000,0.00000,0.00000,1.00000,1.00000,0.00000,0.00000,0.00000,0.99983,0.99983,0.00000,0.00000,0.00000,0.53538,0.53538,0.00000,0.00000,0.00000,1.59000,1.59000,0.00000,0.00000
sim1_pm_post_always,6,3.00000,2.00000,1.00000,0.00000,0.00000,0.00000,1.00000,1.00000,0.00000,0.00000,0.00000,0.99967,0.99967,0.00000,0.00000,0.00000,0.59867,0.59867,0.00000,0.00000,0.00000,2.88000,2.88000,0.00000,0.00000
sim1_pm_post_always,6,3.00000,3.00000,1.00000,0.00000,0.00000,0.00000,1.00000,1.00000,0.00000,0.00000,0.00000,0.99992,0.99992,0.00000,0.00000,0.00000,0.70079,0.70079,0.00000,0.00000,0.00000,4.07400,4.07400,0.00000,0.00000
sim1_pm_post_always,6,3.00000,6.00000,1.00000,0.00000,0.00000,0.00000,1.00000,1.00000,0.00000,0.00000,0.00000,0.99996,0.99996,0.00000,0.00000,0.00000,0.91271,0.91271,0.00000,0.00000,0.00000,8.35800,8.35800,0.00000,0.00000
sim1_pm_post_always,6,3.00000,9.00000,1.00000,0.00000,0.00000,0.00000,1.00000,1.00000,0.00000,0.00000,0.00000,0.99996,0.99996,0.00000,0.00000,0.00000,0.90425,0.90425,0.00000,0.00000,0.00000,13.19400,13.19400,0.00000,0.00000
sim1_pm_post_always,6,6.00000,1.00000,1.00000,0.00000,0.00000,0.00000,1.00000,1.00000,0.00000,0.00000,0.00000,0.99987,0.99987,0.00000,0.00000,0.00000,0.62262,0.62262,0.00100,0.00000,0.00300,1.23800,1.23900,0.04348,0.00003
sim1_pm_post_always,6,6.00000,2.00000,1.00000,0.00000,0.00000,0.00000,1.00000,1.00000,0.00000,0.00000,0.00000,0.99987,0.99987,0.00000,0.00000,0.00000,0.64217,0.64217,0.00200,0.00000,0.00600,2.19200,2.19400,0.02872,0.00003
sim1_pm_post_always,6,6.00000,3.00000,1.00000,0.00000,0.00000,0.00000,1.00000,1.00000,0.00000,0.00000,0.00000,0.99987,0.99987,-0.00046,-0.00137,0.00000,0.69792,0.69746,0.00600,0.00000,0.01500,3.16200,3.16800,0.02093,0.00007
sim1_pm_post_always,6,6.00000,6.00000,1.00000,0.00000,0.00000,0.00000,1.00000,1.00000,0.00000,0.00000,0.00000,0.99992,0.99992,0.00000,0.00000,0.00000,0.82579,0.82579,0.00600,0.00000,0.01800,6.55200,6.55800,0.01493,0.00003
sim1_pm_post_always,6,6.00000,9.00000,1.00000,0.00000,0.00000,0.00000,1.00000,1.00000,0.00000,0.00000,0.00000,0.99992,0.99992,0.00000,0.00000,0.00000,0.86133,0.86133,0.00900,0.00000,0.02700,10.02600,10.03500,0.00966,0.00003
sim1_pm_post_always,6,12.00000,1.00000,1.00000,0.00000,0.00000,0.00000,1.00000,1.00000,-0.00004,-0.00012,0.00000,0.99987,0.99983,-0.04950,-0.06217,-0.03778,0.69354,0.64404,0.09600,0.07800,0.11700,0.92900,1.02500,0.40866,0.00417
sim1_pm_post_always,6,12.00000,2.00000,1.00000,0.00000,0.00000,0.00000,1.00000,1.00000,-0.00008,-0.00025,0.00000,0.99979,0.99971,-0.04375,-0.05575,-0.03362,0.68104,0.63729,0.16800,0.13200,0.20405,1.71200,1.88000,0.40072,0.00386
sim1_pm_post_always,6,12.00000,3.00000,1.00000,0.00000,0.00000,0.00000,1.00000,1.00000,-0.00004,-0.00012,0.00000,0.99992,0.99987,-0.04225,-0.05367,-0.03099,0.70437,0.66212,0.25200,0.20100,0.30307,2.49600,2.74800,0.38417,0.00379
sim1_pm_post_always,6,12.00000,6.00000,1.00000,0.00000,0.00000,0.00000,1.00000,1.00000,0.00000,0.00000,0.00000,0.99992,0.99992,0.00171,-0.00646,0.00971,0.72379,0.72550,0.50400,0.40200,0.61800,5.12400,5.62800,0.33797,0.00397
sim1_pm_post_always,6,12.00000,9.00000,1.00000,0.00000,0.00000,0.00000,1.00000,1.00000,0.00008,0.00000,0.00033,0.99975,0.99983,-0.00267,-0.00692,0.00112,0.85300,0.85033,0.73800,0.58500,0.89100,7.61400,8.35200,0.27731,0.00376
sim1_pm_post_always,6,24.00000,1.00000,1.00000,0.00000,0.00000,0.00000,1.00000,1.00000,-0.00004,-0.00025,0.00017,0.99983,0.99979,-0.38688,-0.41017,-0.36429,0.87167,0.48479,0.75800,0.72000,0.79700,0.27800,1.03600,0.85248,0.02862
sim1_pm_post_always,6,24.00000,2.00000,1.00000,0.00000,0.00000,0.00000,1.00000,1.00000,-0.00025,-0.00050,0.00000,0.99987,0.99962,-0.37471,-0.40033,-0.35008,0.85521,0.48050,1.37600,1.30400,1.44800,0.55600,1.93200,0.85679,0.02672
sim1_pm_post_always,6,24.00000,3.00000,1.00000,0.00000,0.00000,0.00000,1.00000,1.00000,0.00000,-0.00012,0.00012,0.99992,0.99992,-0.36937,-0.39258,-0.34366,0.86387,0.49450,1.97400,1.87200,2.07000,0.85200,2.82600,0.85966,0.02607
sim1_pm_post_always,6,24.00000,6.00000,1.00000,0.00000,0.00000,0.00000,1.00000,1.00000,-0.00008,-0.00042,0.00017,0.99987,0.99979,-0.02463,-0.04321,-0.00738,0.86054,0.83592,3.90000,3.71400,4.09200,1.66200,5.56200,0.83055,0.02572
sim1_pm_post_always,6,24.00000,9.00000,1.00000,0.00000,0.00000,0.00000,1.00000,1.00000,0.00008,0.00000,0.00021,0.99983,0.99992,-0.02900,-0.04033,-0.01762,0.94063,0.91163,6.02100,5.71477,6.30000,2.46600,8.48700,0.85238,0.02624
sim1_pm_post_always,12,3.00000,1.00000,1.00000,0.00000,0.00000,0.00000,1.00000,1.00000,0.00000,0.00000,0.00000,0.99996,0.99996,0.00000,0.00000,0.00000,0.66058,0.66058,0.00000,0.00000,0.00000,0.87600,0.87600,0.00000,0.00000
sim1_pm_post_always,12,3.00000,2.00000,1.00000,0.00000,0.00000,0.00000,1.00000,1.00000,0.00000,0.00000,0.00000,0.99996,0.99996,0.00000,0.00000,0.00000,0.66600,0.66600,0.00000,0.00000,0.00000,1.63000,1.63000,0.00000,0.00000
sim1_pm_post_always,12,3.00000,3.00000,1.00000,0.00000,0.00000,0.00000,1.00000,1.00000,0.00000,0.00000,0.00000,1.00000,1.00000,0.00000,0.00000,0.00000,0.73229,0.73229,0.00000,0.00000,0.00000,2.32200,2.32200,0.00000,0.00000
sim1_pm_post_always,12,3.00000,6.00000,1.00000,0.00000,0.00000,0.00000,1.00000,1.00000,0.00000,0.00000,0.00000,0.99992,0.99992,0.00000,0.00000,0.00000,0.93675,0.93675,0.00000,0.00000,0.00000,4.57800,4.57800,0.00000,0.00000
sim1_pm_post_always,12,3.00000,9.00000,1.00000,0.00000,0.00000,0.00000,1.00000,1.00000,0.00000,0.00000,0.00000,0.99996,0.99996,0.00000,0.00000,0.00000,0.95371,0.95371,0.00000,0.00000,0.00000,6.88500,6.88500,0.00000,0.00000
sim1_pm_post_always,12,6.00000,1.00000,1.00000,0.00000,0.00000,0.00000,1.00000,1.00000,0.00000,0.00000,0.00000,0.99996,0.99996,0.00000,0.00000,0.00000,0.75108,0.75108,0.00000,0.00000,0.00000,0.64100,0.64100,0.02855,0.00000
sim1_pm_post_always,12,6.00000,2.00000,1.00000,0.00000,0.00000,0.00000,1.00000,1.00000,0.00000,0.00000,0.00000,0.99992,0.99992,0.00000,0.00000,0.00000,0.72142,0.72142,0.00000,0.00000,0.00000,1.22000,1.22000,0.02155,0.00000
sim1_pm_post_always,12,6.00000,3.00000,1.00000,0.00000,0.00000,0.00000,1.00000,1.00000,0.00000,0.00000,0.00000,0.99996,0.99996,0.00000,0.00000,0.00000,0.77958,0.77958,0.00000,0.00000,0.00000,1.78200,1.78200,0.01552,0.00000
sim1_pm_post_always,12,6.00000,6.00000,1.00000,0.00000,0.00000,0.00000,1.00000,1.00000,0.00000,0.00000,0.00000,0.99983,0.99983,0.00000,0.00000,0.00000,0.86742,0.86742,0.00000,0.00000,0.00000,3.58200,3.58200,0.01124,0.00000
sim1_pm_post_always,12,6.00000,9.00000,1.00000,0.00000,0.00000,0.00000,1.00000,1.00000,0.00000,0.00000,0.00000,0.99987,0.99987,0.00000,0.00000,0.00000,0.91321,0.91321,0.00000,0.00000,0.00000,5.33700,5.33700,0.00745,0.00000
sim1_pm_post_always,12,12.00000,1.00000,1.00000,0.00000,0.00000,0.00000,1.00000,1.00000,-0.00008,-0.00025,0.00000,0.99996,0.99987,-0.03283,-0.04267,-0.02396,0.81788,0.78504,0.05900,0.04400,0.07500,0.45000,0.50900,0.42572,0.00207
sim1_pm_post_always,12,12.00000,2.00000,1.00000,0.00000,0.00000,0.00000,1.00000,1.00000,-0.00004,-0.00012,0.00000,0.99992,0.99987,-0.03408,-0.04379,-0.02541,0.77450,0.74042,0.11200,0.08400,0.14400,0.87000,0.98200,0.41507,0.00200
sim1_pm_post_always,12,12.00000,3.00000,1.00000,0.00000,0.00000,0.00000,1.00000,1.00000,-0.00008,-0.00025,0.00000,0.99996,0.99987,-0.03079,-0.04054,-0.02246,0.79142,0.76062,0.16500,0.12300,0.20700,1.29900,1.46400,0.40907,0.00197
sim1_pm_post_always,12,12.00000,6.00000,1.00000,0.00000,0.00000,0.00000,1.00000,1.00000,0.00000,0.00000,0.00000,0.99996,0.99996,-0.00108,-0.00271,0.00008,0.81458,0.81350,0.32400,0.24585,0.42000,2.60400,2.92800,0.36514,0.00193
sim1_pm_post_always,12,12.00000,9.00000,1.00000,0.00000,0.00000,0.00000,0.99996,0.99996,0.00000,0.00000,0.00000,0.99992,0.99992,-0.00108,-0.00254,0.00000,0.93179,0.93071,0.48600,0.36000,0.62100,3.88800,4.37400,0.33934,0.00193
sim1_pm_post_always,12,24.00000,1.00000,1.00000,0.00000,0.00000,0.00000,1.00000,1.00000,-0.00013,-0.00037,0.00004,0.99992,0.99979,-0.24983,-0.27129,-0.22688,0.92979,0.67996,0.42000,0.38700,0.45003,0.10300,0.52300,0.93455,0.01466
sim1_pm_post_always,12,24.00000,2.00000,1.00000,0.00000,0.00000,0.00000,1.00000,1.00000,-0.00012,-0.00029,0.00004,0.99992,0.99979,-0.26158,-0.28250,-0.23846,0.91904,0.65746,0.82600,0.76595,0.88800,0.20400,1.03000,0.93634,0.01441
sim1_pm_post_always,12,24.00000,3.00000,1.00000,0.00000,0.00000,0.00000,1.00000,1.00000,-0.00013,-0.00038,0.00004,0.99992,0.99979,-0.26242,-0.28659,-0.23821,0.92163,0.65921,1.23300,1.13700,1.32300,0.30600,1.53900,0.94110,0.01434
sim1_pm_post_always,12,24.00000,6.00000,1.00000,0.00000,0.00000,0.00000,0.99996,0.99996,0.00008,0.00000,0.00021,0.99983,0.99992,-0.01342,-0.02133,-0.00483,0.92442,0.91100,2.46600,2.29185,2.64000,0.61200,3.07800,0.92252,0.01434
sim1_pm_post_always,12,24.00000,9.00000,1.00000,0.00000,0.00000,0.00000,0.99996,0.99996,0.00004,0.00000,0.00012,0.99987,0.99992,-0.00729,-0.01113,-0.00392,0.97713,0.96983,3.69900,3.42000,3.96900,0.91800,4.61700,0.93352,0.01434
sim1_uniform_post,3,3.00000,1.00000,0.75000,0.00000,0.00000,0.00000,0.94496,0.94496,0.00000,0.00000,0.00000,0.00617,0.00617,0.00000,0.00000,0.00000,0.00008,0.00008,0.00000,0.00000,0.00000,5.91000,5.91000,0.00000,0.00000
sim1_uniform_post,3,3.00000,2.00000,0.75000,0.00000,0.00000,0.00000,0.96313,0.96313,0.00000,0.00000,0.00000,0.00804,0.00804,0.00000,0.00000,0.00000,0.00004,0.00004,0.00000,0.00000,0.00000,9.29400,9.29400,0.00000,0.00000
sim1_uniform_post,3,3.00000,3.00000,0.75000,0.00000,0.00000,0.00000,0.96533,0.96533,0.00000,0.00000,0.00000,0.01337,0.01337,0.00000,0.00000,0.00000,0.00000,0.00000,0.00000,0.00000,0.00000,12.73500,12.73500,0.00000,0.00000
sim1_uniform_post,3,3.00000,6.00000,0.75000,0.00000,0.00000,0.00000,0.97925,0.97925,0.00000,0.00000,0.00000,0.00608,0.00608,0.00000,0.00000,0.00000,0.00000,0.00000,0.00000,0.00000,0.00000,20.69400,20.69400,0.00000,0.00000
sim1_uniform_post,3,3.00000,9.00000,0.75000,0.00000,0.00000,0.00000,0.97862,0.97862,0.00000,0.00000,0.00000,0.00279,0.00279,0.00000,0.00000,0.00000,0.00000,0.00000,0.00000,0.00000,0.00000,30.10500,30.10500,0.00000,0.00000
sim1_uniform_post,3,6.00000,1.00000,0.75000,0.00000,0.00000,0.00000,0.93033,0.93033,0.00000,0.00000,0.00000,0.00533,0.00533,0.00000,0.00000,0.00000,0.00008,0.00008,0.00000,0.00000,0.00000,3.91600,3.91600,0.00076,0.00000
sim1_uniform_post,3,6.00000,2.00000,0.75000,0.00000,0.00000,0.00000,0.95037,0.95037,0.00000,0.00000,0.00000,0.00733,0.00733,0.00000,0.00000,0.00000,0.00029,0.00029,0.00000,0.00000,0.00000,5.84400,5.84400,0.00072,0.00000
sim1_uniform_post,3,6.00000,3.00000,0.75000,0.00000,0.00000,0.00000,0.95550,0.95550,0.00000,0.00000,0.00000,0.00838,0.00838,0.00000,0.00000,0.00000,0.00008,0.00008,0.00300,0.00000,0.00900,7.99200,7.99500,0.00072,0.00003
sim1_uniform_post,3,6.00000,6.00000,0.75000,0.00000,0.00000,0.00000,0.96708,0.96708,0.00000,0.00000,0.00000,0.00333,0.00333,0.00000,0.00000,0.00000,0.00004,0.00004,0.00000,0.00000,0.00000,13.38000,13.38000,0.00010,0.00000
sim1_uniform_post,3,6.00000,9.00000,0.75000,0.00000,0.00000,0.00000,0.96654,0.96654,0.00000,0.00000,0.00000,0.00221,0.00221,0.00000,0.00000,0.00000,0.00008,0.00008,0.00000,0.00000,0.00000,20.29500,20.29500,0.00003,0.00000
sim1_uniform_post,3,12.00000,1.00000,0.75000,-0.00033,-0.00125,0.00062,0.91746,0.91713,-0.00012,-0.00050,0.00025,0.00517,0.00504,-0.00008,-0.00025,0.00000,0.00017,0.00008,0.03000,0.01200,0.05200,2.97600,3.00600,0.01676,0.00055
sim1_uniform_post,3,12.00000,2.00000,0.75000,0.00058,-0.00025,0.00171,0.93533,0.93592,0.00000,-0.00037,0.00042,0.00725,0.00725,0.00000,0.00000,0.00000,0.00004,0.00004,-0.00600,-0.01800,0.00600,4.50800,4.50200,0.02303,0.00041
sim1_uniform_post,3,12.00000,3.00000,0.75000,-0.00004,-0.00075,0.00058,0.94112,0.94108,-0.00004,-0.00029,0.00017,0.00671,0.00667,0.00000,0.00000,0.00000,0.00004,0.00004,0.00300,-0.03000,0.03600,5.79600,5.79900,0.02121,0.00041
sim1_uniform_post,3,12.00000,6.00000,0.75000,-0.00004,-0.00050,0.00042,0.95583,0.95579,0.00025,-0.00004,0.00071,0.00213,0.00237,0.00000,0.00000,0.00000,0.00004,0.00004,-0.00600,-0.06000,0.04200,9.72000,9.71400,0.01093,0.00041
sim1_uniform_post,3,12.00000,9.00000,0.75000,-0.00004,-0.00025,0.00012,0.95029,0.95025,0.00000,0.00000,0.00000,0.00183,0.00183,0.00000,0.00000,0.00000,0.00004,0.00004,0.02700,-0.05400,0.10800,15.50700,15.53400,0.00828,0.00014
sim1_uniform_post,3,24.00000,1.00000,0.75000,0.00129,-0.00196,0.00467,0.91521,0.91650,0.00096,-0.00033,0.00250,0.00525,0.00621,0.00000,0.00000,0.00000,0.00004,0.00004,0.05200,0.00298,0.10100,2.86100,2.91300,0.08076,0.00548
sim1_uniform_post,3,24.00000,2.00000,0.75000,0.00188,-0.00058,0.00446,0.92804,0.92992,-0.00004,-0.00108,0.00108,0.00771,0.00767,-0.00004,-0.00013,0.00000,0.00025,0.00021,0.07800,0.00795,0.15400,4.41000,4.48800,0.10134,0.00441
sim1_uniform_post,3,24.00000,3.00000,0.75000,0.00042,-0.00196,0.00287,0.94012,0.94054,-0.00054,-0.00121,0.00012,0.00471,0.00417,0.00000,0.00000,0.00000,0.00017,0.00017,0.04200,-0.03007,0.12000,5.25300,5.29500,0.09769,0.00341
sim1_uniform_post,3,24.00000,6.00000,0.75000,-0.00013,-0.00188,0.00150,0.95242,0.95229,-0.00017,-0.00046,0.00013,0.00267,0.00250,0.00000,0.00000,0.00000,0.00004,0.00004,0.12000,0.00600,0.24600,9.35400,9.47400,0.05614,0.00234
sim1_uniform_post,3,24.00000,9.00000,0.75000,0.00075,-0.00075,0.00233,0.94442,0.94517,-0.00021,-0.00063,0.00008,0.00196,0.00175,0.00000,0.00000,0.00000,0.00004,0.00004,0.09900,-0.11722,0.30600,14.49000,14.58900,0.06134,0.00234
sim1_uniform_post,6,3.00000,1.00000,0.75000,0.00000,0.00000,0.00000,0.96129,0.96129,0.00000,0.00000,0.00000,0.04138,0.04138,0.00000,0.00000,0.00000,0.00383,0.00383,0.00000,0.00000,0.00000,3.83300,3.83300,0.00000,0.00000
sim1_uniform_post,6,3.00000,2.00000,0.75000,0.00000,0.00000,0.00000,0.97975,0.97975,0.00000,0.00000,0.00000,0.05604,0.05604,0.00000,0.00000,0.00000,0.00121,0.00121,0.00000,0.00000,0.00000,5.71200,5.71200,0.00000,0.00000
sim1_uniform_post,6,3.00000,3.00000,0.75000,0.00000,0.00000,0.00000,0.98250,0.98250,0.00000,0.00000,0.00000,0.07450,0.07450,0.00000,0.00000,0.00000,0.00096,0.00096,0.00000,0.00000,0.00000,7.58700,7.58700,0.00000,0.00000
sim1_uniform_post,6,3.00000,6.00000,0.75000,0.00000,0.00000,0.00000,0.98858,0.98858,0.00000,0.00000,0.00000,0.05663,0.05663,0.00000,0.00000,0.00000,0.00050,0.00050,0.00000,0.00000,0.00000,11.91000,11.91000,0.00000,0.00000
sim1_uniform_post,6,3.00000,9.00000,0.75000,0.00000,0.00000,0.00000,0.99021,0.99021,0.00000,0.00000,0.00000,0.03046,0.03046,0.00000,0.00000,0.00000,0.00058,0.00058,0.00000,0.00000,0.00000,16.62300,16.62300,0.00000,0.00000
sim1_uniform_post,6,6.00000,1.00000,0.75000,0.00000,0.00000,0.00000,0.95762,0.95762,0.00000,0.00000,0.00000,0.03654,0.03654,0.00000,0.00000,0.00000,0.00396,0.00396,0.00000,0.00000,0.00000,2.28600,2.28600,0.00110,0.00000
sim1_uniform_post,6,6.00000,2.00000,0.75000,0.00000,0.00000,0.00000,0.96937,0.96937,0.00000,0.00000,0.00000,0.04933,0.04933,0.00000,0.00000,0.00000,0.00221,0.00221,0.00000,0.00000,0.00000,3.49400,3.49400,0.00055,0.00000
sim1_uniform_post,6,6.00000,3.00000,0.75000,-0.00021,-0.00063,0.00000,0.97188,0.97167,0.00008,0.00000,0.00025,0.05858,0.05867,0.00000,0.00000,0.00000,0.00229,0.00229,-0.00300,-0.00900,0.00000,4.57200,4.56900,0.00083,0.00003
sim1_uniform_post,6,6.00000,6.00000,0.75000,0.00000,0.00000,0.00000,0.97971,0.97971,0.00000,0.00000,0.00000,0.03288,0.03288,0.00000,0.00000,0.00000,0.00150,0.00150,0.00000,0.00000,0.00000,7.65000,7.65000,0.00034,0.00000
sim1_uniform_post,6,6.00000,9.00000,0.75000,0.00000,0.00000,0.00000,0.98396,0.98396,0.00000,0.00000,0.00000,0.02546,0.02546,0.00000,0.00000,0.00000,0.00133,0.00133,0.00000,0.00000,0.00000,11.12400,11.12400,0.00017,0.00000
sim1_uniform_post,6,12.00000,1.00000,0.75000,-0.00050,-0.00200,0.00042,0.94858,0.94808,0.00083,-0.00025,0.00225,0.03413,0.03496,0.00008,0.00000,0.00025,0.00471,0.00479,0.00500,-0.00400,0.01500,1.66300,1.66800,0.02069,0.00031
sim1_uniform_post,6,12.00000,2.00000,0.75000,-0.00012,-0.00033,0.00004,0.96150,0.96137,0.00042,-0.00025,0.00162,0.04013,0.04054,0.00025,0.00000,0.00075,0.00400,0.00425,0.00200,-0.00400,0.00800,2.57200,2.57400,0.02307,0.00014
sim1_uniform_post,6,12.00000,3.00000,0.75000,0.00025,0.00000,0.00067,0.96471,0.96496,0.00017,0.00000,0.00050,0.04637,0.04654,0.00000,0.00000,0.00000,0.00213,0.00213,-0.00300,-0.01800,0.00900,3.53700,3.53400,0.02755,0.00010
sim1_uniform_post,6,12.00000,6.00000,0.75000,-0.00013,-0.00033,0.00000,0.97292,0.97279,0.00029,0.00000,0.00083,0.02446,0.02475,0.00025,0.00000,0.00075,0.00204,0.00229,-0.01200,-0.03600,0.00000,6.01200,6.00000,0.01486,0.00007
sim1_uniform_post,6,12.00000,9.00000,0.75000,0.00000,0.00000,0.00000,0.97125,0.97125,0.00000,0.00000,0.00000,0.01842,0.01842,0.00000,0.00000,0.00000,0.00171,0.00171,0.00000,0.00000,0.00000,9.03600,9.03600,0.01166,0.00003
sim1_uniform_post,6,24.00000,1.00000,0.75000,0.00154,-0.00025,0.00329,0.94517,0.94671,0.00208,-0.00000,0.00433,0.03442,0.03650,0.00021,-0.00013,0.00058,0.00475,0.00496,0.03700,0.01800,0.05702,1.60200,1.63900,0.08431,0.00166
sim1_uniform_post,6,24.00000,2.00000,0.75000,0.00079,-0.00033,0.00213,0.95737,0.95817,-0.00033,-0.00196,0.00129,0.03571,0.03537,0.00013,0.00000,0.00038,0.00233,0.00246,0.02200,0.00795,0.04000,2.48000,2.50200,0.09966,0.00090
sim1_uniform_post,6,24.00000,3.00000,0.75000,0.00138,0.00008,0.00300,0.96104,0.96242,0.00067,-0.00033,0.00167,0.03804,0.03871,0.00000,0.00000,0.00000,0.00175,0.00175,0.01800,-0.00900,0.04800,3.35400,3.37200,0.11948,0.00083
sim1_uniform_post,6,24.00000,6.00000,0.75000,0.00117,0.00029,0.00229,0.97171,0.97288,0.00075,-0.00004,0.00171,0.01958,0.02033,-0.00013,-0.00038,0.00000,0.00162,0.00150,0.02400,-0.02400,0.07200,5.86800,5.89200,0.07534,0.00048
sim1_uniform_post,6,24.00000,9.00000,0.75000,0.00083,-0.00008,0.00192,0.97050,0.97133,-0.00004,-0.00083,0.00071,0.01771,0.01767,0.00000,0.00000,0.00000,0.00125,0.00125,0.06300,0.01800,0.11700,8.87400,8.93700,0.07279,0.00045
sim1_uniform_post,12,3.00000,1.00000,0.75000,0.00000,0.00000,0.00000,0.97837,0.97837,0.00000,0.00000,0.00000,0.11912,0.11912,0.00000,0.00000,0.00000,0.01658,0.01658,0.00000,0.00000,0.00000,2.71500,2.71500,0.00000,0.00000
sim1_uniform_post,12,3.00000,2.00000,0.75000,0.00000,0.00000,0.00000,0.98621,0.98621,0.00000,0.00000,0.00000,0.14892,0.14892,0.00000,0.00000,0.00000,0.01179,0.01179,0.00000,0.00000,0.00000,3.95000,3.95000,0.00000,0.00000
sim1_uniform_post,12,3.00000,3.00000,0.75000,0.00000,0.00000,0.00000,0.98775,0.98775,0.00000,0.00000,0.00000,0.17700,0.17700,0.00000,0.00000,0.00000,0.01021,0.01021,0.00000,0.00000,0.00000,5.26500,5.26500,0.00000,0.00000
sim1_uniform_post,12,3.00000,6.00000,0.75000,0.00000,0.00000,0.00000,0.99271,0.99271,0.00000,0.00000,0.00000,0.18442,0.18442,0.00000,0.00000,0.00000,0.00392,0.00392,0.00000,0.00000,0.00000,8.34600,8.34600,0.00000,0.00000
sim1_uniform_post,12,3.00000,9.00000,0.75000,0.00000,0.00000,0.00000,0.99400,0.99400,0.00000,0.00000,0.00000,0.12833,0.12833,0.00000,0.00000,0.00000,0.00446,0.00446,0.00000,0.00000,0.00000,11.50200,11.50200,0.00000,0.00000
sim1_uniform_post,12,6.00000,1.00000,0.75000,0.00000,0.00000,0.00000,0.97104,0.97104,0.00000,0.00000,0.00000,0.09742,0.09742,0.00000,0.00000,0.00000,0.02071,0.02071,0.00000,0.00000,0.00000,1.58300,1.58300,0.00107,0.00000
sim1_uniform_post,12,6.00000,2.00000,0.75000,0.00000,0.00000,0.00000,0.97796,0.97796,0.00000,0.00000,0.00000,0.11979,0.11979,0.00000,0.00000,0.00000,0.01533,0.01533,0.00000,0.00000,0.00000,2.33800,2.33800,0.00103,0.00000
sim1_uniform_post,12,6.00000,3.00000,0.75000,0.00000,0.00000,0.00000,0.98229,0.98229,0.00000,0.00000,0.00000,0.15225,0.15225,0.00000,0.00000,0.00000,0.01279,0.01279,0.00000,0.00000,0.00000,3.30300,3.30300,0.00055,0.00000
sim1_uniform_post,12,6.00000,6.00000,0.75000,0.00000,0.00000,0.00000,0.98750,0.98750,0.00000,0.00000,0.00000,0.12208,0.12208,0.00000,0.00000,0.00000,0.01017,0.01017,0.00000,0.00000,0.00000,5.83200,5.83200,0.00034,0.00000
sim1_uniform_post,12,6.00000,9.00000,0.75000,0.00000,0.00000,0.00000,0.98992,0.98992,0.00000,0.00000,0.00000,0.10442,0.10442,0.00000,0.00000,0.00000,0.00917,0.00917,0.00000,0.00000,0.00000,8.36100,8.36100,0.00024,0.00000
sim1_uniform_post,12,12.00000,1.00000,0.75000,0.00017,0.00000,0.00050,0.96479,0.96496,0.00025,0.00000,0.00075,0.07908,0.07933,0.00000,0.00000,0.00000,0.02138,0.02138,0.00100,0.00000,0.00300,1.13100,1.13200,0.02345,0.00003
sim1_uniform_post,12,12.00000,2.00000,0.75000,0.00000,0.00000,0.00000,0.97225,0.97225,0.00000,0.00000,0.00000,0.10096,0.10096,0.00000,0.00000,0.00000,0.01725,0.01725,0.00000,0.00000,0.00000,1.80400,1.80400,0.02572,0.00000
sim1_uniform_post,12,12.00000,3.00000,0.75000,0.00000,0.00000,0.00000,0.97625,0.97625,0.00000,0.00000,0.00000,0.12625,0.12625,0.00000,0.00000,0.00000,0.01579,0.01579,0.00000,0.00000,0.00000,2.51100,2.51100,0.03241,0.00000
sim1_uniform_post,12,12.00000,6.00000,0.75000,0.00000,0.00000,0.00000,0.97946,0.97946,0.00000,0.00000,0.00000,0.08667,0.08667,0.00000,0.00000,0.00000,0.01267,0.01267,0.00000,0.00000,0.00000,4.77000,4.77000,0.01593,0.00000
sim1_uniform_post,12,12.00000,9.00000,0.75000,0.00000,0.00000,0.00000,0.98162,0.98162,0.00000,0.00000,0.00000,0.08500,0.08500,0.00000,0.00000,0.00000,0.01275,0.01275,0.00000,0.00000,0.00000,6.87600,6.87600,0.01428,0.00000
sim1_uniform_post,12,24.00000,1.00000,0.75000,-0.00017,-0.00100,0.00054,0.96342,0.96325,0.00183,-0.00067,0.00467,0.08263,0.08446,0.00062,-0.00013,0.00171,0.02329,0.02392,0.01400,0.00500,0.02500,1.05900,1.07300,0.09366,0.00069
sim1_uniform_post,12,24.00000,2.00000,0.75000,-0.00017,-0.00054,0.00017,0.97371,0.97354,-0.00088,-0.00292,0.00058,0.10537,0.10450,-0.00038,-0.00175,0.00058,0.01896,0.01858,0.00600,0.00000,0.01400,1.75000,1.75600,0.11493,0.00031
sim1_uniform_post,12,24.00000,3.00000,0.75000,0.00021,-0.00033,0.00079,0.97737,0.97758,-0.00013,-0.00221,0.00142,0.12650,0.12637,0.00029,-0.00017,0.00104,0.01433,0.01463,0.00300,0.00000,0.00900,2.48400,2.48700,0.14614,0.00021
sim1_uniform_post,12,24.00000,6.00000,0.75000,0.00000,0.00000,0.00000,0.98017,0.98017,-0.00133,-0.00329,0.00000,0.07725,0.07592,-0.00038,-0.00113,0.00000,0.01337,0.01300,0.00000,0.00000,0.00000,4.60800,4.60800,0.09852,0.00010
sim1_uniform_post,12,24.00000,9.00000,0.75000,0.00000,0.00000,0.00000,0.98183,0.98183,-0.00008,-0.00046,0.00025,0.08188,0.08179,-0.00004,-0.00013,0.00000,0.01271,0.01267,0.00000,0.00000,0.00000,6.62400,6.62400,0.09897,0.00010
sim1_uniform_post,3,3.00000,1.00000,1.00000,0.00000,0.00000,0.00000,1.00000,1.00000,0.00000,0.00000,0.00000,0.97362,0.97362,0.00000,0.00000,0.00000,0.89212,0.89212,0.00000,0.00000,0.00000,1.58800,1.58800,0.00000,0.00000
sim1_uniform_post,3,3.00000,2.00000,1.00000,0.00000,0.00000,0.00000,1.00000,1.00000,0.00000,0.00000,0.00000,0.97721,0.97721,0.00000,0.00000,0.00000,0.85267,0.85267,0.00000,0.00000,0.00000,2.79600,2.79600,0.00000,0.00000
sim1_uniform_post,3,3.00000,3.00000,1.00000,0.00000,0.00000,0.00000,1.00000,1.00000,0.00000,0.00000,0.00000,0.98337,0.98337,0.00000,0.00000,0.00000,0.83071,0.83071,0.00000,0.00000,0.00000,4.04100,4.04100,0.00000,0.00000
sim1_uniform_post,3,3.00000,6.00000,1.00000,0.00000,0.00000,0.00000,1.00000,1.00000,0.00000,0.00000,0.00000,0.99075,0.99075,0.00000,0.00000,0.00000,0.77642,0.77642,0.00000,0.00000,0.00000,7.83000,7.83000,0.00000,0.00000
sim1_uniform_post,3,3.00000,9.00000,1.00000,0.00000,0.00000,0.00000,1.00000,1.00000,0.00000,0.00000,0.00000,0.98571,0.98571,0.00000,0.00000,0.00000,0.72350,0.72350,0.00000,0.00000,0.00000,12.22200,12.22200,0.00000,0.00000
sim1_uniform_post,3,6.00000,1.00000,1.00000,0.00000,0.00000,0.00000,1.00000,1.00000,0.00000,0.00000,0.00000,0.96183,0.96183,0.00000,0.00000,0.00000,0.89229,0.89229,0.00000,0.00000,0.00000,1.12200,1.12200,0.00203,0.00000
sim1_uniform_post,3,6.00000,2.00000,1.00000,0.00000,0.00000,0.00000,1.00000,1.00000,0.00000,0.00000,0.00000,0.96692,0.96692,0.00000,0.00000,0.00000,0.86308,0.86308,0.00000,0.00000,0.00000,2.02600,2.02600,0.00186,0.00000
sim1_uniform_post,3,6.00000,3.00000,1.00000,0.00000,0.00000,0.00000,1.00000,1.00000,0.00000,0.00000,0.00000,0.97629,0.97629,0.00017,0.00000,0.00050,0.83225,0.83242,-0.00300,-0.00900,0.00000,2.99700,2.99400,0.00124,0.00003
sim1_uniform_post,3,6.00000,6.00000,1.00000,0.00000,0.00000,0.00000,1.00000,1.00000,0.00000,0.00000,0.00000,0.97942,0.97942,0.00000,0.00000,0.00000,0.78621,0.78621,0.00000,0.00000,0.00000,5.82000,5.82000,0.00079,0.00000
sim1_uniform_post,3,6.00000,9.00000,1.00000,0.00000,0.00000,0.00000,1.00000,1.00000,0.00000,0.00000,0.00000,0.97379,0.97379,0.00000,0.00000,0.00000,0.73904,0.73904,0.00000,0.00000,0.00000,8.73000,8.73000,0.00079,0.00000
sim1_uniform_post,3,12.00000,1.00000,1.00000,0.00000,0.00000,0.00000,1.00000,1.00000,-0.00083,-0.00250,0.00000,0.95500,0.95417,-0.00088,-0.00263,0.00000,0.89096,0.89008,0.00300,0.00000,0.00700,0.94200,0.94500,0.08879,0.00017
sim1_uniform_post,3,12.00000,2.00000,1.00000,0.00000,0.00000,0.00000,1.00000,1.00000,0.00000,0.00000,0.00000,0.96421,0.96421,0.00000,0.00000,0.00000,0.88083,0.88083,0.00400,0.00000,0.01000,1.70800,1.71200,0.09738,0.00014
sim1_uniform_post,3,12.00000,3.00000,1.00000,0.00000,0.00000,0.00000,1.00000,1.00000,-0.00004,-0.00013,0.00000,0.97429,0.97425,0.00000,-0.00025,0.00017,0.85313,0.85313,0.00900,-0.00300,0.02100,2.49000,2.49900,0.09445,0.00024
sim1_uniform_post,3,12.00000,6.00000,1.00000,0.00000,0.00000,0.00000,1.00000,1.00000,-0.00004,-0.00025,0.00012,0.96929,0.96925,-0.00029,-0.00071,0.00004,0.80750,0.80721,0.00000,-0.02400,0.02400,4.96200,4.96200,0.07366,0.00014
sim1_uniform_post,3,12.00000,9.00000,1.00000,0.00000,0.00000,0.00000,1.00000,1.00000,0.00000,0.00000,0.00000,0.96717,0.96717,-0.00079,-0.00233,0.00000,0.76788,0.76708,0.01800,0.00000,0.04500,7.44300,7.46100,0.06341,0.00014
sim1_uniform_post,3,24.00000,1.00000,1.00000,0.00000,0.00000,0.00000,0.99992,0.99992,-0.00017,-0.00104,0.00054,0.95750,0.95733,-0.00171,-0.00596,0.00208,0.89108,0.88938,0.02300,0.01200,0.03500,0.93300,0.95600,0.45614,0.00169
sim1_uniform_post,3,24.00000,2.00000,1.00000,0.00000,0.00000,0.00000,1.00000,1.00000,0.00096,-0.00017,0.00313,0.96708,0.96804,-0.00250,-0.00675,0.00183,0.89058,0.88808,0.04800,0.02800,0.07000,1.65600,1.70400,0.49800,0.00166
sim1_uniform_post,3,24.00000,3.00000,1.00000,0.00000,0.00000,0.00000,1.00000,1.00000,0.00004,-0.00046,0.00062,0.97146,0.97150,0.00058,-0.00271,0.00404,0.86050,0.86108,0.08700,0.05100,0.12600,2.33400,2.42100,0.49410,0.00179
sim1_uniform_post,3,24.00000,6.00000,1.00000,0.00000,0.00000,0.00000,1.00000,1.00000,0.00025,-0.00008,0.00067,0.96354,0.96379,-0.00212,-0.00625,0.00196,0.80012,0.79800,0.11400,0.06600,0.16800,4.60800,4.72200,0.44417,0.00131
sim1_uniform_post,3,24.00000,9.00000,1.00000,0.00000,0.00000,0.00000,1.00000,1.00000,0.00121,0.00029,0.00233,0.96467,0.96588,-0.00417,-0.00804,-0.00037,0.77096,0.76679,0.21600,0.13500,0.30600,7.03800,7.25400,0.44528,0.00162
sim1_uniform_post,6,3.00000,1.00000,1.00000,0.00000,0.00000,0.00000,1.00000,1.00000,0.00000,0.00000,0.00000,0.98446,0.98446,0.00000,0.00000,0.00000,0.95117,0.95117,0.00000,0.00000,0.00000,0.95800,0.95800,0.00000,0.00000
sim1_uniform_post,6,3.00000,2.00000,1.00000,0.00000,0.00000,0.00000,1.00000,1.00000,0.00000,0.00000,0.00000,0.98875,0.98875,0.00000,0.00000,0.00000,0.94833,0.94833,0.00000,0.00000,0.00000,1.69200,1.69200,0.00000,0.00000
sim1_uniform_post,6,3.00000,3.00000,1.00000,0.00000,0.00000,0.00000,1.00000,1.00000,0.00000,0.00000,0.00000,0.99167,0.99167,0.00000,0.00000,0.00000,0.93808,0.93808,0.00000,0.00000,0.00000,2.54700,2.54700,0.00000,0.00000
sim1_uniform_post,6,3.00000,6.00000,1.00000,0.00000,0.00000,0.00000,1.00000,1.00000,0.00000,0.00000,0.00000,0.99208,0.99208,0.00000,0.00000,0.00000,0.90246,0.90246,0.00000,0.00000,0.00000,4.92600,4.92600,0.00000,0.00000
sim1_uniform_post,6,3.00000,9.00000,1.00000,0.00000,0.00000,0.00000,1.00000,1.00000,0.00000,0.00000,0.00000,0.99213,0.99213,0.00000,0.00000,0.00000,0.88271,0.88271,0.00000,0.00000,0.00000,7.38900,7.38900,0.00000,0.00000
sim1_uniform_post,6,6.00000,1.00000,1.00000,0.00000,0.00000,0.00000,1.00000,1.00000,0.00000,0.00000,0.00000,0.98213,0.98213,0.00000,0.00000,0.00000,0.95608,0.95608,0.00000,0.00000,0.00000,0.75200,0.75200,0.00200,0.00000
sim1_uniform_post,6,6.00000,2.00000,1.00000,0.00000,0.00000,0.00000,1.00000,1.00000,0.00000,0.00000,0.00000,0.98662,0.98662,0.00000,0.00000,0.00000,0.94812,0.94812,0.00000,0.00000,0.00000,1.34800,1.34800,0.00148,0.00000
sim1_uniform_post,6,6.00000,3.00000,1.00000,0.00000,0.00000,0.00000,1.00000,1.00000,0.00000,0.00000,0.00000,0.98925,0.98925,0.00000,0.00000,0.00000,0.93908,0.93908,0.00000,0.00000,0.00000,1.99800,1.99800,0.00093,0.00000
sim1_uniform_post,6,6.00000,6.00000,1.00000,0.00000,0.00000,0.00000,1.00000,1.00000,0.00000,0.00000,0.00000,0.98946,0.98946,0.00000,0.00000,0.00000,0.91304,0.91304,0.00000,0.00000,0.00000,3.92400,3.92400,0.00062,0.00000
sim1_uniform_post,6,6.00000,9.00000,1.00000,0.00000,0.00000,0.00000,1.00000,1.00000,0.00000,0.00000,0.00000,0.98942,0.98942,0.00000,0.00000,0.00000,0.89496,0.89496,0.00000,0.00000,0.00000,5.87700,5.87700,0.00048,0.00000
sim1_uniform_post,6,12.00000,1.00000,1.00000,0.00000,0.00000,0.00000,1.00000,1.00000,0.00000,0.00000,0.00000,0.97767,0.97767,-0.00083,-0.00333,0.00000,0.95304,0.95221,0.00100,0.00000,0.00400,0.65500,0.65600,0.08241,0.00003
sim1_uniform_post,6,12.00000,2.00000,1.00000,0.00000,0.00000,0.00000,1.00000,1.00000,0.00000,0.00000,0.00000,0.98025,0.98025,0.00000,0.00000,0.00000,0.94158,0.94158,0.00000,0.00000,0.00000,1.21000,1.21000,0.08959,0.00000
sim1_uniform_post,6,12.00000,3.00000,1.00000,0.00000,0.00000,0.00000,1.00000,1.00000,0.00000,0.00000,0.00000,0.98542,0.98542,0.00000,0.00000,0.00000,0.94871,0.94871,0.00000,0.00000,0.00000,1.77600,1.77600,0.09583,0.00000
sim1_uniform_post,6,12.00000,6.00000,1.00000,0.00000,0.00000,0.00000,1.00000,1.00000,0.00000,0.00000,0.00000,0.98467,0.98467,0.00000,0.00000,0.00000,0.91542,0.91542,0.00000,0.00000,0.00000,3.52800,3.52800,0.07359,0.00000
sim1_uniform_post,6,12.00000,9.00000,1.00000,0.00000,0.00000,0.00000,1.00000,1.00000,0.00000,0.00000,0.00000,0.98571,0.98571,0.00000,0.00000,0.00000,0.89867,0.89867,0.00000,0.00000,0.00000,5.27400,5.27400,0.06410,0.00000
sim1_uniform_post,6,24.00000,1.00000,1.00000,0.00000,0.00000,0.00000,1.00000,1.00000,-0.00025,-0.00087,0.00012,0.97321,0.97296,-0.00054,-0.00142,0.00000,0.94971,0.94917,0.00700,0.00298,0.01300,0.66500,0.67200,0.43941,0.00034
sim1_uniform_post,6,24.00000,2.00000,1.00000,0.00000,0.00000,0.00000,1.00000,1.00000,0.00004,0.00000,0.00013,0.98158,0.98162,0.00004,0.00000,0.00013,0.94583,0.94588,0.01000,0.00200,0.02000,1.19400,1.20400,0.47603,0.00021
sim1_uniform_post,6,24.00000,3.00000,1.00000,0.00000,0.00000,0.00000,1.00000,1.00000,0.00004,0.00000,0.00012,0.98400,0.98404,-0.00017,-0.00063,0.00008,0.94717,0.94700,0.01800,0.00600,0.03300,1.78200,1.80000,0.50000,0.00024
sim1_uniform_post,6,24.00000,6.00000,1.00000,0.00000,0.00000,0.00000,1.00000,1.00000,0.00004,0.00000,0.00012,0.97988,0.97992,0.00004,0.00000,0.00012,0.91287,0.91292,0.03000,0.00600,0.06000,3.52800,3.55800,0.45172,0.00021
sim1_uniform_post,6,24.00000,9.00000,1.00000,0.00000,0.00000,0.00000,1.00000,1.00000,0.00004,0.00000,0.00012,0.98292,0.98296,-0.00154,-0.00417,0.00021,0.88921,0.88767,0.05400,0.01800,0.09900,5.27400,5.32800,0.44983,0.00024
sim1_uniform_post,12,3.00000,1.00000,1.00000,0.00000,0.00000,0.00000,1.00000,1.00000,0.00000,0.00000,0.00000,0.99433,0.99433,0.00000,0.00000,0.00000,0.98446,0.98446,0.00000,0.00000,0.00000,0.71400,0.71400,0.00000,0.00000
sim1_uniform_post,12,3.00000,2.00000,1.00000,0.00000,0.00000,0.00000,1.00000,1.00000,0.00000,0.00000,0.00000,0.99125,0.99125,0.00000,0.00000,0.00000,0.97608,0.97608,0.00000,0.00000,0.00000,1.31000,1.31000,0.00000,0.00000
sim1_uniform_post,12,3.00000,3.00000,1.00000,0.00000,0.00000,0.00000,1.00000,1.00000,0.00000,0.00000,0.00000,0.99121,0.99121,0.00000,0.00000,0.00000,0.96650,0.96650,0.00000,0.00000,0.00000,1.92600,1.92600,0.00000,0.00000
sim1_uniform_post,12,3.00000,6.00000,1.00000,0.00000,0.00000,0.00000,1.00000,1.00000,0.00000,0.00000,0.00000,0.99467,0.99467,0.00000,0.00000,0.00000,0.94879,0.94879,0.00000,0.00000,0.00000,3.83400,3.83400,0.00000,0.00000
sim1_uniform_post,12,3.00000,9.00000,1.00000,0.00000,0.00000,0.00000,1.00000,1.00000,0.00000,0.00000,0.00000,0.99467,0.99467,0.00000,0.00000,0.00000,0.92392,0.92392,0.00000,0.00000,0.00000,5.76000,5.76000,0.00000,0.00000
sim1_uniform_post,12,6.00000,1.00000,1.00000,0.00000,0.00000,0.00000,1.00000,1.00000,0.00000,0.00000,0.00000,0.99275,0.99275,0.00000,0.00000,0.00000,0.98237,0.98237,0.00000,0.00000,0.00000,0.58100,0.58100,0.00166,0.00000
sim1_uniform_post,12,6.00000,2.00000,1.00000,0.00000,0.00000,0.00000,1.00000,1.00000,0.00000,0.00000,0.00000,0.99208,0.99208,0.00000,0.00000,0.00000,0.97662,0.97662,0.00000,0.00000,0.00000,1.07800,1.07800,0.00152,0.00000
sim1_uniform_post,12,6.00000,3.00000,1.00000,0.00000,0.00000,0.00000,1.00000,1.00000,0.00000,0.00000,0.00000,0.99192,0.99192,0.00000,0.00000,0.00000,0.96521,0.96521,0.00000,0.00000,0.00000,1.60200,1.60200,0.00121,0.00000
sim1_uniform_post,12,6.00000,6.00000,1.00000,0.00000,0.00000,0.00000,1.00000,1.00000,0.00000,0.00000,0.00000,0.99346,0.99346,0.00000,0.00000,0.00000,0.94400,0.94400,0.00000,0.00000,0.00000,3.20400,3.20400,0.00059,0.00000
sim1_uniform_post,12,6.00000,9.00000,1.00000,0.00000,0.00000,0.00000,1.00000,1.00000,0.00000,0.00000,0.00000,0.99346,0.99346,0.00000,0.00000,0.00000,0.92954,0.92954,0.00000,0.00000,0.00000,4.80600,4.80600,0.00031,0.00000
sim1_uniform_post,12,12.00000,1.00000,1.00000,0.00000,0.00000,0.00000,1.00000,1.00000,0.00000,0.00000,0.00000,0.98979,0.98979,0.00000,0.00000,0.00000,0.98096,0.98096,0.00000,0.00000,0.00000,0.49600,0.49600,0.08152,0.00000
sim1_uniform_post,12,12.00000,2.00000,1.00000,0.00000,0.00000,0.00000,1.00000,1.00000,0.00000,0.00000,0.00000,0.99021,0.99021,0.00000,0.00000,0.00000,0.97825,0.97825,0.00000,0.00000,0.00000,0.93800,0.93800,0.08469,0.00000
sim1_uniform_post,12,12.00000,3.00000,1.00000,0.00000,0.00000,0.00000,1.00000,1.00000,0.00000,0.00000,0.00000,0.99083,0.99083,0.00000,0.00000,0.00000,0.96575,0.96575,0.00000,0.00000,0.00000,1.40700,1.40700,0.08841,0.00000
sim1_uniform_post,12,12.00000,6.00000,1.00000,0.00000,0.00000,0.00000,1.00000,1.00000,0.00000,0.00000,0.00000,0.99154,0.99154,0.00000,0.00000,0.00000,0.94571,0.94571,0.00000,0.00000,0.00000,2.80200,2.80200,0.07083,0.00000
sim1_uniform_post,12,12.00000,9.00000,1.00000,0.00000,0.00000,0.00000,1.00000,1.00000,0.00000,0.00000,0.00000,0.99154,0.99154,0.00000,0.00000,0.00000,0.93588,0.93588,0.00000,0.00000,0.00000,4.20300,4.20300,0.06490,0.00000
sim1_uniform_post,12,24.00000,1.00000,1.00000,0.00000,0.00000,0.00000,1.00000,1.00000,0.00000,0.00000,0.00000,0.98975,0.98975,0.00000,0.00000,0.00000,0.98188,0.98188,0.00000,0.00000,0.00000,0.50400,0.50400,0.44700,0.00000
sim1_uniform_post,12,24.00000,2.00000,1.00000,0.00000,0.00000,0.00000,1.00000,1.00000,0.00000,0.00000,0.00000,0.98992,0.98992,0.00000,0.00000,0.00000,0.97404,0.97404,0.00000,0.00000,0.00000,0.95800,0.95800,0.47307,0.00000
sim1_uniform_post,12,24.00000,3.00000,1.00000,0.00000,0.00000,0.00000,1.00000,1.00000,0.00000,0.00000,0.00000,0.99100,0.99100,0.00000,0.00000,0.00000,0.96396,0.96396,0.00000,0.00000,0.00000,1.43400,1.43400,0.48845,0.00000
sim1_uniform_post,12,24.00000,6.00000,1.00000,0.00000,0.00000,0.00000,1.00000,1.00000,0.00000,0.00000,0.00000,0.99146,0.99146,0.00000,0.00000,0.00000,0.95271,0.95271,0.00000,0.00000,0.00000,2.85600,2.85600,0.46703,0.00000
sim1_uniform_post,12,24.00000,9.00000,1.00000,0.00000,0.00000,0.00000,1.00000,1.00000,0.00000,0.00000,0.00000,0.99146,0.99146,0.00000,0.00000,0.00000,0.94100,0.94100,0.00000,0.00000,0.00000,4.28400,4.28400,0.44879,0.00000
