cell,step,setup,arm,q,qc,rho,board,forgetting,agent_schedule,controller_schedule,lambda_c,controller_gate,silent_when_target_proved,episodes,mean_p_A0_t30,mean_p_A2_t30,share_A0_t30,share_A2_t30,share_voted_t30,proof_rate_A0_t30,mean_p_A0_t40,mean_p_A2_t40,share_A0_t40,share_A2_t40,share_voted_t40,proof_rate_A0_t40,controller_messages,controller_reads,share_budget_exhausted,agent_actions,silent_cell,gain_m_target_t30,gain_share_target_t30,gain_m_target_t40,gain_share_target_t40,abstention_rate
task003_nosolution__false__q12__qc12__rho0.75__lc0.5__gateoff__stopon,,task003_nosolution,false,12,12,0.75,persistent,continuous,poisson,poisson,0.5,always,True,1000,0.28720338999103995,0.6232499076777855,0.29054166666666664,0.69975,1.0,0.0,0.2952213033433367,0.6085785057742742,0.29875,0.6903333333333332,1.0,0.0,14.914,177.097,0.0,960.821,task003_nosolution__silent__q12__rho0.75,0.15478460973714453,0.20533333333333334,0.1399129690035324,0.195375,
task003_nosolution__false__q12__qc12__rho0.75__lc0.5__gateon__stopon,,task003_nosolution,false,12,12,0.75,persistent,continuous,poisson,poisson,0.5,votes,True,1000,0.25953275142162757,0.6471520874583805,0.24429166666666668,0.7452916666666668,1.0,0.0,0.25896186895393064,0.645020666143941,0.251875,0.7376666666666667,1.0,0.0,6.805,177.097,0.0,960.821,task003_nosolution__silent__q12__rho0.75,0.17868678951773942,0.250875,0.1763551293731993,0.2427083333333333,
task003_nosolution__false__q12__qc12__rho0.75__lc1__gateoff__stopon,,task003_nosolution,false,12,12,0.75,persistent,continuous,poisson,poisson,1.0,always,True,1000,0.30757976287901095,0.6054703403982175,0.3205,0.6681666666666668,1.0,0.0,0.3172157319134744,0.5901691069995142,0.331625,0.657,1.0,0.0,27.87,330.827,0.531,960.821,task003_nosolution__silent__q12__rho0.75,0.13700504245757633,0.17375,0.12150357022877237,0.16204166666666667,
task003_nosolution__false__q12__qc12__rho0.75__lc1__gateon__stopon,,task003_nosolution,false,12,12,0.75,persistent,continuous,poisson,poisson,1.0,votes,True,1000,0.26762255278987257,0.6403629515822429,0.2603333333333333,0.729375,1.0,0.0,0.269923067511927,0.6342390501232978,0.2687083333333333,0.7199166666666668,1.0,0.0,12.436,354.047,0.066,960.821,task003_nosolution__silent__q12__rho0.75,0.17189765364160173,0.23495833333333332,0.16557351335255588,0.22495833333333332,
task003_nosolution__false__q12__qc12__rho0.75__lc2__gateoff__stopon,,task003_nosolution,false,12,12,0.75,persistent,continuous,poisson,poisson,2.0,always,True,1000,0.31158539840201993,0.5998080812844457,0.3179583333333333,0.6712083333333334,1.0,0.0,0.31419378569678663,0.5926710725938427,0.3214583333333333,0.6669583333333332,1.0,0.0,30.0,352.985,1.0,960.821,task003_nosolution__silent__q12__rho0.75,0.13134278334380461,0.17679166666666668,0.12400553582310082,0.172,
task003_nosolution__false__q12__qc12__rho0.75__lc2__gateon__stopon,,task003_nosolution,false,12,12,0.75,persistent,continuous,poisson,poisson,2.0,votes,True,1000,0.2787090902796314,0.6290977149975123,0.2754583333333333,0.7140416666666666,1.0,0.0,0.28166205981400877,0.6217249900999664,0.2820416666666667,0.70575,1.0,0.0,18.075,621.373,0.389,960.821,task003_nosolution__silent__q12__rho0.75,0.1606324170568712,0.219625,0.1530594533292246,0.21079166666666668,
task003_nosolution__false__q12__qc12__rho0.75__lc4__gateoff__stopon,,task003_nosolution,false,12,12,0.75,persistent,continuous,poisson,poisson,4.0,always,True,1000,0.3033129066367243,0.6102107095388579,0.2997916666666666,0.6907916666666666,1.0,0.0,0.3038105314725708,0.6076818608336788,0.30533333333333335,0.6847916666666666,1.0,0.0,30.0,346.238,1.0,960.821,task003_nosolution__silent__q12__rho0.75,0.14174541159821683,0.196375,0.13901632406293696,0.18983333333333333,
task003_nosolution__false__q12__qc12__rho0.75__lc4__gateon__stopon,,task003_nosolution,false,12,12,0.75,persistent,continuous,poisson,poisson,4.0,votes,True,1000,0.2836872981921875,0.6257145510986493,0.285125,0.7043333333333334,1.0,0.0,0.2846975832677924,0.6215115367001677,0.28358333333333335,0.7047083333333334,1.0,0.0,21.333,1004.06,0.564,960.821,task003_nosolution__silent__q12__rho0.75,0.15724925315800822,0.2099166666666667,0.15284599992942577,0.20975,
task003_nosolution__false__q12__qc12__rho0.75__lc8__gateoff__stopon,,task003_nosolution,false,12,12,0.75,persistent,continuous,poisson,poisson,8.0,always,True,1000,0.28575077365719825,0.6288794354614058,0.274875,0.7145833333333332,1.0,0.0,0.2864670910955425,0.626442542167271,0.277625,0.7122916666666668,1.0,0.0,30.0,332.759,1.0,960.821,task003_nosolution__silent__q12__rho0.75,0.1604141375207648,0.22016666666666668,0.15777700539652914,0.21733333333333335,
task003_nosolution__false__q12__qc12__rho0.75__lc8__gateon__stopon,,task003_nosolution,false,12,12,0.75,persistent,continuous,poisson,poisson,8.0,votes,True,1000,0.28070684474369706,0.6294746851957769,0.27795833333333336,0.7114166666666666,1.0,0.0,0.28392534656183716,0.6228076464487547,0.284625,0.7038333333333334,1.0,0.0,23.522,1578.435,0.662,960.821,task003_nosolution__silent__q12__rho0.75,0.16100938725513575,0.217,0.15414210967801298,0.208875,
task003_nosolution__false__q12__qc12__rho1__lc0.5__gateoff__stopon,,task003_nosolution,false,12,12,1.0,persistent,continuous,poisson,poisson,0.5,always,True,1000,0.3914455522718555,0.6085544477281445,0.38745833333333335,0.6125416666666668,1.0,0.0,0.4046123114082395,0.5953876885917605,0.40425,0.59575,1.0,0.0,14.914,177.109,0.0,960.821,task003_nosolution__silent__q12__rho1,0.1087804217541185,0.11016666666666668,0.09544564313721503,0.09283333333333334,
task003_nosolution__false__q12__qc12__rho1__lc0.5__gateon__stopon,,task003_nosolution,false,12,12,1.0,persistent,continuous,poisson,poisson,0.5,votes,True,1000,0.3194301217812933,0.6805698782187068,0.3150833333333334,0.6849166666666667,1.0,0.0,0.3304385294155946,0.6695614705844056,0.33058333333333334,0.6694166666666667,1.0,0.0,7.547,177.109,0.0,960.821,task003_nosolution__silent__q12__rho1,0.18079585224468087,0.18254166666666666,0.16961942512986009,0.1665,
task003_nosolution__false__q12__qc12__rho1__lc1__gateoff__stopon,,task003_nosolution,false,12,12,1.0,persistent,continuous,poisson,poisson,1.0,always,True,1000,0.45797777339619855,0.5420222266038014,0.45508333333333334,0.5449166666666667,1.0,0.0,0.46613968683453977,0.5338603131654603,0.46445833333333336,0.5355416666666666,1.0,0.0,27.87,330.844,0.531,960.821,task003_nosolution__silent__q12__rho1,0.042248200629775474,0.042541666666666665,0.03391826771091475,0.032625,
task003_nosolution__false__q12__qc12__rho1__lc1__gateon__stopon,,task003_nosolution,false,12,12,1.0,persistent,continuous,poisson,poisson,1.0,votes,True,1000,0.39224608649763454,0.6077539135023655,0.3891666666666666,0.6108333333333332,1.0,0.0,0.4038120467902737,0.5961879532097264,0.4015,0.5985,1.0,0.0,16.363,353.932,0.066,960.821,task003_nosolution__silent__q12__rho1,0.10797988752833948,0.10845833333333334,0.0962459077551809,0.09558333333333333,
task003_nosolution__false__q12__qc12__rho1__lc2__gateoff__stopon,,task003_nosolution,false,12,12,1.0,persistent,continuous,poisson,poisson,2.0,always,True,1000,0.46595954285543734,0.5340404571445626,0.465375,0.534625,1.0,0.0,0.4665865794916298,0.5334134205083703,0.46366666666666667,0.5363333333333332,1.0,0.0,30.0,353.006,1.0,960.821,task003_nosolution__silent__q12__rho1,0.03426643117053664,0.03225,0.033471375053824755,0.033416666666666664,
task003_nosolution__false__q12__qc12__rho1__lc2__gateon__stopon,,task003_nosolution,false,12,12,1.0,persistent,continuous,poisson,poisson,2.0,votes,True,1000,0.44807746784903096,0.5519225321509691,0.4452083333333333,0.5547916666666668,1.0,0.0,0.4593642335226855,0.5406357664773144,0.457125,0.542875,1.0,0.0,26.029,576.155,0.649,960.821,task003_nosolution__silent__q12__rho1,0.0521485061769431,0.052416666666666674,0.040693721022769,0.03995833333333333,
task003_nosolution__false__q12__qc12__rho1__lc4__gateoff__stopon,,task003_nosolution,false,12,12,1.0,persistent,continuous,poisson,poisson,4.0,always,True,1000,0.4528289346803271,0.547171065319673,0.44891666666666663,0.5510833333333333,1.0,0.0,0.45320577177514676,0.5467942282248534,0.4485833333333334,0.5514166666666668,1.0,0.0,30.0,346.295,1.0,960.821,task003_nosolution__silent__q12__rho1,0.04739703934564699,0.048708333333333326,0.046852182770307824,0.0485,
task003_nosolution__false__q12__qc12__rho1__lc4__gateon__stopon,,task003_nosolution,false,12,12,1.0,persistent,continuous,poisson,poisson,4.0,votes,True,1000,0.47299114275155135,0.5270088572484487,0.4705416666666667,0.5294583333333334,1.0,0.0,0.47818751435845913,0.5218124856415409,0.4751666666666666,0.5248333333333333,1.0,0.0,29.197,772.731,0.933,960.821,task003_nosolution__silent__q12__rho1,0.027234831274422715,0.02708333333333333,0.02187044018699541,0.021916666666666668,
task003_nosolution__false__q12__qc12__rho1__lc8__gateoff__stopon,,task003_nosolution,false,12,12,1.0,persistent,continuous,poisson,poisson,8.0,always,True,1000,0.4274910557636284,0.5725089442363719,0.42470833333333335,0.5752916666666668,1.0,0.0,0.42795313527611323,0.572046864723887,0.42475,0.57525,1.0,0.0,30.0,332.879,1.0,960.821,task003_nosolution__silent__q12__rho1,0.07273491826234582,0.07291666666666667,0.07210481926934145,0.07233333333333335,
task003_nosolution__false__q12__qc12__rho1__lc8__gateon__stopon,,task003_nosolution,false,12,12,1.0,persistent,continuous,poisson,poisson,8.0,votes,True,1000,0.47178882037631426,0.5282111796236859,0.4691666666666666,0.5308333333333333,1.0,0.0,0.47449140329331124,0.5255085967066889,0.471625,0.528375,1.0,0.0,29.746,1054.851,0.98,960.821,task003_nosolution__silent__q12__rho1,0.0284371536496598,0.028458333333333335,0.02556655125214332,0.025458333333333333,
task003_nosolution__false__q12__qc24__rho0.75__lc0.5__gateoff__stopon,,task003_nosolution,false,12,24,0.75,persistent,continuous,poisson,poisson,0.5,always,True,1000,0.2418421200160194,0.6673458003444318,0.22375,0.765375,1.0,0.0,0.24102331384241843,0.6595685326333139,0.22320833333333334,0.7649583333333334,1.0,0.0,14.914,351.164,0.0,960.821,task003_nosolution__silent__q12__rho0.75,0.1988805024037907,0.27095833333333336,0.19090299586257203,0.27,
task003_nosolution__false__q12__qc24__rho0.75__lc0.5__gateon__stopon,,task003_nosolution,false,12,24,0.75,persistent,continuous,poisson,poisson,0.5,votes,True,1000,0.2446382870995642,0.6652771078331007,0.21558333333333335,0.77275,1.0,0.0,0.24149759123763448,0.660875556831381,0.22045833333333334,0.7676666666666666,1.0,0.0,6.707,351.163,0.0,960.821,task003_nosolution__silent__q12__rho0.75,0.1968118098924596,0.2783333333333334,0.19221002006063911,0.2727083333333334,
task003_nosolution__false__q12__qc24__rho0.75__lc1__gateoff__stopon,,task003_nosolution,false,12,24,0.75,persistent,continuous,poisson,poisson,1.0,always,True,1000,0.2490762896561981,0.6591936149917084,0.23295833333333335,0.7562916666666667,1.0,0.0,0.25065335225568897,0.6514482511673577,0.2353333333333333,0.7517916666666667,1.0,0.0,27.87,655.795,0.531,960.821,task003_nosolution__silent__q12__rho0.75,0.19072831705106721,0.261875,0.1827827143966158,0.25683333333333336,
task003_nosolution__false__q12__qc24__rho0.75__lc1__gateon__stopon,,task003_nosolution,false,12,24,0.75,persistent,continuous,poisson,poisson,1.0,votes,True,1000,0.2443900885772539,0.6634193668767377,0.219,0.7704583333333332,1.0,0.0,0.24032578274138364,0.6617189205797692,0.22066666666666665,0.7675,1.0,0.0,12.084,700.986,0.09,960.821,task003_nosolution__silent__q12__rho0.75,0.19495406893609654,0.27604166666666663,0.19305338380902737,0.2725416666666666,
task003_nosolution__false__q12__qc24__rho0.75__lc2__gateoff__stopon,,task003_nosolution,false,12,24,0.75,persistent,continuous,poisson,poisson,2.0,always,True,1000,0.25139393693589757,0.6557550207851509,0.2328333333333333,0.7569166666666667,1.0,0.0,0.2476311957513894,0.6560891704375292,0.2325,0.755375,1.0,0.0,30.0,694.166,1.0,960.821,task003_nosolution__silent__q12__rho0.75,0.18728972284450976,0.2625,0.18742363366678735,0.26041666666666663,
task003_nosolution__false__q12__qc24__rho0.75__lc2__gateon__stopon,,task003_nosolution,false,12,24,0.75,persistent,continuous,poisson,poisson,2.0,votes,True,1000,0.2432915866739308,0.6637781701910423,0.2184583333333333,0.7705833333333333,1.0,0.0,0.24194371278283922,0.6616964529604509,0.22325,0.766375,1.0,0.0,16.389,1224.685,0.356,960.821,task003_nosolution__silent__q12__rho0.75,0.19531287225040128,0.27616666666666667,0.1930309161897091,0.27141666666666664,
task003_nosolution__false__q12__qc24__rho0.75__lc4__gateoff__stopon,,task003_nosolution,false,12,24,0.75,persistent,continuous,poisson,poisson,4.0,always,True,1000,0.25368306648051897,0.6561640912410116,0.23029166666666667,0.75975,1.0,0.0,0.25317558501617515,0.6530509121856032,0.235125,0.7539166666666668,1.0,0.0,30.0,668.613,1.0,960.821,task003_nosolution__silent__q12__rho0.75,0.18769879330037054,0.26533333333333337,0.18438537541486136,0.25895833333333335,
task003_nosolution__false__q12__qc24__rho0.75__lc4__gateon__stopon,,task003_nosolution,false,12,24,0.75,persistent,continuous,poisson,poisson,4.0,votes,True,1000,0.2476756888923368,0.6609796610307321,0.226625,0.7629583333333334,1.0,0.0,0.24495219330012005,0.659444029707694,0.22525,0.7635833333333334,1.0,0.0,19.318,2035.081,0.484,960.821,task003_nosolution__silent__q12__rho0.75,0.19251436309009104,0.2685416666666667,0.190778492936952,0.268625,
task003_nosolution__false__q12__qc24__rho0.75__lc8__gateoff__stopon,,task003_nosolution,false,12,24,0.75,persistent,continuous,poisson,poisson,8.0,always,True,1000,0.24918923682160388,0.6605602010622299,0.22695833333333332,0.762125,1.0,0.0,0.2472267505405021,0.6617462943419986,0.2283333333333333,0.7607916666666666,1.0,0.0,30.0,617.642,1.0,960.821,task003_nosolution__silent__q12__rho0.75,0.19209490312158883,0.2677083333333333,0.1930807575712567,0.26583333333333337,
task003_nosolution__false__q12__qc24__rho0.75__lc8__gateon__stopon,,task003_nosolution,false,12,24,0.75,persistent,continuous,poisson,poisson,8.0,votes,True,1000,0.24667038959909712,0.6620324197158926,0.224125,0.766,1.0,0.0,0.24419093900061062,0.6618031844314878,0.22666666666666666,0.7622083333333334,1.0,0.0,21.398,3395.422,0.568,960.821,task003_nosolution__silent__q12__rho0.75,0.19356712177525146,0.2715833333333334,0.19313764766074593,0.26725,
task003_nosolution__false__q12__qc24__rho1__lc0.5__gateoff__stopon,,task003_nosolution,false,12,24,1.0,persistent,continuous,poisson,poisson,0.5,always,True,1000,0.3011132163894779,0.6988867836105219,0.2956666666666667,0.7043333333333334,1.0,0.0,0.30593099706424803,0.6940690029357516,0.306625,0.693375,1.0,0.0,14.914,351.189,0.0,960.821,task003_nosolution__silent__q12__rho1,0.199112757636496,0.20195833333333332,0.19412695748120626,0.1904583333333333,
task003_nosolution__false__q12__qc24__rho1__lc0.5__gateon__stopon,,task003_nosolution,false,12,24,1.0,persistent,continuous,poisson,poisson,0.5,votes,True,1000,0.26073932299435093,0.7392606770056493,0.25666666666666665,0.7433333333333334,1.0,0.0,0.26327624202129646,0.7367237579787038,0.2627083333333333,0.7372916666666667,1.0,0.0,7.257,351.188,0.0,960.821,task003_nosolution__silent__q12__rho1,0.2394866510316233,0.2409583333333333,0.23678171252415828,0.234375,
task003_nosolution__false__q12__qc24__rho1__lc1__gateoff__stopon,,task003_nosolution,false,12,24,1.0,persistent,continuous,poisson,poisson,1.0,always,True,1000,0.3360878172520605,0.6639121827479392,0.330875,0.669125,1.0,0.0,0.3401282044457595,0.65987179555424,0.34025,0.65975,1.0,0.0,27.87,655.83,0.531,960.821,task003_nosolution__silent__q12__rho1,0.16413815677391333,0.16675000000000004,0.1599297500996948,0.15683333333333335,
task003_nosolution__false__q12__qc24__rho1__lc1__gateon__stopon,,task003_nosolution,false,12,24,1.0,persistent,continuous,poisson,poisson,1.0,votes,True,1000,0.2980881944749742,0.7019118055250259,0.29304166666666664,0.7069583333333332,1.0,0.0,0.3032973975106328,0.6967026024893673,0.3055833333333334,0.6944166666666668,1.0,0.0,14.69,701.405,0.073,960.821,task003_nosolution__silent__q12__rho1,0.2021377795509999,0.2045833333333333,0.19676055703482181,0.1915,
task003_nosolution__false__q12__qc24__rho1__lc2__gateoff__stopon,,task003_nosolution,false,12,24,1.0,persistent,continuous,poisson,poisson,2.0,always,True,1000,0.35260758930469427,0.6473924106953054,0.35,0.65,1.0,0.0,0.3540119294149961,0.6459880705850037,0.35095833333333337,0.6490416666666666,1.0,0.0,30.0,694.218,1.0,960.821,task003_nosolution__silent__q12__rho1,0.14761838472127958,0.147625,0.14604602513045833,0.146125,
task003_nosolution__false__q12__qc24__rho1__lc2__gateon__stopon,,task003_nosolution,false,12,24,1.0,persistent,continuous,poisson,poisson,2.0,votes,True,1000,0.33773508845120265,0.6622649115487973,0.3341666666666667,0.6658333333333334,1.0,0.0,0.3422149150464942,0.6577850849535057,0.3418333333333334,0.6581666666666668,1.0,0.0,23.834,1199.518,0.472,960.821,task003_nosolution__silent__q12__rho1,0.16249088557477132,0.16345833333333334,0.1578430394989603,0.15525,
task003_nosolution__false__q12__qc24__rho1__lc4__gateoff__stopon,,task003_nosolution,false,12,24,1.0,persistent,continuous,poisson,poisson,4.0,always,True,1000,0.36400842246242177,0.6359915775375782,0.3587916666666667,0.6412083333333334,1.0,0.0,0.365302197016564,0.634697802983436,0.36258333333333337,0.6374166666666666,1.0,0.0,30.0,668.754,1.0,960.821,task003_nosolution__silent__q12__rho1,0.13621755156355225,0.1388333333333333,0.13475575752889052,0.1345,
task003_nosolution__false__q12__qc24__rho1__lc4__gateon__stopon,,task003_nosolution,false,12,24,1.0,persistent,continuous,poisson,poisson,4.0,votes,True,1000,0.3606575204560346,0.6393424795439654,0.356,0.644,1.0,0.0,0.36537973395654344,0.6346202660434564,0.3639583333333334,0.6360416666666666,1.0,0.0,28.067,1692.963,0.841,960.821,task003_nosolution__silent__q12__rho1,0.13956845356993938,0.141625,0.13467822058891102,0.133125,
task003_nosolution__false__q12__qc24__rho1__lc8__gateoff__stopon,,task003_nosolution,false,12,24,1.0,persistent,continuous,poisson,poisson,8.0,always,True,1000,0.3621772258702115,0.6378227741297886,0.3592083333333333,0.6407916666666668,1.0,0.0,0.36432407047680865,0.6356759295231916,0.36075,0.63925,1.0,0.0,30.0,617.912,1.0,960.821,task003_nosolution__silent__q12__rho1,0.13804874815576265,0.1384166666666667,0.1357338840686461,0.13633333333333333,
task003_nosolution__false__q12__qc24__rho1__lc8__gateon__stopon,,task003_nosolution,false,12,24,1.0,persistent,continuous,poisson,poisson,8.0,votes,True,1000,0.3678884889894687,0.6321115110105313,0.3654583333333334,0.6345416666666668,1.0,0.0,0.3714413247964843,0.6285586752035157,0.3692083333333333,0.6307916666666666,1.0,0.0,29.188,2411.448,0.937,960.821,task003_nosolution__silent__q12__rho1,0.13233748503650536,0.13216666666666665,0.12861662974897023,0.127875,
task003_nosolution__false__q12__qc3__rho0.75__lc0.5__gateoff__stopon,,task003_nosolution,false,12,3,0.75,persistent,continuous,poisson,poisson,0.5,always,True,1000,0.2778213847701836,0.6361237774245292,0.26858333333333334,0.7237083333333334,1.0,0.0,0.28649656977337656,0.625324185637372,0.283,0.7074166666666666,1.0,0.0,14.914,44.571,0.0,960.821,task003_nosolution__silent__q12__rho0.75,0.16765847948388812,0.2292916666666667,0.15665864886663008,0.2124583333333333,
task003_nosolution__false__q12__qc3__rho0.75__lc0.5__gateon__stopon,,task003_nosolution,false,12,3,0.75,persistent,continuous,poisson,poisson,0.5,votes,True,1000,0.25683343844719875,0.6533912227227632,0.236375,0.7543333333333333,1.0,0.0,0.25447073555040794,0.651410755661134,0.23679166666666665,0.7529166666666667,1.0,0.0,9.14,44.571,0.0,960.821,task003_nosolution__silent__q12__rho0.75,0.18492592478212191,0.2599166666666667,0.18274521889039227,0.25795833333333335,
task003_nosolution__false__q12__qc3__rho0.75__lc1__gateoff__stopon,,task003_nosolution,false,12,3,0.75,persistent,continuous,poisson,poisson,1.0,always,True,1000,0.29616551441465283,0.6224872681576477,0.291125,0.70025,1.0,0.0,0.3063468717877752,0.6099634480819477,0.3055833333333334,0.6859583333333333,1.0,0.0,27.87,83.265,0.531,960.821,task003_nosolution__silent__q12__rho0.75,0.15402197021700653,0.2058333333333333,0.1412979113112058,0.191,
task003_nosolution__false__q12__qc3__rho0.75__lc1__gateon__stopon,,task003_nosolution,false,12,3,0.75,persistent,continuous,poisson,poisson,1.0,votes,True,1000,0.25612806834116414,0.6569564443067895,0.23933333333333331,0.7522916666666667,1.0,0.0,0.26038762935590126,0.6485553169400011,0.2472083333333333,0.7428333333333332,1.0,0.0,17.023,89.31,0.057,960.821,task003_nosolution__silent__q12__rho0.75,0.1884911463661483,0.257875,0.17988978016925933,0.247875,
task003_nosolution__false__q12__qc3__rho0.75__lc2__gateoff__stopon,,task003_nosolution,false,12,3,0.75,persistent,continuous,poisson,poisson,2.0,always,True,1000,0.2984103200065695,0.6217110287891241,0.2912916666666666,0.70075,1.0,0.0,0.3000295339622636,0.6156766996295331,0.29570833333333335,0.6943333333333332,1.0,0.0,30.0,89.345,1.0,960.821,task003_nosolution__silent__q12__rho0.75,0.15324573084848295,0.2063333333333333,0.14701116285879132,0.199375,
task003_nosolution__false__q12__qc3__rho0.75__lc2__gateon__stopon,,task003_nosolution,false,12,3,0.75,persistent,continuous,poisson,poisson,2.0,votes,True,1000,0.26627921446981795,0.6471565184743815,0.248125,0.7421666666666668,1.0,0.0,0.2674564482006941,0.6426280058691485,0.2585833333333334,0.7320833333333333,1.0,0.0,24.955,151.58,0.536,960.821,task003_nosolution__silent__q12__rho0.75,0.17869122053374045,0.24775,0.17396246909840668,0.237125,
task003_nosolution__false__q12__qc3__rho0.75__lc4__gateoff__stopon,,task003_nosolution,false,12,3,0.75,persistent,continuous,poisson,poisson,4.0,always,True,1000,0.2840524558234432,0.6346018808813558,0.2725416666666666,0.71725,1.0,0.0,0.2832669460177101,0.6340538804387228,0.27275,0.718125,1.0,0.0,30.0,88.764,1.0,960.821,task003_nosolution__silent__q12__rho0.75,0.16613658294071462,0.22283333333333336,0.16538834366798097,0.22316666666666665,
task003_nosolution__false__q12__qc3__rho0.75__lc4__gateon__stopon,,task003_nosolution,false,12,3,0.75,persistent,continuous,poisson,poisson,4.0,votes,True,1000,0.26015244363414547,0.6578591650209903,0.242375,0.7489166666666668,1.0,0.0,0.26311494939727437,0.6512231484868248,0.2475416666666667,0.7432916666666668,1.0,0.0,28.854,206.186,0.841,960.821,task003_nosolution__silent__q12__rho0.75,0.1893938670803491,0.2545,0.18255761171608303,0.24833333333333335,
task003_nosolution__false__q12__qc3__rho0.75__lc8__gateoff__stopon,,task003_nosolution,false,12,3,0.75,persistent,continuous,poisson,poisson,8.0,always,True,1000,0.2732920542425627,0.6475416743985186,0.2580833333333334,0.7334166666666667,1.0,0.0,0.27543975979573065,0.6414607651046492,0.2606666666666667,0.73075,1.0,0.0,30.0,87.645,1.0,960.821,task003_nosolution__silent__q12__rho0.75,0.17907637645787747,0.239,0.17279522833390745,0.23579166666666668,
task003_nosolution__false__q12__qc3__rho0.75__lc8__gateon__stopon,,task003_nosolution,false,12,3,0.75,persistent,continuous,poisson,poisson,8.0,votes,True,1000,0.2547228015831734,0.6632716565958169,0.23441666666666666,0.755375,1.0,0.0,0.25702208538128385,0.6577112520556748,0.23791666666666667,0.7517083333333334,1.0,0.0,29.926,225.428,0.987,960.821,task003_nosolution__silent__q12__rho0.75,0.19480635865517587,0.26095833333333335,0.18904571528493286,0.25675,
task003_nosolution__false__q12__qc3__rho1__lc0.5__gateoff__stopon,,task003_nosolution,false,12,3,1.0,persistent,continuous,poisson,poisson,0.5,always,True,1000,0.3487031230864153,0.6512968769135852,0.347875,0.652125,1.0,0.0,0.35975182145403484,0.6402481785459656,0.3580833333333333,0.6419166666666667,1.0,0.0,14.914,44.573,0.0,960.821,task003_nosolution__silent__q12__rho1,0.15152285093955903,0.14975,0.14030613309142,0.139,
task003_nosolution__false__q12__qc3__rho1__lc0.5__gateon__stopon,,task003_nosolution,false,12,3,1.0,persistent,continuous,poisson,poisson,0.5,votes,True,1000,0.2889561896479745,0.7110438103520259,0.2860416666666667,0.7139583333333334,1.0,0.0,0.2947597301945077,0.7052402698054927,0.2919583333333334,0.7080416666666668,1.0,0.0,10.028,44.573,0.0,960.821,task003_nosolution__silent__q12__rho1,0.21126978437799981,0.21158333333333335,0.20529822435094716,0.205125,
task003_nosolution__false__q12__qc3__rho1__lc1__gateoff__stopon,,task003_nosolution,false,12,3,1.0,persistent,continuous,poisson,poisson,1.0,always,True,1000,0.39358654451531006,0.6064134554846903,0.39033333333333337,0.6096666666666666,1.0,0.0,0.39912220045960545,0.600877799540395,0.39929166666666666,0.6007083333333334,1.0,0.0,27.87,83.265,0.531,960.821,task003_nosolution__silent__q12__rho1,0.10663942951066425,0.10729166666666666,0.1009357540858494,0.09779166666666667,
task003_nosolution__false__q12__qc3__rho1__lc1__gateon__stopon,,task003_nosolution,false,12,3,1.0,persistent,continuous,poisson,poisson,1.0,votes,True,1000,0.3253336565117384,0.6746663434882622,0.3242083333333334,0.6757916666666667,1.0,0.0,0.33478375380112346,0.6652162461988771,0.333,0.667,1.0,0.0,19.447,89.436,0.034,960.821,task003_nosolution__silent__q12__rho1,0.17489231751423592,0.17341666666666666,0.16527420074433138,0.16408333333333333,
task003_nosolution__false__q12__qc3__rho1__lc2__gateoff__stopon,,task003_nosolution,false,12,3,1.0,persistent,continuous,poisson,poisson,2.0,always,True,1000,0.40068335027510205,0.5993166497248984,0.397625,0.602375,1.0,0.0,0.4011239277389278,0.5988760722610726,0.39958333333333335,0.6004166666666667,1.0,0.0,30.0,89.347,1.0,960.821,task003_nosolution__silent__q12__rho1,0.09954262375087226,0.1,0.09893402680652705,0.0975,
task003_nosolution__false__q12__qc3__rho1__lc2__gateon__stopon,,task003_nosolution,false,12,3,1.0,persistent,continuous,poisson,poisson,2.0,votes,True,1000,0.36348228118971243,0.636517718810288,0.35825,0.64175,1.0,0.0,0.3700435408365097,0.6299564591634907,0.369625,0.630375,1.0,0.0,29.177,142.99,0.83,960.821,task003_nosolution__silent__q12__rho1,0.13674369283626192,0.139375,0.13001441370894523,0.12745833333333334,
task003_nosolution__false__q12__qc3__rho1__lc4__gateoff__stopon,,task003_nosolution,false,12,3,1.0,persistent,continuous,poisson,poisson,4.0,always,True,1000,0.39187073224355035,0.6081292677564502,0.3896666666666666,0.6103333333333334,1.0,0.0,0.3923529694022063,0.6076470305977941,0.392,0.608,1.0,0.0,30.0,88.772,1.0,960.821,task003_nosolution__silent__q12__rho1,0.10835524178242403,0.10795833333333334,0.10770498514324846,0.10508333333333333,
task003_nosolution__false__q12__qc3__rho1__lc4__gateon__stopon,,task003_nosolution,false,12,3,1.0,persistent,continuous,poisson,poisson,4.0,votes,True,1000,0.3636048679570846,0.6363951320429159,0.3604166666666666,0.6395833333333333,1.0,0.0,0.3658193596570706,0.6341806403429299,0.367375,0.632625,1.0,0.0,29.985,163.765,0.995,960.821,task003_nosolution__silent__q12__rho1,0.13662110606888972,0.13720833333333335,0.13423859488838427,0.12970833333333331,
task003_nosolution__false__q12__qc3__rho1__lc8__gateoff__stopon,,task003_nosolution,false,12,3,1.0,persistent,continuous,poisson,poisson,8.0,always,True,1000,0.376829970517885,0.6231700294821155,0.37320833333333336,0.6267916666666667,1.0,0.0,0.3777674048912164,0.6222325951087839,0.3762083333333333,0.6237916666666666,1.0,0.0,30.0,87.66,1.0,960.821,task003_nosolution__silent__q12__rho1,0.12339600350808931,0.12441666666666666,0.1222905496542384,0.120875,
task003_nosolution__false__q12__qc3__rho1__lc8__gateon__stopon,,task003_nosolution,false,12,3,1.0,persistent,continuous,poisson,poisson,8.0,votes,True,1000,0.35285768244370547,0.647142317556295,0.35083333333333333,0.6491666666666668,1.0,0.0,0.35454795737450284,0.6454520426254976,0.354125,0.645875,1.0,0.0,30.0,189.272,1.0,960.821,task003_nosolution__silent__q12__rho1,0.1473682915822688,0.14679166666666668,0.14550999717095195,0.14295833333333333,
task003_nosolution__false__q12__qc6__rho0.75__lc0.5__gateoff__stopon,,task003_nosolution,false,12,6,0.75,persistent,continuous,poisson,poisson,0.5,always,True,1000,0.29925142221566386,0.6189329504173995,0.3025,0.6889166666666666,1.0,0.0,0.3096237906477576,0.604330117569736,0.3159166666666666,0.6757083333333334,1.0,0.0,14.914,88.942,0.0,960.821,task003_nosolution__silent__q12__rho0.75,0.15046765247675842,0.1945,0.1356645807989942,0.18075,
task003_nosolution__false__q12__qc6__rho0.75__lc0.5__gateon__stopon,,task003_nosolution,false,12,6,0.75,persistent,continuous,poisson,poisson,0.5,votes,True,1000,0.2652726618338794,0.6462426192412393,0.2518333333333333,0.7395,1.0,0.0,0.2689707794920535,0.6381506944033115,0.260125,0.730125,1.0,0.0,7.772,88.942,0.0,960.821,task003_nosolution__silent__q12__rho0.75,0.1777773213005981,0.24508333333333338,0.16948515763256966,0.2351666666666667,
task003_nosolution__false__q12__qc6__rho0.75__lc1__gateoff__stopon,,task003_nosolution,false,12,6,0.75,persistent,continuous,poisson,poisson,1.0,always,True,1000,0.31650691006529474,0.6046223625030598,0.322875,0.6688333333333333,1.0,0.0,0.3255958796009359,0.5897748293356535,0.334125,0.6562083333333334,1.0,0.0,27.87,166.159,0.531,960.821,task003_nosolution__silent__q12__rho0.75,0.13615706456241872,0.17441666666666666,0.12110929256491167,0.16125,
task003_nosolution__false__q12__qc6__rho0.75__lc1__gateon__stopon,,task003_nosolution,false,12,6,0.75,persistent,continuous,poisson,poisson,1.0,votes,True,1000,0.27737908800765276,0.6334856952005236,0.27408333333333335,0.7163333333333333,1.0,0.0,0.28182939992146955,0.6264501179297642,0.28145833333333337,0.708,1.0,0.0,14.676,178.081,0.058,960.821,task003_nosolution__silent__q12__rho0.75,0.16502039725988238,0.22191666666666668,0.1577845811590224,0.21304166666666668,
task003_nosolution__false__q12__qc6__rho0.75__lc2__gateoff__stopon,,task003_nosolution,false,12,6,0.75,persistent,continuous,poisson,poisson,2.0,always,True,1000,0.32193182273051413,0.5965228421301578,0.3219166666666667,0.66775,1.0,0.0,0.32527583595457665,0.5900539088045552,0.33091666666666664,0.66025,1.0,0.0,30.0,177.953,1.0,960.821,task003_nosolution__silent__q12__rho0.75,0.1280575441895168,0.17333333333333334,0.12138837203381346,0.1652916666666667,
task003_nosolution__false__q12__qc6__rho0.75__lc2__gateon__stopon,,task003_nosolution,false,12,6,0.75,persistent,continuous,poisson,poisson,2.0,votes,True,1000,0.28105975595027594,0.633821185520924,0.2774583333333333,0.7144166666666667,1.0,0.0,0.2874369126425942,0.6233877292096031,0.28841666666666665,0.7026666666666667,1.0,0.0,21.301,308.492,0.463,960.821,task003_nosolution__silent__q12__rho0.75,0.1653558875802829,0.22,0.15472219243886132,0.20770833333333336,
task003_nosolution__false__q12__qc6__rho0.75__lc4__gateoff__stopon,,task003_nosolution,false,12,6,0.75,persistent,continuous,poisson,poisson,4.0,always,True,1000,0.30810737042766184,0.6146161771858084,0.30383333333333334,0.6877916666666667,1.0,0.0,0.31083822472925676,0.607798342795207,0.31,0.6804166666666667,1.0,0.0,30.0,176.077,1.0,960.821,task003_nosolution__silent__q12__rho0.75,0.1461508792451673,0.193375,0.13913280602446515,0.1854583333333333,
task003_nosolution__false__q12__qc6__rho0.75__lc4__gateon__stopon,,task003_nosolution,false,12,6,0.75,persistent,continuous,poisson,poisson,4.0,votes,True,1000,0.2905118669942471,0.62553128907298,0.28958333333333336,0.7010833333333334,1.0,0.0,0.29548671654254105,0.6189077477599355,0.29508333333333336,0.695,1.0,0.0,25.775,457.649,0.715,960.821,task003_nosolution__silent__q12__rho0.75,0.15706599113233885,0.2066666666666667,0.1502422109891937,0.20004166666666665,
task003_nosolution__false__q12__qc6__rho0.75__lc8__gateoff__stopon,,task003_nosolution,false,12,6,0.75,persistent,continuous,poisson,poisson,8.0,always,True,1000,0.2961577263740708,0.6253984000138505,0.28745833333333337,0.70425,1.0,0.0,0.2983476357416132,0.6197354523870362,0.29341666666666666,0.697125,1.0,0.0,30.0,172.378,1.0,960.821,task003_nosolution__silent__q12__rho0.75,0.15693310207320943,0.20983333333333332,0.1510699156162943,0.2021666666666667,
task003_nosolution__false__q12__qc6__rho0.75__lc8__gateon__stopon,,task003_nosolution,false,12,6,0.75,persistent,continuous,poisson,poisson,8.0,votes,True,1000,0.2930639175960163,0.6249232983875401,0.28770833333333334,0.7037083333333333,1.0,0.0,0.29565539339412417,0.6179853803480906,0.29,0.701375,1.0,0.0,28.048,628.989,0.849,960.821,task003_nosolution__silent__q12__rho0.75,0.15645800044689914,0.20929166666666668,0.14931984357734876,0.2064166666666667,
task003_nosolution__false__q12__qc6__rho1__lc0.5__gateoff__stopon,,task003_nosolution,false,12,6,1.0,persistent,continuous,poisson,poisson,0.5,always,True,1000,0.3905745922238224,0.6094254077761779,0.3885,0.6115,1.0,0.0,0.40100414514203125,0.5989958548579691,0.4004166666666667,0.5995833333333332,1.0,0.0,14.914,88.951,0.0,960.821,task003_nosolution__silent__q12__rho1,0.10965138180215186,0.109125,0.09905380940342356,0.09666666666666666,
task003_nosolution__false__q12__qc6__rho1__lc0.5__gateon__stopon,,task003_nosolution,false,12,6,1.0,persistent,continuous,poisson,poisson,0.5,votes,True,1000,0.33144429860960795,0.6685557013903926,0.32891666666666663,0.6710833333333333,1.0,0.0,0.34299204723092985,0.6570079527690704,0.344375,0.655625,1.0,0.0,9.011,88.951,0.0,960.821,task003_nosolution__silent__q12__rho1,0.16878167541636638,0.16870833333333335,0.15706590731452494,0.15270833333333333,
task003_nosolution__false__q12__qc6__rho1__lc1__gateoff__stopon,,task003_nosolution,false,12,6,1.0,persistent,continuous,poisson,poisson,1.0,always,True,1000,0.43707242703202914,0.5629275729679711,0.4344166666666666,0.5655833333333333,1.0,0.0,0.4407469834087482,0.5592530165912522,0.4389166666666666,0.5610833333333334,1.0,0.0,27.87,166.161,0.531,960.821,task003_nosolution__silent__q12__rho1,0.06315354699394508,0.06320833333333332,0.0593109711367066,0.058166666666666665,
task003_nosolution__false__q12__qc6__rho1__lc1__gateon__stopon,,task003_nosolution,false,12,6,1.0,persistent,continuous,poisson,poisson,1.0,votes,True,1000,0.40577747747429055,0.5942225225257098,0.4025833333333333,0.5974166666666667,1.0,0.0,0.41747990897611287,0.5825200910238875,0.41479166666666667,0.5852083333333333,1.0,0.0,18.83,178.257,0.055,960.821,task003_nosolution__silent__q12__rho1,0.09444849655168372,0.09504166666666668,0.08257804556934192,0.08229166666666667,
task003_nosolution__false__q12__qc6__rho1__lc2__gateoff__stopon,,task003_nosolution,false,12,6,1.0,persistent,continuous,poisson,poisson,2.0,always,True,1000,0.4379796837630996,0.5620203162369007,0.43629166666666663,0.5637083333333333,1.0,0.0,0.438121028684901,0.5618789713150993,0.4367916666666667,0.5632083333333333,1.0,0.0,30.0,177.96,1.0,960.821,task003_nosolution__silent__q12__rho1,0.06224629026287468,0.06133333333333333,0.0619369258605538,0.060291666666666674,
task003_nosolution__false__q12__qc6__rho1__lc2__gateon__stopon,,task003_nosolution,false,12,6,1.0,persistent,continuous,poisson,poisson,2.0,votes,True,1000,0.44232077233440964,0.5576792276655906,0.439,0.561,1.0,0.0,0.4483329916514797,0.5516670083485204,0.44741666666666663,0.5525833333333334,1.0,0.0,28.561,280.528,0.805,960.821,task003_nosolution__silent__q12__rho1,0.05790520169156456,0.058625,0.05172496289397499,0.04966666666666667,
task003_nosolution__false__q12__qc6__rho1__lc4__gateoff__stopon,,task003_nosolution,false,12,6,1.0,persistent,continuous,poisson,poisson,4.0,always,True,1000,0.4293306907476501,0.5706693092523503,0.4269583333333334,0.5730416666666668,1.0,0.0,0.42954270659233895,0.5704572934076614,0.4284166666666666,0.5715833333333332,1.0,0.0,30.0,176.094,1.0,960.821,task003_nosolution__silent__q12__rho1,0.07089528327832417,0.07066666666666667,0.07051524795311578,0.06866666666666667,
task003_nosolution__false__q12__qc6__rho1__lc4__gateon__stopon,,task003_nosolution,false,12,6,1.0,persistent,continuous,poisson,poisson,4.0,votes,True,1000,0.436919281308153,0.5630807186918473,0.43129166666666663,0.5687083333333333,1.0,0.0,0.44038151286891164,0.5596184871310889,0.43829166666666663,0.5617083333333333,1.0,0.0,29.654,347.643,0.97,960.821,task003_nosolution__silent__q12__rho1,0.06330669271782122,0.06633333333333334,0.05967644167654318,0.058791666666666666,
task003_nosolution__false__q12__qc6__rho1__lc8__gateoff__stopon,,task003_nosolution,false,12,6,1.0,persistent,continuous,poisson,poisson,8.0,always,True,1000,0.4228283471974471,0.5771716528025532,0.4193333333333334,0.5806666666666668,1.0,0.0,0.4230375071338307,0.5769624928661696,0.4200833333333333,0.5799166666666666,1.0,0.0,30.0,172.432,1.0,960.821,task003_nosolution__silent__q12__rho1,0.07739762682852713,0.07829166666666666,0.07702044741162407,0.077,
task003_nosolution__false__q12__qc6__rho1__lc8__gateon__stopon,,task003_nosolution,false,12,6,1.0,persistent,continuous,poisson,poisson,8.0,votes,True,1000,0.4337973220139097,0.5662026779860905,0.43229166666666663,0.5677083333333333,1.0,0.0,0.4354140893665159,0.5645859106334844,0.4329583333333334,0.5670416666666668,1.0,0.0,29.983,438.758,0.998,960.821,task003_nosolution__silent__q12__rho1,0.06642865201206453,0.06533333333333334,0.06464386517893889,0.064125,
task003_nosolution__false__q3__qc12__rho0.75__lc0.5__gateoff__stopon,,task003_nosolution,false,3,12,0.75,persistent,continuous,poisson,poisson,0.5,always,True,1000,0.22310748795900268,0.6320797075443836,0.19825,0.717875,1.0,0.0,0.22221046935799302,0.6302502831822092,0.196625,0.71875,1.0,0.0,14.914,177.083,0.0,960.821,task003_nosolution__silent__q3__rho0.75,0.17222690960261355,0.22320833333333334,0.16918450172521535,0.22208333333333335,
task003_nosolution__false__q3__qc12__rho0.75__lc0.5__gateon__stopon,,task003_nosolution,false,3,12,0.75,persistent,continuous,poisson,poisson,0.5,votes,True,1000,0.22242960037795956,0.6312666301706479,0.191875,0.7204166666666667,1.0,0.0,0.21700150162056264,0.6311525793149219,0.19141666666666665,0.7201666666666666,1.0,0.0,9.124,177.084,0.0,960.821,task003_nosolution__silent__q3__rho0.75,0.17141383222887785,0.22575,0.170086797857928,0.2235,
task003_nosolution__false__q3__qc12__rho0.75__lc1__gateoff__stopon,,task003_nosolution,false,3,12,0.75,persistent,continuous,poisson,poisson,1.0,always,True,1000,0.2262788901177201,0.6265196525246051,0.20091666666666666,0.7109166666666666,1.0,0.0,0.23207365016719572,0.6188480308214789,0.209375,0.703875,1.0,0.0,27.87,330.804,0.531,960.821,task003_nosolution__silent__q3__rho0.75,0.16666685458283495,0.21625,0.15778224936448515,0.20720833333333336,
task003_nosolution__false__q3__qc12__rho0.75__lc1__gateon__stopon,,task003_nosolution,false,3,12,0.75,persistent,continuous,poisson,poisson,1.0,votes,True,1000,0.2237487560417922,0.6291893366854565,0.19866666666666666,0.71325,1.0,0.0,0.22304646109648893,0.6249386272176362,0.196625,0.713375,1.0,0.0,16.97,355.178,0.038,960.821,task003_nosolution__silent__q3__rho0.75,0.16933653874368634,0.21858333333333335,0.1638728457606424,0.21670833333333334,
task003_nosolution__false__q3__qc12__rho0.75__lc2__gateoff__stopon,,task003_nosolution,false,3,12,0.75,persistent,continuous,poisson,poisson,2.0,always,True,1000,0.2347500388371063,0.6174651763135025,0.21075,0.7032083333333333,1.0,0.0,0.23599406030455622,0.6125499608226769,0.2150416666666667,0.6922916666666666,1.0,0.0,30.0,352.942,1.0,960.821,task003_nosolution__silent__q3__rho0.75,0.1576123783717324,0.20854166666666668,0.15148417936568306,0.195625,
task003_nosolution__false__q3__qc12__rho0.75__lc2__gateon__stopon,,task003_nosolution,false,3,12,0.75,persistent,continuous,poisson,poisson,2.0,votes,True,1000,0.22780662312714517,0.6238042987749898,0.20104166666666667,0.712125,1.0,0.0,0.22968280368805308,0.6186024319612629,0.2092083333333333,0.6983333333333334,1.0,0.0,25.445,594.136,0.544,960.821,task003_nosolution__silent__q3__rho0.75,0.16395150083321977,0.2174583333333333,0.15753665050426904,0.20166666666666666,
task003_nosolution__false__q3__qc12__rho0.75__lc4__gateoff__stopon,,task003_nosolution,false,3,12,0.75,persistent,continuous,poisson,poisson,4.0,always,True,1000,0.24131607475614955,0.6129570821379008,0.214,0.6975833333333332,1.0,0.0,0.24121648254337816,0.6102066256771801,0.219625,0.6911666666666667,1.0,0.0,30.0,346.137,1.0,960.821,task003_nosolution__silent__q3__rho0.75,0.15310428419613073,0.2029166666666667,0.14914084422018636,0.1945,
task003_nosolution__false__q3__qc12__rho0.75__lc4__gateon__stopon,,task003_nosolution,false,3,12,0.75,persistent,continuous,poisson,poisson,4.0,votes,True,1000,0.23265787827033405,0.6179327115485255,0.20658333333333334,0.7048333333333334,1.0,0.0,0.23275721517811782,0.6178768847436789,0.20920833333333333,0.7022083333333332,1.0,0.0,28.988,725.516,0.879,960.821,task003_nosolution__silent__q3__rho0.75,0.15807991360675527,0.2101666666666667,0.15681110328668496,0.20554166666666665,
task003_nosolution__false__q3__qc12__rho0.75__lc8__gateoff__stopon,,task003_nosolution,false,3,12,0.75,persistent,continuous,poisson,poisson,8.0,always,True,1000,0.24285288990181458,0.6130593823658416,0.2132083333333333,0.7006666666666667,1.0,0.0,0.23999718828788796,0.6146547265579076,0.2155416666666667,0.700625,1.0,0.0,30.0,332.472,1.0,960.821,task003_nosolution__silent__q3__rho0.75,0.1532065844240714,0.206,0.15358894510091387,0.20395833333333335,
task003_nosolution__false__q3__qc12__rho0.75__lc8__gateon__stopon,,task003_nosolution,false,3,12,0.75,persistent,continuous,poisson,poisson,8.0,votes,True,1000,0.23793435533582355,0.615306644523489,0.211,0.7029583333333334,1.0,0.0,0.2377568531475731,0.6154813068695763,0.21495833333333333,0.7013333333333333,1.0,0.0,29.83,753.453,0.979,960.821,task003_nosolution__silent__q3__rho0.75,0.15545384658171896,0.20829166666666665,0.1544155254125823,0.20466666666666666,
task003_nosolution__false__q3__qc12__rho1__lc0.5__gateoff__stopon,,task003_nosolution,false,3,12,1.0,persistent,continuous,poisson,poisson,0.5,always,True,1000,0.29845552931825703,0.7015400514898239,0.29470833333333335,0.7052916666666668,1.0,0.0,0.3471403065525827,0.6528596934474173,0.34645833333333337,0.6535416666666666,1.0,0.0,14.914,177.101,0.0,960.821,task003_nosolution__silent__q3__rho1,0.2010761563221011,0.202375,0.15307555551165536,0.15079166666666668,
task003_nosolution__false__q3__qc12__rho1__lc0.5__gateon__stopon,,task003_nosolution,false,3,12,1.0,persistent,continuous,poisson,poisson,0.5,votes,True,1000,0.26468913712321884,0.7353064436848622,0.2632083333333333,0.7367916666666666,1.0,0.0,0.28972057098482035,0.7102794290151799,0.290875,0.709125,1.0,0.0,7.877,177.102,0.0,960.821,task003_nosolution__silent__q3__rho1,0.23484254851713937,0.233875,0.2104952910794179,0.206375,
task003_nosolution__false__q3__qc12__rho1__lc1__gateoff__stopon,,task003_nosolution,false,3,12,1.0,persistent,continuous,poisson,poisson,1.0,always,True,1000,0.3715131371073899,0.6284868628926101,0.370875,0.629125,1.0,0.0,0.4281460525233867,0.5718539474766132,0.4246666666666667,0.5753333333333333,1.0,0.0,27.87,330.824,0.531,960.821,task003_nosolution__silent__q3__rho1,0.12802296772488728,0.12620833333333334,0.07206980954085128,0.07258333333333333,
task003_nosolution__false__q3__qc12__rho1__lc1__gateon__stopon,,task003_nosolution,false,3,12,1.0,persistent,continuous,poisson,poisson,1.0,votes,True,1000,0.3103051052453043,0.6896933245953821,0.30583333333333335,0.694125,1.0,0.0,0.3513006791510803,0.6486993208489198,0.34845833333333337,0.6515416666666666,1.0,0.0,14.849,355.27,0.034,960.821,task003_nosolution__silent__q3__rho1,0.1892294294276593,0.19120833333333334,0.14891518291315775,0.14879166666666666,
task003_nosolution__false__q3__qc12__rho1__lc2__gateoff__stopon,,task003_nosolution,false,3,12,1.0,persistent,continuous,poisson,poisson,2.0,always,True,1000,0.4096469148599301,0.5903530851400699,0.40745833333333337,0.5925416666666666,1.0,0.0,0.44298137178222324,0.5570186282177767,0.4404166666666666,0.5595833333333332,1.0,0.0,30.0,352.97,1.0,960.821,task003_nosolution__silent__q3__rho1,0.08988918997234711,0.089625,0.05723449028201478,0.05683333333333333,
task003_nosolution__false__q3__qc12__rho1__lc2__gateon__stopon,,task003_nosolution,false,3,12,1.0,persistent,continuous,poisson,poisson,2.0,votes,True,1000,0.36080587373597406,0.6391925389624387,0.35725,0.64275,1.0,0.0,0.40587703052415364,0.5941229694758465,0.4049583333333333,0.5950416666666666,1.0,0.0,23.523,613.328,0.496,960.821,task003_nosolution__silent__q3__rho1,0.13872864379471597,0.13983333333333334,0.09433883154008439,0.09229166666666666,
task003_nosolution__false__q3__qc12__rho1__lc4__gateoff__stopon,,task003_nosolution,false,3,12,1.0,persistent,continuous,poisson,poisson,4.0,always,True,1000,0.4102380757124317,0.5897588340043577,0.4077083333333334,0.5922916666666668,1.0,0.0,0.43650476932583604,0.5634932226420356,0.43416666666666665,0.5658333333333333,1.0,0.0,30.0,346.209,1.0,960.821,task003_nosolution__silent__q3__rho1,0.08929493883663484,0.089375,0.06370908470627357,0.06308333333333332,
task003_nosolution__false__q3__qc12__rho1__lc4__gateon__stopon,,task003_nosolution,false,3,12,1.0,persistent,continuous,poisson,poisson,4.0,votes,True,1000,0.3896243789168476,0.6103706142653016,0.3861666666666666,0.6138333333333333,1.0,0.0,0.4278094212446249,0.5721905787553753,0.4224166666666666,0.5775833333333332,1.0,0.0,27.692,871.487,0.801,960.821,task003_nosolution__silent__q3__rho1,0.10990671909757878,0.11091666666666666,0.07240644081961316,0.07483333333333335,
task003_nosolution__false__q3__qc12__rho1__lc8__gateoff__stopon,,task003_nosolution,false,3,12,1.0,persistent,continuous,poisson,poisson,8.0,always,True,1000,0.4001092098691813,0.5998878661542107,0.39583333333333337,0.6041666666666667,1.0,0.0,0.4216241237091628,0.5783758762908374,0.4187916666666667,0.5812083333333333,1.0,0.0,30.0,332.653,1.0,960.821,task003_nosolution__silent__q3__rho1,0.09942397098648789,0.10125,0.07859173835507534,0.07845833333333334,
task003_nosolution__false__q3__qc12__rho1__lc8__gateon__stopon,,task003_nosolution,false,3,12,1.0,persistent,continuous,poisson,poisson,8.0,votes,True,1000,0.39512284288045907,0.6048771571195409,0.39325,0.60675,1.0,0.0,0.42546229038004857,0.5745377096199515,0.423,0.577,1.0,0.0,29.111,1040.95,0.928,960.821,task003_nosolution__silent__q3__rho1,0.10441326195181815,0.10383333333333335,0.07475357168418957,0.07425,
task003_nosolution__false__q3__qc24__rho0.75__lc0.5__gateoff__stopon,,task003_nosolution,false,3,24,0.75,persistent,continuous,poisson,poisson,0.5,always,True,1000,0.22315158203037447,0.6276183448119743,0.1935416666666667,0.7140833333333334,1.0,0.0,0.21620385011667786,0.6311705761949067,0.1859583333333333,0.720625,1.0,0.0,14.914,351.098,0.0,960.821,task003_nosolution__silent__q3__rho0.75,0.16776554687020417,0.21941666666666665,0.17010479473791287,0.22395833333333334,
task003_nosolution__false__q3__qc24__rho0.75__lc0.5__gateon__stopon,,task003_nosolution,false,3,24,0.75,persistent,continuous,poisson,poisson,0.5,votes,True,1000,0.22410454613072,0.6271379792633495,0.19354166666666667,0.7199583333333333,1.0,0.0,0.2167351554678144,0.6306312531181211,0.189125,0.7212083333333333,1.0,0.0,10.122,351.098,0.0,960.821,task003_nosolution__silent__q3__rho0.75,0.16728518132157943,0.2252916666666667,0.16956547166112734,0.2245416666666667,
task003_nosolution__false__q3__qc24__rho0.75__lc1__gateoff__stopon,,task003_nosolution,false,3,24,0.75,persistent,continuous,poisson,poisson,1.0,always,True,1000,0.22316217652702977,0.6277526409668298,0.19279166666666667,0.7140416666666666,1.0,0.0,0.219815018541773,0.6295153748121934,0.193125,0.720625,1.0,0.0,27.87,655.684,0.531,960.821,task003_nosolution__silent__q3__rho0.75,0.16789984302505973,0.219375,0.16844959335519957,0.22395833333333334,
task003_nosolution__false__q3__qc24__rho0.75__lc1__gateon__stopon,,task003_nosolution,false,3,24,0.75,persistent,continuous,poisson,poisson,1.0,votes,True,1000,0.2230601936682667,0.6284313211903982,0.19241666666666668,0.7175833333333334,1.0,0.0,0.2196355682694007,0.6298703420949722,0.19145833333333334,0.7235416666666665,1.0,0.0,18.841,698.81,0.105,960.821,task003_nosolution__silent__q3__rho0.75,0.16857852324862813,0.22291666666666668,0.16880456063797833,0.226875,
task003_nosolution__false__q3__qc24__rho0.75__lc2__gateoff__stopon,,task003_nosolution,false,3,24,0.75,persistent,continuous,poisson,poisson,2.0,always,True,1000,0.22967164871690438,0.6228205533660972,0.20325,0.7103333333333334,1.0,0.0,0.22607090485993278,0.622644929702619,0.20008333333333334,0.7062916666666667,1.0,0.0,30.0,693.902,1.0,960.821,task003_nosolution__silent__q3__rho0.75,0.16296775542432707,0.21566666666666667,0.1615791482456251,0.20962499999999998,
task003_nosolution__false__q3__qc24__rho0.75__lc2__gateon__stopon,,task003_nosolution,false,3,24,0.75,persistent,continuous,poisson,poisson,2.0,votes,True,1000,0.2240247431983077,0.6257786861857405,0.194875,0.7143333333333334,1.0,0.0,0.2209878965707273,0.6268573837967185,0.1952916666666667,0.713375,1.0,0.0,26.229,1067.461,0.641,960.821,task003_nosolution__silent__q3__rho0.75,0.16592588824397037,0.21966666666666668,0.1657916023397247,0.21670833333333334,
task003_nosolution__false__q3__qc24__rho0.75__lc4__gateoff__stopon,,task003_nosolution,false,3,24,0.75,persistent,continuous,poisson,poisson,4.0,always,True,1000,0.22958606473222007,0.6227986424555666,0.1988333333333333,0.7144583333333333,1.0,0.0,0.2261797819660397,0.6215279354246959,0.19966666666666666,0.7094166666666667,1.0,0.0,30.0,667.982,1.0,960.821,task003_nosolution__silent__q3__rho0.75,0.1629458445137964,0.2197916666666667,0.160462153967702,0.21275,
task003_nosolution__false__q3__qc24__rho0.75__lc4__gateon__stopon,,task003_nosolution,false,3,24,0.75,persistent,continuous,poisson,poisson,4.0,votes,True,1000,0.22836239268273964,0.6217291522607487,0.20270833333333332,0.7081666666666667,1.0,0.0,0.22528100363825077,0.6225833153841797,0.200125,0.7091666666666666,1.0,0.0,28.818,1271.212,0.873,960.821,task003_nosolution__silent__q3__rho0.75,0.16187635431897848,0.2135,0.16151753392718587,0.2125,
task003_nosolution__false__q3__qc24__rho0.75__lc8__gateoff__stopon,,task003_nosolution,false,3,24,0.75,persistent,continuous,poisson,poisson,8.0,always,True,1000,0.2341191435905338,0.6159764232954212,0.20504166666666665,0.7040833333333333,1.0,0.0,0.22943501046527554,0.6207025123443295,0.20304166666666665,0.7069583333333332,1.0,0.0,30.0,616.178,1.0,960.821,task003_nosolution__silent__q3__rho0.75,0.15612362535365112,0.2094166666666667,0.15963673088733568,0.21029166666666668,
task003_nosolution__false__q3__qc24__rho0.75__lc8__gateon__stopon,,task003_nosolution,false,3,24,0.75,persistent,continuous,poisson,poisson,8.0,votes,True,1000,0.2291647736591813,0.6225436522613814,0.2019166666666667,0.7135,1.0,0.0,0.22632867328470252,0.6238242409476292,0.2000833333333333,0.7088333333333332,1.0,0.0,29.697,1282.2,0.961,960.821,task003_nosolution__silent__q3__rho0.75,0.1626908543196114,0.21883333333333332,0.1627584594906355,0.2121666666666667,
task003_nosolution__false__q3__qc24__rho1__lc0.5__gateoff__stopon,,task003_nosolution,false,3,24,1.0,persistent,continuous,poisson,poisson,0.5,always,True,1000,0.26093046102486006,0.7390601744970257,0.2579166666666667,0.7420833333333332,1.0,0.0,0.28533810729024567,0.7146618927097546,0.2860833333333333,0.7139166666666668,1.0,0.0,14.914,351.148,0.0,960.821,task003_nosolution__silent__q3__rho1,0.23859627932930288,0.2391666666666667,0.21487775477399243,0.2111666666666667,
task003_nosolution__false__q3__qc24__rho1__lc0.5__gateon__stopon,,task003_nosolution,false,3,24,1.0,persistent,continuous,poisson,poisson,0.5,votes,True,1000,0.2494782830802699,0.7505189846792933,0.24683333333333335,0.7531666666666667,1.0,0.0,0.2635179474474856,0.7364793203120775,0.2635416666666667,0.7364583333333333,1.0,0.0,8.231,351.148,0.0,960.821,task003_nosolution__silent__q3__rho1,0.2500550895115704,0.25025,0.2366951823763155,0.23370833333333335,
task003_nosolution__false__q3__qc24__rho1__lc1__gateoff__stopon,,task003_nosolution,false,3,24,1.0,persistent,continuous,poisson,poisson,1.0,always,True,1000,0.29808875742085444,0.7019103234614986,0.29625,0.70375,1.0,0.0,0.32612669652386084,0.673873303476139,0.3243333333333333,0.6756666666666667,1.0,0.0,27.87,655.742,0.531,960.821,task003_nosolution__silent__q3__rho1,0.2014464282937757,0.2008333333333333,0.17408916554037698,0.17291666666666666,
task003_nosolution__false__q3__qc24__rho1__lc1__gateon__stopon,,task003_nosolution,false,3,24,1.0,persistent,continuous,poisson,poisson,1.0,votes,True,1000,0.2765078264471255,0.7234912045606267,0.27470833333333333,0.7252916666666668,1.0,0.0,0.29831600150137294,0.7016839984986273,0.2988333333333334,0.7011666666666666,1.0,0.0,15.144,702.228,0.062,960.821,task003_nosolution__silent__q3__rho1,0.2230273093929038,0.222375,0.20189986056286524,0.19841666666666666,
task003_nosolution__false__q3__qc24__rho1__lc2__gateoff__stopon,,task003_nosolution,false,3,24,1.0,persistent,continuous,poisson,poisson,2.0,always,True,1000,0.33285797278819385,0.6671420272118062,0.3310416666666667,0.6689583333333332,1.0,0.0,0.35642093668963126,0.6435790633103686,0.3545416666666667,0.6454583333333332,1.0,0.0,30.0,694.024,1.0,960.821,task003_nosolution__silent__q3__rho1,0.16667813204408338,0.1660416666666667,0.1437949253746067,0.14270833333333333,
task003_nosolution__false__q3__qc24__rho1__lc2__gateon__stopon,,task003_nosolution,false,3,24,1.0,persistent,continuous,poisson,poisson,2.0,votes,True,1000,0.3146390982719842,0.685360901728016,0.31283333333333335,0.6871666666666667,1.0,0.0,0.33866987920551994,0.6613301207944802,0.339375,0.660625,1.0,0.0,22.872,1187.024,0.454,960.821,task003_nosolution__silent__q3__rho1,0.18489700656029312,0.18425,0.16154598285871816,0.157875,
task003_nosolution__false__q3__qc24__rho1__lc4__gateoff__stopon,,task003_nosolution,false,3,24,1.0,persistent,continuous,poisson,poisson,4.0,always,True,1000,0.348927561231326,0.6510660668556748,0.35004166666666664,0.6499583333333333,1.0,0.0,0.3707474004466112,0.6292505419402202,0.3685833333333334,0.6314166666666667,1.0,0.0,30.0,668.302,1.0,960.821,task003_nosolution__silent__q3__rho1,0.15060217168795195,0.14704166666666665,0.1294664040044582,0.12866666666666665,
task003_nosolution__false__q3__qc24__rho1__lc4__gateon__stopon,,task003_nosolution,false,3,24,1.0,persistent,continuous,poisson,poisson,4.0,votes,True,1000,0.33421090534220493,0.6657890946577952,0.3331666666666666,0.6668333333333334,1.0,0.0,0.35942850733360737,0.6405714926663927,0.3579166666666666,0.6420833333333332,1.0,0.0,26.662,1713.228,0.724,960.821,task003_nosolution__silent__q3__rho1,0.16532519949007235,0.16391666666666665,0.14078735473063067,0.13933333333333334,
task003_nosolution__false__q3__qc24__rho1__lc8__gateoff__stopon,,task003_nosolution,false,3,24,1.0,persistent,continuous,poisson,poisson,8.0,always,True,1000,0.36303517416150444,0.6369597596681069,0.359375,0.640625,1.0,0.0,0.38261281789331825,0.6173871821066819,0.3801666666666667,0.6198333333333332,1.0,0.0,30.0,616.795,1.0,960.821,task003_nosolution__silent__q3__rho1,0.13649586450038412,0.13770833333333335,0.11760304417091985,0.11708333333333334,
task003_nosolution__false__q3__qc24__rho1__lc8__gateon__stopon,,task003_nosolution,false,3,24,1.0,persistent,continuous,poisson,poisson,8.0,votes,True,1000,0.34548816517436726,0.6545021761574781,0.3432916666666666,0.6567083333333333,1.0,0.0,0.3692793546190438,0.6307206453809564,0.36770833333333336,0.6322916666666667,1.0,0.0,28.514,1953.889,0.872,960.821,task003_nosolution__silent__q3__rho1,0.1540382809897552,0.15379166666666666,0.13093650744519428,0.1295416666666667,
task003_nosolution__false__q3__qc3__rho0.75__lc0.5__gateoff__stopon,,task003_nosolution,false,3,3,0.75,persistent,continuous,poisson,poisson,0.5,always,True,1000,0.22633367977690416,0.6299603159794104,0.19566666666666666,0.7204583333333334,1.0,0.0,0.22408777464838459,0.6287808001513455,0.19945833333333332,0.71525,1.0,0.0,14.914,44.571,0.0,960.821,task003_nosolution__silent__q3__rho0.75,0.17010751803764027,0.2257916666666667,0.16771501869435168,0.21858333333333335,
task003_nosolution__false__q3__qc3__rho0.75__lc0.5__gateon__stopon,,task003_nosolution,false,3,3,0.75,persistent,continuous,poisson,poisson,0.5,votes,True,1000,0.22861002821887785,0.6243286031907491,0.1980833333333333,0.71225,1.0,0.0,0.22317945724340005,0.6271100441047865,0.19920833333333332,0.7147916666666667,1.0,0.0,10.65,44.571,0.0,960.821,task003_nosolution__silent__q3__rho0.75,0.16447580524897895,0.21758333333333335,0.16604426264779265,0.218125,
task003_nosolution__false__q3__qc3__rho0.75__lc1__gateoff__stopon,,task003_nosolution,false,3,3,0.75,persistent,continuous,poisson,poisson,1.0,always,True,1000,0.2275715212268156,0.6321969201834823,0.1975833333333333,0.720875,1.0,0.0,0.23210649586643262,0.6233334601092265,0.20979166666666665,0.707,1.0,0.0,27.87,83.265,0.531,960.821,task003_nosolution__silent__q3__rho0.75,0.17234412224171208,0.22620833333333332,0.16226767865223268,0.21033333333333332,
task003_nosolution__false__q3__qc3__rho0.75__lc1__gateon__stopon,,task003_nosolution,false,3,3,0.75,persistent,continuous,poisson,poisson,1.0,votes,True,1000,0.22061776358026508,0.6367616430816679,0.1904583333333333,0.7280833333333333,1.0,0.0,0.22126864662051376,0.6320943558838865,0.19425,0.7190416666666667,1.0,0.0,20.312,89.427,0.045,960.821,task003_nosolution__silent__q3__rho0.75,0.1769088451398977,0.23341666666666666,0.17102857442689265,0.222375,
task003_nosolution__false__q3__qc3__rho0.75__lc2__gateoff__stopon,,task003_nosolution,false,3,3,0.75,persistent,continuous,poisson,poisson,2.0,always,True,1000,0.23060059885988535,0.6257982729762225,0.2031666666666667,0.7105,1.0,0.0,0.23009325857298443,0.6228397170638112,0.20508333333333334,0.7095,1.0,0.0,30.0,89.345,1.0,960.821,task003_nosolution__silent__q3__rho0.75,0.1659454750344524,0.21583333333333335,0.16177393560681738,0.21283333333333335,
task003_nosolution__false__q3__qc3__rho0.75__lc2__gateon__stopon,,task003_nosolution,false,3,3,0.75,persistent,continuous,poisson,poisson,2.0,votes,True,1000,0.2221130219473257,0.6326722277604708,0.1900416666666667,0.7271666666666666,1.0,0.0,0.22122928381313126,0.6316968562834604,0.1925,0.7212083333333333,1.0,0.0,29.234,135.887,0.833,960.821,task003_nosolution__silent__q3__rho0.75,0.17281942981870074,0.2325,0.17063107482646656,0.2245416666666667,
task003_nosolution__false__q3__qc3__rho0.75__lc4__gateoff__stopon,,task003_nosolution,false,3,3,0.75,persistent,continuous,poisson,poisson,4.0,always,True,1000,0.23125343407656743,0.6241531039380716,0.20216666666666666,0.7148333333333333,1.0,0.0,0.22916842895853937,0.6245316750118114,0.20341666666666666,0.7116666666666667,1.0,0.0,30.0,88.764,1.0,960.821,task003_nosolution__silent__q3__rho0.75,0.1643003059963015,0.22016666666666668,0.16346589355481764,0.215,
task003_nosolution__false__q3__qc3__rho0.75__lc4__gateon__stopon,,task003_nosolution,false,3,3,0.75,persistent,continuous,poisson,poisson,4.0,votes,True,1000,0.22453672080538312,0.6318419711529482,0.19316666666666668,0.721125,1.0,0.0,0.22207462021248064,0.6340954019590024,0.19525,0.720875,1.0,0.0,30.0,135.854,1.0,960.821,task003_nosolution__silent__q3__rho0.75,0.17198917321117813,0.22645833333333337,0.1730296205020085,0.22420833333333332,
task003_nosolution__false__q3__qc3__rho0.75__lc8__gateoff__stopon,,task003_nosolution,false,3,3,0.75,persistent,continuous,poisson,poisson,8.0,always,True,1000,0.2322310523471349,0.6260003432110418,0.20425,0.713875,1.0,0.0,0.22975063474175159,0.6271764559154814,0.205875,0.7121666666666667,1.0,0.0,30.0,87.641,1.0,960.821,task003_nosolution__silent__q3__rho0.75,0.16614754526927175,0.2192083333333333,0.1661106744584876,0.2155,
task003_nosolution__false__q3__qc3__rho0.75__lc8__gateon__stopon,,task003_nosolution,false,3,3,0.75,persistent,continuous,poisson,poisson,8.0,votes,True,1000,0.2253863591824271,0.631908689288372,0.1942916666666667,0.722875,1.0,0.0,0.22238205400272767,0.633609585561324,0.19445833333333332,0.7219166666666667,1.0,0.0,30.0,131.555,1.0,960.821,task003_nosolution__silent__q3__rho0.75,0.17205589134660176,0.22820833333333335,0.1725438041043301,0.22525,
task003_nosolution__false__q3__qc3__rho1__lc0.5__gateoff__stopon,,task003_nosolution,false,3,3,1.0,persistent,continuous,poisson,poisson,0.5,always,True,1000,0.2795407197146002,0.7204542127178326,0.27895833333333336,0.7210416666666667,1.0,0.0,0.31305453125610816,0.6869454687438922,0.3149583333333334,0.6850416666666667,1.0,0.0,14.914,44.573,0.0,960.821,task003_nosolution__silent__q3__rho1,0.21999031755010973,0.218125,0.1871613308081302,0.18229166666666669,
task003_nosolution__false__q3__qc3__rho1__lc0.5__gateon__stopon,,task003_nosolution,false,3,3,1.0,persistent,continuous,poisson,poisson,0.5,votes,True,1000,0.2612966142632581,0.738697921255868,0.258375,0.741625,1.0,0.0,0.26627984780421926,0.7337201521957811,0.2668333333333333,0.7331666666666666,1.0,0.0,10.295,44.573,0.0,960.821,task003_nosolution__silent__q3__rho1,0.23823402608814512,0.23870833333333336,0.2339360142600191,0.2304166666666667,
task003_nosolution__false__q3__qc3__rho1__lc1__gateoff__stopon,,task003_nosolution,false,3,3,1.0,persistent,continuous,poisson,poisson,1.0,always,True,1000,0.3125715814907034,0.6874222468102541,0.31279166666666663,0.6872083333333333,1.0,0.0,0.3617166163100469,0.6382833836899533,0.362375,0.637625,1.0,0.0,27.87,83.265,0.531,960.821,task003_nosolution__silent__q3__rho1,0.18695835164253122,0.1842916666666667,0.13849924575419134,0.134875,
task003_nosolution__false__q3__qc3__rho1__lc1__gateon__stopon,,task003_nosolution,false,3,3,1.0,persistent,continuous,poisson,poisson,1.0,votes,True,1000,0.2585902954928631,0.7413915983245384,0.2565,0.7435,1.0,0.0,0.2929189732290903,0.70708102677091,0.29108333333333336,0.7089166666666668,1.0,0.0,18.901,89.55,0.014,960.821,task003_nosolution__silent__q3__rho1,0.24092770315681544,0.24058333333333332,0.20729688883514802,0.2061666666666667,
task003_nosolution__false__q3__qc3__rho1__lc2__gateoff__stopon,,task003_nosolution,false,3,3,1.0,persistent,continuous,poisson,poisson,2.0,always,True,1000,0.3332834310788605,0.6667165689211398,0.332125,0.667875,1.0,0.0,0.3697797607063603,0.63022023929364,0.37116666666666664,0.6288333333333332,1.0,0.0,30.0,89.347,1.0,960.821,task003_nosolution__silent__q3__rho1,0.16625267375341696,0.16495833333333332,0.13043610135787792,0.12608333333333333,
task003_nosolution__false__q3__qc3__rho1__lc2__gateon__stopon,,task003_nosolution,false,3,3,1.0,persistent,continuous,poisson,poisson,2.0,votes,True,1000,0.2820236549296359,0.7179721648867353,0.27858333333333335,0.7214166666666667,1.0,0.0,0.32409351570425426,0.675906484295746,0.32575,0.67425,1.0,0.0,28.561,146.527,0.748,960.821,task003_nosolution__silent__q3__rho1,0.21750826971901238,0.2185,0.17612234635998397,0.1715,
task003_nosolution__false__q3__qc3__rho1__lc4__gateoff__stopon,,task003_nosolution,false,3,3,1.0,persistent,continuous,poisson,poisson,4.0,always,True,1000,0.3208574117205643,0.6791350089227355,0.318,0.682,1.0,0.0,0.3505589282395689,0.6494410717604314,0.35004166666666664,0.6499583333333334,1.0,0.0,30.0,88.772,1.0,960.821,task003_nosolution__silent__q3__rho1,0.17867111375501263,0.17908333333333334,0.14965693382466935,0.14720833333333333,
task003_nosolution__false__q3__qc3__rho1__lc4__gateon__stopon,,task003_nosolution,false,3,3,1.0,persistent,continuous,poisson,poisson,4.0,votes,True,1000,0.28508203208368693,0.7149072437415005,0.2835,0.7165,1.0,0.0,0.3207839254827439,0.6792160745172564,0.3215,0.6785,1.0,0.0,29.987,158.494,0.997,960.821,task003_nosolution__silent__q3__rho1,0.21444334857377773,0.21358333333333335,0.1794319365814943,0.17575,
task003_nosolution__false__q3__qc3__rho1__lc8__gateoff__stopon,,task003_nosolution,false,3,3,1.0,persistent,continuous,poisson,poisson,8.0,always,True,1000,0.30814078482898366,0.6918558481676496,0.3048333333333333,0.6951666666666666,1.0,0.0,0.33445727682357235,0.6655393561730611,0.3337083333333334,0.66625,1.0,0.0,30.0,87.659,1.0,960.821,task003_nosolution__silent__q3__rho1,0.1913919529999267,0.19225,0.165755218237299,0.1635,
task003_nosolution__false__q3__qc3__rho1__lc8__gateon__stopon,,task003_nosolution,false,3,3,1.0,persistent,continuous,poisson,poisson,8.0,votes,True,1000,0.2806918873080316,0.7193071935743217,0.278125,0.721875,1.0,0.0,0.3096363930297534,0.690363606970247,0.31129166666666663,0.6887083333333334,1.0,0.0,30.0,143.36,1.0,960.821,task003_nosolution__silent__q3__rho1,0.21884329840659883,0.21895833333333334,0.19057946903448486,0.18595833333333334,
task003_nosolution__false__q3__qc6__rho0.75__lc0.5__gateoff__stopon,,task003_nosolution,false,3,6,0.75,persistent,continuous,poisson,poisson,0.5,always,True,1000,0.23102923665389227,0.6279450937693569,0.20304166666666665,0.7111666666666666,1.0,0.0,0.23096313103206106,0.6259135451839193,0.20616666666666666,0.7099166666666668,1.0,0.0,14.914,88.941,0.0,960.821,task003_nosolution__silent__q3__rho0.75,0.1680922958275869,0.2165,0.1648477637269255,0.21325,
task003_nosolution__false__q3__qc6__rho0.75__lc0.5__gateon__stopon,,task003_nosolution,false,3,6,0.75,persistent,continuous,poisson,poisson,0.5,votes,True,1000,0.22643261314874996,0.6299967495322719,0.19816666666666669,0.7155,1.0,0.0,0.2236680752370634,0.6280238100519447,0.19641666666666666,0.7183333333333333,1.0,0.0,9.838,88.941,0.0,960.821,task003_nosolution__silent__q3__rho0.75,0.17014395159050177,0.22083333333333335,0.16695802859495104,0.22166666666666668,
task003_nosolution__false__q3__qc6__rho0.75__lc1__gateoff__stopon,,task003_nosolution,false,3,6,0.75,persistent,continuous,poisson,poisson,1.0,always,True,1000,0.2355707929498369,0.6288689767614636,0.20870833333333333,0.7125,1.0,0.0,0.24212445163662785,0.6165127919590936,0.22058333333333335,0.69625,1.0,0.0,27.87,166.156,0.531,960.821,task003_nosolution__silent__q3__rho0.75,0.1690161788196935,0.21783333333333335,0.1554470105020997,0.1995833333333333,
task003_nosolution__false__q3__qc6__rho0.75__lc1__gateon__stopon,,task003_nosolution,false,3,6,0.75,persistent,continuous,poisson,poisson,1.0,votes,True,1000,0.225371571247967,0.631113054378659,0.195875,0.7179166666666666,1.0,0.0,0.22785309351762784,0.6237796598983804,0.20466666666666666,0.709,1.0,0.0,18.231,178.456,0.035,960.821,task003_nosolution__silent__q3__rho0.75,0.171260256436889,0.22325,0.16271387844138654,0.21233333333333332,
task003_nosolution__false__q3__qc6__rho0.75__lc2__gateoff__stopon,,task003_nosolution,false,3,6,0.75,persistent,continuous,poisson,poisson,2.0,always,True,1000,0.24685845805138934,0.613107707751629,0.222,0.6967916666666666,1.0,0.0,0.24513125499674335,0.6122962738217657,0.22558333333333333,0.6920833333333335,1.0,0.0,30.0,177.952,1.0,960.821,task003_nosolution__silent__q3__rho0.75,0.15325490980985895,0.202125,0.15123049236477187,0.19541666666666668,
task003_nosolution__false__q3__qc6__rho0.75__lc2__gateon__stopon,,task003_nosolution,false,3,6,0.75,persistent,continuous,poisson,poisson,2.0,votes,True,1000,0.23374266323550966,0.6260269158221847,0.206375,0.7103333333333333,1.0,0.0,0.23446608131145102,0.6206462102443989,0.21358333333333335,0.7037083333333333,1.0,0.0,27.667,291.092,0.655,960.821,task003_nosolution__silent__q3__rho0.75,0.1661741178804146,0.21566666666666665,0.15958042878740522,0.20704166666666665,
task003_nosolution__false__q3__qc6__rho0.75__lc4__gateoff__stopon,,task003_nosolution,false,3,6,0.75,persistent,continuous,poisson,poisson,4.0,always,True,1000,0.2497284418854464,0.6110100183401258,0.224,0.6930833333333333,1.0,0.0,0.2465704054508319,0.6100289707546083,0.2262916666666667,0.6912083333333334,1.0,0.0,30.0,176.066,1.0,960.821,task003_nosolution__silent__q3__rho0.75,0.15115722039835572,0.19841666666666666,0.14896318929761443,0.19454166666666667,
task003_nosolution__false__q3__qc6__rho0.75__lc4__gateon__stopon,,task003_nosolution,false,3,6,0.75,persistent,continuous,poisson,poisson,4.0,votes,True,1000,0.24064948625048904,0.6184583794305575,0.21354166666666669,0.7027916666666666,1.0,0.0,0.23933046865366914,0.6187431350136842,0.21370833333333333,0.7032083333333332,1.0,0.0,29.936,316.292,0.983,960.821,task003_nosolution__silent__q3__rho0.75,0.15860558148878734,0.208125,0.15767735355669033,0.20654166666666665,
task003_nosolution__false__q3__qc6__rho0.75__lc8__gateoff__stopon,,task003_nosolution,false,3,6,0.75,persistent,continuous,poisson,poisson,8.0,always,True,1000,0.24680952542148057,0.6123344068685398,0.2205,0.6986666666666668,1.0,0.0,0.244641657916887,0.6120432779738137,0.22591666666666668,0.6913333333333332,1.0,0.0,30.0,172.342,1.0,960.821,task003_nosolution__silent__q3__rho0.75,0.1524816089267696,0.204,0.15097749651681994,0.19466666666666668,
task003_nosolution__false__q3__qc6__rho0.75__lc8__gateon__stopon,,task003_nosolution,false,3,6,0.75,persistent,continuous,poisson,poisson,8.0,votes,True,1000,0.24371123686413704,0.6167019080710031,0.21633333333333332,0.7013333333333334,1.0,0.0,0.24191553177295957,0.6144177613649445,0.21858333333333332,0.69625,1.0,0.0,30.0,304.31,1.0,960.821,task003_nosolution__silent__q3__rho0.75,0.15684911012923308,0.2066666666666667,0.15335197990795071,0.19958333333333333,
task003_nosolution__false__q3__qc6__rho1__lc0.5__gateoff__stopon,,task003_nosolution,false,3,6,1.0,persistent,continuous,poisson,poisson,0.5,always,True,1000,0.30046448242091855,0.699529766951405,0.2996666666666667,0.7003333333333334,1.0,0.0,0.3484806747434023,0.651519325256598,0.3494583333333333,0.6505416666666666,1.0,0.0,14.914,88.951,0.0,960.821,task003_nosolution__silent__q3__rho1,0.1990658717836821,0.19741666666666666,0.15173518732083596,0.14779166666666668,
task003_nosolution__false__q3__qc6__rho1__lc0.5__gateon__stopon,,task003_nosolution,false,3,6,1.0,persistent,continuous,poisson,poisson,0.5,votes,True,1000,0.2679810271106037,0.7320189728893967,0.2645,0.7355,1.0,0.0,0.2992706667165379,0.7007293332834624,0.3021666666666667,0.6978333333333334,1.0,0.0,9.011,88.951,0.0,960.821,task003_nosolution__silent__q3__rho1,0.23155507772167383,0.2325833333333333,0.20094519534770036,0.19508333333333333,
task003_nosolution__false__q3__qc6__rho1__lc1__gateoff__stopon,,task003_nosolution,false,3,6,1.0,persistent,continuous,poisson,poisson,1.0,always,True,1000,0.35993988555215173,0.6400541874682373,0.356125,0.643875,1.0,0.0,0.4056244403744188,0.5943755596255814,0.404625,0.595375,1.0,0.0,27.87,166.158,0.531,960.821,task003_nosolution__silent__q3__rho1,0.13959029230051448,0.14095833333333332,0.09459142168981942,0.092625,
task003_nosolution__false__q3__qc6__rho1__lc1__gateon__stopon,,task003_nosolution,false,3,6,1.0,persistent,continuous,poisson,poisson,1.0,votes,True,1000,0.30818885240516475,0.6918111475948354,0.3055833333333334,0.6944166666666667,1.0,0.0,0.3556593231413666,0.6443406768586336,0.35575,0.64425,1.0,0.0,16.912,178.548,0.032,960.821,task003_nosolution__silent__q3__rho1,0.19134725242711267,0.1915,0.14455653892287162,0.1415,
task003_nosolution__false__q3__qc6__rho1__lc2__gateoff__stopon,,task003_nosolution,false,3,6,1.0,persistent,continuous,poisson,poisson,2.0,always,True,1000,0.38857826238439974,0.6114217376156005,0.3842083333333333,0.6157916666666666,1.0,0.0,0.4166006704064401,0.5833993295935602,0.4154583333333334,0.5845416666666667,1.0,0.0,30.0,177.96,1.0,960.821,task003_nosolution__silent__q3__rho1,0.11095784244787758,0.112875,0.08361519165779814,0.08179166666666665,
task003_nosolution__false__q3__qc6__rho1__lc2__gateon__stopon,,task003_nosolution,false,3,6,1.0,persistent,continuous,poisson,poisson,2.0,votes,True,1000,0.35035074264987354,0.649646629722499,0.3460833333333333,0.6539166666666666,1.0,0.0,0.3958336808562259,0.6041663191437745,0.3963333333333333,0.6036666666666665,1.0,0.0,26.604,303.916,0.612,960.821,task003_nosolution__silent__q3__rho1,0.14918273455477618,0.151,0.10438218120801233,0.10091666666666665,
task003_nosolution__false__q3__qc6__rho1__lc4__gateoff__stopon,,task003_nosolution,false,3,6,1.0,persistent,continuous,poisson,poisson,4.0,always,True,1000,0.3832010011776688,0.6167937196460964,0.3815,0.6185,1.0,0.0,0.40713544879452224,0.5928645512054781,0.405,0.595,1.0,0.0,30.0,176.083,1.0,960.821,task003_nosolution__silent__q3__rho1,0.11632982447837352,0.11558333333333334,0.093080413269716,0.09225,
task003_nosolution__false__q3__qc6__rho1__lc4__gateon__stopon,,task003_nosolution,false,3,6,1.0,persistent,continuous,poisson,poisson,4.0,votes,True,1000,0.3725433435928976,0.6274566564071026,0.3695,0.6305,1.0,0.0,0.4091664864966923,0.590833513503308,0.4077083333333334,0.5922916666666668,1.0,0.0,29.52,381.204,0.937,960.821,task003_nosolution__silent__q3__rho1,0.12699276123937978,0.12758333333333333,0.09104937556754594,0.08954166666666669,
task003_nosolution__false__q3__qc6__rho1__lc8__gateoff__stopon,,task003_nosolution,false,3,6,1.0,persistent,continuous,poisson,poisson,8.0,always,True,1000,0.3727968024116613,0.627202257738715,0.36966666666666664,0.6303333333333333,1.0,0.0,0.3938024591472218,0.6061975408527785,0.392375,0.607625,1.0,0.0,30.0,172.404,1.0,960.821,task003_nosolution__silent__q3__rho1,0.12673836257099202,0.12741666666666668,0.10641340291701644,0.104875,
task003_nosolution__false__q3__qc6__rho1__lc8__gateon__stopon,,task003_nosolution,false,3,6,1.0,persistent,continuous,poisson,poisson,8.0,votes,True,1000,0.3675224372660475,0.632473534956175,0.36516666666666664,0.6348333333333332,1.0,0.0,0.3957431585644405,0.6042568414355599,0.39541666666666664,0.6045833333333334,1.0,0.0,29.929,387.477,0.991,960.821,task003_nosolution__silent__q3__rho1,0.13200963978845215,0.13191666666666665,0.10447270349979774,0.10183333333333335,
task003_nosolution__false__q6__qc12__rho0.75__lc0.5__gateoff__stopon,,task003_nosolution,false,6,12,0.75,persistent,continuous,poisson,poisson,0.5,always,True,1000,0.2292313851945965,0.6665265184784875,0.2095,0.7579583333333334,1.0,0.0,0.2340937519731248,0.657354782635034,0.21883333333333335,0.7437083333333334,1.0,0.0,14.914,177.095,0.0,960.821,task003_nosolution__silent__q6__rho0.75,0.18698121359996844,0.24520833333333333,0.17803887265327967,0.23366666666666666,0.0009804115438775797
task003_nosolution__false__q6__qc12__rho0.75__lc0.5__gateon__stopon,,task003_nosolution,false,6,12,0.75,persistent,continuous,poisson,poisson,0.5,votes,True,1000,0.21851014884750788,0.6767471308261251,0.192875,0.77375,1.0,0.0,0.22073072638263036,0.6697086995435609,0.19633333333333333,0.765375,1.0,0.0,6.87,177.095,0.0,960.821,task003_nosolution__silent__q6__rho0.75,0.19720182594760619,0.261,0.19039278956180666,0.25533333333333336,0.0010012270755947257
task003_nosolution__false__q6__qc12__rho0.75__lc1__gateoff__stopon,,task003_nosolution,false,6,12,0.75,persistent,continuous,poisson,poisson,1.0,always,True,1000,0.2418807776197628,0.655611211514329,0.22795833333333332,0.7390416666666666,1.0,0.0,0.2518906570950391,0.6394435197354288,0.23879166666666668,0.7244166666666667,1.0,0.0,27.87,330.824,0.531,960.821,task003_nosolution__silent__q6__rho0.75,0.17606590663580987,0.2262916666666667,0.16012760975367454,0.214375,0.0009720853311907213
task003_nosolution__false__q6__qc12__rho0.75__lc1__gateon__stopon,,task003_nosolution,false,6,12,0.75,persistent,continuous,poisson,poisson,1.0,votes,True,1000,0.22510958333796993,0.6686137090339942,0.1995,0.7646666666666666,1.0,0.0,0.22552040931087558,0.6627136916545805,0.208,0.75575,1.0,0.0,12.108,355.436,0.034,960.821,task003_nosolution__silent__q6__rho0.75,0.1890684041554751,0.2519166666666667,0.18339778167282633,0.2457083333333333,0.0010095532882815842
task003_nosolution__false__q6__qc12__rho0.75__lc2__gateoff__stopon,,task003_nosolution,false,6,12,0.75,persistent,continuous,poisson,poisson,2.0,always,True,1000,0.25609336839377694,0.6380427612462763,0.237375,0.7281666666666667,1.0,0.0,0.2584811593324422,0.6342542538823768,0.24858333333333332,0.717875,1.0,0.0,30.0,352.982,1.0,960.821,task003_nosolution__silent__q6__rho0.75,0.1584974563677572,0.21541666666666667,0.15493834390062258,0.20783333333333331,0.0009377397038574303
task003_nosolution__false__q6__qc12__rho0.75__lc2__gateon__stopon,,task003_nosolution,false,6,12,0.75,persistent,continuous,poisson,poisson,2.0,votes,True,1000,0.23818990162021056,0.6534637338207372,0.22029166666666664,0.7429583333333333,1.0,0.0,0.24076547943276336,0.6469925885880506,0.22641666666666665,0.7344583333333332,1.0,0.0,19.116,638.374,0.352,960.821,task003_nosolution__silent__q6__rho0.75,0.17391842894221815,0.23020833333333335,0.16767667860629637,0.22441666666666665,0.0009637591185038629
task003_nosolution__false__q6__qc12__rho0.75__lc4__gateoff__stopon,,task003_nosolution,false,6,12,0.75,persistent,continuous,poisson,poisson,4.0,always,True,1000,0.2497636444763401,0.646732587117249,0.232875,0.7345,1.0,0.0,0.24837883743030562,0.6460738438723731,0.230875,0.7352083333333334,1.0,0.0,30.0,346.236,1.0,960.821,task003_nosolution__silent__q6__rho0.75,0.16718728223873,0.22175,0.1667579338906189,0.22516666666666663,0.0009221280550695707
task003_nosolution__false__q6__qc12__rho0.75__lc4__gateon__stopon,,task003_nosolution,false,6,12,0.75,persistent,continuous,poisson,poisson,4.0,votes,True,1000,0.24261623545886102,0.6491721003520332,0.2240833333333333,0.73825,1.0,0.0,0.24269328875553062,0.6477272812634997,0.22570833333333332,0.7382083333333332,1.0,0.0,23.488,1012.197,0.579,960.821,task003_nosolution__silent__q6__rho0.75,0.16962679547351422,0.2255,0.1684113712817454,0.22816666666666668,0.000971044554604864
task003_nosolution__false__q6__qc12__rho0.75__lc8__gateoff__stopon,,task003_nosolution,false,6,12,0.75,persistent,continuous,poisson,poisson,8.0,always,True,1000,0.24466169520660405,0.6528066338712957,0.222,0.7455416666666668,1.0,0.0,0.24664868806736115,0.6474610414406218,0.2258333333333333,0.740875,1.0,0.0,30.0,332.741,1.0,960.821,task003_nosolution__silent__q6__rho0.75,0.17326132899277655,0.23279166666666667,0.16814513145886748,0.23083333333333333,0.0008513552472312741
task003_nosolution__false__q6__qc12__rho0.75__lc8__gateon__stopon,,task003_nosolution,false,6,12,0.75,persistent,continuous,poisson,poisson,8.0,votes,True,1000,0.2431443350384148,0.6511493389289388,0.22279166666666667,0.741375,1.0,0.0,0.24481332501873052,0.646744053195305,0.23133333333333334,0.7319166666666668,1.0,0.0,26.461,1432.327,0.742,960.821,task003_nosolution__silent__q6__rho0.75,0.17160403405041974,0.228625,0.16742814321355076,0.221875,0.0008971494170089954
task003_nosolution__false__q6__qc12__rho1__lc0.5__gateoff__stopon,,task003_nosolution,false,6,12,1.0,persistent,continuous,poisson,poisson,0.5,always,True,1000,0.35860579136276827,0.6413942086372317,0.3572916666666666,0.6427083333333333,1.0,0.0,0.38691753229424997,0.6130824677057501,0.3856666666666667,0.6143333333333334,1.0,0.0,14.914,177.108,0.0,960.821,task003_nosolution__silent__q6__rho1,0.1416977318999161,0.140625,0.11320860406938638,0.11145833333333333,
task003_nosolution__false__q6__qc12__rho1__lc0.5__gateon__stopon,,task003_nosolution,false,6,12,1.0,persistent,continuous,poisson,poisson,0.5,votes,True,1000,0.2991610561148796,0.7008389438851206,0.2964166666666666,0.7035833333333333,1.0,0.0,0.31740332196076143,0.6825966780392387,0.3184583333333334,0.6815416666666666,1.0,0.0,7.595,177.108,0.0,960.821,task003_nosolution__silent__q6__rho1,0.20114246714780495,0.2015,0.18272281440287502,0.1786666666666667,
task003_nosolution__false__q6__qc12__rho1__lc1__gateoff__stopon,,task003_nosolution,false,6,12,1.0,persistent,continuous,poisson,poisson,1.0,always,True,1000,0.4400437472910014,0.5599562527089986,0.43683333333333335,0.5631666666666667,1.0,0.0,0.4587311009941034,0.5412688990058965,0.4565416666666667,0.5434583333333333,1.0,0.0,27.87,330.844,0.531,960.821,task003_nosolution__silent__q6__rho1,0.060259775971682986,0.06108333333333333,0.04139503536953292,0.040583333333333325,
task003_nosolution__false__q6__qc12__rho1__lc1__gateon__stopon,,task003_nosolution,false,6,12,1.0,persistent,continuous,poisson,poisson,1.0,votes,True,1000,0.35786304369716176,0.6421369563028384,0.354125,0.645875,1.0,0.0,0.38562527292385507,0.614374727076145,0.38254166666666667,0.6174583333333333,1.0,0.0,15.076,355.168,0.046,960.821,task003_nosolution__silent__q6__rho1,0.14244047956552272,0.14379166666666668,0.11450086343978143,0.11458333333333334,
task003_nosolution__false__q6__qc12__rho1__lc2__gateoff__stopon,,task003_nosolution,false,6,12,1.0,persistent,continuous,poisson,poisson,2.0,always,True,1000,0.45563261972159785,0.5443673802784023,0.454125,0.545875,1.0,0.0,0.4594489533513682,0.5405510466486318,0.4558333333333333,0.5441666666666666,1.0,0.0,30.0,353.003,1.0,960.821,task003_nosolution__silent__q6__rho1,0.044670903541086576,0.04379166666666667,0.040677183012268185,0.041291666666666664,
task003_nosolution__false__q6__qc12__rho1__lc2__gateon__stopon,,task003_nosolution,false,6,12,1.0,persistent,continuous,poisson,poisson,2.0,votes,True,1000,0.4150034615115684,0.5849965384884317,0.41383333333333333,0.5861666666666667,1.0,0.0,0.4414334063175835,0.5585665936824167,0.4389166666666666,0.5610833333333334,1.0,0.0,24.701,604.304,0.565,960.821,task003_nosolution__silent__q6__rho1,0.08530006175111599,0.08408333333333333,0.05869273004605288,0.058208333333333334,
task003_nosolution__false__q6__qc12__rho1__lc4__gateoff__stopon,,task003_nosolution,false,6,12,1.0,persistent,continuous,poisson,poisson,4.0,always,True,1000,0.4431399033949461,0.556860096605054,0.440375,0.559625,1.0,0.0,0.4473501572904976,0.5526498427095026,0.445375,0.554625,1.0,0.0,30.0,346.292,1.0,960.821,task003_nosolution__silent__q6__rho1,0.057163619867738345,0.05754166666666667,0.05277597907313885,0.05175,
task003_nosolution__false__q6__qc12__rho1__lc4__gateon__stopon,,task003_nosolution,false,6,12,1.0,persistent,continuous,poisson,poisson,4.0,votes,True,1000,0.4440094592414227,0.5559905407585773,0.4415,0.5585,1.0,0.0,0.46453611722376703,0.535463882776233,0.46091666666666664,0.5390833333333332,1.0,0.0,28.118,866.618,0.852,960.821,task003_nosolution__silent__q6__rho1,0.05629406402126173,0.056416666666666664,0.03559001913986936,0.03620833333333333,
task003_nosolution__false__q6__qc12__rho1__lc8__gateoff__stopon,,task003_nosolution,false,6,12,1.0,persistent,continuous,poisson,poisson,8.0,always,True,1000,0.4238240543424879,0.5761759456575123,0.42233333333333334,0.5776666666666668,1.0,0.0,0.42757069219426574,0.5724293078057344,0.4265,0.5735,1.0,0.0,30.0,332.865,1.0,960.821,task003_nosolution__silent__q6__rho1,0.07647946892019661,0.07558333333333335,0.07255544416937082,0.070625,
task003_nosolution__false__q6__qc12__rho1__lc8__gateon__stopon,,task003_nosolution,false,6,12,1.0,persistent,continuous,poisson,poisson,8.0,votes,True,1000,0.44781917747173455,0.5521808225282655,0.4476666666666667,0.5523333333333333,1.0,0.0,0.4584479077404848,0.5415520922595153,0.45529166666666665,0.5447083333333333,1.0,0.0,29.347,1157.676,0.948,960.821,task003_nosolution__silent__q6__rho1,0.05248434579094984,0.05025,0.04167822862315162,0.041833333333333333,
task003_nosolution__false__q6__qc24__rho0.75__lc0.5__gateoff__stopon,,task003_nosolution,false,6,24,0.75,persistent,continuous,poisson,poisson,0.5,always,True,1000,0.21596602826789751,0.679883481623883,0.18825,0.7762083333333334,1.0,0.0,0.21197005051825107,0.678975843138701,0.18716666666666668,0.7780416666666666,1.0,0.0,14.914,351.151,0.0,960.821,task003_nosolution__silent__q6__rho0.75,0.200338176745364,0.26345833333333335,0.19965993315694663,0.268,
task003_nosolution__false__q6__qc24__rho0.75__lc0.5__gateon__stopon,,task003_nosolution,false,6,24,0.75,persistent,continuous,poisson,poisson,0.5,votes,True,1000,0.2193374886909594,0.6770646283857907,0.18866666666666668,0.7769166666666667,1.0,0.0,0.21612096373587958,0.6737872298826779,0.19283333333333336,0.7726666666666667,1.0,0.0,7.311,351.15,0.0,960.821,task003_nosolution__silent__q6__rho0.75,0.19751932350727158,0.2641666666666666,0.19447131990092373,0.262625,
task003_nosolution__false__q6__qc24__rho0.75__lc1__gateoff__stopon,,task003_nosolution,false,6,24,0.75,persistent,continuous,poisson,poisson,1.0,always,True,1000,0.21506492976541428,0.6787539797170001,0.1887916666666667,0.7770833333333332,1.0,0.0,0.21614446631186146,0.6747788905563034,0.19258333333333336,0.772125,1.0,0.0,27.87,655.783,0.531,960.821,task003_nosolution__silent__q6__rho0.75,0.19920867483848104,0.26433333333333336,0.19546298057454906,0.2620833333333334,
task003_nosolution__false__q6__qc24__rho0.75__lc1__gateon__stopon,,task003_nosolution,false,6,24,0.75,persistent,continuous,poisson,poisson,1.0,votes,True,1000,0.21740439134742057,0.6772259732702022,0.1837083333333333,0.7820416666666667,1.0,0.0,0.2126661495203839,0.6789621301719214,0.1834583333333333,0.7795833333333333,1.0,0.0,12.522,702.87,0.057,960.821,task003_nosolution__silent__q6__rho0.75,0.1976806683916831,0.26929166666666665,0.19964622019016717,0.2695416666666667,
task003_nosolution__false__q6__qc24__rho0.75__lc2__gateoff__stopon,,task003_nosolution,false,6,24,0.75,persistent,continuous,poisson,poisson,2.0,always,True,1000,0.22315319490784896,0.6703612260514554,0.19770833333333332,0.766,1.0,0.0,0.21884536306349406,0.6714364733565851,0.19295833333333332,0.7733333333333332,1.0,0.0,30.0,694.132,1.0,960.821,task003_nosolution__silent__q6__rho0.75,0.19081592117293644,0.25325,0.19212056337483085,0.26329166666666665,
task003_nosolution__false__q6__qc24__rho0.75__lc2__gateon__stopon,,task003_nosolution,false,6,24,0.75,persistent,continuous,poisson,poisson,2.0,votes,True,1000,0.21978527432367492,0.673873861779933,0.19,0.775,1.0,0.0,0.21655426472474806,0.6738216189894759,0.19195833333333331,0.7715416666666667,1.0,0.0,18.368,1238.722,0.358,960.821,task003_nosolution__silent__q6__rho0.75,0.19432855690141396,0.26225,0.19450570900772168,0.2615,
task003_nosolution__false__q6__qc24__rho0.75__lc4__gateoff__stopon,,task003_nosolution,false,6,24,0.75,persistent,continuous,poisson,poisson,4.0,always,True,1000,0.2263586737612922,0.6669760161767329,0.19716666666666666,0.7675,1.0,0.0,0.22371859411475872,0.6691127992429869,0.200375,0.764125,1.0,0.0,30.0,668.532,1.0,960.821,task003_nosolution__silent__q6__rho0.75,0.18743071129821381,0.25475,0.18979688926123264,0.2540833333333333,
task003_nosolution__false__q6__qc24__rho0.75__lc4__gateon__stopon,,task003_nosolution,false,6,24,0.75,persistent,continuous,poisson,poisson,4.0,votes,True,1000,0.22155293270798876,0.67124674328082,0.19066666666666665,0.7723333333333333,1.0,0.0,0.21975720165782697,0.6708529176654613,0.196,0.7692916666666666,1.0,0.0,22.415,1935.055,0.539,960.821,task003_nosolution__silent__q6__rho0.75,0.19170143840230108,0.25958333333333333,0.1915370076837071,0.25925,
task003_nosolution__false__q6__qc24__rho0.75__lc8__gateoff__stopon,,task003_nosolution,false,6,24,0.75,persistent,continuous,poisson,poisson,8.0,always,True,1000,0.23167536864662452,0.6649036265920347,0.20295833333333332,0.76475,1.0,0.0,0.22900485950751215,0.6662708090131698,0.20541666666666666,0.7624583333333333,1.0,0.0,30.0,617.509,1.0,960.821,task003_nosolution__silent__q6__rho0.75,0.18535832171351557,0.252,0.18695489903141566,0.2524166666666667,
task003_nosolution__false__q6__qc24__rho0.75__lc8__gateon__stopon,,task003_nosolution,false,6,24,0.75,persistent,continuous,poisson,poisson,8.0,votes,True,1000,0.22725146377350394,0.6677969359908089,0.19741666666666666,0.7698333333333333,1.0,0.0,0.22505960707873912,0.6678780217251646,0.19904166666666667,0.7674583333333332,1.0,0.0,24.956,2808.234,0.684,960.821,task003_nosolution__silent__q6__rho0.75,0.18825163111228987,0.2570833333333334,0.18856211174341042,0.2574166666666667,
task003_nosolution__false__q6__qc24__rho1__lc0.5__gateoff__stopon,,task003_nosolution,false,6,24,1.0,persistent,continuous,poisson,poisson,0.5,always,True,1000,0.2895771554421662,0.7104228445578338,0.2848333333333334,0.7151666666666667,1.0,0.0,0.30185073825265923,0.6981492617473406,0.303125,0.696875,1.0,0.0,14.914,351.187,0.0,960.821,task003_nosolution__silent__q6__rho1,0.21072636782051812,0.21308333333333337,0.198275398110977,0.194,
task003_nosolution__false__q6__qc24__rho1__lc0.5__gateon__stopon,,task003_nosolution,false,6,24,1.0,persistent,continuous,poisson,poisson,0.5,votes,True,1000,0.2600261968374798,0.7399738031625207,0.25579166666666664,0.7442083333333332,1.0,0.0,0.2667169645359362,0.7332830354640641,0.2682916666666667,0.7317083333333334,1.0,0.0,7.505,351.186,0.0,960.821,task003_nosolution__silent__q6__rho1,0.24027732642520483,0.242125,0.23340917182770032,0.22883333333333333,
task003_nosolution__false__q6__qc24__rho1__lc1__gateoff__stopon,,task003_nosolution,false,6,24,1.0,persistent,continuous,poisson,poisson,1.0,always,True,1000,0.3262179572395397,0.6737820427604602,0.324,0.676,1.0,0.0,0.33747769916425086,0.6625223008357488,0.3364166666666667,0.6635833333333334,1.0,0.0,27.87,655.82,0.531,960.821,task003_nosolution__silent__q6__rho1,0.17408556602314448,0.17391666666666666,0.1626484371993853,0.16070833333333334,
task003_nosolution__false__q6__qc24__rho1__lc1__gateon__stopon,,task003_nosolution,false,6,24,1.0,persistent,continuous,poisson,poisson,1.0,votes,True,1000,0.2920289493576095,0.7079710506423907,0.28929166666666667,0.7107083333333334,1.0,0.0,0.30197988239957724,0.6980201176004229,0.30104166666666665,0.6989583333333332,1.0,0.0,14.213,701.755,0.073,960.821,task003_nosolution__silent__q6__rho1,0.2082745739050751,0.208625,0.19814625396405922,0.1960833333333333,
task003_nosolution__false__q6__qc24__rho1__lc2__gateoff__stopon,,task003_nosolution,false,6,24,1.0,persistent,continuous,poisson,poisson,2.0,always,True,1000,0.3492735783860785,0.6507264216139214,0.3473333333333334,0.6526666666666666,1.0,0.0,0.3539550935914359,0.6460449064085639,0.3511666666666666,0.6488333333333334,1.0,0.0,30.0,694.203,1.0,960.821,task003_nosolution__silent__q6__rho1,0.15102994487660576,0.15058333333333332,0.14617104277220033,0.1459583333333333,
task003_nosolution__false__q6__qc24__rho1__lc2__gateon__stopon,,task003_nosolution,false,6,24,1.0,persistent,continuous,poisson,poisson,2.0,votes,True,1000,0.326923592793099,0.673076407206901,0.32641666666666663,0.6735833333333333,1.0,0.0,0.33871487441417414,0.6612851255858259,0.340875,0.659125,1.0,0.0,22.558,1207.495,0.429,960.821,task003_nosolution__silent__q6__rho1,0.17337993046958536,0.1715,0.16141126194946223,0.15625,
task003_nosolution__false__q6__qc24__rho1__lc4__gateoff__stopon,,task003_nosolution,false,6,24,1.0,persistent,continuous,poisson,poisson,4.0,always,True,1000,0.3631355794653294,0.6368644205346706,0.3622916666666666,0.6377083333333332,1.0,0.0,0.3677748787554034,0.6322251212445967,0.36541666666666667,0.6345833333333334,1.0,0.0,30.0,668.701,1.0,960.821,task003_nosolution__silent__q6__rho1,0.137167943797355,0.135625,0.132351257608233,0.13170833333333332,
task003_nosolution__false__q6__qc24__rho1__lc4__gateon__stopon,,task003_nosolution,false,6,24,1.0,persistent,continuous,poisson,poisson,4.0,votes,True,1000,0.3488668970203501,0.65113310297965,0.34629166666666666,0.6537083333333333,1.0,0.0,0.3596433489862357,0.6403566510137644,0.35820833333333335,0.6417916666666668,1.0,0.0,26.852,1791.85,0.751,960.821,task003_nosolution__silent__q6__rho1,0.15143662624233425,0.151625,0.14048278737740066,0.13891666666666666,
task003_nosolution__false__q6__qc24__rho1__lc8__gateoff__stopon,,task003_nosolution,false,6,24,1.0,persistent,continuous,poisson,poisson,8.0,always,True,1000,0.3737924916927967,0.6262075083072035,0.37166666666666665,0.6283333333333333,1.0,0.0,0.3785067005224709,0.6214932994775293,0.3762083333333333,0.6237916666666667,1.0,0.0,30.0,617.829,1.0,960.821,task003_nosolution__silent__q6__rho1,0.12651103156988783,0.12625,0.12161943584116565,0.12091666666666666,
task003_nosolution__false__q6__qc24__rho1__lc8__gateon__stopon,,task003_nosolution,false,6,24,1.0,persistent,continuous,poisson,poisson,8.0,votes,True,1000,0.36679319681549133,0.6332068031845087,0.36366666666666664,0.6363333333333334,1.0,0.0,0.3762540222168672,0.6237459777831329,0.3750416666666666,0.6249583333333333,1.0,0.0,28.543,2546.131,0.891,960.821,task003_nosolution__silent__q6__rho1,0.133510326447193,0.13425,0.12387211414676917,0.12208333333333335,
task003_nosolution__false__q6__qc3__rho0.75__lc0.5__gateoff__stopon,,task003_nosolution,false,6,3,0.75,persistent,continuous,poisson,poisson,0.5,always,True,1000,0.2347429033491545,0.6657442408964543,0.20925,0.7605000000000001,1.0,0.0,0.23948277905741389,0.6581060583948227,0.221,0.7470416666666666,1.0,0.0,14.914,44.571,0.0,960.821,task003_nosolution__silent__q6__rho0.75,0.18619893601793522,0.24775,0.17879014841306848,0.237,
task003_nosolution__false__q6__qc3__rho0.75__lc0.5__gateon__stopon,,task003_nosolution,false,6,3,0.75,persistent,continuous,poisson,poisson,0.5,votes,True,1000,0.2278456488009872,0.6689869926612785,0.200125,0.767875,1.0,0.0,0.2251686781023104,0.6678882045962208,0.20420833333333335,0.7627083333333333,1.0,0.0,9.328,44.571,0.0,960.821,task003_nosolution__silent__q6__rho0.75,0.18944168778275935,0.255125,0.18857229461446653,0.25266666666666665,
task003_nosolution__false__q6__qc3__rho0.75__lc1__gateoff__stopon,,task003_nosolution,false,6,3,0.75,persistent,continuous,poisson,poisson,1.0,always,True,1000,0.2426915330896933,0.6605782893624559,0.2182916666666667,0.7527083333333334,1.0,0.0,0.25072674448676435,0.6486024057015184,0.233,0.7345416666666666,1.0,0.0,27.87,83.265,0.531,960.821,task003_nosolution__silent__q6__rho0.75,0.18103298448393684,0.23995833333333333,0.16928649571976417,0.2245,
task003_nosolution__false__q6__qc3__rho0.75__lc1__gateon__stopon,,task003_nosolution,false,6,3,0.75,persistent,continuous,poisson,poisson,1.0,votes,True,1000,0.2212948358313468,0.6774112656417485,0.190125,0.7784583333333334,1.0,0.0,0.2241702559258983,0.6711205270096218,0.2003333333333333,0.7702083333333333,1.0,0.0,17.222,89.535,0.024,960.821,task003_nosolution__silent__q6__rho0.75,0.1978659607632294,0.2657083333333334,0.1918046170278675,0.2601666666666666,
task003_nosolution__false__q6__qc3__rho0.75__lc2__gateoff__stopon,,task003_nosolution,false,6,3,0.75,persistent,continuous,poisson,poisson,2.0,always,True,1000,0.24621282401043182,0.655758124502439,0.222125,0.7475833333333334,1.0,0.0,0.24802628953791156,0.6509507579723588,0.22979166666666667,0.7380833333333332,1.0,0.0,30.0,89.345,1.0,960.821,task003_nosolution__silent__q6__rho0.75,0.17621281962391985,0.2348333333333333,0.17163484799060452,0.22804166666666667,
task003_nosolution__false__q6__qc3__rho0.75__lc2__gateon__stopon,,task003_nosolution,false,6,3,0.75,persistent,continuous,poisson,poisson,2.0,votes,True,1000,0.22685167272311424,0.6724575415682486,0.19895833333333332,0.7699583333333334,1.0,0.0,0.2302418593260786,0.667213281541445,0.20816666666666667,0.7610833333333333,1.0,0.0,26.14,152.549,0.532,960.821,task003_nosolution__silent__q6__rho0.75,0.19291223668972945,0.2572083333333333,0.18789737155969066,0.25104166666666666,
task003_nosolution__false__q6__qc3__rho0.75__lc4__gateoff__stopon,,task003_nosolution,false,6,3,0.75,persistent,continuous,poisson,poisson,4.0,always,True,1000,0.24300305267759023,0.6596574794711841,0.220625,0.7492916666666667,1.0,0.0,0.2409638008526867,0.6597502202455373,0.21970833333333334,0.748375,1.0,0.0,30.0,88.764,1.0,960.821,task003_nosolution__silent__q6__rho0.75,0.180112174592665,0.23654166666666668,0.180434310263783,0.23833333333333334,
task003_nosolution__false__q6__qc3__rho0.75__lc4__gateon__stopon,,task003_nosolution,false,6,3,0.75,persistent,continuous,poisson,poisson,4.0,votes,True,1000,0.22714297219240767,0.6724481827403064,0.20025,0.7693333333333334,1.0,0.0,0.22802332194143274,0.6691898715110765,0.20420833333333333,0.764375,1.0,0.0,29.764,182.099,0.948,960.821,task003_nosolution__silent__q6__rho0.75,0.1929028778617872,0.2565833333333334,0.1898739615293223,0.25433333333333336,
task003_nosolution__false__q6__qc3__rho0.75__lc8__gateoff__stopon,,task003_nosolution,false,6,3,0.75,persistent,continuous,poisson,poisson,8.0,always,True,1000,0.23432473077881083,0.6699901818229345,0.20516666666666666,0.76625,1.0,0.0,0.23404419209663221,0.6666863760196814,0.21208333333333332,0.76075,1.0,0.0,30.0,87.645,1.0,960.821,task003_nosolution__silent__q6__rho0.75,0.19044487694441528,0.2535,0.18737046603792715,0.2507083333333333,
task003_nosolution__false__q6__qc3__rho0.75__lc8__gateon__stopon,,task003_nosolution,false,6,3,0.75,persistent,continuous,poisson,poisson,8.0,votes,True,1000,0.22507729265436233,0.6747923081335295,0.1963333333333333,0.7733333333333333,1.0,0.0,0.22530924915361686,0.6711786076795573,0.20395833333333335,0.7665,1.0,0.0,29.999,175.415,0.999,960.821,task003_nosolution__silent__q6__rho0.75,0.19524700325501052,0.2605833333333334,0.191862697697803,0.2564583333333333,
task003_nosolution__false__q6__qc3__rho1__lc0.5__gateoff__stopon,,task003_nosolution,false,6,3,1.0,persistent,continuous,poisson,poisson,0.5,always,True,1000,0.3259342856300582,0.6740657143699421,0.3235,0.6765,1.0,0.0,0.3502180611176168,0.6497819388823837,0.35158333333333336,0.6484166666666666,1.0,0.0,14.914,44.573,0.0,960.821,task003_nosolution__silent__q6__rho1,0.17436923763262643,0.17441666666666666,0.14990807524601985,0.14554166666666668,
task003_nosolution__false__q6__qc3__rho1__lc0.5__gateon__stopon,,task003_nosolution,false,6,3,1.0,persistent,continuous,poisson,poisson,0.5,votes,True,1000,0.2786255816206857,0.7213744183793147,0.27545833333333336,0.7245416666666668,1.0,0.0,0.29031917846913163,0.7096808215308689,0.2890416666666667,0.7109583333333334,1.0,0.0,10.023,44.573,0.0,960.821,task003_nosolution__silent__q6__rho1,0.22167794164199908,0.2224583333333333,0.2098069578945051,0.20808333333333334,
task003_nosolution__false__q6__qc3__rho1__lc1__gateoff__stopon,,task003_nosolution,false,6,3,1.0,persistent,continuous,poisson,poisson,1.0,always,True,1000,0.3744314902553551,0.6255685097446451,0.37133333333333335,0.6286666666666667,1.0,0.0,0.3933215001799607,0.6066784998200397,0.3942083333333334,0.6057916666666667,1.0,0.0,27.87,83.265,0.531,960.821,task003_nosolution__silent__q6__rho1,0.1258720330073295,0.12658333333333335,0.10680463618367594,0.10291666666666666,
task003_nosolution__false__q6__qc3__rho1__lc1__gateon__stopon,,task003_nosolution,false,6,3,1.0,persistent,continuous,poisson,poisson,1.0,votes,True,1000,0.3051830096812711,0.6948169903187293,0.30420833333333325,0.6957916666666666,1.0,0.0,0.32621599393561646,0.6737840060643842,0.32475,0.67525,1.0,0.0,18.933,89.565,0.027,960.821,task003_nosolution__silent__q6__rho1,0.1951205135814136,0.19370833333333334,0.17391014242802028,0.172375,
task003_nosolution__false__q6__qc3__rho1__lc2__gateoff__stopon,,task003_nosolution,false,6,3,1.0,persistent,continuous,poisson,poisson,2.0,always,True,1000,0.3879306929995806,0.6120693070004197,0.385,0.615,1.0,0.0,0.3933391104194072,0.6066608895805932,0.39329166666666665,0.6067083333333333,1.0,0.0,30.0,89.347,1.0,960.821,task003_nosolution__silent__q6__rho1,0.112372830263104,0.11291666666666665,0.10678702594422941,0.10383333333333335,
task003_nosolution__false__q6__qc3__rho1__lc2__gateon__stopon,,task003_nosolution,false,6,3,1.0,persistent,continuous,poisson,poisson,2.0,votes,True,1000,0.34428984842380295,0.6557101515761974,0.3428333333333334,0.6571666666666667,1.0,0.0,0.36084548654221066,0.6391545134577898,0.36066666666666664,0.6393333333333333,1.0,0.0,28.877,145.273,0.791,960.821,task003_nosolution__silent__q6__rho1,0.15601367483888165,0.15508333333333332,0.139280649821426,0.13645833333333335,
task003_nosolution__false__q6__qc3__rho1__lc4__gateoff__stopon,,task003_nosolution,false,6,3,1.0,persistent,continuous,poisson,poisson,4.0,always,True,1000,0.3747088602306257,0.6252911397693747,0.371375,0.628625,1.0,0.0,0.3791478696108197,0.6208521303891807,0.379375,0.620625,1.0,0.0,30.0,88.772,1.0,960.821,task003_nosolution__silent__q6__rho1,0.12559466303205896,0.12654166666666666,0.12097826675281695,0.11775,
task003_nosolution__false__q6__qc3__rho1__lc4__gateon__stopon,,task003_nosolution,false,6,3,1.0,persistent,continuous,poisson,poisson,4.0,votes,True,1000,0.3447989098670579,0.6552010901329425,0.3405,0.6595,1.0,0.0,0.3544857925004845,0.645514207499516,0.353125,0.646875,1.0,0.0,29.957,169.564,0.993,960.821,task003_nosolution__silent__q6__rho1,0.15550461339562677,0.15741666666666668,0.1456403438631522,0.144,
task003_nosolution__false__q6__qc3__rho1__lc8__gateoff__stopon,,task003_nosolution,false,6,3,1.0,persistent,continuous,poisson,poisson,8.0,always,True,1000,0.3595058530605085,0.640494146939492,0.35683333333333334,0.6431666666666667,1.0,0.0,0.36405215057529633,0.6359478494247043,0.3640833333333333,0.6359166666666666,1.0,0.0,30.0,87.66,1.0,960.821,task003_nosolution__silent__q6__rho1,0.14079767020217615,0.1410833333333333,0.1360739857883404,0.13304166666666667,
task003_nosolution__false__q6__qc3__rho1__lc8__gateon__stopon,,task003_nosolution,false,6,3,1.0,persistent,continuous,poisson,poisson,8.0,votes,True,1000,0.3380073011048291,0.6619926988951713,0.33575,0.6642500000000001,1.0,0.0,0.3445634083811863,0.6554365916188142,0.34379166666666666,0.6562083333333334,1.0,0.0,29.999,178.868,0.999,960.821,task003_nosolution__silent__q6__rho1,0.16229622215785547,0.16216666666666665,0.15556272798245038,0.15333333333333335,
task003_nosolution__false__q6__qc6__rho0.75__lc0.5__gateoff__stopon,,task003_nosolution,false,6,6,0.75,persistent,continuous,poisson,poisson,0.5,always,True,1000,0.2438543714414561,0.6610116448725205,0.222875,0.74825,1.0,0.0,0.2543862503323071,0.6442907943516162,0.23995833333333333,0.7285,1.0,0.0,14.914,88.942,0.0,960.821,task003_nosolution__silent__q6__rho0.75,0.18146633999400144,0.2355,0.16497488436986202,0.21845833333333334,
task003_nosolution__false__q6__qc6__rho0.75__lc0.5__gateon__stopon,,task003_nosolution,false,6,6,0.75,persistent,continuous,poisson,poisson,0.5,votes,True,1000,0.2280809665085026,0.6703412077081575,0.2005833333333333,0.768875,1.0,0.0,0.2302339336915898,0.6637602227161956,0.21216666666666667,0.754625,1.0,0.0,7.815,88.942,0.0,960.821,task003_nosolution__silent__q6__rho0.75,0.19079590282963854,0.256125,0.1844443127344413,0.24458333333333335,
task003_nosolution__false__q6__qc6__rho0.75__lc1__gateoff__stopon,,task003_nosolution,false,6,6,0.75,persistent,continuous,poisson,poisson,1.0,always,True,1000,0.2582135260149902,0.6476351365289058,0.24145833333333333,0.7302916666666668,1.0,0.0,0.2695189739846203,0.6324498195961532,0.258,0.7110833333333333,1.0,0.0,27.87,166.159,0.531,960.821,task003_nosolution__silent__q6__rho0.75,0.16808983165038685,0.2175416666666667,0.153133909614399,0.20104166666666667,
task003_nosolution__false__q6__qc6__rho0.75__lc1__gateon__stopon,,task003_nosolution,false,6,6,0.75,persistent,continuous,poisson,poisson,1.0,votes,True,1000,0.23226871641645408,0.6674597381539754,0.20958333333333334,0.757625,1.0,0.0,0.23784776981942876,0.657747325062078,0.22058333333333333,0.7482916666666667,1.0,0.0,14.552,178.531,0.03,960.821,task003_nosolution__silent__q6__rho0.75,0.18791443327545632,0.244875,0.17843141508032362,0.23825,
task003_nosolution__false__q6__qc6__rho0.75__lc2__gateoff__stopon,,task003_nosolution,false,6,6,0.75,persistent,continuous,poisson,poisson,2.0,always,True,1000,0.26576912031797983,0.6387087310512249,0.2482083333333333,0.722125,1.0,0.0,0.2696680597862513,0.6334152037353941,0.2542916666666667,0.715125,1.0,0.0,30.0,177.953,1.0,960.821,task003_nosolution__silent__q6__rho0.75,0.15916342617270582,0.209375,0.15409929375363976,0.2050833333333333,
task003_nosolution__false__q6__qc6__rho0.75__lc2__gateon__stopon,,task003_nosolution,false,6,6,0.75,persistent,continuous,poisson,poisson,2.0,votes,True,1000,0.2424632176349935,0.6566076818919804,0.22183333333333333,0.7452083333333334,1.0,0.0,0.24914685242589493,0.6452638565786832,0.234,0.7315833333333334,1.0,0.0,22.633,315.638,0.426,960.821,task003_nosolution__silent__q6__rho0.75,0.1770623770134614,0.23245833333333335,0.165947946596929,0.2215416666666667,
task003_nosolution__false__q6__qc6__rho0.75__lc4__gateoff__stopon,,task003_nosolution,false,6,6,0.75,persistent,continuous,poisson,poisson,4.0,always,True,1000,0.26306265042148597,0.6423623455639434,0.24245833333333333,0.7294166666666667,1.0,0.0,0.26533849530320425,0.635558286658776,0.24933333333333335,0.7195833333333332,1.0,0.0,30.0,176.077,1.0,960.821,task003_nosolution__silent__q6__rho0.75,0.16281704068542435,0.21666666666666665,0.1562423766770217,0.20954166666666668,
task003_nosolution__false__q6__qc6__rho0.75__lc4__gateon__stopon,,task003_nosolution,false,6,6,0.75,persistent,continuous,poisson,poisson,4.0,votes,True,1000,0.24932530307529108,0.6508057412840866,0.23045833333333335,0.7381666666666667,1.0,0.0,0.25187959369273016,0.6483447343332129,0.23370833333333332,0.7342083333333332,1.0,0.0,27.633,451.883,0.755,960.821,task003_nosolution__silent__q6__rho0.75,0.17126043640556748,0.22541666666666665,0.1690288243514587,0.22416666666666668,
task003_nosolution__false__q6__qc6__rho0.75__lc8__gateoff__stopon,,task003_nosolution,false,6,6,0.75,persistent,continuous,poisson,poisson,8.0,always,True,1000,0.2554169350531787,0.648063321397638,0.23,0.7390833333333334,1.0,0.0,0.2543944503567279,0.6475943521079237,0.235,0.736125,1.0,0.0,30.0,172.379,1.0,960.821,task003_nosolution__silent__q6__rho0.75,0.168518016519119,0.2263333333333333,0.1682784421261694,0.2260833333333333,
task003_nosolution__false__q6__qc6__rho0.75__lc8__gateon__stopon,,task003_nosolution,false,6,6,0.75,persistent,continuous,poisson,poisson,8.0,votes,True,1000,0.24970623325000407,0.6494899736625737,0.23104166666666665,0.7392916666666667,1.0,0.0,0.25180407484908546,0.645882715047801,0.2345833333333333,0.7319583333333333,1.0,0.0,29.516,522.693,0.934,960.821,task003_nosolution__silent__q6__rho0.75,0.16994466878405456,0.22654166666666667,0.16656680506604676,0.22191666666666668,
task003_nosolution__false__q6__qc6__rho1__lc0.5__gateoff__stopon,,task003_nosolution,false,6,6,1.0,persistent,continuous,poisson,poisson,0.5,always,True,1000,0.3648169748005846,0.6351830251994157,0.363,0.637,1.0,0.0,0.3905067901789297,0.6094932098210707,0.3882916666666667,0.6117083333333333,1.0,0.0,14.914,88.951,0.0,960.821,task003_nosolution__silent__q6__rho1,0.1354865484621,0.13491666666666668,0.10961934618470692,0.10883333333333334,
task003_nosolution__false__q6__qc6__rho1__lc0.5__gateon__stopon,,task003_nosolution,false,6,6,1.0,persistent,continuous,poisson,poisson,0.5,votes,True,1000,0.30882136707208907,0.6911786329279114,0.3080416666666666,0.6919583333333332,1.0,0.0,0.3340593054162772,0.6659406945837233,0.3343333333333333,0.6656666666666666,1.0,0.0,8.876,88.951,0.0,960.821,task003_nosolution__silent__q6__rho1,0.19148215619059566,0.189875,0.16606683094735944,0.16279166666666667,
task003_nosolution__false__q6__qc6__rho1__lc1__gateoff__stopon,,task003_nosolution,false,6,6,1.0,persistent,continuous,poisson,poisson,1.0,always,True,1000,0.4215783434525081,0.5784216565474921,0.41933333333333334,0.5806666666666667,1.0,0.0,0.4352277590652833,0.5647722409347169,0.43454166666666666,0.5654583333333334,1.0,0.0,27.87,166.161,0.531,960.821,task003_nosolution__silent__q6__rho1,0.07872517981017643,0.07858333333333332,0.06489837729835324,0.06258333333333332,
task003_nosolution__false__q6__qc6__rho1__lc1__gateon__stopon,,task003_nosolution,false,6,6,1.0,persistent,continuous,poisson,poisson,1.0,votes,True,1000,0.36806960222187207,0.6319303977781283,0.3669166666666666,0.6330833333333332,1.0,0.0,0.39655360242821,0.6034463975717904,0.3939583333333333,0.6060416666666666,1.0,0.0,17.429,178.521,0.036,960.821,task003_nosolution__silent__q6__rho1,0.13223392104081255,0.131,0.10357253393542669,0.10316666666666667,
task003_nosolution__false__q6__qc6__rho1__lc2__gateoff__stopon,,task003_nosolution,false,6,6,1.0,persistent,continuous,poisson,poisson,2.0,always,True,1000,0.4283983609601124,0.5716016390398878,0.42558333333333337,0.5744166666666668,1.0,0.0,0.43172109779386375,0.5682789022061366,0.42954166666666665,0.5704583333333333,1.0,0.0,30.0,177.96,1.0,960.821,task003_nosolution__silent__q6__rho1,0.07190516230257218,0.07233333333333335,0.06840503856977284,0.06758333333333334,
task003_nosolution__false__q6__qc6__rho1__lc2__gateon__stopon,,task003_nosolution,false,6,6,1.0,persistent,continuous,poisson,poisson,2.0,votes,True,1000,0.4196233850625793,0.580376614937421,0.41491666666666666,0.5850833333333334,1.0,0.0,0.43717999509443456,0.5628200049055657,0.43475,0.56525,1.0,0.0,27.772,292.858,0.734,960.821,task003_nosolution__silent__q6__rho1,0.08068013820010529,0.083,0.06294614126920199,0.062375,
task003_nosolution__false__q6__qc6__rho1__lc4__gateoff__stopon,,task003_nosolution,false,6,6,1.0,persistent,continuous,poisson,poisson,4.0,always,True,1000,0.42187227928000004,0.5781277207200003,0.4181666666666667,0.5818333333333334,1.0,0.0,0.42443784475383667,0.5755621552461637,0.422625,0.577375,1.0,0.0,30.0,176.094,1.0,960.821,task003_nosolution__silent__q6__rho1,0.07843124398268456,0.07975,0.07568829160979997,0.0745,
task003_nosolution__false__q6__qc6__rho1__lc4__gateon__stopon,,task003_nosolution,false,6,6,1.0,persistent,continuous,poisson,poisson,4.0,votes,True,1000,0.4238017006190647,0.5761982993809356,0.42004166666666665,0.5799583333333332,1.0,0.0,0.43422269512427464,0.5657773048757256,0.4329166666666666,0.5670833333333333,1.0,0.0,29.628,376.647,0.959,960.821,task003_nosolution__silent__q6__rho1,0.07650182264361988,0.077875,0.06590344123936197,0.06420833333333334,
task003_nosolution__false__q6__qc6__rho1__lc8__gateoff__stopon,,task003_nosolution,false,6,6,1.0,persistent,continuous,poisson,poisson,8.0,always,True,1000,0.4079734060891811,0.5920265939108194,0.40725,0.59275,1.0,0.0,0.4110160712277215,0.5889839287722789,0.41058333333333336,0.5894166666666667,1.0,0.0,30.0,172.433,1.0,960.821,task003_nosolution__silent__q6__rho1,0.09233011717350353,0.09066666666666666,0.08911006513591511,0.08654166666666667,
task003_nosolution__false__q6__qc6__rho1__lc8__gateon__stopon,,task003_nosolution,false,6,6,1.0,persistent,continuous,poisson,poisson,8.0,votes,True,1000,0.420164525326377,0.5798354746736234,0.41675,0.58325,1.0,0.0,0.42625539446157035,0.5737446055384301,0.42608333333333337,0.5739166666666667,1.0,0.0,29.941,455.858,0.993,960.821,task003_nosolution__silent__q6__rho1,0.08013899793630762,0.08116666666666665,0.07387074190206627,0.07104166666666666,
task003_nosolution__silent__q12__rho0.75,,task003_nosolution,silent,12,3,0.75,persistent,continuous,poisson,poisson,0.5,votes,True,1000,0.4111242165009842,0.4684652979406411,0.4460833333333334,0.4944166666666666,1.0,0.0,0.40992389128965684,0.4686655367707418,0.445625,0.49495833333333333,1.0,0.0,0.0,0.0,0.0,960.821,,,,,,
task003_nosolution__silent__q12__rho1,,task003_nosolution,silent,12,3,1.0,persistent,continuous,poisson,poisson,0.5,votes,True,1000,0.5001229437229437,0.49977402597402604,0.4975833333333333,0.502375,1.0,0.0,0.4999549242424242,0.49994204545454546,0.4970833333333333,0.5029166666666667,1.0,0.0,0.0,0.0,0.0,960.821,,,,,,
task003_nosolution__silent__q3__rho0.75,,task003_nosolution,silent,3,3,0.75,persistent,continuous,poisson,poisson,0.5,votes,True,1000,0.3561526396434998,0.4598527979417702,0.36358333333333326,0.4946666666666667,1.0,0.0,0.353329730646953,0.46106578145699384,0.3627916666666666,0.4966666666666667,1.0,0.0,0.0,0.0,0.0,960.821,,,,,,
task003_nosolution__silent__q3__rho1,,task003_nosolution,silent,3,3,1.0,persistent,continuous,poisson,poisson,0.5,votes,True,1000,0.49909858755898256,0.5004638951677228,0.49679166666666663,0.5029166666666667,1.0,0.0,0.5001128317612077,0.49978413793576204,0.497125,0.50275,1.0,0.0,0.0,0.0,0.0,960.821,,,,,,
task003_nosolution__silent__q6__rho0.75,,task003_nosolution,silent,6,3,0.75,persistent,continuous,poisson,poisson,0.5,votes,True,1000,0.379367177947042,0.47954530487851904,0.39891666666666664,0.51275,1.0,0.0,0.37991612003039654,0.4793159099817543,0.40375,0.5100416666666666,1.0,0.0,0.0,0.0,0.0,960.821,,,,,,0.0009346173740998584
task003_nosolution__silent__q6__rho1,,task003_nosolution,silent,6,3,1.0,persistent,continuous,poisson,poisson,0.5,votes,True,1000,0.5002550384141995,0.4996964767373156,0.497875,0.5020833333333333,1.0,0.0,0.500083712121212,0.49987386363636366,0.497125,0.502875,1.0,0.0,0.0,0.0,0.0,960.821,,,,,,
task003_nosolution__truth__q12__qc12__rho0.75__lc0.5__gateoff__stopon,,task003_nosolution,truth,12,12,0.75,persistent,continuous,poisson,poisson,0.5,always,True,1000,0.705587068222284,0.1869193014486924,0.851875,0.13095833333333332,1.0,0.0,0.7021584180079451,0.18410549632029277,0.8479583333333335,0.133,1.0,0.0,14.914,177.1,0.0,960.821,task003_nosolution__silent__q12__rho0.75,0.29446285172129977,0.4057916666666666,0.2922345267182883,0.4023333333333334,
task003_nosolution__truth__q12__qc12__rho0.75__lc0.5__gateon__stopon,,task003_nosolution,truth,12,12,0.75,persistent,continuous,poisson,poisson,0.5,votes,True,1000,0.7005838817637714,0.18253042543289721,0.854875,0.12183333333333334,1.0,0.0,0.6985331527012875,0.17917716827222216,0.8550833333333333,0.11883333333333335,1.0,0.0,4.498,177.1,0.0,960.821,task003_nosolution__silent__q12__rho0.75,0.2894596652627872,0.4087916666666666,0.28860926141163057,0.4094583333333333,
task003_nosolution__truth__q12__qc12__rho0.75__lc1__gateoff__stopon,,task003_nosolution,truth,12,12,0.75,persistent,continuous,poisson,poisson,1.0,always,True,1000,0.7082613345694562,0.18666608036878074,0.8440416666666667,0.138125,1.0,0.0,0.6974539062859224,0.18960730496122,0.8403333333333334,0.13995833333333335,1.0,0.0,27.87,330.822,0.531,960.821,task003_nosolution__silent__q12__rho0.75,0.297137118068472,0.3979583333333333,0.2875300149962656,0.3947083333333333,
task003_nosolution__truth__q12__qc12__rho0.75__lc1__gateon__stopon,,task003_nosolution,truth,12,12,0.75,persistent,continuous,poisson,poisson,1.0,votes,True,1000,0.7156479716446149,0.1646560513458841,0.8741666666666668,0.102,1.0,0.0,0.7165441967365912,0.16097768799079895,0.877125,0.09879166666666665,1.0,0.0,6.21,356.487,0.001,960.821,task003_nosolution__silent__q12__rho0.75,0.3045237551436309,0.4280833333333333,0.30662030544693425,0.4315,
task003_nosolution__truth__q12__qc12__rho0.75__lc2__gateoff__stopon,,task003_nosolution,truth,12,12,0.75,persistent,continuous,poisson,poisson,2.0,always,True,1000,0.707034021968004,0.18204070798229294,0.8515416666666668,0.12954166666666667,1.0,0.0,0.7091370861276503,0.17672656235757206,0.8532083333333333,0.12595833333333334,1.0,0.0,30.0,352.999,1.0,960.821,task003_nosolution__silent__q12__rho0.75,0.29590980546701984,0.4054583333333333,0.29921319483799347,0.40758333333333335,
task003_nosolution__truth__q12__qc12__rho0.75__lc2__gateon__stopon,,task003_nosolution,truth,12,12,0.75,persistent,continuous,poisson,poisson,2.0,votes,True,1000,0.7260332578970272,0.15472654183299273,0.8888333333333334,0.08970833333333333,1.0,0.0,0.7251841447736376,0.15073250886042636,0.8889166666666667,0.08875,1.0,0.0,8.814,709.159,0.019,960.821,task003_nosolution__silent__q12__rho0.75,0.3149090413960429,0.44275,0.31526025348398057,0.4432916666666667,
task003_nosolution__truth__q12__qc12__rho0.75__lc4__gateoff__stopon,,task003_nosolution,truth,12,12,0.75,persistent,continuous,poisson,poisson,4.0,always,True,1000,0.7169319212941373,0.16737472175179402,0.8679166666666668,0.11254166666666668,1.0,0.0,0.7148299446053111,0.16574898898920515,0.8665,0.11175,1.0,0.0,30.0,346.244,1.0,960.821,task003_nosolution__silent__q12__rho0.75,0.3058077047931531,0.4218333333333334,0.3049060533156543,0.420875,
task003_nosolution__truth__q12__qc12__rho0.75__lc4__gateon__stopon,,task003_nosolution,truth,12,12,0.75,persistent,continuous,poisson,poisson,4.0,votes,True,1000,0.7319777583624187,0.14862638314382207,0.8925416666666668,0.0855,1.0,0.0,0.7303270507014101,0.1450530625959245,0.8942083333333335,0.08504166666666667,1.0,0.0,12.727,1390.069,0.075,960.821,task003_nosolution__silent__q12__rho0.75,0.32085354186143455,0.4464583333333333,0.32040315941175324,0.4485833333333334,
task003_nosolution__truth__q12__qc12__rho0.75__lc8__gateoff__stopon,,task003_nosolution,truth,12,12,0.75,persistent,continuous,poisson,poisson,8.0,always,True,1000,0.7280169814464379,0.15743393026898905,0.880375,0.09929166666666667,1.0,0.0,0.7246253509987461,0.15382385087096487,0.8837083333333333,0.09679166666666666,1.0,0.0,30.0,332.759,1.0,960.821,task003_nosolution__silent__q12__rho0.75,0.3168927649454537,0.43429166666666663,0.31470145970908925,0.4380833333333334,
task003_nosolution__truth__q12__qc12__rho0.75__lc8__gateon__stopon,,task003_nosolution,truth,12,12,0.75,persistent,continuous,poisson,poisson,8.0,votes,True,1000,0.7379817379547178,0.14521848243667232,0.8950416666666666,0.08491666666666667,1.0,0.0,0.7332277905264598,0.1442350730063659,0.8953333333333334,0.08320833333333334,1.0,0.0,17.995,2559.666,0.222,960.821,task003_nosolution__silent__q12__rho0.75,0.3268575214537337,0.4489583333333333,0.32330389923680297,0.4497083333333334,
task003_nosolution__truth__q12__qc12__rho1__lc0.5__gateoff__stopon,,task003_nosolution,truth,12,12,1.0,persistent,continuous,poisson,poisson,0.5,always,True,1000,0.7618396648370787,0.23816033516292137,0.7634583333333332,0.23654166666666668,1.0,0.0,0.7562689851097179,0.24373101489028212,0.7535,0.2465,1.0,0.0,14.914,177.112,0.0,960.821,task003_nosolution__silent__q12__rho1,0.26171672111413496,0.265875,0.25631406086729364,0.2564166666666667,
task003_nosolution__truth__q12__qc12__rho1__lc0.5__gateon__stopon,,task003_nosolution,truth,12,12,1.0,persistent,continuous,poisson,poisson,0.5,votes,True,1000,0.8615545961792512,0.13838138288130364,0.8605833333333334,0.13941666666666666,1.0,0.0,0.8623094992940156,0.1376851243618986,0.858,0.14195833333333333,1.0,0.0,4.54,177.112,0.0,960.821,task003_nosolution__silent__q12__rho1,0.3614316524563075,0.363,0.3623545750515914,0.36091666666666666,
task003_nosolution__truth__q12__qc12__rho1__lc1__gateoff__stopon,,task003_nosolution,truth,12,12,1.0,persistent,continuous,poisson,poisson,1.0,always,True,1000,0.7582963729921152,0.24170362700788484,0.7596666666666667,0.24033333333333332,1.0,0.0,0.7542988154884708,0.24570118451152934,0.7506666666666667,0.24933333333333332,1.0,0.0,27.87,330.84,0.531,960.821,task003_nosolution__silent__q12__rho1,0.2581734292691714,0.2620833333333334,0.25434389124604645,0.2535833333333333,
task003_nosolution__truth__q12__qc12__rho1__lc1__gateon__stopon,,task003_nosolution,truth,12,12,1.0,persistent,continuous,poisson,poisson,1.0,votes,True,1000,0.8763250959587918,0.12366934848565288,0.87525,0.12475,1.0,0.0,0.8750657209303044,0.12492872351414022,0.872875,0.127125,1.0,0.0,5.928,356.542,0.0,960.821,task003_nosolution__silent__q12__rho1,0.37620215223584813,0.37766666666666665,0.3751107966878803,0.3757916666666667,
task003_nosolution__truth__q12__qc12__rho1__lc2__gateoff__stopon,,task003_nosolution,truth,12,12,1.0,persistent,continuous,poisson,poisson,2.0,always,True,1000,0.7620034919947352,0.23799650800526478,0.7634583333333333,0.23654166666666668,1.0,0.0,0.7585466219364339,0.24145337806356618,0.7550416666666667,0.2449583333333333,1.0,0.0,30.0,353.021,1.0,960.821,task003_nosolution__silent__q12__rho1,0.2618805482717916,0.265875,0.2585916976940097,0.25795833333333335,
task003_nosolution__truth__q12__qc12__rho1__lc2__gateon__stopon,,task003_nosolution,truth,12,12,1.0,persistent,continuous,poisson,poisson,2.0,votes,True,1000,0.8765726709425369,0.12342732905746348,0.8772916666666667,0.12270833333333332,1.0,0.0,0.874140220362632,0.12585977963736836,0.8709166666666667,0.12908333333333333,1.0,0.0,8.646,712.038,0.01,960.821,task003_nosolution__silent__q12__rho1,0.3764497272195931,0.3797083333333333,0.3741852961202077,0.37383333333333335,
task003_nosolution__truth__q12__qc12__rho1__lc4__gateoff__stopon,,task003_nosolution,truth,12,12,1.0,persistent,continuous,poisson,poisson,4.0,always,True,1000,0.7778889932083304,0.22210881380921352,0.7792916666666666,0.2207083333333333,1.0,0.0,0.7737599467388377,0.22623608500719403,0.77125,0.22875,1.0,0.0,30.0,346.301,1.0,960.821,task003_nosolution__silent__q12__rho1,0.27776604948538663,0.28170833333333334,0.27380502249641353,0.2741666666666666,
task003_nosolution__truth__q12__qc12__rho1__lc4__gateon__stopon,,task003_nosolution,truth,12,12,1.0,persistent,continuous,poisson,poisson,4.0,votes,True,1000,0.8694458423230826,0.13054614485640478,0.87025,0.12970833333333334,1.0,0.0,0.8657379000499567,0.1342620999500435,0.863375,0.136625,1.0,0.0,13.287,1381.643,0.108,960.821,task003_nosolution__silent__q12__rho1,0.3693228986001389,0.3726666666666667,0.3657829758075325,0.3662916666666667,
task003_nosolution__truth__q12__qc12__rho1__lc8__gateoff__stopon,,task003_nosolution,truth,12,12,1.0,persistent,continuous,poisson,poisson,8.0,always,True,1000,0.8095526648014553,0.19044733519854481,0.812125,0.187875,1.0,0.0,0.8048360186884861,0.19516398131151402,0.7996666666666666,0.2003333333333333,1.0,0.0,30.0,332.87,1.0,960.821,task003_nosolution__silent__q12__rho1,0.3094297210785116,0.31454166666666666,0.3048810944460619,0.3025833333333333,
task003_nosolution__truth__q12__qc12__rho1__lc8__gateon__stopon,,task003_nosolution,truth,12,12,1.0,persistent,continuous,poisson,poisson,8.0,votes,True,1000,0.8633557290056071,0.13664427099439314,0.864375,0.135625,1.0,0.0,0.8581162079488054,0.14188379205119497,0.8567916666666666,0.14320833333333333,1.0,0.0,18.827,2542.375,0.244,960.821,task003_nosolution__silent__q12__rho1,0.3632327852826634,0.3667916666666667,0.358161283706381,0.35970833333333335,
task003_nosolution__truth__q12__qc24__rho0.75__lc0.5__gateoff__stopon,,task003_nosolution,truth,12,24,0.75,persistent,continuous,poisson,poisson,0.5,always,True,1000,0.7111407990717308,0.17702274948395552,0.8707083333333334,0.10925,1.0,0.0,0.6978885122672392,0.17922852421518012,0.8632916666666668,0.112375,1.0,0.0,14.914,351.166,0.0,960.821,task003_nosolution__silent__q12__rho0.75,0.3000165825707465,0.424625,0.2879646209775824,0.41766666666666663,
task003_nosolution__truth__q12__qc24__rho0.75__lc0.5__gateon__stopon,,task003_nosolution,truth,12,24,0.75,persistent,continuous,poisson,poisson,0.5,votes,True,1000,0.6969448842129199,0.18690594873277716,0.8594166666666667,0.11683333333333333,1.0,0.0,0.6952717082406261,0.18300359496505314,0.861,0.11475,1.0,0.0,4.133,351.165,0.0,960.821,task003_nosolution__silent__q12__rho0.75,0.2858206677119357,0.41333333333333333,0.28534781695096934,0.415375,
task003_nosolution__truth__q12__qc24__rho0.75__lc1__gateoff__stopon,,task003_nosolution,truth,12,24,0.75,persistent,continuous,poisson,poisson,1.0,always,True,1000,0.7167819362039377,0.17346807414413637,0.86875,0.1115,1.0,0.0,0.7076034411683256,0.17348125002912537,0.8664583333333332,0.11116666666666668,1.0,0.0,27.87,655.785,0.531,960.821,task003_nosolution__silent__q12__rho0.75,0.3056577197029535,0.4226666666666667,0.2976795498786687,0.4208333333333334,
task003_nosolution__truth__q12__qc24__rho0.75__lc1__gateon__stopon,,task003_nosolution,truth,12,24,0.75,persistent,continuous,poisson,poisson,1.0,votes,True,1000,0.7093392591170433,0.17307239043151476,0.876625,0.09954166666666667,1.0,0.0,0.7061861879541363,0.1700402742719408,0.873875,0.10116666666666667,1.0,0.0,5.508,706.92,0.003,960.821,task003_nosolution__silent__q12__rho0.75,0.2982150426160592,0.4305416666666667,0.29626229666447945,0.42825,
task003_nosolution__truth__q12__qc24__rho0.75__lc2__gateoff__stopon,,task003_nosolution,truth,12,24,0.75,persistent,continuous,poisson,poisson,2.0,always,True,1000,0.718900074333349,0.16668065072389737,0.8776666666666666,0.100375,1.0,0.0,0.7141057556703697,0.16572957137807184,0.8769583333333334,0.101375,1.0,0.0,30.0,694.18,1.0,960.821,task003_nosolution__silent__q12__rho0.75,0.30777585783236483,0.4315833333333333,0.3041818643807128,0.4313333333333333,
task003_nosolution__truth__q12__qc24__rho0.75__lc2__gateon__stopon,,task003_nosolution,truth,12,24,0.75,persistent,continuous,poisson,poisson,2.0,votes,True,1000,0.7200580410715293,0.1609210297779386,0.886875,0.09029166666666666,1.0,0.0,0.7155086345683508,0.15900327965951883,0.8818333333333332,0.09320833333333332,1.0,0.0,7.693,1405.449,0.018,960.821,task003_nosolution__silent__q12__rho0.75,0.3089338245705451,0.44079166666666664,0.30558474327869395,0.43620833333333336,
task003_nosolution__truth__q12__qc24__rho0.75__lc4__gateoff__stopon,,task003_nosolution,truth,12,24,0.75,persistent,continuous,poisson,poisson,4.0,always,True,1000,0.7243466164751549,0.15685431057877947,0.8862083333333334,0.09133333333333335,1.0,0.0,0.7209863982534146,0.15649886081472036,0.88775,0.09029166666666666,1.0,0.0,30.0,668.629,1.0,960.821,task003_nosolution__silent__q12__rho0.75,0.3132223999741707,0.440125,0.31106250696375776,0.442125,
task003_nosolution__truth__q12__qc24__rho0.75__lc4__gateon__stopon,,task003_nosolution,truth,12,24,0.75,persistent,continuous,poisson,poisson,4.0,votes,True,1000,0.7243500933102845,0.15496922904268906,0.8906666666666667,0.08608333333333335,1.0,0.0,0.7208794369825298,0.15240393281875342,0.8880833333333333,0.08783333333333335,1.0,0.0,11.058,2756.899,0.06,960.821,task003_nosolution__silent__q12__rho0.75,0.3132258768093003,0.4445833333333334,0.3109555456928729,0.4424583333333334,
task003_nosolution__truth__q12__qc24__rho0.75__lc8__gateoff__stopon,,task003_nosolution,truth,12,24,0.75,persistent,continuous,poisson,poisson,8.0,always,True,1000,0.7292004948836122,0.14950869813322742,0.8964583333333332,0.08308333333333333,1.0,0.0,0.7299946416324062,0.14583319274851472,0.8930416666666666,0.08316666666666667,1.0,0.0,30.0,617.791,1.0,960.821,task003_nosolution__silent__q12__rho0.75,0.318076278382628,0.450375,0.32007075034274934,0.44741666666666674,
task003_nosolution__truth__q12__qc24__rho0.75__lc8__gateon__stopon,,task003_nosolution,truth,12,24,0.75,persistent,continuous,poisson,poisson,8.0,votes,True,1000,0.7308257046120699,0.14874623944911247,0.895625,0.08091666666666666,1.0,0.0,0.7255689191914368,0.14771046496585405,0.893375,0.08179166666666665,1.0,0.0,15.812,5183.353,0.161,960.821,task003_nosolution__silent__q12__rho0.75,0.31970148811108573,0.4495416666666667,0.31564502790178006,0.44775,
task003_nosolution__truth__q12__qc24__rho1__lc0.5__gateoff__stopon,,task003_nosolution,truth,12,24,1.0,persistent,continuous,poisson,poisson,0.5,always,True,1000,0.7863267341541951,0.21366177159293154,0.785875,0.214125,1.0,0.0,0.777334211366539,0.22266578863346106,0.7740833333333333,0.22591666666666665,1.0,0.0,14.914,351.191,0.0,960.821,task003_nosolution__silent__q12__rho1,0.28620379043125127,0.28829166666666667,0.27737928712411475,0.277,
task003_nosolution__truth__q12__qc24__rho1__lc0.5__gateon__stopon,,task003_nosolution,truth,12,24,1.0,persistent,continuous,poisson,poisson,0.5,votes,True,1000,0.8711004136970599,0.12887659779719315,0.86925,0.13075,1.0,0.0,0.8713741318967048,0.1286028795975484,0.8696666666666666,0.13033333333333336,1.0,0.0,3.805,351.19,0.0,960.821,task003_nosolution__silent__q12__rho1,0.37097746997411624,0.3716666666666667,0.3714192076542805,0.3725833333333334,
task003_nosolution__truth__q12__qc24__rho1__lc1__gateoff__stopon,,task003_nosolution,truth,12,24,1.0,persistent,continuous,poisson,poisson,1.0,always,True,1000,0.7706085090295371,0.22939149097046282,0.770625,0.229375,1.0,0.0,0.7642956022665074,0.23570439773349258,0.760375,0.239625,1.0,0.0,27.87,655.823,0.531,960.821,task003_nosolution__silent__q12__rho1,0.2704855653065935,0.2730416666666667,0.26434067802408323,0.26329166666666665,
task003_nosolution__truth__q12__qc24__rho1__lc1__gateon__stopon,,task003_nosolution,truth,12,24,1.0,persistent,continuous,poisson,poisson,1.0,votes,True,1000,0.88377549314174,0.11616611570242279,0.8835833333333334,0.11641666666666667,1.0,0.0,0.8826777846274189,0.11727920461989323,0.8805416666666668,0.11933333333333333,1.0,0.0,4.855,707.227,0.0,960.821,task003_nosolution__silent__q12__rho1,0.38365254941879634,0.386,0.38272286038499465,0.38345833333333335,
task003_nosolution__truth__q12__qc24__rho1__lc2__gateoff__stopon,,task003_nosolution,truth,12,24,1.0,persistent,continuous,poisson,poisson,2.0,always,True,1000,0.785981799678914,0.21401820032108596,0.7878333333333333,0.21216666666666667,1.0,0.0,0.781178231380673,0.21882176861932706,0.7781666666666668,0.22183333333333333,1.0,0.0,30.0,694.243,1.0,960.821,task003_nosolution__silent__q12__rho1,0.2858588559559704,0.29025,0.2812233071382487,0.28108333333333335,
task003_nosolution__truth__q12__qc24__rho1__lc2__gateon__stopon,,task003_nosolution,truth,12,24,1.0,persistent,continuous,poisson,poisson,2.0,votes,True,1000,0.8878598396460305,0.1121401603539698,0.8885833333333334,0.11141666666666668,1.0,0.0,0.8859920242774372,0.11400797572256313,0.8835833333333334,0.11641666666666665,1.0,0.0,6.75,1410.721,0.01,960.821,task003_nosolution__silent__q12__rho1,0.38773689592308674,0.391,0.38603710003501296,0.3865,
task003_nosolution__truth__q12__qc24__rho1__lc4__gateoff__stopon,,task003_nosolution,truth,12,24,1.0,persistent,continuous,poisson,poisson,4.0,always,True,1000,0.8191865686126077,0.18081343138739242,0.8215,0.1785,1.0,0.0,0.8150664463436674,0.1849335536563327,0.813,0.187,1.0,0.0,30.0,668.764,1.0,960.821,task003_nosolution__silent__q12__rho1,0.31906362488966394,0.32391666666666663,0.31511152210124316,0.3159166666666666,
task003_nosolution__truth__q12__qc24__rho1__lc4__gateon__stopon,,task003_nosolution,truth,12,24,1.0,persistent,continuous,poisson,poisson,4.0,votes,True,1000,0.8842910233604019,0.11570897663959838,0.8840416666666666,0.11595833333333333,1.0,0.0,0.8818424397561833,0.11815756024381716,0.8779583333333334,0.12204166666666666,1.0,0.0,9.997,2786.318,0.045,960.821,task003_nosolution__silent__q12__rho1,0.3841680796374582,0.38645833333333335,0.3818875155137589,0.380875,
task003_nosolution__truth__q12__qc24__rho1__lc8__gateoff__stopon,,task003_nosolution,truth,12,24,1.0,persistent,continuous,poisson,poisson,8.0,always,True,1000,0.861531791057932,0.13846820894206827,0.8624583333333333,0.13754166666666665,1.0,0.0,0.8573770475628073,0.14262295243719297,0.853875,0.146125,1.0,0.0,30.0,618.01,1.0,960.821,task003_nosolution__silent__q12__rho1,0.3614088473349882,0.364875,0.35742212332038303,0.3567916666666666,
task003_nosolution__truth__q12__qc24__rho1__lc8__gateon__stopon,,task003_nosolution,truth,12,24,1.0,persistent,continuous,poisson,poisson,8.0,votes,True,1000,0.8820686184190267,0.11793138158097352,0.88,0.12,1.0,0.0,0.8787991220508758,0.12120087794912435,0.875,0.125,1.0,0.0,14.806,5340.797,0.109,960.821,task003_nosolution__silent__q12__rho1,0.38194567469608304,0.3824166666666667,0.37884419780845174,0.3779166666666667,
task003_nosolution__truth__q12__qc3__rho0.75__lc0.5__gateoff__stopon,,task003_nosolution,truth,12,3,0.75,persistent,continuous,poisson,poisson,0.5,always,True,1000,0.6942598409936279,0.18360923366152695,0.8354583333333334,0.13795833333333332,1.0,0.0,0.6956602795858391,0.17768769906662757,0.8375833333333332,0.13545833333333332,1.0,0.0,14.914,44.57,0.0,960.821,task003_nosolution__silent__q12__rho0.75,0.2831356244926437,0.389375,0.2857363882961823,0.39195833333333335,
task003_nosolution__truth__q12__qc3__rho0.75__lc0.5__gateon__stopon,,task003_nosolution,truth,12,3,0.75,persistent,continuous,poisson,poisson,0.5,votes,True,1000,0.6791562734781567,0.1975265544934406,0.817,0.15333333333333332,1.0,0.0,0.6769938829658746,0.19307386016906003,0.8159583333333333,0.152875,1.0,0.0,8.585,44.57,0.0,960.821,task003_nosolution__silent__q12__rho0.75,0.26803205697717253,0.3709166666666666,0.2670699916762177,0.3703333333333333,
task003_nosolution__truth__q12__qc3__rho0.75__lc1__gateoff__stopon,,task003_nosolution,truth,12,3,0.75,persistent,continuous,poisson,poisson,1.0,always,True,1000,0.7207598392453102,0.1608064173701755,0.8679166666666668,0.11208333333333334,1.0,0.0,0.7201128396018607,0.158101958057774,0.8705833333333333,0.10708333333333332,1.0,0.0,27.87,83.265,0.531,960.821,task003_nosolution__silent__q12__rho0.75,0.30963562274432604,0.42183333333333334,0.3101889483122037,0.4249583333333333,
task003_nosolution__truth__q12__qc3__rho0.75__lc1__gateon__stopon,,task003_nosolution,truth,12,3,0.75,persistent,continuous,poisson,poisson,1.0,votes,True,1000,0.7081027041514323,0.17124922047097874,0.8539583333333334,0.11979166666666667,1.0,0.0,0.7064351845662263,0.167787644462792,0.8516666666666668,0.12183333333333335,1.0,0.0,14.649,89.622,0.009,960.821,task003_nosolution__silent__q12__rho0.75,0.2969784876504481,0.407875,0.2965112932765694,0.4060416666666667,
task003_nosolution__truth__q12__qc3__rho0.75__lc2__gateoff__stopon,,task003_nosolution,truth,12,3,0.75,persistent,continuous,poisson,poisson,2.0,always,True,1000,0.7262947885587007,0.15641769237778289,0.8741666666666668,0.10295833333333333,1.0,0.0,0.7272653716521283,0.15186830979574312,0.875375,0.10125,1.0,0.0,30.0,89.35,1.0,960.821,task003_nosolution__silent__q12__rho0.75,0.31517057205771665,0.42808333333333337,0.31734148036247145,0.42975,
task003_nosolution__truth__q12__qc3__rho0.75__lc2__gateon__stopon,,task003_nosolution,truth,12,3,0.75,persistent,continuous,poisson,poisson,2.0,votes,True,1000,0.7219663524344478,0.15875176064209093,0.8732916666666667,0.10395833333333333,1.0,0.0,0.7208453437546873,0.15855595914325624,0.8700833333333332,0.10608333333333335,1.0,0.0,23.841,169.8,0.267,960.821,task003_nosolution__silent__q12__rho0.75,0.3108421359334636,0.4272083333333333,0.3109214524650304,0.4244583333333334,
task003_nosolution__truth__q12__qc3__rho0.75__lc4__gateoff__stopon,,task003_nosolution,truth,12,3,0.75,persistent,continuous,poisson,poisson,4.0,always,True,1000,0.7254500679904892,0.15388463178116496,0.877625,0.09866666666666665,1.0,0.0,0.7279135652052567,0.14945863489162756,0.877,0.09954166666666667,1.0,0.0,30.0,88.77,1.0,960.821,task003_nosolution__silent__q12__rho0.75,0.314325851489505,0.4315416666666667,0.31798967391559996,0.431375,
task003_nosolution__truth__q12__qc3__rho0.75__lc4__gateon__stopon,,task003_nosolution,truth,12,3,0.75,persistent,continuous,poisson,poisson,4.0,votes,True,1000,0.7259376396700981,0.15540097600223202,0.8752083333333334,0.10158333333333334,1.0,0.0,0.726171233769179,0.15239085399050015,0.8777083333333333,0.10008333333333334,1.0,0.0,29.194,230.131,0.859,960.821,task003_nosolution__silent__q12__rho0.75,0.3148134231691138,0.429125,0.31624734247952213,0.4320833333333334,
task003_nosolution__truth__q12__qc3__rho0.75__lc8__gateoff__stopon,,task003_nosolution,truth,12,3,0.75,persistent,continuous,poisson,poisson,8.0,always,True,1000,0.7258434114496101,0.15414669133208553,0.873,0.102875,1.0,0.0,0.7247940588303049,0.1508608098981313,0.8730833333333333,0.10233333333333335,1.0,0.0,30.0,87.65,1.0,960.821,task003_nosolution__silent__q12__rho0.75,0.3147191949486258,0.4269166666666666,0.314870167540648,0.42745833333333333,
task003_nosolution__truth__q12__qc3__rho0.75__lc8__gateon__stopon,,task003_nosolution,truth,12,3,0.75,persistent,continuous,poisson,poisson,8.0,votes,True,1000,0.7253491469817472,0.15443558195056312,0.8736666666666667,0.10158333333333334,1.0,0.0,0.7238127386911417,0.15314191442979647,0.871,0.1035,1.0,0.0,29.971,224.089,0.994,960.821,task003_nosolution__silent__q12__rho0.75,0.3142249304807631,0.4275833333333333,0.31388884740148487,0.425375,
task003_nosolution__truth__q12__qc3__rho1__lc0.5__gateoff__stopon,,task003_nosolution,truth,12,3,1.0,persistent,continuous,poisson,poisson,0.5,always,True,1000,0.7835083204144454,0.21647017420921066,0.7827083333333333,0.21729166666666666,1.0,0.0,0.782447501803752,0.21755249819624822,0.7769583333333334,0.22304166666666667,1.0,0.0,14.914,44.572,0.0,960.821,task003_nosolution__silent__q12__rho1,0.2833853766915017,0.285125,0.28249257756132773,0.279875,
task003_nosolution__truth__q12__qc3__rho1__lc0.5__gateon__stopon,,task003_nosolution,truth,12,3,1.0,persistent,continuous,poisson,poisson,0.5,votes,True,1000,0.813007787245008,0.18683170058747664,0.8149166666666666,0.18479166666666666,1.0,0.0,0.8163221392754997,0.18361334459546824,0.811375,0.18858333333333333,1.0,0.0,8.956,44.572,0.0,960.821,task003_nosolution__silent__q12__rho1,0.3128848435220642,0.31733333333333336,0.31636721503307547,0.31429166666666664,
task003_nosolution__truth__q12__qc3__rho1__lc1__gateoff__stopon,,task003_nosolution,truth,12,3,1.0,persistent,continuous,poisson,poisson,1.0,always,True,1000,0.7952292713314557,0.20477072866854443,0.794,0.206,1.0,0.0,0.7902997101800138,0.20970028981998623,0.7859583333333334,0.21404166666666669,1.0,0.0,27.87,83.265,0.531,960.821,task003_nosolution__silent__q12__rho1,0.29510632760851196,0.29641666666666666,0.29034478593758967,0.288875,
task003_nosolution__truth__q12__qc3__rho1__lc1__gateon__stopon,,task003_nosolution,truth,12,3,1.0,persistent,continuous,poisson,poisson,1.0,votes,True,1000,0.8503544278736399,0.14951140194882573,0.8510833333333334,0.14891666666666667,1.0,0.0,0.8507522621171145,0.1491859099258965,0.8481250000000001,0.15183333333333335,1.0,0.0,15.233,89.67,0.003,960.821,task003_nosolution__silent__q12__rho1,0.35023148415069616,0.3535,0.35079733787469025,0.35104166666666664,
task003_nosolution__truth__q12__qc3__rho1__lc2__gateoff__stopon,,task003_nosolution,truth,12,3,1.0,persistent,continuous,poisson,poisson,2.0,always,True,1000,0.798932392965852,0.20094509608233607,0.799875,0.19979166666666667,1.0,0.0,0.7960973963942889,0.203840775648722,0.7929166666666666,0.20704166666666668,1.0,0.0,30.0,89.352,1.0,960.821,task003_nosolution__silent__q12__rho1,0.29880944924290825,0.3022916666666666,0.2961424721518647,0.29583333333333334,
task003_nosolution__truth__q12__qc3__rho1__lc2__gateon__stopon,,task003_nosolution,truth,12,3,1.0,persistent,continuous,poisson,poisson,2.0,votes,True,1000,0.8561729361810331,0.14375677309813895,0.85775,0.1420833333333333,1.0,0.0,0.8523934579807676,0.1476065420192326,0.85075,0.14925,1.0,0.0,24.84,170.051,0.285,960.821,task003_nosolution__silent__q12__rho1,0.35604999245808927,0.3601666666666667,0.35243853373834344,0.35366666666666663,
task003_nosolution__truth__q12__qc3__rho1__lc4__gateoff__stopon,,task003_nosolution,truth,12,3,1.0,persistent,continuous,poisson,poisson,4.0,always,True,1000,0.8082132406713132,0.19178675932868702,0.8089583333333332,0.19104166666666667,1.0,0.0,0.8051896227919255,0.19481037720807462,0.8019583333333333,0.19804166666666664,1.0,0.0,30.0,88.78,1.0,960.821,task003_nosolution__silent__q12__rho1,0.3080902969483694,0.311375,0.3052346985495013,0.304875,
task003_nosolution__truth__q12__qc3__rho1__lc4__gateon__stopon,,task003_nosolution,truth,12,3,1.0,persistent,continuous,poisson,poisson,4.0,votes,True,1000,0.8378259198023199,0.16213206506426733,0.8368333333333333,0.163125,1.0,0.0,0.8345353191838693,0.16545776126216838,0.8310416666666667,0.16895833333333335,1.0,0.0,29.67,214.925,0.943,960.821,task003_nosolution__silent__q12__rho1,0.33770297607937616,0.33925,0.334580394941445,0.33395833333333336,
task003_nosolution__truth__q12__qc3__rho1__lc8__gateoff__stopon,,task003_nosolution,truth,12,3,1.0,persistent,continuous,poisson,poisson,8.0,always,True,1000,0.8043845873866895,0.19537120292541105,0.8055833333333332,0.19441666666666665,1.0,0.0,0.7999189169412871,0.20008108305871303,0.797,0.203,1.0,0.0,30.0,87.667,1.0,960.821,task003_nosolution__silent__q12__rho1,0.30426164366374575,0.308,0.29996399269886287,0.29991666666666666,
task003_nosolution__truth__q12__qc3__rho1__lc8__gateon__stopon,,task003_nosolution,truth,12,3,1.0,persistent,continuous,poisson,poisson,8.0,votes,True,1000,0.8098484887981214,0.18999325751808732,0.8117083333333333,0.1882916666666667,1.0,0.0,0.8062447595600706,0.1936557780743382,0.8036666666666666,0.19620833333333332,1.0,0.0,29.995,215.082,0.999,960.821,task003_nosolution__silent__q12__rho1,0.30972554507517774,0.314125,0.3062898353176463,0.3065833333333334,
task003_nosolution__truth__q12__qc6__rho0.75__lc0.5__gateoff__stopon,,task003_nosolution,truth,12,6,0.75,persistent,continuous,poisson,poisson,0.5,always,True,1000,0.7120809984318658,0.17681218050685973,0.854375,0.12733333333333333,1.0,0.0,0.7104128446933937,0.17315314039142266,0.853875,0.12466666666666666,1.0,0.0,14.914,88.943,0.0,960.821,task003_nosolution__silent__q12__rho0.75,0.30095678193088155,0.40829166666666666,0.3004889534037369,0.40825,
task003_nosolution__truth__q12__qc6__rho0.75__lc0.5__gateon__stopon,,task003_nosolution,truth,12,6,0.75,persistent,continuous,poisson,poisson,0.5,votes,True,1000,0.697693539359708,0.18496627115709005,0.8481666666666667,0.12620833333333334,1.0,0.0,0.7001883562721936,0.17855517676495444,0.8502916666666667,0.123875,1.0,0.0,6.375,88.943,0.0,960.821,task003_nosolution__silent__q12__rho0.75,0.2865693228587237,0.4020833333333333,0.2902644649825367,0.4046666666666666,
task003_nosolution__truth__q12__qc6__rho0.75__lc1__gateoff__stopon,,task003_nosolution,truth,12,6,0.75,persistent,continuous,poisson,poisson,1.0,always,True,1000,0.7165637792283912,0.17655604728648494,0.8543333333333333,0.1284583333333333,1.0,0.0,0.70944031883525,0.1757385097450602,0.8518333333333333,0.127875,1.0,0.0,27.87,166.159,0.531,960.821,task003_nosolution__silent__q12__rho0.75,0.305439562727407,0.40825,0.29951642754559316,0.4062083333333334,
task003_nosolution__truth__q12__qc6__rho0.75__lc1__gateon__stopon,,task003_nosolution,truth,12,6,0.75,persistent,continuous,poisson,poisson,1.0,votes,True,1000,0.7160497626673624,0.1662756424173326,0.87075,0.10745833333333334,1.0,0.0,0.71510672733848,0.1620345522475714,0.8694583333333333,0.106625,1.0,0.0,9.843,178.968,0.003,960.821,task003_nosolution__silent__q12__rho0.75,0.30492554616637835,0.4246666666666667,0.3051828360488231,0.42383333333333334,
task003_nosolution__truth__q12__qc6__rho0.75__lc2__gateoff__stopon,,task003_nosolution,truth,12,6,0.75,persistent,continuous,poisson,poisson,2.0,always,True,1000,0.7127689552172883,0.17380899236459857,0.85775,0.12279166666666666,1.0,0.0,0.7107875263643455,0.17207757865434406,0.860625,0.120125,1.0,0.0,30.0,177.956,1.0,960.821,task003_nosolution__silent__q12__rho0.75,0.3016447387163041,0.4116666666666666,0.30086363507468866,0.415,
task003_nosolution__truth__q12__qc6__rho0.75__lc2__gateon__stopon,,task003_nosolution,truth,12,6,0.75,persistent,continuous,poisson,poisson,2.0,votes,True,1000,0.7273147413539257,0.15502520256724445,0.8820416666666667,0.09695833333333333,1.0,0.0,0.7275019846495129,0.1518262760090133,0.8811666666666667,0.09504166666666668,1.0,0.0,15.179,353.78,0.06,960.821,task003_nosolution__silent__q12__rho0.75,0.31619052485294163,0.4359583333333334,0.31757809335985604,0.4355416666666666,
task003_nosolution__truth__q12__qc6__rho0.75__lc4__gateoff__stopon,,task003_nosolution,truth,12,6,0.75,persistent,continuous,poisson,poisson,4.0,always,True,1000,0.7234646195813076,0.1612659274261992,0.8714583333333333,0.10858333333333334,1.0,0.0,0.7242758364532663,0.15716765287885628,0.87475,0.104375,1.0,0.0,30.0,176.082,1.0,960.821,task003_nosolution__silent__q12__rho0.75,0.3123404030803234,0.425375,0.3143519451636094,0.429125,
task003_nosolution__truth__q12__qc6__rho0.75__lc4__gateon__stopon,,task003_nosolution,truth,12,6,0.75,persistent,continuous,poisson,poisson,4.0,votes,True,1000,0.7282433555286341,0.1558861453831809,0.8795416666666667,0.099125,1.0,0.0,0.727695100760989,0.15078146232816955,0.8832916666666666,0.09620833333333334,1.0,0.0,22.119,643.201,0.317,960.821,task003_nosolution__silent__q12__rho0.75,0.31711913902765004,0.4334583333333334,0.3177712094713322,0.43766666666666665,
task003_nosolution__truth__q12__qc6__rho0.75__lc8__gateoff__stopon,,task003_nosolution,truth,12,6,0.75,persistent,continuous,poisson,poisson,8.0,always,True,1000,0.7304679978628709,0.15250573274269558,0.883375,0.09625,1.0,0.0,0.7300110342092803,0.15062344414894063,0.8811666666666668,0.09741666666666665,1.0,0.0,30.0,172.388,1.0,960.821,task003_nosolution__silent__q12__rho0.75,0.3193437813618868,0.43729166666666663,0.3200871429196233,0.43554166666666666,
task003_nosolution__truth__q12__qc6__rho0.75__lc8__gateon__stopon,,task003_nosolution,truth,12,6,0.75,persistent,continuous,poisson,poisson,8.0,votes,True,1000,0.730155953027165,0.15299287798945285,0.8819583333333334,0.09775,1.0,0.0,0.7276176366972661,0.15058488436274636,0.8833333333333333,0.09545833333333334,1.0,0.0,27.181,942.338,0.674,960.821,task003_nosolution__silent__q12__rho0.75,0.3190317365261808,0.435875,0.3176937454076092,0.43770833333333337,
task003_nosolution__truth__q12__qc6__rho1__lc0.5__gateoff__stopon,,task003_nosolution,truth,12,6,1.0,persistent,continuous,poisson,poisson,0.5,always,True,1000,0.7641802189984388,0.23581978100156128,0.764875,0.235125,1.0,0.0,0.7590966975410488,0.24090330245895128,0.7562916666666666,0.24370833333333333,1.0,0.0,14.914,88.952,0.0,960.821,task003_nosolution__silent__q12__rho1,0.26405727527549505,0.26729166666666665,0.2591417732986246,0.2592083333333334,
task003_nosolution__truth__q12__qc6__rho1__lc0.5__gateon__stopon,,task003_nosolution,truth,12,6,1.0,persistent,continuous,poisson,poisson,0.5,votes,True,1000,0.84425030190022,0.15574531213486809,0.8447916666666667,0.1552083333333333,1.0,0.0,0.8476038369809205,0.15239616301907968,0.8460833333333334,0.15391666666666665,1.0,0.0,6.668,88.952,0.0,960.821,task003_nosolution__silent__q12__rho1,0.34412735817727613,0.34720833333333334,0.34764891273849624,0.349,
task003_nosolution__truth__q12__qc6__rho1__lc1__gateoff__stopon,,task003_nosolution,truth,12,6,1.0,persistent,continuous,poisson,poisson,1.0,always,True,1000,0.7618901080250964,0.23810757716008873,0.7636666666666666,0.2363333333333333,1.0,0.0,0.7568254938750862,0.24317219131009893,0.75275,0.24725,1.0,0.0,27.87,166.161,0.531,960.821,task003_nosolution__silent__q12__rho1,0.26176716430215274,0.26608333333333334,0.2568705696326621,0.25566666666666665,
task003_nosolution__truth__q12__qc6__rho1__lc1__gateon__stopon,,task003_nosolution,truth,12,6,1.0,persistent,continuous,poisson,poisson,1.0,votes,True,1000,0.859811832040009,0.1401535950806604,0.8591666666666667,0.1408333333333333,1.0,0.0,0.8568928930268608,0.14310479215832478,0.8526666666666668,0.14733333333333332,1.0,0.0,10.185,179.013,0.0,960.821,task003_nosolution__silent__q12__rho1,0.35968888831706525,0.3615833333333333,0.3569379687844364,0.3555833333333333,
task003_nosolution__truth__q12__qc6__rho1__lc2__gateoff__stopon,,task003_nosolution,truth,12,6,1.0,persistent,continuous,poisson,poisson,2.0,always,True,1000,0.7669635823239992,0.23303641767600095,0.768625,0.231375,1.0,0.0,0.7640164458537815,0.23598355414621852,0.7595416666666668,0.2404583333333333,1.0,0.0,30.0,177.963,1.0,960.821,task003_nosolution__silent__q12__rho1,0.2668406386010554,0.2710416666666667,0.26406152161135726,0.26245833333333335,
task003_nosolution__truth__q12__qc6__rho1__lc2__gateon__stopon,,task003_nosolution,truth,12,6,1.0,persistent,continuous,poisson,poisson,2.0,votes,True,1000,0.8533490537347396,0.1465882720318876,0.8530833333333333,0.14683333333333332,1.0,0.0,0.8487908118263076,0.1512011236575637,0.8429583333333333,0.1570416666666667,1.0,0.0,16.518,353.086,0.085,960.821,task003_nosolution__silent__q12__rho1,0.35322611001179577,0.3555,0.3488358875838833,0.345875,
task003_nosolution__truth__q12__qc6__rho1__lc4__gateoff__stopon,,task003_nosolution,truth,12,6,1.0,persistent,continuous,poisson,poisson,4.0,always,True,1000,0.7841206118902224,0.21587938810977764,0.786625,0.213375,1.0,0.0,0.7802062115158596,0.21979378848414052,0.7779583333333333,0.22204166666666666,1.0,0.0,30.0,176.101,1.0,960.821,task003_nosolution__silent__q12__rho1,0.2839976681672787,0.28904166666666664,0.2802512872734353,0.280875,
task003_nosolution__truth__q12__qc6__rho1__lc4__gateon__stopon,,task003_nosolution,truth,12,6,1.0,persistent,continuous,poisson,poisson,4.0,votes,True,1000,0.8391032248120652,0.1608952319780583,0.8405,0.1595,1.0,0.0,0.8328462824579013,0.16715371754209896,0.828,0.172,1.0,0.0,24.237,621.392,0.419,960.821,task003_nosolution__silent__q12__rho1,0.3389802810891216,0.34291666666666665,0.332891358215477,0.33091666666666664,
task003_nosolution__truth__q12__qc6__rho1__lc8__gateoff__stopon,,task003_nosolution,truth,12,6,1.0,persistent,continuous,poisson,poisson,8.0,always,True,1000,0.8087126677262645,0.19128501745892088,0.810625,0.189375,1.0,0.0,0.8041449700653788,0.19585502993462142,0.80175,0.19825,1.0,0.0,30.0,172.437,1.0,960.821,task003_nosolution__silent__q12__rho1,0.30858972400332074,0.31304166666666666,0.3041900458229545,0.30466666666666664,
task003_nosolution__truth__q12__qc6__rho1__lc8__gateon__stopon,,task003_nosolution,truth,12,6,1.0,persistent,continuous,poisson,poisson,8.0,votes,True,1000,0.8319474830162026,0.16799641383764077,0.8323333333333334,0.167625,1.0,0.0,0.8259545377741834,0.1739836342688277,0.822375,0.17758333333333332,1.0,0.0,28.45,864.231,0.819,960.821,task003_nosolution__silent__q12__rho1,0.3318245392932588,0.33475,0.325999613531759,0.32529166666666665,
task003_nosolution__truth__q3__qc12__rho0.75__lc0.5__gateoff__stopon,,task003_nosolution,truth,3,12,0.75,persistent,continuous,poisson,poisson,0.5,always,True,1000,0.5705455525109633,0.24441048228271847,0.6583333333333332,0.211,1.0,0.0,0.5764873438858024,0.23523036883426005,0.6634583333333334,0.20229166666666668,1.0,0.0,14.914,177.086,0.0,960.821,task003_nosolution__silent__q3__rho0.75,0.2143929128674635,0.29475,0.22315761323884942,0.3006666666666667,
task003_nosolution__truth__q3__qc12__rho0.75__lc0.5__gateon__stopon,,task003_nosolution,truth,3,12,0.75,persistent,continuous,poisson,poisson,0.5,votes,True,1000,0.5644280971428165,0.2491277665198042,0.6491666666666667,0.21433333333333335,1.0,0.0,0.5723034652751922,0.23961688329732095,0.6604166666666668,0.206875,1.0,0.0,11.328,177.085,0.0,960.821,task003_nosolution__silent__q3__rho0.75,0.20827545749931672,0.28558333333333336,0.21897373462823908,0.297625,
task003_nosolution__truth__q3__qc12__rho0.75__lc1__gateoff__stopon,,task003_nosolution,truth,3,12,0.75,persistent,continuous,poisson,poisson,1.0,always,True,1000,0.5844730542810723,0.2294238617693876,0.6728333333333333,0.19675,1.0,0.0,0.5815203667435557,0.22894146939967935,0.6732083333333334,0.19158333333333333,1.0,0.0,27.87,330.797,0.531,960.821,task003_nosolution__silent__q3__rho0.75,0.22832041463757255,0.30925,0.2281906360966027,0.3104166666666667,
task003_nosolution__truth__q3__qc12__rho0.75__lc1__gateon__stopon,,task003_nosolution,truth,3,12,0.75,persistent,continuous,poisson,poisson,1.0,votes,True,1000,0.58061107030431,0.23322330822596346,0.6711666666666667,0.195375,1.0,0.0,0.5829851077511755,0.22761645043017484,0.6730833333333333,0.19441666666666665,1.0,0.0,20.429,354.315,0.061,960.821,task003_nosolution__silent__q3__rho0.75,0.22445843066081023,0.3075833333333334,0.22965537710422262,0.3102916666666667,
task003_nosolution__truth__q3__qc12__rho0.75__lc2__gateoff__stopon,,task003_nosolution,truth,3,12,0.75,persistent,continuous,poisson,poisson,2.0,always,True,1000,0.5818535189649723,0.23050050583632797,0.671875,0.191625,1.0,0.0,0.5828294021523134,0.2252595582951393,0.67125,0.19054166666666666,1.0,0.0,30.0,352.95,1.0,960.821,task003_nosolution__silent__q3__rho0.75,0.22570087932147254,0.30829166666666663,0.2294996715053604,0.3084583333333334,
task003_nosolution__truth__q3__qc12__rho0.75__lc2__gateon__stopon,,task003_nosolution,truth,3,12,0.75,persistent,continuous,poisson,poisson,2.0,votes,True,1000,0.5835806521752325,0.22899801898199185,0.670875,0.192125,1.0,0.0,0.5848213852914732,0.22168375866401097,0.677,0.18595833333333334,1.0,0.0,29.067,538.052,0.824,960.821,task003_nosolution__silent__q3__rho0.75,0.22742801253173275,0.30729166666666663,0.23149165464452026,0.3142083333333333,
task003_nosolution__truth__q3__qc12__rho0.75__lc4__gateoff__stopon,,task003_nosolution,truth,3,12,0.75,persistent,continuous,poisson,poisson,4.0,always,True,1000,0.5825914686218783,0.2273463207022487,0.67225,0.19245833333333331,1.0,0.0,0.586088307546902,0.22184447434550725,0.67775,0.18925,1.0,0.0,30.0,346.126,1.0,960.821,task003_nosolution__silent__q3__rho0.75,0.2264388289783785,0.30866666666666664,0.23275857689994897,0.31495833333333334,
task003_nosolution__truth__q3__qc12__rho0.75__lc4__gateon__stopon,,task003_nosolution,truth,3,12,0.75,persistent,continuous,poisson,poisson,4.0,votes,True,1000,0.5848689044426568,0.22476728004604363,0.6764166666666667,0.18466666666666667,1.0,0.0,0.5881897677483616,0.2205569134832263,0.679875,0.18475,1.0,0.0,29.989,559.103,0.998,960.821,task003_nosolution__silent__q3__rho0.75,0.22871626479915702,0.3128333333333333,0.23486003710140865,0.3170833333333334,
task003_nosolution__truth__q3__qc12__rho0.75__lc8__gateoff__stopon,,task003_nosolution,truth,3,12,0.75,persistent,continuous,poisson,poisson,8.0,always,True,1000,0.5894820898876476,0.22334755723882552,0.6815,0.184875,1.0,0.0,0.5915586539898693,0.2166786829435744,0.6835416666666666,0.18095833333333333,1.0,0.0,30.0,332.482,1.0,960.821,task003_nosolution__silent__q3__rho0.75,0.2333294502441479,0.3179166666666666,0.23822892334291623,0.32075,
task003_nosolution__truth__q3__qc12__rho0.75__lc8__gateon__stopon,,task003_nosolution,truth,3,12,0.75,persistent,continuous,poisson,poisson,8.0,votes,True,1000,0.5844039763290073,0.22523938401172808,0.6745,0.187625,1.0,0.0,0.5913391213139356,0.2180982476802497,0.678125,0.18583333333333332,1.0,0.0,30.0,522.719,1.0,960.821,task003_nosolution__silent__q3__rho0.75,0.22825133668550762,0.3109166666666667,0.23800939066698254,0.31533333333333335,
task003_nosolution__truth__q3__qc12__rho1__lc0.5__gateoff__stopon,,task003_nosolution,truth,3,12,1.0,persistent,continuous,poisson,poisson,0.5,always,True,1000,0.8278999243035673,0.17204500734399455,0.8274583333333334,0.1725,1.0,0.0,0.7965022201522612,0.2034977798477388,0.7929583333333332,0.20704166666666668,1.0,0.0,14.914,177.104,0.0,960.821,task003_nosolution__silent__q3__rho1,0.32880133674458484,0.3306666666666666,0.29638938839105355,0.29583333333333334,
task003_nosolution__truth__q3__qc12__rho1__lc0.5__gateon__stopon,,task003_nosolution,truth,3,12,1.0,persistent,continuous,poisson,poisson,0.5,votes,True,1000,0.8584496258553909,0.1411341285810168,0.856875,0.14275,1.0,0.0,0.8644204234020276,0.13547978323578708,0.8614166666666667,0.13854166666666665,1.0,0.0,6.383,177.103,0.0,960.821,task003_nosolution__silent__q3__rho1,0.3593510382964083,0.36008333333333337,0.36430759164081994,0.3642916666666667,
task003_nosolution__truth__q3__qc12__rho1__lc1__gateoff__stopon,,task003_nosolution,truth,3,12,1.0,persistent,continuous,poisson,poisson,1.0,always,True,1000,0.8102740144158761,0.18967182603996433,0.8112916666666666,0.188625,1.0,0.0,0.7777833163923219,0.22220706822306277,0.7760416666666667,0.223875,1.0,0.0,27.87,330.821,0.531,960.821,task003_nosolution__silent__q3__rho1,0.31117542685689364,0.3145,0.27767048463111416,0.27891666666666665,
task003_nosolution__truth__q3__qc12__rho1__lc1__gateon__stopon,,task003_nosolution,truth,3,12,1.0,persistent,continuous,poisson,poisson,1.0,votes,True,1000,0.8819097928942764,0.11777315820730955,0.8810833333333333,0.1185,1.0,0.0,0.8792142635661501,0.12069936175715298,0.876625,0.12333333333333334,1.0,0.0,9.251,356.524,0.0,960.821,task003_nosolution__silent__q3__rho1,0.38281120533529384,0.3842916666666667,0.37910143180494227,0.3795,
task003_nosolution__truth__q3__qc12__rho1__lc2__gateoff__stopon,,task003_nosolution,truth,3,12,1.0,persistent,continuous,poisson,poisson,2.0,always,True,1000,0.8163175163887135,0.18358543830896956,0.814375,0.1855416666666667,1.0,0.0,0.7894360450074875,0.21053013190194395,0.787375,0.21258333333333335,1.0,0.0,30.0,352.985,1.0,960.821,task003_nosolution__silent__q3__rho1,0.31721892882973113,0.3175833333333334,0.2893232132462798,0.29025,
task003_nosolution__truth__q3__qc12__rho1__lc2__gateon__stopon,,task003_nosolution,truth,3,12,1.0,persistent,continuous,poisson,poisson,2.0,votes,True,1000,0.8869096974525507,0.11290527908752815,0.888375,0.111375,1.0,0.0,0.8781972906083189,0.12170676883694892,0.87475,0.12520833333333334,1.0,0.0,13.83,711.916,0.006,960.821,task003_nosolution__silent__q3__rho1,0.38781110989356815,0.3915833333333334,0.3780844588471112,0.377625,
task003_nosolution__truth__q3__qc12__rho1__lc4__gateoff__stopon,,task003_nosolution,truth,3,12,1.0,persistent,continuous,poisson,poisson,4.0,always,True,1000,0.8437939498751016,0.1560749337169634,0.8453333333333334,0.1545,1.0,0.0,0.8219154452538657,0.17804009348900066,0.8184583333333334,0.18154166666666666,1.0,0.0,30.0,346.212,1.0,960.821,task003_nosolution__silent__q3__rho1,0.344695362316119,0.3485416666666667,0.321802613492658,0.32133333333333336,
task003_nosolution__truth__q3__qc12__rho1__lc4__gateon__stopon,,task003_nosolution,truth,3,12,1.0,persistent,continuous,poisson,poisson,4.0,votes,True,1000,0.8789398114551193,0.1209108336918479,0.8802083333333333,0.11970833333333335,1.0,0.0,0.8652330158824612,0.13472557312112804,0.8633333333333334,0.13654166666666667,1.0,0.0,21.151,1299.33,0.22,960.821,task003_nosolution__silent__q3__rho1,0.3798412238961368,0.3834166666666667,0.3651201841212534,0.3662083333333333,
task003_nosolution__truth__q3__qc12__rho1__lc8__gateoff__stopon,,task003_nosolution,truth,3,12,1.0,persistent,continuous,poisson,poisson,8.0,always,True,1000,0.8580648505562397,0.1418289800422987,0.8599166666666668,0.14004166666666668,1.0,0.0,0.8401273688835025,0.15984574325525483,0.8370833333333333,0.16291666666666668,1.0,0.0,30.0,332.623,1.0,960.821,task003_nosolution__silent__q3__rho1,0.3589662629972571,0.363125,0.3400145371222949,0.3399583333333333,
task003_nosolution__truth__q3__qc12__rho1__lc8__gateon__stopon,,task003_nosolution,truth,3,12,1.0,persistent,continuous,poisson,poisson,8.0,votes,True,1000,0.8649772429554239,0.1348304294258803,0.8649583333333333,0.135,1.0,0.0,0.8491806244423735,0.15076308015947626,0.8448333333333333,0.15516666666666665,1.0,0.0,27.665,1439.454,0.709,960.821,task003_nosolution__silent__q3__rho1,0.3658786553964413,0.36816666666666664,0.34906779268116594,0.34770833333333334,
task003_nosolution__truth__q3__qc24__rho0.75__lc0.5__gateoff__stopon,,task003_nosolution,truth,3,24,0.75,persistent,continuous,poisson,poisson,0.5,always,True,1000,0.5642264246081689,0.2527242787435212,0.64675,0.2242916666666667,1.0,0.0,0.5648321424759445,0.24725841214757235,0.6502916666666666,0.2165,1.0,0.0,14.914,351.099,0.0,960.821,task003_nosolution__silent__q3__rho0.75,0.20807378496466913,0.2831666666666667,0.21150241182899146,0.2875,
task003_nosolution__truth__q3__qc24__rho0.75__lc0.5__gateon__stopon,,task003_nosolution,truth,3,24,0.75,persistent,continuous,poisson,poisson,0.5,votes,True,1000,0.5592556065736967,0.2553627199639294,0.642,0.2255416666666667,1.0,0.0,0.5619274827444354,0.2474214747265589,0.6454166666666667,0.21475,1.0,0.0,12.687,351.096,0.0,960.821,task003_nosolution__silent__q3__rho0.75,0.2031029669301969,0.27841666666666665,0.20859775209748238,0.282625,
task003_nosolution__truth__q3__qc24__rho0.75__lc1__gateoff__stopon,,task003_nosolution,truth,3,24,0.75,persistent,continuous,poisson,poisson,1.0,always,True,1000,0.5767285443379744,0.23871579481885544,0.6662916666666667,0.20275,1.0,0.0,0.574724233182372,0.23538108201632468,0.6599583333333334,0.20145833333333332,1.0,0.0,27.87,655.658,0.531,960.821,task003_nosolution__silent__q3__rho0.75,0.2205759046944746,0.3027083333333333,0.22139450253541912,0.29716666666666663,
task003_nosolution__truth__q3__qc24__rho0.75__lc1__gateon__stopon,,task003_nosolution,truth,3,24,0.75,persistent,continuous,poisson,poisson,1.0,votes,True,1000,0.570764698475316,0.24144889020900853,0.658125,0.20975,1.0,0.0,0.5711787740795341,0.23685574461037276,0.6585416666666666,0.20229166666666665,1.0,0.0,23.446,691.97,0.168,960.821,task003_nosolution__silent__q3__rho0.75,0.21461205883181614,0.2945416666666667,0.21784904343258116,0.29575,
task003_nosolution__truth__q3__qc24__rho0.75__lc2__gateoff__stopon,,task003_nosolution,truth,3,24,0.75,persistent,continuous,poisson,poisson,2.0,always,True,1000,0.5731780450063066,0.23694999470287859,0.6632916666666666,0.198875,1.0,0.0,0.5759393784225227,0.23193264878819111,0.6652083333333334,0.19475,1.0,0.0,30.0,693.926,1.0,960.821,task003_nosolution__silent__q3__rho0.75,0.21702540536280684,0.2997083333333333,0.2226096477755698,0.3024166666666666,
task003_nosolution__truth__q3__qc24__rho0.75__lc2__gateon__stopon,,task003_nosolution,truth,3,24,0.75,persistent,continuous,poisson,poisson,2.0,votes,True,1000,0.5758076097830005,0.2361302912073069,0.6658333333333333,0.20095833333333332,1.0,0.0,0.5751527130759172,0.23196618719442716,0.6643333333333333,0.19520833333333334,1.0,0.0,29.554,911.236,0.908,960.821,task003_nosolution__silent__q3__rho0.75,0.21965497013950072,0.30225,0.22182298242896423,0.3015416666666667,
task003_nosolution__truth__q3__qc24__rho0.75__lc4__gateoff__stopon,,task003_nosolution,truth,3,24,0.75,persistent,continuous,poisson,poisson,4.0,always,True,1000,0.5768144085357019,0.23691355156456637,0.66525,0.20404166666666668,1.0,0.0,0.5803584258959309,0.23003202792416488,0.668125,0.1967916666666667,1.0,0.0,30.0,668.061,1.0,960.821,task003_nosolution__silent__q3__rho0.75,0.22066176889220213,0.30166666666666664,0.22702869524897784,0.30533333333333335,
task003_nosolution__truth__q3__qc24__rho0.75__lc4__gateon__stopon,,task003_nosolution,truth,3,24,0.75,persistent,continuous,poisson,poisson,4.0,votes,True,1000,0.5763803482252398,0.2363521561203841,0.6638333333333334,0.19979166666666665,1.0,0.0,0.576552321232587,0.23271496855033663,0.66725,0.19666666666666666,1.0,0.0,29.975,906.563,0.995,960.821,task003_nosolution__silent__q3__rho0.75,0.22022770858174007,0.30025,0.22322259058563407,0.3044583333333334,
task003_nosolution__truth__q3__qc24__rho0.75__lc8__gateoff__stopon,,task003_nosolution,truth,3,24,0.75,persistent,continuous,poisson,poisson,8.0,always,True,1000,0.5826200999033749,0.22828893122538513,0.6715,0.191625,1.0,0.0,0.5822668974111928,0.22517702843009207,0.675,0.18933333333333335,1.0,0.0,30.0,616.62,1.0,960.821,task003_nosolution__silent__q3__rho0.75,0.22646746025987527,0.30791666666666667,0.22893716676423972,0.3122083333333333,
task003_nosolution__truth__q3__qc24__rho0.75__lc8__gateon__stopon,,task003_nosolution,truth,3,24,0.75,persistent,continuous,poisson,poisson,8.0,votes,True,1000,0.5786564339541932,0.23105582249764184,0.6662916666666666,0.19458333333333333,1.0,0.0,0.5817181242625672,0.22726221543870329,0.6710833333333333,0.1915,1.0,0.0,30.0,823.28,1.0,960.821,task003_nosolution__silent__q3__rho0.75,0.22250379431069345,0.30270833333333336,0.22838839361561425,0.30829166666666663,
task003_nosolution__truth__q3__qc24__rho1__lc0.5__gateoff__stopon,,task003_nosolution,truth,3,24,1.0,persistent,continuous,poisson,poisson,0.5,always,True,1000,0.8590073990350932,0.1408963604158762,0.8597083333333334,0.14029166666666665,1.0,0.0,0.8296463252267456,0.17033366595889082,0.8261666666666666,0.17383333333333334,1.0,0.0,14.914,351.148,0.0,960.821,task003_nosolution__silent__q3__rho1,0.35990881147611065,0.36291666666666667,0.32953349346553795,0.3290416666666667,
task003_nosolution__truth__q3__qc24__rho1__lc0.5__gateon__stopon,,task003_nosolution,truth,3,24,1.0,persistent,continuous,poisson,poisson,0.5,votes,True,1000,0.8792839463756819,0.12046854433244729,0.8797083333333334,0.12008333333333333,1.0,0.0,0.8816216758181633,0.11829775645072044,0.878625,0.12133333333333333,1.0,0.0,5.973,351.145,0.0,960.821,task003_nosolution__silent__q3__rho1,0.3801853588166991,0.3829166666666666,0.3815088440569557,0.3815,
task003_nosolution__truth__q3__qc24__rho1__lc1__gateoff__stopon,,task003_nosolution,truth,3,24,1.0,persistent,continuous,poisson,poisson,1.0,always,True,1000,0.8404112918177086,0.15954364711217717,0.8408333333333332,0.15916666666666668,1.0,0.0,0.8049456401780728,0.1950433421937221,0.8031666666666667,0.1968333333333333,1.0,0.0,27.87,655.722,0.531,960.821,task003_nosolution__silent__q3__rho1,0.34131270425872595,0.34404166666666663,0.30483280841686516,0.30604166666666666,
task003_nosolution__truth__q3__qc24__rho1__lc1__gateon__stopon,,task003_nosolution,truth,3,24,1.0,persistent,continuous,poisson,poisson,1.0,votes,True,1000,0.8932829529479986,0.10654359497629491,0.893125,0.10675,1.0,0.0,0.8893669395808727,0.11058862575884502,0.885,0.11491666666666667,1.0,0.0,8.554,707.135,0.0,960.821,task003_nosolution__silent__q3__rho1,0.3941843653890161,0.39633333333333337,0.389254107819665,0.387875,
task003_nosolution__truth__q3__qc24__rho1__lc2__gateoff__stopon,,task003_nosolution,truth,3,24,1.0,persistent,continuous,poisson,poisson,2.0,always,True,1000,0.8521902268250258,0.147727120229791,0.8538333333333332,0.146,1.0,0.0,0.8277419790047472,0.17224845067465225,0.8251666666666667,0.1748333333333333,1.0,0.0,30.0,694.073,1.0,960.821,task003_nosolution__silent__q3__rho1,0.3530916392660433,0.3570416666666667,0.32762914724353964,0.3280416666666667,
task003_nosolution__truth__q3__qc24__rho1__lc2__gateon__stopon,,task003_nosolution,truth,3,24,1.0,persistent,continuous,poisson,poisson,2.0,votes,True,1000,0.8949466392639037,0.10491313505446123,0.89475,0.10516666666666667,1.0,0.0,0.8884446206514258,0.11153035113604623,0.8866666666666666,0.11329166666666665,1.0,0.0,13.205,1411.467,0.006,960.821,task003_nosolution__silent__q3__rho1,0.3958480517049213,0.39795833333333336,0.3883317888902181,0.3895416666666666,
task003_nosolution__truth__q3__qc24__rho1__lc4__gateoff__stopon,,task003_nosolution,truth,3,24,1.0,persistent,continuous,poisson,poisson,4.0,always,True,1000,0.8741048277083948,0.12576526679757108,0.875,0.124875,1.0,0.0,0.8597755830440058,0.14017640758232716,0.8570416666666667,0.14291666666666666,1.0,0.0,30.0,668.407,1.0,960.821,task003_nosolution__silent__q3__rho1,0.3750062401494123,0.37820833333333337,0.359662751282798,0.3599166666666666,
task003_nosolution__truth__q3__qc24__rho1__lc4__gateon__stopon,,task003_nosolution,truth,3,24,1.0,persistent,continuous,poisson,poisson,4.0,votes,True,1000,0.8884849517709682,0.11132528465618981,0.889125,0.11066666666666668,1.0,0.0,0.87864269865355,0.12129056847405943,0.8755,0.12445833333333332,1.0,0.0,20.741,2512.628,0.183,960.821,task003_nosolution__silent__q3__rho1,0.38938636421198575,0.39233333333333337,0.3785298668923423,0.378375,
task003_nosolution__truth__q3__qc24__rho1__lc8__gateoff__stopon,,task003_nosolution,truth,3,24,1.0,persistent,continuous,poisson,poisson,8.0,always,True,1000,0.8784787698845916,0.121351298836486,0.8796666666666667,0.12008333333333335,1.0,0.0,0.8656427516321102,0.13430934605415415,0.8632916666666667,0.13666666666666666,1.0,0.0,30.0,617.11,1.0,960.821,task003_nosolution__silent__q3__rho1,0.37938018232560905,0.382875,0.3655299198709026,0.3661666666666667,
task003_nosolution__truth__q3__qc24__rho1__lc8__gateon__stopon,,task003_nosolution,truth,3,24,1.0,persistent,continuous,poisson,poisson,8.0,votes,True,1000,0.8814366499041969,0.11838168402790974,0.8820833333333332,0.11791666666666666,1.0,0.0,0.8696587585962016,0.13030697318845563,0.8671666666666666,0.1327916666666667,1.0,0.0,27.315,2447.129,0.675,960.821,task003_nosolution__silent__q3__rho1,0.3823380623452144,0.3852916666666667,0.36954592683499377,0.3700416666666666,
task003_nosolution__truth__q3__qc3__rho0.75__lc0.5__gateoff__stopon,,task003_nosolution,truth,3,3,0.75,persistent,continuous,poisson,poisson,0.5,always,True,1000,0.5627544944674173,0.25115998354025537,0.6410416666666666,0.22341666666666665,1.0,0.0,0.5652139436204916,0.24207857087598014,0.6436666666666667,0.21491666666666667,1.0,0.0,14.914,44.57,0.0,960.821,task003_nosolution__silent__q3__rho0.75,0.20660185482391755,0.27745833333333336,0.21188421297353865,0.28087499999999993,
task003_nosolution__truth__q3__qc3__rho0.75__lc0.5__gateon__stopon,,task003_nosolution,truth,3,3,0.75,persistent,continuous,poisson,poisson,0.5,votes,True,1000,0.5566607742152625,0.2608593485372159,0.6336666666666666,0.23491666666666666,1.0,0.0,0.5568537845733542,0.2533753965371324,0.6365,0.22858333333333333,1.0,0.0,11.913,44.57,0.0,960.821,task003_nosolution__silent__q3__rho0.75,0.20050813457176264,0.2700833333333334,0.20352405392640122,0.27370833333333333,
task003_nosolution__truth__q3__qc3__rho0.75__lc1__gateoff__stopon,,task003_nosolution,truth,3,3,0.75,persistent,continuous,poisson,poisson,1.0,always,True,1000,0.5894554918451198,0.22239093274900842,0.678375,0.18625,1.0,0.0,0.5835994134535469,0.2232908956318335,0.6675,0.1892916666666667,1.0,0.0,27.87,83.265,0.531,960.821,task003_nosolution__silent__q3__rho0.75,0.23330285220162,0.31479166666666664,0.23026968280659404,0.30470833333333336,
task003_nosolution__truth__q3__qc3__rho0.75__lc1__gateon__stopon,,task003_nosolution,truth,3,3,0.75,persistent,continuous,poisson,poisson,1.0,votes,True,1000,0.5851194951487155,0.22975812472312968,0.673875,0.19541666666666668,1.0,0.0,0.5782532278774764,0.22949528003668004,0.664125,0.19633333333333333,1.0,0.0,22.503,88.995,0.08,960.821,task003_nosolution__silent__q3__rho0.75,0.22896685550521573,0.31029166666666663,0.2249234972305233,0.30133333333333334,
task003_nosolution__truth__q3__qc3__rho0.75__lc2__gateoff__stopon,,task003_nosolution,truth,3,3,0.75,persistent,continuous,poisson,poisson,2.0,always,True,1000,0.5885799307621814,0.2220511609189048,0.681125,0.18341666666666662,1.0,0.0,0.5914029203682979,0.2179665996369487,0.681125,0.181125,1.0,0.0,30.0,89.35,1.0,960.821,task003_nosolution__silent__q3__rho0.75,0.2324272911186817,0.3175416666666666,0.23807318972134495,0.31833333333333336,
task003_nosolution__truth__q3__qc3__rho0.75__lc2__gateon__stopon,,task003_nosolution,truth,3,3,0.75,persistent,continuous,poisson,poisson,2.0,votes,True,1000,0.5912701322875213,0.21935543490482434,0.6836666666666668,0.1814583333333333,1.0,0.0,0.5888715195301811,0.21900517813462483,0.6773333333333332,0.1819583333333333,1.0,0.0,29.913,121.374,0.972,960.821,task003_nosolution__silent__q3__rho0.75,0.23511749264402157,0.32008333333333333,0.2355417888832281,0.31454166666666666,
task003_nosolution__truth__q3__qc3__rho0.75__lc4__gateoff__stopon,,task003_nosolution,truth,3,3,0.75,persistent,continuous,poisson,poisson,4.0,always,True,1000,0.5894277615401675,0.220431378771668,0.6814166666666668,0.18533333333333332,1.0,0.0,0.5905103906067076,0.21616756753751645,0.6805416666666666,0.1816666666666667,1.0,0.0,30.0,88.77,1.0,960.821,task003_nosolution__silent__q3__rho0.75,0.23327512189666777,0.31783333333333336,0.23718065995975463,0.31775,
task003_nosolution__truth__q3__qc3__rho0.75__lc4__gateon__stopon,,task003_nosolution,truth,3,3,0.75,persistent,continuous,poisson,poisson,4.0,votes,True,1000,0.5893933203729372,0.22159031250691108,0.6742083333333334,0.1857083333333333,1.0,0.0,0.5932601311373562,0.21738645671226242,0.68325,0.18191666666666667,1.0,0.0,30.0,122.503,1.0,960.821,task003_nosolution__silent__q3__rho0.75,0.23324068072943735,0.310625,0.23993040049040315,0.32045833333333335,
task003_nosolution__truth__q3__qc3__rho0.75__lc8__gateoff__stopon,,task003_nosolution,truth,3,3,0.75,persistent,continuous,poisson,poisson,8.0,always,True,1000,0.5942204017334047,0.215098581105774,0.6856666666666666,0.1769166666666667,1.0,0.0,0.5973489840099997,0.21188484579608838,0.6894583333333334,0.17345833333333333,1.0,0.0,30.0,87.646,1.0,960.821,task003_nosolution__silent__q3__rho0.75,0.23806776208990507,0.32208333333333333,0.2440192533630466,0.32666666666666666,
task003_nosolution__truth__q3__qc3__rho0.75__lc8__gateon__stopon,,task003_nosolution,truth,3,3,0.75,persistent,continuous,poisson,poisson,8.0,votes,True,1000,0.5928560434070417,0.21694209209121287,0.68225,0.17970833333333333,1.0,0.0,0.5926865998123096,0.21589327583326212,0.68375,0.17879166666666665,1.0,0.0,30.0,119.99,1.0,960.821,task003_nosolution__silent__q3__rho0.75,0.23670340376354188,0.31866666666666665,0.23935686916535667,0.32095833333333335,
task003_nosolution__truth__q3__qc3__rho1__lc0.5__gateoff__stopon,,task003_nosolution,truth,3,3,1.0,persistent,continuous,poisson,poisson,0.5,always,True,1000,0.7860685506681121,0.21229980904037443,0.7871666666666668,0.21175,1.0,0.0,0.7915878514570082,0.20784099221203842,0.7870416666666666,0.2125,1.0,0.0,14.914,44.572,0.0,960.821,task003_nosolution__silent__q3__rho1,0.2869699631091296,0.290375,0.29147501969580036,0.2899166666666667,
task003_nosolution__truth__q3__qc3__rho1__lc0.5__gateon__stopon,,task003_nosolution,truth,3,3,1.0,persistent,continuous,poisson,poisson,0.5,votes,True,1000,0.7794252537452407,0.21858240439950596,0.7795833333333333,0.218625,1.0,0.0,0.7995663862819887,0.19969264276937587,0.795875,0.203625,1.0,0.0,10.032,44.572,0.0,960.821,task003_nosolution__silent__q3__rho1,0.2803266661862582,0.28279166666666666,0.29945355452078104,0.29875,
task003_nosolution__truth__q3__qc3__rho1__lc1__gateoff__stopon,,task003_nosolution,truth,3,3,1.0,persistent,continuous,poisson,poisson,1.0,always,True,1000,0.8269016106003745,0.17250497422768324,0.8291666666666667,0.1701666666666667,1.0,0.0,0.816423609052926,0.1833936955868788,0.8133333333333332,0.1865416666666667,1.0,0.0,27.87,83.265,0.531,960.821,task003_nosolution__silent__q3__rho1,0.327803023041392,0.332375,0.3163107772917183,0.31620833333333337,
task003_nosolution__truth__q3__qc3__rho1__lc1__gateon__stopon,,task003_nosolution,truth,3,3,1.0,persistent,continuous,poisson,poisson,1.0,votes,True,1000,0.8339702057703662,0.1644965725697938,0.8334166666666667,0.164875,1.0,0.0,0.8442332399308625,0.15520021565808725,0.8389583333333334,0.1602916666666667,1.0,0.0,17.629,89.619,0.005,960.821,task003_nosolution__silent__q3__rho1,0.3348716182113836,0.336625,0.3441204081696548,0.3418333333333334,
task003_nosolution__truth__q3__qc3__rho1__lc2__gateoff__stopon,,task003_nosolution,truth,3,3,1.0,persistent,continuous,poisson,poisson,2.0,always,True,1000,0.83331096230697,0.1660738913638747,0.83375,0.16575,1.0,0.0,0.814857517750958,0.1848046529013803,0.81275,0.18708333333333335,1.0,0.0,30.0,89.352,1.0,960.821,task003_nosolution__silent__q3__rho1,0.3342123747479874,0.3369583333333333,0.3147446859897504,0.315625,
task003_nosolution__truth__q3__qc3__rho1__lc2__gateon__stopon,,task003_nosolution,truth,3,3,1.0,persistent,continuous,poisson,poisson,2.0,votes,True,1000,0.8586609493990529,0.140408384726113,0.859875,0.13904166666666665,1.0,0.0,0.852057439287516,0.14767674928220934,0.8487083333333334,0.15095833333333333,1.0,0.0,27.651,156.683,0.563,960.821,task003_nosolution__silent__q3__rho1,0.3595623618400703,0.36308333333333337,0.35194460752630835,0.35158333333333336,
task003_nosolution__truth__q3__qc3__rho1__lc4__gateoff__stopon,,task003_nosolution,truth,3,3,1.0,persistent,continuous,poisson,poisson,4.0,always,True,1000,0.8332176569825824,0.16574670462476201,0.8318333333333334,0.1670416666666667,1.0,0.0,0.8177282418252237,0.18177304307772332,0.8150833333333333,0.184625,1.0,0.0,30.0,88.78,1.0,960.821,task003_nosolution__silent__q3__rho1,0.3341190694236,0.3350416666666667,0.31761541006401617,0.3179583333333333,
task003_nosolution__truth__q3__qc3__rho1__lc4__gateon__stopon,,task003_nosolution,truth,3,3,1.0,persistent,continuous,poisson,poisson,4.0,votes,True,1000,0.8397122598727449,0.15911940490431786,0.8387083333333334,0.16029166666666667,1.0,0.0,0.8247372294258647,0.17460894902053084,0.8226666666666668,0.17641666666666667,1.0,0.0,29.922,157.439,0.985,960.821,task003_nosolution__silent__q3__rho1,0.34061367231376233,0.3419166666666667,0.32462439766465695,0.3255416666666667,
task003_nosolution__truth__q3__qc3__rho1__lc8__gateoff__stopon,,task003_nosolution,truth,3,3,1.0,persistent,continuous,poisson,poisson,8.0,always,True,1000,0.8256991356615897,0.17239230241984205,0.82625,0.172125,1.0,0.0,0.8102411715620426,0.18862854509491217,0.8067083333333332,0.191875,1.0,0.0,30.0,87.663,1.0,960.821,task003_nosolution__silent__q3__rho1,0.3266005481026071,0.3294583333333333,0.31012833980083493,0.3095833333333334,
task003_nosolution__truth__q3__qc3__rho1__lc8__gateon__stopon,,task003_nosolution,truth,3,3,1.0,persistent,continuous,poisson,poisson,8.0,votes,True,1000,0.821226276671471,0.1766132178325874,0.8208333333333334,0.176375,1.0,0.0,0.8056454376999859,0.19317208177192802,0.8020416666666668,0.19675,1.0,0.0,30.0,132.133,1.0,960.821,task003_nosolution__silent__q3__rho1,0.3221276891124884,0.3240416666666667,0.3055326059387781,0.30491666666666667,
task003_nosolution__truth__q3__qc6__rho0.75__lc0.5__gateoff__stopon,,task003_nosolution,truth,3,6,0.75,persistent,continuous,poisson,poisson,0.5,always,True,1000,0.5696970394037285,0.24476408527849927,0.655625,0.21341666666666664,1.0,0.0,0.5709503892563184,0.23664249001020402,0.6572083333333333,0.20129166666666667,1.0,0.0,14.914,88.942,0.0,960.821,task003_nosolution__silent__q3__rho0.75,0.21354439976022868,0.2920416666666667,0.2176206586093653,0.29441666666666666,
task003_nosolution__truth__q3__qc6__rho0.75__lc0.5__gateon__stopon,,task003_nosolution,truth,3,6,0.75,persistent,continuous,poisson,poisson,0.5,votes,True,1000,0.5652621604495071,0.25241314324881536,0.6503333333333332,0.222875,1.0,0.0,0.570075740470398,0.24119363885799772,0.6557916666666667,0.2079583333333333,1.0,0.0,11.406,88.942,0.0,960.821,task003_nosolution__silent__q3__rho0.75,0.20910952080600723,0.28675,0.21674600982344505,0.293,
task003_nosolution__truth__q3__qc6__rho0.75__lc1__gateoff__stopon,,task003_nosolution,truth,3,6,0.75,persistent,continuous,poisson,poisson,1.0,always,True,1000,0.5858583264666579,0.22691307237897632,0.6752083333333333,0.19104166666666667,1.0,0.0,0.5841958092162565,0.22374080003273666,0.6740416666666667,0.1882916666666667,1.0,0.0,27.87,166.155,0.531,960.821,task003_nosolution__silent__q3__rho0.75,0.22970568682315815,0.311625,0.23086607856930352,0.31125,
task003_nosolution__truth__q3__qc6__rho0.75__lc1__gateon__stopon,,task003_nosolution,truth,3,6,0.75,persistent,continuous,poisson,poisson,1.0,votes,True,1000,0.5864064130840593,0.22902238629549515,0.6765833333333332,0.19141666666666668,1.0,0.0,0.5847714306276673,0.22473409361494742,0.6756666666666667,0.18866666666666665,1.0,0.0,21.335,177.89,0.062,960.821,task003_nosolution__silent__q3__rho0.75,0.23025377344055947,0.313,0.23144169998071434,0.312875,
task003_nosolution__truth__q3__qc6__rho0.75__lc2__gateoff__stopon,,task003_nosolution,truth,3,6,0.75,persistent,continuous,poisson,poisson,2.0,always,True,1000,0.5864025215853083,0.22511718339030137,0.6774583333333333,0.18670833333333334,1.0,0.0,0.5885149542578727,0.21849129258574654,0.68225,0.176375,1.0,0.0,30.0,177.954,1.0,960.821,task003_nosolution__silent__q3__rho0.75,0.2302498819418086,0.313875,0.23518522361091962,0.3194583333333333,
task003_nosolution__truth__q3__qc6__rho0.75__lc2__gateon__stopon,,task003_nosolution,truth,3,6,0.75,persistent,continuous,poisson,poisson,2.0,votes,True,1000,0.5902095241424367,0.22071152744292644,0.682,0.18325,1.0,0.0,0.5890051017479541,0.218688107707256,0.6781666666666666,0.18541666666666665,1.0,0.0,29.634,262.577,0.901,960.821,task003_nosolution__silent__q3__rho0.75,0.23405688449893688,0.3184166666666666,0.2356753711010011,0.315375,
task003_nosolution__truth__q3__qc6__rho0.75__lc4__gateoff__stopon,,task003_nosolution,truth,3,6,0.75,persistent,continuous,poisson,poisson,4.0,always,True,1000,0.5903608803925604,0.2197800651836055,0.683625,0.18033333333333332,1.0,0.0,0.5927204669419939,0.21635063073633132,0.6842916666666666,0.17975,1.0,0.0,30.0,176.07,1.0,960.821,task003_nosolution__silent__q3__rho0.75,0.23420824074906063,0.3200416666666666,0.2393907362950409,0.3215,
task003_nosolution__truth__q3__qc6__rho0.75__lc4__gateon__stopon,,task003_nosolution,truth,3,6,0.75,persistent,continuous,poisson,poisson,4.0,votes,True,1000,0.5852162487686674,0.2268512123379081,0.6782083333333334,0.1882916666666667,1.0,0.0,0.5908359429753005,0.218808146606046,0.68075,0.179125,1.0,0.0,30.0,265.13,1.0,960.821,task003_nosolution__silent__q3__rho0.75,0.2290636091251676,0.314625,0.23750621232834748,0.3179583333333333,
task003_nosolution__truth__q3__qc6__rho0.75__lc8__gateoff__stopon,,task003_nosolution,truth,3,6,0.75,persistent,continuous,poisson,poisson,8.0,always,True,1000,0.590056355518304,0.21924049075081567,0.6819166666666667,0.17808333333333332,1.0,0.0,0.5947547131309873,0.215483123979766,0.6865,0.17733333333333332,1.0,0.0,30.0,172.345,1.0,960.821,task003_nosolution__silent__q3__rho0.75,0.2339037158748042,0.31833333333333336,0.24142498248403438,0.3237083333333334,
task003_nosolution__truth__q3__qc6__rho0.75__lc8__gateon__stopon,,task003_nosolution,truth,3,6,0.75,persistent,continuous,poisson,poisson,8.0,votes,True,1000,0.5931321364419111,0.2174364929347309,0.685625,0.17795833333333333,1.0,0.0,0.595662837237317,0.21430331013388007,0.6896666666666668,0.175875,1.0,0.0,30.0,256.342,1.0,960.821,task003_nosolution__silent__q3__rho0.75,0.23697949679841146,0.3220416666666666,0.24233310659036397,0.326875,
task003_nosolution__truth__q3__qc6__rho1__lc0.5__gateoff__stopon,,task003_nosolution,truth,3,6,1.0,persistent,continuous,poisson,poisson,0.5,always,True,1000,0.8072127790685866,0.19255750448732245,0.80825,0.19158333333333333,1.0,0.0,0.7955813385394988,0.20441229681786996,0.7922916666666666,0.20770833333333333,1.0,0.0,14.914,88.952,0.0,960.821,task003_nosolution__silent__q3__rho1,0.30811419150960406,0.3114583333333334,0.2954685067782912,0.2951666666666667,
task003_nosolution__truth__q3__qc6__rho1__lc0.5__gateon__stopon,,task003_nosolution,truth,3,6,1.0,persistent,continuous,poisson,poisson,0.5,votes,True,1000,0.8229288056324736,0.17621062043531205,0.8229583333333332,0.17641666666666667,1.0,0.0,0.8384776283404173,0.161241654463565,0.8337083333333334,0.166,1.0,0.0,8.15,88.952,0.0,960.821,task003_nosolution__silent__q3__rho1,0.32383021807349116,0.3261666666666666,0.3383647965792095,0.3365833333333333,
task003_nosolution__truth__q3__qc6__rho1__lc1__gateoff__stopon,,task003_nosolution,truth,3,6,1.0,persistent,continuous,poisson,poisson,1.0,always,True,1000,0.8182338123572452,0.18171160662595615,0.821,0.1789583333333333,1.0,0.0,0.7896253849036751,0.21036820483991467,0.7869166666666667,0.21308333333333335,1.0,0.0,27.87,166.157,0.531,960.821,task003_nosolution__silent__q3__rho1,0.3191352247982628,0.3242083333333333,0.2895125531424675,0.2897916666666666,
task003_nosolution__truth__q3__qc6__rho1__lc1__gateon__stopon,,task003_nosolution,truth,3,6,1.0,persistent,continuous,poisson,poisson,1.0,votes,True,1000,0.8628338669924597,0.13674617506832193,0.8639583333333333,0.13575,1.0,0.0,0.8612368122761357,0.1387184193346211,0.8591666666666667,0.1408333333333333,1.0,0.0,13.104,179.003,0.001,960.821,task003_nosolution__silent__q3__rho1,0.3637352794334772,0.3671666666666667,0.3611239805149279,0.36204166666666665,
task003_nosolution__truth__q3__qc6__rho1__lc2__gateoff__stopon,,task003_nosolution,truth,3,6,1.0,persistent,continuous,poisson,poisson,2.0,always,True,1000,0.8190316393330712,0.1809138424017406,0.8205833333333332,0.17933333333333332,1.0,0.0,0.7943073288668177,0.2056730181010293,0.7904166666666667,0.20958333333333332,1.0,0.0,30.0,177.961,1.0,960.821,task003_nosolution__silent__q3__rho1,0.31993305177408876,0.32379166666666664,0.29419449710561,0.2932916666666666,
task003_nosolution__truth__q3__qc6__rho1__lc2__gateon__stopon,,task003_nosolution,truth,3,6,1.0,persistent,continuous,poisson,poisson,2.0,votes,True,1000,0.8690393454735493,0.13071403839597345,0.8692916666666668,0.130375,1.0,0.0,0.8547169623979902,0.14516638390951983,0.852,0.147875,1.0,0.0,20.748,350.107,0.108,960.821,task003_nosolution__silent__q3__rho1,0.3699407579145668,0.3725,0.3546041306367824,0.354875,
task003_nosolution__truth__q3__qc6__rho1__lc4__gateoff__stopon,,task003_nosolution,truth,3,6,1.0,persistent,continuous,poisson,poisson,4.0,always,True,1000,0.8418203024208092,0.1580813772156442,0.8430416666666667,0.156875,1.0,0.0,0.8209716865000296,0.17900507089904755,0.817625,0.182375,1.0,0.0,30.0,176.092,1.0,960.821,task003_nosolution__silent__q3__rho1,0.3427217148618266,0.34625,0.32085885473882203,0.3205,
task003_nosolution__truth__q3__qc6__rho1__lc4__gateon__stopon,,task003_nosolution,truth,3,6,1.0,persistent,continuous,poisson,poisson,4.0,votes,True,1000,0.8629486018775508,0.1369148959898904,0.8630833333333334,0.13675,1.0,0.0,0.8450988163198511,0.1548585888419175,0.8428333333333333,0.157125,1.0,0.0,27.568,516.796,0.648,960.821,task003_nosolution__silent__q3__rho1,0.3638500143185683,0.3662916666666667,0.3449859845586434,0.3457083333333334,
task003_nosolution__truth__q3__qc6__rho1__lc8__gateoff__stopon,,task003_nosolution,truth,3,6,1.0,persistent,continuous,poisson,poisson,8.0,always,True,1000,0.8560555607131352,0.1436079616526494,0.8558333333333332,0.14379166666666668,1.0,0.0,0.8394442920951287,0.16036329184115877,0.836,0.16391666666666668,1.0,0.0,30.0,172.394,1.0,960.821,task003_nosolution__silent__q3__rho1,0.35695697315415265,0.35904166666666665,0.33933146033392114,0.338875,
task003_nosolution__truth__q3__qc6__rho1__lc8__gateon__stopon,,task003_nosolution,truth,3,6,1.0,persistent,continuous,poisson,poisson,8.0,votes,True,1000,0.860815128410934,0.13902088082938655,0.859,0.140875,1.0,0.0,0.8430220004024408,0.15693909228260602,0.8394166666666667,0.16054166666666667,1.0,0.0,29.805,404.854,0.956,960.821,task003_nosolution__silent__q3__rho1,0.36171654085195143,0.3622083333333333,0.3429091686412331,0.34229166666666666,
task003_nosolution__truth__q6__qc12__rho0.75__lc0.5__gateoff__stopon,,task003_nosolution,truth,6,12,0.75,persistent,continuous,poisson,poisson,0.5,always,True,1000,0.6637436432848292,0.20099884346212285,0.7859166666666667,0.15179166666666669,1.0,0.0,0.6598020076566776,0.19902732645157858,0.7839583333333333,0.14975,1.0,0.0,14.914,177.098,0.0,960.821,task003_nosolution__silent__q6__rho0.75,0.28437646533778715,0.387,0.2798858876262811,0.38020833333333337,0.0008877824277362797
task003_nosolution__truth__q6__qc12__rho0.75__lc0.5__gateon__stopon,,task003_nosolution,truth,6,12,0.75,persistent,continuous,poisson,poisson,0.5,votes,True,1000,0.6598039418896587,0.2014307288455882,0.79125,0.14704166666666665,1.0,0.0,0.6626289998814896,0.19409144510772167,0.7909166666666666,0.14308333333333334,1.0,0.0,6.944,177.098,0.0,960.821,task003_nosolution__silent__q6__rho0.75,0.28043676394261674,0.3923333333333333,0.28271287985109317,0.3871666666666666,0.0008825785448069932
task003_nosolution__truth__q6__qc12__rho0.75__lc1__gateoff__stopon,,task003_nosolution,truth,6,12,0.75,persistent,continuous,poisson,poisson,1.0,always,True,1000,0.6662673453810027,0.19715371390566178,0.7909166666666667,0.1509166666666667,1.0,0.0,0.6636493242101553,0.19480581999615304,0.7877083333333333,0.150125,1.0,0.0,27.87,330.819,0.531,960.821,task003_nosolution__silent__q6__rho0.75,0.2869001674339607,0.392,0.28373320417975884,0.3839583333333333,0.0008617630130898471
task003_nosolution__truth__q6__qc12__rho0.75__lc1__gateon__stopon,,task003_nosolution,truth,6,12,0.75,persistent,continuous,poisson,poisson,1.0,votes,True,1000,0.6716755190769921,0.18957928648929123,0.800375,0.1333333333333333,1.0,0.0,0.6698091198155612,0.18518062750329567,0.798125,0.13395833333333332,1.0,0.0,11.181,356.304,0.006,960.821,task003_nosolution__silent__q6__rho0.75,0.2923083411299499,0.40145833333333336,0.2898929997851647,0.394375,0.0008763338852918494
task003_nosolution__truth__q6__qc12__rho0.75__lc2__gateoff__stopon,,task003_nosolution,truth,6,12,0.75,persistent,continuous,poisson,poisson,2.0,always,True,1000,0.6665703001433437,0.1955034320355814,0.79225,0.14579166666666665,1.0,0.0,0.6635237968828002,0.19168822887852166,0.7890416666666666,0.14529166666666668,1.0,0.0,30.0,352.998,1.0,960.821,task003_nosolution__silent__q6__rho0.75,0.2872031221963016,0.39333333333333337,0.28360767685240373,0.3852916666666667,0.0008055610774535528
task003_nosolution__truth__q6__qc12__rho0.75__lc2__gateon__stopon,,task003_nosolution,truth,6,12,0.75,persistent,continuous,poisson,poisson,2.0,votes,True,1000,0.6737351726113612,0.1843626172142223,0.808375,0.13195833333333334,1.0,0.0,0.6708886889400114,0.18237539414610213,0.7975,0.1355,1.0,0.0,17.993,696.186,0.102,960.821,task003_nosolution__silent__q6__rho0.75,0.2943679946643191,0.40945833333333337,0.29097256890961487,0.39375,0.0008149280667262684
task003_nosolution__truth__q6__qc12__rho0.75__lc4__gateoff__stopon,,task003_nosolution,truth,6,12,0.75,persistent,continuous,poisson,poisson,4.0,always,True,1000,0.6724774558533959,0.18641973606840503,0.8036666666666666,0.1343333333333333,1.0,0.0,0.6717036391501631,0.18214896244283987,0.8003333333333333,0.13316666666666666,1.0,0.0,30.0,346.229,1.0,960.821,task003_nosolution__silent__q6__rho0.75,0.29311027790635374,0.40475,0.2917875191197667,0.3965833333333333,0.0007587261310899741
task003_nosolution__truth__q6__qc12__rho0.75__lc4__gateon__stopon,,task003_nosolution,truth,6,12,0.75,persistent,continuous,poisson,poisson,4.0,votes,True,1000,0.6760939302606825,0.18216532373788094,0.804875,0.130875,1.0,0.0,0.6739548425538858,0.1813483212372204,0.8029583333333332,0.1315416666666667,1.0,0.0,25.133,1163.379,0.503,960.821,task003_nosolution__silent__q6__rho0.75,0.2967267523136405,0.4059583333333333,0.29403872252348934,0.39920833333333333,0.0007795416628071202
task003_nosolution__truth__q6__qc12__rho0.75__lc8__gateoff__stopon,,task003_nosolution,truth,6,12,0.75,persistent,continuous,poisson,poisson,8.0,always,True,1000,0.6805995359057003,0.17811855673676621,0.8087916666666668,0.12716666666666665,1.0,0.0,0.6806732651340545,0.17447093187772456,0.8120833333333334,0.12133333333333335,1.0,0.0,30.0,332.732,1.0,960.821,task003_nosolution__silent__q6__rho0.75,0.3012323579586582,0.409875,0.3007571451036578,0.4083333333333334,0.000693157206180964
task003_nosolution__truth__q6__qc12__rho0.75__lc8__gateon__stopon,,task003_nosolution,truth,6,12,0.75,persistent,continuous,poisson,poisson,8.0,votes,True,1000,0.677205470480562,0.18112431090011324,0.810625,0.12604166666666666,1.0,0.0,0.6761229016353063,0.17783465677695007,0.8075833333333332,0.12733333333333335,1.0,0.0,28.806,1411.355,0.854,960.821,task003_nosolution__silent__q6__rho0.75,0.29783829253351995,0.4117083333333334,0.2962067816049099,0.4038333333333334,0.000690034876423392
task003_nosolution__truth__q6__qc12__rho1__lc0.5__gateoff__stopon,,task003_nosolution,truth,6,12,1.0,persistent,continuous,poisson,poisson,0.5,always,True,1000,0.7776624785759141,0.22232572072478524,0.7774583333333333,0.2225416666666667,1.0,0.0,0.7623578175747123,0.2376421824252878,0.7567916666666666,0.2432083333333333,1.0,0.0,14.914,177.111,0.0,960.821,task003_nosolution__silent__q6__rho1,0.27740744016171454,0.27958333333333335,0.26227410545350005,0.2596666666666666,
task003_nosolution__truth__q6__qc12__rho1__lc0.5__gateon__stopon,,task003_nosolution,truth,6,12,1.0,persistent,continuous,poisson,poisson,0.5,votes,True,1000,0.8626902901065555,0.13724864463674222,0.8629166666666668,0.13704166666666667,1.0,0.0,0.8654932116555931,0.13450215871477758,0.862375,0.137625,1.0,0.0,5.051,177.111,0.0,960.821,task003_nosolution__silent__q6__rho1,0.362435251692356,0.3650416666666667,0.36540949953438084,0.36525,
task003_nosolution__truth__q6__qc12__rho1__lc1__gateoff__stopon,,task003_nosolution,truth,6,12,1.0,persistent,continuous,poisson,poisson,1.0,always,True,1000,0.7645772395039062,0.2354227604960938,0.7667083333333334,0.23329166666666667,1.0,0.0,0.7559842270823671,0.2440157729176329,0.751375,0.248625,1.0,0.0,27.87,330.839,0.531,960.821,task003_nosolution__silent__q6__rho1,0.2643222010897067,0.2688333333333333,0.25590051496115496,0.25425,
task003_nosolution__truth__q6__qc12__rho1__lc1__gateon__stopon,,task003_nosolution,truth,6,12,1.0,persistent,continuous,poisson,poisson,1.0,votes,True,1000,0.8783745414148671,0.12157200204111436,0.8805,0.119375,1.0,0.0,0.8770472688947135,0.12295273110528675,0.8753333333333334,0.12466666666666666,1.0,0.0,6.939,356.541,0.0,960.821,task003_nosolution__silent__q6__rho1,0.37811950300066766,0.382625,0.3769635567735014,0.3782083333333333,
task003_nosolution__truth__q6__qc12__rho1__lc2__gateoff__stopon,,task003_nosolution,truth,6,12,1.0,persistent,continuous,poisson,poisson,2.0,always,True,1000,0.7666859628786398,0.23331403712136023,0.7687083333333333,0.23129166666666665,1.0,0.0,0.7596150273773143,0.24038497262268566,0.7555416666666667,0.24445833333333333,1.0,0.0,30.0,353.02,1.0,960.821,task003_nosolution__silent__q6__rho1,0.2664309244644403,0.27083333333333337,0.25953131525610224,0.2584166666666667,
task003_nosolution__truth__q6__qc12__rho1__lc2__gateon__stopon,,task003_nosolution,truth,6,12,1.0,persistent,continuous,poisson,poisson,2.0,votes,True,1000,0.8767159873912912,0.12322351807039197,0.8775416666666668,0.122375,1.0,0.0,0.8723744878801079,0.1276201357758064,0.87,0.13,1.0,0.0,10.495,711.653,0.011,960.821,task003_nosolution__silent__q6__rho1,0.3764609489770916,0.37966666666666665,0.3722907757588958,0.372875,
task003_nosolution__truth__q6__qc12__rho1__lc4__gateoff__stopon,,task003_nosolution,truth,6,12,1.0,persistent,continuous,poisson,poisson,4.0,always,True,1000,0.7927129439527711,0.2072751258477986,0.7945,0.20545833333333333,1.0,0.0,0.7846575973843151,0.2153359923592748,0.7805416666666667,0.21945833333333334,1.0,0.0,30.0,346.291,1.0,960.821,task003_nosolution__silent__q6__rho1,0.2924579055385717,0.296625,0.28457388526310284,0.2834166666666667,
task003_nosolution__truth__q6__qc12__rho1__lc4__gateon__stopon,,task003_nosolution,truth,6,12,1.0,persistent,continuous,poisson,poisson,4.0,votes,True,1000,0.8702152223798627,0.1297460836223907,0.8715833333333333,0.12833333333333335,1.0,0.0,0.8638701558141709,0.1361298441858293,0.8600416666666666,0.13995833333333335,1.0,0.0,15.731,1379.343,0.122,960.821,task003_nosolution__silent__q6__rho1,0.3699601839656632,0.3737083333333333,0.3637864436929588,0.36291666666666667,
task003_nosolution__truth__q6__qc12__rho1__lc8__gateoff__stopon,,task003_nosolution,truth,6,12,1.0,persistent,continuous,poisson,poisson,8.0,always,True,1000,0.827129340005329,0.17284917781831077,0.8293333333333334,0.170625,1.0,0.0,0.8195998596497123,0.18040014035028787,0.8153333333333334,0.18466666666666665,1.0,0.0,30.0,332.859,1.0,960.821,task003_nosolution__silent__q6__rho1,0.32687430159112957,0.3314583333333333,0.31951614752850016,0.31820833333333337,
task003_nosolution__truth__q6__qc12__rho1__lc8__gateon__stopon,,task003_nosolution,truth,6,12,1.0,persistent,continuous,poisson,poisson,8.0,votes,True,1000,0.8591908175035446,0.14080550602586736,0.8595416666666666,0.14045833333333332,1.0,0.0,0.8503571324258715,0.14964286757412867,0.8474583333333334,0.15254166666666666,1.0,0.0,22.282,2313.955,0.369,960.821,task003_nosolution__silent__q6__rho1,0.3589357790893451,0.36166666666666664,0.3502734203046594,0.35033333333333333,
task003_nosolution__truth__q6__qc24__rho0.75__lc0.5__gateoff__stopon,,task003_nosolution,truth,6,24,0.75,persistent,continuous,poisson,poisson,0.5,always,True,1000,0.6615611806728067,0.20229633197047206,0.7873333333333332,0.149625,1.0,0.0,0.6549397856683904,0.20036367224287563,0.7847083333333332,0.14808333333333334,1.0,0.0,14.914,351.155,0.0,960.821,task003_nosolution__silent__q6__rho0.75,0.2821940027257646,0.3884166666666667,0.27502366563799396,0.3809583333333333,
task003_nosolution__truth__q6__qc24__rho0.75__lc0.5__gateon__stopon,,task003_nosolution,truth,6,24,0.75,persistent,continuous,poisson,poisson,0.5,votes,True,1000,0.6555080429567403,0.20513282077206121,0.7846666666666666,0.1489583333333333,1.0,0.0,0.6512306633803804,0.2026390522742622,0.7851666666666668,0.1461666666666667,1.0,0.0,7.346,351.154,0.0,960.821,task003_nosolution__silent__q6__rho0.75,0.27614086500969826,0.38575,0.27131454334998384,0.3814166666666667,
task003_nosolution__truth__q6__qc24__rho0.75__lc1__gateoff__stopon,,task003_nosolution,truth,6,24,0.75,persistent,continuous,poisson,poisson,1.0,always,True,1000,0.6667564323359162,0.19717743358162562,0.791625,0.1456666666666667,1.0,0.0,0.6585748952280979,0.19726291978130064,0.789875,0.14558333333333331,1.0,0.0,27.87,655.775,0.531,960.821,task003_nosolution__silent__q6__rho0.75,0.28738925438887414,0.3927083333333334,0.2786587751977014,0.386125,
task003_nosolution__truth__q6__qc24__rho0.75__lc1__gateon__stopon,,task003_nosolution,truth,6,24,0.75,persistent,continuous,poisson,poisson,1.0,votes,True,1000,0.6642468827666558,0.19548663642816563,0.79575,0.1406666666666667,1.0,0.0,0.6595152786587576,0.19271155992420017,0.7934166666666667,0.1363333333333333,1.0,0.0,11.788,705.927,0.011,960.821,task003_nosolution__silent__q6__rho0.75,0.2848797048196137,0.3968333333333333,0.279599158628361,0.3896666666666666,
task003_nosolution__truth__q6__qc24__rho0.75__lc2__gateoff__stopon,,task003_nosolution,truth,6,24,0.75,persistent,continuous,poisson,poisson,2.0,always,True,1000,0.6653555658917979,0.1909840717921683,0.7947916666666667,0.137375,1.0,0.0,0.6627962946582567,0.18843971260323059,0.7966666666666667,0.1365,1.0,0.0,30.0,694.157,1.0,960.821,task003_nosolution__silent__q6__rho0.75,0.28598838794475584,0.395875,0.2828801746278602,0.39291666666666664,
task003_nosolution__truth__q6__qc24__rho0.75__lc2__gateon__stopon,,task003_nosolution,truth,6,24,0.75,persistent,continuous,poisson,poisson,2.0,votes,True,1000,0.6736294980012457,0.1854337920405529,0.8081666666666666,0.128375,1.0,0.0,0.6671156786192498,0.1837847922453314,0.797625,0.133125,1.0,0.0,18.729,1356.281,0.162,960.821,task003_nosolution__silent__q6__rho0.75,0.2942623200542037,0.40925,0.28719955858885327,0.393875,
task003_nosolution__truth__q6__qc24__rho0.75__lc4__gateoff__stopon,,task003_nosolution,truth,6,24,0.75,persistent,continuous,poisson,poisson,4.0,always,True,1000,0.667524900271648,0.18735657335130987,0.8027916666666668,0.13004166666666667,1.0,0.0,0.6728129655423064,0.17999574801861848,0.8070416666666667,0.123,1.0,0.0,30.0,668.577,1.0,960.821,task003_nosolution__silent__q6__rho0.75,0.28815772232460585,0.403875,0.2928968455119099,0.40329166666666666,
task003_nosolution__truth__q6__qc24__rho0.75__lc4__gateon__stopon,,task003_nosolution,truth,6,24,0.75,persistent,continuous,poisson,poisson,4.0,votes,True,1000,0.6758976579642031,0.18415902098478718,0.808,0.12716666666666665,1.0,0.0,0.6737960509051626,0.17980179841957306,0.805375,0.12758333333333335,1.0,0.0,24.701,2182.24,0.524,960.821,task003_nosolution__silent__q6__rho0.75,0.296530480017161,0.40908333333333335,0.29387993087476616,0.401625,
task003_nosolution__truth__q6__qc24__rho0.75__lc8__gateoff__stopon,,task003_nosolution,truth,6,24,0.75,persistent,continuous,poisson,poisson,8.0,always,True,1000,0.6740664970335842,0.18267623870635571,0.8105416666666666,0.12229166666666666,1.0,0.0,0.67398152584994,0.18063587976136228,0.809375,0.12479166666666666,1.0,0.0,30.0,617.672,1.0,960.821,task003_nosolution__silent__q6__rho0.75,0.29469931908654223,0.411625,0.2940654058195435,0.405625,
task003_nosolution__truth__q6__qc24__rho0.75__lc8__gateon__stopon,,task003_nosolution,truth,6,24,0.75,persistent,continuous,poisson,poisson,8.0,votes,True,1000,0.674940776420473,0.1814303369694287,0.8073333333333333,0.12604166666666666,1.0,0.0,0.6731539000923931,0.1797868415578186,0.8065833333333333,0.12570833333333334,1.0,0.0,27.807,2672.892,0.785,960.821,task003_nosolution__silent__q6__rho0.75,0.29557359847343084,0.4084166666666667,0.2932377800619965,0.4028333333333334,
task003_nosolution__truth__q6__qc24__rho1__lc0.5__gateoff__stopon,,task003_nosolution,truth,6,24,1.0,persistent,continuous,poisson,poisson,0.5,always,True,1000,0.8101343967792382,0.18986181534197408,0.8084583333333333,0.1915416666666667,1.0,0.0,0.7869876600244748,0.2130123399755252,0.7814583333333334,0.21854166666666666,1.0,0.0,14.914,351.189,0.0,960.821,task003_nosolution__silent__q6__rho1,0.30987935836503866,0.3105833333333333,0.28690394790326273,0.2843333333333334,
task003_nosolution__truth__q6__qc24__rho1__lc0.5__gateon__stopon,,task003_nosolution,truth,6,24,1.0,persistent,continuous,poisson,poisson,0.5,votes,True,1000,0.8744777787555207,0.12551188349195425,0.872875,0.12704166666666666,1.0,0.0,0.8755508124394,0.1244413750606003,0.873125,0.126875,1.0,0.0,4.445,351.188,0.0,960.821,task003_nosolution__silent__q6__rho1,0.3742227403413212,0.375,0.3754671003181878,0.376,
task003_nosolution__truth__q6__qc24__rho1__lc1__gateoff__stopon,,task003_nosolution,truth,6,24,1.0,persistent,continuous,poisson,poisson,1.0,always,True,1000,0.7868590006281493,0.21313458911544053,0.7899166666666667,0.21008333333333334,1.0,0.0,0.7694765732769715,0.23052342672302847,0.7653333333333334,0.2346666666666667,1.0,0.0,27.87,655.816,0.531,960.821,task003_nosolution__silent__q6__rho1,0.2866039622139498,0.29204166666666664,0.26939286115575944,0.2682083333333334,
task003_nosolution__truth__q6__qc24__rho1__lc1__gateon__stopon,,task003_nosolution,truth,6,24,1.0,persistent,continuous,poisson,poisson,1.0,votes,True,1000,0.8858079259524236,0.11416148938930376,0.8859583333333334,0.11404166666666665,1.0,0.0,0.8843469137186055,0.11564507346088188,0.8834166666666667,0.11658333333333334,1.0,0.0,5.983,707.22,0.0,960.821,task003_nosolution__silent__q6__rho1,0.38555288753822414,0.3880833333333334,0.38426320159739347,0.3862916666666667,
task003_nosolution__truth__q6__qc24__rho1__lc2__gateoff__stopon,,task003_nosolution,truth,6,24,1.0,persistent,continuous,poisson,poisson,2.0,always,True,1000,0.7948538732405435,0.2051461267594567,0.7967916666666667,0.20320833333333332,1.0,0.0,0.7854120142707696,0.2145879857292304,0.7819166666666666,0.21808333333333332,1.0,0.0,30.0,694.234,1.0,960.821,task003_nosolution__silent__q6__rho1,0.2945988348263438,0.2989166666666666,0.2853283021495575,0.2847916666666666,
task003_nosolution__truth__q6__qc24__rho1__lc2__gateon__stopon,,task003_nosolution,truth,6,24,1.0,persistent,continuous,poisson,poisson,2.0,votes,True,1000,0.8878161594956604,0.11213600988215444,0.8877083333333332,0.11216666666666666,1.0,0.0,0.8847862702531162,0.11518065221111842,0.882375,0.1175,1.0,0.0,8.646,1411.866,0.006,960.821,task003_nosolution__silent__q6__rho1,0.3875611210814608,0.3898333333333333,0.38470255813190407,0.38525,
task003_nosolution__truth__q6__qc24__rho1__lc4__gateoff__stopon,,task003_nosolution,truth,6,24,1.0,persistent,continuous,poisson,poisson,4.0,always,True,1000,0.8396781649031232,0.16030580945585135,0.8410416666666667,0.1589583333333333,1.0,0.0,0.8314847603166634,0.16851523968333673,0.828125,0.171875,1.0,0.0,30.0,668.725,1.0,960.821,task003_nosolution__silent__q6__rho1,0.33942312648892364,0.3431666666666667,0.33140104819545124,0.331,
task003_nosolution__truth__q6__qc24__rho1__lc4__gateon__stopon,,task003_nosolution,truth,6,24,1.0,persistent,continuous,poisson,poisson,4.0,votes,True,1000,0.8852163828691898,0.11477560431029755,0.886375,0.11358333333333334,1.0,0.0,0.8807431374989082,0.11924884968057921,0.8779583333333333,0.122,1.0,0.0,13.291,2773.686,0.061,960.821,task003_nosolution__silent__q6__rho1,0.38496134445499036,0.3885,0.38065942537769615,0.3808333333333333,
task003_nosolution__truth__q6__qc24__rho1__lc8__gateoff__stopon,,task003_nosolution,truth,6,24,1.0,persistent,continuous,poisson,poisson,8.0,always,True,1000,0.8643458327747037,0.1356448666300584,0.8639166666666668,0.13608333333333333,1.0,0.0,0.8574790562235175,0.14251313127648266,0.853625,0.146375,1.0,0.0,30.0,617.945,1.0,960.821,task003_nosolution__silent__q6__rho1,0.3640907943605042,0.36604166666666665,0.35739534410230545,0.3565,
task003_nosolution__truth__q6__qc24__rho1__lc8__gateon__stopon,,task003_nosolution,truth,6,24,1.0,persistent,continuous,poisson,poisson,8.0,votes,True,1000,0.8797439392435914,0.12024334172016826,0.8800416666666667,0.11995833333333335,1.0,0.0,0.8749569797476502,0.12504302025235006,0.8724166666666667,0.12758333333333335,1.0,0.0,19.926,4768.965,0.248,960.821,task003_nosolution__silent__q6__rho1,0.3794889008293919,0.3821666666666667,0.3748732676264381,0.3752916666666667,
task003_nosolution__truth__q6__qc3__rho0.75__lc0.5__gateoff__stopon,,task003_nosolution,truth,6,3,0.75,persistent,continuous,poisson,poisson,0.5,always,True,1000,0.6546577879834908,0.20374545556039778,0.7744166666666666,0.15741666666666668,1.0,0.0,0.6541692138093165,0.20047617059481593,0.7755416666666668,0.15508333333333332,1.0,0.0,14.914,44.57,0.0,960.821,task003_nosolution__silent__q6__rho0.75,0.2752906100364488,0.3755,0.27425309377892004,0.37179166666666663,
task003_nosolution__truth__q6__qc3__rho0.75__lc0.5__gateon__stopon,,task003_nosolution,truth,6,3,0.75,persistent,continuous,poisson,poisson,0.5,votes,True,1000,0.6378364092760174,0.22093879302697342,0.7521666666666668,0.18129166666666668,1.0,0.0,0.6422571930379336,0.21281543676114786,0.75775,0.17270833333333335,1.0,0.0,10.139,44.57,0.0,960.821,task003_nosolution__silent__q6__rho0.75,0.25846923132897526,0.35325,0.262341073007537,0.354,
task003_nosolution__truth__q6__qc3__rho0.75__lc1__gateoff__stopon,,task003_nosolution,truth,6,3,0.75,persistent,continuous,poisson,poisson,1.0,always,True,1000,0.6712588599779612,0.18733428531704885,0.796,0.13858333333333334,1.0,0.0,0.6723486289240261,0.18482743249163686,0.796875,0.13829166666666667,1.0,0.0,27.87,83.265,0.531,960.821,task003_nosolution__silent__q6__rho0.75,0.29189168203091914,0.39708333333333334,0.29243250889362965,0.393125,
task003_nosolution__truth__q6__qc3__rho0.75__lc1__gateon__stopon,,task003_nosolution,truth,6,3,0.75,persistent,continuous,poisson,poisson,1.0,votes,True,1000,0.6643233885755967,0.19180813907329577,0.78625,0.1454583333333333,1.0,0.0,0.6636574415801211,0.188979476817088,0.785,0.14516666666666667,1.0,0.0,18.265,89.514,0.016,960.821,task003_nosolution__silent__q6__rho0.75,0.2849562106285546,0.3873333333333333,0.28374132154972465,0.38125,
task003_nosolution__truth__q6__qc3__rho0.75__lc2__gateoff__stopon,,task003_nosolution,truth,6,3,0.75,persistent,continuous,poisson,poisson,2.0,always,True,1000,0.6771480504386443,0.18182757898175353,0.8072916666666666,0.12958333333333336,1.0,0.0,0.6746050257161539,0.1791148606220763,0.8027083333333332,0.129125,1.0,0.0,30.0,89.35,1.0,960.821,task003_nosolution__silent__q6__rho0.75,0.29778087249160223,0.408375,0.2946889056857575,0.3989583333333333,
task003_nosolution__truth__q6__qc3__rho0.75__lc2__gateon__stopon,,task003_nosolution,truth,6,3,0.75,persistent,continuous,poisson,poisson,2.0,votes,True,1000,0.6774659220430379,0.1808951291810657,0.805,0.13166666666666665,1.0,0.0,0.6741878296968107,0.17963708953911164,0.7993333333333332,0.1325,1.0,0.0,28.424,151.878,0.67,960.821,task003_nosolution__silent__q6__rho0.75,0.2980987440959959,0.40608333333333335,0.2942717096664142,0.3955833333333333,
task003_nosolution__truth__q6__qc3__rho0.75__lc4__gateoff__stopon,,task003_nosolution,truth,6,3,0.75,persistent,continuous,poisson,poisson,4.0,always,True,1000,0.6783075372304185,0.17745741584846145,0.8022916666666667,0.127,1.0,0.0,0.6775998737293684,0.17364573465517597,0.8055,0.12595833333333334,1.0,0.0,30.0,88.77,1.0,960.821,task003_nosolution__silent__q6__rho0.75,0.2989403592833764,0.403375,0.29768375369897193,0.40175,
task003_nosolution__truth__q6__qc3__rho0.75__lc4__gateon__stopon,,task003_nosolution,truth,6,3,0.75,persistent,continuous,poisson,poisson,4.0,votes,True,1000,0.6790148276898659,0.18001945716835374,0.8052083333333333,0.131125,1.0,0.0,0.6788754398554356,0.17602511338096416,0.80475,0.12754166666666666,1.0,0.0,29.99,161.173,0.997,960.821,task003_nosolution__silent__q6__rho0.75,0.2996476497428239,0.40629166666666666,0.2989593198250391,0.401,
task003_nosolution__truth__q6__qc3__rho0.75__lc8__gateoff__stopon,,task003_nosolution,truth,6,3,0.75,persistent,continuous,poisson,poisson,8.0,always,True,1000,0.681014174517733,0.1768363422581475,0.8062083333333334,0.12729166666666666,1.0,0.0,0.6812773442019953,0.17143717719152238,0.8059583333333332,0.12433333333333334,1.0,0.0,30.0,87.65,1.0,960.821,task003_nosolution__silent__q6__rho0.75,0.30164699657069116,0.4072916666666666,0.30136122417159866,0.4022083333333334,
task003_nosolution__truth__q6__qc3__rho0.75__lc8__gateon__stopon,,task003_nosolution,truth,6,3,0.75,persistent,continuous,poisson,poisson,8.0,votes,True,1000,0.6803662918651971,0.1784403088941601,0.8025833333333334,0.12975,1.0,0.0,0.67711706185538,0.17515389800872702,0.8042916666666666,0.12679166666666666,1.0,0.0,30.0,153.016,1.0,960.821,task003_nosolution__silent__q6__rho0.75,0.3009991139181551,0.4036666666666667,0.29720094182498347,0.4005416666666667,
task003_nosolution__truth__q6__qc3__rho1__lc0.5__gateoff__stopon,,task003_nosolution,truth,6,3,1.0,persistent,continuous,poisson,poisson,0.5,always,True,1000,0.7857238760908702,0.21409898391334653,0.7875,0.21229166666666666,1.0,0.0,0.7825187698420834,0.21735757424393834,0.7825,0.2175,1.0,0.0,14.914,44.572,0.0,960.821,task003_nosolution__silent__q6__rho1,0.2854688376766708,0.289625,0.28243505772087124,0.285375,
task003_nosolution__truth__q6__qc3__rho1__lc0.5__gateon__stopon,,task003_nosolution,truth,6,3,1.0,persistent,continuous,poisson,poisson,0.5,votes,True,1000,0.8052341088666973,0.19420693094410024,0.807625,0.19183333333333336,1.0,0.0,0.8117381361355176,0.18800783160641799,0.8070416666666668,0.192625,1.0,0.0,9.336,44.572,0.0,960.821,task003_nosolution__silent__q6__rho1,0.30497907045249767,0.30975,0.3116544240143055,0.3099166666666667,
task003_nosolution__truth__q6__qc3__rho1__lc1__gateoff__stopon,,task003_nosolution,truth,6,3,1.0,persistent,continuous,poisson,poisson,1.0,always,True,1000,0.8075978399888052,0.19234536184619783,0.80875,0.19116666666666668,1.0,0.0,0.7966013820829373,0.20339324157297667,0.7919583333333332,0.208,1.0,0.0,27.87,83.265,0.531,960.821,task003_nosolution__silent__q6__rho1,0.30734280157460575,0.310875,0.2965176699617253,0.2948333333333334,
task003_nosolution__truth__q6__qc3__rho1__lc1__gateon__stopon,,task003_nosolution,truth,6,3,1.0,persistent,continuous,poisson,poisson,1.0,votes,True,1000,0.8494520325242554,0.1499761852406561,0.8514583333333332,0.14783333333333332,1.0,0.0,0.8509397864357421,0.14879020161682682,0.8497916666666666,0.15004166666666668,1.0,0.0,15.842,89.658,0.003,960.821,task003_nosolution__silent__q6__rho1,0.34919699411005595,0.35358333333333336,0.35085607431453003,0.3526666666666667,
task003_nosolution__truth__q6__qc3__rho1__lc2__gateoff__stopon,,task003_nosolution,truth,6,3,1.0,persistent,continuous,poisson,poisson,2.0,always,True,1000,0.8137907350279436,0.18612050551367337,0.813625,0.18625,1.0,0.0,0.8062328913024814,0.19372678611687358,0.801125,0.198875,1.0,0.0,30.0,89.352,1.0,960.821,task003_nosolution__silent__q6__rho1,0.3135356966137441,0.31575,0.30614917918126927,0.304,
task003_nosolution__truth__q6__qc3__rho1__lc2__gateon__stopon,,task003_nosolution,truth,6,3,1.0,persistent,continuous,poisson,poisson,2.0,votes,True,1000,0.8552569170420381,0.1446503678276125,0.85575,0.1441666666666667,1.0,0.0,0.8482651595794714,0.15172635276620777,0.8455416666666667,0.1544583333333333,1.0,0.0,25.837,166.571,0.363,960.821,task003_nosolution__silent__q6__rho1,0.35500187862783866,0.357875,0.3481814474582593,0.3484166666666667,
task003_nosolution__truth__q6__qc3__rho1__lc4__gateoff__stopon,,task003_nosolution,truth,6,3,1.0,persistent,continuous,poisson,poisson,4.0,always,True,1000,0.8059590426092657,0.19373803760620745,0.8060833333333334,0.19375,1.0,0.0,0.7987711093939551,0.2010407185630342,0.7971666666666667,0.202625,1.0,0.0,30.0,88.78,1.0,960.821,task003_nosolution__silent__q6__rho1,0.3057040041950661,0.30820833333333336,0.29868739727274307,0.30004166666666665,
task003_nosolution__truth__q6__qc3__rho1__lc4__gateon__stopon,,task003_nosolution,truth,6,3,1.0,persistent,continuous,poisson,poisson,4.0,votes,True,1000,0.829725849891653,0.1701867502404272,0.82925,0.170625,1.0,0.0,0.8220829924012155,0.1778761374275381,0.8204166666666667,0.1794583333333333,1.0,0.0,29.823,193.748,0.966,960.821,task003_nosolution__silent__q6__rho1,0.3294708114774535,0.331375,0.3219992802800034,0.3232916666666667,
task003_nosolution__truth__q6__qc3__rho1__lc8__gateoff__stopon,,task003_nosolution,truth,6,3,1.0,persistent,continuous,poisson,poisson,8.0,always,True,1000,0.8052860486369469,0.19374727647170556,0.804,0.195125,1.0,0.0,0.7977695615562472,0.20188635242224742,0.7945,0.2051666666666667,1.0,0.0,30.0,87.667,1.0,960.821,task003_nosolution__silent__q6__rho1,0.30503101022274737,0.306125,0.29768584943503523,0.297375,
task003_nosolution__truth__q6__qc3__rho1__lc8__gateon__stopon,,task003_nosolution,truth,6,3,1.0,persistent,continuous,poisson,poisson,8.0,votes,True,1000,0.8084103515478511,0.1909110134211138,0.8104583333333334,0.18883333333333335,1.0,0.0,0.801072826158265,0.19851165213723496,0.7982083333333334,0.2014166666666667,1.0,0.0,29.994,176.307,0.999,960.821,task003_nosolution__silent__q6__rho1,0.30815531313365174,0.3125833333333333,0.3009891140370529,0.30108333333333337,
task003_nosolution__truth__q6__qc6__rho0.75__lc0.5__gateoff__stopon,,task003_nosolution,truth,6,6,0.75,persistent,continuous,poisson,poisson,0.5,always,True,1000,0.6652521532458443,0.19888426665712258,0.7892916666666666,0.14733333333333332,1.0,0.0,0.6660861964651463,0.19255870306766576,0.7946666666666667,0.143375,1.0,0.0,14.914,88.943,0.0,960.821,task003_nosolution__silent__q6__rho0.75,0.28588497529880225,0.390375,0.28617007643474984,0.3909166666666667,
task003_nosolution__truth__q6__qc6__rho0.75__lc0.5__gateon__stopon,,task003_nosolution,truth,6,6,0.75,persistent,continuous,poisson,poisson,0.5,votes,True,1000,0.6568116704357195,0.2036722436325544,0.7798333333333333,0.15608333333333332,1.0,0.0,0.6568605501891154,0.20089416383090578,0.781875,0.14929166666666666,1.0,0.0,8.453,88.943,0.0,960.821,task003_nosolution__silent__q6__rho0.75,0.2774444924886775,0.3809166666666666,0.27694443015871895,0.378125,
task003_nosolution__truth__q6__qc6__rho0.75__lc1__gateoff__stopon,,task003_nosolution,truth,6,6,0.75,persistent,continuous,poisson,poisson,1.0,always,True,1000,0.6689551449251322,0.1955861035915547,0.7926666666666666,0.14675,1.0,0.0,0.6614542679659657,0.1956939972525723,0.7849583333333332,0.14958333333333332,1.0,0.0,27.87,166.159,0.531,960.821,task003_nosolution__silent__q6__rho0.75,0.28958796697809014,0.39375,0.2815381479355693,0.38120833333333337,
task003_nosolution__truth__q6__qc6__rho0.75__lc1__gateon__stopon,,task003_nosolution,truth,6,6,0.75,persistent,continuous,poisson,poisson,1.0,votes,True,1000,0.6738952944630783,0.18765577366260383,0.8019583333333333,0.13416666666666668,1.0,0.0,0.6707607062143877,0.1851127241002188,0.7972083333333334,0.13675,1.0,0.0,14.504,178.848,0.009,960.821,task003_nosolution__silent__q6__rho0.75,0.2945281165160361,0.4030416666666667,0.2908445861839911,0.39345833333333335,
task003_nosolution__truth__q6__qc6__rho0.75__lc2__gateoff__stopon,,task003_nosolution,truth,6,6,0.75,persistent,continuous,poisson,poisson,2.0,always,True,1000,0.6712021940387374,0.1885891897309033,0.7993333333333332,0.138625,1.0,0.0,0.669465841508833,0.18569633795638046,0.7962083333333333,0.13745833333333335,1.0,0.0,30.0,177.956,1.0,960.821,task003_nosolution__silent__q6__rho0.75,0.2918350160916954,0.40041666666666664,0.2895497214784365,0.39245833333333335,
task003_nosolution__truth__q6__qc6__rho0.75__lc2__gateon__stopon,,task003_nosolution,truth,6,6,0.75,persistent,continuous,poisson,poisson,2.0,votes,True,1000,0.6778349286196597,0.18092998513297148,0.8087916666666668,0.12770833333333334,1.0,0.0,0.6736507691218716,0.18071131225710688,0.799875,0.1335416666666667,1.0,0.0,23.791,339.314,0.28,960.821,task003_nosolution__silent__q6__rho0.75,0.2984677506726175,0.409875,0.293734649091475,0.396125,
task003_nosolution__truth__q6__qc6__rho0.75__lc4__gateoff__stopon,,task003_nosolution,truth,6,6,0.75,persistent,continuous,poisson,poisson,4.0,always,True,1000,0.6764778855504592,0.18064671390354206,0.8114166666666667,0.12529166666666666,1.0,0.0,0.6777668439942868,0.17681188421429705,0.8077083333333334,0.128125,1.0,0.0,30.0,176.082,1.0,960.821,task003_nosolution__silent__q6__rho0.75,0.29711070760341723,0.4125,0.29785072396389034,0.40395833333333336,
task003_nosolution__truth__q6__qc6__rho0.75__lc4__gateon__stopon,,task003_nosolution,truth,6,6,0.75,persistent,continuous,poisson,poisson,4.0,votes,True,1000,0.6764943679948455,0.18012574613408178,0.8082083333333334,0.12829166666666666,1.0,0.0,0.6750133893062057,0.17818939277202564,0.8077083333333333,0.12591666666666668,1.0,0.0,29.319,460.351,0.871,960.821,task003_nosolution__silent__q6__rho0.75,0.2971271900478035,0.4092916666666666,0.29509726927580926,0.40395833333333336,
task003_nosolution__truth__q6__qc6__rho0.75__lc8__gateoff__stopon,,task003_nosolution,truth,6,6,0.75,persistent,continuous,poisson,poisson,8.0,always,True,1000,0.6807545242423637,0.1755360349192675,0.8100416666666665,0.12187499999999998,1.0,0.0,0.6853534483139213,0.1693828620270191,0.817375,0.11579166666666665,1.0,0.0,30.0,172.388,1.0,960.821,task003_nosolution__silent__q6__rho0.75,0.30138734629532155,0.411125,0.3054373282835247,0.413625,
task003_nosolution__truth__q6__qc6__rho0.75__lc8__gateon__stopon,,task003_nosolution,truth,6,6,0.75,persistent,continuous,poisson,poisson,8.0,votes,True,1000,0.6798426411000019,0.17708730773225664,0.80925,0.123625,1.0,0.0,0.6809254344897352,0.17419075592390215,0.8104583333333334,0.12266666666666666,1.0,0.0,29.986,449.96,0.994,960.821,task003_nosolution__silent__q6__rho0.75,0.3004754631529599,0.4103333333333334,0.3010093144593387,0.40670833333333334,
task003_nosolution__truth__q6__qc6__rho1__lc0.5__gateoff__stopon,,task003_nosolution,truth,6,6,1.0,persistent,continuous,poisson,poisson,0.5,always,True,1000,0.7779141132488114,0.2220746688024706,0.778375,0.221625,1.0,0.0,0.7674881775977961,0.23251182240220397,0.764,0.236,1.0,0.0,14.914,88.952,0.0,960.821,task003_nosolution__silent__q6__rho1,0.277659074834612,0.2804999999999999,0.267404465476584,0.266875,
task003_nosolution__truth__q6__qc6__rho1__lc0.5__gateon__stopon,,task003_nosolution,truth,6,6,1.0,persistent,continuous,poisson,poisson,0.5,votes,True,1000,0.8370276639618912,0.16268246813434106,0.839125,0.16079166666666667,1.0,0.0,0.8427005608956053,0.15720683865165005,0.839625,0.1602916666666667,1.0,0.0,7.157,88.952,0.0,960.821,task003_nosolution__silent__q6__rho1,0.3367726255476919,0.34125,0.34261684877439325,0.3425,
task003_nosolution__truth__q6__qc6__rho1__lc1__gateoff__stopon,,task003_nosolution,truth,6,6,1.0,persistent,continuous,poisson,poisson,1.0,always,True,1000,0.7706781894695353,0.22932181053046474,0.7729583333333334,0.22704166666666667,1.0,0.0,0.7598917612126477,0.24010823878735238,0.7562083333333334,0.24379166666666668,1.0,0.0,27.87,166.161,0.531,960.821,task003_nosolution__silent__q6__rho1,0.27042315105533576,0.27508333333333335,0.2598080490914355,0.2590833333333334,
task003_nosolution__truth__q6__qc6__rho1__lc1__gateon__stopon,,task003_nosolution,truth,6,6,1.0,persistent,continuous,poisson,poisson,1.0,votes,True,1000,0.8617719926351486,0.13806834046574273,0.864,0.13583333333333333,1.0,0.0,0.8569988504404986,0.14296082697885645,0.8545,0.145375,1.0,0.0,10.935,179.013,0.0,960.821,task003_nosolution__silent__q6__rho1,0.361516954220949,0.366125,0.3569151383192865,0.357375,
task003_nosolution__truth__q6__qc6__rho1__lc2__gateoff__stopon,,task003_nosolution,truth,6,6,1.0,persistent,continuous,poisson,poisson,2.0,always,True,1000,0.7770944502458729,0.2229055497541271,0.7794166666666668,0.22058333333333333,1.0,0.0,0.7686149059563381,0.23138509404366195,0.7639166666666667,0.23608333333333334,1.0,0.0,30.0,177.963,1.0,960.821,task003_nosolution__silent__q6__rho1,0.27683941183167343,0.2815416666666667,0.26853119383512597,0.2667916666666667,
task003_nosolution__truth__q6__qc6__rho1__lc2__gateon__stopon,,task003_nosolution,truth,6,6,1.0,persistent,continuous,poisson,poisson,2.0,votes,True,1000,0.8547484166173833,0.14521663714605776,0.85475,0.145125,1.0,0.0,0.8462358405975907,0.15376415940240953,0.843,0.157,1.0,0.0,18.158,352.15,0.102,960.821,task003_nosolution__silent__q6__rho1,0.3544933782031838,0.356875,0.34615212847637855,0.345875,
task003_nosolution__truth__q6__qc6__rho1__lc4__gateoff__stopon,,task003_nosolution,truth,6,6,1.0,persistent,continuous,poisson,poisson,4.0,always,True,1000,0.7966651954571113,0.2032729765858994,0.7971666666666667,0.20279166666666668,1.0,0.0,0.7891618056203695,0.21077636642264128,0.786375,0.2135,1.0,0.0,30.0,176.101,1.0,960.821,task003_nosolution__silent__q6__rho1,0.2964101570429119,0.2992916666666667,0.28907809349915736,0.28925,
task003_nosolution__truth__q6__qc6__rho1__lc4__gateon__stopon,,task003_nosolution,truth,6,6,1.0,persistent,continuous,poisson,poisson,4.0,votes,True,1000,0.845137872502537,0.15484859473393048,0.84725,0.15270833333333333,1.0,0.0,0.8337137292743709,0.16628627072562918,0.8307916666666667,0.16920833333333332,1.0,0.0,25.341,608.708,0.485,960.821,task003_nosolution__silent__q6__rho1,0.3448828340883374,0.349375,0.3336300171531589,0.3336666666666666,
task003_nosolution__truth__q6__qc6__rho1__lc8__gateoff__stopon,,task003_nosolution,truth,6,6,1.0,persistent,continuous,poisson,poisson,8.0,always,True,1000,0.8204430964192547,0.179393578535057,0.8221666666666667,0.17758333333333332,1.0,0.0,0.8135072436519483,0.18640135849858955,0.8101666666666666,0.1897916666666667,1.0,0.0,30.0,172.437,1.0,960.821,task003_nosolution__silent__q6__rho1,0.3201880580050553,0.3242916666666667,0.3134235315307361,0.3130416666666666,
task003_nosolution__truth__q6__qc6__rho1__lc8__gateon__stopon,,task003_nosolution,truth,6,6,1.0,persistent,continuous,poisson,poisson,8.0,votes,True,1000,0.8361283759116293,0.16383267407780266,0.837875,0.1620416666666667,1.0,0.0,0.8263518697444315,0.17364813025556874,0.8215833333333333,0.17841666666666667,1.0,0.0,29.121,728.925,0.878,960.821,task003_nosolution__silent__q6__rho1,0.3358733374974298,0.34,0.32626815762321926,0.32445833333333335,
task003_symmetric__false__q12__qc12__rho0.75__lc0.5__gateoff__stopon,,task003_symmetric,false,12,12,0.75,persistent,continuous,poisson,poisson,0.5,always,True,1000,0.6976807365999409,0.23833023347033613,0.9031666666666668,0.09108333333333335,1.0,0.2845,0.7042435242746221,0.23149721444628948,0.9037916666666668,0.08983333333333333,1.0,0.2838333333333333,14.914,177.158,0.0,960.821,task003_symmetric__silent__q12__rho0.75,0.08558088416504109,0.04225,0.07728403919309301,0.041791666666666664,
task003_symmetric__false__q12__qc12__rho0.75__lc0.5__gateon__stopon,,task003_symmetric,false,12,12,0.75,persistent,continuous,poisson,poisson,0.5,votes,True,1000,0.6980300150638274,0.23852413528354285,0.9026666666666666,0.09204166666666666,1.0,0.2854166666666667,0.7056415898199782,0.23035612104467296,0.90425,0.08925,1.0,0.284375,14.564,177.158,0.0,960.821,task003_symmetric__silent__q12__rho0.75,0.08577478597824781,0.043208333333333335,0.07614294579147644,0.041208333333333326,
task003_symmetric__false__q12__qc12__rho0.75__lc1__gateoff__stopon,,task003_symmetric,false,12,12,0.75,persistent,continuous,poisson,poisson,1.0,always,True,1000,0.6839190616204389,0.24933999415654595,0.8999166666666667,0.09395833333333332,1.0,0.2862083333333333,0.6963823390067694,0.2377957104900762,0.9058333333333334,0.087375,1.0,0.283375,27.87,330.924,0.531,960.821,task003_symmetric__silent__q12__rho0.75,0.09659064485125089,0.045125,0.08358253523687971,0.03933333333333333,
task003_symmetric__false__q12__qc12__rho0.75__lc1__gateon__stopon,,task003_symmetric,false,12,12,0.75,persistent,continuous,poisson,poisson,1.0,votes,True,1000,0.6860289281146833,0.2472956569176674,0.9034583333333334,0.09045833333333334,1.0,0.288,0.6978741040153276,0.23678580462480717,0.9070416666666667,0.0865,1.0,0.286375,27.244,333.359,0.492,960.821,task003_symmetric__silent__q12__rho0.75,0.09454630761237236,0.041625,0.08257262937161064,0.03845833333333333,
task003_symmetric__false__q12__qc12__rho0.75__lc2__gateoff__stopon,,task003_symmetric,false,12,12,0.75,persistent,continuous,poisson,poisson,2.0,always,True,1000,0.6861722962449552,0.2464928657234401,0.8915833333333334,0.101875,1.0,0.27279166666666665,0.691548967174516,0.2419367900847065,0.8895416666666668,0.10408333333333333,1.0,0.2771666666666667,30.0,353.145,1.0,960.821,task003_symmetric__silent__q12__rho0.75,0.09374351641814506,0.05304166666666667,0.08772361483150996,0.05604166666666667,
task003_symmetric__false__q12__qc12__rho0.75__lc2__gateon__stopon,,task003_symmetric,false,12,12,0.75,persistent,continuous,poisson,poisson,2.0,votes,True,1000,0.6920553684665266,0.24225410807746595,0.897375,0.09604166666666666,1.0,0.276625,0.6966593763966553,0.23723830439186244,0.8965,0.097125,1.0,0.2816666666666666,29.573,374.251,0.974,960.821,task003_symmetric__silent__q12__rho0.75,0.08950475877217093,0.04720833333333333,0.08302512913866593,0.049083333333333326,
task003_symmetric__false__q12__qc12__rho0.75__lc4__gateoff__stopon,,task003_symmetric,false,12,12,0.75,persistent,continuous,poisson,poisson,4.0,always,True,1000,0.6683237817611826,0.2629807976529045,0.85975,0.13341666666666668,1.0,0.2617083333333333,0.6671576986003221,0.2620577377593742,0.8591250000000001,0.13495833333333335,1.0,0.2605416666666666,30.0,346.564,1.0,960.821,task003_symmetric__silent__q12__rho0.75,0.11023144834760948,0.08458333333333334,0.1078445625061777,0.08691666666666667,
task003_symmetric__false__q12__qc12__rho0.75__lc4__gateon__stopon,,task003_symmetric,false,12,12,0.75,persistent,continuous,poisson,poisson,4.0,votes,True,1000,0.678646590038235,0.25432395142211345,0.8752083333333334,0.118375,1.0,0.2677083333333333,0.6793520021405107,0.251883294328683,0.8755833333333334,0.11825,1.0,0.26679166666666665,29.661,403.494,0.979,960.821,task003_symmetric__silent__q12__rho0.75,0.10157460211681844,0.06954166666666667,0.09767011907548652,0.07020833333333333,
task003_symmetric__false__q12__qc12__rho0.75__lc8__gateoff__stopon,,task003_symmetric,false,12,12,0.75,persistent,continuous,poisson,poisson,8.0,always,True,1000,0.6398611777642266,0.2890238095761256,0.8200416666666667,0.1730833333333333,1.0,0.2435,0.6428467188463289,0.28290467560219973,0.8235833333333333,0.169375,1.0,0.24470833333333333,30.0,333.386,1.0,960.821,task003_symmetric__silent__q12__rho0.75,0.13627446027083054,0.12424999999999999,0.12869150034900326,0.12133333333333333,
task003_symmetric__false__q12__qc12__rho0.75__lc8__gateon__stopon,,task003_symmetric,false,12,12,0.75,persistent,continuous,poisson,poisson,8.0,votes,True,1000,0.6626076643802502,0.2670006911904689,0.854,0.1390833333333333,1.0,0.261125,0.664059899734563,0.2643101414362161,0.8558333333333332,0.137875,1.0,0.2586666666666667,29.655,496.541,0.975,960.821,task003_symmetric__silent__q12__rho0.75,0.1142513418851739,0.09025,0.11009696618301962,0.08983333333333335,
task003_symmetric__false__q12__qc12__rho1__lc0.5__gateoff__stopon,,task003_symmetric,false,12,12,1.0,persistent,continuous,poisson,poisson,0.5,always,True,1000,0.9998251586160557,0.0001253686979261692,0.999875,8.333333333333333e-05,1.0,0.9982916666666667,0.9998263378613387,0.0001253686979261692,0.9998333333333334,0.000125,1.0,0.9983333333333333,14.914,177.169,0.0,960.821,task003_symmetric__silent__q12__rho1,5.5537870767485034e-05,4.1666666666666665e-05,5.5537870767485034e-05,4.1666666666666665e-05,
task003_symmetric__false__q12__qc12__rho1__lc0.5__gateon__stopon,,task003_symmetric,false,12,12,1.0,persistent,continuous,poisson,poisson,0.5,votes,True,1000,0.9998267309430996,0.0001253686979261692,0.999875,8.333333333333333e-05,1.0,0.9983333333333334,0.9998279101883827,0.0001253686979261692,0.9998333333333334,0.000125,1.0,0.998375,14.876,177.169,0.0,960.821,task003_symmetric__silent__q12__rho1,5.5537870767485034e-05,4.1666666666666665e-05,5.5537870767485034e-05,4.1666666666666665e-05,
task003_symmetric__false__q12__qc12__rho1__lc1__gateoff__stopon,,task003_symmetric,false,12,12,1.0,persistent,continuous,poisson,poisson,1.0,always,True,1000,0.9999102628250098,3.351449275362319e-05,0.9997916666666667,8.333333333333333e-05,1.0,0.9985,0.9999087660830203,3.351449275362319e-05,0.9999166666666668,0.0,1.0,0.9985416666666667,27.87,330.934,0.531,960.821,task003_symmetric__silent__q12__rho1,-3.631633440506098e-05,4.1666666666666665e-05,-3.631633440506098e-05,-8.333333333333333e-05,
task003_symmetric__false__q12__qc12__rho1__lc1__gateon__stopon,,task003_symmetric,false,12,12,1.0,persistent,continuous,poisson,poisson,1.0,votes,True,1000,0.9999064336414055,3.9662033737229746e-05,0.9998333333333334,8.333333333333333e-05,1.0,0.9985,0.9999049368994162,3.9662033737229746e-05,0.9999166666666668,0.0,1.0,0.9985416666666668,27.822,331.69,0.525,960.821,task003_symmetric__silent__q12__rho1,-3.0168793421454415e-05,4.1666666666666665e-05,-3.0168793421454415e-05,-8.333333333333333e-05,
task003_symmetric__false__q12__qc12__rho1__lc2__gateoff__stopon,,task003_symmetric,false,12,12,1.0,persistent,continuous,poisson,poisson,2.0,always,True,1000,0.9998124225631027,8.641631467070146e-05,0.9997916666666667,0.000125,1.0,0.9977916666666667,0.9998124364164702,8.641631467070146e-05,0.99975,8.333333333333333e-05,1.0,0.9978333333333333,30.0,353.181,1.0,960.821,task003_symmetric__silent__q12__rho1,1.658548751201729e-05,8.333333333333334e-05,1.658548751201729e-05,0.0,
task003_symmetric__false__q12__qc12__rho1__lc2__gateon__stopon,,task003_symmetric,false,12,12,1.0,persistent,continuous,poisson,poisson,2.0,votes,True,1000,0.9998036526720495,8.641631467070146e-05,0.99975,0.000125,1.0,0.997875,0.9998029418877358,8.641631467070146e-05,0.9997916666666667,8.333333333333333e-05,1.0,0.997875,30.0,356.949,1.0,960.821,task003_symmetric__silent__q12__rho1,1.658548751201729e-05,8.333333333333334e-05,1.658548751201729e-05,0.0,
task003_symmetric__false__q12__qc12__rho1__lc4__gateoff__stopon,,task003_symmetric,false,12,12,1.0,persistent,continuous,poisson,poisson,4.0,always,True,1000,0.999847144214178,5e-06,0.99975,4.1666666666666665e-05,1.0,0.9977083333333334,0.9998450435790887,5e-06,0.999875,0.0,1.0,0.9977083333333334,30.0,346.635,1.0,960.821,task003_symmetric__silent__q12__rho1,-6.483082715868416e-05,0.0,-6.483082715868416e-05,-8.333333333333333e-05,
task003_symmetric__false__q12__qc12__rho1__lc4__gateon__stopon,,task003_symmetric,false,12,12,1.0,persistent,continuous,poisson,poisson,4.0,votes,True,1000,0.99986284109442,5e-06,0.9996666666666667,4.1666666666666665e-05,1.0,0.9975416666666667,0.9998607404593306,5e-06,0.9999166666666668,0.0,1.0,0.9975416666666667,30.0,358.827,1.0,960.821,task003_symmetric__silent__q12__rho1,-6.483082715868416e-05,0.0,-6.483082715868416e-05,-8.333333333333333e-05,
task003_symmetric__false__q12__qc12__rho1__lc8__gateoff__stopon,,task003_symmetric,false,12,12,1.0,persistent,continuous,poisson,poisson,8.0,always,True,1000,0.9997959148395773,2.0638629283489095e-05,0.9998333333333334,4.1666666666666665e-05,1.0,0.9970416666666667,0.9997975897513843,2.0638629283489095e-05,0.99975,0.0,1.0,0.997125,30.0,333.522,1.0,960.821,task003_symmetric__silent__q12__rho1,-4.919219787519506e-05,0.0,-4.919219787519506e-05,-8.333333333333333e-05,
task003_symmetric__false__q12__qc12__rho1__lc8__gateon__stopon,,task003_symmetric,false,12,12,1.0,persistent,continuous,poisson,poisson,8.0,votes,True,1000,0.9998271772500107,0.0,0.9997916666666667,0.0,1.0,0.9970416666666667,0.9998258636431196,0.0,0.9998333333333334,0.0,1.0,0.9970833333333333,30.0,379.15,1.0,960.821,task003_symmetric__silent__q12__rho1,-6.983082715868416e-05,-4.1666666666666665e-05,-6.983082715868416e-05,-8.333333333333333e-05,
task003_symmetric__false__q12__qc24__rho0.75__lc0.5__gateoff__stopon,,task003_symmetric,false,12,24,0.75,persistent,continuous,poisson,poisson,0.5,always,True,1000,0.715389080992786,0.2227215858560947,0.9045,0.08991666666666666,1.0,0.27925,0.7149256288757965,0.2221829890718924,0.905625,0.08783333333333335,1.0,0.2745833333333333,14.914,351.272,0.0,960.821,task003_symmetric__silent__q12__rho0.75,0.06997223655079964,0.04108333333333333,0.06796981381869588,0.03979166666666666,
task003_symmetric__false__q12__qc24__rho0.75__lc0.5__gateon__stopon,,task003_symmetric,false,12,24,0.75,persistent,continuous,poisson,poisson,0.5,votes,True,1000,0.7173456863064793,0.2208548344773647,0.9067916666666667,0.08758333333333333,1.0,0.28008333333333335,0.7175198522036235,0.219713269522873,0.9075416666666667,0.08604166666666666,1.0,0.27575,14.621,351.273,0.0,960.821,task003_symmetric__silent__q12__rho0.75,0.06810548517206964,0.03875,0.06550009426967653,0.038,
task003_symmetric__false__q12__qc24__rho0.75__lc1__gateoff__stopon,,task003_symmetric,false,12,24,0.75,persistent,continuous,poisson,poisson,1.0,always,True,1000,0.7103901125792466,0.2258226023014936,0.9002083333333334,0.09333333333333332,1.0,0.2804166666666667,0.7111434488388629,0.22398846224418137,0.899125,0.095,1.0,0.27858333333333335,27.87,655.988,0.531,960.821,task003_symmetric__silent__q12__rho0.75,0.07307325299619856,0.0445,0.06977528699098486,0.04695833333333333,
task003_symmetric__false__q12__qc24__rho0.75__lc1__gateon__stopon,,task003_symmetric,false,12,24,0.75,persistent,continuous,poisson,poisson,1.0,votes,True,1000,0.7141526928501158,0.2221234222447182,0.90525,0.08854166666666666,1.0,0.2836666666666666,0.7151821441239787,0.22033396066346644,0.9048333333333334,0.08958333333333335,1.0,0.28145833333333337,27.319,660.092,0.5,960.821,task003_symmetric__silent__q12__rho0.75,0.06937407293942317,0.03970833333333334,0.06612078541026996,0.04154166666666667,
task003_symmetric__false__q12__qc24__rho0.75__lc2__gateoff__stopon,,task003_symmetric,false,12,24,0.75,persistent,continuous,poisson,poisson,2.0,always,True,1000,0.6946095367334311,0.2390236637441431,0.8843333333333333,0.10979166666666666,1.0,0.2667916666666667,0.6942550082049108,0.2377436613844741,0.8830416666666667,0.11033333333333334,1.0,0.2677083333333333,30.0,694.551,1.0,960.821,task003_symmetric__silent__q12__rho0.75,0.08627431443884807,0.06095833333333333,0.0835304861312776,0.06229166666666667,
task003_symmetric__false__q12__qc24__rho0.75__lc2__gateon__stopon,,task003_symmetric,false,12,24,0.75,persistent,continuous,poisson,poisson,2.0,votes,True,1000,0.7004526575226028,0.23414608539058038,0.89125,0.10320833333333333,1.0,0.2691666666666666,0.701109251041216,0.2323094751406738,0.891625,0.10229166666666666,1.0,0.2714583333333333,29.564,732.922,0.972,960.821,task003_symmetric__silent__q12__rho0.75,0.08139673608528532,0.054375,0.0780962998874773,0.05425,
task003_symmetric__false__q12__qc24__rho0.75__lc4__gateoff__stopon,,task003_symmetric,false,12,24,0.75,persistent,continuous,poisson,poisson,4.0,always,True,1000,0.6708590930524448,0.2610246746580419,0.8540416666666667,0.13866666666666666,1.0,0.25766666666666665,0.669992045544003,0.26092239525416655,0.853625,0.1399166666666667,1.0,0.2554166666666667,30.0,669.399,1.0,960.821,task003_symmetric__silent__q12__rho0.75,0.10827532535274687,0.08983333333333333,0.10670922000097,0.091875,
task003_symmetric__false__q12__qc24__rho0.75__lc4__gateon__stopon,,task003_symmetric,false,12,24,0.75,persistent,continuous,poisson,poisson,4.0,votes,True,1000,0.6860578422104033,0.24612904193349028,0.8751666666666668,0.11779166666666667,1.0,0.2673333333333333,0.6847461763741332,0.24588895220140916,0.875625,0.11829166666666666,1.0,0.260375,29.619,769.364,0.979,960.821,task003_symmetric__silent__q12__rho0.75,0.09337969262819525,0.06895833333333333,0.09167577694821268,0.07025,
task003_symmetric__false__q12__qc24__rho0.75__lc8__gateoff__stopon,,task003_symmetric,false,12,24,0.75,persistent,continuous,poisson,poisson,8.0,always,True,1000,0.6444583152601142,0.28577049578553537,0.8252083333333332,0.16875,1.0,0.2441666666666667,0.6459338172043743,0.28097707181166354,0.824,0.16895833333333332,1.0,0.24291666666666667,30.0,618.968,1.0,960.821,task003_symmetric__silent__q12__rho0.75,0.1330211464802403,0.11991666666666666,0.1267638965584671,0.12091666666666666,
task003_symmetric__false__q12__qc24__rho0.75__lc8__gateon__stopon,,task003_symmetric,false,12,24,0.75,persistent,continuous,poisson,poisson,8.0,votes,True,1000,0.6686227491371892,0.2620011791914007,0.8507083333333333,0.1418333333333333,1.0,0.25458333333333333,0.6668868967067589,0.2613576386343643,0.8513333333333334,0.1416666666666667,1.0,0.25316666666666665,29.529,922.407,0.97,960.821,task003_symmetric__silent__q12__rho0.75,0.10925182988610563,0.093,0.10714446338116776,0.093625,
task003_symmetric__false__q12__qc24__rho1__lc0.5__gateoff__stopon,,task003_symmetric,false,12,24,1.0,persistent,continuous,poisson,poisson,0.5,always,True,1000,0.9998492825356672,9.923456020446896e-05,0.9999166666666668,4.1666666666666665e-05,1.0,0.9982083333333334,0.9998479145109493,9.923456020446896e-05,0.999875,4.1666666666666665e-05,1.0,0.99825,14.914,351.293,0.0,960.821,task003_symmetric__silent__q12__rho1,2.9403733045784795e-05,0.0,2.9403733045784795e-05,-4.1666666666666665e-05,
task003_symmetric__false__q12__qc24__rho1__lc0.5__gateon__stopon,,task003_symmetric,false,12,24,1.0,persistent,continuous,poisson,poisson,0.5,votes,True,1000,0.9998504730118576,9.923456020446896e-05,0.9999166666666668,4.1666666666666665e-05,1.0,0.99825,0.9998491049871397,9.923456020446896e-05,0.999875,4.1666666666666665e-05,1.0,0.9982916666666667,14.879,351.294,0.0,960.821,task003_symmetric__silent__q12__rho1,2.9403733045784795e-05,0.0,2.9403733045784795e-05,-4.1666666666666665e-05,
task003_symmetric__false__q12__qc24__rho1__lc1__gateoff__stopon,,task003_symmetric,false,12,24,1.0,persistent,continuous,poisson,poisson,1.0,always,True,1000,0.9998684246177666,3.351449275362319e-05,0.999875,8.333333333333333e-05,1.0,0.9979166666666668,0.9998728863019158,3.351449275362319e-05,0.9998333333333334,0.0,1.0,0.9979583333333334,27.87,656.015,0.531,960.821,task003_symmetric__silent__q12__rho1,-3.631633440506098e-05,4.1666666666666665e-05,-3.631633440506098e-05,-8.333333333333333e-05,
task003_symmetric__false__q12__qc24__rho1__lc1__gateon__stopon,,task003_symmetric,false,12,24,1.0,persistent,continuous,poisson,poisson,1.0,votes,True,1000,0.9998609974742874,3.9662033737229746e-05,0.999875,8.333333333333333e-05,1.0,0.9978333333333333,0.9998609974742874,3.9662033737229746e-05,0.999875,0.0,1.0,0.9978333333333333,27.829,657.264,0.526,960.821,task003_symmetric__silent__q12__rho1,-3.0168793421454415e-05,4.1666666666666665e-05,-3.0168793421454415e-05,-8.333333333333333e-05,
task003_symmetric__false__q12__qc24__rho1__lc2__gateoff__stopon,,task003_symmetric,false,12,24,1.0,persistent,continuous,poisson,poisson,2.0,always,True,1000,0.9998098579192806,9.844551065608301e-05,0.9997916666666667,8.333333333333333e-05,1.0,0.9979166666666668,0.9998130319240798,0.00010154792709691409,0.999875,8.333333333333333e-05,1.0,0.9979583333333334,30.0,694.62,1.0,960.821,task003_symmetric__silent__q12__rho1,2.8614683497398844e-05,4.1666666666666665e-05,3.171709993822992e-05,0.0,
task003_symmetric__false__q12__qc24__rho1__lc2__gateon__stopon,,task003_symmetric,false,12,24,1.0,persistent,continuous,poisson,poisson,2.0,votes,True,1000,0.9998467435192187,6.793955827513062e-05,0.9998333333333334,4.1666666666666665e-05,1.0,0.9980416666666667,0.99984903164914,7.10419747159617e-05,0.999875,8.333333333333333e-05,1.0,0.9980833333333332,30.0,700.57,1.0,960.821,task003_symmetric__silent__q12__rho1,-1.8912688835535374e-06,0.0,1.2111475572775392e-06,0.0,
task003_symmetric__false__q12__qc24__rho1__lc4__gateoff__stopon,,task003_symmetric,false,12,24,1.0,persistent,continuous,poisson,poisson,4.0,always,True,1000,0.9998239705250046,1.0802469135802469e-05,0.9997083333333333,0.0,1.0,0.9970416666666666,0.9998237546694316,1.0802469135802469e-05,0.9999583333333334,0.0,1.0,0.9970416666666666,30.0,669.537,1.0,960.821,task003_symmetric__silent__q12__rho1,-5.902835802288169e-05,-4.1666666666666665e-05,-5.902835802288169e-05,-8.333333333333333e-05,
task003_symmetric__false__q12__qc24__rho1__lc4__gateon__stopon,,task003_symmetric,false,12,24,1.0,persistent,continuous,poisson,poisson,4.0,votes,True,1000,0.9998476578720525,1.0802469135802469e-05,0.9998333333333334,0.0,1.0,0.997375,0.9998474420164796,1.0802469135802469e-05,0.9999583333333333,0.0,1.0,0.997375,30.0,688.837,1.0,960.821,task003_symmetric__silent__q12__rho1,-5.902835802288169e-05,-4.1666666666666665e-05,-5.902835802288169e-05,-8.333333333333333e-05,
task003_symmetric__false__q12__qc24__rho1__lc8__gateoff__stopon,,task003_symmetric,false,12,24,1.0,persistent,continuous,poisson,poisson,8.0,always,True,1000,0.9997566869039715,2.5520833333333335e-05,0.9997083333333334,0.0,1.0,0.9963333333333334,0.9997600401590666,2.5520833333333335e-05,0.999875,0.0,1.0,0.9964166666666667,30.0,619.261,1.0,960.821,task003_symmetric__silent__q12__rho1,-4.430999382535082e-05,-4.1666666666666665e-05,-4.430999382535082e-05,-8.333333333333333e-05,
task003_symmetric__false__q12__qc24__rho1__lc8__gateon__stopon,,task003_symmetric,false,12,24,1.0,persistent,continuous,poisson,poisson,8.0,votes,True,1000,0.9997547786236197,2.5520833333333335e-05,0.999875,0.0,1.0,0.996,0.9997569414025242,2.5520833333333335e-05,0.9998333333333332,0.0,1.0,0.9960416666666667,30.0,694.454,1.0,960.821,task003_symmetric__silent__q12__rho1,-4.430999382535082e-05,-4.1666666666666665e-05,-4.430999382535082e-05,-8.333333333333333e-05,
task003_symmetric__false__q12__qc3__rho0.75__lc0.5__gateoff__stopon,,task003_symmetric,false,12,3,0.75,persistent,continuous,poisson,poisson,0.5,always,True,1000,0.7021890848864851,0.2381256925671048,0.9124166666666668,0.082375,1.0,0.2880833333333333,0.7073828351187416,0.2316583369065595,0.9114583333333334,0.08308333333333334,1.0,0.28175,14.914,44.577,0.0,960.821,task003_symmetric__silent__q12__rho0.75,0.08537634326180978,0.033541666666666664,0.07744516165336297,0.035041666666666665,
task003_symmetric__false__q12__qc3__rho0.75__lc0.5__gateon__stopon,,task003_symmetric,false,12,3,0.75,persistent,continuous,poisson,poisson,0.5,votes,True,1000,0.7042576845089968,0.2362421197533683,0.9147916666666668,0.08008333333333334,1.0,0.28741666666666665,0.7087239192348433,0.23018564805451835,0.914,0.08066666666666665,1.0,0.2817916666666666,14.668,44.577,0.0,960.821,task003_symmetric__silent__q12__rho0.75,0.08349277044807325,0.031249999999999997,0.07597247280132186,0.032625,
task003_symmetric__false__q12__qc3__rho0.75__lc1__gateoff__stopon,,task003_symmetric,false,12,3,0.75,persistent,continuous,poisson,poisson,1.0,always,True,1000,0.6903087489093891,0.2478844778072955,0.9071666666666668,0.08691666666666666,1.0,0.2888333333333334,0.7052486257234625,0.23143203099894966,0.91175,0.08250000000000002,1.0,0.28591666666666665,27.87,83.287,0.531,960.821,task003_symmetric__silent__q12__rho0.75,0.09513512850200047,0.03808333333333333,0.07721885574575317,0.03445833333333333,
task003_symmetric__false__q12__qc3__rho0.75__lc1__gateon__stopon,,task003_symmetric,false,12,3,0.75,persistent,continuous,poisson,poisson,1.0,votes,True,1000,0.6902156207127887,0.24775083426545666,0.9085416666666667,0.08554166666666667,1.0,0.28758333333333336,0.7046605400179312,0.23239655668116416,0.9126666666666667,0.08170833333333334,1.0,0.28733333333333333,27.538,83.869,0.498,960.821,task003_symmetric__silent__q12__rho0.75,0.09500148496016163,0.036708333333333336,0.07818338142796764,0.03366666666666667,
task003_symmetric__false__q12__qc3__rho0.75__lc2__gateoff__stopon,,task003_symmetric,false,12,3,0.75,persistent,continuous,poisson,poisson,2.0,always,True,1000,0.6948100369284239,0.24174730646013842,0.9000416666666667,0.09520833333333333,1.0,0.27820833333333334,0.697503841539549,0.2375053258973261,0.9008333333333334,0.09366666666666669,1.0,0.27666666666666667,30.0,89.381,1.0,960.821,task003_symmetric__silent__q12__rho0.75,0.08899795715484339,0.046375,0.08329215064412959,0.045625,
task003_symmetric__false__q12__qc3__rho0.75__lc2__gateon__stopon,,task003_symmetric,false,12,3,0.75,persistent,continuous,poisson,poisson,2.0,votes,True,1000,0.6989931138494403,0.23808794198301395,0.9090833333333334,0.085125,1.0,0.28120833333333334,0.7019606347619111,0.23299657617439495,0.9073333333333333,0.087,1.0,0.2769583333333333,29.911,92.705,0.991,960.821,task003_symmetric__silent__q12__rho0.75,0.08533859267771893,0.03629166666666667,0.07878340092119845,0.03895833333333333,
task003_symmetric__false__q12__qc3__rho0.75__lc4__gateoff__stopon,,task003_symmetric,false,12,3,0.75,persistent,continuous,poisson,poisson,4.0,always,True,1000,0.6855221166179076,0.24928418092687485,0.8802916666666667,0.11416666666666665,1.0,0.274375,0.685737987869634,0.24766003245483176,0.878625,0.116,1.0,0.26779166666666665,30.0,88.823,1.0,960.821,task003_symmetric__silent__q12__rho0.75,0.09653483162157984,0.06533333333333334,0.09344685720163526,0.06795833333333334,
task003_symmetric__false__q12__qc3__rho0.75__lc4__gateon__stopon,,task003_symmetric,false,12,3,0.75,persistent,continuous,poisson,poisson,4.0,votes,True,1000,0.6923121141937797,0.24331541120175684,0.8939166666666667,0.10079166666666667,1.0,0.2745,0.693998234218262,0.24012762587036376,0.8915833333333333,0.10266666666666666,1.0,0.27145833333333336,29.996,96.024,0.998,960.821,task003_symmetric__silent__q12__rho0.75,0.09056606189646182,0.051958333333333336,0.08591445061716727,0.05462499999999999,
task003_symmetric__false__q12__qc3__rho0.75__lc8__gateoff__stopon,,task003_symmetric,false,12,3,0.75,persistent,continuous,poisson,poisson,8.0,always,True,1000,0.659286831551554,0.27360719777620646,0.838125,0.1555416666666667,1.0,0.248125,0.659402650521112,0.2717367873452948,0.8392916666666668,0.15341666666666667,1.0,0.24295833333333333,30.0,87.729,1.0,960.821,task003_symmetric__silent__q12__rho0.75,0.12085784847091142,0.10670833333333332,0.11752361209209826,0.105375,
task003_symmetric__false__q12__qc3__rho0.75__lc8__gateon__stopon,,task003_symmetric,false,12,3,0.75,persistent,continuous,poisson,poisson,8.0,votes,True,1000,0.6805047264511982,0.25265375127397666,0.868125,0.12475,1.0,0.26141666666666663,0.6789619169166385,0.25316348985141324,0.8670416666666667,0.12591666666666668,1.0,0.2594166666666667,30.0,104.043,1.0,960.821,task003_symmetric__silent__q12__rho0.75,0.09990440196868165,0.07591666666666667,0.09895031459821674,0.077875,
task003_symmetric__false__q12__qc3__rho1__lc0.5__gateoff__stopon,,task003_symmetric,false,12,3,1.0,persistent,continuous,poisson,poisson,0.5,always,True,1000,0.9998835918388963,7.640247879973908e-05,0.9999583333333334,0.0,1.0,0.9985,0.9998872546752214,7.640247879973908e-05,0.9999583333333334,0.0,1.0,0.9985833333333334,14.914,44.581,0.0,960.821,task003_symmetric__silent__q12__rho1,6.571651641054908e-06,-4.1666666666666665e-05,6.571651641054908e-06,-8.333333333333333e-05,
task003_symmetric__false__q12__qc3__rho1__lc0.5__gateon__stopon,,task003_symmetric,false,12,3,1.0,persistent,continuous,poisson,poisson,0.5,votes,True,1000,0.9998843786163352,7.640247879973908e-05,0.9999583333333334,0.0,1.0,0.9985833333333333,0.9998880414526602,7.640247879973908e-05,0.9999583333333334,0.0,1.0,0.9986666666666667,14.864,44.581,0.0,960.821,task003_symmetric__silent__q12__rho1,6.571651641054908e-06,-4.1666666666666665e-05,6.571651641054908e-06,-8.333333333333333e-05,
task003_symmetric__false__q12__qc3__rho1__lc1__gateoff__stopon,,task003_symmetric,false,12,3,1.0,persistent,continuous,poisson,poisson,1.0,always,True,1000,0.9998712965052674,5.7324016563146995e-05,0.9997916666666667,0.000125,1.0,0.9979583333333333,0.9998722175849062,5.7324016563146995e-05,0.999875,4.1666666666666665e-05,1.0,0.998,27.87,83.291,0.531,960.821,task003_symmetric__silent__q12__rho1,-1.2506810595537162e-05,8.333333333333334e-05,-1.2506810595537162e-05,-4.1666666666666665e-05,
task003_symmetric__false__q12__qc3__rho1__lc1__gateon__stopon,,task003_symmetric,false,12,3,1.0,persistent,continuous,poisson,poisson,1.0,votes,True,1000,0.9998947906343041,3.351449275362319e-05,0.9998333333333334,8.333333333333333e-05,1.0,0.9980416666666666,0.9998957117139428,3.351449275362319e-05,0.9999583333333333,0.0,1.0,0.9980833333333332,27.804,83.492,0.522,960.821,task003_symmetric__silent__q12__rho1,-3.631633440506098e-05,4.1666666666666665e-05,-3.631633440506098e-05,-8.333333333333333e-05,
task003_symmetric__false__q12__qc3__rho1__lc2__gateoff__stopon,,task003_symmetric,false,12,3,1.0,persistent,continuous,poisson,poisson,2.0,always,True,1000,0.9998279532979564,7.87132341035411e-05,0.9999583333333334,0.0,1.0,0.9974166666666667,0.9998329384170039,7.87132341035411e-05,0.999625,0.00016666666666666666,1.0,0.9975416666666667,30.0,89.385,1.0,960.821,task003_symmetric__silent__q12__rho1,8.882406944856945e-06,-4.1666666666666665e-05,8.882406944856945e-06,8.333333333333334e-05,
task003_symmetric__false__q12__qc3__rho1__lc2__gateon__stopon,,task003_symmetric,false,12,3,1.0,persistent,continuous,poisson,poisson,2.0,votes,True,1000,0.9998342719939747,7.87132341035411e-05,0.9999583333333334,0.0,1.0,0.9975416666666668,0.9998392571130224,7.87132341035411e-05,0.9997083333333334,0.00016666666666666666,1.0,0.9976666666666666,30.0,90.363,1.0,960.821,task003_symmetric__silent__q12__rho1,8.882406944856945e-06,-4.1666666666666665e-05,8.882406944856945e-06,8.333333333333334e-05,
task003_symmetric__false__q12__qc3__rho1__lc4__gateoff__stopon,,task003_symmetric,false,12,3,1.0,persistent,continuous,poisson,poisson,4.0,always,True,1000,0.9997669269184744,0.00010012160227758842,0.9998333333333334,8.333333333333333e-05,1.0,0.9970416666666666,0.9997531328735341,0.00011365218117581438,0.9997916666666666,0.000125,1.0,0.9970416666666666,30.0,88.832,1.0,960.821,task003_symmetric__silent__q12__rho1,3.0290775118904252e-05,4.1666666666666665e-05,4.382135401713021e-05,4.1666666666666665e-05,
task003_symmetric__false__q12__qc3__rho1__lc4__gateon__stopon,,task003_symmetric,false,12,3,1.0,persistent,continuous,poisson,poisson,4.0,votes,True,1000,0.9998041184296409,8.035969751568367e-05,0.9999166666666668,4.1666666666666665e-05,1.0,0.99725,0.9998035868516928,8.58744033980366e-05,0.9999166666666668,4.1666666666666665e-05,1.0,0.9972916666666666,30.0,91.623,1.0,960.821,task003_symmetric__silent__q12__rho1,1.0528870356999496e-05,0.0,1.6043576239352437e-05,-4.1666666666666665e-05,
task003_symmetric__false__q12__qc3__rho1__lc8__gateoff__stopon,,task003_symmetric,false,12,3,1.0,persistent,continuous,poisson,poisson,8.0,always,True,1000,0.9997977886192209,5.5281526523444623e-05,0.999875,4.1666666666666665e-05,1.0,0.9965416666666668,0.9998040595951068,5.5281526523444623e-05,0.9998333333333332,0.0,1.0,0.9966666666666666,30.0,87.758,1.0,960.821,task003_symmetric__silent__q12__rho1,-1.4549300635239533e-05,0.0,-1.4549300635239533e-05,-8.333333333333333e-05,
task003_symmetric__false__q12__qc3__rho1__lc8__gateon__stopon,,task003_symmetric,false,12,3,1.0,persistent,continuous,poisson,poisson,8.0,votes,True,1000,0.9997814072277283,8.36489898989899e-05,0.99975,0.000125,1.0,0.9964583333333332,0.9997756691532295,8.851911976911976e-05,0.99975,8.333333333333333e-05,1.0,0.9965416666666668,30.0,96.626,1.0,960.821,task003_symmetric__silent__q12__rho1,1.3818162740305732e-05,8.333333333333334e-05,1.8688292610435605e-05,0.0,
task003_symmetric__false__q12__qc6__rho0.75__lc0.5__gateoff__stopon,,task003_symmetric,false,12,6,0.75,persistent,continuous,poisson,poisson,0.5,always,True,1000,0.6895809015368054,0.2498024087724447,0.90475,0.08958333333333335,1.0,0.2924166666666666,0.6980484144981597,0.23938495018117925,0.907125,0.08675,1.0,0.2803333333333333,14.914,88.978,0.0,960.821,task003_symmetric__silent__q12__rho0.75,0.09705305946714966,0.04075,0.08517177492798275,0.03870833333333333,
task003_symmetric__false__q12__qc6__rho0.75__lc0.5__gateon__stopon,,task003_symmetric,false,12,6,0.75,persistent,continuous,poisson,poisson,0.5,votes,True,1000,0.6904178132207983,0.24909921103292523,0.9055833333333334,0.08875,1.0,0.29241666666666666,0.6987379824042328,0.2384107969564005,0.9076666666666667,0.08654166666666666,1.0,0.28079166666666666,14.633,88.978,0.0,960.821,task003_symmetric__silent__q12__rho0.75,0.0963498617276302,0.03991666666666667,0.08419762170320401,0.0385,
task003_symmetric__false__q12__qc6__rho0.75__lc1__gateoff__stopon,,task003_symmetric,false,12,6,0.75,persistent,continuous,poisson,poisson,1.0,always,True,1000,0.6731618074840465,0.26090051191439784,0.8984166666666668,0.09604166666666666,1.0,0.285375,0.691576506313917,0.24174185820154356,0.9060416666666667,0.08783333333333333,1.0,0.2875,27.87,166.194,0.531,960.821,task003_symmetric__silent__q12__rho0.75,0.10815116260910282,0.04720833333333334,0.08752868294834704,0.03979166666666666,
task003_symmetric__false__q12__qc6__rho0.75__lc1__gateon__stopon,,task003_symmetric,false,12,6,0.75,persistent,continuous,poisson,poisson,1.0,votes,True,1000,0.6771124076026278,0.25708691312104287,0.9026666666666667,0.09170833333333334,1.0,0.28729166666666667,0.6927287238869181,0.2419061871537647,0.90725,0.08691666666666666,1.0,0.287625,27.36,167.484,0.492,960.821,task003_symmetric__silent__q12__rho0.75,0.10433756381574784,0.042875,0.08769301190056818,0.038875,
task003_symmetric__false__q12__qc6__rho0.75__lc2__gateoff__stopon,,task003_symmetric,false,12,6,0.75,persistent,continuous,poisson,poisson,2.0,always,True,1000,0.6858839771511632,0.2494652508132567,0.8917083333333333,0.101875,1.0,0.27954166666666663,0.6905202238894175,0.24202265715413868,0.8951666666666668,0.09891666666666665,1.0,0.27520833333333333,30.0,178.03,1.0,960.821,task003_symmetric__silent__q12__rho0.75,0.09671590150796167,0.053041666666666674,0.08780948190094216,0.050875,
task003_symmetric__false__q12__qc6__rho0.75__lc2__gateon__stopon,,task003_symmetric,false,12,6,0.75,persistent,continuous,poisson,poisson,2.0,votes,True,1000,0.6894381855508448,0.24605018852442065,0.8994166666666668,0.09408333333333334,1.0,0.282,0.6958511417413875,0.23822615958274054,0.8990416666666667,0.09475,1.0,0.2810416666666667,29.802,186.67,0.987,960.821,task003_symmetric__silent__q12__rho0.75,0.09330083921912563,0.04525,0.08401298432954404,0.04670833333333333,
task003_symmetric__false__q12__qc6__rho0.75__lc4__gateoff__stopon,,task003_symmetric,false,12,6,0.75,persistent,continuous,poisson,poisson,4.0,always,True,1000,0.6708352651534697,0.26177199687550634,0.868875,0.12525,1.0,0.2648333333333333,0.6751225989218169,0.2555167262135843,0.8685,0.12445833333333332,1.0,0.2707083333333334,30.0,176.201,1.0,960.821,task003_symmetric__silent__q12__rho0.75,0.1090226475702113,0.07641666666666666,0.10130355096038778,0.07641666666666666,
task003_symmetric__false__q12__qc6__rho0.75__lc4__gateon__stopon,,task003_symmetric,false,12,6,0.75,persistent,continuous,poisson,poisson,4.0,votes,True,1000,0.6815493352965978,0.25179434711398435,0.8850833333333332,0.10891666666666666,1.0,0.272375,0.6845276393691035,0.24703203719920747,0.8840416666666667,0.10954166666666666,1.0,0.2701666666666666,29.894,198.968,0.988,960.821,task003_symmetric__silent__q12__rho0.75,0.09904499780868932,0.060083333333333336,0.09281886194601097,0.0615,
task003_symmetric__false__q12__qc6__rho0.75__lc8__gateoff__stopon,,task003_symmetric,false,12,6,0.75,persistent,continuous,poisson,poisson,8.0,always,True,1000,0.6415314289769487,0.2885982790857419,0.8237916666666667,0.16954166666666665,1.0,0.24883333333333335,0.6443238336391932,0.28416120496600894,0.826625,0.16641666666666666,1.0,0.24441666666666667,30.0,172.622,1.0,960.821,task003_symmetric__silent__q12__rho0.75,0.13584892978044685,0.12070833333333332,0.12994802971281247,0.118375,
task003_symmetric__false__q12__qc6__rho0.75__lc8__gateon__stopon,,task003_symmetric,false,12,6,0.75,persistent,continuous,poisson,poisson,8.0,votes,True,1000,0.671635117402873,0.2592106184213585,0.8695416666666668,0.12395833333333332,1.0,0.2635416666666666,0.6739220039904638,0.2551334665274883,0.8669166666666668,0.12625,1.0,0.261625,29.983,223.733,0.998,960.821,task003_symmetric__silent__q12__rho0.75,0.10646126911606342,0.075125,0.10092029127429177,0.07820833333333332,
task003_symmetric__false__q12__qc6__rho1__lc0.5__gateoff__stopon,,task003_symmetric,false,12,6,1.0,persistent,continuous,poisson,poisson,0.5,always,True,1000,0.9998775388821671,6.509756923901555e-05,0.9999583333333334,0.0,1.0,0.99825,0.9998703383302201,7.362470102196129e-05,1.0,0.0,1.0,0.9982916666666667,14.914,88.984,0.0,960.821,task003_symmetric__silent__q12__rho1,-4.73325791966861e-06,-4.1666666666666665e-05,3.7938738632771335e-06,-8.333333333333333e-05,
task003_symmetric__false__q12__qc6__rho1__lc0.5__gateon__stopon,,task003_symmetric,false,12,6,1.0,persistent,continuous,poisson,poisson,0.5,votes,True,1000,0.999879432821561,6.509756923901555e-05,1.0,0.0,1.0,0.9982916666666666,0.9998722322696141,7.362470102196129e-05,1.0,0.0,1.0,0.9983333333333333,14.868,88.984,0.0,960.821,task003_symmetric__silent__q12__rho1,-4.73325791966861e-06,-4.1666666666666665e-05,3.7938738632771335e-06,-8.333333333333333e-05,
task003_symmetric__false__q12__qc6__rho1__lc1__gateoff__stopon,,task003_symmetric,false,12,6,1.0,persistent,continuous,poisson,poisson,1.0,always,True,1000,0.9998593391613693,8.043837179429055e-05,0.9998333333333334,0.000125,1.0,0.998375,0.9998607156314262,8.043837179429055e-05,0.99975,8.333333333333333e-05,1.0,0.9984166666666667,27.87,166.201,0.531,960.821,task003_symmetric__silent__q12__rho1,1.060754463560639e-05,8.333333333333334e-05,1.060754463560639e-05,0.0,
task003_symmetric__false__q12__qc6__rho1__lc1__gateon__stopon,,task003_symmetric,false,12,6,1.0,persistent,continuous,poisson,poisson,1.0,votes,True,1000,0.9998816081045013,6.27763889683733e-05,0.999875,8.333333333333333e-05,1.0,0.9984583333333333,0.9998829845745583,6.27763889683733e-05,0.9997916666666666,4.1666666666666665e-05,1.0,0.9985,27.816,166.579,0.524,960.821,task003_symmetric__silent__q12__rho1,-7.054438190310861e-06,4.1666666666666665e-05,-7.054438190310861e-06,-4.1666666666666665e-05,
task003_symmetric__false__q12__qc6__rho1__lc2__gateoff__stopon,,task003_symmetric,false,12,6,1.0,persistent,continuous,poisson,poisson,2.0,always,True,1000,0.9998119766459651,8.658028955890851e-05,0.9999166666666668,0.0,1.0,0.9977083333333334,0.9998138700283182,8.658028955890851e-05,0.9997083333333334,0.000125,1.0,0.99775,30.0,178.041,1.0,960.821,task003_symmetric__silent__q12__rho1,1.6749462400224357e-05,-4.1666666666666665e-05,1.6749462400224357e-05,4.1666666666666665e-05,
task003_symmetric__false__q12__qc6__rho1__lc2__gateon__stopon,,task003_symmetric,false,12,6,1.0,persistent,continuous,poisson,poisson,2.0,votes,True,1000,0.9998241579994996,8.658028955890851e-05,0.9999166666666668,0.0,1.0,0.9979166666666668,0.9998260513818527,8.658028955890851e-05,0.9997916666666667,0.000125,1.0,0.9979583333333334,30.0,180.214,1.0,960.821,task003_symmetric__silent__q12__rho1,1.6749462400224357e-05,-4.1666666666666665e-05,1.6749462400224357e-05,4.1666666666666665e-05,
task003_symmetric__false__q12__qc6__rho1__lc4__gateoff__stopon,,task003_symmetric,false,12,6,1.0,persistent,continuous,poisson,poisson,4.0,always,True,1000,0.9998360884757204,4.164735582258897e-05,0.9997083333333334,8.333333333333333e-05,1.0,0.9975833333333334,0.9998358190791685,4.164735582258897e-05,0.9999583333333334,4.1666666666666665e-05,1.0,0.9975833333333334,30.0,176.227,1.0,960.821,task003_symmetric__silent__q12__rho1,-2.818347133609519e-05,4.1666666666666665e-05,-2.818347133609519e-05,-4.1666666666666665e-05,
task003_symmetric__false__q12__qc6__rho1__lc4__gateon__stopon,,task003_symmetric,false,12,6,1.0,persistent,continuous,poisson,poisson,4.0,votes,True,1000,0.9998586058200485,2.7986153636796627e-05,0.9998333333333334,4.1666666666666665e-05,1.0,0.9976666666666667,0.9998583364234968,2.7986153636796627e-05,0.9999583333333334,4.1666666666666665e-05,1.0,0.9976666666666667,30.0,182.368,1.0,960.821,task003_symmetric__silent__q12__rho1,-4.184467352188754e-05,0.0,-4.184467352188754e-05,-4.1666666666666665e-05,
task003_symmetric__false__q12__qc6__rho1__lc8__gateoff__stopon,,task003_symmetric,false,12,6,1.0,persistent,continuous,poisson,poisson,8.0,always,True,1000,0.9997927867077142,3.125e-05,0.9998333333333334,0.0,1.0,0.996125,0.9997983105049231,3.125e-05,0.9997083333333333,0.0,1.0,0.9962916666666666,30.0,172.684,1.0,960.821,task003_symmetric__silent__q12__rho1,-3.8580827158684164e-05,-4.1666666666666665e-05,-3.8580827158684164e-05,-8.333333333333333e-05,
task003_symmetric__false__q12__qc6__rho1__lc8__gateon__stopon,,task003_symmetric,false,12,6,1.0,persistent,continuous,poisson,poisson,8.0,votes,True,1000,0.9997475964783044,0.0,0.999875,0.0,1.0,0.9957083333333333,0.9997457438797175,0.0,0.9997083333333334,0.0,1.0,0.9957083333333333,30.0,193.43,1.0,960.821,task003_symmetric__silent__q12__rho1,-6.983082715868416e-05,-4.1666666666666665e-05,-6.983082715868416e-05,-8.333333333333333e-05,
task003_symmetric__false__q3__qc12__rho0.75__lc0.5__gateoff__stopon,,task003_symmetric,false,3,12,0.75,persistent,continuous,poisson,poisson,0.5,always,True,1000,0.4635764977251786,0.4044267383789192,0.5217916666666667,0.3962083333333334,1.0,0.023916666666666666,0.46153949119028453,0.4054551430229486,0.5252916666666666,0.396375,1.0,0.02475,14.914,177.152,0.0,960.821,task003_symmetric__silent__q3__rho0.75,0.1523983199790728,0.18225,0.15261273892194566,0.18083333333333332,
task003_symmetric__false__q3__qc12__rho0.75__lc0.5__gateon__stopon,,task003_symmetric,false,3,12,0.75,persistent,continuous,poisson,poisson,0.5,votes,True,1000,0.4670061828619885,0.4016282158121064,0.5254166666666668,0.392875,1.0,0.02375,0.4654810241453641,0.40166723750017264,0.5297916666666668,0.393375,1.0,0.024708333333333332,14.368,177.154,0.0,960.821,task003_symmetric__silent__q3__rho0.75,0.14959979741225998,0.1789166666666667,0.14882483339916963,0.17783333333333332,
task003_symmetric__false__q3__qc12__rho0.75__lc1__gateoff__stopon,,task003_symmetric,false,3,12,0.75,persistent,continuous,poisson,poisson,1.0,always,True,1000,0.4091210085386178,0.4563455114730393,0.456,0.4619166666666667,1.0,0.020125,0.411664205071792,0.45139901868533344,0.457875,0.46175,1.0,0.019541666666666666,27.87,330.912,0.531,960.821,task003_symmetric__silent__q3__rho0.75,0.20431709307319296,0.24795833333333336,0.19855661458433047,0.2462083333333333,
task003_symmetric__false__q3__qc12__rho0.75__lc1__gateon__stopon,,task003_symmetric,false,3,12,0.75,persistent,continuous,poisson,poisson,1.0,votes,True,1000,0.41590690710502504,0.4504615835226032,0.4645833333333333,0.454,1.0,0.020916666666666667,0.4171250062531469,0.4471382696269762,0.461875,0.459,1.0,0.020791666666666663,26.317,340.248,0.38,960.821,task003_symmetric__silent__q3__rho0.75,0.19843316512275677,0.24004166666666668,0.1942958655259732,0.24345833333333333,
task003_symmetric__false__q3__qc12__rho0.75__lc2__gateoff__stopon,,task003_symmetric,false,3,12,0.75,persistent,continuous,poisson,poisson,2.0,always,True,1000,0.415172597033245,0.4504833340556025,0.45920833333333333,0.4585416666666666,1.0,0.021541666666666664,0.4172440111973525,0.44612112218427147,0.46225,0.45579166666666665,1.0,0.0205,30.0,353.121,1.0,960.821,task003_symmetric__silent__q3__rho0.75,0.1984549156557561,0.24458333333333335,0.19327871808326846,0.24025,
task003_symmetric__false__q3__qc12__rho0.75__lc2__gateon__stopon,,task003_symmetric,false,3,12,0.75,persistent,continuous,poisson,poisson,2.0,votes,True,1000,0.4157848759281999,0.4484935840027841,0.461625,0.4575416666666667,1.0,0.021416666666666664,0.4196492101613378,0.4439158015590142,0.4654166666666667,0.452375,1.0,0.020125,29.792,400.542,0.963,960.821,task003_symmetric__silent__q3__rho0.75,0.1964651656029377,0.24358333333333335,0.1910733974580112,0.23683333333333334,
task003_symmetric__false__q3__qc12__rho0.75__lc4__gateoff__stopon,,task003_symmetric,false,3,12,0.75,persistent,continuous,poisson,poisson,4.0,always,True,1000,0.40682392797639694,0.457983305924516,0.4457083333333334,0.4712916666666666,1.0,0.020041666666666666,0.4101929805377135,0.4550992276335477,0.4519583333333333,0.4672083333333334,1.0,0.01908333333333333,30.0,346.49,1.0,960.821,task003_symmetric__silent__q3__rho0.75,0.20595488752466956,0.25733333333333336,0.2022568235325447,0.25166666666666665,
task003_symmetric__false__q3__qc12__rho0.75__lc4__gateon__stopon,,task003_symmetric,false,3,12,0.75,persistent,continuous,poisson,poisson,4.0,votes,True,1000,0.41448372989130705,0.4511703419483056,0.4580416666666667,0.46158333333333335,1.0,0.019416666666666665,0.41839831701000196,0.4454652820345525,0.4645416666666667,0.453125,1.0,0.01979166666666667,29.951,420.016,0.993,960.821,task003_symmetric__silent__q3__rho0.75,0.19914192354845914,0.247625,0.19262287793354954,0.23758333333333334,
task003_symmetric__false__q3__qc12__rho0.75__lc8__gateoff__stopon,,task003_symmetric,false,3,12,0.75,persistent,continuous,poisson,poisson,8.0,always,True,1000,0.3971415183860981,0.46817649127586153,0.434625,0.487,1.0,0.017,0.39872268836752917,0.46649288192914157,0.43675,0.48325,1.0,0.017291666666666664,30.0,333.236,1.0,960.821,task003_symmetric__silent__q3__rho0.75,0.2161480728760151,0.2730416666666666,0.21365047782813862,0.2677083333333334,
task003_symmetric__false__q3__qc12__rho0.75__lc8__gateon__stopon,,task003_symmetric,false,3,12,0.75,persistent,continuous,poisson,poisson,8.0,votes,True,1000,0.4060316231105075,0.4574894819838729,0.4405833333333333,0.4795416666666667,1.0,0.01920833333333333,0.40493377718536805,0.4596039189305005,0.446625,0.47108333333333335,1.0,0.016541666666666663,30.0,429.028,1.0,960.821,task003_symmetric__silent__q3__rho0.75,0.20546106358402652,0.26558333333333334,0.2067615148294975,0.25554166666666667,
task003_symmetric__false__q3__qc12__rho1__lc0.5__gateoff__stopon,,task003_symmetric,false,3,12,1.0,persistent,continuous,poisson,poisson,0.5,always,True,1000,0.9995205724545638,0.0003561221950721289,0.99975,0.00020833333333333332,1.0,0.9960416666666666,0.9997931243991424,0.0001324830355516994,0.999875,0.000125,1.0,0.9977916666666667,14.914,177.167,0.0,960.821,task003_symmetric__silent__q3__rho1,0.0001553165133980613,0.0,8.983569343655992e-05,4.1666666666666665e-05,
task003_symmetric__false__q3__qc12__rho1__lc0.5__gateon__stopon,,task003_symmetric,false,3,12,1.0,persistent,continuous,poisson,poisson,0.5,votes,True,1000,0.9995176446368226,0.0003561221950721289,0.99975,0.00020833333333333332,1.0,0.9959583333333333,0.9997901965814012,0.0001324830355516994,0.999875,0.000125,1.0,0.9977083333333334,14.87,177.169,0.0,960.821,task003_symmetric__silent__q3__rho1,0.0001553165133980613,0.0,8.983569343655992e-05,4.1666666666666665e-05,
task003_symmetric__false__q3__qc12__rho1__lc1__gateoff__stopon,,task003_symmetric,false,3,12,1.0,persistent,continuous,poisson,poisson,1.0,always,True,1000,0.9995808417238474,0.00025326128022089587,0.9997083333333333,0.00020833333333333332,1.0,0.995875,0.9997171941272919,0.00015311613766400966,0.9997083333333333,0.00016666666666666666,1.0,0.9971666666666668,27.87,330.927,0.531,960.821,task003_symmetric__silent__q3__rho1,5.2455598546828195e-05,0.0,0.00011046879554887019,8.333333333333334e-05,
task003_symmetric__false__q3__qc12__rho1__lc1__gateon__stopon,,task003_symmetric,false,3,12,1.0,persistent,continuous,poisson,poisson,1.0,votes,True,1000,0.999599797020747,0.00024103124741303288,0.9997083333333333,0.00020833333333333332,1.0,0.9959166666666667,0.9997293514593156,0.00015311613766400966,0.9997083333333333,0.00016666666666666666,1.0,0.9972083333333333,27.817,331.875,0.527,960.821,task003_symmetric__silent__q3__rho1,4.022556573896521e-05,0.0,0.00011046879554887019,8.333333333333334e-05,
task003_symmetric__false__q3__qc12__rho1__lc2__gateoff__stopon,,task003_symmetric,false,3,12,1.0,persistent,continuous,poisson,poisson,2.0,always,True,1000,0.9996562338659075,0.00019309243838783508,0.9995416666666668,0.00020833333333333332,1.0,0.9959583333333334,0.9999026601490503,3.776631864867159e-05,0.9999166666666667,4.1666666666666665e-05,1.0,0.9980416666666667,30.0,353.166,1.0,960.821,task003_symmetric__silent__q3__rho1,-7.713243286232611e-06,0.0,-4.881023466467873e-06,-4.1666666666666665e-05,
task003_symmetric__false__q3__qc12__rho1__lc2__gateon__stopon,,task003_symmetric,false,3,12,1.0,persistent,continuous,poisson,poisson,2.0,votes,True,1000,0.9996189474740277,0.00022821916510938937,0.9994583333333333,0.00029166666666666664,1.0,0.996,0.9998894221186526,5.0140056022408966e-05,0.999875,8.333333333333333e-05,1.0,0.998125,30.0,357.809,1.0,960.821,task003_symmetric__silent__q3__rho1,2.741348343532171e-05,8.333333333333334e-05,7.492713907269499e-06,0.0,
task003_symmetric__false__q3__qc12__rho1__lc4__gateoff__stopon,,task003_symmetric,false,3,12,1.0,persistent,continuous,poisson,poisson,4.0,always,True,1000,0.9994577544675212,0.00028712360618849883,0.9991666666666668,0.0005833333333333333,1.0,0.9949583333333334,0.99973719155865,0.00013867492327637254,0.99975,4.1666666666666665e-05,1.0,0.9972083333333334,30.0,346.594,1.0,960.821,task003_symmetric__silent__q3__rho1,8.631792451443118e-05,0.000375,9.602758116123308e-05,-4.1666666666666665e-05,
task003_symmetric__false__q3__qc12__rho1__lc4__gateon__stopon,,task003_symmetric,false,3,12,1.0,persistent,continuous,poisson,poisson,4.0,votes,True,1000,0.9995464976523697,0.00021615724615963884,0.9992916666666667,0.00041666666666666664,1.0,0.995,0.9997507319731347,0.00012725717435862363,0.9997916666666666,4.1666666666666665e-05,1.0,0.9970833333333333,30.0,366.491,1.0,960.821,task003_symmetric__silent__q3__rho1,1.5351564485571156e-05,0.00020833333333333332,8.460983224348417e-05,-4.1666666666666665e-05,
task003_symmetric__false__q3__qc12__rho1__lc8__gateoff__stopon,,task003_symmetric,false,3,12,1.0,persistent,continuous,poisson,poisson,8.0,always,True,1000,0.9994520338258983,0.0003045364066152024,0.9994583333333333,0.00029166666666666664,1.0,0.9945833333333334,0.9997767275094969,7.419786096256683e-05,0.999875,8.333333333333333e-05,1.0,0.9969583333333333,30.0,333.41,1.0,960.821,task003_symmetric__silent__q3__rho1,0.0001037307249411347,8.333333333333333e-05,3.155051884742738e-05,0.0,
task003_symmetric__false__q3__qc12__rho1__lc8__gateon__stopon,,task003_symmetric,false,3,12,1.0,persistent,continuous,poisson,poisson,8.0,votes,True,1000,0.9995121287308747,0.0002493734927558457,0.9994583333333332,0.00016666666666666666,1.0,0.994875,0.9997144338595756,0.00013521316646316643,0.9997916666666667,0.000125,1.0,0.9969166666666668,30.0,391.282,1.0,960.821,task003_symmetric__silent__q3__rho1,4.8567811081778005e-05,-4.1666666666666665e-05,9.256582434802699e-05,4.1666666666666665e-05,
task003_symmetric__false__q3__qc24__rho0.75__lc0.5__gateoff__stopon,,task003_symmetric,false,3,24,0.75,persistent,continuous,poisson,poisson,0.5,always,True,1000,0.4869828838179868,0.3840115098509182,0.550125,0.37504166666666666,1.0,0.0265,0.48340760939635835,0.38390608541367655,0.5486666666666666,0.371,1.0,0.02525,14.914,351.242,0.0,960.821,task003_symmetric__silent__q3__rho0.75,0.13198309145107184,0.1610833333333333,0.13106368131267354,0.1554583333333333,
task003_symmetric__false__q3__qc24__rho0.75__lc0.5__gateon__stopon,,task003_symmetric,false,3,24,0.75,persistent,continuous,poisson,poisson,0.5,votes,True,1000,0.48795398883358093,0.3832697510095592,0.552,0.3735833333333334,1.0,0.026625,0.4848450505467474,0.3813564814098647,0.550625,0.3695,1.0,0.024874999999999998,14.659,351.245,0.0,960.821,task003_symmetric__silent__q3__rho0.75,0.13124133260971274,0.159625,0.12851407730886166,0.1539583333333333,
task003_symmetric__false__q3__qc24__rho0.75__lc1__gateoff__stopon,,task003_symmetric,false,3,24,0.75,persistent,continuous,poisson,poisson,1.0,always,True,1000,0.4447231875715165,0.4240674688494525,0.4999166666666667,0.42004166666666665,1.0,0.025583333333333333,0.44592942809509933,0.4190187093943047,0.49954166666666666,0.421,1.0,0.022791666666666665,27.87,655.9,0.531,960.821,task003_symmetric__silent__q3__rho0.75,0.17203905044960613,0.2060833333333333,0.1661763052933017,0.20545833333333333,
task003_symmetric__false__q3__qc24__rho0.75__lc1__gateon__stopon,,task003_symmetric,false,3,24,0.75,persistent,continuous,poisson,poisson,1.0,votes,True,1000,0.4482611197351535,0.42089892249532534,0.50625,0.41270833333333334,1.0,0.026208333333333333,0.45073897330586765,0.4139104200230116,0.5055833333333334,0.413875,1.0,0.02275,27.053,665.86,0.453,960.821,task003_symmetric__silent__q3__rho0.75,0.16887050409547896,0.19875,0.1610680159220086,0.19833333333333333,
task003_symmetric__false__q3__qc24__rho0.75__lc2__gateoff__stopon,,task003_symmetric,false,3,24,0.75,persistent,continuous,poisson,poisson,2.0,always,True,1000,0.4464653117989823,0.4197203361312198,0.5013333333333334,0.41908333333333336,1.0,0.023375,0.4493139648408388,0.41622148147765936,0.507,0.41175,1.0,0.021625,30.0,694.395,1.0,960.821,task003_symmetric__silent__q3__rho0.75,0.16769191773137335,0.205125,0.16337907737665636,0.19620833333333335,
task003_symmetric__false__q3__qc24__rho0.75__lc2__gateon__stopon,,task003_symmetric,false,3,24,0.75,persistent,continuous,poisson,poisson,2.0,votes,True,1000,0.44855010811254226,0.41649474884580334,0.5035416666666667,0.416,1.0,0.023125,0.45048908915709723,0.4154638384113242,0.507125,0.4132916666666666,1.0,0.022166666666666668,29.879,742.012,0.982,960.821,task003_symmetric__silent__q3__rho0.75,0.16446633044595696,0.20204166666666667,0.16262143431032114,0.19775,
task003_symmetric__false__q3__qc24__rho0.75__lc4__gateoff__stopon,,task003_symmetric,false,3,24,0.75,persistent,continuous,poisson,poisson,4.0,always,True,1000,0.4309074914449444,0.4345831691094093,0.4755,0.4414166666666666,1.0,0.020875,0.43067857920681224,0.43350321524132285,0.481125,0.43820833333333337,1.0,0.022333333333333337,30.0,669.048,1.0,960.821,task003_symmetric__silent__q3__rho0.75,0.18255475070956287,0.22745833333333332,0.18066081114031982,0.22266666666666665,
task003_symmetric__false__q3__qc24__rho0.75__lc4__gateon__stopon,,task003_symmetric,false,3,24,0.75,persistent,continuous,poisson,poisson,4.0,votes,True,1000,0.43262429908953415,0.43191613105100524,0.478875,0.4364583333333334,1.0,0.020166666666666663,0.4338999153487977,0.4293725600789555,0.4823333333333334,0.434375,1.0,0.022,29.94,755.309,0.994,960.821,task003_symmetric__silent__q3__rho0.75,0.17988771265115883,0.2225,0.1765301559779525,0.21883333333333335,
task003_symmetric__false__q3__qc24__rho0.75__lc8__gateoff__stopon,,task003_symmetric,false,3,24,0.75,persistent,continuous,poisson,poisson,8.0,always,True,1000,0.41365190676101166,0.451752641879937,0.451,0.46675,1.0,0.018125,0.41431141463055043,0.45092670585194594,0.457,0.4664583333333333,1.0,0.018,30.0,618.148,1.0,960.821,task003_symmetric__silent__q3__rho0.75,0.19972422348009058,0.2527916666666667,0.19808430175094288,0.2509166666666667,
task003_symmetric__false__q3__qc24__rho0.75__lc8__gateon__stopon,,task003_symmetric,false,3,24,0.75,persistent,continuous,poisson,poisson,8.0,votes,True,1000,0.41950522993919886,0.44589089800791604,0.4616666666666666,0.4555416666666666,1.0,0.018625,0.42084696164029634,0.4452701331643782,0.46541666666666665,0.455875,1.0,0.017791666666666667,29.995,747.136,0.999,960.821,task003_symmetric__silent__q3__rho0.75,0.19386247960806963,0.24158333333333332,0.19242772906337519,0.24033333333333334,
task003_symmetric__false__q3__qc24__rho1__lc0.5__gateoff__stopon,,task003_symmetric,false,3,24,1.0,persistent,continuous,poisson,poisson,0.5,always,True,1000,0.9996468704878021,0.00024587743017504996,0.999625,0.00025,1.0,0.9966666666666667,0.999835143140915,0.00010759003260655292,0.999875,8.333333333333333e-05,1.0,0.9982083333333334,14.914,351.275,0.0,960.821,task003_symmetric__silent__q3__rho1,4.5071748500982294e-05,4.1666666666666665e-05,6.494269049141347e-05,0.0,
task003_symmetric__false__q3__qc24__rho1__lc0.5__gateon__stopon,,task003_symmetric,false,3,24,1.0,persistent,continuous,poisson,poisson,0.5,votes,True,1000,0.9996641895478522,0.00022735891165653145,0.9995833333333334,0.00025,1.0,0.9967083333333334,0.9998333950799407,0.00010759003260655292,0.999875,8.333333333333333e-05,1.0,0.9981666666666666,14.883,351.278,0.0,960.821,task003_symmetric__silent__q3__rho1,2.6553229982463776e-05,4.1666666666666665e-05,6.494269049141347e-05,0.0,
task003_symmetric__false__q3__qc24__rho1__lc1__gateoff__stopon,,task003_symmetric,false,3,24,1.0,persistent,continuous,poisson,poisson,1.0,always,True,1000,0.9995494225174143,0.00035333921231162936,0.999625,0.00029166666666666664,1.0,0.9966666666666667,0.9998111887185328,0.00012928095363053948,0.9998333333333334,0.00016666666666666666,1.0,0.998375,27.87,655.959,0.531,960.821,task003_symmetric__silent__q3__rho1,0.00015253353063756167,8.333333333333334e-05,8.66336115154e-05,8.333333333333333e-05,
task003_symmetric__false__q3__qc24__rho1__lc1__gateon__stopon,,task003_symmetric,false,3,24,1.0,persistent,continuous,poisson,poisson,1.0,votes,True,1000,0.999557568013118,0.00035333921231162936,0.9995833333333334,0.00029166666666666664,1.0,0.9965833333333333,0.9998193342142363,0.00012928095363053948,0.9998333333333334,0.00016666666666666666,1.0,0.9982916666666667,27.838,656.918,0.527,960.821,task003_symmetric__silent__q3__rho1,0.00015253353063756167,8.333333333333334e-05,8.66336115154e-05,8.333333333333333e-05,
task003_symmetric__false__q3__qc24__rho1__lc2__gateoff__stopon,,task003_symmetric,false,3,24,1.0,persistent,continuous,poisson,poisson,2.0,always,True,1000,0.999650673731581,0.000164608076362855,0.999625,0.00025,1.0,0.9955416666666668,0.9998826202615744,2.1708683473389355e-05,0.9999166666666667,4.1666666666666665e-05,1.0,0.99775,30.0,694.532,1.0,960.821,task003_symmetric__silent__q3__rho1,-3.619760531121267e-05,4.1666666666666665e-05,-2.0938658641750106e-05,-4.1666666666666665e-05,
task003_symmetric__false__q3__qc24__rho1__lc2__gateon__stopon,,task003_symmetric,false,3,24,1.0,persistent,continuous,poisson,poisson,2.0,votes,True,1000,0.9996644450772396,0.00016766919759337513,0.99975,0.00020833333333333332,1.0,0.99575,0.9998934572550398,2.1708683473389355e-05,0.9999166666666667,4.1666666666666665e-05,1.0,0.997875,30.0,699.115,1.0,960.821,task003_symmetric__silent__q3__rho1,-3.3136484080692546e-05,0.0,-2.0938658641750106e-05,-4.1666666666666665e-05,
task003_symmetric__false__q3__qc24__rho1__lc4__gateoff__stopon,,task003_symmetric,false,3,24,1.0,persistent,continuous,poisson,poisson,4.0,always,True,1000,0.9994183206097262,0.0003640006405396361,0.999375,0.00045833333333333327,1.0,0.9950416666666667,0.9996217827575206,0.00023205862178293256,0.999625,0.00020833333333333332,1.0,0.9965416666666667,30.0,669.37,1.0,960.821,task003_symmetric__silent__q3__rho1,0.0001631949588655684,0.00024999999999999995,0.00018941127966779308,0.000125,
task003_symmetric__false__q3__qc24__rho1__lc4__gateon__stopon,,task003_symmetric,false,3,24,1.0,persistent,continuous,poisson,poisson,4.0,votes,True,1000,0.9994615882083272,0.00033294280494748673,0.999375,0.0005,1.0,0.995375,0.9996683591574249,0.00020344542211710132,0.9996666666666667,0.00016666666666666666,1.0,0.997,30.0,689.052,1.0,960.821,task003_symmetric__silent__q3__rho1,0.00013213712327341909,0.0002916666666666667,0.00016079808000196187,8.333333333333333e-05,
task003_symmetric__false__q3__qc24__rho1__lc8__gateoff__stopon,,task003_symmetric,false,3,24,1.0,persistent,continuous,poisson,poisson,8.0,always,True,1000,0.9996421459232104,0.0001779423875872655,0.9997083333333333,8.333333333333333e-05,1.0,0.9960833333333332,0.9998665513957344,2.3547979797979797e-05,0.9997083333333334,0.000125,1.0,0.99775,30.0,618.783,1.0,960.821,task003_symmetric__silent__q3__rho1,-2.2863294086802183e-05,-0.000125,-1.9099362317159664e-05,4.1666666666666665e-05,
task003_symmetric__false__q3__qc24__rho1__lc8__gateon__stopon,,task003_symmetric,false,3,24,1.0,persistent,continuous,poisson,poisson,8.0,votes,True,1000,0.9995866951293588,0.00018730927986073079,0.9995,0.00020833333333333332,1.0,0.9956666666666667,0.9998375113408975,3.7436868686868686e-05,0.99975,0.00016666666666666666,1.0,0.9977083333333333,30.0,684.413,1.0,960.821,task003_symmetric__silent__q3__rho1,-1.3496401813336882e-05,0.0,-5.210473428270778e-06,8.333333333333333e-05,
task003_symmetric__false__q3__qc3__rho0.75__lc0.5__gateoff__stopon,,task003_symmetric,false,3,3,0.75,persistent,continuous,poisson,poisson,0.5,always,True,1000,0.4975343196385464,0.38157040462899466,0.565875,0.36395833333333333,1.0,0.028541666666666663,0.49668374590841735,0.37755150339007326,0.5675833333333333,0.3625,1.0,0.026249999999999996,14.914,44.577,0.0,960.821,task003_symmetric__silent__q3__rho0.75,0.12954198622914828,0.15,0.12470909928907026,0.14695833333333333,
task003_symmetric__false__q3__qc3__rho0.75__lc0.5__gateon__stopon,,task003_symmetric,false,3,3,0.75,persistent,continuous,poisson,poisson,0.5,votes,True,1000,0.5014787536295588,0.3779478196800271,0.570125,0.36141666666666666,1.0,0.028125,0.5044484879260913,0.3704753108460244,0.57475,0.3547916666666666,1.0,0.0265,14.176,44.577,0.0,960.821,task003_symmetric__silent__q3__rho0.75,0.1259194012801807,0.1474583333333333,0.11763290674502137,0.13925,
task003_symmetric__false__q3__qc3__rho0.75__lc1__gateoff__stopon,,task003_symmetric,false,3,3,0.75,persistent,continuous,poisson,poisson,1.0,always,True,1000,0.4579153182985406,0.41675600159745835,0.51525,0.41129166666666667,1.0,0.023333333333333334,0.4654030941409252,0.40273887628740435,0.5233333333333333,0.4001666666666666,1.0,0.023541666666666666,27.87,83.287,0.531,960.821,task003_symmetric__silent__q3__rho0.75,0.1647275831976119,0.1973333333333333,0.14989647218640137,0.184625,
task003_symmetric__false__q3__qc3__rho0.75__lc1__gateon__stopon,,task003_symmetric,false,3,3,0.75,persistent,continuous,poisson,poisson,1.0,votes,True,1000,0.46301572840947025,0.41292875075556684,0.520125,0.40579166666666666,1.0,0.023583333333333328,0.4707303821557844,0.3985439544168237,0.5319166666666666,0.3917916666666667,1.0,0.023916666666666666,26.733,85.801,0.384,960.821,task003_symmetric__silent__q3__rho0.75,0.1609003323557205,0.19183333333333336,0.14570155031582072,0.17625,
task003_symmetric__false__q3__qc3__rho0.75__lc2__gateoff__stopon,,task003_symmetric,false,3,3,0.75,persistent,continuous,poisson,poisson,2.0,always,True,1000,0.44646857311733795,0.42361638798518997,0.5010833333333333,0.422875,1.0,0.021583333333333336,0.4540427170897676,0.413581009216073,0.5115833333333333,0.41354166666666664,1.0,0.022375,30.0,89.381,1.0,960.821,task003_symmetric__silent__q3__rho0.75,0.1715879695853436,0.2089166666666667,0.16073860511507002,0.198,
task003_symmetric__false__q3__qc3__rho0.75__lc2__gateon__stopon,,task003_symmetric,false,3,3,0.75,persistent,continuous,poisson,poisson,2.0,votes,True,1000,0.4584262730369046,0.4141360646708887,0.5134583333333332,0.41329166666666667,1.0,0.024041666666666663,0.4620419934486008,0.4090749865354479,0.5194166666666666,0.406875,1.0,0.022458333333333334,29.988,98.843,0.995,960.821,task003_symmetric__silent__q3__rho0.75,0.1621076462710423,0.1993333333333333,0.1562325824344449,0.19133333333333333,
task003_symmetric__false__q3__qc3__rho0.75__lc4__gateoff__stopon,,task003_symmetric,false,3,3,0.75,persistent,continuous,poisson,poisson,4.0,always,True,1000,0.44353034544241005,0.4258925856566774,0.49058333333333337,0.4345833333333333,1.0,0.022,0.44308648183068833,0.42585147590143824,0.4975833333333334,0.4229166666666666,1.0,0.02125,30.0,88.823,1.0,960.821,task003_symmetric__silent__q3__rho0.75,0.17386416725683101,0.220625,0.1730090718004352,0.207375,
task003_symmetric__false__q3__qc3__rho0.75__lc4__gateon__stopon,,task003_symmetric,false,3,3,0.75,persistent,continuous,poisson,poisson,4.0,votes,True,1000,0.45373815656613387,0.4156002312050441,0.5073333333333334,0.416125,1.0,0.020958333333333332,0.4522395722968091,0.41816844624247634,0.5074583333333333,0.41429166666666667,1.0,0.022375,30.0,101.646,1.0,960.821,task003_symmetric__silent__q3__rho0.75,0.16357181280519767,0.2021666666666667,0.16532604214147334,0.19874999999999998,
task003_symmetric__false__q3__qc3__rho0.75__lc8__gateoff__stopon,,task003_symmetric,false,3,3,0.75,persistent,continuous,poisson,poisson,8.0,always,True,1000,0.4254462280505155,0.4431525469971349,0.47020833333333334,0.4535833333333334,1.0,0.018791666666666665,0.4294471560480224,0.43746094959509607,0.4761666666666667,0.44754166666666667,1.0,0.017541666666666664,30.0,87.727,1.0,960.821,task003_symmetric__silent__q3__rho0.75,0.19112412859728847,0.239625,0.184618545494093,0.232,
task003_symmetric__false__q3__qc3__rho0.75__lc8__gateon__stopon,,task003_symmetric,false,3,3,0.75,persistent,continuous,poisson,poisson,8.0,votes,True,1000,0.44171232720861814,0.42765467662158657,0.4899166666666666,0.4330416666666666,1.0,0.021166666666666663,0.4402821802041457,0.42812021530176997,0.4934583333333334,0.42654166666666665,1.0,0.018625,30.0,104.318,1.0,960.821,task003_symmetric__silent__q3__rho0.75,0.17562625822174022,0.21908333333333332,0.17527781120076694,0.211,
task003_symmetric__false__q3__qc3__rho1__lc0.5__gateoff__stopon,,task003_symmetric,false,3,3,1.0,persistent,continuous,poisson,poisson,0.5,always,True,1000,0.9996646126323974,0.00021181950134309182,0.9997083333333334,0.00016666666666666666,1.0,0.9959166666666668,0.9998373261314221,8.912954611558503e-05,0.999875,8.333333333333333e-05,1.0,0.997625,14.914,44.581,0.0,960.821,task003_symmetric__silent__q3__rho1,1.101381966902414e-05,-4.1666666666666665e-05,4.648220400044557e-05,0.0,
task003_symmetric__false__q3__qc3__rho1__lc0.5__gateon__stopon,,task003_symmetric,false,3,3,1.0,persistent,continuous,poisson,poisson,0.5,votes,True,1000,0.9996527611710119,0.00022636458542205047,0.999625,0.00025,1.0,0.995875,0.999811535585857,0.00011772790066208199,0.9998333333333334,0.000125,1.0,0.9975,14.81,44.581,0.0,960.821,task003_symmetric__silent__q3__rho1,2.5558903747982797e-05,4.1666666666666665e-05,7.508055854694252e-05,4.1666666666666665e-05,
task003_symmetric__false__q3__qc3__rho1__lc1__gateoff__stopon,,task003_symmetric,false,3,3,1.0,persistent,continuous,poisson,poisson,1.0,always,True,1000,0.999604044763653,0.00029622254037057566,0.9995833333333333,0.000375,1.0,0.9965,0.9998813703720403,5.451501632304674e-05,0.9999166666666668,4.1666666666666665e-05,1.0,0.998,27.87,83.291,0.531,960.821,task003_symmetric__silent__q3__rho1,9.541685869650798e-05,0.00016666666666666666,1.1867674207907277e-05,-4.1666666666666665e-05,
task003_symmetric__false__q3__qc3__rho1__lc1__gateon__stopon,,task003_symmetric,false,3,3,1.0,persistent,continuous,poisson,poisson,1.0,votes,True,1000,0.9995795264811402,0.00031310114738224924,0.9996666666666666,0.00029166666666666664,1.0,0.9962916666666666,0.9998345924142109,9.933134904921553e-05,0.999875,8.333333333333333e-05,1.0,0.9977916666666667,27.755,83.663,0.516,960.821,task003_symmetric__silent__q3__rho1,0.00011229546570818155,8.333333333333333e-05,5.668400693407607e-05,0.0,
task003_symmetric__false__q3__qc3__rho1__lc2__gateoff__stopon,,task003_symmetric,false,3,3,1.0,persistent,continuous,poisson,poisson,2.0,always,True,1000,0.9995966756191108,0.0002232638442937922,0.999625,0.00020833333333333332,1.0,0.9957083333333333,0.9998565582199538,3.8359788359788356e-05,0.9998333333333332,8.333333333333333e-05,1.0,0.9976666666666667,30.0,89.385,1.0,960.821,task003_symmetric__silent__q3__rho1,2.2458162619724528e-05,0.0,-4.287553755351108e-06,0.0,
task003_symmetric__false__q3__qc3__rho1__lc2__gateon__stopon,,task003_symmetric,false,3,3,1.0,persistent,continuous,poisson,poisson,2.0,votes,True,1000,0.9996253250777454,0.00018969395429176627,0.9997083333333334,0.00016666666666666666,1.0,0.9955416666666668,0.9998365523154001,7.012081173465554e-05,0.999875,0.000125,1.0,0.997625,30.0,91.38,1.0,960.821,task003_symmetric__silent__q3__rho1,-1.111172738230139e-05,-4.1666666666666665e-05,2.747346961951608e-05,4.1666666666666665e-05,
task003_symmetric__false__q3__qc3__rho1__lc4__gateoff__stopon,,task003_symmetric,false,3,3,1.0,persistent,continuous,poisson,poisson,4.0,always,True,1000,0.9994185606041386,0.0003722611785771894,0.9993333333333334,0.0004583333333333333,1.0,0.9945833333333334,0.9998206262031495,7.948502310102091e-05,0.9998333333333332,8.333333333333333e-05,1.0,0.9973333333333334,30.0,88.832,1.0,960.821,task003_symmetric__silent__q3__rho1,0.00017145549690312172,0.00025,3.6837680985881434e-05,0.0,
task003_symmetric__false__q3__qc3__rho1__lc4__gateon__stopon,,task003_symmetric,false,3,3,1.0,persistent,continuous,poisson,poisson,4.0,votes,True,1000,0.9995829783230743,0.0002564690465546453,0.9994166666666666,0.00041666666666666664,1.0,0.9955416666666668,0.9998321713536921,7.62821131989489e-05,0.9997083333333334,0.00020833333333333332,1.0,0.9977083333333334,30.0,94.944,1.0,960.821,task003_symmetric__silent__q3__rho1,5.56633648805776e-05,0.00020833333333333332,3.363477108380943e-05,0.000125,
task003_symmetric__false__q3__qc3__rho1__lc8__gateoff__stopon,,task003_symmetric,false,3,3,1.0,persistent,continuous,poisson,poisson,8.0,always,True,1000,0.9996032396301948,0.0002450818503571019,0.9997083333333334,0.00016666666666666666,1.0,0.9952916666666666,0.9998229551758179,9.480851750588593e-05,0.9997083333333333,0.000125,1.0,0.99725,30.0,87.756,1.0,960.821,task003_symmetric__silent__q3__rho1,4.427616868303423e-05,-4.1666666666666665e-05,5.2161175390746466e-05,4.1666666666666665e-05,
task003_symmetric__false__q3__qc3__rho1__lc8__gateon__stopon,,task003_symmetric,false,3,3,1.0,persistent,continuous,poisson,poisson,8.0,votes,True,1000,0.9995608437149941,0.0002544199355175555,0.9995833333333334,0.00029166666666666664,1.0,0.9949583333333334,0.9998114457760717,7.398989898989897e-05,0.9997083333333334,0.000125,1.0,0.997,30.0,101.191,1.0,960.821,task003_symmetric__silent__q3__rho1,5.361425384348781e-05,8.333333333333334e-05,3.1342556874759514e-05,4.1666666666666665e-05,
task003_symmetric__false__q3__qc6__rho0.75__lc0.5__gateoff__stopon,,task003_symmetric,false,3,6,0.75,persistent,continuous,poisson,poisson,0.5,always,True,1000,0.4717448081129356,0.3971628449427932,0.536625,0.38358333333333333,1.0,0.02408333333333333,0.47001031437202034,0.39730049435726494,0.5315,0.38725,1.0,0.023791666666666666,14.914,88.978,0.0,960.821,task003_symmetric__silent__q3__rho0.75,0.14513442654294678,0.169625,0.14445809025626194,0.17170833333333332,
task003_symmetric__false__q3__qc6__rho0.75__lc0.5__gateon__stopon,,task003_symmetric,false,3,6,0.75,persistent,continuous,poisson,poisson,0.5,votes,True,1000,0.47642501160745115,0.3934230205586625,0.5410416666666668,0.3797916666666667,1.0,0.024583333333333332,0.47715920296450826,0.3904262714035569,0.5376666666666667,0.3814583333333333,1.0,0.023625,14.235,88.978,0.0,960.821,task003_symmetric__silent__q3__rho0.75,0.14139460215881616,0.16583333333333333,0.13758386730255387,0.16591666666666668,
task003_symmetric__false__q3__qc6__rho0.75__lc1__gateoff__stopon,,task003_symmetric,false,3,6,0.75,persistent,continuous,poisson,poisson,1.0,always,True,1000,0.4229131607851203,0.44722578800952195,0.47320833333333334,0.4485833333333334,1.0,0.021875,0.4308692252470736,0.43587522804034107,0.487625,0.435875,1.0,0.022333333333333334,27.87,166.194,0.531,960.821,task003_symmetric__silent__q3__rho0.75,0.19519736960967557,0.234625,0.18303282393933806,0.22033333333333333,
task003_symmetric__false__q3__qc6__rho0.75__lc1__gateon__stopon,,task003_symmetric,false,3,6,0.75,persistent,continuous,poisson,poisson,1.0,votes,True,1000,0.42389526381756454,0.4462692557710467,0.47708333333333336,0.44625,1.0,0.019958333333333335,0.43459430033918295,0.4313880636495493,0.4870833333333333,0.43316666666666664,1.0,0.02225,26.446,170.832,0.374,960.821,task003_symmetric__silent__q3__rho0.75,0.19424083737120026,0.23229166666666667,0.17854565954854631,0.217625,
task003_symmetric__false__q3__qc6__rho0.75__lc2__gateoff__stopon,,task003_symmetric,false,3,6,0.75,persistent,continuous,poisson,poisson,2.0,always,True,1000,0.42537440702027435,0.44143033857354785,0.47479166666666667,0.4434166666666666,1.0,0.020833333333333332,0.42813690348654637,0.43655896085325885,0.477375,0.4424583333333333,1.0,0.021875,30.0,178.03,1.0,960.821,task003_symmetric__silent__q3__rho0.75,0.18940192017370142,0.22945833333333332,0.18371655675225582,0.22691666666666666,
task003_symmetric__false__q3__qc6__rho0.75__lc2__gateon__stopon,,task003_symmetric,false,3,6,0.75,persistent,continuous,poisson,poisson,2.0,votes,True,1000,0.42365460716194686,0.44400701471124354,0.4703333333333333,0.450375,1.0,0.021083333333333332,0.4282211773722872,0.4369224190553051,0.4792083333333333,0.44025,1.0,0.02125,29.937,200.639,0.984,960.821,task003_symmetric__silent__q3__rho0.75,0.19197859631139713,0.2364166666666667,0.18408001495430207,0.22470833333333332,
task003_symmetric__false__q3__qc6__rho0.75__lc4__gateoff__stopon,,task003_symmetric,false,3,6,0.75,persistent,continuous,poisson,poisson,4.0,always,True,1000,0.41715253627409515,0.44933397767356675,0.4623333333333333,0.457875,1.0,0.01991666666666667,0.4184618058412777,0.4459350364704219,0.4666666666666666,0.4532916666666667,1.0,0.019125,30.0,176.194,1.0,960.821,task003_symmetric__silent__q3__rho0.75,0.1973055592737204,0.2439166666666667,0.19309263236941893,0.23775,
task003_symmetric__false__q3__qc6__rho0.75__lc4__gateon__stopon,,task003_symmetric,false,3,6,0.75,persistent,continuous,poisson,poisson,4.0,votes,True,1000,0.41931761136893997,0.44623795295679386,0.4685,0.454125,1.0,0.021083333333333332,0.41979171629274176,0.44522264354817676,0.4655,0.451625,1.0,0.018,29.993,209.54,0.999,960.821,task003_symmetric__silent__q3__rho0.75,0.19420953455694742,0.24016666666666667,0.1923802394471737,0.23608333333333334,
task003_symmetric__false__q3__qc6__rho0.75__lc8__gateoff__stopon,,task003_symmetric,false,3,6,0.75,persistent,continuous,poisson,poisson,8.0,always,True,1000,0.4035835324187168,0.4632031850449846,0.445875,0.4765,1.0,0.017958333333333337,0.40337452626016607,0.4624393749357045,0.4409166666666666,0.48020833333333335,1.0,0.016291666666666663,30.0,172.599,1.0,960.821,task003_symmetric__silent__q3__rho0.75,0.21117476664513826,0.2625416666666666,0.2095969708347015,0.2646666666666666,
task003_symmetric__false__q3__qc6__rho0.75__lc8__gateon__stopon,,task003_symmetric,false,3,6,0.75,persistent,continuous,poisson,poisson,8.0,votes,True,1000,0.41504166913023144,0.45306140435459635,0.455375,0.4661666666666666,1.0,0.018708333333333334,0.4177797647865492,0.4464891913207381,0.4595416666666666,0.45825,1.0,0.0175,30.0,213.835,1.0,960.821,task003_symmetric__silent__q3__rho0.75,0.20103298595475003,0.2522083333333333,0.19364678721973508,0.2427083333333333,
task003_symmetric__false__q3__qc6__rho1__lc0.5__gateoff__stopon,,task003_symmetric,false,3,6,1.0,persistent,continuous,poisson,poisson,0.5,always,True,1000,0.9997110246321026,0.00017768603427645508,0.99975,0.000125,1.0,0.9969583333333334,0.9998922009280536,4.9358754440424125e-05,0.9998333333333334,0.000125,1.0,0.9985,14.914,88.984,0.0,960.821,task003_symmetric__silent__q3__rho1,-2.3119647397612624e-05,-8.333333333333333e-05,6.711412325284667e-06,4.166666666666668e-05,
task003_symmetric__false__q3__qc6__rho1__lc0.5__gateon__stopon,,task003_symmetric,false,3,6,1.0,persistent,continuous,poisson,poisson,0.5,votes,True,1000,0.9997096207503978,0.00017768603427645508,0.99975,0.000125,1.0,0.9967916666666667,0.9998879234831303,4.9358754440424125e-05,0.9998333333333334,0.000125,1.0,0.9982916666666666,14.837,88.984,0.0,960.821,task003_symmetric__silent__q3__rho1,-2.3119647397612624e-05,-8.333333333333333e-05,6.711412325284667e-06,4.166666666666668e-05,
task003_symmetric__false__q3__qc6__rho1__lc1__gateoff__stopon,,task003_symmetric,false,3,6,1.0,persistent,continuous,poisson,poisson,1.0,always,True,1000,0.9997198510732193,9.294117886165412e-05,0.99975,4.1666666666666665e-05,1.0,0.996,0.999893843161773,7.246376811594203e-06,0.9998333333333334,0.0,1.0,0.9976666666666667,27.87,166.201,0.531,960.821,task003_symmetric__silent__q3__rho1,-0.00010786450281241355,-0.00016666666666666666,-3.540096530354526e-05,-8.333333333333333e-05,
task003_symmetric__false__q3__qc6__rho1__lc1__gateon__stopon,,task003_symmetric,false,3,6,1.0,persistent,continuous,poisson,poisson,1.0,votes,True,1000,0.999685288510017,0.00014033251301769417,0.99975,4.1666666666666665e-05,1.0,0.9960833333333333,0.9998927264547415,1.7050298380221655e-05,0.9998333333333334,0.0,1.0,0.997875,27.779,166.813,0.521,960.821,task003_symmetric__silent__q3__rho1,-6.0473168656373517e-05,-0.00016666666666666666,-2.5597043734917806e-05,-8.333333333333333e-05,
task003_symmetric__false__q3__qc6__rho1__lc2__gateoff__stopon,,task003_symmetric,false,3,6,1.0,persistent,continuous,poisson,poisson,2.0,always,True,1000,0.9995565536342917,0.00023577157943915843,0.9996666666666667,0.00024999999999999995,1.0,0.9951666666666668,0.9998467270193614,2.4974747474747474e-05,0.9997916666666667,4.1666666666666665e-05,1.0,0.9970833333333333,30.0,178.042,1.0,960.821,task003_symmetric__silent__q3__rho1,3.496589776509076e-05,4.166666666666667e-05,-1.767259464039199e-05,-4.1666666666666665e-05,
task003_symmetric__false__q3__qc6__rho1__lc2__gateon__stopon,,task003_symmetric,false,3,6,1.0,persistent,continuous,poisson,poisson,2.0,votes,True,1000,0.9995699206529204,0.0002589611244949358,0.9997083333333333,0.00020833333333333332,1.0,0.9956666666666666,0.9998677717739026,2.4974747474747474e-05,0.99975,4.1666666666666665e-05,1.0,0.9974583333333333,30.0,181.391,1.0,960.821,task003_symmetric__silent__q3__rho1,5.8155442820868097e-05,0.0,-1.767259464039199e-05,-4.1666666666666665e-05,
task003_symmetric__false__q3__qc6__rho1__lc4__gateoff__stopon,,task003_symmetric,false,3,6,1.0,persistent,continuous,poisson,poisson,4.0,always,True,1000,0.9994560856259795,0.0002672627267993647,0.9992916666666667,0.000375,1.0,0.9942916666666668,0.999754960011337,6.956587129000922e-05,0.9996666666666666,0.0,1.0,0.996375,30.0,176.223,1.0,960.821,task003_symmetric__silent__q3__rho1,6.645704512529706e-05,0.00016666666666666666,2.6918529174869755e-05,-8.333333333333333e-05,
task003_symmetric__false__q3__qc6__rho1__lc4__gateon__stopon,,task003_symmetric,false,3,6,1.0,persistent,continuous,poisson,poisson,4.0,votes,True,1000,0.999501290415066,0.0002924404493131528,0.9995,0.0003333333333333333,1.0,0.9952916666666668,0.9997983268212388,5.658158158158158e-05,0.9997083333333334,4.1666666666666665e-05,1.0,0.997,30.0,188.257,1.0,960.821,task003_symmetric__silent__q3__rho1,9.163476763908515e-05,0.000125,1.3934239466442123e-05,-4.1666666666666665e-05,
task003_symmetric__false__q3__qc6__rho1__lc8__gateoff__stopon,,task003_symmetric,false,3,6,1.0,persistent,continuous,poisson,poisson,8.0,always,True,1000,0.9993795597285603,0.0003881851377665921,0.9993333333333333,0.00041666666666666664,1.0,0.9945833333333334,0.999744315089793,0.00010657308377896613,0.9999583333333334,4.1666666666666665e-05,1.0,0.9967916666666666,30.0,172.665,1.0,960.821,task003_symmetric__silent__q3__rho1,0.00018737945609252448,0.00020833333333333332,6.392574166382666e-05,-4.1666666666666665e-05,
task003_symmetric__false__q3__qc6__rho1__lc8__gateon__stopon,,task003_symmetric,false,3,6,1.0,persistent,continuous,poisson,poisson,8.0,votes,True,1000,0.9995051782930191,0.00027823947209313526,0.9994166666666667,0.0003333333333333333,1.0,0.9947916666666667,0.9997710143546119,0.00010083187371322964,0.999875,4.1666666666666665e-05,1.0,0.9970416666666667,30.0,203.042,1.0,960.821,task003_symmetric__silent__q3__rho1,7.743379041906756e-05,0.000125,5.818453159809018e-05,-4.1666666666666665e-05,
task003_symmetric__false__q6__qc12__rho0.75__lc0.5__gateoff__stopon,,task003_symmetric,false,6,12,0.75,persistent,continuous,poisson,poisson,0.5,always,True,1000,0.617051084002172,0.29873924230593774,0.7642083333333334,0.20845833333333336,1.0,0.16066666666666665,0.6207252316133319,0.29312360102753066,0.764,0.20625,1.0,0.15525,14.914,177.158,0.0,960.821,task003_symmetric__silent__q6__rho0.75,0.10681484189505694,0.093625,0.10093422169587975,0.08595833333333333,0.0005578562500195146
task003_symmetric__false__q6__qc12__rho0.75__lc0.5__gateon__stopon,,task003_symmetric,false,6,12,0.75,persistent,continuous,poisson,poisson,0.5,votes,True,1000,0.6196130303089896,0.2959967802091244,0.7655833333333333,0.20641666666666666,1.0,0.161625,0.6213854188030203,0.2923610210244061,0.7644166666666667,0.2055,1.0,0.15570833333333334,14.572,177.158,0.0,960.821,task003_symmetric__silent__q6__rho0.75,0.10407237979824349,0.09158333333333334,0.10017164169275516,0.08520833333333333,0.0005547339202619427
task003_symmetric__false__q6__qc12__rho0.75__lc1__gateoff__stopon,,task003_symmetric,false,6,12,0.75,persistent,continuous,poisson,poisson,1.0,always,True,1000,0.5889654764815766,0.32201797849900526,0.7357083333333334,0.2325833333333333,1.0,0.15383333333333332,0.5989569951299495,0.3105135119052385,0.7495416666666668,0.21983333333333335,1.0,0.15620833333333334,27.87,330.924,0.531,960.821,task003_symmetric__silent__q6__rho0.75,0.13009357808812444,0.11775,0.11832413257358755,0.09954166666666667,0.0005474484841609416
task003_symmetric__false__q6__qc12__rho0.75__lc1__gateon__stopon,,task003_symmetric,false,6,12,0.75,persistent,continuous,poisson,poisson,1.0,votes,True,1000,0.5916976591108898,0.31950943089300315,0.7395416666666667,0.22841666666666666,1.0,0.15545833333333334,0.6018649724134135,0.3075516078521678,0.7527916666666667,0.21625,1.0,0.15725,27.043,334.955,0.468,960.821,task003_symmetric__silent__q6__rho0.75,0.12758503048212227,0.11358333333333333,0.11536222852051682,0.09595833333333333,0.0005443261544033696
task003_symmetric__false__q6__qc12__rho0.75__lc2__gateoff__stopon,,task003_symmetric,false,6,12,0.75,persistent,continuous,poisson,poisson,2.0,always,True,1000,0.5922982738862943,0.31816510542792487,0.735,0.23641666666666666,1.0,0.151375,0.5937962037471887,0.3159925431775799,0.74,0.229625,1.0,0.1514166666666667,30.0,353.145,1.0,960.821,task003_symmetric__silent__q6__rho0.75,0.126240705017044,0.12158333333333335,0.12380316384592899,0.10933333333333332,0.0005380814948882258
task003_symmetric__false__q6__qc12__rho0.75__lc2__gateon__stopon,,task003_symmetric,false,6,12,0.75,persistent,continuous,poisson,poisson,2.0,votes,True,1000,0.5972053690921059,0.31315202104809,0.740125,0.23129166666666667,1.0,0.152875,0.5982119256609233,0.31157763543790473,0.743375,0.22741666666666666,1.0,0.1529583333333333,29.651,382.111,0.967,960.821,task003_symmetric__silent__q6__rho0.75,0.12122762063720911,0.11645833333333333,0.11938825610625384,0.107125,0.0005422446012316551
task003_symmetric__false__q6__qc12__rho0.75__lc4__gateoff__stopon,,task003_symmetric,false,6,12,0.75,persistent,continuous,poisson,poisson,4.0,always,True,1000,0.5699710432507554,0.3401142579230971,0.7068333333333332,0.2635,1.0,0.14070833333333335,0.575746991799245,0.33379951026364857,0.7114166666666666,0.2577083333333333,1.0,0.14241666666666666,30.0,346.561,1.0,960.821,task003_symmetric__silent__q6__rho0.75,0.14818985751221617,0.1486666666666667,0.14161013093199762,0.1374166666666667,0.0005016543143832202
task003_symmetric__false__q6__qc12__rho0.75__lc4__gateon__stopon,,task003_symmetric,false,6,12,0.75,persistent,continuous,poisson,poisson,4.0,votes,True,1000,0.5855322060836665,0.32507135984264685,0.7289166666666668,0.2412083333333333,1.0,0.14804166666666668,0.5866710692940365,0.32319361937016466,0.7287083333333334,0.2409583333333333,1.0,0.14754166666666668,29.77,421.311,0.981,960.821,task003_symmetric__silent__q6__rho0.75,0.133146959431766,0.126375,0.13100424003851374,0.12066666666666667,0.000507898973898364
task003_symmetric__false__q6__qc12__rho0.75__lc8__gateoff__stopon,,task003_symmetric,false,6,12,0.75,persistent,continuous,poisson,poisson,8.0,always,True,1000,0.5557220336663806,0.3536024978009455,0.6811666666666667,0.2899583333333333,1.0,0.1365833333333333,0.5529030759405545,0.35525829046212165,0.684,0.28683333333333333,1.0,0.13125,30.0,333.366,1.0,960.821,task003_symmetric__silent__q6__rho0.75,0.16167809739006467,0.175125,0.16306891113047073,0.1665416666666667,0.0004777164529085022
task003_symmetric__false__q6__qc12__rho0.75__lc8__gateon__stopon,,task003_symmetric,false,6,12,0.75,persistent,continuous,poisson,poisson,8.0,votes,True,1000,0.5751583886153769,0.33451529706952826,0.708625,0.263375,1.0,0.14633333333333332,0.5732093688875959,0.3351469167439883,0.709375,0.261125,1.0,0.1405,29.849,512.96,0.982,960.821,task003_symmetric__silent__q6__rho0.75,0.1425908966586474,0.14854166666666666,0.1429575374123374,0.1408333333333333,0.0004714717933933584
task003_symmetric__false__q6__qc12__rho1__lc0.5__gateoff__stopon,,task003_symmetric,false,6,12,1.0,persistent,continuous,poisson,poisson,0.5,always,True,1000,0.9999589103444267,9.259259259259259e-06,1.0,0.0,1.0,0.9992916666666666,0.9999594626923306,9.259259259259259e-06,0.9999583333333334,0.0,1.0,0.9993333333333334,14.914,177.169,0.0,960.821,task003_symmetric__silent__q6__rho1,-2.8552683699742526e-05,-8.333333333333333e-05,-2.1608239255298083e-05,0.0,
task003_symmetric__false__q6__qc12__rho1__lc0.5__gateon__stopon,,task003_symmetric,false,6,12,1.0,persistent,continuous,poisson,poisson,0.5,votes,True,1000,0.9999572725987211,9.259259259259259e-06,1.0,0.0,1.0,0.99925,0.9999598574669502,9.259259259259259e-06,0.9999583333333334,0.0,1.0,0.9993333333333333,14.863,177.169,0.0,960.821,task003_symmetric__silent__q6__rho1,-2.8552683699742526e-05,-8.333333333333333e-05,-2.1608239255298083e-05,0.0,
task003_symmetric__false__q6__qc12__rho1__lc1__gateoff__stopon,,task003_symmetric,false,6,12,1.0,persistent,continuous,poisson,poisson,1.0,always,True,1000,0.9999053504110246,5.2409021899153476e-05,0.999875,8.333333333333333e-05,1.0,0.9988333333333334,0.9999253443060183,3.574235523248681e-05,0.9999166666666667,4.1666666666666665e-05,1.0,0.9989583333333334,27.87,330.934,0.531,960.821,task003_symmetric__silent__q6__rho1,1.4597078940151697e-05,0.0,4.87485671792947e-06,4.1666666666666665e-05,
task003_symmetric__false__q6__qc12__rho1__lc1__gateon__stopon,,task003_symmetric,false,6,12,1.0,persistent,continuous,poisson,poisson,1.0,votes,True,1000,0.9999047467892941,5.2409021899153476e-05,0.999875,8.333333333333333e-05,1.0,0.9988333333333332,0.9999247406842879,3.574235523248681e-05,0.9999166666666667,4.1666666666666665e-05,1.0,0.9989583333333333,27.805,331.822,0.523,960.821,task003_symmetric__silent__q6__rho1,1.4597078940151697e-05,0.0,4.87485671792947e-06,4.1666666666666665e-05,
task003_symmetric__false__q6__qc12__rho1__lc2__gateoff__stopon,,task003_symmetric,false,6,12,1.0,persistent,continuous,poisson,poisson,2.0,always,True,1000,0.9999277288682392,1.1904761904761903e-05,0.9999166666666668,0.0,1.0,0.9985416666666668,0.9999428742186216,1.1904761904761903e-05,0.9999583333333333,4.1666666666666665e-05,1.0,0.9988333333333332,30.0,353.181,1.0,960.821,task003_symmetric__silent__q6__rho1,-2.590718105423988e-05,-8.333333333333333e-05,-1.8962736609795437e-05,4.1666666666666665e-05,
task003_symmetric__false__q6__qc12__rho1__lc2__gateon__stopon,,task003_symmetric,false,6,12,1.0,persistent,continuous,poisson,poisson,2.0,votes,True,1000,0.9999327016332725,0.0,0.999875,0.0,1.0,0.998375,0.999942505103313,0.0,0.9999583333333334,0.0,1.0,0.998625,30.0,357.765,1.0,960.821,task003_symmetric__silent__q6__rho1,-3.781194295900178e-05,-8.333333333333333e-05,-3.086749851455734e-05,0.0,
task003_symmetric__false__q6__qc12__rho1__lc4__gateoff__stopon,,task003_symmetric,false,6,12,1.0,persistent,continuous,poisson,poisson,4.0,always,True,1000,0.9998240155828879,8.012558383031285e-05,0.999875,8.333333333333333e-05,1.0,0.997875,0.9998761345056788,4.625618811881188e-05,0.9998333333333334,4.1666666666666665e-05,1.0,0.9982083333333334,30.0,346.633,1.0,960.821,task003_symmetric__silent__q6__rho1,4.231364087131106e-05,0.0,1.538868960425454e-05,4.1666666666666665e-05,
task003_symmetric__false__q6__qc12__rho1__lc4__gateon__stopon,,task003_symmetric,false,6,12,1.0,persistent,continuous,poisson,poisson,4.0,votes,True,1000,0.9998345573167623,5.408391716364618e-05,0.9999583333333333,4.1666666666666665e-05,1.0,0.9979166666666667,0.9998923188999977,2.0214521452145213e-05,0.9999583333333334,0.0,1.0,0.998375,30.0,362.809,1.0,960.821,task003_symmetric__silent__q6__rho1,1.6271974204644402e-05,-4.1666666666666665e-05,-1.0652977062412127e-05,0.0,
task003_symmetric__false__q6__qc12__rho1__lc8__gateoff__stopon,,task003_symmetric,false,6,12,1.0,persistent,continuous,poisson,poisson,8.0,always,True,1000,0.9998505922067895,3.4474412171507607e-05,0.9997083333333334,8.333333333333333e-05,1.0,0.9975,0.9998658720019211,2.6141078838174273e-05,0.9999583333333333,0.0,1.0,0.9977083333333334,30.0,333.521,1.0,960.821,task003_symmetric__silent__q6__rho1,-3.3375307874941774e-06,0.0,-4.726419676383066e-06,0.0,
task003_symmetric__false__q6__qc12__rho1__lc8__gateon__stopon,,task003_symmetric,false,6,12,1.0,persistent,continuous,poisson,poisson,8.0,votes,True,1000,0.9998816912813461,5.341880341880341e-06,0.99975,4.1666666666666665e-05,1.0,0.9979166666666668,0.9998907493000984,5.341880341880341e-06,0.9999583333333333,0.0,1.0,0.9980833333333333,30.0,391.34,1.0,960.821,task003_symmetric__silent__q6__rho1,-3.247006261712145e-05,-4.1666666666666665e-05,-2.5525618172677e-05,0.0,
task003_symmetric__false__q6__qc24__rho0.75__lc0.5__gateoff__stopon,,task003_symmetric,false,6,24,0.75,persistent,continuous,poisson,poisson,0.5,always,True,1000,0.6443418585284566,0.2740603308842729,0.7847083333333333,0.18916666666666665,1.0,0.1569583333333333,0.6464977638881444,0.27021331747085064,0.79175,0.18058333333333332,1.0,0.1535416666666667,14.914,351.271,0.0,960.821,task003_symmetric__silent__q6__rho0.75,0.08213593047339207,0.07433333333333335,0.07802393813919978,0.06029166666666667,
task003_symmetric__false__q6__qc24__rho0.75__lc0.5__gateon__stopon,,task003_symmetric,false,6,24,0.75,persistent,continuous,poisson,poisson,0.5,votes,True,1000,0.6455090065929475,0.27338122951214006,0.78525,0.188875,1.0,0.15720833333333334,0.6487055066810521,0.2688755546711992,0.79375,0.178,1.0,0.1537083333333333,14.664,351.272,0.0,960.821,task003_symmetric__silent__q6__rho0.75,0.08145682910125927,0.07404166666666667,0.07668617533954833,0.05770833333333333,
task003_symmetric__false__q6__qc24__rho0.75__lc1__gateoff__stopon,,task003_symmetric,false,6,24,0.75,persistent,continuous,poisson,poisson,1.0,always,True,1000,0.6226016956099049,0.2913835995810654,0.7630833333333332,0.20779166666666668,1.0,0.151375,0.6261746554469076,0.28682114064873077,0.768125,0.2025833333333333,1.0,0.15220833333333333,27.87,655.987,0.531,960.821,task003_symmetric__silent__q6__rho0.75,0.09945919917018457,0.09295833333333334,0.09463176131707986,0.08229166666666665,
task003_symmetric__false__q6__qc24__rho0.75__lc1__gateon__stopon,,task003_symmetric,false,6,24,0.75,persistent,continuous,poisson,poisson,1.0,votes,True,1000,0.6261928940750741,0.2881452388998378,0.76725,0.203625,1.0,0.1522083333333333,0.6289072704998014,0.28416274883984444,0.7729166666666666,0.1973333333333333,1.0,0.1534583333333333,27.243,661.795,0.491,960.821,task003_symmetric__silent__q6__rho0.75,0.09622083848895698,0.08879166666666666,0.09197336950819353,0.07704166666666666,
task003_symmetric__false__q6__qc24__rho0.75__lc2__gateoff__stopon,,task003_symmetric,false,6,24,0.75,persistent,continuous,poisson,poisson,2.0,always,True,1000,0.6120059016519722,0.30056004016685034,0.7499583333333334,0.221125,1.0,0.151625,0.6124463975080501,0.2994984084179334,0.75075,0.22058333333333333,1.0,0.14658333333333332,30.0,694.541,1.0,960.821,task003_symmetric__silent__q6__rho0.75,0.1086356397559695,0.10629166666666666,0.1073090290862825,0.10029166666666665,
task003_symmetric__false__q6__qc24__rho0.75__lc2__gateon__stopon,,task003_symmetric,false,6,24,0.75,persistent,continuous,poisson,poisson,2.0,votes,True,1000,0.6189352354283851,0.2941682138976063,0.7568333333333332,0.2142083333333333,1.0,0.15525,0.6174802652040998,0.29432872837251195,0.7582916666666666,0.21316666666666667,1.0,0.14679166666666665,29.67,736.324,0.974,960.821,task003_symmetric__silent__q6__rho0.75,0.1022438134867254,0.099375,0.10213934904086105,0.092875,
task003_symmetric__false__q6__qc24__rho0.75__lc4__gateoff__stopon,,task003_symmetric,false,6,24,0.75,persistent,continuous,poisson,poisson,4.0,always,True,1000,0.5873674582964301,0.3252377337310845,0.7212916666666668,0.2514166666666667,1.0,0.14079166666666665,0.588960881139069,0.32062332364414237,0.7275,0.2429166666666667,1.0,0.14104166666666668,30.0,669.382,1.0,960.821,task003_symmetric__silent__q6__rho0.75,0.13331333332020368,0.13658333333333333,0.12843394431249142,0.122625,
task003_symmetric__false__q6__qc24__rho0.75__lc4__gateon__stopon,,task003_symmetric,false,6,24,0.75,persistent,continuous,poisson,poisson,4.0,votes,True,1000,0.6049134546050975,0.307714718859559,0.7405416666666667,0.2315,1.0,0.14804166666666665,0.6027253107568621,0.3069903546191228,0.7462916666666666,0.22466666666666668,1.0,0.14504166666666668,29.746,783.921,0.98,960.821,task003_symmetric__silent__q6__rho0.75,0.11579031844867817,0.11666666666666667,0.11480097528747188,0.104375,
task003_symmetric__false__q6__qc24__rho0.75__lc8__gateoff__stopon,,task003_symmetric,false,6,24,0.75,persistent,continuous,poisson,poisson,8.0,always,True,1000,0.5656159702257162,0.3456945843012634,0.69225,0.27791666666666665,1.0,0.13625,0.5675954581298263,0.34236474481053425,0.6984166666666668,0.27216666666666667,1.0,0.13395833333333332,30.0,618.891,1.0,960.821,task003_symmetric__silent__q6__rho0.75,0.15377018389038252,0.16308333333333333,0.15017536547888338,0.151875,
task003_symmetric__false__q6__qc24__rho0.75__lc8__gateon__stopon,,task003_symmetric,false,6,24,0.75,persistent,continuous,poisson,poisson,8.0,votes,True,1000,0.5804642242783936,0.3308519370567679,0.7142916666666667,0.25504166666666667,1.0,0.1399166666666667,0.5811570312136988,0.32799817669271625,0.713125,0.25725,1.0,0.13941666666666666,29.852,887.282,0.985,960.821,task003_symmetric__silent__q6__rho0.75,0.13892753664588703,0.14020833333333335,0.13580879736106535,0.13695833333333332,
task003_symmetric__false__q6__qc24__rho1__lc0.5__gateoff__stopon,,task003_symmetric,false,6,24,1.0,persistent,continuous,poisson,poisson,0.5,always,True,1000,0.9999406315358655,2.3148148148148147e-05,1.0,0.0,1.0,0.9991666666666668,0.9999422340999681,2.3148148148148147e-05,0.9999583333333334,0.0,1.0,0.9992083333333333,14.914,351.292,0.0,960.821,task003_symmetric__silent__q6__rho1,-1.4663794810853638e-05,-8.333333333333333e-05,-7.719350366409195e-06,0.0,
task003_symmetric__false__q6__qc24__rho1__lc0.5__gateon__stopon,,task003_symmetric,false,6,24,1.0,persistent,continuous,poisson,poisson,0.5,votes,True,1000,0.9999449207515518,2.3148148148148147e-05,1.0,0.0,1.0,0.9992083333333333,0.9999465233156544,2.3148148148148147e-05,0.9999583333333334,0.0,1.0,0.99925,14.875,351.293,0.0,960.821,task003_symmetric__silent__q6__rho1,-1.4663794810853638e-05,-8.333333333333333e-05,-7.719350366409195e-06,0.0,
task003_symmetric__false__q6__qc24__rho1__lc1__gateoff__stopon,,task003_symmetric,false,6,24,1.0,persistent,continuous,poisson,poisson,1.0,always,True,1000,0.9999504520005881,1.0964912280701754e-05,0.9999166666666668,0.0,1.0,0.9989583333333334,0.9999524515382672,1.0964912280701754e-05,0.9999583333333334,0.0,1.0,0.9990416666666667,27.87,656.015,0.531,960.821,task003_symmetric__silent__q6__rho1,-2.684703067830003e-05,-8.333333333333333e-05,-1.9902586233855588e-05,0.0,
task003_symmetric__false__q6__qc24__rho1__lc1__gateon__stopon,,task003_symmetric,false,6,24,1.0,persistent,continuous,poisson,poisson,1.0,votes,True,1000,0.9999482534598814,1.0964912280701754e-05,0.9999166666666668,0.0,1.0,0.998875,0.9999512610620765,1.0964912280701754e-05,0.9999583333333334,0.0,1.0,0.999,27.825,657.287,0.526,960.821,task003_symmetric__silent__q6__rho1,-2.684703067830003e-05,-8.333333333333333e-05,-1.9902586233855588e-05,0.0,
task003_symmetric__false__q6__qc24__rho1__lc2__gateoff__stopon,,task003_symmetric,false,6,24,1.0,persistent,continuous,poisson,poisson,2.0,always,True,1000,0.999890389215937,4.818285528031291e-05,0.999875,4.1666666666666665e-05,1.0,0.9986666666666667,0.9999008568349067,4.818285528031291e-05,0.9999583333333334,4.1666666666666665e-05,1.0,0.9989166666666668,30.0,694.616,1.0,960.821,task003_symmetric__silent__q6__rho1,1.0370912321311127e-05,-4.1666666666666665e-05,1.731535676575557e-05,4.1666666666666665e-05,
task003_symmetric__false__q6__qc24__rho1__lc2__gateon__stopon,,task003_symmetric,false,6,24,1.0,persistent,continuous,poisson,poisson,2.0,votes,True,1000,0.9998943612977498,4.818285528031291e-05,0.999875,4.1666666666666665e-05,1.0,0.998625,0.9999081002665817,4.818285528031291e-05,0.9999166666666668,4.1666666666666665e-05,1.0,0.9989166666666667,30.0,700.711,1.0,960.821,task003_symmetric__silent__q6__rho1,1.0370912321311127e-05,-4.1666666666666665e-05,1.731535676575557e-05,4.1666666666666665e-05,
task003_symmetric__false__q6__qc24__rho1__lc4__gateoff__stopon,,task003_symmetric,false,6,24,1.0,persistent,continuous,poisson,poisson,4.0,always,True,1000,0.999849088733222,5.34534238265e-05,0.999875,0.0,1.0,0.998125,0.9998676650534756,4.074155941972034e-05,0.99975,4.1666666666666665e-05,1.0,0.998375,30.0,669.526,1.0,960.821,task003_symmetric__silent__q6__rho1,1.564148086749822e-05,-8.333333333333333e-05,9.874060905163e-06,4.1666666666666665e-05,
task003_symmetric__false__q6__qc24__rho1__lc4__gateon__stopon,,task003_symmetric,false,6,24,1.0,persistent,continuous,poisson,poisson,4.0,votes,True,1000,0.9998880273866927,4.074155941972034e-05,0.9999166666666668,0.0,1.0,0.9981666666666666,0.9998948388122362,4.074155941972034e-05,0.99975,4.1666666666666665e-05,1.0,0.9984166666666666,30.0,690.731,1.0,960.821,task003_symmetric__silent__q6__rho1,2.9296164607185565e-06,-8.333333333333333e-05,9.874060905163e-06,4.1666666666666665e-05,
task003_symmetric__false__q6__qc24__rho1__lc8__gateoff__stopon,,task003_symmetric,false,6,24,1.0,persistent,continuous,poisson,poisson,8.0,always,True,1000,0.9999107460611067,0.0,0.9998333333333332,0.0,1.0,0.998,0.9999189234660264,0.0,0.999875,0.0,1.0,0.998125,30.0,619.236,1.0,960.821,task003_symmetric__silent__q6__rho1,-3.781194295900178e-05,-8.333333333333333e-05,-3.086749851455734e-05,0.0,
task003_symmetric__false__q6__qc24__rho1__lc8__gateon__stopon,,task003_symmetric,false,6,24,1.0,persistent,continuous,poisson,poisson,8.0,votes,True,1000,0.9998919386831863,0.0,0.999875,0.0,1.0,0.9977916666666666,0.9999012784016366,0.0,0.9999166666666667,0.0,1.0,0.9979583333333333,30.0,698.808,1.0,960.821,task003_symmetric__silent__q6__rho1,-3.781194295900178e-05,-8.333333333333333e-05,-3.086749851455734e-05,0.0,
task003_symmetric__false__q6__qc3__rho0.75__lc0.5__gateoff__stopon,,task003_symmetric,false,6,3,0.75,persistent,continuous,poisson,poisson,0.5,always,True,1000,0.6342172496031871,0.28584835147509896,0.7791666666666668,0.19495833333333332,1.0,0.158375,0.6387983678338448,0.278644265496754,0.7879166666666667,0.18562499999999998,1.0,0.1574583333333333,14.914,44.577,0.0,960.821,task003_symmetric__silent__q6__rho0.75,0.09392395106421816,0.080125,0.08645488616510312,0.06533333333333333,
task003_symmetric__false__q6__qc3__rho0.75__lc0.5__gateon__stopon,,task003_symmetric,false,6,3,0.75,persistent,continuous,poisson,poisson,0.5,votes,True,1000,0.6362436883566998,0.2843177130195036,0.7819583333333333,0.19329166666666667,1.0,0.157375,0.6399947605834838,0.2779168961753237,0.7874583333333334,0.1857083333333333,1.0,0.15683333333333332,14.584,44.577,0.0,960.821,task003_symmetric__silent__q6__rho0.75,0.09239331260862275,0.07845833333333334,0.08572751684367276,0.06541666666666665,
task003_symmetric__false__q6__qc3__rho0.75__lc1__gateoff__stopon,,task003_symmetric,false,6,3,0.75,persistent,continuous,poisson,poisson,1.0,always,True,1000,0.614560965321085,0.30038062558414946,0.762875,0.21079166666666665,1.0,0.15666666666666668,0.6177009714070061,0.2954342770148817,0.7669166666666666,0.2030833333333333,1.0,0.15375,27.87,83.287,0.531,960.821,task003_symmetric__silent__q6__rho0.75,0.10845622517326864,0.09595833333333333,0.1032448976832308,0.08279166666666665,
task003_symmetric__false__q6__qc3__rho0.75__lc1__gateon__stopon,,task003_symmetric,false,6,3,0.75,persistent,continuous,poisson,poisson,1.0,votes,True,1000,0.6159436930709067,0.3000289673651375,0.7629583333333334,0.209375,1.0,0.1577083333333333,0.6187462453189945,0.2959811155558595,0.7703333333333334,0.20079166666666665,1.0,0.15445833333333334,27.342,84.247,0.484,960.821,task003_symmetric__silent__q6__rho0.75,0.10810456695425666,0.09454166666666668,0.1037917362242086,0.0805,
task003_symmetric__false__q6__qc3__rho0.75__lc2__gateoff__stopon,,task003_symmetric,false,6,3,0.75,persistent,continuous,poisson,poisson,2.0,always,True,1000,0.6156251001191471,0.2985989051462106,0.7601666666666668,0.2119166666666667,1.0,0.152625,0.6137488307843342,0.29972825387058716,0.761125,0.2131666666666667,1.0,0.15129166666666669,30.0,89.381,1.0,960.821,task003_symmetric__silent__q6__rho0.75,0.10667450473532977,0.09708333333333334,0.10753887453893622,0.092875,
task003_symmetric__false__q6__qc3__rho0.75__lc2__gateon__stopon,,task003_symmetric,false,6,3,0.75,persistent,continuous,poisson,poisson,2.0,votes,True,1000,0.6204572011802529,0.29377960960427923,0.764375,0.20720833333333333,1.0,0.158125,0.6202726308617548,0.2927817693772229,0.771,0.201125,1.0,0.15416666666666667,29.977,94.667,0.996,960.821,task003_symmetric__silent__q6__rho0.75,0.10185520919339837,0.092375,0.1005923900455719,0.08083333333333334,
task003_symmetric__false__q6__qc3__rho0.75__lc4__gateoff__stopon,,task003_symmetric,false,6,3,0.75,persistent,continuous,poisson,poisson,4.0,always,True,1000,0.597501025090744,0.3162073389382138,0.7370833333333333,0.235625,1.0,0.147625,0.5981744651393476,0.3138627044954699,0.7367916666666667,0.234875,1.0,0.14595833333333336,30.0,88.823,1.0,960.821,task003_symmetric__silent__q6__rho0.75,0.12428293852733294,0.12079166666666667,0.12167332516381898,0.11458333333333333,
task003_symmetric__false__q6__qc3__rho0.75__lc4__gateon__stopon,,task003_symmetric,false,6,3,0.75,persistent,continuous,poisson,poisson,4.0,votes,True,1000,0.6089160597941357,0.30484303939263263,0.7497083333333333,0.22283333333333336,1.0,0.15079166666666666,0.6066683067160129,0.3053950892494217,0.752375,0.2195,1.0,0.14929166666666668,30.0,98.97,1.0,960.821,task003_symmetric__silent__q6__rho0.75,0.11291863898175179,0.108,0.11320570991777078,0.09920833333333334,
task003_symmetric__false__q6__qc3__rho0.75__lc8__gateoff__stopon,,task003_symmetric,false,6,3,0.75,persistent,continuous,poisson,poisson,8.0,always,True,1000,0.5810377671767699,0.3323296004979193,0.707375,0.26379166666666665,1.0,0.1385833333333333,0.5790894826948213,0.33181170155853196,0.7098333333333333,0.260375,1.0,0.13229166666666667,30.0,87.729,1.0,960.821,task003_symmetric__silent__q6__rho0.75,0.14040520008703847,0.1489583333333333,0.13962232222688112,0.14008333333333334,
task003_symmetric__false__q6__qc3__rho0.75__lc8__gateon__stopon,,task003_symmetric,false,6,3,0.75,persistent,continuous,poisson,poisson,8.0,votes,True,1000,0.5976430413874885,0.31516355148197217,0.734,0.2381666666666667,1.0,0.143875,0.5952244765531568,0.31671359704816837,0.7325833333333334,0.23866666666666667,1.0,0.138625,30.0,106.767,1.0,960.821,task003_symmetric__silent__q6__rho0.75,0.12323915107109132,0.12333333333333334,0.1245242177165174,0.118375,
task003_symmetric__false__q6__qc3__rho1__lc0.5__gateoff__stopon,,task003_symmetric,false,6,3,1.0,persistent,continuous,poisson,poisson,0.5,always,True,1000,0.9999396254275567,2.3148148148148147e-05,0.9999166666666668,0.0,1.0,0.999125,0.9999443105849779,2.3148148148148147e-05,1.0,0.0,1.0,0.9992083333333334,14.914,44.581,0.0,960.821,task003_symmetric__silent__q6__rho1,-1.4663794810853638e-05,-8.333333333333333e-05,-7.719350366409195e-06,0.0,
task003_symmetric__false__q6__qc3__rho1__lc0.5__gateon__stopon,,task003_symmetric,false,6,3,1.0,persistent,continuous,poisson,poisson,0.5,votes,True,1000,0.9999238182035571,3.8773148148148144e-05,0.9999583333333334,0.0,1.0,0.9990833333333332,0.9999282349766521,3.8773148148148144e-05,1.0,0.0,1.0,0.9991666666666668,14.837,44.581,0.0,960.821,task003_symmetric__silent__q6__rho1,9.612051891463615e-07,-8.333333333333333e-05,7.905649633590806e-06,0.0,
task003_symmetric__false__q6__qc3__rho1__lc1__gateoff__stopon,,task003_symmetric,false,6,3,1.0,persistent,continuous,poisson,poisson,1.0,always,True,1000,0.9999243254848648,3.777834008097166e-05,0.9999583333333333,4.1666666666666665e-05,1.0,0.9989166666666667,0.9999544226266958,1.277834008097166e-05,0.9999166666666668,4.1666666666666665e-05,1.0,0.999125,27.87,83.291,0.531,960.821,task003_symmetric__silent__q6__rho1,-3.360287803012493e-08,-4.1666666666666665e-05,-1.8089158433585677e-05,4.1666666666666665e-05,
task003_symmetric__false__q6__qc3__rho1__lc1__gateon__stopon,,task003_symmetric,false,6,3,1.0,persistent,continuous,poisson,poisson,1.0,votes,True,1000,0.9999038930430577,6.208389563652722e-05,0.9999166666666667,4.1666666666666665e-05,1.0,0.998875,0.9999571205267691,1.277834008097166e-05,0.999875,4.1666666666666665e-05,1.0,0.999125,27.789,83.561,0.522,960.821,task003_symmetric__silent__q6__rho1,2.427195267752543e-05,-4.1666666666666665e-05,-1.8089158433585677e-05,4.1666666666666665e-05,
task003_symmetric__false__q6__qc3__rho1__lc2__gateoff__stopon,,task003_symmetric,false,6,3,1.0,persistent,continuous,poisson,poisson,2.0,always,True,1000,0.9998857608021221,4.457189983505773e-05,0.9999166666666668,8.333333333333333e-05,1.0,0.99825,0.9999057397563275,2.9103882501368754e-05,0.9999583333333334,0.0,1.0,0.9984166666666666,30.0,89.385,1.0,960.821,task003_symmetric__silent__q6__rho1,6.759956876055948e-06,0.0,-1.7636160131885882e-06,0.0,
task003_symmetric__false__q6__qc3__rho1__lc2__gateon__stopon,,task003_symmetric,false,6,3,1.0,persistent,continuous,poisson,poisson,2.0,votes,True,1000,0.9999165554682437,1.4277389277389278e-05,0.9999583333333334,4.1666666666666665e-05,1.0,0.9983333333333333,0.999933977674174,0.0,0.9999166666666668,0.0,1.0,0.9984583333333333,30.0,90.783,1.0,960.821,task003_symmetric__silent__q6__rho1,-2.353455368161251e-05,-4.1666666666666665e-05,-3.086749851455734e-05,0.0,
task003_symmetric__false__q6__qc3__rho1__lc4__gateoff__stopon,,task003_symmetric,false,6,3,1.0,persistent,continuous,poisson,poisson,4.0,always,True,1000,0.9999027600869971,1.1363636363636363e-05,0.9999166666666668,0.0,1.0,0.99775,0.9999266743835411,0.0,0.9999166666666668,0.0,1.0,0.998125,30.0,88.832,1.0,960.821,task003_symmetric__silent__q6__rho1,-2.644830659536542e-05,-8.333333333333333e-05,-3.086749851455734e-05,0.0,
task003_symmetric__false__q6__qc3__rho1__lc4__gateon__stopon,,task003_symmetric,false,6,3,1.0,persistent,continuous,poisson,poisson,4.0,votes,True,1000,0.9999054565967753,0.0,0.9999166666666668,0.0,1.0,0.9975833333333334,0.9999162056026566,0.0,0.9999583333333334,0.0,1.0,0.9978333333333333,30.0,92.943,1.0,960.821,task003_symmetric__silent__q6__rho1,-3.781194295900178e-05,-8.333333333333333e-05,-3.086749851455734e-05,0.0,
task003_symmetric__false__q6__qc3__rho1__lc8__gateoff__stopon,,task003_symmetric,false,6,3,1.0,persistent,continuous,poisson,poisson,8.0,always,True,1000,0.9998044083052562,8.630125661375661e-05,0.9997916666666667,0.0,1.0,0.9972083333333334,0.9998575462880186,5.4212962962962966e-05,0.999875,8.333333333333333e-05,1.0,0.9977916666666667,30.0,87.758,1.0,960.821,task003_symmetric__silent__q6__rho1,4.848931365475482e-05,-8.333333333333333e-05,2.334546444840563e-05,8.333333333333333e-05,
task003_symmetric__false__q6__qc3__rho1__lc8__gateon__stopon,,task003_symmetric,false,6,3,1.0,persistent,continuous,poisson,poisson,8.0,votes,True,1000,0.9998390889069606,4.435524398210965e-05,0.9998333333333334,4.1666666666666665e-05,1.0,0.99725,0.9998724565364119,4.014648977335544e-05,0.999875,4.1666666666666665e-05,1.0,0.9978333333333332,30.0,99.881,1.0,960.821,task003_symmetric__silent__q6__rho1,6.543301023107871e-06,-4.1666666666666665e-05,9.2789912587981e-06,4.1666666666666665e-05,
task003_symmetric__false__q6__qc6__rho0.75__lc0.5__gateoff__stopon,,task003_symmetric,false,6,6,0.75,persistent,continuous,poisson,poisson,0.5,always,True,1000,0.6192446856790903,0.29741048825639976,0.7676666666666666,0.205875,1.0,0.16079166666666667,0.6255111626672439,0.28926321977627206,0.7770833333333333,0.1945,1.0,0.15929166666666666,14.914,88.978,0.0,960.821,task003_symmetric__silent__q6__rho0.75,0.10548608784551897,0.09104166666666666,0.09707384044462122,0.07420833333333335,
task003_symmetric__false__q6__qc6__rho0.75__lc0.5__gateon__stopon,,task003_symmetric,false,6,6,0.75,persistent,continuous,poisson,poisson,0.5,votes,True,1000,0.6226394704463059,0.2939123543932568,0.7722916666666667,0.2008333333333333,1.0,0.161625,0.626909669365251,0.2879250292172604,0.7799583333333333,0.19170833333333331,1.0,0.15866666666666665,14.56,88.978,0.0,960.821,task003_symmetric__silent__q6__rho0.75,0.10198795398237594,0.086,0.0957356498856095,0.07141666666666667,
task003_symmetric__false__q6__qc6__rho0.75__lc1__gateoff__stopon,,task003_symmetric,false,6,6,0.75,persistent,continuous,poisson,poisson,1.0,always,True,1000,0.5892820235873428,0.3222950890623036,0.7409583333333335,0.2304166666666667,1.0,0.155,0.6022946137778986,0.3079025361007192,0.753875,0.21704166666666666,1.0,0.157125,27.87,166.194,0.531,960.821,task003_symmetric__silent__q6__rho0.75,0.13037068865142273,0.11558333333333333,0.11571315676906832,0.09675,
task003_symmetric__false__q6__qc6__rho0.75__lc1__gateon__stopon,,task003_symmetric,false,6,6,0.75,persistent,continuous,poisson,poisson,1.0,votes,True,1000,0.5933640093649666,0.31800020638997,0.744375,0.2260416666666667,1.0,0.1565416666666667,0.6067731473841127,0.3035660289334004,0.760375,0.2109583333333333,1.0,0.159625,27.162,168.228,0.474,960.821,task003_symmetric__silent__q6__rho0.75,0.12607580597908916,0.11120833333333334,0.1113766496017495,0.09066666666666666,
task003_symmetric__false__q6__qc6__rho0.75__lc2__gateoff__stopon,,task003_symmetric,false,6,6,0.75,persistent,continuous,poisson,poisson,2.0,always,True,1000,0.5948077156275317,0.316070107845342,0.74225,0.22970833333333335,1.0,0.15391666666666665,0.596936222087324,0.31165465357347727,0.7488333333333332,0.222875,1.0,0.14633333333333332,30.0,178.03,1.0,960.821,task003_symmetric__silent__q6__rho0.75,0.1241457074344612,0.114875,0.11946527424182637,0.10258333333333333,
task003_symmetric__false__q6__qc6__rho0.75__lc2__gateon__stopon,,task003_symmetric,false,6,6,0.75,persistent,continuous,poisson,poisson,2.0,votes,True,1000,0.5988771508242116,0.31279184917979325,0.74425,0.2272916666666667,1.0,0.15583333333333335,0.5995529206165834,0.3096721130670305,0.750125,0.22125,1.0,0.14891666666666667,29.814,191.596,0.978,960.821,task003_symmetric__silent__q6__rho0.75,0.1208674487689124,0.11245833333333333,0.11748273373537961,0.10095833333333334,
task003_symmetric__false__q6__qc6__rho0.75__lc4__gateoff__stopon,,task003_symmetric,false,6,6,0.75,persistent,continuous,poisson,poisson,4.0,always,True,1000,0.5805201648954802,0.33020045614381527,0.72175,0.2492916666666667,1.0,0.145875,0.5844362792580634,0.3255675299215502,0.724875,0.24608333333333332,1.0,0.14520833333333333,30.0,176.201,1.0,960.821,task003_symmetric__silent__q6__rho0.75,0.13827605573293442,0.13445833333333332,0.1333781505898993,0.12579166666666666,
task003_symmetric__false__q6__qc6__rho0.75__lc4__gateon__stopon,,task003_symmetric,false,6,6,0.75,persistent,continuous,poisson,poisson,4.0,votes,True,1000,0.5917560190935558,0.31929440650559376,0.7375,0.23470833333333332,1.0,0.151125,0.594701128058332,0.3154596369567494,0.7389583333333333,0.23079166666666664,1.0,0.149375,29.946,205.322,0.993,960.821,task003_symmetric__silent__q6__rho0.75,0.1273700060947129,0.119875,0.12327025762509848,0.1105,
task003_symmetric__false__q6__qc6__rho0.75__lc8__gateoff__stopon,,task003_symmetric,false,6,6,0.75,persistent,continuous,poisson,poisson,8.0,always,True,1000,0.5602674148787219,0.34952246487825905,0.6914583333333333,0.27904166666666663,1.0,0.13575,0.5610859318141156,0.3493746927588618,0.68925,0.28175,1.0,0.13070833333333332,30.0,172.621,1.0,960.821,task003_symmetric__silent__q6__rho0.75,0.15759806446737815,0.16420833333333335,0.15718531342721082,0.16145833333333331,
task003_symmetric__false__q6__qc6__rho0.75__lc8__gateon__stopon,,task003_symmetric,false,6,6,0.75,persistent,continuous,poisson,poisson,8.0,votes,True,1000,0.5793820692329416,0.3302151314347476,0.718875,0.2524166666666667,1.0,0.13895833333333332,0.5791561483068793,0.3317324702183221,0.7151666666666667,0.2558333333333333,1.0,0.13708333333333333,29.998,229.805,0.999,960.821,task003_symmetric__silent__q6__rho0.75,0.13829073102386677,0.1375833333333333,0.1395430908866711,0.13554166666666664,
task003_symmetric__false__q6__qc6__rho1__lc0.5__gateoff__stopon,,task003_symmetric,false,6,6,1.0,persistent,continuous,poisson,poisson,0.5,always,True,1000,0.9999284290521337,3.4760170006071645e-05,0.999875,4.1666666666666665e-05,1.0,0.9990833333333332,0.9999513331487004,1.3888888888888888e-05,1.0,0.0,1.0,0.99925,14.914,88.984,0.0,960.821,task003_symmetric__silent__q6__rho1,-3.0517729529301407e-06,-4.1666666666666665e-05,-1.6978609625668454e-05,0.0,
task003_symmetric__false__q6__qc6__rho1__lc0.5__gateon__stopon,,task003_symmetric,false,6,6,1.0,persistent,continuous,poisson,poisson,0.5,votes,True,1000,0.9999461588941552,2.3148148148148147e-05,0.9999166666666667,0.0,1.0,0.9991666666666668,0.9999574509688638,1.3888888888888888e-05,1.0,0.0,1.0,0.9992916666666666,14.847,88.984,0.0,960.821,task003_symmetric__silent__q6__rho1,-1.4663794810853638e-05,-8.333333333333333e-05,-1.6978609625668454e-05,0.0,
task003_symmetric__false__q6__qc6__rho1__lc1__gateoff__stopon,,task003_symmetric,false,6,6,1.0,persistent,continuous,poisson,poisson,1.0,always,True,1000,0.9998675372752532,8.135470371723568e-05,1.0,0.0,1.0,0.9987083333333334,0.9999123393106705,5.704914816168013e-05,0.999875,8.333333333333333e-05,1.0,0.9990416666666667,27.87,166.201,0.531,960.821,task003_symmetric__silent__q6__rho1,4.35427607582339e-05,-8.333333333333333e-05,2.6181649647122788e-05,8.333333333333333e-05,
task003_symmetric__false__q6__qc6__rho1__lc1__gateon__stopon,,task003_symmetric,false,6,6,1.0,persistent,continuous,poisson,poisson,1.0,votes,True,1000,0.9998923723494766,5.704914816168013e-05,1.0,0.0,1.0,0.9987916666666667,0.9999128688293383,5.704914816168013e-05,0.9998333333333334,8.333333333333333e-05,1.0,0.9990833333333333,27.797,166.711,0.52,960.821,task003_symmetric__silent__q6__rho1,1.9237205202678348e-05,-8.333333333333333e-05,2.6181649647122788e-05,8.333333333333333e-05,
task003_symmetric__false__q6__qc6__rho1__lc2__gateoff__stopon,,task003_symmetric,false,6,6,1.0,persistent,continuous,poisson,poisson,2.0,always,True,1000,0.9999139978475371,6.410256410256411e-06,0.999875,0.0,1.0,0.99825,0.9999188540820337,6.410256410256411e-06,0.9999166666666668,0.0,1.0,0.9983333333333334,30.0,178.041,1.0,960.821,task003_symmetric__silent__q6__rho1,-3.140168654874537e-05,-8.333333333333333e-05,-2.445724210430093e-05,0.0,
task003_symmetric__false__q6__qc6__rho1__lc2__gateon__stopon,,task003_symmetric,false,6,6,1.0,persistent,continuous,poisson,poisson,2.0,votes,True,1000,0.9999101461627197,2.7806652806652808e-05,0.999875,0.0,1.0,0.9985,0.9999135656156073,2.7806652806652808e-05,0.999875,4.1666666666666665e-05,1.0,0.9985416666666668,30.0,180.718,1.0,960.821,task003_symmetric__silent__q6__rho1,-1.0005290152348977e-05,-8.333333333333333e-05,-3.0608457079045324e-06,4.1666666666666665e-05,
task003_symmetric__false__q6__qc6__rho1__lc4__gateoff__stopon,,task003_symmetric,false,6,6,1.0,persistent,continuous,poisson,poisson,4.0,always,True,1000,0.9999224098051746,0.0,0.999875,0.0,1.0,0.9982083333333333,0.9999295951749598,0.0,0.9999166666666668,0.0,1.0,0.998375,30.0,176.227,1.0,960.821,task003_symmetric__silent__q6__rho1,-3.781194295900178e-05,-8.333333333333333e-05,-3.086749851455734e-05,0.0,
task003_symmetric__false__q6__qc6__rho1__lc4__gateon__stopon,,task003_symmetric,false,6,6,1.0,persistent,continuous,poisson,poisson,4.0,votes,True,1000,0.9999138291858738,8.18452380952381e-06,0.9998333333333334,4.1666666666666665e-05,1.0,0.998125,0.9999315975968812,0.0,0.9998333333333334,0.0,1.0,0.9983333333333334,30.0,184.528,1.0,960.821,task003_symmetric__silent__q6__rho1,-2.9627419149477973e-05,-4.1666666666666665e-05,-3.086749851455734e-05,0.0,
task003_symmetric__false__q6__qc6__rho1__lc8__gateoff__stopon,,task003_symmetric,false,6,6,1.0,persistent,continuous,poisson,poisson,8.0,always,True,1000,0.9998926492088271,1.8518518518518518e-05,0.999875,4.1666666666666665e-05,1.0,0.9982083333333334,0.9998974688675202,1.8518518518518518e-05,0.999875,0.0,1.0,0.9983333333333334,30.0,172.684,1.0,960.821,task003_symmetric__silent__q6__rho1,-1.9293424440483268e-05,-4.1666666666666665e-05,-1.2348979996038823e-05,0.0,
task003_symmetric__false__q6__qc6__rho1__lc8__gateon__stopon,,task003_symmetric,false,6,6,1.0,persistent,continuous,poisson,poisson,8.0,votes,True,1000,0.9998491006162551,3.1484962406015035e-05,0.9998333333333332,4.1666666666666665e-05,1.0,0.9974583333333333,0.9998872826575581,7.675438596491228e-06,0.9999166666666668,0.0,1.0,0.99775,30.0,201.224,1.0,960.821,task003_symmetric__silent__q6__rho1,-6.32698055298675e-06,-4.1666666666666665e-05,-2.319205991806611e-05,0.0,
task003_symmetric__silent__q12__rho0.75,,task003_symmetric,silent,12,3,0.75,persistent,continuous,poisson,poisson,0.5,votes,True,1000,0.7771777443541957,0.15274934930529502,0.9409583333333333,0.04883333333333333,1.0,0.248875,0.7750724111860274,0.15421317525319647,0.9410416666666668,0.04804166666666666,1.0,0.24733333333333335,0.0,0.0,0.0,960.821,,,,,,
task003_symmetric__silent__q12__rho1,,task003_symmetric,silent,12,3,1.0,persistent,continuous,poisson,poisson,0.5,votes,True,1000,0.9998878909103643,6.983082715868416e-05,0.9999583333333334,4.1666666666666665e-05,1.0,0.9985416666666668,0.9998878909103643,6.983082715868416e-05,0.999875,8.333333333333333e-05,1.0,0.9985416666666668,0.0,0.0,0.0,960.821,,,,,,
task003_symmetric__silent__q3__rho0.75,,task003_symmetric,silent,3,3,0.75,persistent,continuous,poisson,poisson,0.5,votes,True,1000,0.6040429930306223,0.25202841839984635,0.69675,0.2139583333333333,1.0,0.018916666666666665,0.6032043198682953,0.252842404101003,0.6962083333333333,0.2155416666666667,1.0,0.018375,0.0,0.0,0.0,960.821,,,,,,
task003_symmetric__silent__q3__rho1,,task003_symmetric,silent,3,3,1.0,persistent,continuous,poisson,poisson,0.5,votes,True,1000,0.9996886363486822,0.00020080568167406764,0.999625,0.00020833333333333332,1.0,0.9960833333333333,0.9999045247547796,4.264734211513946e-05,0.9998333333333334,8.333333333333333e-05,1.0,0.99825,0.0,0.0,0.0,960.821,,,,,,
task003_symmetric__silent__q6__rho0.75,,task003_symmetric,silent,6,3,0.75,persistent,continuous,poisson,poisson,0.5,votes,True,1000,0.7160210699771906,0.19192440041088082,0.85125,0.11483333333333333,1.0,0.12045833333333335,0.7139634369817106,0.19218937933165092,0.8435,0.12029166666666667,1.0,0.11970833333333335,0.0,0.0,0.0,960.821,,,,,,0.0005849164412518044
task003_symmetric__silent__q6__rho1,,task003_symmetric,silent,6,3,1.0,persistent,continuous,poisson,poisson,0.5,votes,True,1000,0.9999251509982484,3.781194295900178e-05,0.9999166666666668,8.333333333333333e-05,1.0,0.9990833333333333,0.9999502900851969,3.086749851455734e-05,0.9999583333333333,0.0,1.0,0.9994166666666666,0.0,0.0,0.0,960.821,,,,,,
task003_symmetric__truth__q12__qc12__rho0.75__lc0.5__gateoff__stopoff,,task003_symmetric,truth,12,12,0.75,persistent,continuous,poisson,poisson,0.5,always,False,1000,0.8586908907417162,0.08724345510826753,0.9909166666666668,0.006333333333333332,1.0,0.3980416666666667,0.8531676716608406,0.0880535241722053,0.9904166666666667,0.006541666666666666,1.0,0.3903333333333333,14.914,177.16,0.0,960.821,task003_symmetric__silent__q12__rho0.75,0.08151314638752036,0.04995833333333333,0.07809526047481302,0.049375,
task003_symmetric__truth__q12__qc12__rho0.75__lc0.5__gateoff__stopon,,task003_symmetric,truth,12,12,0.75,persistent,continuous,poisson,poisson,0.5,always,True,1000,0.8601906045625305,0.08676208806179495,0.990375,0.006083333333333333,1.0,0.4037083333333334,0.8525534005823531,0.08922662015709801,0.9899166666666668,0.007374999999999999,1.0,0.39241666666666664,8.252,177.16,0.0,960.821,task003_symmetric__silent__q12__rho0.75,0.08301286020833472,0.049416666666666664,0.07748098939632558,0.048875,
task003_symmetric__truth__q12__qc12__rho0.75__lc0.5__gateon__stopoff,,task003_symmetric,truth,12,12,0.75,persistent,continuous,poisson,poisson,0.5,votes,False,1000,0.8102235362325189,0.12387127629362615,0.9728333333333333,0.020041666666666666,1.0,0.2989583333333334,0.8080134385637223,0.12441687702976365,0.9728333333333332,0.019375,1.0,0.2942083333333333,0.76,177.16,0.0,960.821,task003_symmetric__silent__q12__rho0.75,0.033045791878323114,0.031875,0.03294102737769484,0.03179166666666667,
task003_symmetric__truth__q12__qc12__rho0.75__lc0.5__gateon__stopon,,task003_symmetric,truth,12,12,0.75,persistent,continuous,poisson,poisson,0.5,votes,True,1000,0.8096293766568199,0.12439479911622087,0.972625,0.020125,1.0,0.298,0.8077453897337953,0.12478347061393638,0.9727083333333334,0.019458333333333334,1.0,0.2935833333333333,0.734,177.16,0.0,960.821,task003_symmetric__silent__q12__rho0.75,0.032451632302624094,0.03166666666666667,0.03267297854776783,0.03166666666666667,
task003_symmetric__truth__q12__qc12__rho0.75__lc1__gateoff__stopoff,,task003_symmetric,truth,12,12,0.75,persistent,continuous,poisson,poisson,1.0,always,False,1000,0.8704844133166924,0.07682102047104575,0.9917916666666667,0.005666666666666666,1.0,0.41183333333333333,0.8616331981603504,0.08116701386774937,0.9906666666666667,0.005833333333333333,1.0,0.39858333333333335,27.87,330.922,0.531,960.821,task003_symmetric__silent__q12__rho0.75,0.0933066689624966,0.05083333333333333,0.08656078697432287,0.049625,
task003_symmetric__truth__q12__qc12__rho0.75__lc1__gateoff__stopon,,task003_symmetric,truth,12,12,0.75,persistent,continuous,poisson,poisson,1.0,always,True,1000,0.874068429515102,0.07431903032112476,0.993,0.004541666666666666,1.0,0.4157916666666666,0.8656197654901385,0.07828431669637308,0.9912916666666668,0.004833333333333333,1.0,0.400875,17.004,355.81,0.03,960.821,task003_symmetric__silent__q12__rho0.75,0.09689068516090617,0.05204166666666666,0.09054735430411104,0.05025,
task003_symmetric__truth__q12__qc12__rho0.75__lc1__gateon__stopoff,,task003_symmetric,truth,12,12,0.75,persistent,continuous,poisson,poisson,1.0,votes,False,1000,0.8186506092638326,0.11672929646865136,0.9777083333333335,0.016541666666666663,1.0,0.316,0.8167174025687831,0.11694132024485838,0.9792500000000001,0.014125,1.0,0.31675,1.246,356.626,0.0,960.821,task003_symmetric__silent__q12__rho0.75,0.0414728649096368,0.03675,0.041644991382755486,0.03820833333333334,
task003_symmetric__truth__q12__qc12__rho0.75__lc1__gateon__stopon,,task003_symmetric,truth,12,12,0.75,persistent,continuous,poisson,poisson,1.0,votes,True,1000,0.8181866157696863,0.1173493163085939,0.9777083333333334,0.016791666666666663,1.0,0.3148333333333333,0.8157928401419624,0.11768745298055436,0.9789166666666668,0.014375,1.0,0.3135,1.188,356.626,0.0,960.821,task003_symmetric__silent__q12__rho0.75,0.04100887141549048,0.03675,0.04072042895593487,0.037875,
task003_symmetric__truth__q12__qc12__rho0.75__lc2__gateoff__stopoff,,task003_symmetric,truth,12,12,0.75,persistent,continuous,poisson,poisson,2.0,always,False,1000,0.8695575264568143,0.0756542439047826,0.9917916666666667,0.004916666666666666,1.0,0.40120833333333333,0.8636747971651275,0.07894720370226352,0.9910833333333333,0.005166666666666666,1.0,0.39508333333333334,30.0,353.157,1.0,960.821,task003_symmetric__silent__q12__rho0.75,0.09237978210261835,0.050833333333333335,0.08860238597910006,0.05004166666666667,
task003_symmetric__truth__q12__qc12__rho0.75__lc2__gateoff__stopon,,task003_symmetric,truth,12,12,0.75,persistent,continuous,poisson,poisson,2.0,always,True,1000,0.8820743795793708,0.06643379693180558,0.9926666666666667,0.004833333333333333,1.0,0.4192916666666667,0.8726205106390826,0.07177139668990189,0.9910833333333333,0.005625,1.0,0.4045416666666667,27.947,567.873,0.722,960.821,task003_symmetric__silent__q12__rho0.75,0.10489663522517506,0.05170833333333333,0.09754809945305519,0.05004166666666666,
task003_symmetric__truth__q12__qc12__rho0.75__lc2__gateon__stopoff,,task003_symmetric,truth,12,12,0.75,persistent,continuous,poisson,poisson,2.0,votes,False,1000,0.8261682070896075,0.10937546928993538,0.9830833333333334,0.012166666666666666,1.0,0.3402916666666666,0.8233686603120626,0.1111923521222597,0.9818333333333333,0.012125,1.0,0.3310416666666666,2.008,712.653,0.0,960.821,task003_symmetric__silent__q12__rho0.75,0.04899046273541154,0.042125,0.04829624912603512,0.04079166666666667,
task003_symmetric__truth__q12__qc12__rho0.75__lc2__gateon__stopon,,task003_symmetric,truth,12,12,0.75,persistent,continuous,poisson,poisson,2.0,votes,True,1000,0.825883965917722,0.11001112125764188,0.983,0.012041666666666666,1.0,0.33691666666666664,0.8235333697682514,0.11139035987575768,0.9815416666666668,0.012291666666666664,1.0,0.33079166666666665,1.904,712.653,0.0,960.821,task003_symmetric__silent__q12__rho0.75,0.04870622156352621,0.042041666666666665,0.04846095858222389,0.0405,
task003_symmetric__truth__q12__qc12__rho0.75__lc4__gateoff__stopoff,,task003_symmetric,truth,12,12,0.75,persistent,continuous,poisson,poisson,4.0,always,False,1000,0.8687608401112348,0.0747983975708896,0.991125,0.005083333333333333,1.0,0.3994583333333333,0.8617646841646085,0.07889015932411415,0.9908333333333333,0.005458333333333333,1.0,0.3882916666666667,30.0,346.546,1.0,960.821,task003_symmetric__silent__q12__rho0.75,0.09158309575703902,0.05016666666666666,0.08669227297858106,0.04979166666666667,
task003_symmetric__truth__q12__qc12__rho0.75__lc4__gateoff__stopon,,task003_symmetric,truth,12,12,0.75,persistent,continuous,poisson,poisson,4.0,always,True,1000,0.8790377277165027,0.06634538183935629,0.9922916666666667,0.004583333333333333,1.0,0.4095416666666667,0.8712642043811705,0.07126896794506332,0.9915000000000002,0.005208333333333333,1.0,0.3970416666666666,30.0,543.694,1.0,960.821,task003_symmetric__silent__q12__rho0.75,0.1018599833623069,0.05133333333333333,0.09619179319514294,0.050458333333333334,
task003_symmetric__truth__q12__qc12__rho0.75__lc4__gateon__stopoff,,task003_symmetric,truth,12,12,0.75,persistent,continuous,poisson,poisson,4.0,votes,False,1000,0.8316155783710153,0.10525007013382938,0.9849166666666668,0.010541666666666666,1.0,0.34808333333333336,0.8289390798083133,0.1056837854838457,0.9857916666666667,0.009375,1.0,0.346375,3.112,1426.306,0.0,960.821,task003_symmetric__silent__q12__rho0.75,0.05443783401681942,0.04395833333333333,0.05386666862228577,0.04475,
task003_symmetric__truth__q12__qc12__rho0.75__lc4__gateon__stopon,,task003_symmetric,truth,12,12,0.75,persistent,continuous,poisson,poisson,4.0,votes,True,1000,0.8309850834240651,0.1057763198961421,0.984875,0.010666666666666666,1.0,0.349375,0.8275594542007639,0.10641282138168438,0.985875,0.0095,1.0,0.3436666666666667,2.984,1426.306,0.0,960.821,task003_symmetric__silent__q12__rho0.75,0.0538073390698692,0.043916666666666666,0.05248704301473646,0.044833333333333336,
task003_symmetric__truth__q12__qc12__rho0.75__lc8__gateoff__stopoff,,task003_symmetric,truth,12,12,0.75,persistent,continuous,poisson,poisson,8.0,always,False,1000,0.8660984396071703,0.07678124067181473,0.991125,0.005374999999999999,1.0,0.39458333333333334,0.8615276902217979,0.07818067255878396,0.9907916666666667,0.005958333333333333,1.0,0.38641666666666663,30.0,333.336,1.0,960.821,task003_symmetric__silent__q12__rho0.75,0.08892069525297452,0.05016666666666667,0.08645527903577035,0.04975,
task003_symmetric__truth__q12__qc12__rho0.75__lc8__gateoff__stopon,,task003_symmetric,truth,12,12,0.75,persistent,continuous,poisson,poisson,8.0,always,True,1000,0.8731499948825474,0.07028212615370728,0.9921666666666668,0.004375,1.0,0.401125,0.8672518758585838,0.07364187606477261,0.9912916666666668,0.005125,1.0,0.38541666666666663,30.0,503.172,1.0,960.821,task003_symmetric__silent__q12__rho0.75,0.09597225052835162,0.05120833333333333,0.09217946467255628,0.05025,
task003_symmetric__truth__q12__qc12__rho0.75__lc8__gateon__stopoff,,task003_symmetric,truth,12,12,0.75,persistent,continuous,poisson,poisson,8.0,votes,False,1000,0.8383177505646613,0.09892875326718473,0.9870416666666667,0.008833333333333332,1.0,0.3607083333333333,0.8365843142416186,0.09944732673514428,0.9865416666666668,0.009041666666666667,1.0,0.3560833333333333,5.046,2856.789,0.0,960.821,task003_symmetric__silent__q12__rho0.75,0.061140006210465475,0.04608333333333334,0.06151190305559103,0.045500000000000006,
task003_symmetric__truth__q12__qc12__rho0.75__lc8__gateon__stopon,,task003_symmetric,truth,12,12,0.75,persistent,continuous,poisson,poisson,8.0,votes,True,1000,0.8383290347091736,0.09893446139167485,0.9865416666666668,0.009,1.0,0.3625416666666667,0.8349944408725901,0.10072732312412315,0.9867083333333334,0.008875,1.0,0.3557916666666666,4.755,2856.789,0.0,960.821,task003_symmetric__silent__q12__rho0.75,0.061151290354977725,0.04558333333333333,0.059922029686562586,0.04566666666666666,
task003_symmetric__truth__q12__qc12__rho1__lc0.5__gateoff__stopoff,,task003_symmetric,truth,12,12,1.0,persistent,continuous,poisson,poisson,0.5,always,False,1000,0.9999914396157211,5.341880341880341e-06,1.0,0.0,1.0,0.999875,0.999992689615721,5.341880341880341e-06,1.0,0.0,1.0,0.9999166666666668,14.914,177.17,0.0,960.821,task003_symmetric__silent__q12__rho1,0.00010354870535675708,4.166666666666663e-05,0.00010479870535675717,0.0001249999999999999,
task003_symmetric__truth__q12__qc12__rho1__lc0.5__gateoff__stopon,,task003_symmetric,truth,12,12,1.0,persistent,continuous,poisson,poisson,0.5,always,True,1000,0.9999839061631673,9.777291158077462e-06,1.0,0.0,1.0,0.9997083333333334,0.9999851561631674,9.777291158077462e-06,1.0,0.0,1.0,0.99975,11.987,177.17,0.0,960.821,task003_symmetric__silent__q12__rho1,9.601525280303658e-05,4.166666666666663e-05,9.726525280303667e-05,0.0001249999999999999,
task003_symmetric__truth__q12__qc12__rho1__lc0.5__gateon__stopoff,,task003_symmetric,truth,12,12,1.0,persistent,continuous,poisson,poisson,0.5,votes,False,1000,0.9999105807133125,5.217849802178701e-05,0.9999583333333334,4.1666666666666665e-05,1.0,0.9987083333333333,0.9999101686254004,5.217849802178701e-05,0.9999583333333334,4.1666666666666665e-05,1.0,0.9987083333333333,0.593,177.17,0.0,960.821,task003_symmetric__silent__q12__rho1,2.2689802948162918e-05,0.0,2.2277715036075007e-05,8.333333333333326e-05,
task003_symmetric__truth__q12__qc12__rho1__lc0.5__gateon__stopon,,task003_symmetric,truth,12,12,1.0,persistent,continuous,poisson,poisson,0.5,votes,True,1000,0.9999105807133125,5.217849802178701e-05,0.9999583333333334,4.1666666666666665e-05,1.0,0.9987083333333333,0.9999101686254004,5.217849802178701e-05,0.9999583333333334,4.1666666666666665e-05,1.0,0.9987083333333333,0.558,177.17,0.0,960.821,task003_symmetric__silent__q12__rho1,2.2689802948162918e-05,0.0,2.2277715036075007e-05,8.333333333333326e-05,
task003_symmetric__truth__q12__qc12__rho1__lc1__gateoff__stopoff,,task003_symmetric,truth,12,12,1.0,persistent,continuous,poisson,poisson,1.0,always,False,1000,0.9999923792382301,0.0,1.0,0.0,1.0,0.9997916666666667,0.9999923792382301,0.0,1.0,0.0,1.0,0.9997916666666667,27.87,330.932,0.531,960.821,task003_symmetric__silent__q12__rho1,0.00010448832786576223,4.166666666666663e-05,0.00010448832786576223,0.0001249999999999999,
task003_symmetric__truth__q12__qc12__rho1__lc1__gateoff__stopon,,task003_symmetric,truth,12,12,1.0,persistent,continuous,poisson,poisson,1.0,always,True,1000,0.9999955226282043,0.0,1.0,0.0,1.0,0.9998333333333334,0.9999955226282043,0.0,1.0,0.0,1.0,0.9998333333333334,23.25,349.568,0.2,960.821,task003_symmetric__silent__q12__rho1,0.00010763171783998038,4.166666666666663e-05,0.00010763171783998038,0.0001249999999999999,
task003_symmetric__truth__q12__qc12__rho1__lc1__gateon__stopoff,,task003_symmetric,truth,12,12,1.0,persistent,continuous,poisson,poisson,1.0,votes,False,1000,0.999928494019871,4.62846374291042e-05,0.9999583333333334,4.1666666666666665e-05,1.0,0.9992083333333333,0.999928494019871,4.62846374291042e-05,0.9999583333333334,4.1666666666666665e-05,1.0,0.9992083333333333,1.064,356.636,0.0,960.821,task003_symmetric__silent__q12__rho1,4.060310950681034e-05,0.0,4.060310950681034e-05,8.333333333333326e-05,
task003_symmetric__truth__q12__qc12__rho1__lc1__gateon__stopon,,task003_symmetric,truth,12,12,1.0,persistent,continuous,poisson,poisson,1.0,votes,True,1000,0.9998991915752715,6.842602944690424e-05,0.9999166666666668,8.333333333333333e-05,1.0,0.9990416666666667,0.9998991915752715,6.842602944690424e-05,0.999875,8.333333333333333e-05,1.0,0.9990416666666667,1.001,356.636,0.0,960.821,task003_symmetric__silent__q12__rho1,1.1300664907157753e-05,-4.166666666666663e-05,1.1300664907157753e-05,0.0,
task003_symmetric__truth__q12__qc12__rho1__lc2__gateoff__stopoff,,task003_symmetric,truth,12,12,1.0,persistent,continuous,poisson,poisson,2.0,always,False,1000,0.99999090135413,1.0548523206751055e-06,0.9999583333333334,0.0,1.0,0.9998333333333334,0.99999090135413,1.0548523206751055e-06,1.0,0.0,1.0,0.9998333333333334,30.0,353.189,1.0,960.821,task003_symmetric__silent__q12__rho1,0.00010301044376576962,0.0,0.00010301044376576962,0.0001249999999999999,
task003_symmetric__truth__q12__qc12__rho1__lc2__gateoff__stopon,,task003_symmetric,truth,12,12,1.0,persistent,continuous,poisson,poisson,2.0,always,True,1000,0.9999937439167312,1.445086705202312e-06,1.0,0.0,1.0,0.999875,0.9999937439167312,1.445086705202312e-06,1.0,0.0,1.0,0.999875,29.314,465.593,0.908,960.821,task003_symmetric__silent__q12__rho1,0.00010585300636686911,4.166666666666663e-05,0.00010585300636686911,0.0001249999999999999,
task003_symmetric__truth__q12__qc12__rho1__lc2__gateon__stopoff,,task003_symmetric,truth,12,12,1.0,persistent,continuous,poisson,poisson,2.0,votes,False,1000,0.9999370307087339,3.217643715030055e-05,0.9999583333333333,0.0,1.0,0.9991666666666668,0.9999370307087339,3.217643715030055e-05,1.0,0.0,1.0,0.9991666666666668,1.773,712.685,0.0,960.821,task003_symmetric__silent__q12__rho1,4.913979836938209e-05,0.0,4.913979836938209e-05,0.0001249999999999999,
task003_symmetric__truth__q12__qc12__rho1__lc2__gateon__stopon,,task003_symmetric,truth,12,12,1.0,persistent,continuous,poisson,poisson,2.0,votes,True,1000,0.999927964739395,4.233137852383489e-05,0.9999583333333333,0.0,1.0,0.999125,0.999927964739395,4.233137852383489e-05,0.9999583333333334,4.1666666666666665e-05,1.0,0.999125,1.666,712.685,0.0,960.821,task003_symmetric__silent__q12__rho1,4.0073829030737865e-05,0.0,4.0073829030737865e-05,8.333333333333326e-05,
task003_symmetric__truth__q12__qc12__rho1__lc4__gateoff__stopoff,,task003_symmetric,truth,12,12,1.0,persistent,continuous,poisson,poisson,4.0,always,False,1000,0.999947350699403,1.0960105541112284e-05,0.9999583333333333,0.0,1.0,0.9991666666666668,0.9999472738558108,1.0960105541112284e-05,0.999875,0.0,1.0,0.9991666666666668,30.0,346.606,1.0,960.821,task003_symmetric__silent__q12__rho1,5.945978903873972e-05,0.0,5.9382945446514347e-05,0.0,
task003_symmetric__truth__q12__qc12__rho1__lc4__gateoff__stopon,,task003_symmetric,truth,12,12,1.0,persistent,continuous,poisson,poisson,4.0,always,True,1000,0.9999807112175261,6.61147285043112e-06,0.9998333333333332,0.0,1.0,0.9994166666666667,0.9999807112175261,6.61147285043112e-06,1.0,0.0,1.0,0.9994166666666667,29.987,486.622,0.996,960.821,task003_symmetric__silent__q12__rho1,9.282030716174338e-05,-0.0001249999999999999,9.282030716174338e-05,0.0001249999999999999,
task003_symmetric__truth__q12__qc12__rho1__lc4__gateon__stopoff,,task003_symmetric,truth,12,12,1.0,persistent,continuous,poisson,poisson,4.0,votes,False,1000,0.9999743658002829,2.777777777777778e-06,0.9999583333333334,0.0,1.0,0.999375,0.9999743658002829,2.777777777777778e-06,0.9999583333333334,0.0,1.0,0.999375,2.839,1426.369,0.0,960.821,task003_symmetric__silent__q12__rho1,8.647488991845076e-05,0.0,8.647488991845076e-05,8.333333333333326e-05,
task003_symmetric__truth__q12__qc12__rho1__lc4__gateon__stopon,,task003_symmetric,truth,12,12,1.0,persistent,continuous,poisson,poisson,4.0,votes,True,1000,0.9999836569010654,2.777777777777778e-06,1.0,0.0,1.0,0.9995416666666668,0.9999836569010654,2.777777777777778e-06,0.9999583333333334,0.0,1.0,0.9995416666666668,2.674,1426.369,0.0,960.821,task003_symmetric__silent__q12__rho1,9.576599070097325e-05,4.166666666666663e-05,9.576599070097325e-05,8.333333333333326e-05,
task003_symmetric__truth__q12__qc12__rho1__lc8__gateoff__stopoff,,task003_symmetric,truth,12,12,1.0,persistent,continuous,poisson,poisson,8.0,always,False,1000,0.9999630101589244,1.1463538887991554e-05,0.9999583333333334,0.0,1.0,0.9992916666666667,0.9999681498921225,6.323805689747719e-06,0.9999166666666668,0.0,1.0,0.999375,30.0,333.46,1.0,960.821,task003_symmetric__silent__q12__rho1,7.511924855994124e-05,0.0,8.025898175818502e-05,4.166666666666663e-05,
task003_symmetric__truth__q12__qc12__rho1__lc8__gateoff__stopon,,task003_symmetric,truth,12,12,1.0,persistent,continuous,poisson,poisson,8.0,always,True,1000,0.9999276734764504,2.6638120217160918e-05,0.9999166666666668,4.1666666666666665e-05,1.0,0.9985833333333333,0.9999291720856636,2.5139511004045852e-05,0.9999583333333334,4.1666666666666665e-05,1.0,0.9986666666666666,30.0,492.844,1.0,960.821,task003_symmetric__silent__q12__rho1,3.978256608611308e-05,-4.166666666666663e-05,4.1281175299228035e-05,8.333333333333326e-05,
task003_symmetric__truth__q12__qc12__rho1__lc8__gateon__stopoff,,task003_symmetric,truth,12,12,1.0,persistent,continuous,poisson,poisson,8.0,votes,False,1000,0.9999500921774637,1.551940469091632e-05,0.9999166666666668,0.0,1.0,0.9990416666666666,0.9999507203596856,1.551940469091632e-05,0.9999166666666668,4.1666666666666665e-05,1.0,0.9990833333333332,4.671,2856.918,0.0,960.821,task003_symmetric__silent__q12__rho1,6.220126709941321e-05,-4.166666666666663e-05,6.282944932113465e-05,4.166666666666663e-05,
task003_symmetric__truth__q12__qc12__rho1__lc8__gateon__stopon,,task003_symmetric,truth,12,12,1.0,persistent,continuous,poisson,poisson,8.0,votes,True,1000,0.9999423240789727,1.9291843755474945e-05,0.9999166666666668,4.1666666666666665e-05,1.0,0.9987916666666666,0.9999425045092181,2.0076696357582985e-05,0.9999166666666668,4.1666666666666665e-05,1.0,0.9988333333333332,4.347,2856.918,0.0,960.821,task003_symmetric__silent__q12__rho1,5.443316860827507e-05,-4.166666666666663e-05,5.4613598853711974e-05,4.166666666666663e-05,
task003_symmetric__truth__q12__qc24__rho0.75__lc0.5__gateoff__stopoff,,task003_symmetric,truth,12,24,0.75,persistent,continuous,poisson,poisson,0.5,always,False,1000,0.8367287551411887,0.10284682834226978,0.9894583333333333,0.007124999999999999,1.0,0.37925,0.8313371832124176,0.10488003039788996,0.9875416666666668,0.008541666666666666,1.0,0.37175,14.914,351.276,0.0,960.821,task003_symmetric__silent__q12__rho0.75,0.05955101078699272,0.0485,0.05626477202639012,0.0465,
task003_symmetric__truth__q12__qc24__rho0.75__lc0.5__gateoff__stopon,,task003_symmetric,truth,12,24,0.75,persistent,continuous,poisson,poisson,0.5,always,True,1000,0.8285085651965075,0.11071034870282974,0.984,0.011875,1.0,0.3537916666666666,0.8264238337978359,0.11021635348058394,0.9840833333333334,0.011583333333333333,1.0,0.353625,1.941,351.276,0.0,960.821,task003_symmetric__silent__q12__rho0.75,0.051330820842311824,0.043041666666666666,0.051351422611808424,0.04304166666666667,
task003_symmetric__truth__q12__qc24__rho0.75__lc0.5__gateon__stopoff,,task003_symmetric,truth,12,24,0.75,persistent,continuous,poisson,poisson,0.5,votes,False,1000,0.8124765841274846,0.12227634043807653,0.974375,0.019083333333333334,1.0,0.304375,0.8102456527219882,0.12266552028072628,0.975625,0.016958333333333332,1.0,0.30208333333333337,0.787,351.276,0.0,960.821,task003_symmetric__silent__q12__rho0.75,0.03529883977328872,0.03341666666666667,0.03517324153596071,0.03458333333333333,
task003_symmetric__truth__q12__qc24__rho0.75__lc0.5__gateon__stopon,,task003_symmetric,truth,12,24,0.75,persistent,continuous,poisson,poisson,0.5,votes,True,1000,0.8094316703442728,0.12516183749261098,0.973375,0.020125,1.0,0.2972083333333333,0.8076601418845538,0.12494255554894736,0.9737916666666667,0.018166666666666664,1.0,0.296,0.664,351.276,0.0,960.821,task003_symmetric__silent__q12__rho0.75,0.03225392599007703,0.03241666666666667,0.03258773069852628,0.03275,
task003_symmetric__truth__q12__qc24__rho0.75__lc1__gateoff__stopoff,,task003_symmetric,truth,12,24,0.75,persistent,continuous,poisson,poisson,1.0,always,False,1000,0.8384156196504853,0.09995325560037734,0.9883333333333334,0.007791666666666666,1.0,0.37716666666666665,0.8361726301872228,0.1001927609791638,0.9885416666666668,0.007083333333333332,1.0,0.3755416666666667,27.87,655.982,0.531,960.821,task003_symmetric__silent__q12__rho0.75,0.06123787529628946,0.047375,0.061100219001195256,0.047499999999999994,
task003_symmetric__truth__q12__qc24__rho0.75__lc1__gateoff__stopon,,task003_symmetric,truth,12,24,0.75,persistent,continuous,poisson,poisson,1.0,always,True,1000,0.8381914550785682,0.10168730339794244,0.9870416666666667,0.0095,1.0,0.36975,0.8342032560608234,0.10289229665042768,0.9875833333333334,0.008166666666666666,1.0,0.368,3.301,707.39,0.0,960.821,task003_symmetric__silent__q12__rho0.75,0.06101371072437232,0.04608333333333333,0.05913084487479592,0.04654166666666666,
task003_symmetric__truth__q12__qc24__rho0.75__lc1__gateon__stopoff,,task003_symmetric,truth,12,24,0.75,persistent,continuous,poisson,poisson,1.0,votes,False,1000,0.817506836474302,0.11664937076191631,0.9794583333333332,0.015541666666666665,1.0,0.32108333333333333,0.8164299177194873,0.11673953670678999,0.979375,0.014375,1.0,0.321125,1.279,707.39,0.0,960.821,task003_symmetric__silent__q12__rho0.75,0.04032909212010618,0.0385,0.04135750653345964,0.03833333333333334,
task003_symmetric__truth__q12__qc24__rho0.75__lc1__gateon__stopon,,task003_symmetric,truth,12,24,0.75,persistent,continuous,poisson,poisson,1.0,votes,True,1000,0.8154882972860364,0.11886249857870922,0.978375,0.016583333333333332,1.0,0.3172916666666667,0.8134046174127773,0.11938957793026261,0.9781666666666667,0.015416666666666665,1.0,0.3145,1.064,707.39,0.0,960.821,task003_symmetric__silent__q12__rho0.75,0.03831055293184056,0.03741666666666667,0.0383322062267499,0.037125,
task003_symmetric__truth__q12__qc24__rho0.75__lc2__gateoff__stopoff,,task003_symmetric,truth,12,24,0.75,persistent,continuous,poisson,poisson,2.0,always,False,1000,0.8413087348288075,0.09699044808483506,0.9898333333333335,0.007416666666666666,1.0,0.377,0.8398277323348293,0.09758556760541802,0.99,0.00675,1.0,0.3762083333333333,30.0,694.569,1.0,960.821,task003_symmetric__silent__q12__rho0.75,0.06413099047461165,0.048875,0.06475532114880177,0.048958333333333326,
task003_symmetric__truth__q12__qc24__rho0.75__lc2__gateoff__stopon,,task003_symmetric,truth,12,24,0.75,persistent,continuous,poisson,poisson,2.0,always,True,1000,0.8481790492803369,0.09289594487316975,0.9894166666666667,0.007166666666666666,1.0,0.388,0.8436999269569659,0.09403610920461382,0.9892083333333335,0.00675,1.0,0.3765833333333334,5.94,1413.561,0.0,960.821,task003_symmetric__silent__q12__rho0.75,0.07100130492614108,0.048458333333333325,0.06862751577093831,0.04816666666666667,
task003_symmetric__truth__q12__qc24__rho0.75__lc2__gateon__stopoff,,task003_symmetric,truth,12,24,0.75,persistent,continuous,poisson,poisson,2.0,votes,False,1000,0.8254890016590496,0.11017153548301845,0.983125,0.012291666666666664,1.0,0.338,0.8212012156489017,0.11271400504629743,0.9817916666666667,0.012791666666666665,1.0,0.3295416666666667,2.047,1413.564,0.0,960.821,task003_symmetric__silent__q12__rho0.75,0.04831125730485384,0.042166666666666665,0.04612880446287414,0.04075,
task003_symmetric__truth__q12__qc24__rho0.75__lc2__gateon__stopon,,task003_symmetric,truth,12,24,0.75,persistent,continuous,poisson,poisson,2.0,votes,True,1000,0.8233218578861924,0.11247314966476184,0.9813750000000001,0.013499999999999998,1.0,0.33216666666666667,0.8187943917170087,0.11525296085198956,0.9809166666666668,0.013583333333333334,1.0,0.32279166666666664,1.658,1413.564,0.0,960.821,task003_symmetric__silent__q12__rho0.75,0.04614411353199648,0.04041666666666666,0.04372198053098119,0.039875,
task003_symmetric__truth__q12__qc24__rho0.75__lc4__gateoff__stopoff,,task003_symmetric,truth,12,24,0.75,persistent,continuous,poisson,poisson,4.0,always,False,1000,0.8451826456453846,0.0939484744443618,0.9895833333333335,0.0065,1.0,0.3771666666666667,0.8409105188407958,0.09596543154223547,0.9887916666666667,0.006666666666666666,1.0,0.3776666666666667,30.0,669.392,1.0,960.821,task003_symmetric__silent__q12__rho0.75,0.06800490129118882,0.048625,0.06583810765476833,0.04775,
task003_symmetric__truth__q12__qc24__rho0.75__lc4__gateoff__stopon,,task003_symmetric,truth,12,24,0.75,persistent,continuous,poisson,poisson,4.0,always,True,1000,0.8591991983685818,0.08240758923197146,0.9910416666666667,0.005083333333333333,1.0,0.39445833333333336,0.8530420966734495,0.08566460615512139,0.9907083333333334,0.005791666666666666,1.0,0.3811666666666667,12.463,2804.12,0.045,960.821,task003_symmetric__silent__q12__rho0.75,0.08202145401438593,0.05008333333333333,0.07796968548742211,0.049666666666666665,
task003_symmetric__truth__q12__qc24__rho0.75__lc4__gateon__stopoff,,task003_symmetric,truth,12,24,0.75,persistent,continuous,poisson,poisson,4.0,votes,False,1000,0.8294854427279479,0.10699993839158031,0.985625,0.010375,1.0,0.3489583333333333,0.8273288320393506,0.10777236957436895,0.98425,0.010208333333333331,1.0,0.34629166666666666,3.195,2828.912,0.0,960.821,task003_symmetric__silent__q12__rho0.75,0.052307698373751994,0.044666666666666674,0.052256420853323146,0.04320833333333333,
task003_symmetric__truth__q12__qc24__rho0.75__lc4__gateon__stopon,,task003_symmetric,truth,12,24,0.75,persistent,continuous,poisson,poisson,4.0,votes,True,1000,0.8284744626327397,0.10771460368612285,0.9845833333333335,0.011125,1.0,0.34470833333333334,0.8257228296596946,0.10844237458764747,0.9842500000000001,0.01,1.0,0.34120833333333334,2.65,2828.912,0.0,960.821,task003_symmetric__silent__q12__rho0.75,0.05129671827854386,0.043625,0.05065041847366699,0.043208333333333335,
task003_symmetric__truth__q12__qc24__rho0.75__lc8__gateoff__stopoff,,task003_symmetric,truth,12,24,0.75,persistent,continuous,poisson,poisson,8.0,always,False,1000,0.8482563737291601,0.09173416187669202,0.9892083333333335,0.007,1.0,0.3770833333333334,0.8437590965752556,0.09352673869265239,0.9895416666666668,0.007333333333333333,1.0,0.3716666666666667,30.0,618.826,1.0,960.821,task003_symmetric__silent__q12__rho0.75,0.07107862937496418,0.04825,0.06868668538922817,0.0485,
task003_symmetric__truth__q12__qc24__rho0.75__lc8__gateoff__stopon,,task003_symmetric,truth,12,24,0.75,persistent,continuous,poisson,poisson,8.0,always,True,1000,0.8667260970849272,0.07704009589494966,0.9900416666666667,0.005791666666666666,1.0,0.3986666666666666,0.8587561061668268,0.08128930880422837,0.990875,0.005666666666666666,1.0,0.38795833333333335,22.406,4571.362,0.453,960.821,task003_symmetric__silent__q12__rho0.75,0.08954835273073143,0.049083333333333326,0.08368369498079926,0.04983333333333333,
task003_symmetric__truth__q12__qc24__rho0.75__lc8__gateon__stopoff,,task003_symmetric,truth,12,24,0.75,persistent,continuous,poisson,poisson,8.0,votes,False,1000,0.8369267180878465,0.10102659526541824,0.9877916666666667,0.008916666666666666,1.0,0.3594583333333333,0.8327201107252215,0.10320041095880673,0.9865000000000002,0.009,1.0,0.35379166666666667,4.963,5665.749,0.0,960.821,task003_symmetric__silent__q12__rho0.75,0.05974897373365059,0.04683333333333333,0.05764769953919389,0.04545833333333333,
task003_symmetric__truth__q12__qc24__rho0.75__lc8__gateon__stopon,,task003_symmetric,truth,12,24,0.75,persistent,continuous,poisson,poisson,8.0,votes,True,1000,0.835313768782403,0.1020350641994786,0.986875,0.009291666666666667,1.0,0.3589166666666666,0.8319920565716654,0.10390931386541329,0.9857083333333334,0.009125,1.0,0.35208333333333336,4.163,5665.749,0.0,960.821,task003_symmetric__silent__q12__rho0.75,0.058136024428207235,0.04591666666666666,0.056919645385637783,0.044666666666666674,
task003_symmetric__truth__q12__qc24__rho1__lc0.5__gateoff__stopoff,,task003_symmetric,truth,12,24,1.0,persistent,continuous,poisson,poisson,0.5,always,False,1000,0.9999955506674129,2.8409090909090907e-06,1.0,0.0,1.0,0.9998333333333332,0.9999955506674129,2.8409090909090907e-06,1.0,0.0,1.0,0.9998333333333332,14.914,351.295,0.0,960.821,task003_symmetric__silent__q12__rho1,0.00010765975704848773,4.166666666666663e-05,0.00010765975704848773,0.0001249999999999999,
task003_symmetric__truth__q12__qc24__rho1__lc0.5__gateoff__stopon,,task003_symmetric,truth,12,24,1.0,persistent,continuous,poisson,poisson,0.5,always,True,1000,0.9999895498608384,6.151628578652144e-06,1.0,0.0,1.0,0.9997083333333334,0.9999898709912175,6.151628578652144e-06,1.0,0.0,1.0,0.99975,5.502,351.295,0.0,960.821,task003_symmetric__silent__q12__rho1,0.00010165895047421325,4.166666666666663e-05,0.00010198008085314713,0.0001249999999999999,
task003_symmetric__truth__q12__qc24__rho1__lc0.5__gateon__stopoff,,task003_symmetric,truth,12,24,1.0,persistent,continuous,poisson,poisson,0.5,votes,False,1000,0.9999363927290237,3.466375281564199e-05,1.0,0.0,1.0,0.9990416666666666,0.9999359806411117,3.466375281564199e-05,1.0,0.0,1.0,0.9990416666666666,0.625,351.295,0.0,960.821,task003_symmetric__silent__q12__rho1,4.850181865936631e-05,4.166666666666663e-05,4.80897307472784e-05,0.0001249999999999999,
task003_symmetric__truth__q12__qc24__rho1__lc0.5__gateon__stopon,,task003_symmetric,truth,12,24,1.0,persistent,continuous,poisson,poisson,0.5,votes,True,1000,0.9999281436884893,3.77833741581549e-05,1.0,0.0,1.0,0.9989166666666668,0.9999277316005772,3.77833741581549e-05,1.0,0.0,1.0,0.9989166666666668,0.475,351.295,0.0,960.821,task003_symmetric__silent__q12__rho1,4.025277812493422e-05,4.166666666666663e-05,3.984069021284631e-05,0.0001249999999999999,
task003_symmetric__truth__q12__qc24__rho1__lc1__gateoff__stopoff,,task003_symmetric,truth,12,24,1.0,persistent,continuous,poisson,poisson,1.0,always,False,1000,0.9999984172484172,0.0,1.0,0.0,1.0,0.9999166666666667,0.9999984172484172,0.0,1.0,0.0,1.0,0.9999166666666667,27.87,656.012,0.531,960.821,task003_symmetric__silent__q12__rho1,0.0001105263380528938,4.166666666666663e-05,0.0001105263380528938,0.0001249999999999999,
task003_symmetric__truth__q12__qc24__rho1__lc1__gateoff__stopon,,task003_symmetric,truth,12,24,1.0,persistent,continuous,poisson,poisson,1.0,always,True,1000,0.9999932561914366,0.0,1.0,0.0,1.0,0.9997916666666666,0.9999932561914366,0.0,1.0,0.0,1.0,0.9997916666666666,11.145,705.284,0.041,960.821,task003_symmetric__silent__q12__rho1,0.00010536528107234311,4.166666666666663e-05,0.00010536528107234311,0.0001249999999999999,
task003_symmetric__truth__q12__qc24__rho1__lc1__gateon__stopoff,,task003_symmetric,truth,12,24,1.0,persistent,continuous,poisson,poisson,1.0,votes,False,1000,0.9999312424696142,4.373151106677482e-05,0.9999166666666668,8.333333333333333e-05,1.0,0.9991666666666666,0.9999345319432984,4.373151106677482e-05,0.9999166666666668,4.1666666666666665e-05,1.0,0.9992083333333333,1.109,707.419,0.0,960.821,task003_symmetric__silent__q12__rho1,4.335155924977574e-05,-4.166666666666663e-05,4.664103293398625e-05,4.166666666666663e-05,
task003_symmetric__truth__q12__qc24__rho1__lc1__gateon__stopon,,task003_symmetric,truth,12,24,1.0,persistent,continuous,poisson,poisson,1.0,votes,True,1000,0.9998873587396317,7.949474977548578e-05,0.9999166666666668,8.333333333333333e-05,1.0,0.9989166666666668,0.999890648213316,7.949474977548578e-05,0.999875,8.333333333333333e-05,1.0,0.9989583333333333,0.847,707.419,0.0,960.821,task003_symmetric__silent__q12__rho1,-5.32170732536974e-07,-4.166666666666663e-05,2.757302951673535e-06,0.0,
task003_symmetric__truth__q12__qc24__rho1__lc2__gateoff__stopoff,,task003_symmetric,truth,12,24,1.0,persistent,continuous,poisson,poisson,2.0,always,False,1000,0.9999893415233201,2.843137254901961e-06,1.0,0.0,1.0,0.99975,0.9999893415233201,2.843137254901961e-06,1.0,0.0,1.0,0.99975,30.0,694.634,1.0,960.821,task003_symmetric__silent__q12__rho1,0.00010145061295571178,4.166666666666663e-05,0.00010145061295571178,0.0001249999999999999,
task003_symmetric__truth__q12__qc24__rho1__lc2__gateoff__stopon,,task003_symmetric,truth,12,24,1.0,persistent,continuous,poisson,poisson,2.0,always,True,1000,0.9999920374063604,0.0,1.0,0.0,1.0,0.999875,0.9999920374063604,0.0,1.0,0.0,1.0,0.999875,18.133,1258.586,0.374,960.821,task003_symmetric__silent__q12__rho1,0.00010414649599603897,4.166666666666663e-05,0.00010414649599603897,0.0001249999999999999,
task003_symmetric__truth__q12__qc24__rho1__lc2__gateon__stopoff,,task003_symmetric,truth,12,24,1.0,persistent,continuous,poisson,poisson,2.0,votes,False,1000,0.9999059918911587,7.131749742346774e-05,0.9999166666666668,8.333333333333333e-05,1.0,0.9990416666666666,0.9999073007916822,7.131749742346774e-05,1.0,0.0,1.0,0.9990833333333332,1.854,1413.626,0.0,960.821,task003_symmetric__silent__q12__rho1,1.8100980794332865e-05,-4.166666666666663e-05,1.9409881317893007e-05,0.0001249999999999999,
task003_symmetric__truth__q12__qc24__rho1__lc2__gateon__stopon,,task003_symmetric,truth,12,24,1.0,persistent,continuous,poisson,poisson,2.0,votes,True,1000,0.999946002579639,1.7733995057003907e-05,1.0,0.0,1.0,0.9992083333333334,0.999946002579639,1.7733995057003907e-05,1.0,0.0,1.0,0.9992083333333334,1.418,1413.626,0.0,960.821,task003_symmetric__silent__q12__rho1,5.8111669274605645e-05,4.166666666666663e-05,5.8111669274605645e-05,0.0001249999999999999,
task003_symmetric__truth__q12__qc24__rho1__lc4__gateoff__stopoff,,task003_symmetric,truth,12,24,1.0,persistent,continuous,poisson,poisson,4.0,always,False,1000,0.9999715410909619,6.729704404123009e-06,0.9999583333333333,0.0,1.0,0.9992083333333333,0.9999775488428998,9.157509157509159e-07,0.9999583333333334,0.0,1.0,0.99925,30.0,669.515,1.0,960.821,task003_symmetric__silent__q12__rho1,8.365018059748408e-05,0.0,8.96579325354686e-05,8.333333333333326e-05,
task003_symmetric__truth__q12__qc24__rho1__lc4__gateoff__stopon,,task003_symmetric,truth,12,24,1.0,persistent,continuous,poisson,poisson,4.0,always,True,1000,0.9999921271919775,0.0,1.0,0.0,1.0,0.9996666666666667,0.9999921271919775,0.0,0.9999583333333333,0.0,1.0,0.9996666666666667,23.043,2067.515,0.553,960.821,task003_symmetric__silent__q12__rho1,0.00010423628161319732,4.166666666666663e-05,0.00010423628161319732,8.333333333333326e-05,
task003_symmetric__truth__q12__qc24__rho1__lc4__gateon__stopoff,,task003_symmetric,truth,12,24,1.0,persistent,continuous,poisson,poisson,4.0,votes,False,1000,0.9999579268294433,1.759009009009009e-05,1.0,0.0,1.0,0.9992916666666667,0.9999706120146287,6.7567567567567575e-06,0.9999583333333334,0.0,1.0,0.999375,2.903,2829.042,0.0,960.821,task003_symmetric__silent__q12__rho1,7.00359190789861e-05,4.166666666666663e-05,8.272110426417134e-05,8.333333333333326e-05,
task003_symmetric__truth__q12__qc24__rho1__lc4__gateon__stopon,,task003_symmetric,truth,12,24,1.0,persistent,continuous,poisson,poisson,4.0,votes,True,1000,0.999983737933544,0.0,1.0,0.0,1.0,0.9995416666666668,0.999983737933544,0.0,0.9999583333333334,0.0,1.0,0.9995416666666668,2.299,2829.042,0.0,960.821,task003_symmetric__silent__q12__rho1,9.584702317975836e-05,4.166666666666663e-05,9.584702317975836e-05,8.333333333333326e-05,
task003_symmetric__truth__q12__qc24__rho1__lc8__gateoff__stopoff,,task003_symmetric,truth,12,24,1.0,persistent,continuous,poisson,poisson,8.0,always,False,1000,0.9999857818614138,1.6181229773462781e-06,0.9999583333333334,0.0,1.0,0.9995416666666667,0.999986111428269,1.6181229773462781e-06,1.0,0.0,1.0,0.9995416666666667,30.0,619.089,1.0,960.821,task003_symmetric__silent__q12__rho1,9.789095104957235e-05,0.0,9.822051790456288e-05,0.0001249999999999999,
task003_symmetric__truth__q12__qc24__rho1__lc8__gateoff__stopon,,task003_symmetric,truth,12,24,1.0,persistent,continuous,poisson,poisson,8.0,always,True,1000,0.9999480597821151,2.6732270690421064e-05,0.9999583333333334,4.1666666666666665e-05,1.0,0.9992083333333334,0.9999469234184788,2.78686343267847e-05,0.999875,8.333333333333333e-05,1.0,0.9992083333333334,26.924,2830.257,0.812,960.821,task003_symmetric__silent__q12__rho1,6.016887175080743e-05,0.0,5.9032508114443824e-05,0.0,
task003_symmetric__truth__q12__qc24__rho1__lc8__gateon__stopoff,,task003_symmetric,truth,12,24,1.0,persistent,continuous,poisson,poisson,8.0,votes,False,1000,0.9999606825697167,1.2919896640826875e-05,0.9999166666666668,0.0,1.0,0.9991666666666666,0.9999577857776121,1.2919896640826875e-05,0.9999166666666668,4.1666666666666665e-05,1.0,0.9991666666666666,4.605,5666.022,0.0,960.821,task003_symmetric__silent__q12__rho1,7.279165935242504e-05,-4.166666666666663e-05,6.989486724770988e-05,4.166666666666663e-05,
task003_symmetric__truth__q12__qc24__rho1__lc8__gateon__stopon,,task003_symmetric,truth,12,24,1.0,persistent,continuous,poisson,poisson,8.0,votes,True,1000,0.9999514216999714,2.2811782029025364e-05,0.9999166666666668,4.1666666666666665e-05,1.0,0.9992083333333333,0.9999489703059428,2.33661057540808e-05,0.9999166666666668,4.1666666666666665e-05,1.0,0.9992083333333333,3.802,5666.022,0.0,960.821,task003_symmetric__silent__q12__rho1,6.353078960700654e-05,-4.166666666666663e-05,6.107939557842001e-05,4.166666666666663e-05,
task003_symmetric__truth__q12__qc3__rho0.75__lc0.5__gateoff__stopoff,,task003_symmetric,truth,12,3,0.75,persistent,continuous,poisson,poisson,0.5,always,False,1000,0.8555523751204889,0.09258327900409084,0.9891666666666666,0.008291666666666666,1.0,0.378125,0.8479807865744188,0.09540576503948164,0.9888333333333333,0.007791666666666666,1.0,0.3755416666666666,14.914,44.578,0.0,960.821,task003_symmetric__silent__q12__rho0.75,0.07837463076629293,0.048208333333333325,0.07290837538839125,0.04779166666666666,
task003_symmetric__truth__q12__qc3__rho0.75__lc0.5__gateoff__stopon,,task003_symmetric,truth,12,3,0.75,persistent,continuous,poisson,poisson,0.5,always,True,1000,0.8555523751204889,0.09258327900409084,0.9891666666666666,0.008291666666666666,1.0,0.378125,0.8479807865744188,0.09540576503948164,0.9888333333333333,0.007791666666666666,1.0,0.3755416666666666,14.914,44.578,0.0,960.821,task003_symmetric__silent__q12__rho0.75,0.07837463076629293,0.048208333333333325,0.07290837538839125,0.04779166666666666,
task003_symmetric__truth__q12__qc3__rho0.75__lc0.5__gateon__stopoff,,task003_symmetric,truth,12,3,0.75,persistent,continuous,poisson,poisson,0.5,votes,False,1000,0.8250068960519259,0.11398257706758116,0.9809166666666668,0.0145,1.0,0.34475,0.8217507120636663,0.11422055333062017,0.982125,0.013166666666666665,1.0,0.33725,1.825,44.578,0.0,960.821,task003_symmetric__silent__q12__rho0.75,0.04782915169773008,0.03995833333333334,0.04667830087763886,0.04108333333333333,
task003_symmetric__truth__q12__qc3__rho0.75__lc0.5__gateon__stopon,,task003_symmetric,truth,12,3,0.75,persistent,continuous,poisson,poisson,0.5,votes,True,1000,0.8250068960519259,0.11398257706758116,0.9809166666666668,0.0145,1.0,0.34475,0.8217507120636663,0.11422055333062017,0.982125,0.013166666666666665,1.0,0.33725,1.825,44.578,0.0,960.821,task003_symmetric__silent__q12__rho0.75,0.04782915169773008,0.03995833333333334,0.04667830087763886,0.04108333333333333,
task003_symmetric__truth__q12__qc3__rho0.75__lc1__gateoff__stopoff,,task003_symmetric,truth,12,3,0.75,persistent,continuous,poisson,poisson,1.0,always,False,1000,0.8632555874796153,0.0862858338612713,0.9914583333333333,0.005833333333333333,1.0,0.3852083333333333,0.8531199360519578,0.09122518523199842,0.9920416666666667,0.005375,1.0,0.37429166666666663,27.87,83.289,0.531,960.821,task003_symmetric__silent__q12__rho0.75,0.08607784312541951,0.0505,0.07804752486593025,0.05099999999999999,
task003_symmetric__truth__q12__qc3__rho0.75__lc1__gateoff__stopon,,task003_symmetric,truth,12,3,0.75,persistent,continuous,poisson,poisson,1.0,always,True,1000,0.8632555874796153,0.0862858338612713,0.9914583333333333,0.005833333333333333,1.0,0.3852083333333333,0.8531199360519578,0.09122518523199842,0.9920416666666667,0.005375,1.0,0.37429166666666663,27.87,83.289,0.531,960.821,task003_symmetric__silent__q12__rho0.75,0.08607784312541951,0.0505,0.07804752486593025,0.05099999999999999,
task003_symmetric__truth__q12__qc3__rho0.75__lc1__gateon__stopoff,,task003_symmetric,truth,12,3,0.75,persistent,continuous,poisson,poisson,1.0,votes,False,1000,0.8323468031387031,0.10615187710242764,0.9856666666666667,0.010666666666666666,1.0,0.361,0.8285091186393526,0.1074053825169012,0.9850833333333334,0.011041666666666665,1.0,0.3579583333333334,3.069,89.715,0.0,960.821,task003_symmetric__silent__q12__rho0.75,0.05516905878450731,0.04470833333333333,0.05343670745332503,0.04404166666666667,
task003_symmetric__truth__q12__qc3__rho0.75__lc1__gateon__stopon,,task003_symmetric,truth,12,3,0.75,persistent,continuous,poisson,poisson,1.0,votes,True,1000,0.8323468031387031,0.10615187710242764,0.9856666666666667,0.010666666666666666,1.0,0.361,0.8285091186393526,0.1074053825169012,0.9850833333333334,0.011041666666666665,1.0,0.3579583333333334,3.069,89.715,0.0,960.821,task003_symmetric__silent__q12__rho0.75,0.05516905878450731,0.04470833333333333,0.05343670745332503,0.04404166666666667,
task003_symmetric__truth__q12__qc3__rho0.75__lc2__gateoff__stopoff,,task003_symmetric,truth,12,3,0.75,persistent,continuous,poisson,poisson,2.0,always,False,1000,0.8591980238313883,0.08633849483897811,0.9898333333333333,0.007125,1.0,0.382375,0.8520798764941518,0.08974292145745279,0.989375,0.007125,1.0,0.3701666666666667,30.0,89.382,1.0,960.821,task003_symmetric__silent__q12__rho0.75,0.08202027947719251,0.048875,0.07700746530812427,0.048333333333333325,
task003_symmetric__truth__q12__qc3__rho0.75__lc2__gateoff__stopon,,task003_symmetric,truth,12,3,0.75,persistent,continuous,poisson,poisson,2.0,always,True,1000,0.8591980238313883,0.08633849483897811,0.9898333333333333,0.007125,1.0,0.382375,0.8520798764941518,0.08974292145745279,0.989375,0.007125,1.0,0.3701666666666667,30.0,89.382,1.0,960.821,task003_symmetric__silent__q12__rho0.75,0.08202027947719251,0.048875,0.07700746530812427,0.048333333333333325,
task003_symmetric__truth__q12__qc3__rho0.75__lc2__gateon__stopoff,,task003_symmetric,truth,12,3,0.75,persistent,continuous,poisson,poisson,2.0,votes,False,1000,0.8386102967912801,0.10148669642213033,0.987625,0.009041666666666667,1.0,0.3675833333333334,0.8364198381797124,0.1016985517952239,0.9875833333333334,0.007958333333333333,1.0,0.36283333333333334,5.232,179.256,0.0,960.821,task003_symmetric__silent__q12__rho0.75,0.06143255243708428,0.04666666666666666,0.061347426993685006,0.04654166666666666,
task003_symmetric__truth__q12__qc3__rho0.75__lc2__gateon__stopon,,task003_symmetric,truth,12,3,0.75,persistent,continuous,poisson,poisson,2.0,votes,True,1000,0.8386102967912801,0.10148669642213033,0.987625,0.009041666666666667,1.0,0.3675833333333334,0.8364198381797124,0.1016985517952239,0.9875833333333334,0.007958333333333333,1.0,0.36283333333333334,5.232,179.256,0.0,960.821,task003_symmetric__silent__q12__rho0.75,0.06143255243708428,0.04666666666666666,0.061347426993685006,0.04654166666666666,
task003_symmetric__truth__q12__qc3__rho0.75__lc4__gateoff__stopoff,,task003_symmetric,truth,12,3,0.75,persistent,continuous,poisson,poisson,4.0,always,False,1000,0.8581853537664587,0.08596838206548553,0.99075,0.006041666666666666,1.0,0.376,0.852221357985832,0.0885029032818959,0.9896666666666666,0.006708333333333333,1.0,0.375875,30.0,88.825,1.0,960.821,task003_symmetric__silent__q12__rho0.75,0.08100760941226287,0.049791666666666665,0.07714894679980448,0.048625,
task003_symmetric__truth__q12__qc3__rho0.75__lc4__gateoff__stopon,,task003_symmetric,truth,12,3,0.75,persistent,continuous,poisson,poisson,4.0,always,True,1000,0.8581853537664587,0.08596838206548553,0.99075,0.006041666666666666,1.0,0.376,0.852221357985832,0.0885029032818959,0.9896666666666666,0.006708333333333333,1.0,0.375875,30.0,88.825,1.0,960.821,task003_symmetric__silent__q12__rho0.75,0.08100760941226287,0.049791666666666665,0.07714894679980448,0.048625,
task003_symmetric__truth__q12__qc3__rho0.75__lc4__gateon__stopoff,,task003_symmetric,truth,12,3,0.75,persistent,continuous,poisson,poisson,4.0,votes,False,1000,0.845430669644617,0.09544847728015907,0.9895000000000002,0.00675,1.0,0.371125,0.840302549760673,0.09786035272904854,0.98925,0.0069166666666666664,1.0,0.3689166666666666,9.152,358.243,0.007,960.821,task003_symmetric__silent__q12__rho0.75,0.06825292529042115,0.04854166666666667,0.06523013857464546,0.048208333333333325,
task003_symmetric__truth__q12__qc3__rho0.75__lc4__gateon__stopon,,task003_symmetric,truth,12,3,0.75,persistent,continuous,poisson,poisson,4.0,votes,True,1000,0.845430669644617,0.09544847728015907,0.9895000000000002,0.00675,1.0,0.371125,0.840302549760673,0.09786035272904854,0.98925,0.0069166666666666664,1.0,0.3689166666666666,9.152,358.243,0.007,960.821,task003_symmetric__silent__q12__rho0.75,0.06825292529042115,0.04854166666666667,0.06523013857464546,0.048208333333333325,
task003_symmetric__truth__q12__qc3__rho0.75__lc8__gateoff__stopoff,,task003_symmetric,truth,12,3,0.75,persistent,continuous,poisson,poisson,8.0,always,False,1000,0.8572883963115618,0.085204974216233,0.9905833333333334,0.006416666666666666,1.0,0.3789166666666666,0.852149001185118,0.08796698913184693,0.9895833333333334,0.007125,1.0,0.37233333333333335,30.0,87.723,1.0,960.821,task003_symmetric__silent__q12__rho0.75,0.0801106519573661,0.049625,0.07707658999909052,0.048541666666666664,
task003_symmetric__truth__q12__qc3__rho0.75__lc8__gateoff__stopon,,task003_symmetric,truth,12,3,0.75,persistent,continuous,poisson,poisson,8.0,always,True,1000,0.8572883963115618,0.085204974216233,0.9905833333333334,0.006416666666666666,1.0,0.3789166666666666,0.852149001185118,0.08796698913184693,0.9895833333333334,0.007125,1.0,0.37233333333333335,30.0,87.723,1.0,960.821,task003_symmetric__silent__q12__rho0.75,0.0801106519573661,0.049625,0.07707658999909052,0.048541666666666664,
task003_symmetric__truth__q12__qc3__rho0.75__lc8__gateon__stopoff,,task003_symmetric,truth,12,3,0.75,persistent,continuous,poisson,poisson,8.0,votes,False,1000,0.8545381351870486,0.08902127131247889,0.9897916666666667,0.006999999999999999,1.0,0.3750416666666666,0.847130661925944,0.09274472897056377,0.9886666666666667,0.007708333333333333,1.0,0.36683333333333334,16.169,707.084,0.039,960.821,task003_symmetric__silent__q12__rho0.75,0.07736039083285277,0.04883333333333333,0.07205825073991648,0.047625,
task003_symmetric__truth__q12__qc3__rho0.75__lc8__gateon__stopon,,task003_symmetric,truth,12,3,0.75,persistent,continuous,poisson,poisson,8.0,votes,True,1000,0.8545381351870486,0.08902127131247889,0.9897916666666667,0.006999999999999999,1.0,0.3750416666666666,0.847130661925944,0.09274472897056377,0.9886666666666667,0.007708333333333333,1.0,0.36683333333333334,16.169,707.084,0.039,960.821,task003_symmetric__silent__q12__rho0.75,0.07736039083285277,0.04883333333333333,0.07205825073991648,0.047625,
task003_symmetric__truth__q12__qc3__rho1__lc0.5__gateoff__stopoff,,task003_symmetric,truth,12,3,1.0,persistent,continuous,poisson,poisson,0.5,always,False,1000,0.9999947968521276,0.0,1.0,0.0,1.0,0.9997916666666667,0.9999971778045086,0.0,1.0,0.0,1.0,0.9998333333333334,14.914,44.581,0.0,960.821,task003_symmetric__silent__q12__rho1,0.00010690594176331702,4.166666666666663e-05,0.00010928689414426939,0.0001249999999999999,
task003_symmetric__truth__q12__qc3__rho1__lc0.5__gateoff__stopon,,task003_symmetric,truth,12,3,1.0,persistent,continuous,poisson,poisson,0.5,always,True,1000,0.9999947968521276,0.0,1.0,0.0,1.0,0.9997916666666667,0.9999971778045086,0.0,1.0,0.0,1.0,0.9998333333333334,14.914,44.581,0.0,960.821,task003_symmetric__silent__q12__rho1,0.00010690594176331702,4.166666666666663e-05,0.00010928689414426939,0.0001249999999999999,
task003_symmetric__truth__q12__qc3__rho1__lc0.5__gateon__stopoff,,task003_symmetric,truth,12,3,1.0,persistent,continuous,poisson,poisson,0.5,votes,False,1000,0.9999519012492382,1.495621727922613e-05,1.0,0.0,1.0,0.999,0.9999531267394343,1.495621727922613e-05,0.9999583333333334,0.0,1.0,0.9990416666666667,0.864,44.581,0.0,960.821,task003_symmetric__silent__q12__rho1,6.401033887378482e-05,4.166666666666663e-05,6.523582906986336e-05,8.333333333333326e-05,
task003_symmetric__truth__q12__qc3__rho1__lc0.5__gateon__stopon,,task003_symmetric,truth,12,3,1.0,persistent,continuous,poisson,poisson,0.5,votes,True,1000,0.9999519012492382,1.495621727922613e-05,1.0,0.0,1.0,0.999,0.9999531267394343,1.495621727922613e-05,0.9999583333333334,0.0,1.0,0.9990416666666667,0.864,44.581,0.0,960.821,task003_symmetric__silent__q12__rho1,6.401033887378482e-05,4.166666666666663e-05,6.523582906986336e-05,8.333333333333326e-05,
task003_symmetric__truth__q12__qc3__rho1__lc1__gateoff__stopoff,,task003_symmetric,truth,12,3,1.0,persistent,continuous,poisson,poisson,1.0,always,False,1000,0.9999904098692175,2.336448598130841e-06,1.0,0.0,1.0,0.9996666666666667,0.9999904098692175,2.336448598130841e-06,1.0,0.0,1.0,0.9996666666666667,27.87,83.292,0.531,960.821,task003_symmetric__silent__q12__rho1,0.00010251895885313667,4.166666666666663e-05,0.00010251895885313667,0.0001249999999999999,
task003_symmetric__truth__q12__qc3__rho1__lc1__gateoff__stopon,,task003_symmetric,truth,12,3,1.0,persistent,continuous,poisson,poisson,1.0,always,True,1000,0.9999904098692175,2.336448598130841e-06,1.0,0.0,1.0,0.9996666666666667,0.9999904098692175,2.336448598130841e-06,1.0,0.0,1.0,0.9996666666666667,27.87,83.292,0.531,960.821,task003_symmetric__silent__q12__rho1,0.00010251895885313667,4.166666666666663e-05,0.00010251895885313667,0.0001249999999999999,
task003_symmetric__truth__q12__qc3__rho1__lc1__gateon__stopoff,,task003_symmetric,truth,12,3,1.0,persistent,continuous,poisson,poisson,1.0,votes,False,1000,0.999949035667318,2.9440936359942243e-05,0.9999583333333333,0.0,1.0,0.999125,0.999941572029591,3.690457408673786e-05,0.999875,4.1666666666666665e-05,1.0,0.999125,1.587,89.718,0.0,960.821,task003_symmetric__silent__q12__rho1,6.11447569535798e-05,0.0,5.368111922678431e-05,0.0,
task003_symmetric__truth__q12__qc3__rho1__lc1__gateon__stopon,,task003_symmetric,truth,12,3,1.0,persistent,continuous,poisson,poisson,1.0,votes,True,1000,0.999949035667318,2.9440936359942243e-05,0.9999583333333333,0.0,1.0,0.999125,0.999941572029591,3.690457408673786e-05,0.999875,4.1666666666666665e-05,1.0,0.999125,1.587,89.718,0.0,960.821,task003_symmetric__silent__q12__rho1,6.11447569535798e-05,0.0,5.368111922678431e-05,0.0,
task003_symmetric__truth__q12__qc3__rho1__lc2__gateoff__stopoff,,task003_symmetric,truth,12,3,1.0,persistent,continuous,poisson,poisson,2.0,always,False,1000,0.9999752589877905,1.1797212102421e-05,1.0,0.0,1.0,0.9994583333333333,0.9999778454305267,1.1797212102421e-05,1.0,0.0,1.0,0.9995416666666668,30.0,89.386,1.0,960.821,task003_symmetric__silent__q12__rho1,8.736807742609964e-05,4.166666666666663e-05,8.995452016237426e-05,0.0001249999999999999,
task003_symmetric__truth__q12__qc3__rho1__lc2__gateoff__stopon,,task003_symmetric,truth,12,3,1.0,persistent,continuous,poisson,poisson,2.0,always,True,1000,0.9999752589877905,1.1797212102421e-05,1.0,0.0,1.0,0.9994583333333333,0.9999778454305267,1.1797212102421e-05,1.0,0.0,1.0,0.9995416666666668,30.0,89.386,1.0,960.821,task003_symmetric__silent__q12__rho1,8.736807742609964e-05,4.166666666666663e-05,8.995452016237426e-05,0.0001249999999999999,
task003_symmetric__truth__q12__qc3__rho1__lc2__gateon__stopoff,,task003_symmetric,truth,12,3,1.0,persistent,continuous,poisson,poisson,2.0,votes,False,1000,0.9999627187256449,3.787878787878788e-06,0.9999166666666668,0.0,1.0,0.999125,0.9999628458231391,3.787878787878788e-06,0.9999583333333334,4.1666666666666665e-05,1.0,0.9991666666666668,2.927,179.26,0.0,960.821,task003_symmetric__silent__q12__rho1,7.482781528054794e-05,-4.166666666666663e-05,7.49549127747714e-05,8.333333333333326e-05,
task003_symmetric__truth__q12__qc3__rho1__lc2__gateon__stopon,,task003_symmetric,truth,12,3,1.0,persistent,continuous,poisson,poisson,2.0,votes,True,1000,0.9999627187256449,3.787878787878788e-06,0.9999166666666668,0.0,1.0,0.999125,0.9999628458231391,3.787878787878788e-06,0.9999583333333334,4.1666666666666665e-05,1.0,0.9991666666666668,2.927,179.26,0.0,960.821,task003_symmetric__silent__q12__rho1,7.482781528054794e-05,-4.166666666666663e-05,7.49549127747714e-05,8.333333333333326e-05,
task003_symmetric__truth__q12__qc3__rho1__lc4__gateoff__stopoff,,task003_symmetric,truth,12,3,1.0,persistent,continuous,poisson,poisson,4.0,always,False,1000,0.9999597056603813,9.147676679568953e-06,1.0,0.0,1.0,0.9986666666666667,0.9999590888840654,9.147676679568953e-06,0.9999583333333334,4.1666666666666665e-05,1.0,0.9986666666666667,30.0,88.833,1.0,960.821,task003_symmetric__silent__q12__rho1,7.18147500168883e-05,4.166666666666663e-05,7.119797370109881e-05,8.333333333333326e-05,
task003_symmetric__truth__q12__qc3__rho1__lc4__gateoff__stopon,,task003_symmetric,truth,12,3,1.0,persistent,continuous,poisson,poisson,4.0,always,True,1000,0.9999597056603813,9.147676679568953e-06,1.0,0.0,1.0,0.9986666666666667,0.9999590888840654,9.147676679568953e-06,0.9999583333333334,4.1666666666666665e-05,1.0,0.9986666666666667,30.0,88.833,1.0,960.821,task003_symmetric__silent__q12__rho1,7.18147500168883e-05,4.166666666666663e-05,7.119797370109881e-05,8.333333333333326e-05,
task003_symmetric__truth__q12__qc3__rho1__lc4__gateon__stopoff,,task003_symmetric,truth,12,3,1.0,persistent,continuous,poisson,poisson,4.0,votes,False,1000,0.9999523204258354,2.3120440981432365e-05,0.9999166666666667,4.1666666666666665e-05,1.0,0.999125,0.9999523204258354,2.3120440981432365e-05,1.0,0.0,1.0,0.999125,5.257,358.776,0.0,960.821,task003_symmetric__silent__q12__rho1,6.442951547104792e-05,-4.166666666666663e-05,6.442951547104792e-05,0.0001249999999999999,
task003_symmetric__truth__q12__qc3__rho1__lc4__gateon__stopon,,task003_symmetric,truth,12,3,1.0,persistent,continuous,poisson,poisson,4.0,votes,True,1000,0.9999523204258354,2.3120440981432365e-05,0.9999166666666667,4.1666666666666665e-05,1.0,0.999125,0.9999523204258354,2.3120440981432365e-05,1.0,0.0,1.0,0.999125,5.257,358.776,0.0,960.821,task003_symmetric__silent__q12__rho1,6.442951547104792e-05,-4.166666666666663e-05,6.442951547104792e-05,0.0001249999999999999,
task003_symmetric__truth__q12__qc3__rho1__lc8__gateoff__stopoff,,task003_symmetric,truth,12,3,1.0,persistent,continuous,poisson,poisson,8.0,always,False,1000,0.9999479655307728,1.6033674432393034e-05,1.0,0.0,1.0,0.9989583333333333,0.9999479655307728,1.6033674432393034e-05,1.0,0.0,1.0,0.9989583333333333,30.0,87.744,1.0,960.821,task003_symmetric__silent__q12__rho1,6.007462040832978e-05,4.166666666666663e-05,6.007462040832978e-05,0.0001249999999999999,
task003_symmetric__truth__q12__qc3__rho1__lc8__gateoff__stopon,,task003_symmetric,truth,12,3,1.0,persistent,continuous,poisson,poisson,8.0,always,True,1000,0.9999479655307728,1.6033674432393034e-05,1.0,0.0,1.0,0.9989583333333333,0.9999479655307728,1.6033674432393034e-05,1.0,0.0,1.0,0.9989583333333333,30.0,87.744,1.0,960.821,task003_symmetric__silent__q12__rho1,6.007462040832978e-05,4.166666666666663e-05,6.007462040832978e-05,0.0001249999999999999,
task003_symmetric__truth__q12__qc3__rho1__lc8__gateon__stopoff,,task003_symmetric,truth,12,3,1.0,persistent,continuous,poisson,poisson,8.0,votes,False,1000,0.9999720253571246,1.4002023906138849e-05,0.9999583333333334,0.0,1.0,0.9994583333333333,0.9999720253571246,1.4002023906138849e-05,1.0,0.0,1.0,0.9994583333333333,9.466,717.568,0.002,960.821,task003_symmetric__silent__q12__rho1,8.413444676029147e-05,0.0,8.413444676029147e-05,0.0001249999999999999,
task003_symmetric__truth__q12__qc3__rho1__lc8__gateon__stopon,,task003_symmetric,truth,12,3,1.0,persistent,continuous,poisson,poisson,8.0,votes,True,1000,0.9999720253571246,1.4002023906138849e-05,0.9999583333333334,0.0,1.0,0.9994583333333333,0.9999720253571246,1.4002023906138849e-05,1.0,0.0,1.0,0.9994583333333333,9.466,717.568,0.002,960.821,task003_symmetric__silent__q12__rho1,8.413444676029147e-05,0.0,8.413444676029147e-05,0.0001249999999999999,
task003_symmetric__truth__q12__qc6__rho0.75__lc0.5__gateoff__stopoff,,task003_symmetric,truth,12,6,0.75,persistent,continuous,poisson,poisson,0.5,always,False,1000,0.8670315978035116,0.08180723821453428,0.992125,0.005333333333333333,1.0,0.40025,0.859519689449029,0.08419802333952703,0.9920833333333332,0.005333333333333333,1.0,0.39445833333333336,14.914,88.98,0.0,960.821,task003_symmetric__silent__q12__rho0.75,0.08985385344931575,0.05116666666666667,0.0844472782630015,0.051041666666666666,
task003_symmetric__truth__q12__qc6__rho0.75__lc0.5__gateoff__stopon,,task003_symmetric,truth,12,6,0.75,persistent,continuous,poisson,poisson,0.5,always,True,1000,0.8665318603237604,0.08221916430995205,0.992375,0.005,1.0,0.40025,0.8595045088862976,0.08402747977065092,0.9918333333333333,0.00525,1.0,0.3957083333333334,14.153,88.98,0.0,960.821,task003_symmetric__silent__q12__rho0.75,0.08935411596956451,0.05141666666666666,0.08443209770027002,0.050791666666666666,
task003_symmetric__truth__q12__qc6__rho0.75__lc0.5__gateon__stopoff,,task003_symmetric,truth,12,6,0.75,persistent,continuous,poisson,poisson,0.5,votes,False,1000,0.8161178499118006,0.12033885875768517,0.977625,0.016458333333333332,1.0,0.3169166666666666,0.815429475951942,0.11898759967342831,0.9782083333333335,0.015416666666666664,1.0,0.31420833333333337,1.034,88.98,0.0,960.821,task003_symmetric__silent__q12__rho0.75,0.03894010555760472,0.036666666666666674,0.040357064765914615,0.03716666666666667,
task003_symmetric__truth__q12__qc6__rho0.75__lc0.5__gateon__stopon,,task003_symmetric,truth,12,6,0.75,persistent,continuous,poisson,poisson,0.5,votes,True,1000,0.8161195336755637,0.12033918886294565,0.9776666666666668,0.016416666666666663,1.0,0.31675,0.8154273550114614,0.11898881704185682,0.9782083333333335,0.015416666666666664,1.0,0.31425,1.032,88.98,0.0,960.821,task003_symmetric__silent__q12__rho0.75,0.038941789321367735,0.036708333333333336,0.040354943825433906,0.03716666666666667,
task003_symmetric__truth__q12__qc6__rho0.75__lc1__gateoff__stopoff,,task003_symmetric,truth,12,6,0.75,persistent,continuous,poisson,poisson,1.0,always,False,1000,0.8798358969384414,0.07065855174092628,0.9932083333333335,0.0045,1.0,0.41383333333333333,0.8687873767649505,0.07612208586298344,0.99275,0.004416666666666666,1.0,0.4062916666666666,27.87,166.193,0.531,960.821,task003_symmetric__silent__q12__rho0.75,0.10265815258424556,0.05225,0.09371496557892306,0.05170833333333333,
task003_symmetric__truth__q12__qc6__rho0.75__lc1__gateoff__stopon,,task003_symmetric,truth,12,6,0.75,persistent,continuous,poisson,poisson,1.0,always,True,1000,0.8822616554770605,0.06877485310915274,0.992875,0.004791666666666666,1.0,0.416375,0.8705106585440564,0.07506391857568272,0.9922083333333334,0.005166666666666666,1.0,0.3985,27.101,169.079,0.431,960.821,task003_symmetric__silent__q12__rho0.75,0.10508391112286462,0.051916666666666667,0.09543824735802886,0.051166666666666666,
task003_symmetric__truth__q12__qc6__rho0.75__lc1__gateon__stopoff,,task003_symmetric,truth,12,6,0.75,persistent,continuous,poisson,poisson,1.0,votes,False,1000,0.8243229975042878,0.11214738904227364,0.9810833333333334,0.013916666666666666,1.0,0.33375,0.8226058527011025,0.11263603747317145,0.982,0.013208333333333332,1.0,0.33295833333333336,1.68,179.045,0.0,960.821,task003_symmetric__silent__q12__rho0.75,0.047145253150092034,0.040125,0.047533441515075124,0.040958333333333326,
task003_symmetric__truth__q12__qc6__rho0.75__lc1__gateon__stopon,,task003_symmetric,truth,12,6,0.75,persistent,continuous,poisson,poisson,1.0,votes,True,1000,0.824373446798976,0.11211788361211573,0.9810833333333334,0.013916666666666666,1.0,0.333375,0.8227093511163446,0.1125708258100999,0.9819583333333335,0.01325,1.0,0.3330833333333333,1.676,179.045,0.0,960.821,task003_symmetric__silent__q12__rho0.75,0.04719570244478008,0.040125,0.0476369399303171,0.040916666666666664,
task003_symmetric__truth__q12__qc6__rho0.75__lc2__gateoff__stopoff,,task003_symmetric,truth,12,6,0.75,persistent,continuous,poisson,poisson,2.0,always,False,1000,0.8773925982471417,0.07105588341350563,0.9925833333333334,0.004958333333333332,1.0,0.405125,0.870277809713648,0.07481739438301874,0.991875,0.005125,1.0,0.3979166666666667,30.0,178.031,1.0,960.821,task003_symmetric__silent__q12__rho0.75,0.10021485389294588,0.051625,0.0952053985276205,0.05083333333333333,
task003_symmetric__truth__q12__qc6__rho0.75__lc2__gateoff__stopon,,task003_symmetric,truth,12,6,0.75,persistent,continuous,poisson,poisson,2.0,always,True,1000,0.8782366461585448,0.06976649362596092,0.9934583333333333,0.003916666666666666,1.0,0.4059166666666667,0.8712882488217815,0.07319117690200305,0.992875,0.004416666666666666,1.0,0.3945416666666666,30.0,184.379,1.0,960.821,task003_symmetric__silent__q12__rho0.75,0.10105890180434883,0.0525,0.09621583763575396,0.05183333333333333,
task003_symmetric__truth__q12__qc6__rho0.75__lc2__gateon__stopoff,,task003_symmetric,truth,12,6,0.75,persistent,continuous,poisson,poisson,2.0,votes,False,1000,0.8332281341200577,0.10448700826694536,0.9862500000000001,0.009458333333333332,1.0,0.35570833333333335,0.8299162897681688,0.10566112985408406,0.9844583333333333,0.010083333333333331,1.0,0.34979166666666667,2.638,357.779,0.0,960.821,task003_symmetric__silent__q12__rho0.75,0.056050389765861824,0.04529166666666667,0.05484387858214126,0.043416666666666666,
task003_symmetric__truth__q12__qc6__rho0.75__lc2__gateon__stopon,,task003_symmetric,truth,12,6,0.75,persistent,continuous,poisson,poisson,2.0,votes,True,1000,0.833179684067996,0.10449083998947045,0.98625,0.009375,1.0,0.3554583333333333,0.8297698460072913,0.10573051951130132,0.9845,0.01,1.0,0.34958333333333336,2.629,357.779,0.0,960.821,task003_symmetric__silent__q12__rho0.75,0.05600193971380023,0.04529166666666667,0.054697434821263886,0.04345833333333333,
task003_symmetric__truth__q12__qc6__rho0.75__lc4__gateoff__stopoff,,task003_symmetric,truth,12,6,0.75,persistent,continuous,poisson,poisson,4.0,always,False,1000,0.8722104467171787,0.07205323267519835,0.9927916666666667,0.0038749999999999995,1.0,0.3950416666666666,0.8668013937366226,0.0752460957688173,0.9920416666666667,0.00475,1.0,0.3929583333333333,30.0,176.201,1.0,960.821,task003_symmetric__silent__q12__rho0.75,0.09503270236298299,0.05183333333333333,0.09172898255059506,0.051,
task003_symmetric__truth__q12__qc6__rho0.75__lc4__gateoff__stopon,,task003_symmetric,truth,12,6,0.75,persistent,continuous,poisson,poisson,4.0,always,True,1000,0.8737763711057475,0.07138919504902079,0.9933333333333334,0.003833333333333333,1.0,0.4002083333333334,0.8678776165283488,0.07487641170480275,0.992125,0.004875,1.0,0.3913333333333333,30.0,180.665,1.0,960.821,task003_symmetric__silent__q12__rho0.75,0.09659862675155162,0.052375,0.09280520534232135,0.051083333333333335,
task003_symmetric__truth__q12__qc6__rho0.75__lc4__gateon__stopoff,,task003_symmetric,truth,12,6,0.75,persistent,continuous,poisson,poisson,4.0,votes,False,1000,0.8387440115927352,0.10005317772559948,0.9877916666666667,0.009291666666666667,1.0,0.3656666666666667,0.8351028855785437,0.10148183311092107,0.9875,0.008583333333333332,1.0,0.36070833333333335,4.363,716.08,0.0,960.821,task003_symmetric__silent__q12__rho0.75,0.061566267238539425,0.04683333333333333,0.06003047439251625,0.04645833333333333,
task003_symmetric__truth__q12__qc6__rho0.75__lc4__gateon__stopon,,task003_symmetric,truth,12,6,0.75,persistent,continuous,poisson,poisson,4.0,votes,True,1000,0.8386893913130858,0.10002815825710866,0.9878333333333335,0.009291666666666667,1.0,0.365375,0.8351396082421267,0.10152127224585519,0.9875416666666668,0.008541666666666666,1.0,0.3604583333333333,4.344,716.08,0.0,960.821,task003_symmetric__silent__q12__rho0.75,0.06151164695889004,0.046875,0.060067197056099246,0.0465,
task003_symmetric__truth__q12__qc6__rho0.75__lc8__gateoff__stopoff,,task003_symmetric,truth,12,6,0.75,persistent,continuous,poisson,poisson,8.0,always,False,1000,0.8709842244511335,0.07295341784802431,0.9925,0.005083333333333333,1.0,0.3901666666666666,0.8671158380288482,0.07497724298191738,0.9919166666666668,0.0045,1.0,0.3850416666666666,30.0,172.609,1.0,960.821,task003_symmetric__silent__q12__rho0.75,0.09380648009693769,0.05154166666666666,0.09204342684282073,0.050875,
task003_symmetric__truth__q12__qc6__rho0.75__lc8__gateoff__stopon,,task003_symmetric,truth,12,6,0.75,persistent,continuous,poisson,poisson,8.0,always,True,1000,0.871247634030138,0.07315585273618055,0.9919166666666668,0.005375,1.0,0.39125,0.8664691468642788,0.07554819366180643,0.9919583333333334,0.00475,1.0,0.384625,30.0,176.119,1.0,960.821,task003_symmetric__silent__q12__rho0.75,0.09406988967594229,0.05095833333333333,0.09139673567825125,0.05091666666666667,
task003_symmetric__truth__q12__qc6__rho0.75__lc8__gateon__stopoff,,task003_symmetric,truth,12,6,0.75,persistent,continuous,poisson,poisson,8.0,votes,False,1000,0.8462806133317956,0.09272765813748662,0.9886666666666667,0.008041666666666666,1.0,0.3678333333333333,0.8418423146745678,0.09533270163743582,0.988625,0.007541666666666666,1.0,0.366125,7.199,1431.874,0.002,960.821,task003_symmetric__silent__q12__rho0.75,0.06910286897759974,0.04770833333333333,0.06676990348854023,0.04758333333333333,
task003_symmetric__truth__q12__qc6__rho0.75__lc8__gateon__stopon,,task003_symmetric,truth,12,6,0.75,persistent,continuous,poisson,poisson,8.0,votes,True,1000,0.8463965042606596,0.09264051025519267,0.9885833333333334,0.008166666666666666,1.0,0.3680833333333333,0.8418222068547807,0.09529820035400942,0.988875,0.007208333333333332,1.0,0.36666666666666664,7.158,1431.874,0.002,960.821,task003_symmetric__silent__q12__rho0.75,0.06921875990646381,0.047625,0.06674979566875325,0.04783333333333333,
task003_symmetric__truth__q12__qc6__rho1__lc0.5__gateoff__stopoff,,task003_symmetric,truth,12,6,1.0,persistent,continuous,poisson,poisson,0.5,always,False,1000,0.9999909430877187,2.131782945736434e-06,1.0,0.0,1.0,0.999625,0.9999909430877187,2.131782945736434e-06,1.0,0.0,1.0,0.999625,14.914,88.985,0.0,960.821,task003_symmetric__silent__q12__rho1,0.00010305217735429195,4.166666666666663e-05,0.00010305217735429195,0.0001249999999999999,
task003_symmetric__truth__q12__qc6__rho1__lc0.5__gateoff__stopon,,task003_symmetric,truth,12,6,1.0,persistent,continuous,poisson,poisson,0.5,always,True,1000,0.9999909430877187,2.131782945736434e-06,1.0,0.0,1.0,0.999625,0.9999909430877187,2.131782945736434e-06,1.0,0.0,1.0,0.999625,14.718,88.985,0.0,960.821,task003_symmetric__silent__q12__rho1,0.00010305217735429195,4.166666666666663e-05,0.00010305217735429195,0.0001249999999999999,
task003_symmetric__truth__q12__qc6__rho1__lc0.5__gateon__stopoff,,task003_symmetric,truth,12,6,1.0,persistent,continuous,poisson,poisson,0.5,votes,False,1000,0.9999464992634552,1.807583862173904e-05,1.0,0.0,1.0,0.9987916666666667,0.9999460871755432,1.807583862173904e-05,0.9999583333333334,0.0,1.0,0.9987916666666667,0.685,88.985,0.0,960.821,task003_symmetric__silent__q12__rho1,5.860835309089607e-05,4.166666666666663e-05,5.819626517880816e-05,8.333333333333326e-05,
task003_symmetric__truth__q12__qc6__rho1__lc0.5__gateon__stopon,,task003_symmetric,truth,12,6,1.0,persistent,continuous,poisson,poisson,0.5,votes,True,1000,0.9999464992634552,1.807583862173904e-05,1.0,0.0,1.0,0.9987916666666667,0.9999460871755432,1.807583862173904e-05,0.9999583333333334,0.0,1.0,0.9987916666666667,0.683,88.985,0.0,960.821,task003_symmetric__silent__q12__rho1,5.860835309089607e-05,4.166666666666663e-05,5.819626517880816e-05,8.333333333333326e-05,
task003_symmetric__truth__q12__qc6__rho1__lc1__gateoff__stopoff,,task003_symmetric,truth,12,6,1.0,persistent,continuous,poisson,poisson,1.0,always,False,1000,0.9999858685581093,0.0,0.9999583333333334,0.0,1.0,0.999625,0.9999871913094323,0.0,1.0,0.0,1.0,0.9996666666666667,27.87,166.199,0.531,960.821,task003_symmetric__silent__q12__rho1,9.797764774509432e-05,0.0,9.93003990678456e-05,0.0001249999999999999,
task003_symmetric__truth__q12__qc6__rho1__lc1__gateoff__stopon,,task003_symmetric,truth,12,6,1.0,persistent,continuous,poisson,poisson,1.0,always,True,1000,0.9999871825837943,0.0,0.9999583333333334,0.0,1.0,0.9996666666666667,0.9999871825837943,0.0,1.0,0.0,1.0,0.9996666666666667,27.623,167.459,0.496,960.821,task003_symmetric__silent__q12__rho1,9.929167342982693e-05,0.0,9.929167342982693e-05,0.0001249999999999999,
task003_symmetric__truth__q12__qc6__rho1__lc1__gateon__stopoff,,task003_symmetric,truth,12,6,1.0,persistent,continuous,poisson,poisson,1.0,votes,False,1000,0.9999055843757307,6.862363693920602e-05,0.9999583333333334,4.1666666666666665e-05,1.0,0.9988333333333334,0.9998981207380039,7.608727466600165e-05,0.9999166666666667,8.333333333333333e-05,1.0,0.9988333333333334,1.251,179.051,0.0,960.821,task003_symmetric__silent__q12__rho1,1.7693465366393602e-05,0.0,1.0229827639598121e-05,4.166666666666663e-05,
task003_symmetric__truth__q12__qc6__rho1__lc1__gateon__stopon,,task003_symmetric,truth,12,6,1.0,persistent,continuous,poisson,poisson,1.0,votes,True,1000,0.9999055843757307,6.862363693920602e-05,0.9999583333333334,4.1666666666666665e-05,1.0,0.9988333333333334,0.9998981207380039,7.608727466600165e-05,0.9999166666666667,8.333333333333333e-05,1.0,0.9988333333333334,1.249,179.051,0.0,960.821,task003_symmetric__silent__q12__rho1,1.7693465366393602e-05,0.0,1.0229827639598121e-05,4.166666666666663e-05,
task003_symmetric__truth__q12__qc6__rho1__lc2__gateoff__stopoff,,task003_symmetric,truth,12,6,1.0,persistent,continuous,poisson,poisson,2.0,always,False,1000,0.9999863180609807,6.6974869606448555e-06,0.9999583333333334,0.0,1.0,0.999625,0.9999870511988106,6.6974869606448555e-06,0.9999583333333334,4.1666666666666665e-05,1.0,0.9996666666666667,30.0,178.043,1.0,960.821,task003_symmetric__silent__q12__rho1,9.842715061624597e-05,0.0,9.916028844615787e-05,8.333333333333326e-05,
task003_symmetric__truth__q12__qc6__rho1__lc2__gateoff__stopon,,task003_symmetric,truth,12,6,1.0,persistent,continuous,poisson,poisson,2.0,always,True,1000,0.9999832461674664,9.301653627311522e-06,0.9999583333333334,0.0,1.0,0.9995416666666668,0.9999839793052964,9.301653627311522e-06,0.9999583333333334,4.1666666666666665e-05,1.0,0.9995833333333333,30.0,181.793,1.0,960.821,task003_symmetric__silent__q12__rho1,9.535525710205839e-05,0.0,9.60883949319703e-05,8.333333333333326e-05,
task003_symmetric__truth__q12__qc6__rho1__lc2__gateon__stopoff,,task003_symmetric,truth,12,6,1.0,persistent,continuous,poisson,poisson,2.0,votes,False,1000,0.9999304312062236,4.08183858759485e-05,0.9999583333333333,0.0,1.0,0.999,0.9999304312062236,4.08183858759485e-05,0.9999583333333333,4.1666666666666665e-05,1.0,0.999,2.119,357.791,0.0,960.821,task003_symmetric__silent__q12__rho1,4.254029585933572e-05,0.0,4.254029585933572e-05,8.333333333333326e-05,
task003_symmetric__truth__q12__qc6__rho1__lc2__gateon__stopon,,task003_symmetric,truth,12,6,1.0,persistent,continuous,poisson,poisson,2.0,votes,True,1000,0.9999304312062236,4.08183858759485e-05,0.9999583333333333,0.0,1.0,0.999,0.9999304312062236,4.08183858759485e-05,0.9999583333333333,4.1666666666666665e-05,1.0,0.999,2.111,357.791,0.0,960.821,task003_symmetric__silent__q12__rho1,4.254029585933572e-05,0.0,4.254029585933572e-05,8.333333333333326e-05,
task003_symmetric__truth__q12__qc6__rho1__lc4__gateoff__stopoff,,task003_symmetric,truth,12,6,1.0,persistent,continuous,poisson,poisson,4.0,always,False,1000,0.9999707938304978,4.617927954668448e-06,1.0,0.0,1.0,0.9994166666666667,0.9999713050779415,4.106680510905666e-06,1.0,0.0,1.0,0.9994583333333333,30.0,176.224,1.0,960.821,task003_symmetric__silent__q12__rho1,8.290292013346134e-05,4.166666666666663e-05,8.341416757722408e-05,0.0001249999999999999,
task003_symmetric__truth__q12__qc6__rho1__lc4__gateoff__stopon,,task003_symmetric,truth,12,6,1.0,persistent,continuous,poisson,poisson,4.0,always,True,1000,0.9999734338894447,4.617927954668448e-06,1.0,0.0,1.0,0.9992916666666666,0.9999739451368884,4.106680510905666e-06,1.0,0.0,1.0,0.9993333333333333,30.0,179.836,1.0,960.821,task003_symmetric__silent__q12__rho1,8.554297908030662e-05,4.166666666666663e-05,8.605422652406936e-05,0.0001249999999999999,
task003_symmetric__truth__q12__qc6__rho1__lc4__gateon__stopoff,,task003_symmetric,truth,12,6,1.0,persistent,continuous,poisson,poisson,4.0,votes,False,1000,0.9999754074262784,1.413433170396475e-05,1.0,0.0,1.0,0.9994583333333333,0.9999754074262784,1.413433170396475e-05,1.0,0.0,1.0,0.9994583333333333,3.655,716.103,0.0,960.821,task003_symmetric__silent__q12__rho1,8.751651591404608e-05,4.166666666666663e-05,8.751651591404608e-05,0.0001249999999999999,
task003_symmetric__truth__q12__qc6__rho1__lc4__gateon__stopon,,task003_symmetric,truth,12,6,1.0,persistent,continuous,poisson,poisson,4.0,votes,True,1000,0.9999754074262784,1.413433170396475e-05,1.0,0.0,1.0,0.9994583333333333,0.9999754074262784,1.413433170396475e-05,1.0,0.0,1.0,0.9994583333333333,3.638,716.103,0.0,960.821,task003_symmetric__silent__q12__rho1,8.751651591404608e-05,4.166666666666663e-05,8.751651591404608e-05,0.0001249999999999999,
task003_symmetric__truth__q12__qc6__rho1__lc8__gateoff__stopoff,,task003_symmetric,truth,12,6,1.0,persistent,continuous,poisson,poisson,8.0,always,False,1000,0.9999677973945797,1.0965804599753745e-05,0.9999166666666667,0.0,1.0,0.9990833333333333,0.9999689878707702,9.775328409277556e-06,0.9999583333333333,0.0,1.0,0.999125,30.0,172.66,1.0,960.821,task003_symmetric__silent__q12__rho1,7.990648421530621e-05,-4.166666666666663e-05,8.10969604057824e-05,8.333333333333326e-05,
task003_symmetric__truth__q12__qc6__rho1__lc8__gateoff__stopon,,task003_symmetric,truth,12,6,1.0,persistent,continuous,poisson,poisson,8.0,always,True,1000,0.9999599221333046,1.7584616163809163e-05,0.999875,0.0,1.0,0.9990416666666667,0.9999635174664049,1.5493659431006635e-05,0.9999583333333333,0.0,1.0,0.9991666666666668,30.0,176.224,1.0,960.821,task003_symmetric__silent__q12__rho1,7.203122294021746e-05,-8.333333333333326e-05,7.562655604063484e-05,8.333333333333326e-05,
task003_symmetric__truth__q12__qc6__rho1__lc8__gateon__stopoff,,task003_symmetric,truth,12,6,1.0,persistent,continuous,poisson,poisson,8.0,votes,False,1000,0.9999769567452076,0.0,1.0,0.0,1.0,0.9992916666666667,0.9999769567452076,0.0,1.0,0.0,1.0,0.9992916666666667,6.176,1434.394,0.0,960.821,task003_symmetric__silent__q12__rho1,8.906583484325392e-05,4.166666666666663e-05,8.906583484325392e-05,0.0001249999999999999,
task003_symmetric__truth__q12__qc6__rho1__lc8__gateon__stopon,,task003_symmetric,truth,12,6,1.0,persistent,continuous,poisson,poisson,8.0,votes,True,1000,0.9999759486806914,0.0,1.0,0.0,1.0,0.99925,0.9999759486806914,0.0,1.0,0.0,1.0,0.99925,6.148,1434.394,0.0,960.821,task003_symmetric__silent__q12__rho1,8.805777032712492e-05,4.166666666666663e-05,8.805777032712492e-05,0.0001249999999999999,
task003_symmetric__truth__q3__qc12__rho0.75__lc0.5__gateoff__stopoff,,task003_symmetric,truth,3,12,0.75,persistent,continuous,poisson,poisson,0.5,always,False,1000,0.7392276987420408,0.15232126212775984,0.8451666666666667,0.09725,1.0,0.092125,0.7376886056288249,0.15216848679090642,0.8435833333333334,0.09833333333333334,1.0,0.08308333333333334,14.914,177.156,0.0,960.821,task003_symmetric__silent__q3__rho0.75,0.1351847057114186,0.1484166666666667,0.13448428576052965,0.147375,
task003_symmetric__truth__q3__qc12__rho0.75__lc0.5__gateoff__stopon,,task003_symmetric,truth,3,12,0.75,persistent,continuous,poisson,poisson,0.5,always,True,1000,0.73281176097523,0.15642926062192652,0.8442083333333332,0.09866666666666667,1.0,0.08558333333333333,0.7388059172403366,0.15071224798505245,0.8464166666666666,0.0945,1.0,0.08466666666666667,11.164,177.156,0.0,960.821,task003_symmetric__silent__q3__rho0.75,0.12876876794460793,0.1474583333333333,0.13560159737204133,0.15020833333333333,
task003_symmetric__truth__q3__qc12__rho0.75__lc0.5__gateon__stopoff,,task003_symmetric,truth,3,12,0.75,persistent,continuous,poisson,poisson,0.5,votes,False,1000,0.709974651319734,0.1744250533085054,0.8184583333333333,0.11929166666666667,1.0,0.07504166666666667,0.7101579740013463,0.174969102646452,0.8195,0.11808333333333333,1.0,0.07495833333333334,5.255,177.156,0.0,960.821,task003_symmetric__silent__q3__rho0.75,0.10593165828911168,0.12170833333333334,0.1069536541330509,0.12329166666666669,
task003_symmetric__truth__q3__qc12__rho0.75__lc0.5__gateon__stopon,,task003_symmetric,truth,3,12,0.75,persistent,continuous,poisson,poisson,0.5,votes,True,1000,0.7087834979539892,0.17553246166989223,0.8177916666666666,0.12070833333333335,1.0,0.07295833333333333,0.7094061735165302,0.1757235514215772,0.8177083333333333,0.1195,1.0,0.07645833333333331,4.66,177.156,0.0,960.821,task003_symmetric__silent__q3__rho0.75,0.10474050492336709,0.12104166666666667,0.10620185364823487,0.12149999999999998,
task003_symmetric__truth__q3__qc12__rho0.75__lc1__gateoff__stopoff,,task003_symmetric,truth,3,12,0.75,persistent,continuous,poisson,poisson,1.0,always,False,1000,0.7535846275692987,0.13629263008060644,0.86225,0.08120833333333333,1.0,0.09670833333333334,0.7467420247078702,0.1407703980016632,0.8552916666666667,0.08654166666666666,1.0,0.09145833333333334,27.87,330.907,0.531,960.821,task003_symmetric__silent__q3__rho0.75,0.1495416345386765,0.1655,0.14353770483957487,0.15908333333333333,
task003_symmetric__truth__q3__qc12__rho0.75__lc1__gateoff__stopon,,task003_symmetric,truth,3,12,0.75,persistent,continuous,poisson,poisson,1.0,always,True,1000,0.7512286425724906,0.1383214803842742,0.8613333333333333,0.08083333333333334,1.0,0.09704166666666665,0.7488135975688393,0.1391190612388184,0.85475,0.08533333333333333,1.0,0.08845833333333335,21.437,353.791,0.082,960.821,task003_symmetric__silent__q3__rho0.75,0.14718564954186839,0.16458333333333333,0.1456092777005439,0.1585416666666667,
task003_symmetric__truth__q3__qc12__rho0.75__lc1__gateon__stopoff,,task003_symmetric,truth,3,12,0.75,persistent,continuous,poisson,poisson,1.0,votes,False,1000,0.7248516308418481,0.16305279003571968,0.835625,0.1065,1.0,0.0805,0.7283635266629565,0.16056721308482583,0.838875,0.10429166666666666,1.0,0.08366666666666665,8.472,356.611,0.0,960.821,task003_symmetric__silent__q3__rho0.75,0.12080863781122582,0.138875,0.12515920679466117,0.1426666666666667,
task003_symmetric__truth__q3__qc12__rho0.75__lc1__gateon__stopon,,task003_symmetric,truth,3,12,0.75,persistent,continuous,poisson,poisson,1.0,votes,True,1000,0.724516091422162,0.1632716382280771,0.8346666666666668,0.10595833333333335,1.0,0.08129166666666665,0.7251964598306219,0.16284358106762312,0.8361666666666667,0.10633333333333335,1.0,0.08345833333333333,7.466,356.611,0.0,960.821,task003_symmetric__silent__q3__rho0.75,0.12047309839153977,0.1379166666666667,0.1219921399623265,0.13995833333333332,
task003_symmetric__truth__q3__qc12__rho0.75__lc2__gateoff__stopoff,,task003_symmetric,truth,3,12,0.75,persistent,continuous,poisson,poisson,2.0,always,False,1000,0.7497228770453148,0.13855192770806385,0.861625,0.08233333333333334,1.0,0.08920833333333335,0.7454041751937666,0.14155344454615165,0.8554166666666666,0.08779166666666667,1.0,0.08458333333333334,30.0,353.129,1.0,960.821,task003_symmetric__silent__q3__rho0.75,0.14567988401469256,0.164875,0.14219985532547122,0.1592083333333333,
task003_symmetric__truth__q3__qc12__rho0.75__lc2__gateoff__stopon,,task003_symmetric,truth,3,12,0.75,persistent,continuous,poisson,poisson,2.0,always,True,1000,0.7556205669065744,0.13223644401620577,0.8647916666666667,0.07733333333333334,1.0,0.093,0.7503040422012908,0.13576457353169685,0.858375,0.08133333333333334,1.0,0.08541666666666665,29.828,499.805,0.952,960.821,task003_symmetric__silent__q3__rho0.75,0.15157757387595217,0.16804166666666664,0.1470997223329953,0.16216666666666668,
task003_symmetric__truth__q3__qc12__rho0.75__lc2__gateon__stopoff,,task003_symmetric,truth,3,12,0.75,persistent,continuous,poisson,poisson,2.0,votes,False,1000,0.7409245506374339,0.15024177236797567,0.8532916666666668,0.09220833333333332,1.0,0.08941666666666667,0.7371904324097687,0.1526116844067934,0.845375,0.0985,1.0,0.08583333333333333,13.651,711.412,0.009,960.821,task003_symmetric__silent__q3__rho0.75,0.13688155760681156,0.1565416666666667,0.13398611254147336,0.1491666666666667,
task003_symmetric__truth__q3__qc12__rho0.75__lc2__gateon__stopon,,task003_symmetric,truth,3,12,0.75,persistent,continuous,poisson,poisson,2.0,votes,True,1000,0.7373337744070878,0.15141423388717629,0.8515,0.09404166666666668,1.0,0.087,0.736866036276939,0.15036888146307037,0.844625,0.09504166666666666,1.0,0.08404166666666667,11.627,711.808,0.006,960.821,task003_symmetric__silent__q3__rho0.75,0.13329078137646566,0.15475,0.1336617164086438,0.1484166666666667,
task003_symmetric__truth__q3__qc12__rho0.75__lc4__gateoff__stopoff,,task003_symmetric,truth,3,12,0.75,persistent,continuous,poisson,poisson,4.0,always,False,1000,0.7466412400953769,0.13913326677414384,0.8584166666666667,0.08216666666666665,1.0,0.08695833333333335,0.7438701075485223,0.14179847985578084,0.8525,0.08558333333333334,1.0,0.08629166666666667,30.0,346.462,1.0,960.821,task003_symmetric__silent__q3__rho0.75,0.14259824706475474,0.16166666666666668,0.14066578768022697,0.1562916666666667,
task003_symmetric__truth__q3__qc12__rho0.75__lc4__gateoff__stopon,,task003_symmetric,truth,3,12,0.75,persistent,continuous,poisson,poisson,4.0,always,True,1000,0.7506954308282927,0.13583093284613995,0.8593333333333333,0.080125,1.0,0.09029166666666666,0.7463273361625934,0.1391051695122826,0.853,0.08475,1.0,0.08333333333333334,30.0,475.918,1.0,960.821,task003_symmetric__silent__q3__rho0.75,0.14665243779767054,0.16258333333333333,0.14312301629429794,0.1567916666666667,
task003_symmetric__truth__q3__qc12__rho0.75__lc4__gateon__stopoff,,task003_symmetric,truth,3,12,0.75,persistent,continuous,poisson,poisson,4.0,votes,False,1000,0.7484936064715669,0.14089562087373905,0.8555416666666668,0.086125,1.0,0.09066666666666666,0.7445477449100124,0.1435690430015775,0.855375,0.08629166666666667,1.0,0.086625,21.085,1345.954,0.178,960.821,task003_symmetric__silent__q3__rho0.75,0.14445061344094473,0.1587916666666667,0.14134342504171707,0.15916666666666665,
task003_symmetric__truth__q3__qc12__rho0.75__lc4__gateon__stopon,,task003_symmetric,truth,3,12,0.75,persistent,continuous,poisson,poisson,4.0,votes,True,1000,0.749127428802329,0.140762789545569,0.8605833333333333,0.08558333333333333,1.0,0.09179166666666666,0.7461040515493887,0.14142374654910783,0.8527083333333333,0.0875,1.0,0.08775,18.022,1383.562,0.097,960.821,task003_symmetric__silent__q3__rho0.75,0.14508443577170663,0.16383333333333333,0.14289973168109338,0.1565,
task003_symmetric__truth__q3__qc12__rho0.75__lc8__gateoff__stopoff,,task003_symmetric,truth,3,12,0.75,persistent,continuous,poisson,poisson,8.0,always,False,1000,0.743177303470007,0.14250482562950811,0.8504166666666667,0.08645833333333335,1.0,0.087875,0.7413742013950136,0.14489443931047272,0.8489583333333333,0.08845833333333335,1.0,0.084375,30.0,333.114,1.0,960.821,task003_symmetric__silent__q3__rho0.75,0.13913431043938476,0.15366666666666667,0.13816988152671825,0.15275,
task003_symmetric__truth__q3__qc12__rho0.75__lc8__gateoff__stopon,,task003_symmetric,truth,3,12,0.75,persistent,continuous,poisson,poisson,8.0,always,True,1000,0.7474185900090364,0.1389795878299051,0.854625,0.08545833333333334,1.0,0.08854166666666666,0.7445386367698728,0.14050048866489093,0.8544583333333332,0.084,1.0,0.08333333333333334,30.0,437.741,1.0,960.821,task003_symmetric__silent__q3__rho0.75,0.14337559697841418,0.157875,0.14133431690157744,0.15825,
task003_symmetric__truth__q3__qc12__rho0.75__lc8__gateon__stopoff,,task003_symmetric,truth,3,12,0.75,persistent,continuous,poisson,poisson,8.0,votes,False,1000,0.7489006482543114,0.13980766481930443,0.8554583333333332,0.08533333333333334,1.0,0.088375,0.7450778363677503,0.14166071005298775,0.8522083333333332,0.08795833333333333,1.0,0.08666666666666666,27.397,1867.644,0.657,960.821,task003_symmetric__silent__q3__rho0.75,0.1448576552236891,0.15870833333333334,0.14187351649945493,0.156,
task003_symmetric__truth__q3__qc12__rho0.75__lc8__gateon__stopon,,task003_symmetric,truth,3,12,0.75,persistent,continuous,poisson,poisson,8.0,votes,True,1000,0.7497382529662271,0.13650560872805687,0.8571666666666666,0.0815,1.0,0.09045833333333334,0.7476883889898954,0.138768071273388,0.8595833333333333,0.081375,1.0,0.08491666666666667,25.057,2232.696,0.445,960.821,task003_symmetric__silent__q3__rho0.75,0.14569525993560484,0.16041666666666665,0.14448406912160003,0.163375,
task003_symmetric__truth__q3__qc12__rho1__lc0.5__gateoff__stopoff,,task003_symmetric,truth,3,12,1.0,persistent,continuous,poisson,poisson,0.5,always,False,1000,0.999922012307469,4.5258795691842356e-05,1.0,0.0,1.0,0.998625,0.9999771587764918,6.578947368421052e-06,0.9999583333333334,0.0,1.0,0.9993333333333333,14.914,177.17,0.0,960.821,task003_symmetric__silent__q3__rho1,0.00023337595878675588,0.0003749999999999997,7.263402171216871e-05,0.0001249999999999999,
task003_symmetric__truth__q3__qc12__rho1__lc0.5__gateoff__stopon,,task003_symmetric,truth,3,12,1.0,persistent,continuous,poisson,poisson,0.5,always,True,1000,0.9999238597691258,2.8744966416841804e-05,0.9999583333333334,0.0,1.0,0.998375,0.9999751880999641,0.0,0.9999583333333334,0.0,1.0,0.99925,11.726,177.17,0.0,960.821,task003_symmetric__silent__q3__rho1,0.00023522342044366763,0.00033333333333333305,7.066334518443096e-05,0.0001249999999999999,
task003_symmetric__truth__q3__qc12__rho1__lc0.5__gateon__stopoff,,task003_symmetric,truth,3,12,1.0,persistent,continuous,poisson,poisson,0.5,votes,False,1000,0.9997704082525434,0.0001664780140691092,0.99975,0.000125,1.0,0.9972916666666667,0.9999166952757305,5.523120175838275e-05,0.9999166666666668,8.333333333333333e-05,1.0,0.9990416666666666,1.65,177.17,0.0,960.821,task003_symmetric__silent__q3__rho1,8.177190386110334e-05,0.0001249999999999999,1.2170520950806507e-05,8.333333333333326e-05,
task003_symmetric__truth__q3__qc12__rho1__lc0.5__gateon__stopon,,task003_symmetric,truth,3,12,1.0,persistent,continuous,poisson,poisson,0.5,votes,True,1000,0.9997618343275134,0.0001664780140691092,0.9997083333333333,0.000125,1.0,0.9972083333333334,0.9999059234803982,5.523120175838275e-05,0.999875,8.333333333333333e-05,1.0,0.998875,1.546,177.17,0.0,960.821,task003_symmetric__silent__q3__rho1,7.319797883115775e-05,8.333333333333326e-05,1.398725618500296e-06,4.166666666666663e-05,
task003_symmetric__truth__q3__qc12__rho1__lc1__gateoff__stopoff,,task003_symmetric,truth,3,12,1.0,persistent,continuous,poisson,poisson,1.0,always,False,1000,0.999975172723744,7.1961620469083145e-06,1.0,0.0,1.0,0.999375,0.9999908467187562,0.0,0.9999583333333334,0.0,1.0,0.99975,27.87,330.922,0.531,960.821,task003_symmetric__silent__q3__rho1,0.0002865363750617538,0.0003749999999999997,8.632196397649494e-05,0.0001249999999999999,
task003_symmetric__truth__q3__qc12__rho1__lc1__gateoff__stopon,,task003_symmetric,truth,3,12,1.0,persistent,continuous,poisson,poisson,1.0,always,True,1000,0.9999400741686079,4.046313840423975e-05,1.0,0.0,1.0,0.9991666666666668,0.999992799831081,1.3736263736263738e-06,1.0,0.0,1.0,0.9997916666666666,22.595,352.606,0.117,960.821,task003_symmetric__silent__q3__rho1,0.00025143781992560053,0.0003749999999999997,8.827507630141052e-05,0.00016666666666666653,
task003_symmetric__truth__q3__qc12__rho1__lc1__gateon__stopoff,,task003_symmetric,truth,3,12,1.0,persistent,continuous,poisson,poisson,1.0,votes,False,1000,0.9998839213558082,7.052306542599274e-05,0.999875,4.1666666666666665e-05,1.0,0.9982916666666667,0.9999513244408932,2.8224936523208155e-05,0.9999166666666668,4.1666666666666665e-05,1.0,0.9992083333333334,3.076,356.626,0.0,960.821,task003_symmetric__silent__q3__rho1,0.00019528500712597064,0.0002499999999999998,4.679968611343732e-05,8.333333333333326e-05,
task003_symmetric__truth__q3__qc12__rho1__lc1__gateon__stopon,,task003_symmetric,truth,3,12,1.0,persistent,continuous,poisson,poisson,1.0,votes,True,1000,0.9998753788784275,7.321111750161053e-05,0.999875,8.333333333333333e-05,1.0,0.9980833333333333,0.999944797771884,3.301382893496043e-05,0.999875,4.1666666666666665e-05,1.0,0.999125,2.829,356.626,0.0,960.821,task003_symmetric__silent__q3__rho1,0.0001867425297451808,0.0002499999999999998,4.0273017104374366e-05,4.166666666666663e-05,
task003_symmetric__truth__q3__qc12__rho1__lc2__gateoff__stopoff,,task003_symmetric,truth,3,12,1.0,persistent,continuous,poisson,poisson,2.0,always,False,1000,0.9999632122050555,1.6276325899773105e-05,0.9999583333333334,4.1666666666666665e-05,1.0,0.99925,0.9999876952809933,0.0,1.0,0.0,1.0,0.9996666666666666,30.0,353.167,1.0,960.821,task003_symmetric__silent__q3__rho1,0.0002745758563733324,0.00033333333333333305,8.317052621362675e-05,0.00016666666666666653,
task003_symmetric__truth__q3__qc12__rho1__lc2__gateoff__stopon,,task003_symmetric,truth,3,12,1.0,persistent,continuous,poisson,poisson,2.0,always,True,1000,0.9999683791984157,5.9336627732854145e-06,0.9999583333333334,0.0,1.0,0.9994166666666667,0.9999825144731108,1.9654088050314464e-06,1.0,0.0,1.0,0.9997083333333333,29.792,484.627,0.956,960.821,task003_symmetric__silent__q3__rho1,0.0002797428497335739,0.00033333333333333305,7.79897183311401e-05,0.00016666666666666653,
task003_symmetric__truth__q3__qc12__rho1__lc2__gateon__stopoff,,task003_symmetric,truth,3,12,1.0,persistent,continuous,poisson,poisson,2.0,votes,False,1000,0.9999144682251682,3.7812785801253456e-05,0.9999583333333334,0.0,1.0,0.9984583333333332,0.9999704671258549,2.062951499575786e-05,0.9999583333333334,4.1666666666666665e-05,1.0,0.9995833333333334,5.348,712.663,0.0,960.821,task003_symmetric__silent__q3__rho1,0.0002258318764859748,0.00033333333333333305,6.594237107526956e-05,0.0001249999999999999,
task003_symmetric__truth__q3__qc12__rho1__lc2__gateon__stopon,,task003_symmetric,truth,3,12,1.0,persistent,continuous,poisson,poisson,2.0,votes,True,1000,0.9999211575256489,3.0482344908294322e-05,1.0,0.0,1.0,0.9985416666666668,0.9999662425199015,1.4379514995757857e-05,1.0,0.0,1.0,0.9994583333333333,4.86,712.663,0.0,960.821,task003_symmetric__silent__q3__rho1,0.00023252117696670948,0.0003749999999999997,6.171776512181227e-05,0.00016666666666666653,
task003_symmetric__truth__q3__qc12__rho1__lc4__gateoff__stopoff,,task003_symmetric,truth,3,12,1.0,persistent,continuous,poisson,poisson,4.0,always,False,1000,0.9999646731729006,5.952671880091236e-06,0.999875,0.0,1.0,0.9988333333333334,0.9999828235110488,4.608585858585859e-06,1.0,0.0,1.0,0.9995,30.0,346.547,1.0,960.821,task003_symmetric__silent__q3__rho1,0.00027603682421842437,0.0002499999999999998,7.829875626922022e-05,0.00016666666666666653,
task003_symmetric__truth__q3__qc12__rho1__lc4__gateoff__stopon,,task003_symmetric,truth,3,12,1.0,persistent,continuous,poisson,poisson,4.0,always,True,1000,0.9999816834588848,1.244682649809464e-05,1.0,0.0,1.0,0.9994583333333333,0.9999957814238458,2.356490541422048e-06,1.0,0.0,1.0,0.9997916666666666,30.0,489.587,1.0,960.821,task003_symmetric__silent__q3__rho1,0.0002930471102026487,0.0003749999999999997,9.125666906618801e-05,0.00016666666666666653,
task003_symmetric__truth__q3__qc12__rho1__lc4__gateon__stopoff,,task003_symmetric,truth,3,12,1.0,persistent,continuous,poisson,poisson,4.0,votes,False,1000,0.9999280126008492,3.684933018524455e-05,0.9998333333333334,4.1666666666666665e-05,1.0,0.9985,0.9999619937980837,1.3175057081156377e-05,0.9999583333333333,4.1666666666666665e-05,1.0,0.9992083333333333,9.022,1426.32,0.0,960.821,task003_symmetric__silent__q3__rho1,0.00023937625216700843,0.00020833333333333316,5.746904330391656e-05,0.0001249999999999999,
task003_symmetric__truth__q3__qc12__rho1__lc4__gateon__stopon,,task003_symmetric,truth,3,12,1.0,persistent,continuous,poisson,poisson,4.0,votes,True,1000,0.999922840986354,3.431701965430732e-05,0.9998333333333334,4.1666666666666665e-05,1.0,0.9985833333333333,0.9999543291633938,2.3636475634373764e-05,1.0,0.0,1.0,0.9992916666666667,8.003,1426.32,0.0,960.821,task003_symmetric__silent__q3__rho1,0.00023420463767179523,0.00020833333333333316,4.9804408614158026e-05,0.00016666666666666653,
task003_symmetric__truth__q3__qc12__rho1__lc8__gateoff__stopoff,,task003_symmetric,truth,3,12,1.0,persistent,continuous,poisson,poisson,8.0,always,False,1000,0.9999185795567377,4.6373274695626825e-05,0.9998333333333334,4.1666666666666665e-05,1.0,0.9985833333333334,0.9999673770441011,1.432454823531346e-05,0.9999166666666668,4.1666666666666665e-05,1.0,0.999375,30.0,333.284,1.0,960.821,task003_symmetric__silent__q3__rho1,0.0002299432080554441,0.00020833333333333316,6.285228932143927e-05,8.333333333333326e-05,
task003_symmetric__truth__q3__qc12__rho1__lc8__gateoff__stopon,,task003_symmetric,truth,3,12,1.0,persistent,continuous,poisson,poisson,8.0,always,True,1000,0.9999467820138501,2.6940569433121186e-05,0.999875,8.333333333333333e-05,1.0,0.9989583333333334,0.9999754746236311,3.2051282051282054e-06,1.0,0.0,1.0,0.9994583333333333,30.0,462.212,1.0,960.821,task003_symmetric__silent__q3__rho1,0.00025814566516783687,0.0002499999999999998,7.094986885145027e-05,0.00016666666666666653,
task003_symmetric__truth__q3__qc12__rho1__lc8__gateon__stopoff,,task003_symmetric,truth,3,12,1.0,persistent,continuous,poisson,poisson,8.0,votes,False,1000,0.999921046490248,4.5280646952417114e-05,0.9998333333333334,8.333333333333333e-05,1.0,0.9987916666666667,0.9999722774818545,1.660591143023954e-05,1.0,0.0,1.0,0.9995,15.003,2797.768,0.024,960.821,task003_symmetric__silent__q3__rho1,0.00023241014156580954,0.00020833333333333316,6.775272707472269e-05,0.00016666666666666653,
task003_symmetric__truth__q3__qc12__rho1__lc8__gateon__stopon,,task003_symmetric,truth,3,12,1.0,persistent,continuous,poisson,poisson,8.0,votes,True,1000,0.9999140930871591,5.570357808093551e-05,0.9998333333333332,8.333333333333333e-05,1.0,0.9988333333333334,0.9999729144890225,1.8325154489276628e-05,1.0,0.0,1.0,0.9996666666666667,13.023,2827.672,0.012,960.821,task003_symmetric__silent__q3__rho1,0.00022545673847688142,0.00020833333333333316,6.838973424282568e-05,0.00016666666666666653,
task003_symmetric__truth__q3__qc24__rho0.75__lc0.5__gateoff__stopoff,,task003_symmetric,truth,3,24,0.75,persistent,continuous,poisson,poisson,0.5,always,False,1000,0.7161322393650849,0.17494388313565282,0.8307083333333334,0.11558333333333334,1.0,0.08241666666666667,0.7131832038442589,0.17603660560988044,0.8215,0.11854166666666667,1.0,0.08420833333333333,14.914,351.248,0.0,960.821,task003_symmetric__silent__q3__rho0.75,0.11208924633446264,0.13395833333333335,0.1099788839759637,0.1252916666666667,
task003_symmetric__truth__q3__qc24__rho0.75__lc0.5__gateoff__stopon,,task003_symmetric,truth,3,24,0.75,persistent,continuous,poisson,poisson,0.5,always,True,1000,0.7077707774328367,0.17909176187909237,0.814125,0.12404166666666666,1.0,0.077125,0.7085481245404072,0.1775771686223596,0.8178333333333333,0.121375,1.0,0.08016666666666666,4.743,351.248,0.0,960.821,task003_symmetric__silent__q3__rho0.75,0.1037277844022144,0.11737499999999998,0.10534380467211181,0.121625,
task003_symmetric__truth__q3__qc24__rho0.75__lc0.5__gateon__stopoff,,task003_symmetric,truth,3,24,0.75,persistent,continuous,poisson,poisson,0.5,votes,False,1000,0.7081577498497142,0.18037456833082324,0.81725,0.124125,1.0,0.081,0.7063304810789788,0.18244855911367136,0.8155,0.12745833333333334,1.0,0.07904166666666666,5.379,351.248,0.0,960.821,task003_symmetric__silent__q3__rho0.75,0.10411475681909203,0.1205,0.10312616121068345,0.11929166666666666,
task003_symmetric__truth__q3__qc24__rho0.75__lc0.5__gateon__stopon,,task003_symmetric,truth,3,24,0.75,persistent,continuous,poisson,poisson,0.5,votes,True,1000,0.6903441896274595,0.19086287204365157,0.7958333333333334,0.1375833333333333,1.0,0.06529166666666665,0.6929677586476256,0.18860965696398227,0.802375,0.13475,1.0,0.06895833333333333,3.121,351.248,0.0,960.821,task003_symmetric__silent__q3__rho0.75,0.08630119659683728,0.09908333333333334,0.08976343877933032,0.10616666666666666,
task003_symmetric__truth__q3__qc24__rho0.75__lc1__gateoff__stopoff,,task003_symmetric,truth,3,24,0.75,persistent,continuous,poisson,poisson,1.0,always,False,1000,0.7294620617880136,0.1614936830665261,0.8439583333333333,0.101625,1.0,0.089125,0.7241075275880589,0.1649244613538258,0.834,0.106375,1.0,0.0865,27.87,655.9,0.531,960.821,task003_symmetric__silent__q3__rho0.75,0.12541906875739153,0.1472083333333333,0.12090320771976346,0.13779166666666667,
task003_symmetric__truth__q3__qc24__rho0.75__lc1__gateoff__stopon,,task003_symmetric,truth,3,24,0.75,persistent,continuous,poisson,poisson,1.0,always,True,1000,0.7206399398921544,0.16716490856648752,0.830375,0.111375,1.0,0.08604166666666666,0.7236537359335209,0.16550543450206687,0.8354583333333333,0.10704166666666667,1.0,0.08266666666666667,7.716,707.068,0.002,960.821,task003_symmetric__silent__q3__rho0.75,0.11659694686153207,0.133625,0.12044941606522555,0.13925,
task003_symmetric__truth__q3__qc24__rho0.75__lc1__gateon__stopoff,,task003_symmetric,truth,3,24,0.75,persistent,continuous,poisson,poisson,1.0,votes,False,1000,0.7163350835346753,0.17463720908970676,0.82575,0.11591666666666667,1.0,0.083875,0.7146140241343073,0.17371642034407542,0.8245416666666667,0.11704166666666665,1.0,0.08375,9.057,707.31,0.0,960.821,task003_symmetric__silent__q3__rho0.75,0.11229209050405314,0.129,0.11140970426601206,0.12833333333333333,
task003_symmetric__truth__q3__qc24__rho0.75__lc1__gateon__stopon,,task003_symmetric,truth,3,24,0.75,persistent,continuous,poisson,poisson,1.0,votes,True,1000,0.7065673905496178,0.17826391707551914,0.81525,0.121,1.0,0.07479166666666667,0.7089349977068543,0.1771063355550864,0.8185833333333333,0.11795833333333333,1.0,0.07845833333333334,4.809,707.31,0.0,960.821,task003_symmetric__silent__q3__rho0.75,0.10252439751899566,0.1185,0.105730677838559,0.122375,
task003_symmetric__truth__q3__qc24__rho0.75__lc2__gateoff__stopoff,,task003_symmetric,truth,3,24,0.75,persistent,continuous,poisson,poisson,2.0,always,False,1000,0.7254640297012764,0.16423710013229642,0.83575,0.106875,1.0,0.08604166666666666,0.7236222231407519,0.16416392528810747,0.8339583333333332,0.10766666666666667,1.0,0.08033333333333333,30.0,694.409,1.0,960.821,task003_symmetric__silent__q3__rho0.75,0.12142103667065425,0.139,0.12041790327245655,0.13775,
task003_symmetric__truth__q3__qc24__rho0.75__lc2__gateoff__stopon,,task003_symmetric,truth,3,24,0.75,persistent,continuous,poisson,poisson,2.0,always,True,1000,0.734204373880047,0.1551753449819384,0.8420416666666667,0.09870833333333333,1.0,0.08966666666666666,0.7333909884509621,0.15461240008604524,0.84375,0.09895833333333334,1.0,0.08391666666666665,12.066,1409.036,0.014,960.821,task003_symmetric__silent__q3__rho0.75,0.13016138084942486,0.14529166666666668,0.13018666858266667,0.14754166666666665,
task003_symmetric__truth__q3__qc24__rho0.75__lc2__gateon__stopoff,,task003_symmetric,truth,3,24,0.75,persistent,continuous,poisson,poisson,2.0,votes,False,1000,0.7232035402106964,0.16678750076521007,0.8345416666666667,0.1065,1.0,0.08775,0.7154197314465235,0.17139188280699366,0.8259166666666667,0.113625,1.0,0.08279166666666665,14.578,1402.369,0.033,960.821,task003_symmetric__silent__q3__rho0.75,0.11916054718007421,0.13779166666666667,0.11221541157822815,0.12970833333333334,
task003_symmetric__truth__q3__qc24__rho0.75__lc2__gateon__stopon,,task003_symmetric,truth,3,24,0.75,persistent,continuous,poisson,poisson,2.0,votes,True,1000,0.7194933163058171,0.1696689805987543,0.8255416666666666,0.11483333333333333,1.0,0.08129166666666665,0.7186778014202353,0.1673943033661547,0.8287916666666667,0.10941666666666666,1.0,0.08308333333333333,6.776,1413.173,0.001,960.821,task003_symmetric__silent__q3__rho0.75,0.11545032327519499,0.12879166666666667,0.1154734815519399,0.1325833333333333,
task003_symmetric__truth__q3__qc24__rho0.75__lc4__gateoff__stopoff,,task003_symmetric,truth,3,24,0.75,persistent,continuous,poisson,poisson,4.0,always,False,1000,0.7242687802012793,0.162575101749197,0.834875,0.1055,1.0,0.08395833333333334,0.722840048945543,0.16495388987291304,0.8325416666666667,0.109125,1.0,0.08158333333333334,30.0,669.019,1.0,960.821,task003_symmetric__silent__q3__rho0.75,0.12022578717065709,0.138125,0.1196357290772476,0.13633333333333333,
task003_symmetric__truth__q3__qc24__rho0.75__lc4__gateoff__stopon,,task003_symmetric,truth,3,24,0.75,persistent,continuous,poisson,poisson,4.0,always,True,1000,0.7421638101562813,0.14671819636481814,0.8535416666666666,0.08816666666666666,1.0,0.09033333333333335,0.7401761850989392,0.14700888649060556,0.8486666666666667,0.090625,1.0,0.08941666666666667,19.288,2677.944,0.158,960.821,task003_symmetric__silent__q3__rho0.75,0.13812081712565913,0.15679166666666666,0.13697186523064392,0.1524583333333333,
task003_symmetric__truth__q3__qc24__rho0.75__lc4__gateon__stopoff,,task003_symmetric,truth,3,24,0.75,persistent,continuous,poisson,poisson,4.0,votes,False,1000,0.7295776609022099,0.16141253750413728,0.8431666666666667,0.101,1.0,0.08829166666666666,0.7242973430209263,0.16364013906084762,0.8368333333333333,0.10358333333333335,1.0,0.083375,21.351,2554.886,0.258,960.821,task003_symmetric__silent__q3__rho0.75,0.12553466787158768,0.14641666666666667,0.12109302315263092,0.140625,
task003_symmetric__truth__q3__qc24__rho0.75__lc4__gateon__stopon,,task003_symmetric,truth,3,24,0.75,persistent,continuous,poisson,poisson,4.0,votes,True,1000,0.725863143800997,0.16300175430549502,0.8365,0.1065,1.0,0.08379166666666667,0.7259167216500801,0.16212067786966242,0.8370833333333334,0.10491666666666666,1.0,0.08083333333333334,10.061,2817.429,0.011,960.821,task003_symmetric__silent__q3__rho0.75,0.1218201507703748,0.13975,0.12271240178178484,0.140875,
task003_symmetric__truth__q3__qc24__rho0.75__lc8__gateoff__stopoff,,task003_symmetric,truth,3,24,0.75,persistent,continuous,poisson,poisson,8.0,always,False,1000,0.7304728847666344,0.15919056410138666,0.8422916666666668,0.100375,1.0,0.08579166666666665,0.7278092212839768,0.16008121877890766,0.8373333333333333,0.10308333333333333,1.0,0.07995833333333334,30.0,617.707,1.0,960.821,task003_symmetric__silent__q3__rho0.75,0.12642989173601216,0.14554166666666668,0.12460490141568153,0.141125,
task003_symmetric__truth__q3__qc24__rho0.75__lc8__gateoff__stopon,,task003_symmetric,truth,3,24,0.75,persistent,continuous,poisson,poisson,8.0,always,True,1000,0.7453423615250719,0.1421983597213384,0.8534166666666666,0.08604166666666667,1.0,0.09058333333333335,0.7411625639863396,0.14359984387988597,0.8504583333333332,0.09095833333333334,1.0,0.08420833333333334,26.433,4117.814,0.566,960.821,task003_symmetric__silent__q3__rho0.75,0.14129936849444974,0.15666666666666668,0.13795824411804417,0.15425,
task003_symmetric__truth__q3__qc24__rho0.75__lc8__gateon__stopoff,,task003_symmetric,truth,3,24,0.75,persistent,continuous,poisson,poisson,8.0,votes,False,1000,0.730448566799839,0.15795869549248404,0.841,0.101,1.0,0.08645833333333335,0.7259012650052149,0.16114904469372282,0.8357083333333333,0.103625,1.0,0.083375,26.877,3398.785,0.666,960.821,task003_symmetric__silent__q3__rho0.75,0.1264055737692168,0.14425,0.12269694513691959,0.1395,
task003_symmetric__truth__q3__qc24__rho0.75__lc8__gateon__stopon,,task003_symmetric,truth,3,24,0.75,persistent,continuous,poisson,poisson,8.0,votes,True,1000,0.7332460961861339,0.15455200504386718,0.8432083333333332,0.09591666666666668,1.0,0.08645833333333335,0.72994626855895,0.15667398608689506,0.8397083333333334,0.09716666666666667,1.0,0.08391666666666665,14.761,5411.529,0.085,960.821,task003_symmetric__silent__q3__rho0.75,0.12920310315551167,0.14645833333333333,0.1267419486906547,0.1435,
task003_symmetric__truth__q3__qc24__rho1__lc0.5__gateoff__stopoff,,task003_symmetric,truth,3,24,1.0,persistent,continuous,poisson,poisson,0.5,always,False,1000,0.9999276616882393,4.74417310582993e-05,0.9999583333333334,4.1666666666666665e-05,1.0,0.998875,0.9999878661994521,0.0,1.0,0.0,1.0,0.9996666666666667,14.914,351.278,0.0,960.821,task003_symmetric__silent__q3__rho1,0.0002390253395570965,0.00033333333333333305,8.334144467243887e-05,0.00016666666666666653,
task003_symmetric__truth__q3__qc24__rho1__lc0.5__gateoff__stopon,,task003_symmetric,truth,3,24,1.0,persistent,continuous,poisson,poisson,0.5,always,True,1000,0.9998313912295925,9.573183364178533e-05,0.9996666666666666,0.000125,1.0,0.9975416666666668,0.9999386375101494,2.4637199269552212e-05,0.9998333333333332,8.333333333333333e-05,1.0,0.9990833333333333,5.599,351.278,0.0,960.821,task003_symmetric__silent__q3__rho1,0.0001427548809103635,4.166666666666663e-05,3.411275536983271e-05,0.0,
task003_symmetric__truth__q3__qc24__rho1__lc0.5__gateon__stopoff,,task003_symmetric,truth,3,24,1.0,persistent,continuous,poisson,poisson,0.5,votes,False,1000,0.9998336270373646,0.00010351223832549899,0.9996666666666667,0.00016666666666666666,1.0,0.9975833333333334,0.9999596797758783,1.3190949393746391e-05,0.9999166666666668,4.1666666666666665e-05,1.0,0.9990833333333332,1.76,351.278,0.0,960.821,task003_symmetric__silent__q3__rho1,0.00014499068868233979,4.166666666666663e-05,5.5155021098579836e-05,8.333333333333326e-05,
task003_symmetric__truth__q3__qc24__rho1__lc0.5__gateon__stopon,,task003_symmetric,truth,3,24,1.0,persistent,continuous,poisson,poisson,0.5,votes,True,1000,0.9997852049904556,0.00013635650013059053,0.999625,0.00016666666666666666,1.0,0.9969166666666667,0.9999111017330947,4.5145587609770116e-05,0.9998333333333334,8.333333333333333e-05,1.0,0.9986666666666666,1.067,351.278,0.0,960.821,task003_symmetric__silent__q3__rho1,9.656864177351132e-05,0.0,6.576978315075088e-06,0.0,
task003_symmetric__truth__q3__qc24__rho1__lc1__gateoff__stopoff,,task003_symmetric,truth,3,24,1.0,persistent,continuous,poisson,poisson,1.0,always,False,1000,0.999935385831795,3.757639449253412e-05,0.999875,0.000125,1.0,0.9992916666666667,0.9999914794764059,0.0,1.0,0.0,1.0,0.9997916666666667,27.87,655.96,0.531,960.821,task003_symmetric__silent__q3__rho1,0.0002467494831127608,0.0002499999999999998,8.695472162627693e-05,0.00016666666666666653,
task003_symmetric__truth__q3__qc24__rho1__lc1__gateoff__stopon,,task003_symmetric,truth,3,24,1.0,persistent,continuous,poisson,poisson,1.0,always,True,1000,0.9999298826457925,4.8105125159682465e-05,0.9999583333333334,4.1666666666666665e-05,1.0,0.9991666666666668,0.99996855664472,2.4235549080663286e-05,1.0,0.0,1.0,0.9996666666666666,9.866,707.368,0.0,960.821,task003_symmetric__silent__q3__rho1,0.00024124629711036339,0.00033333333333333305,6.40318899402631e-05,0.00016666666666666653,
task003_symmetric__truth__q3__qc24__rho1__lc1__gateon__stopoff,,task003_symmetric,truth,3,24,1.0,persistent,continuous,poisson,poisson,1.0,votes,False,1000,0.9998927547323115,5.61000318996652e-05,0.9999583333333334,0.0,1.0,0.9980416666666666,0.9999544935523899,1.9703499050896525e-05,0.9999583333333334,4.1666666666666665e-05,1.0,0.9990833333333332,3.272,707.369,0.0,960.821,task003_symmetric__silent__q3__rho1,0.0002041183836294419,0.00033333333333333305,4.996879761021256e-05,0.0001249999999999999,
task003_symmetric__truth__q3__qc24__rho1__lc1__gateon__stopon,,task003_symmetric,truth,3,24,1.0,persistent,continuous,poisson,poisson,1.0,votes,True,1000,0.999851498176957,8.582644986055013e-05,0.99975,8.333333333333333e-05,1.0,0.9976666666666667,0.9999265732567522,4.709090691771414e-05,0.999875,8.333333333333333e-05,1.0,0.9989166666666667,1.928,707.369,0.0,960.821,task003_symmetric__silent__q3__rho1,0.0001628618282747808,0.0001249999999999999,2.2048501972377954e-05,4.166666666666663e-05,
task003_symmetric__truth__q3__qc24__rho1__lc2__gateoff__stopoff,,task003_symmetric,truth,3,24,1.0,persistent,continuous,poisson,poisson,2.0,always,False,1000,0.9999362983930874,3.3578394097292326e-05,0.9999166666666667,8.333333333333333e-05,1.0,0.99875,0.9999765751910074,1.25e-05,1.0,0.0,1.0,0.9995833333333333,30.0,694.544,1.0,960.821,task003_symmetric__silent__q3__rho1,0.00024766204440519545,0.0002916666666666664,7.20504362276525e-05,0.00016666666666666653,
task003_symmetric__truth__q3__qc24__rho1__lc2__gateoff__stopon,,task003_symmetric,truth,3,24,1.0,persistent,continuous,poisson,poisson,2.0,always,True,1000,0.9999891512427198,3.905068650577632e-06,1.0,0.0,1.0,0.9997083333333334,0.9999992559523809,0.0,1.0,0.0,1.0,0.9999583333333334,16.997,1380.176,0.156,960.821,task003_symmetric__silent__q3__rho1,0.00030051489403749523,0.0003749999999999997,9.473119760128201e-05,0.00016666666666666653,
task003_symmetric__truth__q3__qc24__rho1__lc2__gateon__stopoff,,task003_symmetric,truth,3,24,1.0,persistent,continuous,poisson,poisson,2.0,votes,False,1000,0.9998549268541154,8.64885032465282e-05,0.9998333333333334,4.1666666666666665e-05,1.0,0.9981666666666668,0.9999694736345978,1.1045041969258447e-05,0.9999583333333334,0.0,1.0,0.9993333333333333,5.67,1413.542,0.0,960.821,task003_symmetric__silent__q3__rho1,0.00016629050543323076,0.00020833333333333316,6.494887981807251e-05,0.0001249999999999999,
task003_symmetric__truth__q3__qc24__rho1__lc2__gateon__stopon,,task003_symmetric,truth,3,24,1.0,persistent,continuous,poisson,poisson,2.0,votes,True,1000,0.9998821869218936,7.282333920590058e-05,0.999875,8.333333333333333e-05,1.0,0.9980833333333332,0.9999681301830518,1.7613088646673768e-05,0.9999583333333334,0.0,1.0,0.9993333333333333,3.214,1413.542,0.0,960.821,task003_symmetric__silent__q3__rho1,0.00019355057321142688,0.0002499999999999998,6.360542827203918e-05,0.0001249999999999999,
task003_symmetric__truth__q3__qc24__rho1__lc4__gateoff__stopoff,,task003_symmetric,truth,3,24,1.0,persistent,continuous,poisson,poisson,4.0,always,False,1000,0.9998570458403782,8.389904065304082e-05,0.999875,0.000125,1.0,0.998,0.9999486538353857,3.2888987349549756e-05,0.9999166666666668,4.1666666666666665e-05,1.0,0.99925,30.0,669.272,1.0,960.821,task003_symmetric__silent__q3__rho1,0.00016840949169600206,0.0002499999999999997,4.4129080606048695e-05,8.333333333333326e-05,
task003_symmetric__truth__q3__qc24__rho1__lc4__gateoff__stopon,,task003_symmetric,truth,3,24,1.0,persistent,continuous,poisson,poisson,4.0,always,True,1000,0.9999616262509992,2.3143401079376605e-05,0.9999166666666668,8.333333333333333e-05,1.0,0.9994166666666667,0.9999732449363298,1.9987720854972678e-05,1.0,0.0,1.0,0.9996666666666667,24.707,2395.791,0.506,960.821,task003_symmetric__silent__q3__rho1,0.0002729899023169563,0.0002916666666666664,6.872018155010961e-05,0.00016666666666666653,
task003_symmetric__truth__q3__qc24__rho1__lc4__gateon__stopoff,,task003_symmetric,truth,3,24,1.0,persistent,continuous,poisson,poisson,4.0,votes,False,1000,0.9999250611866494,3.519681057425182e-05,0.999875,4.1666666666666665e-05,1.0,0.998625,0.9999615228958433,2.174140806394801e-05,0.9999166666666668,8.333333333333333e-05,1.0,0.99925,9.681,2828.838,0.0,960.821,task003_symmetric__silent__q3__rho1,0.00023642483796711976,0.0002499999999999998,5.6998141063606236e-05,8.333333333333326e-05,
task003_symmetric__truth__q3__qc24__rho1__lc4__gateon__stopon,,task003_symmetric,truth,3,24,1.0,persistent,continuous,poisson,poisson,4.0,votes,True,1000,0.9998900966619164,7.064223139843586e-05,0.999875,8.333333333333333e-05,1.0,0.9983333333333334,0.9999438137861678,3.6237333736915225e-05,1.0,0.0,1.0,0.9990833333333333,5.249,2828.847,0.0,960.821,task003_symmetric__silent__q3__rho1,0.00020146031323421042,0.0002499999999999998,3.928903138816897e-05,0.00016666666666666653,
task003_symmetric__truth__q3__qc24__rho1__lc8__gateoff__stopoff,,task003_symmetric,truth,3,24,1.0,persistent,continuous,poisson,poisson,8.0,always,False,1000,0.9998659915031156,6.12359920894714e-05,0.9998333333333334,4.1666666666666665e-05,1.0,0.9977916666666666,0.9999517961945226,1.6504857418270196e-05,1.0,0.0,1.0,0.9990833333333332,30.0,618.369,1.0,960.821,task003_symmetric__silent__q3__rho1,0.00017735515443351114,0.00020833333333333316,4.7271439742902264e-05,0.00016666666666666653,
task003_symmetric__truth__q3__qc24__rho1__lc8__gateoff__stopon,,task003_symmetric,truth,3,24,1.0,persistent,continuous,poisson,poisson,8.0,always,True,1000,0.9999589866854053,2.4627644852152853e-05,0.9999583333333333,0.0,1.0,0.9990416666666666,0.9999792966343962,6.517869259982896e-06,1.0,0.0,1.0,0.9994166666666667,29.309,3170.98,0.906,960.821,task003_symmetric__silent__q3__rho1,0.00027035033672308397,0.00033333333333333305,7.47718796165564e-05,0.00016666666666666653,
task003_symmetric__truth__q3__qc24__rho1__lc8__gateon__stopoff,,task003_symmetric,truth,3,24,1.0,persistent,continuous,poisson,poisson,8.0,votes,False,1000,0.9999312114949328,2.8192269290216926e-05,0.9998333333333334,4.1666666666666665e-05,1.0,0.9984583333333332,0.9999904245333349,3.506311360448808e-06,1.0,0.0,1.0,0.99975,16.303,5417.32,0.049,960.821,task003_symmetric__silent__q3__rho1,0.0002425751462506034,0.00020833333333333316,8.589977855510145e-05,0.00016666666666666653,
task003_symmetric__truth__q3__qc24__rho1__lc8__gateon__stopon,,task003_symmetric,truth,3,24,1.0,persistent,continuous,poisson,poisson,8.0,votes,True,1000,0.9998926051890819,6.143662472948079e-05,0.9998333333333332,8.333333333333333e-05,1.0,0.99825,0.9999698694871187,1.2266481467670968e-05,0.9999583333333334,0.0,1.0,0.9994583333333333,8.304,5655.67,0.002,960.821,task003_symmetric__silent__q3__rho1,0.0002039688403997467,0.00020833333333333316,6.53447323391444e-05,0.0001249999999999999,
task003_symmetric__truth__q3__qc3__rho0.75__lc0.5__gateoff__stopoff,,task003_symmetric,truth,3,3,0.75,persistent,continuous,poisson,poisson,0.5,always,False,1000,0.731537056709148,0.16537514575742465,0.8418333333333332,0.11025,1.0,0.07870833333333334,0.7344994775595259,0.1623939489218788,0.837625,0.10879166666666668,1.0,0.079875,14.914,44.578,0.0,960.821,task003_symmetric__silent__q3__rho0.75,0.12749406367852584,0.14508333333333334,0.13129515769123076,0.14141666666666666,
task003_symmetric__truth__q3__qc3__rho0.75__lc0.5__gateoff__stopon,,task003_symmetric,truth,3,3,0.75,persistent,continuous,poisson,poisson,0.5,always,True,1000,0.731537056709148,0.16537514575742465,0.8418333333333332,0.11025,1.0,0.07870833333333334,0.7344994775595259,0.1623939489218788,0.837625,0.10879166666666668,1.0,0.079875,14.914,44.578,0.0,960.821,task003_symmetric__silent__q3__rho0.75,0.12749406367852584,0.14508333333333334,0.13129515769123076,0.14141666666666666,
task003_symmetric__truth__q3__qc3__rho0.75__lc0.5__gateon__stopoff,,task003_symmetric,truth,3,3,0.75,persistent,continuous,poisson,poisson,0.5,votes,False,1000,0.7178846865996396,0.17712222004364375,0.8257916666666666,0.12366666666666667,1.0,0.077,0.7184781158249129,0.1744209221019586,0.8262916666666666,0.12029166666666667,1.0,0.08229166666666665,8.192,44.578,0.0,960.821,task003_symmetric__silent__q3__rho0.75,0.1138416935690172,0.1290416666666667,0.1152737959566177,0.1300833333333333,
task003_symmetric__truth__q3__qc3__rho0.75__lc0.5__gateon__stopon,,task003_symmetric,truth,3,3,0.75,persistent,continuous,poisson,poisson,0.5,votes,True,1000,0.7178846865996396,0.17712222004364375,0.8257916666666666,0.12366666666666667,1.0,0.077,0.7184781158249129,0.1744209221019586,0.8262916666666666,0.12029166666666667,1.0,0.08229166666666665,8.192,44.578,0.0,960.821,task003_symmetric__silent__q3__rho0.75,0.1138416935690172,0.1290416666666667,0.1152737959566177,0.1300833333333333,
task003_symmetric__truth__q3__qc3__rho0.75__lc1__gateoff__stopoff,,task003_symmetric,truth,3,3,0.75,persistent,continuous,poisson,poisson,1.0,always,False,1000,0.7489460655673579,0.1492058712875977,0.8580833333333334,0.08933333333333335,1.0,0.08729166666666667,0.7444986065808975,0.14996193637296573,0.8534166666666667,0.09579166666666666,1.0,0.08420833333333334,27.87,83.289,0.531,960.821,task003_symmetric__silent__q3__rho0.75,0.1449030725367356,0.1613333333333333,0.14129428671260222,0.15720833333333334,
task003_symmetric__truth__q3__qc3__rho0.75__lc1__gateoff__stopon,,task003_symmetric,truth,3,3,0.75,persistent,continuous,poisson,poisson,1.0,always,True,1000,0.7489460655673579,0.1492058712875977,0.8580833333333334,0.08933333333333335,1.0,0.08729166666666667,0.7444986065808975,0.14996193637296573,0.8534166666666667,0.09579166666666666,1.0,0.08420833333333334,27.87,83.289,0.531,960.821,task003_symmetric__silent__q3__rho0.75,0.1449030725367356,0.1613333333333333,0.14129428671260222,0.15720833333333334,
task003_symmetric__truth__q3__qc3__rho0.75__lc1__gateon__stopoff,,task003_symmetric,truth,3,3,0.75,persistent,continuous,poisson,poisson,1.0,votes,False,1000,0.7326822722051097,0.16330526633883904,0.8435416666666667,0.10354166666666666,1.0,0.08175,0.731452732053956,0.1631611885495032,0.839875,0.10729166666666667,1.0,0.08095833333333334,15.064,89.715,0.001,960.821,task003_symmetric__silent__q3__rho0.75,0.12863927917448756,0.14679166666666668,0.12824841218566058,0.1436666666666667,
task003_symmetric__truth__q3__qc3__rho0.75__lc1__gateon__stopon,,task003_symmetric,truth,3,3,0.75,persistent,continuous,poisson,poisson,1.0,votes,True,1000,0.7326822722051097,0.16330526633883904,0.8435416666666667,0.10354166666666666,1.0,0.08175,0.731452732053956,0.1631611885495032,0.839875,0.10729166666666667,1.0,0.08095833333333334,15.064,89.715,0.001,960.821,task003_symmetric__silent__q3__rho0.75,0.12863927917448756,0.14679166666666668,0.12824841218566058,0.1436666666666667,
task003_symmetric__truth__q3__qc3__rho0.75__lc2__gateoff__stopoff,,task003_symmetric,truth,3,3,0.75,persistent,continuous,poisson,poisson,2.0,always,False,1000,0.7525119952424488,0.1445928160123907,0.8565,0.09316666666666666,1.0,0.08845833333333333,0.746743514800849,0.14661351367412664,0.85425,0.09258333333333332,1.0,0.08220833333333334,30.0,89.382,1.0,960.821,task003_symmetric__silent__q3__rho0.75,0.14846900221182655,0.15975,0.14353919493255365,0.15804166666666666,
task003_symmetric__truth__q3__qc3__rho0.75__lc2__gateoff__stopon,,task003_symmetric,truth,3,3,0.75,persistent,continuous,poisson,poisson,2.0,always,True,1000,0.7525119952424488,0.1445928160123907,0.8565,0.09316666666666666,1.0,0.08845833333333333,0.746743514800849,0.14661351367412664,0.85425,0.09258333333333332,1.0,0.08220833333333334,30.0,89.382,1.0,960.821,task003_symmetric__silent__q3__rho0.75,0.14846900221182655,0.15975,0.14353919493255365,0.15804166666666666,
task003_symmetric__truth__q3__qc3__rho0.75__lc2__gateon__stopoff,,task003_symmetric,truth,3,3,0.75,persistent,continuous,poisson,poisson,2.0,votes,False,1000,0.7469896033196431,0.15045801550351431,0.8520416666666666,0.094375,1.0,0.08608333333333333,0.7449101009318684,0.150093320742307,0.8531666666666667,0.09429166666666666,1.0,0.08820833333333333,25.962,168.279,0.368,960.821,task003_symmetric__silent__q3__rho0.75,0.14294661028902095,0.15529166666666666,0.14170578106357296,0.1569583333333333,
task003_symmetric__truth__q3__qc3__rho0.75__lc2__gateon__stopon,,task003_symmetric,truth,3,3,0.75,persistent,continuous,poisson,poisson,2.0,votes,True,1000,0.7469896033196431,0.15045801550351431,0.8520416666666666,0.094375,1.0,0.08608333333333333,0.7449101009318684,0.150093320742307,0.8531666666666667,0.09429166666666666,1.0,0.08820833333333333,25.962,168.279,0.368,960.821,task003_symmetric__silent__q3__rho0.75,0.14294661028902095,0.15529166666666666,0.14170578106357296,0.1569583333333333,
task003_symmetric__truth__q3__qc3__rho0.75__lc4__gateoff__stopoff,,task003_symmetric,truth,3,3,0.75,persistent,continuous,poisson,poisson,4.0,always,False,1000,0.7503208366249124,0.14402971138465692,0.8584166666666667,0.089125,1.0,0.087125,0.7452846845390848,0.1458392202579009,0.8553333333333333,0.09016666666666666,1.0,0.07970833333333334,30.0,88.825,1.0,960.821,task003_symmetric__silent__q3__rho0.75,0.14627784359429016,0.16166666666666665,0.14208036467078944,0.159125,
task003_symmetric__truth__q3__qc3__rho0.75__lc4__gateoff__stopon,,task003_symmetric,truth,3,3,0.75,persistent,continuous,poisson,poisson,4.0,always,True,1000,0.7503208366249124,0.14402971138465692,0.8584166666666667,0.089125,1.0,0.087125,0.7452846845390848,0.1458392202579009,0.8553333333333333,0.09016666666666666,1.0,0.07970833333333334,30.0,88.825,1.0,960.821,task003_symmetric__silent__q3__rho0.75,0.14627784359429016,0.16166666666666665,0.14208036467078944,0.159125,
task003_symmetric__truth__q3__qc3__rho0.75__lc4__gateon__stopoff,,task003_symmetric,truth,3,3,0.75,persistent,continuous,poisson,poisson,4.0,votes,False,1000,0.7470574285853541,0.14808825414603569,0.85825,0.09154166666666667,1.0,0.08329166666666665,0.7448289268954195,0.1488454256036651,0.8528333333333332,0.09283333333333332,1.0,0.07916666666666668,29.965,189.721,0.989,960.821,task003_symmetric__silent__q3__rho0.75,0.14301443555473184,0.1615,0.14162460702712415,0.156625,
task003_symmetric__truth__q3__qc3__rho0.75__lc4__gateon__stopon,,task003_symmetric,truth,3,3,0.75,persistent,continuous,poisson,poisson,4.0,votes,True,1000,0.7470574285853541,0.14808825414603569,0.85825,0.09154166666666667,1.0,0.08329166666666665,0.7448289268954195,0.1488454256036651,0.8528333333333332,0.09283333333333332,1.0,0.07916666666666668,29.965,189.721,0.989,960.821,task003_symmetric__silent__q3__rho0.75,0.14301443555473184,0.1615,0.14162460702712415,0.156625,
task003_symmetric__truth__q3__qc3__rho0.75__lc8__gateoff__stopoff,,task003_symmetric,truth,3,3,0.75,persistent,continuous,poisson,poisson,8.0,always,False,1000,0.7464868207750838,0.1469405311879166,0.857625,0.09108333333333335,1.0,0.08229166666666667,0.7445066770311789,0.1480835185890146,0.8519166666666667,0.09391666666666666,1.0,0.08054166666666665,30.0,87.715,1.0,960.821,task003_symmetric__silent__q3__rho0.75,0.14244382774446157,0.160875,0.14130235716288353,0.15570833333333337,
task003_symmetric__truth__q3__qc3__rho0.75__lc8__gateoff__stopon,,task003_symmetric,truth,3,3,0.75,persistent,continuous,poisson,poisson,8.0,always,True,1000,0.7464868207750838,0.1469405311879166,0.857625,0.09108333333333335,1.0,0.08229166666666667,0.7445066770311789,0.1480835185890146,0.8519166666666667,0.09391666666666666,1.0,0.08054166666666665,30.0,87.715,1.0,960.821,task003_symmetric__silent__q3__rho0.75,0.14244382774446157,0.160875,0.14130235716288353,0.15570833333333337,
task003_symmetric__truth__q3__qc3__rho0.75__lc8__gateon__stopoff,,task003_symmetric,truth,3,3,0.75,persistent,continuous,poisson,poisson,8.0,votes,False,1000,0.7439518615944563,0.1488343605074209,0.8506666666666667,0.09504166666666668,1.0,0.08108333333333334,0.7421751541413769,0.14943798816632045,0.8515,0.09358333333333332,1.0,0.075625,30.0,166.241,1.0,960.821,task003_symmetric__silent__q3__rho0.75,0.13990886856383397,0.15391666666666667,0.1389708342730816,0.1552916666666667,
task003_symmetric__truth__q3__qc3__rho0.75__lc8__gateon__stopon,,task003_symmetric,truth,3,3,0.75,persistent,continuous,poisson,poisson,8.0,votes,True,1000,0.7439518615944563,0.1488343605074209,0.8506666666666667,0.09504166666666668,1.0,0.08108333333333334,0.7421751541413769,0.14943798816632045,0.8515,0.09358333333333332,1.0,0.075625,30.0,166.241,1.0,960.821,task003_symmetric__silent__q3__rho0.75,0.13990886856383397,0.15391666666666667,0.1389708342730816,0.1552916666666667,
task003_symmetric__truth__q3__qc3__rho1__lc0.5__gateoff__stopoff,,task003_symmetric,truth,3,3,1.0,persistent,continuous,poisson,poisson,0.5,always,False,1000,0.9999298798672844,2.2882497274758557e-05,0.9999166666666668,4.1666666666666665e-05,1.0,0.998125,0.9999698223282895,3.6231884057971017e-06,0.9999583333333334,0.0,1.0,0.9992916666666667,14.914,44.581,0.0,960.821,task003_symmetric__silent__q3__rho1,0.00024124351860223747,0.0002916666666666664,6.52975735096647e-05,0.0001249999999999999,
task003_symmetric__truth__q3__qc3__rho1__lc0.5__gateoff__stopon,,task003_symmetric,truth,3,3,1.0,persistent,continuous,poisson,poisson,0.5,always,True,1000,0.9999298798672844,2.2882497274758557e-05,0.9999166666666668,4.1666666666666665e-05,1.0,0.998125,0.9999698223282895,3.6231884057971017e-06,0.9999583333333334,0.0,1.0,0.9992916666666667,14.914,44.581,0.0,960.821,task003_symmetric__silent__q3__rho1,0.00024124351860223747,0.0002916666666666664,6.52975735096647e-05,0.0001249999999999999,
task003_symmetric__truth__q3__qc3__rho1__lc0.5__gateon__stopoff,,task003_symmetric,truth,3,3,1.0,persistent,continuous,poisson,poisson,0.5,votes,False,1000,0.9998507948914173,5.5621899501629616e-05,0.999875,4.1666666666666665e-05,1.0,0.9972916666666667,0.9999342641570177,2.1511748624424683e-05,0.9998333333333334,0.000125,1.0,0.9986666666666667,2.414,44.581,0.0,960.821,task003_symmetric__silent__q3__rho1,0.0001621585427350426,0.0002499999999999998,2.9739402238023516e-05,0.0,
task003_symmetric__truth__q3__qc3__rho1__lc0.5__gateon__stopon,,task003_symmetric,truth,3,3,1.0,persistent,continuous,poisson,poisson,0.5,votes,True,1000,0.9998507948914173,5.5621899501629616e-05,0.999875,4.1666666666666665e-05,1.0,0.9972916666666667,0.9999342641570177,2.1511748624424683e-05,0.9998333333333334,0.000125,1.0,0.9986666666666667,2.414,44.581,0.0,960.821,task003_symmetric__silent__q3__rho1,0.0001621585427350426,0.0002499999999999998,2.9739402238023516e-05,0.0,
task003_symmetric__truth__q3__qc3__rho1__lc1__gateoff__stopoff,,task003_symmetric,truth,3,3,1.0,persistent,continuous,poisson,poisson,1.0,always,False,1000,0.9999417702100567,4.346198636136864e-05,0.9999583333333334,4.1666666666666665e-05,1.0,0.999125,0.9999906799256908,0.0,1.0,0.0,1.0,0.9995416666666668,27.87,83.292,0.531,960.821,task003_symmetric__silent__q3__rho1,0.00025313386137446004,0.00033333333333333305,8.615517091101577e-05,0.00016666666666666653,
task003_symmetric__truth__q3__qc3__rho1__lc1__gateoff__stopon,,task003_symmetric,truth,3,3,1.0,persistent,continuous,poisson,poisson,1.0,always,True,1000,0.9999417702100567,4.346198636136864e-05,0.9999583333333334,4.1666666666666665e-05,1.0,0.999125,0.9999906799256908,0.0,1.0,0.0,1.0,0.9995416666666668,27.87,83.292,0.531,960.821,task003_symmetric__silent__q3__rho1,0.00025313386137446004,0.00033333333333333305,8.615517091101577e-05,0.00016666666666666653,
task003_symmetric__truth__q3__qc3__rho1__lc1__gateon__stopoff,,task003_symmetric,truth,3,3,1.0,persistent,continuous,poisson,poisson,1.0,votes,False,1000,0.9998851028837649,7.177926313718522e-05,0.9999166666666667,4.1666666666666665e-05,1.0,0.998375,0.9999786093031435,1.0109511647705285e-05,0.9999583333333334,4.1666666666666665e-05,1.0,0.9995833333333334,4.474,89.718,0.0,960.821,task003_symmetric__silent__q3__rho1,0.0001964665350826671,0.0002916666666666664,7.408454836391831e-05,0.0001249999999999999,
task003_symmetric__truth__q3__qc3__rho1__lc1__gateon__stopon,,task003_symmetric,truth,3,3,1.0,persistent,continuous,poisson,poisson,1.0,votes,True,1000,0.9998851028837649,7.177926313718522e-05,0.9999166666666667,4.1666666666666665e-05,1.0,0.998375,0.9999786093031435,1.0109511647705285e-05,0.9999583333333334,4.1666666666666665e-05,1.0,0.9995833333333334,4.474,89.718,0.0,960.821,task003_symmetric__silent__q3__rho1,0.0001964665350826671,0.0002916666666666664,7.408454836391831e-05,0.0001249999999999999,
task003_symmetric__truth__q3__qc3__rho1__lc2__gateoff__stopoff,,task003_symmetric,truth,3,3,1.0,persistent,continuous,poisson,poisson,2.0,always,False,1000,0.9999249017849224,2.2954259323386716e-05,0.9999583333333333,4.1666666666666665e-05,1.0,0.9983333333333333,0.9999610795637066,7.2035237019709065e-06,0.9999583333333333,0.0,1.0,0.999125,30.0,89.386,1.0,960.821,task003_symmetric__silent__q3__rho1,0.00023626543624030805,0.00033333333333333305,5.655480892695397e-05,0.0001249999999999999,
task003_symmetric__truth__q3__qc3__rho1__lc2__gateoff__stopon,,task003_symmetric,truth,3,3,1.0,persistent,continuous,poisson,poisson,2.0,always,True,1000,0.9999249017849224,2.2954259323386716e-05,0.9999583333333333,4.1666666666666665e-05,1.0,0.9983333333333333,0.9999610795637066,7.2035237019709065e-06,0.9999583333333333,0.0,1.0,0.999125,30.0,89.386,1.0,960.821,task003_symmetric__silent__q3__rho1,0.00023626543624030805,0.00033333333333333305,5.655480892695397e-05,0.0001249999999999999,
task003_symmetric__truth__q3__qc3__rho1__lc2__gateon__stopoff,,task003_symmetric,truth,3,3,1.0,persistent,continuous,poisson,poisson,2.0,votes,False,1000,0.9998858668880486,7.045536381871698e-05,0.999875,8.333333333333333e-05,1.0,0.998375,0.9999804595977598,0.0,1.0,0.0,1.0,0.9995833333333334,8.203,179.26,0.0,960.821,task003_symmetric__silent__q3__rho1,0.0001972305393664099,0.0002499999999999998,7.593484298009202e-05,0.00016666666666666653,
task003_symmetric__truth__q3__qc3__rho1__lc2__gateon__stopon,,task003_symmetric,truth,3,3,1.0,persistent,continuous,poisson,poisson,2.0,votes,True,1000,0.9998858668880486,7.045536381871698e-05,0.999875,8.333333333333333e-05,1.0,0.998375,0.9999804595977598,0.0,1.0,0.0,1.0,0.9995833333333334,8.203,179.26,0.0,960.821,task003_symmetric__silent__q3__rho1,0.0001972305393664099,0.0002499999999999998,7.593484298009202e-05,0.00016666666666666653,
task003_symmetric__truth__q3__qc3__rho1__lc4__gateoff__stopoff,,task003_symmetric,truth,3,3,1.0,persistent,continuous,poisson,poisson,4.0,always,False,1000,0.9999011554536475,5.5470660289156084e-05,0.999875,8.333333333333333e-05,1.0,0.99825,0.9999635883353346,1.9729824438703626e-05,0.9999583333333334,4.1666666666666665e-05,1.0,0.9992916666666667,30.0,88.833,1.0,960.821,task003_symmetric__silent__q3__rho1,0.0002125191049653342,0.0002499999999999998,5.906358055501737e-05,0.0001249999999999999,
task003_symmetric__truth__q3__qc3__rho1__lc4__gateoff__stopon,,task003_symmetric,truth,3,3,1.0,persistent,continuous,poisson,poisson,4.0,always,True,1000,0.9999011554536475,5.5470660289156084e-05,0.999875,8.333333333333333e-05,1.0,0.99825,0.9999635883353346,1.9729824438703626e-05,0.9999583333333334,4.1666666666666665e-05,1.0,0.9992916666666667,30.0,88.833,1.0,960.821,task003_symmetric__silent__q3__rho1,0.0002125191049653342,0.0002499999999999998,5.906358055501737e-05,0.0001249999999999999,
task003_symmetric__truth__q3__qc3__rho1__lc4__gateon__stopoff,,task003_symmetric,truth,3,3,1.0,persistent,continuous,poisson,poisson,4.0,votes,False,1000,0.9999289440347363,1.6947983629833037e-05,0.9999166666666668,0.0,1.0,0.998625,0.9999699312686967,2.824858757062147e-06,0.9999166666666668,0.0,1.0,0.999375,14.823,357.969,0.003,960.821,task003_symmetric__silent__q3__rho1,0.0002403076860542488,0.0002916666666666664,6.540651391702012e-05,8.333333333333326e-05,
task003_symmetric__truth__q3__qc3__rho1__lc4__gateon__stopon,,task003_symmetric,truth,3,3,1.0,persistent,continuous,poisson,poisson,4.0,votes,True,1000,0.9999289440347363,1.6947983629833037e-05,0.9999166666666668,0.0,1.0,0.998625,0.9999699312686967,2.824858757062147e-06,0.9999166666666668,0.0,1.0,0.999375,14.823,357.969,0.003,960.821,task003_symmetric__silent__q3__rho1,0.0002403076860542488,0.0002916666666666664,6.540651391702012e-05,8.333333333333326e-05,
task003_symmetric__truth__q3__qc3__rho1__lc8__gateoff__stopoff,,task003_symmetric,truth,3,3,1.0,persistent,continuous,poisson,poisson,8.0,always,False,1000,0.9999125822172432,2.9718348100158798e-05,0.9999166666666668,4.1666666666666665e-05,1.0,0.9976666666666667,0.999968036261488,4.451246789416187e-06,1.0,0.0,1.0,0.999,30.0,87.736,1.0,960.821,task003_symmetric__silent__q3__rho1,0.00022394586856100429,0.0002916666666666664,6.35115067083204e-05,0.00016666666666666653,
task003_symmetric__truth__q3__qc3__rho1__lc8__gateoff__stopon,,task003_symmetric,truth,3,3,1.0,persistent,continuous,poisson,poisson,8.0,always,True,1000,0.9999125822172432,2.9718348100158798e-05,0.9999166666666668,4.1666666666666665e-05,1.0,0.9976666666666667,0.999968036261488,4.451246789416187e-06,1.0,0.0,1.0,0.999,30.0,87.736,1.0,960.821,task003_symmetric__silent__q3__rho1,0.00022394586856100429,0.0002916666666666664,6.35115067083204e-05,0.00016666666666666653,
task003_symmetric__truth__q3__qc3__rho1__lc8__gateon__stopoff,,task003_symmetric,truth,3,3,1.0,persistent,continuous,poisson,poisson,8.0,votes,False,1000,0.9999132822431589,3.000146654537237e-05,0.9998333333333332,4.1666666666666665e-05,1.0,0.9982083333333334,0.9999659315472116,4.82965603425317e-06,1.0,0.0,1.0,0.9992916666666667,24.749,547.663,0.304,960.821,task003_symmetric__silent__q3__rho1,0.00022464589447661177,0.00020833333333333316,6.140679243178615e-05,0.00016666666666666653,
task003_symmetric__truth__q3__qc3__rho1__lc8__gateon__stopon,,task003_symmetric,truth,3,3,1.0,persistent,continuous,poisson,poisson,8.0,votes,True,1000,0.9999132822431589,3.000146654537237e-05,0.9998333333333332,4.1666666666666665e-05,1.0,0.9982083333333334,0.9999659315472116,4.82965603425317e-06,1.0,0.0,1.0,0.9992916666666667,24.749,547.663,0.304,960.821,task003_symmetric__silent__q3__rho1,0.00022464589447661177,0.00020833333333333316,6.140679243178615e-05,0.00016666666666666653,
task003_symmetric__truth__q3__qc6__rho0.75__lc0.5__gateoff__stopoff,,task003_symmetric,truth,3,6,0.75,persistent,continuous,poisson,poisson,0.5,always,False,1000,0.7433608041857708,0.14865577174521633,0.853875,0.09445833333333332,1.0,0.08704166666666666,0.7440563337652417,0.14630115579716266,0.851,0.092625,1.0,0.08308333333333333,14.914,88.98,0.0,960.821,task003_symmetric__silent__q3__rho0.75,0.13931781115514855,0.157125,0.14085201389694635,0.1547916666666667,
task003_symmetric__truth__q3__qc6__rho0.75__lc0.5__gateoff__stopon,,task003_symmetric,truth,3,6,0.75,persistent,continuous,poisson,poisson,0.5,always,True,1000,0.7426968291677252,0.14956865887990198,0.851875,0.09595833333333333,1.0,0.08566666666666665,0.7447547098805114,0.14575796121715315,0.8514583333333333,0.09233333333333332,1.0,0.08404166666666667,14.749,88.98,0.0,960.821,task003_symmetric__silent__q3__rho0.75,0.138653836137103,0.155125,0.1415503900122161,0.15525,
task003_symmetric__truth__q3__qc6__rho0.75__lc0.5__gateon__stopoff,,task003_symmetric,truth,3,6,0.75,persistent,continuous,poisson,poisson,0.5,votes,False,1000,0.7179083597974278,0.1722902899539622,0.8266666666666668,0.11816666666666666,1.0,0.07433333333333333,0.7200454302583976,0.17105768706808303,0.8290416666666667,0.114125,1.0,0.07958333333333334,6.43,88.98,0.0,960.821,task003_symmetric__silent__q3__rho0.75,0.1138653667668056,0.12991666666666665,0.1168411103901023,0.1328333333333333,
task003_symmetric__truth__q3__qc6__rho0.75__lc0.5__gateon__stopon,,task003_symmetric,truth,3,6,0.75,persistent,continuous,poisson,poisson,0.5,votes,True,1000,0.7178502393821441,0.1723915667086984,0.8270833333333333,0.11795833333333335,1.0,0.07358333333333333,0.7201308667429528,0.17109784257134672,0.8289166666666666,0.114125,1.0,0.07979166666666668,6.394,88.98,0.0,960.821,task003_symmetric__silent__q3__rho0.75,0.11380724635152177,0.1303333333333333,0.11692654687465745,0.13270833333333334,
task003_symmetric__truth__q3__qc6__rho0.75__lc1__gateoff__stopoff,,task003_symmetric,truth,3,6,0.75,persistent,continuous,poisson,poisson,1.0,always,False,1000,0.7610181524370784,0.1321006188458626,0.8662916666666667,0.07891666666666668,1.0,0.094625,0.756894251286708,0.1337436449348146,0.864375,0.08175,1.0,0.08916666666666667,27.87,166.193,0.531,960.821,task003_symmetric__silent__q3__rho0.75,0.15697515940645612,0.16954166666666667,0.15368993141841253,0.1681666666666667,
task003_symmetric__truth__q3__qc6__rho0.75__lc1__gateoff__stopon,,task003_symmetric,truth,3,6,0.75,persistent,continuous,poisson,poisson,1.0,always,True,1000,0.7606477784775202,0.1323076388181111,0.8669166666666668,0.078875,1.0,0.09295833333333334,0.7551618773716546,0.13517166047434076,0.864,0.08241666666666665,1.0,0.08658333333333335,27.693,166.967,0.499,960.821,task003_symmetric__silent__q3__rho0.75,0.15660478544689796,0.1701666666666667,0.1519575575033593,0.16779166666666667,
task003_symmetric__truth__q3__qc6__rho0.75__lc1__gateon__stopoff,,task003_symmetric,truth,3,6,0.75,persistent,continuous,poisson,poisson,1.0,votes,False,1000,0.7385727587389729,0.15434381653857335,0.8505,0.096375,1.0,0.08491666666666665,0.7389487115834507,0.1525150336897494,0.8455833333333334,0.096875,1.0,0.08154166666666667,11.226,179.045,0.0,960.821,task003_symmetric__silent__q3__rho0.75,0.13452976570835068,0.15375,0.13574439171515523,0.149375,
task003_symmetric__truth__q3__qc6__rho0.75__lc1__gateon__stopon,,task003_symmetric,truth,3,6,0.75,persistent,continuous,poisson,poisson,1.0,votes,True,1000,0.7383232205975016,0.15470091168568484,0.8508333333333332,0.095875,1.0,0.084375,0.7393152531508295,0.15237181317940082,0.8462083333333332,0.096375,1.0,0.08154166666666665,11.179,179.045,0.0,960.821,task003_symmetric__silent__q3__rho0.75,0.13428022756687938,0.15408333333333335,0.13611093328253412,0.15,
task003_symmetric__truth__q3__qc6__rho0.75__lc2__gateoff__stopoff,,task003_symmetric,truth,3,6,0.75,persistent,continuous,poisson,poisson,2.0,always,False,1000,0.7603724799864044,0.13031154371612633,0.8648333333333332,0.07816666666666668,1.0,0.09091666666666667,0.7594538845371599,0.13171801404339653,0.8640416666666666,0.07775,1.0,0.08508333333333334,30.0,178.029,1.0,960.821,task003_symmetric__silent__q3__rho0.75,0.15632948695578225,0.1680833333333333,0.15624956466886453,0.1678333333333333,
task003_symmetric__truth__q3__qc6__rho0.75__lc2__gateoff__stopon,,task003_symmetric,truth,3,6,0.75,persistent,continuous,poisson,poisson,2.0,always,True,1000,0.7603013530657667,0.13031766810536774,0.8649166666666668,0.07891666666666666,1.0,0.08941666666666666,0.759403067985225,0.13188078095808042,0.8641666666666667,0.076875,1.0,0.08225,30.0,179.757,1.0,960.821,task003_symmetric__silent__q3__rho0.75,0.1562583600351445,0.1681666666666667,0.15619874811692985,0.16795833333333335,
task003_symmetric__truth__q3__qc6__rho0.75__lc2__gateon__stopoff,,task003_symmetric,truth,3,6,0.75,persistent,continuous,poisson,poisson,2.0,votes,False,1000,0.7527809471914768,0.14012826799734657,0.8642083333333332,0.08233333333333334,1.0,0.09016666666666666,0.7501483681729091,0.14115258950852172,0.8577083333333333,0.08641666666666666,1.0,0.08370833333333334,19.072,355.605,0.043,960.821,task003_symmetric__silent__q3__rho0.75,0.14873795416085456,0.16745833333333335,0.14694404830461372,0.1615,
task003_symmetric__truth__q3__qc6__rho0.75__lc2__gateon__stopon,,task003_symmetric,truth,3,6,0.75,persistent,continuous,poisson,poisson,2.0,votes,True,1000,0.7527659816863265,0.14047343440755908,0.8639583333333333,0.08270833333333334,1.0,0.08904166666666666,0.7491627771713788,0.14194611118287545,0.8574583333333333,0.08733333333333335,1.0,0.08304166666666665,18.972,355.725,0.039,960.821,task003_symmetric__silent__q3__rho0.75,0.14872298865570424,0.16720833333333335,0.14595845730308343,0.16125,
task003_symmetric__truth__q3__qc6__rho0.75__lc4__gateoff__stopoff,,task003_symmetric,truth,3,6,0.75,persistent,continuous,poisson,poisson,4.0,always,False,1000,0.7550753269059296,0.13503119416054904,0.8612916666666668,0.08254166666666667,1.0,0.08608333333333335,0.7518360593149916,0.13631376699564254,0.8625,0.08079166666666668,1.0,0.08441666666666665,30.0,176.189,1.0,960.821,task003_symmetric__silent__q3__rho0.75,0.1510323338753074,0.1645416666666667,0.14863173944669625,0.16629166666666667,
task003_symmetric__truth__q3__qc6__rho0.75__lc4__gateoff__stopon,,task003_symmetric,truth,3,6,0.75,persistent,continuous,poisson,poisson,4.0,always,True,1000,0.755278702316406,0.13478750169171744,0.8630833333333332,0.08141666666666666,1.0,0.08408333333333333,0.7519011884875282,0.13645444308664237,0.8620416666666667,0.08054166666666668,1.0,0.08375,30.0,177.647,1.0,960.821,task003_symmetric__silent__q3__rho0.75,0.15123570928578384,0.1663333333333333,0.14869686861923287,0.1658333333333333,
task003_symmetric__truth__q3__qc6__rho0.75__lc4__gateon__stopoff,,task003_symmetric,truth,3,6,0.75,persistent,continuous,poisson,poisson,4.0,votes,False,1000,0.7572032636026791,0.1339365419830202,0.86575,0.07883333333333334,1.0,0.08808333333333335,0.7528009001887397,0.13651305104304542,0.8615,0.08195833333333334,1.0,0.0845,27.66,579.268,0.6,960.821,task003_symmetric__silent__q3__rho0.75,0.15316027057205683,0.169,0.1495965803204444,0.1652916666666667,
task003_symmetric__truth__q3__qc6__rho0.75__lc4__gateon__stopon,,task003_symmetric,truth,3,6,0.75,persistent,continuous,poisson,poisson,4.0,votes,True,1000,0.7574921637870448,0.13329769422985463,0.865375,0.07845833333333334,1.0,0.088,0.7547329323910836,0.13526892447737282,0.8630833333333332,0.081,1.0,0.08470833333333333,27.556,582.322,0.587,960.821,task003_symmetric__silent__q3__rho0.75,0.15344917075642264,0.168625,0.15152861252278838,0.16687500000000002,
task003_symmetric__truth__q3__qc6__rho0.75__lc8__gateoff__stopoff,,task003_symmetric,truth,3,6,0.75,persistent,continuous,poisson,poisson,8.0,always,False,1000,0.756387154217637,0.1336951461119954,0.8633333333333333,0.07875,1.0,0.08675,0.755379673221668,0.13441064877685896,0.8599583333333333,0.08258333333333334,1.0,0.084375,30.0,172.577,1.0,960.821,task003_symmetric__silent__q3__rho0.75,0.15234416118701477,0.1665833333333333,0.15217535335337265,0.16375,
task003_symmetric__truth__q3__qc6__rho0.75__lc8__gateoff__stopon,,task003_symmetric,truth,3,6,0.75,persistent,continuous,poisson,poisson,8.0,always,True,1000,0.7560472149000632,0.13392054323547808,0.8627916666666666,0.07891666666666666,1.0,0.08575,0.7539947790025967,0.13512120739085987,0.8597916666666667,0.082,1.0,0.08233333333333333,30.0,173.795,1.0,960.821,task003_symmetric__silent__q3__rho0.75,0.152004221869441,0.1660416666666667,0.15079045913430145,0.16358333333333333,
task003_symmetric__truth__q3__qc6__rho0.75__lc8__gateon__stopoff,,task003_symmetric,truth,3,6,0.75,persistent,continuous,poisson,poisson,8.0,votes,False,1000,0.7546104403820358,0.1351280134826838,0.8614583333333333,0.081125,1.0,0.08683333333333335,0.7524809900363425,0.1367813138043606,0.8557083333333333,0.08416666666666665,1.0,0.08220833333333333,29.895,544.863,0.973,960.821,task003_symmetric__silent__q3__rho0.75,0.15056744735141353,0.16470833333333335,0.14927667016804727,0.1595,
task003_symmetric__truth__q3__qc6__rho0.75__lc8__gateon__stopon,,task003_symmetric,truth,3,6,0.75,persistent,continuous,poisson,poisson,8.0,votes,True,1000,0.7546423935491368,0.135304233403923,0.861375,0.08116666666666666,1.0,0.086375,0.7517840290574713,0.1371038362513748,0.8566666666666667,0.08275,1.0,0.082375,29.875,551.253,0.97,960.821,task003_symmetric__silent__q3__rho0.75,0.1505994005185145,0.164625,0.1485797091891761,0.16045833333333331,
task003_symmetric__truth__q3__qc6__rho1__lc0.5__gateoff__stopoff,,task003_symmetric,truth,3,6,1.0,persistent,continuous,poisson,poisson,0.5,always,False,1000,0.9999139184636706,4.767067372995275e-05,0.9999166666666668,8.333333333333333e-05,1.0,0.9986666666666666,0.9999907413071615,0.0,1.0,0.0,1.0,0.9997083333333334,14.914,88.985,0.0,960.821,task003_symmetric__silent__q3__rho1,0.0002252821149883405,0.0002916666666666664,8.621655238177295e-05,0.00016666666666666653,
task003_symmetric__truth__q3__qc6__rho1__lc0.5__gateoff__stopon,,task003_symmetric,truth,3,6,1.0,persistent,continuous,poisson,poisson,0.5,always,True,1000,0.9999141945737393,4.767067372995275e-05,0.9999166666666668,8.333333333333333e-05,1.0,0.9986666666666666,0.9999902413071613,0.0,1.0,0.0,1.0,0.9996666666666667,14.71,88.985,0.0,960.821,task003_symmetric__silent__q3__rho1,0.0002255582250571333,0.0002916666666666664,8.57165523817729e-05,0.00016666666666666653,
task003_symmetric__truth__q3__qc6__rho1__lc0.5__gateon__stopoff,,task003_symmetric,truth,3,6,1.0,persistent,continuous,poisson,poisson,0.5,votes,False,1000,0.9998267329420643,0.00010409374035590807,0.9997916666666667,0.00016666666666666666,1.0,0.9975833333333333,0.9999149621956778,4.338681920789333e-05,0.999875,8.333333333333333e-05,1.0,0.9987916666666667,1.956,88.985,0.0,960.821,task003_symmetric__silent__q3__rho1,0.00013809659338207046,0.00016666666666666653,1.043744089799148e-05,4.166666666666663e-05,
task003_symmetric__truth__q3__qc6__rho1__lc0.5__gateon__stopon,,task003_symmetric,truth,3,6,1.0,persistent,continuous,poisson,poisson,0.5,votes,True,1000,0.9998267329420643,0.00010409374035590807,0.9997916666666667,0.00016666666666666666,1.0,0.9975833333333333,0.9999149621956778,4.338681920789333e-05,0.999875,8.333333333333333e-05,1.0,0.9987916666666667,1.952,88.985,0.0,960.821,task003_symmetric__silent__q3__rho1,0.00013809659338207046,0.00016666666666666653,1.043744089799148e-05,4.166666666666663e-05,
task003_symmetric__truth__q3__qc6__rho1__lc1__gateoff__stopoff,,task003_symmetric,truth,3,6,1.0,persistent,continuous,poisson,poisson,1.0,always,False,1000,0.9999621513089084,1.3433427922585242e-05,1.0,0.0,1.0,0.9990833333333333,0.9999868362569482,3.930817610062893e-06,1.0,0.0,1.0,0.999625,27.87,166.199,0.531,960.821,task003_symmetric__silent__q3__rho1,0.0002735149602262817,0.0003749999999999997,8.231150216860006e-05,0.00016666666666666653,
task003_symmetric__truth__q3__qc6__rho1__lc1__gateoff__stopon,,task003_symmetric,truth,3,6,1.0,persistent,continuous,poisson,poisson,1.0,always,True,1000,0.9999688490644845,6.049461677859504e-06,1.0,0.0,1.0,0.9991666666666668,0.9999878402730126,3.930817610062893e-06,1.0,0.0,1.0,0.9996666666666667,27.638,167.453,0.498,960.821,task003_symmetric__silent__q3__rho1,0.00028021271580229077,0.0003749999999999997,8.33155182328571e-05,0.00016666666666666653,
task003_symmetric__truth__q3__qc6__rho1__lc1__gateon__stopoff,,task003_symmetric,truth,3,6,1.0,persistent,continuous,poisson,poisson,1.0,votes,False,1000,0.9998601234823135,6.955477931523424e-05,0.9998333333333332,4.1666666666666665e-05,1.0,0.9980833333333332,0.9999451040836513,1.0834176788124155e-05,0.9999166666666668,0.0,1.0,0.9992083333333334,3.553,179.051,0.0,960.821,task003_symmetric__silent__q3__rho1,0.0001714871336313061,0.00020833333333333316,4.05793288716908e-05,8.333333333333326e-05,
task003_symmetric__truth__q3__qc6__rho1__lc1__gateon__stopon,,task003_symmetric,truth,3,6,1.0,persistent,continuous,poisson,poisson,1.0,votes,True,1000,0.9998601234823135,6.955477931523424e-05,0.9998333333333332,4.1666666666666665e-05,1.0,0.9980833333333332,0.9999451040836513,1.0834176788124155e-05,0.9999166666666668,0.0,1.0,0.9992083333333334,3.54,179.051,0.0,960.821,task003_symmetric__silent__q3__rho1,0.0001714871336313061,0.00020833333333333316,4.05793288716908e-05,8.333333333333326e-05,
task003_symmetric__truth__q3__qc6__rho1__lc2__gateoff__stopoff,,task003_symmetric,truth,3,6,1.0,persistent,continuous,poisson,poisson,2.0,always,False,1000,0.9999683327232864,1.914775871813471e-05,0.9999166666666668,0.0,1.0,0.9991666666666668,0.9999896895790275,3.96165780141844e-06,0.9999583333333334,0.0,1.0,0.999625,30.0,178.042,1.0,960.821,task003_symmetric__silent__q3__rho1,0.0002796963746042451,0.0002916666666666664,8.516482424769168e-05,0.0001249999999999999,
task003_symmetric__truth__q3__qc6__rho1__lc2__gateoff__stopon,,task003_symmetric,truth,3,6,1.0,persistent,continuous,poisson,poisson,2.0,always,True,1000,0.9999606535238107,2.6182390752766743e-05,0.9999583333333334,0.0,1.0,0.9991666666666668,0.9999863650142772,7.2084110481716865e-06,0.9999583333333334,0.0,1.0,0.999625,30.0,181.342,1.0,960.821,task003_symmetric__silent__q3__rho1,0.0002720171751284941,0.00033333333333333305,8.184025949750362e-05,0.0001249999999999999,
task003_symmetric__truth__q3__qc6__rho1__lc2__gateon__stopoff,,task003_symmetric,truth,3,6,1.0,persistent,continuous,poisson,poisson,2.0,votes,False,1000,0.9999182295902697,5.71904029965332e-05,0.9999583333333334,4.1666666666666665e-05,1.0,0.9986666666666667,0.9999641648598127,2.8308545296084095e-05,1.0,0.0,1.0,0.9995,6.322,357.79,0.0,960.821,task003_symmetric__silent__q3__rho1,0.00022959324158743533,0.00033333333333333305,5.964010503298423e-05,0.00016666666666666653,
task003_symmetric__truth__q3__qc6__rho1__lc2__gateon__stopon,,task003_symmetric,truth,3,6,1.0,persistent,continuous,poisson,poisson,2.0,votes,True,1000,0.9999182295902697,5.71904029965332e-05,0.9999583333333334,4.1666666666666665e-05,1.0,0.9986666666666667,0.9999641648598127,2.8308545296084095e-05,1.0,0.0,1.0,0.9995,6.309,357.79,0.0,960.821,task003_symmetric__silent__q3__rho1,0.00022959324158743533,0.00033333333333333305,5.964010503298423e-05,0.00016666666666666653,
task003_symmetric__truth__q3__qc6__rho1__lc4__gateoff__stopoff,,task003_symmetric,truth,3,6,1.0,persistent,continuous,poisson,poisson,4.0,always,False,1000,0.999967806923781,2.2496259280268926e-05,1.0,0.0,1.0,0.99925,0.999993097445265,1.6339869281045753e-06,1.0,0.0,1.0,0.9996666666666667,30.0,176.213,1.0,960.821,task003_symmetric__silent__q3__rho1,0.000279170575098694,0.0003749999999999997,8.857269048527138e-05,0.00016666666666666653,
task003_symmetric__truth__q3__qc6__rho1__lc4__gateoff__stopon,,task003_symmetric,truth,3,6,1.0,persistent,continuous,poisson,poisson,4.0,always,True,1000,0.999956316308524,2.5949524409054198e-05,0.9999583333333334,0.0,1.0,0.9990416666666667,0.9999860061449992,1.6339869281045753e-06,0.9999583333333333,0.0,1.0,0.9995416666666667,30.0,178.781,1.0,960.821,task003_symmetric__silent__q3__rho1,0.0002676799598418187,0.00033333333333333305,8.148139021957413e-05,0.0001249999999999999,
task003_symmetric__truth__q3__qc6__rho1__lc4__gateon__stopoff,,task003_symmetric,truth,3,6,1.0,persistent,continuous,poisson,poisson,4.0,votes,False,1000,0.9999395680338434,3.434611285003098e-05,0.9999166666666668,8.333333333333333e-05,1.0,0.99875,0.9999803779441313,9.286175710594314e-06,1.0,0.0,1.0,0.9995833333333333,10.819,716.098,0.0,960.821,task003_symmetric__silent__q3__rho1,0.00025093168516135633,0.0002916666666666664,7.58531893516493e-05,0.00016666666666666653,
task003_symmetric__truth__q3__qc6__rho1__lc4__gateon__stopon,,task003_symmetric,truth,3,6,1.0,persistent,continuous,poisson,poisson,4.0,votes,True,1000,0.9999395680338434,3.434611285003098e-05,0.9999166666666668,8.333333333333333e-05,1.0,0.99875,0.9999803779441313,9.286175710594314e-06,1.0,0.0,1.0,0.9995833333333333,10.783,716.098,0.0,960.821,task003_symmetric__silent__q3__rho1,0.00025093168516135633,0.0002916666666666664,7.58531893516493e-05,0.00016666666666666653,
task003_symmetric__truth__q3__qc6__rho1__lc8__gateoff__stopoff,,task003_symmetric,truth,3,6,1.0,persistent,continuous,poisson,poisson,8.0,always,False,1000,0.9999264849434799,4.468180705766445e-05,0.9999166666666668,0.0,1.0,0.9984166666666667,0.9999779527088499,5.873814221673466e-06,1.0,0.0,1.0,0.9993333333333334,30.0,172.627,1.0,960.821,task003_symmetric__silent__q3__rho1,0.00023784859479765308,0.0002916666666666664,7.342795407015124e-05,0.00016666666666666653,
task003_symmetric__truth__q3__qc6__rho1__lc8__gateoff__stopon,,task003_symmetric,truth,3,6,1.0,persistent,continuous,poisson,poisson,8.0,always,True,1000,0.9999276608655712,4.124367878441491e-05,0.9999166666666668,4.1666666666666665e-05,1.0,0.9984166666666667,0.9999789346730213,7.488984419864002e-06,1.0,0.0,1.0,0.999375,30.0,174.157,1.0,960.821,task003_symmetric__silent__q3__rho1,0.0002390245168890285,0.0002916666666666664,7.440991824174536e-05,0.00016666666666666653,
task003_symmetric__truth__q3__qc6__rho1__lc8__gateon__stopoff,,task003_symmetric,truth,3,6,1.0,persistent,continuous,poisson,poisson,8.0,votes,False,1000,0.9998907705816932,6.319282133893073e-05,0.9999583333333334,0.0,1.0,0.9982916666666667,0.9999415675107697,3.446010932352385e-05,1.0,0.0,1.0,0.99925,18.341,1366.076,0.056,960.821,task003_symmetric__silent__q3__rho1,0.0002021342330110878,0.00033333333333333305,3.704275598999684e-05,0.00016666666666666653,
task003_symmetric__truth__q3__qc6__rho1__lc8__gateon__stopon,,task003_symmetric,truth,3,6,1.0,persistent,continuous,poisson,poisson,8.0,votes,True,1000,0.9999067733882212,5.4855426926974915e-05,0.9999583333333334,0.0,1.0,0.9985416666666667,0.9999441832017294,3.368850438525225e-05,1.0,0.0,1.0,0.999375,18.271,1367.426,0.055,960.821,task003_symmetric__silent__q3__rho1,0.00021813703953894658,0.00033333333333333305,3.965844694977394e-05,0.00016666666666666653,
task003_symmetric__truth__q6__qc12__rho0.75__lc0.5__gateoff__stopoff,,task003_symmetric,truth,6,12,0.75,persistent,continuous,poisson,poisson,0.5,always,False,1000,0.8379313412363291,0.09780002787342508,0.9555,0.02975,1.0,0.288625,0.8348919778631901,0.09966175982628693,0.9571666666666667,0.02783333333333333,1.0,0.284125,14.914,177.16,0.0,960.821,task003_symmetric__silent__q6__rho0.75,0.12191027125913864,0.10425,0.1209285408814795,0.11366666666666665,0.0005859572178376618
task003_symmetric__truth__q6__qc12__rho0.75__lc0.5__gateoff__stopon,,task003_symmetric,truth,6,12,0.75,persistent,continuous,poisson,poisson,0.5,always,True,1000,0.8393118869837194,0.09741653512125524,0.9557916666666667,0.029541666666666664,1.0,0.2909166666666667,0.8385369656559438,0.09702250931470936,0.9581666666666666,0.02783333333333333,1.0,0.2845,9.309,177.16,0.0,960.821,task003_symmetric__silent__q6__rho0.75,0.12329081700652893,0.10454166666666667,0.12457352867423321,0.11466666666666668,0.0005849164412518044
task003_symmetric__truth__q6__qc12__rho0.75__lc0.5__gateon__stopoff,,task003_symmetric,truth,6,12,0.75,persistent,continuous,poisson,poisson,0.5,votes,False,1000,0.7839397545158894,0.13886495525020576,0.9192916666666667,0.0575,1.0,0.20658333333333334,0.7822744371737174,0.13968540101274066,0.9175,0.059291666666666666,1.0,0.20679166666666668,1.71,177.16,0.0,960.821,task003_symmetric__silent__q6__rho0.75,0.06791868453869884,0.06804166666666667,0.0683110001920069,0.074,0.0005755494519790887
task003_symmetric__truth__q6__qc12__rho0.75__lc0.5__gateon__stopon,,task003_symmetric,truth,6,12,0.75,persistent,continuous,poisson,poisson,0.5,votes,True,1000,0.7818342375069257,0.140481488562684,0.9169583333333332,0.05908333333333333,1.0,0.20395833333333332,0.7804650454960246,0.1407240698097817,0.915375,0.061041666666666675,1.0,0.2029166666666667,1.594,177.16,0.0,960.821,task003_symmetric__silent__q6__rho0.75,0.06581316752973514,0.06570833333333333,0.06650160851431405,0.071875,0.0005786717817366607
task003_symmetric__truth__q6__qc12__rho0.75__lc1__gateoff__stopoff,,task003_symmetric,truth,6,12,0.75,persistent,continuous,poisson,poisson,1.0,always,False,1000,0.8505381536707944,0.0870454349565445,0.9626250000000001,0.02320833333333333,1.0,0.2985,0.8478508872813334,0.08761339412975941,0.9652916666666668,0.021333333333333333,1.0,0.294875,27.87,330.921,0.531,960.821,task003_symmetric__silent__q6__rho0.75,0.13451708369360402,0.111375,0.1338874502996228,0.12179166666666669,0.0006130174090699516
task003_symmetric__truth__q6__qc12__rho0.75__lc1__gateoff__stopon,,task003_symmetric,truth,6,12,0.75,persistent,continuous,poisson,poisson,1.0,always,True,1000,0.8524348352973853,0.08589655627114158,0.963875,0.023,1.0,0.301125,0.8494601049017246,0.08780130057919454,0.9618333333333333,0.022541666666666668,1.0,0.29470833333333335,17.888,356.133,0.016,960.821,task003_symmetric__silent__q6__rho0.75,0.1364137653201947,0.112625,0.13549666792001408,0.11833333333333335,0.0006098950793123797
task003_symmetric__truth__q6__qc12__rho0.75__lc1__gateon__stopoff,,task003_symmetric,truth,6,12,0.75,persistent,continuous,poisson,poisson,1.0,votes,False,1000,0.8000721174797029,0.12770578830761925,0.9327083333333334,0.048208333333333325,1.0,0.23479166666666665,0.7983276963690185,0.12861938345610088,0.9314583333333334,0.048875,1.0,0.23887499999999998,2.559,356.625,0.0,960.821,task003_symmetric__silent__q6__rho0.75,0.0840510475025123,0.08145833333333334,0.08436425938730784,0.08795833333333335,0.0005838756646659471
task003_symmetric__truth__q6__qc12__rho0.75__lc1__gateon__stopon,,task003_symmetric,truth,6,12,0.75,persistent,continuous,poisson,poisson,1.0,votes,True,1000,0.7967862172873994,0.12989963878933067,0.9298333333333334,0.051,1.0,0.22875,0.7948597177064216,0.1310287184703912,0.9302083333333334,0.050416666666666665,1.0,0.231625,2.403,356.625,0.0,960.821,task003_symmetric__silent__q6__rho0.75,0.08076514731020885,0.07858333333333334,0.08089628072471108,0.08670833333333335,0.000586997994423519
task003_symmetric__truth__q6__qc12__rho0.75__lc2__gateoff__stopoff,,task003_symmetric,truth,6,12,0.75,persistent,continuous,poisson,poisson,2.0,always,False,1000,0.8508704896899508,0.08494255859969949,0.96225,0.02316666666666667,1.0,0.292,0.8484569414739394,0.08709040616094672,0.9635416666666667,0.022041666666666664,1.0,0.287,30.0,353.155,1.0,960.821,task003_symmetric__silent__q6__rho0.75,0.1348494197127602,0.111,0.13449350449222872,0.12004166666666669,0.000590120324181091
task003_symmetric__truth__q6__qc12__rho0.75__lc2__gateoff__stopon,,task003_symmetric,truth,6,12,0.75,persistent,continuous,poisson,poisson,2.0,always,True,1000,0.8586943731336999,0.07838817130190644,0.965375,0.020125,1.0,0.304625,0.8542757520026728,0.08051526714541166,0.963625,0.020708333333333336,1.0,0.292,28.932,573.115,0.764,960.821,task003_symmetric__silent__q6__rho0.75,0.14267330315650945,0.11412500000000002,0.14031231502096217,0.120125,0.0006223843983426674
task003_symmetric__truth__q6__qc12__rho0.75__lc2__gateon__stopoff,,task003_symmetric,truth,6,12,0.75,persistent,continuous,poisson,poisson,2.0,votes,False,1000,0.8110060782302204,0.12007059059033588,0.941375,0.042291666666666665,1.0,0.25395833333333334,0.8113658094401272,0.11872319707752518,0.94075,0.04208333333333333,1.0,0.2544166666666667,3.974,712.651,0.0,960.821,task003_symmetric__silent__q6__rho0.75,0.09498500825302994,0.090125,0.09740237245841646,0.09725,0.0005412038246457977
task003_symmetric__truth__q6__qc12__rho0.75__lc2__gateon__stopon,,task003_symmetric,truth,6,12,0.75,persistent,continuous,poisson,poisson,2.0,votes,True,1000,0.8101104823936245,0.12016916721885924,0.940375,0.042875,1.0,0.25370833333333337,0.8097397592670192,0.11893952074108907,0.9413333333333332,0.041666666666666664,1.0,0.252,3.628,712.651,0.0,960.821,task003_symmetric__silent__q6__rho0.75,0.09408941241643398,0.089125,0.09577632228530857,0.09783333333333334,0.0005422446012316551
task003_symmetric__truth__q6__qc12__rho0.75__lc4__gateoff__stopoff,,task003_symmetric,truth,6,12,0.75,persistent,continuous,poisson,poisson,4.0,always,False,1000,0.8506428545956365,0.0854412558512815,0.9625833333333332,0.022583333333333334,1.0,0.2927916666666666,0.8459541444447641,0.08744833696251415,0.96075,0.024958333333333332,1.0,0.286125,30.0,346.541,1.0,960.821,task003_symmetric__silent__q6__rho0.75,0.13462178461844593,0.11133333333333334,0.13199070746305347,0.11725,0.0005682640158780875
task003_symmetric__truth__q6__qc12__rho0.75__lc4__gateoff__stopon,,task003_symmetric,truth,6,12,0.75,persistent,continuous,poisson,poisson,4.0,always,True,1000,0.8529840074252382,0.08178927296630965,0.9656666666666668,0.019375,1.0,0.2919583333333334,0.8514007003031304,0.08328158261867442,0.9653333333333333,0.020833333333333336,1.0,0.290375,30.0,550.073,1.0,960.821,task003_symmetric__silent__q6__rho0.75,0.13696293744804758,0.11441666666666667,0.13743726332141978,0.12183333333333335,0.0005828348880800899
task003_symmetric__truth__q6__qc12__rho0.75__lc4__gateon__stopoff,,task003_symmetric,truth,6,12,0.75,persistent,continuous,poisson,poisson,4.0,votes,False,1000,0.8219237829299593,0.11079535612949894,0.9475,0.03695833333333333,1.0,0.2699166666666667,0.8196035481517715,0.11121022830489274,0.9503333333333335,0.03433333333333333,1.0,0.263875,6.004,1426.302,0.0,960.821,task003_symmetric__silent__q6__rho0.75,0.10590271295276878,0.09625000000000002,0.10564011117006092,0.10683333333333332,0.0005536931436760853
task003_symmetric__truth__q6__qc12__rho0.75__lc4__gateon__stopon,,task003_symmetric,truth,6,12,0.75,persistent,continuous,poisson,poisson,4.0,votes,True,1000,0.8216617029946347,0.11038215872124396,0.947625,0.035916666666666666,1.0,0.27070833333333333,0.8189426219840422,0.11167560240655995,0.9476666666666667,0.03670833333333333,1.0,0.2625416666666666,5.412,1426.302,0.0,960.821,task003_symmetric__silent__q6__rho0.75,0.10564063301744425,0.096375,0.10497918500233161,0.10416666666666666,0.0005568154734336573
task003_symmetric__truth__q6__qc12__rho0.75__lc8__gateoff__stopoff,,task003_symmetric,truth,6,12,0.75,persistent,continuous,poisson,poisson,8.0,always,False,1000,0.8474627099685136,0.08783298348938096,0.9611250000000001,0.024666666666666663,1.0,0.29258333333333336,0.8452103053637999,0.0890572744236891,0.958625,0.024875,1.0,0.28158333333333335,30.0,333.308,1.0,960.821,task003_symmetric__silent__q6__rho0.75,0.13144163999132302,0.109875,0.13124686838208924,0.115125,0.0005526523670902281
task003_symmetric__truth__q6__qc12__rho0.75__lc8__gateoff__stopon,,task003_symmetric,truth,6,12,0.75,persistent,continuous,poisson,poisson,8.0,always,True,1000,0.8520081458785692,0.08306048035298266,0.9627083333333334,0.021791666666666664,1.0,0.2877083333333333,0.8498259527413013,0.08442589477268149,0.964125,0.0215,1.0,0.284,30.0,494.192,1.0,960.821,task003_symmetric__silent__q6__rho0.75,0.13598707590137868,0.11145833333333334,0.13586251575959069,0.12062500000000001,0.0005672232392922303
task003_symmetric__truth__q6__qc12__rho0.75__lc8__gateon__stopoff,,task003_symmetric,truth,6,12,0.75,persistent,continuous,poisson,poisson,8.0,votes,False,1000,0.828766834380859,0.10469425114689827,0.9534166666666667,0.03183333333333333,1.0,0.2750833333333333,0.8271327352707228,0.10397692810546184,0.9551666666666667,0.030291666666666668,1.0,0.2745833333333333,9.242,2853.08,0.002,960.821,task003_symmetric__silent__q6__rho0.75,0.11274576440366846,0.10216666666666667,0.11316929828901215,0.11166666666666668,0.0005266329524437955
task003_symmetric__truth__q6__qc12__rho0.75__lc8__gateon__stopon,,task003_symmetric,truth,6,12,0.75,persistent,continuous,poisson,poisson,8.0,votes,True,1000,0.8301481407935227,0.10433464320385656,0.9540833333333334,0.03170833333333333,1.0,0.273375,0.8275124735444718,0.1048200174268641,0.954875,0.030916666666666665,1.0,0.2735416666666666,8.216,2851.712,0.002,960.821,task003_symmetric__silent__q6__rho0.75,0.11412707081633228,0.10283333333333335,0.11354903656276112,0.111375,0.0005151844099993651
task003_symmetric__truth__q6__qc12__rho1__lc0.5__gateoff__stopoff,,task003_symmetric,truth,6,12,1.0,persistent,continuous,poisson,poisson,0.5,always,False,1000,0.9999877498907624,0.0,1.0,0.0,1.0,0.9997083333333334,0.9999898634173324,0.0,1.0,0.0,1.0,0.99975,14.914,177.17,0.0,960.821,task003_symmetric__silent__q6__rho1,6.259889251397543e-05,8.333333333333326e-05,3.957333213553849e-05,4.166666666666663e-05,
task003_symmetric__truth__q6__qc12__rho1__lc0.5__gateoff__stopon,,task003_symmetric,truth,6,12,1.0,persistent,continuous,poisson,poisson,0.5,always,True,1000,0.9999914648384647,0.0,1.0,0.0,1.0,0.99975,0.9999917723415397,0.0,0.9999583333333334,0.0,1.0,0.9997916666666667,11.594,177.17,0.0,960.821,task003_symmetric__silent__q6__rho1,6.631384021624298e-05,8.333333333333326e-05,4.148225634278846e-05,0.0,
task003_symmetric__truth__q6__qc12__rho1__lc0.5__gateon__stopoff,,task003_symmetric,truth,6,12,1.0,persistent,continuous,poisson,poisson,0.5,votes,False,1000,0.9999662391460945,0.0,0.9999583333333334,0.0,1.0,0.9992083333333334,0.9999786887761972,0.0,0.9999166666666668,0.0,1.0,0.9994166666666667,0.914,177.17,0.0,960.821,task003_symmetric__silent__q6__rho1,4.1088147846063514e-05,4.166666666666663e-05,2.839869100037895e-05,-4.166666666666663e-05,
task003_symmetric__truth__q6__qc12__rho1__lc0.5__gateon__stopon,,task003_symmetric,truth,6,12,1.0,persistent,continuous,poisson,poisson,0.5,votes,True,1000,0.9999632795098223,0.0,0.9999583333333334,0.0,1.0,0.999125,0.999975729139925,0.0,0.9999166666666668,0.0,1.0,0.9993333333333334,0.866,177.17,0.0,960.821,task003_symmetric__silent__q6__rho1,3.812851157388364e-05,4.166666666666663e-05,2.5439054728199072e-05,-4.166666666666663e-05,
task003_symmetric__truth__q6__qc12__rho1__lc1__gateoff__stopoff,,task003_symmetric,truth,6,12,1.0,persistent,continuous,poisson,poisson,1.0,always,False,1000,0.9999878901721979,8.997698263234987e-06,0.9999583333333334,0.0,1.0,0.9997916666666667,0.9999878901721979,8.997698263234987e-06,1.0,0.0,1.0,0.9997916666666667,27.87,330.931,0.531,960.821,task003_symmetric__silent__q6__rho1,6.273917394940598e-05,4.166666666666663e-05,3.7600087000920654e-05,4.166666666666663e-05,
task003_symmetric__truth__q6__qc12__rho1__lc1__gateoff__stopon,,task003_symmetric,truth,6,12,1.0,persistent,continuous,poisson,poisson,1.0,always,True,1000,0.999998903508772,0.0,1.0,0.0,1.0,0.9999583333333334,0.999998903508772,0.0,1.0,0.0,1.0,0.9999583333333334,22.667,351.199,0.145,960.821,task003_symmetric__silent__q6__rho1,7.37525105234601e-05,8.333333333333326e-05,4.861342357497478e-05,4.166666666666663e-05,
task003_symmetric__truth__q6__qc12__rho1__lc1__gateon__stopoff,,task003_symmetric,truth,6,12,1.0,persistent,continuous,poisson,poisson,1.0,votes,False,1000,0.9999138140350424,1.7661179698216738e-05,0.9999583333333334,4.1666666666666665e-05,1.0,0.998875,0.9999252472821616,1.7661179698216738e-05,1.0,0.0,1.0,0.9991666666666668,1.667,356.635,0.0,960.821,task003_symmetric__silent__q6__rho1,-1.133696320607136e-05,4.166666666666663e-05,-2.5042803035402516e-05,4.166666666666663e-05,
task003_symmetric__truth__q6__qc12__rho1__lc1__gateon__stopon,,task003_symmetric,truth,6,12,1.0,persistent,continuous,poisson,poisson,1.0,votes,True,1000,0.9999188228661355,1.7661179698216738e-05,0.9999583333333334,4.1666666666666665e-05,1.0,0.998875,0.9999376526242246,1.7661179698216738e-05,1.0,0.0,1.0,0.9992916666666667,1.552,356.635,0.0,960.821,task003_symmetric__silent__q6__rho1,-6.328132112922713e-06,4.166666666666663e-05,-1.263746097240992e-05,4.166666666666663e-05,
task003_symmetric__truth__q6__qc12__rho1__lc2__gateoff__stopoff,,task003_symmetric,truth,6,12,1.0,persistent,continuous,poisson,poisson,2.0,always,False,1000,0.9999811267014451,1.8873298554895965e-05,1.0,0.0,1.0,0.9999166666666667,0.9999811267014451,1.8873298554895965e-05,0.9999166666666667,8.333333333333333e-05,1.0,0.9999166666666667,30.0,353.188,1.0,960.821,task003_symmetric__silent__q6__rho1,5.5975703196634364e-05,8.333333333333326e-05,3.083661624814904e-05,-4.166666666666663e-05,
task003_symmetric__truth__q6__qc12__rho1__lc2__gateoff__stopon,,task003_symmetric,truth,6,12,1.0,persistent,continuous,poisson,poisson,2.0,always,True,1000,0.9999908983498506,0.0,1.0,0.0,1.0,0.9997083333333334,0.9999908983498506,0.0,1.0,0.0,1.0,0.9997083333333334,29.673,477.568,0.946,960.821,task003_symmetric__silent__q6__rho1,6.574735160202605e-05,8.333333333333326e-05,4.060826465354073e-05,4.166666666666663e-05,
task003_symmetric__truth__q6__qc12__rho1__lc2__gateon__stopoff,,task003_symmetric,truth,6,12,1.0,persistent,continuous,poisson,poisson,2.0,votes,False,1000,0.9999688319653627,1.957857064143598e-05,0.9999583333333333,0.0,1.0,0.999375,0.9999899943204101,7.61348055134589e-06,1.0,0.0,1.0,0.9997916666666667,2.835,712.684,0.0,960.821,task003_symmetric__silent__q6__rho1,4.3680967114193005e-05,4.166666666666663e-05,3.970423521315869e-05,4.166666666666663e-05,
task003_symmetric__truth__q6__qc12__rho1__lc2__gateon__stopon,,task003_symmetric,truth,6,12,1.0,persistent,continuous,poisson,poisson,2.0,votes,True,1000,0.9999666028898936,1.7341434176111593e-05,0.9999583333333333,0.0,1.0,0.9993333333333333,0.9999895706381621,5.376344086021505e-06,0.9999583333333333,0.0,1.0,0.99975,2.593,712.684,0.0,960.821,task003_symmetric__silent__q6__rho1,4.1451891645162164e-05,4.166666666666663e-05,3.928055296503274e-05,0.0,
task003_symmetric__truth__q6__qc12__rho1__lc4__gateoff__stopoff,,task003_symmetric,truth,6,12,1.0,persistent,continuous,poisson,poisson,4.0,always,False,1000,0.9999655574788187,0.0,1.0,0.0,1.0,0.9995416666666668,0.9999722095256023,0.0,0.9999583333333334,0.0,1.0,0.999625,30.0,346.604,1.0,960.821,task003_symmetric__silent__q6__rho1,4.040648057018825e-05,8.333333333333326e-05,2.1919440405328672e-05,0.0,
task003_symmetric__truth__q6__qc12__rho1__lc4__gateoff__stopon,,task003_symmetric,truth,6,12,1.0,persistent,continuous,poisson,poisson,4.0,always,True,1000,0.9999950199309995,1.2431060381785686e-06,1.0,0.0,1.0,0.9998333333333334,0.9999962748553862,4.1254125412541255e-07,1.0,0.0,1.0,0.9998333333333334,30.0,485.612,1.0,960.821,task003_symmetric__silent__q6__rho1,6.986893275092298e-05,8.333333333333326e-05,4.598477018927205e-05,4.166666666666663e-05,
task003_symmetric__truth__q6__qc12__rho1__lc4__gateon__stopoff,,task003_symmetric,truth,6,12,1.0,persistent,continuous,poisson,poisson,4.0,votes,False,1000,0.9999450089592513,2.454165128583733e-05,1.0,0.0,1.0,0.99925,0.999947779848079,2.454165128583733e-05,1.0,0.0,1.0,0.9993333333333333,4.619,1426.367,0.0,960.821,task003_symmetric__silent__q6__rho1,1.9857961002814784e-05,8.333333333333326e-05,-2.5102371180167893e-06,4.166666666666663e-05,
task003_symmetric__truth__q6__qc12__rho1__lc4__gateon__stopon,,task003_symmetric,truth,6,12,1.0,persistent,continuous,poisson,poisson,4.0,votes,True,1000,0.9999539707459071,1.4851728805217177e-05,1.0,0.0,1.0,0.9992916666666667,0.9999567416347347,1.4851728805217177e-05,1.0,0.0,1.0,0.999375,4.192,1426.367,0.0,960.821,task003_symmetric__silent__q6__rho1,2.8819747658662354e-05,8.333333333333326e-05,6.4515495378307805e-06,4.166666666666663e-05,
task003_symmetric__truth__q6__qc12__rho1__lc8__gateoff__stopoff,,task003_symmetric,truth,6,12,1.0,persistent,continuous,poisson,poisson,8.0,always,False,1000,0.9999547283596553,1.7840952470591244e-05,0.9999583333333334,0.0,1.0,0.9994166666666667,0.9999738802813636,9.897109070840311e-06,1.0,0.0,1.0,0.9997083333333334,30.0,333.441,1.0,960.821,task003_symmetric__silent__q6__rho1,2.9577361406791235e-05,4.166666666666663e-05,2.3590196166537793e-05,4.166666666666663e-05,
task003_symmetric__truth__q6__qc12__rho1__lc8__gateoff__stopon,,task003_symmetric,truth,6,12,1.0,persistent,continuous,poisson,poisson,8.0,always,True,1000,0.9999788370489132,4.401827353193109e-06,0.9999583333333334,0.0,1.0,0.9994583333333333,0.9999857814146871,4.401827353193109e-06,0.9999583333333334,4.1666666666666665e-05,1.0,0.999625,30.0,484.377,1.0,960.821,task003_symmetric__silent__q6__rho1,5.36860506646607e-05,4.166666666666663e-05,3.549132949008893e-05,0.0,
task003_symmetric__truth__q6__qc12__rho1__lc8__gateon__stopoff,,task003_symmetric,truth,6,12,1.0,persistent,continuous,poisson,poisson,8.0,votes,False,1000,0.9999629602034947,9.868421052631579e-06,0.999875,4.1666666666666665e-05,1.0,0.9994583333333333,0.9999694448173657,9.868421052631579e-06,1.0,0.0,1.0,0.9995416666666668,7.447,2856.908,0.0,960.821,task003_symmetric__silent__q6__rho1,3.780920524621656e-05,-4.166666666666663e-05,1.9154732168708776e-05,4.166666666666663e-05,
task003_symmetric__truth__q6__qc12__rho1__lc8__gateon__stopon,,task003_symmetric,truth,6,12,1.0,persistent,continuous,poisson,poisson,8.0,votes,True,1000,0.9999449692354758,1.7399313156308492e-05,0.999875,8.333333333333333e-05,1.0,0.9989583333333333,0.999951637710367,1.4630325814536341e-05,1.0,0.0,1.0,0.9990833333333332,6.728,2856.908,0.0,960.821,task003_symmetric__silent__q6__rho1,1.9818237227345324e-05,-4.166666666666663e-05,1.3476251700018648e-06,4.166666666666663e-05,
task003_symmetric__truth__q6__qc24__rho0.75__lc0.5__gateoff__stopoff,,task003_symmetric,truth,6,24,0.75,persistent,continuous,poisson,poisson,0.5,always,False,1000,0.8108592257592571,0.12316183760364041,0.9444583333333334,0.03945833333333333,1.0,0.2732083333333334,0.8052788330581452,0.1252379908210755,0.9407083333333334,0.043416666666666666,1.0,0.26541666666666663,14.914,351.275,0.0,960.821,task003_symmetric__silent__q6__rho0.75,0.09483815578206654,0.09320833333333334,0.09131539607643453,0.09720833333333334,
task003_symmetric__truth__q6__qc24__rho0.75__lc0.5__gateoff__stopon,,task003_symmetric,truth,6,24,0.75,persistent,continuous,poisson,poisson,0.5,always,True,1000,0.801310490302595,0.12724751882296922,0.93675,0.04512499999999999,1.0,0.244375,0.7994760674520164,0.12850714358091275,0.9330833333333334,0.04820833333333334,1.0,0.24333333333333335,2.668,351.275,0.0,960.821,task003_symmetric__silent__q6__rho0.75,0.0852894203254046,0.0855,0.08551263047030579,0.08958333333333335,
task003_symmetric__truth__q6__qc24__rho0.75__lc0.5__gateon__stopoff,,task003_symmetric,truth,6,24,0.75,persistent,continuous,poisson,poisson,0.5,votes,False,1000,0.7843514722334022,0.139635858560702,0.9214583333333334,0.05766666666666666,1.0,0.21733333333333335,0.7828846641543495,0.14036274440419705,0.9179166666666667,0.058708333333333335,1.0,0.21608333333333332,1.578,351.275,0.0,960.821,task003_symmetric__silent__q6__rho0.75,0.06833040225621176,0.07020833333333334,0.06892122717263899,0.07441666666666666,
task003_symmetric__truth__q6__qc24__rho0.75__lc0.5__gateon__stopon,,task003_symmetric,truth,6,24,0.75,persistent,continuous,poisson,poisson,0.5,votes,True,1000,0.7714108753793132,0.1487751580700799,0.9108333333333334,0.06495833333333334,1.0,0.19183333333333333,0.7703743722142787,0.14901588662673407,0.9060416666666667,0.0675,1.0,0.19154166666666667,1.123,351.275,0.0,960.821,task003_symmetric__silent__q6__rho0.75,0.05538980540212265,0.05958333333333334,0.056410935232568155,0.06254166666666666,
task003_symmetric__truth__q6__qc24__rho0.75__lc1__gateoff__stopoff,,task003_symmetric,truth,6,24,0.75,persistent,continuous,poisson,poisson,1.0,always,False,1000,0.8162170461711404,0.11740755214876068,0.9490416666666667,0.035666666666666666,1.0,0.2752916666666666,0.8157940482014403,0.11604309896707897,0.9503333333333334,0.035541666666666666,1.0,0.27779166666666666,27.87,655.981,0.531,960.821,task003_symmetric__silent__q6__rho0.75,0.10019597619394989,0.09779166666666667,0.10183061121972986,0.10683333333333335,
task003_symmetric__truth__q6__qc24__rho0.75__lc1__gateoff__stopon,,task003_symmetric,truth,6,24,0.75,persistent,continuous,poisson,poisson,1.0,always,True,1000,0.8151899946796834,0.11689332540266138,0.94575,0.03841666666666666,1.0,0.27179166666666665,0.8166932348615783,0.11526216241021382,0.9455,0.03858333333333333,1.0,0.26975,4.174,707.389,0.0,960.821,task003_symmetric__silent__q6__rho0.75,0.09916892470249293,0.0945,0.10272979787986777,0.10200000000000001,
task003_symmetric__truth__q6__qc24__rho0.75__lc1__gateon__stopoff,,task003_symmetric,truth,6,24,0.75,persistent,continuous,poisson,poisson,1.0,votes,False,1000,0.7942600854524066,0.1338663019670534,0.929125,0.05229166666666667,1.0,0.2364166666666667,0.7929534465809506,0.13446765437156596,0.9294583333333334,0.050875,1.0,0.23320833333333332,2.433,707.388,0.0,960.821,task003_symmetric__silent__q6__rho0.75,0.07823901547521608,0.077875,0.07899000959923995,0.08595833333333334,
task003_symmetric__truth__q6__qc24__rho0.75__lc1__gateon__stopon,,task003_symmetric,truth,6,24,0.75,persistent,continuous,poisson,poisson,1.0,votes,True,1000,0.7850832623980915,0.14007326510777357,0.9222916666666667,0.05729166666666667,1.0,0.215375,0.7833946031338843,0.1401177967821696,0.921125,0.056166666666666656,1.0,0.21279166666666666,1.73,707.388,0.0,960.821,task003_symmetric__silent__q6__rho0.75,0.06906219242090103,0.07104166666666666,0.06943116615217369,0.077625,
task003_symmetric__truth__q6__qc24__rho0.75__lc2__gateoff__stopoff,,task003_symmetric,truth,6,24,0.75,persistent,continuous,poisson,poisson,2.0,always,False,1000,0.818788507322656,0.11373650144844735,0.9480416666666668,0.036125,1.0,0.2791666666666667,0.8197300520055282,0.11262213107881902,0.9495416666666667,0.03491666666666666,1.0,0.27366666666666667,30.0,694.561,1.0,960.821,task003_symmetric__silent__q6__rho0.75,0.10276743734546549,0.09679166666666665,0.10576661502381751,0.10604166666666667,
task003_symmetric__truth__q6__qc24__rho0.75__lc2__gateoff__stopon,,task003_symmetric,truth,6,24,0.75,persistent,continuous,poisson,poisson,2.0,always,True,1000,0.8255742240538231,0.10904164046910139,0.9507083333333334,0.03375,1.0,0.28195833333333337,0.8255852949164215,0.10630137478084498,0.9537083333333334,0.032125,1.0,0.27608333333333335,6.703,1413.553,0.0,960.821,task003_symmetric__silent__q6__rho0.75,0.10955315407663256,0.09945833333333334,0.11162185793471086,0.11020833333333334,
task003_symmetric__truth__q6__qc24__rho0.75__lc2__gateon__stopoff,,task003_symmetric,truth,6,24,0.75,persistent,continuous,poisson,poisson,2.0,votes,False,1000,0.8032110241947655,0.12676205687930153,0.9384583333333333,0.04375,1.0,0.254125,0.800661907283729,0.12808073158616026,0.9363333333333332,0.04504166666666667,1.0,0.2529166666666667,3.789,1413.556,0.0,960.821,task003_symmetric__silent__q6__rho0.75,0.08718995421757512,0.08720833333333335,0.08669847030201837,0.09283333333333332,
task003_symmetric__truth__q6__qc24__rho0.75__lc2__gateon__stopon,,task003_symmetric,truth,6,24,0.75,persistent,continuous,poisson,poisson,2.0,votes,True,1000,0.795460384251596,0.13218361163637768,0.9305,0.049916666666666665,1.0,0.23391666666666666,0.7951599279664492,0.1311153814914862,0.9315833333333333,0.048791666666666664,1.0,0.23441666666666666,2.623,1413.556,0.0,960.821,task003_symmetric__silent__q6__rho0.75,0.07943931427440547,0.07925,0.08119649098473872,0.08808333333333333,
task003_symmetric__truth__q6__qc24__rho0.75__lc4__gateoff__stopoff,,task003_symmetric,truth,6,24,0.75,persistent,continuous,poisson,poisson,4.0,always,False,1000,0.8234175384064656,0.10938031987071994,0.9502916666666668,0.03575,1.0,0.276125,0.8233177890497247,0.1087427363771323,0.948875,0.033875,1.0,0.27191666666666664,30.0,669.365,1.0,960.821,task003_symmetric__silent__q6__rho0.75,0.1073964684292751,0.09904166666666665,0.10935435206801424,0.105375,
task003_symmetric__truth__q6__qc24__rho0.75__lc4__gateoff__stopon,,task003_symmetric,truth,6,24,0.75,persistent,continuous,poisson,poisson,4.0,always,True,1000,0.8379959829738748,0.09679020273380533,0.9592916666666668,0.025666666666666664,1.0,0.2917916666666666,0.8349081686144708,0.09830805683246126,0.9577916666666667,0.02783333333333333,1.0,0.2847916666666666,11.515,2819.813,0.009,960.821,task003_symmetric__silent__q6__rho0.75,0.12197491299668424,0.10804166666666669,0.12094473163276015,0.11429166666666668,
task003_symmetric__truth__q6__qc24__rho0.75__lc4__gateon__stopoff,,task003_symmetric,truth,6,24,0.75,persistent,continuous,poisson,poisson,4.0,votes,False,1000,0.8115528530205017,0.11931535005118249,0.9438333333333334,0.03983333333333333,1.0,0.26179166666666664,0.8102276046369074,0.11913748324349518,0.9440416666666668,0.0395,1.0,0.2614166666666667,5.737,2828.888,0.0,960.821,task003_symmetric__silent__q6__rho0.75,0.0955317830433113,0.09258333333333334,0.09626416765519678,0.10054166666666667,
task003_symmetric__truth__q6__qc24__rho0.75__lc4__gateon__stopon,,task003_symmetric,truth,6,24,0.75,persistent,continuous,poisson,poisson,4.0,votes,True,1000,0.8090436988122665,0.12039740734487868,0.9413333333333334,0.04141666666666666,1.0,0.25395833333333334,0.8072533360174936,0.12065357844764867,0.9414166666666668,0.04175,1.0,0.2503333333333333,3.908,2828.888,0.0,960.821,task003_symmetric__silent__q6__rho0.75,0.09302262883507599,0.09008333333333335,0.09328989903578301,0.09791666666666665,
task003_symmetric__truth__q6__qc24__rho0.75__lc8__gateoff__stopoff,,task003_symmetric,truth,6,24,0.75,persistent,continuous,poisson,poisson,8.0,always,False,1000,0.8285259627169523,0.10565777643081614,0.95275,0.033375,1.0,0.2769583333333333,0.8261646877702253,0.10647506390555916,0.9522916666666668,0.03145833333333334,1.0,0.2754583333333333,30.0,618.729,1.0,960.821,task003_symmetric__silent__q6__rho0.75,0.11250489273976186,0.10150000000000002,0.1122012507885147,0.10879166666666669,
task003_symmetric__truth__q6__qc24__rho0.75__lc8__gateoff__stopon,,task003_symmetric,truth,6,24,0.75,persistent,continuous,poisson,poisson,8.0,always,True,1000,0.847947959657803,0.08787809285349962,0.9637916666666667,0.021541666666666664,1.0,0.29708333333333337,0.8454865176061923,0.08905085793325887,0.9617916666666667,0.022708333333333334,1.0,0.287375,20.216,5263.263,0.191,960.821,task003_symmetric__silent__q6__rho0.75,0.13192688968061259,0.11254166666666668,0.13152308062448173,0.11829166666666668,
task003_symmetric__truth__q6__qc24__rho0.75__lc8__gateon__stopoff,,task003_symmetric,truth,6,24,0.75,persistent,continuous,poisson,poisson,8.0,votes,False,1000,0.8175406597898031,0.11549613892222586,0.9477083333333334,0.03695833333333333,1.0,0.2701666666666666,0.8131345116563146,0.11737703585333585,0.9459166666666667,0.037625,1.0,0.264875,9.103,5645.481,0.004,960.821,task003_symmetric__silent__q6__rho0.75,0.10151958981261257,0.09645833333333334,0.09917107467460386,0.10241666666666666,
task003_symmetric__truth__q6__qc24__rho0.75__lc8__gateon__stopon,,task003_symmetric,truth,6,24,0.75,persistent,continuous,poisson,poisson,8.0,votes,True,1000,0.8181925552526218,0.11413156656019469,0.9480416666666668,0.037166666666666674,1.0,0.26641666666666663,0.8140737445123345,0.11603595744707468,0.9457916666666666,0.037625,1.0,0.26329166666666665,6.112,5665.67,0.0,960.821,task003_symmetric__silent__q6__rho0.75,0.1021714852754313,0.09679166666666666,0.10011030753062392,0.10229166666666667,
task003_symmetric__truth__q6__qc24__rho1__lc0.5__gateoff__stopoff,,task003_symmetric,truth,6,24,1.0,persistent,continuous,poisson,poisson,0.5,always,False,1000,0.9999776144914148,9.46969696969697e-06,1.0,0.0,1.0,0.9995833333333333,0.9999903232611007,0.0,1.0,0.0,1.0,0.9997083333333334,14.914,351.295,0.0,960.821,task003_symmetric__silent__q6__rho1,5.246349316635379e-05,8.333333333333326e-05,4.003317590372646e-05,4.166666666666663e-05,
task003_symmetric__truth__q6__qc24__rho1__lc0.5__gateoff__stopon,,task003_symmetric,truth,6,24,1.0,persistent,continuous,poisson,poisson,0.5,always,True,1000,0.999970373859292,1.818211189172678e-05,1.0,0.0,1.0,0.9995833333333334,0.9999884779116387,4.716981132075471e-06,1.0,0.0,1.0,0.99975,5.51,351.295,0.0,960.821,task003_symmetric__silent__q6__rho1,4.522286104350504e-05,8.333333333333326e-05,3.818782644180263e-05,4.166666666666663e-05,
task003_symmetric__truth__q6__qc24__rho1__lc0.5__gateon__stopoff,,task003_symmetric,truth,6,24,1.0,persistent,continuous,poisson,poisson,0.5,votes,False,1000,0.9999587720511217,8.277906304222094e-06,0.9999166666666668,4.1666666666666665e-05,1.0,0.9992916666666667,0.9999757263292113,5.87406015037594e-06,0.9999166666666668,0.0,1.0,0.9995416666666668,0.975,351.295,0.0,960.821,task003_symmetric__silent__q6__rho1,3.362105287327155e-05,0.0,2.5436244014193754e-05,-4.166666666666663e-05,
task003_symmetric__truth__q6__qc24__rho1__lc0.5__gateon__stopon,,task003_symmetric,truth,6,24,1.0,persistent,continuous,poisson,poisson,0.5,votes,True,1000,0.9999579229302729,1.1111111111111112e-05,0.9999166666666668,4.1666666666666665e-05,1.0,0.9993333333333334,0.9999708838078195,1.1111111111111112e-05,0.9999166666666668,0.0,1.0,0.9995833333333334,0.654,351.295,0.0,960.821,task003_symmetric__silent__q6__rho1,3.2771932024482916e-05,0.0,2.0593722622561094e-05,-4.166666666666663e-05,
task003_symmetric__truth__q6__qc24__rho1__lc1__gateoff__stopoff,,task003_symmetric,truth,6,24,1.0,persistent,continuous,poisson,poisson,1.0,always,False,1000,0.9999957324355491,0.0,0.9999583333333333,0.0,1.0,0.999875,0.9999957324355491,0.0,1.0,0.0,1.0,0.999875,27.87,656.012,0.531,960.821,task003_symmetric__silent__q6__rho1,7.058143730049648e-05,4.166666666666663e-05,4.5442350352011166e-05,4.166666666666663e-05,
task003_symmetric__truth__q6__qc24__rho1__lc1__gateoff__stopon,,task003_symmetric,truth,6,24,1.0,persistent,continuous,poisson,poisson,1.0,always,True,1000,1.0,0.0,1.0,0.0,1.0,1.0,1.0,0.0,1.0,0.0,1.0,1.0,10.372,706.724,0.01,960.821,task003_symmetric__silent__q6__rho1,7.48490017515303e-05,8.333333333333326e-05,4.970991480304498e-05,4.166666666666663e-05,
task003_symmetric__truth__q6__qc24__rho1__lc1__gateon__stopoff,,task003_symmetric,truth,6,24,1.0,persistent,continuous,poisson,poisson,1.0,votes,False,1000,0.9999662361425273,0.0,1.0,0.0,1.0,0.99925,0.999976468395929,0.0,1.0,0.0,1.0,0.9994583333333332,1.737,707.419,0.0,960.821,task003_symmetric__silent__q6__rho1,4.108514427889232e-05,8.333333333333326e-05,2.6178310732081768e-05,4.166666666666663e-05,
task003_symmetric__truth__q6__qc24__rho1__lc1__gateon__stopon,,task003_symmetric,truth,6,24,1.0,persistent,continuous,poisson,poisson,1.0,votes,True,1000,0.9999382358117537,7.0028011204481795e-06,1.0,0.0,1.0,0.9987083333333333,0.9999591990470708,0.0,0.9999583333333333,0.0,1.0,0.9990416666666666,1.21,707.419,0.0,960.821,task003_symmetric__silent__q6__rho1,1.3084813505221393e-05,8.333333333333326e-05,8.908961873903443e-06,0.0,
task003_symmetric__truth__q6__qc24__rho1__lc2__gateoff__stopoff,,task003_symmetric,truth,6,24,1.0,persistent,continuous,poisson,poisson,2.0,always,False,1000,0.9999662924048658,2.3182934315531e-05,1.0,0.0,1.0,0.9996666666666667,0.9999662924048658,2.3182934315531e-05,1.0,0.0,1.0,0.9996666666666667,30.0,694.632,1.0,960.821,task003_symmetric__silent__q6__rho1,4.1141406617371424e-05,8.333333333333326e-05,1.60023196688861e-05,4.166666666666663e-05,
task003_symmetric__truth__q6__qc24__rho1__lc2__gateoff__stopon,,task003_symmetric,truth,6,24,1.0,persistent,continuous,poisson,poisson,2.0,always,True,1000,0.9999960113960115,0.0,1.0,0.0,1.0,0.9999166666666667,0.9999960113960115,0.0,0.9999583333333333,0.0,1.0,0.9999166666666667,17.169,1344.48,0.236,960.821,task003_symmetric__silent__q6__rho1,7.08603977629263e-05,8.333333333333326e-05,4.5721310814440976e-05,0.0,
task003_symmetric__truth__q6__qc24__rho1__lc2__gateon__stopoff,,task003_symmetric,truth,6,24,1.0,persistent,continuous,poisson,poisson,2.0,votes,False,1000,0.9999345702573862,1.2580393930258264e-05,0.9999583333333334,0.0,1.0,0.999125,0.9999564252875236,5.376344086021505e-06,0.9999166666666668,0.0,1.0,0.9994166666666667,2.981,1413.624,0.0,960.821,task003_symmetric__silent__q6__rho1,9.419259137828484e-06,4.166666666666663e-05,6.135202326710609e-06,-4.166666666666663e-05,
task003_symmetric__truth__q6__qc24__rho1__lc2__gateon__stopon,,task003_symmetric,truth,6,24,1.0,persistent,continuous,poisson,poisson,2.0,votes,True,1000,0.999934416010015,2.9875991414534996e-05,1.0,0.0,1.0,0.999375,0.9999480358211323,2.2671941570298235e-05,0.9999166666666668,4.1666666666666665e-05,1.0,0.9995416666666668,1.966,1413.624,0.0,960.821,task003_symmetric__silent__q6__rho1,9.26501176641581e-06,8.333333333333326e-05,-2.2542640646836533e-06,-4.166666666666663e-05,
task003_symmetric__truth__q6__qc24__rho1__lc4__gateoff__stopoff,,task003_symmetric,truth,6,24,1.0,persistent,continuous,poisson,poisson,4.0,always,False,1000,0.9999895575595966,0.0,1.0,0.0,1.0,0.9995,0.9999907166359404,0.0,1.0,0.0,1.0,0.9995833333333334,30.0,669.497,1.0,960.821,task003_symmetric__silent__q6__rho1,6.440656134810296e-05,8.333333333333326e-05,4.0426550743445256e-05,4.166666666666663e-05,
task003_symmetric__truth__q6__qc24__rho1__lc4__gateoff__stopon,,task003_symmetric,truth,6,24,1.0,persistent,continuous,poisson,poisson,4.0,always,True,1000,0.9999722186268611,9.683855125844077e-06,0.9999583333333334,0.0,1.0,0.9995833333333334,0.9999780575920526,6.906077348066298e-06,0.9999166666666668,0.0,1.0,0.9997083333333334,24.159,2226.281,0.527,960.821,task003_symmetric__silent__q6__rho1,4.7067628612620706e-05,4.166666666666663e-05,2.776750685561846e-05,-4.166666666666663e-05,
task003_symmetric__truth__q6__qc24__rho1__lc4__gateon__stopoff,,task003_symmetric,truth,6,24,1.0,persistent,continuous,poisson,poisson,4.0,votes,False,1000,0.9999597891528219,6.076388888888889e-06,0.9999583333333334,0.0,1.0,0.999375,0.9999749592075898,0.0,1.0,0.0,1.0,0.9995833333333334,4.813,2829.023,0.0,960.821,task003_symmetric__silent__q6__rho1,3.463815457356423e-05,4.166666666666663e-05,2.4669122392945497e-05,4.166666666666663e-05,
task003_symmetric__truth__q6__qc24__rho1__lc4__gateon__stopon,,task003_symmetric,truth,6,24,1.0,persistent,continuous,poisson,poisson,4.0,votes,True,1000,0.9999672312646258,6.076388888888889e-06,1.0,0.0,1.0,0.9993333333333333,0.9999809149497344,0.0,1.0,0.0,1.0,0.9995416666666668,3.21,2829.023,0.0,960.821,task003_symmetric__silent__q6__rho1,4.208026637734941e-05,8.333333333333326e-05,3.062486453736823e-05,4.166666666666663e-05,
task003_symmetric__truth__q6__qc24__rho1__lc8__gateoff__stopoff,,task003_symmetric,truth,6,24,1.0,persistent,continuous,poisson,poisson,8.0,always,False,1000,0.9999724934732137,5.474179247543733e-06,0.9999166666666668,0.0,1.0,0.9993333333333334,0.9999814154235562,8.012820512820513e-07,0.9999583333333334,0.0,1.0,0.9995,30.0,619.042,1.0,960.821,task003_symmetric__silent__q6__rho1,4.7342474965258565e-05,0.0,3.112533835914677e-05,0.0,
task003_symmetric__truth__q6__qc24__rho1__lc8__gateoff__stopon,,task003_symmetric,truth,6,24,1.0,persistent,continuous,poisson,poisson,8.0,always,True,1000,0.9999888426319733,4.265152925119425e-06,1.0,0.0,1.0,0.999625,0.9999904584368774,4.265152925119425e-06,1.0,0.0,1.0,0.9997083333333333,28.506,3003.419,0.882,960.821,task003_symmetric__silent__q6__rho1,6.369163372475916e-05,8.333333333333326e-05,4.0168351680325065e-05,4.166666666666663e-05,
task003_symmetric__truth__q6__qc24__rho1__lc8__gateon__stopoff,,task003_symmetric,truth,6,24,1.0,persistent,continuous,poisson,poisson,8.0,votes,False,1000,0.999967227573756,1.3029947434155445e-05,0.9999583333333334,0.0,1.0,0.9994583333333333,0.9999677275737561,1.3029947434155445e-05,1.0,0.0,1.0,0.9995,7.605,5665.984,0.0,960.821,task003_symmetric__silent__q6__rho1,4.207657550754529e-05,4.166666666666663e-05,1.743748855906002e-05,4.166666666666663e-05,
task003_symmetric__truth__q6__qc24__rho1__lc8__gateon__stopon,,task003_symmetric,truth,6,24,1.0,persistent,continuous,poisson,poisson,8.0,votes,True,1000,0.9999630405244855,2.0685602740817465e-05,0.9999166666666668,4.1666666666666665e-05,1.0,0.9995,0.9999635405244854,2.0685602740817465e-05,1.0,0.0,1.0,0.9995416666666667,5.075,5665.984,0.0,960.821,task003_symmetric__silent__q6__rho1,3.788952623702779e-05,0.0,1.3250439288542527e-05,4.166666666666663e-05,
task003_symmetric__truth__q6__qc3__rho0.75__lc0.5__gateoff__stopoff,,task003_symmetric,truth,6,3,0.75,persistent,continuous,poisson,poisson,0.5,always,False,1000,0.8315942142332927,0.10783719277324431,0.9504166666666667,0.037,1.0,0.2705416666666666,0.8298429152818063,0.10843024507247775,0.9510416666666668,0.03570833333333333,1.0,0.26233333333333336,14.914,44.578,0.0,960.821,task003_symmetric__silent__q6__rho0.75,0.11557314425610223,0.09916666666666665,0.1158794783000958,0.10754166666666669,
task003_symmetric__truth__q6__qc3__rho0.75__lc0.5__gateoff__stopon,,task003_symmetric,truth,6,3,0.75,persistent,continuous,poisson,poisson,0.5,always,True,1000,0.8315942142332927,0.10783719277324431,0.9504166666666667,0.037,1.0,0.2705416666666666,0.8298429152818063,0.10843024507247775,0.9510416666666668,0.03570833333333333,1.0,0.26233333333333336,14.914,44.578,0.0,960.821,task003_symmetric__silent__q6__rho0.75,0.11557314425610223,0.09916666666666665,0.1158794783000958,0.10754166666666669,
task003_symmetric__truth__q6__qc3__rho0.75__lc0.5__gateon__stopoff,,task003_symmetric,truth,6,3,0.75,persistent,continuous,poisson,poisson,0.5,votes,False,1000,0.8032021172324733,0.12952422931717944,0.932875,0.04995833333333333,1.0,0.245875,0.8046239985921678,0.12775151797599538,0.9357916666666667,0.04841666666666666,1.0,0.2500833333333333,4.248,44.578,0.0,960.821,task003_symmetric__silent__q6__rho0.75,0.08718104725528283,0.081625,0.09066056161045728,0.09229166666666666,
task003_symmetric__truth__q6__qc3__rho0.75__lc0.5__gateon__stopon,,task003_symmetric,truth,6,3,0.75,persistent,continuous,poisson,poisson,0.5,votes,True,1000,0.8032021172324733,0.12952422931717944,0.932875,0.04995833333333333,1.0,0.245875,0.8046239985921678,0.12775151797599538,0.9357916666666667,0.04841666666666666,1.0,0.2500833333333333,4.248,44.578,0.0,960.821,task003_symmetric__silent__q6__rho0.75,0.08718104725528283,0.081625,0.09066056161045728,0.09229166666666666,
task003_symmetric__truth__q6__qc3__rho0.75__lc1__gateoff__stopoff,,task003_symmetric,truth,6,3,0.75,persistent,continuous,poisson,poisson,1.0,always,False,1000,0.8457138642180758,0.0943315974634861,0.9580000000000001,0.028999999999999998,1.0,0.282,0.8436359057996462,0.09531909457429333,0.9592916666666668,0.02858333333333333,1.0,0.2725416666666666,27.87,83.289,0.531,960.821,task003_symmetric__silent__q6__rho0.75,0.12969279424088534,0.10675,0.12967246881793568,0.11579166666666668,
task003_symmetric__truth__q6__qc3__rho0.75__lc1__gateoff__stopon,,task003_symmetric,truth,6,3,0.75,persistent,continuous,poisson,poisson,1.0,always,True,1000,0.8457138642180758,0.0943315974634861,0.9580000000000001,0.028999999999999998,1.0,0.282,0.8436359057996462,0.09531909457429333,0.9592916666666668,0.02858333333333333,1.0,0.2725416666666666,27.87,83.289,0.531,960.821,task003_symmetric__silent__q6__rho0.75,0.12969279424088534,0.10675,0.12967246881793568,0.11579166666666668,
task003_symmetric__truth__q6__qc3__rho0.75__lc1__gateon__stopoff,,task003_symmetric,truth,6,3,0.75,persistent,continuous,poisson,poisson,1.0,votes,False,1000,0.8153006862292012,0.12024983337094163,0.9424583333333335,0.043166666666666666,1.0,0.2595416666666666,0.8187470189491454,0.11638454545374582,0.9442083333333333,0.040958333333333326,1.0,0.25979166666666664,7.475,89.715,0.0,960.821,task003_symmetric__silent__q6__rho0.75,0.09927961625201065,0.09120833333333335,0.10478358196743477,0.10070833333333334,
task003_symmetric__truth__q6__qc3__rho0.75__lc1__gateon__stopon,,task003_symmetric,truth,6,3,0.75,persistent,continuous,poisson,poisson,1.0,votes,True,1000,0.8153006862292012,0.12024983337094163,0.9424583333333335,0.043166666666666666,1.0,0.2595416666666666,0.8187470189491454,0.11638454545374582,0.9442083333333333,0.040958333333333326,1.0,0.25979166666666664,7.475,89.715,0.0,960.821,task003_symmetric__silent__q6__rho0.75,0.09927961625201065,0.09120833333333335,0.10478358196743477,0.10070833333333334,
task003_symmetric__truth__q6__qc3__rho0.75__lc2__gateoff__stopoff,,task003_symmetric,truth,6,3,0.75,persistent,continuous,poisson,poisson,2.0,always,False,1000,0.8473180934994566,0.09282383637443636,0.9599166666666666,0.02875,1.0,0.28241666666666665,0.842936909763704,0.09473213432755172,0.9575,0.0295,1.0,0.2715833333333333,30.0,89.382,1.0,960.821,task003_symmetric__silent__q6__rho0.75,0.1312970235222661,0.10866666666666666,0.12897347278199342,0.114,
task003_symmetric__truth__q6__qc3__rho0.75__lc2__gateoff__stopon,,task003_symmetric,truth,6,3,0.75,persistent,continuous,poisson,poisson,2.0,always,True,1000,0.8473180934994566,0.09282383637443636,0.9599166666666666,0.02875,1.0,0.28241666666666665,0.842936909763704,0.09473213432755172,0.9575,0.0295,1.0,0.2715833333333333,30.0,89.382,1.0,960.821,task003_symmetric__silent__q6__rho0.75,0.1312970235222661,0.10866666666666666,0.12897347278199342,0.114,
task003_symmetric__truth__q6__qc3__rho0.75__lc2__gateon__stopoff,,task003_symmetric,truth,6,3,0.75,persistent,continuous,poisson,poisson,2.0,votes,False,1000,0.831465900547243,0.1063167979759219,0.9529166666666667,0.034083333333333334,1.0,0.2747083333333334,0.8306508275701242,0.10628164114153069,0.9515833333333333,0.034291666666666665,1.0,0.26675,13.055,179.184,0.005,960.821,task003_symmetric__silent__q6__rho0.75,0.11544483057005255,0.10166666666666667,0.11668739058841365,0.10808333333333334,
task003_symmetric__truth__q6__qc3__rho0.75__lc2__gateon__stopon,,task003_symmetric,truth,6,3,0.75,persistent,continuous,poisson,poisson,2.0,votes,True,1000,0.831465900547243,0.1063167979759219,0.9529166666666667,0.034083333333333334,1.0,0.2747083333333334,0.8306508275701242,0.10628164114153069,0.9515833333333333,0.034291666666666665,1.0,0.26675,13.055,179.184,0.005,960.821,task003_symmetric__silent__q6__rho0.75,0.11544483057005255,0.10166666666666667,0.11668739058841365,0.10808333333333334,
task003_symmetric__truth__q6__qc3__rho0.75__lc4__gateoff__stopoff,,task003_symmetric,truth,6,3,0.75,persistent,continuous,poisson,poisson,4.0,always,False,1000,0.8464196611904713,0.093118525252399,0.9597083333333334,0.027291666666666665,1.0,0.2800416666666667,0.8425350775277624,0.0945718104607445,0.958375,0.028875,1.0,0.2718333333333333,30.0,88.825,1.0,960.821,task003_symmetric__silent__q6__rho0.75,0.13039859121328073,0.10845833333333334,0.12857164054605175,0.114875,
task003_symmetric__truth__q6__qc3__rho0.75__lc4__gateoff__stopon,,task003_symmetric,truth,6,3,0.75,persistent,continuous,poisson,poisson,4.0,always,True,1000,0.8464196611904713,0.093118525252399,0.9597083333333334,0.027291666666666665,1.0,0.2800416666666667,0.8425350775277624,0.0945718104607445,0.958375,0.028875,1.0,0.2718333333333333,30.0,88.825,1.0,960.821,task003_symmetric__silent__q6__rho0.75,0.13039859121328073,0.10845833333333334,0.12857164054605175,0.114875,
task003_symmetric__truth__q6__qc3__rho0.75__lc4__gateon__stopoff,,task003_symmetric,truth,6,3,0.75,persistent,continuous,poisson,poisson,4.0,votes,False,1000,0.8440090336506337,0.09444319117402122,0.9582083333333333,0.027625,1.0,0.27641666666666664,0.8417812100189264,0.09528634537140455,0.9595833333333333,0.02808333333333333,1.0,0.2780416666666667,21.707,346.48,0.156,960.821,task003_symmetric__silent__q6__rho0.75,0.12798796367344323,0.10695833333333335,0.12781777303721573,0.11608333333333334,
task003_symmetric__truth__q6__qc3__rho0.75__lc4__gateon__stopon,,task003_symmetric,truth,6,3,0.75,persistent,continuous,poisson,poisson,4.0,votes,True,1000,0.8440090336506337,0.09444319117402122,0.9582083333333333,0.027625,1.0,0.27641666666666664,0.8417812100189264,0.09528634537140455,0.9595833333333333,0.02808333333333333,1.0,0.2780416666666667,21.707,346.48,0.156,960.821,task003_symmetric__silent__q6__rho0.75,0.12798796367344323,0.10695833333333335,0.12781777303721573,0.11608333333333334,
task003_symmetric__truth__q6__qc3__rho0.75__lc8__gateoff__stopoff,,task003_symmetric,truth,6,3,0.75,persistent,continuous,poisson,poisson,8.0,always,False,1000,0.8445613551690926,0.09395389828679608,0.9599166666666668,0.027041666666666665,1.0,0.277,0.8427306583820916,0.09500560976632068,0.9593333333333334,0.027291666666666665,1.0,0.27208333333333334,30.0,87.723,1.0,960.821,task003_symmetric__silent__q6__rho0.75,0.1285402851919021,0.10866666666666666,0.12876722140038105,0.11583333333333334,
task003_symmetric__truth__q6__qc3__rho0.75__lc8__gateoff__stopon,,task003_symmetric,truth,6,3,0.75,persistent,continuous,poisson,poisson,8.0,always,True,1000,0.8445613551690926,0.09395389828679608,0.9599166666666668,0.027041666666666665,1.0,0.277,0.8427306583820916,0.09500560976632068,0.9593333333333334,0.027291666666666665,1.0,0.27208333333333334,30.0,87.723,1.0,960.821,task003_symmetric__silent__q6__rho0.75,0.1285402851919021,0.10866666666666666,0.12876722140038105,0.11583333333333334,
task003_symmetric__truth__q6__qc3__rho0.75__lc8__gateon__stopoff,,task003_symmetric,truth,6,3,0.75,persistent,continuous,poisson,poisson,8.0,votes,False,1000,0.8461595745569996,0.0929608521158271,0.96075,0.027416666666666666,1.0,0.2832083333333334,0.8436862213912386,0.09410403213205595,0.960125,0.02795833333333333,1.0,0.27729166666666666,29.065,456.122,0.824,960.821,task003_symmetric__silent__q6__rho0.75,0.13013850457980913,0.1095,0.12972278440952806,0.116625,
task003_symmetric__truth__q6__qc3__rho0.75__lc8__gateon__stopon,,task003_symmetric,truth,6,3,0.75,persistent,continuous,poisson,poisson,8.0,votes,True,1000,0.8461595745569996,0.0929608521158271,0.96075,0.027416666666666666,1.0,0.2832083333333334,0.8436862213912386,0.09410403213205595,0.960125,0.02795833333333333,1.0,0.27729166666666666,29.065,456.122,0.824,960.821,task003_symmetric__silent__q6__rho0.75,0.13013850457980913,0.1095,0.12972278440952806,0.116625,
task003_symmetric__truth__q6__qc3__rho1__lc0.5__gateoff__stopoff,,task003_symmetric,truth,6,3,1.0,persistent,continuous,poisson,poisson,0.5,always,False,1000,0.9999932528691959,0.0,1.0,0.0,1.0,0.9997916666666667,0.9999948959430078,0.0,1.0,0.0,1.0,0.9998333333333334,14.914,44.581,0.0,960.821,task003_symmetric__silent__q6__rho1,6.810187094740517e-05,8.333333333333326e-05,4.460585781085114e-05,4.166666666666663e-05,
task003_symmetric__truth__q6__qc3__rho1__lc0.5__gateoff__stopon,,task003_symmetric,truth,6,3,1.0,persistent,continuous,poisson,poisson,0.5,always,True,1000,0.9999932528691959,0.0,1.0,0.0,1.0,0.9997916666666667,0.9999948959430078,0.0,1.0,0.0,1.0,0.9998333333333334,14.914,44.581,0.0,960.821,task003_symmetric__silent__q6__rho1,6.810187094740517e-05,8.333333333333326e-05,4.460585781085114e-05,4.166666666666663e-05,
task003_symmetric__truth__q6__qc3__rho1__lc0.5__gateon__stopoff,,task003_symmetric,truth,6,3,1.0,persistent,continuous,poisson,poisson,0.5,votes,False,1000,0.9999710888699735,5.87406015037594e-06,0.9999583333333334,4.1666666666666665e-05,1.0,0.9994583333333333,0.999981523332053,5.87406015037594e-06,1.0,0.0,1.0,0.9996666666666666,1.399,44.581,0.0,960.821,task003_symmetric__silent__q6__rho1,4.5937871725010296e-05,4.166666666666663e-05,3.123324685612783e-05,4.166666666666663e-05,
task003_symmetric__truth__q6__qc3__rho1__lc0.5__gateon__stopon,,task003_symmetric,truth,6,3,1.0,persistent,continuous,poisson,poisson,0.5,votes,True,1000,0.9999710888699735,5.87406015037594e-06,0.9999583333333334,4.1666666666666665e-05,1.0,0.9994583333333333,0.999981523332053,5.87406015037594e-06,1.0,0.0,1.0,0.9996666666666666,1.399,44.581,0.0,960.821,task003_symmetric__silent__q6__rho1,4.5937871725010296e-05,4.166666666666663e-05,3.123324685612783e-05,4.166666666666663e-05,
task003_symmetric__truth__q6__qc3__rho1__lc1__gateoff__stopoff,,task003_symmetric,truth,6,3,1.0,persistent,continuous,poisson,poisson,1.0,always,False,1000,0.9999663277564105,1.6049156364370275e-05,0.999875,4.1666666666666665e-05,1.0,0.9994166666666666,0.9999702349760569,1.6049156364370275e-05,0.999875,8.333333333333333e-05,1.0,0.9995,27.87,83.292,0.531,960.821,task003_symmetric__silent__q6__rho1,4.1176758161914793e-05,-4.166666666666663e-05,1.9944890859844743e-05,-8.333333333333326e-05,
task003_symmetric__truth__q6__qc3__rho1__lc1__gateoff__stopon,,task003_symmetric,truth,6,3,1.0,persistent,continuous,poisson,poisson,1.0,always,True,1000,0.9999663277564105,1.6049156364370275e-05,0.999875,4.1666666666666665e-05,1.0,0.9994166666666666,0.9999702349760569,1.6049156364370275e-05,0.999875,8.333333333333333e-05,1.0,0.9995,27.87,83.292,0.531,960.821,task003_symmetric__silent__q6__rho1,4.1176758161914793e-05,-4.166666666666663e-05,1.9944890859844743e-05,-8.333333333333326e-05,
task003_symmetric__truth__q6__qc3__rho1__lc1__gateon__stopoff,,task003_symmetric,truth,6,3,1.0,persistent,continuous,poisson,poisson,1.0,votes,False,1000,0.9999655200974532,5.319148936170213e-06,0.9999583333333334,0.0,1.0,0.99925,0.9999736595358499,5.319148936170213e-06,1.0,0.0,1.0,0.999375,2.562,89.718,0.0,960.821,task003_symmetric__silent__q6__rho1,4.0369099204835115e-05,4.166666666666663e-05,2.3369450653028643e-05,4.166666666666663e-05,
task003_symmetric__truth__q6__qc3__rho1__lc1__gateon__stopon,,task003_symmetric,truth,6,3,1.0,persistent,continuous,poisson,poisson,1.0,votes,True,1000,0.9999655200974532,5.319148936170213e-06,0.9999583333333334,0.0,1.0,0.99925,0.9999736595358499,5.319148936170213e-06,1.0,0.0,1.0,0.999375,2.562,89.718,0.0,960.821,task003_symmetric__silent__q6__rho1,4.0369099204835115e-05,4.166666666666663e-05,2.3369450653028643e-05,4.166666666666663e-05,
task003_symmetric__truth__q6__qc3__rho1__lc2__gateoff__stopoff,,task003_symmetric,truth,6,3,1.0,persistent,continuous,poisson,poisson,2.0,always,False,1000,0.9999975849369676,8.771929824561404e-07,1.0,0.0,1.0,0.999875,0.9999975849369676,8.771929824561404e-07,1.0,0.0,1.0,0.999875,30.0,89.386,1.0,960.821,task003_symmetric__silent__q6__rho1,7.243393871909332e-05,8.333333333333326e-05,4.7294851770607996e-05,4.166666666666663e-05,
task003_symmetric__truth__q6__qc3__rho1__lc2__gateoff__stopon,,task003_symmetric,truth,6,3,1.0,persistent,continuous,poisson,poisson,2.0,always,True,1000,0.9999975849369676,8.771929824561404e-07,1.0,0.0,1.0,0.999875,0.9999975849369676,8.771929824561404e-07,1.0,0.0,1.0,0.999875,30.0,89.386,1.0,960.821,task003_symmetric__silent__q6__rho1,7.243393871909332e-05,8.333333333333326e-05,4.7294851770607996e-05,4.166666666666663e-05,
task003_symmetric__truth__q6__qc3__rho1__lc2__gateon__stopoff,,task003_symmetric,truth,6,3,1.0,persistent,continuous,poisson,poisson,2.0,votes,False,1000,0.9999763919947047,1.3600435770247093e-05,0.9999166666666668,8.333333333333333e-05,1.0,0.9995833333333334,0.9999861791572164,7.882882882882884e-06,0.9999583333333334,0.0,1.0,0.9997083333333334,4.743,179.26,0.0,960.821,task003_symmetric__silent__q6__rho1,5.1240996456300533e-05,0.0,3.588907201941127e-05,0.0,
task003_symmetric__truth__q6__qc3__rho1__lc2__gateon__stopon,,task003_symmetric,truth,6,3,1.0,persistent,continuous,poisson,poisson,2.0,votes,True,1000,0.9999763919947047,1.3600435770247093e-05,0.9999166666666668,8.333333333333333e-05,1.0,0.9995833333333334,0.9999861791572164,7.882882882882884e-06,0.9999583333333334,0.0,1.0,0.9997083333333334,4.743,179.26,0.0,960.821,task003_symmetric__silent__q6__rho1,5.1240996456300533e-05,0.0,3.588907201941127e-05,0.0,
task003_symmetric__truth__q6__qc3__rho1__lc4__gateoff__stopoff,,task003_symmetric,truth,6,3,1.0,persistent,continuous,poisson,poisson,4.0,always,False,1000,0.999979469824116,1.3274739485812149e-05,1.0,0.0,1.0,0.9997083333333333,0.999991963030893,4.329004329004329e-06,1.0,0.0,1.0,0.999875,30.0,88.833,1.0,960.821,task003_symmetric__silent__q6__rho1,5.431882586742121e-05,8.333333333333326e-05,4.167294569597069e-05,4.166666666666663e-05,
task003_symmetric__truth__q6__qc3__rho1__lc4__gateoff__stopon,,task003_symmetric,truth,6,3,1.0,persistent,continuous,poisson,poisson,4.0,always,True,1000,0.999979469824116,1.3274739485812149e-05,1.0,0.0,1.0,0.9997083333333333,0.999991963030893,4.329004329004329e-06,1.0,0.0,1.0,0.999875,30.0,88.833,1.0,960.821,task003_symmetric__silent__q6__rho1,5.431882586742121e-05,8.333333333333326e-05,4.167294569597069e-05,4.166666666666663e-05,
task003_symmetric__truth__q6__qc3__rho1__lc4__gateon__stopoff,,task003_symmetric,truth,6,3,1.0,persistent,continuous,poisson,poisson,4.0,votes,False,1000,0.9999752557520745,8.834934039852072e-06,1.0,0.0,1.0,0.9993333333333333,0.9999788923400171,8.834934039852072e-06,0.9999583333333334,4.1666666666666665e-05,1.0,0.9995,8.393,358.776,0.0,960.821,task003_symmetric__silent__q6__rho1,5.0104753825934156e-05,8.333333333333326e-05,2.860225482022849e-05,0.0,
task003_symmetric__truth__q6__qc3__rho1__lc4__gateon__stopon,,task003_symmetric,truth,6,3,1.0,persistent,continuous,poisson,poisson,4.0,votes,True,1000,0.9999752557520745,8.834934039852072e-06,1.0,0.0,1.0,0.9993333333333333,0.9999788923400171,8.834934039852072e-06,0.9999583333333334,4.1666666666666665e-05,1.0,0.9995,8.393,358.776,0.0,960.821,task003_symmetric__silent__q6__rho1,5.0104753825934156e-05,8.333333333333326e-05,2.860225482022849e-05,0.0,
task003_symmetric__truth__q6__qc3__rho1__lc8__gateoff__stopoff,,task003_symmetric,truth,6,3,1.0,persistent,continuous,poisson,poisson,8.0,always,False,1000,0.9999716633571195,6.61764705882353e-06,1.0,0.0,1.0,0.999375,0.9999741143375117,4.166666666666667e-06,1.0,0.0,1.0,0.9994166666666667,30.0,87.744,1.0,960.821,task003_symmetric__silent__q6__rho1,4.651235887108296e-05,8.333333333333326e-05,2.382425231475449e-05,4.166666666666663e-05,
task003_symmetric__truth__q6__qc3__rho1__lc8__gateoff__stopon,,task003_symmetric,truth,6,3,1.0,persistent,continuous,poisson,poisson,8.0,always,True,1000,0.9999716633571195,6.61764705882353e-06,1.0,0.0,1.0,0.999375,0.9999741143375117,4.166666666666667e-06,1.0,0.0,1.0,0.9994166666666667,30.0,87.744,1.0,960.821,task003_symmetric__silent__q6__rho1,4.651235887108296e-05,8.333333333333326e-05,2.382425231475449e-05,4.166666666666663e-05,
task003_symmetric__truth__q6__qc3__rho1__lc8__gateon__stopoff,,task003_symmetric,truth,6,3,1.0,persistent,continuous,poisson,poisson,8.0,votes,False,1000,0.9999774665750115,0.0,1.0,0.0,1.0,0.999375,0.9999797320369543,0.0,1.0,0.0,1.0,0.9994583333333333,14.968,712.15,0.011,960.821,task003_symmetric__silent__q6__rho1,5.2315576763006356e-05,8.333333333333326e-05,2.9441951757402275e-05,4.166666666666663e-05,
task003_symmetric__truth__q6__qc3__rho1__lc8__gateon__stopon,,task003_symmetric,truth,6,3,1.0,persistent,continuous,poisson,poisson,8.0,votes,True,1000,0.9999774665750115,0.0,1.0,0.0,1.0,0.999375,0.9999797320369543,0.0,1.0,0.0,1.0,0.9994583333333333,14.968,712.15,0.011,960.821,task003_symmetric__silent__q6__rho1,5.2315576763006356e-05,8.333333333333326e-05,2.9441951757402275e-05,4.166666666666663e-05,
task003_symmetric__truth__q6__qc6__rho0.75__lc0.5__gateoff__stopoff,,task003_symmetric,truth,6,6,0.75,persistent,continuous,poisson,poisson,0.5,always,False,1000,0.844879060924817,0.09372618092477754,0.9594166666666667,0.026291666666666665,1.0,0.2889166666666667,0.8458035294502111,0.09208535618493438,0.9612916666666668,0.0255,1.0,0.2842916666666666,14.914,88.98,0.0,960.821,task003_symmetric__silent__q6__rho0.75,0.12885799094762657,0.10816666666666667,0.13184009246850042,0.11779166666666667,
task003_symmetric__truth__q6__qc6__rho0.75__lc0.5__gateoff__stopon,,task003_symmetric,truth,6,6,0.75,persistent,continuous,poisson,poisson,0.5,always,True,1000,0.8447127253394462,0.09392213428056681,0.960125,0.025958333333333333,1.0,0.2878333333333334,0.8447331620478842,0.09291449883035216,0.960875,0.02625,1.0,0.28295833333333337,14.537,88.98,0.0,960.821,task003_symmetric__silent__q6__rho0.75,0.12869165536225574,0.108875,0.1307697250661736,0.117375,
task003_symmetric__truth__q6__qc6__rho0.75__lc0.5__gateon__stopoff,,task003_symmetric,truth,6,6,0.75,persistent,continuous,poisson,poisson,0.5,votes,False,1000,0.8008119495032827,0.12697929360403448,0.9299166666666667,0.050916666666666666,1.0,0.23516666666666666,0.7987113972135274,0.1278274103524369,0.9323750000000001,0.04758333333333333,1.0,0.23091666666666666,2.551,88.98,0.0,960.821,task003_symmetric__silent__q6__rho0.75,0.0847908795260922,0.07866666666666666,0.08474796023181673,0.088875,
task003_symmetric__truth__q6__qc6__rho0.75__lc0.5__gateon__stopon,,task003_symmetric,truth,6,6,0.75,persistent,continuous,poisson,poisson,0.5,votes,True,1000,0.8003801531762718,0.1272967913177914,0.9298333333333334,0.051,1.0,0.2343333333333333,0.7985333600314922,0.12796653765301566,0.932375,0.04754166666666666,1.0,0.230625,2.541,88.98,0.0,960.821,task003_symmetric__silent__q6__rho0.75,0.08435908319908123,0.07858333333333334,0.08456992304978164,0.088875,
task003_symmetric__truth__q6__qc6__rho0.75__lc1__gateoff__stopoff,,task003_symmetric,truth,6,6,0.75,persistent,continuous,poisson,poisson,1.0,always,False,1000,0.8601898762071428,0.07996155410050113,0.9685416666666667,0.020291666666666663,1.0,0.3004583333333333,0.8580007951266109,0.07989619479125291,0.9654166666666667,0.022041666666666668,1.0,0.29216666666666663,27.87,166.193,0.531,960.821,task003_symmetric__silent__q6__rho0.75,0.14416880622995232,0.11729166666666667,0.1440373581449003,0.12191666666666669,
task003_symmetric__truth__q6__qc6__rho0.75__lc1__gateoff__stopon,,task003_symmetric,truth,6,6,0.75,persistent,continuous,poisson,poisson,1.0,always,True,1000,0.8606231559486923,0.07997997221396154,0.9690833333333334,0.02004166666666667,1.0,0.300375,0.8588772495537929,0.07859875669022458,0.9659583333333334,0.021375,1.0,0.291875,27.529,167.807,0.474,960.821,task003_symmetric__silent__q6__rho0.75,0.1446020859715019,0.11783333333333335,0.14491381257208227,0.12245833333333335,
task003_symmetric__truth__q6__qc6__rho0.75__lc1__gateon__stopoff,,task003_symmetric,truth,6,6,0.75,persistent,continuous,poisson,poisson,1.0,votes,False,1000,0.8109786552222309,0.12098245604138014,0.9399166666666667,0.04295833333333333,1.0,0.2543333333333333,0.8117416806525654,0.11974589732286091,0.9417916666666667,0.041208333333333326,1.0,0.2517083333333333,4.075,179.045,0.0,960.821,task003_symmetric__silent__q6__rho0.75,0.09495758524504046,0.08866666666666666,0.09777824367085475,0.09829166666666667,
task003_symmetric__truth__q6__qc6__rho0.75__lc1__gateon__stopon,,task003_symmetric,truth,6,6,0.75,persistent,continuous,poisson,poisson,1.0,votes,True,1000,0.8113528153777164,0.12060576621825189,0.9401666666666667,0.04275,1.0,0.2549166666666667,0.8114299323959292,0.12001868618857808,0.9417083333333334,0.041375,1.0,0.2510833333333333,4.043,179.045,0.0,960.821,task003_symmetric__silent__q6__rho0.75,0.09533174540052586,0.08891666666666666,0.0974664954142186,0.09820833333333334,
task003_symmetric__truth__q6__qc6__rho0.75__lc2__gateoff__stopoff,,task003_symmetric,truth,6,6,0.75,persistent,continuous,poisson,poisson,2.0,always,False,1000,0.8606603618340638,0.07879050920333394,0.9677916666666667,0.02020833333333333,1.0,0.29858333333333337,0.8583220194789278,0.07883016267483754,0.9675,0.01970833333333333,1.0,0.2929583333333333,30.0,178.031,1.0,960.821,task003_symmetric__silent__q6__rho0.75,0.1446392918568733,0.11654166666666667,0.14435858249721736,0.124,
task003_symmetric__truth__q6__qc6__rho0.75__lc2__gateoff__stopon,,task003_symmetric,truth,6,6,0.75,persistent,continuous,poisson,poisson,2.0,always,True,1000,0.8614336134664615,0.07799309426438854,0.9680833333333334,0.01983333333333333,1.0,0.30204166666666665,0.8575119043791797,0.07946075532550936,0.96775,0.019333333333333334,1.0,0.29016666666666663,30.0,181.961,1.0,960.821,task003_symmetric__silent__q6__rho0.75,0.14541254348927105,0.11683333333333334,0.14354846739746913,0.12425,
task003_symmetric__truth__q6__qc6__rho0.75__lc2__gateon__stopoff,,task003_symmetric,truth,6,6,0.75,persistent,continuous,poisson,poisson,2.0,votes,False,1000,0.8275721114030726,0.10771707012300771,0.9540833333333334,0.03216666666666666,1.0,0.2750833333333333,0.8249490789722038,0.10894955250778486,0.9514583333333333,0.034541666666666665,1.0,0.270375,6.544,357.779,0.0,960.821,task003_symmetric__silent__q6__rho0.75,0.11155104142588214,0.10283333333333335,0.11098564199049318,0.10795833333333334,
task003_symmetric__truth__q6__qc6__rho0.75__lc2__gateon__stopon,,task003_symmetric,truth,6,6,0.75,persistent,continuous,poisson,poisson,2.0,votes,True,1000,0.827270752346908,0.10774766109230462,0.9547083333333334,0.03141666666666666,1.0,0.274875,0.8251352005003678,0.10872947817622028,0.9514166666666667,0.03445833333333333,1.0,0.26941666666666664,6.483,357.779,0.0,960.821,task003_symmetric__silent__q6__rho0.75,0.11124968236971738,0.10345833333333335,0.11117176351865712,0.10791666666666667,
task003_symmetric__truth__q6__qc6__rho0.75__lc4__gateoff__stopoff,,task003_symmetric,truth,6,6,0.75,persistent,continuous,poisson,poisson,4.0,always,False,1000,0.855931208599043,0.0812465222728809,0.9682083333333333,0.01945833333333333,1.0,0.2882083333333333,0.855704527500309,0.08092049822099909,0.9657083333333334,0.020541666666666663,1.0,0.28954166666666664,30.0,176.201,1.0,960.821,task003_symmetric__silent__q6__rho0.75,0.13991013862185264,0.11695833333333334,0.14174109051859854,0.12220833333333335,
task003_symmetric__truth__q6__qc6__rho0.75__lc4__gateoff__stopon,,task003_symmetric,truth,6,6,0.75,persistent,continuous,poisson,poisson,4.0,always,True,1000,0.8571830771639987,0.08014394648952078,0.967875,0.020666666666666663,1.0,0.2881666666666666,0.8554423489957387,0.0812818009238475,0.9659166666666668,0.020875,1.0,0.2877916666666666,30.0,179.309,1.0,960.821,task003_symmetric__silent__q6__rho0.75,0.14116200718680819,0.116625,0.14147891201402812,0.12241666666666667,
task003_symmetric__truth__q6__qc6__rho0.75__lc4__gateon__stopoff,,task003_symmetric,truth,6,6,0.75,persistent,continuous,poisson,poisson,4.0,votes,False,1000,0.836817061054195,0.09863788499802059,0.9565833333333333,0.028708333333333332,1.0,0.281375,0.8383600336546645,0.0967254901445715,0.9562916666666668,0.028625,1.0,0.27870833333333334,10.314,716.08,0.0,960.821,task003_symmetric__silent__q6__rho0.75,0.12079599107700452,0.10533333333333335,0.12439659667295383,0.11279166666666667,
task003_symmetric__truth__q6__qc6__rho0.75__lc4__gateon__stopon,,task003_symmetric,truth,6,6,0.75,persistent,continuous,poisson,poisson,4.0,votes,True,1000,0.836945152111496,0.09836543800408327,0.9563333333333333,0.029,1.0,0.280125,0.8386901142824585,0.0969143405319148,0.9562083333333333,0.028666666666666663,1.0,0.2782083333333334,10.208,716.08,0.0,960.821,task003_symmetric__silent__q6__rho0.75,0.12092408213430551,0.10508333333333335,0.12472667730074796,0.11270833333333334,
task003_symmetric__truth__q6__qc6__rho0.75__lc8__gateoff__stopoff,,task003_symmetric,truth,6,6,0.75,persistent,continuous,poisson,poisson,8.0,always,False,1000,0.8542383782336324,0.08254765498558436,0.9661666666666667,0.021166666666666667,1.0,0.2890416666666667,0.8530223126796929,0.08300239856489361,0.9644166666666667,0.022166666666666668,1.0,0.284,30.0,172.604,1.0,960.821,task003_symmetric__silent__q6__rho0.75,0.13821730825644193,0.11491666666666667,0.13905887569798228,0.12091666666666667,
task003_symmetric__truth__q6__qc6__rho0.75__lc8__gateoff__stopon,,task003_symmetric,truth,6,6,0.75,persistent,continuous,poisson,poisson,8.0,always,True,1000,0.8544908913100566,0.08257413937763793,0.96525,0.0225,1.0,0.2885,0.853200315884243,0.08348520178132392,0.9650416666666668,0.022416666666666665,1.0,0.28508333333333336,30.0,174.68,1.0,960.821,task003_symmetric__silent__q6__rho0.75,0.13846982133286623,0.114,0.1392368789025325,0.12154166666666667,
task003_symmetric__truth__q6__qc6__rho0.75__lc8__gateon__stopoff,,task003_symmetric,truth,6,6,0.75,persistent,continuous,poisson,poisson,8.0,votes,False,1000,0.8503177401010769,0.08807701487984625,0.962375,0.0245,1.0,0.2899583333333334,0.8485629534011166,0.08853914559460488,0.9608333333333335,0.024458333333333332,1.0,0.28095833333333337,16.425,1410.058,0.04,960.821,task003_symmetric__silent__q6__rho0.75,0.1342966701238865,0.111125,0.13459951641940612,0.11733333333333335,
task003_symmetric__truth__q6__qc6__rho0.75__lc8__gateon__stopon,,task003_symmetric,truth,6,6,0.75,persistent,continuous,poisson,poisson,8.0,votes,True,1000,0.8499631023613341,0.08836662901497541,0.9609166666666668,0.025208333333333333,1.0,0.2883333333333334,0.8484037716529153,0.08814089599315801,0.9608333333333335,0.024541666666666666,1.0,0.280125,16.25,1411.114,0.041,960.821,task003_symmetric__silent__q6__rho0.75,0.1339420323841436,0.10966666666666669,0.13444033467120464,0.11733333333333335,
task003_symmetric__truth__q6__qc6__rho1__lc0.5__gateoff__stopoff,,task003_symmetric,truth,6,6,1.0,persistent,continuous,poisson,poisson,0.5,always,False,1000,0.9999930506340777,0.0,1.0,0.0,1.0,0.99975,0.9999950094831316,0.0,1.0,0.0,1.0,0.9998333333333334,14.914,88.985,0.0,960.821,task003_symmetric__silent__q6__rho1,6.789963582916236e-05,8.333333333333326e-05,4.471939793459645e-05,4.166666666666663e-05,
task003_symmetric__truth__q6__qc6__rho1__lc0.5__gateoff__stopon,,task003_symmetric,truth,6,6,1.0,persistent,continuous,poisson,poisson,0.5,always,True,1000,0.9999930506340777,0.0,1.0,0.0,1.0,0.99975,0.9999950094831316,0.0,1.0,0.0,1.0,0.9998333333333334,14.738,88.985,0.0,960.821,task003_symmetric__silent__q6__rho1,6.789963582916236e-05,8.333333333333326e-05,4.471939793459645e-05,4.166666666666663e-05,
task003_symmetric__truth__q6__qc6__rho1__lc0.5__gateon__stopoff,,task003_symmetric,truth,6,6,1.0,persistent,continuous,poisson,poisson,0.5,votes,False,1000,0.9999600798416102,8.928571428571428e-06,1.0,0.0,1.0,0.9993333333333333,0.999972391037154,8.928571428571428e-06,0.9999583333333333,0.0,1.0,0.9995833333333334,1.082,88.985,0.0,960.821,task003_symmetric__silent__q6__rho1,3.492884336170743e-05,8.333333333333326e-05,2.2100951956958826e-05,0.0,
task003_symmetric__truth__q6__qc6__rho1__lc0.5__gateon__stopon,,task003_symmetric,truth,6,6,1.0,persistent,continuous,poisson,poisson,0.5,votes,True,1000,0.9999600798416102,8.928571428571428e-06,1.0,0.0,1.0,0.9993333333333333,0.999972391037154,8.928571428571428e-06,0.9999583333333333,0.0,1.0,0.9995833333333334,1.08,88.985,0.0,960.821,task003_symmetric__silent__q6__rho1,3.492884336170743e-05,8.333333333333326e-05,2.2100951956958826e-05,0.0,
task003_symmetric__truth__q6__qc6__rho1__lc1__gateoff__stopoff,,task003_symmetric,truth,6,6,1.0,persistent,continuous,poisson,poisson,1.0,always,False,1000,0.9999849192359266,5.151763913446156e-06,1.0,0.0,1.0,0.9997083333333334,0.9999849192359266,5.151763913446156e-06,0.9999583333333333,4.1666666666666665e-05,1.0,0.9997083333333334,27.87,166.199,0.531,960.821,task003_symmetric__silent__q6__rho1,5.976823767809169e-05,8.333333333333326e-05,3.462915072960637e-05,0.0,
task003_symmetric__truth__q6__qc6__rho1__lc1__gateoff__stopon,,task003_symmetric,truth,6,6,1.0,persistent,continuous,poisson,poisson,1.0,always,True,1000,0.9999853451411117,5.151763913446156e-06,1.0,0.0,1.0,0.9996666666666666,0.9999853451411117,5.151763913446156e-06,0.9999583333333333,4.1666666666666665e-05,1.0,0.9996666666666666,27.639,167.345,0.49,960.821,task003_symmetric__silent__q6__rho1,6.019414286322755e-05,8.333333333333326e-05,3.5055055914742226e-05,0.0,
task003_symmetric__truth__q6__qc6__rho1__lc1__gateon__stopoff,,task003_symmetric,truth,6,6,1.0,persistent,continuous,poisson,poisson,1.0,votes,False,1000,0.9999598699092256,2.8301886792452827e-06,0.9999583333333333,0.0,1.0,0.9992916666666666,0.999969375594381,2.8301886792452827e-06,0.9999583333333333,0.0,1.0,0.9994583333333333,1.943,179.051,0.0,960.821,task003_symmetric__silent__q6__rho1,3.4718910977182715e-05,4.166666666666663e-05,1.9085509184075923e-05,0.0,
task003_symmetric__truth__q6__qc6__rho1__lc1__gateon__stopon,,task003_symmetric,truth,6,6,1.0,persistent,continuous,poisson,poisson,1.0,votes,True,1000,0.9999598699092256,2.8301886792452827e-06,0.9999583333333333,0.0,1.0,0.9992916666666666,0.999969375594381,2.8301886792452827e-06,0.9999583333333333,0.0,1.0,0.9994583333333333,1.939,179.051,0.0,960.821,task003_symmetric__silent__q6__rho1,3.4718910977182715e-05,4.166666666666663e-05,1.9085509184075923e-05,0.0,
task003_symmetric__truth__q6__qc6__rho1__lc2__gateoff__stopoff,,task003_symmetric,truth,6,6,1.0,persistent,continuous,poisson,poisson,2.0,always,False,1000,0.9999785743920706,1.9443151789035087e-05,0.9999583333333333,4.1666666666666665e-05,1.0,0.9997083333333333,0.9999804147676575,1.8269442868847295e-05,1.0,0.0,1.0,0.9997916666666667,30.0,178.043,1.0,960.821,task003_symmetric__silent__q6__rho1,5.342339382214456e-05,4.166666666666663e-05,3.0124682460513698e-05,4.166666666666663e-05,
task003_symmetric__truth__q6__qc6__rho1__lc2__gateoff__stopon,,task003_symmetric,truth,6,6,1.0,persistent,continuous,poisson,poisson,2.0,always,True,1000,0.9999785761651203,1.9443151789035087e-05,0.9999583333333333,4.1666666666666665e-05,1.0,0.9997083333333333,0.9999797498740404,1.8269442868847295e-05,1.0,0.0,1.0,0.99975,30.0,181.265,1.0,960.821,task003_symmetric__silent__q6__rho1,5.342516687178989e-05,4.166666666666663e-05,2.945978884349243e-05,4.166666666666663e-05,
task003_symmetric__truth__q6__qc6__rho1__lc2__gateon__stopoff,,task003_symmetric,truth,6,6,1.0,persistent,continuous,poisson,poisson,2.0,votes,False,1000,0.9999582264847944,2.623428989009852e-05,0.9999166666666667,8.333333333333333e-05,1.0,0.9995,0.9999649592083717,2.102595655676519e-05,0.9999583333333334,0.0,1.0,0.9995833333333333,3.451,357.791,0.0,960.821,task003_symmetric__silent__q6__rho1,3.307548654599934e-05,0.0,1.4669123174749888e-05,0.0,
task003_symmetric__truth__q6__qc6__rho1__lc2__gateon__stopon,,task003_symmetric,truth,6,6,1.0,persistent,continuous,poisson,poisson,2.0,votes,True,1000,0.9999537354668304,2.623428989009852e-05,0.9999166666666667,8.333333333333333e-05,1.0,0.9994583333333333,0.9999604681904077,2.102595655676519e-05,0.9999583333333334,0.0,1.0,0.9995416666666667,3.432,357.791,0.0,960.821,task003_symmetric__silent__q6__rho1,2.8584468581927535e-05,0.0,1.0178105210678079e-05,0.0,
task003_symmetric__truth__q6__qc6__rho1__lc4__gateoff__stopoff,,task003_symmetric,truth,6,6,1.0,persistent,continuous,poisson,poisson,4.0,always,False,1000,0.9999741549376939,9.051093724338873e-06,0.9999166666666668,0.0,1.0,0.9994166666666667,0.9999762430713345,9.051093724338873e-06,0.9999166666666668,0.0,1.0,0.9995,30.0,176.224,1.0,960.821,task003_symmetric__silent__q6__rho1,4.900393944542447e-05,0.0,2.5952986137492084e-05,-4.166666666666663e-05,
task003_symmetric__truth__q6__qc6__rho1__lc4__gateoff__stopon,,task003_symmetric,truth,6,6,1.0,persistent,continuous,poisson,poisson,4.0,always,True,1000,0.9999920921455232,1.2953367875647669e-06,1.0,0.0,1.0,0.9997916666666667,0.9999941802791636,1.2953367875647669e-06,0.9999583333333334,0.0,1.0,0.999875,30.0,179.458,1.0,960.821,task003_symmetric__silent__q6__rho1,6.694114727464451e-05,8.333333333333326e-05,4.389019396671212e-05,0.0,
task003_symmetric__truth__q6__qc6__rho1__lc4__gateon__stopoff,,task003_symmetric,truth,6,6,1.0,persistent,continuous,poisson,poisson,4.0,votes,False,1000,0.9999792368212687,3.080197132616487e-06,1.0,0.0,1.0,0.9995416666666668,0.9999843193620933,1.3440860215053763e-06,1.0,0.0,1.0,0.9996666666666667,5.881,716.103,0.0,960.821,task003_symmetric__silent__q6__rho1,5.4085823020132875e-05,8.333333333333326e-05,3.402927689631341e-05,4.166666666666663e-05,
task003_symmetric__truth__q6__qc6__rho1__lc4__gateon__stopon,,task003_symmetric,truth,6,6,1.0,persistent,continuous,poisson,poisson,4.0,votes,True,1000,0.9999792368212687,3.080197132616487e-06,1.0,0.0,1.0,0.9995416666666668,0.9999843193620933,1.3440860215053763e-06,1.0,0.0,1.0,0.9996666666666667,5.861,716.103,0.0,960.821,task003_symmetric__silent__q6__rho1,5.4085823020132875e-05,8.333333333333326e-05,3.402927689631341e-05,4.166666666666663e-05,
task003_symmetric__truth__q6__qc6__rho1__lc8__gateoff__stopoff,,task003_symmetric,truth,6,6,1.0,persistent,continuous,poisson,poisson,8.0,always,False,1000,0.999977916606844,1.1925651294447219e-05,0.9999583333333333,0.0,1.0,0.9995833333333333,0.9999894182815303,1.5350877192982453e-06,1.0,0.0,1.0,0.9997916666666666,30.0,172.657,1.0,960.821,task003_symmetric__silent__q6__rho1,5.276560859553092e-05,4.166666666666663e-05,3.912819633330567e-05,4.166666666666663e-05,
task003_symmetric__truth__q6__qc6__rho1__lc8__gateoff__stopon,,task003_symmetric,truth,6,6,1.0,persistent,continuous,poisson,poisson,8.0,always,True,1000,0.9999779478068758,1.905214421957959e-05,0.9999583333333333,0.0,1.0,0.9995833333333334,0.999984163619229,1.3947442977403659e-05,1.0,0.0,1.0,0.99975,30.0,175.399,1.0,960.821,task003_symmetric__silent__q6__rho1,5.279680862741221e-05,4.166666666666663e-05,3.3873534032214045e-05,4.166666666666663e-05,
task003_symmetric__truth__q6__qc6__rho1__lc8__gateon__stopoff,,task003_symmetric,truth,6,6,1.0,persistent,continuous,poisson,poisson,8.0,votes,False,1000,0.9999669730872343,1.1808869803492838e-05,0.9999583333333334,0.0,1.0,0.9993333333333334,0.9999742389894729,1.1808869803492838e-05,1.0,0.0,1.0,0.9994166666666667,9.892,1433.128,0.001,960.821,task003_symmetric__silent__q6__rho1,4.18220889857539e-05,4.166666666666663e-05,2.3948904276048567e-05,4.166666666666663e-05,
task003_symmetric__truth__q6__qc6__rho1__lc8__gateon__stopon,,task003_symmetric,truth,6,6,1.0,persistent,continuous,poisson,poisson,8.0,votes,True,1000,0.9999696170651445,1.1808869803492838e-05,0.9999583333333334,0.0,1.0,0.9992916666666667,0.9999735143517919,1.1808869803492838e-05,1.0,0.0,1.0,0.999375,9.819,1433.128,0.001,960.821,task003_symmetric__silent__q6__rho1,4.446606689599242e-05,4.166666666666663e-05,2.3224266594889187e-05,4.166666666666663e-05,
