comparison,profile,rho,budget,horizon,m,truth_g_plus,truth_g_minus,truth_M,truth_D,truth_switch,truth_base,alloc1_g_plus,alloc1_g_minus,alloc1_M,alloc1_D,alloc1_switch,alloc1_base,false_target_g_plus,false_target_g_minus,false_target_M,false_target_D,false_target_switch,false_target_base,err_M,err_D,truth_g_plus_lo,truth_g_plus_hi,truth_g_minus_lo,truth_g_minus_hi,truth_M_lo,truth_M_hi,truth_D_lo,truth_D_hi,truth_switch_lo,truth_switch_hi,alloc1_g_plus_lo,alloc1_g_plus_hi,alloc1_g_minus_lo,alloc1_g_minus_hi,alloc1_M_lo,alloc1_M_hi,alloc1_D_lo,alloc1_D_hi,alloc1_switch_lo,alloc1_switch_hi,false_target_g_plus_lo,false_target_g_plus_hi,false_target_g_minus_lo,false_target_g_minus_hi,false_target_M_lo,false_target_M_hi,false_target_D_lo,false_target_D_hi,false_target_switch_lo,false_target_switch_hi
full_communication_rho0.75_b3,full_communication,0.75,3,1,60,-0.01041666666666667,0.006944444444444444,-0.0017361111111111127,-0.008680555555555558,-0.017361111111111115,0.4743055555555556,0.01805555555555555,0.013194444444444443,0.015624999999999997,0.0024305555555555543,0.004861111111111109,0.2027777777777778,-0.007638888888888893,-0.020138888888888887,-0.013888888888888893,0.0062499999999999995,0.012499999999999999,0.32291666666666663,0.0017361111111111127,0.008680555555555558,-0.06319444444444446,0.04513888888888888,-0.03958333333333333,0.05069444444444445,-0.045147569444444445,0.04201388888888888,-0.03125000000000001,0.015980902777777726,-0.06250000000000001,0.03196180555555545,-0.020833333333333336,0.058333333333333334,-0.020833333333333332,0.050694444444444445,-0.015625000000000007,0.04895833333333333,-0.016328125000000002,0.022222222222222216,-0.032656250000000005,0.04444444444444443,-0.05763888888888889,0.04029513888888879,-0.05416666666666667,0.014600694444444357,-0.05069444444444445,0.02152777777777777,-0.014939236111111113,0.027777777777777773,-0.029878472222222226,0.055555555555555546
full_communication_rho0.75_b3,full_communication,0.75,3,2,60,-0.025,-0.03402777777777777,-0.029513888888888888,0.004513888888888884,0.009027777777777768,0.5576388888888889,-0.015277777777777774,0.01388888888888889,-0.0006944444444444406,-0.014583333333333337,-0.029166666666666674,0.16805555555555554,0.040277777777777767,0.020138888888888887,0.03020833333333333,0.010069444444444442,0.020138888888888883,0.2743055555555556,0.029513888888888888,-0.004513888888888884,-0.09097222222222222,0.043055555555555555,-0.11461805555555554,0.04097222222222222,-0.09131944444444444,0.03194444444444444,-0.03263888888888889,0.04479166666666666,-0.06527777777777778,0.08958333333333332,-0.05555555555555555,0.026388888888888892,-0.03541666666666665,0.06460069444444436,-0.03854166666666666,0.03680555555555555,-0.04132812500000001,0.010425347222222178,-0.08265625000000001,0.020850694444444356,-0.02430555555555555,0.10140624999999992,-0.04309027777777776,0.08263888888888889,-0.027083333333333327,0.08230034722222218,-0.021545138888888885,0.03993055555555555,-0.04309027777777777,0.0798611111111111
full_communication_rho0.75_b3,full_communication,0.75,3,3,60,-0.0006944444444444466,-0.04305555555555555,-0.021874999999999988,0.02118055555555555,0.0423611111111111,0.5909722222222221,-0.05277777777777778,-0.020138888888888887,-0.036458333333333336,-0.01631944444444445,-0.0326388888888889,0.15694444444444441,0.05347222222222222,0.06319444444444444,0.058333333333333334,-0.004861111111111107,-0.009722222222222214,0.2520833333333333,0.021874999999999988,-0.02118055555555555,-0.09375,0.09305555555555557,-0.13543402777777777,0.05416666666666667,-0.10105034722222221,0.06597222222222222,-0.025347222222222226,0.06736111111111111,-0.05069444444444445,0.13472222222222222,-0.10555555555555554,-0.004861111111111108,-0.07918402777777779,0.037500000000000006,-0.08645833333333333,0.008697916666666574,-0.04305555555555555,0.009036458333333289,-0.0861111111111111,0.018072916666666577,-0.033402777777777774,0.14166666666666666,-0.023611111111111104,0.15000000000000002,-0.02118923611111112,0.1361111111111111,-0.04409722222222222,0.034722222222222224,-0.08819444444444444,0.06944444444444445
full_communication_rho0.75_b3,full_communication,0.75,3,4,60,-0.013194444444444448,-0.0923611111111111,-0.05277777777777777,0.039583333333333325,0.07916666666666665,0.632638888888889,-0.05208333333333333,-0.009027777777777779,-0.03055555555555555,-0.021527777777777774,-0.04305555555555555,0.13194444444444445,0.0652777777777778,0.10138888888888889,0.08333333333333333,-0.018055555555555554,-0.03611111111111111,0.23541666666666666,0.05277777777777777,-0.039583333333333325,-0.11597222222222221,0.08682291666666658,-0.19098958333333338,0.012517361111111028,-0.138203125,0.03993923611111108,-0.010781250000000006,0.09308159722222209,-0.021562500000000012,0.18616319444444418,-0.1055729166666667,-0.0020833333333333346,-0.07013888888888889,0.04444444444444444,-0.08578125000000002,0.013550347222222175,-0.046875,0.0038194444444444426,-0.09375,0.007638888888888885,-0.03333333333333334,0.16597222222222224,0.01317708333333332,0.18958333333333333,0.00032118055555555643,0.1638888888888889,-0.06597222222222222,0.02848090277777774,-0.13194444444444445,0.05696180555555548
full_communication_rho0.75_b3,full_communication,0.75,3,5,60,-0.027083333333333348,-0.046527777777777765,-0.036805555555555564,0.009722222222222219,0.019444444444444438,0.6520833333333333,-0.052777777777777785,-0.025694444444444443,-0.03923611111111111,-0.013541666666666665,-0.02708333333333333,0.11597222222222221,0.07986111111111109,0.07222222222222223,0.07604166666666665,0.0038194444444444374,0.007638888888888875,0.23194444444444443,0.036805555555555564,-0.009722222222222219,-0.13961805555555556,0.08543402777777769,-0.14583333333333334,0.05694444444444444,-0.12917534722222224,0.05694444444444444,-0.042708333333333334,0.062152777777777765,-0.08541666666666667,0.12430555555555553,-0.10347222222222222,-0.00555555555555555,-0.0791840277777778,0.02152777777777777,-0.08751736111111111,0.0020833333333333307,-0.034374999999999996,0.007986111111111112,-0.06874999999999999,0.015972222222222224,-0.031944444444444435,0.18890624999999991,-0.02225694444444445,0.1625,-0.015625000000000003,0.16494791666666656,-0.04583333333333332,0.056597222222222215,-0.09166666666666665,0.11319444444444443
full_communication_rho0.75_b3,full_communication,0.75,3,6,60,-0.027083333333333345,-0.0451388888888889,-0.0361111111111111,0.009027777777777779,0.018055555555555557,0.6465277777777776,-0.05694444444444445,-0.04861111111111111,-0.05277777777777778,-0.0041666666666666675,-0.008333333333333335,0.11250000000000002,0.0840277777777778,0.09375,0.08888888888888889,-0.004861111111111114,-0.009722222222222228,0.2409722222222222,0.0361111111111111,-0.009027777777777779,-0.14236111111111113,0.09583333333333334,-0.15767361111111117,0.0701562499999999,-0.13542534722222221,0.06736979166666662,-0.04759548611111111,0.06389756944444439,-0.09519097222222223,0.12779513888888877,-0.11392361111111113,-0.0006944444444444462,-0.10416666666666667,0.0021006944444443556,-0.10556423611111111,-0.00555555555555556,-0.023967013888888892,0.02048611111111111,-0.047934027777777784,0.04097222222222222,-0.0375173611111111,0.1965451388888888,-0.015277777777777772,0.20069444444444445,-0.013567708333333338,0.1798697916666666,-0.05625,0.05174479166666661,-0.1125,0.10348958333333322
full_communication_rho0.75_b3,full_communication,0.75,3,7,60,-0.020138888888888883,-0.03541666666666667,-0.02777777777777778,0.007638888888888886,0.015277777777777772,0.6493055555555556,-0.06944444444444442,-0.06458333333333333,-0.06701388888888889,-0.0024305555555555547,-0.0048611111111111095,0.11111111111111112,0.08958333333333332,0.10000000000000003,0.09479166666666666,-0.0052083333333333435,-0.010416666666666687,0.23958333333333337,0.02777777777777778,-0.007638888888888886,-0.13335069444444447,0.09932291666666658,-0.15694444444444447,0.08821180555555548,-0.13125868055555556,0.08091145833333328,-0.04653645833333333,0.06458333333333333,-0.09307291666666666,0.12916666666666665,-0.1284722222222222,-0.020833333333333332,-0.12291666666666665,-0.017343750000000088,-0.12465277777777777,-0.023255208333333385,-0.018749999999999996,0.015624999999999998,-0.03749999999999999,0.031249999999999997,-0.029878472222222244,0.20904513888888876,-0.016666666666666653,0.21597222222222223,-0.011814236111111123,0.1968836805555555,-0.060078125,0.04861979166666663,-0.12015625,0.09723958333333325
full_communication_rho0.75_b3,full_communication,0.75,3,8,60,0.023611111111111114,-0.03402777777777778,-0.005208333333333324,0.028819444444444446,0.05763888888888889,0.640972222222222,-0.0909722222222222,-0.08055555555555553,-0.08576388888888889,-0.005208333333333333,-0.010416666666666666,0.12152777777777776,0.06736111111111112,0.11458333333333333,0.09097222222222222,-0.023611111111111107,-0.047222222222222214,0.23750000000000002,0.005208333333333324,-0.028819444444444446,-0.08888888888888888,0.14027777777777778,-0.1555729166666667,0.09999999999999999,-0.1048611111111111,0.10278645833333332,-0.031249999999999993,0.0888975694444444,-0.062499999999999986,0.1777951388888888,-0.14864583333333334,-0.04375,-0.14098958333333333,-0.030555555555555558,-0.14375868055555555,-0.03888888888888889,-0.020138888888888883,0.009722222222222222,-0.040277777777777767,0.019444444444444445,-0.04309027777777778,0.17642361111111093,-0.006267361111111115,0.2326562499999999,-0.009765625000000009,0.18784722222222222,-0.08059895833333332,0.03472222222222221,-0.16119791666666664,0.06944444444444442
full_communication_rho0.75_b3,full_communication,0.75,3,9,60,0.03263888888888888,-0.04583333333333333,-0.006597222222222243,0.03923611111111112,0.07847222222222223,0.6527777777777776,-0.07708333333333334,-0.05763888888888889,-0.06736111111111112,-0.009722222222222224,-0.019444444444444448,0.10208333333333333,0.04444444444444444,0.10347222222222223,0.07395833333333333,-0.029513888888888888,-0.059027777777777776,0.24513888888888888,0.006597222222222243,-0.03923611111111112,-0.08402777777777778,0.15,-0.1618229166666667,0.07777777777777777,-0.10696180555555557,0.10348090277777773,-0.015972222222222224,0.09826388888888889,-0.03194444444444445,0.19652777777777777,-0.13819444444444443,-0.026388888888888892,-0.12152777777777776,-0.002777777777777772,-0.12571180555555558,-0.01804687500000004,-0.02674479166666667,0.007291666666666665,-0.05348958333333334,0.01458333333333333,-0.06807291666666668,0.15416666666666665,-0.012500000000000002,0.22223958333333327,-0.030572916666666672,0.17049479166666665,-0.08750868055555559,0.024678819444444302,-0.17501736111111119,0.049357638888888604
full_communication_rho0.75_b3,full_communication,0.75,3,10,60,0.03402777777777779,-0.06180555555555556,-0.013888888888888886,0.047916666666666656,0.09583333333333331,0.6597222222222221,-0.06458333333333334,-0.05486111111111111,-0.059722222222222225,-0.004861111111111109,-0.009722222222222217,0.09097222222222223,0.030555555555555555,0.11666666666666668,0.07361111111111111,-0.04305555555555555,-0.0861111111111111,0.24930555555555556,0.013888888888888886,-0.047916666666666656,-0.0847222222222222,0.15972222222222224,-0.18335069444444443,0.07154513888888882,-0.12260416666666668,0.10071180555555546,-0.009383680555555551,0.10799479166666663,-0.018767361111111103,0.21598958333333326,-0.12154513888888889,-0.009722222222222222,-0.11736111111111111,-0.0013888888888888913,-0.11980034722222224,-0.010763888888888889,-0.02291666666666666,0.013888888888888888,-0.04583333333333332,0.027777777777777776,-0.09031249999999999,0.14513888888888887,-0.005555555555555552,0.23819444444444446,-0.02743923611111112,0.17118055555555556,-0.10382812500000001,0.013203124999999958,-0.20765625000000001,0.026406249999999916
full_communication_rho0.75_b3,full_communication,0.75,3,11,60,0.05416666666666668,-0.05138888888888889,0.0013888888888889052,0.052777777777777785,0.10555555555555557,0.670138888888889,-0.05972222222222223,-0.06944444444444445,-0.06458333333333334,0.00486111111111111,0.00972222222222222,0.09097222222222222,0.005555555555555552,0.12083333333333333,0.06319444444444443,-0.05763888888888889,-0.11527777777777778,0.23888888888888887,-0.0013888888888889052,-0.052777777777777785,-0.05763888888888887,0.16527777777777777,-0.17986111111111108,0.07638888888888887,-0.10522569444444445,0.11043402777777772,-0.004166666666666657,0.11111111111111112,-0.008333333333333314,0.22222222222222224,-0.12225694444444445,-3.657375328518005e-18,-0.1291840277777778,-0.021527777777777778,-0.125,-0.014574652777777825,-0.009375,0.023958333333333335,-0.01875,0.04791666666666667,-0.10071180555555556,0.1145833333333333,0.004861111111111114,0.2423611111111111,-0.03161458333333333,0.15486111111111106,-0.12016493055555556,0.0007031249999999599,-0.24032986111111113,0.0014062499999999197
full_communication_rho0.75_b3,full_communication,0.75,3,12,60,0.05486111111111111,-0.026388888888888906,0.014236111111111107,0.04062500000000001,0.08125000000000002,0.6590277777777778,-0.06458333333333331,-0.07430555555555558,-0.06944444444444443,0.004861111111111112,0.009722222222222224,0.09583333333333337,0.009722222222222217,0.10069444444444445,0.05520833333333331,-0.045486111111111116,-0.09097222222222223,0.2451388888888889,-0.014236111111111107,-0.04062500000000001,-0.06180555555555555,0.1757118055555555,-0.15833333333333333,0.10763888888888888,-0.09791666666666665,0.13056423611111106,-0.01910590277777777,0.09760416666666649,-0.03821180555555554,0.19520833333333298,-0.13055555555555556,-0.004861111111111113,-0.13263888888888886,-0.027760416666666766,-0.13022569444444446,-0.020477430555555596,-0.00972222222222222,0.023619791666666626,-0.01944444444444444,0.04723958333333325,-0.10694444444444445,0.12223958333333322,-0.01597222222222222,0.21876736111111103,-0.04411458333333333,0.15212673611111086,-0.10591145833333333,0.013914930555555413,-0.21182291666666667,0.027829861111110826
full_communication_rho0.75_b3,full_communication,0.75,3,13,60,0.06666666666666667,-0.04236111111111111,0.01215277777777777,0.05451388888888889,0.10902777777777778,0.6625,-0.049999999999999996,-0.06597222222222222,-0.057986111111111106,0.00798611111111111,0.01597222222222222,0.08125,-0.016666666666666666,0.10833333333333334,0.04583333333333335,-0.06250000000000001,-0.12500000000000003,0.25625,-0.01215277777777777,-0.05451388888888889,-0.05836805555555557,0.19098958333333324,-0.1673784722222222,0.08335069444444437,-0.10001736111111113,0.125,-0.0034809027777777785,0.10902777777777777,-0.006961805555555557,0.21805555555555553,-0.10833333333333332,0.006249999999999996,-0.11527777777777778,-0.02430555555555556,-0.10972222222222222,-0.01388888888888889,-0.008333333333333333,0.029166666666666664,-0.016666666666666666,0.05833333333333333,-0.13611111111111113,0.10000000000000002,-0.01043402777777778,0.23194444444444443,-0.06251736111111111,0.15070312499999997,-0.12013888888888889,-0.005208333333333339,-0.24027777777777778,-0.010416666666666678
full_communication_rho0.75_b3,full_communication,0.75,3,14,60,0.06041666666666667,-0.07569444444444445,-0.007638888888888892,0.06805555555555556,0.13611111111111113,0.6791666666666667,-0.0722222222222222,-0.07986111111111112,-0.07604166666666666,0.0038194444444444448,0.0076388888888888895,0.09444444444444446,0.011805555555555547,0.15555555555555556,0.08368055555555555,-0.07187500000000001,-0.14375000000000002,0.2263888888888889,0.007638888888888892,-0.06805555555555556,-0.061822916666666665,0.17571180555555546,-0.2055729166666667,0.049305555555555554,-0.1149392361111111,0.10069444444444445,0.012144097222222226,0.1253472222222222,0.024288194444444453,0.2506944444444444,-0.1326388888888889,-0.017361111111111105,-0.13541666666666669,-0.03333333333333333,-0.13333333333333333,-0.0284548611111112,-0.0076388888888888895,0.019791666666666666,-0.015277777777777779,0.03958333333333333,-0.0965451388888889,0.12013888888888888,0.03819444444444444,0.27710069444444435,-0.015286458333333338,0.18091145833333327,-0.12883680555555557,-0.01701388888888889,-0.25767361111111114,-0.03402777777777778
full_communication_rho0.75_b3,full_communication,0.75,3,15,60,0.04861111111111113,-0.043750000000000004,0.002430555555555551,0.04618055555555556,0.09236111111111112,0.6868055555555556,-0.07152777777777777,-0.08819444444444445,-0.07986111111111112,0.008333333333333335,0.01666666666666667,0.10208333333333333,0.022916666666666672,0.13194444444444442,0.07743055555555557,-0.054513888888888896,-0.10902777777777779,0.21111111111111114,-0.002430555555555551,-0.04618055555555556,-0.07432291666666668,0.16111111111111112,-0.17222222222222222,0.08269097222222194,-0.10416666666666666,0.109392361111111,-0.012855902777777777,0.10416666666666666,-0.025711805555555554,0.20833333333333331,-0.14168402777777778,-0.00486111111111111,-0.14652777777777778,-0.03888888888888889,-0.14341145833333332,-0.02465277777777778,-0.006597222222222221,0.02847222222222222,-0.013194444444444443,0.05694444444444444,-0.08680555555555554,0.13265624999999992,0.020104166666666666,0.24723958333333326,-0.01667534722222222,0.17291666666666666,-0.11493055555555554,0.004513888888888888,-0.22986111111111107,0.009027777777777775
full_communication_rho0.75_b12,full_communication,0.75,12,1,53,0.006289308176100627,-0.02437106918238994,-0.009040880503144657,0.015330188679245283,0.030660377358490566,0.4779874213836478,0.01965408805031447,0.027515723270440256,0.023584905660377364,-0.003930817610062893,-0.007861635220125786,0.20440251572327045,-0.025943396226415102,-0.003144654088050318,-0.014544025157232705,-0.011399371069182393,-0.022798742138364785,0.3176100628930818,0.009040880503144657,-0.015330188679245283,-0.05188679245283019,0.061320754716981125,-0.07940251572327045,0.032232704402515716,-0.05817610062893082,0.0404972484276729,-0.010220125786163523,0.041666666666666664,-0.020440251572327046,0.08333333333333333,-0.022032232704402518,0.06212657232704393,-0.014937106918238996,0.07075471698113207,-0.013757861635220128,0.05857900943396222,-0.02633647798742138,0.019654088050314468,-0.05267295597484276,0.039308176100628936,-0.07625786163522014,0.02672955974842766,-0.04716981132075472,0.04011399371069172,-0.05935534591194968,0.02831171383647793,-0.030267295597484277,0.007468553459119494,-0.060534591194968554,0.014937106918238989
full_communication_rho0.75_b12,full_communication,0.75,12,2,53,-0.06761006289308175,-0.1092767295597484,-0.08844339622641509,0.020833333333333336,0.04166666666666667,0.5707547169811321,0.0007861635220125821,-0.0007861635220125738,4.1895208476421e-18,0.0007861635220125784,0.0015723270440251569,0.1690251572327044,0.06682389937106918,0.110062893081761,0.08844339622641509,-0.021619496855345918,-0.043238993710691835,0.2602201257861635,0.08844339622641509,-0.020833333333333336,-0.15330188679245282,0.01888757861635211,-0.1831761006289308,-0.03144654088050313,-0.15252555031446544,-0.01609669811320765,-0.021226415094339632,0.065251572327044,-0.042452830188679264,0.130503144654088,-0.05426493710691824,0.057389937106918254,-0.04876179245283019,0.04716981132075472,-0.043248820754716984,0.04167649371069178,-0.029481132075471702,0.03224253144654083,-0.058962264150943404,0.06448506289308166,-0.004716981132075469,0.1391509433962264,0.04795597484276733,0.17138364779874216,0.033411949685534605,0.14545990566037725,-0.0609375,0.01611635220125786,-0.121875,0.03223270440251572
full_communication_rho0.75_b12,full_communication,0.75,12,3,53,-0.09276729559748428,-0.15330188679245285,-0.12303459119496857,0.030267295597484273,0.06053459119496855,0.6084905660377359,-0.030660377358490566,-0.05110062893081761,-0.040880503144654086,0.01022012578616352,0.02044025157232704,0.16273584905660377,0.12342767295597484,0.20440251572327042,0.1639150943396227,-0.04048742138364779,-0.08097484276729558,0.22877358490566035,0.12303459119496857,-0.030267295597484273,-0.190251572327044,0.0180817610062893,-0.24687499999999998,-0.04795597484276729,-0.20833333333333334,-0.026326650943396278,-0.01650943396226415,0.077437106918239,-0.0330188679245283,0.154874213836478,-0.09433962264150945,0.03537735849056603,-0.10691823899371068,0.007075471698113205,-0.0978871855345912,0.015330188679245281,-0.014937106918238994,0.03537735849056604,-0.029874213836477988,0.07075471698113207,0.028301886792452834,0.21619496855345913,0.10455974842767297,0.29245283018867924,0.0770440251572327,0.2445066823899371,-0.08215408805031446,0.0011792452830188716,-0.16430817610062892,0.002358490566037743
full_communication_rho0.75_b12,full_communication,0.75,12,4,53,-0.14386792452830188,-0.18789308176100628,-0.16588050314465408,0.0220125786163522,0.0440251572327044,0.6533018867924527,-0.021226415094339614,-0.03930817610062892,-0.030267295597484277,0.009040880503144652,0.018081761006289304,0.13757861635220128,0.16509433962264147,0.22720125786163525,0.19614779874213834,-0.03105345911949686,-0.06210691823899372,0.20911949685534592,0.16588050314465408,-0.0220125786163522,-0.2523584905660377,-0.021992924528302,-0.2948506289308176,-0.07940251572327046,-0.2562991352201258,-0.061704009433962315,-0.03498427672955974,0.07940251572327042,-0.06996855345911948,0.15880503144654085,-0.09355345911949685,0.05269261006289299,-0.10141509433962262,0.022818396226414992,-0.09276729559748427,0.032625786163522005,-0.01690251572327044,0.03694968553459119,-0.03380503144654088,0.07389937106918237,0.0621069182389937,0.2618121069182389,0.12891116352201257,0.32311320754716977,0.10454009433962266,0.27832154088050304,-0.08490566037735849,0.021629323899371014,-0.16981132075471697,0.04325864779874203
full_communication_rho0.75_b12,full_communication,0.75,12,5,53,-0.19654088050314464,-0.17688679245283018,-0.18671383647798742,-0.009827044025157236,-0.01965408805031447,0.6713836477987422,-0.029088050314465413,-0.0589622641509434,-0.044025157232704414,0.014937106918238996,0.02987421383647799,0.11399371069182389,0.22562893081761007,0.2358490566037736,0.23073899371069181,-0.005110062893081765,-0.01022012578616353,0.21462264150943394,0.18671383647798742,0.009827044025157236,-0.3144654088050314,-0.07071540880503166,-0.2877555031446541,-0.06210691823899372,-0.28262578616352196,-0.07821344339622646,-0.06683372641509434,0.051493710691823895,-0.1336674528301887,0.10298742138364779,-0.09512578616352202,0.03616352201257861,-0.10927672955974843,-0.010180817610063106,-0.09866352201257862,0.005896226415094334,-0.009040880503144654,0.04205974842767296,-0.018081761006289308,0.08411949685534592,0.1061124213836478,0.33883647798742145,0.13522012578616355,0.3349253144654087,0.13128930817610063,0.31920204402515706,-0.06210691823899372,0.05070754716981131,-0.12421383647798744,0.10141509433962262
full_communication_rho0.75_b12,full_communication,0.75,12,6,53,-0.1988993710691824,-0.11556603773584904,-0.1572327044025157,-0.04166666666666668,-0.08333333333333336,0.6745283018867925,-0.05660377358490567,-0.0770440251572327,-0.06682389937106918,0.010220125786163521,0.020440251572327043,0.11163522012578615,0.2555031446540881,0.19261006289308175,0.22405660377358494,0.031446540880503145,0.06289308176100629,0.21383647798742136,0.1572327044025157,0.04166666666666668,-0.3286360062893082,-0.06132075471698113,-0.22641509433962265,0.0023781446540879427,-0.25825471698113206,-0.03929834905660383,-0.09944968553459119,0.01887775157232699,-0.19889937106918237,0.03775550314465398,-0.11715801886792451,1.5088821177832252e-18,-0.13209512578616356,-0.027515723270440256,-0.122248427672956,-0.019261006289308175,-0.007075471698113209,0.03224253144654083,-0.014150943396226417,0.06448506289308166,0.12500000000000003,0.37659198113207537,0.0943199685534591,0.28459119496855345,0.12576650943396228,0.31410180817610045,-0.028694968553459106,0.09001572327044026,-0.05738993710691821,0.18003144654088052
full_communication_rho0.75_b12,full_communication,0.75,12,7,53,-0.2075471698113208,-0.11399371069182389,-0.16077044025157233,-0.04677672955974843,-0.09355345911949686,0.6823899371069183,-0.06525157232704402,-0.08569182389937106,-0.07547169811320753,0.010220125786163521,0.020440251572327043,0.11477987421383647,0.2727987421383648,0.19968553459119498,0.23624213836477986,0.03655660377358491,0.07311320754716982,0.20283018867924535,0.16077044025157233,0.04677672955974843,-0.3317610062893081,-0.0730935534591196,-0.2311320754716981,0.0070754716981132025,-0.25631878930817614,-0.047562893081761023,-0.11400353773584908,0.02397798742138364,-0.22800707547169816,0.04795597484276728,-0.12818396226415094,-0.003911163522012683,-0.14465408805031446,-0.036163522012578615,-0.13719536163522011,-0.023575078616352257,-0.005503144654088051,0.030660377358490563,-0.011006289308176102,0.061320754716981125,0.1391509433962264,0.3954599056603773,0.08883647798742138,0.3113404088050314,0.13128930817610063,0.3309748427672956,-0.03263561320754717,0.10535573899371062,-0.06527122641509434,0.21071147798742124
full_communication_rho0.75_b12,full_communication,0.75,12,8,53,-0.1658805031446541,-0.12578616352201258,-0.14583333333333331,-0.020047169811320743,-0.04009433962264149,0.6729559748427671,-0.09905660377358491,-0.11084905660377359,-0.10495283018867926,0.00589622641509434,0.01179245283018868,0.13286163522012578,0.26493710691823896,0.2366352201257862,0.2507861635220126,0.014150943396226419,0.028301886792452838,0.19418238993710693,0.14583333333333331,0.020047169811320743,-0.29090015723270446,-0.035357704402515816,-0.24528301886792453,0.006328616352201043,-0.2456957547169812,-0.03223270440251574,-0.08884630503144655,0.052682783018867876,-0.1776926100628931,0.10536556603773575,-0.1611635220125786,-0.046383647798742135,-0.17138364779874216,-0.05737028301886802,-0.16471108490566033,-0.05267295597484277,-0.0047169811320754715,0.017688679245283022,-0.009433962264150943,0.035377358490566044,0.13757861635220123,0.377378144654088,0.1131682389937107,0.3529874213836478,0.1474056603773585,0.34670794025157226,-0.056210691823899366,0.08215408805031446,-0.11242138364779873,0.16430817610062892
full_communication_rho0.75_b12,full_communication,0.75,12,9,53,-0.14622641509433962,-0.11477987421383647,-0.13050314465408808,-0.015723270440251565,-0.03144654088050313,0.6776729559748426,-0.0699685534591195,-0.09512578616352202,-0.08254716981132074,0.012578616352201259,0.025157232704402517,0.11320754716981134,0.21619496855345913,0.20990566037735853,0.2130503144654089,0.0031446540880503094,0.006289308176100619,0.20911949685534592,0.13050314465408808,0.015723270440251565,-0.2790880503144654,-0.004677672955975057,-0.2389937106918239,0.02203223270440242,-0.23861045597484276,-0.008235062893081862,-0.08294025157232704,0.05345911949685535,-0.16588050314465408,0.1069182389937107,-0.13840408805031448,-0.010220125786163516,-0.15803852201257862,-0.04245283018867924,-0.14545007861635223,-0.027908805031446538,0.0007861635220125786,0.02712264150943396,0.001572327044025157,0.05424528301886792,0.08726415094339625,0.33808962264150927,0.08174135220125786,0.3286360062893081,0.1005994496855346,0.31331564465408784,-0.06447523584905661,0.06958529874213831,-0.12895047169811322,0.13917059748427663
full_communication_rho0.75_b12,full_communication,0.75,12,10,53,-0.1595911949685534,-0.13364779874213836,-0.1466194968553459,-0.012971698113207537,-0.025943396226415075,0.687893081761006,-0.06367924528301885,-0.08490566037735849,-0.07429245283018866,0.01061320754716981,0.02122641509433962,0.09748427672955975,0.22327044025157228,0.21855345911949686,0.22091194968553463,0.0023584905660377327,0.0047169811320754654,0.214622641509434,0.1466194968553459,0.012971698113207537,-0.30428459119496853,-0.012558962264151024,-0.2688679245283019,0.007881289308175984,-0.26219536163522017,-0.020440251572327046,-0.08766705974842767,0.06485849056603775,-0.17533411949685535,0.1297169811320755,-0.1320754716981132,-0.00471698113207547,-0.1470125786163522,-0.03537735849056604,-0.13757861635220126,-0.021992924528301993,-0.001572327044025157,0.02633647798742138,-0.003144654088050314,0.05267295597484276,0.08174135220125786,0.3592767295597484,0.09115566037735849,0.33883647798742145,0.10690841194968555,0.3246953616352201,-0.07548152515723272,0.07900943396226413,-0.15096305031446544,0.15801886792452827
full_communication_rho0.75_b12,full_communication,0.75,12,11,53,-0.1792452830188679,-0.13443396226415094,-0.15683962264150947,-0.022405660377358486,-0.04481132075471697,0.6910377358490565,-0.07232704402515723,-0.07783018867924528,-0.07507861635220127,0.002751572327044025,0.00550314465408805,0.09748427672955974,0.25157232704402516,0.21226415094339623,0.23191823899371067,0.01965408805031447,0.03930817610062894,0.21147798742138366,0.15683962264150947,0.022405660377358486,-0.315251572327044,-0.03299921383647809,-0.2617924528301887,-0.003911163522012672,-0.26141902515723275,-0.03576061320754722,-0.0939563679245283,0.0550314465408805,-0.1879127358490566,0.110062893081761,-0.13836477987421383,-0.01493710691823899,-0.13130896226415098,-0.03299921383647809,-0.1332547169811321,-0.025550314465408806,-0.012578616352201257,0.02044025157232704,-0.025157232704402514,0.04088050314465408,0.11320754716981131,0.37973663522012574,0.09274764150943396,0.3309748427672956,0.12183569182389938,0.32900943396226406,-0.057409591194968544,0.09394654088050314,-0.11481918238993709,0.18789308176100628
full_communication_rho0.75_b12,full_communication,0.75,12,12,53,-0.1878930817610063,-0.1273584905660377,-0.15762578616352205,-0.030267295597484284,-0.06053459119496857,0.6776729559748427,-0.07547169811320754,-0.08490566037735849,-0.08018867924528301,0.0047169811320754715,0.009433962264150943,0.10141509433962265,0.2633647798742138,0.21226415094339623,0.23781446540880502,0.025550314465408803,0.051100628930817606,0.22091194968553454,0.15762578616352205,0.030267295597484284,-0.32319182389937107,-0.04245283018867924,-0.25943396226415094,0.008647798742138346,-0.2665192610062893,-0.03613404088050331,-0.1002555031446541,0.044044811320754614,-0.2005110062893082,0.08808962264150923,-0.14150943396226415,-0.011772798742138468,-0.139937106918239,-0.041666666666666664,-0.1387578616352201,-0.030660377358490566,-0.012971698113207544,0.02712264150943396,-0.02594339622641509,0.05424528301886792,0.12262185534591197,0.3962460691823899,0.08172169811320756,0.34040880503144655,0.11949685534591196,0.34003537735849043,-0.05111045597484277,0.09513561320754714,-0.10222091194968554,0.19027122641509428
full_communication_rho0.75_b12,full_communication,0.75,12,13,53,-0.22405660377358497,-0.12657232704402516,-0.17531446540880505,-0.04874213836477988,-0.09748427672955975,0.6808176100628931,-0.051100628930817606,-0.07625786163522011,-0.06367924528301885,0.012578616352201259,0.025157232704402517,0.08647798742138364,0.27515723270440257,0.2028301886792453,0.23899371069182393,0.036163522012578615,0.07232704402515723,0.23270440251572327,0.17531446540880505,0.04874213836477988,-0.36949685534591187,-0.07704402515723272,-0.25943396226415094,0.004716981132075464,-0.2857802672955975,-0.04873231132075478,-0.12067610062893083,0.029490959119496802,-0.24135220125786166,0.058981918238993604,-0.11163522012578614,0.006289308176100629,-0.12657232704402516,-0.03380503144654089,-0.11674528301886791,-0.01767885220125791,-0.0011792452830188685,0.031053459119496855,-0.002358490566037737,0.06210691823899371,0.12498034591194972,0.41588050314465413,0.07623820754716983,0.33099449685534577,0.11711871069182392,0.3471108490566037,-0.04207940251572326,0.10850039308176096,-0.08415880503144652,0.21700078616352192
full_communication_rho0.75_b12,full_communication,0.75,12,14,53,-0.21933962264150947,-0.15015723270440254,-0.18474842767295593,-0.03459119496855346,-0.06918238993710692,0.6988993710691824,-0.05817610062893082,-0.08254716981132075,-0.0703616352201258,0.01218553459119497,0.02437106918238994,0.09040880503144653,0.2775157232704403,0.23270440251572327,0.25511006289308175,0.022405660377358496,0.04481132075471699,0.21069182389937105,0.18474842767295593,0.03459119496855346,-0.3553655660377359,-0.07857704402515743,-0.26731525157232705,-0.028301886792452838,-0.2841981132075472,-0.07624803459119503,-0.1092865566037736,0.04443789308176089,-0.2185731132075472,0.08887578616352178,-0.1139937106918239,-0.0031446540880503146,-0.13286163522012578,-0.039288522012578715,-0.1218553459119497,-0.02357507861635225,0.0007861635220125787,0.028694968553459124,0.0015723270440251573,0.05738993710691825,0.13679245283018868,0.41273584905660377,0.10927672955974842,0.3498624213836478,0.14937106918238993,0.35181800314465406,-0.05817610062893081,0.09670794025157228,-0.11635220125786162,0.19341588050314457
full_communication_rho0.75_b12,full_communication,0.75,12,15,53,-0.22720125786163525,-0.15801886792452832,-0.19261006289308175,-0.034591194968553465,-0.06918238993710693,0.7051886792452828,-0.07232704402515723,-0.09119496855345913,-0.08176100628930819,0.009433962264150943,0.018867924528301886,0.09669811320754715,0.2995283018867924,0.24921383647798742,0.27437106918238996,0.025157232704402524,0.05031446540880505,0.19811320754716982,0.19261006289308175,0.034591194968553465,-0.35302672955974845,-0.08958333333333353,-0.28459119496855345,-0.02830188679245283,-0.2948309748427673,-0.08097484276729561,-0.11008254716981133,0.045607311320754663,-0.22016509433962267,0.09121462264150933,-0.13209512578616356,-0.01884827044025168,-0.15015723270440248,-0.04009433962264151,-0.13955385220125788,-0.031043632075471752,0.0007861635220125784,0.02240566037735849,0.0015723270440251569,0.04481132075471698,0.16586084905660375,0.4253144654088051,0.12421383647798745,0.3718553459119497,0.1690055031446541,0.3714622641509434,-0.056210691823899366,0.10102201257861636,-0.11242138364779873,0.20204402515723272
full_communication_rho0.75_b18,full_communication,0.75,18,1,49,0.0034013605442176874,0.009353741496598636,0.006377551020408168,-0.002976190476190476,-0.005952380952380952,0.4659863945578231,-0.00935374149659864,0.045068027210884355,0.017857142857142853,-0.0272108843537415,-0.054421768707483,0.2032312925170068,0.0059523809523809494,-0.054421768707483,-0.024234693877551026,0.030187074829931968,0.060374149659863936,0.33078231292517013,-0.006377551020408168,0.002976190476190476,-0.05357142857142857,0.05697278911564625,-0.05187074829931972,0.06887755102040816,-0.044228316326530605,0.055282738095238045,-0.0318983843537415,0.02424532312925165,-0.063796768707483,0.0484906462585033,-0.05187074829931974,0.029783163265306015,-0.0017006802721088443,0.09523809523809523,-0.02040816326530612,0.05442176870748299,-0.05230654761904763,-0.004251700680272111,-0.10461309523809526,-0.008503401360544222,-0.04336734693877551,0.05527210884353742,-0.1054421768707483,-0.004251700680272119,-0.06930272108843538,0.019132653061224487,0.003390731292517009,0.055707908163265256,0.006781462585034018,0.11141581632653051
full_communication_rho0.75_b18,full_communication,0.75,18,2,49,-0.11139455782312925,-0.06972789115646258,-0.09056122448979592,-0.020833333333333332,-0.041666666666666664,0.5552721088435374,-0.04166666666666667,0.019557823129251705,-0.011054421768707481,-0.03061224489795919,-0.06122448979591838,0.1683673469387755,0.15306122448979592,0.050170068027210885,0.1016156462585034,0.05144557823129252,0.10289115646258504,0.2763605442176871,0.09056122448979592,0.020833333333333332,-0.18454506802721088,-0.03826530612244898,-0.16583758503401366,0.026360544217687073,-0.16156462585034015,-0.018707482993197286,-0.06845238095238095,0.02934736394557818,-0.1369047619047619,0.05869472789115636,-0.07910289115646259,-0.005952380952380952,-0.04508928571428571,0.08843537414965985,-0.054857568027210896,0.03443877551020409,-0.06123511904761906,-0.0017006802721088448,-0.12247023809523812,-0.0034013605442176896,0.07395833333333335,0.22704081632653061,-0.03571428571428572,0.14030612244897958,0.035693027210884354,0.1671024659863945,-0.0008609693877551052,0.0977997448979591,-0.0017219387755102104,0.1955994897959182
full_communication_rho0.75_b18,full_communication,0.75,18,3,49,-0.09863945578231292,-0.1045918367346939,-0.1016156462585034,0.002976190476190476,0.005952380952380952,0.5841836734693877,-0.07653061224489797,-0.034013605442176874,-0.05527210884353742,-0.021258503401360547,-0.042517006802721094,0.16496598639455784,0.17517006802721088,0.13860544217687076,0.1568877551020408,0.01828231292517007,0.03656462585034014,0.25085034013605445,0.1016156462585034,-0.002976190476190476,-0.19559948979591837,0.001721938775510091,-0.22025935374149663,0.0119047619047619,-0.19091198979591834,-0.010607993197279019,-0.05784438775510204,0.06462585034013606,-0.11568877551020408,0.1292517006802721,-0.1420068027210884,-0.014434523809523923,-0.09948979591836735,0.02636054421768708,-0.1139455782312925,-0.00211522108843543,-0.04889455782312926,0.007227891156462585,-0.09778911564625851,0.01445578231292517,0.08499149659863944,0.26445578231292516,0.028039965986394563,0.2482993197278911,0.07651998299319727,0.23299319727891155,-0.0484906462585034,0.08205782312925171,-0.0969812925170068,0.16411564625850342
full_communication_rho0.75_b18,full_communication,0.75,18,4,49,-0.1760204081632653,-0.14455782312925172,-0.1602891156462585,-0.015731292517006803,-0.031462585034013606,0.6343537414965986,-0.06037414965986393,-0.05017006802721088,-0.05527210884353741,-0.00510204081632653,-0.01020408163265306,0.1403061224489796,0.23639455782312924,0.19472789115646258,0.2155612244897959,0.020833333333333332,0.041666666666666664,0.22534013605442177,0.1602891156462585,0.015731292517006803,-0.28486394557823125,-0.06120323129251714,-0.26960034013605444,-0.017006802721088444,-0.2623511904761905,-0.054421768707483,-0.0820578231292517,0.04889455782312926,-0.1641156462585034,0.09778911564625851,-0.1326530612244898,0.010204081632653052,-0.11734693877551018,0.007653061224489798,-0.11821853741496598,0.002136479591836681,-0.029772534013605443,0.024670493197278858,-0.059545068027210886,0.049340986394557716,0.13348214285714283,0.33588435374149667,0.07308673469387754,0.3137755102040816,0.12414965986394559,0.30018069727891156,-0.0471938775510204,0.09014668367346933,-0.0943877551020408,0.18029336734693865
full_communication_rho0.75_b18,full_communication,0.75,18,5,49,-0.2032312925170068,-0.15816326530612246,-0.18069727891156465,-0.022534013605442185,-0.04506802721088437,0.6632653061224489,-0.051020408163265314,-0.05782312925170068,-0.05442176870748299,0.0034013605442176856,0.006802721088435371,0.125,0.25425170068027214,0.21598639455782315,0.23511904761904764,0.019132653061224494,0.03826530612244899,0.21173469387755098,0.18069727891156465,0.022534013605442185,-0.310374149659864,-0.10029761904761927,-0.2848639455782313,-0.02551020408163266,-0.2759460034013606,-0.08417304421768716,-0.08886054421768708,0.03827593537414961,-0.17772108843537415,0.07655187074829922,-0.10886479591836734,0.0059523809523809494,-0.11139455782312925,-0.007653061224489796,-0.10460246598639457,-0.008503401360544215,-0.02040816326530612,0.03188775510204082,-0.04081632653061224,0.06377551020408163,0.1556122448979592,0.35459183673469385,0.0866921768707483,0.3427083333333332,0.1432823129251701,0.3278061224489796,-0.0510204081632653,0.08759566326530606,-0.1020408163265306,0.17519132653061212
full_communication_rho0.75_b18,full_communication,0.75,18,6,49,-0.17772108843537415,-0.108843537414966,-0.14328231292517007,-0.03443877551020408,-0.06887755102040816,0.6496598639455782,-0.04846938775510204,-0.06207482993197279,-0.05527210884353741,0.006802721088435377,0.013605442176870755,0.11904761904761904,0.2261904761904762,0.17091836734693877,0.19855442176870747,0.027636054421768714,0.05527210884353743,0.2312925170068027,0.14328231292517007,0.03443877551020408,-0.2865858843537415,-0.06632653061224492,-0.2312925170068027,0.018707482993197272,-0.23600127551020408,-0.045493197278911574,-0.10715348639455782,0.034013605442176874,-0.21430697278911565,0.06802721088435375,-0.1105654761904762,0.01192602040816316,-0.11394557823129253,-0.013584183673469499,-0.10671768707482994,-0.01020408163265306,-0.017857142857142853,0.036150085034013554,-0.035714285714285705,0.07230017006802711,0.12157738095238095,0.32908163265306123,0.045897108843537426,0.28828656462585023,0.10798256802721089,0.2840136054421768,-0.04549319727891156,0.10290178571428565,-0.09098639455782312,0.2058035714285713
full_communication_rho0.75_b18,full_communication,0.75,18,7,49,-0.16666666666666674,-0.1020408163265306,-0.13435374149659862,-0.032312925170068035,-0.06462585034013607,0.6530612244897959,-0.03996598639455783,-0.061224489795918366,-0.0505952380952381,0.010629251700680268,0.021258503401360537,0.11734693877551022,0.2066326530612245,0.16326530612244897,0.18494897959183673,0.021683673469387755,0.04336734693877551,0.22959183673469388,0.13435374149659862,0.032312925170068035,-0.2755102040816326,-0.05442176870748302,-0.2347151360544218,0.03913690476190465,-0.23811649659863948,-0.02720025510204087,-0.10204081632653063,0.03529974489795912,-0.20408163265306126,0.07059948979591824,-0.10884353741496598,0.027210884353741492,-0.11909013605442177,-0.0059523809523809494,-0.10969387755102039,0.0012861394557822563,-0.015731292517006803,0.042517006802721094,-0.031462585034013606,0.08503401360544219,0.09268707482993198,0.31634778911564615,0.02886904761904762,0.2933673469387755,0.0773703231292517,0.2869897959183673,-0.044217687074829926,0.08715986394557823,-0.08843537414965985,0.17431972789115646
full_communication_rho0.75_b18,full_communication,0.75,18,8,49,-0.1326530612244898,-0.08333333333333333,-0.10799319727891157,-0.02465986394557823,-0.04931972789115646,0.6386054421768708,-0.070578231292517,-0.07057823129251699,-0.070578231292517,-2.2657612747452172e-18,-4.5315225494904345e-18,0.13010204081632654,0.2032312925170068,0.15391156462585032,0.17857142857142858,0.024659863945578238,0.049319727891156476,0.23129251700680273,0.10799319727891157,0.02465986394557823,-0.24917091836734695,-0.00933248299319739,-0.23216411564625852,0.0637967687074829,-0.2198235544217687,0.008110119047618875,-0.09991496598639456,0.04720450680272102,-0.19982993197278912,0.09440901360544204,-0.14625850340136054,0.004272959183673356,-0.1377551020408163,-0.0025510204081632647,-0.13691539115646256,-0.005941751700680331,-0.027210884353741492,0.03061224489795918,-0.054421768707482984,0.06122448979591836,0.09013605442176871,0.3086734693877551,0.0220875850340136,0.2823767006802718,0.07907100340136053,0.27210884353741494,-0.04549319727891156,0.09524872448979586,-0.09098639455782312,0.19049744897959173
full_communication_rho0.75_b18,full_communication,0.75,18,9,49,-0.18707482993197277,-0.11904761904761905,-0.15306122448979595,-0.03401360544217687,-0.06802721088435373,0.6683673469387755,-0.04931972789115646,-0.061224489795918366,-0.05527210884353742,0.005952380952380954,0.011904761904761908,0.10714285714285714,0.23639455782312926,0.1802721088435374,0.20833333333333331,0.028061224489795915,0.05612244897959183,0.22448979591836732,0.15306122448979595,0.03401360544217687,-0.30274234693877555,-0.07223639455782334,-0.26360544217687076,0.02385204081632629,-0.2589285714285714,-0.04375000000000023,-0.10841836734693877,0.036989795918367346,-0.21683673469387754,0.07397959183673469,-0.12585034013605442,0.02465986394557823,-0.13097363945578233,0.0017006802721088491,-0.12330994897959185,0.006813350340135997,-0.016592261904761905,0.033173894557823075,-0.03318452380952381,0.06634778911564615,0.14198554421768705,0.33080357142857136,0.047597789115646265,0.3086947278911563,0.11394557823129253,0.29550382653061225,-0.039551445578231294,0.09948979591836733,-0.07910289115646259,0.19897959183673466
full_communication_rho0.75_b18,full_communication,0.75,18,10,49,-0.2032312925170068,-0.13435374149659862,-0.16879251700680273,-0.03443877551020409,-0.06887755102040818,0.6709183673469388,-0.05527210884353742,-0.05612244897959183,-0.055697278911564625,0.00042517006802720995,0.0008503401360544199,0.09523809523809525,0.2585034013605442,0.19047619047619047,0.22448979591836737,0.034013605442176874,0.06802721088435375,0.233843537414966,0.16879251700680273,0.03443877551020409,-0.3274022108843537,-0.07908163265306123,-0.2780612244897959,0.007653061224489788,-0.280218962585034,-0.05229591836734694,-0.10586734693877552,0.03487457482993192,-0.21173469387755103,0.06974914965986384,-0.12414965986394558,0.005952380952380953,-0.12585034013605442,0.009353741496598638,-0.12373511904761907,0.0029761904761904747,-0.01870748299319728,0.020843962585033956,-0.03741496598639456,0.04168792517006791,0.1445578231292517,0.3733205782312924,0.05695153061224491,0.3197491496598638,0.12072704081632651,0.3252551020408163,-0.03827593537414965,0.10800382653061219,-0.0765518707482993,0.21600765306122438
full_communication_rho0.75_b18,full_communication,0.75,18,11,49,-0.22704081632653064,-0.16581632653061223,-0.1964285714285714,-0.03061224489795918,-0.06122448979591836,0.6819727891156462,-0.06037414965986395,-0.07057823129251702,-0.0654761904761905,0.00510204081632653,0.01020408163265306,0.09523809523809525,0.28741496598639454,0.23639455782312926,0.26190476190476186,0.025510204081632657,0.051020408163265314,0.22278911564625853,0.1964285714285714,0.03061224489795918,-0.3452380952380953,-0.10289115646258502,-0.2942176870748299,-0.049319727891156476,-0.3027317176870748,-0.09308035714285734,-0.09992559523809523,0.034449404761904716,-0.19985119047619046,0.06889880952380943,-0.12500000000000003,-2.76139655359612e-19,-0.1301232993197279,-0.016156462585034014,-0.1254464285714286,-0.011904761904761906,-0.009778911564625849,0.02125850340136054,-0.019557823129251698,0.04251700680272108,0.17684948979591833,0.39880952380952384,0.12667942176870747,0.3511904761904762,0.17345875850340134,0.3516262755102041,-0.04209183673469389,0.09693877551020408,-0.08418367346938778,0.19387755102040816
full_communication_rho0.75_b18,full_communication,0.75,18,12,49,-0.19982993197278912,-0.1828231292517007,-0.1913265306122449,-0.008503401360544217,-0.017006802721088433,0.6709183673469388,-0.07908163265306123,-0.07993197278911565,-0.07950680272108844,0.0004251700680272102,0.0008503401360544204,0.10119047619047618,0.2789115646258503,0.2627551020408163,0.2708333333333333,0.008078231292517002,0.016156462585034004,0.227891156462585,0.1913265306122449,0.008503401360544217,-0.3325042517006802,-0.06037414965986396,-0.31462585034013607,-0.05527210884353742,-0.30144557823129253,-0.0828975340136055,-0.0829187925170068,0.06548681972789111,-0.1658375850340136,0.13097363945578222,-0.14122023809523812,-0.024659863945578234,-0.14200680272108843,-0.02551020408163265,-0.13989158163265306,-0.02678571428571429,-0.014030612244897957,0.012329931972789117,-0.028061224489795915,0.024659863945578234,0.15133928571428568,0.4056122448979591,0.14283588435374148,0.3852253401360543,0.16794217687074828,0.373735119047619,-0.06803784013605443,0.08290816326530612,-0.13607568027210887,0.16581632653061223
full_communication_rho0.75_b18,full_communication,0.75,18,13,49,-0.18792517006802723,-0.23129251700680273,-0.209608843537415,0.02168367346938775,0.0433673469387755,0.6726190476190477,-0.070578231292517,-0.07312925170068027,-0.07185374149659864,0.0012755102040816323,0.0025510204081632647,0.0824829931972789,0.2585034013605442,0.304421768707483,0.2814625850340136,-0.02295918367346939,-0.04591836734693878,0.24489795918367346,0.209608843537415,-0.02168367346938775,-0.32312925170068024,-0.04931972789115647,-0.3716198979591837,-0.09098639455782312,-0.3286777210884354,-0.08968962585034027,-0.05230654761904763,0.09483418367346928,-0.10461309523809526,0.18966836734693857,-0.11904761904761904,-0.029740646258503516,-0.12247023809523809,-0.03144132653061236,-0.12032312925170069,-0.030187074829931975,-0.004251700680272108,0.005952380952380953,-0.008503401360544217,0.011904761904761906,0.12327806122448977,0.38690476190476186,0.16326530612244897,0.446471088435374,0.16409438775510202,0.40093537414965985,-0.0943983843537415,0.0497555272108843,-0.188796768707483,0.0995110544217686
full_communication_rho0.75_b18,full_communication,0.75,18,14,49,-0.1981292517006803,-0.17772108843537412,-0.18792517006802723,-0.010204081632653066,-0.02040816326530613,0.683673469387755,-0.08928571428571427,-0.09098639455782312,-0.0901360544217687,0.0008503401360544214,0.0017006802721088428,0.09948979591836733,0.28741496598639454,0.26870748299319724,0.2780612244897959,0.009353741496598645,0.01870748299319729,0.21683673469387754,0.18792517006802723,0.010204081632653066,-0.3392857142857143,-0.056101190476190596,-0.30782312925170063,-0.05184948979591849,-0.30357142857142855,-0.07439413265306129,-0.07738095238095238,0.05613307823129246,-0.15476190476190477,0.11226615646258492,-0.14032738095238095,-0.044217687074829926,-0.14540816326530612,-0.041666666666666664,-0.14413265306122447,-0.04378188775510209,-0.0034013605442176874,0.00552721088435374,-0.006802721088435375,0.01105442176870748,0.15729166666666664,0.41241496598639454,0.13348214285714288,0.3979804421768706,0.170046768707483,0.3890412414965986,-0.05697278911564625,0.077391581632653,-0.1139455782312925,0.154783163265306
full_communication_rho0.75_b18,full_communication,0.75,18,15,49,-0.2321428571428571,-0.1921768707482993,-0.2121598639455782,-0.019982993197278913,-0.039965986394557826,0.6964285714285714,-0.09098639455782312,-0.09693877551020408,-0.09396258503401361,0.002976190476190477,0.005952380952380954,0.10629251700680273,0.3231292517006803,0.2891156462585034,0.3061224489795919,0.017006802721088437,0.034013605442176874,0.19727891156462585,0.2121598639455782,0.019982993197278913,-0.369047619047619,-0.08928571428571429,-0.32312925170068024,-0.06375425170068037,-0.3299426020408163,-0.10246598639455781,-0.09268707482993198,0.05018069727891152,-0.18537414965986396,0.10036139455782304,-0.1496811224489796,-0.03996598639455782,-0.15986394557823128,-0.039965986394557826,-0.15394345238095236,-0.04039115646258504,-0.002125850340136054,0.008503401360544217,-0.004251700680272108,0.017006802721088433,0.20068027210884354,0.4447278911564626,0.15816326530612246,0.4149659863945578,0.20448554421768705,0.41370110544217686,-0.05527210884353741,0.08971088435374149,-0.11054421768707481,0.17942176870748297
report_only_rho0.75_b3,report_only,0.75,3,1,59,-0.060028248587570616,-0.026836158192090384,-0.043432203389830504,-0.016596045197740116,-0.03319209039548023,0.568502824858757,0.03177966101694916,0.006355932203389831,0.019067796610169493,0.012711864406779662,0.025423728813559324,0.1942090395480226,0.028248587570621462,0.02048022598870056,0.024364406779661014,0.0038841807909604513,0.007768361581920903,0.23728813559322035,0.043432203389830504,0.016596045197740116,-0.11370056497175139,-0.007044491525423824,-0.08476341807909604,0.0317973163841807,-0.09182556497175141,0.0067355225988699205,-0.04096045197740113,0.007062146892655365,-0.08192090395480225,0.01412429378531073,-0.017690677966101694,0.0826271186440678,-0.045215395480226,0.05792725988700556,-0.023667019774011304,0.06286193502824854,-0.01518361581920904,0.039901129943502825,-0.03036723163841808,0.07980225988700565,-0.01694915254237288,0.07062146892655366,-0.03531073446327684,0.07415254237288135,-0.018370409604519782,0.0646186440677966,-0.021195268361581924,0.031082274011299392,-0.04239053672316385,0.062164548022598784
report_only_rho0.75_b3,report_only,0.75,3,2,59,-0.054378531073446305,-0.07980225988700565,-0.06709039548022598,0.012711864406779667,0.025423728813559334,0.684322033898305,-0.03248587570621469,-0.03319209039548023,-0.03283898305084746,0.00035310734463276874,0.0007062146892655375,0.16101694915254236,0.08686440677966101,0.11299435028248586,0.09992937853107346,-0.013064971751412434,-0.026129943502824868,0.15466101694915255,0.06709039548022598,-0.012711864406779667,-0.13629943502824857,0.03177966101694916,-0.1617231638418079,0.0028425141242936964,-0.1384180790960452,0.003531073446327683,-0.028601694915254234,0.054034251412429346,-0.05720338983050847,0.10806850282485869,-0.09110169491525423,0.026836158192090398,-0.09675141242937851,0.03603460451977392,-0.08968926553672317,0.02754237288135593,-0.019067796610169493,0.019420903954802258,-0.038135593220338986,0.038841807909604516,0.013418079096045194,0.15889830508474576,0.03531073446327684,0.18857697740112986,0.03424258474576271,0.15925141242937854,-0.05437853107344633,0.02930790960451977,-0.10875706214689267,0.05861581920903954
report_only_rho0.75_b3,report_only,0.75,3,3,59,-0.11158192090395481,-0.052966101694915245,-0.08227401129943501,-0.029307909604519778,-0.058615819209039556,0.778954802259887,-0.028248587570621465,-0.07838983050847458,-0.05331920903954802,0.025070621468926548,0.050141242937853096,0.13276836158192087,0.13983050847457626,0.1313559322033898,0.13559322033898305,0.004237288135593217,0.008474576271186434,0.08827683615819208,0.08227401129943501,0.029307909604519778,-0.21541313559322034,-0.0049258474576272145,-0.1433792372881356,0.03885946327683608,-0.16419491525423727,0.007070974576271142,-0.07944915254237288,0.019085451977401035,-0.15889830508474576,0.03817090395480207,-0.09533898305084745,0.04096045197740112,-0.13843573446327684,-0.023993644067796707,-0.11442443502824858,0.0038930084745762293,0.007415254237288136,0.04449152542372882,0.014830508474576272,0.08898305084745764,0.06285310734463277,0.22318149717514116,0.05084745762711865,0.21045197740112997,0.06636652542372881,0.19985875706214692,-0.04132238700564972,0.05226871468926549,-0.08264477401129944,0.10453742937853099
report_only_rho0.75_b3,report_only,0.75,3,4,59,-0.17302259887005653,-0.11723163841807908,-0.1451271186440678,-0.0278954802259887,-0.0557909604519774,0.8622881355932204,0.014830508474576268,-0.025423728813559324,-0.005296610169491524,0.020127118644067795,0.04025423728813559,0.06638418079096045,0.1581920903954802,0.1426553672316384,0.1504237288135593,0.007768361581920899,0.015536723163841798,0.0713276836158192,0.1451271186440678,0.0278954802259887,-0.2683792372881356,-0.07978460451977411,-0.19915254237288135,-0.034586864406779765,-0.21574858757062146,-0.07237817796610174,-0.08157662429378533,0.020506709039547877,-0.16315324858757066,0.041013418079095754,-0.03248587570621468,0.0692090395480226,-0.060734463276836154,0.007062146892655368,-0.041666666666666664,0.03214159604519769,0.0017655367231638412,0.04308792372881352,0.0035310734463276823,0.08617584745762703,0.07768361581920903,0.240819209039548,0.06777895480225987,0.22106285310734455,0.0872175141242938,0.21398305084745764,-0.03779131355932203,0.05720338983050848,-0.07558262711864407,0.11440677966101696
report_only_rho0.75_b3,report_only,0.75,3,5,59,-0.18573446327683613,-0.16031073446327684,-0.17302259887005647,-0.012711864406779665,-0.02542372881355933,0.9187853107344633,0.00282485875706215,-0.015536723163841805,-0.006355932203389829,0.009180790960451976,0.018361581920903952,0.033192090395480225,0.182909604519774,0.17584745762711862,0.17937853107344634,0.0035310734463276784,0.007062146892655357,0.0480225988700565,0.17302259887005647,0.012711864406779665,-0.2768361581920904,-0.09814618644067805,-0.24436793785310737,-0.07766596045197748,-0.24012182203389829,-0.1020303672316385,-0.06497175141242938,0.03742937853107344,-0.12994350282485875,0.07485875706214688,-0.024717514124293783,0.0346045197740113,-0.036723163841807904,0.002136299435028153,-0.029307909604519768,0.015889830508474576,-0.0010681497175141245,0.02153954802259887,-0.002136299435028249,0.04307909604519774,0.10451977401129944,0.2627118644067797,0.1016949152542373,0.2549435028248587,0.1182821327683616,0.240474929378531,-0.047316384180790955,0.054387358757062104,-0.09463276836158191,0.10877471751412421
report_only_rho0.75_b3,report_only,0.75,3,6,59,-0.22951977401129942,-0.22951977401129942,-0.22951977401129942,-4.704334850106595e-18,-9.40866970021319e-18,0.95409604519774,0.007768361581920903,-0.012711864406779662,-0.0024717514124293783,0.010240112994350282,0.020480225988700564,0.023305084745762712,0.22175141242937857,0.24223163841807915,0.2319915254237288,-0.010240112994350284,-0.020480225988700567,0.02259887005649718,0.22951977401129942,4.704334850106595e-18,-0.33052612994350283,-0.13416313559322043,-0.3185028248587571,-0.14548022598870058,-0.3047404661016949,-0.15112994350282488,-0.05014124293785311,0.04697210451977397,-0.10028248587570622,0.09394420903954794,-0.02048022598870056,0.03389830508474576,-0.0346045197740113,0.00211864406779661,-0.025423728813559324,0.01660487288135589,0.0017655367231638418,0.02048022598870056,0.0035310734463276836,0.04096045197740112,0.13275070621468926,0.3142655367231639,0.16311793785310733,0.32556497175141247,0.15925141242937854,0.30473163841807904,-0.05614406779661017,0.03743820621468922,-0.11228813559322035,0.07487641242937844
report_only_rho0.75_b3,report_only,0.75,3,7,59,-0.22951977401129944,-0.25706214689265544,-0.2432909604519774,0.01377118644067797,0.02754237288135594,0.9583333333333333,0.009180790960451978,-0.004943502824858757,0.00211864406779661,0.007062146892655366,0.014124293785310733,0.012005649717514123,0.22033898305084748,0.26200564971751417,0.24117231638418077,-0.020833333333333332,-0.041666666666666664,0.029661016949152547,0.2432909604519774,-0.01377118644067797,-0.3333333333333333,-0.1306497175141243,-0.3516949152542373,-0.16949152542372883,-0.325926906779661,-0.16099929378531083,-0.036016949152542374,0.06285310734463277,-0.07203389830508475,0.12570621468926554,-0.008474576271186437,0.027560028248587477,-0.01906779661016949,0.0049435028248587575,-0.012358757062146892,0.014477401129943505,0.0010593220338983053,0.014830508474576272,0.0021186440677966106,0.029661016949152543,0.1264124293785311,0.32203389830508466,0.17655367231638422,0.3517125706214689,0.16346221751412426,0.31994173728813546,-0.07027718926553674,0.029661016949152543,-0.14055437853107347,0.059322033898305086
report_only_rho0.75_b3,report_only,0.75,3,8,59,-0.23022598870056496,-0.28319209039548027,-0.2567090395480226,0.02648305084745763,0.05296610169491526,0.9597457627118644,0.0070621468926553655,-0.005649717514124294,0.0007062146892655361,0.006355932203389831,0.012711864406779662,0.012711864406779662,0.2231638418079096,0.28884180790960456,0.256002824858757,-0.03283898305084746,-0.06567796610169492,0.027542372881355928,0.2567090395480226,-0.02648305084745763,-0.3333862994350283,-0.13416313559322043,-0.37643008474576267,-0.19701624293785322,-0.33722634180790967,-0.17514124293785316,-0.030376059322033903,0.0787605932203389,-0.06075211864406781,0.1575211864406778,-0.014124293785310734,0.027542372881355928,-0.021892655367231634,0.0049435028248587575,-0.017302259887005653,0.014477401129943503,-1.4701046406582275e-21,0.014477401129943505,-2.940209281316455e-21,0.02895480225988701,0.1327683615819209,0.32417019774011296,0.20195974576271186,0.3827860169491525,0.18078213276836155,0.33510769774011295,-0.08334216101694916,0.020480225988700564,-0.16668432203389832,0.04096045197740113
report_only_rho0.75_b3,report_only,0.75,3,9,59,-0.19985875706214695,-0.346045197740113,-0.27295197740113,0.07309322033898306,0.14618644067796613,0.9548022598870057,-0.001412429378531075,-0.007768361581920905,-0.004590395480225988,0.0031779661016949155,0.006355932203389831,0.01765536723163842,0.20127118644067796,0.35381355932203395,0.27754237288135586,-0.07627118644067798,-0.15254237288135597,0.027542372881355935,0.27295197740113,-0.07309322033898306,-0.2951977401129943,-0.10805084745762714,-0.43997175141242933,-0.2535134180790961,-0.3481638418079096,-0.1956214689265537,0.020480225988700567,0.1260593220338983,0.040960451977401134,0.2521186440677966,-0.026836158192090398,0.016242937853107344,-0.031073446327683617,0.0077683615819209035,-0.028257415254237285,0.010602048022598823,-0.001765536723163841,0.008474576271186439,-0.003531073446327682,0.016949152542372878,0.11723163841807911,0.2881709039548021,0.2662429378531074,0.4442443502824857,0.20656779661016952,0.3464159604519773,-0.1274717514124294,-0.025061793785310784,-0.2549435028248588,-0.05012358757062157
report_only_rho0.75_b3,report_only,0.75,3,10,59,-0.18220338983050843,-0.356638418079096,-0.2694209039548022,0.0872175141242938,0.1744350282485876,0.9597457627118645,-0.00211864406779661,-0.011299435028248588,-0.006709039548022598,0.004590395480225989,0.009180790960451978,0.016242937853107344,0.1843220338983051,0.36793785310734467,0.27612994350282494,-0.09180790960451976,-0.18361581920903952,0.02401129943502825,0.2694209039548022,-0.0872175141242938,-0.27259887005649713,-0.09885240112994359,-0.4576447740112995,-0.25421963276836174,-0.34183439265536725,-0.1906779661016949,0.031055790960451978,0.1415960451977401,0.062111581920903956,0.2831920903954802,-0.025423728813559317,0.013435734463276741,-0.03177966101694915,0.0014124293785310728,-0.027895480225988697,0.006709039548022598,0.0010593220338983049,0.008130296610169443,0.0021186440677966097,0.016260593220338886,0.10734463276836158,0.26765536723163835,0.2683439265536723,0.46682556497175137,0.20090925141242938,0.34853460451977397,-0.14512711864406777,-0.037067443502824905,-0.29025423728813554,-0.07413488700564981
report_only_rho0.75_b3,report_only,0.75,3,11,59,-0.15466101694915257,-0.37853107344632775,-0.2665960451977401,0.11193502824858759,0.22387005649717517,0.9505649717514125,-0.021892655367231634,-0.021892655367231634,-0.02189265536723164,-4.7043348501065955e-19,-9.408669700213191e-19,0.03248587570621469,0.1765536723163842,0.4004237288135593,0.2884887005649718,-0.11193502824858757,-0.22387005649717515,0.016949152542372878,0.2665960451977401,-0.11193502824858759,-0.23871822033898313,-0.07342867231638427,-0.4774011299435028,-0.28458686440677977,-0.3393361581920904,-0.19384710451977408,0.060381355932203395,0.1634887005649717,0.12076271186440679,0.3269774011299434,-0.05932203389830509,0.005649717514124294,-0.0557909604519774,0.004943502824858756,-0.05790960451977402,0.004590395480225988,-0.0049435028248587575,0.0042372881355932195,-0.009887005649717515,0.008474576271186439,0.10663841807909605,0.2507062146892655,0.3107168079096045,0.4929378531073446,0.2231638418079096,0.3524187853107344,-0.16138771186440679,-0.0614406779661017,-0.32277542372881357,-0.1228813559322034
report_only_rho0.75_b3,report_only,0.75,3,12,59,-0.1384180790960452,-0.41878531073446323,-0.2786016949152542,0.14018361581920902,0.28036723163841804,0.9477401129943502,-0.02259887005649718,-0.012005649717514123,-0.017302259887005653,-0.005296610169491526,-0.010593220338983052,0.02754237288135593,0.16101694915254236,0.43079096045197734,0.2959039548022599,-0.1348870056497175,-0.269774011299435,0.024717514124293783,0.2786016949152542,-0.14018361581920902,-0.2266949152542373,-0.05225988700564973,-0.5240112994350283,-0.3142478813559323,-0.3541843220338983,-0.19844632768361584,0.0815677966101695,0.19987641242937845,0.163135593220339,0.3997528248587569,-0.058615819209039556,0.00211864406779661,-0.048728813559322036,0.020480225988700567,-0.05226871468926555,0.009180790960451976,-0.01694915254237288,0.0021186440677966097,-0.03389830508474576,0.0042372881355932195,0.08121468926553672,0.24152542372881355,0.3262535310734463,0.5310734463276836,0.22033898305084745,0.3676024011299434,-0.19209922316384181,-0.07696857344632772,-0.38419844632768363,-0.15393714689265545
report_only_rho0.75_b3,report_only,0.75,3,13,59,-0.1694915254237288,-0.4470338983050847,-0.3082627118644068,0.13877118644067796,0.2775423728813559,0.951271186440678,-0.018361581920903952,-0.014124293785310734,-0.016242937853107344,-0.0021186440677966097,-0.0042372881355932195,0.025423728813559324,0.1878531073446328,0.46115819209039555,0.32450564971751417,-0.13665254237288135,-0.2733050847457627,0.023305084745762712,0.3082627118644068,-0.13877118644067796,-0.2641242937853107,-0.07554731638418088,-0.5445268361581921,-0.3509887005649718,-0.3788930084745762,-0.23269774011299438,0.07626235875706215,0.19916137005649714,0.1525247175141243,0.3983227401129943,-0.05370762711864406,0.0035310734463276836,-0.04804025423728814,0.009180790960451976,-0.051200564971751406,0.004590395480225988,-0.008474576271186439,0.003531073446327683,-0.016949152542372878,0.007062146892655366,0.10451977401129943,0.2761475988700564,0.3629943502824859,0.555808615819209,0.2556497175141243,0.39125176553672314,-0.1974046610169491,-0.07449682203389835,-0.3948093220338982,-0.1489936440677967
report_only_rho0.75_b3,report_only,0.75,3,14,59,-0.16807909604519772,-0.4392655367231638,-0.3036723163841808,0.13559322033898305,0.2711864406779661,0.9491525423728814,-0.01129943502824859,-0.005649717514124295,-0.00847457627118644,-0.0028248587570621473,-0.005649717514124295,0.01694915254237288,0.17937853107344634,0.44491525423728806,0.31214689265536727,-0.1327683615819209,-0.2655367231638418,0.03389830508474576,0.3036723163841808,-0.13559322033898305,-0.2584922316384181,-0.07625353107344643,-0.5402718926553673,-0.3403954802259887,-0.3785399011299436,-0.22845162429378535,0.07733050847457627,0.19563912429378524,0.15466101694915255,0.3912782485875705,-0.034622175141242946,0.002824858757062147,-0.03036723163841808,0.010593220338983049,-0.032485875706214695,0.0060028248587570615,-0.006709039548022599,0.0010593220338983049,-0.013418079096045197,0.0021186440677966097,0.09461511299435026,0.2662429378531073,0.346045197740113,0.5444915254237287,0.2401129943502825,0.38594632768361575,-0.1931497175141243,-0.07518538135593236,-0.3862994350282486,-0.15037076271186472
report_only_rho0.75_b3,report_only,0.75,3,15,59,-0.14265536723163844,-0.44774011299435024,-0.29519774011299427,0.15254237288135594,0.3050847457627119,0.9498587570621468,-0.020480225988700567,-0.013418079096045197,-0.01694915254237288,-0.003531073446327683,-0.007062146892655366,0.02259887005649718,0.163135593220339,0.46115819209039555,0.3121468926553672,-0.14901129943502825,-0.2980225988700565,0.027542372881355928,0.29519774011299427,-0.15254237288135594,-0.23234463276836156,-0.05790960451977401,-0.5402542372881356,-0.35801553672316405,-0.36370056497175135,-0.22527365819209041,0.09461511299435026,0.21292372881355937,0.1892302259887005,0.42584745762711873,-0.05227754237288136,0.0,-0.045215395480225996,0.0077683615819209035,-0.048728813559322036,0.0035310734463276827,-0.006002824858757062,-0.0010504943502825338,-0.012005649717514125,-0.0021009887005650676,0.0868467514124294,0.2471927966101694,0.3672316384180791,0.5543961864406779,0.2460893361581921,0.375,-0.21045197740112995,-0.0893273305084746,-0.4209039548022599,-0.1786546610169492
report_only_rho0.75_b12,report_only,0.75,12,1,51,-0.04820261437908497,-0.02777777777777777,-0.03799019607843137,-0.010212418300653595,-0.02042483660130719,0.5808823529411765,0.018790849673202614,-0.013071895424836598,0.002859477124183003,0.015931372549019607,0.031862745098039214,0.184640522875817,0.029411764705882353,0.04084967320261438,0.03513071895424837,-0.005718954248366013,-0.011437908496732025,0.2344771241830065,0.03799019607843137,0.010212418300653595,-0.10375816993464053,0.011437908496732018,-0.08417075163398695,0.02616421568627441,-0.08700980392156862,0.012663398692810456,-0.03758169934640523,0.01797385620915032,-0.07516339869281045,0.03594771241830064,-0.035130718954248366,0.07516339869281045,-0.06944444444444445,0.039236111111111006,-0.04576184640522876,0.05066380718954243,-0.010212418300653595,0.04411764705882353,-0.02042483660130719,0.08823529411764706,-0.02124183006535947,0.08169934640522876,-0.013092320261437904,0.09885620915032678,-0.01143790849673202,0.08376225490196068,-0.02983047385620916,0.01594158496732021,-0.05966094771241832,0.03188316993464042
report_only_rho0.75_b12,report_only,0.75,12,2,51,-0.04248366013071895,-0.16584967320261443,-0.10416666666666669,0.06168300653594771,0.12336601307189542,0.6870915032679739,-0.0457516339869281,-0.06290849673202614,-0.054330065359477125,0.008578431372549022,0.017156862745098044,0.14624183006535946,0.08823529411764708,0.22875816993464052,0.1584967320261438,-0.07026143790849673,-0.14052287581699346,0.16666666666666666,0.10416666666666669,-0.06168300653594771,-0.10214460784313727,0.02042483660130718,-0.25328839869281045,-0.08006535947712418,-0.16421568627450978,-0.044097222222222336,0.016339869281045753,0.10702614379084967,0.032679738562091505,0.21405228758169934,-0.0980392156862745,2.0424836601198856e-05,-0.11274509803921567,-0.015522875816993461,-0.10539215686274508,-0.009395424836601307,-0.005310457516339868,0.02287581699346405,-0.010620915032679736,0.0457516339869281,0.025326797385620915,0.1511437908496732,0.15112336601307189,0.3112745098039216,0.10008169934640523,0.21692197712418299,-0.1123468137254902,-0.029810049019607897,-0.2246936274509804,-0.059620098039215794
report_only_rho0.75_b12,report_only,0.75,12,3,51,-0.11274509803921567,-0.2957516339869281,-0.2042483660130719,0.09150326797385622,0.18300653594771243,0.7818627450980395,-0.07107843137254902,-0.07598039215686274,-0.07352941176470588,0.0024509803921568627,0.004901960784313725,0.11683006535947711,0.18382352941176472,0.3717320261437909,0.27777777777777785,-0.09395424836601307,-0.18790849673202614,0.10130718954248365,0.2042483660130719,-0.09150326797385622,-0.19934640522875816,-0.02859477124183007,-0.40114379084967317,-0.19197303921568631,-0.2794424019607843,-0.12335580065359482,0.036356209150326814,0.14665032679738563,0.07271241830065363,0.29330065359477125,-0.1258374183006536,-0.025306372549019716,-0.13073937908496733,-0.02777777777777778,-0.12826797385620914,-0.026950571895424883,-0.005718954248366014,0.01102941176470588,-0.011437908496732027,0.02205882352941176,0.09477124183006536,0.27207924836601294,0.2728553921568627,0.4648692810457517,0.20138888888888892,0.34847834967320246,-0.14747753267973854,-0.04125816993464053,-0.2949550653594771,-0.08251633986928106
report_only_rho0.75_b12,report_only,0.75,12,4,51,-0.17483660130718953,-0.4191176470588235,-0.29697712418300654,0.12214052287581702,0.24428104575163404,0.8611111111111112,-0.022875816993464054,-0.035130718954248366,-0.029003267973856207,0.006127450980392156,0.012254901960784312,0.05473856209150327,0.19771241830065353,0.454248366013072,0.32598039215686275,-0.12826797385620917,-0.25653594771241833,0.08415032679738561,0.29697712418300654,-0.12214052287581702,-0.2687908496732026,-0.08739787581699357,-0.5049019607843138,-0.3284109477124184,-0.36887254901960786,-0.2242340686274511,0.06861723856209151,0.17442810457516336,0.13723447712418302,0.3488562091503267,-0.05637254901960785,0.0032679738562091496,-0.07026143790849673,-0.007352941176470591,-0.06249999999999999,-0.0028594771241830077,-0.00040849673202614456,0.012663398692810456,-0.0008169934640522891,0.025326797385620912,0.11764705882352942,0.28267973856209155,0.3676470588235295,0.5376021241830065,0.2585682189542484,0.3913500816993463,-0.17933006535947713,-0.07475490196078431,-0.35866013071895425,-0.14950980392156862
report_only_rho0.75_b12,report_only,0.75,12,5,51,-0.18627450980392157,-0.42647058823529405,-0.3063725490196078,0.12009803921568628,0.24019607843137256,0.9183006535947713,-0.0130718954248366,-0.012254901960784314,-0.012663398692810456,-0.0004084967320261436,-0.0008169934640522872,0.028594771241830064,0.19934640522875818,0.43872549019607837,0.3190359477124183,-0.11968954248366015,-0.2393790849673203,0.0531045751633987,0.3063725490196078,-0.12009803921568628,-0.2753267973856209,-0.10128676470588245,-0.5081699346405228,-0.3439338235294118,-0.3672385620915033,-0.24550653594771243,0.05881331699346405,0.1781147875816993,0.1176266339869281,0.3562295751633986,-0.035130718954248366,0.00326797385620915,-0.03594771241830065,0.004901960784313725,-0.035130718954248366,0.0028594771241830072,-0.004901960784313725,0.004493464052287581,-0.00980392156862745,0.008986928104575163,0.12007761437908494,0.28513071895424835,0.36111111111111116,0.516360294117647,0.2663296568627451,0.377859477124183,-0.17689950980392158,-0.061264297385620954,-0.35379901960784316,-0.12252859477124191
report_only_rho0.75_b12,report_only,0.75,12,6,51,-0.21078431372549022,-0.5032679738562091,-0.3570261437908496,0.14624183006535948,0.29248366013071897,0.9419934640522877,-0.014705882352941176,-0.007352941176470588,-0.011029411764705883,-0.003676470588235294,-0.007352941176470588,0.024509803921568627,0.2254901960784314,0.5106209150326797,0.3680555555555557,-0.1425653594771242,-0.2851307189542484,0.0334967320261438,0.3570261437908496,-0.14624183006535948,-0.2965890522875817,-0.1266135620915034,-0.5849673202614379,-0.4166666666666667,-0.41545138888888894,-0.29452614379084974,0.0845588235294118,0.20385008169934637,0.1691176470588236,0.40770016339869275,-0.03758169934640522,0.0016339869281045746,-0.034313725490196074,0.011437908496732025,-0.03553921568627451,0.005718954248366013,-0.007352941176470588,0.0,-0.014705882352941176,0.0,0.14379084967320263,0.3112745098039215,0.42971813725490193,0.5898692810457515,0.31495098039215685,0.4240298202614379,-0.20016339869281047,-0.08168913398692816,-0.40032679738562094,-0.16337826797385632
report_only_rho0.75_b12,report_only,0.75,12,7,51,-0.24999999999999997,-0.4338235294117647,-0.3419117647058823,0.09191176470588233,0.18382352941176466,0.9477124183006537,-0.0065359477124183,0.005718954248366015,-0.0004084967320261434,-0.006127450980392157,-0.012254901960784314,0.0130718954248366,0.25653594771241833,0.4281045751633987,0.34232026143790856,-0.08578431372549021,-0.17156862745098042,0.0392156862745098,0.3419117647058823,-0.09191176470588233,-0.3398692810457517,-0.14948937908496746,-0.527798202614379,-0.3431372549019608,-0.4097222222222222,-0.27000612745098046,0.02900326797385621,0.15319648692810453,0.05800653594771242,0.30639297385620906,-0.021241830065359475,0.004084967320261437,-0.01227532679738562,0.02124183006535948,-0.01674836601307189,0.01184640522875817,-0.011437908496732027,-0.0012254901960784311,-0.022875816993464054,-0.0024509803921568623,0.16174428104575164,0.3431372549019608,0.33823529411764697,0.5179738562091503,0.2769607843137255,0.40727124183006524,-0.14787581699346405,-0.02368259803921574,-0.2957516339869281,-0.04736519607843148
report_only_rho0.75_b12,report_only,0.75,12,8,51,-0.26388888888888884,-0.5392156862745098,-0.4015522875816993,0.13766339869281044,0.2753267973856209,0.9468954248366013,-0.0057189542483660144,0.004901960784313726,-0.0004084967320261434,-0.00531045751633987,-0.01062091503267974,0.013071895424836603,0.2696078431372549,0.5343137254901961,0.40196078431372556,-0.13235294117647056,-0.2647058823529411,0.040032679738562095,0.4015522875816993,-0.13766339869281044,-0.3562295751633987,-0.16256127450980398,-0.619281045751634,-0.45588235294117646,-0.46611519607843144,-0.33414011437908503,0.0763888888888889,0.19486315359477122,0.1527777777777778,0.38972630718954243,-0.0261437908496732,0.007352941176470588,-0.018790849673202614,0.023692810457516342,-0.02124183006535948,0.013071895424836603,-0.013480392156862746,0.0012254901960784311,-0.02696078431372549,0.0024509803921568623,0.17645016339869277,0.35784313725490197,0.4525939542483659,0.6143790849673202,0.3378165849673203,0.4628370098039215,-0.18995098039215685,-0.0727124183006536,-0.3799019607843137,-0.1454248366013072
report_only_rho0.75_b12,report_only,0.75,12,9,51,-0.31781045751633985,-0.5645424836601307,-0.4411764705882353,0.12336601307189543,0.24673202614379086,0.94281045751634,-0.00980392156862745,0.0024509803921568627,-0.003676470588235294,-0.006127450980392158,-0.012254901960784315,0.016339869281045753,0.3276143790849674,0.5620915032679739,0.4448529411764707,-0.11723856209150327,-0.23447712418300654,0.04084967320261437,0.4411764705882353,-0.12336601307189543,-0.4175040849673203,-0.22056781045751644,-0.6405433006535948,-0.48284313725490197,-0.5057393790849674,-0.3753982843137255,0.062091503267973865,0.18790849673202614,0.12418300653594773,0.3758169934640523,-0.03594771241830066,0.005718954248366013,-0.031045751633986932,0.03594771241830066,-0.032679738562091505,0.01797385620915033,-0.01879084967320262,0.0016441993464051733,-0.03758169934640524,0.0032883986928103465,0.23366013071895422,0.4248366013071896,0.47140522875817,0.6429942810457515,0.37745098039215685,0.5110396241830065,-0.18382352941176472,-0.05472834967320268,-0.36764705882352944,-0.10945669934640535
report_only_rho0.75_b12,report_only,0.75,12,10,51,-0.3120915032679738,-0.5449346405228759,-0.42851307189542487,0.11642156862745098,0.23284313725490197,0.9493464052287582,0.000816993464052289,-0.002450980392156862,-0.0008169934640522879,0.0016339869281045746,0.003267973856209149,0.015522875816993463,0.3112745098039215,0.5473856209150327,0.4293300653594771,-0.11805555555555555,-0.2361111111111111,0.035130718954248366,0.42851307189542487,-0.11642156862745098,-0.410968137254902,-0.21076388888888897,-0.6340073529411765,-0.4501633986928104,-0.4918300653594771,-0.3615093954248367,0.046946486928104575,0.18341503267973855,0.09389297385620915,0.3668300653594771,-0.02777777777777777,0.022875816993464054,-0.029411764705882353,0.01633986928104575,-0.0269812091503268,0.016758578431372496,-0.005718954248366014,0.010222630718954196,-0.011437908496732027,0.020445261437908393,0.21401143790849672,0.4101511437908496,0.452593954248366,0.6331699346405228,0.3651858660130719,0.4918402777777777,-0.18627450980392157,-0.047385620915032685,-0.37254901960784315,-0.09477124183006537
report_only_rho0.75_b12,report_only,0.75,12,11,51,-0.3235294117647058,-0.5490196078431373,-0.4362745098039215,0.11274509803921569,0.22549019607843138,0.9354575163398693,-0.011437908496732027,-0.031862745098039214,-0.021650326797385624,0.010212418300653593,0.020424836601307186,0.035130718954248366,0.33496732026143794,0.5808823529411765,0.4579248366013071,-0.12295751633986929,-0.24591503267973858,0.029411764705882353,0.4362745098039215,-0.11274509803921569,-0.4175040849673203,-0.2238562091503268,-0.6413398692810457,-0.4444444444444445,-0.5081801470588236,-0.3602839052287582,0.048611111111111105,0.17401960784313722,0.09722222222222221,0.34803921568627444,-0.05884395424836602,0.025326797385620915,-0.07273284313725491,-0.0016339869281045754,-0.06456290849673203,0.009803921568627449,0.0028594771241830077,0.019199346405228756,0.005718954248366015,0.03839869281045751,0.23529411764705882,0.42973856209150324,0.48937908496732024,0.6642156862745098,0.3864276960784313,0.5233047385620914,-0.18628472222222223,-0.058394607843137374,-0.37256944444444445,-0.11678921568627475
report_only_rho0.75_b12,report_only,0.75,12,12,51,-0.29330065359477125,-0.5465686274509803,-0.4199346405228757,0.12663398692810457,0.25326797385620914,0.9313725490196078,-0.018790849673202614,-0.025326797385620915,-0.022058823529411766,0.00326797385620915,0.0065359477124183,0.031045751633986932,0.31209150326797386,0.5718954248366013,0.4419934640522875,-0.1299019607843137,-0.2598039215686274,0.03758169934640523,0.4199346405228757,-0.12663398692810457,-0.39542483660130723,-0.1968750000000001,-0.6397058823529411,-0.4395424836601308,-0.4918300653594771,-0.3394505718954248,0.06124387254901962,0.1895424836601307,0.12248774509803924,0.3790849673202614,-0.06211192810457518,0.011437908496732025,-0.06781045751633986,0.002450980392156862,-0.06454248366013071,0.006137663398692755,-0.001633986928104575,0.008986928104575163,-0.00326797385620915,0.017973856209150325,0.22058823529411764,0.4101307189542484,0.47875816993464054,0.6585171568627449,0.37497957516339864,0.5045036764705881,-0.19403594771241828,-0.06413398692810458,-0.38807189542483655,-0.12826797385620917
report_only_rho0.75_b12,report_only,0.75,12,13,51,-0.3071895424836601,-0.5514705882352942,-0.42933006535947715,0.122140522875817,0.244281045751634,0.9354575163398693,-0.022058823529411766,-0.022875816993464054,-0.022467320261437912,0.00040849673202614375,0.0008169934640522875,0.027777777777777776,0.329248366013072,0.5743464052287581,0.45179738562091515,-0.12254901960784313,-0.24509803921568626,0.03676470588235294,0.42933006535947715,-0.122140522875817,-0.40114379084967317,-0.21482843137254923,-0.6446282679738562,-0.4566993464052288,-0.5004187091503268,-0.35211397058823535,0.06209150326797388,0.18259803921568632,0.12418300653594776,0.36519607843137264,-0.061274509803921566,0.0016339869281045748,-0.06290849673202614,0.0,-0.06168300653594771,0.0,-0.0024509803921568627,0.003676470588235294,-0.004901960784313725,0.007352941176470588,0.24019607843137256,0.41995506535947713,0.4877450980392157,0.658517156862745,0.3864174836601307,0.515124591503268,-0.18259803921568632,-0.06289828431372554,-0.36519607843137264,-0.1257965686274511
report_only_rho0.75_b12,report_only,0.75,12,14,51,-0.29084967320261434,-0.5735294117647058,-0.4321895424836601,0.14133986928104578,0.28267973856209155,0.9240196078431373,-0.01388888888888889,-0.012254901960784315,-0.0130718954248366,-0.0008169934640522873,-0.0016339869281045746,0.018790849673202614,0.3047385620915033,0.5857843137254902,0.4452614379084967,-0.14052287581699346,-0.28104575163398693,0.05718954248366013,0.4321895424836601,-0.14133986928104578,-0.39544526143790854,-0.19035947712418302,-0.6691176470588235,-0.46646241830065377,-0.5073631535947712,-0.34926470588235303,0.07556168300653597,0.20343137254901963,0.15112336601307194,0.40686274509803927,-0.04084967320261438,0.0024509803921568627,-0.037581699346405234,0.003267973856209151,-0.03840890522875817,0.0024509803921568623,-0.0036764705882352936,0.0020424836601307195,-0.007352941176470587,0.004084967320261439,0.21076388888888886,0.40359477124183,0.48200571895424826,0.6772875816993466,0.37130310457516336,0.5130821078431372,-0.20261437908496732,-0.07475490196078433,-0.40522875816993464,-0.14950980392156865
report_only_rho0.75_b12,report_only,0.75,12,15,51,-0.28104575163398693,-0.5702614379084966,-0.4256535947712418,0.14460784313725492,0.28921568627450983,0.9240196078431373,-0.022875816993464054,-0.02124183006535948,-0.022058823529411766,-0.0008169934640522872,-0.0016339869281045743,0.026143790849673207,0.30392156862745096,0.5915032679738562,0.4477124183006536,-0.14379084967320263,-0.28758169934640526,0.04983660130718954,0.4256535947712418,-0.14460784313725492,-0.3864583333333333,-0.17647058823529413,-0.6642565359477126,-0.46811683006535953,-0.503686683006536,-0.3423100490196079,0.08373161764705882,0.20385008169934637,0.16746323529411763,0.40770016339869275,-0.058823529411764705,0.0008169934640522878,-0.054738562091503275,0.0024509803921568627,-0.05718954248366013,0.0016339869281045748,-0.003267973856209149,0.0012254901960784316,-0.006535947712418298,0.002450980392156863,0.2050449346405229,0.40277777777777773,0.500796568627451,0.6756535947712418,0.3725490196078432,0.5147160947712417,-0.20303308823529412,-0.0829146241830066,-0.40606617647058824,-0.1658292483660132
report_only_rho0.75_b18,report_only,0.75,18,1,53,-0.040094339622641494,-0.05974842767295598,-0.04992138364779874,0.00982704402515723,0.01965408805031446,0.5841194968553459,0.055817610062893076,0.040880503144654086,0.048349056603773574,0.007468553459119495,0.01493710691823899,0.16981132075471694,-0.015723270440251576,0.01886792452830188,0.0015723270440251517,-0.017295597484276726,-0.03459119496855345,0.24606918238993714,0.04992138364779874,-0.00982704402515723,-0.09198113207547169,0.012598270440251483,-0.12264150943396225,0.004716981132075462,-0.09905660377358488,0.00040290880503140433,-0.021236242138364777,0.04009433962264151,-0.042472484276729554,0.08018867924528301,0.014131289308176097,0.09827044025157232,-0.008647798742138354,0.09040880503144653,0.009040880503144654,0.08687106918238995,-0.016509433962264154,0.031849449685534534,-0.03301886792452831,0.06369889937106907,-0.06055424528301888,0.03066037735849057,-0.0369496855345912,0.07625786163522014,-0.04481132075471698,0.0475727201257861,-0.040880503144654086,0.0051100628930817625,-0.08176100628930817,0.010220125786163525
report_only_rho0.75_b18,report_only,0.75,18,2,53,-0.17845911949685536,-0.32861635220125784,-0.2535377358490566,0.07507861635220127,0.15015723270440254,0.6981132075471698,-0.015723270440251576,-0.008647798742138361,-0.012185534591194968,-0.0035377358490566034,-0.007075471698113207,0.13443396226415094,0.19418238993710693,0.33726415094339623,0.26572327044025157,-0.07154088050314464,-0.14308176100628928,0.1674528301886792,0.2535377358490566,-0.07507861635220127,-0.2594339622641509,-0.0927672955974843,-0.4048742138364779,-0.2546973270440252,-0.3199783805031447,-0.18551493710691833,0.030267295597484277,0.11910377358490566,0.060534591194968554,0.23820754716981132,-0.06839622641509434,0.03773584905660376,-0.0699882075471698,0.05738993710691823,-0.0648683176100629,0.03931800314465404,-0.029481132075471688,0.020047169811320754,-0.058962264150943376,0.04009433962264151,0.11556603773584907,0.26888757861635215,0.2665094339622642,0.40646619496855346,0.202437106918239,0.33098466981132063,-0.10771422955974845,-0.03734276729559749,-0.2154284591194969,-0.07468553459119498
report_only_rho0.75_b18,report_only,0.75,18,3,53,-0.20440251572327042,-0.4033018867924528,-0.3038522012578616,0.0994496855345912,0.1988993710691824,0.7948113207547169,-0.04874213836477988,-0.03459119496855346,-0.041666666666666664,-0.007075471698113205,-0.01415094339622641,0.10534591194968551,0.2531446540880503,0.43789308176100633,0.3455188679245283,-0.092374213836478,-0.184748427672956,0.09984276729559748,0.3038522012578616,-0.0994496855345912,-0.300314465408805,-0.11320754716981132,-0.4937106918238994,-0.30424528301886794,-0.37735849056603776,-0.22484276729559755,0.04323899371069182,0.1529284591194968,0.08647798742138364,0.3058569182389936,-0.10455974842767296,-0.00550314465408805,-0.09669811320754718,0.022798742138364775,-0.09984276729559746,0.006299135220125736,-0.022415487421383645,0.006289308176100628,-0.04483097484276729,0.012578616352201257,0.17452830188679244,0.33647798742138363,0.3561320754716981,0.514937106918239,0.279874213836478,0.40880503144654085,-0.14111635220125787,-0.04008451257861641,-0.28223270440251574,-0.08016902515723281
report_only_rho0.75_b18,report_only,0.75,18,4,53,-0.2138364779874214,-0.44654088050314467,-0.330188679245283,0.11635220125786165,0.2327044025157233,0.8710691823899372,-0.009433962264150943,-0.004716981132075475,-0.00707547169811321,-0.0023584905660377353,-0.004716981132075471,0.04716981132075473,0.2232704402515723,0.45125786163522014,0.3372641509433963,-0.1139937106918239,-0.2279874213836478,0.08176100628930817,0.330188679245283,-0.11635220125786165,-0.3011006289308176,-0.12814465408805034,-0.5220125786163522,-0.3647798742138365,-0.3915094339622642,-0.26648977987421396,0.05934551886792453,0.17178655660377357,0.11869103773584906,0.34357311320754713,-0.03301886792452831,0.009433962264150943,-0.03380503144654088,0.02281839622641499,-0.031849449685534596,0.01416077044025152,-0.014150943396226415,0.007468553459119495,-0.02830188679245283,0.01493710691823899,0.14386792452830188,0.308195754716981,0.37419418238993707,0.5227987421383647,0.27906839622641505,0.3962460691823899,-0.16667649371069185,-0.06052476415094346,-0.3333529874213837,-0.12104952830188692
report_only_rho0.75_b18,report_only,0.75,18,5,53,-0.23191823899371075,-0.49921383647798745,-0.36556603773584917,0.13364779874213836,0.2672955974842767,0.9300314465408804,-0.006289308176100628,0.003144654088050314,-0.0015723270440251578,-0.004716981132075472,-0.009433962264150945,0.020440251572327043,0.23820754716981132,0.4960691823899371,0.3671383647798741,-0.1289308176100629,-0.2578616352201258,0.049528301886792456,0.36556603773584917,-0.13364779874213836,-0.3144654088050314,-0.15721305031446553,-0.5731132075471699,-0.4213836477987421,-0.424931210691824,-0.3124901729559749,0.0778301886792453,0.18711674528301878,0.1556603773584906,0.37423349056603755,-0.02044025157232704,0.003930817610062893,-0.012578616352201257,0.018867924528301886,-0.014937106918238996,0.009433962264150943,-0.01218553459119497,0.001179245283018868,-0.02437106918238994,0.002358490566037736,0.1642885220125786,0.31920204402515717,0.41979166666666656,0.5684158805031445,0.31524174528301896,0.4233687106918238,-0.1819968553459119,-0.07349646226415099,-0.3639937106918238,-0.14699292452830198
report_only_rho0.75_b18,report_only,0.75,18,6,53,-0.19575471698113212,-0.5440251572327044,-0.36988993710691825,0.17413522012578622,0.34827044025157244,0.9559748427672956,-0.0047169811320754715,0.007861635220125786,0.0015723270440251573,-0.006289308176100628,-0.012578616352201257,0.012578616352201257,0.20047169811320756,0.5361635220125786,0.36831761006289304,-0.16784591194968554,-0.3356918238993711,0.031446540880503145,0.36988993710691825,-0.17413522012578622,-0.2688679245283018,-0.1249803459119498,-0.6210888364779873,-0.46619496855345915,-0.4221698113207547,-0.3136792452830189,0.12028301886792454,0.22641509433962265,0.2405660377358491,0.4528301886792453,-0.013364779874213837,0.003144654088050314,-0.006289308176100629,0.0259433962264151,-0.008647798742138365,0.012578616352201259,-0.015330188679245283,0.0,-0.030660377358490566,0.0,0.13286163522012578,0.27122641509433965,0.4614386792452829,0.6092767295597484,0.3128832547169812,0.42020440251572333,-0.2189563679245283,-0.11556603773584906,-0.4379127358490566,-0.23113207547169812
report_only_rho0.75_b18,report_only,0.75,18,7,53,-0.17531446540880502,-0.5731132075471698,-0.3742138364779874,0.19889937106918237,0.39779874213836475,0.9630503144654088,-0.0015723270440251573,0.01650943396226415,0.007468553459119497,-0.009040880503144654,-0.018081761006289308,0.006289308176100628,0.17688679245283018,0.5566037735849056,0.36674528301886794,-0.1898584905660377,-0.3797169811320754,0.030660377358490566,0.3742138364779874,-0.19889937106918237,-0.25000000000000006,-0.10532625786163531,-0.6360062893081762,-0.503930817610063,-0.42532429245283027,-0.3211477987421384,0.15133647798742136,0.24451650943396222,0.30267295597484273,0.48903301886792444,-0.007075471698113208,0.003164308176100522,0.002338836477987422,0.03773584905660377,-0.0011792452830188679,0.018474842767295597,-0.019654088050314468,-0.0019654088050314465,-0.039308176100628936,-0.003930817610062893,0.10847091194968553,0.25,0.4882075471698113,0.619496855345912,0.3164209905660378,0.4154874213836478,-0.23545597484276726,-0.14189268867924532,-0.4709119496855345,-0.28378537735849063
report_only_rho0.75_b18,report_only,0.75,18,8,53,-0.22169811320754715,-0.5440251572327044,-0.3828616352201258,0.16116352201257864,0.32232704402515727,0.9599056603773585,0.0015723270440251573,0.007075471698113208,0.004323899371069181,-0.002751572327044025,-0.00550314465408805,0.00550314465408805,0.220125786163522,0.5369496855345912,0.3785377358490566,-0.15841194968553457,-0.31682389937106914,0.034591194968553465,0.3828616352201258,-0.16116352201257864,-0.2979756289308176,-0.1391509433962264,-0.6132272012578616,-0.470125786163522,-0.4418337264150943,-0.3227102987421384,0.11712853773584904,0.20872641509433965,0.23425707547169808,0.4174528301886793,-0.003930817610062893,0.007075471698113208,-0.0007861635220125786,0.01650943396226415,-0.0011792452830188677,0.010220125786163521,-0.008254716981132074,0.0019654088050314465,-0.016509433962264147,0.003930817610062893,0.13915094339622644,0.29638364779874216,0.4653891509433961,0.6045794025157232,0.320754716981132,0.4359374999999999,-0.2055915880503145,-0.11477004716981135,-0.411183176100629,-0.2295400943396227
report_only_rho0.75_b18,report_only,0.75,18,9,53,-0.2437106918238994,-0.6092767295597484,-0.42649371069182385,0.18278301886792456,0.3655660377358491,0.9544025157232706,0.0015723270440251569,0.004716981132075471,0.0031446540880503133,-0.001572327044025157,-0.003144654088050314,0.007075471698113209,0.24213836477987422,0.604559748427673,0.4233490566037736,-0.1812106918238994,-0.3624213836477988,0.03852201257861635,0.42649371069182385,-0.18278301886792456,-0.32549135220125786,-0.15481525157232734,-0.6776926100628929,-0.5361635220125787,-0.48782429245283027,-0.3588836477987421,0.1387578616352201,0.2311320754716981,0.2775157232704402,0.4622641509433962,-0.007075471698113208,0.008647798742138365,-0.003144654088050316,0.012578616352201257,-0.004323899371069183,0.00982704402515723,-0.005110062893081761,0.0019654088050314465,-0.010220125786163521,0.003930817610062893,0.15408805031446543,0.3215408805031446,0.5322130503144654,0.6753144654088048,0.3584905660377358,0.4830974842767296,-0.23073899371069181,-0.13638954402515727,-0.46147798742138363,-0.27277908805031453
report_only_rho0.75_b18,report_only,0.75,18,10,53,-0.2476415094339623,-0.5683962264150944,-0.4080188679245283,0.16037735849056603,0.32075471698113206,0.9606918238993711,0.0023584905660377358,0.003144654088050314,0.0027515723270440254,-0.0003930817610062893,-0.0007861635220125786,0.006289308176100628,0.24528301886792456,0.565251572327044,0.40526729559748426,-0.15998427672955973,-0.31996855345911945,0.0330188679245283,0.4080188679245283,-0.16037735849056603,-0.33647798742138363,-0.15485455974842774,-0.642315251572327,-0.4929245283018869,-0.4732704402515723,-0.3400157232704402,0.11280463836477986,0.2091391509433961,0.22560927672955972,0.4182783018867922,-0.005503144654088051,0.010220125786163521,-0.00550314465408805,0.012578616352201255,-0.005110062893081761,0.009827044025157234,-0.004323899371069182,0.002761399371069129,-0.008647798742138365,0.005522798742138258,0.1556407232704402,0.3333333333333333,0.49131289308176096,0.6399567610062891,0.33881682389937096,0.46974253144654077,-0.20913915094339622,-0.11201847484276735,-0.41827830188679244,-0.2240369496855347
report_only_rho0.75_b18,report_only,0.75,18,11,53,-0.23899371069182393,-0.5746855345911949,-0.4068396226415095,0.16784591194968554,0.3356918238993711,0.9583333333333336,-0.00550314465408805,-0.002358490566037735,-0.003930817610062893,-0.001572327044025157,-0.003144654088050314,0.014150943396226415,0.24449685534591195,0.5770440251572326,0.4107704402515723,-0.16627358490566038,-0.33254716981132076,0.02751572327044026,0.4068396226415095,-0.16784591194968554,-0.3302083333333333,-0.14308176100628933,-0.6485849056603774,-0.4937106918238994,-0.47720125786163525,-0.3270440251572328,0.12301493710691822,0.2158018867924528,0.24602987421383643,0.4316037735849056,-0.02437106918238994,0.007861635220125786,-0.020440251572327046,0.011006289308176102,-0.022012578616352203,0.00826454402515718,-0.006289308176100628,0.0027515723270440254,-0.012578616352201257,0.005503144654088051,0.157999213836478,0.3317806603773584,0.4968553459119497,0.6501768867924526,0.3380404874213837,0.47721108490566033,-0.21462264150943394,-0.1218553459119497,-0.4292452830188679,-0.2437106918238994
report_only_rho0.75_b18,report_only,0.75,18,12,53,-0.2617924528301887,-0.5841194968553459,-0.4229559748427673,0.16116352201257864,0.32232704402515727,0.9559748427672957,-0.005503144654088051,0.0015723270440251567,-0.001965408805031446,-0.003537735849056604,-0.007075471698113208,0.010220125786163523,0.2672955974842767,0.5825471698113207,0.42492138364779874,-0.15762578616352205,-0.3152515723270441,0.03380503144654089,0.4229559748427673,-0.16116352201257864,-0.351434748427673,-0.16979166666666676,-0.654874213836478,-0.5047169811320755,-0.489003537735849,-0.35102201257861637,0.11124213836477986,0.21108490566037733,0.22248427672955973,0.42216981132075465,-0.018081761006289308,0.003144654088050314,-0.012578616352201257,0.013364779874213835,-0.014553852201257864,0.007468553459119495,-0.007468553459119497,0.0,-0.014937106918238994,0.0,0.1745283018867925,0.3608490566037736,0.5039111635220126,0.6564465408805031,0.35573899371069184,0.49056603773584906,-0.20676100628930816,-0.10849056603773587,-0.4135220125786163,-0.21698113207547173
report_only_rho0.75_b18,report_only,0.75,18,13,53,-0.3018867924528302,-0.5463836477987422,-0.4241352201257862,0.12224842767295596,0.24449685534591192,0.9567610062893083,-0.0062893081761006275,0.0007861635220125783,-0.002751572327044025,-0.003537735849056604,-0.007075471698113208,0.009433962264150943,0.30817610062893086,0.5455974842767296,0.4268867924528302,-0.11871069182389937,-0.23742138364779874,0.03380503144654089,0.4241352201257862,-0.12224842767295596,-0.3883844339622642,-0.2075275157232705,-0.6250196540880503,-0.4606918238993711,-0.4941037735849056,-0.34984276729559743,0.07547169811320756,0.17099056603773577,0.15094339622641512,0.34198113207547154,-0.013364779874213835,0.0,-0.007075471698113208,0.007861635220125788,-0.009827044025157234,0.0035377358490566043,-0.006289308176100628,-0.0007861635220125784,-0.012578616352201257,-0.0015723270440251569,0.2138364779874214,0.3938679245283018,0.4614583333333333,0.6242334905660376,0.35495283018867924,0.49451650943396214,-0.16747248427672962,-0.07193396226415094,-0.33494496855345923,-0.14386792452830188
report_only_rho0.75_b18,report_only,0.75,18,14,53,-0.2727987421383648,-0.5864779874213837,-0.4296383647798742,0.15683962264150944,0.3136792452830189,0.9433962264150944,-0.0015723270440251569,0.0015723270440251569,5.236901059552625e-19,-0.001572327044025157,-0.003144654088050314,0.006289308176100628,0.27437106918238996,0.5849056603773586,0.4296383647798741,-0.15526729559748426,-0.3105345911949685,0.05031446540880503,0.4296383647798742,-0.15683962264150944,-0.36556603773584906,-0.18394261006289314,-0.6595911949685535,-0.5007665094339624,-0.4929540094339622,-0.35926690251572324,0.10455974842767297,0.2067610062893082,0.20911949685534595,0.4135220125786164,-0.007861635220125786,0.003930817610062893,-0.0047169811320754715,0.007075471698113208,-0.005503144654088051,0.0047169811320754715,-0.004323899371069183,0.0011792452830188679,-0.008647798742138366,0.0023584905660377358,0.1863207547169811,0.3663522012578616,0.4976415094339624,0.6588050314465408,0.3604461477987422,0.4925412735849057,-0.2055915880503145,-0.10297759433962268,-0.411183176100629,-0.20595518867924537
report_only_rho0.75_b18,report_only,0.75,18,15,53,-0.30660377358490565,-0.5511006289308176,-0.42885220125786166,0.12224842767295598,0.24449685534591195,0.944182389937107,-0.007075471698113208,-0.0015723270440251573,-0.004323899371069182,-0.002751572327044025,-0.00550314465408805,0.010220125786163521,0.3136792452830189,0.5526729559748428,0.43317610062893086,-0.11949685534591196,-0.23899371069182393,0.045597484276729564,0.42885220125786166,-0.12224842767295598,-0.4025157232704402,-0.21305031446540879,-0.6305031446540882,-0.4638168238993711,-0.4988305817610063,-0.3545499213836478,0.07113797169811319,0.17375196540880505,0.14227594339622637,0.3475039308176101,-0.02358490566037736,0.003144654088050314,-0.018081761006289308,0.009433962264150943,-0.020056996855345913,0.00550314465408805,-0.005896226415094338,6.546126324440781e-20,-0.011792452830188677,1.3092252648881562e-19,0.22327044025157236,0.4096108490566037,0.4669811320754717,0.6328616352201257,0.361998820754717,0.5019752358490567,-0.17100039308176102,-0.06799331761006294,-0.34200078616352203,-0.13598663522012588
report_only_rho1.00_b3,report_only,1.0,3,1,56,-0.017857142857142853,0.05133928571428571,0.016741071428571428,-0.03459821428571429,-0.06919642857142858,0.5111607142857143,0.015625,-0.027529761904761908,-0.005952380952380955,0.021577380952380952,0.043154761904761904,0.21875,0.002232142857142863,-0.02380952380952381,-0.010788690476190476,0.013020833333333334,0.026041666666666668,0.2700892857142857,-0.016741071428571428,0.03459821428571429,-0.07814360119047618,0.04613095238095238,-0.001506696428571426,0.10939360119047609,-0.03460751488095238,0.07291666666666666,-0.06175595238095238,-0.005952380952380953,-0.12351190476190475,-0.011904761904761906,-0.04466145833333335,0.07665550595238085,-0.07888764880952383,0.02604166666666666,-0.05544084821428572,0.04428943452380942,-0.0022321428571428553,0.047619047619047616,-0.004464285714285711,0.09523809523809523,-0.06101190476190476,0.06400669642857132,-0.07814360119047618,0.032012648809523696,-0.06398809523809523,0.041294642857142856,-0.014880952380952378,0.039806547619047616,-0.029761904761904757,0.07961309523809523
report_only_rho1.00_b3,report_only,1.0,3,2,56,0.0014880952380952328,0.029017857142857133,0.01525297619047618,-0.013764880952380947,-0.027529761904761894,0.6651785714285714,-0.04613095238095238,-0.07142857142857142,-0.058779761904761904,0.012648809523809524,0.025297619047619048,0.16666666666666669,0.04464285714285715,0.04241071428571429,0.04352678571428571,0.0011160714285714266,0.002232142857142853,0.16815476190476192,-0.01525297619047618,0.013764880952380947,-0.0788690476190476,0.08186383928571418,-0.052827380952380966,0.10790550595238084,-0.05319940476190476,0.08743489583333328,-0.05320870535714285,0.024553571428571435,-0.1064174107142857,0.04910714285714287,-0.10714285714285716,0.015625,-0.13766741071428573,-0.0014880952380952434,-0.12202380952380952,0.003366815476190369,-0.0026041666666666644,0.028273809523809527,-0.005208333333333329,0.056547619047619055,-0.021577380952380956,0.11383928571428571,-0.011160714285714286,0.09598214285714286,-0.004464285714285712,0.0937686011904761,-0.033863467261904756,0.03795572916666661,-0.06772693452380951,0.07591145833333322
report_only_rho1.00_b3,report_only,1.0,3,3,56,0.001488095238095229,0.03571428571428572,0.018601190476190466,-0.01711309523809524,-0.03422619047619048,0.78125,-0.05357142857142857,-0.06994047619047619,-0.06175595238095238,0.00818452380952381,0.01636904761904762,0.12053571428571429,0.052083333333333336,0.03422619047619048,0.04315476190476191,0.008928571428571428,0.017857142857142856,0.09821428571428571,-0.018601190476190466,0.01711309523809524,-0.07589285714285714,0.07663690476190475,-0.03273809523809524,0.1063988095238095,-0.038327752976190475,0.07925037202380947,-0.056919642857142856,0.020851934523809415,-0.11383928571428571,0.04170386904761883,-0.1063988095238095,-0.006696428571428568,-0.12276785714285714,-0.020833333333333336,-0.1138392857142857,-0.016359747023809573,-0.006705729166666668,0.02194940476190476,-0.013411458333333336,0.04389880952380952,-0.007459077380952381,0.11904761904761905,-0.008928571428571426,0.08035714285714286,0.0003720238095238111,0.08483072916666662,-0.024553571428571428,0.045768229166666625,-0.049107142857142856,0.09153645833333325
report_only_rho1.00_b3,report_only,1.0,3,4,56,-0.0059523809523809494,0.0007440476190476085,-0.002604166666666669,-0.0033482142857142855,-0.006696428571428571,0.8623511904761905,-0.05729166666666668,-0.06101190476190476,-0.05915178571428571,0.0018601190476190477,0.0037202380952380955,0.08482142857142858,0.06324404761904763,0.060267857142857144,0.061755952380952384,0.0014880952380952367,0.0029761904761904734,0.052827380952380945,0.002604166666666669,0.0033482142857142855,-0.07814360119047618,0.06473214285714286,-0.0662388392857143,0.06919642857142858,-0.059905133928571414,0.06064918154761901,-0.03869977678571428,0.030133928571428565,-0.07739955357142855,0.06026785714285713,-0.10491071428571429,-0.020070684523809626,-0.10788690476190475,-0.022321428571428572,-0.10569196428571431,-0.02269345238095238,-0.005952380952380951,0.009309895833333283,-0.011904761904761902,0.018619791666666566,0.008928571428571433,0.13095238095238093,0.015625000000000003,0.11086309523809525,0.02008928571428572,0.10566406249999998,-0.03125930059523809,0.035342261904761904,-0.06251860119047618,0.07068452380952381
report_only_rho1.00_b3,report_only,1.0,3,5,56,0.014880952380952394,-0.04538690476190476,-0.015252976190476188,0.030133928571428572,0.060267857142857144,0.9099702380952381,-0.04910714285714285,-0.04538690476190477,-0.0472470238095238,-0.0018601190476190475,-0.003720238095238095,0.05952380952380952,0.03422619047619048,0.0907738095238095,0.0625,-0.028273809523809527,-0.056547619047619055,0.030505952380952384,0.015252976190476188,-0.030133928571428572,-0.04017857142857141,0.07291666666666667,-0.11309523809523811,0.01636904761904762,-0.06398809523809522,0.035723586309523755,-0.0037295386904761885,0.06511346726190471,-0.007459077380952377,0.13022693452380943,-0.09079241071428572,-0.01560639880952391,-0.08779761904761905,-0.011904761904761906,-0.0896670386904762,-0.013764880952380956,-0.005952380952380952,0.0026041666666666652,-0.011904761904761904,0.0052083333333333304,-0.003720238095238096,0.0826078869047618,0.04388020833333333,0.14583333333333334,0.030133928571428572,0.0974702380952381,-0.0621279761904762,0.004473586309523761,-0.1242559523809524,0.008947172619047521
report_only_rho1.00_b3,report_only,1.0,3,6,56,-0.014136904761904759,-0.07366071428571427,-0.04389880952380952,0.029761904761904764,0.05952380952380953,0.9479166666666666,-0.029017857142857144,-0.020833333333333332,-0.024925595238095236,-0.004092261904761904,-0.008184523809523808,0.03422619047619047,0.04315476190476191,0.0944940476190476,0.06882440476190475,-0.025669642857142856,-0.05133928571428571,0.017857142857142856,0.04389880952380952,-0.029761904761904764,-0.06175595238095237,0.026785714285714295,-0.13616071428571427,-0.01934523809523809,-0.0866815476190476,-0.002222842261904801,0.0003720238095238112,0.060267857142857144,0.0007440476190476224,0.12053571428571429,-0.056547619047619034,-0.00744047619047619,-0.04838169642857143,0.0007440476190476187,-0.052455357142857144,-0.0029761904761904765,-0.00744047619047619,-0.0007440476190476189,-0.01488095238095238,-0.0014880952380952378,0.011160714285714288,0.08558407738095228,0.049107142857142856,0.1488281249999999,0.038309151785714285,0.10305059523809523,-0.05617559523809523,0.0026134672619047158,-0.11235119047619047,0.0052269345238094315
report_only_rho1.00_b3,report_only,1.0,3,7,56,0.002232142857142859,-0.1733630952380952,-0.08556547619047618,0.08779761904761905,0.1755952380952381,0.9657738095238094,-0.020833333333333336,-0.011904761904761906,-0.01636904761904762,-0.004464285714285714,-0.008928571428571428,0.021577380952380952,0.018601190476190473,0.18526785714285715,0.10193452380952382,-0.08333333333333333,-0.16666666666666666,0.012648809523809522,0.08556547619047618,-0.08779761904761905,-0.03870907738095239,0.04017857142857144,-0.242578125,-0.10863095238095236,-0.1290922619047619,-0.04464285714285714,0.05019531250000001,0.12426525297619041,0.10039062500000002,0.24853050595238083,-0.04464285714285714,-0.004464285714285714,-0.037202380952380945,0.004464285714285714,-0.04055059523809523,-0.00037202380952380967,-0.007812499999999998,-0.001488095238095238,-0.015624999999999997,-0.002976190476190476,-0.00744047619047619,0.057291666666666664,0.11979166666666667,0.2537202380952381,0.06473214285714286,0.1395182291666666,-0.11980096726190477,-0.046121651785714333,-0.23960193452380954,-0.09224330357142867
report_only_rho1.00_b3,report_only,1.0,3,8,56,-0.013392857142857149,-0.15178571428571427,-0.08258928571428571,0.06919642857142858,0.13839285714285715,0.9813988095238094,-0.012648809523809522,-0.007440476190476189,-0.010044642857142858,-0.0026041666666666665,-0.005208333333333333,0.012648809523809522,0.026041666666666668,0.15922619047619047,0.09263392857142858,-0.0665922619047619,-0.1331845238095238,0.005952380952380952,0.08258928571428571,-0.06919642857142858,-0.04761904761904762,0.014880952380952373,-0.21953125,-0.09226190476190478,-0.11905691964285715,-0.050223214285714295,0.03384486607142857,0.1060267857142857,0.06768973214285715,0.2120535714285714,-0.0275297619047619,-0.002976190476190476,-0.02306547619047619,0.002232142857142857,-0.025297619047619044,-0.00037202380952380967,-0.004464285714285714,-0.0011160714285714283,-0.008928571428571428,-0.0022321428571428566,0.0029761904761904756,0.05952380952380953,0.09821428571428571,0.22916666666666666,0.060267857142857144,0.12946428571428573,-0.10379464285714286,-0.03125,-0.20758928571428573,-0.0625
report_only_rho1.00_b3,report_only,1.0,3,9,56,-0.02232142857142858,-0.17782738095238096,-0.10007440476190475,0.07775297619047618,0.15550595238095236,0.9895833333333333,-0.006696428571428571,0.0014880952380952378,-0.0026041666666666665,-0.004092261904761905,-0.00818452380952381,0.006696428571428571,0.029017857142857144,0.17633928571428573,0.10267857142857142,-0.07366071428571429,-0.14732142857142858,0.003720238095238095,0.10007440476190475,-0.07775297619047618,-0.05357142857142858,0.0007626488095237072,-0.24034598214285716,-0.11904761904761907,-0.1328125,-0.06919642857142858,0.04427083333333333,0.1130952380952381,0.08854166666666666,0.2261904761904762,-0.013392857142857142,-0.001488095238095238,-0.005952380952380953,0.00818452380952381,-0.009672619047619046,0.002604166666666667,-0.006324404761904761,-0.002232142857142857,-0.012648809523809522,-0.004464285714285714,0.005952380952380953,0.06101190476190477,0.11830357142857142,0.24036458333333313,0.07179129464285713,0.13504464285714285,-0.1086309523809524,-0.04016927083333339,-0.2172619047619048,-0.08033854166666678
report_only_rho1.00_b3,report_only,1.0,3,10,56,-0.02529761904761905,-0.18154761904761907,-0.10342261904761907,0.078125,0.15625,0.990327380952381,-0.002976190476190476,0.005952380952380952,0.0014880952380952378,-0.004464285714285714,-0.008928571428571428,0.003720238095238095,0.028273809523809527,0.1755952380952381,0.10193452380952382,-0.07366071428571429,-0.14732142857142858,0.005952380952380952,0.10342261904761907,-0.078125,-0.06473214285714286,0.003720238095238092,-0.2410900297619048,-0.12723214285714285,-0.13653273809523808,-0.0699404761904762,0.04538690476190477,0.11273251488095233,0.09077380952380953,0.22546502976190466,-0.006696428571428571,0.0,0.0,0.012648809523809522,-0.0029761904761904765,0.005952380952380951,-0.007068452380952381,-0.002232142857142857,-0.014136904761904762,-0.004464285714285714,1.2081109921981352e-19,0.06696428571428571,0.12053571428571429,0.2343936011904761,0.06808035714285714,0.1343098958333333,-0.10825892857142858,-0.040913318452381005,-0.21651785714285715,-0.08182663690476201
report_only_rho1.00_b3,report_only,1.0,3,11,56,-0.026041666666666668,-0.17336309523809526,-0.09970238095238096,0.07366071428571429,0.14732142857142858,0.9873511904761906,-0.00744047619047619,-0.004464285714285714,-0.005952380952380952,-0.001488095238095238,-0.002976190476190476,0.00818452380952381,0.03348214285714286,0.17782738095238093,0.10565476190476189,-0.07217261904761904,-0.14434523809523808,0.004464285714285714,0.09970238095238096,-0.07366071428571429,-0.07068452380952381,0.013392857142857135,-0.2358816964285714,-0.11382068452380961,-0.13654203869047618,-0.06101190476190477,0.03905319940476191,0.11086309523809523,0.07810639880952382,0.22172619047619047,-0.022321428571428572,0.000744047619047619,-0.020089285714285716,0.004464285714285714,-0.02121465773809524,0.002232142857142857,-0.002976190476190476,-0.0003720238095238095,-0.005952380952380952,-0.000744047619047619,0.0007440476190476189,0.07589285714285714,0.12053571428571429,0.23660714285714285,0.07217261904761905,0.140625,-0.10900297619047618,-0.03757440476190476,-0.21800595238095236,-0.07514880952380952
report_only_rho1.00_b3,report_only,1.0,3,12,56,-0.03422619047619048,-0.19642857142857142,-0.11532738095238095,0.08110119047619048,0.16220238095238096,0.996279761904762,-0.0014880952380952382,0.0037202380952380955,0.0011160714285714285,-0.0026041666666666665,-0.005208333333333333,0.002976190476190476,0.03571428571428571,0.19270833333333334,0.11421130952380952,-0.07849702380952381,-0.15699404761904762,0.000744047619047619,0.11532738095238095,-0.08110119047619048,-0.07886904761904763,-0.0007440476190476184,-0.24181547619047622,-0.1480654761904762,-0.14658668154761906,-0.08556547619047619,0.047247023809523815,0.11123511904761905,0.09449404761904763,0.2224702380952381,-0.005952380952380952,0.002232142857142857,-0.002232142857142857,0.009672619047619046,-0.0037202380952380955,0.005208333333333333,-0.005208333333333334,-0.0003720238095238095,-0.010416666666666668,-0.000744047619047619,0.002232142857142857,0.08035714285714286,0.14583333333333331,0.23735119047619044,0.08556547619047618,0.14508928571428573,-0.10863095238095237,-0.04501488095238095,-0.21726190476190474,-0.0900297619047619
report_only_rho1.00_b3,report_only,1.0,3,13,56,-0.0386904761904762,-0.22470238095238093,-0.13169642857142855,0.09300595238095237,0.18601190476190474,0.9970238095238094,-0.002232142857142857,0.005952380952380953,0.001860119047619048,-0.004092261904761905,-0.00818452380952381,0.002976190476190476,0.040922619047619055,0.21875,0.12983630952380953,-0.08891369047619048,-0.17782738095238096,0.0,0.13169642857142855,-0.09300595238095237,-0.08482142857142858,-0.004464285714285714,-0.2864583333333333,-0.16666666666666669,-0.17002418154761906,-0.09671688988095242,0.05729166666666667,0.12872023809523808,0.11458333333333334,0.25744047619047616,-0.00669642857142857,0.000744047619047619,-0.000744047619047619,0.011904761904761904,-0.002976190476190476,0.005952380952380952,-0.006696428571428571,-0.001488095238095238,-0.013392857142857142,-0.002976190476190476,0.00744047619047619,0.08630952380952382,0.16145833333333334,0.27978050595238085,0.09523809523809525,0.16704799107142854,-0.125,-0.052455357142857144,-0.25,-0.10491071428571429
report_only_rho1.00_b3,report_only,1.0,3,14,56,-0.021577380952380956,-0.1748511904761905,-0.09821428571428571,0.07663690476190477,0.15327380952380953,0.9925595238095238,-0.004464285714285714,0.00669642857142857,0.0011160714285714285,-0.005580357142857143,-0.011160714285714286,0.004464285714285714,0.026041666666666668,0.16815476190476192,0.09709821428571429,-0.07105654761904763,-0.14211309523809526,0.002976190476190476,0.09821428571428571,-0.07663690476190477,-0.06177455357142858,0.004464285714285708,-0.22323288690476192,-0.1279761904761905,-0.12983630952380953,-0.0695684523809524,0.04836309523809523,0.10453869047619047,0.09672619047619047,0.20907738095238093,-0.010416666666666666,-0.000744047619047619,-0.0014880952380952384,0.014136904761904762,-0.005589657738095238,0.006324404761904761,-0.008556547619047618,-0.002976190476190476,-0.017113095238095236,-0.005952380952380952,0.001488095238095238,0.06623883928571418,0.12276785714285714,0.2150297619047619,0.07031250000000001,0.12723214285714285,-0.09858630952380952,-0.043154761904761904,-0.19717261904761904,-0.08630952380952381
report_only_rho1.00_b3,report_only,1.0,3,15,56,-0.021577380952380952,-0.22321428571428573,-0.12239583333333333,0.1008184523809524,0.2016369047619048,0.9947916666666667,-0.002976190476190476,0.01488095238095238,0.005952380952380952,-0.008928571428571428,-0.017857142857142856,0.002976190476190476,0.02455357142857143,0.20833333333333334,0.11644345238095237,-0.09188988095238096,-0.18377976190476192,0.002232142857142857,0.12239583333333333,-0.1008184523809524,-0.05952380952380953,0.0022321428571428553,-0.2857142857142857,-0.16739211309523816,-0.15625,-0.09040178571428571,0.06659226190476189,0.13467261904761904,0.13318452380952378,0.2693452380952381,-0.006696428571428571,0.0,0.0074218750000000005,0.023809523809523808,0.0007440476190476188,0.011160714285714286,-0.012648809523809522,-0.005580357142857143,-0.025297619047619044,-0.011160714285714286,0.0007440476190476191,0.0625,0.15401785714285715,0.2686197916666666,0.08630952380952381,0.15066964285714285,-0.12574404761904762,-0.05766369047619047,-0.25148809523809523,-0.11532738095238095
report_only_rho1.00_b12,report_only,1.0,12,1,55,0.03787878787878787,0.020454545454545444,0.02916666666666667,0.008712121212121213,0.017424242424242425,0.49772727272727285,-0.04545454545454545,-0.002272727272727269,-0.02386363636363637,-0.02159090909090909,-0.04318181818181818,0.22348484848484856,0.007575757575757577,-0.01818181818181818,-0.005303030303030299,0.012878787878787877,0.025757575757575753,0.2787878787878788,-0.02916666666666667,-0.008712121212121213,-0.015151515151515152,0.09244318181818173,-0.04469696969696969,0.08333333333333331,-0.019696969696969692,0.08144886363636357,-0.018948863636363635,0.03901515151515151,-0.03789772727272727,0.07803030303030302,-0.09092803030303032,-0.0045265151515152535,-0.05757575757575757,0.058333333333333334,-0.0696969696969697,0.01932765151515146,-0.04811553030303031,0.002651515151515149,-0.09623106060606063,0.005303030303030298,-0.040928030303030306,0.05454545454545453,-0.06969696969696969,0.031837121212121115,-0.048115530303030306,0.036363636363636355,-0.01363636363636364,0.03901515151515151,-0.02727272727272728,0.07803030303030302
report_only_rho1.00_b12,report_only,1.0,12,2,55,-0.025000000000000012,-0.09166666666666667,-0.058333333333333334,0.033333333333333326,0.06666666666666665,0.656818181818182,-0.08030303030303029,-0.06742424242424243,-0.07386363636363637,-0.006439393939393938,-0.012878787878787877,0.16818181818181818,0.10530303030303029,0.1590909090909091,0.13219696969696967,-0.02689393939393939,-0.05378787878787878,0.17500000000000004,0.058333333333333334,-0.033333333333333326,-0.10077651515151517,0.0553030303030303,-0.1697159090909091,-0.017424242424242432,-0.11893939393939393,0.006070075757575714,-0.007954545454545457,0.08030303030303029,-0.015909090909090914,0.16060606060606059,-0.13032196969696971,-0.03634469696969707,-0.12352272727272727,-0.0075568181818182895,-0.12348484848484849,-0.024621212121212124,-0.02992424242424242,0.010984848484848486,-0.05984848484848484,0.021969696969696972,0.03712121212121212,0.17348484848484846,0.08939393939393939,0.2325757575757576,0.0761268939393939,0.1890151515151515,-0.07084280303030305,0.012897727272727163,-0.1416856060606061,0.025795454545454326
report_only_rho1.00_b12,report_only,1.0,12,3,55,-0.09015151515151515,-0.19015151515151515,-0.14015151515151517,0.04999999999999999,0.09999999999999998,0.7772727272727272,-0.06515151515151514,-0.07424242424242425,-0.06969696969696969,0.004545454545454549,0.009090909090909097,0.12196969696969698,0.1553030303030303,0.2643939393939394,0.20984848484848487,-0.05454545454545454,-0.10909090909090909,0.10075757575757574,0.14015151515151517,-0.04999999999999999,-0.17880681818181818,0.006079545454545352,-0.2727272727272728,-0.10303030303030304,-0.21137310606060608,-0.06098484848484851,0.006429924242424242,0.09621212121212122,0.012859848484848484,0.19242424242424244,-0.11517045454545455,-0.020454545454545447,-0.12196969696969698,-0.02952651515151525,-0.11781250000000001,-0.02727272727272728,-0.009469696969696968,0.01856060606060606,-0.018939393939393936,0.03712121212121212,0.08106060606060607,0.22804924242424232,0.19242424242424241,0.3325757575757576,0.15150568181818178,0.26591856060606056,-0.10000946969696971,-0.010227272727272736,-0.20001893939393942,-0.020454545454545472
report_only_rho1.00_b12,report_only,1.0,12,4,55,-0.10530303030303031,-0.27045454545454545,-0.18787878787878787,0.08257575757575757,0.16515151515151513,0.8636363636363636,-0.056060606060606054,-0.05681818181818181,-0.05643939393939393,0.0003787878787878793,0.0007575757575757586,0.08257575757575758,0.16136363636363638,0.3272727272727272,0.2443181818181818,-0.08295454545454543,-0.16590909090909087,0.05378787878787879,0.18787878787878787,-0.08257575757575757,-0.1962121212121212,-0.012102272727272828,-0.35607954545454545,-0.18482954545454552,-0.2594791666666667,-0.11097537878787883,0.03333333333333333,0.13257575757575757,0.06666666666666667,0.26515151515151514,-0.10304924242424243,-0.01818181818181818,-0.10454545454545454,-0.016666666666666666,-0.1034090909090909,-0.017803030303030303,-0.008333333333333331,0.0071969696969696965,-0.016666666666666663,0.014393939393939393,0.08939393939393939,0.2340909090909091,0.26136363636363635,0.3999999999999999,0.19015151515151515,0.30113636363636365,-0.12993371212121213,-0.03522727272727272,-0.25986742424242426,-0.07045454545454544
report_only_rho1.00_b12,report_only,1.0,12,5,55,-0.1356060606060606,-0.3310606060606061,-0.23333333333333334,0.09772727272727273,0.19545454545454546,0.9121212121212121,-0.0446969696969697,-0.035606060606060606,-0.04015151515151515,-0.004545454545454548,-0.009090909090909096,0.058333333333333334,0.18030303030303033,0.3666666666666667,0.2734848484848485,-0.09318181818181817,-0.18636363636363634,0.029545454545454545,0.23333333333333334,-0.09772727272727273,-0.2098484848484848,-0.06285984848484856,-0.4098674242424242,-0.2461931818181819,-0.29698863636363637,-0.16173295454545455,0.055672348484848484,0.13977272727272727,0.11134469696969697,0.27954545454545454,-0.0871212121212121,-0.010606060606060607,-0.08409090909090909,0.008333333333333337,-0.08522727272727272,-0.0030208333333333857,-0.017433712121212124,0.0037878787878787876,-0.03486742424242425,0.007575757575757575,0.11363636363636363,0.2530492424242423,0.30530303030303024,0.4280492424242423,0.22234848484848488,0.32766098484848477,-0.13295454545454544,-0.05264204545454551,-0.2659090909090909,-0.10528409090909102
report_only_rho1.00_b12,report_only,1.0,12,6,55,-0.16893939393939392,-0.36969696969696975,-0.26931818181818185,0.10037878787878789,0.20075757575757577,0.9492424242424243,-0.028787878787878786,-0.016666666666666666,-0.022727272727272728,-0.006060606060606061,-0.012121212121212121,0.03409090909090909,0.19772727272727272,0.3863636363636363,0.2920454545454545,-0.0943181818181818,-0.1886363636363636,0.016666666666666666,0.26931818181818185,-0.10037878787878789,-0.24547348484848486,-0.09467803030303039,-0.44471590909090913,-0.29469696969696973,-0.32993371212121214,-0.21211174242424247,0.05529356060606061,0.14737689393939377,0.11058712121212122,0.29475378787878753,-0.0553030303030303,-0.006060606060606061,-0.04623106060606061,0.009848484848484848,-0.05075757575757573,0.001136363636363636,-0.011363636363636364,-0.0015151515151515152,-0.022727272727272728,-0.0030303030303030303,0.12424242424242424,0.275,0.3257575757575757,0.453030303030303,0.24165719696969698,0.34734848484848485,-0.14016098484848483,-0.049990530303030356,-0.28032196969696965,-0.09998106060606071
report_only_rho1.00_b12,report_only,1.0,12,7,55,-0.16363636363636366,-0.375,-0.2693181818181818,0.1056818181818182,0.2113636363636364,0.9659090909090909,-0.01818181818181818,-0.0030303030303030303,-0.010606060606060605,-0.007575757575757576,-0.015151515151515152,0.02196969696969697,0.18181818181818182,0.37803030303030305,0.2799242424242424,-0.09810606060606061,-0.19621212121212123,0.012121212121212123,0.2693181818181818,-0.1056818181818182,-0.2401515151515151,-0.0893939393939394,-0.4432007575757576,-0.30679924242424256,-0.31856060606060604,-0.21967803030303037,0.053409090909090906,0.15833333333333335,0.10681818181818181,0.3166666666666667,-0.04015151515151515,-0.0007575757575757581,-0.02651515151515152,0.017424242424242422,-0.03333333333333333,0.007575757575757574,-0.0125,-0.0030303030303030307,-0.025,-0.0060606060606060615,0.10833333333333332,0.26136363636363635,0.31816287878787874,0.43863636363636355,0.23333333333333334,0.326903409090909,-0.14812500000000003,-0.046202651515151565,-0.29625000000000007,-0.09240530303030313
report_only_rho1.00_b12,report_only,1.0,12,8,55,-0.18257575757575759,-0.42121212121212115,-0.3018939393939393,0.11931818181818184,0.23863636363636367,0.9810606060606061,-0.009848484848484848,0.006818181818181818,-0.0015151515151515156,-0.008333333333333333,-0.016666666666666666,0.013636363636363634,0.19242424242424244,0.41439393939393926,0.30340909090909085,-0.1109848484848485,-0.221969696969697,0.0053030303030303025,0.3018939393939393,-0.11931818181818184,-0.26212121212121214,-0.10227272727272728,-0.49244318181818175,-0.3530113636363637,-0.36022727272727273,-0.24772727272727268,0.06817234848484847,0.16970643939393934,0.13634469696969695,0.3394128787878787,-0.023484848484848487,0.0,-0.009090909090909089,0.020454545454545454,-0.015530303030303028,0.00909090909090909,-0.013257575757575756,-0.004166666666666667,-0.026515151515151512,-0.008333333333333333,0.11287878787878788,0.27198863636363624,0.3477272727272728,0.4833333333333332,0.25,0.36061553030303034,-0.16060606060606059,-0.06097537878787884,-0.32121212121212117,-0.12195075757575768
report_only_rho1.00_b12,report_only,1.0,12,9,55,-0.20227272727272727,-0.4015151515151515,-0.30189393939393944,0.09962121212121211,0.19924242424242422,0.9893939393939394,-0.0015151515151515152,0.013636363636363634,0.006060606060606061,-0.007575757575757575,-0.01515151515151515,0.006818181818181817,0.2037878787878788,0.3878787878787879,0.29583333333333334,-0.09204545454545454,-0.18409090909090908,0.0037878787878787876,0.30189393939393944,-0.09962121212121211,-0.2894128787878788,-0.11967803030303038,-0.4659090909090909,-0.34090909090909083,-0.35455492424242435,-0.2503598484848486,0.04356060606060606,0.15227272727272725,0.08712121212121211,0.3045454545454545,-0.00909090909090909,0.004545454545454545,0.003787878787878787,0.024242424242424246,-0.0022727272727272726,0.01287878787878788,-0.0125,-0.003409090909090909,-0.025,-0.006818181818181818,0.12195075757575759,0.2901704545454545,0.3303030303030303,0.4484848484848485,0.2454450757575758,0.3485037878787877,-0.1412878787878788,-0.03824810606060611,-0.2825757575757576,-0.07649621212121221
report_only_rho1.00_b12,report_only,1.0,12,10,55,-0.18257575757575756,-0.35606060606060597,-0.26931818181818185,0.08674242424242426,0.17348484848484852,0.9901515151515152,2.5232341468753557e-19,0.014393939393939393,0.0071969696969696965,-0.007196969696969697,-0.014393939393939395,0.004545454545454545,0.18257575757575756,0.34166666666666656,0.2621212121212121,-0.07954545454545454,-0.1590909090909091,0.0053030303030303025,0.26931818181818185,-0.08674242424242426,-0.26666666666666666,-0.10909090909090911,-0.4151515151515151,-0.3007575757575757,-0.31780303030303025,-0.22424242424242424,0.03711174242424243,0.1359848484848485,0.07422348484848486,0.271969696969697,-0.0037878787878787876,0.004545454545454545,0.004545454545454545,0.02803030303030303,0.0011363636363636363,0.014772727272727272,-0.014015151515151515,-0.0022727272727272726,-0.02803030303030303,-0.004545454545454545,0.10984848484848485,0.26441287878787867,0.2908901515151515,0.39318181818181813,0.21856060606060607,0.3094696969696969,-0.12651515151515152,-0.032187500000000056,-0.25303030303030305,-0.06437500000000011
report_only_rho1.00_b12,report_only,1.0,12,11,55,-0.1606060606060606,-0.41363636363636364,-0.28712121212121217,0.12651515151515152,0.25303030303030305,0.9878787878787879,2.5232341468753557e-19,0.00681818181818182,0.0034090909090909085,-0.00340909090909091,-0.00681818181818182,0.008333333333333333,0.1606060606060606,0.4068181818181818,0.28371212121212125,-0.12310606060606062,-0.24621212121212124,0.0037878787878787876,0.28712121212121217,-0.12651515151515152,-0.2364204545454545,-0.08939393939393939,-0.4787878787878788,-0.35,-0.3390246212121212,-0.23750000000000004,0.07765151515151517,0.173873106060606,0.15530303030303033,0.347746212121212,-0.014412878787878785,0.009848484848484848,-0.006818181818181817,0.017424242424242422,-0.010227272727272727,0.0125,-0.007575757575757575,0.0007575757575757571,-0.01515151515151515,0.0015151515151515143,0.09166666666666666,0.2356439393939392,0.34621212121212125,0.46744318181818173,0.2386268939393939,0.3325757575757575,-0.1700852272727273,-0.07499053030303034,-0.3401704545454546,-0.14998106060606067
report_only_rho1.00_b12,report_only,1.0,12,12,55,-0.20227272727272724,-0.43030303030303024,-0.31628787878787873,0.11401515151515151,0.22803030303030303,0.9962121212121213,0.0030303030303030303,0.00909090909090909,0.006060606060606059,-0.0030303030303030303,-0.006060606060606061,0.0030303030303030303,0.19924242424242422,0.42121212121212115,0.3102272727272727,-0.11098484848484849,-0.22196969696969698,0.0007575757575757576,0.31628787878787873,-0.11401515151515151,-0.28032196969696965,-0.1318181818181818,-0.4954545454545455,-0.37045454545454537,-0.3606155303030303,-0.2719602272727274,0.06135416666666667,0.16704545454545455,0.12270833333333334,0.3340909090909091,-0.0022727272727272726,0.007575757575757575,0.0022727272727272726,0.015909090909090907,0.0015151515151515147,0.010227272727272727,-0.006818181818181818,0.00037878787878787917,-0.013636363636363636,0.0007575757575757583,0.12727272727272732,0.27729166666666655,0.3613446969696969,0.4863636363636363,0.26666666666666666,0.35378787878787876,-0.1632670454545454,-0.05832386363636368,-0.3265340909090908,-0.11664772727272736
report_only_rho1.00_b12,report_only,1.0,12,13,55,-0.22575757575757574,-0.3765151515151516,-0.30113636363636365,0.07537878787878788,0.15075757575757576,0.9977272727272727,0.0015151515151515152,0.006818181818181818,0.004166666666666667,-0.0026515151515151512,-0.0053030303030303025,0.0022727272727272726,0.22424242424242424,0.3696969696969697,0.29696969696969694,-0.07272727272727272,-0.14545454545454545,0.0,0.30113636363636365,-0.07537878787878788,-0.3091098484848485,-0.1462121212121212,-0.44545454545454544,-0.30909090909090914,-0.3534090909090908,-0.24847537878787881,0.024242424242424242,0.12879734848484845,0.048484848484848485,0.2575946969696969,-0.0037878787878787876,0.006818181818181818,0.0007575757575757576,0.012878787878787875,-0.0007575757575757577,0.008333333333333333,-0.005681818181818181,0.0003787878787878788,-0.011363636363636362,0.0007575757575757576,0.14545454545454545,0.3068560606060604,0.30452651515151513,0.4363636363636363,0.24545454545454548,0.3484943181818181,-0.12613636363636363,-0.020823863636363685,-0.25227272727272726,-0.04164772727272737
report_only_rho1.00_b12,report_only,1.0,12,14,55,-0.16969696969696968,-0.3424242424242424,-0.25606060606060604,0.08636363636363636,0.17272727272727273,0.9931818181818182,-2.5232341468753557e-19,0.010606060606060605,0.0053030303030303025,-0.0053030303030303025,-0.010606060606060605,0.0037878787878787876,0.1696969696969697,0.3318181818181819,0.2507575757575758,-0.08106060606060606,-0.1621212121212121,0.0030303030303030303,0.25606060606060604,-0.08636363636363636,-0.24244318181818184,-0.10227272727272729,-0.4113825757575758,-0.27575757575757576,-0.30455492424242425,-0.20871212121212124,0.036732954545454555,0.134469696969697,0.07346590909090911,0.268939393939394,-0.006079545454545455,0.0053030303030303025,0.004545454545454544,0.017424242424242422,-0.0003787878787878792,0.009857954545454494,-0.008712121212121211,-0.0022727272727272726,-0.017424242424242422,-0.004545454545454545,0.10454545454545454,0.2394128787878787,0.26742424242424245,0.40075757575757576,0.20530303030303035,0.2981060606060606,-0.12954545454545452,-0.03180871212121217,-0.25909090909090904,-0.06361742424242434
report_only_rho1.00_b12,report_only,1.0,12,15,55,-0.14848484848484847,-0.33712121212121215,-0.24280303030303033,0.09431818181818183,0.18863636363636366,0.9954545454545456,0.0030303030303030303,0.013636363636363634,0.008333333333333333,-0.0053030303030303025,-0.010606060606060605,0.0022727272727272726,0.14545454545454545,0.3234848484848485,0.23446969696969694,-0.0890151515151515,-0.178030303030303,0.0022727272727272726,0.24280303030303033,-0.09431818181818183,-0.21515151515151512,-0.09013257575757586,-0.3939393939393939,-0.28634469696969705,-0.28939393939393937,-0.2034090909090909,0.05376893939393939,0.1329640151515151,0.10753787878787878,0.2659280303030302,-0.0022727272727272726,0.008333333333333331,0.007575757575757575,0.02045454545454545,0.0037878787878787876,0.013257575757575756,-0.008712121212121211,-0.0022727272727272726,-0.017424242424242422,-0.004545454545454545,0.08712121212121213,0.21138257575757566,0.2734848484848485,0.3803030303030302,0.19468749999999999,0.27992424242424246,-0.12727272727272726,-0.04848484848484849,-0.2545454545454545,-0.09696969696969698
report_only_rho1.00_b18,report_only,1.0,18,1,52,0.021634615384615377,-0.02243589743589743,-0.0004006410256410242,0.022035256410256394,0.04407051282051279,0.528846153846154,-0.01602564102564103,0.012820512820512822,-0.001602564102564104,-0.014423076923076926,-0.02884615384615385,0.2195512820512821,-0.0056089743589743625,0.00961538461538462,0.002003205128205126,-0.00761217948717949,-0.01522435897435898,0.2516025641025641,0.0004006410256410242,-0.022035256410256394,-0.03848157051282053,0.08575721153846144,-0.08573717948717949,0.04326923076923077,-0.054487179487179474,0.05809294871794872,-0.006009615384615389,0.05089142628205122,-0.012019230769230779,0.10178285256410244,-0.07772435897435896,0.04006410256410256,-0.052083333333333336,0.07934695512820501,-0.059695512820512824,0.056490384615384616,-0.04006410256410257,0.008814102564102559,-0.08012820512820513,0.017628205128205118,-0.057692307692307675,0.043289262820512715,-0.0376602564102564,0.06009615384615385,-0.042067307692307696,0.045272435897435896,-0.03325320512820513,0.016826923076923073,-0.06650641025641026,0.033653846153846145
report_only_rho1.00_b18,report_only,1.0,18,2,52,-0.09294871794871794,-0.2700320512820512,-0.18149038461538458,0.08854166666666669,0.17708333333333337,0.6875,-0.0737179487179487,-0.07371794871794872,-0.0737179487179487,0.0,0.0,0.16666666666666669,0.16666666666666669,0.34375000000000006,0.2552083333333333,-0.08854166666666669,-0.17708333333333337,0.14583333333333334,0.18149038461538458,-0.08854166666666669,-0.17467948717948717,-0.006390224358974475,-0.3589743589743589,-0.17708333333333337,-0.2556189903846154,-0.10336538461538461,0.046073717948717945,0.13141025641025642,0.09214743589743589,0.26282051282051283,-0.13701923076923078,-0.016806891025641132,-0.13701923076923078,-0.02003205128205128,-0.1354266826923077,-0.022035256410256405,-0.016025641025641028,0.01842948717948718,-0.032051282051282055,0.03685897435897436,0.10336538461538461,0.22758413461538454,0.27403846153846156,0.40945512820512825,0.2015124198717949,0.30489783653846153,-0.12620192307692307,-0.05087139423076928,-0.25240384615384615,-0.10174278846153856
report_only_rho1.00_b18,report_only,1.0,18,3,52,-0.11698717948717946,-0.2956730769230769,-0.2063301282051282,0.08934294871794873,0.17868589743589747,0.7924679487179488,-0.0857371794871795,-0.08012820512820513,-0.0829326923076923,-0.002804487179487179,-0.005608974358974358,0.12339743589743592,0.202724358974359,0.375801282051282,0.2892628205128205,-0.08653846153846154,-0.17307692307692307,0.08413461538461539,0.2063301282051282,-0.08934294871794873,-0.2051482371794872,-0.025620993589743696,-0.38782051282051283,-0.20430689102564112,-0.29047475961538466,-0.12178485576923082,0.05488782051282051,0.12621193910256406,0.10977564102564102,0.2524238782051281,-0.13942307692307693,-0.04004407051282062,-0.13701923076923078,-0.03365384615384615,-0.13862179487179485,-0.036458333333333336,-0.011217948717948716,0.005608974358974359,-0.022435897435897433,0.011217948717948718,0.13221153846153846,0.2724559294871794,0.30767227564102567,0.4463141025641026,0.2279647435897436,0.3517628205128205,-0.12299679487179487,-0.05447716346153851,-0.24599358974358973,-0.10895432692307702
report_only_rho1.00_b18,report_only,1.0,18,4,52,-0.11217948717948717,-0.28044871794871795,-0.19631410256410253,0.0841346153846154,0.1682692307692308,0.8725961538461537,-0.06169871794871795,-0.05288461538461538,-0.05729166666666667,-0.004407051282051284,-0.008814102564102567,0.08333333333333334,0.17387820512820515,0.3333333333333333,0.2536057692307693,-0.07972756410256411,-0.15945512820512822,0.04407051282051282,0.19631410256410253,-0.0841346153846154,-0.1947315705128205,-0.02403846153846153,-0.3605769230769231,-0.19391025641025642,-0.26963141025641024,-0.11618589743589744,0.04807692307692308,0.12219551282051283,0.09615384615384616,0.24439102564102566,-0.11298076923076922,-0.022415865384615492,-0.1033653846153846,-0.014423076923076926,-0.10858373397435898,-0.01842948717948718,-0.010026041666666671,0.0012019230769230763,-0.020052083333333342,0.0024038461538461527,0.10897435897435898,0.2428084935897435,0.27081330128205133,0.3942307692307692,0.20192307692307693,0.30608974358974356,-0.11859975961538462,-0.04446113782051287,-0.23719951923076923,-0.08892227564102574
report_only_rho1.00_b18,report_only,1.0,18,5,52,-0.09134615384615384,-0.3125,-0.20192307692307693,0.11057692307692306,0.22115384615384612,0.9174679487179488,-0.040064102564102574,-0.03926282051282052,-0.039663461538461536,-0.00040064102564102536,-0.0008012820512820507,0.05689102564102565,0.13141025641025642,0.35176282051282054,0.24158653846153846,-0.11017628205128203,-0.22035256410256407,0.025641025641025644,0.20192307692307693,-0.11057692307692306,-0.15224358974358976,-0.028044871794871813,-0.39342948717948717,-0.23315304487179495,-0.2612279647435898,-0.14022435897435898,0.07131410256410256,0.1502403846153846,0.14262820512820512,0.3004807692307692,-0.0857371794871795,-0.004006410256410256,-0.08493589743589743,-0.004006410256410257,-0.08533653846153846,-0.004407051282051283,-0.006009615384615383,0.005608974358974359,-0.012019230769230766,0.011217948717948718,0.08493589743589744,0.17950721153846144,0.2844551282051282,0.4214743589743589,0.19670472756410257,0.28606770833333334,-0.14704527243589743,-0.0733173076923077,-0.29409054487179487,-0.1466346153846154
report_only_rho1.00_b18,report_only,1.0,18,6,52,-0.09134615384615387,-0.3725961538461538,-0.23197115384615385,0.140625,0.28125,0.9495192307692306,-0.026442307692307692,-0.018429487179487176,-0.022435897435897436,-0.004006410256410256,-0.008012820512820512,0.032852564102564104,0.11778846153846158,0.391025641025641,0.2544070512820513,-0.13661858974358976,-0.2732371794871795,0.017628205128205125,0.23197115384615385,-0.140625,-0.13862179487179488,-0.04326923076923077,-0.4391025641025641,-0.3012820512820513,-0.2792467948717949,-0.18028846153846154,0.10976562500000002,0.171875,0.21953125000000004,0.34375,-0.05769230769230768,-0.004006410256410256,-0.04809695512820514,0.004807692307692306,-0.052483974358974346,3.4027268182618345e-19,-0.007612179487179487,-0.0008012820512820511,-0.015224358974358974,-0.0016025641025641023,0.07850560897435897,0.15625,0.33092948717948717,0.45192307692307676,0.21354166666666666,0.29366987179487175,-0.16746794871794873,-0.10536858974358977,-0.33493589743589747,-0.21073717948717954
report_only_rho1.00_b18,report_only,1.0,18,7,52,-0.0737179487179487,-0.3958333333333333,-0.23477564102564102,0.16105769230769235,0.3221153846153847,0.9703525641025641,-0.01442307692307692,-0.009615384615384618,-0.012019230769230766,-0.002403846153846153,-0.004807692307692306,0.019230769230769232,0.08814102564102565,0.405448717948718,0.24679487179487178,-0.15865384615384612,-0.31730769230769224,0.010416666666666666,0.23477564102564102,-0.16105769230769235,-0.11778846153846154,-0.02483974358974358,-0.46153846153846145,-0.3253004807692309,-0.280849358974359,-0.1842648237179489,0.1294070512820513,0.19271834935897433,0.2588141025641026,0.38543669871794867,-0.04008413461538462,0.002423878205128096,-0.035256410256410256,0.008012820512820514,-0.037259615384615384,0.005208333333333333,-0.005208333333333333,0.00040064102564102563,-0.010416666666666666,0.0008012820512820513,0.05368589743589743,0.1233974358974359,0.34054487179487175,0.46875,0.20512820512820512,0.28646834935897436,-0.1903044871794872,-0.12739383012820518,-0.3806089743589744,-0.25478766025641036
report_only_rho1.00_b18,report_only,1.0,18,8,52,-0.08012820512820513,-0.4086538461538461,-0.2443910256410256,0.1642628205128205,0.328525641025641,0.9815705128205129,-0.009615384615384614,1.3344026738283132e-19,-0.004807692307692309,-0.004807692307692308,-0.009615384615384616,0.01282051282051282,0.08974358974358974,0.4086538461538461,0.24919871794871792,-0.15945512820512822,-0.31891025641025644,0.005608974358974359,0.2443910256410256,-0.1642628205128205,-0.125,-0.040064102564102574,-0.4703525641025641,-0.34695512820512825,-0.28966346153846156,-0.20032051282051289,0.13341346153846156,0.1943108974358974,0.26682692307692313,0.3886217948717948,-0.026442307692307692,0.002403846153846153,-0.016025641025641028,0.012820512820512818,-0.020833333333333332,0.006009615384615385,-0.009214743589743592,-0.0008012820512820514,-0.018429487179487183,-0.0016025641025641027,0.052083333333333336,0.13383413461538454,0.3461538461538462,0.4687700320512819,0.20713141025641027,0.29407051282051283,-0.18870192307692307,-0.12859575320512825,-0.37740384615384615,-0.2571915064102565
report_only_rho1.00_b18,report_only,1.0,18,9,52,-0.12259615384615387,-0.43910256410256415,-0.280849358974359,0.15825320512820512,0.31650641025641024,0.9895833333333334,-0.0016025641025641025,0.004006410256410256,0.0012019230769230766,-0.0028044871794871795,-0.005608974358974359,0.007211538461538462,0.12419871794871797,0.4350961538461539,0.2796474358974359,-0.15544871794871792,-0.31089743589743585,0.003205128205128205,0.280849358974359,-0.15825320512820512,-0.18189102564102566,-0.06971153846153846,-0.49601362179487185,-0.38141025641025644,-0.3237279647435897,-0.23838141025641027,0.11979166666666667,0.19551282051282054,0.23958333333333334,0.3910256410256411,-0.009615384615384616,0.005608974358974358,-0.004807692307692308,0.011217948717948718,-0.006410256410256411,0.007221554487179433,-0.00641025641025641,0.0008012820512820514,-0.01282051282051282,0.0016025641025641027,0.0737179487179487,0.1818910256410256,0.37820512820512825,0.49200721153846144,0.23918269230769232,0.3217147435897436,-0.19270833333333334,-0.11817908653846158,-0.3854166666666667,-0.23635817307692317
report_only_rho1.00_b18,report_only,1.0,18,10,52,-0.10657051282051283,-0.3862179487179488,-0.24639423076923078,0.13982371794871795,0.2796474358974359,0.9919871794871795,0.0008012820512820513,0.009615384615384616,0.005208333333333334,-0.004407051282051282,-0.008814102564102564,0.004006410256410256,0.10576923076923077,0.37660256410256415,0.24118589743589747,-0.13541666666666666,-0.2708333333333333,0.004006410256410256,0.24639423076923078,-0.13982371794871795,-0.1658653846153846,-0.055288461538461536,-0.44551282051282054,-0.32612179487179493,-0.29046474358974356,-0.2007211538461539,0.10215344551282052,0.17628205128205127,0.20430689102564104,0.35256410256410253,-0.004006410256410256,0.00641025641025641,0.002403846153846154,0.016826923076923076,-2.6854853810794793e-19,0.01081730769230769,-0.008012820512820512,-0.0008012820512820515,-0.016025641025641024,-0.001602564102564103,0.05526842948717948,0.16506410256410253,0.31650641025641024,0.43671874999999993,0.19670472756410257,0.2864583333333333,-0.17148437500000002,-0.09775641025641026,-0.34296875000000004,-0.1955128205128205
report_only_rho1.00_b18,report_only,1.0,18,11,52,-0.1001602564102564,-0.43509615384615385,-0.2676282051282051,0.16746794871794873,0.33493589743589747,0.9951923076923077,0.002403846153846154,0.015224358974358972,0.008814102564102562,-0.00641025641025641,-0.01282051282051282,0.002403846153846154,0.09775641025641026,0.4198717948717948,0.25881410256410253,-0.16105769230769226,-0.3221153846153845,0.002403846153846154,0.2676282051282051,-0.16746794871794873,-0.15544871794871792,-0.050480769230769225,-0.4943910256410256,-0.3774038461538462,-0.30570913461538457,-0.22755408653846157,0.12820512820512822,0.20634014423076918,0.25641025641025644,0.41268028846153837,-0.0016025641025641025,0.007211538461538462,0.007211538461538463,0.024038461538461533,0.004006410256410256,0.014022435897435896,-0.01081730769230769,-0.0024038461538461535,-0.02163461538461538,-0.004807692307692307,0.04967948717948718,0.1522636217948717,0.36137820512820507,0.4791866987179486,0.21873998397435898,0.29768629807692304,-0.1995192307692308,-0.1205929487179487,-0.3990384615384616,-0.2411858974358974
report_only_rho1.00_b18,report_only,1.0,18,12,52,-0.1217948717948718,-0.4807692307692307,-0.3012820512820512,0.17948717948717946,0.3589743589743589,0.997596153846154,0.0,0.009615384615384614,0.004807692307692307,-0.004807692307692308,-0.009615384615384616,0.002403846153846154,0.12179487179487179,0.47115384615384615,0.296474358974359,-0.17467948717948717,-0.34935897435897434,0.0,0.3012820512820512,-0.17948717948717946,-0.17628205128205127,-0.07051282051282051,-0.5432692307692307,-0.4182491987179488,-0.344551282051282,-0.2564102564102564,0.14262820512820512,0.21754807692307693,0.28525641025641024,0.43509615384615385,-0.004006410256410256,0.004006410256410256,0.004006410256410256,0.015224358974358974,0.0008012820512820511,0.008814102564102564,-0.008012820512820512,-0.002003205128205128,-0.016025641025641024,-0.004006410256410256,0.07131410256410256,0.17628205128205127,0.4102564102564103,0.5328525641025641,0.2539863782051282,0.3389523237179487,-0.2119491185897436,-0.1374198717948718,-0.4238982371794872,-0.2748397435897436
report_only_rho1.00_b18,report_only,1.0,18,13,52,-0.11618589743589743,-0.4262820512820512,-0.27123397435897434,0.1550480769230769,0.3100961538461538,0.9975961538461539,0.0024038461538461544,0.012820512820512818,0.007612179487179487,-0.005208333333333333,-0.010416666666666666,0.002403846153846154,0.1137820512820513,0.4134615384615384,0.2636217948717948,-0.1498397435897436,-0.2996794871794872,0.0,0.27123397435897434,-0.1550480769230769,-0.15865384615384615,-0.07451923076923077,-0.4855969551282051,-0.36776842948717964,-0.312099358974359,-0.22996794871794876,0.12498998397435898,0.18549679487179485,0.24997996794871796,0.3709935897435897,-0.003205128205128205,0.007211538461538462,0.005608974358974358,0.020833333333333332,0.002003205128205128,0.01282051282051282,-0.009224759615384617,-0.0016025641025641025,-0.018449519230769235,-0.003205128205128205,0.07371794871794872,0.15544871794871795,0.35737179487179493,0.469571314102564,0.2239483173076923,0.30408653846153844,-0.1790865384615385,-0.1205929487179487,-0.358173076923077,-0.2411858974358974
report_only_rho1.00_b18,report_only,1.0,18,14,52,-0.1001602564102564,-0.37740384615384615,-0.2387820512820513,0.13862179487179488,0.27724358974358976,0.9951923076923078,0.003205128205128205,0.010416666666666666,0.006810897435897436,-0.0036057692307692314,-0.007211538461538463,0.002403846153846154,0.09695512820512821,0.36698717948717946,0.23197115384615385,-0.13501602564102566,-0.2700320512820513,0.002403846153846154,0.2387820512820513,-0.13862179487179488,-0.14985977564102562,-0.057692307692307696,-0.44711538461538464,-0.30929487179487175,-0.2856570512820512,-0.19270833333333334,0.10255408653846153,0.17427884615384612,0.20510817307692306,0.34855769230769224,-0.0008012820512820515,0.008012820512820512,0.0032051282051282055,0.017628205128205128,0.002003205128205128,0.011618589743589742,-0.007211538461538462,-1.3177226404055504e-19,-0.014423076923076924,-2.6354452808111007e-19,0.055288461538461536,0.1466346153846154,0.30208333333333337,0.43511618589743584,0.187890625,0.2764523237179487,-0.16987179487179485,-0.09935897435897437,-0.3397435897435897,-0.19871794871794873
report_only_rho1.00_b18,report_only,1.0,18,15,52,-0.08173076923076923,-0.3878205128205128,-0.23477564102564102,0.15304487179487178,0.30608974358974356,0.9959935897435899,0.002403846153846154,0.012820512820512822,0.007612179487179486,-0.005208333333333333,-0.010416666666666666,0.002403846153846154,0.07932692307692307,0.375,0.22716346153846156,-0.1478365384615385,-0.295673076923077,0.0016025641025641025,0.23477564102564102,-0.15304487179487178,-0.12339743589743589,-0.04407051282051281,-0.4551282051282052,-0.3229166666666667,-0.2728465544871795,-0.19591346153846156,0.11458333333333333,0.1927183493589743,0.22916666666666666,0.3854366987179486,-0.0016025641025641025,0.00641025641025641,0.004807692307692308,0.020833333333333336,0.002403846153846154,0.012820512820512822,-0.009214743589743588,-0.0016025641025641025,-0.018429487179487176,-0.003205128205128205,0.041666666666666664,0.1217948717948718,0.31089743589743585,0.4415064102564103,0.18830128205128208,0.265625,-0.187900641025641,-0.10976562500000005,-0.375801282051282,-0.2195312500000001
