comparison,profile,rho,budget,problem,horizon,m,selected_mode,nwj_raw,dv_raw,plugin_raw,max_weight_share_raw,ess_raw,n_raw,nwj_cap2,dv_cap2,plugin_cap2,max_weight_share_cap2,ess_cap2,n_cap2,nwj_cap5,dv_cap5,plugin_cap5,max_weight_share_cap5,ess_cap5,n_cap5,nwj_cap10,dv_cap10,plugin_cap10,max_weight_share_cap10,ess_cap10,n_cap10,score_nats,accuracy,cand:constant,cand:linear-l0.01,cand:linear-l0.1,cand:linear-l1,cand:linear-l10,cand:quadratic-l0.01,cand:quadratic-l0.1,cand:quadratic-l1,cand:quadratic-l10,cand:flat-w4-l0.01,cand:flat-w8-l0.01,cand:flat-w4-l0.1,cand:flat-w8-l0.1,cand:gru-w4-l0.01,cand:gru-w4-l0.1,saturation_eps1e-06,saturation_eps0.0001,score_bits,log_loss,cand:mlp-w4-l0.01,cand:mlp-w8-l0.01,cand:mlp-w4-l0.1,cand:mlp-w8-l0.1,freq_insample_mi_alpha0,freq_insample_mi_alpha1,freq_heldout_score_alpha1,freq_insample_mi_alpha10,freq_heldout_score_alpha10
full_communication_rho0.75_b12,full_communication,0.75,12,cost0,11,53,flat-w4-l0.01,0.17848523517108358,0.17852346207813513,0.1872545254951215,0.06655828653661057,32.347895878052896,53.0,0.18590762944688416,0.18600030499756132,0.17235497179119003,0.05877000592619234,34.53094388211283,53.0,0.18028786961936874,0.180298059020483,0.18480895378093207,0.06508627963978336,32.73926702968959,53.0,0.17896539859530144,0.17899472571315275,0.18664356780914668,0.06618054457116358,32.44749147306687,53.0,0.18028786961936874,0.6320754716981132,0.0,0.02598412670713439,0.1714722134404449,0.13234714991883184,0.028299154294280864,-0.2908519791383683,-0.012245926063657982,0.1562484056212624,0.0903656206273542,0.0464570846865654,0.07861806963102763,0.19121463061536853,0.1790161338932218,0.1345690738235952,0.10984703693257476,,,,,,,,,,,,,
full_communication_rho0.75_b12,full_communication,0.75,12,cost0,15,53,linear-l0.1,0.20037781199846885,0.2040141981054131,0.2880996531014046,0.07795256305289568,28.355295809779992,53.0,0.22308722925706653,0.22367762560833832,0.2578446131293192,0.06505396279647963,31.36051372706862,53.0,0.20532707746385265,0.208168918636374,0.28262362237443894,0.07534389113938506,28.90718711930447,53.0,0.20167659007374855,0.20509874326094213,0.28670390479218844,0.07727501228413973,28.496362144740218,53.0,0.20532707746385265,0.6792452830188679,0.0,0.13434404055318477,0.2234405565980247,0.173200146812546,0.03735847997042596,0.24312703971111888,0.23483433709803048,0.260399017173708,0.12858957363240286,0.005746744923301512,0.007837070857283702,0.17893593664766913,0.15968601234680058,0.19292755296619313,0.17884272730301895,,,,,,,,,,,,,
full_communication_rho0.75_b12,full_communication,0.75,12,cost0,1,53,constant,-0.026208213799160367,-0.02581316230195463,0.002164539243175722,0.04407642258537945,50.49651194862003,53.0,-0.023455709759751423,-0.023133837680598113,0.0021314375852019125,0.04195230500616664,50.797969378233574,53.0,-0.0257330247054765,-0.025351120449563665,0.00215924815376412,0.043707725067551446,50.55002887242429,53.0,-0.026088057361747637,-0.025696350485633537,0.0021632167125476298,0.043983119009293456,50.510102122939614,53.0,-0.0257330247054765,0.5283018867924528,0.0,-0.11196263150818003,-0.05907938954455499,-0.014337026969417641,-0.0018856568713193948,-0.33873257209432817,-0.1380799459164068,-0.04446291386177512,-0.005212253576566243,-0.04690510002952521,-0.024567949240402037,-0.0047881975207503865,-0.009751800976522309,-0.005096111496179911,-0.0012483753182083064,,,,,,,,,,,,,
full_communication_rho0.75_b12,full_communication,0.75,12,cost0,3,53,flat-w4-l0.01,0.013357953827852912,0.021806283053022263,0.14903728170240452,0.04708993828938054,38.65991977332808,53.0,0.012445079294611458,0.018769981092573662,0.12917195834869322,0.04398597664721484,39.961422907441474,53.0,0.013020336022172181,0.021071247447259273,0.14533637191204693,0.046535021432972876,38.88580026306157,53.0,0.01326428038241527,0.021610848074693184,0.14808946316539076,0.0469488489423976,38.717081624905404,53.0,0.013020336022172181,0.5754716981132075,0.0,-0.09822611998801586,-0.04144943926639935,0.006938806566865175,0.004169432843927341,-0.049152547755744506,-0.02415839440866751,-0.0095321808870279,0.014087466044790123,0.018160703436133907,0.03918592967899005,0.015031912833337543,0.01511811689088802,-0.09151021668877113,-0.01402628742787805,,,,,,,,,,,,,
full_communication_rho0.75_b12,full_communication,0.75,12,cost0,5,53,flat-w4-l0.01,0.10657895650578576,0.11251264934309704,0.21950767604442703,0.06855908156782929,33.37650498301676,53.0,0.11600046317967425,0.11879288925348233,0.19260542745671697,0.05859357896084805,36.13359052045859,53.0,0.10851295757151003,0.11375017700675877,0.21437851750108566,0.0666059600745681,33.89931991246514,53.0,0.10708141401800275,0.1128315790363511,0.21818822070470245,0.06805473277618246,33.51075391792287,53.0,0.10851295757151003,0.6226415094339622,0.0,0.08229098731175169,0.15480205074083112,0.12129893408025937,0.025820735623292217,-0.021512385345219483,0.1161519843883615,0.16562577202465117,0.08622822975617953,0.12681462974015417,0.07219903331703684,0.16682896598769376,0.17050075365130707,0.18311602688757458,0.08341765575341863,,,,,,,,,,,,,
full_communication_rho0.75_b12,full_communication,0.75,12,cost0,8,53,linear-l0.1,0.21143638889675292,0.21426128565873453,0.28849644048377115,0.08749272351880134,28.138093953746655,53.0,0.22324163818952078,0.22348902430147727,0.2456503430512062,0.06996661579772327,32.55378477284107,53.0,0.21477122507924296,0.21683037145758155,0.28032519390918254,0.08384995578244835,29.0075364068398,53.0,0.21234556172576205,0.21495890711633348,0.28639404351396147,0.08654201526318885,28.362753769618003,53.0,0.21477122507924296,0.6415094339622641,0.0,0.1451649885430638,0.19176199200016106,0.1423849106545953,0.030634464604657106,-0.03800466430861286,0.08407406926491379,0.17870305690675725,0.10193242214911405,0.19752031288266012,0.09745908252709579,0.21393468910259403,0.2098328618263699,0.16688920836076815,0.1541495676219749,,,,,,,,,,,,,
full_communication_rho0.75_b12,full_communication,0.75,12,cost2,11,53,flat-w4-l0.1,0.08916847892088915,0.09539810830311576,0.20498067517162885,0.08385447438378414,27.78809404307738,53.0,0.12577954836144084,0.12701653083598705,0.1763465669857421,0.06782145660158759,31.876112555734622,53.0,0.09734241337756555,0.10224971735656954,0.19970930698479597,0.08052963080220715,28.569741251966335,53.0,0.09132613840604413,0.09719695534453474,0.20363367125628504,0.08298695820350954,27.989039002430644,53.0,0.09734241337756555,0.6320754716981132,0.0,-0.0015227899854642546,0.12103275190895561,0.10195460298965792,0.022578951320261147,-0.36703463073960113,0.03547709895071251,0.17358190692105457,0.08670484601260367,0.06700091368039689,0.0943862805851628,0.14564247913041006,0.11004103904219689,0.1738023599245579,0.0322280812087913,,,,,,,,,,,,,
full_communication_rho0.75_b12,full_communication,0.75,12,cost2,15,53,linear-l0.01,0.15775677210643715,0.165069843682774,0.2836190946395496,0.1335712573927743,21.02940017773296,53.0,0.2237539239129323,0.22394331424939184,0.24334267686361533,0.08754453019496221,27.66742105051857,53.0,0.1756067099253506,0.1803352544878603,0.2760318565827105,0.1222326040803107,22.438384124572273,53.0,0.16265926415727525,0.1692251520235259,0.28167164965159514,0.13050756657675094,21.398988995120128,53.0,0.1756067099253506,0.6792452830188679,0.0,0.10927588039275177,0.15970664676920682,0.10945873436151063,0.02400367905631332,0.16404500910570474,0.2687756007850133,0.21976603811120343,0.09366164735860615,0.09697938602811425,0.009007383199245702,0.12819043895922894,0.10299496301709599,0.3080481596448675,0.046787474062775634,,,,,,,,,,,,,
full_communication_rho0.75_b12,full_communication,0.75,12,cost2,1,53,constant,-0.29188316343487825,-0.2587047813070397,-0.011707389120225238,0.14581102212613567,27.186639786725582,53.0,-0.19223703129816233,-0.17749023119759327,-0.010531309765084604,0.08172027618354176,41.284604766440054,53.0,-0.2644402829854388,-0.2369952191100448,-0.011510915534275606,0.12847691896886473,30.681109191725486,53.0,-0.2842418894047787,-0.2527073834750843,-0.011657959520660005,0.14102794853480138,28.11580561376031,53.0,-0.2644402829854388,0.4528301886792453,0.0,-0.21537073036458768,-0.11698638734407096,-0.03976659506339382,-0.0060537938715311,-0.21745824635444938,-0.13946184582511634,-0.07711229182798879,-0.02013510554141022,-0.11485123179322995,-0.11651814204477136,-0.02043612846635056,-0.022876342578225455,-0.11480815894476899,-0.0037937804617934694,,,,,,,,,,,,,
full_communication_rho0.75_b12,full_communication,0.75,12,cost2,3,53,flat-w4-l0.1,0.11513912843861897,0.11538653250872513,0.137548652635493,0.06524732301163362,37.36129640476944,53.0,0.12025639866547091,0.12025900406552649,0.12254085363203827,0.0575854568880428,39.187979246623684,53.0,0.11611752438663224,0.11629033248795154,0.13482366366353507,0.06379192528990181,37.694525911393995,53.0,0.11539053374313712,0.11561762650799293,0.1368538260082444,0.06487353035402876,37.44634472769465,53.0,0.11611752438663224,0.6509433962264151,0.0,0.05549120481460858,0.08043077807426903,0.08855747854720868,0.021792798046738563,-0.11210470317250038,0.02792933228797095,0.09542817850689092,0.07336723032129076,0.0898317272862435,0.1112014592898562,0.0929523298733991,0.08855109563858192,0.10504935443187932,0.016167898624902338,,,,,,,,,,,,,
full_communication_rho0.75_b12,full_communication,0.75,12,cost2,5,53,linear-l0.1,0.16723341986611434,0.1673099039104857,0.17965248856908175,0.07657539753446342,36.29292658270431,53.0,0.16563315289553202,0.1656740149976964,0.15662022970647482,0.06430063861335795,38.85827646311333,53.0,0.16698243379462538,0.1670162830438102,0.17523292513701946,0.07413877491209979,36.78957551734512,53.0,0.16717025742066996,0.16723411506850502,0.17851398843994024,0.0759447543510187,36.42096545092465,53.0,0.16698243379462538,0.6415094339622641,0.0,0.11762711464209397,0.20156203934761988,0.15220817915633503,0.032705185446078644,-0.14196669193308772,0.07697056935292779,0.19696700984261029,0.10928284946244445,0.1807299165850196,0.18443260938180622,0.18181273655257124,0.15196640937444458,0.22164558620048025,0.12784766160498645,,,,,,,,,,,,,
full_communication_rho0.75_b12,full_communication,0.75,12,cost2,8,53,linear-l0.01,0.36723722512622514,0.37659527305645346,0.23659670804528157,0.11016915412591878,31.003492373631005,53.0,0.3482597477838815,0.3596833667389839,0.2046245862087866,0.0842856483764047,36.00091638964411,53.0,0.36452400982712835,0.3743880741830896,0.23056477109917362,0.10468859505788498,32.0322195481544,53.0,0.36658289839732744,0.37607591802907797,0.2350477257278027,0.10873396561746217,31.271106747239873,53.0,0.36452400982712835,0.660377358490566,0.0,0.1278307987080008,0.16668086027994228,0.11290471523338937,0.02445203413683766,0.10179022835003558,0.15953411476203236,0.18623768571690602,0.08973900307548656,0.1813151951116931,0.1616145235934619,0.1841188381949469,0.16934205575383435,0.17423601487608056,0.04695508681742631,,,,,,,,,,,,,
full_communication_rho0.75_b12,full_communication,0.75,12,endpoint,10,53,constant,,,,,,,,,,,,,,,,,,,,,,,,,-0.009263523368624363,0.4716981132075472,0.0,-0.009904889067663477,-0.010376920731209107,-0.0039168253555940365,-0.0005325553600953535,-0.01268540777638906,-0.01140064190390888,-0.004686542755848505,-0.0007999128094642442,,,,,,,0.0,0.0,-0.013364439225073393,0.7065116197850188,-0.019544652436159767,-0.009598226423806528,-0.0032647903461576,-0.0024911500601678253,0.34028896299217776,0.3292210013927757,-0.29167257222116993,0.26150163762071327,-0.10355773538460356
full_communication_rho0.75_b12,full_communication,0.75,12,endpoint,11,53,constant,,,,,,,,,,,,,,,,,,,,,,,,,-0.005839910489618322,0.49056603773584906,0.0,-0.022130356758390368,-0.01406053761172314,-0.004591792149412079,-0.0005906959539616419,-0.015679478943182366,-0.0029155026254272572,-0.0005846595997483663,-0.00020883729800866857,,,,,,,0.0,0.0,-0.008425209902607792,0.7015723904625532,-0.023663451221684294,-0.01586047901518996,-0.008785811678422868,-0.005400171358490849,0.28269046370084244,0.27250236740321,-0.3446281081601838,0.21252778483087495,-0.21717549295675875
full_communication_rho0.75_b12,full_communication,0.75,12,endpoint,12,53,constant,,,,,,,,,,,,,,,,,,,,,,,,,-0.017145752299738123,0.46226415094339623,0.0,-0.030896898795861463,-0.021589006743309363,-0.006925647211513997,-0.0008768305402499772,-0.036787737514178534,-0.023810533220260072,-0.009575412945009564,-0.0014752551325602407,,,,,,,0.0,0.0,-0.02473609181514273,0.7178832723750881,-0.023701067270627214,-0.023714904169590174,-0.009702838062936422,-0.010106205439011848,0.21581305322405225,0.20786353731868862,-0.4912507771895247,0.1615053008215161,-0.298996605505858
full_communication_rho0.75_b12,full_communication,0.75,12,endpoint,13,53,constant,,,,,,,,,,,,,,,,,,,,,,,,,-0.01203362471080141,0.5,0.0,-0.008662481198107029,-0.010002713527712223,-0.002642103904896085,-0.0002599204833747317,-0.007757656583789372,-0.00817599385706139,-0.0021058586354530335,-0.0001574120375555911,,,,,,,0.0,0.0,-0.017360850694192083,0.7105080312541374,-0.010099943216728793,-0.013403876504440453,-0.003270410872766567,-0.006295475363740453,0.2855279550122013,0.27573026999445926,-0.5160486840546449,0.21705460484930178,-0.26269788148027307
full_communication_rho0.75_b12,full_communication,0.75,12,endpoint,14,53,mlp-w4-l0.1,,,,,,,,,,,,,,,,,,,,,,,,,-0.011278338097083644,0.4716981132075472,0.0,-0.0067926635321506595,-0.009466317361365573,-0.0032264232561403368,-0.00040131398532719363,-0.019851978434948785,-0.02115485010367656,-0.0076892477596909375,-0.001063147166596573,,,,,,,0.0,0.0,-0.016271202442131642,0.709418383002077,-0.0021269215293556313,-0.001004821224678661,-0.002458948384397975,-0.004079654444822681,0.1629412809382012,0.15705625468019307,-0.7890896391386475,0.12246146868952351,-0.46976860670232296
full_communication_rho0.75_b12,full_communication,0.75,12,endpoint,15,53,constant,,,,,,,,,,,,,,,,,,,,,,,,,-0.0033358388434430735,0.46226415094339623,0.0,-0.011159819590327956,-0.011964438416388078,-0.004069123386636185,-0.0005152657309119123,-0.012959048348662475,-0.017691480262687978,-0.007735799426306572,-0.0011356759504361014,,,,,,,0.0,0.0,-0.004812598156640097,0.6979597787165854,-0.00843331530624056,-0.004559505036595873,-0.00335819878260875,-0.0025368733803769554,0.23830997684796767,0.2300261004689873,-0.6017179099035328,0.18060016995149236,-0.3067857836640754
full_communication_rho0.75_b12,full_communication,0.75,12,endpoint,1,53,quadratic-l0.1,,,,,,,,,,,,,,,,,,,,,,,,,-0.0010609816467548085,0.49056603773584906,0.0,-0.01115082862909235,-0.004967961185505788,-5.087957160113069e-05,6.88827372498667e-05,-0.002220110875333849,0.0005599677900371398,0.0008203233925263994,0.0003300320063486732,,,,,,,0.0,0.0,-0.0015306729602473682,0.6946778535201926,0.001956702742765965,0.007945729222879673,0.0008018601383308097,-0.0003129065289654004,0.2949367609076778,0.28366647234057185,-1.3321974030392376,0.21879545884078694,-0.7384447526152124
full_communication_rho0.75_b12,full_communication,0.75,12,endpoint,2,53,constant,,,,,,,,,,,,,,,,,,,,,,,,,-0.004643794586929866,0.5,0.0,-0.014121319312630196,-0.008950980500993863,-0.0022132325327306195,-0.00024534592625237515,-0.01834011859601882,-0.012530740357664799,-0.0036536501801660392,-0.00041186101029911873,,,,,,,0.0,0.0,-0.006699579421470731,0.699846759981416,-0.0037171446830418665,-0.00620869044854277,-0.002057682209467743,-0.001705322823646419,0.564643680150632,0.5432733066643736,-0.46984075773945794,0.4196516947295601,-0.1990957308318642
full_communication_rho0.75_b12,full_communication,0.75,12,endpoint,3,53,constant,,,,,,,,,,,,,,,,,,,,,,,,,0.0040491409153839706,0.5471698113207547,0.0,-0.003703554430795364,0.001613982656385644,0.0024018684393728295,0.00044348628761912376,-0.003982009870941527,0.00032672401727432344,0.0030659975394050085,0.0008524538754926201,,,,,,,0.0,0.0,0.005841675518485052,0.6873055050414603,0.006037586480901837,0.0013387305612758945,0.006347019811558038,0.0004157649764786713,0.567300996904904,0.5451815867747679,-0.6376243468303417,0.4186365237716779,-0.3217484948029075
full_communication_rho0.75_b12,full_communication,0.75,12,endpoint,4,53,constant,,,,,,,,,,,,,,,,,,,,,,,,,0.0001972895076318841,0.5,0.0,-0.010096277835353454,-0.0033885881859791415,2.994134425784738e-05,6.61920118514292e-05,-0.014409031778335019,-0.00869785822035092,-0.001106937738172949,6.094664433132193e-05,,,,,,,0.0,0.0,0.0002846285942799445,0.6928625519656653,0.0018642361601060712,-0.0053982086062149106,0.0008501854909014391,-0.002200765451848265,0.45600804310398496,0.43898795550656133,-0.7985073257355961,0.3400102472211919,-0.3989268004482592
full_communication_rho0.75_b12,full_communication,0.75,12,endpoint,5,53,constant,,,,,,,,,,,,,,,,,,,,,,,,,-0.0043208728383016546,0.49056603773584906,0.0,-0.01190621317206477,-0.008186052300717797,-0.0029163689749557927,-0.00039582031989055595,-0.017212530204626344,-0.011748085744513703,-0.004888080047308043,-0.0007894759917758665,,,,,,,0.0,0.0,-0.006233701816129617,0.699380882376075,-0.013224889160814133,-0.0024036415595731085,-0.004965313855872179,0.00028994927569055113,0.3931694091318094,0.37884755988418917,-1.1323801631095154,0.2947759656362896,-0.5843234110701436
full_communication_rho0.75_b12,full_communication,0.75,12,endpoint,6,53,constant,,,,,,,,,,,,,,,,,,,,,,,,,-0.005562732365668445,0.5188679245283019,0.0,-0.008928152490015197,-0.0047209073907874795,-0.00046378198619492403,3.5438543064715635e-05,-0.023784196782530555,-0.01287212504100215,-0.0021741686162771805,-4.6103390365910104e-05,,,,,,,0.0,0.0,-0.008025326397742397,0.7011725069576877,-0.00893335829690244,-0.0098362953175764,-0.0012497682355016488,-0.0025541753289121745,0.3343404226877986,0.3222544857577725,-1.0605930916080595,0.25122569237025005,-0.5731263991986602
full_communication_rho0.75_b12,full_communication,0.75,12,endpoint,7,53,linear-l0.1,,,,,,,,,,,,,,,,,,,,,,,,,-0.012853900039510924,0.5377358490566038,0.0,-0.01178987757540025,-0.006889582868758604,-0.0009148541336225832,2.9714161237271305e-06,-0.03847201739132578,-0.026149601770412475,-0.006017216850004584,-0.00041304692273961717,,,,,,,0.0,0.0,-0.01854425784308486,0.7116914384030302,-0.011793669125356052,-0.008151289830587863,-0.0019080485709525418,-0.0023699689694360545,0.2777621005253294,0.26781299960363164,-1.0682422578683615,0.20909529159999662,-0.5816128251119594
full_communication_rho0.75_b12,full_communication,0.75,12,endpoint,8,53,constant,,,,,,,,,,,,,,,,,,,,,,,,,-0.006182912432590192,0.46226415094339623,0.0,-0.009413338799735091,-0.007321981520545413,-0.002485137601656695,-0.0003208164344741647,-0.018638685311483036,-0.01384085457403085,-0.005168537896929361,-0.0007411310351758075,,,,,,,0.0,0.0,-0.008920057104748587,0.7020672376646939,-0.01428894421718718,-0.005792530387014762,-0.004318818673015043,-0.0019584832984474256,0.2790840158597146,0.2688266934193041,-0.40610594048886606,0.20887651307741145,-0.2158275398563172
full_communication_rho0.75_b12,full_communication,0.75,12,endpoint,9,53,constant,,,,,,,,,,,,,,,,,,,,,,,,,-0.016077642829998677,0.37735849056603776,0.0,-0.014271708147179592,-0.014775982415142837,-0.005565167262303655,-0.0007541230328894099,-0.032401192372562886,-0.028298433557608332,-0.011336966700642414,-0.0017233356213778076,,,,,,,0.0,0.0,-0.02319513558002309,0.7163423161399683,-0.029164202156106492,-0.01567695096963353,-0.009513401422408458,-0.005016739151057723,0.26629410179008084,0.256448519062061,-0.633590466481095,0.19905857025863777,-0.3381369368907414
full_communication_rho0.75_b12,full_communication,0.75,12,mixture,11,53,flat-w4-l0.01,0.06619303237234672,0.09707679555666343,0.3357254647791435,0.11383122996576342,22.467926713948557,53.0,0.13959290078476527,0.14842305228611458,0.2784357880417712,0.07713152002596711,28.529167826956822,53.0,0.08485689318891532,0.10958591506290327,0.32403115481223566,0.10494098664431041,23.74706943309242,53.0,0.07125995159597097,0.10044004305071697,0.332671082525552,0.11143756964848486,22.803107136077962,53.0,0.08485689318891532,0.6367924528301887,0.0,0.08363113530605652,0.1723068624390085,0.1222470774395263,0.025727602829125944,-0.27401404529501167,0.05545849154078835,0.1821702763678388,0.09027303947067293,0.1149035187873728,0.1563029142166752,0.19361423298919478,0.1735084368038648,0.17050893940329626,0.08505180059217991,,,,,,,,,,,,,
full_communication_rho0.75_b12,full_communication,0.75,12,mixture,15,53,linear-l0.01,0.16423950227367554,0.17311845173630158,0.3034821440164188,0.0867110765227035,25.81200449781331,53.0,0.20684564831878569,0.20867282180004953,0.2685210459622336,0.06914027762446376,29.789792936664078,53.0,0.1738542404854658,0.18087125859450415,0.2970430481329619,0.08299825000982343,26.5578682590628,53.0,0.1667816924501466,0.17515552207952206,0.301836167498085,0.08573877371788773,26.00327950511097,53.0,0.1738542404854658,0.6745283018867925,0.0,0.17278197026191566,0.21429431122771433,0.14625187064643097,0.03088779786067691,0.24638754217879477,0.28190366817886536,0.2541227727289205,0.11245746398349465,0.15045806292619465,0.1550375047461785,0.19220970732471637,0.16803871650793775,0.22552577008633243,0.12729970288130135,,,,,,,,,,,,,
full_communication_rho0.75_b12,full_communication,0.75,12,mixture,1,53,constant,-0.06355822236195369,-0.06176803336616708,-0.0025225994780965063,0.05468186219820156,48.928664746731,53.0,-0.05706472263667504,-0.05562492600596312,-0.0024387547188393435,0.04953546820655577,49.811932104994,53.0,-0.062374852898117464,-0.06065134662650257,-0.0025090067424743965,0.053737438018569235,49.097499032640584,53.0,-0.06325635184538429,-0.061483292402220655,-0.00251919486222145,0.054440716629622916,48.97205335410456,53.0,-0.062374852898117464,0.49056603773584906,0.0,-0.13240125829211183,-0.07364397085818067,-0.02453822323852204,-0.003913675678268486,-0.25090954874136095,-0.12720491597617534,-0.05950641606684674,-0.012812326048785424,-0.08211640937709384,-0.04922624612436276,-0.00859097309947827,-0.019599336296652285,-0.02155471407267678,-0.0018380688643537038,,,,,,,,,,,,,
full_communication_rho0.75_b12,full_communication,0.75,12,mixture,3,53,flat-w4-l0.01,0.004479729905710606,0.010845586570448498,0.12159783749601345,0.06767858602342272,37.37059881637691,53.0,0.015756141147253568,0.01959139758490698,0.10591288726422927,0.05752792375288046,39.348917138845685,53.0,0.006631646338562431,0.01247992348500819,0.11871574248364984,0.06567339025715542,37.7495606174668,53.0,0.005033483691713728,0.01126475521476622,0.12086150045762234,0.0671600712015335,37.46818213335291,53.0,0.006631646338562431,0.5990566037735849,0.0,0.012384094923989519,0.028238889418076424,0.04677542719373811,0.01217834791457866,-0.04491138566405476,0.01070770432660853,0.04462720510826277,0.041013906983171575,0.053206543538005295,0.10657097790071277,0.05324823285869096,0.05892325235925027,0.043564712731631226,-0.004353031653625877,,,,,,,,,,,,,
full_communication_rho0.75_b12,full_communication,0.75,12,mixture,5,53,flat-w4-l0.01,0.18065149940865152,0.18133255286123104,0.1441973992240275,0.05830297081239589,36.92997122452991,53.0,0.17959032148838303,0.18080833793417672,0.1310427866685655,0.053600044312340445,38.49934913054719,53.0,0.1805451561853027,0.18131294538595608,0.14186887854047756,0.0574530641819351,37.20609145959674,53.0,0.18062763886448782,0.18133032992680734,0.14360620221005385,0.05808649743527201,37.00000509116273,53.0,0.1805451561853027,0.6320754716981132,0.0,0.11964913513584775,0.18052777219454333,0.1365543572674046,0.028697921336562755,-0.05913661526089123,0.09324198424720428,0.17678005179495881,0.0952736583881107,0.1921401536237381,0.18696742839382038,0.1768575009807985,0.17721336661811643,0.166895893660823,0.11415990869895702,,,,,,,,,,,,,
full_communication_rho0.75_b12,full_communication,0.75,12,mixture,8,53,linear-l0.01,0.2966874899002653,0.29814722587963366,0.3516971357768,0.13438029533504095,21.13505478562978,53.0,0.3302503709432467,0.3308344992843666,0.2964589055114155,0.09019927467541254,28.14052438543879,53.0,0.30734035912342933,0.30789460749518954,0.34100497339859154,0.1237694203272509,22.568082274410553,53.0,0.29967142720683243,0.30084663729033656,0.34893917757621573,0.13152883460051668,21.507846534395004,53.0,0.30734035912342933,0.7028301886792453,0.0,0.17836171862892086,0.1963163906666756,0.12991081426160297,0.027247614525534848,0.062156710794382224,0.15265658264701973,0.19407507678448963,0.09559739206454926,0.24034005538828881,0.17709484522724603,0.20747227056014508,0.19180288062092593,0.1710297823541914,0.11039979469325947,,,,,,,,,,,,,
full_communication_rho0.75_b12,full_communication,0.75,12,pathinfo,11,53,constant,,,,,,,,,,,,,,,,,,,,,,,,,-0.013509468841176759,0.4811320754716981,0.0,-0.03618628283044601,-0.020626446894565626,-0.006815305096211492,-0.0009991336470333567,-0.01802431793218766,-0.019205471275326923,-0.009110995431145404,-0.0026662650272398307,-0.0171970722807656,-0.02256965848121798,-0.01281898629667802,-0.015922147666826276,-0.015454103192379985,-0.003080157501146766,0.0,0.0,-0.01949004370220968,0.7126372242621551,,,,,,,,,
full_communication_rho0.75_b12,full_communication,0.75,12,pathinfo,15,53,constant,,,,,,,,,,,,,,,,,,,,,,,,,-0.015263091037065324,0.46226415094339623,0.0,-0.025517044565566763,-0.019159194461575685,-0.006844542886954993,-0.000983547925699919,-0.025600110556563846,-0.02912314858584658,-0.01756310371312976,-0.004224878387188683,-0.02512737377457471,-0.019693710100072218,-0.014101603349719008,-0.014185509822679876,-0.007107123092893526,-0.003768356385818128,0.0,0.0,-0.02201998574781093,0.7151671663077563,,,,,,,,,
full_communication_rho0.75_b12,full_communication,0.75,12,pathinfo,1,53,linear-l1,,,,,,,,,,,,,,,,,,,,,,,,,-0.00012827078534454565,0.5188679245283019,0.0,-0.01404268128309203,-0.007992425136032991,-0.0006780792116904368,0.00011278990910792932,-0.004510462893754453,-0.0017601356074880903,-0.00011733494430063545,0.0007581180314663479,-0.0017149632120774412,0.005611281851001298,-5.5582460042811535e-05,-0.0001684481872112531,-0.0009997708432776615,-8.654771573698407e-05,0.0,0.0,-0.00018505562590750873,0.6933322361858528,,,,,,,,,
full_communication_rho0.75_b12,full_communication,0.75,12,pathinfo,3,53,flat-w4-l0.01,,,,,,,,,,,,,,,,,,,,,,,,,-0.017138696683060433,0.5094339622641509,0.0,-0.0163652328291154,-0.004348827319345796,0.0019195817276990439,0.0006517600813087628,0.000545892307282535,-0.003493757547160507,-0.001110951263705561,0.0019469111689662444,-0.003398886424003489,-0.007641054851375556,-0.0034333189248097096,-0.00027413010604454346,-0.0012632433513394207,0.00031878288409418847,0.0,0.0,-0.024725912711951414,0.7178730932718969,,,,,,,,,
full_communication_rho0.75_b12,full_communication,0.75,12,pathinfo,5,53,flat-w4-l0.01,,,,,,,,,,,,,,,,,,,,,,,,,-0.006556651811534482,0.5377358490566038,0.0,-0.0030013227766444383,0.000644166603281693,-0.0021601666086510435,-0.0004369934584749098,0.02912260581658065,0.017201641503831338,0.004304221901383424,-0.0005038552356116357,-0.00799339045777089,-0.009255271026964164,-0.0018064671882516033,-0.0014760483445559187,-0.0046106054262853415,-0.0005693244645067423,0.0,0.0,-0.009459249053336435,0.7026064296132818,,,,,,,,,
full_communication_rho0.75_b12,full_communication,0.75,12,pathinfo,8,53,flat-w4-l0.1,,,,,,,,,,,,,,,,,,,,,,,,,-0.008566067187454972,0.49056603773584906,0.0,-0.026487972235290792,-0.013866669984218693,-0.0046586042502441945,-0.0007087898111636195,-0.020944498116607355,-0.021759935644520688,-0.01186525293544558,-0.0028511612393962433,-0.02334751570485353,-0.025394421024063793,-0.00694118459851822,-0.008787670622296139,-0.008015910043134233,-0.0017877312047946037,0.0,0.0,-0.012358222651262959,0.7055054032112084,,,,,,,,,
full_communication_rho0.75_b18,full_communication,0.75,18,cost0,11,49,gru-w4-l0.01,0.03024329537951595,0.046913793263158615,0.2241171700485695,0.07668246970117382,27.418451615713728,49.0,0.06445186288955823,0.0730899326814195,0.20171128591113907,0.06395457481375422,30.170674119713144,49.0,0.037284943889732504,0.05218728561691599,0.2199998452801598,0.07410974664232846,27.92825570166622,49.0,0.03207683433457381,0.04828161864884012,0.22306482853466275,0.07601439614447493,27.54892749950246,49.0,0.037284943889732504,0.6326530612244898,0.0,0.1361537550661036,0.23136540217036433,0.180209535183607,0.039298697565623604,-0.49015256253288136,0.07796030611897031,0.2967009850712435,0.1422999128538033,0.12097303043127591,0.04299234491581718,0.19459153614550173,0.16890231054945373,0.05553586128910795,0.15654181852923543,,,,,,,,,,,,,
full_communication_rho0.75_b18,full_communication,0.75,18,cost0,15,49,linear-l0.01,-0.24323366003454913,-0.061719134981252144,0.48590325736266704,0.15670303800725047,15.633573753655211,49.0,0.06361655975429505,0.11080752680735051,0.4030667530972929,0.08507273569418332,23.65921591531437,49.0,-0.1529424676187519,-0.014879397487007673,0.4683350033023956,0.13569800616257785,17.53991700861271,49.0,-0.21764555258203136,-0.04872205812276631,0.48126533079276346,0.15078288909005066,16.143188702423572,49.0,-0.1529424676187519,0.6632653061224489,0.0,0.09313528113785477,0.26442540696242856,0.1898577977626851,0.04099718619047399,-1.1158015010470226,0.21680011415892286,0.3182272004927484,0.1443445320815491,0.0820691613463691,0.11545163659335902,0.18962493447184545,0.16906935515641056,0.12365670000869583,0.16938051864317602,,,,,,,,,,,,,
full_communication_rho0.75_b18,full_communication,0.75,18,cost0,1,49,constant,-0.005306401030825184,-0.0052849907309662075,0.0012516253627326138,0.02191052126119199,48.983600599763825,49.0,-0.005305253248928021,-0.005283851168546207,0.001251511458386232,0.021909697077861973,48.983609443156894,49.0,-0.005306217308956454,-0.005284808324834502,0.0012516071357186662,0.02191038932263118,48.98360201554063,49.0,-0.005306355097614817,-0.005284945126712123,0.001251620805896306,0.02191048827407787,48.983600953737835,49.0,-0.005306217308956454,0.46938775510204084,0.0,-0.10942720013292703,-0.07675707862508326,-0.02709496089374562,-0.004108045522869708,-0.21126963341852648,-0.14091944879676715,-0.06981131382216384,-0.01653642885068545,-0.03692479347465664,-0.05222971473910719,-0.007233088469829586,-0.007845658512058271,-0.029661145377355768,-0.0007491058196134593,,,,,,,,,,,,,
full_communication_rho0.75_b18,full_communication,0.75,18,cost0,3,49,flat-w4-l0.01,-0.005715070026215838,0.0018158900263314376,0.12208309833280985,0.07293313085429025,29.248909781895453,49.0,0.022925439159306556,0.02587775777588311,0.10174776382867215,0.06311167022975202,31.999120082547094,49.0,-0.00011920940397283811,0.006372549829231369,0.11819434832187177,0.07102046542149403,29.755242989957,49.0,-0.00427129282582556,0.0029850241477999556,0.1210824360517377,0.07243975594557647,29.37827422040576,49.0,-0.00011920940397283811,0.6122448979591837,0.0,-0.052619639716266015,0.09247344121719225,0.0802945932961516,0.01785398561202719,-0.19883244607223033,-0.04962328781375393,0.1199378790361137,0.06826662026957986,-0.06515403749451126,-0.08111758771338681,0.10294645444548534,0.1043088501097796,0.06941242326210578,0.02397493603336001,,,,,,,,,,,,,
full_communication_rho0.75_b18,full_communication,0.75,18,cost0,5,49,linear-l1,0.18837833151784492,0.18839165243154427,0.1935487881270312,0.11437865628556113,26.89558668280679,49.0,0.20949592171028444,0.21013429201640477,0.17418872136883923,0.08553139996496309,31.58933275264792,49.0,0.19339624818373205,0.1934032068627617,0.189670288312899,0.10805726123674514,27.874323772773533,49.0,0.18971859514830375,0.18972257021446132,0.19254084371445862,0.11271195395461142,27.151099537421537,49.0,0.19339624818373205,0.6530612244897959,0.0,0.17987637959352018,0.2667520556605876,0.1888270041307117,0.039807338850750426,0.10415077130307425,0.21859121131819997,0.3118845793260646,0.14531978860336608,0.24190116671717682,0.23443026428368638,0.2520813923461008,0.25735683795472036,0.2760611780258952,0.1742692997570266,,,,,,,,,,,,,
full_communication_rho0.75_b18,full_communication,0.75,18,cost0,8,49,quadratic-l1,0.13301207648232144,0.13944784925780312,0.25079538081462643,0.06856871491315514,28.25772580712735,49.0,0.14850020054202975,0.15127742713399778,0.2248912741455688,0.060413227425435645,30.43570641436048,49.0,0.13611765738384338,0.14174944141222956,0.24603487733417917,0.06701033625375168,28.645261263807072,49.0,0.13381628869456014,0.14004081086934989,0.249579269319054,0.06816804162648497,28.356214528084763,49.0,0.13611765738384338,0.6836734693877551,0.0,0.0609270024379993,0.14963573350993786,0.11557632853088427,0.025623316970911428,-0.05606340724277865,0.1750718263869003,0.2545030821964581,0.10652862004597578,0.14260763460347312,0.13946160031235436,0.18260108324803448,0.17894420613590126,0.04518482351099967,0.06633647391768635,,,,,,,,,,,,,
full_communication_rho0.75_b18,full_communication,0.75,18,cost2,11,49,quadratic-l0.1,0.1585938700079835,0.1586167167440681,0.15184939789762023,0.08867555114899901,28.19547660880312,49.0,0.1660461132168488,0.16650340734548133,0.136108044295172,0.07324837792766342,30.891121274385224,49.0,0.16048328520773242,0.1605493124792276,0.1490357624442848,0.08557721072735294,28.700367922701,49.0,0.1591010506212199,0.15913295787908918,0.15113390912900046,0.0878720537125126,28.324913146051784,49.0,0.16048328520773242,0.6224489795918368,0.0,0.04432943053525399,0.11100938275730055,0.09123119230383263,0.02058369269579834,-1.878194319150529,-0.2447907472602728,0.13907821843357313,0.07743342964256557,0.10880864979059783,0.11417109337604346,0.1538240241845185,0.1536922993498846,0.07984540827962898,0.05679767557790455,,,,,,,,,,,,,
full_communication_rho0.75_b18,full_communication,0.75,18,cost2,15,49,quadratic-l0.01,-1.9417270534173188,-0.37178698345914696,0.9997748647068281,0.2681781683436138,7.2296702105374955,49.0,0.18033128192799633,0.26360463955595437,0.6457363209825795,0.09539607358959329,17.085142315011108,49.0,-0.9213896085572439,-0.1462006758799672,0.8860845147040128,0.19522498390983842,9.672964367025376,49.0,-1.5937783625027255,-0.30457297555227814,0.9647835229297586,0.2449042611272053,7.899744985920227,49.0,-0.9213896085572439,0.7040816326530612,0.0,0.10508967366996819,0.1929600921578627,0.14158091219836955,0.0312848700362174,-0.8364611676940016,0.3130838070996112,0.36274128764502483,0.1376746541263655,0.18360943948755065,0.20690932209471075,0.19717083938200336,0.22286772479656433,0.3425668868743581,0.17156624884577654,,,,,,,,,,,,,
full_communication_rho0.75_b18,full_communication,0.75,18,cost2,1,49,flat-w4-l0.01,0.02652858661025947,0.02727571578416394,-0.011630578031799501,0.05077033534747383,43.609389347293195,49.0,0.03040173210972208,0.03114647358343648,-0.007697198679849408,0.048222080856069334,44.13426795230539,49.0,0.027291086458636694,0.028038088513010893,-0.010864873865575034,0.05032793922593026,43.70143539514657,49.0,0.026725547003795924,0.027472657943661827,-0.011433158027770564,0.050658382234508394,43.63271344425179,49.0,0.027291086458636694,0.5408163265306123,0.0,0.000601228912058634,0.020972925316848395,0.014091205062667865,0.0030053470154834407,-0.008060530664073298,0.013813866251161305,0.023416484250542626,0.013548850135706265,-0.010214114966659717,0.011390577845939871,-0.0014887443757000084,0.002315228166087927,-0.021603668016044575,0.0040751753392497345,,,,,,,,,,,,,
full_communication_rho0.75_b18,full_communication,0.75,18,cost2,3,49,flat-w4-l0.1,-0.13989750851081467,-0.13223724722271674,-0.010962756085078506,0.07263661874082757,34.15011671901699,49.0,-0.11911069160392034,-0.11479384048009676,-0.02329306367508809,0.06201147605229248,36.5840686422815,49.0,-0.13622769750631517,-0.12927166937274742,-0.013596095645052762,0.07054662139220474,34.609492678665724,49.0,-0.1389685485523509,-0.1314922670558112,-0.01165372027681925,0.07209655625884867,34.267995067198754,49.0,-0.13622769750631517,0.5204081632653061,0.0,-0.12070061041527928,-0.11947692280559041,-0.03580335852915261,-0.002803525015829036,-0.11847399122923666,-0.14376827527227526,-0.10460408209395741,-0.015243634728947363,-0.003361494304668564,0.034755259566295,-0.028129270414052863,-0.010885117763003192,-0.12451908440418885,-0.05446362313751421,,,,,,,,,,,,,
full_communication_rho0.75_b18,full_communication,0.75,18,cost2,5,49,flat-w4-l0.1,0.11579845984538764,0.11721153071011166,0.06357483555940265,0.04472049510988095,42.512170790552055,49.0,0.11536073328625232,0.11691489991816677,0.060639566335742565,0.043475013563982146,42.8365289082377,49.0,0.1157249641200724,0.1171615710398945,0.06307602545024532,0.04451025465701223,42.566666083110746,49.0,0.11577993934147117,0.11719892909921525,0.06344901280492299,0.04466751853629338,42.52589299407875,49.0,0.1157249641200724,0.6530612244897959,0.0,-0.026870521424146074,0.01738383718784212,0.0509178833701927,0.013408127962934648,-0.06470189516701157,-0.020274792877250394,0.030376811079961024,0.04035054813262099,0.062297786818671146,0.07907707991189106,0.07850165912510755,0.08506424959105072,-0.08012355735054101,-0.030282225444701587,,,,,,,,,,,,,
full_communication_rho0.75_b18,full_communication,0.75,18,cost2,8,49,flat-w4-l0.1,-0.012930029259204369,-0.010888534137327738,0.052336433552526235,0.06629143090476647,36.123660843666364,49.0,0.003221377946394027,0.004320717830846969,0.05084719891218225,0.05870967841374363,37.68845553622235,49.0,-0.0099077071993492,-0.008061869210623032,0.05208819555379006,0.06486085300559151,36.41519664161813,49.0,-0.012155756752861534,-0.010165216260100814,0.052273997251007,0.06592444084842025,36.19830748225211,49.0,-0.0099077071993492,0.6020408163265306,0.0,-0.09425222086712086,0.015401497190175804,0.026238554739222913,0.0073433827294874495,-0.5281705436369161,-0.12588437910407982,0.04032006270310408,0.029005897350965867,0.07200820073009977,0.08276815669711296,0.064082118977223,0.08649556596776924,-0.014686186039409438,-0.016142206134911085,,,,,,,,,,,,,
full_communication_rho0.75_b18,full_communication,0.75,18,endpoint,10,49,mlp-w4-l0.1,,,,,,,,,,,,,,,,,,,,,,,,,-0.0037228111324192,0.4489795918367347,0.0,-0.01738233077581976,-0.007690183238813454,-0.0013757441461193667,-9.314381157968516e-05,-0.02526573595779094,-0.014316556161241722,-0.003742283196777,-0.00030774194764625367,,,,,,,0.0,0.0,-0.005370881158907406,0.6985180617188528,-0.014401987050834649,-0.005097448236645929,-0.0011725180305504805,-0.002519227850888804,0.3404688081003893,0.3282228677712583,-0.34290094089270057,0.2550344069426938,-0.16133824091383286
full_communication_rho0.75_b18,full_communication,0.75,18,endpoint,11,49,constant,,,,,,,,,,,,,,,,,,,,,,,,,-0.0023465786969396637,0.46938775510204084,0.0,-0.009921919871939175,-0.005549238115398324,-0.0012609408838577484,-0.00011190102323555336,-0.019555717823638737,-0.012575871454698365,-0.003660681223984937,-0.00038234913975278593,,,,,,,0.0,0.0,-0.003385397449130539,0.6965325780090758,-0.010191987385486911,-0.006013920610830543,-0.0009462129593483011,-0.0016880598699694845,0.3057660686543429,0.2945028890392897,-0.7607932062483738,0.22803860037223772,-0.394638166504341
full_communication_rho0.75_b18,full_communication,0.75,18,endpoint,12,49,constant,,,,,,,,,,,,,,,,,,,,,,,,,-0.0013009422984088246,0.5,0.0,-0.013101186498520923,-0.008039733990443068,-0.0028268592662393176,-0.00038184157197998557,-0.025606345192321273,-0.014350404564119092,-0.005116911960695152,-0.00078832341854701,,,,,,,0.0,0.0,-0.0018768630023971013,0.6950240435623425,-0.010971401450168259,-0.0046116139759940075,-0.009070107507949201,0.0004876603529796181,0.22998380527389978,0.2215634338767312,-0.6445047127396245,0.17163490257531422,-0.36858929454858474
full_communication_rho0.75_b18,full_communication,0.75,18,endpoint,13,49,constant,,,,,,,,,,,,,,,,,,,,,,,,,0.0010823351547067936,0.5,0.0,-0.014853069098797815,-0.011913962760625084,-0.004087262354162945,-0.0005330324572559113,-0.020244205219107882,-0.016162901006584532,-0.006717978588355182,-0.001022557197092902,,,,,,,0.0,0.0,0.0015614795602752803,0.69158570099967,-0.00635029254901299,-0.012691457442942701,-0.007728294243350316,-0.00142603622270247,0.2521810441478616,0.24341899962460845,-0.8296668377875218,0.19035988235252177,-0.46307394333991325
full_communication_rho0.75_b18,full_communication,0.75,18,endpoint,14,49,quadratic-l1,,,,,,,,,,,,,,,,,,,,,,,,,0.01012339224277874,0.5510204081632653,0.0,-0.009059843789353785,-0.007263701699692059,-0.002644717267604583,-0.00035749054815142786,0.021744243594618268,0.023372182764276574,0.009556503978757626,0.001183819027096624,,,,,,,0.0,0.0,0.014604967785630689,0.6785422127743147,-0.010287493350354214,0.017753688251934116,-0.0002082987746158773,-0.00038330720596566455,0.2810646849204538,0.2716973387120114,-0.4240151754794319,0.21411630018217703,-0.19665451495233768
full_communication_rho0.75_b18,full_communication,0.75,18,endpoint,15,49,constant,,,,,,,,,,,,,,,,,,,,,,,,,-0.0011061744417957741,0.5204081632653061,0.0,-0.010050127747237741,-0.008559104902558583,-0.002989227687474855,-0.00039095327219577724,0.023473364096190767,0.021859523824396168,0.009431098139826646,0.001258890568032366,,,,,,,0.0,0.0,-0.0015958723815368808,0.6947430529414822,-0.008123965251857004,0.0034887269276426213,-0.0003017400011852168,0.0005328737794587623,0.31212821195727913,0.3014683705340385,-0.40359848336219994,0.23658711120830708,-0.1761652684359249
full_communication_rho0.75_b18,full_communication,0.75,18,endpoint,1,49,linear-l0.1,,,,,,,,,,,,,,,,,,,,,,,,,0.004860474941864225,0.5102040816326531,0.0,-0.005195224312591666,0.0022584181822775753,0.001954411697253779,0.0003262007438625315,-0.008156406104695566,0.0010791355423590417,0.0062103921796847344,0.001392560029692186,,,,,,,0.0,0.0,0.007012183094992589,0.6861349974649527,0.0056336329382377865,-0.0015591044022311615,-0.005349170053501599,-0.003009557641957073,0.3793599613369525,0.3641531716425758,-1.3486651668417946,0.27706078916500804,-0.7512879337693089
full_communication_rho0.75_b18,full_communication,0.75,18,endpoint,2,49,quadratic-l0.1,,,,,,,,,,,,,,,,,,,,,,,,,0.003440130831066819,0.5204081632653061,0.0,0.0009426975825156789,0.0011249261380889633,0.001202535164327955,0.0002756534269457343,-0.002519757937922055,0.012169568788722485,0.010448987824183856,0.002041584423429064,,,,,,,0.0,0.0,0.004963059689989328,0.688184120869956,-0.007637327603402804,0.008500549986904807,-0.0017532518495216966,0.0017544263550423702,0.5127183170806822,0.4925359980159474,-0.81347931906348,0.37596069910985264,-0.4047526149742369
full_communication_rho0.75_b18,full_communication,0.75,18,endpoint,3,49,constant,,,,,,,,,,,,,,,,,,,,,,,,,0.0014541614018181276,0.5510204081632653,0.0,-0.007187362619680027,-0.006543442907231015,-0.0029108169224719873,-0.0004042732271391944,-0.0031894202031613355,0.0011839579725316377,-0.0004356259170481388,-0.00021237573268083598,,,,,,,0.0,0.0,0.002097911443055156,0.6910492691168901,-0.007751261986569122,-0.0013241698915475181,-0.004481521049516112,0.0007022596814878274,0.4925268479589844,0.4728232912671974,-0.6260341647756631,0.3598067065708174,-0.308252089733759
full_communication_rho0.75_b18,full_communication,0.75,18,endpoint,4,49,constant,,,,,,,,,,,,,,,,,,,,,,,,,-0.001161797652663171,0.4897959183673469,0.0,-0.02213565372648267,-0.013882736690949058,-0.004425666811483945,-0.0005726867544488166,-0.022847551478137232,-0.01599182644994719,-0.006477610302498639,-0.0010043796699218059,,,,,,,0.0,0.0,-0.0016761197120135952,0.694823300271959,-0.013445538199987575,-0.0030457768839105954,-0.01218418807327822,-2.4913128218573505e-05,0.36680948829916826,0.3521805182757669,-1.488208229990128,0.26822854755694375,-0.8225718715441621
full_communication_rho0.75_b18,full_communication,0.75,18,endpoint,5,49,constant,,,,,,,,,,,,,,,,,,,,,,,,,-0.004608609260092563,0.4897959183673469,0.0,-0.01778237902318512,-0.010495248061964892,-0.003094930559029713,-0.0003813176607322252,-0.0201263476558143,-0.01114841864971175,-0.002936359025686807,-0.00039461219865971164,,,,,,,0.0,0.0,-0.006648817724930496,0.6997959982848759,-0.01838093119720074,-0.0014915424109988222,-0.0008843457454458112,-0.00023263894327617756,0.3809553491269222,0.36569341354671614,-1.0152143375619744,0.278196896071808,-0.5358637581759589
full_communication_rho0.75_b18,full_communication,0.75,18,endpoint,6,49,constant,,,,,,,,,,,,,,,,,,,,,,,,,-0.006585236771414816,0.4897959183673469,0.0,-0.015751474986818545,-0.008963828517017757,-0.0021491960232952203,-0.00021713598058331618,-0.02842185262180306,-0.018721476538755322,-0.00548270307179141,-0.0006126515890142492,,,,,,,0.0,0.0,-0.009500488433199804,0.7026476689931451,-0.0197718630261349,-0.002539573665155424,-0.0009635012362603473,-0.002380606811481778,0.3167309097319926,0.30397790832692273,-0.8304102188159798,0.23108980553444172,-0.484759018727776
full_communication_rho0.75_b18,full_communication,0.75,18,endpoint,7,49,mlp-w4-l0.1,,,,,,,,,,,,,,,,,,,,,,,,,-0.0064475430945811155,0.5510204081632653,0.0,-0.007897032117674136,-0.0013958234404504869,0.0006496306465502348,0.00015238746746349974,-0.01358381656603977,-0.0037343496581322797,0.0014147994411575658,0.0004509669315920421,,,,,,,0.0,0.0,-0.009301838448470056,0.7024490190084153,-0.008358441270492352,-0.0018502525593458996,0.00011925871359047999,0.001205754635234382,0.3670018450745733,0.3525196083300437,-0.750696308243228,0.2690785145214041,-0.40720682538919734
full_communication_rho0.75_b18,full_communication,0.75,18,endpoint,8,49,quadratic-l1,,,,,,,,,,,,,,,,,,,,,,,,,-0.0008702242034810364,0.5102040816326531,0.0,-0.019997755946987994,-0.008327458924384882,-0.0016020183866691524,-0.00015227692652656176,-0.0106109060361957,0.0006198786273800175,0.0027791559008211062,0.0005163270664961194,,,,,,,0.0,0.0,-0.0012554681428236395,0.6944026487027689,-0.015884523396401805,-0.008075663840011613,-0.0010794504499755091,-0.001772494112903583,0.31146109289693746,0.2995632064741641,-0.39072042996579925,0.23013563950409854,-0.2090748725617409
full_communication_rho0.75_b18,full_communication,0.75,18,endpoint,9,49,constant,,,,,,,,,,,,,,,,,,,,,,,,,-0.006563816256134806,0.46938775510204084,0.0,-0.021139146842877665,-0.009087398092145926,-0.0017425602985556242,-0.00015027174747461055,-0.021297297632771064,-0.009379055561616058,-0.0009084356244645492,7.18638269704895e-05,,,,,,,0.0,0.0,-0.009469585162032047,0.7026167657219774,-0.023850163028748803,-0.008617817754617419,-0.0010244645108034986,-0.00235365331488235,0.3295979177787691,0.31702301131198496,-0.6387996228381642,0.24370925042555402,-0.34144442120143803
full_communication_rho0.75_b18,full_communication,0.75,18,mixture,11,49,quadratic-l1,0.1940090102696831,0.19616498743945965,0.2611195979521811,0.09087667707114074,29.738261027674877,49.0,0.2082216457638288,0.20880510306648375,0.24277185135356444,0.07271396724847924,32.5955292040294,49.0,0.19736645066416386,0.1991280108729973,0.2579024665546987,0.08710338495335658,30.30814215308995,49.0,0.19490337096750981,0.19695310373979158,0.2603041573560496,0.08989205372855467,29.886026930372587,49.0,0.19736645066416386,0.673469387755102,0.0,0.11323054910755298,0.17958542524303442,0.13695299195589483,0.029923485552113726,-0.8805110197852434,-0.007183620643769265,0.2299593086852171,0.11037209762658307,0.23526278795257363,0.23372657815101006,0.2117743756790325,0.2140059729273104,0.053036548920482575,0.11208246256514129,,,,,,,,,,,,,
full_communication_rho0.75_b18,full_communication,0.75,18,mixture,15,49,quadratic-l0.1,-0.9953285931537632,-0.19574339499832505,0.8499000284327133,0.309072146035049,6.770810974614841,49.0,0.2464093792801236,0.29774225710665725,0.60192183897844,0.10159874567612542,18.48708996270328,49.0,-0.4197890067728367,-0.010753538724124212,0.7756104979486076,0.22435438821646658,9.603255824512905,49.0,-0.8023774075516679,-0.13930399166831164,0.8277149836319324,0.282608295167087,7.516316383361829,49.0,-0.4197890067728367,0.7091836734693877,0.0,0.12428448258904362,0.23884621255557797,0.16886859203768645,0.03658124499060096,-0.9385717177969413,0.24999543354268391,0.3365542658458563,0.14058839823073258,0.29174480193712005,0.28941294392934475,0.2610474048436943,0.2611711559602645,0.25248295734854803,0.17728297423455616,,,,,,,,,,,,,
full_communication_rho0.75_b18,full_communication,0.75,18,mixture,1,49,flat-w4-l0.01,-0.03272597986789613,-0.032616575126471425,-0.017860743434720768,0.03717746891868928,47.51586068572309,49.0,-0.031662534777384045,-0.031563320538131975,-0.01750985008169496,0.036516699233560025,47.581075559455094,49.0,-0.032549987901875285,-0.03244231345827838,-0.017803346897166637,0.03706763087995865,47.526771849480724,49.0,-0.032681764779685825,-0.03257279639468675,-0.01784634832823479,0.03714985590948552,47.518606418227904,49.0,-0.032549987901875285,0.47959183673469385,0.0,-0.03389263982417525,-0.022217949699321074,-0.007561112109805932,-0.0010409294566046429,-0.0775983890291542,-0.045007926331950124,-0.023164717406958968,-0.005105791089167111,-0.04047892953392743,-0.02373924471568882,-0.003986429262067191,-0.00212411223709969,-0.012965935616761062,-0.0005544535289881493,,,,,,,,,,,,,
full_communication_rho0.75_b18,full_communication,0.75,18,mixture,3,49,flat-w4-l0.01,0.016018239860428714,0.0213063034027733,0.12241371549961956,0.07029199921205449,32.52702117904588,49.0,0.03125283868088504,0.03368385102280383,0.1026110637816339,0.06128526739659081,34.94557728301402,49.0,0.018972264724363645,0.023637469756968205,0.11870116380428483,0.06855692300426294,32.97566555237391,49.0,0.01677947373552714,0.021904019350515516,0.12146206850605608,0.06984528788721872,32.641783316066515,49.0,0.018972264724363645,0.5714285714285714,0.0,-0.0951183637102524,-0.023098495282696994,0.02527057934812638,0.007853540589934932,-0.07003764221020327,-0.10327564829744647,-0.007275900449254884,0.02446101936355992,0.08007122181683186,0.07680958578843122,0.010255324587145443,0.02798976669684741,-0.13594701476670654,-0.02055547778078529,,,,,,,,,,,,,
full_communication_rho0.75_b18,full_communication,0.75,18,mixture,5,49,flat-w4-l0.1,0.012090968340034893,0.024744657205260756,0.17971917306462815,0.11659587485033286,24.616352607218055,49.0,0.08046090294087122,0.08346201652834997,0.1599484716347266,0.08292998629488499,31.138921290056253,49.0,0.028374053305033013,0.038291284085366945,0.17589656406912155,0.10884400408188372,25.989311794565133,49.0,0.0164580147781295,0.02835375316862726,0.17873322785783569,0.11453152260087353,24.974423955041228,49.0,0.028374053305033013,0.673469387755102,0.0,0.08687314034564324,0.1549098952358603,0.12268732609031778,0.026340165052228866,0.092680378610108,0.11800663503390645,0.17332694758868022,0.09075044202889958,0.21934013263399565,0.23590990593462988,0.1741828848892566,0.17836493575867687,0.07549660066987057,0.06784863632150935,,,,,,,,,,,,,
full_communication_rho0.75_b18,full_communication,0.75,18,mixture,8,49,quadratic-l1,0.1502017746782032,0.15067533418135662,0.1812935859995927,0.050064919522534085,36.76173827850211,49.0,0.15224285238088586,0.15243337768650062,0.1718905930325954,0.04761549735684924,37.60907631868101,49.0,0.15058810684247048,0.15100342298583339,0.17968633869293185,0.0496374133038576,36.906363926027716,49.0,0.15030073269731284,0.15075919144405292,0.18088778552598583,0.049956638250361216,36.79824475095414,49.0,0.15058810684247048,0.6836734693877551,0.0,0.05216527530110264,0.10536155202816289,0.07327700830525806,0.016412785446205995,-0.1950162734565434,0.07313369977871063,0.15393208489661614,0.06642728241965859,0.19984337622115947,0.21566772699396175,0.16879709852206695,0.17318581571936695,0.04555121491647087,0.02008452455466583,,,,,,,,,,,,,
full_communication_rho0.75_b18,full_communication,0.75,18,pathinfo,11,49,constant,,,,,,,,,,,,,,,,,,,,,,,,,-0.006560500006416681,0.47959183673469385,0.0,-0.022759487139835787,-0.010472066092378047,-0.002418733978319223,-0.00017492757340255944,-0.0304530008932369,-0.013777606190816877,-0.007123119332166368,-0.0011764450120648614,-0.006171783182232765,-0.008057784403221522,-0.007765201312230694,-0.006566228315772512,-0.005423744461141619,-0.0014079532800554259,0.0,0.0,-0.009464800825009358,0.7026119813849547,,,,,,,,,
full_communication_rho0.75_b18,full_communication,0.75,18,pathinfo,15,49,constant,,,,,,,,,,,,,,,,,,,,,,,,,-0.004779957979972842,0.4897959183673469,0.0,-0.01759518429521379,-0.011355443472622991,-0.004729507186873561,-0.0006883187936021768,0.0015063824188212655,0.018604310047455688,0.0044637011854669955,-0.0005815047386108779,-0.009412247098991664,-0.013688547226515444,-0.010618721017702629,-0.010899733982385905,-0.0005331430239673044,-0.00038797911843281775,0.0,0.0,-0.006896021673364447,0.70004320223331,,,,,,,,,
full_communication_rho0.75_b18,full_communication,0.75,18,pathinfo,1,49,linear-l0.1,,,,,,,,,,,,,,,,,,,,,,,,,-0.004285505774101151,0.5,0.0,-0.013200218048093763,-0.0012904712047216902,0.002594566369340727,0.0006095926867874455,-0.018614406348877205,-0.008308971208015908,0.0056711361756900825,0.00461031530875294,0.003748003415750722,0.00625827844938166,-0.0006887429607874344,-0.006416015835764698,0.0008975253725280672,-9.677242100029932e-05,0.0,0.0,-0.006182677927996749,0.699329858487942,,,,,,,,,
full_communication_rho0.75_b18,full_communication,0.75,18,pathinfo,3,49,linear-l0.01,,,,,,,,,,,,,,,,,,,,,,,,,0.007972214338900406,0.5510204081632653,0.0,0.009525331778013886,0.007210209034984938,-0.0016930996019492903,-0.0003921449903606519,-0.02458886923162972,0.014860137906057762,0.013759401710171221,0.001730423092071668,-0.006456748271699176,-0.008577354131141695,-0.0035911068701385404,-0.007576193582641556,0.007056175166804746,-0.00046514136253013967,0.0,0.0,0.011501474091635502,0.6816457064683098,,,,,,,,,
full_communication_rho0.75_b18,full_communication,0.75,18,pathinfo,5,49,constant,,,,,,,,,,,,,,,,,,,,,,,,,-0.010749824200763631,0.4897959183673469,0.0,-0.005643535868440011,-0.010473718347498572,-0.004811599894288655,-0.000685694924645624,-0.02388304701805755,-0.010303598684991465,-0.0032322758231065193,-0.0012073050714400328,-0.014111654930988093,-0.012482859942317003,-0.0035336215650576016,-0.008073007174867718,-0.007988881911531128,-0.0009115144303362823,0.0,0.0,-0.015508718064869855,0.708655898624815,,,,,,,,,
full_communication_rho0.75_b18,full_communication,0.75,18,pathinfo,8,49,constant,,,,,,,,,,,,,,,,,,,,,,,,,-0.007871488891901684,0.47959183673469385,0.0,-0.04434410786039464,-0.018084151013316407,-0.003027178411051586,-0.00021428362704705705,-0.033417527298338925,-0.02057598586957371,-0.002810102372294808,0.0002123007465132727,-0.032818693624263894,-0.043201723912140555,-0.016540877052719973,-0.012986568679488789,-0.007264122103009115,-0.0007682604965141066,0.0,0.0,-0.011356157988759122,0.7045033385487044,,,,,,,,,
full_communication_rho0.75_b3,full_communication,0.75,3,cost0,11,60,constant,0.06703662942199352,0.06705786397792526,0.06053394513540092,0.03471896789648925,56.554391554918524,60.0,0.06545472088845977,0.0654745685395943,0.05916752490191898,0.03367019480453522,56.81127693963254,60.0,0.066767552106858,0.0667885334445314,0.06030367170918926,0.034541431720301705,56.59874509907341,60.0,0.06696877270591921,0.0669899428781921,0.060475932625205946,0.034674214128730244,56.5656040218104,60.0,0.066767552106858,0.5666666666666667,0.0,0.057067863152188585,0.050298876426897274,0.004835815571933092,9.331730005391521e-05,0.05347460882683143,0.06534714653512466,0.036311586932908056,0.004075099018993381,-0.0003539908275517774,0.007435190186207608,0.019050390800565715,0.012568761070447233,0.103340251756312,-0.0005718386471558552,,,,,,,,,,,,,
full_communication_rho0.75_b3,full_communication,0.75,3,cost0,15,60,constant,-0.004790193998043083,-0.004520299355682288,0.018623448814386857,0.03794576640098395,53.1203051823261,60.0,0.0033090750558773994,0.003549717503655573,0.025408002087689178,0.03624749637097972,53.74125484585517,60.0,-0.0031724296474407204,-0.0029075598525510477,0.020020560282221586,0.037652326530181336,53.228257581366954,60.0,-0.004370560237500071,-0.0041019444890372965,0.018987116581252555,0.037871575591620424,53.147590884581014,60.0,-0.0031724296474407204,0.5666666666666667,0.0,0.032509249554759465,0.025259815479244083,-0.0007987272206587052,-0.0006223468680318996,0.14052738638769885,0.1018845376573833,0.05115970898631514,0.006287125188864344,0.00980108673902317,0.023189898617936213,0.017111964351720337,0.018927624779602158,0.09928628725775175,-0.0014486595604155995,,,,,,,,,,,,,
full_communication_rho0.75_b3,full_communication,0.75,3,cost0,1,60,constant,-6.195430231228741e-05,-6.191144506090078e-05,0.00023084466256445741,0.016703164751242727,59.99997479405433,60.0,-6.195429587011284e-05,-6.191143864153276e-05,0.0002308445900345339,0.01670316473132399,59.99997479407023,60.0,-6.195430128155265e-05,-6.191144403401919e-05,0.00023084465095966553,0.016703164748055728,59.999974794056875,60.0,-6.195430205460465e-05,-6.191144480462461e-05,0.0002308446596632593,0.01670316475044598,59.999974794054964,60.0,-6.195430128155265e-05,0.49166666666666664,0.0,-0.02236299532697215,-0.021862012748419913,-0.012553994907478806,-0.0021517275261525156,-0.01989185732270696,0.01677899961112208,0.008649868514772339,-0.000699892427352063,-0.018619551058919475,-0.015124685292406027,-0.0016467507182416075,-0.002699734481205268,-0.0027167072913935166,-0.0003467660456078214,,,,,,,,,,,,,
full_communication_rho0.75_b3,full_communication,0.75,3,cost0,3,60,flat-w4-l0.1,0.09948016215960251,0.09981596589823041,0.07378815543308917,0.034840215906726056,53.2351887090506,60.0,0.09292106478244416,0.09322220525522867,0.06858000030536443,0.033812690694437625,53.76770228759988,60.0,0.0983450294103512,0.09867481390824702,0.07288233821854602,0.03466659209265869,53.326307024668424,60.0,0.09919343541192406,0.09952772737113263,0.07355882510956963,0.03479647508920817,53.25815225326852,60.0,0.0983450294103512,0.5583333333333333,0.0,0.004482514843994647,-0.005332283800211152,-0.0036027217248059498,-0.00046440202805782905,0.1739638266416668,0.029500342506619776,-0.003493667403819861,-0.0006683343950426505,-0.003422547665295996,-0.00808180065559569,-0.0028436399954874124,-0.00417103721011766,-0.022337884865133863,-0.0009611455320005735,,,,,,,,,,,,,
full_communication_rho0.75_b3,full_communication,0.75,3,cost0,5,60,constant,-0.004109564288081302,-0.004108870005665953,-0.0052874752862803725,0.03297171390758911,56.60033494616748,60.0,-0.0019089230358646477,-0.0019071575048088614,-0.0037868582535112234,0.03217507251535115,56.78507689759137,60.0,-0.003721493911813164,-0.0037206534520698217,-0.005017436456891655,0.03283802582764189,56.631399372896674,60.0,-0.0040111204910245855,-0.004010390698256618,-0.005218767090264944,0.03293805715564928,56.608157932326,60.0,-0.003721493911813164,0.5083333333333333,0.0,-0.004236534827308306,0.00382819134925807,0.00021920661323007924,0.00034409395479950884,-0.03228936316594588,-0.02234046329785295,-0.009372627475190142,-0.0004996659407967119,-0.018021692344029085,-0.027798493135184302,-0.006870872612825931,-0.005487022221772509,0.015596639170633435,-0.0004716147598324283,,,,,,,,,,,,,
full_communication_rho0.75_b3,full_communication,0.75,3,cost0,8,60,linear-l0.1,0.10519493389836325,0.10607083765675389,0.06392222193300627,0.028152445265138156,53.40353052640834,60.0,0.09130290671401485,0.09195143407602276,0.05571930849600966,0.02773218567728287,54.05528048883806,60.0,0.102581901847896,0.10341814834577283,0.06224136471014434,0.028083273580594828,53.51359706692479,60.0,0.10452649093969742,0.10539250921293394,0.06348407982864199,0.028135185205639006,53.43088128437321,60.0,0.102581901847896,0.525,0.0,0.11122012000616754,0.061913912216558536,0.011401049493760081,0.0014700442198052888,0.13459941358297114,0.11415051771990863,0.06123468093092024,0.012597215116295553,-0.003100500623273933,-0.04239686175981003,0.0036801838744781046,-0.004711291921618649,0.09096521886902781,0.002353610166804909,,,,,,,,,,,,,
full_communication_rho0.75_b3,full_communication,0.75,3,cost2,11,60,linear-l0.01,-0.020873139464601245,-0.019592537767660255,0.030592504534389532,0.037288845267342184,52.79884244689537,60.0,-0.019186632307516802,-0.018029277119968632,0.02969944853034653,0.03560671121632258,53.303591026991235,60.0,-0.020576967177614005,-0.019317414247846183,0.030456918398667026,0.03699764050905152,52.88586353060471,60.0,-0.020797599353288822,-0.019522333140404587,0.03055892835121448,0.0372151989095871,52.82080112332025,60.0,-0.020576967177614005,0.5,0.0,0.02129710858019962,0.021441713133068294,0.011798483856063479,0.002917575011620758,-0.058095964348306287,-0.021674161884242777,0.006268614025391177,0.008426600047548345,-0.03986074165106401,-0.07767462647450438,-0.011748840271877432,-0.014402745641462931,-0.0025976215853935948,-0.00036913918260018106,,,,,,,,,,,,,
full_communication_rho0.75_b3,full_communication,0.75,3,cost2,15,60,linear-l0.01,0.023525557335329475,0.02470369908567148,0.07285570649754967,0.04336755171594472,48.67925737051883,60.0,0.0263098387155032,0.027249986986205926,0.07030124225934117,0.04037020698948512,49.83848931377362,60.0,0.024074259408078065,0.02520724002200765,0.07243467078607775,0.0428342690987707,48.87918271640378,60.0,0.02366997524587172,0.02483638632348771,0.07274999002906422,0.04323219301495659,48.729525947899134,60.0,0.024074259408078065,0.5416666666666666,0.0,0.06501269146230192,0.05656923734396408,0.022501273304302218,0.004496468837907454,-0.10665878880847551,-0.002409957128428188,0.029365426548004905,0.014661163523173168,0.006185254889448688,-0.0011227368099994714,0.013881838710670525,0.015851117703174593,0.10194551365770115,0.008391054990798655,,,,,,,,,,,,,
full_communication_rho0.75_b3,full_communication,0.75,3,cost2,1,60,flat-w4-l0.1,-0.020173656437580633,-0.020059018166301634,-0.004955254265544895,0.02430357430224587,58.47035527767234,60.0,-0.019403461513853575,-0.019287591203118126,-0.004103087531216964,0.024181480966434347,58.51867114398348,60.0,-0.02004462119689914,-0.019929757289524414,-0.004811174183904438,0.024283703592777147,58.478382472556255,60.0,-0.02014117753707809,-0.02002648178912705,-0.004918941576436045,0.024298594358673188,58.472373205161084,60.0,-0.02004462119689914,0.5,0.0,-0.03139595817567568,-0.02563488566251209,-0.011475892221265993,-0.0016422954098045616,-0.06380128863002518,-0.040628853908310135,-0.02458097238205721,-0.006234843941541546,-0.024572576415755443,-0.013676892466452354,-0.0032106014051016076,-0.0021895144009594545,-0.020168957605714657,-0.0004564355929575677,,,,,,,,,,,,,
full_communication_rho0.75_b3,full_communication,0.75,3,cost2,3,60,constant,-0.0262676843153347,-0.026267076957591895,-0.025165138054346725,0.023120525880974276,58.75853513704955,60.0,-0.026180232994002125,-0.026179057641604008,-0.02464624849156184,0.0230431762930698,58.79993456646773,60.0,-0.026254063550689138,-0.026253374661964937,-0.02507981659602694,0.023107972958991956,58.76542014765367,60.0,-0.0262642932832766,-0.026263665912823708,-0.02514372281686762,0.023117381188518304,58.76026615788432,60.0,-0.026254063550689138,0.4583333333333333,0.0,-0.03840769933127717,-0.036942407002463276,-0.013691386094855932,-0.0015800676057522592,0.0008862161300188742,-0.041981021094952484,-0.03343441217560634,-0.007591600022221741,-0.025284363135560747,-0.02580927895922392,-0.005976870267806328,-0.007575091448639855,-0.07482658187875532,-0.003646832909674123,,,,,,,,,,,,,
full_communication_rho0.75_b3,full_communication,0.75,3,cost2,5,60,constant,-0.02461851358437937,-0.024511630311561897,-0.009926414065697723,0.025181981400302613,58.521950234554346,60.0,-0.02428613603383099,-0.024185099119639616,-0.010003431009828808,0.025031802547248974,58.55400084920301,60.0,-0.024564396017204136,-0.024458476185991014,-0.009938984593986629,0.02515752853278642,58.52717899259353,60.0,-0.024604950032284207,-0.024498308648987187,-0.009929565691908523,0.025175852723658125,58.523261100436024,60.0,-0.024564396017204136,0.4583333333333333,0.0,-0.0869438849834799,-0.040674763679620744,-0.00597011973178647,0.0001997438898815873,-0.21214337538543793,-0.13838225139635066,-0.04657261685396087,-0.004343304953127608,-0.04120964709097268,-0.045152996088190935,-0.005865169618893324,-0.01226725267857082,-0.0612140956852851,-0.0032035291154657846,,,,,,,,,,,,,
full_communication_rho0.75_b3,full_communication,0.75,3,cost2,8,60,flat-w4-l0.1,-0.03950029872366318,-0.03817265371711335,0.012918078873230009,0.0413387562396316,52.388194500091814,60.0,-0.03819932896564945,-0.037005282764240297,0.01146803481988003,0.03874526318812501,53.039187609804024,60.0,-0.03926448738139396,-0.03796046524807841,0.012677550067053156,0.04088023827082371,52.50276969066883,60.0,-0.039440176356468806,-0.03811853016556576,0.012857629575081082,0.0412223880401516,52.417253699411965,60.0,-0.03926448738139396,0.4583333333333333,0.0,0.03862638833725537,0.02609341965819356,0.008671496937544404,0.002145559105814854,-0.08961224580282062,-0.025755245423079602,0.004172254048471167,0.005575692807162041,-0.08414130817012262,-0.09948156899666394,0.0027195618143788292,-0.025774342412086114,0.018075915305107403,-0.00015376944869887425,,,,,,,,,,,,,
full_communication_rho0.75_b3,full_communication,0.75,3,endpoint,10,60,mlp-w4-l0.1,,,,,,,,,,,,,,,,,,,,,,,,,-0.0016217402014956227,0.5166666666666667,0.0,-0.001599342635667799,0.003080476323825369,0.0027259515856699074,0.0004945363795656216,-0.0060786230378792015,0.0006187015105436067,0.00319633796205962,0.0008979260119341211,,,,,,,0.0,0.0,-0.0023396765463080033,0.6954868571062534,0.00612326106262393,-0.001982287706800235,0.005196597015132757,-0.0010156171755038477,0.25152514655584934,0.24263259668856438,-0.5772837386654519,0.19096738810088645,-0.31558279922405
full_communication_rho0.75_b3,full_communication,0.75,3,endpoint,11,60,mlp-w4-l0.1,,,,,,,,,,,,,,,,,,,,,,,,,0.005052017534632102,0.5583333333333333,0.0,0.0051641803354300206,0.00771379538016123,0.004995555216124451,0.0008589474891671047,0.0005809140055901366,0.005441609421745899,0.006095793360005857,0.001537749907769287,,,,,,,0.0,0.0,0.007288520643697821,0.6858586599162475,0.007162909502265588,0.004987313817669527,0.0086708679694481,0.002533163351680341,0.19818683782291413,0.19190672421386737,-0.5159616244198693,0.1539358161384316,-0.27349698572663433
full_communication_rho0.75_b3,full_communication,0.75,3,endpoint,12,60,constant,,,,,,,,,,,,,,,,,,,,,,,,,-0.0021094769402111775,0.525,0.0,0.001115295408183948,0.003430767664335314,0.002658167588686769,0.00047470505384395454,-0.006237522896749444,-0.0009136787832440337,0.002196054680782028,0.0006550678159353988,,,,,,,0.0,0.0,-0.0030433319205122903,0.6961905124804576,0.003742987275325993,0.0008295395912634229,0.005271797538653268,0.00047707057075611903,0.23255605782441802,0.22465970007907773,-0.5173282690689506,0.17818846750175033,-0.2743051258300802
full_communication_rho0.75_b3,full_communication,0.75,3,endpoint,13,60,linear-l0.1,,,,,,,,,,,,,,,,,,,,,,,,,0.005082799679144903,0.5666666666666667,0.0,0.011006143367272176,0.01056106518429972,0.006142971734070166,0.0010318010660681812,-0.0033509908643595265,0.0016666509425618888,0.005926762896163411,0.0015905937416219947,,,,,,,0.0,0.0,0.007332929890934366,0.685814250669011,0.00859656372522336,0.008177518684374304,0.007891489691867388,0.005027350161583272,0.1971389212119143,0.19080278300193848,-0.7053265951554342,0.1528828512820431,-0.3866393346925478
full_communication_rho0.75_b3,full_communication,0.75,3,endpoint,14,60,mlp-w4-l0.1,,,,,,,,,,,,,,,,,,,,,,,,,0.0044998367447564,0.5833333333333334,0.0,0.014704830028679384,0.014682426702921105,0.008578419057601734,0.001443928863223213,0.009137379552359326,0.01229062091119061,0.01099834657485688,0.002542794820330658,,,,,,,0.0,0.0,0.006491892156469995,0.6866552884034753,0.012892184742667671,0.011218699313166377,0.010890220143447434,0.007136125866140706,0.1792716071715572,0.1732569306189544,-0.2615227097841688,0.1378114305771535,-0.13092663970310964
full_communication_rho0.75_b3,full_communication,0.75,3,endpoint,15,60,mlp-w4-l0.1,,,,,,,,,,,,,,,,,,,,,,,,,0.003697628940901933,0.5333333333333333,0.0,0.006113438751856428,0.006000813839342078,0.0039177925022946345,0.0006811780989158476,-0.004037230460395063,-0.0006551478954447465,0.003494176548508714,0.0010570820017018637,,,,,,,0.0,0.0,0.0053345509360867285,0.6878126296238586,0.0058510271383307695,0.0022644625792540294,0.006932723594478298,0.0023806932730222477,0.1800225498864701,0.17411820083334315,-0.5269056660304925,0.13902655019102422,-0.2832862599454259
full_communication_rho0.75_b3,full_communication,0.75,3,endpoint,1,60,constant,,,,,,,,,,,,,,,,,,,,,,,,,-1.2592224492687468e-05,0.525,0.0,-0.00741695171419091,-0.0047964759240621095,-0.0012424148406831536,-0.00014797891568262464,0.013578654709580007,0.009943168039275262,0.0022189875062193867,0.00024450651987271423,,,,,,,0.0,0.0,-1.8166739829360753e-05,0.6931653472997747,-0.010738288519044015,-0.004146633128783319,-0.0027134149810439214,-0.001775048309533206,0.4063489600583991,0.39187298600775333,-0.7638386973203624,0.3080813553655978,-0.40868676994047476
full_communication_rho0.75_b3,full_communication,0.75,3,endpoint,2,60,constant,,,,,,,,,,,,,,,,,,,,,,,,,-0.00406299874810666,0.49166666666666664,0.0,5.699096947252754e-05,-5.168211609374122e-05,-0.000399016416017528,-6.296079250070196e-05,-0.008456246365873464,-0.00574587093385889,-0.0015139955244775987,-0.00020040769075736856,,,,,,,0.0,0.0,-0.0058616681450315445,0.6990088487049769,-0.004490223731653921,-0.006799933394651543,-0.0036148232988624054,-0.0010485071220837296,0.5221151904578659,0.5028591311354829,-0.4620173307606626,0.39264239957408353,-0.22113199556274976
full_communication_rho0.75_b3,full_communication,0.75,3,endpoint,3,60,constant,,,,,,,,,,,,,,,,,,,,,,,,,-0.001244354053471253,0.49166666666666664,0.0,-0.0005948295434680881,-0.0005186454633887172,-0.00015665275199179912,-8.124079940198074e-06,-0.016035446026107427,-0.011790438796669451,-0.0032188941132598988,-0.0004023598410592336,,,,,,,0.0,0.0,-0.0017952234220530569,0.6949424039819984,-0.0023905451607270987,-0.005826239884971932,-0.0024831528325371093,-0.0007074847320834011,0.5042300992183042,0.4860748571564304,-0.27462024661608925,0.38136573369404225,-0.10890198694957189
full_communication_rho0.75_b3,full_communication,0.75,3,endpoint,4,60,constant,,,,,,,,,,,,,,,,,,,,,,,,,0.0015082692858002108,0.5,0.0,0.0013247878716948565,0.0005822707704382119,0.0005297389702196315,0.00012587977220491578,-0.008961758553171698,-0.010548423506789029,-0.003521498283137344,-0.000397264434954069,,,,,,,0.0,0.0,0.002175972618949103,0.6909712079409961,0.0032719690387328646,-0.007031487435562536,0.004306951859820302,-0.0014502576736773233,0.4200228589776991,0.4050110600698038,-0.6405947367178787,0.3180940680343392,-0.3251871126717201
full_communication_rho0.75_b3,full_communication,0.75,3,endpoint,5,60,constant,,,,,,,,,,,,,,,,,,,,,,,,,-0.0003233758585281977,0.5083333333333333,0.0,-0.0051136895518153775,-0.002759488181381158,-0.0010483019061202211,-0.0001438666464535665,-0.014248242565886856,-0.012489603951998617,-0.003969791636663291,-0.0005500653001176757,,,,,,,0.0,0.0,-0.0004665327474418418,0.6936137133073871,-0.0001914430011242631,-0.0019349685700647537,-1.2942720660348109e-05,-0.0006474959534890995,0.3667860537566879,0.35364428380612944,-0.6377245829039337,0.277661091419112,-0.3221580531574613
full_communication_rho0.75_b3,full_communication,0.75,3,endpoint,6,60,constant,,,,,,,,,,,,,,,,,,,,,,,,,0.0005693647485454145,0.5166666666666667,0.0,-0.008608076520122916,-0.002484103201166696,-0.00045743783961248267,-5.217915397956926e-05,-0.008380790761139543,-0.007066851898368683,-0.001745276665191539,-0.00023246777800799422,,,,,,,0.0,0.0,0.0008214196991834612,0.6923257608607618,-0.002603004231779865,-0.0010726056172297319,-2.5170070297655946e-05,-0.00014363680977168652,0.2749492908935182,0.2649994931610318,-0.4947805487901454,0.2076634211046306,-0.2719148349638603
full_communication_rho0.75_b3,full_communication,0.75,3,endpoint,7,60,constant,,,,,,,,,,,,,,,,,,,,,,,,,-0.0015564859578743584,0.475,0.0,-0.01088965721151665,-0.002189050328639804,-0.0003752468647551965,-4.3036500848660694e-05,-0.015889030396835317,-0.0026483130142023617,0.0003657713124362842,5.517610417913414e-05,,,,,,,0.0,0.0,-0.002245534572638645,0.6953927151325839,-0.0030321202308980027,-0.0005297374949595304,-0.0020948795157024165,5.45231099668253e-05,0.2735673401013314,0.2641450938602721,-0.8085514722127136,0.20889756100970397,-0.4528662747835997
full_communication_rho0.75_b3,full_communication,0.75,3,endpoint,8,60,constant,,,,,,,,,,,,,,,,,,,,,,,,,-0.0004074395465795094,0.5,0.0,-0.008689771786308805,-0.003719455822825717,-0.0007490914713414186,-6.029837722784555e-05,-0.004572053046666707,0.004615291805087738,0.002425317926977542,0.000310552774950613,,,,,,,0.0,0.0,-0.000587811013312306,0.6937349915732576,0.00013925604811749665,-0.0036229649661677714,-0.000651686017417838,-0.0014835419011638078,0.29231645303620146,0.28245370551789506,-0.2340087047505329,0.22430146564686781,-0.10411305115587481
full_communication_rho0.75_b3,full_communication,0.75,3,endpoint,9,60,mlp-w4-l0.1,,,,,,,,,,,,,,,,,,,,,,,,,-0.007583624150166716,0.5916666666666667,0.0,-0.0018434996112317442,0.0001893784736461605,0.0009249700279029022,0.00019622266531496476,0.0013427760786048197,0.0061609122866056335,0.0036657875716384707,0.0006228872419751332,,,,,,,0.0,0.0,-0.0109408569534113,0.7040880375133566,-0.003409464006026671,-0.002599004978766942,0.0032502497767298772,-0.0005472773823693119,0.23033478100407603,0.22222234979591532,-0.47916147202219683,0.17507631075912036,-0.2731371166108719
full_communication_rho0.75_b3,full_communication,0.75,3,mixture,11,60,constant,0.01565011977513331,0.016980082916882758,0.06811501960276563,0.038373078431673396,54.70850780331317,60.0,0.017058174184635837,0.018255141921531798,0.06678724502477665,0.03646577550125379,55.130280437760234,60.0,0.015905035216468633,0.017211999629714037,0.06790662793674268,0.03804106698066035,54.782319329443304,60.0,0.01571507804670189,0.017039222621931457,0.06806313168292487,0.0382890224387478,54.727209947553796,60.0,0.015905035216468633,0.5541666666666667,0.0,0.024957773817199335,0.024797815955074968,0.0035514850289780834,0.0005734562093160367,-0.022763346445341844,0.01570325832723846,0.014658258854642659,0.003424769785710215,-0.012736980895186403,0.006677458381852475,0.006549210657699021,0.005059466451746842,0.05871061398278307,-0.0003927508488394608,,,,,,,,,,,,,
full_communication_rho0.75_b3,full_communication,0.75,3,mixture,15,60,constant,-0.02129355148651833,-0.017087470598457666,0.07324951152737874,0.036384914763954085,50.30377065824732,60.0,-0.01238225906504008,-0.008672718509057445,0.0762424042037723,0.03475687957377316,51.15994566524566,60.0,-0.019538083315888657,-0.01541867144348981,0.07399668064838476,0.03610274090912577,50.451653503182435,60.0,-0.02083870981154058,-0.01665463128634795,0.073449313319332,0.03631354327116499,50.34111389530054,60.0,-0.019538083315888657,0.5458333333333333,0.0,0.05218015820645497,0.03766496845281975,0.007106195710871138,0.0010597021910220051,0.04049552919567209,0.06371088270518528,0.03799527825494612,0.008087486337058612,0.0012349874692544375,-0.000797985481736004,0.012282155849105952,0.010131881995386439,0.11034086685226446,-4.024531802059121e-05,,,,,,,,,,,,,
full_communication_rho0.75_b3,full_communication,0.75,3,mixture,1,60,constant,-0.001230208608463764,-0.0012242549846514295,0.0022244496078277164,0.01737330847279,59.99463228712234,60.0,-0.001229967912326844,-0.0012240149191514648,0.002224507121810667,0.01737317998000709,59.994633107410436,60.0,-0.0012301700882715186,-0.0012242165653770856,0.002224458815040846,0.017373287910368254,59.99463241839599,60.0,-0.00123019897810094,-0.0012242453795185087,0.002224451909808776,0.017373303332056802,59.99463231994173,60.0,-0.0012301700882715186,0.4875,0.0,-0.015601290368417176,-0.016237555687232508,-0.009804007265157878,-0.0016434987963519776,-0.036880465644426215,-0.019421034040780726,-0.012521563747569889,-0.004067966275440802,-0.017792993231705467,-0.013899138972094025,-0.0029800385391482442,-0.0015054676144268604,-0.0030421294637744717,-0.0003418553813211526,,,,,,,,,,,,,
full_communication_rho0.75_b3,full_communication,0.75,3,mixture,3,60,flat-w4-l0.1,-0.0044257969892187625,-0.004425796834605437,-0.00444338172797533,0.019710185736291127,59.82163795498275,60.0,-0.004413443119720528,-0.0044134426338615215,-0.00444461520870383,0.019702729131913784,59.822096607260235,60.0,-0.004423816901722664,-0.0044238167064040695,-0.004443581331791955,0.019708989683545772,59.82171152925707,60.0,-0.0044253018432450905,-0.004425301678897284,-0.004443431709497645,0.019709886615791913,59.82165635535496,60.0,-0.004423816901722664,0.5125,0.0,-0.018033977265103956,-0.021490655414185066,-0.007921741748159154,-0.0008882160688128379,0.09505710977639424,0.004163624617740941,-0.013000422837468373,-0.0028785390978506944,-0.010363254451205445,-0.013795974607433124,-0.005868930147735513,-0.00510152180906554,-0.03557838141090479,-0.001812555470390955,,,,,,,,,,,,,
full_communication_rho0.75_b3,full_communication,0.75,3,mixture,5,60,constant,-0.02055444047656836,-0.019869843912014032,0.016905967392357654,0.04048365289988099,54.21471027693528,60.0,-0.01757347474463714,-0.017039937735016497,0.015449279569668848,0.03826598900755428,54.7640023438353,60.0,-0.020031422640820824,-0.019374223930005156,0.016662646457241744,0.04009499902646797,54.31111717698632,60.0,-0.020421866088791093,-0.019744249443453123,0.01684475073579392,0.040385150468867766,54.23915069436007,60.0,-0.020031422640820824,0.49583333333333335,0.0,-0.03703544650428416,-0.013905801087625558,-0.0008724613142315152,0.0005546078221226066,-0.10157968760069283,-0.056706532021237835,-0.01705311248619883,-0.00017809550939842193,-0.03389577231424548,-0.05375807576028042,-0.011336492745485042,-0.0035967251242910226,-0.014996625643354114,-0.0010136579774167394,,,,,,,,,,,,,
full_communication_rho0.75_b3,full_communication,0.75,3,mixture,8,60,linear-l0.01,0.07090684226082296,0.07125245689879171,0.09742899459432024,0.044546997236497896,50.88309159473457,60.0,0.07028669986391867,0.07059091682387723,0.09515638001864683,0.0412803282923236,51.984095218862336,60.0,0.07084036118219075,0.07117808216485307,0.09705526078318956,0.043963278236094167,51.07880938741129,60.0,0.07089238377639138,0.07123595190583404,0.09733521180187593,0.04439863062156434,50.932739375375206,60.0,0.07084036118219075,0.6,0.0,0.09721040243318063,0.05082326251166179,0.01099311842966149,0.0018639827346400998,0.03867645200292315,0.05725523346421259,0.038096260534297446,0.009808913486827846,-0.01355358953985576,-0.035934224059678735,0.005058300455694947,-0.0032241840686562497,0.10071036524142185,0.001805785106698123,,,,,,,,,,,,,
full_communication_rho0.75_b3,full_communication,0.75,3,pathinfo,11,60,constant,,,,,,,,,,,,,,,,,,,,,,,,,-0.000734511409887213,0.48333333333333334,0.0,0.011213140278701815,0.010506956435181462,0.004592712716102441,0.0009422758433426353,-0.006686473554369543,0.0038123729925138906,0.006801333425264725,0.0029852084809371274,9.551702395837238e-05,0.005706075821689057,-0.0001259218091194882,0.00221812185387354,0.0033104734688397153,0.0019562439258099086,0.0,0.0,-0.001059675968520643,0.6942068565284659,,,,,,,,,
full_communication_rho0.75_b3,full_communication,0.75,3,pathinfo,15,60,flat-w4-l0.1,,,,,,,,,,,,,,,,,,,,,,,,,0.0027489654145902397,0.5666666666666667,0.0,0.0015876556252326275,0.0038533449227200144,0.004226867944135279,0.0010013919350497392,-0.02967147343327133,-0.00817680642963615,0.002808549418412317,0.002709399068724209,-0.003817652713801229,-0.005473134752558756,0.0018508041490851474,0.007233643580319067,0.008080907874698081,0.004382471777323497,0.0,0.0,0.003965918771204612,0.6891812617887407,,,,,,,,,
full_communication_rho0.75_b3,full_communication,0.75,3,pathinfo,1,60,constant,,,,,,,,,,,,,,,,,,,,,,,,,-0.001732506305743375,0.475,0.0,-0.008978474044809389,-0.006369400622203928,-0.002119546997930477,-0.0002901679233528335,0.013197661819751383,0.013213158440394345,0.006193946434371247,0.0008954473338222394,-0.0033373333855519715,-0.003500352779833567,-0.001351218945614514,-0.0012341577829441555,-0.008532743625526473,-0.00014030707271541488,0.0,0.0,-0.0024994782556048254,0.6956466588155501,,,,,,,,,
full_communication_rho0.75_b3,full_communication,0.75,3,pathinfo,3,60,flat-w4-l0.1,,,,,,,,,,,,,,,,,,,,,,,,,-0.0018541646588585196,0.5,0.0,-0.004579546594527715,-0.0007970740914601833,-0.0006046989645251143,-0.00010362048978305357,-0.016059189958031194,-0.012489020792644441,-0.004984182433749553,-0.0010108644659188907,-0.0016231070143534994,-0.008116872865381226,0.0003449468540224506,-0.0015161075615183716,-0.004030078739145174,-0.0001036054907482357,0.0,0.0,-0.0026749941583267627,0.695822174718272,,,,,,,,,
full_communication_rho0.75_b3,full_communication,0.75,3,pathinfo,5,60,constant,,,,,,,,,,,,,,,,,,,,,,,,,-0.004533489969298702,0.5166666666666667,0.0,-0.005234370148458983,-0.0016256003562695872,-0.00126218636466284,-0.0002222952325125029,-0.026323565065412263,-0.018508396406517434,-0.007344559680026101,-0.001584093915900959,-0.011055052563978445,-0.013818733123335468,-0.0007651100808340999,-0.0031682115036722907,-0.0041329158110073,-0.0001350481698698151,0.0,0.0,-0.006540443496627096,0.6996876240565724,,,,,,,,,
full_communication_rho0.75_b3,full_communication,0.75,3,pathinfo,8,60,constant,,,,,,,,,,,,,,,,,,,,,,,,,-0.00335509056863998,0.5083333333333333,0.0,-0.020798507911263434,-0.007167760331651103,-0.0011800838308558214,-9.21858373240982e-05,-0.024708324051136685,-0.012746574373431407,-0.004378213312066574,-0.0006005457413561565,-0.00891025325153564,-0.011183453065554605,-0.0038675738813005152,-0.0030135083662896234,-0.0033183861548032184,-0.00014742721559157698,0.0,0.0,-0.004840372525110231,0.6979875530850557,,,,,,,,,
report_only_rho0.75_b12,report_only,0.75,12,cost0,11,51,linear-l0.1,0.8227704090720301,0.863144106746969,0.5648634351599939,0.1389374345485975,24.129817709126954,51.0,0.6505387925755546,0.699809775401968,0.3685762927260544,0.1064861511963945,29.941971263794983,51.0,0.7789555134342072,0.8213042967029717,0.5154478545742213,0.1320528513956179,25.24895769785992,51.0,0.8106777843806059,0.85157072871578,0.5512825414310761,0.13713349167530117,24.4175855750256,51.0,0.7789555134342072,0.7450980392156863,0.0,1.1509037149476826,0.9534202839673961,0.4689485104559908,0.0871742647055278,0.8577285630928375,1.0259526747249155,0.8611691330437862,0.3237328420745257,0.868750583861054,0.8954320232015397,0.7657151823231805,0.8104114644242185,0.8379689170924,0.6113441134896622,,,,,,,,,,,,,
report_only_rho0.75_b12,report_only,0.75,12,cost0,15,51,linear-l0.1,0.768882111052801,0.7689282899122319,0.7593025799322387,0.27978706391898683,9.136400185473006,51.0,0.7207065594180607,0.7500035216624046,0.4977691710419572,0.1431411723439174,19.4318479442722,51.0,0.7701665355894446,0.7732626896842221,0.6935257395176473,0.2401839265129162,11.122245933008795,51.0,0.7701337805872942,0.7705606121472409,0.7412001255018067,0.268681902668948,9.6417172112127,51.0,0.7701665355894446,0.7549019607843137,0.0,0.8422830364123061,0.8086606486068411,0.44810600988750365,0.08490855152688152,0.5166299127432672,0.8741843867267634,0.7900270596802244,0.3147413163632297,0.9881579957657942,0.9934283234470387,0.8572753268828945,0.8640399895050718,0.8534454999354577,0.5678538072084983,,,,,,,,,,,,,
report_only_rho0.75_b12,report_only,0.75,12,cost0,1,51,constant,-0.02122724038878833,-0.021013323404046727,-0.00040023614415098243,0.02965708682450019,49.25431052934452,51.0,-0.020953802441273255,-0.02075218351872791,-0.0007383825217986208,0.02947659424585299,49.29140577442841,51.0,-0.0211835829895139,-0.020971691766278333,-0.00045610356815739523,0.029627679659057556,49.260353135358216,51.0,-0.021216330197840083,-0.021002921783557484,-0.0004142679546002355,0.029649715764857518,49.255825093597906,51.0,-0.0211835829895139,0.5,0.0,-0.03862204985977501,-0.0162937132685127,0.006244147178372857,0.0021643020672969253,-0.29274122945417896,-0.12667375901901534,-0.02189942758035942,0.003510398897255177,-0.005091970613158252,-0.007855551381184085,0.0008329565517641008,-0.0008720286118270484,0.0007559643740661898,0.00013177285368497625,,,,,,,,,,,,,
report_only_rho0.75_b12,report_only,0.75,12,cost0,3,51,linear-l0.01,0.3038142726046933,0.30467891156593235,0.26280410237913215,0.14266699267443864,26.5843905476751,51.0,0.3007572300219395,0.30498205099547143,0.211630002235289,0.09633959475118611,35.51547539245416,51.0,0.3057117894972714,0.3071633014656003,0.25279537068662233,0.1317372723571284,28.562659139598278,51.0,0.304446853536124,0.30545480769527655,0.2602174259872685,0.1397421776106175,27.103330879678403,51.0,0.3057117894972714,0.6568627450980392,0.0,0.4387643377652763,0.3054398877068958,0.13987947926442337,0.025897381111237957,-0.7249305610211524,0.1848498955301318,0.27545438224459085,0.10197051542209495,0.14640360327242685,0.23622058720718908,0.15594653564305985,0.16325475804599204,0.3348826296293889,0.054962648570209806,,,,,,,,,,,,,
report_only_rho0.75_b12,report_only,0.75,12,cost0,5,51,linear-l1,0.46230219447638216,0.46266694906833844,0.43553538722128043,0.09473428705817263,34.6546925488449,51.0,0.3150437335725956,0.31639450991845874,0.2639638606795497,0.07570676912332917,38.43374874208475,51.0,0.41378319197880076,0.4142989931940342,0.3820075668158509,0.09079464604145089,35.432489675279264,51.0,0.4477007518279952,0.44810232064965394,0.419628146551692,0.09370679556098305,34.857208145090596,51.0,0.41378319197880076,0.6666666666666666,0.0,0.7020234714738205,0.4921968921035765,0.23400013423518654,0.0432023249955186,0.46440586279905455,0.5954226747164902,0.4211246226531003,0.1555435588729165,0.45131401145800937,0.42850607892160514,0.3466044203847752,0.38765891766407884,0.5193969910031663,0.21365236227948042,,,,,,,,,,,,,
report_only_rho0.75_b12,report_only,0.75,12,cost0,8,51,linear-l0.1,0.7015488427703879,0.7202303502483373,0.5205021881580331,0.1180003203412134,25.164612153679663,51.0,0.5419818319238627,0.5690967489010592,0.32682360709944797,0.09401863191956274,30.396079675118244,51.0,0.6599223587479174,0.6802742064060519,0.47150436749743047,0.11303962083568911,26.146223905720316,51.0,0.6899955092376896,0.7091076478055429,0.5070135716284443,0.11670659125487375,25.41592394950096,51.0,0.6599223587479174,0.6862745098039216,0.0,0.9716749185089688,0.7591863573762692,0.37450463519873545,0.0691520011485323,0.8374665233136879,0.866557054688254,0.6843832768133629,0.25763328941123753,0.6002262184400516,0.6371355590425031,0.579331243373975,0.5979154317366108,0.6436131738698438,0.45484789318553087,,,,,,,,,,,,,
report_only_rho0.75_b12,report_only,0.75,12,cost2,11,51,quadratic-l0.1,3.3846731182973064,3.389121878978326,3.293288677052621,0.4258455826673088,2.714579850238714,51.0,2.160285430226039,2.388717420234129,1.6272802006740414,0.2558117144118664,6.444434247681952,51.0,2.9733333915231985,3.0231474431878462,2.689992625726713,0.3961224573119892,3.0736795012208082,51.0,3.253633853577049,3.2663846608377067,3.102326588202953,0.4186019043832238,2.79577103940842,51.0,2.9733333915231985,0.9509803921568627,0.0,3.0973335471552534,2.450748927636377,1.163940107288287,0.22731609797143426,2.941580354815347,2.903507801888548,2.14118232702355,0.8100930290886601,2.3746650924702033,2.5221191158735468,2.240967926595946,2.447907578024275,2.536591758431439,1.9893347048330048,,,,,,,,,,,,,
report_only_rho0.75_b12,report_only,0.75,12,cost2,15,51,quadratic-l0.1,2.8358170611842493,2.8681155081324103,3.111949406851536,0.6582850404213865,1.9611316805064716,51.0,2.1717111587789866,2.4315005736075923,1.6126488339563145,0.29992929220345055,5.9176735528366535,51.0,2.729448320213645,2.744266751216725,2.5670286629078958,0.5630721679922903,2.3878589563665487,51.0,2.813897207753975,2.8210454211118985,2.938277081065907,0.6319712447778785,2.06614267909867,51.0,2.729448320213645,0.9607843137254902,0.0,2.4916725736901264,2.3100782413849728,1.197826789871952,0.24092663922623214,2.374822492520735,2.6061013067790517,2.1046380353636627,0.8439199133907858,2.3291034131595314,2.372888522519576,2.259225553207749,2.401924084324562,2.5542103915028007,2.0059449353029017,,,,,,,,,,,,,
report_only_rho0.75_b12,report_only,0.75,12,cost2,1,51,constant,-0.026629413965406645,-0.02660895227442324,-0.03301291869283181,0.0360604137084675,49.511854209655425,51.0,-0.025913477253092947,-0.02589013867967664,-0.03272999460775643,0.035446085617478196,49.56921493440994,51.0,-0.026510896747790235,-0.02648996459018673,-0.03296721342778377,0.03595846243162085,49.521455951396035,51.0,-0.02659963699370235,-0.02657905733997875,-0.03300147656446203,0.03603478964335174,49.51427059855562,51.0,-0.026510896747790235,0.5196078431372549,0.0,-0.07310449787856065,-0.05055133672521732,-0.012899129823326212,-0.0011042472646088757,-0.2683789210893222,-0.11131425505402905,-0.034632654004581945,-0.004254237266027456,-0.033624300880757275,-0.06679604521776676,-0.005569667694256425,-0.015419744727778994,-0.038515275454282065,-0.0008438446842385274,,,,,,,,,,,,,
report_only_rho0.75_b12,report_only,0.75,12,cost2,3,51,linear-l0.01,0.40084166090847845,0.7661439571786139,1.5146218700231124,0.7560113462718773,1.7422637901061697,51.0,1.1477147687607383,1.2107142443214638,0.8334487818397869,0.20128269009468835,15.841812915141578,51.0,1.0996520236367358,1.1159947612203027,1.2914986650748659,0.5627442328363715,3.084092207354964,51.0,0.7028971455616381,0.8910430876782651,1.4476640623970012,0.703631143531512,2.0054755087227463,51.0,1.0996520236367358,0.8235294117647058,0.0,1.2041870508592873,0.9799684874381224,0.4990965122720761,0.09493580555335362,-0.1871149999369644,1.2030950580328998,0.9854903231330544,0.3575494746170924,1.2176786203691075,1.222570229421799,0.9425015449377847,0.9934351077955828,1.0461591726992352,0.6034868279406033,,,,,,,,,,,,,
report_only_rho0.75_b12,report_only,0.75,12,cost2,5,51,quadratic-l0.1,3.322869436312651,3.3347835358694735,3.1763440214373238,0.40293849553811617,3.510911020402275,51.0,1.9132740984092018,2.0897930596377834,1.430481244672701,0.225761154751234,7.949601688199381,51.0,2.671872936931823,2.719697509512633,2.3936278338889765,0.36117631854520416,4.048998868300368,51.0,3.07034931376351,3.0902223473212667,2.8840078164708847,0.39178251815084963,3.639279553077976,51.0,2.671872936931823,0.9215686274509803,0.0,2.549553517230953,1.98215425524555,0.899659407070465,0.16955691064345665,2.5151059914005933,2.5185223768580536,1.7566338254143985,0.6244110048979967,2.511075011281039,2.4606658319933246,1.8869839246836466,2.040603358147606,2.3380731504143473,1.5288151356117674,,,,,,,,,,,,,
report_only_rho0.75_b12,report_only,0.75,12,cost2,8,51,quadratic-l0.1,3.6312973763583365,3.6635577211073067,3.398324150501913,0.4987809373716409,2.8605252269718506,51.0,2.0962097438011895,2.323029630718751,1.564620987365288,0.2545063249586011,7.357884966643277,51.0,3.0018930019539254,3.0877137639500334,2.6427235476482247,0.4394264713009288,3.3760188621137246,51.0,3.4106506703198685,3.4560396199310035,3.1388254706037517,0.4828528977858774,2.9828937076195126,51.0,3.0018930019539254,0.9411764705882353,0.0,3.1176818550725365,2.3968601360588484,1.1148199014345261,0.21715581842573614,2.630129482791954,2.84860874105887,2.0775521526765877,0.7773585977780942,2.6544822276688143,2.8565760291668356,2.155938720215273,2.390491982827381,2.4731698270782836,1.8426580652318183,,,,,,,,,,,,,
report_only_rho0.75_b12,report_only,0.75,12,endpoint,10,51,quadratic-l0.1,,,,,,,,,,,,,,,,,,,,,,,,,0.07364843378258576,0.7156862745098039,0.0,0.04254158684740262,0.04554478753515511,0.028333202210091207,0.0048606074645636335,0.13054401339458332,0.12604447951509246,0.06847686495941017,0.013318572937778023,,,,,,,0.0,0.0,0.10625223018737567,0.5868949503725696,0.09623453179348582,0.10185568168530594,0.04022986027292052,0.039393241782786144,0.35473130538736486,0.3435871856841093,-0.566171975085288,0.2740543510786633,-0.2593231238735189
report_only_rho0.75_b12,report_only,0.75,12,endpoint,11,51,quadratic-l0.1,,,,,,,,,,,,,,,,,,,,,,,,,0.047744830637326735,0.6568627450980392,0.0,0.04652241778080721,0.04375578559433224,0.02686475243627631,0.00460555557598208,0.10955168263378197,0.09558974141726642,0.055124963714492506,0.011204671693655485,,,,,,,0.0,0.0,0.06888123038855473,0.6242659501713905,0.064002238542518,0.06548273124699028,0.03432125151027744,0.032982027321159936,0.3885095286765044,0.37709255452287915,-0.41254160479155993,0.3038131813471131,-0.12951187422100574
report_only_rho0.75_b12,report_only,0.75,12,endpoint,12,51,quadratic-l0.1,,,,,,,,,,,,,,,,,,,,,,,,,0.05348540356576073,0.6666666666666666,0.0,0.06327457648972487,0.06302889820430939,0.03643412457373713,0.006142455088284933,0.11417148297602187,0.11527175145234055,0.07033183250974047,0.014422616334189224,,,,,,,0.0,0.0,0.07716312648426789,0.6159840540756774,0.09415678490814128,0.07477621943728652,0.05613106052882576,0.05873147205680912,0.3040443832056722,0.29520060962427463,-0.9676492721845579,0.23839906327070706,-0.4824734609695216
report_only_rho0.75_b12,report_only,0.75,12,endpoint,13,51,quadratic-l0.1,,,,,,,,,,,,,,,,,,,,,,,,,0.083083530531203,0.7058823529411765,0.0,0.06227763981676379,0.06142296766659011,0.03507347297861842,0.005893837554158779,0.13625036192265436,0.13085384611823497,0.0723290105951089,0.014210146320697723,,,,,,,0.0,0.0,0.11986419747691335,0.573282983083032,0.1202798579770245,0.1230407375448744,0.05727144956084059,0.05676152720688461,0.3476273516690176,0.337376988088377,-0.47591892861716406,0.27172364204640864,-0.1918011898071382
report_only_rho0.75_b12,report_only,0.75,12,endpoint,14,51,linear-l0.1,,,,,,,,,,,,,,,,,,,,,,,,,0.057656528142783804,0.6666666666666666,0.0,0.0754719846947348,0.07412101205300317,0.04196587578941868,0.007037220621949743,0.10216269165974355,0.10349471944171852,0.06889688967308882,0.014866714496108113,,,,,,,0.0,0.0,0.08318078722646916,0.6099663933334761,0.10190417207834891,0.10429909288312082,0.059010762147410134,0.06225433969017437,0.3457620951582049,0.33556323234184887,-0.581579094877075,0.2702932726679427,-0.2521643446838042
report_only_rho0.75_b12,report_only,0.75,12,endpoint,15,51,quadratic-l0.1,,,,,,,,,,,,,,,,,,,,,,,,,0.07493820787808206,0.6666666666666666,0.0,0.07943853945374653,0.07884402436868648,0.045103510150931975,0.007586976958914608,0.13465350008983165,0.13076994553451898,0.08121541057083893,0.017259844749335618,,,,,,,0.0,0.0,0.10811298087881524,0.58503419968113,0.12087831942529384,0.11956274013649928,0.07430763539069933,0.07332587422929439,0.3624002167069653,0.3522369369563001,-0.42007150298845547,0.28608434691716533,-0.135233161335774
report_only_rho0.75_b12,report_only,0.75,12,endpoint,1,51,linear-l1,,,,,,,,,,,,,,,,,,,,,,,,,-0.003648913077183656,0.4117647058823529,0.0,-0.00972794472228179,-0.007106897412288524,-0.0026470718217991808,-0.00035905010879890036,-0.013240745452380688,-0.00875582668971327,-0.004536255284129909,-0.0007626025241215175,,,,,,,0.0,0.0,-0.005264268801087748,0.698411449361033,-0.013878924886876889,-0.009932667365222378,-0.004291546364584302,-0.0017882540569627342,0.3249861270880249,0.3116434788791506,-1.4664017981346422,0.23636134477500884,-0.8263605292103933
report_only_rho0.75_b12,report_only,0.75,12,endpoint,2,51,linear-l0.1,,,,,,,,,,,,,,,,,,,,,,,,,0.0012148415139176425,0.5882352941176471,0.0,0.008433836130260448,0.013528821025845477,0.011781066567589664,0.0021583078897457714,-0.0021443048658041125,0.006010487661272557,0.012433473779511452,0.003735942920608809,,,,,,,0.0,0.0,0.0017526458275950235,0.6913945347323502,0.0025457486438958724,-0.001862564673908524,0.015253835096952892,0.007773504073003316,0.454491064657804,0.43718789034100547,-0.6207146584905842,0.33671041113508526,-0.29353299396091936
report_only_rho0.75_b12,report_only,0.75,12,endpoint,3,51,linear-l0.1,,,,,,,,,,,,,,,,,,,,,,,,,0.01504928017446805,0.6274509803921569,0.0,0.016152563434976053,0.023562773941867277,0.0187620959524622,0.003374097914596051,0.015222476591611715,0.02500783792822947,0.028130688419474217,0.007115756542026769,,,,,,,0.0,0.0,0.02171152187665365,0.6714356586832915,0.033468131408646296,0.02829486433156065,0.017657084168209783,0.013249403510008646,0.42798746413625666,0.4122645837910616,-0.980530989313861,0.3196950833456226,-0.49915500687457154
report_only_rho0.75_b12,report_only,0.75,12,endpoint,4,51,linear-l0.1,,,,,,,,,,,,,,,,,,,,,,,,,0.0567921161394683,0.696078431372549,0.0,0.07241097849561758,0.07229591420697057,0.04203826533208711,0.007092927672667184,0.10488860396042454,0.10247941338516947,0.06974086600980565,0.015475095688013292,,,,,,,0.0,0.0,0.08193370431600099,0.6112134762439443,0.09096142835743444,0.0879417549682979,0.06277555449532657,0.06148093360575459,0.3796070448584144,0.3669859907497598,-0.9488464553207937,0.2897775311742449,-0.44691790279502386
report_only_rho0.75_b12,report_only,0.75,12,endpoint,5,51,quadratic-l0.1,,,,,,,,,,,,,,,,,,,,,,,,,0.0752937419519318,0.6666666666666666,0.0,0.0441302131214587,0.04999565365256269,0.03221731662290936,0.005555769027072199,0.13938000428649802,0.13636279265577547,0.07858699486680043,0.01587236747150787,,,,,,,0.0,0.0,0.1086259081240253,0.58452127243592,0.1303407501246493,0.11932685555571479,0.057387341424022416,0.05646513634603328,0.43728423650635495,0.4238105062153174,-0.4135127410601414,0.3390529336104414,-0.13062490084198916
report_only_rho0.75_b12,report_only,0.75,12,endpoint,6,51,quadratic-l0.1,,,,,,,,,,,,,,,,,,,,,,,,,0.07063976391052976,0.7156862745098039,0.0,0.055253268602006606,0.06587053111306869,0.04399722437613141,0.007634594010727614,0.13060490051506346,0.12388712809610566,0.0821155728073112,0.018420197906918085,,,,,,,0.0,0.0,0.10191163708328846,0.5912355434766569,0.11705928504436088,0.11105724611481346,0.06526745408813056,0.061457476876284084,0.4001265799080045,0.3878721579092603,-0.6025800630615258,0.3105744237629601,-0.23260686587688323
report_only_rho0.75_b12,report_only,0.75,12,endpoint,7,51,mlp-w4-l0.01,,,,,,,,,,,,,,,,,,,,,,,,,0.03348710815836768,0.6274509803921569,0.0,0.008298108141429828,0.011863377287039532,0.011472860176358974,0.002139866886428839,0.038149242219776607,0.03499337477479931,0.02509077020440931,0.005657886668318894,,,,,,,0.0,0.0,0.0483116848737894,0.644835495686156,0.060894025453055514,0.08685618078462419,0.011176621119153917,0.002127103650867882,0.4604751301297614,0.44668451338327136,-0.38147132030632686,0.35897491993236125,-0.0979814257429411
report_only_rho0.75_b12,report_only,0.75,12,endpoint,8,51,linear-l0.1,,,,,,,,,,,,,,,,,,,,,,,,,0.04831137566046796,0.6666666666666666,0.0,0.060116807660309794,0.06406922459690936,0.04029633405035675,0.006930884740500349,0.10059472057395845,0.09862199496452928,0.06868907157181087,0.015565978776425456,,,,,,,0.0,0.0,0.0696985820838809,0.6234485984760644,0.0971800080785429,0.09886395275600847,0.05790925817274342,0.05598771637820237,0.36713581191735467,0.3562010802261584,-0.44258482413120964,0.2865381651984998,-0.1790036821556491
report_only_rho0.75_b12,report_only,0.75,12,endpoint,9,51,linear-l0.1,,,,,,,,,,,,,,,,,,,,,,,,,0.05284209171198065,0.6568627450980392,0.0,0.05365971315543618,0.05321638330339749,0.03139761220086533,0.005308380801006501,0.08449985647099886,0.08309262214277789,0.0546086082980495,0.011738823720591077,,,,,,,0.0,0.0,0.07623502366307428,0.6169121568968711,0.08344228870713534,0.08162637907328918,0.040961753521059414,0.041604501202084726,0.35619740253920706,0.3449192940252239,-0.6513458022589427,0.27493813946196305,-0.2997421385309055
report_only_rho0.75_b12,report_only,0.75,12,mixture,11,51,linear-l0.1,1.8481165740598091,1.8886936371789596,1.5896253353909013,0.34248646529773447,6.621513144442513,51.0,1.3233152567852082,1.4348491996039,0.9222551223947749,0.18160285923604327,14.780363587300531,51.0,1.7058418071313692,1.7653100904843,1.399422725301922,0.2989531571496796,8.019681532562048,51.0,1.8080638417049322,1.8536697977508034,1.535658169210029,0.3304984711815573,6.970523706675933,51.0,1.7058418071313692,0.8382352941176471,0.0,1.9721430259225126,1.5813692823709613,0.7427838561523117,0.13666297072764982,1.7428972176829725,1.8183905859492742,1.39931258669015,0.5097485462028986,1.64496593941691,1.5931479798944326,1.394400039621224,1.5150522403287328,1.550501812217686,1.1673560093695245,,,,,,,,,,,,,
report_only_rho0.75_b12,report_only,0.75,12,mixture,15,51,linear-l0.1,1.538104468131054,1.542844320275847,1.4438746234445807,0.3224360436270729,5.489719648076125,51.0,1.2669250516526704,1.3623876736632679,0.8911613091049572,0.18045831363501064,13.144494827392204,51.0,1.4773898592261445,1.498674055617198,1.2850074735960393,0.28580137639900305,6.613529224863805,51.0,1.5214205234801401,1.5296837193231079,1.3983142717692079,0.31246204488239737,5.762256442464214,51.0,1.4773898592261445,0.8431372549019608,0.0,1.6267877672802808,1.4599372066938514,0.752781633741988,0.14223055974424836,1.274704934909932,1.6196439550638622,1.351600084474177,0.5223657885015318,1.6900486683054912,1.6790397750036516,1.4597181235535137,1.535150082488148,1.4967314174935245,1.154926780328611,,,,,,,,,,,,,
report_only_rho0.75_b12,report_only,0.75,12,mixture,1,51,linear-l1,-0.0011018275398509817,-0.0010978103211244203,0.00173535956478878,0.024853812675061517,50.62955452066894,51.0,-0.0011255330695015635,-0.0011216963504264148,0.0016471224708613514,0.024826989129529683,50.63139091766957,51.0,-0.001105682064961313,-0.0011016941289016078,0.001721135841359457,0.024849498074936225,50.62984981198105,51.0,-0.0011027934004437007,-0.0010987835168861737,0.0017317998201270746,0.02485273320457528,50.629628396244684,51.0,-0.001105682064961313,0.5,0.0,-0.046819865885441694,-0.02512881927661727,0.0012406663422803764,0.0012448193565359233,-0.2528811361385671,-0.1046367111850709,-0.01860687469412008,0.0026600846519253952,-0.012177096505431929,-0.024763433611940583,0.0007396259343978813,-0.004995818005775868,-0.012161770386389763,-0.0002329647133286739,,,,,,,,,,,,,
report_only_rho0.75_b12,report_only,0.75,12,mixture,3,51,linear-l0.01,0.8019842437360384,0.8072898066793884,0.7024801840914242,0.23835412883041357,13.596239448476329,51.0,0.6743649298294665,0.6978873725159598,0.47285648394444224,0.12981806420529124,26.482674992829956,51.0,0.7760272277700104,0.785455284663843,0.6449217814888248,0.20894817516823694,16.240313873242652,51.0,0.7951970162863617,0.8015476832323504,0.6866902356431791,0.23024614619487074,14.2703690163085,51.0,0.7760272277700104,0.7205882352941176,0.0,0.7978453758432724,0.5948035979100922,0.2823573233157801,0.051448514112865565,-0.36959360039951994,0.677956454703042,0.5718839830153776,0.20068022962865642,0.7343509274797587,0.7190040173600833,0.47329114815623646,0.49852863650616186,0.701272065121351,0.262591478529081,,,,,,,,,,,,,
report_only_rho0.75_b12,report_only,0.75,12,mixture,5,51,linear-l0.01,1.6921999227915885,1.7182942889041224,1.480806232554343,0.21355174040716773,12.874672257969568,51.0,1.0484153605261237,1.1013700176966323,0.7572816325752401,0.13467515081366804,20.80575507803391,51.0,1.4573704891744657,1.4897671311215945,1.2239490890073306,0.19417112411809034,14.360119471724174,51.0,1.6168217604564763,1.6445761218805672,1.39934692875405,0.20831949992059853,13.253886286649374,51.0,1.4573704891744657,0.7843137254901961,0.0,1.5260387238472972,1.0702530848808567,0.47986374269354976,0.0855308223944284,1.5111069962105115,1.3785915327538794,0.9345392686342151,0.32397609334376465,1.2724232086824967,1.307966013667255,0.9604558717559079,1.0425403256639358,1.211007402355507,0.6987724815900341,,,,,,,,,,,,,
report_only_rho0.75_b12,report_only,0.75,12,mixture,8,51,linear-l0.1,1.5312298538958082,1.6097613600364398,1.1854500175812503,0.1510725360129371,16.20554531844321,51.0,1.1137180078755042,1.2042437965099198,0.7463028209373652,0.11811768056458923,21.11571259479469,51.0,1.419784157268261,1.5012645291199986,1.0684925536125716,0.14432387014106693,17.04179164908454,51.0,1.5001035465172028,1.5794197183055667,1.1528439591703226,0.14931584758806393,16.416330439622243,51.0,1.419784157268261,0.8088235294117647,0.0,1.8462246214522497,1.4283494550046956,0.6631412445752721,0.12076451081998586,1.744443727623778,1.6802738218091082,1.2584012700370744,0.4545487477377168,1.5630224677423579,1.5912006441857145,1.2800822312267235,1.409171054888738,1.2643057171586878,1.03070998941364,,,,,,,,,,,,,
report_only_rho0.75_b12,report_only,0.75,12,pathinfo,11,51,quadratic-l0.1,,,,,,,,,,,,,,,,,,,,,,,,,0.11543869217071359,0.7549019607843137,0.0,0.06405699035094635,0.07122037162385528,0.054155799458940244,0.011739326189730734,0.1696308729602392,0.15653806381814217,0.11609660443863112,0.04501755323847446,0.0983011151329929,0.09721643528957358,0.13001314391808055,0.1305699327457534,0.19766349321970628,0.04341052580535076,0.0,0.0,0.1665428287213961,0.5266043518385491,,,,,,,,,
report_only_rho0.75_b12,report_only,0.75,12,pathinfo,15,51,gru-w4-l0.01,,,,,,,,,,,,,,,,,,,,,,,,,0.16680579361880432,0.8333333333333334,0.0,0.08896620700247367,0.09988363238891486,0.07511917589047601,0.01610913534266568,0.19934647324449728,0.16638856740203103,0.12718894944093265,0.05656567774308156,0.07984748945972983,0.09112674111674447,0.12153922846864988,0.11714477396567394,0.2406498912453969,0.07704499649875986,0.0,0.0,0.2406498912453969,0.4524972893145484,,,,,,,,,
report_only_rho0.75_b12,report_only,0.75,12,pathinfo,1,51,constant,,,,,,,,,,,,,,,,,,,,,,,,,-0.0031124433378387647,0.46078431372549017,0.0,-0.010958301044698143,-0.00852598641823208,-0.004109012389356215,-0.0006913017773937227,-0.0223288069568593,-0.013600669579781824,-0.008512169409520964,-0.002831159913580534,-0.012236610752736273,-0.008546080222510468,-0.0016901064513306031,-0.002204209301454942,-0.003674186183854452,-0.0002988861134982221,0.0,0.0,-0.004490306568547878,0.6976374871284932,,,,,,,,,
report_only_rho0.75_b12,report_only,0.75,12,pathinfo,3,51,flat-w4-l0.01,,,,,,,,,,,,,,,,,,,,,,,,,0.029591524310914313,0.6470588235294118,0.0,0.01794846596518853,0.020988195382846988,0.020282731481654784,0.005073892077710984,0.01841294046039535,0.019936380448636767,0.02837578778179906,0.01720368014696883,0.04269154537570128,0.0381617221978394,0.025820106764770704,0.02440930314865287,0.027308924712245795,0.004273297632913623,0.0,0.0,0.04269154537570128,0.6504556351842439,,,,,,,,,
report_only_rho0.75_b12,report_only,0.75,12,pathinfo,5,51,quadratic-l1,,,,,,,,,,,,,,,,,,,,,,,,,0.0855975104937364,0.7450980392156863,0.0,0.04595296817246632,0.05082746372434075,0.04407317141787887,0.010094825963689208,0.14252997028363554,0.14970539228008234,0.1149176799792294,0.043281481242883245,0.11024217636148559,0.10481471332470442,0.09475998367169523,0.10359158819246263,0.1488247975604226,0.05007817175161021,0.0,0.0,0.12349110390175452,0.5696560766581907,,,,,,,,,
report_only_rho0.75_b12,report_only,0.75,12,pathinfo,8,51,flat-w4-l0.01,,,,,,,,,,,,,,,,,,,,,,,,,0.0883585109283889,0.7058823529411765,0.0,0.05635594012776872,0.0668075205644841,0.057152174290760555,0.012921684071615248,0.166684610729619,0.15603094974278087,0.11463523020026138,0.04857195229262706,0.09806032890418873,0.09197099952732966,0.13705144371725214,0.12338052080336241,0.1988126824298736,0.04716128432175562,0.0,0.0,0.12747438553671994,0.5656727950232253,,,,,,,,,
report_only_rho0.75_b18,report_only,0.75,18,cost0,11,53,flat-w4-l0.1,-1.7999399608544198,-0.2292947907779228,1.1425067264165005,0.8572795460530647,1.35600466210417,53.0,1.1383259072379202,1.2175884683980387,0.7911671136665902,0.208862955995151,12.786584168856903,53.0,0.5896617381475108,0.6720910975340906,1.0524041045338999,0.6275878534199205,2.4496316176537545,53.0,-0.6600960672291832,0.09584042609457843,1.1173847689296286,0.7992958711685729,1.553649027745702,53.0,0.5896617381475108,0.8207547169811321,0.0,-0.2623665552537562,0.8391548846767274,0.5093537012263436,0.09503402619999177,0.26383317460664274,0.6696038506282039,0.9142427126860204,0.3623076486609276,1.2410685428297423,1.1746129888989938,1.22561051120474,1.1751797082296942,1.4165322942901666,0.7596037711179056,,,,,,,,,,,,,
report_only_rho0.75_b18,report_only,0.75,18,cost0,15,53,gru-w4-l0.01,1.2730651857890602,1.3062452914856229,1.5532488353267166,0.37130876008077524,4.165351175311887,53.0,1.4006725810880016,1.482124447661799,1.0494336224400405,0.18446187493023838,10.465604294324967,53.0,1.4091659724672265,1.4093589962513702,1.4289429583840179,0.3174806454608462,5.065877056735758,53.0,1.3208492684113977,1.3382940052002115,1.5194429061549275,0.3561643739729748,4.386001158186013,53.0,1.4091659724672265,0.8679245283018868,0.0,0.2613409779950673,0.8504407199780781,0.5512768036008151,0.10699832797591657,0.07187269292389616,0.8807436175861842,0.9634034439077414,0.39694203127050176,1.3112476801797712,1.3097970877182095,1.3763312282289735,1.3397655788138172,1.6411079090342107,0.715784091665645,,,,,,,,,,,,,
report_only_rho0.75_b18,report_only,0.75,18,cost0,1,53,constant,-0.08003869104543636,-0.07804024584950925,-0.015478469274384959,0.06949352637569847,42.03360249739338,53.0,-0.06082922951690893,-0.05986620789782317,-0.016298171684883806,0.05920718389938834,44.83515911402689,53.0,-0.07627835160735195,-0.07450990881909755,-0.015621872184504372,0.06748351513376029,42.58668088812817,53.0,-0.07906788361616,-0.07713006802638216,-0.015514792324379393,0.06897475740928966,42.1764642607069,53.0,-0.07627835160735195,0.5471698113207547,0.0,-0.03883248132233811,0.016575228985497185,0.006297721440984388,0.00041061375437524564,-0.2806031526952387,-0.06628970724922277,0.02592220178834162,0.008180944248710251,-0.04402854130839911,-0.05537975356715875,-0.0010981416574445246,0.005122066689455189,-0.006662062888841112,0.000976963382738818,,,,,,,,,,,,,
report_only_rho0.75_b18,report_only,0.75,18,cost0,3,53,flat-w4-l0.01,0.3348012923746439,0.37429147715009536,0.6427564348644932,0.4037165254929678,5.607285247599195,53.0,0.5290245720822796,0.5366078910854808,0.4108744710413699,0.13771694924336175,21.943912895975558,53.0,0.4585984930599979,0.46554173534347243,0.5811129969903513,0.3094317792663052,8.653226554802488,53.0,0.37769194583498034,0.4041289729680525,0.625587745859047,0.37603433182619506,6.327289662409951,53.0,0.4585984930599979,0.7075471698113207,0.0,0.6419464778628428,0.48769881934173354,0.2799621653862757,0.05484171535781085,-1.256477937707912,0.25594023107396674,0.4700501950710836,0.19465542484955156,1.061927229025076,1.1286099853343106,0.6645558991984083,0.7037192801710309,0.4946889100441368,0.26983391888472896,,,,,,,,,,,,,
report_only_rho0.75_b18,report_only,0.75,18,cost0,5,53,flat-w4-l0.01,1.009879457844134,1.0355080984317482,0.8002322968370136,0.20657288048931277,14.429840873473484,53.0,0.7806878195396559,0.8256650898958001,0.5099685268624442,0.1263156537905611,22.822559328705847,53.0,0.9538306322156266,0.9844163178596472,0.7264583009010936,0.18653849435135414,16.118355777193553,53.0,0.994608481222836,1.0215668943244616,0.7800221100251395,0.2011477114126583,14.865675867124246,53.0,0.9538306322156266,0.7452830188679245,0.0,0.8957544373441023,0.7814791860561211,0.4034833309311287,0.07641182919792826,0.6505201090119137,0.8550064791963031,0.6905187587740431,0.2724616058959635,1.1264304172853519,1.2495795235676899,0.7849286051019563,0.8624327602349793,0.5839371130393494,0.48057563545445464,,,,,,,,,,,,,
report_only_rho0.75_b18,report_only,0.75,18,cost0,8,53,flat-w4-l0.1,0.7862811723055374,0.8006083658813017,0.96524043116314,0.5001139373181986,3.7205700404475017,53.0,0.922825083914564,0.9822475332628321,0.6165097728847652,0.1775351021241882,15.964160899404728,53.0,0.9160325590390477,0.9170553139806121,0.8714844968599831,0.3906464450590577,5.633541143861179,53.0,0.8337275852974187,0.8388975255050314,0.9388882271568822,0.4685743969828475,4.165562228339922,53.0,0.9160325590390477,0.7735849056603774,0.0,0.5636176195459163,0.8638574604185479,0.4797404501999362,0.08886784764235363,0.3319637780720436,0.7917299765370837,0.8491191687196485,0.3329328458486436,0.9816262141776306,0.9252998286093272,0.9364693341317798,1.0021180205516675,1.0383562482256496,0.6344252422174479,,,,,,,,,,,,,
report_only_rho0.75_b18,report_only,0.75,18,cost2,11,53,linear-l0.01,3.8795703882831862,3.913097551393536,4.161336286601122,0.5524691007192124,2.09807788478625,53.0,2.285517406438957,2.59716905710059,1.688630209676835,0.31174647153720353,5.2304956350264185,53.0,3.2144707113413733,3.2313275200099105,3.0419196939898163,0.5062152386788197,2.305402526405278,53.0,3.630461746913808,3.637941561668023,3.757807857168092,0.5401738693150434,2.143074115591569,53.0,3.2144707113413733,0.9622641509433962,0.0,3.2144707113413733,2.7130020052811923,1.2904386417656115,0.25404957021029584,3.1521521761498867,3.1186268459491537,2.3198350859777968,0.8885694803421305,2.9934625653972655,3.0991725314854555,2.5787593221170115,2.841116665874716,2.8437189695826537,2.235909159522781,,,,,,,,,,,,,
report_only_rho0.75_b18,report_only,0.75,18,cost2,15,53,quadratic-l0.1,-2.7653818762503932,1.2855938705340075,3.230984845023513,0.9483942204363704,1.1096040227237656,53.0,2.2462268640884377,2.5237074354109694,1.6735928034211522,0.32254285206070493,5.635189504227598,53.0,2.18177087734986,2.270408159324041,2.663862524402209,0.7879478949189552,1.5498528603310837,53.0,0.024452046427771105,1.6546944466361158,3.0464809158340915,0.9139280722873898,1.1905295358110486,53.0,2.18177087734986,0.9622641509433962,0.0,2.318742641583183,2.3969099356385066,1.2467964294857676,0.2504254247843237,2.1808910145440605,2.627131981050506,2.170446509875706,0.8727324108676023,2.7572094608316675,2.9048659491169437,2.5008851622750896,2.7001597875593544,2.7914887047954657,2.173237003730575,,,,,,,,,,,,,
report_only_rho0.75_b18,report_only,0.75,18,cost2,1,53,constant,-0.03679214620424561,-0.035437564283077094,0.016164426934734966,0.051754300694743495,46.68636022449664,53.0,-0.03055617704410363,-0.02958284416319753,0.014216118716607032,0.047699477031157365,47.62842010639987,53.0,-0.0356620289584114,-0.03438024106013062,0.01582784422928938,0.05102284149108432,46.85926300607286,53.0,-0.03650418556564771,-0.0351683038908302,0.016079314819352042,0.05156805567603613,46.73050068459007,53.0,-0.0356620289584114,0.5283018867924528,0.0,-0.014813409492078013,0.019351452632882897,0.01424266096316978,0.0029837163341389808,-0.2519440503531291,-0.08913818253840648,0.013923115924221945,0.009181976420047441,-0.01104707787633562,-0.008489281821530354,0.0032587255537139185,0.010245103994433832,0.019310150645145484,0.0011161392856102485,,,,,,,,,,,,,
report_only_rho0.75_b18,report_only,0.75,18,cost2,3,53,flat-w4-l0.01,-25.5932828916759,-1.5848850141187139,1.75985260963278,0.9871132274220418,1.026271979771969,53.0,1.4926633992769405,1.633478526170562,1.0513982120785608,0.2488496500776062,12.095382124594527,53.0,0.47056845375289547,0.8045909190897915,1.5242012298488428,0.817716580723862,1.4921149404396243,53.0,-7.280679611495253,-0.6136440659543998,1.685559195820822,0.9631152845349225,1.077985681732323,53.0,0.47056845375289547,0.8773584905660378,0.0,0.7329693324627112,1.2118044901846268,0.7658848706004525,0.15344931022935787,1.0398078455698194,1.4273321264353955,1.3357678271070403,0.5308430584572316,1.885317230807524,1.9370854210102306,1.5507638826617192,1.615716743506115,1.6827187971382909,1.07375633095418,,,,,,,,,,,,,
report_only_rho0.75_b18,report_only,0.75,18,cost2,5,53,flat-w4-l0.01,2.8860147946568744,2.9777755765014495,2.5164829591119564,0.7347368435528061,1.8416973174667441,53.0,1.969826008976539,2.335640740040585,1.338910177167764,0.32299758892554636,8.562793372437593,53.0,2.59895504720696,2.793227667739659,2.0978321328895024,0.6377023609813027,2.4278121573856315,53.0,2.791231384840836,2.9105247885222933,2.3788533723954712,0.7097323544645634,1.9709471707732205,53.0,2.59895504720696,0.9245283018867925,0.0,2.8966047416503162,2.2216516536888395,1.0332803490694382,0.2009392107198706,3.092664050943199,2.6297866866619963,1.8675902877300283,0.6983282783398161,2.892755089848685,3.058370979814034,2.162309042383942,2.372285040340412,2.39637389354204,1.6775397467740663,,,,,,,,,,,,,
report_only_rho0.75_b18,report_only,0.75,18,cost2,8,53,linear-l0.01,3.2225812199904533,3.2922285660488058,3.643608880494187,0.6702214963713402,1.9235582998290315,53.0,2.136978203821869,2.396507116161074,1.5781214254124891,0.29240651681218754,6.148499904747372,53.0,2.8480964704410128,2.8555047883797275,2.7312608273847117,0.5654156161239037,2.3894974212804225,53.0,3.071462649829419,3.09435782838357,3.300977442165643,0.6409733449139589,2.0389428209609406,53.0,2.8480964704410128,0.9433962264150944,0.0,3.028467899176503,2.5745638071614603,1.1833486336914123,0.23127006367469732,2.489858999508576,2.92183971120757,2.1673050497796473,0.812218070575661,3.15121075402899,3.3827457515519557,2.595853691067318,2.888132764314851,2.7180163585316626,2.1608328687812652,,,,,,,,,,,,,
report_only_rho0.75_b18,report_only,0.75,18,endpoint,10,53,linear-l0.1,,,,,,,,,,,,,,,,,,,,,,,,,0.08001548356783238,0.7075471698113207,0.0,0.12021624901498669,0.11800485538732022,0.06585490530416617,0.011042937575524074,0.1243354211198511,0.12798836241792563,0.0941664159175412,0.021367339749923317,,,,,,,0.0,0.0,0.11543794133764412,0.5777092392223012,0.12382423328628264,0.12162352255966397,0.10360484186119816,0.10567430985010631,0.3316368406132556,0.32198016404487995,-0.8399755829080886,0.26051039528438036,-0.3950810416206425
report_only_rho0.75_b18,report_only,0.75,18,endpoint,11,53,quadratic-l0.1,,,,,,,,,,,,,,,,,,,,,,,,,0.1152934830521765,0.7547169811320755,0.0,0.11403569854515291,0.11876057239737652,0.06914546431258835,0.011707706621870501,0.17453887287044786,0.17213686381320356,0.11222245048496245,0.024531304584819325,,,,,,,0.0,0.0,0.1663333362461908,0.5268138443137546,0.17074409298643703,0.16920177217851778,0.11973358075505368,0.11818613529783223,0.4057635408054988,0.3940102806180592,-0.9387607974616657,0.3188970953926471,-0.431013703849835
report_only_rho0.75_b18,report_only,0.75,18,endpoint,12,53,linear-l0.1,,,,,,,,,,,,,,,,,,,,,,,,,0.07616870137135168,0.7169811320754716,0.0,0.1026889639181361,0.10441681442418525,0.06095285891302983,0.010334768847933494,0.12102743406233553,0.12284598343228983,0.0905830701989096,0.020895142640426995,,,,,,,0.0,0.0,0.10988820773940144,0.583258972820544,0.116851405885381,0.11397786315658458,0.09880811698318596,0.09748591539310263,0.36841476091097514,0.3576830023460535,-0.4080864632893452,0.2891981399782655,-0.13433562532756604
report_only_rho0.75_b18,report_only,0.75,18,endpoint,13,53,linear-l0.1,,,,,,,,,,,,,,,,,,,,,,,,,0.03968041074512699,0.6415094339622641,0.0,0.05614752842994085,0.057246731802431845,0.035031794530422225,0.006001857859686906,0.060516148684755466,0.06008644681848723,0.04807975054809776,0.011314331911330668,,,,,,,0.0,0.0,0.057246731802431845,0.6359004487575136,0.0581336196281495,0.0562173243365273,0.043893407372976305,0.04499196205520022,0.27874394513272904,0.2702476910536735,-0.8968739288252854,0.21701290278561813,-0.4725923969151784
report_only_rho0.75_b18,report_only,0.75,18,endpoint,14,53,quadratic-l0.1,,,,,,,,,,,,,,,,,,,,,,,,,0.08019089910636028,0.7358490566037735,0.0,0.1117792957656407,0.11105974043446486,0.06290639607325102,0.010594241744504199,0.12407834753962824,0.12893662156143193,0.09176697061453397,0.020614120995918323,,,,,,,0.0,0.0,0.11569101246517319,0.5774561680947722,0.12761091950830053,0.1271096596631504,0.10420545072754046,0.10419051796360271,0.27438754261095266,0.2662720212951994,-1.16169991160278,0.21481339453360612,-0.6097815043247012
report_only_rho0.75_b18,report_only,0.75,18,endpoint,15,53,linear-l0.1,,,,,,,,,,,,,,,,,,,,,,,,,0.0519838552493727,0.6509433962264151,0.0,0.055802447635309844,0.057643029424231856,0.035060027312303656,0.0059852544422913335,0.08176602050883053,0.08256246831530162,0.05820210349821987,0.01298815395030297,,,,,,,0.0,0.0,0.0749968501745597,0.6181503303853857,0.1002404957799305,0.09890450900585114,0.04799031342279826,0.048432206272834774,0.3794381277151883,0.3684997601992106,-0.4829484712056491,0.2984498458919844,-0.1673844104014895
report_only_rho0.75_b18,report_only,0.75,18,endpoint,1,53,mlp-w4-l0.1,,,,,,,,,,,,,,,,,,,,,,,,,-0.00046971758746123946,0.5283018867924528,0.0,-0.004417898003822444,-0.001238332808061778,0.000560919175659899,0.00013061570146288105,-0.011368631803832227,-0.00443599167424814,0.0004671816620907763,0.0002985274415823799,,,,,,,0.0,0.0,-0.0006776592340486581,0.6938248397939939,-0.0013798245562727754,-0.0029656714435601058,-0.0008862755952139832,0.0010013579627647959,0.4634969558239226,0.44550237710520146,-0.5540252467022655,0.3424413404531685,-0.28040446843750333
report_only_rho0.75_b18,report_only,0.75,18,endpoint,2,53,linear-l1,,,,,,,,,,,,,,,,,,,,,,,,,0.010949938931793133,0.5943396226415094,0.0,0.024378959171130164,0.030777883128769203,0.019294958989285096,0.0032344720723845215,0.028964465602995544,0.0325382977079202,0.027414154888981954,0.006340318397803523,,,,,,,0.0,0.0,0.015797422594934947,0.6773497579650104,0.021740743492890242,0.022874862470246834,0.023212662641596216,0.019644640518242253,0.47575325607623203,0.45762290471152145,-1.0948780205401971,0.3529970920992956,-0.5876239338101142
report_only_rho0.75_b18,report_only,0.75,18,endpoint,3,53,linear-l0.1,,,,,,,,,,,,,,,,,,,,,,,,,0.028010620364105045,0.660377358490566,0.0,0.04100172655044752,0.04428591561292019,0.02690452314313863,0.004558007182946223,0.050017884723525,0.051327231245660285,0.03827588175304309,0.008651816757955809,,,,,,,0.0,0.0,0.04041078309151776,0.6527363974684274,0.04509191169122959,0.046897280079787905,0.031124441344664886,0.03047582587144936,0.43799349117111297,0.42202567598772694,-1.0209519146082027,0.32826667297463485,-0.5156678979942091
report_only_rho0.75_b18,report_only,0.75,18,endpoint,4,53,linear-l0.1,,,,,,,,,,,,,,,,,,,,,,,,,0.0340522843511657,0.6320754716981132,0.0,0.06616736130622117,0.06675815902867817,0.03864855877826808,0.0065084528567732,0.06367022299618375,0.06619931020552353,0.051953339953077854,0.012046111138102346,,,,,,,0.0,0.0,0.04912706176436762,0.6440201187955776,0.06071004292475625,0.06234230860383034,0.04656491850538263,0.04823364142414025,0.48965345320354314,0.47264598087259,-0.7212601929538299,0.37102768983394285,-0.32267337029783627
report_only_rho0.75_b18,report_only,0.75,18,endpoint,5,53,linear-l0.1,,,,,,,,,,,,,,,,,,,,,,,,,0.05600695410592189,0.6415094339622641,0.0,0.0798593734009429,0.08080095494390928,0.04691429705319567,0.00792036026553835,0.05403101781310726,0.06621913892280125,0.060134531618406005,0.014554407050083068,,,,,,,0.0,0.0,0.08080095494390928,0.612346225616036,0.06760230838290882,0.06833808510378568,0.060990378028144984,0.06413738467658679,0.33454091367035943,0.3237646905013518,-0.5844885437258479,0.2576912530047813,-0.28810385195128807
report_only_rho0.75_b18,report_only,0.75,18,endpoint,6,53,linear-l0.1,,,,,,,,,,,,,,,,,,,,,,,,,0.10330284655777192,0.6981132075471698,0.0,0.15474581142176452,0.14903450443861108,0.08058558512069658,0.013428345883279512,0.1407838082454134,0.14572814706648501,0.10926233949786582,0.0250849243379858,,,,,,,0.0,0.0,0.14903450443861108,0.5441126761213342,0.14357309489464132,0.14618305973720566,0.1270664847570979,0.1313608231135823,0.34379535989670074,0.333273848161789,-0.6110984202757924,0.26747744686821673,-0.2734666251205867
report_only_rho0.75_b18,report_only,0.75,18,endpoint,7,53,linear-l0.1,,,,,,,,,,,,,,,,,,,,,,,,,0.12603305305413218,0.7264150943396226,0.0,0.191339777758721,0.1849992003927658,0.09887017512911923,0.016445708987587817,0.20739358054126295,0.20396159784167053,0.14335502071464024,0.03242761767700139,,,,,,,0.0,0.0,0.1818272606292921,0.5113199199306531,0.20967373274685774,0.20897520996811392,0.169216120227711,0.17168018743959249,0.4445557481761536,0.43204402194610525,-0.7161165712022673,0.35119883408299224,-0.2736585680450735
report_only_rho0.75_b18,report_only,0.75,18,endpoint,8,53,linear-l0.1,,,,,,,,,,,,,,,,,,,,,,,,,0.09179348647645622,0.6981132075471698,0.0,0.13595689311741715,0.13243000772549152,0.07266742048866823,0.012152320870708702,0.13342144054994598,0.13553739460566805,0.10066328157370853,0.023198535969042717,,,,,,,0.0,0.0,0.13243000772549152,0.5607171728344538,0.13078113957150592,0.13178249073880968,0.11094085796451568,0.11478391673508413,0.35045539787060576,0.33995201208025394,-0.4896990690057336,0.2737410017577093,-0.1954840009751298
report_only_rho0.75_b18,report_only,0.75,18,endpoint,9,53,linear-l0.1,,,,,,,,,,,,,,,,,,,,,,,,,0.12682863869590544,0.7641509433962265,0.0,0.19261209893224263,0.18297504808928086,0.09726084355343179,0.016197123161347162,0.19725254511474072,0.19262284924600445,0.13468387398432177,0.030480818617705203,,,,,,,0.0,0.0,0.18297504808928086,0.5101721324706644,0.18444372247390914,0.1857831287903847,0.1657040694141398,0.16939329497577404,0.35697138955537544,0.34656965414957513,-0.6418880674161852,0.28004535567349403,-0.2843033254021571
report_only_rho0.75_b18,report_only,0.75,18,mixture,11,53,quadratic-l0.1,1.6469322378169045,1.7400025967458146,2.1425256682825013,0.4662669215257731,2.727465452397807,53.0,1.7056476545390622,1.8637698742268873,1.2433851969042657,0.23333427673488458,8.533824005943094,53.0,1.8680513635022555,1.8681867751928716,1.8845984738388395,0.4081653208600573,3.3343167106910516,53.0,1.7361167598770013,1.7817366506201986,2.0693245949372594,0.4506363814142831,2.8647878986481228,53.0,1.8680513635022555,0.9009433962264151,0.0,1.6037421293967022,1.7333631532700398,0.8169946136370492,0.1506087438146585,1.4383726111831818,1.80531138393902,1.542356714117547,0.5645647726468344,1.5616131252724303,1.8096189227339181,1.7191118156979053,1.82993482535881,1.9895968968928797,1.3221328026021457,,,,,,,,,,,,,
report_only_rho0.75_b18,report_only,0.75,18,mixture,15,53,gru-w4-l0.01,1.4498962302162943,1.5650692902869912,2.009503025422229,0.6039425073320608,2.4628606427250337,53.0,1.6808668104685265,1.8062996188071612,1.259894308427604,0.22258659344351703,8.595203981344344,53.0,1.760923484607869,1.7622252688521953,1.8128201810031535,0.47172277609819535,3.49937126301452,53.0,1.5749459566864006,1.6328924677765724,1.955054929990183,0.5656118151612372,2.719150986758554,53.0,1.760923484607869,0.8915094339622641,0.0,1.444576521399772,1.5843609886826737,0.8347752901775496,0.15918009002808123,0.9991318044419487,1.707197440487482,1.500471190586937,0.5855749825170382,1.5268052156787317,1.6459527835602565,1.7595287698316104,1.8402167909417824,2.048839050386349,1.2899761425374618,,,,,,,,,,,,,
report_only_rho0.75_b18,report_only,0.75,18,mixture,1,53,flat-w4-l0.01,-0.020438002495455958,-0.018672678889901352,0.04016391086928935,0.05825724103308423,44.68348045616198,53.0,-0.010427830885041942,-0.009323899514014605,0.037298887060682046,0.052201613619684055,46.21502191893012,53.0,-0.01855389080736309,-0.016921476305516422,0.03967821028286424,0.057130530993475426,44.972278386243,53.0,-0.01995500403324934,-0.01822411394980572,0.0400414308645648,0.05796888716854692,44.7575328008673,53.0,-0.01855389080736309,0.5377358490566038,0.0,-0.02198846123123144,0.02044924738348057,0.009593380247759586,0.0014325511955673872,-0.2342679736739034,-0.06877293889811334,0.02215996779904563,0.007893287859850925,-0.01441830887748817,-0.029078924471506173,-0.00014088593736481515,0.011162375018980661,0.01688880167051519,0.0007264414519450811,,,,,,,,,,,,,
report_only_rho0.75_b18,report_only,0.75,18,mixture,3,53,flat-w4-l0.01,1.4742072831430513,1.5290516608937244,1.1785227642183795,0.25923336452416545,11.159789113448602,53.0,1.087024058093632,1.1706995073996755,0.7317145091108012,0.14868143891701713,20.951113239107414,53.0,1.371737179388566,1.4353544771768427,1.0561272891585127,0.23099172343381807,13.00698600761729,53.0,1.445524579995566,1.5027916690656247,1.1441474295332459,0.2515531009138477,11.627889783506612,53.0,1.371737179388566,0.7735849056603774,0.0,0.8463967411953137,0.8270012004903398,0.4831633181424161,0.09291354323848036,-0.3660445819424451,0.7967781748297392,0.8421951694739125,0.3303912418785923,1.5099456124887187,1.479463811632226,1.052749276139518,1.09672152487697,1.0222226634634506,0.6027583182492953,,,,,,,,,,,,,
report_only_rho0.75_b18,report_only,0.75,18,mixture,5,53,flat-w4-l0.01,1.8226600715422532,2.0515909418027407,1.2892181293061469,0.09235473097565348,26.354572332543118,53.0,1.3339072137289256,1.5234458895497869,0.8375420146586229,0.08187816926985814,30.299196673401187,53.0,1.697381894118853,1.91915427235042,1.1702809530763105,0.0904420919498137,27.037247728960445,53.0,1.7880622557957564,2.015171728707628,1.2562184603330686,0.09186731632661138,26.526848318731897,53.0,1.697381894118853,0.8349056603773585,0.0,1.7961135768769634,1.4022470618712688,0.6551618008054616,0.12051621117372685,1.788042477881635,1.6439722427952022,1.1930672674293135,0.43648033497808625,1.9797272664648873,2.065683984720793,1.376183870137798,1.5074084106885346,1.4968496596150063,0.9956126795923506,,,,,,,,,,,,,
report_only_rho0.75_b18,report_only,0.75,18,mixture,8,53,flat-w4-l0.01,0.7567181632422766,1.1795516560777066,1.977338034089119,0.7296417611673368,1.8073738208255323,53.0,1.4698604234914938,1.5941420473188597,1.0504764875153962,0.22931234557963306,10.185416856352944,53.0,1.4775797016366552,1.4948897951803426,1.6753593199441572,0.5530136966468622,2.8666905165777092,53.0,1.072513494594612,1.2909672385143312,1.886486965414489,0.6800194456020534,2.0423230200853655,53.0,1.4775797016366552,0.8632075471698113,0.0,1.7644175410834462,1.6522859249706083,0.7562964140622678,0.1380266429641221,1.4815610916529014,1.7675079690605249,1.4320562351137625,0.5152862338760189,1.80634714049904,1.9571979094107075,1.6619676986593444,1.8367966270189442,1.6900813608217864,1.2745776593145712,,,,,,,,,,,,,
report_only_rho0.75_b18,report_only,0.75,18,pathinfo,11,53,linear-l0.1,,,,,,,,,,,,,,,,,,,,,,,,,0.143486725918352,0.8018867924528302,0.0,0.17602186151070842,0.18941434729330986,0.13082000009401631,0.027422063878747564,0.2382602969589738,0.24159499815549132,0.20171844067255534,0.0892354919155949,0.20360895238989637,0.20856376156548628,0.21402001844962307,0.22467747170366906,0.22317584994699918,0.17730817410837166,0.0,0.0,0.20700758791580032,0.4861395926441449,,,,,,,,,
report_only_rho0.75_b18,report_only,0.75,18,pathinfo,15,53,linear-l0.1,,,,,,,,,,,,,,,,,,,,,,,,,0.12278044351748689,0.7264150943396226,0.0,0.18720869197633294,0.18432545066222142,0.11057882502369897,0.02235570612022882,0.19239725940731572,0.21063262690865553,0.17910369722323888,0.07265354956924863,0.18049045755703857,0.19020801854983468,0.19499959148114518,0.20236957169518469,0.1886073079569168,0.09835650003805707,0.0,0.0,0.17713473698082582,0.5160124435791194,,,,,,,,,
report_only_rho0.75_b18,report_only,0.75,18,pathinfo,1,53,flat-w4-l0.1,,,,,,,,,,,,,,,,,,,,,,,,,-0.0003570033092898055,0.5188679245283019,0.0,-0.0053273705222835815,-0.002492651061020968,0.00045540898512570527,0.00023621978523424533,-0.01758456077797618,-0.009306153681099792,-0.0018575999613770762,0.000669117880786647,-0.0013231299857447934,-0.003330859856012074,-0.00036674603309526404,-9.452193022472055e-05,-0.0019230139857369063,2.5799611655785074e-05,0.0,0.0,-0.0005150469038933512,0.6936622274638388,,,,,,,,,
report_only_rho0.75_b18,report_only,0.75,18,pathinfo,3,53,linear-l1,,,,,,,,,,,,,,,,,,,,,,,,,0.03257632104861045,0.6037735849056604,0.0,0.042203423285529076,0.045003059173139695,0.03544339867678365,0.007958896029328448,0.06950520641455007,0.06463069786907756,0.05628038118254228,0.02638505393612757,0.05265025870821457,0.05371896892792043,0.036867354475167605,0.03940705746162602,0.04042829296620424,0.01795881074630995,0.0,0.0,0.04699769682723705,0.6461494837327082,,,,,,,,,
report_only_rho0.75_b18,report_only,0.75,18,pathinfo,5,53,linear-l1,,,,,,,,,,,,,,,,,,,,,,,,,0.04821771541774773,0.660377358490566,0.0,0.07580951030935724,0.08045490127370718,0.062365014074227676,0.013921167175442598,0.048315819053071064,0.060935902617024106,0.07765841330119815,0.04281371739887687,0.07628658739789346,0.07227299251923432,0.0724139291508951,0.07624261160738026,0.07529806257584509,0.06217073025236756,0.0,0.0,0.06956345891617996,0.6235837216437654,,,,,,,,,
report_only_rho0.75_b18,report_only,0.75,18,pathinfo,8,53,linear-l0.1,,,,,,,,,,,,,,,,,,,,,,,,,0.11425605090166294,0.7075471698113207,0.0,0.16399712105480382,0.1663470961029157,0.1138827747241033,0.024094512410187428,0.16952010583944374,0.1648181020190789,0.16203683007326564,0.0763692530677674,0.189049851135341,0.19603742013705353,0.18637036313591243,0.1948649983169024,0.1750920747176269,0.1594016501374878,0.0,0.0,0.1648366380273861,0.5283105425325592,,,,,,,,,
report_only_rho0.75_b3,report_only,0.75,3,cost0,11,59,linear-l0.1,-0.5538502733390431,-0.2629860348845434,0.4139098861305066,0.46954509292997043,4.129285716692434,59.0,0.2462252732805499,0.24629784062449683,0.23422641697230645,0.11794687275982638,26.725916106293585,59.0,-0.0977027087512084,-0.01823950999769869,0.3555973919297956,0.322368026959122,7.6464613096892124,59.0,-0.386866278957585,-0.1823368704143003,0.3957391450416991,0.4242397066448823,4.9101977207811585,59.0,-0.0977027087512084,0.6949152542372882,0.0,0.39640992015784743,0.523343776042894,0.2750101310418606,0.050127247795494975,0.22640206116938053,0.5725215239087021,0.5164278466343805,0.19340674134656788,0.4141079776569721,0.434107240708577,0.43724027120350023,0.4189283670822637,0.26447099297502713,0.24910901518213216,,,,,,,,,,,,,
report_only_rho0.75_b3,report_only,0.75,3,cost0,15,59,linear-l0.1,0.4772578697493032,0.4775484774714328,0.4533428075113265,0.17644103949729723,19.516394799320032,59.0,0.4232893212160595,0.4332376431617911,0.28878663414397027,0.10111718651876353,33.577096312878425,59.0,0.4652551792854022,0.4667820430307209,0.4110078243797636,0.1562595632986958,22.433685267777637,59.0,0.47392221703201143,0.47445682587011295,0.4415787533952875,0.17088433240657108,20.26954813865608,59.0,0.4652551792854022,0.7033898305084746,0.0,0.3398719907047822,0.491028197026897,0.2612174098194953,0.04692801313378504,0.39446467109164984,0.5322590402417464,0.47655403262623647,0.17809425089743358,0.2975225592190461,0.18637352281566164,0.4056374773376918,0.3544190035582652,0.3554827912062029,0.18816064719618297,,,,,,,,,,,,,
report_only_rho0.75_b3,report_only,0.75,3,cost0,1,59,flat-w4-l0.1,-0.08330147113827202,-0.07961477738969161,0.005042143013691074,0.0646689456458428,49.386052837775175,59.0,-0.06815488525409089,-0.06562510809894788,0.0046720795237570984,0.05371028454010963,51.950014186493654,59.0,-0.0803297634816379,-0.0768859977985824,0.004972935770091052,0.0624776777968537,49.92081409107777,59.0,-0.08253330177251202,-0.07891013863575072,0.005024437741666359,0.06410108632402449,49.52559156914179,59.0,-0.0803297634816379,0.5338983050847458,0.0,-0.07903160077603782,-0.042316261697064594,0.00048782173110855726,0.0018218422470407392,-0.1474760339600204,-0.11190652620703537,-0.029164669187061457,0.004755067037487097,-0.030197433868740603,-0.034899285416131486,-0.006910707708536111,0.003758647082833581,-0.042576932205275836,-0.0006116040062477349,,,,,,,,,,,,,
report_only_rho0.75_b3,report_only,0.75,3,cost0,3,59,linear-l0.1,-0.2791907027004818,-0.24414119421657,0.00943548900873636,0.2517815852373507,13.34435985562589,59.0,-0.07339000603033002,-0.07167846437557461,-0.013736336440086913,0.09690125623086755,38.88965150167079,59.0,-0.19943306664965543,-0.18126324840857522,0.0034973226704691075,0.19960022778439676,18.87659727847604,59.0,-0.25467322351053,-0.22527090632066293,0.007808496703502258,0.23656054122130935,14.714140760728194,59.0,-0.19943306664965543,0.5,0.0,-0.08249058688390146,0.06981005913087282,0.07370020342743652,0.014963495383819893,-1.6329203796850014,-0.23217705387254262,0.10251802024304855,0.052182223291146045,-0.2186474264527064,-0.19376503082250596,0.002136394508742238,0.02217627504217393,-0.03010501299225442,0.010648138365162832,,,,,,,,,,,,,
report_only_rho0.75_b3,report_only,0.75,3,cost0,5,59,flat-w4-l0.01,0.1714626083201956,0.17186663175977046,0.20015875830896956,0.11770405658620706,30.923420802415645,59.0,0.1743278550131837,0.1746957068277776,0.14744867604335013,0.07875131118382529,39.48757192580051,59.0,0.17313195322905134,0.17325173638484073,0.18868984127572122,0.1083721355586973,32.85577238995674,59.0,0.1719592400722882,0.1722707634735919,0.19712825838363632,0.11519826632074061,31.43414982645756,59.0,0.17313195322905134,0.6440677966101694,0.0,0.43308609456282365,0.37977711901864003,0.19673890147626902,0.03636026072015872,0.40570317017031476,0.5172994597422519,0.3475272359900186,0.12823901562866763,0.0784534369378198,0.003392983637204665,0.17213081079994125,0.16353827087531675,0.15703506918635948,0.12232239866240176,,,,,,,,,,,,,
report_only_rho0.75_b3,report_only,0.75,3,cost0,8,59,linear-l0.1,0.36065500081196306,0.36453801659365553,0.27509935237496,0.10118484287093651,38.1487364750907,59.0,0.28694505611214915,0.2938677635774288,0.1738476841814552,0.07601730834734124,44.829831863692256,59.0,0.34011784229126096,0.3445900178746564,0.24850091730089233,0.0957055521268275,39.578430893439204,59.0,0.35480511819329413,0.35883935969794434,0.26764950321665537,0.09974204139069306,38.523009367742574,59.0,0.34011784229126096,0.6864406779661016,0.0,0.5568900047475669,0.534729903582939,0.27047442617195483,0.049413163499546824,0.22839630063383498,0.49919694021258826,0.45401392921632466,0.17155136876466745,0.27448458874391246,0.27913572053072294,0.3044831181422531,0.3588145048755963,0.2586749703245299,0.23436659365455192,,,,,,,,,,,,,
report_only_rho0.75_b3,report_only,0.75,3,cost2,11,59,flat-w4-l0.1,-64.94002603407696,-1.8053400134792588,2.419440034149959,0.9903785776145189,1.019507654359194,59.0,1.3004957629099505,1.3916496616344407,0.9320016555000904,0.19811837205315866,11.68300111576668,59.0,0.3145439356361154,0.8265577925284497,1.693016145428937,0.7453500372879289,1.7701624464726151,59.0,-12.743873988878654,-0.6357365983207228,2.12886661197317,0.9595129714598478,1.0858537862689046,59.0,0.3145439356361154,0.8305084745762712,0.0,1.1185650557511941,1.3468719304155157,0.6424140048347863,0.11853614409438841,0.9425846970119423,1.6565906622234894,1.2991615918658117,0.4567669384648914,1.401628242990768,0.9320195013122148,1.3947581886243967,1.3872049726275273,1.5361734919130616,1.0414941916307487,,,,,,,,,,,,,
report_only_rho0.75_b3,report_only,0.75,3,cost2,15,59,linear-l0.01,1.7235403235798057,1.878739738984578,2.3886017612195394,0.4002983216415949,3.292010523165719,59.0,1.5311183371352195,1.644190316078719,1.127772217533398,0.19007928728582846,10.161286530698492,59.0,1.7906357319120096,1.798570024390884,1.9219504340275837,0.3422351194559744,4.176425402460092,59.0,1.755543492296074,1.8443165646460917,2.2380524770799486,0.3844277120724897,3.4994733521590944,59.0,1.7906357319120096,0.8389830508474576,0.0,1.3060191305324869,1.6255564322391503,0.7768344603474424,0.1458251961665885,1.1172570668823762,1.6756553934575171,1.480009857385685,0.5417364102694142,1.7710800030458165,1.6065075559548594,1.6015040891605288,1.6222321522984329,1.699148908619855,1.3069660684942308,,,,,,,,,,,,,
report_only_rho0.75_b3,report_only,0.75,3,cost2,1,59,constant,-0.05276699674009254,-0.05273523305934785,-0.04477540155002552,0.025548547778604182,58.202154145109965,59.0,-0.05220501775825325,-0.052174521324892476,-0.044374880583601006,0.02539990021641248,58.21427843620346,59.0,-0.052675607297189085,-0.05264405157839116,-0.04471028549873592,0.025524358119178976,58.20413077291772,59.0,-0.05274409566145175,-0.0527123841618147,-0.044759084841876434,0.025542485577823633,58.20264964538586,59.0,-0.052675607297189085,0.4491525423728814,0.0,-0.09465829788501104,-0.06676359507441419,-0.018591257972472058,-0.002139730834070015,-0.19411373192962225,-0.13675687886262708,-0.04658280039707107,-0.007273823077292695,-0.05642423634620694,-0.09197764533682709,-0.00840280767393887,-0.02164121451746637,-0.03229897281267163,-0.0014147827641763431,,,,,,,,,,,,,
report_only_rho0.75_b3,report_only,0.75,3,cost2,3,59,flat-w4-l0.01,-3.680993013849884,-1.2762762847711224,0.3366924870076246,0.8205717224498937,1.4827241639644955,59.0,0.155714293507675,0.15585304702481828,0.13914812477226413,0.1252766217232806,27.659353787329945,59.0,-0.5642485970683057,-0.3448366240319425,0.25185878609901646,0.5094904518141781,3.7403563113005767,59.0,-2.1062246441164834,-0.921050322733765,0.306444362216218,0.7369287828802433,1.8335555737142182,59.0,-0.5642485970683057,0.6271186440677966,0.0,0.11615432858479532,0.12316604566792247,0.06400796923857871,0.011718101045326357,-1.7973580834488978,-0.48240620652806904,0.1267041789171632,0.05053176783926229,0.1579890235426602,0.124684747913206,0.04613194817666523,0.06952136810267183,0.1626085373453431,0.01785285094986916,,,,,,,,,,,,,
report_only_rho0.75_b3,report_only,0.75,3,cost2,5,59,linear-l0.1,-7.79961491060453,-1.653877550696462,0.5852172336467716,0.9069229194130783,1.215450234851498,59.0,0.27519393924716,0.2754215651326065,0.25400878945603844,0.12693574037776423,29.42533483391934,59.0,-0.6078391286875605,-0.28224967117493305,0.42929364488394184,0.5732577399318995,2.999875865872139,59.0,-3.5967170500055734,-1.1079550038190042,0.5256644671596317,0.829686670957333,1.4510665621336867,59.0,-0.6078391286875605,0.6440677966101694,0.0,0.543388426098818,0.4017509208347333,0.1918392265592913,0.0349850757032139,-0.22871304798220876,0.5801917887879943,0.3813695390386979,0.1336112755749354,0.49446514385056217,0.5756243818696627,0.24753574134628356,0.2822171942569878,0.23037388919590215,0.10915142610586348,,,,,,,,,,,,,
report_only_rho0.75_b3,report_only,0.75,3,cost2,8,59,quadratic-l0.1,1.1857121327739457,1.2048873827449065,1.394531711027842,0.5394627515893963,3.3531009044054616,59.0,1.0011640734114577,1.0612375918743493,0.6933794321649046,0.16348891745592825,21.00955819675312,59.0,1.2081573224868059,1.2098810855939375,1.1505851922482586,0.40538637264581295,5.679373142358594,59.0,1.2029284611994138,1.2092527499935621,1.319649475509737,0.5006597685887485,3.8597135485785463,59.0,1.2081573224868059,0.7711864406779662,0.0,0.8150864562096866,0.9110467969596221,0.43989334810757375,0.07903187731654256,1.0424417138460573,1.1935229756612438,0.8957100551884954,0.30705777182181454,1.3818471630873963,1.3093908365781834,0.8945111303125307,0.9568259001958861,1.1214140830190993,0.653631237129419,,,,,,,,,,,,,
report_only_rho0.75_b3,report_only,0.75,3,endpoint,10,59,linear-l0.1,,,,,,,,,,,,,,,,,,,,,,,,,0.011593326134943979,0.6101694915254238,0.0,0.03605078993703836,0.033709062128690674,0.01954915902407532,0.0033019037226221324,0.04107306170805793,0.03457610033485197,0.02704563577258584,0.0064371462442869695,,,,,,,0.0,0.0,0.016725634122292093,0.6764215464376532,0.02839423208857183,0.029921445813775108,0.02353463555299932,0.019188927005756556,0.2508635929215498,0.2431633181933779,-0.6246994477808189,0.19604783727651284,-0.32040601120962425
report_only_rho0.75_b3,report_only,0.75,3,endpoint,11,59,linear-l0.1,,,,,,,,,,,,,,,,,,,,,,,,,0.0317385553283922,0.6440677966101694,0.0,0.048572634426427334,0.050700384671669714,0.031059088343440917,0.00532559323211973,0.05073996341709151,0.05289571071219941,0.04347460145550619,0.01069570670561499,,,,,,,0.0,0.0,0.045789056377251405,0.6473581241826939,0.05048254697630189,0.05066959095203793,0.037463196313090336,0.0376028622523863,0.29963909591638926,0.29036463015113156,-0.10890876105904536,0.2336745232375831,0.001163241192781453
report_only_rho0.75_b3,report_only,0.75,3,endpoint,12,59,linear-l0.1,,,,,,,,,,,,,,,,,,,,,,,,,0.04706932031710161,0.6694915254237288,0.0,0.0659396215088882,0.06790667499949662,0.04009359964886873,0.006796563088412669,0.06555480258956876,0.07057175122674529,0.057240618075109134,0.013775709579979006,,,,,,,0.0,0.0,0.06790667499949662,0.6252405055604485,0.06888858800215449,0.06762579321339236,0.05061291791983264,0.052373295124078574,0.24291601576040073,0.23647004569865424,-0.7178531567435505,0.1949668639322084,-0.35588579922795
report_only_rho0.75_b3,report_only,0.75,3,endpoint,13,59,linear-l0.1,,,,,,,,,,,,,,,,,,,,,,,,,0.04871617067424789,0.652542372881356,0.0,0.06255412382251063,0.06356232043070863,0.03719184536784389,0.006287801793257428,0.07415512953081115,0.0772710380391229,0.05885670715236806,0.01380153347998291,,,,,,,0.0,0.0,0.07028257784283778,0.6228646027171075,0.08396937766484815,0.08300931481915044,0.04850596886366651,0.04907640812606012,0.29521678548619024,0.2876043727859583,-0.5547983241689327,0.2381368081484502,-0.2507167614534308
report_only_rho0.75_b3,report_only,0.75,3,endpoint,14,59,linear-l0.1,,,,,,,,,,,,,,,,,,,,,,,,,0.043414631980851465,0.6271186440677966,0.0,0.06141938358770981,0.06164243197915523,0.035969291324632294,0.006080695977962577,0.06470827621754256,0.06738602242020837,0.053191863432091736,0.01254435397082212,,,,,,,0.0,0.0,0.0626340742607938,0.6305131062991515,0.07508384748651907,0.07330936870441551,0.04294787913167979,0.0439488122702256,0.3790955411353193,0.3692111564794166,-0.5754397576276935,0.3052914276228397,-0.23329122579137118
report_only_rho0.75_b3,report_only,0.75,3,endpoint,15,59,linear-l0.1,,,,,,,,,,,,,,,,,,,,,,,,,0.060641521060007045,0.6864406779661016,0.0,0.09080299069431993,0.0874872217052358,0.04888891531326248,0.008188073246226859,0.10365563445870134,0.1003699680367725,0.07465926558711238,0.017324566884760143,,,,,,,0.0,0.0,0.0874872217052358,0.6056599588547096,0.10654566817524447,0.10532828364860773,0.07500272297083914,0.07568117169425961,0.3736293402879457,0.36436022654098454,-0.26959157084760715,0.30316143387226135,-0.042675810506278555
report_only_rho0.75_b3,report_only,0.75,3,endpoint,1,59,constant,,,,,,,,,,,,,,,,,,,,,,,,,-0.009312236716328233,0.4491525423728814,0.0,-0.01776902782971778,-0.009198210150468709,-0.001665545521362694,-0.00017143492008863003,-0.022547552055346632,-0.014023682890159792,-0.003951795844323105,-0.00047017978204200926,,,,,,,0.0,0.0,-0.013434717730230866,0.7065818982901761,-0.020416762771528846,0.0004011610076341214,-0.0018671404553022072,-0.0010666263309673627,0.48183028704448017,0.4637915284438608,-0.4777142305699661,0.3608222445605208,-0.23270624905882228
report_only_rho0.75_b3,report_only,0.75,3,endpoint,2,59,mlp-w4-l0.1,,,,,,,,,,,,,,,,,,,,,,,,,-0.009076530918696537,0.4576271186440678,0.0,-0.030666551101391774,-0.021784454102361968,-0.007030472819727129,-0.0009199858102990283,-0.04508820266543322,-0.031787370151549525,-0.01269445158058004,-0.0020002247191121857,,,,,,,0.0,0.0,-0.013094666144878841,0.7062418467048241,-0.018494956438256268,-0.019539097927385406,-0.012058189140015678,-0.005843402024674625,0.4465855151516015,0.4303410315366666,-0.5718460863278114,0.33664944191608703,-0.2885407500766087
report_only_rho0.75_b3,report_only,0.75,3,endpoint,3,59,mlp-w4-l0.01,,,,,,,,,,,,,,,,,,,,,,,,,-0.0231375819780681,0.3983050847457627,0.0,-0.019198099680799257,-0.018614292492082404,-0.00742620100700294,-0.0010100572440845728,-0.021853270047554503,-0.017218831466212652,-0.01028709475708793,-0.0018320833687851111,,,,,,,0.0,0.0,-0.0333804747779207,0.7265276553378658,-0.03430117493052253,-0.023908944840718264,-0.01409276012318285,-0.0048978186496851945,0.3008322652758019,0.2897650256947661,-0.7808307374047243,0.22630410730744793,-0.43796646225146507
report_only_rho0.75_b3,report_only,0.75,3,endpoint,4,59,mlp-w4-l0.01,,,,,,,,,,,,,,,,,,,,,,,,,-0.03428691725271061,0.3898305084745763,0.0,-0.04282264079449067,-0.033061773053729995,-0.011570419127488862,-0.0015358959477282433,-0.06737898212842666,-0.04917949549365606,-0.020878043260129747,-0.0033294768675236892,,,,,,,0.0,0.0,-0.049465565487855835,0.742612746047801,-0.04718657043265861,-0.043116077176557424,-0.012555794520997157,-0.009630127921067228,0.3011721212769979,0.2903409219906071,-0.7487086590586797,0.22769482342474176,-0.40699654106595684
report_only_rho0.75_b3,report_only,0.75,3,endpoint,5,59,mlp-w4-l0.1,,,,,,,,,,,,,,,,,,,,,,,,,-0.008870021609165831,0.423728813559322,0.0,-0.022833088027109517,-0.019334253203488992,-0.007079103184336728,-0.0009588159218759737,-0.024139618117257435,-0.02002758245886514,-0.01004266034892435,-0.001726801281245463,,,,,,,0.0,0.0,-0.012796736188121488,0.7059439167480668,-0.020954816010092577,-0.017967172178765596,-0.013016461750447014,-0.0039037786730514875,0.2899835951658368,0.28062763539560454,-0.48048881251910536,0.2243136960990485,-0.23519474283713496
report_only_rho0.75_b3,report_only,0.75,3,endpoint,6,59,quadratic-l0.1,,,,,,,,,,,,,,,,,,,,,,,,,-0.001981744684418511,0.576271186440678,0.0,-0.009017258903268861,-0.009083477982978844,-0.0033229102517882674,-0.0004442041398439564,0.01082984038110203,0.009730034237786097,0.0029242176336041043,0.0002960055325344707,,,,,,,0.0,0.0,-0.0028590532285186496,0.696006233788464,0.0011327675869369518,0.002765841050951783,-0.005291606908316013,-0.0019647284704420414,0.3095321381632524,0.3002732646548604,-0.5770653933127519,0.24318482035454284,-0.2732465536676009
report_only_rho0.75_b3,report_only,0.75,3,endpoint,7,59,quadratic-l0.1,,,,,,,,,,,,,,,,,,,,,,,,,0.00603328472823222,0.5847457627118644,0.0,-0.012885044731408776,-0.011612840675340047,-0.0038071891120594597,-0.00047574193311956215,0.030808016552463176,0.027825823964565448,0.00887017584680403,0.0011334589017324558,,,,,,,0.0,0.0,0.008704189957691741,0.6844429906022537,0.012455498350819218,0.005069604397800958,-0.008247501207922276,-0.0030920246367866586,0.2715723696031635,0.2630884688525937,-0.31927239059647894,0.2114630256885656,-0.13138010426804078
report_only_rho0.75_b3,report_only,0.75,3,endpoint,8,59,quadratic-l0.1,,,,,,,,,,,,,,,,,,,,,,,,,0.00473409885491042,0.5932203389830508,0.0,-0.0027242207675072013,-0.002068740887882429,0.00014041524432491072,9.82137092928274e-05,0.03653119334416948,0.035465454933025074,0.015884195461301116,0.00256687019885918,,,,,,,0.0,0.0,0.006829860941057384,0.6863173196188878,-0.00026050690654125475,-0.002023569067412935,0.0017742282948543407,-0.0008323871063732844,0.2504880403363306,0.24275754712430983,-0.24512421485090144,0.19542314528334928,-0.09598787829950212
report_only_rho0.75_b3,report_only,0.75,3,endpoint,9,59,linear-l1,,,,,,,,,,,,,,,,,,,,,,,,,0.013175587591210474,0.5932203389830508,0.0,0.021401055603930835,0.021039228986697606,0.013059041934869647,0.0022464301985728858,0.05162841745252929,0.04916284265105893,0.031035187309255197,0.00653166052879145,,,,,,,0.0,0.0,0.019008354878637515,0.6741388256813079,0.022147642761189038,0.017583514972590544,0.018677658128531158,0.014069973282395119,0.2639392485509001,0.2560282343783316,-0.7166710205151531,0.20729166964573806,-0.3747683856101958
report_only_rho0.75_b3,report_only,0.75,3,mixture,11,59,flat-w4-l0.01,-4.405104813575145,-0.6222165102766686,1.27725462414821,0.883231119678105,1.2800716756085189,59.0,0.8218808041873791,0.8445542940250466,0.6237722119519011,0.1543998838103076,19.265261530612097,59.0,0.23557408883223674,0.445187174928227,1.0297115688735123,0.5828701112888048,2.845125284077431,59.0,-1.857283691580093,-0.20616621872208007,1.1924963502662713,0.809574497938811,1.5192612062287463,59.0,0.23557408883223674,0.7627118644067796,0.0,0.8712922921489864,0.8922229902807961,0.41068236525436863,0.07072626470653687,0.7224801988897762,1.1067236866106647,0.8434450304216841,0.2826206335259877,0.9478970870507527,0.7503822839539137,0.8403897171106507,0.8618112814313416,1.0461976769489914,0.6022067882662031,,,,,,,,,,,,,
report_only_rho0.75_b3,report_only,0.75,3,mixture,15,59,linear-l0.01,-0.3623539092241045,0.25457547783895684,1.192615875475374,0.7096708138127761,1.963271502588199,59.0,0.8091285539772647,0.838127263939027,0.5872338783725083,0.15509947087275672,19.130500289831186,59.0,0.5669330974212033,0.6248562309703155,0.9469571841079082,0.47895156762523977,4.068320025182879,59.0,0.04161083052513428,0.37979855468304935,1.1033469674611251,0.6432391513745853,2.3688988781852713,59.0,0.5669330974212033,0.7711864406779662,0.0,0.8581470197931999,0.9772956335921739,0.4566113855384946,0.07911876144452791,0.8126313407094529,1.0554755018740083,0.893475253409618,0.30747883884420824,0.8805557113492986,0.5251750687190372,0.9580198211297115,0.9707269769795455,1.1082618712389996,0.6532890794841353,,,,,,,,,,,,,
report_only_rho0.75_b3,report_only,0.75,3,mixture,1,59,flat-w8-l0.1,-0.012869015934368523,-0.012507015885978998,0.014280106520388382,0.026397580784980813,58.11567123737633,59.0,-0.012704969271392686,-0.012351519527228743,0.01411876558819652,0.0261835843143745,58.13310591274552,59.0,-0.012842236037308925,-0.012481634547178273,0.014253923622958901,0.026362588222274205,58.11853338300328,59.0,-0.012862301420744397,-0.012500652131014083,0.01427354741104487,0.026388805071295585,58.11638944759676,59.0,-0.012842236037308925,0.4915254237288136,0.0,-0.061304203612703945,-0.038866032784725384,-0.005619991554356883,0.00016063734549814253,-0.15099714972705627,-0.10182390090016817,-0.025996666340644025,0.0005983258007519914,-0.02605221350161798,-0.042983986004107015,-0.006479674896711811,-0.006153435185862439,-0.014439222942449299,-0.0009765103096417935,,,,,,,,,,,,,
report_only_rho0.75_b3,report_only,0.75,3,mixture,3,59,linear-l0.1,-1.074083128325797,-0.6168504394155121,0.2084240304348619,0.6088482372328996,2.677305331139849,59.0,0.0999691548832842,0.1000500643685147,0.11274396018444509,0.11783987514570504,35.51072699204158,59.0,-0.3012120917681651,-0.21505611958511944,0.17320997277871336,0.3943995622000786,6.1617050446577615,59.0,-0.7621440556252398,-0.4754072908827496,0.19720502598007442,0.5443217053424416,3.332174779837027,59.0,-0.3012120917681651,0.5847457627118644,0.0,0.05163186156589816,0.12054352790625925,0.07342404481903082,0.013346817194941766,-1.7088309643597657,-0.19239076113407164,0.1333901005402573,0.05155961473473224,-0.06279197051157406,-0.08828194222075986,0.03543682927888724,0.05947910629346836,0.13193249497750148,0.02196530172900006,,,,,,,,,,,,,
report_only_rho0.75_b3,report_only,0.75,3,mixture,5,59,linear-l0.1,0.2654144815768222,0.2657187176915829,0.29028495108113245,0.11509225256467341,31.567169149415776,59.0,0.20112100075330708,0.20153451595591648,0.17263787802393232,0.07798833439099086,40.14589254288429,59.0,0.24422203887223104,0.24429730204843636,0.2565411836825112,0.10629507182078313,33.46982369631125,59.0,0.25910713298755317,0.25933513644982664,0.2806137236580071,0.11273518499901569,32.06849189486589,59.0,0.24422203887223104,0.6271186440677966,0.0,0.5213613146772991,0.39553595574034,0.18114471200724494,0.031251614509420704,0.24415350777342715,0.5196529945005031,0.34472433215931003,0.11726148193883194,0.3618443786029886,0.38500010611954966,0.21990162429020166,0.24415125554174294,0.23809665625094772,0.12658040086382996,,,,,,,,,,,,,
report_only_rho0.75_b3,report_only,0.75,3,mixture,8,59,flat-w4-l0.01,0.5194234442039937,0.6134628351067852,1.0179354642036604,0.5508783384227032,3.2427719996512154,59.0,0.6829265289172762,0.7069368698823046,0.4794962471203909,0.14506510446133924,26.29778100730069,59.0,0.6876484473067525,0.6936684462502579,0.8014248685410462,0.39457585788688615,6.077542598777404,59.0,0.5797178589870392,0.632178997922932,0.9395132067940115,0.5048244821539664,3.8342803748152217,59.0,0.6876484473067525,0.7203389830508474,0.0,0.7528747092421032,0.7071123733050972,0.31820824504934303,0.054004533518874624,0.6193496292878756,0.8099386829231003,0.6305361715794097,0.20878621728290836,0.7832570817703829,0.6404102935195168,0.5656876590440921,0.6361847851138703,0.64107320181799,0.41410442183110757,,,,,,,,,,,,,
report_only_rho0.75_b3,report_only,0.75,3,pathinfo,11,59,linear-l0.1,,,,,,,,,,,,,,,,,,,,,,,,,0.03593527633132451,0.652542372881356,0.0,0.05143590122570653,0.05184364495617642,0.025999003586897836,0.005088078522339679,0.041002501154349086,0.06772703800672966,0.05566016375662939,0.02089396464618529,0.031103245184306287,0.038509850183709005,0.044214999896613635,0.042288683363422466,0.057477124098878556,0.024926744025432556,0.0,0.0,0.05184364495617642,0.6413035356037687,,,,,,,,,
report_only_rho0.75_b3,report_only,0.75,3,pathinfo,15,59,flat-w4-l0.01,,,,,,,,,,,,,,,,,,,,,,,,,0.04570859799816646,0.6610169491525424,0.0,0.07735231163492141,0.07580325749511653,0.047235090149621684,0.009779882818251479,0.09191871503329856,0.09702976672647144,0.0827346084177742,0.036692244516258236,0.08553810220313617,0.08516713598420184,0.08848162183983826,0.08930157947379638,0.0999305125340197,0.06921030691857902,0.0,0.0,0.06594356765794196,0.6272036129020034,,,,,,,,,
report_only_rho0.75_b3,report_only,0.75,3,pathinfo,1,59,constant,,,,,,,,,,,,,,,,,,,,,,,,,-0.0016740014302011514,0.5084745762711864,0.0,-0.019264228409836912,-0.01260062835529789,-0.0030902157426486022,-0.00034344320444552146,-0.03066678028619489,-0.020548118819096173,-0.010153718620311863,-0.0019239095359898538,-0.011278405984354704,-0.002605496113125263,-0.0009579463658344197,-0.0032198280647035417,-0.005465148282321464,-0.00015054086256001902,0.0,0.0,-0.0024150735617922336,0.6955622541217377,,,,,,,,,
report_only_rho0.75_b3,report_only,0.75,3,pathinfo,3,59,flat-w4-l0.01,,,,,,,,,,,,,,,,,,,,,,,,,-0.01698287441838498,0.4661016949152542,0.0,-0.03595256659387396,-0.02396907587452093,-0.01142210899265665,-0.001880409027493087,-0.0740559456895634,-0.04200267485878853,-0.021747996701050147,-0.0068292311626909135,-0.019901946139295284,-0.02872421550039563,-0.008581526477222042,-0.011103754280979369,-0.02324362664003031,-0.001987571952330532,0.0,0.0,-0.02450110870344405,0.7176482892633893,,,,,,,,,
report_only_rho0.75_b3,report_only,0.75,3,pathinfo,5,59,constant,,,,,,,,,,,,,,,,,,,,,,,,,-0.02311355363897988,0.4661016949152542,0.0,-0.04242204242026165,-0.02847785573508522,-0.01266912395723672,-0.0020496714000999903,-0.06829812067548394,-0.041088531504043624,-0.023290301112045962,-0.0072899708222875816,-0.03876765115312188,-0.05838847177918228,-0.019292561097088382,-0.020718962186348028,-0.02769260342831401,-0.0039040601815315827,0.0,0.0,-0.03334580921227733,0.7264929897722228,,,,,,,,,
report_only_rho0.75_b3,report_only,0.75,3,pathinfo,8,59,quadratic-l0.1,,,,,,,,,,,,,,,,,,,,,,,,,0.00034086645780056774,0.559322033898305,0.0,-0.022852791772257578,-0.015283883395365879,-0.0058115309663320175,-0.0008322192573456169,-0.0007811251504455282,0.022841711503253606,0.01484930748209564,0.0017357129955464037,-0.021167955093557334,-0.02569727783202741,-0.012657465063622243,-0.020126169055856954,-0.0015203408646975005,-0.00228180123914848,0.0,0.0,0.0004917663482742662,0.6926554142116711,,,,,,,,,
report_only_rho1.00_b12,report_only,1.0,12,cost0,11,55,flat-w4-l0.01,1.2932458694547742,1.3121473865766549,1.1112073352146894,0.23895695938519348,13.89283541739559,55.0,0.7680269177426048,0.8113294001811964,0.5018718126682331,0.1302504313508306,28.207975152933898,55.0,1.0061692745120352,1.0316043135546331,0.7972535892551251,0.20973845298561614,16.696865684323164,55.0,1.1586278140721677,1.1792835416826297,0.9689064662853056,0.23091619234058797,14.602120013875044,55.0,1.0061692745120352,0.7454545454545455,0.0,1.211018622183649,0.7994983038633369,0.30558973205550266,0.052800891199151406,1.394889767971782,1.1917329592924575,0.6928138182054441,0.2104719944607345,1.3046645864400999,1.358382219465229,0.9166993956788982,1.0654821210606555,1.2069883535487125,0.38970784588813945,,,,,,,,,,,,,
report_only_rho1.00_b12,report_only,1.0,12,cost0,15,55,flat-w4-l0.01,2.3392067865541573,2.743458653424005,1.6868339710581146,0.14386707306597799,23.79208338496845,55.0,1.5704974593450864,1.8914650343062362,0.9673996601936521,0.1165138502521803,30.749028441828276,55.0,2.119039537029183,2.5080086213095782,1.474959652083167,0.13861827746614835,24.982293027835844,55.0,2.276424863239775,2.676798611698078,1.6261280287133517,0.14252202971079603,24.09031634662166,55.0,2.119039537029183,0.8818181818181818,0.0,1.7532746962085524,1.0370547040301354,0.38162368583262934,0.06556572986077994,2.1074519678204284,1.6185153716571457,0.8815738409849132,0.26386278358508375,2.119039537029183,2.2717287071605705,1.4732527021526023,1.6484756308514144,2.0332155112377785,0.5902985100131795,,,,,,,,,,,,,
report_only_rho1.00_b12,report_only,1.0,12,cost0,1,55,constant,-0.009580863057303818,-0.009554363699487629,-0.0022831644336240137,0.03874080597820936,51.86930122461954,55.0,-0.007949188182717339,-0.007925855296431299,-0.0011023890089073497,0.03742210462069828,52.072341973286136,55.0,-0.009299703961444234,-0.009273786083465678,-0.0020827097506840803,0.0385165721821719,51.904161670291806,55.0,-0.009509800369786672,-0.009483449397657604,-0.0022326119621144933,0.038684240851785734,51.87810820440268,55.0,-0.009299703961444234,0.4909090909090909,0.0,0.005377970386619293,0.010221373477025609,-3.269616194632578e-05,-0.0002817691017596748,-0.024635932296111007,0.00241412595779877,0.002718566574687318,-0.000980028682416986,0.007975857329601715,-0.03681489618778388,-8.199466056252022e-05,-0.0007355230528773626,-0.01867340807989449,-0.0002992470381033139,,,,,,,,,,,,,
report_only_rho1.00_b12,report_only,1.0,12,cost0,3,55,flat-w4-l0.01,0.4716455237119356,0.47229755118854405,0.43596719322590544,0.1658239445934352,21.832842339560983,55.0,0.41607629595254475,0.42116756372991876,0.3185329958418532,0.09895663042796969,33.06615372702867,55.0,0.46067355929623705,0.46214811058963823,0.40734647201088403,0.14870929172060818,24.370751314220065,55.0,0.4688093585069618,0.46965626449741776,0.4282160683561886,0.16116264980072406,22.498390443574568,55.0,0.46067355929623705,0.7,0.0,0.4904867034879111,0.31222432195902655,0.10755391281535548,0.017912104486067063,-0.015490752345301359,0.4334959749809023,0.2623650075061928,0.07434355312845856,0.4455642770889269,0.417805917420562,0.2543211118130923,0.27145075617885633,0.29841005495700246,0.033238215402535916,,,,,,,,,,,,,
report_only_rho1.00_b12,report_only,1.0,12,cost0,5,55,linear-l0.01,1.3058409228367711,1.3545698090579708,1.0252636431555555,0.06649753996919443,40.502636881828245,55.0,0.7214456724955192,0.7657531215494133,0.4525390946875358,0.06107296202416729,42.32316782475637,55.0,1.091208023780951,1.139181514979954,0.8125770036799073,0.06553396999991501,40.82291579342275,55.0,1.237741483589992,1.2862803358427124,0.9576520555617717,0.0662529595418769,40.583672949202295,55.0,1.091208023780951,0.6636363636363637,0.0,1.125054834258049,0.6012122310485464,0.20852527670144438,0.03504384412406882,1.283518203341225,0.9954926738129187,0.5020943948005829,0.1449616801153198,0.7702042013052475,0.8026771298630311,0.5435314786723408,0.5922864655002968,0.8544119963438379,0.19377060179395073,,,,,,,,,,,,,
report_only_rho1.00_b12,report_only,1.0,12,cost0,8,55,linear-l0.01,1.361214045823142,1.3904621523401157,1.1384470309951127,0.14343427328070218,24.671727774481383,55.0,0.7153441400820377,0.7525232373883904,0.46685917819572487,0.10202261104801562,32.357519786726215,55.0,1.0797815744982875,1.110980573953411,0.8503373976135888,0.13415052395677604,26.22304119293082,55.0,1.2593834001972513,1.289152758448144,1.0348072075518608,0.1409755799158279,25.07334896298416,55.0,1.0797815744982875,0.6818181818181818,0.0,1.2520777718018379,0.7321954157482178,0.2840814694714938,0.04942185500735094,1.4296173008531563,1.1029763819872302,0.6185851856773557,0.19353692664205427,0.8896843858957637,0.9627968188805474,0.7105731489243933,0.7891160604683765,0.9337375219922773,0.312100928548298,,,,,,,,,,,,,
report_only_rho1.00_b12,report_only,1.0,12,cost2,11,55,linear-l0.01,6.605216703875358,7.4393788396175715,5.79915292895617,0.4983141628484704,3.489937756145896,55.0,2.41713071946208,2.980235749399101,1.6932258108652172,0.2582804534363479,11.058874247032032,55.0,4.204467124097979,4.995492937413128,3.4091372629780152,0.4449010166200028,4.293214762017286,55.0,5.5075189798792,6.3317600445411895,4.7038605346721045,0.48470223130608986,3.6713517926669135,55.0,4.204467124097979,0.9636363636363636,0.0,4.19690248335277,2.840860100494279,1.209520634502345,0.22743024802082704,4.68126294695592,3.9187648014119003,2.4005414996950725,0.8417632290804122,3.709590642726838,3.9514083379301694,2.83657969943923,3.1444136027010776,3.4823636348047047,2.4615542077149484,,,,,,,,,,,,,
report_only_rho1.00_b12,report_only,1.0,12,cost2,15,55,linear-l0.01,7.661566941310238,9.169461210421778,6.750588890463286,0.35516332450720384,5.668553272037576,55.0,2.5905121551447783,3.3888882975137564,1.7933016911092858,0.15379134161172042,23.272007758128073,55.0,4.693768780680526,6.048724245376976,3.7992203022189357,0.2991550745864985,7.820383046697533,55.0,6.308607809868575,7.778462902482898,5.401433749845415,0.34041678359996747,6.142309740677749,55.0,4.693768780680526,0.9636363636363636,0.0,4.400392182132775,2.937610568039253,1.2425605508732833,0.23197767874204467,5.104126151660655,4.030936203882024,2.4543624182859074,0.851015223070321,3.8056430362541236,4.4776939931116075,2.9926281492607214,3.3449054390736714,3.7301036049974585,2.6360243593188546,,,,,,,,,,,,,
report_only_rho1.00_b12,report_only,1.0,12,cost2,1,55,constant,4.460895363498565e-06,4.829418089468242e-06,-0.0008538069537848646,0.018420423085930813,54.99780021595029,55.0,4.539544720660871e-06,4.908019478236272e-06,-0.0008536724601781316,0.01842041928320853,54.99780036946329,55.0,4.473481075163331e-06,4.841996125739081e-06,-0.0008537854325743926,0.01842042247748194,54.99780024051388,55.0,4.464041856227558e-06,4.832562663877374e-06,-0.0008538015734024723,0.01842042293381812,54.997800222091264,55.0,4.473481075163331e-06,0.5272727272727272,0.0,-0.03480455958203914,-0.027033823211058475,-0.008960661507988415,-0.001115273912165591,-0.06272940440605505,-0.052970179172716104,-0.02310040716434258,-0.004375150359426037,-0.023801721685559527,-0.04181602930753362,-0.0030252944692400877,-0.0018970620082815652,-0.01271186421296114,-0.0006388512443060651,,,,,,,,,,,,,
report_only_rho1.00_b12,report_only,1.0,12,cost2,3,55,flat-w4-l0.01,0.2729071002913058,0.4794819257360503,1.0601638000156859,0.6795407755657173,2.151905227789487,55.0,0.9211933427102736,0.9685271489510059,0.6442253206106716,0.17516446929974291,20.460375703419466,55.0,0.8098284210957835,0.8185692707390649,0.9479371148266934,0.4932359288767565,3.9916650167849457,55.0,0.49090359524324073,0.5983501854385138,1.0287019190773328,0.6269002178111178,2.519130521286871,55.0,0.8098284210957835,0.7454545454545455,0.0,0.6958140754100965,0.5825470337115903,0.30308164514273933,0.05587162477334496,0.8605616528616151,0.8559210461100168,0.6110255513714002,0.22507365633620166,0.8272780195928412,1.0239911047212498,0.7048563060017472,0.7102149247859293,1.0637193415127202,0.3158672849641854,,,,,,,,,,,,,
report_only_rho1.00_b12,report_only,1.0,12,cost2,5,55,linear-l0.01,3.9064418450093847,3.9716224588476474,3.587468230546393,0.44392042893090233,3.7056496359050546,55.0,1.8454546031001682,2.0625152760952288,1.3226171051575681,0.22439423086741905,10.09487864403187,55.0,2.8233990419505273,2.9343266888958475,2.42324605594965,0.38745255530279915,4.509318821141469,55.0,3.4513772732434354,3.528683713342366,3.1079272475858786,0.42857720151636164,3.898009117003427,55.0,2.8233990419505273,0.8909090909090909,0.0,2.9134416655593833,1.879611147552661,0.780445774228079,0.1412756068902411,3.755599682030978,2.810292016802618,1.6713370920934354,0.5578432025667258,2.584520274864781,2.8002377409391124,1.8759795048706334,2.029353259991895,2.6223007330683132,1.349448931895094,,,,,,,,,,,,,
report_only_rho1.00_b12,report_only,1.0,12,cost2,8,55,flat-w4-l0.01,4.615614183674193,4.63654631629141,4.424716843475081,0.9002913499285264,1.2324733359989726,55.0,2.295563405666131,2.7768601208450394,1.6055123140301375,0.3932163239821106,6.072506174686536,55.0,3.4693890620373358,3.6457883651367644,2.986724428778679,0.8119552541525283,1.5117484180286702,55.0,4.126228020517947,4.180336381503677,3.8323041107741163,0.880095251185405,1.2891554570148827,55.0,3.4693890620373358,0.9545454545454546,0.0,3.532780465282235,2.4988210187361615,1.0535525069306124,0.1949788945368968,4.185920863071558,3.4238692325116125,2.1517992734708233,0.7369218980381067,3.197972634431504,3.3554030293654806,2.467985531170813,2.6994458738828064,3.1395313394967883,2.0372492337649475,,,,,,,,,,,,,
report_only_rho1.00_b12,report_only,1.0,12,endpoint,10,55,quadratic-l0.1,,,,,,,,,,,,,,,,,,,,,,,,,0.09427042735703867,0.7636363636363637,0.0,0.030357867926229222,0.03290642620196342,0.02262387201922942,0.003970797850268242,0.16853855505810805,0.14684095906577863,0.07030804149039323,0.014240684090734342,,,,,,,0.0,0.0,0.13600347805048296,0.5571437025094622,0.1441346104780984,0.15195168817216312,0.06495708797319179,0.06571733040219964,0.3986843153764778,0.3880977237328356,-0.542527470978747,0.31878638895796607,-0.19826773931535518
report_only_rho1.00_b12,report_only,1.0,12,endpoint,11,55,quadratic-l0.1,,,,,,,,,,,,,,,,,,,,,,,,,0.15283560942517005,0.7818181818181819,0.0,0.09295959173951793,0.09243988927719415,0.051729751759392435,0.008687338612162138,0.2380302406823054,0.22049517578893535,0.12006198802198603,0.025293963234088574,,,,,,,0.0,0.0,0.22049517578893535,0.4726520047710099,0.19714616968434642,0.20062056788634383,0.12381271122058794,0.12285162413148347,0.45455421110174515,0.4413389769490238,-0.21950064758875537,0.3579013131751346,-0.01845818966483535
report_only_rho1.00_b12,report_only,1.0,12,endpoint,12,55,quadratic-l0.1,,,,,,,,,,,,,,,,,,,,,,,,,0.11725677900470184,0.7454545454545455,0.0,0.07705444471483062,0.07582845807765073,0.04247165348738766,0.007119166353923187,0.17468547459009187,0.16916577358069648,0.0962546548483237,0.02025859318348302,,,,,,,0.0,0.0,0.16916577358069648,0.5239814069792488,0.15398970226459605,0.15605790020548327,0.0920408505850264,0.09222611602510215,0.3944458987390735,0.383461468000658,-0.6426699193874297,0.31273521704285595,-0.2578680596531461
report_only_rho1.00_b12,report_only,1.0,12,endpoint,13,55,quadratic-l0.1,,,,,,,,,,,,,,,,,,,,,,,,,0.06594913108775972,0.7090909090909091,0.0,0.027076359391343615,0.02737857199551083,0.016281001193031386,0.0027673920533984654,0.10876428009263386,0.10578808423714468,0.054531461685943035,0.010527638094646052,,,,,,,0.0,0.0,0.09514448437124713,0.5980026961886982,0.09097216374579299,0.09444194216431798,0.03027528401347625,0.026755004744958098,0.3124135501648123,0.30346758136150714,-0.5696295925589009,0.2466315815240162,-0.26427004509480645
report_only_rho1.00_b12,report_only,1.0,12,endpoint,14,55,linear-l0.01,,,,,,,,,,,,,,,,,,,,,,,,,0.021832202312581147,0.6454545454545455,0.0,0.05017585909409957,0.047162388794580595,0.026583502833363325,0.004459786735927005,0.06425814052073815,0.06944431823158656,0.0488049951451576,0.011358758151805521,,,,,,,0.0,0.0,0.03149721000804538,0.6616499705519,0.07170402182786388,0.06432391875495284,0.03751575922631685,0.037209336950607706,0.3454818445322162,0.3353299391573594,-0.6727270492183132,0.2714596313239417,-0.32609594429976824
report_only_rho1.00_b12,report_only,1.0,12,endpoint,15,55,quadratic-l0.1,,,,,,,,,,,,,,,,,,,,,,,,,0.08275821122806674,0.7545454545454545,0.0,0.07311991366534784,0.07086753457588825,0.04033018847184459,0.006816835915504599,0.14433542947152542,0.14068680793310606,0.0827050048423379,0.018355714063395357,,,,,,,0.0,0.0,0.11939486093157323,0.573752319628372,0.15348693444232395,0.15182124784364315,0.09154022594075985,0.09118010742823081,0.34682400500163724,0.3372556759931858,-0.507955477321552,0.2756767782956583,-0.20225872907743808
report_only_rho1.00_b12,report_only,1.0,12,endpoint,1,55,linear-l0.1,,,,,,,,,,,,,,,,,,,,,,,,,-0.004784243866088654,0.509090909090909,0.0,-0.002588963788160037,-0.0013154093248909007,-0.000864419308836404,-0.00012763739861195017,-0.002589952610011604,-0.004208539916959181,-0.0018096331395894576,-0.00028266600664103835,,,,,,,0.0,0.0,-0.006902204900009543,0.7000493854599551,-0.004573201474035256,-0.00437563047111236,-0.003141646302572456,-0.0007662656716371401,0.40470697781139586,0.38917169512466243,-0.748575283982514,0.3003447171608561,-0.3836567829541631
report_only_rho1.00_b12,report_only,1.0,12,endpoint,2,55,constant,,,,,,,,,,,,,,,,,,,,,,,,,-0.007660441036061009,0.5181818181818182,0.0,-0.0090200826910666,0.0006416921673571325,0.002133444208518413,0.00041061399684820505,-0.027333546114486268,-0.005387633590915945,0.003924356623219563,0.0011251367170789924,,,,,,,0.0,0.0,-0.011051680293747531,0.7041988608536929,-0.0038539470793425125,-0.012060589755186485,0.004686693803158842,-0.000820118803549318,0.4598744831590696,0.4427949630346836,-0.8725623141569603,0.3438428883806641,-0.4471495252723116
report_only_rho1.00_b12,report_only,1.0,12,endpoint,3,55,linear-l0.1,,,,,,,,,,,,,,,,,,,,,,,,,0.009053773471099754,0.5909090909090909,0.0,0.008398541129166345,0.010474955706110532,0.007242985514572791,0.0012741467617665622,0.023305303793011833,0.02745915379387504,0.01722538708538418,0.003798045759127431,,,,,,,0.0,0.0,0.013061834088087672,0.6800853464718578,0.012918891425232443,0.015541867132693211,0.014078829083971848,0.006683729921809827,0.45685588242265956,0.44108460846839387,-0.2704093626833569,0.34729060388818533,-0.09067291683337105
report_only_rho1.00_b12,report_only,1.0,12,endpoint,4,55,quadratic-l0.1,,,,,,,,,,,,,,,,,,,,,,,,,0.03797210251959659,0.6636363636363637,0.0,0.032798648081486116,0.03477284132189077,0.021316592848489125,0.0036420876856073365,0.06235181109984365,0.07129685321587038,0.04540639697463277,0.010097373986558552,,,,,,,0.0,0.0,0.05478216399714931,0.638365016562796,0.04890455797833977,0.048377632504973865,0.030733374861383275,0.028116137592694643,0.31994960660013,0.30942533518003257,-0.6816960389283263,0.24591619547909094,-0.35483608458373017
report_only_rho1.00_b12,report_only,1.0,12,endpoint,5,55,quadratic-l0.1,,,,,,,,,,,,,,,,,,,,,,,,,0.07991995140579929,0.7,0.0,0.05332084651592444,0.05555247347289254,0.03233910379041733,0.005453860820607679,0.10935884254902203,0.11856208664838773,0.06996731985592017,0.015176783799677155,,,,,,,0.0,0.0,0.11530011756123358,0.5778470629987118,0.09712935486247057,0.10426657878987396,0.057359015436039995,0.0558431325652767,0.3977735329138583,0.38588314437439664,-0.739560697798918,0.31145889166454865,-0.3525966054941846
report_only_rho1.00_b12,report_only,1.0,12,endpoint,6,55,mlp-w4-l0.01,,,,,,,,,,,,,,,,,,,,,,,,,0.06847993431546508,0.7363636363636363,0.0,0.0501318802685607,0.05014123161704591,0.03034310235048256,0.005175728413247456,0.10010596169249236,0.10154781122643981,0.06563838122612632,0.014365954200650871,,,,,,,0.0,0.0,0.09879566163732342,0.5943515189226218,0.13998757207325668,0.1476675719765819,0.0448548939301948,0.045928454976793875,0.4188318990472224,0.4072806565011203,-0.42503730851211213,0.3327590141747412,-0.12092028486012436
report_only_rho1.00_b12,report_only,1.0,12,endpoint,7,55,quadratic-l0.1,,,,,,,,,,,,,,,,,,,,,,,,,0.08429482647018609,0.7090909090909091,0.0,0.05180632238934525,0.049724913498071045,0.02984052690688317,0.005080547560675363,0.1482600093984173,0.1379424579347831,0.07672710650130664,0.016095052242904723,,,,,,,0.0,0.0,0.12161172812113319,0.5715354524388121,0.1523151598739067,0.15875468308631283,0.055029574662876356,0.05311781022591461,0.4414765640134674,0.42910854697474515,-0.5759621823295458,0.34997104612555896,-0.2101422055140551
report_only_rho1.00_b12,report_only,1.0,12,endpoint,8,55,quadratic-l0.1,,,,,,,,,,,,,,,,,,,,,,,,,0.10256746883764437,0.7272727272727273,0.0,0.06206975729919269,0.05902042692358017,0.035245071109737375,0.006009475655999884,0.15991538575846123,0.14797357864860283,0.0842390580481637,0.01781927303267881,,,,,,,0.0,0.0,0.14797357864860283,0.5451736019113423,0.15400683671737084,0.16909651786621951,0.06485084210953969,0.06364935694271782,0.399577274519924,0.38860352296502215,-0.7197731683667725,0.31793073846303777,-0.2922608286205078
report_only_rho1.00_b12,report_only,1.0,12,endpoint,9,55,quadratic-l0.1,,,,,,,,,,,,,,,,,,,,,,,,,0.12069458828911041,0.7909090909090909,0.0,0.04185520987634802,0.041472780678322815,0.025857015239460594,0.004449760747366545,0.1794660119497455,0.17412548398683475,0.08644218794721073,0.016837025113976934,,,,,,,0.0,0.0,0.17412548398683475,0.5190216965731106,0.15663603938570647,0.16832496217164702,0.06658459629693506,0.06183964632436959,0.44928631408881703,0.4361809107679544,-0.292564774704928,0.35357539945567484,-0.050890044200289364
report_only_rho1.00_b12,report_only,1.0,12,mixture,11,55,flat-w4-l0.01,2.8484847364595898,3.1058802122278073,2.291317799575054,0.2992008998226635,9.477396459730107,55.0,1.6140884867145118,1.8690719064184567,1.0588461224609578,0.18641597991609996,19.022292450838,55.0,2.3742167244735537,2.6362403112571906,1.813398557240217,0.27345281898211676,10.949452210265651,55.0,2.6777489023000065,2.936614761027617,2.1194160729963802,0.29237621914479417,9.839394209805757,55.0,2.3742167244735537,0.8545454545454545,0.0,2.443853418364573,1.6104895553940946,0.6317341070428819,0.10793549341062535,2.8196012446706864,2.275947899132168,1.360175112422366,0.4284790775137291,2.5051123156063584,2.788994880562974,1.735518619912523,1.955774875576387,2.3654522005252927,1.2291350764146565,,,,,,,,,,,,,
report_only_rho1.00_b12,report_only,1.0,12,mixture,15,55,flat-w4-l0.01,3.42095447965443,4.26709081463026,2.612036075417485,0.06194640142959419,32.64487488597247,55.0,2.024596432558534,2.6152877093640505,1.2904398284175342,0.04481453407069523,44.647398006696235,55.0,2.9703889322118284,3.7649754283988974,2.174145337361621,0.05815407844909348,35.164267464345755,55.0,3.2873947285947325,4.120226829597389,2.481651283384341,0.060949989970657696,33.29266854254649,55.0,2.9703889322118284,0.9181818181818182,0.0,2.8450735163678944,1.7983732037615932,0.6924423435987493,0.11777749779538058,3.3749643670211316,2.5927269040708416,1.4987196843189796,0.46679717116910846,3.0275573479204367,3.5432066644532365,2.0846836872804517,2.3607039703240322,2.781933912594958,1.4045573851677824,,,,,,,,,,,,,
report_only_rho1.00_b12,report_only,1.0,12,mixture,1,55,constant,-0.0030839532157015343,-0.0030812510736261275,-0.0007574398114268562,0.019964413301991762,54.960097218017445,55.0,-0.0030723574170855926,-0.003069658785656516,-0.0007473569873808771,0.01996297964579502,54.96014311322358,55.0,-0.003082093681565011,-0.00307939210173469,-0.0007558225205439578,0.019964183732680725,54.96010456835837,55.0,-0.003083488181561066,-0.0030807861800663254,-0.0007570353440804206,0.019964355903075055,54.96009905585679,55.0,-0.003082093681565011,0.509090909090909,0.0,-0.014409679348920925,-0.010355278879580026,-0.003806027335894829,-0.0004998764807890834,-0.06151408127384768,-0.024974106212643763,-0.008043813737656589,-0.0017488184432242013,-0.006927188654993157,-0.028170638227852117,-0.0017894360868465791,-0.0015003990028049298,-0.012144304636354259,-0.0005402840271038656,,,,,,,,,,,,,
report_only_rho1.00_b12,report_only,1.0,12,mixture,3,55,flat-w4-l0.01,0.39206505216109955,0.4762216313366259,0.8602454211187962,0.47518132185972667,4.266380198495854,55.0,0.6513860100229053,0.6579240806754958,0.5413515941359222,0.13637338211307343,25.344728120557843,55.0,0.5964159516550449,0.6107316755251067,0.7752996361155324,0.3470703042665952,7.492266218218963,55.0,0.46794024158218617,0.5227631426447329,0.8365819015861923,0.4371764806610812,4.976349399267781,55.0,0.5964159516550449,0.6954545454545454,0.0,0.6505425087238471,0.44600216209087834,0.17994296789608696,0.030744995294413983,0.3891860723159233,0.6429826373558075,0.40744150415283753,0.12717571291961707,0.5979195012926679,0.7335185366195488,0.44510269772528105,0.4612555215618399,0.7048041651381252,0.11663025772227857,,,,,,,,,,,,,
report_only_rho1.00_b12,report_only,1.0,12,mixture,5,55,linear-l0.01,2.5967839688030763,2.7139676612508414,2.1874310269552057,0.12500310870867729,21.333701413471964,55.0,1.2299238019892706,1.3416678530165513,0.8285500984860065,0.10181433412169899,26.308746686480895,55.0,1.9780108502290183,2.0947354535519205,1.5693212279801696,0.12049867235522996,22.177213174959824,55.0,2.3747372030152003,2.491831847947302,1.9655127801737777,0.12384351549518059,21.545633778535585,55.0,1.9780108502290183,0.7909090909090909,0.0,1.9386948778292425,1.0985639847480673,0.4124727883191441,0.06968322073788404,2.4264226872660677,1.7591634266104932,0.9414375292743378,0.2870647051381474,1.7263229002033775,1.9663217082499438,1.1027335822296045,1.198585987741208,1.712578900655462,0.6156436706828389,,,,,,,,,,,,,
report_only_rho1.00_b12,report_only,1.0,12,mixture,8,55,quadratic-l0.01,3.7923740127397174,4.026501475662861,3.2544280545612425,0.12074813956189706,22.33463482214436,55.0,1.4566013698432032,1.6569783369382374,0.9494741536181156,0.10198029957897678,27.21067264094615,55.0,2.5700367349812154,2.79840391660596,2.037088294044073,0.11727555416465148,23.138897685925546,55.0,3.303175843650738,3.535866159499951,2.766467358776113,0.1198639638458215,22.535056048893736,55.0,2.5700367349812154,0.8272727272727273,0.0,2.2647942843611846,1.420129761443738,0.55957336250443,0.09560073819737074,2.7377315829351407,2.049709270304649,1.209857786330171,0.38231260465303657,2.130682128330711,2.2283025896742616,1.4696667274153252,1.6160460050414513,1.945022324853872,0.9805251747350743,,,,,,,,,,,,,
report_only_rho1.00_b12,report_only,1.0,12,pathinfo,11,55,quadratic-l0.1,,,,,,,,,,,,,,,,,,,,,,,,,0.14978383687181573,0.8181818181818182,0.0,0.09451993061435408,0.09748632084044001,0.06961199978750021,0.014886171528255235,0.24040089303651577,0.2539895055499934,0.1729234184494649,0.06470730582414312,0.13721739521116194,0.1393276291397956,0.1753456216035583,0.16705781131324726,0.24806536480078767,0.11877751368729716,0.0,0.0,0.21609239866029004,0.4770547818996552,,,,,,,,,
report_only_rho1.00_b12,report_only,1.0,12,pathinfo,15,55,quadratic-l0.1,,,,,,,,,,,,,,,,,,,,,,,,,0.15650413201962438,0.8272727272727273,0.0,0.08564656261357133,0.09149519550398956,0.06720551502578158,0.014241218630555838,0.1904564746075386,0.2061304795320204,0.14245839327854412,0.05772095448957712,0.1742269873019071,0.15965544062323464,0.19629957372960727,0.1780832824165232,0.2457622411336247,0.10721985279339062,0.0,0.0,0.22578773514334372,0.4673594454166016,,,,,,,,,
report_only_rho1.00_b12,report_only,1.0,12,pathinfo,1,55,linear-l1,,,,,,,,,,,,,,,,,,,,,,,,,6.541615427350854e-05,0.4727272727272727,0.0,-0.003210968751861674,-0.0014379666461404943,-0.0012073907334793298,-0.00024354940093623318,0.008529224777522586,-0.0032587659703036988,-0.002959685890389468,-0.0009327461548961903,-0.003512023226047802,-0.00423397302826948,-0.0006883582650292602,-0.0014956303798350375,-0.004358640670954886,-0.00016872506616517725,0.0,0.0,9.437556136441816e-05,0.6930528049985809,,,,,,,,,
report_only_rho1.00_b12,report_only,1.0,12,pathinfo,3,55,quadratic-l0.1,,,,,,,,,,,,,,,,,,,,,,,,,0.0011427508298050037,0.5909090909090909,0.0,0.0023120286319138973,0.006752132623729517,0.008019898449593759,0.0018798010571425595,-0.00653794404586565,0.01841849053780229,0.023389222742628394,0.009074289394691425,-0.0017979991429512687,-0.0005436676019415272,0.005873120938518284,0.007995766712606413,0.014041816268273865,0.003473681429680238,0.0,0.0,0.0016486409551314267,0.6914985396048138,,,,,,,,,
report_only_rho1.00_b12,report_only,1.0,12,pathinfo,5,55,quadratic-l0.1,,,,,,,,,,,,,,,,,,,,,,,,,0.08745864242096671,0.7,0.0,0.04032152580846938,0.050750228355347385,0.037487569087827695,0.008069775391985713,0.06875488386892055,0.1261761497036098,0.09999233733894915,0.036394537346113066,0.02701665939481977,0.020159156658181136,0.07171053533590754,0.07694850983798918,0.10625316137775297,0.04285845356507172,0.0,0.0,0.1261761497036098,0.5669710308563356,,,,,,,,,
report_only_rho1.00_b12,report_only,1.0,12,pathinfo,8,55,quadratic-l0.1,,,,,,,,,,,,,,,,,,,,,,,,,0.0972801616672007,0.7636363636363637,0.0,0.06488687975004735,0.06596389377675445,0.05009589191013635,0.010975200413179587,0.17196799731824206,0.18572207243058128,0.13200828068342615,0.04868176973539798,0.07421740849576294,0.058583793123126886,0.12931909889397447,0.1413517764725422,0.19677346374780771,0.07377088549319501,0.0,0.0,0.1403456068141471,0.5528015737457982,,,,,,,,,
report_only_rho1.00_b18,report_only,1.0,18,cost0,11,52,flat-w4-l0.01,2.1527004160834853,2.1898936521240104,2.4507781764236625,0.5970654160188653,2.5684684574535765,52.0,1.484014995871333,1.6041975255971888,1.070373314414945,0.21996930729000233,9.938779542989234,52.0,1.9063296834914683,1.908061411947473,1.8486273206630472,0.4731891601765688,3.6881969426616337,52.0,2.020363437351686,2.0342272997351767,2.196247888887282,0.5618632548163651,2.834225437566858,52.0,1.9063296834914683,0.8653846153846154,0.0,1.7438537420713942,1.0590025334538635,0.3785004894592277,0.06276829110315739,2.1662060245359926,1.6355059858416086,0.9099358465934568,0.261749493355857,2.0251009696661826,2.038622706800381,1.3709571663491962,1.46856003817237,1.95286133651794,0.5016372302114899,,,,,,,,,,,,,
report_only_rho1.00_b18,report_only,1.0,18,cost0,15,52,flat-w4-l0.01,2.551737743213383,2.57558242335992,2.3489574405088187,0.6116506918845537,2.557029232400967,52.0,1.6272754927075266,1.836309438636804,1.1118731653130391,0.25193751772235484,10.16818011514015,52.0,2.293344023718006,2.374592904045608,1.9424803026124604,0.5105682026126313,3.5117646617928204,52.0,2.4794440685270374,2.517385996257825,2.2286661176935727,0.5841345011758088,2.776889104793563,52.0,2.293344023718006,0.8461538461538461,0.0,1.8537230998802652,1.2284213977859566,0.4573236237475202,0.07485175559158115,2.1198671875211144,1.765302927365925,1.0403344243691688,0.29966750447114454,2.260377219204128,2.3705712448603378,1.6328047519410633,1.8162985901051079,2.1850953686553045,0.9908968124911488,,,,,,,,,,,,,
report_only_rho1.00_b18,report_only,1.0,18,cost0,1,52,constant,-0.017764136489206214,-0.01773457546901559,-0.010055330731528433,0.023941965714477032,51.62117937422878,52.0,-0.017647866997382113,-0.01761848436934671,-0.009962416087894778,0.023919374261514567,51.62356816439828,52.0,-0.01774542986926899,-0.017715897505627364,-0.010040371050330798,0.023938333896743765,51.62156390620158,52.0,-0.017759456111665038,-0.017729902259684675,-0.010051587451743773,0.023941057142906674,51.62127559086946,52.0,-0.01774542986926899,0.49038461538461536,0.0,-0.0458801976099914,-0.03658843851060599,-0.01399987985238953,-0.0019919134344054293,-0.21301124886639042,-0.09065224170906308,-0.03659587401150199,-0.00832960651310899,-0.03616510618358037,-0.04721787625335982,-0.0033080883865888033,-0.005050043661924224,-0.018926411515937425,-0.0007439605549995108,,,,,,,,,,,,,
report_only_rho1.00_b18,report_only,1.0,18,cost0,3,52,flat-w4-l0.01,1.3094207819833796,1.3236232698242172,1.1502153505813393,0.29918620763100784,9.472722142309113,52.0,0.9550734400013453,1.0008042719391343,0.6823345048262023,0.14706973552220393,23.22030307633423,52.0,1.217919457132623,1.241214469269493,1.0173147571122383,0.25635954830910906,11.98163109228819,52.0,1.283889794538215,1.300509372606018,1.1124809541784573,0.2872888247845808,10.094883727250902,52.0,1.217919457132623,0.7403846153846154,0.0,0.9965477475817113,0.6316401921114796,0.24442382279171,0.04163056734009233,1.055647113059843,0.9380169445247926,0.5533380097394182,0.17633455648223373,1.217919457132623,1.248922877031929,0.7251404775961736,0.7781540314487541,1.2112527107726825,0.23487792074626876,,,,,,,,,,,,,
report_only_rho1.00_b18,report_only,1.0,18,cost0,5,52,flat-w4-l0.01,1.5247223061264232,1.5415020349853832,1.3525413958791705,0.2161333416170813,13.542937646663837,52.0,1.056640623324556,1.0908509165848317,0.8173594549410806,0.1266968058727348,22.66165992136122,52.0,1.3991528571959801,1.4205897846042703,1.2061306278302444,0.19332006077197691,15.352302577593438,52.0,1.4896235123946424,1.5076528168201193,1.3115569340003685,0.20992828493476204,14.008024181346757,52.0,1.3991528571959801,0.7692307692307693,0.0,1.1815650781669242,0.7374388591929121,0.28124004602766556,0.0474520120255385,1.4474009367686995,1.1710487139804937,0.6842250929732863,0.21091431793152104,1.4233992292351543,1.5514926534505677,0.8745863314868079,0.9584881153829562,1.1903462854607594,0.37454517245922264,,,,,,,,,,,,,
report_only_rho1.00_b18,report_only,1.0,18,cost0,8,52,flat-w4-l0.01,1.3010392725808324,1.3940651467082423,1.7964984454085688,0.6024408367794077,2.659101783373229,52.0,1.2453265937721907,1.2969979100294116,0.9573415545082694,0.18356523189276003,14.397333617292308,52.0,1.4301917763492153,1.43294639716981,1.5062637030708974,0.45306912510553815,4.386533450324415,52.0,1.357546815580509,1.4063937005878793,1.7034850208606116,0.559568044119677,3.0408376822621226,52.0,1.4301917763492153,0.7980769230769231,0.0,0.8852868693390015,0.7990170864252194,0.34707527504369257,0.05776033779460472,0.6647217215487037,1.081652592618356,0.7806107028990676,0.24669853447070425,1.584718973724057,1.5342751640544228,1.12408061968704,1.1513768309123322,1.4285055159466404,0.4816636626774646,,,,,,,,,,,,,
report_only_rho1.00_b18,report_only,1.0,18,cost2,11,52,quadratic-l0.01,9.012613315113416,11.118779801846683,8.059536503769834,0.8455068980031802,1.3965816700956863,52.0,2.7693079446589155,3.686211461046857,1.9445341981745987,0.21970755818790597,16.604342826040032,52.0,5.1801347817984,7.039929673596611,4.241010611887673,0.6484535485372411,2.361233233751375,52.0,7.2142927481957235,9.268493500081664,6.263849122761638,0.7995700080477377,1.5605064624494362,52.0,5.1801347817984,0.9903846153846154,0.0,4.55400306439859,3.089262407486504,1.3544121166657779,0.2597179247828901,5.1801347817984,4.184524409341924,2.611489327997458,0.945559566059946,3.935610128059707,4.331119252128842,3.0115538370320256,3.3170238249304265,3.7617703608126822,2.676917599321809,,,,,,,,,,,,,
report_only_rho1.00_b18,report_only,1.0,18,cost2,15,52,flat-w8-l0.01,6.942530371339179,8.187096412992469,6.0619452921600185,0.9192679025228829,1.1831236273924448,52.0,2.7236956935281738,3.4711085251539284,1.9399891012666073,0.3618940580055907,7.196580741079264,52.0,4.760568485876442,5.945249628133773,3.8884282251232474,0.8027445296676596,1.549862250967613,52.0,6.036796683611346,7.271613506108666,5.157542036908622,0.8934506151191294,1.2523108671591792,52.0,4.760568485876442,0.9903846153846154,0.0,4.482514929280915,3.0350245347789673,1.3174296031630763,0.24980535005570098,5.085033047260105,4.126592484059627,2.562723019859543,0.9137909264180041,3.912194647270539,4.527056298930406,3.0941498050845198,3.4383326143942656,3.8350858983129994,2.7369698131116205,,,,,,,,,,,,,
report_only_rho1.00_b18,report_only,1.0,18,cost2,1,52,constant,-0.008470295511558331,-0.008431778453689004,0.00033230938290698675,0.023961658193223444,51.8769706314748,52.0,-0.008448107097568132,-0.008409844140651247,0.0003253292263940765,0.023938598587843096,51.87768282297054,52.0,-0.008466727245498072,-0.008428251073846151,0.00033119073976483964,0.02395795094816639,51.87708527251665,52.0,-0.008469402794254951,-0.008430895966208711,0.00033202965707680054,0.02396073074603151,51.87699931656239,52.0,-0.008466727245498072,0.49038461538461536,0.0,-0.0806981746887949,-0.06198297051984969,-0.021017278384856748,-0.002882115767648109,-0.2960925691249546,-0.13761868000505745,-0.05938226264179894,-0.012759334402844092,-0.04708691943461728,-0.046195694565754904,-0.006268346454631825,-0.013957452110298292,-0.019577107697795765,-0.00040404476647869334,,,,,,,,,,,,,
report_only_rho1.00_b18,report_only,1.0,18,cost2,3,52,flat-w4-l0.01,2.8471734975335585,3.148125599325998,2.2576228419808917,0.15339592957134146,13.07770172478525,52.0,1.7612452539587917,1.991329937307238,1.2267962063142863,0.1197193998034043,18.639658119864716,52.0,2.5073826106810273,2.7959260627313345,1.9266285869455344,0.14694569681597766,13.934719752842991,52.0,2.747046513235574,3.0449172467676555,2.159650689011766,0.15175333538539998,13.287666519277204,52.0,2.5073826106810273,0.8653846153846154,0.0,2.0777513099792313,1.6059546525320125,0.7305310966211979,0.13682358882661144,2.137774866540805,2.123316468543417,1.4413331910646348,0.5086316155533972,2.6740413166256856,2.979562117408975,1.815396870613219,1.945531810814201,2.399057803573985,1.073953629889585,,,,,,,,,,,,,
report_only_rho1.00_b18,report_only,1.0,18,cost2,5,52,linear-l0.01,1.9595116902313974,2.843385113056834,3.9331821468111112,0.9362073418372803,1.1404284771404287,52.0,2.007934322917102,2.2969937379637466,1.426808110446307,0.3300539249333041,7.694189310063919,52.0,2.5892728192377965,2.591075793645609,2.6505303220802356,0.8079823566074348,1.5247681027090083,52.0,2.300600964704603,2.6635313245805516,3.4098752923824898,0.9084608465018873,1.2105714440961586,52.0,2.5892728192377965,0.9134615384615384,0.0,2.3911283964611414,1.9306923451522187,0.852253369919657,0.15922049916676032,3.320702814377365,2.858711073311757,1.8066095902175998,0.6206692095991262,2.7880746319395584,2.9649200455972964,2.0594642673788672,2.2213389143341606,2.446279803074895,1.4832550776615032,,,,,,,,,,,,,
report_only_rho1.00_b18,report_only,1.0,18,cost2,8,52,linear-l0.01,4.090392887495797,4.391037423212362,5.077937373305612,0.9771941135694833,1.0471704689797887,52.0,2.421342217831693,2.9295456748100905,1.719536872426206,0.45819866604392095,4.6174498992618025,52.0,3.484266443543288,3.509672304507584,3.2754612815340343,0.9227192591452752,1.1740638772470369,52.0,3.8175254005137824,3.9070735791686526,4.302411952610605,0.9670912138347918,1.0691182259049026,52.0,3.484266443543288,0.9711538461538461,0.0,3.7151157631061036,2.739131716711974,1.2268802132554415,0.2306965488721658,4.077747042858577,3.6740953191653527,2.395504860974248,0.8603917504230026,3.343656032802139,3.5496070752926294,2.656451235366091,2.8825169902301577,3.1998921850315676,2.2896980595253207,,,,,,,,,,,,,
report_only_rho1.00_b18,report_only,1.0,18,endpoint,10,52,quadratic-l0.1,,,,,,,,,,,,,,,,,,,,,,,,,0.14404025462196834,0.8269230769230769,0.0,0.15280128872167806,0.14936209411969983,0.08115694148338246,0.013740074732513844,0.21729562756659215,0.21228344043579073,0.14006508769446935,0.03256761624785647,,,,,,,0.0,0.0,0.20780616103149732,0.48534101952844794,0.24830461922069647,0.24638977431193865,0.17145299579525505,0.1690215241487552,0.4752737131173377,0.4618558342985959,-0.3427755528138681,0.3752337204800871,-0.04471361327776584
report_only_rho1.00_b18,report_only,1.0,18,endpoint,11,52,quadratic-l0.1,,,,,,,,,,,,,,,,,,,,,,,,,0.20306420308139903,0.7980769230769231,0.0,0.22769687039609493,0.21357395834537488,0.10997611576446359,0.018261644242590934,0.3150229606800058,0.28367174181863,0.18369851246763128,0.04329174025211708,,,,,,,0.0,0.0,0.29295971876760374,0.4001874617923415,0.32383664165921083,0.31726090435592486,0.23172290681276544,0.23079417750012954,0.4764971149550123,0.4630244006108958,-0.0658571937583918,0.3759943228488798,0.08266258579448403
report_only_rho1.00_b18,report_only,1.0,18,endpoint,12,52,linear-l0.1,,,,,,,,,,,,,,,,,,,,,,,,,0.15765047016610048,0.7980769230769231,0.0,0.2329557377901013,0.22338956449600245,0.11537069326918309,0.01920955120367133,0.26854843570683606,0.26271518446593417,0.18257882562450586,0.04265391026265553,,,,,,,0.0,0.0,0.22744155150244666,0.4657056290574986,0.260799123697743,0.2560260718245013,0.22041011046441408,0.22298949022011375,0.45581331617908777,0.4426468884608331,-0.1368954671145297,0.35847134451889573,0.03389633447783719
report_only_rho1.00_b18,report_only,1.0,18,endpoint,13,52,linear-l0.1,,,,,,,,,,,,,,,,,,,,,,,,,0.15245999979033745,0.75,0.0,0.2073787021934727,0.21340228770208455,0.11179176491359295,0.018705447507457652,0.22071641658332178,0.23051220549214246,0.16941572522924125,0.04076596935014993,,,,,,,0.0,0.0,0.21995328563145225,0.47319389492849295,0.22051102139482853,0.2244794800179267,0.19296282590325017,0.19777448846809578,0.3932513049520302,0.38218997199042803,-0.5418050998507942,0.3105464536961491,-0.19922927648872277
report_only_rho1.00_b18,report_only,1.0,18,endpoint,14,52,quadratic-l0.1,,,,,,,,,,,,,,,,,,,,,,,,,0.10531476266216801,0.75,0.0,0.1314634533792924,0.13976066389637204,0.07726996948435581,0.01300149813733517,0.16374059989634174,0.16922105357317713,0.12436780366782427,0.030088315051734836,,,,,,,0.0,0.0,0.15193708582510795,0.5412100947348373,0.1732911768229576,0.16617038794562847,0.13541773446600233,0.13739345515366697,0.3981286611867593,0.3868510672284486,-0.07760438420581896,0.3141300896210858,0.0702277381184946
report_only_rho1.00_b18,report_only,1.0,18,endpoint,15,52,quadratic-l0.1,,,,,,,,,,,,,,,,,,,,,,,,,0.1541193281086004,0.8173076923076923,0.0,0.21077448340855887,0.19940406233657976,0.1010321843756775,0.0168245782936573,0.2534799567416424,0.24275013721896202,0.1644495850665077,0.038628721274543316,,,,,,,0.0,0.0,0.22234719036741685,0.47079999019252844,0.2724186732382367,0.26588987167849143,0.19915583741378073,0.19910757766273404,0.4426782317919641,0.42990293915235556,-0.09513926437885073,0.3481275702785897,0.05377328280492785
report_only_rho1.00_b18,report_only,1.0,18,endpoint,1,52,mlp-w4-l0.1,,,,,,,,,,,,,,,,,,,,,,,,,0.0018327506975994103,0.5384615384615384,0.0,-0.012301140195094006,-0.007363569001545717,-0.000993037124902187,-5.8066064628511726e-05,-0.03562531399192615,-0.016419771465185844,-0.003342475545120992,-0.0002998181756378342,,,,,,,0.0,0.0,0.0026441003426124574,0.6905030802173329,-5.360178960688876e-05,-0.007093710864731673,0.0026479038130819196,-0.001816368800197704,0.37583479534524794,0.36093978742732513,-1.0525417726469886,0.2760365510869424,-0.5578308991459371
report_only_rho1.00_b18,report_only,1.0,18,endpoint,2,52,linear-l0.1,,,,,,,,,,,,,,,,,,,,,,,,,0.030127463799931715,0.6153846153846154,0.0,0.04514992651306005,0.05767230110684565,0.033963820678161366,0.0056630481260118905,0.026483688095544314,0.04571475151144164,0.04307605237520761,0.010302787292319674,,,,,,,0.0,0.0,0.043464742618723254,0.649682437941222,0.04271439088212487,0.04701780907195287,0.043976287175509304,0.04448756845518656,0.4864057033413236,0.46802050487418434,-0.7449099318917884,0.3612963276425524,-0.359698108072477
report_only_rho1.00_b18,report_only,1.0,18,endpoint,3,52,linear-l0.1,,,,,,,,,,,,,,,,,,,,,,,,,0.02378525689829719,0.5961538461538461,0.0,0.04232945398358528,0.04699055274343112,0.02817204821979626,0.004773730573490083,0.035317663927852294,0.04807141560115692,0.04144569565384671,0.009924210566640407,,,,,,,0.0,0.0,0.03431487217344337,0.6588323083865019,0.04747103504541997,0.048836255870344604,0.03624311318054674,0.03517661177616719,0.37882319954576393,0.36484816693470584,-0.8373162006633603,0.28298723496504086,-0.4292431500227241
report_only_rho1.00_b18,report_only,1.0,18,endpoint,4,52,quadratic-l0.1,,,,,,,,,,,,,,,,,,,,,,,,,0.04375235415999084,0.6538461538461539,0.0,0.05394957555932004,0.05254947039206684,0.029816554628655942,0.005011134676530314,0.08407423952378454,0.08350087909569733,0.05602637619902642,0.012712677098285803,,,,,,,0.0,0.0,0.0631213043738364,0.630025876186109,0.07305834022590679,0.07585061382991315,0.048614806323586904,0.04739214315148738,0.37224624330710876,0.35957933596436575,-0.6526743478457113,0.28311433436244304,-0.30981880591463373
report_only_rho1.00_b18,report_only,1.0,18,endpoint,5,52,linear-l0.1,,,,,,,,,,,,,,,,,,,,,,,,,0.05612972708811088,0.6730769230769231,0.0,0.09939504571984616,0.09612742571778286,0.05263320317794848,0.008794449971867927,0.10930148539609312,0.10936689294447333,0.08262333248438566,0.019806247127377833,,,,,,,0.0,0.0,0.08097807891646848,0.6121691016434768,0.0927809826705406,0.09820705394966499,0.07808101173464636,0.0800777419756984,0.35083251050418995,0.3402933231129409,-0.7451708770760325,0.27370870470868014,-0.3369787683863598
report_only_rho1.00_b18,report_only,1.0,18,endpoint,6,52,linear-l0.1,,,,,,,,,,,,,,,,,,,,,,,,,0.1284685597003811,0.7596153846153846,0.0,0.1832244985030443,0.18096114075618575,0.09589260710678361,0.015964364301843743,0.19270356696295424,0.194191934596163,0.1443205951180808,0.034934938816013054,,,,,,,0.0,0.0,0.18534095398988756,0.5078062265700577,0.19600033717079096,0.19532936361118416,0.16467893910198186,0.16777179851529558,0.3684818502739732,0.35762268136487846,-0.35718035164859924,0.28861413676805314,-0.12104579998247596
report_only_rho1.00_b18,report_only,1.0,18,endpoint,7,52,linear-l0.1,,,,,,,,,,,,,,,,,,,,,,,,,0.16269656691533493,0.7788461538461539,0.0,0.2496122216986829,0.2347215302584131,0.11865215994282696,0.019731032266665317,0.24595340386277054,0.24700196771672753,0.17687373498407913,0.04251911562720674,,,,,,,0.0,0.0,0.2347215302584131,0.4584256503015321,0.23026527663754942,0.23366319161996613,0.20604388051341824,0.21368524236993025,0.4074188135625588,0.3962197112527712,-0.50469703712244,0.3229787177274362,-0.18166262892847224
report_only_rho1.00_b18,report_only,1.0,18,endpoint,8,52,quadratic-l0.1,,,,,,,,,,,,,,,,,,,,,,,,,0.18028043132679394,0.8269230769230769,0.0,0.23982035459622283,0.23260063947772627,0.1168637772761077,0.019386923010192885,0.2748808356167011,0.27087593827733253,0.1870195329954925,0.04377575447532108,,,,,,,0.0,0.0,0.260089684244489,0.4330574963154563,0.3000322552990402,0.29072146440066304,0.2298746683584829,0.23244670835835832,0.48264498721344284,0.46951001350722776,-0.14672496508903193,0.3833435091271031,0.0663654919894128
report_only_rho1.00_b18,report_only,1.0,18,endpoint,9,52,quadratic-l0.1,,,,,,,,,,,,,,,,,,,,,,,,,0.13766520453229428,0.7980769230769231,0.0,0.1689428396996075,0.17999706910660096,0.10099248913786213,0.016996564275178008,0.20518271181776185,0.2090702840630486,0.15712625124099328,0.038642431559834746,,,,,,,0.0,0.0,0.1986089078817058,0.4945382726782395,0.22719205932436595,0.2202746999116387,0.18214371143368258,0.18102436131622096,0.3992035425310133,0.38811976137929644,-0.34966437810370016,0.31627655127507265,-0.09073678291739086
report_only_rho1.00_b18,report_only,1.0,18,mixture,11,52,flat-w4-l0.01,4.371549681721563,4.710238819335599,3.757065333328273,0.3482991100189973,5.556111267809219,52.0,1.8973475565439268,2.2163585724507184,1.295540854759107,0.21620343350835058,11.457354676025986,52.0,3.1786113083841565,3.5213346232260534,2.561609430611267,0.3196814678658531,6.337866440102723,52.0,3.8916464560573565,4.231830225519396,3.2762262559608937,0.3408324082546344,5.743919073811917,52.0,3.1786113083841565,0.875,0.0,2.9360359630390294,1.823678251282061,0.7277361509859831,0.12650146401368856,3.5034451276324856,2.6935088526859827,1.55069265114746,0.49921191767988954,3.0228348692536864,3.2738932478717753,1.9303538494477637,2.1669532758013936,2.5223296571429734,1.3029415828684812,,,,,,,,,,,,,
report_only_rho1.00_b18,report_only,1.0,18,mixture,15,52,flat-w4-l0.01,3.451298776919924,3.9970169329405176,2.734137103228939,0.31046329739319173,8.370590854740312,52.0,1.9164814062831856,2.3385106650401877,1.2548289299967137,0.20470420227007716,16.064858285921968,52.0,2.9390027557687826,3.46311102582575,2.230546785039894,0.2879277994574833,9.488314777475756,52.0,3.2981421885141913,3.83846011822767,2.58312152965236,0.30458668890857077,8.64299157033987,52.0,2.9390027557687826,0.8798076923076923,0.0,2.9746651838741647,1.8803753156755552,0.7294689238772712,0.12496010311832012,3.4166747632485315,2.764217023998154,1.578260909747294,0.4946471515361307,2.9870903458954894,3.4622579410925547,2.120597121869475,2.4163410927459923,2.852359808509571,1.493624794877853,,,,,,,,,,,,,
report_only_rho1.00_b18,report_only,1.0,18,mixture,1,52,constant,-0.007130617116544972,-0.007082176508101508,0.0027445287317595583,0.02105465300329034,51.97257086948885,52.0,-0.007132071579701723,-0.007083668199439579,0.002739266426707338,0.021052956609238817,51.97259925882106,52.0,-0.007130851743015502,-0.007082417095624363,0.0027436844836338653,0.021054381337968654,51.9725754163154,52.0,-0.007130675841715576,-0.0070822367236979015,0.0027443175880584843,0.02105458507829845,51.97257200635759,52.0,-0.007130851743015502,0.46153846153846156,0.0,-0.04810643868249249,-0.03861720282501668,-0.01527606410754196,-0.00231227982807835,-0.21699469376264668,-0.08789857925481898,-0.03800376597764458,-0.009125691376066046,-0.02876931052892928,-0.046865183368027835,-0.0032386546156090113,-0.007711086679302718,-0.02212306601939767,-0.0005385368916682987,,,,,,,,,,,,,
report_only_rho1.00_b18,report_only,1.0,18,mixture,3,52,flat-w4-l0.01,2.2483941233802627,2.3330790322027264,1.8912602417775397,0.34367688362221843,7.187673679175976,52.0,1.4465947736352385,1.5836664605711896,1.0101157635391553,0.1830528600258474,17.099784713404198,52.0,2.0115744596418845,2.113791961063147,1.6248483953149635,0.3017755866079413,8.7955635953786,52.0,2.1802888346287337,2.2698788922700617,1.8144903243214008,0.3322529393685733,7.583310759772801,52.0,2.0115744596418845,0.8365384615384616,0.0,1.5053533024251882,1.0195451945557499,0.43240347571645865,0.0763568109427413,1.5593258063214515,1.432980454115876,0.9001235837898237,0.3008847437876286,2.0115744596418845,2.1779644053857017,1.1886105631415609,1.2639981560860483,1.830123805791062,0.5501714709186678,,,,,,,,,,,,,
report_only_rho1.00_b18,report_only,1.0,18,mixture,5,52,flat-w4-l0.01,2.409255726225271,2.451794028849141,2.145219090342977,0.36272269798765827,6.496769002882209,52.0,1.461220589673165,1.5620774813585823,1.0766620750590405,0.17646730731144933,16.431892452344567,52.0,2.089011209648647,2.1502804009126653,1.778554272720952,0.3111418886827717,8.203160612092303,52.0,2.3085783001075773,2.356262614242774,2.030697351017546,0.34848190702668347,6.916963813373608,52.0,2.089011209648647,0.8317307692307693,0.0,1.841213393466697,1.214654008046843,0.4965845573469939,0.08666739199214016,2.4040316867283202,1.8845372323880105,1.1241566745465332,0.3601258663849419,2.1570956080302457,2.3360367835724727,1.3802213540342179,1.4981322499852041,1.8117488293713895,0.801224939782501,,,,,,,,,,,,,
report_only_rho1.00_b18,report_only,1.0,18,mixture,8,52,flat-w4-l0.01,2.8799074368936486,2.8868363054211654,3.0022901810523144,0.6974758143752365,2.0102467488157365,52.0,1.7054789199942937,1.8871448933053794,1.2172321494429157,0.2522745772240019,9.804906472671375,52.0,2.468326367817436,2.4929532900266285,2.2624995033575805,0.564850386855657,2.9450093385101535,52.0,2.7425846424761526,2.7426124012952893,2.750054175757014,0.6615546096010477,2.217078663079949,52.0,2.468326367817436,0.8605769230769231,0.0,2.2885001064311368,1.5903075403248748,0.6654624420621084,0.11472747530006007,2.6606955806015287,2.284113001247495,1.4169313554888925,0.46123725011678507,2.4601790631083023,2.489553764584915,1.7125238004901964,1.8655050436668357,2.1831780391199325,1.149311777276941,,,,,,,,,,,,,
report_only_rho1.00_b18,report_only,1.0,18,pathinfo,11,52,quadratic-l0.1,,,,,,,,,,,,,,,,,,,,,,,,,0.2646409187552351,0.875,0.0,0.34344548699040056,0.3261517637435346,0.1995230544149743,0.04123823180806176,0.4163171776119371,0.3867285452827617,0.3205497621085401,0.14408030843005187,0.3837102939863337,0.39598542786144014,0.38871446646256685,0.3919696612560081,0.4447679937219488,0.33076088559916905,0.0,0.0,0.38179614110447674,0.3113510394554685,,,,,,,,,
report_only_rho1.00_b18,report_only,1.0,18,pathinfo,15,52,flat-w4-l0.1,,,,,,,,,,,,,,,,,,,,,,,,,0.2756796259674858,0.8942307692307693,0.0,0.39515004678711674,0.36950873469266426,0.21339755678735484,0.04314060561689429,0.4206278175257279,0.4058063325732497,0.34422505857028945,0.14912736798073278,0.4127362308471139,0.4146843588776409,0.4281655698152893,0.4329441142027352,0.4214556129755461,0.36221533196178374,0.0,0.009615384615384616,0.39772162925741605,0.2954255513025292,,,,,,,,,
report_only_rho1.00_b18,report_only,1.0,18,pathinfo,1,52,constant,,,,,,,,,,,,,,,,,,,,,,,,,-0.005550398244850666,0.5192307692307693,0.0,-0.012993246655022082,-0.009608741878718987,-0.0021901748755113544,-0.00013159508369102352,-0.05141077993700964,-0.02851955428217417,-0.009511186783823329,-0.0012785453741642366,-0.008266490519568438,-0.01087495036628814,-0.0010993481447126852,-0.0012306426526410852,-0.009317030038627995,-0.00046155548347573833,0.0,0.0,-0.008007532022804862,0.7011547125827502,,,,,,,,,
report_only_rho1.00_b18,report_only,1.0,18,pathinfo,3,52,flat-w4-l0.01,,,,,,,,,,,,,,,,,,,,,,,,,0.02408927045921519,0.6442307692307693,0.0,0.02377715340302942,0.0491072565441674,0.04406555074727286,0.009860243862060473,-0.029351520751849228,0.022064670788722356,0.05385341330375616,0.031137392950924,0.030374633490049284,0.04283861202302489,0.054814649953037094,0.05433654231061386,0.0526734687317176,0.03704218920663201,0.0,0.0,0.03475347103014276,0.6583937095298025,,,,,,,,,
report_only_rho1.00_b18,report_only,1.0,18,pathinfo,5,52,linear-l0.1,,,,,,,,,,,,,,,,,,,,,,,,,0.0534716430673125,0.6730769230769231,0.0,0.09763864210174497,0.10458925067344958,0.07583966814431185,0.016376654382139776,0.06511152115140952,0.10509778447343468,0.11155595310732412,0.05608285459334035,0.06751230119783283,0.06070113546117901,0.08665597530224561,0.08618578479200074,0.10082731032405712,0.08124632123991296,0.0,0.0,0.07714327428139647,0.6160039062785488,,,,,,,,,
report_only_rho1.00_b18,report_only,1.0,18,pathinfo,8,52,gru-w4-l0.01,,,,,,,,,,,,,,,,,,,,,,,,,0.2731987593739022,0.875,0.0,0.3264806453421295,0.33090984727919365,0.1919936235422392,0.037771208812305605,0.3179816109818168,0.3516054997854815,0.3154894516553543,0.13387113691162275,0.34832123693839834,0.35616586538810685,0.35234755288155317,0.36254589949049415,0.3941424953257459,0.3259326143345118,0.0,0.0,0.3941424953257459,0.29900468523419943,,,,,,,,,
report_only_rho1.00_b3,report_only,1.0,3,cost0,11,56,gru-w4-l0.01,0.1950934259361245,0.19614819494605648,0.14986418996713521,0.06323645822726616,46.52354281105282,56.0,0.16209356892106688,0.16337165154781588,0.11238347689777187,0.05572192143472712,48.15623784039238,56.0,0.1870653149207046,0.1881636184780377,0.14092666426956918,0.06182383312012219,46.83660163672571,56.0,0.19290856985812127,0.19397453945992674,0.14744353782022782,0.06287430542684695,46.60406186576198,56.0,0.1870653149207046,0.5535714285714286,0.0,0.20214111570626142,0.11961037857466943,0.039376604915948424,0.005921738027869526,0.238893819863801,0.21871219136619077,0.1268363418300137,0.03398069919480353,0.0693700435445291,0.1271648107497275,0.05638321710434064,0.06085944648407406,0.20541112217265897,0.006085096514262893,,,,,,,,,,,,,
report_only_rho1.00_b3,report_only,1.0,3,cost0,15,56,flat-w4-l0.1,0.08213569921117862,0.0821415598138355,0.07871598057740956,0.08392688615365143,43.20490782670096,56.0,0.07362353908447969,0.07384710896883048,0.0526266426217464,0.06667790532405139,47.32469758050924,56.0,0.08046171842952399,0.08048743505605148,0.07330715453182544,0.08035186808884824,44.0927362578057,56.0,0.08169948605866954,0.08170918660599766,0.07730128334334227,0.08299431851511542,43.43767804030558,56.0,0.08046171842952399,0.49107142857142855,0.0,0.2157069757726924,0.15901859512050084,0.07369552522436519,0.011995120311122692,0.26259171284248717,0.26705107614225587,0.1881982574492748,0.09860766290552728,0.12229009519255629,0.15896221599292298,0.060965941572348074,0.06787691450731957,0.24496894432264668,0.007893624288319261,,,,,,,,,,,,,
report_only_rho1.00_b3,report_only,1.0,3,cost0,1,56,flat-w4-l0.1,-0.019254540372691333,-0.019243237541100605,-0.014492460846134897,0.02327026611428569,55.52581994138107,56.0,-0.019156298980567126,-0.019145333999590383,-0.014466042415074416,0.023234263894951226,55.53076949416264,56.0,-0.01923873996431721,-0.01922749192195651,-0.01448823454179861,0.023264467167710266,55.52661824599704,56.0,-0.019250587331105157,-0.019239298223314168,-0.014491404297329322,0.023268814988717402,55.52601974723931,56.0,-0.01923873996431721,0.48214285714285715,0.0,-0.029968438440794824,-0.02225108448417033,-0.007516935532827388,-0.0010039167051027118,-0.3021979749040637,-0.14767891622489224,-0.043350380672298836,-0.0071046896570689895,-0.0182442163375162,-0.021648928861578876,-0.0028891207577107364,-0.006969998373752637,-0.00987352832652776,-0.00022148211092688774,,,,,,,,,,,,,
report_only_rho1.00_b3,report_only,1.0,3,cost0,3,56,flat-w4-l0.01,-0.04088837814060109,-0.039916236986493527,0.0038561001170041814,0.11334800683769354,35.05786978509356,56.0,-0.007932556650865884,-0.007915983934330089,-0.0021642958218563596,0.07767308361313248,43.73211198452078,56.0,-0.032537467474432515,-0.031929598719504605,0.002736378024675547,0.105022740905745,37.06360475552006,56.0,-0.038624915143412715,-0.03775900582096624,0.003569473793310978,0.111124970556675,35.58894191965548,56.0,-0.032537467474432515,0.48214285714285715,0.0,0.043105640092738484,0.012996626721233187,0.004627191425793203,0.0009454915806257644,-0.6950691293309301,-0.1129554828011828,0.004407985053440402,0.005588930031086952,-0.019745035061216824,-0.011370841663443052,-0.007117405030046266,-0.005264760361088109,0.012405427900342325,-0.0004403631048483395,,,,,,,,,,,,,
report_only_rho1.00_b3,report_only,1.0,3,cost0,5,56,linear-l0.01,0.07816891731383298,0.0782292710230946,0.08919588269703879,0.07146613608559606,43.503527205402214,56.0,0.06440731982870342,0.06441185342739597,0.06742152172255078,0.0595444856187926,46.179889208935464,56.0,0.07520875017986683,0.07525174443476593,0.08451043410292583,0.06910462297312123,44.0419661866432,56.0,0.07738837683840429,0.07744389617895539,0.08796291150512278,0.0708552131817584,43.643152799244525,56.0,0.07520875017986683,0.5357142857142857,0.0,0.12930213645360053,0.07193199037901954,0.017050289604543065,0.002121696969683673,-0.007848133701991817,0.11215100874504018,0.06660377413103559,0.01451186141346516,0.12265568373771842,0.13836410998987628,0.02043142813701069,0.016119013829061193,0.17687544925954715,0.005846788396133417,,,,,,,,,,,,,
report_only_rho1.00_b3,report_only,1.0,3,cost0,8,56,flat-w4-l0.01,0.14791149366038917,0.15303395660326208,0.2525721085563157,0.13425030394020993,28.2216280959034,56.0,0.12175100180645426,0.12224332842791202,0.15345925910437902,0.08320476806381313,39.31289782044106,56.0,0.13359616681644065,0.13710104080287128,0.21967310850872007,0.12134672606913817,30.79648644931093,56.0,0.14280874704359756,0.14746125451081835,0.24239753823588547,0.13074460808424718,28.90296831578162,56.0,0.13359616681644065,0.5178571428571429,0.0,0.2116012218986591,0.12460708406452582,0.035076058166277325,0.005092391060249309,0.2749422260276044,0.2394500202295339,0.13410424901934986,0.03476260840473343,0.15691369972891747,0.17465487120931827,0.04223904268063056,0.0463659736254629,0.2243281641127529,0.004498732740513398,,,,,,,,,,,,,
report_only_rho1.00_b3,report_only,1.0,3,cost2,11,56,flat-w4-l0.01,2.521969423482474,2.571375186217254,2.2396639875723734,0.417700956026553,4.562983485128912,56.0,1.647585062693069,1.806029406598499,1.1849481687216827,0.196097363573777,12.209512091840924,56.0,2.269480106802741,2.352378870273629,1.9155841688290451,0.3558023792243185,5.733427073248225,56.0,2.449653325729791,2.5080421605500898,2.1456917553508115,0.4005773788590849,4.849642039603849,56.0,2.269480106802741,0.8571428571428571,0.0,1.4460602942474396,1.1115217806883673,0.40761966284020135,0.0680458183205467,2.08142544963603,1.768220433230114,0.9703644396872857,0.2836787517467362,2.4880699207545414,2.691753784379231,1.7582786660899004,1.9479086955080847,2.2043089600770913,0.9351151501287166,,,,,,,,,,,,,
report_only_rho1.00_b3,report_only,1.0,3,cost2,15,56,flat-w4-l0.01,4.0306175103896535,5.449048489601485,3.1288739442981206,0.16615773741975282,22.331482371130342,56.0,2.372160120019261,3.188231613202181,1.5705102780854427,0.08231425737201199,44.311909194019044,56.0,3.506496755606346,4.787006847937021,2.621148203047509,0.14239875628119456,27.25816893973999,56.0,3.876646816266144,5.258791460409277,2.9789469258801886,0.15959030742460623,23.58016583501104,56.0,3.506496755606346,0.9553571428571429,0.0,2.7792411901644654,1.7567477987246194,0.6629003379096944,0.11256130661113091,3.029465613703177,2.5694661068894247,1.4563004611353223,0.44274363642451886,3.4465564537499835,3.6880318764869457,2.474925921817351,2.7601580858008936,3.0249697031251803,1.8729801982371417,,,,,,,,,,,,,
report_only_rho1.00_b3,report_only,1.0,3,cost2,1,56,constant,-0.03433727047215977,-0.034246468670417,-0.020800629956544497,0.0271023301323068,54.12113348028307,56.0,-0.033033716535783846,-0.032945148498879584,-0.01966535812648201,0.02693026385344204,54.16593317936233,56.0,-0.034121818720520856,-0.03403137849428349,-0.020612277418239216,0.0270742908041311,54.128460765757566,56.0,-0.03428315198840699,-0.03419244072908838,-0.020753292383266553,0.027095301744605994,54.12297114159539,56.0,-0.034121818720520856,0.5357142857142857,0.0,-0.02058888489423979,-0.00972902052540388,0.0020898432494350977,0.0009695637486590164,-0.1460588689750581,-0.07723017046220078,-0.015215289974975742,0.0012009925826849796,-0.0018347599457347913,-0.021601609125768396,-0.0007214053615542572,-0.0023190374452767737,-0.009612036001516572,-0.0012196143917252275,,,,,,,,,,,,,
report_only_rho1.00_b3,report_only,1.0,3,cost2,3,56,flat-w4-l0.01,-0.15379997601886122,-0.12193373565043204,0.12032924837945773,0.2660529276778473,11.992217246878221,56.0,0.05754633103479152,0.058261705194034424,0.09584997675142029,0.10402666175974853,34.652602488403744,56.0,-0.07099354598616028,-0.0556440205923948,0.11459687799949737,0.21208815312387502,16.837269456844485,56.0,-0.12833669067344208,-0.10205195999354603,0.11879150342071505,0.2503716730178317,13.191424852155235,56.0,-0.07099354598616028,0.6160714285714286,0.0,-0.07681286225207411,0.009836775389847693,0.005382044553818179,0.00047880822544897617,-1.484654492551076,-0.3843420176805985,0.010037968186202725,0.005942167283230602,0.12474327945105289,0.09250883378400328,0.01252143044118334,0.009220562707119137,0.036611980459951524,-0.0010882299453180522,,,,,,,,,,,,,
report_only_rho1.00_b3,report_only,1.0,3,cost2,5,56,flat-w4-l0.01,0.5966753957986108,0.5969177682447483,0.6188541958823103,0.14597930966578632,20.808324456559113,56.0,0.4435057458974287,0.44544052339474705,0.38258310826427866,0.09162779840000064,30.439157946259698,56.0,0.5485630526447688,0.5485630536810672,0.548517527568081,0.13248112565066875,22.798262435049402,56.0,0.5822742223084327,0.5824020213256001,0.598346968559529,0.14232679011288363,21.324410584141663,56.0,0.5485630526447688,0.6607142857142857,0.0,0.5824839473651211,0.28118877268882164,0.0697570775835328,0.009986373127807951,0.694362746875709,0.5744896191872189,0.24309392785004894,0.05514919841239783,0.5474623300621444,0.678982411276497,0.23254439332464708,0.2527457749350516,0.38473829014846117,0.024622082861604628,,,,,,,,,,,,,
report_only_rho1.00_b3,report_only,1.0,3,cost2,8,56,flat-w4-l0.01,1.594724083648133,1.6388643454727538,1.3262725748633106,0.2147972768427702,13.90709344402257,56.0,1.06492047627848,1.1325463235716509,0.7407877276752998,0.1297980413992045,24.166494657213832,56.0,1.4361793599826147,1.4869479470713258,1.1504384855459644,0.193663045024292,15.793339408098497,56.0,1.5490533305124623,1.5950002141704576,1.2757391259407314,0.20908012444166751,14.38571899423531,56.0,1.4361793599826147,0.7857142857142857,0.0,1.2367147682861035,0.7027906284098657,0.2427619213738564,0.039903103721547366,1.4224397748416737,1.1966654833731567,0.5862310687914226,0.16750677522741567,1.4694565836917342,1.4276983235069503,0.8210660178136118,0.9087365952922166,0.9686049287083127,0.31107423750900054,,,,,,,,,,,,,
report_only_rho1.00_b3,report_only,1.0,3,endpoint,10,56,mlp-w4-l0.01,,,,,,,,,,,,,,,,,,,,,,,,,0.11810837160506343,0.7767857142857143,0.0,0.05895708007147388,0.0691124393844843,0.03728232791672746,0.006309469153257788,0.1745863273950854,0.1350696279002194,0.07629360719869778,0.01720518845729318,,,,,,,0.0,0.0,0.17039436200209587,0.5227528185578494,0.18953970005152845,0.18263371441470325,0.07877447496809262,0.07717608559805433,0.3032488970967312,0.29526012091942266,-0.1675624159037514,0.24325660550186617,-0.008681850617300646
report_only_rho1.00_b3,report_only,1.0,3,endpoint,11,56,mlp-w4-l0.01,,,,,,,,,,,,,,,,,,,,,,,,,0.1528167134281504,0.8125,0.0,0.05067094269117308,0.05953832466850051,0.034398489065120934,0.005924762419499034,0.18268036190249223,0.15080087608609816,0.076616071246564,0.016913277701874407,,,,,,,0.0,0.0,0.22046791462774243,0.4726792659322029,0.21139448404929034,0.2105435392554656,0.07641188117622459,0.07448789465455571,0.38228786832190054,0.372599074763452,0.18998193785010223,0.3086640930482979,0.22818721499005695
report_only_rho1.00_b3,report_only,1.0,3,endpoint,12,56,quadratic-l0.01,,,,,,,,,,,,,,,,,,,,,,,,,0.2004134291036525,0.8303571428571429,0.0,0.08644591505849838,0.09429075747463722,0.05042883738123675,0.008514689142333361,0.31543769869462596,0.2305706133576067,0.10720678310065071,0.023371933741794502,,,,,,,0.0,0.0,0.28913546029539133,0.40401172026455395,0.26137624536232285,0.25819948060342396,0.14804440903894073,0.14606048299118154,0.4305877246301917,0.4198371323603164,0.15926917277970934,0.34833450841770697,0.2368539253149336
report_only_rho1.00_b3,report_only,1.0,3,endpoint,13,56,quadratic-l0.01,,,,,,,,,,,,,,,,,,,,,,,,,0.14539022904565155,0.8035714285714286,0.0,0.09441924112112643,0.09218760790435124,0.047184061096933703,0.007863783528912552,0.2079544703828071,0.16627693920498363,0.09323834040945635,0.020965318644623785,,,,,,,0.0,0.0,0.20975376243787203,0.48339341812207326,0.21775372172029442,0.21106225604052306,0.10382968801986615,0.1026077532696109,0.3516869696986326,0.3422841931552091,-0.0873183512406114,0.2815838928358042,0.03261924508338497
report_only_rho1.00_b3,report_only,1.0,3,endpoint,14,56,mlp-w4-l0.01,,,,,,,,,,,,,,,,,,,,,,,,,0.07627523252350736,0.7767857142857143,0.0,0.0791797197482482,0.09172757272330936,0.047296061105509504,0.00803976462771146,0.1791523381926436,0.15397711013558088,0.09367434621129324,0.02108592206035859,,,,,,,0.0,0.008928571428571428,0.11004189970431665,0.5831052808556285,0.19999704356174527,0.19243035758221558,0.12711501450383098,0.12639877309558226,0.2952248164782403,0.28734936376570036,0.1267445288774707,0.23621624566042604,0.14511190765089982
report_only_rho1.00_b3,report_only,1.0,3,endpoint,15,56,mlp-w4-l0.01,,,,,,,,,,,,,,,,,,,,,,,,,0.10073252365168947,0.8035714285714286,0.0,0.08989084510212704,0.11603924146165852,0.06081678414219434,0.01036585941478693,0.16699454086386684,0.18315204314477906,0.11508490553293005,0.026448012623400775,,,,,,,0.017857142857142856,0.026785714285714284,0.1453263123285226,0.569234464969968,0.24636416215582146,0.22856610264522392,0.14839396435078203,0.1463302058320648,0.39175857752470866,0.38129200283419085,0.21394239109518734,0.3135396621317167,0.2312711291304608
report_only_rho1.00_b3,report_only,1.0,3,endpoint,1,56,mlp-w4-l0.01,,,,,,,,,,,,,,,,,,,,,,,,,0.000868407950329947,0.5714285714285714,0.0,0.00763164384996189,0.008415607624340958,0.004305272784341406,0.0006720539090733581,-0.002570169681600642,0.004157874688161393,0.005624383575638941,0.0012015740350888435,,,,,,,0.0,0.0,0.0012528478434095638,0.6918943327165358,0.00273198596221944,0.004263417014515517,0.002676752052070616,0.003617300204788131,0.43537388577685576,0.4189474888890353,-0.8031696692382039,0.3246626436606683,-0.4238574662792026
report_only_rho1.00_b3,report_only,1.0,3,endpoint,2,56,mlp-w4-l0.1,,,,,,,,,,,,,,,,,,,,,,,,,-0.001343262818450201,0.4642857142857143,0.0,0.001387016679494741,0.00015728811287933135,-0.0002913371040832149,-4.24335356383268e-05,0.00022745904245427748,0.001665340079609248,0.0006538194811574165,4.4720500657261754e-05,,,,,,,0.0,0.0,-0.001937918606788637,0.6950850991667339,-0.007222056706712708,-0.0007923514141259752,-0.0023752422563800626,0.000450251197962196,0.40506975745736107,0.3903425743392178,-0.7798004630844311,0.304809539448851,-0.39974198825466456
report_only_rho1.00_b3,report_only,1.0,3,endpoint,3,56,mlp-w4-l0.1,,,,,,,,,,,,,,,,,,,,,,,,,-0.005982960701636382,0.45535714285714285,0.0,-0.002802426381490205,-0.0017455616388425052,-0.000390920698773992,-2.7963645851931357e-05,-0.0036753816605270538,-0.002781404874367798,-0.0005863054603557706,-2.9763846700320085e-05,,,,,,,0.0,0.0,-0.00863158773408436,0.7017787682940295,-0.008915393892560004,-0.0029843263347619684,-0.0021640750535913906,0.0002857680655061568,0.25748467550529075,0.24829930615735166,-0.8001957504177492,0.19453346174100528,-0.4392677101273957
report_only_rho1.00_b3,report_only,1.0,3,endpoint,4,56,constant,,,,,,,,,,,,,,,,,,,,,,,,,-0.007928319316398483,0.4732142857142857,0.0,-0.019675433344586428,-0.013715298405768447,-0.004894659005884139,-0.0006651277425488473,-0.028461698989777882,-0.009737544387311859,-0.005087734662518099,-0.0010337192922691696,,,,,,,0.0,0.0,-0.011438146960352268,0.7045853275202977,-0.017751964834176983,-0.017835628464087518,-0.008905344833152291,-0.001892399542207289,0.15675276247059317,0.15102592420495486,-0.33589354018807366,0.11784995479442317,-0.2141014156454366
report_only_rho1.00_b3,report_only,1.0,3,endpoint,5,56,mlp-w4-l0.01,,,,,,,,,,,,,,,,,,,,,,,,,0.004311664422351509,0.5892857142857143,0.0,0.00622274003652024,0.008320280160797304,0.005812291029047584,0.0010201422730039683,0.00577376740034636,0.01327252000674183,0.010652792658248979,0.0026324363764512046,,,,,,,0.0,0.0,0.006220416880103899,0.6869267636798414,0.010084905346588513,0.01026426498261027,0.010549331214720173,0.005103550277313275,0.1380226327628851,0.13377906445512056,-0.29830616990116116,0.1077112188388173,-0.15745307917351803
report_only_rho1.00_b3,report_only,1.0,3,endpoint,6,56,mlp-w4-l0.01,,,,,,,,,,,,,,,,,,,,,,,,,-0.002826221874463767,0.5625,0.0,-0.0018527852681634335,-0.00022980664294530717,0.0026124878546669866,0.000550064460079754,-0.024967758902774185,-0.004383748773327647,0.005698331214632965,0.0017443435676484475,,,,,,,0.0,0.0,-0.004077376282740787,0.697224556842686,0.006146735368648624,0.002921438648280542,0.01150674018075083,0.0012487911687682743,0.1293471164411374,0.12499456978760375,-0.32082040544845336,0.09914655454351634,-0.17981299558022457
report_only_rho1.00_b3,report_only,1.0,3,endpoint,7,56,mlp-w4-l0.01,,,,,,,,,,,,,,,,,,,,,,,,,0.07197920410971419,0.7142857142857143,0.0,0.07281533997465664,0.07983618350896424,0.041997700435877805,0.0070088386281785394,0.08547251083032552,0.10061020238986383,0.07071342164778671,0.016633560275734,,,,,,,0.0,0.0,0.10384404081621915,0.5893031397437262,0.11748927315467649,0.11393752238744893,0.06700814914375304,0.0683062764116924,0.21821539815204574,0.2107970824058226,-0.010377205793779183,0.16682355281356698,0.02787158916215749
report_only_rho1.00_b3,report_only,1.0,3,endpoint,8,56,mlp-w4-l0.01,,,,,,,,,,,,,,,,,,,,,,,,,0.038863022116692084,0.6964285714285714,0.0,0.0531494956505455,0.05627031756529834,0.02972953550385476,0.004973408098490187,0.060806666881586036,0.06688086009036694,0.04859303547421594,0.01147217490536122,,,,,,,0.0,0.0,0.05606748928170977,0.6370796912782356,0.07380231925627687,0.0708040470594505,0.036208516211525266,0.03604559518330843,0.20067053347319147,0.1946988383956819,0.06265982136680222,0.15755701271055567,0.08080253644667361
report_only_rho1.00_b3,report_only,1.0,3,endpoint,9,56,mlp-w4-l0.01,,,,,,,,,,,,,,,,,,,,,,,,,0.0657172541738384,0.7053571428571429,0.0,0.0838316577370605,0.08221773166093246,0.04042972420066461,0.006695303418897022,0.11065701909663687,0.1072428926957908,0.07128009006865943,0.015972430837869422,,,,,,,0.0,0.0,0.0948099566974362,0.598337223862509,0.1294761646048203,0.12566116221871207,0.0708781201215217,0.07057265334213958,0.2689881914622484,0.26215960659734105,0.09119435299360491,0.21690766353889598,0.1294129382646065
report_only_rho1.00_b3,report_only,1.0,3,mixture,11,56,flat-w4-l0.01,0.8839874275578595,0.9265647721462209,0.6198419983882524,0.1030696489817394,32.157690796821264,56.0,0.6651475798509158,0.7112437751549128,0.39143678267702064,0.08476737720257294,36.92021462138305,56.0,0.8298977862599369,0.8732872328617003,0.5635030499607165,0.09942821640827981,33.048520787304,56.0,0.8692497252425458,0.9120413568625771,0.6045082510744422,0.10212677335535889,32.38572224604445,56.0,0.8298977862599369,0.7098214285714286,0.0,0.7830642197978348,0.4955501538976465,0.17105264815545257,0.026341353104784478,1.1910044798920403,0.8202105537704184,0.4278260375672337,0.11551931362631004,0.8690924188830714,0.9536388663925767,0.5681338613567636,0.6541275632359541,0.88974644362022,0.21109967394627605,,,,,,,,,,,,,
report_only_rho1.00_b3,report_only,1.0,3,mixture,15,56,flat-w4-l0.01,1.5712839893477675,1.6685690591830962,1.192512062886825,0.11363209094093298,31.923914664683082,56.0,0.959564649304281,1.053775493681318,0.5858896977403614,0.09394577372761417,36.511188508730044,56.0,1.3625706000011435,1.459551987402481,0.984297274474212,0.10978843214845828,32.778169463491615,56.0,1.5038617032903854,1.6010803174085948,1.1251987968468746,0.11264028049021305,32.14241195583705,56.0,1.3625706000011435,0.7455357142857143,0.0,1.288857961171114,0.7615411736746246,0.26388364823849175,0.04107641780109434,1.5170094625902557,1.1602962876102185,0.6320247957206844,0.17380588623082543,1.3703746034433633,1.5058706461112077,0.9274431557103016,1.044435779621886,1.3976767139167754,0.45554088137464005,,,,,,,,,,,,,
report_only_rho1.00_b3,report_only,1.0,3,mixture,1,56,linear-l1,-0.010826979837040273,-0.01080392757906504,-0.0040215723476302615,0.01946887278939875,55.91034168796102,56.0,-0.010816095500593145,-0.010793064766078631,-0.004013872974590294,0.019467622308883922,55.91043313813578,56.0,-0.010825236435805635,-0.010802187623806893,-0.004020338769838295,0.019468672558398847,55.910356333740076,56.0,-0.01082654391851649,-0.01080349252211479,-0.004021263893158734,0.019468822726139676,55.91034534989745,56.0,-0.010825236435805635,0.47767857142857145,0.0,-0.034232177649815045,-0.025933838248981107,-0.009310663862042826,-0.0013480993348808823,-0.19058806678882204,-0.106644204308699,-0.03647976086979201,-0.006917438367134085,-0.02161170331396615,-0.035535436269933454,-0.00254773977267577,-0.00482142030066384,-0.011628827353632935,-0.0003721355001131331,,,,,,,,,,,,,
report_only_rho1.00_b3,report_only,1.0,3,mixture,3,56,flat-w4-l0.01,-0.07344638835386344,-0.06644842173546031,0.049568605846939416,0.14735047999206408,27.380102008482027,56.0,-0.006837878581564942,-0.005807966932449893,0.0392365865661507,0.08543449458794658,41.36459975892744,56.0,-0.05425973551491348,-0.04940760650695043,0.0475114176910698,0.13104809787097602,30.740864343368873,56.0,-0.06807801904653503,-0.06171265635006472,0.049035376797270006,0.1428807254083969,28.268665059882007,56.0,-0.05425973551491348,0.5758928571428571,0.0,0.0274107396268982,0.02334442195829995,0.005968957622449347,0.0006929737005121359,-0.9994523988362186,-0.12098308763609618,0.019557784764915216,0.0063529621301943034,0.005602425266566626,0.04872285350516292,0.0009527945718451078,-0.0013291739823294965,0.02947028927610268,-0.0005440974487833748,,,,,,,,,,,,,
report_only_rho1.00_b3,report_only,1.0,3,mixture,5,56,flat-w4-l0.01,0.28443833544788366,0.28443905744788406,0.2832371512223166,0.08837889209096501,36.03889449626888,56.0,0.2245161143280023,0.2246707121590015,0.2070350678080766,0.06851203404609547,40.303275563707835,56.0,0.26997078607910063,0.2699831220857833,0.2650119136273938,0.08419417960253918,36.914520242199224,56.0,0.28049872325479885,0.28050115040932055,0.2782970914056814,0.08728424193238388,36.266770278323435,56.0,0.26997078607910063,0.5803571428571429,0.0,0.3076061432797403,0.14194775442801538,0.03266532125247389,0.004465335256761653,0.31600823466701705,0.281522256329475,0.1243595670509166,0.02654610376969279,0.3080313075281195,0.3488193773426764,0.06162940431468828,0.0758342717805628,0.27166031644606375,0.01164847197169981,,,,,,,,,,,,,
report_only_rho1.00_b3,report_only,1.0,3,mixture,8,56,flat-w4-l0.01,0.7608810264353235,0.7635099855255599,0.6901114686586914,0.10912287575821994,29.144336626435937,56.0,0.4486259602202725,0.45501398274710153,0.3398127510646493,0.08134183515592942,36.169630623698396,56.0,0.6331563280107803,0.6365014377800237,0.5535772718582236,0.10306659500372595,30.545513411512342,56.0,0.71426287730128,0.7170735050938963,0.6411497714639929,0.10752768300924685,29.506390100470423,56.0,0.6331563280107803,0.6294642857142857,0.0,0.639058785128787,0.35020647476073474,0.10986388630120149,0.016683263969252453,0.7820460379435741,0.6155696007773693,0.29046864210433426,0.0743539730824361,0.6101587158142004,0.6436882692515403,0.2597877429941667,0.30119999759601895,0.5623945600002916,0.06337150339386105,,,,,,,,,,,,,
report_only_rho1.00_b3,report_only,1.0,3,pathinfo,11,56,flat-w4-l0.01,,,,,,,,,,,,,,,,,,,,,,,,,0.15624054665437975,0.8392857142857143,0.0,0.029884837524132735,0.044594898230874334,0.0363643329035463,0.007991690201830404,0.08184648078358271,0.12406712101372842,0.07662915740849273,0.03212373022159795,0.2228159400070743,0.22684156028113556,0.2099354228926892,0.2057643852216646,0.2664940221274226,0.10201660376683162,0.0,0.0,0.2254074618440544,0.4677397187158909,,,,,,,,,
report_only_rho1.00_b3,report_only,1.0,3,pathinfo,15,56,gru-w4-l0.01,,,,,,,,,,,,,,,,,,,,,,,,,0.2706914604778725,0.8928571428571429,0.0,0.09541671184563698,0.10743250859501581,0.07179633138181352,0.015496793247542495,0.14684963692557776,0.15784873182621112,0.1365883454629977,0.059067760614617285,0.34508953116952007,0.3461644797554647,0.3396827541992992,0.3401853785523992,0.3890969207532979,0.24495905675213442,0.0,0.0,0.3905252276424175,0.3026219529175278,,,,,,,,,
report_only_rho1.00_b3,report_only,1.0,3,pathinfo,1,56,flat-w8-l0.1,,,,,,,,,,,,,,,,,,,,,,,,,0.000768341009721561,0.5625,0.0,0.005395763042387927,0.007844413529409327,0.00607806356670819,0.0012680520743419649,-0.014608303844919067,-0.0017265305208610923,0.006460719019517254,0.0037658118298131656,0.005557275006885761,0.005522431222661953,0.002335524684377799,0.004819170731758226,0.004892310126257784,0.0005590704099986073,0.0,0.0,0.001108481764436915,0.6920386987955084,,,,,,,,,
report_only_rho1.00_b3,report_only,1.0,3,pathinfo,3,56,flat-w4-l0.1,,,,,,,,,,,,,,,,,,,,,,,,,-0.005676681096956014,0.5178571428571429,0.0,-0.005929547344425655,-0.0005348723043399121,0.0006794939399922441,0.0002006330620740539,-0.04135251148177345,-0.002946142530087916,0.00365047262438065,0.0009322167436437682,-0.007857549783417685,-0.005134417524005384,-0.0006735336177643446,0.0005994981368076029,0.004183333164728245,-6.749131343168921e-05,0.0,0.0,-0.008189719667286563,0.7013369002272318,,,,,,,,,
report_only_rho1.00_b3,report_only,1.0,3,pathinfo,5,56,quadratic-l0.1,,,,,,,,,,,,,,,,,,,,,,,,,0.04739380137178505,0.6160714285714286,0.0,0.034073124765933535,0.0261776707909534,0.006527135131622107,0.000854789479893791,0.0633162275821146,0.06837480220795085,0.02864559721662944,0.0050765110977884316,0.012269671666106161,0.02734101588708759,0.011648525506996124,0.012740098199184789,0.023225698995080497,-0.000376134671920566,0.0,0.0,0.06837480220795085,0.6247723783519944,,,,,,,,,
report_only_rho1.00_b3,report_only,1.0,3,pathinfo,8,56,flat-w4-l0.01,,,,,,,,,,,,,,,,,,,,,,,,,0.09236770599827779,0.6964285714285714,0.0,0.052374762902567665,0.052523217749965,0.027447938797095884,0.005268331767604731,0.04960716553871109,0.07370997818590384,0.05508871402777489,0.020297655628374826,0.13325843138200513,0.1378721057715265,0.10091888459578754,0.10874593490412063,0.0801588150225835,0.03538949237117807,0.0,0.0,0.13325843138200513,0.5598887491779402,,,,,,,,,
