comparison,horizon,target,outcome,delta,K_min_nats,K_min_raw_nats,K_min_gaussian_nats,lambda_star,var_base,K_min_identified,target_in_support,lambda_at_grid_edge,base_min,base_max
full_communication_rho0.75_b3,1,0,truth,-0.01041666666666674,0.0021275141614407866,0.0021275141614407866,0.0020899850749088733,-0.40999999999996817,0.025958784526051472,True,True,False,0.125,0.7916666666666666
full_communication_rho0.75_b3,1,0,alloc1,0.01805555555555549,0.011847945990049947,0.011847945990049947,0.012914464822298117,1.25,0.012621625863151284,True,True,False,0.041666666666666664,0.7083333333333334
full_communication_rho0.75_b3,1,0,false_target,-0.007638888888888917,0.0013411721178746665,0.0013411721178746665,0.0013059305601287917,-0.3499999999999659,0.02234139595103578,True,True,False,0.08333333333333333,0.75
full_communication_rho0.75_b3,1,2,truth,0.00694444444444442,0.0009441454787342579,0.0009441454787342579,0.0009288822555150351,0.27000000000003865,0.025958784526051472,True,True,False,0.125,0.7916666666666666
full_communication_rho0.75_b3,1,2,alloc1,0.013194444444444398,0.006495581605238394,0.006495581605238394,0.006896629882913641,0.9499999999999886,0.012621625863151284,True,True,False,0.041666666666666664,0.7083333333333334
full_communication_rho0.75_b3,1,2,false_target,-0.020138888888888762,0.009483317092325708,0.009483317092325708,0.009076757033622247,-0.9599999999999795,0.02234139595103578,True,True,False,0.08333333333333333,0.75
full_communication_rho0.75_b3,2,0,truth,-0.025000000000000022,0.006864262746559267,0.006864262746559267,0.006746355252988333,-0.5500000000000114,0.04632130806654112,True,True,False,0.16666666666666666,0.9583333333333334
full_communication_rho0.75_b3,2,0,alloc1,-0.015277777777777751,0.007895429006140453,0.007895429006140453,0.007345557064658163,-1.0600000000000023,0.015887868801004394,True,True,False,0.0,0.5416666666666666
full_communication_rho0.75_b3,2,0,false_target,0.0402777777777778,0.020868588280455267,0.020868588280455267,0.02155988615872605,1.009999999999991,0.03762309714375392,True,True,False,0.041666666666666664,0.7916666666666666
full_communication_rho0.75_b3,2,2,truth,-0.03402777777777777,0.012728308811941381,0.012728308811941381,0.012498455989525425,-0.75,0.04632130806654112,True,True,False,0.16666666666666666,0.9583333333333334
full_communication_rho0.75_b3,2,2,alloc1,0.013888888888888895,0.005900839543995716,0.005900839543995716,0.006070708317899335,0.8299999999999841,0.015887868801004394,True,True,False,0.0,0.5416666666666666
full_communication_rho0.75_b3,2,2,false_target,0.020138888888888873,0.00533922506593261,0.00533922506593261,0.005389971539681497,0.5200000000000387,0.03762309714375392,True,True,False,0.041666666666666664,0.7916666666666666
full_communication_rho0.75_b3,3,0,truth,-0.000694444444444331,3.0325376011737575e-06,3.0325376011737575e-06,3.031629660230399e-06,-0.009999999999990905,0.07953693895166354,True,True,False,0.125,0.9583333333333334
full_communication_rho0.75_b3,3,0,alloc1,-0.05277777777777773,0.062353062082236566,0.062353062082236566,0.04845858075671731,-2.7299999999999613,0.028740976145637163,True,True,False,0.0,0.75
full_communication_rho0.75_b3,3,0,false_target,0.053472222222222254,0.022917609431642245,0.022917609431642245,0.024161355203576186,0.8299999999999841,0.059170491996233525,True,True,False,0.0,0.875
full_communication_rho0.75_b3,3,2,truth,-0.0430555555555554,0.011667230771747614,0.011667230771747614,0.01165358441392938,-0.5399999999999636,0.07953693895166354,True,True,False,0.125,0.9583333333333334
full_communication_rho0.75_b3,3,2,alloc1,-0.020138888888888845,0.007740409600707061,0.007740409600707061,0.007055690169044175,-0.8000000000000114,0.028740976145637163,True,True,False,0.0,0.75
full_communication_rho0.75_b3,3,2,false_target,0.06319444444444439,0.031668012726111444,0.031668012726111444,0.03374602503639969,0.9700000000000273,0.059170491996233525,True,True,False,0.0,0.875
full_communication_rho0.75_b3,4,0,truth,-0.01319444444444462,0.0009907548256897505,0.0009907548256897505,0.0009805140160241265,-0.14999999999997726,0.08877658113622097,True,True,False,0.08333333333333333,1.0
full_communication_rho0.75_b3,4,0,alloc1,-0.05208333333333333,0.057547611366631946,0.057547611366631946,0.042824790956952595,-2.6299999999999955,0.03167176710608915,True,True,False,0.0,0.7916666666666666
full_communication_rho0.75_b3,4,0,false_target,0.06527777777777777,0.030520055612098643,0.030520055612098643,0.032797821715902016,0.9000000000000341,0.06496145244821093,True,True,False,0.0,0.875
full_communication_rho0.75_b3,4,2,truth,-0.09236111111111123,0.04719910107503764,0.04719910107503764,0.04804518678518105,-1.009999999999991,0.08877658113622097,True,True,False,0.08333333333333333,1.0
full_communication_rho0.75_b3,4,2,alloc1,-0.009027777777777801,0.0013589842062754667,0.0013589842062754667,0.0012866470527511161,-0.3100000000000023,0.03167176710608915,True,True,False,0.0,0.7916666666666666
full_communication_rho0.75_b3,4,2,false_target,0.1013888888888888,0.07080090451008954,0.07080090451008954,0.07912158982527913,1.329999999999984,0.06496145244821093,True,True,False,0.0,0.875
full_communication_rho0.75_b3,5,0,truth,-0.027083333333333348,0.0038301036508048406,0.0038301036508048406,0.0038213021016969984,-0.2799999999999727,0.09597604755178907,True,True,False,0.08333333333333333,1.0
full_communication_rho0.75_b3,5,0,alloc1,-0.05277777777777776,0.07670113902180521,0.07670113902180521,0.05414323209598795,-3.599999999999966,0.02572337962962963,True,True,False,0.0,0.7083333333333334
full_communication_rho0.75_b3,5,0,false_target,0.07986111111111113,0.03878319058861867,0.03878319058861867,0.041895129421063056,0.9300000000000068,0.07611621155053358,True,True,False,0.0,0.9166666666666666
full_communication_rho0.75_b3,5,2,truth,-0.04652777777777761,0.011201450404688573,0.011201450404688573,0.011277991541431744,-0.47999999999996135,0.09597604755178907,True,True,False,0.08333333333333333,1.0
full_communication_rho0.75_b3,5,2,alloc1,-0.02569444444444445,0.014913341755389317,0.014913341755389317,0.01283277090363705,-1.25,0.02572337962962963,True,True,False,0.0,0.7083333333333334
full_communication_rho0.75_b3,5,2,false_target,0.07222222222222222,0.03196266487279124,0.03196266487279124,0.03426372172538508,0.8500000000000227,0.07611621155053358,True,True,False,0.0,0.9166666666666666
full_communication_rho0.75_b3,6,0,truth,-0.027083333333333237,0.0033654603595125523,0.0033654603595125523,0.00335499486314427,-0.25,0.109315658349027,True,True,False,0.041666666666666664,1.0
full_communication_rho0.75_b3,6,0,alloc1,-0.05694444444444445,0.07965054190455043,0.07965054190455043,0.053881717626094734,-3.589999999999975,0.030090630885122403,True,True,False,0.0,0.7916666666666666
full_communication_rho0.75_b3,6,0,false_target,0.08402777777777781,0.041630712750002796,0.041630712750002796,0.044432116749274254,0.9600000000000364,0.0794545472379159,True,True,False,0.0,0.9166666666666666
full_communication_rho0.75_b3,6,2,truth,-0.04513888888888873,0.009275418238667565,0.009275418238667565,0.009319430175400751,-0.40999999999996817,0.109315658349027,True,True,False,0.041666666666666664,1.0
full_communication_rho0.75_b3,6,2,alloc1,-0.04861111111111112,0.053786002404203614,0.053786002404203614,0.039265380185583613,-2.670000000000016,0.030090630885122403,True,True,False,0.0,0.7916666666666666
full_communication_rho0.75_b3,6,2,false_target,0.09374999999999994,0.051424974396476655,0.051424974396476655,0.05530874446796815,1.0600000000000023,0.0794545472379159,True,True,False,0.0,0.9166666666666666
full_communication_rho0.75_b3,7,0,truth,-0.02013888888888893,0.0017059631983925366,0.0017059631983925366,0.0016963412716320418,-0.17000000000001592,0.11954400109855616,True,True,False,0.0,1.0
full_communication_rho0.75_b3,7,0,alloc1,-0.06944444444444445,0.12377678898388184,0.12377678898388184,0.06948370077256458,-5.420000000000016,0.03470260514752039,True,True,False,0.0,0.7916666666666666
full_communication_rho0.75_b3,7,0,false_target,0.08958333333333329,0.038330450964676396,0.038330450964676396,0.04115709650645133,0.8199999999999932,0.09749440913370999,True,True,False,0.0,1.0
full_communication_rho0.75_b3,7,2,truth,-0.03541666666666676,0.005235527756280214,0.005235527756280214,0.005246353920945241,-0.2899999999999636,0.11954400109855616,True,True,False,0.0,1.0
full_communication_rho0.75_b3,7,2,alloc1,-0.06458333333333333,0.09995708191625985,0.09995708191625985,0.06009645279819108,-4.420000000000016,0.03470260514752039,True,True,False,0.0,0.7916666666666666
full_communication_rho0.75_b3,7,2,false_target,0.09999999999999992,0.04737055266131762,0.04737055266131762,0.05128499207726544,0.910000000000025,0.09749440913370999,True,True,False,0.0,1.0
full_communication_rho0.75_b3,8,0,truth,0.02361111111111125,0.0024080514715921295,0.0024080514715921295,0.002336544008726267,0.21000000000003638,0.11929682595731328,True,True,False,0.0,1.0
full_communication_rho0.75_b3,8,0,alloc1,-0.0909722222222222,0.20588784994727927,0.20588784994727927,0.10396761341465917,-8.370000000000005,0.039800592435655986,True,True,False,0.0,0.7916666666666666
full_communication_rho0.75_b3,8,0,false_target,0.06736111111111107,0.022577320696150514,0.022577320696150514,0.023925255314894086,0.6500000000000341,0.09482697740112994,True,True,False,0.0,1.0
full_communication_rho0.75_b3,8,2,truth,-0.034027777777777435,0.004850190195117709,0.004850190195117709,0.004852977651342205,-0.2799999999999727,0.11929682595731328,True,True,False,0.0,1.0
full_communication_rho0.75_b3,8,2,alloc1,-0.08055555555555555,0.1375737332186734,0.1375737332186734,0.08152136857453843,-5.159999999999968,0.039800592435655986,True,True,False,0.0,0.7916666666666666
full_communication_rho0.75_b3,8,2,false_target,0.11458333333333334,0.06265777922917294,0.06265777922917294,0.06922787500775772,1.0400000000000205,0.09482697740112994,True,True,False,0.0,1.0
full_communication_rho0.75_b3,9,0,truth,0.032638888888889106,0.004237212587434874,0.004237212587434874,0.004090432610224018,0.2599999999999909,0.13021814187068426,True,True,False,0.0,1.0
full_communication_rho0.75_b3,9,0,alloc1,-0.07708333333333334,0.14239372588737786,0.14239372588737786,0.07332952028180267,-6.769999999999982,0.04051465395480226,True,True,False,0.0,0.8333333333333334
full_communication_rho0.75_b3,9,0,false_target,0.04444444444444448,0.009284487155358612,0.009284487155358612,0.009551136426512891,0.410000000000025,0.10340699544883868,True,True,False,0.0,1.0
full_communication_rho0.75_b3,9,2,truth,-0.04583333333333306,0.008028451752600602,0.008028451752600602,0.00806605905393181,-0.3499999999999659,0.13021814187068426,True,True,False,0.0,1.0
full_communication_rho0.75_b3,9,2,alloc1,-0.05763888888888889,0.060086687027696636,0.060086687027696636,0.0410004922669701,-2.6999999999999886,0.04051465395480226,True,True,False,0.0,0.8333333333333334
full_communication_rho0.75_b3,9,2,false_target,0.10347222222222233,0.047940797972751574,0.047940797972751574,0.0517687450695832,0.8899999999999864,0.10340699544883868,True,True,False,0.0,1.0
full_communication_rho0.75_b3,10,0,truth,0.03402777777777799,0.0042359372536476545,0.0042359372536476545,0.00407825491144435,0.25,0.14195896107972378,True,True,False,0.0,1.0
full_communication_rho0.75_b3,10,0,alloc1,-0.06458333333333334,0.08853516056027014,0.08853516056027014,0.05162025516211658,-4.229999999999961,0.04040087492153169,True,True,False,0.0,0.7916666666666666
full_communication_rho0.75_b3,10,0,false_target,0.030555555555555503,0.004028390661904575,0.004028390661904575,0.004087738359550902,0.2599999999999909,0.11420030994978028,True,True,False,0.0,1.0
full_communication_rho0.75_b3,10,2,truth,-0.06180555555555556,0.013265285855568531,0.013265285855568531,0.013454334507934318,-0.4200000000000159,0.14195896107972378,True,True,False,0.0,1.0
full_communication_rho0.75_b3,10,2,alloc1,-0.054861111111111124,0.05579471358344186,0.05579471358344186,0.03724846947239793,-2.6899999999999977,0.04040087492153169,True,True,False,0.0,0.7916666666666666
full_communication_rho0.75_b3,10,2,false_target,0.11666666666666664,0.05472571833658207,0.05472571833658207,0.059593144349155476,0.9000000000000341,0.11420030994978028,True,True,False,0.0,1.0
full_communication_rho0.75_b3,11,0,truth,0.054166666666666474,0.011442640362230291,0.011442640362230291,0.010803792325056362,0.4300000000000068,0.13578693895166347,True,True,False,0.0,1.0
full_communication_rho0.75_b3,11,0,alloc1,-0.05972222222222221,0.0726194146731445,0.0726194146731445,0.04519527544049349,-3.4399999999999977,0.039459255335844316,True,True,False,0.0,0.8333333333333334
full_communication_rho0.75_b3,11,0,false_target,0.005555555555555564,0.0001411290265506882,0.0001411290265506882,0.00013971276003741504,0.05000000000001137,0.11045590081607029,True,True,False,0.0,1.0
full_communication_rho0.75_b3,11,2,truth,-0.05138888888888893,0.009589225304560158,0.009589225304560158,0.009724123401053443,-0.37000000000000455,0.13578693895166347,True,True,False,0.0,1.0
full_communication_rho0.75_b3,11,2,alloc1,-0.06944444444444445,0.11586369898338744,0.11586369898338744,0.06110772774539414,-5.779999999999973,0.039459255335844316,True,True,False,0.0,0.8333333333333334
full_communication_rho0.75_b3,11,2,false_target,0.12083333333333346,0.05993092650421976,0.05993092650421976,0.0660928675451996,0.9499999999999886,0.11045590081607029,True,True,False,0.0,1.0
full_communication_rho0.75_b3,12,0,truth,0.05486111111111114,0.011511412598108676,0.011511412598108676,0.010916053300320064,0.4300000000000068,0.13785850204017577,True,True,False,0.0,1.0
full_communication_rho0.75_b3,12,0,alloc1,-0.06458333333333337,0.09096637219667614,0.09096637219667614,0.05383089017165431,-4.21999999999997,0.03874176082862524,True,True,False,0.0,0.8333333333333334
full_communication_rho0.75_b3,12,0,false_target,0.009722222222222188,0.00040921135463349757,0.00040921135463349757,0.0004074166458801001,0.07999999999998408,0.11600115740740742,True,True,False,0.0,0.9583333333333334
full_communication_rho0.75_b3,12,2,truth,-0.026388888888888906,0.0025317544554474022,0.0025317544554474022,0.0025256819364945005,-0.18999999999999773,0.13785850204017577,True,True,False,0.0,1.0
full_communication_rho0.75_b3,12,2,alloc1,-0.0743055555555556,0.1452325153166174,0.1452325153166174,0.07125793289111691,-7.409999999999968,0.03874176082862524,True,True,False,0.0,0.8333333333333334
full_communication_rho0.75_b3,12,2,false_target,0.10069444444444442,0.040698701165244544,0.040698701165244544,0.04370374989606716,0.7800000000000296,0.11600115740740742,True,True,False,0.0,0.9583333333333334
full_communication_rho0.75_b3,13,0,truth,0.06666666666666676,0.016582833672178183,0.016582833672178183,0.015560225821073932,0.5099999999999909,0.14281426553672316,True,True,False,0.0,1.0
full_communication_rho0.75_b3,13,0,alloc1,-0.05,0.0653259690844961,0.0653259690844961,0.04304605563155497,-3.490000000000009,0.029038665254237282,True,True,False,0.0,0.75
full_communication_rho0.75_b3,13,0,false_target,-0.016666666666666663,0.001116209358261811,0.001116209358261811,0.0010791901501034599,-0.13999999999998636,0.12869732815442564,True,True,False,0.0,1.0
full_communication_rho0.75_b3,13,2,truth,-0.04236111111111107,0.0062421503076156475,0.0062421503076156475,0.006282508710960919,-0.2899999999999636,0.14281426553672316,True,True,False,0.0,1.0
full_communication_rho0.75_b3,13,2,alloc1,-0.06597222222222222,0.15610880218070583,0.15610880218070583,0.07494032640331472,-9.509999999999991,0.029038665254237282,True,True,False,0.0,0.75
full_communication_rho0.75_b3,13,2,false_target,0.10833333333333339,0.04227195091464691,0.04227195091464691,0.04559578384187125,0.75,0.12869732815442564,True,True,False,0.0,1.0
full_communication_rho0.75_b3,14,0,truth,0.060416666666666785,0.014447083250777244,0.014447083250777244,0.01356421948125798,0.4900000000000091,0.1345515536723164,True,True,False,0.0,1.0
full_communication_rho0.75_b3,14,0,alloc1,-0.07222222222222223,0.12860232979328262,0.12860232979328262,0.06991305567241624,-6.050000000000011,0.037303829252981785,True,True,False,0.0,0.7916666666666666
full_communication_rho0.75_b3,14,0,false_target,0.011805555555555541,0.0006222065204409395,0.0006222065204409395,0.0006224337521099434,0.10000000000002274,0.11195660703075958,True,True,False,0.0,1.0
full_communication_rho0.75_b3,14,2,truth,-0.0756944444444444,0.020742717445824125,0.020742717445824125,0.021291649049653222,-0.5399999999999636,0.1345515536723164,True,True,False,0.0,1.0
full_communication_rho0.75_b3,14,2,alloc1,-0.07986111111111112,0.1897710475356753,0.1897710475356753,0.08548448236572714,-10.70999999999998,0.037303829252981785,True,True,False,0.0,0.7916666666666666
full_communication_rho0.75_b3,14,2,false_target,0.15555555555555553,0.09446884463498346,0.09446884463498346,0.1080665603663273,1.150000000000034,0.11195660703075958,True,True,False,0.0,1.0
full_communication_rho0.75_b3,15,0,truth,0.04861111111111116,0.009234731387029738,0.009234731387029738,0.008753634984018805,0.38999999999998636,0.13497479205900817,True,True,False,0.0,1.0
full_communication_rho0.75_b3,15,0,alloc1,-0.07152777777777777,0.08928909580965022,0.08928909580965022,0.05576858652924341,-3.569999999999993,0.04587011534839925,True,True,False,0.0,0.875
full_communication_rho0.75_b3,15,0,false_target,0.02291666666666664,0.002399639605974398,0.002399639605974398,0.0024356985588470724,0.21000000000003638,0.10780759573132453,True,True,False,0.0,1.0
full_communication_rho0.75_b3,15,2,truth,-0.04375000000000007,0.007018443539006011,0.007018443539006011,0.007090444337055239,-0.3199999999999932,0.13497479205900817,True,True,False,0.0,1.0
full_communication_rho0.75_b3,15,2,alloc1,-0.08819444444444444,0.18270817250764326,0.18270817250764326,0.08478570384863483,-9.25,0.04587011534839925,True,True,False,0.0,0.875
full_communication_rho0.75_b3,15,2,false_target,0.13194444444444442,0.07089252360167653,0.07089252360167653,0.08074262440255232,1.009999999999991,0.10780759573132453,True,True,False,0.0,1.0
full_communication_rho0.75_b12,1,0,truth,0.0062893081761006275,0.0007623753979452174,0.0007623753979452174,0.0007487057379475919,0.2400000000000091,0.02641585026608612,True,True,False,0.125,0.7916666666666666
full_communication_rho0.75_b12,1,0,alloc1,0.01965408805031446,0.01262742172599358,0.01262742172599358,0.013691335785697305,1.2300000000000182,0.014106847685857123,True,True,False,0.041666666666666664,0.7083333333333334
full_communication_rho0.75_b12,1,0,false_target,-0.025943396226415172,0.01607951496490287,0.01607951496490287,0.015124466765594896,-1.2699999999999818,0.022250695452346394,True,True,False,0.08333333333333333,0.75
full_communication_rho0.75_b12,1,2,truth,-0.02437106918238996,0.01151281074483371,0.01151281074483371,0.011242284596369338,-0.9499999999999886,0.02641585026608612,True,True,False,0.125,0.7916666666666666
full_communication_rho0.75_b12,1,2,alloc1,0.027515723270440218,0.0238743133081104,0.0238743133081104,0.026835018139966662,1.6299999999999955,0.014106847685857123,True,True,False,0.041666666666666664,0.7083333333333334
full_communication_rho0.75_b12,1,2,false_target,-0.0031446540880503138,0.0002273207638563549,0.0002273207638563549,0.0002222143877406031,-0.14999999999997726,0.022250695452346394,True,True,False,0.08333333333333333,0.75
full_communication_rho0.75_b12,2,0,truth,-0.0676100628930818,0.050933157164330375,0.050933157164330375,0.049708541102813315,-1.5199999999999818,0.04597922714078374,True,True,False,0.20833333333333334,0.9583333333333334
full_communication_rho0.75_b12,2,0,alloc1,0.0007861635220125784,1.8416169816171407e-05,1.8416169816171407e-05,1.8190671823488907e-05,0.05000000000001137,0.016988187389130785,True,True,False,0.0,0.5416666666666666
full_communication_rho0.75_b12,2,0,false_target,0.06682389937106925,0.06031565282836567,0.06031565282836567,0.06456227226204078,1.740000000000009,0.03458237582647961,True,True,False,0.041666666666666664,0.7916666666666666
full_communication_rho0.75_b12,2,2,truth,-0.10927672955974849,0.1350578796631956,0.1350578796631956,0.12985650657753597,-2.5399999999999636,0.04597922714078374,True,True,False,0.20833333333333334,0.9583333333333334
full_communication_rho0.75_b12,2,2,alloc1,-0.0007861635220125784,1.8530851473718265e-05,1.8530851473718265e-05,1.8190671823488907e-05,-0.05000000000001137,0.016988187389130785,True,True,False,0.0,0.5416666666666666
full_communication_rho0.75_b12,2,2,false_target,0.11006289308176109,0.1570826251733249,0.1570826251733249,0.17514471091155695,2.7200000000000273,0.03458237582647961,True,True,False,0.041666666666666664,0.7916666666666666
full_communication_rho0.75_b12,3,0,truth,-0.09276729559748431,0.05638847822180268,0.05638847822180268,0.057415788358499475,-1.1999999999999886,0.07494254958877603,True,True,False,0.125,0.9583333333333334
full_communication_rho0.75_b12,3,0,alloc1,-0.03066037735849056,0.016927676228259893,0.016927676228259893,0.014905132708674112,-1.170000000000016,0.031534732301241736,True,True,False,0.0,0.75
full_communication_rho0.75_b12,3,0,false_target,0.12342767295597484,0.12581055016386278,0.12581055016386278,0.14764661242217073,1.900000000000034,0.051590721254636374,True,True,False,0.0,0.875
full_communication_rho0.75_b12,3,2,truth,-0.15330188679245293,0.15265014553211317,0.15265014553211317,0.15679656365498018,-1.9799999999999613,0.07494254958877603,True,True,False,0.125,0.9583333333333334
full_communication_rho0.75_b12,3,2,alloc1,-0.0511006289308176,0.051532431500269954,0.051532431500269954,0.04140314641298365,-2.269999999999982,0.031534732301241736,True,True,False,0.0,0.75
full_communication_rho0.75_b12,3,2,false_target,0.20440251572327045,0.32092655587971547,0.32092655587971547,0.4049215383885245,2.900000000000034,0.051590721254636374,True,True,False,0.0,0.875
full_communication_rho0.75_b12,4,0,truth,-0.14386792452830177,0.12512012183603366,0.12512012183603366,0.12993788093183653,-1.7099999999999795,0.07964567206902114,True,True,False,0.08333333333333333,1.0
full_communication_rho0.75_b12,4,0,alloc1,-0.021226415094339646,0.007049079428404722,0.007049079428404722,0.006370647027031401,-0.6899999999999977,0.03536223996129657,True,True,False,0.0,0.7916666666666666
full_communication_rho0.75_b12,4,0,false_target,0.16509433962264153,0.2034034630367463,0.2034034630367463,0.25592024823326653,2.25,0.05325123971940009,True,True,False,0.0,0.875
full_communication_rho0.75_b12,4,2,truth,-0.18789308176100616,0.2120820780474813,0.2120820780474813,0.2216304367615467,-2.240000000000009,0.07964567206902114,True,True,False,0.08333333333333333,1.0
full_communication_rho0.75_b12,4,2,alloc1,-0.039308176100628964,0.0262978309808138,0.0262978309808138,0.021847212026856647,-1.4699999999999704,0.03536223996129657,True,True,False,0.0,0.7916666666666666
full_communication_rho0.75_b12,4,2,false_target,0.2272012578616352,0.3632372506719663,0.3632372506719663,0.4846874161607856,2.8899999999999864,0.05325123971940009,True,True,False,0.0,0.875
full_communication_rho0.75_b12,5,0,truth,-0.19654088050314472,0.19700922024684311,0.19700922024684311,0.21133719349929406,-1.9699999999999704,0.09139024955652315,True,True,False,0.08333333333333333,1.0
full_communication_rho0.75_b12,5,0,alloc1,-0.029088050314465402,0.018288868845056434,0.018288868845056434,0.015409685321012737,-1.3700000000000045,0.027453989275923237,True,True,False,0.0,0.7083333333333334
full_communication_rho0.75_b12,5,0,false_target,0.22562893081761004,0.2833483176952246,0.2833483176952246,0.35348993055956734,2.319999999999993,0.07200829503305918,True,True,False,0.0,0.9166666666666666
full_communication_rho0.75_b12,5,2,truth,-0.17688679245283018,0.16026625471837405,0.16026625471837405,0.17118312673442804,-1.7699999999999818,0.09139024955652315,True,True,False,0.08333333333333333,1.0
full_communication_rho0.75_b12,5,2,alloc1,-0.0589622641509434,0.0952029258562038,0.0952029258562038,0.06331590937231313,-4.2099999999999795,0.027453989275923237,True,True,False,0.0,0.7083333333333334
full_communication_rho0.75_b12,5,2,false_target,0.23584905660377353,0.3075638253769482,0.3075638253769482,0.38623867899769393,2.410000000000025,0.07200829503305918,True,True,False,0.0,0.9166666666666666
full_communication_rho0.75_b12,6,0,truth,-0.19889937106918243,0.19000070604936414,0.19000070604936414,0.2034484554394395,-1.8700000000000045,0.0972260018545396,True,True,False,0.041666666666666664,1.0
full_communication_rho0.75_b12,6,0,alloc1,-0.056603773584905655,0.07156672730503551,0.07156672730503551,0.04908500945035016,-3.2199999999999704,0.03263712506047411,True,True,False,0.0,0.7916666666666666
full_communication_rho0.75_b12,6,0,false_target,0.2555031446540882,0.37346110411622047,0.37346110411622047,0.46553616883354687,2.730000000000018,0.07011469924205774,True,True,False,0.0,0.9166666666666666
full_communication_rho0.75_b12,6,2,truth,-0.11556603773584906,0.06572365331939412,0.06572365331939412,0.06868280513038552,-1.1100000000000136,0.0972260018545396,True,True,False,0.041666666666666664,1.0
full_communication_rho0.75_b12,6,2,alloc1,-0.07704402515723269,0.17163092823641735,0.17163092823641735,0.09093603988448357,-7.349999999999966,0.03263712506047411,True,True,False,0.0,0.7916666666666666
full_communication_rho0.75_b12,6,2,false_target,0.19261006289308183,0.22051542415766123,0.22051542415766123,0.26455676718801086,2.1399999999999864,0.07011469924205774,True,True,False,0.0,0.9166666666666666
full_communication_rho0.75_b12,7,0,truth,-0.20754716981132088,0.18554660050962343,0.18554660050962343,0.20347364560766143,-1.7299999999999613,0.10585112280277374,True,True,False,0.0,1.0
full_communication_rho0.75_b12,7,0,alloc1,-0.06525157232704401,0.09177563840496464,0.09177563840496464,0.056638557249484855,-3.9499999999999886,0.037587183518787294,True,True,False,0.0,0.7916666666666666
full_communication_rho0.75_b12,7,0,false_target,0.2727987421383647,0.35146948398947947,0.35146948398947947,0.45414301998782014,2.3700000000000045,0.08193360949846798,True,True,False,0.0,1.0
full_communication_rho0.75_b12,7,2,truth,-0.11399371069182396,0.05807605715210273,0.05807605715210273,0.0613813332027818,-0.9900000000000091,0.10585112280277374,True,True,False,0.0,1.0
full_communication_rho0.75_b12,7,2,alloc1,-0.08569182389937105,0.22099229137310594,0.22099229137310594,0.09768075173191024,-9.699999999999989,0.037587183518787294,True,True,False,0.0,0.7916666666666666
full_communication_rho0.75_b12,7,2,false_target,0.19968553459119492,0.19781799022214763,0.19781799022214763,0.24333306544804967,1.829999999999984,0.08193360949846798,True,True,False,0.0,1.0
full_communication_rho0.75_b12,8,0,truth,-0.16588050314465397,0.12112933234905825,0.12112933234905825,0.13020908441960308,-1.420000000000016,0.10566214118690534,True,True,False,0.0,1.0
full_communication_rho0.75_b12,8,0,alloc1,-0.09905660377358491,0.21946830564467623,0.21946830564467623,0.1126801472133792,-8.21999999999997,0.04354010441864214,True,True,False,0.0,0.7916666666666666
full_communication_rho0.75_b12,8,0,false_target,0.264937106918239,0.3688877031874647,0.3688877031874647,0.48986296152026376,2.5300000000000296,0.07164419045315273,True,True,False,0.0,1.0
full_communication_rho0.75_b12,8,2,truth,-0.12578616352201244,0.07077596744426205,0.07077596744426205,0.07487146652460269,-1.089999999999975,0.10566214118690534,True,True,False,0.0,1.0
full_communication_rho0.75_b12,8,2,alloc1,-0.11084905660377359,0.3580642718754872,0.3580642718754872,0.14110569455462282,-16.50999999999999,0.04354010441864214,True,True,False,0.0,0.7916666666666666
full_communication_rho0.75_b12,8,2,false_target,0.2366352201257861,0.30037081347313543,0.30037081347313543,0.39079391538797903,2.3100000000000023,0.07164419045315273,True,True,False,0.0,1.0
full_communication_rho0.75_b12,9,0,truth,-0.1462264150943393,0.08274031915766211,0.08274031915766211,0.08700897507130957,-1.1100000000000136,0.12287332688276086,True,True,False,0.0,1.0
full_communication_rho0.75_b12,9,0,alloc1,-0.06996855345911951,0.08418634488946039,0.08418634488946039,0.054682994439989606,-3.2799999999999727,0.04476344541203032,True,True,False,0.0,0.8333333333333334
full_communication_rho0.75_b12,9,0,false_target,0.21619496855345904,0.2201718403671166,0.2201718403671166,0.26666180244798565,1.900000000000034,0.0876395944202548,True,True,False,0.0,0.9583333333333334
full_communication_rho0.75_b12,9,2,truth,-0.11477987421383617,0.05153189222701797,0.05153189222701797,0.05360976160885746,-0.8799999999999955,0.12287332688276086,True,True,False,0.0,1.0
full_communication_rho0.75_b12,9,2,alloc1,-0.09512578616352203,0.2442520682132926,0.2442520682132926,0.10107482913721601,-13.069999999999993,0.04476344541203032,True,True,False,0.0,0.8333333333333334
full_communication_rho0.75_b12,9,2,false_target,0.20990566037735847,0.20836333810424457,0.20836333810424457,0.2513726047565548,1.8500000000000227,0.0876395944202548,True,True,False,0.0,0.9583333333333334
full_communication_rho0.75_b12,10,0,truth,-0.15959119496855323,0.08931536127598304,0.08931536127598304,0.09532756712088003,-1.089999999999975,0.1335885845024996,True,True,False,0.0,1.0
full_communication_rho0.75_b12,10,0,alloc1,-0.06367924528301888,0.07060121779558462,0.07060121779558462,0.04532351048504389,-3.069999999999993,0.044734468230930496,True,True,False,0.0,0.7916666666666666
full_communication_rho0.75_b12,10,0,false_target,0.22327044025157222,0.2044998699080331,0.2044998699080331,0.24812244829382185,1.7100000000000364,0.10045380785357202,True,True,False,0.0,1.0
full_communication_rho0.75_b12,10,2,truth,-0.13364779874213817,0.06325184684675939,0.06325184684675939,0.06685351961448792,-0.9200000000000159,0.1335885845024996,True,True,False,0.0,1.0
full_communication_rho0.75_b12,10,2,alloc1,-0.0849056603773585,0.19479298786531374,0.19479298786531374,0.08057512975118912,-11.70999999999998,0.044734468230930496,True,True,False,0.0,0.7916666666666666
full_communication_rho0.75_b12,10,2,false_target,0.21855345911949686,0.19652156401435605,0.19652156401435605,0.23774914815934026,1.6800000000000068,0.10045380785357202,True,True,False,0.0,1.0
full_communication_rho0.75_b12,11,0,truth,-0.17924528301886788,0.11700173496128136,0.11700173496128136,0.12632676923594577,-1.2699999999999818,0.12716572931785194,True,True,False,0.0,1.0
full_communication_rho0.75_b12,11,0,alloc1,-0.07232704402515723,0.10856827382523626,0.10856827382523626,0.060268687307983654,-4.930000000000007,0.043398998145460416,True,True,False,0.0,0.8333333333333334
full_communication_rho0.75_b12,11,0,false_target,0.2515723270440252,0.25997438812072676,0.25997438812072676,0.3202389475223822,1.920000000000016,0.09881470730527336,True,True,False,0.0,1.0
full_communication_rho0.75_b12,11,2,truth,-0.13443396226415083,0.06695281682553003,0.06695281682553003,0.0710588076952194,-0.9699999999999704,0.12716572931785194,True,True,False,0.0,1.0
full_communication_rho0.75_b12,11,2,alloc1,-0.07783018867924527,0.14075193657012142,0.14075193657012142,0.06978891827806563,-6.96999999999997,0.043398998145460416,True,True,False,0.0,0.8333333333333334
full_communication_rho0.75_b12,11,2,false_target,0.21226415094339626,0.18943001210043103,0.18943001210043103,0.22798261010138338,1.660000000000025,0.09881470730527336,True,True,False,0.0,1.0
full_communication_rho0.75_b12,12,0,truth,-0.18789308176100622,0.12545000085152824,0.12545000085152824,0.13356986816106306,-1.3100000000000023,0.13215484397677793,True,True,False,0.0,1.0
full_communication_rho0.75_b12,12,0,alloc1,-0.07547169811320756,0.12259671283636614,0.12259671283636614,0.06658992847340836,-5.490000000000009,0.04276905942589904,True,True,False,0.0,0.8333333333333334
full_communication_rho0.75_b12,12,0,false_target,0.2633647798742139,0.26726225350919647,0.26726225350919647,0.32108065590972856,1.920000000000016,0.1080118126108692,True,True,False,0.0,0.9583333333333334
full_communication_rho0.75_b12,12,2,truth,-0.12735849056603765,0.05867445452551327,0.05867445452551327,0.06136810665112545,-0.8999999999999773,0.13215484397677793,True,True,False,0.0,1.0
full_communication_rho0.75_b12,12,2,alloc1,-0.0849056603773585,0.19392916283986994,0.19392916283986994,0.08427787822415744,-10.430000000000007,0.04276905942589904,True,True,False,0.0,0.8333333333333334
full_communication_rho0.75_b12,12,2,false_target,0.21226415094339632,0.17793627361170228,0.17793627361170228,0.20857010305920445,1.579999999999984,0.1080118126108692,True,True,False,0.0,0.9583333333333334
full_communication_rho0.75_b12,13,0,truth,-0.22405660377358483,0.16905717828842048,0.16905717828842048,0.18248452702993442,-1.4699999999999704,0.13754963917110147,True,True,False,0.0,1.0
full_communication_rho0.75_b12,13,0,alloc1,-0.051100628930817606,0.06060947550757742,0.06060947550757742,0.04117776273361867,-3.079999999999984,0.031707335510401544,True,True,False,0.0,0.75
full_communication_rho0.75_b12,13,0,false_target,0.27515723270440245,0.2573791413347104,0.2573791413347104,0.3107417116843761,1.759999999999991,0.12182384897597161,True,True,False,0.0,1.0
full_communication_rho0.75_b12,13,2,truth,-0.1265723270440252,0.05551133988378711,0.05551133988378711,0.05823553616673361,-0.8600000000000136,0.13754963917110147,True,True,False,0.0,1.0
full_communication_rho0.75_b12,13,2,alloc1,-0.07625786163522012,0.2395642290155342,0.2395642290155342,0.09170214664156642,-17.24000000000001,0.031707335510401544,True,True,False,0.0,0.75
full_communication_rho0.75_b12,13,2,false_target,0.20283018867924535,0.1449831117515968,0.1449831117515968,0.16885070446170475,1.3500000000000227,0.12182384897597161,True,True,False,0.0,1.0
full_communication_rho0.75_b12,14,0,truth,-0.21933962264150947,0.17828739889701245,0.17828739889701245,0.1943454034556978,-1.579999999999984,0.1237741392517336,True,True,False,0.0,1.0
full_communication_rho0.75_b12,14,0,alloc1,-0.05817610062893081,0.08281619547689745,0.08281619547689745,0.05260730891903316,-3.930000000000007,0.03216719077568134,True,True,False,0.0,0.75
full_communication_rho0.75_b12,14,0,false_target,0.27751572327044016,0.29359391696234133,0.29359391696234133,0.3674541855289579,1.9700000000000273,0.1047953455087889,True,True,False,0.0,1.0
full_communication_rho0.75_b12,14,2,truth,-0.15015723270440262,0.08538710414506996,0.08538710414506996,0.09108200901154044,-1.099999999999966,0.1237741392517336,True,True,False,0.0,1.0
full_communication_rho0.75_b12,14,2,alloc1,-0.08254716981132075,0.3040531315054389,0.3040531315054389,0.10591592053183722,-21.55000000000001,0.03216719077568134,True,True,False,0.0,0.75
full_communication_rho0.75_b12,14,2,false_target,0.2327044025157233,0.2116266798474093,0.2116266798474093,0.2583670996421222,1.6899999999999977,0.1047953455087889,True,True,False,0.0,1.0
full_communication_rho0.75_b12,15,0,truth,-0.22720125786163503,0.1815697595550482,0.1815697595550482,0.19905442215033217,-1.5500000000000114,0.12966406627963234,True,True,False,0.0,1.0
full_communication_rho0.75_b12,15,0,alloc1,-0.07232704402515722,0.10650502059308056,0.10650502059308056,0.062100310241934506,-4.529999999999973,0.042118962667311716,True,True,False,0.0,0.875
full_communication_rho0.75_b12,15,0,false_target,0.2995283018867925,0.33663176418163215,0.33663176418163215,0.43796853883767956,2.069999999999993,0.10242425616835987,True,True,False,0.0,1.0
full_communication_rho0.75_b12,15,2,truth,-0.15801886792452824,0.08977290285791421,0.08977290285791421,0.09628713388603558,-1.099999999999966,0.12966406627963234,True,True,False,0.0,1.0
full_communication_rho0.75_b12,15,2,alloc1,-0.0911949685534591,0.28438336562147093,0.28438336562147093,0.09872658017668605,-21.189999999999998,0.042118962667311716,True,True,False,0.0,0.875
full_communication_rho0.75_b12,15,2,false_target,0.24921383647798745,0.23995507390729692,0.23995507390729692,0.30318763648128333,1.7700000000000387,0.10242425616835987,True,True,False,0.0,1.0
full_communication_rho0.75_b18,1,0,truth,0.0034013605442177464,0.00022132241521606832,0.00022132241521606832,0.00021690381106775048,0.12999999999999545,0.026669087773998484,True,True,False,0.125,0.7916666666666666
full_communication_rho0.75_b18,1,0,alloc1,-0.00935374149659865,0.003692143097114577,0.003692143097114577,0.0034044867947178948,-0.8100000000000023,0.012849584278155706,True,True,False,0.041666666666666664,0.7083333333333334
full_communication_rho0.75_b18,1,0,false_target,0.005952380952380876,0.0007791409710348838,0.0007791409710348838,0.0007691321625432438,0.2599999999999909,0.02303299792139078,True,True,False,0.08333333333333333,0.75
full_communication_rho0.75_b18,1,2,truth,0.009353741496598678,0.0016724635185836755,0.0016724635185836755,0.0016403350711998192,0.36000000000001364,0.026669087773998484,True,True,False,0.125,0.7916666666666666
full_communication_rho0.75_b18,1,2,alloc1,0.04506802721088435,0.0635714237435562,0.0635714237435562,0.0790347388955582,2.5400000000000205,0.012849584278155706,True,True,False,0.041666666666666664,0.7083333333333334
full_communication_rho0.75_b18,1,2,false_target,-0.054421768707483054,0.07128530389904468,0.07128530389904468,0.06429317015871867,-2.740000000000009,0.02303299792139078,True,True,False,0.08333333333333333,0.75
full_communication_rho0.75_b18,2,0,truth,-0.11139455782312924,0.13793213309087732,0.13793213309087732,0.13106795189618026,-2.5500000000000114,0.0473370771919879,True,True,False,0.16666666666666666,0.9583333333333334
full_communication_rho0.75_b18,2,0,alloc1,-0.04166666666666666,0.06895638290353932,0.06895638290353932,0.0574274831526516,-3.6299999999999955,0.015115681689342403,True,True,False,0.0,0.5416666666666666
full_communication_rho0.75_b18,2,0,false_target,0.15306122448979592,0.2726031088311872,0.2726031088311872,0.30862286571571457,3.410000000000025,0.03795528628117913,True,True,False,0.041666666666666664,0.7916666666666666
full_communication_rho0.75_b18,2,2,truth,-0.0697278911564626,0.05306111278878699,0.05306111278878699,0.05135486909561895,-1.5399999999999636,0.0473370771919879,True,True,False,0.16666666666666666,0.9583333333333334
full_communication_rho0.75_b18,2,2,alloc1,0.019557823129251722,0.012167165169325018,0.012167165169325018,0.012652702452208571,1.2100000000000364,0.015115681689342403,True,True,False,0.0,0.5416666666666666
full_communication_rho0.75_b18,2,2,false_target,0.05017006802721086,0.031803657574816874,0.031803657574816874,0.033157907270259294,1.2300000000000182,0.03795528628117913,True,True,False,0.041666666666666664,0.7916666666666666
full_communication_rho0.75_b18,3,0,truth,-0.09863945578231287,0.059772451084836406,0.059772451084836406,0.059806659505907564,-1.2099999999999795,0.08134330120937264,True,True,False,0.125,0.9583333333333334
full_communication_rho0.75_b18,3,0,alloc1,-0.07653061224489796,0.1461554636371403,0.1461554636371403,0.09947713100585504,-4.8700000000000045,0.029438598356009066,True,True,False,0.0,0.75
full_communication_rho0.75_b18,3,0,false_target,0.17517006802721086,0.2338124776112399,0.2338124776112399,0.2686439135561164,2.5500000000000114,0.05711008361678006,True,True,False,0.0,0.7916666666666666
full_communication_rho0.75_b18,3,2,truth,-0.10459183673469385,0.06718687783396629,0.06718687783396629,0.06724249046260969,-1.2799999999999727,0.08134330120937264,True,True,False,0.125,0.9583333333333334
full_communication_rho0.75_b18,3,2,alloc1,-0.03401360544217688,0.022790405511315382,0.022790405511315382,0.01964980365547755,-1.4399999999999977,0.029438598356009066,True,True,False,0.0,0.75
full_communication_rho0.75_b18,3,2,false_target,0.1386054421768707,0.14950496299715677,0.14950496299715677,0.16819681730776828,2.0600000000000023,0.05711008361678006,True,True,False,0.0,0.7916666666666666
full_communication_rho0.75_b18,4,0,truth,-0.1760204081632653,0.16873611872441707,0.16873611872441707,0.17521217967743447,-1.8999999999999773,0.08841618244520028,True,True,False,0.08333333333333333,1.0
full_communication_rho0.75_b18,4,0,alloc1,-0.06037414965986397,0.08444181762185919,0.08444181762185919,0.05946392814627903,-3.4499999999999886,0.03064915202191988,True,True,False,0.0,0.7916666666666666
full_communication_rho0.75_b18,4,0,false_target,0.23639455782312935,0.3652717736854619,0.3652717736854619,0.4642992316149307,2.8600000000000136,0.060179280045351474,True,True,False,0.0,0.8333333333333334
full_communication_rho0.75_b18,4,2,truth,-0.14455782312925175,0.1143041432960151,0.1143041432960151,0.11817386619706084,-1.5600000000000023,0.08841618244520028,True,True,False,0.08333333333333333,1.0
full_communication_rho0.75_b18,4,2,alloc1,-0.05017006802721091,0.054189695501018056,0.054189695501018056,0.04106207773798797,-2.519999999999982,0.03064915202191988,True,True,False,0.0,0.7916666666666666
full_communication_rho0.75_b18,4,2,false_target,0.19472789115646255,0.2550835801537984,0.2550835801537984,0.3150498939640618,2.430000000000007,0.060179280045351474,True,True,False,0.0,0.8333333333333334
full_communication_rho0.75_b18,5,0,truth,-0.20323129251700683,0.20917492905638244,0.20917492905638244,0.22271638794030596,-2.0299999999999727,0.09272545823885109,True,True,False,0.08333333333333333,1.0
full_communication_rho0.75_b18,5,0,alloc1,-0.05102040816326532,0.07490015673832623,0.07490015673832623,0.0540315409120074,-3.5500000000000114,0.02408854166666667,True,True,False,0.0,0.7083333333333334
full_communication_rho0.75_b18,5,0,false_target,0.25425170068027214,0.37251349605825046,0.37251349605825046,0.4749164323762955,2.7100000000000364,0.06805821286848072,True,True,False,0.0,0.9166666666666666
full_communication_rho0.75_b18,5,2,truth,-0.15816326530612246,0.12784396500719067,0.12784396500719067,0.1348907784734655,-1.579999999999984,0.09272545823885109,True,True,False,0.08333333333333333,1.0
full_communication_rho0.75_b18,5,2,alloc1,-0.05782312925170069,0.10198910052328444,0.10198910052328444,0.0694005125492006,-4.449999999999989,0.02408854166666667,True,True,False,0.0,0.7083333333333334
full_communication_rho0.75_b18,5,2,false_target,0.21598639455782323,0.27551297145700415,0.27551297145700415,0.3427222128520833,2.3600000000000136,0.06805821286848072,True,True,False,0.0,0.9166666666666666
full_communication_rho0.75_b18,6,0,truth,-0.17772108843537404,0.13836413164518319,0.13836413164518319,0.14391943595503812,-1.5399999999999636,0.1097307846749811,True,True,False,0.041666666666666664,1.0
full_communication_rho0.75_b18,6,0,alloc1,-0.04846938775510204,0.06309942893824516,0.06309942893824516,0.046661592152695004,-3.089999999999975,0.02517361111111111,True,True,False,0.0,0.75
full_communication_rho0.75_b18,6,0,false_target,0.22619047619047616,0.2889141312689756,0.2889141312689756,0.33454320796972736,2.4399999999999977,0.07646565570672713,True,True,False,0.0,0.9166666666666666
full_communication_rho0.75_b18,6,2,truth,-0.10884353741496589,0.052659139635106406,0.052659139635106406,0.05398173207315178,-0.9499999999999886,0.1097307846749811,True,True,False,0.041666666666666664,1.0
full_communication_rho0.75_b18,6,2,alloc1,-0.062074829931972775,0.11654652732715232,0.11654652732715232,0.07653420270289675,-4.899999999999977,0.02517361111111111,True,True,False,0.0,0.75
full_communication_rho0.75_b18,6,2,false_target,0.17091836734693877,0.16932388787032734,0.16932388787032734,0.19102097553825761,1.8899999999999864,0.07646565570672713,True,True,False,0.0,0.9166666666666666
full_communication_rho0.75_b18,7,0,truth,-0.16666666666666663,0.11012272209028079,0.11012272209028079,0.11521928159406265,-1.3000000000000114,0.1205430957105064,True,True,False,0.0,1.0
full_communication_rho0.75_b18,7,0,alloc1,-0.03996598639455784,0.033876075773675886,0.033876075773675886,0.02587552455334267,-1.9699999999999704,0.030864689625850334,True,True,False,0.0,0.7916666666666666
full_communication_rho0.75_b18,7,0,false_target,0.2066326530612245,0.18986121591060298,0.18986121591060298,0.21972831495049214,1.740000000000009,0.09715874196900981,True,True,False,0.0,0.9583333333333334
full_communication_rho0.75_b18,7,2,truth,-0.10204081632653061,0.04202286662861967,0.04202286662861967,0.04318923508315554,-0.8100000000000023,0.1205430957105064,True,True,False,0.0,1.0
full_communication_rho0.75_b18,7,2,alloc1,-0.061224489795918394,0.09776460663272535,0.09776460663272535,0.060723729870768864,-4.339999999999975,0.030864689625850334,True,True,False,0.0,0.7916666666666666
full_communication_rho0.75_b18,7,2,false_target,0.16326530612244897,0.12139671532226919,0.12139671532226919,0.13717530529450014,1.410000000000025,0.09715874196900981,True,True,False,0.0,0.9583333333333334
full_communication_rho0.75_b18,8,0,truth,-0.13265306122448983,0.07146470369265427,0.07146470369265427,0.07378683852736602,-1.0600000000000023,0.11924101237717309,True,True,False,0.0,1.0
full_communication_rho0.75_b18,8,0,alloc1,-0.07057823129251702,0.10036820064897711,0.10036820064897711,0.06755974855103024,-3.7199999999999704,0.0368657879818594,True,True,False,0.0,0.7916666666666666
full_communication_rho0.75_b18,8,0,false_target,0.2032312925170068,0.18785504547413986,0.18785504547413986,0.22010221421314455,1.740000000000009,0.09382676681783823,True,True,False,0.0,1.0
full_communication_rho0.75_b18,8,2,truth,-0.08333333333333326,0.02862690338735569,0.02862690338735569,0.029119362147305292,-0.6800000000000068,0.11924101237717309,True,True,False,0.0,1.0
full_communication_rho0.75_b18,8,2,alloc1,-0.07057823129251702,0.10036820064897711,0.10036820064897711,0.06755974855103024,-3.7199999999999704,0.0368657879818594,True,True,False,0.0,0.7916666666666666
full_communication_rho0.75_b18,8,2,false_target,0.1539115646258504,0.11116029208200899,0.11116029208200899,0.12623673674895108,1.3700000000000045,0.09382676681783823,True,True,False,0.0,1.0
full_communication_rho0.75_b18,9,0,truth,-0.18707482993197283,0.1321681837158632,0.1321681837158632,0.14047906068656726,-1.3799999999999955,0.12456301965230537,True,True,False,0.0,1.0
full_communication_rho0.75_b18,9,0,alloc1,-0.04931972789115646,0.04363090251768859,0.04363090251768859,0.03202475159159874,-2.1299999999999955,0.03797743055555555,True,True,False,0.0,0.8333333333333334
full_communication_rho0.75_b18,9,0,false_target,0.2363945578231294,0.24635002738271128,0.24635002738271128,0.29739313468387296,1.9499999999999886,0.09395372732426305,True,True,False,0.0,1.0
full_communication_rho0.75_b18,9,2,truth,-0.11904761904761907,0.054657565478396196,0.054657565478396196,0.056888214658196656,-0.8999999999999773,0.12456301965230537,True,True,False,0.0,1.0
full_communication_rho0.75_b18,9,2,alloc1,-0.06122448979591836,0.07527274174176163,0.07527274174176163,0.049350865710715765,-3.2799999999999727,0.03797743055555555,True,True,False,0.0,0.8333333333333334
full_communication_rho0.75_b18,9,2,false_target,0.1802721088435374,0.14823531028644324,0.14823531028644324,0.17294701419740136,1.5400000000000205,0.09395372732426305,True,True,False,0.0,1.0
full_communication_rho0.75_b18,10,0,truth,-0.20323129251700678,0.1367288088376913,0.1367288088376913,0.14608509290639538,-1.3100000000000023,0.14136609504913078,True,True,False,0.0,1.0
full_communication_rho0.75_b18,10,0,alloc1,-0.05527210884353742,0.062114306694635316,0.062114306694635316,0.04053013739476754,-3.009999999999991,0.037688078703703706,True,True,False,0.0,0.7916666666666666
full_communication_rho0.75_b18,10,0,false_target,0.2585034013605442,0.25457965199197097,0.25457965199197097,0.305518295278262,1.8500000000000227,0.10936171343537415,True,True,False,0.0,1.0
full_communication_rho0.75_b18,10,2,truth,-0.13435374149659862,0.0609568531774695,0.0609568531774695,0.06384461510329395,-0.8899999999999864,0.14136609504913078,True,True,False,0.0,1.0
full_communication_rho0.75_b18,10,2,alloc1,-0.056122448979591844,0.06471810703106105,0.06471810703106105,0.04178681147730353,-3.1200000000000045,0.037688078703703706,True,True,False,0.0,0.7916666666666666
full_communication_rho0.75_b18,10,2,false_target,0.1904761904761904,0.14327256236495478,0.14327256236495478,0.1658769691815493,1.420000000000016,0.10936171343537415,True,True,False,0.0,1.0
full_communication_rho0.75_b18,11,0,truth,-0.2270408163265305,0.18056573668504738,0.18056573668504738,0.1989712186844101,-1.5399999999999636,0.12953514739229027,True,True,False,0.0,1.0
full_communication_rho0.75_b18,11,0,alloc1,-0.06037414965986396,0.08258834502075413,0.08258834502075413,0.04989010354596477,-3.920000000000016,0.0365306712962963,True,True,False,0.0,0.8333333333333334
full_communication_rho0.75_b18,11,0,false_target,0.28741496598639454,0.3308425468144324,0.3308425468144324,0.4156977660908652,2.1399999999999864,0.0993598828420257,True,True,False,0.0,1.0
full_communication_rho0.75_b18,11,2,truth,-0.16581632653061218,0.0983586159989808,0.0983586159989808,0.1061297057116062,-1.1499999999999773,0.12953514739229027,True,True,False,0.0,1.0
full_communication_rho0.75_b18,11,2,alloc1,-0.07057823129251702,0.13471661433910687,0.13471661433910687,0.06817951266180346,-6.649999999999977,0.0365306712962963,True,True,False,0.0,0.8333333333333334
full_communication_rho0.75_b18,11,2,false_target,0.23639455782312924,0.23015149017906775,0.23015149017906775,0.2812120212402089,1.8100000000000023,0.0993598828420257,True,True,False,0.0,1.0
full_communication_rho0.75_b18,12,0,truth,-0.19982993197278914,0.13813466430971263,0.13813466430971263,0.1475796010117454,-1.349999999999966,0.13528970616024188,True,True,False,0.0,1.0
full_communication_rho0.75_b18,12,0,alloc1,-0.07908163265306122,0.19207608816638566,0.19207608816638566,0.08475880147977556,-9.789999999999964,0.03689236111111111,True,True,False,0.0,0.8333333333333334
full_communication_rho0.75_b18,12,0,false_target,0.27891156462585037,0.2969985820256887,0.2969985820256887,0.35748635759102765,2.009999999999991,0.10880367772108845,True,True,False,0.0,0.9583333333333334
full_communication_rho0.75_b18,12,2,truth,-0.18282312925170063,0.11610136128338423,0.11610136128338423,0.12352860220494205,-1.240000000000009,0.13528970616024188,True,True,False,0.0,1.0
full_communication_rho0.75_b18,12,2,alloc1,-0.07993197278911564,0.20063468616197477,0.20063468616197477,0.08659137124237448,-10.349999999999966,0.03689236111111111,True,True,False,0.0,0.8333333333333334
full_communication_rho0.75_b18,12,2,false_target,0.2627551020408163,0.26533282050727136,0.26533282050727136,0.31726980693364165,1.910000000000025,0.10880367772108845,True,True,False,0.0,0.9583333333333334
full_communication_rho0.75_b18,13,0,truth,-0.18792517006802728,0.11774158714515622,0.11774158714515622,0.12582643829675785,-1.2199999999999704,0.14033564814814817,True,True,False,0.0,1.0
full_communication_rho0.75_b18,13,0,alloc1,-0.070578231292517,0.23763472994685086,0.23763472994685086,0.09879960417055085,-15.539999999999964,0.02520904195011338,True,True,False,0.0,0.6666666666666666
full_communication_rho0.75_b18,13,0,false_target,0.2585034013605442,0.22654743458429644,0.22654743458429644,0.26906603811351565,1.650000000000034,0.12417770927815573,True,True,False,0.0,1.0
full_communication_rho0.75_b18,13,2,truth,-0.2312925170068027,0.17655790499905674,0.17655790499905674,0.19060099528976324,-1.490000000000009,0.14033564814814817,True,True,False,0.0,1.0
full_communication_rho0.75_b18,13,2,alloc1,-0.07312925170068027,0.28253788389949497,0.28253788389949497,0.10607081905144349,-19.909999999999968,0.02520904195011338,True,True,False,0.0,0.6666666666666666
full_communication_rho0.75_b18,13,2,false_target,0.304421768707483,0.3084254931203363,0.3084254931203363,0.3731451232338622,1.910000000000025,0.12417770927815573,True,True,False,0.0,1.0
full_communication_rho0.75_b18,14,0,truth,-0.1981292517006802,0.1403050426055474,0.1403050426055474,0.15150436221437455,-1.3799999999999955,0.12955138652683296,True,True,False,0.0,1.0
full_communication_rho0.75_b18,14,0,alloc1,-0.08928571428571427,0.32513074580908463,0.32513074580908463,0.11342155009451793,-20.620000000000005,0.03514296343537415,True,True,False,0.0,0.7916666666666666
full_communication_rho0.75_b18,14,0,false_target,0.2874149659863945,0.3131818486985523,0.3131818486985523,0.395696580898079,2.0200000000000387,0.10438220427059713,True,True,False,0.0,1.0
full_communication_rho0.75_b18,14,2,truth,-0.17772108843537404,0.11359720371008065,0.11359720371008065,0.12190060686117062,-1.240000000000009,0.12955138652683296,True,True,False,0.0,1.0
full_communication_rho0.75_b18,14,2,alloc1,-0.09098639455782312,0.3631491286515751,0.3631491286515751,0.11778352172627081,-24.21999999999997,0.03514296343537415,True,True,False,0.0,0.7916666666666666
full_communication_rho0.75_b18,14,2,false_target,0.26870748299319724,0.2764661465025914,0.2764661465025914,0.3458621702860421,1.910000000000025,0.10438220427059713,True,True,False,0.0,1.0
full_communication_rho0.75_b18,15,0,truth,-0.2321428571428571,0.19011942532394113,0.19011942532394113,0.2075152066397589,-1.589999999999975,0.12984664351851852,True,True,False,0.0,1.0
full_communication_rho0.75_b18,15,0,alloc1,-0.09098639455782313,0.196075363332749,0.196075363332749,0.09038803142146609,-9.399999999999977,0.045794359410430835,True,True,False,0.0,0.875
full_communication_rho0.75_b18,15,0,false_target,0.3231292517006803,0.4022327063582075,0.4022327063582075,0.5366689729887768,2.2800000000000296,0.09727832105064248,True,True,False,0.0,1.0
full_communication_rho0.75_b18,15,2,truth,-0.19217687074829937,0.13168032335478871,0.13168032335478871,0.14221372478273334,-1.329999999999984,0.12984664351851852,True,True,False,0.0,1.0
full_communication_rho0.75_b18,15,2,alloc1,-0.09693877551020409,0.2693559780817203,0.2693559780817203,0.10260135001776341,-16.139999999999986,0.045794359410430835,True,True,False,0.0,0.875
full_communication_rho0.75_b18,15,2,false_target,0.2891156462585034,0.32807803971855237,0.32807803971855237,0.429632501921763,2.079999999999984,0.09727832105064248,True,True,False,0.0,1.0
report_only_rho0.75_b3,1,0,truth,-0.06002824858757061,0.04478524356327858,0.04478524356327858,0.04667689054494725,-1.4599999999999795,0.038599300279238906,True,True,False,0.041666666666666664,0.875
report_only_rho0.75_b3,1,0,alloc1,0.03177966101694915,0.02060446125537263,0.02060446125537263,0.022338053392226928,1.240000000000009,0.022605972790440937,True,True,False,0.0,0.6666666666666666
report_only_rho0.75_b3,1,0,false_target,0.02824858757062146,0.019097885630528968,0.019097885630528968,0.020303626735325587,1.3000000000000114,0.0196512354698357,True,True,False,0.08333333333333333,0.6666666666666666
report_only_rho0.75_b3,1,2,truth,-0.026836158192090398,0.009222445332778243,0.009222445332778243,0.00932891763970988,-0.6800000000000068,0.038599300279238906,True,True,False,0.041666666666666664,0.875
report_only_rho0.75_b3,1,2,alloc1,0.006355932203389841,0.0008894359798121804,0.0008894359798121804,0.0008935221356890802,0.28000000000002956,0.022605972790440937,True,True,False,0.0,0.6666666666666666
report_only_rho0.75_b3,1,2,false_target,0.020480225988700557,0.010240579401402515,0.010240579401402515,0.01067209380275551,0.9700000000000273,0.0196512354698357,True,True,False,0.08333333333333333,0.6666666666666666
report_only_rho0.75_b3,2,0,truth,-0.05437853107344637,0.028564460910632486,0.028564460910632486,0.0300742424025112,-1.0199999999999818,0.04916208032989155,True,True,False,0.041666666666666664,0.9583333333333334
report_only_rho0.75_b3,2,0,alloc1,-0.03248587570621472,0.01759363493411524,0.01759363493411524,0.015642940028428764,-1.1499999999999773,0.03373189817520618,True,True,False,0.0,0.7083333333333334
report_only_rho0.75_b3,2,0,false_target,0.08686440677966101,0.1370731276926543,0.1370731276926543,0.18921852762323713,2.75,0.019938388856419246,True,True,False,0.0,0.7916666666666666
report_only_rho0.75_b3,2,2,truth,-0.07980225988700551,0.05989975818560235,0.05989975818560235,0.06476943856260138,-1.4399999999999977,0.04916208032989155,True,True,False,0.041666666666666664,0.9583333333333334
report_only_rho0.75_b3,2,2,alloc1,-0.03319209039548021,0.018412902187147598,0.018412902187147598,0.016330460549526957,-1.170000000000016,0.03373189817520618,True,True,False,0.0,0.7083333333333334
report_only_rho0.75_b3,2,2,false_target,0.11299435028248586,0.21582826951019288,0.21582826951019288,0.32017941087678436,3.259999999999991,0.019938388856419246,True,True,False,0.0,0.7916666666666666
report_only_rho0.75_b3,3,0,truth,-0.1115819209039548,0.08798464478440225,0.08798464478440225,0.10385652468062179,-1.4599999999999795,0.05994098642769011,True,True,False,0.08333333333333333,1.0
report_only_rho0.75_b3,3,0,alloc1,-0.028248587570621445,0.009802087609177565,0.009802087609177565,0.00861663939921223,-0.7400000000000091,0.04630475193194364,True,True,False,0.0,0.9166666666666666
report_only_rho0.75_b3,3,0,false_target,0.13983050847457623,0.2937058669695474,0.2937058669695474,0.5809745149500842,3.329999999999984,0.01682739138905124,True,True,False,0.0,0.8333333333333334
report_only_rho0.75_b3,3,2,truth,-0.052966101694915224,0.021576008829079167,0.021576008829079167,0.023401416092312805,-0.7799999999999727,0.05994098642769011,True,True,False,0.08333333333333333,1.0
report_only_rho0.75_b3,3,2,alloc1,-0.07838983050847456,0.104707679731812,0.104707679731812,0.06635350877355876,-3.7199999999999704,0.04630475193194364,True,True,False,0.0,0.9166666666666666
report_only_rho0.75_b3,3,2,false_target,0.13135593220338987,0.26595367723075203,0.26595367723075203,0.5126873359660529,3.2200000000000273,0.01682739138905124,True,True,False,0.0,0.8333333333333334
report_only_rho0.75_b3,4,0,truth,-0.17302259887005644,0.35288394520474975,0.35288394520474975,0.5069035385767647,-3.579999999999984,0.029529109033054095,True,True,False,0.25,1.0
report_only_rho0.75_b3,4,0,alloc1,0.014830508474576273,0.006684612457972845,0.006684612457972845,0.007344403058358977,0.8600000000000136,0.014973577829729204,True,True,False,0.0,0.6666666666666666
report_only_rho0.75_b3,4,0,false_target,0.15819209039548024,0.5958768947937165,0.5958768947937165,1.1939765521406347,5.990000000000009,0.010479576595882851,True,True,False,0.0,0.5833333333333334
report_only_rho0.75_b3,4,2,truth,-0.11723163841807904,0.17712709497029125,0.17712709497029125,0.2327069372598305,-2.6999999999999886,0.029529109033054095,True,True,False,0.25,1.0
report_only_rho0.75_b3,4,2,alloc1,-0.025423728813559324,0.028729849529421897,0.028729849529421897,0.021583551844973316,-2.6499999999999773,0.014973577829729204,True,True,False,0.0,0.6666666666666666
report_only_rho0.75_b3,4,2,false_target,0.14265536723163844,0.5052905656074833,0.5052905656074833,0.9709625963318411,5.670000000000016,0.010479576595882851,True,True,False,0.0,0.5833333333333334
report_only_rho0.75_b3,5,0,truth,-0.18573446327683618,0.47736438014299515,0.47736438014299515,1.0094513668022065,-4.039999999999964,0.01708714851613741,True,True,False,0.20833333333333334,1.0
report_only_rho0.75_b3,5,0,alloc1,0.0028248587570621417,0.0007113063078588837,0.0007113063078588837,0.0007341679219250362,0.4900000000000091,0.005434606143256055,True,True,False,0.0,0.4583333333333333
report_only_rho0.75_b3,5,0,false_target,0.182909604519774,1.402624827467884,1.402624827467884,2.6659134014515318,13.649999999999977,0.006274758101175401,True,True,False,0.0,0.3333333333333333
report_only_rho0.75_b3,5,2,truth,-0.16031073446327682,0.3784086216749276,0.3784086216749276,0.7520134667257135,-3.740000000000009,0.01708714851613741,True,True,False,0.20833333333333334,1.0
report_only_rho0.75_b3,5,2,alloc1,-0.01553672316384181,0.033144174124602216,0.033144174124602216,0.022208579638232435,-5.420000000000016,0.005434606143256055,True,True,False,0.0,0.4583333333333333
report_only_rho0.75_b3,5,2,false_target,0.17584745762711865,1.3080325101295054,1.3080325101295054,2.464025533361107,13.139999999999986,0.006274758101175401,True,True,False,0.0,0.3333333333333333
report_only_rho0.75_b3,6,0,truth,-0.22951977401129942,0.8393122260544341,0.8393122260544341,2.5042143971327375,-5.509999999999991,0.010518134294434706,True,True,False,0.3333333333333333,1.0
report_only_rho0.75_b3,6,0,alloc1,0.007768361581920898,0.0046913126506041075,0.0046913126506041075,0.005522244779125939,1.1200000000000045,0.005464031755308785,True,True,False,0.0,0.5416666666666666
report_only_rho0.75_b3,6,0,false_target,0.2217514124293785,3.8008948664415705,3.8008948664415705,11.627265037899734,39.629999999999995,0.0021145853626858887,True,True,False,0.0,0.25
report_only_rho0.75_b3,6,2,truth,-0.2295197740112993,0.8393122260544335,0.8393122260544335,2.5042143971327353,-5.509999999999991,0.010518134294434706,True,True,False,0.3333333333333333,1.0
report_only_rho0.75_b3,6,2,alloc1,-0.012711864406779662,0.02696809746854731,0.02696809746854731,0.014786837259808325,-6.4599999999999795,0.005464031755308785,True,True,False,0.0,0.5416666666666666
report_only_rho0.75_b3,6,2,false_target,0.2422316384180791,,11.492791681193864,13.874154168971014,500.0,0.0021145853626858887,False,False,True,0.0,0.25
report_only_rho0.75_b3,7,0,truth,-0.22951977401129942,0.7186747983450381,0.7186747983450381,2.315672296224617,-4.639999999999986,0.011374521072796937,True,True,False,0.25,1.0
report_only_rho0.75_b3,7,0,alloc1,0.009180790960451978,0.015318456973702205,0.015318456973702205,0.02067391652816563,2.930000000000007,0.002038484641859861,True,True,False,0.0,0.3333333333333333
report_only_rho0.75_b3,7,0,false_target,0.22033898305084745,1.5884503320571968,1.5884503320571968,5.1294008198389385,11.069999999999993,0.004732450159101241,True,True,False,0.0,0.4166666666666667
report_only_rho0.75_b3,7,2,truth,-0.25706214689265516,0.8498083916035647,0.8498083916035647,2.9047793283841554,-4.8799999999999955,0.011374521072796937,True,True,False,0.25,1.0
report_only_rho0.75_b3,7,2,alloc1,-0.004943502824858757,0.008313968820340953,0.008313968820340953,0.005994212484497725,-4.089999999999975,0.002038484641859861,True,True,False,0.0,0.3333333333333333
report_only_rho0.75_b3,7,2,false_target,0.26200564971751417,2.0764398824541512,2.0764398824541512,7.25279275808937,12.379999999999995,0.004732450159101241,True,True,False,0.0,0.4166666666666667
report_only_rho0.75_b3,8,0,truth,-0.230225988700565,0.6925567859271894,0.6925567859271894,1.829551552682943,-4.670000000000016,0.014485518540164949,True,True,False,0.3333333333333333,1.0
report_only_rho0.75_b3,8,0,alloc1,0.007062146892655368,0.006478645431856827,0.006478645431856827,0.007971544335530548,1.670000000000016,0.0031282469640885775,True,True,False,0.0,0.4166666666666667
report_only_rho0.75_b3,8,0,false_target,0.2231638418079096,0.8859847498493643,0.8859847498493643,3.0900127620161424,5.860000000000014,0.008058558997337489,True,True,False,0.0,0.625
report_only_rho0.75_b3,8,2,truth,-0.2831920903954802,0.9544644832107685,0.9544644832107685,2.7682046673093628,-5.21999999999997,0.014485518540164949,True,True,False,0.3333333333333333,1.0
report_only_rho0.75_b3,8,2,alloc1,-0.005649717514124295,0.00699880354166758,0.00699880354166758,0.005101788374739551,-3.0,0.0031282469640885775,True,True,False,0.0,0.4166666666666667
report_only_rho0.75_b3,8,2,false_target,0.28884180790960456,1.2957789387947183,1.2957789387947183,5.1764583484499935,6.610000000000014,0.008058558997337489,True,True,False,0.0,0.625
report_only_rho0.75_b3,9,0,truth,-0.19985875706214706,0.4829447005010354,0.4829447005010354,1.1452862696676656,-3.7799999999999727,0.017438226508214826,True,True,False,0.2916666666666667,1.0
report_only_rho0.75_b3,9,0,alloc1,-0.0014124293785310743,0.0001676194756016989,0.0001676194756016989,0.00015837777468303982,-0.2400000000000091,0.006298095655562051,True,True,False,0.0,0.5833333333333334
report_only_rho0.75_b3,9,0,false_target,0.20127118644067796,0.7000353260899107,0.7000353260899107,2.44094843130184,5.110000000000014,0.008298022598870053,True,True,False,0.0,0.6666666666666666
report_only_rho0.75_b3,9,2,truth,-0.3460451977401131,1.1338863789373022,1.1338863789373022,3.4334706807077904,-5.099999999999966,0.017438226508214826,True,True,False,0.2916666666666667,1.0
report_only_rho0.75_b3,9,2,alloc1,-0.007768361581920905,0.006405146303486863,0.006405146303486863,0.00479092768416195,-1.9499999999999886,0.006298095655562051,True,True,False,0.0,0.5833333333333334
report_only_rho0.75_b3,9,2,false_target,0.3538135593220339,1.5973365397538415,1.5973365397538415,7.543003966822939,6.6299999999999955,0.008298022598870053,True,True,False,0.0,0.6666666666666666
report_only_rho0.75_b3,10,0,truth,-0.18220338983050854,0.3389496780538924,0.3389496780538924,0.7991279933829509,-2.8899999999999864,0.02077143808039483,True,True,False,0.08333333333333333,1.0
report_only_rho0.75_b3,10,0,alloc1,-0.0021186440677966097,0.0004528952320373629,0.0004528952320373629,0.0004164685382752138,-0.4399999999999977,0.0053889457107604375,True,True,False,0.0,0.5416666666666666
report_only_rho0.75_b3,10,0,false_target,0.18432203389830507,0.4083677751641202,0.4083677751641202,1.2712887610991912,3.2800000000000296,0.013362271900772778,True,True,False,0.0,0.875
report_only_rho0.75_b3,10,2,truth,-0.35663841807909613,0.9441850571947109,0.9441850571947109,3.0616792337072134,-4.0,0.02077143808039483,True,True,False,0.08333333333333333,1.0
report_only_rho0.75_b3,10,2,alloc1,-0.011299435028248588,0.02144364177297086,0.02144364177297086,0.01184621619982831,-6.050000000000011,0.0053889457107604375,True,True,False,0.0,0.5416666666666666
report_only_rho0.75_b3,10,2,false_target,0.3679378531073446,1.121313919977109,1.121313919977109,5.0656903539514335,4.420000000000016,0.013362271900772778,True,True,False,0.0,0.875
report_only_rho0.75_b3,11,0,truth,-0.15466101694915246,0.28117994496323495,0.28117994496323495,0.5496397959304641,-2.930000000000007,0.02175973277485551,True,True,False,0.16666666666666666,1.0
report_only_rho0.75_b3,11,0,alloc1,-0.021892655367231638,0.024770806254726364,0.024770806254726364,0.015274735875158119,-3.180000000000007,0.015688924605493867,True,True,False,0.0,0.8333333333333334
report_only_rho0.75_b3,11,0,false_target,0.1765536723163842,0.6978562924186735,0.6978562924186735,2.653337276131529,5.759999999999991,0.005873960971491657,True,True,False,0.0,0.5833333333333334
report_only_rho0.75_b3,11,2,truth,-0.37853107344632775,1.1505036740905288,1.1505036740905288,3.2924525095731703,-4.740000000000009,0.02175973277485551,True,True,False,0.16666666666666666,1.0
report_only_rho0.75_b3,11,2,alloc1,-0.021892655367231638,0.024770806254726364,0.024770806254726364,0.015274735875158119,-3.180000000000007,0.015688924605493867,True,True,False,0.0,0.8333333333333334
report_only_rho0.75_b3,11,2,false_target,0.4004237288135593,2.304655231578987,2.304655231578987,13.648299961059982,8.629999999999995,0.005873960971491657,True,True,False,0.0,0.5833333333333334
report_only_rho0.75_b3,12,0,truth,-0.1384180790960452,0.1851002127295868,0.1851002127295868,0.3357594629603845,-2.180000000000007,0.02853168225209429,True,True,False,0.08333333333333333,1.0
report_only_rho0.75_b3,12,0,alloc1,-0.022598870056497175,0.033744965176315644,0.033744965176315644,0.0175814598958469,-5.1200000000000045,0.0145240762387168,True,True,False,0.0,0.8333333333333334
report_only_rho0.75_b3,12,0,false_target,0.16101694915254233,0.3122151578858089,0.3122151578858089,0.8980548863741964,2.900000000000034,0.014434784726280925,True,True,False,0.0,0.9166666666666666
report_only_rho0.75_b3,12,2,truth,-0.41878531073446323,1.069590348852116,1.069590348852116,3.0734454235359285,-3.990000000000009,0.02853168225209429,True,True,False,0.08333333333333333,1.0
report_only_rho0.75_b3,12,2,alloc1,-0.012005649717514123,0.006376540229024574,0.006376540229024574,0.004961954990136477,-1.2199999999999704,0.0145240762387168,True,True,False,0.0,0.8333333333333334
report_only_rho0.75_b3,12,2,false_target,0.43079096045197746,1.318163520979476,1.318163520979476,6.4282514469805845,4.439999999999998,0.014434784726280925,True,True,False,0.0,0.9166666666666666
report_only_rho0.75_b3,13,0,truth,-0.1694915254237288,0.2954126324574399,0.2954126324574399,0.6262024331323467,-2.759999999999991,0.02293777193324242,True,True,False,0.125,1.0
report_only_rho0.75_b3,13,0,alloc1,-0.01836158192090396,0.029743961442457265,0.029743961442457265,0.012683074526325602,-7.490000000000009,0.013291244561335151,True,True,False,0.0,0.875
report_only_rho0.75_b3,13,0,false_target,0.18785310734463276,0.5250973784412973,0.5250973784412973,1.700986641952262,4.1299999999999955,0.010373035586726405,True,True,False,0.0,0.75
report_only_rho0.75_b3,13,2,truth,-0.4470338983050848,1.333143826579831,1.333143826579831,4.356118519607064,-4.6299999999999955,0.02293777193324242,True,True,False,0.125,1.0
report_only_rho0.75_b3,13,2,alloc1,-0.014124293785310736,0.0119500916908062,0.0119500916908062,0.0075047778262281655,-2.3700000000000045,0.013291244561335151,True,True,False,0.0,0.875
report_only_rho0.75_b3,13,2,false_target,0.46115819209039555,1.955572046107727,1.955572046107727,10.250947100008796,6.28000000000003,0.010373035586726405,True,True,False,0.0,0.75
report_only_rho0.75_b3,14,0,truth,-0.16807909604519788,0.3782277233404776,0.3782277233404776,0.7837067528484761,-3.599999999999966,0.01802369472043639,True,True,False,0.2916666666666667,1.0
report_only_rho0.75_b3,14,0,alloc1,-0.011299435028248588,0.019789662003993215,0.019789662003993215,0.010650965674164233,-5.899999999999977,0.00599369277225794,True,True,False,0.0,0.5833333333333334
report_only_rho0.75_b3,14,0,false_target,0.17937853107344634,0.5780102552799723,0.5780102552799723,1.6339269495717303,4.850000000000023,0.009846418598610298,True,True,False,0.0,0.6666666666666666
report_only_rho0.75_b3,14,2,truth,-0.4392655367231638,1.7290636371979382,1.7290636371979382,5.352792941335875,-6.360000000000014,0.01802369472043639,True,True,False,0.2916666666666667,1.0
report_only_rho0.75_b3,14,2,alloc1,-0.005649717514124292,0.0033248899798586137,0.0033248899798586137,0.0026627414185410566,-1.329999999999984,0.00599369277225794,True,True,False,0.0,0.5833333333333334
report_only_rho0.75_b3,14,2,false_target,0.4449152542372881,2.2483805441582225,2.2483805441582225,10.051857001131808,7.740000000000009,0.009846418598610298,True,True,False,0.0,0.6666666666666666
report_only_rho0.75_b3,15,0,truth,-0.1426553672316384,0.3067991478307608,0.3067991478307608,0.5989429430159023,-3.4499999999999886,0.016988724917202415,True,True,False,0.25,1.0
report_only_rho0.75_b3,15,0,alloc1,-0.020480225988700567,0.04876328609441827,0.04876328609441827,0.01850370999802741,-15.0,0.011333934021689718,True,True,False,0.0,0.75
report_only_rho0.75_b3,15,0,false_target,0.163135593220339,0.753158139114549,0.753158139114549,2.1046612209591737,7.0,0.006322447886226379,True,True,False,0.0,0.5
report_only_rho0.75_b3,15,2,truth,-0.44774011299435024,1.8417266036326787,1.8417266036326787,5.900125223088424,-6.5,0.016988724917202415,True,True,False,0.25,1.0
report_only_rho0.75_b3,15,2,alloc1,-0.013418079096045202,0.011581880950242745,0.011581880950242745,0.007942734018178238,-2.2099999999999795,0.011333934021689718,True,True,False,0.0,0.75
report_only_rho0.75_b3,15,2,false_target,0.46115819209039555,3.8484295933414137,3.8484295933414137,16.818397079664557,17.350000000000023,0.006322447886226379,True,True,False,0.0,0.5
report_only_rho0.75_b12,1,0,truth,-0.04820261437908502,0.029780669460531095,0.029780669460531095,0.030842145628088263,-1.2099999999999795,0.03766748366013072,True,True,False,0.041666666666666664,0.875
report_only_rho0.75_b12,1,0,alloc1,0.018790849673202575,0.008173355599305706,0.008173355599305706,0.008610496928217394,0.8400000000000318,0.02050381263616557,True,True,False,0.041666666666666664,0.6666666666666666
report_only_rho0.75_b12,1,0,false_target,0.029411764705882387,0.0204793558947624,0.0204793558947624,0.021704616250326624,1.3400000000000318,0.019927832244008716,True,True,False,0.08333333333333333,0.6666666666666666
report_only_rho0.75_b12,1,2,truth,-0.02777777777777779,0.01010587494021601,0.01010587494021601,0.010242321271493821,-0.7199999999999704,0.03766748366013072,True,True,False,0.041666666666666664,0.875
report_only_rho0.75_b12,1,2,alloc1,-0.013071895424836583,0.00450245881798442,0.00450245881798442,0.0041668945437120155,-0.7099999999999795,0.02050381263616557,True,True,False,0.041666666666666664,0.6666666666666666
report_only_rho0.75_b12,1,2,false_target,0.04084967320261437,0.03848148738532279,0.03848148738532279,0.041868472705105256,1.8000000000000114,0.019927832244008716,True,True,False,0.08333333333333333,0.6666666666666666
report_only_rho0.75_b12,2,0,truth,-0.042483660130719136,0.018017574062806237,0.018017574062806237,0.01868782703697331,-0.8299999999999841,0.04828976034858387,True,True,False,0.041666666666666664,0.9583333333333334
report_only_rho0.75_b12,2,0,alloc1,-0.04575163398692808,0.04538706927240122,0.04538706927240122,0.037362796567197716,-2.1999999999999886,0.0280119825708061,True,True,False,0.0,0.6666666666666666
report_only_rho0.75_b12,2,0,false_target,0.08823529411764705,0.12991720399742057,0.12991720399742057,0.17354601647615883,2.6000000000000227,0.022430555555555554,True,True,False,0.041666666666666664,0.7916666666666666
report_only_rho0.75_b12,2,2,truth,-0.16584967320261446,0.2445747565246434,0.2445747565246434,0.2848027604906166,-2.769999999999982,0.04828976034858387,True,True,False,0.041666666666666664,0.9583333333333334
report_only_rho0.75_b12,2,2,alloc1,-0.06290849673202613,0.09405977164961618,0.09405977164961618,0.0706390372598582,-3.5500000000000114,0.0280119825708061,True,True,False,0.0,0.6666666666666666
report_only_rho0.75_b12,2,2,false_target,0.22875816993464057,0.6622288913025904,0.6622288913025904,1.1664958583445524,4.819999999999993,0.022430555555555554,True,True,False,0.041666666666666664,0.7916666666666666
report_only_rho0.75_b12,3,0,truth,-0.11274509803921606,0.09786714913952095,0.09786714913952095,0.11576505602240976,-1.6100000000000136,0.05490196078431372,True,True,False,0.08333333333333333,1.0
report_only_rho0.75_b12,3,0,alloc1,-0.071078431372549,0.12294024579679508,0.12294024579679508,0.07202776280569687,-5.149999999999977,0.035070806100217865,True,True,False,0.0,0.75
report_only_rho0.75_b12,3,0,false_target,0.18382352941176477,0.4182275321655065,0.4182275321655065,0.8212382179690334,3.6299999999999955,0.020573257080610027,True,True,False,0.0,0.8333333333333334
report_only_rho0.75_b12,3,2,truth,-0.2957516339869285,0.5676352092915374,0.5676352092915374,0.7965929427326508,-3.4699999999999704,0.05490196078431372,True,True,False,0.08333333333333333,1.0
report_only_rho0.75_b12,3,2,alloc1,-0.07598039215686272,0.15098056253113884,0.15098056253113884,0.08230520815252639,-6.349999999999966,0.035070806100217865,True,True,False,0.0,0.75
report_only_rho0.75_b12,3,2,false_target,0.37173202614379086,1.2618777605610771,1.2618777605610771,3.3583573743217583,5.28000000000003,0.020573257080610027,True,True,False,0.0,0.8333333333333334
report_only_rho0.75_b12,4,0,truth,-0.17483660130718948,0.3439130613364309,0.3439130613364309,0.4960670793265372,-3.4499999999999886,0.03081018518518519,True,True,False,0.25,1.0
report_only_rho0.75_b12,4,0,alloc1,-0.022875816993464054,0.032050251320695534,0.032050251320695534,0.02184345376208913,-3.490000000000009,0.011978485838779956,True,True,False,0.0,0.6666666666666666
report_only_rho0.75_b12,4,0,false_target,0.19771241830065356,0.7164620140367232,0.7164620140367232,1.356446944682238,5.970000000000027,0.014409041394335513,True,True,False,0.0,0.5833333333333334
report_only_rho0.75_b12,4,2,truth,-0.41911764705882354,1.5944620725233742,1.5944620725233742,2.850674233541916,-6.949999999999989,0.03081018518518519,True,True,False,0.25,1.0
report_only_rho0.75_b12,4,2,alloc1,-0.035130718954248366,0.10383769844989008,0.10383769844989008,0.051516002558804584,-9.079999999999984,0.011978485838779956,True,True,False,0.0,0.6666666666666666
report_only_rho0.75_b12,4,2,false_target,0.454248366013072,2.9774611739419514,2.9774611739419514,7.160142454260105,13.529999999999973,0.014409041394335513,True,True,False,0.0,0.5833333333333334
report_only_rho0.75_b12,5,0,truth,-0.18627450980392157,0.4539313888947008,0.4539313888947008,0.9393376932017279,-3.849999999999966,0.01846949891067538,True,True,False,0.20833333333333334,1.0
report_only_rho0.75_b12,5,0,alloc1,-0.013071895424836602,0.02760149572371963,0.02760149572371963,0.017453434781423003,-5.589999999999975,0.004895152505446623,True,True,False,0.0,0.4583333333333333
report_only_rho0.75_b12,5,0,false_target,0.1993464052287582,1.4677438115190484,1.4677438115190484,2.6720668124418796,13.490000000000009,0.007436002178649237,True,True,False,0.0,0.3333333333333333
report_only_rho0.75_b12,5,2,truth,-0.4264705882352942,1.6480520498756268,1.6480520498756268,4.923716758894654,-6.029999999999973,0.01846949891067538,True,True,False,0.20833333333333334,1.0
report_only_rho0.75_b12,5,2,alloc1,-0.012254901960784315,0.02332132760365483,0.02332132760365483,0.015339932913360065,-4.899999999999977,0.004895152505446623,True,True,False,0.0,0.4583333333333333
report_only_rho0.75_b12,5,2,false_target,0.4387254901960784,,82.4870444647884,12.942442129754301,500.0,0.007436002178649237,False,False,True,0.0,0.3333333333333333
report_only_rho0.75_b12,6,0,truth,-0.21078431372549022,0.613042224002756,0.613042224002756,1.3269382580197597,-4.659999999999968,0.01674155773420479,True,True,False,0.3333333333333333,1.0
report_only_rho0.75_b12,6,0,alloc1,-0.014705882352941178,0.03260977397778396,0.03260977397778396,0.01726718084494072,-7.029999999999973,0.006262254901960783,True,True,False,0.0,0.5416666666666666
report_only_rho0.75_b12,6,0,false_target,0.2254901960784314,1.0619063837709066,1.0619063837709066,3.358019466779519,7.110000000000014,0.007570806100217864,True,True,False,0.0,0.5416666666666666
report_only_rho0.75_b12,6,2,truth,-0.5032679738562094,2.5348971899970336,2.5348971899970336,7.564369383377595,-9.009999999999991,0.01674155773420479,True,True,False,0.3333333333333333,1.0
report_only_rho0.75_b12,6,2,alloc1,-0.00735294117647059,0.005477268228335822,0.005477268228335822,0.004316795211235181,-1.6899999999999977,0.006262254901960783,True,True,False,0.0,0.5416666666666666
report_only_rho0.75_b12,6,2,false_target,0.5106209150326797,,5.157315828802751,17.219680138242346,500.0,0.007570806100217864,False,False,True,0.0,0.5416666666666666
report_only_rho0.75_b12,7,0,truth,-0.25,0.7673834405970457,0.7673834405970457,2.1444589796299756,-4.659999999999968,0.01457244008714597,True,True,False,0.25,1.0
report_only_rho0.75_b12,7,0,alloc1,-0.0065359477124183,0.013872576631287617,0.013872576631287617,0.009184001469440236,-5.550000000000011,0.0023257080610021783,True,True,False,0.0,0.3333333333333333
report_only_rho0.75_b12,7,0,false_target,0.2565359477124183,1.8119713791682257,1.8119713791682257,4.626782744497377,11.840000000000032,0.007111928104575163,True,True,False,0.0,0.4166666666666667
report_only_rho0.75_b12,7,2,truth,-0.43382352941176483,1.7709642505189684,1.7709642505189684,6.457492827069161,-6.259999999999991,0.01457244008714597,True,True,False,0.25,1.0
report_only_rho0.75_b12,7,2,alloc1,0.005718954248366014,0.00589725282489307,0.00589725282489307,0.007031501125040182,1.8899999999999864,0.0023257080610021783,True,True,False,0.0,0.3333333333333333
report_only_rho0.75_b12,7,2,false_target,0.4281045751633986,,29.25862301834522,12.884939539668055,500.0,0.007111928104575163,False,False,True,0.0,0.4166666666666667
report_only_rho0.75_b12,8,0,truth,-0.26388888888888895,0.7757730943041392,0.7757730943041392,1.752627370344986,-4.75,0.019866557734204794,True,True,False,0.3333333333333333,1.0
report_only_rho0.75_b12,8,0,alloc1,-0.005718954248366015,0.006251724895941852,0.006251724895941852,0.004664001522939275,-2.599999999999966,0.0035062636165577345,True,True,False,0.0,0.4166666666666667
report_only_rho0.75_b12,8,0,false_target,0.2696078431372549,1.0649610965461327,1.0649610965461327,3.008473452500928,6.1200000000000045,0.012080610021786493,True,True,False,0.0,0.625
report_only_rho0.75_b12,8,2,truth,-0.5392156862745097,2.5726542808094113,2.5726542808094113,7.317663185904926,-9.159999999999968,0.019866557734204794,True,True,False,0.3333333333333333,1.0
report_only_rho0.75_b12,8,2,alloc1,0.004901960784313725,0.002999131037467555,0.002999131037467555,0.0034266133637921186,1.1399999999999864,0.0035062636165577345,True,True,False,0.0,0.4166666666666667
report_only_rho0.75_b12,8,2,false_target,0.5343137254901961,3.211173226305218,3.211173226305218,11.81609027740943,11.189999999999998,0.012080610021786493,True,True,False,0.0,0.625
report_only_rho0.75_b12,9,0,truth,-0.31781045751633996,0.8728323646395431,0.8728323646395431,2.0259179763017907,-4.4599999999999795,0.024927832244008713,True,True,False,0.2916666666666667,1.0
report_only_rho0.75_b12,9,0,alloc1,-0.009803921568627453,0.010612010959482311,0.010612010959482311,0.007056001128960184,-2.8600000000000136,0.006811002178649237,True,True,False,0.0,0.5833333333333334
report_only_rho0.75_b12,9,0,false_target,0.32761437908496727,1.2286510496309169,1.2286510496309169,3.688881486701756,5.8700000000000045,0.0145479302832244,True,True,False,0.0,0.6666666666666666
report_only_rho0.75_b12,9,2,truth,-0.5645424836601307,2.2988019055381743,2.2988019055381743,6.3926179528456375,-7.579999999999984,0.024927832244008713,True,True,False,0.2916666666666667,1.0
report_only_rho0.75_b12,9,2,alloc1,0.002450980392156861,0.0004228528873184003,0.0004228528873184003,0.00044100007056001073,0.34000000000003183,0.006811002178649237,True,True,False,0.0,0.5833333333333334
report_only_rho0.75_b12,9,2,false_target,0.562091503267974,2.982123369331993,2.982123369331993,10.858824997614176,9.980000000000018,0.0145479302832244,True,True,False,0.0,0.6666666666666666
report_only_rho0.75_b12,10,0,truth,-0.31209150326797375,0.7134594525980549,0.7134594525980549,1.7967289397422777,-3.569999999999993,0.027105119825708058,True,True,False,0.08333333333333333,1.0
report_only_rho0.75_b12,10,0,alloc1,0.0008169934640522864,5.6361525073134906e-05,5.6361525073134906e-05,5.656543716032438e-05,0.13999999999998636,0.005900054466230938,True,True,False,0.0,0.5416666666666666
report_only_rho0.75_b12,10,0,false_target,0.31127450980392163,0.8202042002426182,0.8202042002426182,2.6387804250232323,3.9499999999999886,0.018359204793028328,True,True,False,0.0,0.875
report_only_rho0.75_b12,10,2,truth,-0.5449346405228759,1.7054606944871786,1.7054606944871786,5.477816817473499,-4.96999999999997,0.027105119825708058,True,True,False,0.08333333333333333,1.0
report_only_rho0.75_b12,10,2,alloc1,-0.0024509803921568627,0.000559855708304276,0.000559855708304276,0.0005090889344429209,-0.47999999999996135,0.005900054466230938,True,True,False,0.0,0.5416666666666666
report_only_rho0.75_b12,10,2,false_target,0.5473856209150327,1.9149533014613496,1.9149533014613496,8.160239546385935,5.340000000000032,0.018359204793028328,True,True,False,0.0,0.875
report_only_rho0.75_b12,11,0,truth,-0.32352941176470595,0.8050139770006693,0.8050139770006693,1.7233239527259598,-4.060000000000002,0.030369008714596947,True,True,False,0.16666666666666666,1.0
report_only_rho0.75_b12,11,0,alloc1,-0.011437908496732027,0.004347710769074787,0.004347710769074787,0.003631631061859276,-0.8299999999999841,0.018011982570806103,True,True,False,0.0,0.8333333333333334
report_only_rho0.75_b12,11,0,false_target,0.3349673202614379,1.5071935368257696,1.5071935368257696,4.977767354374393,7.110000000000014,0.01127042483660131,True,True,False,0.0,0.5833333333333334
report_only_rho0.75_b12,11,2,truth,-0.5490196078431373,1.9349810517225625,1.9349810517225625,4.962666589300834,-6.079999999999984,0.030369008714596947,True,True,False,0.16666666666666666,1.0
report_only_rho0.75_b12,11,2,alloc1,-0.031862745098039214,0.06515260833622141,0.06515260833622141,0.028182198189224274,-9.819999999999993,0.018011982570806103,True,True,False,0.0,0.8333333333333334
report_only_rho0.75_b12,11,2,false_target,0.5808823529411765,,17.412217789587032,14.969458243609148,500.0,0.01127042483660131,False,False,True,0.0,0.5833333333333334
report_only_rho0.75_b12,12,0,truth,-0.2933006535947711,0.5608330816728189,0.5608330816728189,1.1602747618790388,-3.099999999999966,0.03707107843137255,True,True,False,0.08333333333333333,1.0
report_only_rho0.75_b12,12,0,alloc1,-0.018790849673202617,0.015622894681051859,0.015622894681051859,0.010644188715630741,-2.1200000000000045,0.01658632897603486,True,True,False,0.0,0.8333333333333334
report_only_rho0.75_b12,12,0,false_target,0.3120915032679739,0.7664476724698273,0.7664476724698273,2.4078151524511795,3.6899999999999977,0.0202260348583878,True,True,False,0.0,0.9166666666666666
report_only_rho0.75_b12,12,2,truth,-0.5465686274509804,1.542426630672553,1.542426630672553,4.029249716415493,-4.680000000000007,0.03707107843137255,True,True,False,0.08333333333333333,1.0
report_only_rho0.75_b12,12,2,alloc1,-0.02532679738562092,0.03675115806318799,0.03675115806318799,0.019336607477733726,-4.939999999999998,0.01658632897603486,True,True,False,0.0,0.8333333333333334
report_only_rho0.75_b12,12,2,false_target,0.5718954248366013,1.9053451030316957,1.9053451030316957,8.08523220786901,5.090000000000032,0.0202260348583878,True,True,False,0.0,0.9166666666666666
report_only_rho0.75_b12,13,0,truth,-0.30718954248366015,0.6816546757371051,0.6816546757371051,1.5291694789124828,-3.5600000000000023,0.030855119825708065,True,True,False,0.125,1.0
report_only_rho0.75_b12,13,0,alloc1,-0.022058823529411763,0.04673380031977484,0.04673380031977484,0.01594898425316748,-12.069999999999993,0.01525462962962963,True,True,False,0.0,0.875
report_only_rho0.75_b12,13,0,false_target,0.32924836601307195,1.0799944600673514,1.0799944600673514,3.326324680452945,5.03000000000003,0.01629493464052288,True,True,False,0.0,0.75
report_only_rho0.75_b12,13,2,truth,-0.5514705882352942,1.7556414524220874,1.7556414524220874,4.928190384715228,-5.300000000000011,0.030855119825708065,True,True,False,0.125,1.0
report_only_rho0.75_b12,13,2,alloc1,-0.02287581699346405,0.05783697683069772,0.05783697683069772,0.017152268387494243,-15.20999999999998,0.01525462962962963,True,True,False,0.0,0.875
report_only_rho0.75_b12,13,2,false_target,0.5743464052287581,2.5843327374126215,2.5843327374126215,10.12197349901772,7.470000000000027,0.01629493464052288,True,True,False,0.0,0.75
report_only_rho0.75_b12,14,0,truth,-0.29084967320261446,0.5885275618690649,0.5885275618690649,1.2140049672896094,-3.2799999999999727,0.0348406862745098,True,True,False,0.08333333333333333,1.0
report_only_rho0.75_b12,14,0,alloc1,-0.013888888888888888,0.029413772618935796,0.029413772618935796,0.013984863441921685,-8.46999999999997,0.006896786492374727,True,True,False,0.0,0.5833333333333334
report_only_rho0.75_b12,14,0,false_target,0.3047385620915033,0.6962151310108233,0.6962151310108233,1.7690519349470446,3.5500000000000114,0.026247276688453152,True,True,False,0.0,0.9166666666666666
report_only_rho0.75_b12,14,2,truth,-0.573529411764706,1.7841200116819507,1.7841200116819507,4.720572717303596,-5.25,0.0348406862745098,True,True,False,0.08333333333333333,1.0
report_only_rho0.75_b12,14,2,alloc1,-0.012254901960784314,0.0189904267677986,0.0189904267677986,0.010887869461703734,-4.819999999999993,0.006896786492374727,True,True,False,0.0,0.5833333333333334
report_only_rho0.75_b12,14,2,false_target,0.5857843137254902,1.9315390668402252,1.9315390668402252,6.536740292713892,5.28000000000003,0.026247276688453152,True,True,False,0.0,0.9166666666666666
report_only_rho0.75_b12,15,0,truth,-0.28104575163398693,0.5701134274511808,0.5701134274511808,1.1757234411053328,-3.2799999999999727,0.0335906862745098,True,True,False,0.08333333333333333,1.0
report_only_rho0.75_b12,15,0,alloc1,-0.022875816993464058,0.04672649674626386,0.04672649674626386,0.02004557299656772,-10.409999999999968,0.013052832244008715,True,True,False,0.0,0.75
report_only_rho0.75_b12,15,0,false_target,0.303921568627451,0.7337384894437504,0.7337384894437504,2.0525051170241175,3.680000000000007,0.02250136165577342,True,True,False,0.0,0.9166666666666666
report_only_rho0.75_b12,15,2,truth,-0.5702614379084967,1.7933029057983885,1.7933029057983885,4.840599339172209,-5.240000000000009,0.0335906862745098,True,True,False,0.08333333333333333,1.0
report_only_rho0.75_b12,15,2,alloc1,-0.02124183006535948,0.0339631835405087,0.0339631835405087,0.017284193042958897,-5.96999999999997,0.013052832244008715,True,True,False,0.0,0.75
report_only_rho0.75_b12,15,2,false_target,0.5915032679738561,2.026758097019609,2.026758097019609,7.774554299783451,5.340000000000032,0.02250136165577342,True,True,False,0.0,0.9166666666666666
report_only_rho0.75_b18,1,0,truth,-0.04009433962264153,0.024323853503600057,0.024323853503600057,0.025262577495662953,-1.1800000000000068,0.03181694484760523,True,True,False,0.041666666666666664,0.875
report_only_rho0.75_b18,1,0,alloc1,0.055817610062893125,0.08739691168237808,0.08739691168237808,0.10808319039451132,2.840000000000032,0.014412997903563941,True,True,False,0.0,0.5833333333333334
report_only_rho0.75_b18,1,0,false_target,-0.015723270440251624,0.005743213901704898,0.005743213901704898,0.005392909775582393,-0.75,0.02292095024995968,True,True,False,0.08333333333333333,0.6666666666666666
report_only_rho0.75_b18,1,2,truth,-0.05974842767295607,0.05270814383311477,0.05270814383311477,0.05610021054015746,-1.6999999999999886,0.03181694484760523,True,True,False,0.041666666666666664,0.875
report_only_rho0.75_b18,1,2,alloc1,0.04088050314465411,0.049380055831854876,0.049380055831854876,0.05797598627787313,2.230000000000018,0.014412997903563941,True,True,False,0.0,0.5833333333333334
report_only_rho0.75_b18,1,2,false_target,0.018867924528301827,0.007558448588549234,0.007558448588549234,0.007765790076838545,0.7800000000000296,0.02292095024995968,True,True,False,0.08333333333333333,0.6666666666666666
report_only_rho0.75_b18,2,0,truth,-0.17845911949685533,0.3013992453243255,0.3013992453243255,0.3652522448053774,-3.1299999999999955,0.043596798903402685,True,True,False,0.041666666666666664,0.9583333333333334
report_only_rho0.75_b18,2,0,alloc1,-0.01572327044025157,0.005739234661656915,0.005739234661656915,0.005309730898753642,-0.75,0.023280015320109655,True,True,False,0.0,0.5833333333333334
report_only_rho0.75_b18,2,0,false_target,0.19418238993710704,0.49771957907227954,0.49771957907227954,0.7898069192016269,4.350000000000023,0.023870897839058217,True,True,False,0.0,0.7916666666666666
report_only_rho0.75_b18,2,2,truth,-0.3286163522012578,0.9308377409689764,0.9308377409689764,1.2384935322124384,-5.259999999999991,0.043596798903402685,True,True,False,0.041666666666666664,0.9583333333333334
report_only_rho0.75_b18,2,2,alloc1,-0.008647798742138363,0.0016889793720317324,0.0016889793720317324,0.0016061935968729765,-0.39999999999997726,0.023280015320109655,True,True,False,0.0,0.5833333333333334
report_only_rho0.75_b18,2,2,false_target,0.33726415094339635,1.260444845920262,1.260444845920262,2.3825477424115546,6.2900000000000205,0.023870897839058217,True,True,False,0.0,0.7916666666666666
report_only_rho0.75_b18,3,0,truth,-0.2044025157232704,0.30668988848023815,0.30668988848023815,0.42806588551624347,-2.6499999999999773,0.04880135260441864,True,True,False,0.08333333333333333,1.0
report_only_rho0.75_b18,3,0,alloc1,-0.04874213836477985,0.05673448217754051,0.05673448217754051,0.03732652116105705,-3.0399999999999636,0.03182450411223996,True,True,False,0.0,0.9166666666666666
report_only_rho0.75_b18,3,0,false_target,0.2531446540880503,0.7012412730406732,0.7012412730406732,1.5818824736145976,4.329999999999984,0.020255049588776004,True,True,False,0.0,0.8333333333333334
report_only_rho0.75_b18,3,2,truth,-0.40330188679245277,1.012626369752303,1.012626369752303,1.6664744234530222,-4.449999999999989,0.04880135260441864,True,True,False,0.08333333333333333,1.0
report_only_rho0.75_b18,3,2,alloc1,-0.03459119496855345,0.024543278641645905,0.024543278641645905,0.018799205246567766,-1.6499999999999773,0.03182450411223996,True,True,False,0.0,0.9166666666666666
report_only_rho0.75_b18,3,2,false_target,0.4378930817610063,1.6447383001807274,1.6447383001807274,4.733396238151068,5.8700000000000045,0.020255049588776004,True,True,False,0.0,0.8333333333333334
report_only_rho0.75_b18,4,0,truth,-0.21383647798742145,0.6184225672183119,0.6184225672183119,0.9348350951949588,-5.069999999999993,0.024456740848250284,True,True,False,0.3333333333333333,1.0
report_only_rho0.75_b18,4,0,alloc1,-0.009433962264150955,0.008663636352944648,0.008663636352944648,0.00756981455571822,-1.9599999999999795,0.005878588130946622,True,True,False,0.0,0.375
report_only_rho0.75_b18,4,0,false_target,0.22327044025157228,0.8741667996420671,0.8741667996420671,1.7047434011039477,6.460000000000036,0.014620877681019188,True,True,False,0.0,0.5833333333333334
report_only_rho0.75_b18,4,2,truth,-0.4465408805031448,2.3564315417779924,2.3564315417779924,4.076560306987705,-10.819999999999993,0.024456740848250284,True,True,False,0.3333333333333333,1.0
report_only_rho0.75_b18,4,2,alloc1,-0.0047169811320754915,0.002037513202032266,0.002037513202032266,0.0018924536389295663,-0.8899999999999864,0.005878588130946622,True,True,False,0.0,0.375
report_only_rho0.75_b18,4,2,false_target,0.4512578616352201,2.938228486413902,2.938228486413902,6.963797322234235,13.190000000000055,0.014620877681019188,True,True,False,0.0,0.5833333333333334
report_only_rho0.75_b18,5,0,truth,-0.23191823899371045,1.837294738373489,1.837294738373489,2.88144637108276,-16.980000000000018,0.009333172069021126,True,True,False,0.6666666666666666,1.0
report_only_rho0.75_b18,5,0,alloc1,-0.006289308176100633,0.015391598594494654,0.015391598594494654,0.012029205523024663,-5.550000000000011,0.0016441400580551528,True,True,False,0.0,0.25
report_only_rho0.75_b18,5,0,false_target,0.2382075471698113,2.233603892255647,2.233603892255647,4.163281323580195,19.720000000000027,0.006814677068214804,True,True,False,0.0,0.3333333333333333
report_only_rho0.75_b18,5,2,truth,-0.4992138364779874,,120.50852585431903,13.35100503280492,-500.0,0.009333172069021126,False,False,True,0.6666666666666666,1.0
report_only_rho0.75_b18,5,2,alloc1,0.0031446540880503172,0.0028022429217755074,0.0028022429217755074,0.0030073013807561675,1.7100000000000364,0.0016441400580551528,True,True,False,0.0,0.25
report_only_rho0.75_b18,5,2,false_target,0.496069182389937,,110.10236738345864,18.05548753475165,500.0,0.006814677068214804,False,False,True,0.0,0.3333333333333333
report_only_rho0.75_b18,6,0,truth,-0.19575471698113212,0.8393977160159853,0.8393977160159853,2.18345907434748,-6.649999999999977,0.008775046363489757,True,True,False,0.4583333333333333,1.0
report_only_rho0.75_b18,6,0,alloc1,-0.004716981132075471,0.018909901733853724,0.018909901733853724,0.015740086772273225,-8.800000000000011,0.0007067912433478472,True,True,False,0.0,0.125
report_only_rho0.75_b18,6,0,false_target,0.20047169811320759,0.8996010333594799,0.8996010333594799,2.7888666378539613,6.75,0.007205239074342846,True,True,False,0.0,0.5416666666666666
report_only_rho0.75_b18,6,2,truth,-0.5440251572327044,,27.16211581292316,16.863920681574992,-500.0,0.008775046363489757,False,False,True,0.4583333333333333,1.0
report_only_rho0.75_b18,6,2,alloc1,0.007861635220125786,0.036784732069452195,0.036784732069452195,0.04372246325631453,8.610000000000014,0.0007067912433478472,True,True,False,0.0,0.125
report_only_rho0.75_b18,6,2,false_target,0.5361635220125786,,16.941990026759697,19.948770566169703,500.0,0.007205239074342846,False,False,True,0.0,0.5416666666666666
report_only_rho0.75_b18,7,0,truth,-0.17531446540880513,1.4796923505672934,1.4796923505672934,3.401472182175971,-13.920000000000016,0.0045179204966940825,True,True,False,0.6666666666666666,1.0
report_only_rho0.75_b18,7,0,alloc1,-0.0015723270440251569,0.005994486947385431,0.005994486947385431,0.005450733752620543,-7.949999999999989,0.00022677793904208996,True,True,False,0.0,0.041666666666666664
report_only_rho0.75_b18,7,0,false_target,0.1768867924528302,1.51515178330222,1.51515178330222,3.8313646498576612,13.81000000000006,0.004083262780196743,True,True,False,0.0,0.3333333333333333
report_only_rho0.75_b18,7,2,truth,-0.5731132075471699,,142.33507178776597,36.350656115501586,-500.0,0.0045179204966940825,False,False,True,0.6666666666666666,1.0
report_only_rho0.75_b18,7,2,alloc1,0.01650943396226415,0.42002200494825404,0.42002200494825404,0.6009433962264151,46.0,0.00022677793904208996,True,True,False,0.0,0.041666666666666664
report_only_rho0.75_b18,7,2,false_target,0.5566037735849055,,130.93570071858352,37.93629965128394,500.0,0.004083262780196743,False,False,True,0.0,0.3333333333333333
report_only_rho0.75_b18,8,0,truth,-0.22169811320754707,0.7216885516343494,0.7216885516343494,1.9272687276408276,-5.009999999999991,0.012751219561361068,True,True,False,0.3333333333333333,1.0
report_only_rho0.75_b18,8,0,alloc1,0.0015723270440251578,0.005772684614520787,0.005772684614520787,0.0060939880464080665,7.100000000000023,0.0002028402676987583,True,True,False,0.0,0.041666666666666664
report_only_rho0.75_b18,8,0,false_target,0.22012578616352202,0.7878397641399357,0.7878397641399357,2.1760992055273607,5.490000000000009,0.011133536929527494,True,True,False,0.0,0.625
report_only_rho0.75_b18,8,2,truth,-0.5440251572327044,2.9574759607089587,2.9574759607089587,11.60529666506964,-9.490000000000009,0.012751219561361068,True,True,False,0.3333333333333333,1.0
report_only_rho0.75_b18,8,2,alloc1,0.007075471698113207,0.09756769972001425,0.09756769972001425,0.12340325793976323,25.07000000000005,0.0002028402676987583,True,True,False,0.0,0.041666666666666664
report_only_rho0.75_b18,8,2,false_target,0.5369496855345912,3.224487414497935,3.224487414497935,12.948040080194554,10.970000000000027,0.011133536929527494,True,True,False,0.0,0.625
report_only_rho0.75_b18,9,0,truth,-0.24371069182389948,0.7130918723933048,0.7130918723933048,1.828255496254368,-4.560000000000002,0.01624359982260926,True,True,False,0.2916666666666667,1.0
report_only_rho0.75_b18,9,0,alloc1,0.001572327044025156,0.002252592674670184,0.002252592674670184,0.00239300506212609,2.759999999999991,0.0005165497500403159,True,True,False,0.0,0.125
report_only_rho0.75_b18,9,0,false_target,0.24213836477987424,0.7768519929566973,0.7768519929566973,2.102134637445731,4.970000000000027,0.013945583373649413,True,True,False,0.0,0.6666666666666666
report_only_rho0.75_b18,9,2,truth,-0.6092767295597485,3.1380917890567526,3.1380917890567526,11.426596851589792,-10.129999999999995,0.01624359982260926,True,True,False,0.2916666666666667,1.0
report_only_rho0.75_b18,9,2,alloc1,0.004716981132075468,0.017798607773371375,0.017798607773371375,0.02153704555913481,6.889999999999986,0.0005165497500403159,True,True,False,0.0,0.125
report_only_rho0.75_b18,9,2,false_target,0.6045597484276729,3.4747548630289975,3.4747548630289975,13.104238081195652,13.600000000000023,0.013945583373649413,True,True,False,0.0,0.6666666666666666
report_only_rho0.75_b18,10,0,truth,-0.24764150943396224,0.5506787791870142,0.5506787791870142,1.559741575696604,-3.3600000000000136,0.019659127560070953,True,True,False,0.08333333333333333,1.0
report_only_rho0.75_b18,10,0,alloc1,0.002358490566037736,0.0070230392306656515,0.0070230392306656515,0.007718696397941686,5.650000000000034,0.0003603249475890984,True,True,False,0.0,0.08333333333333333
report_only_rho0.75_b18,10,0,false_target,0.24528301886792453,0.5811238923298933,0.5811238923298933,1.7041488964869922,3.5600000000000023,0.017652142799548458,True,True,False,0.0,0.875
report_only_rho0.75_b18,10,2,truth,-0.5683962264150946,1.9162901459127435,1.9162901459127435,8.21690253587615,-5.139999999999986,0.019659127560070953,True,True,False,0.08333333333333333,1.0
report_only_rho0.75_b18,10,2,alloc1,0.0031446540880503146,0.012085183077340125,0.012085183077340125,0.013722126929674104,7.199999999999989,0.0003603249475890984,True,True,False,0.0,0.08333333333333333
report_only_rho0.75_b18,10,2,false_target,0.565251572327044,2.0291010170977204,2.0291010170977204,9.050157356147395,5.480000000000018,0.017652142799548458,True,True,False,0.0,0.875
report_only_rho0.75_b18,11,0,truth,-0.23899371069182418,0.7551116283271812,0.7551116283271812,1.827775800007915,-5.019999999999982,0.015625000000000003,True,True,False,0.375,1.0
report_only_rho0.75_b18,11,0,alloc1,-0.0055031446540880526,0.00653463762560097,0.00653463762560097,0.005045704418357811,-2.740000000000009,0.003001028059990326,True,True,False,0.0,0.375
report_only_rho0.75_b18,11,0,false_target,0.24449685534591192,0.9321886163037747,0.9321886163037747,2.7471073260681482,5.900000000000034,0.010880301564263827,True,True,False,0.0,0.5833333333333334
report_only_rho0.75_b18,11,2,truth,-0.5746855345911952,3.4593537292397922,3.4593537292397922,10.56843083738777,-32.360000000000014,0.015625000000000003,True,True,False,0.375,1.0
report_only_rho0.75_b18,11,2,alloc1,-0.0023584905660377353,0.0010327203491121333,0.0010327203491121333,0.0009267620360249028,-0.9200000000000159,0.003001028059990326,True,True,False,0.0,0.375
report_only_rho0.75_b18,11,2,false_target,0.5770440251572326,,14.583499460721896,15.30195670602218,500.0,0.010880301564263827,False,False,True,0.0,0.5833333333333334
report_only_rho0.75_b18,12,0,truth,-0.2617924528301887,0.58379206930622,0.58379206930622,1.5674055598020682,-3.409999999999968,0.021862653201096597,True,True,False,0.08333333333333333,1.0
report_only_rho0.75_b18,12,0,alloc1,-0.005503144654088052,0.012953447149039642,0.012953447149039642,0.009486083602626916,-5.659999999999968,0.0015962647153684897,True,True,False,0.0,0.25
report_only_rho0.75_b18,12,0,false_target,0.26729559748427667,0.6135987651519462,0.6135987651519462,1.8318183979024527,3.4499999999999886,0.019501642880180615,True,True,False,0.0,0.9166666666666666
report_only_rho0.75_b18,12,2,truth,-0.584119496855346,1.9802216690788974,1.9802216690788974,7.803160564917819,-5.259999999999991,0.021862653201096597,True,True,False,0.08333333333333333,1.0
report_only_rho0.75_b18,12,2,alloc1,0.0015723270440251569,0.0007434858200537994,0.0007434858200537994,0.0007743741716430128,0.9200000000000159,0.0015962647153684897,True,True,False,0.0,0.25
report_only_rho0.75_b18,12,2,false_target,0.5825471698113208,1.9719618662406382,1.9719618662406382,8.700836312618316,5.160000000000025,0.019501642880180615,True,True,False,0.0,0.9166666666666666
report_only_rho0.75_b18,13,0,truth,-0.30188679245283023,0.9493160193245558,0.9493160193245558,2.730106644790813,-4.849999999999966,0.016690856313497825,True,True,False,0.25,1.0
report_only_rho0.75_b18,13,0,alloc1,-0.006289308176100629,0.06154382654045214,0.06154382654045214,0.044596912521440824,-23.980000000000018,0.00044347685857119823,True,True,False,0.0,0.08333333333333333
report_only_rho0.75_b18,13,0,false_target,0.3081761006289308,0.984976115274845,0.984976115274845,3.012642459541264,4.8799999999999955,0.015762326640864376,True,True,False,0.0,0.75
report_only_rho0.75_b18,13,2,truth,-0.5463836477987422,2.406481498044866,2.406481498044866,8.943072930908759,-7.25,0.016690856313497825,True,True,False,0.25,1.0
report_only_rho0.75_b18,13,2,alloc1,0.0007861635220125784,0.0006917667810581531,0.0006917667810581531,0.0006968267581475124,1.740000000000009,0.00044347685857119823,True,True,False,0.0,0.08333333333333333
report_only_rho0.75_b18,13,2,false_target,0.5455974842767295,2.388340391703225,2.388340391703225,9.442661024336317,7.079999999999984,0.015762326640864376,True,True,False,0.0,0.75
report_only_rho0.75_b18,14,0,truth,-0.27279874213836486,0.5943485121447689,0.5943485121447689,1.4622379947949276,-3.3899999999999864,0.025447004515400738,True,True,False,0.08333333333333333,1.0
report_only_rho0.75_b18,14,0,alloc1,-0.0015723270440251569,0.004712096442095257,0.004712096442095257,0.004210867276702565,-6.300000000000011,0.00029355144331559427,True,True,False,0.0,0.08333333333333333
report_only_rho0.75_b18,14,0,false_target,0.27437106918239,0.5954983073589777,0.5954983073589777,1.4898377789424075,3.3700000000000045,0.025264322286727942,True,True,False,0.0,0.9166666666666666
report_only_rho0.75_b18,14,2,truth,-0.5864779874213837,1.956670903664217,1.956670903664217,6.758289163694521,-5.329999999999984,0.025447004515400738,True,True,False,0.08333333333333333,1.0
report_only_rho0.75_b18,14,2,alloc1,0.0015723270440251578,0.003969058319440558,0.003969058319440558,0.00421086727670257,4.8700000000000045,0.00029355144331559427,True,True,False,0.0,0.08333333333333333
report_only_rho0.75_b18,14,2,false_target,0.5849056603773585,1.9285667197774274,1.9285667197774274,6.770706683891462,5.240000000000009,0.025264322286727942,True,True,False,0.0,0.9166666666666666
report_only_rho0.75_b18,15,0,truth,-0.30660377358490565,0.7509040614093501,0.7509040614093501,2.0057821059038345,-3.75,0.02343372036768263,True,True,False,0.08333333333333333,1.0
report_only_rho0.75_b18,15,0,alloc1,-0.007075471698113208,0.018578835252150483,0.018578835252150483,0.011056162787034994,-7.729999999999961,0.0022639997581035323,True,True,False,0.0,0.3333333333333333
report_only_rho0.75_b18,15,0,false_target,0.3136792452830189,0.7773829446717091,0.7773829446717091,2.272157679901807,3.759999999999991,0.021652253668763107,True,True,False,0.0,0.9166666666666666
report_only_rho0.75_b18,15,2,truth,-0.5511006289308178,1.8446678625333295,1.8446678625333295,6.480232298640703,-5.199999999999989,0.02343372036768263,True,True,False,0.08333333333333333,1.0
report_only_rho0.75_b18,15,2,alloc1,-0.0015723270440251569,0.0005989831454606285,0.0005989831454606285,0.0005459833475079006,-0.7899999999999636,0.0022639997581035323,True,True,False,0.0,0.3333333333333333
report_only_rho0.75_b18,15,2,false_target,0.5526729559748427,1.8348106513339837,1.8348106513339837,7.053478149173633,5.100000000000023,0.021652253668763107,True,True,False,0.0,0.9166666666666666
report_only_rho1.00_b3,1,0,truth,-0.01785714285714285,0.004009634337346869,0.004009634337346869,0.003974108083697121,-0.44999999999998863,0.040119385822510824,True,True,False,0.08333333333333333,0.8333333333333334
report_only_rho1.00_b3,1,0,alloc1,0.015625,0.005006267656560068,0.005006267656560068,0.005098467369808833,0.6299999999999955,0.02394255050505051,True,True,False,0.041666666666666664,0.6666666666666666
report_only_rho1.00_b3,1,0,false_target,0.002232142857142849,8.714836846605817e-05,8.714836846605817e-05,8.597356113258556e-05,0.07999999999998408,0.028976709054834054,True,True,False,0.041666666666666664,0.6666666666666666
report_only_rho1.00_b3,1,2,truth,0.0513392857142857,0.03458560854719852,0.03458560854719852,0.032848487129309024,1.3700000000000045,0.040119385822510824,True,True,False,0.08333333333333333,0.8333333333333334
report_only_rho1.00_b3,1,2,alloc1,-0.02752976190476189,0.017358581771652025,0.017358581771652025,0.015827215032354385,-1.3100000000000023,0.02394255050505051,True,True,False,0.041666666666666664,0.6666666666666666
report_only_rho1.00_b3,1,2,false_target,-0.023809523809523808,0.010411961819038014,0.010411961819038014,0.009781880733307581,-0.8999999999999773,0.028976709054834054,True,True,False,0.041666666666666664,0.6666666666666666
report_only_rho1.00_b3,2,0,truth,0.0014880952380952328,1.9383506139124194e-05,1.9383506139124194e-05,1.933732737040461e-05,0.03000000000002956,0.05725784632034633,True,True,False,0.08333333333333333,0.9583333333333334
report_only_rho1.00_b3,2,0,alloc1,-0.0461309523809524,0.031330813729318875,0.031330813729318875,0.02705340763913914,-1.4599999999999795,0.039330808080808084,True,True,False,0.0,0.75
report_only_rho1.00_b3,2,0,false_target,0.04464285714285712,0.03335618018184018,0.03335618018184018,0.03897736005946603,1.3799999999999955,0.02556592712842713,True,True,False,0.0,0.875
report_only_rho1.00_b3,2,2,truth,0.029017857142857206,0.007745911626521457,0.007745911626521457,0.007353018732596437,0.5400000000000205,0.05725784632034633,True,True,False,0.08333333333333333,0.9583333333333334
report_only_rho1.00_b3,2,2,alloc1,-0.07142857142857145,0.08262628001956542,0.08262628001956542,0.06486061519310778,-2.670000000000016,0.039330808080808084,True,True,False,0.0,0.75
report_only_rho1.00_b3,2,2,false_target,0.0424107142857143,0.03033284287788192,0.03033284287788192,0.03517706745366815,1.329999999999984,0.02556592712842713,True,True,False,0.0,0.875
report_only_rho1.00_b3,3,0,truth,0.0014880952380951218,2.2103751665847012e-05,2.2103751665847012e-05,2.1645498680801863e-05,0.03000000000002956,0.05115214646464646,True,True,False,0.08333333333333333,1.0
report_only_rho1.00_b3,3,0,alloc1,-0.053571428571428575,0.06298729204846727,0.06298729204846727,0.0475834445927904,-2.75,0.030156475468975465,True,True,False,0.0,0.8333333333333334
report_only_rho1.00_b3,3,0,false_target,0.05208333333333333,0.061102908837361365,0.061102908837361365,0.0815567380694143,2.0600000000000023,0.01663059163059163,True,True,False,0.0,0.75
report_only_rho1.00_b3,3,2,truth,0.0357142857142857,0.013738117347486145,0.013738117347486145,0.01246780724014381,0.8000000000000114,0.05115214646464646,True,True,False,0.08333333333333333,1.0
report_only_rho1.00_b3,3,2,alloc1,-0.06994047619047619,0.12068126886000483,0.12068126886000483,0.08110480640854474,-4.420000000000016,0.030156475468975465,True,True,False,0.0,0.8333333333333334
report_only_rho1.00_b3,3,2,false_target,0.03422619047619048,0.02883364317526383,0.02883364317526383,0.035219195460179736,1.5300000000000296,0.01663059163059163,True,True,False,0.0,0.75
report_only_rho1.00_b3,4,0,truth,-0.005952380952380931,0.0004312986975650056,0.0004312986975650056,0.00043376677149363334,-0.13999999999998636,0.04084088654401155,True,True,False,0.08333333333333333,1.0
report_only_rho1.00_b3,4,0,alloc1,-0.05729166666666667,0.12076572797358179,0.12076572797358179,0.06451215323938671,-6.439999999999998,0.025439664502164498,True,True,False,0.0,0.875
report_only_rho1.00_b3,4,0,false_target,0.06324404761904763,0.1406686066843533,0.1406686066843533,0.22231913474707515,3.730000000000018,0.00899564844877345,True,True,False,0.0,0.5416666666666666
report_only_rho1.00_b3,4,2,truth,0.0007440476190475609,6.88421541837505e-06,6.88421541837505e-06,6.7776058045870095e-06,0.020000000000038654,0.04084088654401155,True,True,False,0.08333333333333333,1.0
report_only_rho1.00_b3,4,2,alloc1,-0.06101190476190477,0.14721561148159867,0.14721561148159867,0.07316237449513176,-7.839999999999975,0.025439664502164498,True,True,False,0.0,0.875
report_only_rho1.00_b3,4,2,false_target,0.06026785714285715,0.12972054629604174,0.12972054629604174,0.20188731392049275,3.6299999999999955,0.00899564844877345,True,True,False,0.0,0.5416666666666666
report_only_rho1.00_b3,5,0,truth,0.014880952380952439,0.004408593256324902,0.004408593256324902,0.003934315529244155,0.6200000000000045,0.02814247384559885,True,True,False,0.20833333333333334,1.0
report_only_rho1.00_b3,5,0,alloc1,-0.049107142857142856,0.13439943141529653,0.13439943141529653,0.05538284856195999,-12.039999999999964,0.02177128427128427,True,True,False,0.0,0.75
report_only_rho1.00_b3,5,0,false_target,0.03422619047619048,0.1658484462494395,0.1658484462494395,0.23493265721391438,8.400000000000034,0.0024931231962481955,True,True,False,0.0,0.25
report_only_rho1.00_b3,5,2,truth,-0.04538690476190488,0.030150719342965395,0.030150719342965395,0.036598970210793655,-1.2099999999999795,0.02814247384559885,True,True,False,0.20833333333333334,1.0
report_only_rho1.00_b3,5,2,alloc1,-0.04538690476190476,0.09776735844994983,0.09776735844994983,0.04730936168481477,-8.009999999999991,0.02177128427128427,True,True,False,0.0,0.75
report_only_rho1.00_b3,5,2,false_target,0.0907738095238095,0.8521564235036472,0.8521564235036472,1.6525225283421077,15.370000000000005,0.0024931231962481955,True,True,False,0.0,0.25
report_only_rho1.00_b3,6,0,truth,-0.014136904761904767,0.006215103331882512,0.006215103331882512,0.00681519243865469,-0.839999999999975,0.014662247474747479,True,True,False,0.4166666666666667,1.0
report_only_rho1.00_b3,6,0,alloc1,-0.029017857142857137,0.09050288960977779,0.09050288960977779,0.04533379721152844,-11.259999999999991,0.009287067099567099,True,True,False,0.0,0.5416666666666666
report_only_rho1.00_b3,6,0,false_target,0.04315476190476191,0.1887887442556548,0.1887887442556548,0.38961421832884113,6.8799999999999955,0.0023899711399711396,True,True,False,0.0,0.3333333333333333
report_only_rho1.00_b3,6,2,truth,-0.0736607142857143,0.12444108012382958,0.12444108012382958,0.1850296429120626,-2.8999999999999773,0.014662247474747479,True,True,False,0.4166666666666667,1.0
report_only_rho1.00_b3,6,2,alloc1,-0.02083333333333333,0.03441585778835121,0.03441585778835121,0.02336732216557416,-4.21999999999997,0.009287067099567099,True,True,False,0.0,0.5416666666666666
report_only_rho1.00_b3,6,2,false_target,0.09449404761904762,0.6260639806967557,0.6260639806967557,1.8680403470350406,9.900000000000034,0.0023899711399711396,True,True,False,0.0,0.3333333333333333
report_only_rho1.00_b3,7,0,truth,0.0022321428571429047,0.00023378293045358373,0.00023378293045358373,0.00022280917811771762,0.21000000000003638,0.01118100649350649,True,True,False,0.4583333333333333,1.0
report_only_rho1.00_b3,7,0,alloc1,-0.020833333333333332,0.10870231464977098,0.10870231464977098,0.035441406609592184,-37.55000000000001,0.006123173701298702,True,True,False,0.0,0.5
report_only_rho1.00_b3,7,0,false_target,0.01860119047619048,0.058279377513264057,0.058279377513264057,0.09159046340111693,5.259999999999991,0.001888866341991343,True,True,False,0.0,0.2916666666666667
report_only_rho1.00_b3,7,2,truth,-0.17336309523809512,0.5674736744084397,0.5674736744084397,1.3440097189813602,-5.149999999999977,0.01118100649350649,True,True,False,0.4583333333333333,1.0
report_only_rho1.00_b3,7,2,alloc1,-0.011904761904761906,0.01647478354332892,0.01647478354332892,0.011572704199050514,-3.4399999999999977,0.006123173701298702,True,True,False,0.0,0.5
report_only_rho1.00_b3,7,2,false_target,0.18526785714285712,2.0396979549249052,2.0396979549249052,9.085920514132237,16.66999999999996,0.001888866341991343,True,True,False,0.0,0.2916666666666667
report_only_rho1.00_b3,8,0,truth,-0.013392857142857095,0.01653865813906865,0.01653865813906865,0.021228438006289763,-2.2099999999999795,0.004224724927849927,True,True,False,0.5833333333333334,1.0
report_only_rho1.00_b3,8,0,alloc1,-0.012648809523809522,,0.1541506797152863,0.034321558127483144,-500.0,0.0023307855339105344,False,False,True,0.0,0.3333333333333333
report_only_rho1.00_b3,8,0,false_target,0.026041666666666664,0.34366373745143697,0.34366373745143697,0.7230318509615385,20.909999999999968,0.0004689754689754688,True,True,False,0.0,0.125
report_only_rho1.00_b3,8,2,truth,-0.1517857142857142,0.8613037374589192,0.8613037374589192,2.7266749261412344,-8.539999999999964,0.004224724927849927,True,True,False,0.5833333333333334,1.0
report_only_rho1.00_b3,8,2,alloc1,-0.007440476190476189,0.018687265608327168,0.018687265608327168,0.01187597167040939,-6.800000000000011,0.0023307855339105344,True,True,False,0.0,0.3333333333333333
report_only_rho1.00_b3,8,2,false_target,0.15922619047619047,,24.114637404125084,27.030176854395613,500.0,0.0004689754689754688,False,False,True,0.0,0.125
report_only_rho1.00_b3,9,0,truth,-0.022321428571428492,0.17497071464929442,0.17497071464929442,0.2978195995379263,-12.899999999999977,0.0008364898989898988,True,True,False,0.8333333333333334,1.0
report_only_rho1.00_b3,9,0,alloc1,-0.006696428571428571,,0.11332868523534145,0.04566795145153354,-500.0,0.0004909586940836941,False,False,True,0.0,0.125
report_only_rho1.00_b3,9,0,false_target,0.029017857142857144,1.3986794276783987,1.3986794276783987,2.929096638655463,86.91999999999996,0.00014373647186147182,True,True,False,0.0,0.041666666666666664
report_only_rho1.00_b3,9,2,truth,-0.17782738095238082,,14.814042166925617,18.90194816133998,-500.0,0.0008364898989898988,False,False,True,0.8333333333333334,1.0
report_only_rho1.00_b3,9,2,alloc1,0.0014880952380952389,0.0021202201481804787,0.0021202201481804787,0.0022552074790880786,2.740000000000009,0.0004909586940836941,True,True,False,0.0,0.125
report_only_rho1.00_b3,9,2,false_target,0.1763392857142857,,71.61234234059272,108.1685924369748,500.0,0.00014373647186147182,False,False,True,0.0,0.041666666666666664
report_only_rho1.00_b3,10,0,truth,-0.02529761904761907,0.5559010251425223,0.5559010251425223,0.8460187353629998,-38.289999999999964,0.00037822420634920604,True,True,False,0.9166666666666666,1.0
report_only_rho1.00_b3,10,0,alloc1,-0.002976190476190476,0.04541924060809685,0.04541924060809685,0.030812324929971997,-40.44,0.0001437364718614718,True,True,False,0.0,0.041666666666666664
report_only_rho1.00_b3,10,0,false_target,0.02827380952380952,1.1567327517907027,1.1567327517907027,1.846633184523809,79.63,0.00021645021645021645,True,True,False,0.0,0.041666666666666664
report_only_rho1.00_b3,10,2,truth,-0.18154761904761918,,57.96880406183402,43.57142857142867,-500.0,0.00037822420634920604,False,False,True,0.9166666666666666,1.0
report_only_rho1.00_b3,10,2,alloc1,0.005952380952380951,0.09079913373676364,0.09079913373676364,0.12324929971988798,27.029999999999973,0.0001437364718614718,True,True,False,0.0,0.041666666666666664
report_only_rho1.00_b3,10,2,false_target,0.1755952380952381,,71.88638633415687,71.22581845238096,500.0,0.00021645021645021645,False,False,True,0.0,0.041666666666666664
report_only_rho1.00_b3,11,0,truth,-0.02604166666666685,0.05937427180835873,0.05937427180835873,0.10149527585625254,-3.75,0.003340886544011543,True,True,False,0.5833333333333334,1.0
report_only_rho1.00_b3,11,0,alloc1,-0.007440476190476191,0.035467960508378915,0.035467960508378915,0.013524412794586306,-27.730000000000018,0.0020466946248196244,True,True,False,0.0,0.3333333333333333
report_only_rho1.00_b3,11,0,false_target,0.033482142857142856,0.9489696752663195,0.9489696752663195,2.413639909847434,44.430000000000064,0.0002322330447330447,True,True,False,0.0,0.08333333333333333
report_only_rho1.00_b3,11,2,truth,-0.17336309523809545,1.0835217903555443,1.0835217903555443,4.49802206608982,-9.129999999999995,0.003340886544011543,True,True,False,0.5833333333333334,1.0
report_only_rho1.00_b3,11,2,alloc1,-0.004464285714285715,0.006752975256305329,0.006752975256305329,0.00486878860605107,-3.6999999999999886,0.0020466946248196244,True,True,False,0.0,0.3333333333333333
report_only_rho1.00_b3,11,2,false_target,0.17782738095238093,,53.50451835381871,68.08371619278779,500.0,0.0002322330447330447,False,False,True,0.0,0.08333333333333333
report_only_rho1.00_b3,12,0,truth,-0.03422619047619058,0.9960333821376912,0.9960333821376912,2.83135461268978,-44.81999999999999,0.00020686778499278495,True,True,False,0.9166666666666666,1.0
report_only_rho1.00_b3,12,0,alloc1,-0.001488095238095238,0.007809796385114084,0.007809796385114084,0.006138392857142859,-12.0,0.0001803751803751803,True,True,False,0.0,0.08333333333333333
report_only_rho1.00_b3,12,0,false_target,0.03571428571428571,3.1476648808817043,3.1476648808817043,20.57142857142857,142.88,3.1001984126984125e-05,True,True,False,0.0,0.041666666666666664
report_only_rho1.00_b3,12,2,truth,-0.1964285714285715,,62.43308978328591,93.25807707279107,-500.0,0.00020686778499278495,False,False,True,0.9166666666666666,1.0
report_only_rho1.00_b3,12,2,alloc1,0.003720238095238095,0.02826539044883891,0.02826539044883891,0.03836495535714287,13.340000000000032,0.0001803751803751803,True,True,False,0.0,0.08333333333333333
report_only_rho1.00_b3,12,2,false_target,0.19270833333333334,,79.91820878432475,598.9375,500.0,3.1001984126984125e-05,False,False,True,0.0,0.041666666666666664
report_only_rho1.00_b3,13,0,truth,-0.038690476190476164,1.2183482608485983,1.2183482608485983,4.149553571428567,-47.639999999999986,0.00018037518037518032,True,True,False,0.9166666666666666,1.0
report_only_rho1.00_b3,13,0,alloc1,-0.002232142857142857,0.020915315100667298,0.020915315100667298,0.013811383928571433,-24.870000000000005,0.0001803751803751803,True,True,False,0.0,0.08333333333333333
report_only_rho1.00_b3,13,0,false_target,0.040922619047619055,,20.46130952380953,,500.0,0.0,False,False,True,0.0,0.0
report_only_rho1.00_b3,13,2,truth,-0.22470238095238082,,76.19797073656261,139.96149553571416,-500.0,0.00018037518037518032,False,False,True,0.9166666666666666,1.0
report_only_rho1.00_b3,13,2,alloc1,0.005952380952380952,0.06352810768196382,0.06352810768196382,0.09821428571428574,18.029999999999973,0.0001803751803751803,True,True,False,0.0,0.08333333333333333
report_only_rho1.00_b3,13,2,false_target,0.21875,,109.375,,500.0,0.0,False,False,True,0.0,0.0
report_only_rho1.00_b3,14,0,truth,-0.02157738095238093,0.271192350402752,0.271192350402752,0.5188330043072499,-20.129999999999995,0.00044868326118326085,True,True,False,0.875,1.0
report_only_rho1.00_b3,14,0,alloc1,-0.004464285714285714,,0.07410797210204301,0.027796495956873304,-500.0,0.0003584956709956711,False,False,True,0.0,0.125
report_only_rho1.00_b3,14,0,false_target,0.026041666666666668,1.2465519225824124,1.2465519225824124,2.8921274038461537,81.49000000000001,0.00011724386724386726,True,True,False,0.0,0.041666666666666664
report_only_rho1.00_b3,14,2,truth,-0.17485119047619058,,32.671185024068514,34.06962266690602,-500.0,0.00044868326118326085,False,False,True,0.875,1.0
report_only_rho1.00_b3,14,2,alloc1,0.006696428571428572,0.042214507613546226,0.042214507613546226,0.06254211590296495,10.759999999999991,0.0003584956709956711,True,True,False,0.0,0.125
report_only_rho1.00_b3,14,2,false_target,0.16815476190476192,,67.37120017511307,120.58636675824175,500.0,0.00011724386724386726,False,False,True,0.0,0.041666666666666664
report_only_rho1.00_b3,15,0,truth,-0.021577380952381042,0.46337259268181175,0.46337259268181175,0.9076726844584068,-34.74000000000001,0.00025647095959595946,True,True,False,0.9166666666666666,1.0
report_only_rho1.00_b3,15,0,alloc1,-0.002976190476190476,,0.0550597771492245,0.024553571428571425,-500.0,0.00018037518037518038,False,False,True,0.0,0.08333333333333333
report_only_rho1.00_b3,15,0,false_target,0.024553571428571435,1.2493829732917887,1.2493829732917887,3.3633760107816735,83.02999999999997,8.962391774891773e-05,True,True,False,0.0,0.041666666666666664
report_only_rho1.00_b3,15,2,truth,-0.2232142857142857,,76.56999454339908,97.1350078492936,-500.0,0.00025647095959595946,False,False,True,0.9166666666666666,1.0
report_only_rho1.00_b3,15,2,alloc1,0.01488095238095238,0.28216497595486467,0.28216497595486467,0.6138392857142857,29.75999999999999,0.00018037518037518038,True,True,False,0.0,0.08333333333333333
report_only_rho1.00_b3,15,2,false_target,0.20833333333333337,,87.3761441481465,242.13836477987434,500.0,8.962391774891773e-05,False,False,True,0.0,0.041666666666666664
report_only_rho1.00_b12,1,0,truth,0.03787878787878768,0.018665607590715408,0.018665607590715408,0.01795413317445015,1.0,0.039957444818555926,True,True,False,0.08333333333333333,0.8333333333333334
report_only_rho1.00_b12,1,0,alloc1,-0.04545454545454555,0.05249248608142037,0.05249248608142037,0.044957332161606085,-2.5,0.022978628881406653,True,True,False,0.041666666666666664,0.6666666666666666
report_only_rho1.00_b12,1,0,false_target,0.007575757575757569,0.001014128053820337,0.001014128053820337,0.0010076958102247517,0.27000000000003865,0.028476898615787505,True,True,False,0.041666666666666664,0.6666666666666666
report_only_rho1.00_b12,1,2,truth,0.020454545454545447,0.005387803110311334,0.005387803110311334,0.005235425233669715,0.5300000000000296,0.039957444818555926,True,True,False,0.08333333333333333,0.8333333333333334
report_only_rho1.00_b12,1,2,alloc1,-0.0022727272727273706,0.00011511274275608787,0.00011511274275608787,0.00011239333040402442,-0.0999999999999659,0.022978628881406653,True,True,False,0.041666666666666664,0.6666666666666666
report_only_rho1.00_b12,1,2,false_target,-0.018181818181818188,0.006098739574041998,0.006098739574041998,0.0058043278668945845,-0.6800000000000068,0.028476898615787505,True,True,False,0.041666666666666664,0.6666666666666666
report_only_rho1.00_b12,2,0,truth,-0.025000000000000022,0.005682985219477123,0.005682985219477123,0.005738144816778663,-0.44999999999998863,0.05446011036288815,True,True,False,0.08333333333333333,0.9583333333333334
report_only_rho1.00_b12,2,0,alloc1,-0.08030303030303029,0.11916293051997828,0.11916293051997828,0.08691038580428172,-3.6200000000000045,0.03709899925177704,True,True,False,0.0,0.75
report_only_rho1.00_b12,2,0,false_target,0.10530303030303023,0.1574861514294285,0.1574861514294285,0.2186256349219651,2.6000000000000227,0.025360082304526747,True,True,False,0.0,0.875
report_only_rho1.00_b12,2,2,truth,-0.0916666666666669,0.07200127974522394,0.07200127974522394,0.07714616920335782,-1.5199999999999818,0.05446011036288815,True,True,False,0.08333333333333333,0.9583333333333334
report_only_rho1.00_b12,2,2,alloc1,-0.0674242424242424,0.07871725117671552,0.07871725117671552,0.06126888269452787,-2.6999999999999886,0.03709899925177704,True,True,False,0.0,0.75
report_only_rho1.00_b12,2,2,false_target,0.15909090909090912,0.3192457077921943,0.3192457077921943,0.4990109466414097,3.3799999999999955,0.025360082304526747,True,True,False,0.0,0.875
report_only_rho1.00_b12,3,0,truth,-0.09015151515151498,0.07044172967049442,0.07044172967049442,0.08038207803019763,-1.4699999999999704,0.05055415263748596,True,True,False,0.08333333333333333,1.0
report_only_rho1.00_b12,3,0,alloc1,-0.06515151515151517,0.10511773684281628,0.10511773684281628,0.07177691832128022,-4.069999999999993,0.02956883651328095,True,True,False,0.0,0.8333333333333334
report_only_rho1.00_b12,3,0,false_target,0.1553030303030303,0.3827319432062219,0.3827319432062219,0.7166836151411986,3.9700000000000273,0.016826833146277594,True,True,False,0.0,0.75
report_only_rho1.00_b12,3,2,truth,-0.19015151515151507,0.2799897055559971,0.2799897055559971,0.35761254840622103,-2.6899999999999977,0.05055415263748596,True,True,False,0.08333333333333333,1.0
report_only_rho1.00_b12,3,2,alloc1,-0.07424242424242425,0.1476885829247363,0.1476885829247363,0.09320518166002909,-5.360000000000014,0.02956883651328095,True,True,False,0.0,0.8333333333333334
report_only_rho1.00_b12,3,2,false_target,0.2643939393939394,0.8905721694749373,0.8905721694749373,2.077163141173424,5.2900000000000205,0.016826833146277594,True,True,False,0.0,0.75
report_only_rho1.00_b12,4,0,truth,-0.10530303030303023,0.10066069854311172,0.10066069854311172,0.13358950064020472,-1.6999999999999886,0.041502992891881765,True,True,False,0.08333333333333333,1.0
report_only_rho1.00_b12,4,0,alloc1,-0.05606060606060606,0.11203602954497563,0.11203602954497563,0.06071776170705564,-6.089999999999975,0.025880331088664426,True,True,False,0.0,0.875
report_only_rho1.00_b12,4,0,false_target,0.16136363636363643,0.6380270681687463,0.6380270681687463,1.4291616109762941,6.230000000000018,0.00910961466517022,True,True,False,0.0,0.5416666666666666
report_only_rho1.00_b12,4,2,truth,-0.2704545454545455,0.5123126843278354,0.5123126843278354,0.881209475032011,-3.1899999999999977,0.041502992891881765,True,True,False,0.08333333333333333,1.0
report_only_rho1.00_b12,4,2,alloc1,-0.05681818181818182,0.11674140245642545,0.11674140245642545,0.062369870270669835,-6.339999999999975,0.025880331088664426,True,True,False,0.0,0.875
report_only_rho1.00_b12,4,2,false_target,0.3272727272727272,1.9385912726475152,1.9385912726475152,5.878812768340488,9.5,0.00910961466517022,True,True,False,0.0,0.5416666666666666
report_only_rho1.00_b12,5,0,truth,-0.1356060606060605,0.20394645035562883,0.20394645035562883,0.3187019933909746,-2.5600000000000023,0.02884984100261878,True,True,False,0.20833333333333334,1.0
report_only_rho1.00_b12,5,0,alloc1,-0.0446969696969697,0.08927039495625738,0.08927039495625738,0.044950929752066104,-7.180000000000007,0.02222222222222223,True,True,False,0.0,0.75
report_only_rho1.00_b12,5,0,false_target,0.1803030303030303,2.635726257274928,2.635726257274928,6.371919006749437,26.139999999999986,0.002550972689861579,True,True,False,0.0,0.25
report_only_rho1.00_b12,5,2,truth,-0.33106060606060606,0.9021669130921883,0.9021669130921883,1.8995100332661625,-4.5,0.02884984100261878,True,True,False,0.20833333333333334,1.0
report_only_rho1.00_b12,5,2,alloc1,-0.03560606060606061,0.044494851056785426,0.044494851056785426,0.028525309917355374,-3.3999999999999773,0.02222222222222223,True,True,False,0.0,0.75
report_only_rho1.00_b12,5,2,false_target,0.36666666666666675,,77.1133937912931,26.35160403299726,500.0,0.002550972689861579,False,False,True,0.0,0.25
report_only_rho1.00_b12,6,0,truth,-0.16893939393939394,0.49049859549831637,0.49049859549831637,0.953759110088224,-4.740000000000009,0.014962121212121213,True,True,False,0.4166666666666667,1.0
report_only_rho1.00_b12,6,0,alloc1,-0.028787878787878786,0.08477259557445463,0.08477259557445463,0.04381166423193618,-10.230000000000018,0.00945800598578376,True,True,False,0.0,0.5416666666666666
report_only_rho1.00_b12,6,0,false_target,0.19772727272727272,1.8538197857318692,1.8538197857318692,8.085400914366103,14.080000000000041,0.0024176954732510274,True,True,False,0.0,0.3333333333333333
report_only_rho1.00_b12,6,2,truth,-0.36969696969696975,1.7637174708066758,1.7637174708066758,4.567395473724589,-8.050000000000011,0.014962121212121213,True,True,False,0.4166666666666667,1.0
report_only_rho1.00_b12,6,2,alloc1,-0.016666666666666666,0.0194790203050659,0.0194790203050659,0.014684796044499387,-2.75,0.00945800598578376,True,True,False,0.0,0.5416666666666666
report_only_rho1.00_b12,6,2,false_target,0.3863636363636363,,38.85581803371733,30.871724986812037,500.0,0.0024176954732510274,False,False,True,0.0,0.3333333333333333
report_only_rho1.00_b12,7,0,truth,-0.16363636363636358,0.5133320190735962,0.5133320190735962,1.1757625536680971,-4.949999999999989,0.011387018331462774,True,True,False,0.4583333333333333,1.0
report_only_rho1.00_b12,7,0,alloc1,-0.01818181818181818,0.0534762714333151,0.0534762714333151,0.026540607880949536,-10.560000000000002,0.006227787130564908,True,True,False,0.0,0.5
report_only_rho1.00_b12,7,0,false_target,0.18181818181818177,1.9664701437551602,1.9664701437551602,8.663101604278078,16.350000000000023,0.0019079685746352397,True,True,False,0.0,0.2916666666666667
report_only_rho1.00_b12,7,2,truth,-0.375,1.9057535705172937,1.9057535705172937,6.174794661190966,-8.329999999999984,0.011387018331462774,True,True,False,0.4583333333333333,1.0
report_only_rho1.00_b12,7,2,alloc1,-0.003030303030303029,0.0008014499098132485,0.0008014499098132485,0.0007372391078041532,-0.5500000000000114,0.006227787130564908,True,True,False,0.0,0.5
report_only_rho1.00_b12,7,2,false_target,0.37803030303030305,,53.24975742765673,37.450016711229985,500.0,0.0019079685746352397,False,False,True,0.0,0.2916666666666667
report_only_rho1.00_b12,8,0,truth,-0.1825757575757576,1.1307063621227673,1.1307063621227673,3.8792504638218936,-9.329999999999984,0.004296436588103255,True,True,False,0.5833333333333334,1.0
report_only_rho1.00_b12,8,0,alloc1,-0.009848484848484846,0.0404975177125083,0.0404975177125083,0.020354179677045222,-13.789999999999964,0.0023826225215114105,True,True,False,0.0,0.3333333333333333
report_only_rho1.00_b12,8,0,false_target,0.19242424242424241,,40.370969547973054,40.8137769447048,500.0,0.0004536101758323978,False,False,True,0.0,0.125
report_only_rho1.00_b12,8,2,truth,-0.42121212121212115,,15.749757427656704,20.647302411873834,-500.0,0.004296436588103255,False,False,True,0.5833333333333334,1.0
report_only_rho1.00_b12,8,2,alloc1,0.0068181818181818205,0.008049495832089151,0.008049495832089151,0.009755553573021686,2.150000000000034,0.0023826225215114105,True,True,False,0.0,0.3333333333333333
report_only_rho1.00_b12,8,2,false_target,0.41439393939393937,,151.35581803282153,189.28404404873484,500.0,0.0004536101758323978,False,False,True,0.0,0.125
report_only_rho1.00_b12,9,0,truth,-0.20227272727272738,,27.113393791293163,24.069063398774567,-500.0,0.0008499345304900861,False,False,True,0.8333333333333334,1.0
report_only_rho1.00_b12,9,0,alloc1,-0.0015151515151515145,0.002573509612380859,0.002573509612380859,0.0022993400042580353,-3.569999999999993,0.0004992050130939019,True,True,False,0.0,0.125
report_only_rho1.00_b12,9,0,false_target,0.20378787878787882,,85.3524407183861,142.09069090909088,500.0,0.00014613729891507676,False,False,True,0.0,0.041666666666666664
report_only_rho1.00_b12,9,2,truth,-0.4015151515151516,,126.73460591250527,94.83931474302867,-500.0,0.0008499345304900861,False,False,True,0.8333333333333334,1.0
report_only_rho1.00_b12,9,2,alloc1,0.013636363636363637,0.11741859613214509,0.11741859613214509,0.18624654034490104,14.460000000000036,0.0004992050130939019,True,True,False,0.0,0.125
report_only_rho1.00_b12,9,2,false_target,0.3878787878787878,,177.3978952638406,514.7554909090906,500.0,0.00014613729891507676,False,False,True,0.0,0.041666666666666664
report_only_rho1.00_b12,10,0,truth,-0.18257575757575772,,58.55278772083353,43.46416297117528,-500.0,0.0003834642723531609,False,False,True,0.9166666666666666,1.0
report_only_rho1.00_b12,10,0,alloc1,0.0,0.0,0.0,0.0,0.0,0.00017185746352413024,True,True,False,0.0,0.041666666666666664
report_only_rho1.00_b12,10,0,false_target,0.18257575757575759,,75.16748363609533,84.85860389610387,500.0,0.00019640852974186316,False,False,True,0.0,0.041666666666666664
report_only_rho1.00_b12,10,2,truth,-0.3560606060606063,,145.2952119632578,165.30764966740614,-500.0,0.0003834642723531609,False,False,True,0.9166666666666666,1.0
report_only_rho1.00_b12,10,2,alloc1,0.014393939393939395,0.3810767487816016,0.3810767487816016,0.6027829313543598,46.02999999999997,0.00017185746352413024,True,True,False,0.0,0.041666666666666664
report_only_rho1.00_b12,10,2,false_target,0.34166666666666656,,154.71293818154982,297.1767857142854,500.0,0.00019640852974186316,False,False,True,0.0,0.041666666666666664
report_only_rho1.00_b12,11,0,truth,-0.16060606060606064,0.9632704435950683,0.9632704435950683,3.881671038321286,-8.759999999999991,0.003322577628133184,True,True,False,0.5833333333333334,1.0
report_only_rho1.00_b12,11,0,alloc1,0.0,0.0,0.0,0.0,0.0,0.0020833333333333324,True,True,False,0.0,0.3333333333333333
report_only_rho1.00_b12,11,0,false_target,0.16060606060606064,,44.537636212848206,61.28727272727272,500.0,0.00021043771043771056,False,False,True,0.0,0.08333333333333333
report_only_rho1.00_b12,11,2,truth,-0.4136363636363636,,8.552787730686987,25.747335423197484,-500.0,0.003322577628133184,False,False,True,0.5833333333333334,1.0
report_only_rho1.00_b12,11,2,alloc1,0.006818181818181815,0.008750104686009392,0.008750104686009392,0.011157024793388424,2.3000000000000114,0.0020833333333333324,True,True,False,0.0,0.3333333333333333
report_only_rho1.00_b12,11,2,false_target,0.4068181818181818,,167.64369681890878,393.2304545454543,500.0,0.00021043771043771056,False,False,True,0.0,0.08333333333333333
report_only_rho1.00_b12,12,0,truth,-0.20227272727272738,,65.3709695461815,97.2122727272728,-500.0,0.0002104377104377105,False,False,True,0.9166666666666666,1.0
report_only_rho1.00_b12,12,0,alloc1,0.0030303030303030303,0.019405531081871395,0.019405531081871395,0.025014475969889975,11.439999999999998,0.00018354844743733638,True,True,False,0.0,0.08333333333333333
report_only_rho1.00_b12,12,0,false_target,0.1992424242424242,,83.17399980352734,628.8090909090909,500.0,3.156565656565655e-05,False,False,True,0.0,0.041666666666666664
report_only_rho1.00_b12,12,2,truth,-0.4303030303030303,,179.38612106133297,439.941818181818,-500.0,0.0002104377104377105,False,False,True,0.9166666666666666,1.0
report_only_rho1.00_b12,12,2,alloc1,0.009090909090909087,0.12704603001423945,0.12704603001423945,0.22513028372900956,22.83000000000004,0.00018354844743733638,True,True,False,0.0,0.08333333333333333
report_only_rho1.00_b12,12,2,false_target,0.42121212121212115,,194.1588482883758,2810.3272727272733,500.0,3.156565656565655e-05,False,False,True,0.0,0.041666666666666664
report_only_rho1.00_b12,13,0,truth,-0.2257575757575757,,76.35581803282153,163.88981544771005,-500.0,0.00015549008604564166,False,False,True,0.9166666666666666,1.0
report_only_rho1.00_b12,13,0,alloc1,0.001515151515151515,0.0062015278559213495,0.0062015278559213495,0.007382091592617906,7.53000000000003,0.0001554900860456416,True,True,False,0.0,0.08333333333333333
report_only_rho1.00_b12,13,0,false_target,0.22424242424242424,,112.12121212121212,,500.0,0.0,False,False,True,0.0,0.0
report_only_rho1.00_b12,13,2,truth,-0.37651515151515136,,151.73460591160932,455.8607655502387,-500.0,0.00015549008604564166,False,False,True,0.9166666666666666,1.0
report_only_rho1.00_b12,13,2,alloc1,0.006818181818181818,0.08497451744262124,0.08497451744262124,0.14948735475051264,20.379999999999995,0.0001554900860456416,True,True,False,0.0,0.08333333333333333
report_only_rho1.00_b12,13,2,false_target,0.3696969696969697,,184.84848484848484,,500.0,0.0,False,False,True,0.0,0.0
report_only_rho1.00_b12,14,0,truth,-0.16969696969696957,,29.764908942808177,33.10733137829909,-500.0,0.00043490460157126796,False,False,True,0.875,1.0
report_only_rho1.00_b12,14,0,alloc1,0.0,0.0,0.0,0.0,0.0,0.0003390385334829781,True,True,False,0.0,0.125
report_only_rho1.00_b12,14,0,false_target,0.1696969696969697,,68.15134184299451,120.744385026738,500.0,0.00011924803591470256,False,False,True,0.0,0.041666666666666664
report_only_rho1.00_b12,14,2,truth,-0.3424242424242424,,116.12854530644461,134.80469208211153,-500.0,0.00043490460157126796,False,False,True,0.875,1.0
report_only_rho1.00_b12,14,2,alloc1,0.010606060606060603,0.09245852594855997,0.09245852594855997,0.1658934169278995,14.169999999999959,0.0003390385334829781,True,True,False,0.0,0.125
report_only_rho1.00_b12,14,2,false_target,0.3318181818181819,,149.21194790360062,461.6566844919789,500.0,0.00011924803591470256,False,False,True,0.0,0.041666666666666664
report_only_rho1.00_b12,15,0,truth,-0.14848484848484855,,38.855818030134174,46.68010801080113,-500.0,0.0002361578750467639,False,False,True,0.9166666666666666,1.0
report_only_rho1.00_b12,15,0,alloc1,0.00303030303030303,0.02153482851499694,0.02153482851499694,0.029528366370471622,12.440000000000055,0.0001554900860456416,True,True,False,0.0,0.08333333333333333
report_only_rho1.00_b12,15,0,false_target,0.14545454545454548,,55.939023911340655,116.00559440559442,500.0,9.118967452300787e-05,False,False,True,0.0,0.041666666666666664
report_only_rho1.00_b12,15,2,truth,-0.33712121212121227,,133.17399984831602,240.6244374437446,-500.0,0.0002361578750467639,False,False,True,0.9166666666666666,1.0
report_only_rho1.00_b12,15,2,alloc1,0.013636363636363634,0.2557351352441225,0.2557351352441225,0.5979494190020503,29.019999999999982,0.0001554900860456416,True,True,False,0.0,0.08333333333333333
report_only_rho1.00_b12,15,2,false_target,0.32348484848484854,,144.9541754264922,573.7625874125875,500.0,9.118967452300787e-05,False,False,True,0.0,0.041666666666666664
report_only_rho1.00_b18,1,0,truth,0.021634615384615308,0.006766292769983747,0.006766292769983747,0.006565721139718301,0.6299999999999955,0.035643958438076086,True,True,False,0.08333333333333333,0.8333333333333334
report_only_rho1.00_b18,1,0,alloc1,-0.01602564102564108,0.005520988439188385,0.005520988439188385,0.005208546100739445,-0.6999999999999886,0.02465382520529579,True,True,False,0.041666666666666664,0.6666666666666666
report_only_rho1.00_b18,1,0,false_target,-0.005608974358974367,0.0007105560180454057,0.0007105560180454057,0.0006897705291608171,-0.25,0.022805115635997988,True,True,False,0.041666666666666664,0.625
report_only_rho1.00_b18,1,2,truth,-0.022435897435897467,0.007133482114697672,0.007133482114697672,0.007061077329957749,-0.6299999999999955,0.035643958438076086,True,True,False,0.08333333333333333,0.8333333333333334
report_only_rho1.00_b18,1,2,alloc1,0.012820512820512747,0.0033041118575730796,0.0033041118575730796,0.003333469504473184,0.5099999999999909,0.02465382520529579,True,True,False,0.041666666666666664,0.6666666666666666
report_only_rho1.00_b18,1,2,false_target,0.009615384615384581,0.0020315699983243928,0.0020315699983243928,0.0020270807387582994,0.4200000000000159,0.022805115635997988,True,True,False,0.041666666666666664,0.625
report_only_rho1.00_b18,2,0,truth,-0.09294871794871795,0.08954100521201627,0.08954100521201627,0.09562656345451544,-1.8600000000000136,0.045172930283224416,True,True,False,0.16666666666666666,0.9583333333333334
report_only_rho1.00_b18,2,0,alloc1,-0.07371794871794875,0.09326644359395045,0.09326644359395045,0.07076199169079699,-2.990000000000009,0.03839869281045751,True,True,False,0.0,0.75
report_only_rho1.00_b18,2,0,false_target,0.16666666666666666,0.6560826363425972,0.6560826363425972,0.9510489510489508,6.900000000000034,0.014603758169934642,True,True,False,0.0,0.5833333333333334
report_only_rho1.00_b18,2,2,truth,-0.2700320512820512,0.7083747250175847,0.7083747250175847,0.8070907539362259,-5.21999999999997,0.045172930283224416,True,True,False,0.16666666666666666,0.9583333333333334
report_only_rho1.00_b18,2,2,alloc1,-0.07371794871794875,0.09326644359395045,0.09326644359395045,0.07076199169079699,-2.990000000000009,0.03839869281045751,True,True,False,0.0,0.75
report_only_rho1.00_b18,2,2,false_target,0.34375,2.3619042385293447,2.3619042385293447,4.045673076923077,12.799999999999955,0.014603758169934642,True,True,False,0.0,0.5833333333333334
report_only_rho1.00_b18,3,0,truth,-0.1169871794871794,0.1271583936656847,0.1271583936656847,0.15547019352329064,-1.990000000000009,0.044014868233618235,True,True,False,0.08333333333333333,1.0
report_only_rho1.00_b18,3,0,alloc1,-0.08573717948717952,0.213849408154987,0.213849408154987,0.12078163371350283,-7.449999999999989,0.03043038796715267,True,True,False,0.0,0.8333333333333334
report_only_rho1.00_b18,3,0,false_target,0.20272435897435895,1.140022913184115,1.140022913184115,2.3308107853385196,9.069999999999993,0.008816066490698842,True,True,False,0.0,0.5
report_only_rho1.00_b18,3,2,truth,-0.29567307692307704,0.6700563109834963,0.6700563109834963,0.9931026937664112,-4.009999999999991,0.044014868233618235,True,True,False,0.08333333333333333,1.0
report_only_rho1.00_b18,3,2,alloc1,-0.08012820512820515,0.1757523222625625,0.1757523222625625,0.10549535654948276,-6.189999999999998,0.03043038796715267,True,True,False,0.0,0.8333333333333334
report_only_rho1.00_b18,3,2,false_target,0.37580128205128205,3.186541173317935,3.186541173317935,8.009615384615387,15.759999999999991,0.008816066490698842,True,True,False,0.0,0.5
report_only_rho1.00_b18,4,0,truth,-0.11217948717948711,0.11133007300897703,0.11133007300897703,0.15341396723976394,-1.740000000000009,0.0410139883945031,True,True,False,0.08333333333333333,1.0
report_only_rho1.00_b18,4,0,alloc1,-0.06169871794871795,0.14630141519370943,0.14630141519370943,0.07095593480611541,-8.069999999999993,0.02682461873638344,True,True,False,0.0,0.875
report_only_rho1.00_b18,4,0,false_target,0.17387820512820512,0.7566816383859056,0.7566816383859056,2.1894113163787017,6.550000000000011,0.00690451127032009,True,True,False,0.0,0.5416666666666666
report_only_rho1.00_b18,4,2,truth,-0.28044871794871784,0.5320315961914727,0.5320315961914727,0.9588372952485249,-3.170000000000016,0.0410139883945031,True,True,False,0.08333333333333333,1.0
report_only_rho1.00_b18,4,2,alloc1,-0.0528846153846154,0.09035862773295347,0.09035862773295347,0.05213089087796237,-4.9599999999999795,0.02682461873638344,True,True,False,0.0,0.875
report_only_rho1.00_b18,4,2,false_target,0.33333333333333337,2.0155997666642245,2.0155997666642245,8.046269081255339,9.259999999999991,0.00690451127032009,True,True,False,0.0,0.5416666666666666
report_only_rho1.00_b18,5,0,truth,-0.09134615384615397,0.10229917417998045,0.10229917417998045,0.14608014444125153,-1.9499999999999886,0.028560075205295785,True,True,False,0.20833333333333334,1.0
report_only_rho1.00_b18,5,0,alloc1,-0.040064102564102574,0.0690783753838575,0.0690783753838575,0.036719727392743866,-5.800000000000011,0.021856539089994964,True,True,False,0.0,0.75
report_only_rho1.00_b18,5,0,false_target,0.13141025641025636,1.5141236239596418,1.5141236239596418,3.8252275566660696,18.539999999999964,0.002257206301323948,True,True,False,0.0,0.25
report_only_rho1.00_b18,5,2,truth,-0.3125000000000001,0.803119783067969,0.803119783067969,1.709663740344284,-4.21999999999997,0.028560075205295785,True,True,False,0.20833333333333334,1.0
report_only_rho1.00_b18,5,2,alloc1,-0.03926282051282052,0.06460837468270597,0.06460837468270597,0.0352656261879912,-5.360000000000014,0.021856539089994964,True,True,False,0.0,0.75
report_only_rho1.00_b18,5,2,false_target,0.3517628205128205,,67.65316679550449,27.409342651258257,500.0,0.002257206301323948,False,False,True,0.0,0.25
report_only_rho1.00_b18,6,0,truth,-0.09134615384615352,0.17321360161180152,0.17321360161180152,0.2731575355337713,-3.2099999999999795,0.015273457139265959,True,True,False,0.4166666666666667,1.0
report_only_rho1.00_b18,6,0,alloc1,-0.026442307692307696,0.07073526610332745,0.07073526610332745,0.03738912316417044,-9.0,0.009350254524886878,True,True,False,0.0,0.5416666666666666
report_only_rho1.00_b18,6,0,false_target,0.11778846153846156,0.8441168712912848,0.8441168712912848,2.728301017983049,10.680000000000007,0.0025426302999832407,True,True,False,0.0,0.3333333333333333
report_only_rho1.00_b18,6,2,truth,-0.37259615384615374,1.7536557064989522,1.7536557064989522,4.544743622713919,-7.9599999999999795,0.015273457139265959,True,True,False,0.4166666666666667,1.0
report_only_rho1.00_b18,6,2,alloc1,-0.01842948717948718,0.025812799367973725,0.025812799367973725,0.018162393162393164,-3.4699999999999704,0.009350254524886878,True,True,False,0.0,0.5416666666666666
report_only_rho1.00_b18,6,2,false_target,0.3910256410256411,,41.61150012883789,30.06749584092531,500.0,0.0025426302999832407,False,False,True,0.0,0.3333333333333333
report_only_rho1.00_b18,7,0,truth,-0.07371794871794868,0.13913546308781233,0.13913546308781233,0.23993383343634772,-3.1200000000000045,0.011324655396346577,True,True,False,0.4583333333333333,1.0
report_only_rho1.00_b18,7,0,alloc1,-0.014423076923076924,0.028911929131376947,0.028911929131376947,0.01688824568288854,-6.029999999999973,0.00615887380593263,True,True,False,0.0,0.5
report_only_rho1.00_b18,7,0,false_target,0.08814102564102563,0.6546257777953913,0.6546257777953913,2.046793323957863,11.079999999999984,0.0018978077342047934,True,True,False,0.0,0.2916666666666667
report_only_rho1.00_b18,7,2,truth,-0.39583333333333337,2.0248231448891407,2.0248231448891407,6.917827620093647,-8.45999999999998,0.011324655396346577,True,True,False,0.4583333333333333,1.0
report_only_rho1.00_b18,7,2,alloc1,-0.009615384615384616,0.010063596359815807,0.010063596359815807,0.007505886970172684,-2.4799999999999613,0.00615887380593263,True,True,False,0.0,0.5
report_only_rho1.00_b18,7,2,false_target,0.40544871794871795,,66.0506026929404,43.31014673494838,500.0,0.0018978077342047934,False,False,True,0.0,0.2916666666666667
report_only_rho1.00_b18,8,0,truth,-0.08012820512820529,0.313688944338276,0.313688944338276,0.7099820694724442,-6.110000000000014,0.004521613666834256,True,True,False,0.5833333333333334,1.0
report_only_rho1.00_b18,8,0,alloc1,-0.009615384615384616,0.03591977529456061,0.03591977529456061,0.018582995951417002,-12.569999999999993,0.0024876403552874147,True,True,False,0.0,0.3333333333333333
report_only_rho1.00_b18,8,0,false_target,0.08974358974358974,2.3099390018220087,2.3099390018220087,8.415026833631485,41.90999999999997,0.0004785434472934473,True,True,False,0.0,0.125
report_only_rho1.00_b18,8,2,truth,-0.40865384615384615,,9.159577051914738,18.4666336269782,-500.0,0.004521613666834256,False,False,True,0.5833333333333334,1.0
report_only_rho1.00_b18,8,2,alloc1,0.0,0.0,0.0,0.0,0.0,0.0024876403552874147,True,True,False,0.0,0.3333333333333333
report_only_rho1.00_b18,8,2,false_target,0.40865384615384615,,148.5826539740959,174.48568872987477,500.0,0.0004785434472934473,False,False,True,0.0,0.125
report_only_rho1.00_b18,9,0,truth,-0.12259615384615374,2.5392234618897653,2.5392234618897653,9.29507162877607,-33.620000000000005,0.0008084831154684094,True,True,False,0.8333333333333334,1.0
report_only_rho1.00_b18,9,0,alloc1,-0.0016025641025641038,0.002736293659744231,0.002736293659744231,0.002442762716735324,-3.589999999999975,0.000525677685604156,True,True,False,0.0,0.125
report_only_rho1.00_b18,9,0,false_target,0.12419871794871794,,45.43353909030199,61.36192908653849,500.0,0.00012569130216189033,False,False,True,0.0,0.041666666666666664
report_only_rho1.00_b18,9,2,truth,-0.4391025641025642,,145.37752576986352,119.24247897851144,-500.0,0.0008084831154684094,False,False,True,0.8333333333333334,1.0
report_only_rho1.00_b18,9,2,alloc1,0.004006410256410254,0.013004857932854264,0.013004857932854264,0.015267266979595734,6.0,0.000525677685604156,True,True,False,0.0,0.125
report_only_rho1.00_b18,9,2,false_target,0.43509615384615397,,200.88225703902,753.0698617788469,500.0,0.00012569130216189033,False,False,True,0.0,0.041666666666666664
report_only_rho1.00_b18,10,0,truth,-0.10657051282051277,,38.10699195515845,20.653365384615405,-500.0,0.00027494972347913475,False,False,True,0.9583333333333334,1.0
report_only_rho1.00_b18,10,0,alloc1,0.0008012820512820519,0.0020123823952326383,0.0020123823952326383,0.002086743044189857,4.889999999999986,0.0001538409167085637,True,True,False,0.0,0.041666666666666664
report_only_rho1.00_b18,10,0,false_target,0.10576923076923078,,36.396292977214245,36.359410801964025,500.0,0.0001538409167085637,False,False,True,0.0,0.041666666666666664
report_only_rho1.00_b18,10,2,truth,-0.3862179487179488,,177.93070990387645,271.25741758241816,-500.0,0.00027494972347913475,False,False,True,0.9583333333333334,1.0
report_only_rho1.00_b18,10,2,alloc1,0.009615384615384614,0.20165765874198344,0.20165765874198344,0.30049099836333887,36.450000000000045,0.0001538409167085637,True,True,False,0.0,0.041666666666666664
report_only_rho1.00_b18,10,2,false_target,0.37660256410256415,,171.81295964388093,460.9615384615388,500.0,0.0001538409167085637,False,False,True,0.0,0.041666666666666664
report_only_rho1.00_b18,11,0,truth,-0.1001602564102565,,14.768551407306042,20.16384109311746,-500.0,0.00024876403552874125,False,False,True,0.9166666666666666,1.0
report_only_rho1.00_b18,11,0,alloc1,0.002403846153846154,0.024089492180917743,0.024089492180917743,0.030023547880690737,18.149999999999977,9.623240321769735e-05,True,True,False,0.0,0.041666666666666664
report_only_rho1.00_b18,11,0,false_target,0.09775641025641023,,32.09942628707721,49.652276295133404,500.0,9.623240321769735e-05,False,False,True,0.0,0.041666666666666664
report_only_rho1.00_b18,11,2,truth,-0.43509615384615374,,182.23650012525468,380.4984564777329,-500.0,0.00024876403552874125,False,False,True,0.9166666666666666,1.0
report_only_rho1.00_b18,11,2,alloc1,0.015224358974358974,0.5598995386853122,0.5598995386853122,1.2042778649921506,59.59000000000003,9.623240321769735e-05,True,True,False,0.0,0.041666666666666664
report_only_rho1.00_b18,11,2,false_target,0.41987179487179477,,193.15711859476946,915.9717425431705,500.0,9.623240321769735e-05,False,False,True,0.0,0.041666666666666664
report_only_rho1.00_b18,12,0,truth,-0.1217948717948718,,44.11865705630795,77.07378335949778,-500.0,9.623240321769718e-05,False,False,True,0.9583333333333334,1.0
report_only_rho1.00_b18,12,0,alloc1,0.0,0.0,0.0,0.0,0.0,9.623240321769735e-05,True,True,False,0.0,0.041666666666666664
report_only_rho1.00_b18,12,0,false_target,0.12179487179487179,,60.8974358974359,,500.0,0.0,False,False,True,0.0,0.0
report_only_rho1.00_b18,12,2,truth,-0.48076923076923084,,223.60583654348747,1200.9419152276316,-500.0,9.623240321769718e-05,False,False,True,0.9583333333333334,1.0
report_only_rho1.00_b18,12,2,alloc1,0.009615384615384616,0.2643880844832809,0.2643880844832809,0.4803767660910518,45.370000000000005,9.623240321769735e-05,True,True,False,0.0,0.041666666666666664
report_only_rho1.00_b18,12,2,false_target,0.47115384615384615,,235.57692307692307,,500.0,0.0,False,False,True,0.0,0.0
report_only_rho1.00_b18,13,0,truth,-0.11618589743589736,,21.579448845890724,41.07703800183873,-500.0,0.00016431519188872136,False,False,True,0.9166666666666666,1.0
report_only_rho1.00_b18,13,0,alloc1,0.002403846153846154,0.013722641763227357,0.013722641763227357,0.017583512105424456,10.220000000000027,0.00016431519188872133,True,True,False,0.0,0.08333333333333333
report_only_rho1.00_b18,13,0,false_target,0.1137820512820513,,56.89102564102565,,500.0,0.0,False,False,True,0.0,0.0
report_only_rho1.00_b18,13,2,truth,-0.4262820512820513,,176.6275257689677,552.95065890285,-500.0,0.00016431519188872136,False,False,True,0.9166666666666666,1.0
report_only_rho1.00_b18,13,2,alloc1,0.01282051282051282,0.22620265149769708,0.22620265149769708,0.5001532332209622,27.57000000000005,0.00016431519188872133,True,True,False,0.0,0.08333333333333333
report_only_rho1.00_b18,13,2,false_target,0.4134615384615384,,206.7307692307692,,500.0,0.0,False,False,True,0.0,0.0
report_only_rho1.00_b18,14,0,truth,-0.1001602564102565,,33.8101252681268,27.761810200668997,-500.0,0.0001806812468577171,False,False,True,0.9583333333333334,1.0
report_only_rho1.00_b18,14,0,alloc1,0.003205128205128204,0.04036507002777068,0.04036507002777068,0.05337519623233905,22.379999999999995,9.623240321769735e-05,True,True,False,0.0,0.041666666666666664
report_only_rho1.00_b18,14,0,false_target,0.0969551282051282,,31.69878526143619,48.84164050235478,500.0,9.623240321769735e-05,False,False,True,0.0,0.041666666666666664
report_only_rho1.00_b18,14,2,truth,-0.37740384615384626,,172.43192013992166,394.15729515050265,-500.0,0.0001806812468577171,False,False,True,0.9583333333333334,1.0
report_only_rho1.00_b18,14,2,alloc1,0.010416666666666666,0.30163026500296897,0.30163026500296897,0.5637755102040816,47.57000000000005,9.623240321769735e-05,True,True,False,0.0,0.041666666666666664
report_only_rho1.00_b18,14,2,false_target,0.3669871794871795,,166.71481090246183,699.7621664050235,500.0,9.623240321769735e-05,False,False,True,0.0,0.041666666666666664
report_only_rho1.00_b18,15,0,truth,-0.08173076923076916,,5.153166792817075,15.050034036759678,-500.0,0.0002219237053795877,False,False,True,0.9166666666666666,1.0
report_only_rho1.00_b18,15,0,alloc1,0.002403846153846153,0.013722641763227347,0.013722641763227347,0.017583512105424446,10.220000000000027,0.0001643151918887213,True,True,False,0.0,0.08333333333333333
report_only_rho1.00_b18,15,0,false_target,0.0793269230769231,,22.889506772037407,48.06259615384619,500.0,6.546421987598458e-05,False,False,True,0.0,0.041666666666666664
report_only_rho1.00_b18,15,2,truth,-0.3878205128205129,,158.19803858768893,338.8658951667803,-500.0,0.0002219237053795877,False,False,True,0.9166666666666666,1.0
report_only_rho1.00_b18,15,2,alloc1,0.01282051282051282,0.22620265149769708,0.22620265149769708,0.5001532332209623,27.57000000000005,0.0001643151918887213,True,True,False,0.0,0.08333333333333333
report_only_rho1.00_b18,15,2,false_target,0.37500000000000006,,170.7260452335759,1074.0600000000004,500.0,6.546421987598458e-05,False,False,True,0.0,0.041666666666666664
