setup,arm,q,qc,b,rho,episodes,final_share_A0,final_share_A1,final_share_A2,final_mean_p_A0,final_mean_p_A2,final_proof_rate_A0,final_proof_rate_A0_own_evidence,episodes_majority_A0,episodes_majority_A2,abstention_rate,abstention_rate_when_voting_A0,abstention_rate_when_voting_A1,abstention_rate_when_voting_A2,nights_acting,facts_posted_per_episode,nights_proved,nights_gate,nights_posted,nights_posted_proved,nights_fallback,mean_posts_read_by_controller,sensing_bias_vs_all_agents,posters_vs_all_agents,final_share_A0_minus_silent,final_share_A1_minus_silent,final_share_A2_minus_silent
task003_nosolution,false,3,3.0000,1.0000,0.7500,1000,0.0009,0.0054,0.9937,0.1216,0.8057,0.0000,0.0000,0.0000,1.0000,0.0000,0.0000,0.0000,0.0000,0.0742,2.1530,0.0000,0.9258,0.0742,0.0000,0.0000,3.0000,-0.0001,0.0002,-0.2282,-0.0021,0.2303
task003_nosolution,false,3,3.0000,2.0000,0.7500,1000,0.0007,0.0031,0.9962,0.1181,0.8164,0.0000,0.0000,0.0000,1.0000,0.0000,0.0000,0.0000,0.0000,0.0685,3.9720,0.0000,0.9315,0.0685,0.0000,0.0000,3.0000,-0.0001,0.0001,-0.2285,-0.0044,0.2329
task003_nosolution,false,3,3.0000,3.0000,0.7500,1000,0.0008,0.0032,0.9961,0.1280,0.8061,0.0000,0.0000,0.0000,1.0000,0.0000,0.0000,0.0000,0.0000,0.0784,6.8220,0.0000,0.9216,0.0784,0.0000,0.0000,3.0000,0.0004,0.0001,-0.2284,-0.0043,0.2327
task003_nosolution,false,3,3.0000,6.0000,0.7500,1000,0.0013,0.0028,0.9960,0.1280,0.8060,0.0000,0.0000,0.0000,1.0000,0.0000,0.0000,0.0000,0.0000,0.0764,13.2900,0.0000,0.9236,0.0764,0.0000,0.0000,3.0000,0.0004,0.0001,-0.2279,-0.0047,0.2326
task003_nosolution,false,3,3.0000,9.0000,0.7500,1000,0.0410,0.0047,0.9543,0.1695,0.7593,0.0000,0.0000,0.0180,0.9770,0.0000,0.0000,0.0000,0.0000,0.2347,61.2630,0.0000,0.7653,0.2347,0.0000,0.0000,3.0000,0.0004,0.0001,-0.1882,-0.0028,0.1910
task003_nosolution,false,3,6.0000,1.0000,0.7500,1000,0.0011,0.0055,0.9934,0.1307,0.7948,0.0000,0.0000,0.0000,1.0000,0.0000,0.0000,0.0000,0.0000,0.0498,1.4430,0.0000,0.9502,0.0498,0.0000,0.0000,6.0000,0.0001,0.0002,-0.2280,-0.0020,0.2300
task003_nosolution,false,3,6.0000,2.0000,0.7500,1000,0.0006,0.0030,0.9964,0.1196,0.8135,0.0000,0.0000,0.0000,1.0000,0.0000,0.0000,0.0000,0.0000,0.0448,2.5960,0.0000,0.9552,0.0448,0.0000,0.0000,6.0000,0.0001,0.0001,-0.2285,-0.0045,0.2330
task003_nosolution,false,3,6.0000,3.0000,0.7500,1000,0.0009,0.0041,0.9950,0.1271,0.8047,0.0000,0.0000,0.0000,1.0000,0.0000,0.0000,0.0000,0.0000,0.0529,4.6020,0.0000,0.9471,0.0529,0.0000,0.0000,6.0000,0.0000,0.0001,-0.2282,-0.0034,0.2316
task003_nosolution,false,3,6.0000,6.0000,0.7500,1000,0.0019,0.0029,0.9952,0.1306,0.7996,0.0000,0.0000,0.0000,1.0000,0.0000,0.0000,0.0000,0.0000,0.0563,9.8040,0.0000,0.9437,0.0563,0.0000,0.0000,6.0000,0.0000,0.0001,-0.2273,-0.0046,0.2318
task003_nosolution,false,3,6.0000,9.0000,0.7500,1000,0.0802,0.0073,0.9125,0.1887,0.7325,0.0000,0.0000,0.0660,0.9200,0.0000,0.0000,0.0000,0.0000,0.2355,61.4610,0.0000,0.7645,0.2355,0.0000,0.0000,6.0000,0.0001,0.0001,-0.1489,-0.0002,0.1491
task003_nosolution,false,3,12.0000,1.0000,0.7500,1000,0.0011,0.0051,0.9938,0.1342,0.7882,0.0000,0.0000,0.0000,1.0000,0.0000,0.0000,0.0000,0.0000,0.0444,1.2870,0.0000,0.9556,0.0444,0.0000,0.0000,12.0000,0.0002,0.0002,-0.2280,-0.0024,0.2305
task003_nosolution,false,3,12.0000,2.0000,0.7500,1000,0.0007,0.0027,0.9966,0.1212,0.8103,0.0000,0.0000,0.0000,1.0000,0.0000,0.0000,0.0000,0.0000,0.0376,2.1780,0.0000,0.9624,0.0376,0.0000,0.0000,12.0000,-0.0001,0.0001,-0.2285,-0.0047,0.2332
task003_nosolution,false,3,12.0000,3.0000,0.7500,1000,0.0012,0.0035,0.9953,0.1261,0.8035,0.0000,0.0000,0.0000,1.0000,0.0000,0.0000,0.0000,0.0000,0.0449,3.9060,0.0000,0.9551,0.0449,0.0000,0.0000,12.0000,0.0001,0.0001,-0.2279,-0.0040,0.2319
task003_nosolution,false,3,12.0000,6.0000,0.7500,1000,0.0017,0.0028,0.9955,0.1290,0.8011,0.0000,0.0000,0.0000,1.0000,0.0000,0.0000,0.0000,0.0000,0.0494,8.5920,0.0000,0.9506,0.0494,0.0000,0.0000,12.0000,0.0001,0.0001,-0.2275,-0.0047,0.2322
task003_nosolution,false,3,12.0000,9.0000,0.7500,1000,0.0925,0.0077,0.8998,0.1910,0.7266,0.0000,0.0000,0.0850,0.8940,0.0000,0.0000,0.0000,0.0000,0.2366,61.7580,0.0000,0.7634,0.2366,0.0000,0.0000,12.0000,0.0000,0.0001,-0.1366,0.0002,0.1364
task003_nosolution,false,3,24.0000,1.0000,0.7500,1000,0.0006,0.0035,0.9959,0.1362,0.7876,0.0000,0.0000,0.0000,1.0000,0.0000,0.0000,0.0000,0.0000,0.0536,1.5550,0.0000,0.9464,0.0536,0.0000,0.0000,23.9942,0.0002,0.0002,-0.2285,-0.0040,0.2325
task003_nosolution,false,3,24.0000,2.0000,0.7500,1000,0.0008,0.0027,0.9965,0.1194,0.8121,0.0000,0.0000,0.0000,1.0000,0.0000,0.0000,0.0000,0.0000,0.0386,2.2360,0.0000,0.9614,0.0386,0.0000,0.0000,23.9949,0.0001,0.0001,-0.2283,-0.0048,0.2332
task003_nosolution,false,3,24.0000,3.0000,0.7500,1000,0.0005,0.0037,0.9958,0.1211,0.8081,0.0000,0.0000,0.0000,1.0000,0.0000,0.0000,0.0000,0.0000,0.0461,4.0110,0.0000,0.9539,0.0461,0.0000,0.0000,23.9955,0.0001,0.0001,-0.2286,-0.0038,0.2324
task003_nosolution,false,3,24.0000,6.0000,0.7500,1000,0.0027,0.0029,0.9944,0.1287,0.8041,0.0000,0.0000,0.0000,0.9990,0.0000,0.0000,0.0000,0.0000,0.0534,9.2940,0.0000,0.9466,0.0534,0.0000,0.0000,23.9959,0.0001,0.0001,-0.2264,-0.0046,0.2310
task003_nosolution,false,3,24.0000,9.0000,0.7500,1000,0.0803,0.0094,0.9103,0.1840,0.7356,0.0000,0.0000,0.0730,0.9050,0.0000,0.0000,0.0000,0.0000,0.2601,67.8960,0.0000,0.7399,0.2601,0.0000,0.0000,23.9974,0.0001,0.0001,-0.1488,0.0019,0.1469
task003_nosolution,false,6,3.0000,1.0000,0.7500,1000,0.0009,0.0014,0.9978,0.0949,0.8719,0.0000,0.0000,0.0000,1.0000,0.0000,0.0000,0.0000,0.0000,0.0536,1.5540,0.0000,0.9464,0.0536,0.0000,0.0000,3.0000,-0.0005,0.0001,-0.3526,-0.0001,0.3527
task003_nosolution,false,6,3.0000,2.0000,0.7500,1000,0.0003,0.0005,0.9992,0.0825,0.8887,0.0000,0.0000,0.0000,1.0000,0.0000,0.0000,0.0000,0.0000,0.0346,2.0060,0.0000,0.9654,0.0346,0.0000,0.0000,3.0000,0.0002,0.0000,-0.3532,-0.0009,0.3541
task003_nosolution,false,6,3.0000,3.0000,0.7500,1000,0.0006,0.0007,0.9987,0.0917,0.8800,0.0000,0.0000,0.0000,1.0000,0.0000,0.0000,0.0000,0.0000,0.0439,3.8190,0.0000,0.9561,0.0439,0.0000,0.0000,3.0000,-0.0002,0.0000,-0.3528,-0.0007,0.3536
task003_nosolution,false,6,3.0000,6.0000,0.7500,1000,0.0004,0.0005,0.9991,0.0918,0.8809,0.0000,0.0000,0.0000,1.0000,0.0000,0.0000,0.0000,0.0000,0.0437,7.5960,0.0000,0.9563,0.0437,0.0000,0.0000,3.0000,-0.0004,0.0000,-0.3531,-0.0010,0.3540
task003_nosolution,false,6,3.0000,9.0000,0.7500,1000,0.1335,0.0017,0.8648,0.1890,0.7753,0.0000,0.0000,0.1470,0.8470,0.0000,0.0000,0.0000,0.0000,0.2443,63.7740,0.0000,0.7557,0.2443,0.0000,0.0000,3.0000,-0.0004,0.0000,-0.2200,0.0003,0.2197
task003_nosolution,false,6,6.0000,1.0000,0.7500,1000,0.0004,0.0014,0.9982,0.0981,0.8671,0.0000,0.0000,0.0000,1.0000,0.0000,0.0000,0.0000,0.0000,0.0367,1.0630,0.0000,0.9633,0.0367,0.0000,0.0000,6.0000,-0.0003,0.0001,-0.3531,-0.0000,0.3531
task003_nosolution,false,6,6.0000,2.0000,0.7500,1000,0.0003,0.0004,0.9993,0.0848,0.8853,0.0000,0.0000,0.0000,1.0000,0.0000,0.0000,0.0000,0.0000,0.0265,1.5360,0.0000,0.9735,0.0265,0.0000,0.0000,6.0000,-0.0003,0.0000,-0.3532,-0.0011,0.3543
task003_nosolution,false,6,6.0000,3.0000,0.7500,1000,0.0004,0.0005,0.9990,0.0928,0.8777,0.0000,0.0000,0.0000,1.0000,0.0000,0.0000,0.0000,0.0000,0.0318,2.7630,0.0000,0.9682,0.0318,0.0000,0.0000,6.0000,-0.0003,0.0000,-0.3530,-0.0009,0.3540
task003_nosolution,false,6,6.0000,6.0000,0.7500,1000,0.0003,0.0006,0.9991,0.0930,0.8774,0.0000,0.0000,0.0000,1.0000,0.0000,0.0000,0.0000,0.0000,0.0334,5.8080,0.0000,0.9666,0.0334,0.0000,0.0000,6.0000,0.0000,0.0000,-0.3531,-0.0009,0.3540
task003_nosolution,false,6,6.0000,9.0000,0.7500,1000,0.2023,0.0027,0.7951,0.2360,0.7235,0.0000,0.0000,0.2370,0.7600,0.0000,0.0000,0.0000,0.0000,0.2891,75.4560,0.0000,0.7109,0.2891,0.0000,0.0000,6.0000,0.0000,0.0000,-0.1512,0.0012,0.1500
task003_nosolution,false,6,12.0000,1.0000,0.7500,1000,0.0005,0.0013,0.9983,0.0989,0.8660,0.0000,0.0000,0.0000,1.0000,0.0000,0.0000,0.0000,0.0000,0.0330,0.9580,0.0000,0.9670,0.0330,0.0000,0.0000,12.0000,-0.0000,0.0001,-0.3530,-0.0002,0.3532
task003_nosolution,false,6,12.0000,2.0000,0.7500,1000,0.0004,0.0004,0.9992,0.0863,0.8838,0.0000,0.0000,0.0000,1.0000,0.0000,0.0000,0.0000,0.0000,0.0231,1.3420,0.0000,0.9769,0.0231,0.0000,0.0000,12.0000,0.0001,0.0000,-0.3530,-0.0010,0.3541
task003_nosolution,false,6,12.0000,3.0000,0.7500,1000,0.0004,0.0010,0.9986,0.0901,0.8798,0.0000,0.0000,0.0000,1.0000,0.0000,0.0000,0.0000,0.0000,0.0262,2.2770,0.0000,0.9738,0.0262,0.0000,0.0000,12.0000,0.0001,0.0000,-0.3531,-0.0005,0.3535
task003_nosolution,false,6,12.0000,6.0000,0.7500,1000,0.0017,0.0005,0.9978,0.0927,0.8778,0.0000,0.0000,0.0020,0.9980,0.0000,0.0000,0.0000,0.0000,0.0320,5.5740,0.0000,0.9680,0.0320,0.0000,0.0000,12.0000,0.0001,0.0000,-0.3518,-0.0010,0.3527
task003_nosolution,false,6,12.0000,9.0000,0.7500,1000,0.1712,0.0027,0.8261,0.2122,0.7470,0.0000,0.0000,0.1960,0.7980,0.0000,0.0000,0.0000,0.0000,0.2587,67.5270,0.0000,0.7413,0.2587,0.0000,0.0000,12.0000,0.0004,0.0000,-0.1823,0.0013,0.1810
task003_nosolution,false,6,24.0000,1.0000,0.7500,1000,0.0014,0.0010,0.9976,0.0980,0.8671,0.0000,0.0000,0.0010,0.9990,0.0000,0.0000,0.0000,0.0000,0.0374,1.0840,0.0000,0.9626,0.0374,0.0000,0.0000,23.9985,0.0000,0.0000,-0.3520,-0.0005,0.3525
task003_nosolution,false,6,24.0000,2.0000,0.7500,1000,0.0007,0.0005,0.9989,0.0859,0.8842,0.0000,0.0000,0.0000,1.0000,0.0000,0.0000,0.0000,0.0000,0.0234,1.3580,0.0000,0.9766,0.0234,0.0000,0.0000,23.9987,0.0000,0.0000,-0.3528,-0.0010,0.3538
task003_nosolution,false,6,24.0000,3.0000,0.7500,1000,0.0003,0.0008,0.9988,0.0867,0.8837,0.0000,0.0000,0.0000,1.0000,0.0000,0.0000,0.0000,0.0000,0.0262,2.2800,0.0000,0.9738,0.0262,0.0000,0.0000,23.9988,0.0000,0.0000,-0.3531,-0.0006,0.3538
task003_nosolution,false,6,24.0000,6.0000,0.7500,1000,0.0007,0.0006,0.9987,0.0892,0.8818,0.0000,0.0000,0.0000,1.0000,0.0000,0.0000,0.0000,0.0000,0.0310,5.4000,0.0000,0.9690,0.0310,0.0000,0.0000,23.9990,0.0000,0.0000,-0.3528,-0.0008,0.3536
task003_nosolution,false,6,24.0000,9.0000,0.7500,1000,0.0994,0.0035,0.8972,0.1613,0.8012,0.0000,0.0000,0.1060,0.8840,0.0000,0.0000,0.0000,0.0000,0.2211,57.6990,0.0000,0.7789,0.2211,0.0000,0.0000,23.9991,0.0000,0.0000,-0.2541,0.0020,0.2521
task003_nosolution,false,12,3.0000,1.0000,0.7500,1000,0.0408,0.0008,0.9585,0.1057,0.8754,0.0000,0.0000,0.0470,0.9510,0.0000,0.0000,0.0000,0.0000,0.1157,3.3540,0.0000,0.8843,0.1157,0.0000,0.0000,3.0000,-0.0004,0.0000,-0.3926,-0.0029,0.3955
task003_nosolution,false,12,3.0000,2.0000,0.7500,1000,0.0098,0.0006,0.9896,0.0745,0.9096,0.0000,0.0000,0.0110,0.9890,0.0000,0.0000,0.0000,0.0000,0.0455,2.6380,0.0000,0.9545,0.0455,0.0000,0.0000,3.0000,0.0002,0.0000,-0.4236,-0.0031,0.4267
task003_nosolution,false,12,3.0000,3.0000,0.7500,1000,0.0195,0.0004,0.9801,0.0899,0.8945,0.0000,0.0000,0.0220,0.9780,0.0000,0.0000,0.0000,0.0000,0.0674,5.8620,0.0000,0.9326,0.0674,0.0000,0.0000,3.0000,-0.0002,0.0000,-0.4140,-0.0033,0.4172
task003_nosolution,false,12,3.0000,6.0000,0.7500,1000,0.0148,0.0006,0.9846,0.0867,0.8974,0.0000,0.0000,0.0160,0.9830,0.0000,0.0000,0.0000,0.0000,0.0626,10.8840,0.0000,0.9374,0.0626,0.0000,0.0000,3.0000,0.0002,0.0000,-0.4186,-0.0031,0.4217
task003_nosolution,false,12,3.0000,9.0000,0.7500,1000,0.3118,0.0003,0.6880,0.3094,0.6742,0.0000,0.0000,0.3240,0.6760,0.0000,0.0000,0.0000,0.0000,0.3398,88.6860,0.0000,0.6602,0.3398,0.0000,0.0000,3.0000,-0.0004,0.0000,-0.1217,-0.0034,0.1251
task003_nosolution,false,12,6.0000,1.0000,0.7500,1000,0.0377,0.0010,0.9613,0.1067,0.8742,0.0000,0.0000,0.0440,0.9540,0.0000,0.0000,0.0000,0.0000,0.0951,2.7590,0.0000,0.9049,0.0951,0.0000,0.0000,6.0000,0.0002,0.0000,-0.3957,-0.0026,0.3984
task003_nosolution,false,12,6.0000,2.0000,0.7500,1000,0.0113,0.0006,0.9880,0.0788,0.9045,0.0000,0.0000,0.0120,0.9870,0.0000,0.0000,0.0000,0.0000,0.0401,2.3260,0.0000,0.9599,0.0401,0.0000,0.0000,6.0000,0.0001,0.0000,-0.4221,-0.0030,0.4251
task003_nosolution,false,12,6.0000,3.0000,0.7500,1000,0.0225,0.0007,0.9768,0.0917,0.8917,0.0000,0.0000,0.0260,0.9710,0.0000,0.0000,0.0000,0.0000,0.0567,4.9320,0.0000,0.9433,0.0567,0.0000,0.0000,6.0000,-0.0001,0.0000,-0.4109,-0.0030,0.4139
task003_nosolution,false,12,6.0000,6.0000,0.7500,1000,0.0271,0.0005,0.9724,0.0939,0.8897,0.0000,0.0000,0.0310,0.9670,0.0000,0.0000,0.0000,0.0000,0.0612,10.6440,0.0000,0.9388,0.0612,0.0000,0.0000,6.0000,0.0002,0.0000,-0.4063,-0.0032,0.4095
task003_nosolution,false,12,6.0000,9.0000,0.7500,1000,0.3004,0.0005,0.6990,0.3036,0.6787,0.0000,0.0000,0.3080,0.6920,0.0000,0.0000,0.0000,0.0000,0.3214,83.8800,0.0000,0.6786,0.3214,0.0000,0.0000,6.0000,0.0001,0.0000,-0.1330,-0.0031,0.1361
task003_nosolution,false,12,12.0000,1.0000,0.7500,1000,0.0374,0.0009,0.9617,0.1051,0.8757,0.0000,0.0000,0.0450,0.9530,0.0000,0.0000,0.0000,0.0000,0.0827,2.3980,0.0000,0.9173,0.0827,0.0000,0.0000,12.0000,0.0002,0.0000,-0.3960,-0.0028,0.3988
task003_nosolution,false,12,12.0000,2.0000,0.7500,1000,0.0124,0.0007,0.9870,0.0796,0.9034,0.0000,0.0000,0.0140,0.9850,0.0000,0.0000,0.0000,0.0000,0.0361,2.0960,0.0000,0.9639,0.0361,0.0000,0.0000,12.0000,-0.0001,0.0000,-0.4210,-0.0030,0.4240
task003_nosolution,false,12,12.0000,3.0000,0.7500,1000,0.0250,0.0005,0.9745,0.0903,0.8927,0.0000,0.0000,0.0280,0.9720,0.0000,0.0000,0.0000,0.0000,0.0501,4.3620,0.0000,0.9499,0.0501,0.0000,0.0000,12.0000,-0.0002,0.0000,-0.4085,-0.0031,0.4116
task003_nosolution,false,12,12.0000,6.0000,0.7500,1000,0.0346,0.0004,0.9650,0.0977,0.8855,0.0000,0.0000,0.0400,0.9600,0.0000,0.0000,0.0000,0.0000,0.0626,10.8900,0.0000,0.9374,0.0626,0.0000,0.0000,12.0000,0.0001,0.0000,-0.3988,-0.0033,0.4021
task003_nosolution,false,12,12.0000,9.0000,0.7500,1000,0.2820,0.0005,0.7175,0.2889,0.6928,0.0000,0.0000,0.2880,0.7120,0.0000,0.0000,0.0000,0.0000,0.3083,80.4600,0.0000,0.6917,0.3083,0.0000,0.0000,12.0000,-0.0006,0.0000,-0.1515,-0.0032,0.1546
task003_nosolution,false,12,24.0000,1.0000,0.7500,1000,0.0273,0.0008,0.9719,0.0961,0.8853,0.0000,0.0000,0.0320,0.9670,0.0000,0.0000,0.0000,0.0000,0.0701,2.0320,0.0000,0.9299,0.0701,0.0000,0.0000,23.9986,0.0000,0.0000,-0.4061,-0.0029,0.4090
task003_nosolution,false,12,24.0000,2.0000,0.7500,1000,0.0103,0.0007,0.9890,0.0777,0.9053,0.0000,0.0000,0.0120,0.9880,0.0000,0.0000,0.0000,0.0000,0.0352,2.0420,0.0000,0.9648,0.0352,0.0000,0.0000,23.9988,0.0000,0.0000,-0.4232,-0.0030,0.4261
task003_nosolution,false,12,24.0000,3.0000,0.7500,1000,0.0130,0.0005,0.9865,0.0795,0.9038,0.0000,0.0000,0.0150,0.9850,0.0000,0.0000,0.0000,0.0000,0.0375,3.2640,0.0000,0.9625,0.0375,0.0000,0.0000,23.9988,0.0000,0.0000,-0.4204,-0.0032,0.4236
task003_nosolution,false,12,24.0000,6.0000,0.7500,1000,0.0122,0.0003,0.9875,0.0815,0.9023,0.0000,0.0000,0.0130,0.9860,0.0000,0.0000,0.0000,0.0000,0.0416,7.2300,0.0000,0.9584,0.0416,0.0000,0.0000,23.9988,0.0000,0.0000,-0.4212,-0.0033,0.4245
task003_nosolution,false,12,24.0000,9.0000,0.7500,1000,0.2011,0.0005,0.7984,0.2108,0.7704,0.0000,0.0000,0.2080,0.7900,0.0000,0.0000,0.0000,0.0000,0.2492,65.0340,0.0000,0.7508,0.2492,0.0000,0.0000,23.9991,0.0000,0.0000,-0.2323,-0.0032,0.2355
task003_nosolution,false,3,3.0000,1.0000,1.0000,1000,0.0000,0.0000,1.0000,0.1324,0.8675,0.0000,0.0000,0.0000,1.0000,0.0000,0.0000,0.0000,0.0000,0.0569,1.6500,0.0000,0.9431,0.0569,0.0000,0.0000,3.0000,0.0005,0.0000,-0.3882,0.0000,0.3882
task003_nosolution,false,3,3.0000,2.0000,1.0000,1000,0.0000,0.0000,1.0000,0.0944,0.9056,0.0000,0.0000,0.0000,1.0000,0.0000,0.0000,0.0000,0.0000,0.0514,2.9800,0.0000,0.9486,0.0514,0.0000,0.0000,3.0000,0.0003,0.0000,-0.3882,0.0000,0.3882
task003_nosolution,false,3,3.0000,3.0000,1.0000,1000,0.0083,0.0000,0.9918,0.1441,0.8559,0.0000,0.0000,0.0030,0.9930,0.0000,0.0000,0.0000,0.0000,0.0780,6.7860,0.0000,0.9220,0.0780,0.0000,0.0000,3.0000,-0.0005,0.0000,-0.3800,0.0000,0.3800
task003_nosolution,false,3,3.0000,6.0000,1.0000,1000,0.0409,0.0000,0.9591,0.1680,0.8320,0.0000,0.0000,0.0150,0.9740,0.0000,0.0000,0.0000,0.0000,0.1159,20.1720,0.0000,0.8841,0.1159,0.0000,0.0000,3.0000,0.0004,0.0000,-0.3473,0.0000,0.3473
task003_nosolution,false,3,3.0000,9.0000,1.0000,1000,0.6004,0.0000,0.3996,0.5287,0.4712,0.0000,0.0000,0.6020,0.3960,0.0000,0.0000,0.0000,0.0000,0.5561,145.1520,0.0000,0.4439,0.5561,0.0000,0.0000,3.0000,0.0011,0.0000,0.2122,0.0000,-0.2122
task003_nosolution,false,3,6.0000,1.0000,1.0000,1000,0.0000,0.0000,1.0000,0.1311,0.8688,0.0000,0.0000,0.0000,1.0000,0.0000,0.0000,0.0000,0.0000,0.0491,1.4250,0.0000,0.9509,0.0491,0.0000,0.0000,6.0000,-0.0001,0.0000,-0.3882,0.0000,0.3882
task003_nosolution,false,3,6.0000,2.0000,1.0000,1000,0.0028,0.0000,0.9972,0.0989,0.9011,0.0000,0.0000,0.0030,0.9970,0.0000,0.0000,0.0000,0.0000,0.0450,2.6120,0.0000,0.9550,0.0450,0.0000,0.0000,6.0000,0.0001,0.0000,-0.3855,0.0000,0.3855
task003_nosolution,false,3,6.0000,3.0000,1.0000,1000,0.0243,0.0000,0.9758,0.1475,0.8524,0.0000,0.0000,0.0110,0.9780,0.0000,0.0000,0.0000,0.0000,0.0754,6.5610,0.0000,0.9246,0.0754,0.0000,0.0000,6.0000,-0.0001,0.0000,-0.3640,0.0000,0.3640
task003_nosolution,false,3,6.0000,6.0000,1.0000,1000,0.0478,0.0000,0.9523,0.1715,0.8284,0.0000,0.0000,0.0270,0.9590,0.0000,0.0000,0.0000,0.0000,0.1010,17.5740,0.0000,0.8990,0.1010,0.0000,0.0000,6.0000,-0.0003,0.0000,-0.3405,0.0000,0.3405
task003_nosolution,false,3,6.0000,9.0000,1.0000,1000,0.5448,0.0000,0.4552,0.4950,0.5049,0.0000,0.0000,0.5440,0.4540,0.0000,0.0000,0.0000,0.0000,0.5123,133.7220,0.0000,0.4877,0.5123,0.0000,0.0000,6.0000,0.0002,0.0000,0.1566,0.0000,-0.1566
task003_nosolution,false,3,12.0000,1.0000,1.0000,1000,0.0011,0.0000,0.9989,0.1312,0.8687,0.0000,0.0000,0.0000,1.0000,0.0000,0.0000,0.0000,0.0000,0.0480,1.3910,0.0000,0.9520,0.0480,0.0000,0.0000,12.0000,0.0003,0.0000,-0.3872,0.0000,0.3872
task003_nosolution,false,3,12.0000,2.0000,1.0000,1000,0.0070,0.0000,0.9930,0.1034,0.8965,0.0000,0.0000,0.0040,0.9950,0.0000,0.0000,0.0000,0.0000,0.0453,2.6260,0.0000,0.9547,0.0453,0.0000,0.0000,12.0000,-0.0001,0.0000,-0.3812,0.0000,0.3812
task003_nosolution,false,3,12.0000,3.0000,1.0000,1000,0.0251,0.0000,0.9749,0.1397,0.8602,0.0000,0.0000,0.0140,0.9770,0.0000,0.0000,0.0000,0.0000,0.0702,6.1080,0.0000,0.9298,0.0702,0.0000,0.0000,12.0000,-0.0001,0.0000,-0.3631,0.0000,0.3631
task003_nosolution,false,3,12.0000,6.0000,1.0000,1000,0.0407,0.0000,0.9593,0.1595,0.8404,0.0000,0.0000,0.0250,0.9620,0.0000,0.0000,0.0000,0.0000,0.0898,15.6180,0.0000,0.9102,0.0898,0.0000,0.0000,12.0000,-0.0001,0.0000,-0.3475,0.0000,0.3475
task003_nosolution,false,3,12.0000,9.0000,1.0000,1000,0.5147,0.0000,0.4853,0.4784,0.5215,0.0000,0.0000,0.5110,0.4860,0.0000,0.0000,0.0000,0.0000,0.4975,129.8430,0.0000,0.5025,0.4975,0.0000,0.0000,12.0000,-0.0004,0.0000,0.1265,0.0000,-0.1265
task003_nosolution,false,3,24.0000,1.0000,1.0000,1000,0.0027,0.0000,0.9973,0.1233,0.8766,0.0000,0.0000,0.0020,0.9980,0.0000,0.0000,0.0000,0.0000,0.0608,1.7620,0.0000,0.9392,0.0608,0.0000,0.0000,24.0000,0.0000,0.0000,-0.3856,0.0000,0.3856
task003_nosolution,false,3,24.0000,2.0000,1.0000,1000,0.0014,0.0000,0.9986,0.0973,0.9027,0.0000,0.0000,0.0000,0.9990,0.0000,0.0000,0.0000,0.0000,0.0387,2.2460,0.0000,0.9613,0.0387,0.0000,0.0000,24.0000,0.0000,0.0000,-0.3869,0.0000,0.3869
task003_nosolution,false,3,24.0000,3.0000,1.0000,1000,0.0106,0.0000,0.9894,0.1197,0.8803,0.0000,0.0000,0.0090,0.9910,0.0000,0.0000,0.0000,0.0000,0.0581,5.0580,0.0000,0.9419,0.0581,0.0000,0.0000,24.0000,0.0000,0.0000,-0.3776,0.0000,0.3776
task003_nosolution,false,3,24.0000,6.0000,1.0000,1000,0.0147,0.0000,0.9853,0.1314,0.8685,0.0000,0.0000,0.0080,0.9860,0.0000,0.0000,0.0000,0.0000,0.0720,12.5220,0.0000,0.9280,0.0720,0.0000,0.0000,24.0000,0.0000,0.0000,-0.3735,0.0000,0.3735
task003_nosolution,false,3,24.0000,9.0000,1.0000,1000,0.3221,0.0000,0.6779,0.3611,0.6388,0.0000,0.0000,0.3120,0.6600,0.0000,0.0000,0.0000,0.0000,0.4356,113.6790,0.0000,0.5644,0.4356,0.0000,0.0000,24.0000,0.0000,0.0000,-0.0661,0.0000,0.0661
task003_nosolution,false,6,3.0000,1.0000,1.0000,1000,0.0130,0.0000,0.9870,0.1748,0.8244,0.0000,0.0000,0.0130,0.9870,0.0000,0.0000,0.0000,0.0000,0.0627,1.8180,0.0000,0.9373,0.0627,0.0000,0.0000,3.0000,0.0001,0.0000,-0.4088,0.0000,0.4088
task003_nosolution,false,6,3.0000,2.0000,1.0000,1000,0.0000,0.0000,1.0000,0.1130,0.8870,0.0000,0.0000,0.0000,1.0000,0.0000,0.0000,0.0000,0.0000,0.0300,1.7420,0.0000,0.9700,0.0300,0.0000,0.0000,3.0000,-0.0001,0.0000,-0.4218,0.0000,0.4218
task003_nosolution,false,6,3.0000,3.0000,1.0000,1000,0.0134,0.0000,0.9866,0.1685,0.8314,0.0000,0.0000,0.0120,0.9830,0.0000,0.0000,0.0000,0.0000,0.0571,4.9650,0.0000,0.9429,0.0571,0.0000,0.0000,3.0000,-0.0001,0.0000,-0.4085,0.0000,0.4085
task003_nosolution,false,6,3.0000,6.0000,1.0000,1000,0.0744,0.0000,0.9256,0.2078,0.7922,0.0000,0.0000,0.0510,0.9200,0.0000,0.0000,0.0000,0.0000,0.1418,24.6780,0.0000,0.8582,0.1418,0.0000,0.0000,3.0000,0.0008,0.0000,-0.3474,0.0000,0.3474
task003_nosolution,false,6,3.0000,9.0000,1.0000,1000,0.5486,0.0000,0.4514,0.4902,0.5098,0.0000,0.0000,0.5490,0.4500,0.0000,0.0000,0.0000,0.0000,0.5139,134.1270,0.0000,0.4861,0.5139,0.0000,0.0000,3.0000,0.0004,0.0000,0.1268,0.0000,-0.1268
task003_nosolution,false,6,6.0000,1.0000,1.0000,1000,0.0044,0.0000,0.9956,0.1666,0.8331,0.0000,0.0000,0.0040,0.9960,0.0000,0.0000,0.0000,0.0000,0.0478,1.3860,0.0000,0.9522,0.0478,0.0000,0.0000,6.0000,-0.0003,0.0000,-0.4174,0.0000,0.4174
task003_nosolution,false,6,6.0000,2.0000,1.0000,1000,0.0035,0.0000,0.9965,0.1177,0.8823,0.0000,0.0000,0.0040,0.9960,0.0000,0.0000,0.0000,0.0000,0.0310,1.8000,0.0000,0.9690,0.0310,0.0000,0.0000,6.0000,-0.0000,0.0000,-0.4183,0.0000,0.4183
task003_nosolution,false,6,6.0000,3.0000,1.0000,1000,0.0253,0.0000,0.9748,0.1689,0.8310,0.0000,0.0000,0.0210,0.9760,0.0000,0.0000,0.0000,0.0000,0.0666,5.7900,0.0000,0.9334,0.0666,0.0000,0.0000,6.0000,-0.0000,0.0000,-0.3966,0.0000,0.3966
task003_nosolution,false,6,6.0000,6.0000,1.0000,1000,0.0955,0.0000,0.9045,0.2134,0.7866,0.0000,0.0000,0.0790,0.8910,0.0000,0.0000,0.0000,0.0000,0.1561,27.1560,0.0000,0.8439,0.1561,0.0000,0.0000,6.0000,0.0002,0.0000,-0.3263,0.0000,0.3263
task003_nosolution,false,6,6.0000,9.0000,1.0000,1000,0.5231,0.0000,0.4769,0.4764,0.5236,0.0000,0.0000,0.5230,0.4760,0.0000,0.0000,0.0000,0.0000,0.4944,129.0330,0.0000,0.5056,0.4944,0.0000,0.0000,6.0000,-0.0002,0.0000,0.1013,0.0000,-0.1013
task003_nosolution,false,6,12.0000,1.0000,1.0000,1000,0.0030,0.0000,0.9970,0.1602,0.8396,0.0000,0.0000,0.0030,0.9970,0.0000,0.0000,0.0000,0.0000,0.0417,1.2100,0.0000,0.9583,0.0417,0.0000,0.0000,12.0000,0.0001,0.0000,-0.4188,0.0000,0.4188
task003_nosolution,false,6,12.0000,2.0000,1.0000,1000,0.0039,0.0000,0.9961,0.1168,0.8832,0.0000,0.0000,0.0060,0.9940,0.0000,0.0000,0.0000,0.0000,0.0277,1.6040,0.0000,0.9723,0.0277,0.0000,0.0000,12.0000,-0.0000,0.0000,-0.4180,0.0000,0.4180
task003_nosolution,false,6,12.0000,3.0000,1.0000,1000,0.0212,0.0000,0.9788,0.1532,0.8468,0.0000,0.0000,0.0150,0.9740,0.0000,0.0000,0.0000,0.0000,0.0567,4.9350,0.0000,0.9433,0.0567,0.0000,0.0000,12.0000,-0.0000,0.0000,-0.4006,0.0000,0.4006
task003_nosolution,false,6,12.0000,6.0000,1.0000,1000,0.0640,0.0000,0.9360,0.1913,0.8087,0.0000,0.0000,0.0500,0.9320,0.0000,0.0000,0.0000,0.0000,0.1207,20.9940,0.0000,0.8793,0.1207,0.0000,0.0000,12.0000,-0.0001,0.0000,-0.3578,0.0000,0.3578
task003_nosolution,false,6,12.0000,9.0000,1.0000,1000,0.4567,0.0000,0.5433,0.4360,0.5640,0.0000,0.0000,0.4570,0.5400,0.0000,0.0000,0.0000,0.0000,0.4518,117.9090,0.0000,0.5482,0.4518,0.0000,0.0000,12.0000,-0.0002,0.0000,0.0349,0.0000,-0.0349
task003_nosolution,false,6,24.0000,1.0000,1.0000,1000,0.0023,0.0000,0.9977,0.1477,0.8521,0.0000,0.0000,0.0020,0.9980,0.0000,0.0000,0.0000,0.0000,0.0418,1.2130,0.0000,0.9582,0.0418,0.0000,0.0000,24.0000,0.0000,0.0000,-0.4195,0.0000,0.4195
task003_nosolution,false,6,24.0000,2.0000,1.0000,1000,0.0015,0.0000,0.9985,0.1144,0.8856,0.0000,0.0000,0.0010,0.9980,0.0000,0.0000,0.0000,0.0000,0.0262,1.5200,0.0000,0.9738,0.0262,0.0000,0.0000,24.0000,0.0000,0.0000,-0.4203,0.0000,0.4203
task003_nosolution,false,6,24.0000,3.0000,1.0000,1000,0.0022,0.0000,0.9978,0.1317,0.8683,0.0000,0.0000,0.0010,0.9980,0.0000,0.0000,0.0000,0.0000,0.0311,2.7030,0.0000,0.9689,0.0311,0.0000,0.0000,24.0000,0.0000,0.0000,-0.4196,0.0000,0.4196
task003_nosolution,false,6,24.0000,6.0000,1.0000,1000,0.0289,0.0000,0.9711,0.1630,0.8369,0.0000,0.0000,0.0170,0.9740,0.0000,0.0000,0.0000,0.0000,0.0761,13.2480,0.0000,0.9239,0.0761,0.0000,0.0000,24.0000,0.0000,0.0000,-0.3929,0.0000,0.3929
task003_nosolution,false,6,24.0000,9.0000,1.0000,1000,0.2382,0.0000,0.7618,0.3133,0.6867,0.0000,0.0000,0.2330,0.7550,0.0000,0.0000,0.0000,0.0000,0.3302,86.1750,0.0000,0.6698,0.3302,0.0000,0.0000,24.0000,0.0000,0.0000,-0.1837,0.0000,0.1837
task003_nosolution,false,12,3.0000,1.0000,1.0000,1000,0.0593,0.0000,0.9407,0.2248,0.7713,0.0000,0.0000,0.0590,0.9410,0.0000,0.0000,0.0000,0.0000,0.1263,3.6640,0.0000,0.8737,0.1263,0.0000,0.0000,3.0000,0.0001,0.0000,-0.4112,-0.0020,0.4133
task003_nosolution,false,12,3.0000,2.0000,1.0000,1000,0.0000,0.0000,1.0000,0.1328,0.8671,0.0000,0.0000,0.0000,1.0000,0.0000,0.0000,0.0000,0.0000,0.0257,1.4900,0.0000,0.9743,0.0257,0.0000,0.0000,3.0000,0.0001,0.0000,-0.4705,-0.0020,0.4725
task003_nosolution,false,12,3.0000,3.0000,1.0000,1000,0.0099,0.0000,0.9901,0.1981,0.8019,0.0000,0.0000,0.0040,0.9910,0.0000,0.0000,0.0000,0.0000,0.0465,4.0470,0.0000,0.9535,0.0465,0.0000,0.0000,3.0000,0.0001,0.0000,-0.4607,-0.0020,0.4627
task003_nosolution,false,12,3.0000,6.0000,1.0000,1000,0.0684,0.0000,0.9316,0.2289,0.7710,0.0000,0.0000,0.0490,0.9350,0.0000,0.0000,0.0000,0.0000,0.1413,24.5880,0.0000,0.8587,0.1413,0.0000,0.0000,3.0000,0.0001,0.0000,-0.4021,-0.0020,0.4041
task003_nosolution,false,12,3.0000,9.0000,1.0000,1000,0.5108,0.0000,0.4892,0.4644,0.5356,0.0000,0.0000,0.5100,0.4880,0.0000,0.0000,0.0000,0.0000,0.4962,129.5100,0.0000,0.5038,0.4962,0.0000,0.0000,3.0000,0.0001,0.0000,0.0403,-0.0020,-0.0383
task003_nosolution,false,12,6.0000,1.0000,1.0000,1000,0.0480,0.0000,0.9520,0.2141,0.7828,0.0000,0.0000,0.0480,0.9520,0.0000,0.0000,0.0000,0.0000,0.1032,2.9920,0.0000,0.8968,0.1032,0.0000,0.0000,6.0000,-0.0002,0.0000,-0.4225,-0.0020,0.4245
task003_nosolution,false,12,6.0000,2.0000,1.0000,1000,0.0015,0.0000,0.9985,0.1351,0.8648,0.0000,0.0000,0.0010,0.9980,0.0000,0.0000,0.0000,0.0000,0.0258,1.4980,0.0000,0.9742,0.0258,0.0000,0.0000,6.0000,0.0001,0.0000,-0.4690,-0.0020,0.4710
task003_nosolution,false,12,6.0000,3.0000,1.0000,1000,0.0211,0.0000,0.9789,0.1943,0.8056,0.0000,0.0000,0.0190,0.9770,0.0000,0.0000,0.0000,0.0000,0.0599,5.2140,0.0000,0.9401,0.0599,0.0000,0.0000,6.0000,0.0005,0.0000,-0.4495,-0.0020,0.4515
task003_nosolution,false,12,6.0000,6.0000,1.0000,1000,0.0908,0.0000,0.9092,0.2323,0.7677,0.0000,0.0000,0.0660,0.9090,0.0000,0.0000,0.0000,0.0000,0.1751,30.4620,0.0000,0.8249,0.1751,0.0000,0.0000,6.0000,0.0001,0.0000,-0.3797,-0.0020,0.3817
task003_nosolution,false,12,6.0000,9.0000,1.0000,1000,0.4970,0.0000,0.5030,0.4574,0.5426,0.0000,0.0000,0.4970,0.5030,0.0000,0.0000,0.0000,0.0000,0.4780,124.7670,0.0000,0.5220,0.4780,0.0000,0.0000,6.0000,0.0004,0.0000,0.0265,-0.0020,-0.0245
task003_nosolution,false,12,12.0000,1.0000,1.0000,1000,0.0380,0.0000,0.9620,0.2004,0.7970,0.0000,0.0000,0.0380,0.9620,0.0000,0.0000,0.0000,0.0000,0.0849,2.4610,0.0000,0.9151,0.0849,0.0000,0.0000,12.0000,-0.0000,0.0000,-0.4325,-0.0020,0.4345
task003_nosolution,false,12,12.0000,2.0000,1.0000,1000,0.0006,0.0000,0.9994,0.1340,0.8660,0.0000,0.0000,0.0010,0.9990,0.0000,0.0000,0.0000,0.0000,0.0229,1.3280,0.0000,0.9771,0.0229,0.0000,0.0000,12.0000,-0.0001,0.0000,-0.4700,-0.0020,0.4720
task003_nosolution,false,12,12.0000,3.0000,1.0000,1000,0.0079,0.0000,0.9921,0.1733,0.8266,0.0000,0.0000,0.0080,0.9900,0.0000,0.0000,0.0000,0.0000,0.0370,3.2220,0.0000,0.9630,0.0370,0.0000,0.0000,12.0000,-0.0002,0.0000,-0.4626,-0.0020,0.4646
task003_nosolution,false,12,12.0000,6.0000,1.0000,1000,0.0664,0.0000,0.9336,0.2109,0.7891,0.0000,0.0000,0.0570,0.9250,0.0000,0.0000,0.0000,0.0000,0.1322,23.0040,0.0000,0.8678,0.1322,0.0000,0.0000,12.0000,-0.0002,0.0000,-0.4042,-0.0020,0.4062
task003_nosolution,false,12,12.0000,9.0000,1.0000,1000,0.3915,0.0000,0.6085,0.3955,0.6045,0.0000,0.0000,0.3890,0.6070,0.0000,0.0000,0.0000,0.0000,0.3918,102.2670,0.0000,0.6082,0.3918,0.0000,0.0000,12.0000,-0.0001,0.0000,-0.0791,-0.0020,0.0811
task003_nosolution,false,12,24.0000,1.0000,1.0000,1000,0.0340,0.0000,0.9660,0.1876,0.8101,0.0000,0.0000,0.0340,0.9660,0.0000,0.0000,0.0000,0.0000,0.0732,2.1230,0.0000,0.9268,0.0732,0.0000,0.0000,24.0000,0.0000,0.0000,-0.4365,-0.0020,0.4385
task003_nosolution,false,12,24.0000,2.0000,1.0000,1000,0.0000,0.0000,1.0000,0.1316,0.8683,0.0000,0.0000,0.0000,1.0000,0.0000,0.0000,0.0000,0.0000,0.0221,1.2820,0.0000,0.9779,0.0221,0.0000,0.0000,24.0000,0.0000,0.0000,-0.4705,-0.0020,0.4725
task003_nosolution,false,12,24.0000,3.0000,1.0000,1000,0.0000,0.0000,1.0000,0.1541,0.8458,0.0000,0.0000,0.0000,1.0000,0.0000,0.0000,0.0000,0.0000,0.0227,1.9740,0.0000,0.9773,0.0227,0.0000,0.0000,24.0000,0.0000,0.0000,-0.4705,-0.0020,0.4725
task003_nosolution,false,12,24.0000,6.0000,1.0000,1000,0.0191,0.0000,0.9809,0.1807,0.8193,0.0000,0.0000,0.0140,0.9820,0.0000,0.0000,0.0000,0.0000,0.0548,9.5400,0.0000,0.9452,0.0548,0.0000,0.0000,24.0000,0.0000,0.0000,-0.4515,-0.0020,0.4535
task003_nosolution,false,12,24.0000,9.0000,1.0000,1000,0.1791,0.0000,0.8209,0.2839,0.7160,0.0000,0.0000,0.1750,0.8150,0.0000,0.0000,0.0000,0.0000,0.2398,62.5860,0.0000,0.7602,0.2398,0.0000,0.0000,24.0000,0.0000,0.0000,-0.2915,-0.0020,0.2935
task003_nosolution,silent,3,,,0.7500,1000,0.2291,0.0075,0.7634,0.2755,0.6188,0.0000,0.0000,0.2290,0.7620,0.0000,0.0000,0.0000,0.0000,,,,,,,,,,,0.0000,0.0000,0.0000
task003_nosolution,silent,6,,,0.7500,1000,0.3535,0.0015,0.6451,0.3252,0.6137,0.0000,0.0000,0.3600,0.6400,0.0000,0.0000,0.0000,0.0000,,,,,,,,,,,0.0000,0.0000,0.0000
task003_nosolution,silent,12,,,0.7500,1000,0.4334,0.0037,0.5629,0.3804,0.5774,0.0000,0.0000,0.4380,0.5590,0.0000,0.0000,0.0000,0.0000,,,,,,,,,,,0.0000,0.0000,0.0000
task003_nosolution,silent,3,,,1.0000,1000,0.3882,0.0000,0.6118,0.3918,0.6023,0.0000,0.0000,0.3600,0.5910,0.0000,0.0000,0.0000,0.0000,,,,,,,,,,,0.0000,0.0000,0.0000
task003_nosolution,silent,6,,,1.0000,1000,0.4218,0.0000,0.5782,0.4026,0.5877,0.0000,0.0000,0.4090,0.5580,0.0000,0.0000,0.0000,0.0000,,,,,,,,,,,0.0000,0.0000,0.0000
task003_nosolution,silent,12,,,1.0000,1000,0.4705,0.0020,0.5275,0.4278,0.5553,0.0000,0.0000,0.4690,0.5190,0.0000,0.0000,0.0000,0.0000,,,,,,,,,,,0.0000,0.0000,0.0000
task003_nosolution,truth,3,3.0000,1.0000,0.7500,1000,0.9653,0.0222,0.0125,0.7474,0.1318,0.0000,0.0000,0.9990,0.0000,0.0000,0.0000,0.0000,0.0000,0.1975,5.7270,0.0000,0.8025,0.1975,0.0000,0.0000,3.0000,0.0014,0.0001,0.7362,0.0147,-0.7509
task003_nosolution,truth,3,3.0000,2.0000,0.7500,1000,0.9655,0.0191,0.0154,0.7549,0.1243,0.0000,0.0000,1.0000,0.0000,0.0000,0.0000,0.0000,0.0000,0.1889,10.9580,0.0000,0.8111,0.1889,0.0000,0.0000,3.0000,0.0008,0.0001,0.7364,0.0116,-0.7480
task003_nosolution,truth,3,3.0000,3.0000,0.7500,1000,0.9686,0.0184,0.0130,0.7560,0.1232,0.0000,0.0000,1.0000,0.0000,0.0000,0.0000,0.0000,0.0000,0.1914,16.6530,0.0000,0.8086,0.1914,0.0000,0.0000,3.0000,0.0019,0.0001,0.7395,0.0109,-0.7504
task003_nosolution,truth,3,3.0000,6.0000,0.7500,1000,0.9607,0.0230,0.0163,0.7432,0.1292,0.0000,0.0000,1.0000,0.0000,0.0000,0.0000,0.0000,0.0000,0.2313,40.2480,0.0000,0.7687,0.2313,0.0000,0.0000,3.0000,0.0006,0.0000,0.7316,0.0155,-0.7471
task003_nosolution,truth,3,3.0000,9.0000,0.7500,1000,0.8832,0.0310,0.0858,0.6614,0.2037,0.0000,0.0000,0.9830,0.0110,0.0000,0.0000,0.0000,0.0000,0.4236,110.5650,0.0000,0.5764,0.4236,0.0000,0.0000,3.0000,-0.0001,0.0000,0.6540,0.0235,-0.6776
task003_nosolution,truth,3,6.0000,1.0000,0.7500,1000,0.9631,0.0207,0.0162,0.7363,0.1426,0.0000,0.0000,1.0000,0.0000,0.0000,0.0000,0.0000,0.0000,0.1296,3.7590,0.0000,0.8704,0.1296,0.0000,0.0000,6.0000,0.0004,0.0001,0.7340,0.0132,-0.7472
task003_nosolution,truth,3,6.0000,2.0000,0.7500,1000,0.9662,0.0189,0.0149,0.7445,0.1310,0.0000,0.0000,1.0000,0.0000,0.0000,0.0000,0.0000,0.0000,0.1248,7.2380,0.0000,0.8752,0.1248,0.0000,0.0000,6.0000,-0.0001,0.0001,0.7370,0.0114,-0.7485
task003_nosolution,truth,3,6.0000,3.0000,0.7500,1000,0.9680,0.0182,0.0138,0.7481,0.1289,0.0000,0.0000,1.0000,0.0000,0.0000,0.0000,0.0000,0.0000,0.1184,10.3020,0.0000,0.8816,0.1184,0.0000,0.0000,6.0000,0.0008,0.0001,0.7389,0.0107,-0.7496
task003_nosolution,truth,3,6.0000,6.0000,0.7500,1000,0.9560,0.0236,0.0203,0.7373,0.1362,0.0000,0.0000,0.9990,0.0000,0.0000,0.0000,0.0000,0.0000,0.1559,27.1320,0.0000,0.8441,0.1559,0.0000,0.0000,6.0000,0.0001,0.0001,0.7269,0.0161,-0.7430
task003_nosolution,truth,3,6.0000,9.0000,0.7500,1000,0.8832,0.0320,0.0849,0.6703,0.1941,0.0000,0.0000,0.9590,0.0270,0.0000,0.0000,0.0000,0.0000,0.3374,88.0650,0.0000,0.6626,0.3374,0.0000,0.0000,6.0000,-0.0002,0.0000,0.6540,0.0245,-0.6785
task003_nosolution,truth,3,12.0000,1.0000,0.7500,1000,0.9570,0.0222,0.0208,0.7240,0.1524,0.0000,0.0000,0.9990,0.0000,0.0000,0.0000,0.0000,0.0000,0.1061,3.0770,0.0000,0.8939,0.1061,0.0000,0.0000,12.0000,0.0004,0.0001,0.7278,0.0147,-0.7425
task003_nosolution,truth,3,12.0000,2.0000,0.7500,1000,0.9580,0.0231,0.0189,0.7304,0.1438,0.0000,0.0000,1.0000,0.0000,0.0000,0.0000,0.0000,0.0000,0.0978,5.6700,0.0000,0.9022,0.0978,0.0000,0.0000,12.0000,-0.0001,0.0001,0.7289,0.0156,-0.7445
task003_nosolution,truth,3,12.0000,3.0000,0.7500,1000,0.9564,0.0246,0.0190,0.7316,0.1425,0.0000,0.0000,0.9990,0.0000,0.0000,0.0000,0.0000,0.0000,0.1051,9.1440,0.0000,0.8949,0.1051,0.0000,0.0000,12.0000,0.0002,0.0000,0.7273,0.0171,-0.7444
task003_nosolution,truth,3,12.0000,6.0000,0.7500,1000,0.9427,0.0296,0.0277,0.7171,0.1495,0.0000,0.0000,0.9950,0.0030,0.0000,0.0000,0.0000,0.0000,0.1759,30.6060,0.0000,0.8241,0.1759,0.0000,0.0000,12.0000,-0.0002,0.0001,0.7135,0.0221,-0.7357
task003_nosolution,truth,3,12.0000,9.0000,0.7500,1000,0.8928,0.0348,0.0724,0.6779,0.1840,0.0000,0.0000,0.9670,0.0180,0.0000,0.0000,0.0000,0.0000,0.2903,75.7620,0.0000,0.7097,0.2903,0.0000,0.0000,12.0000,0.0006,0.0000,0.6637,0.0273,-0.6910
task003_nosolution,truth,3,24.0000,1.0000,0.7500,1000,0.9495,0.0227,0.0278,0.7138,0.1619,0.0000,0.0000,0.9990,0.0010,0.0000,0.0000,0.0000,0.0000,0.1508,4.3720,0.0000,0.8492,0.1508,0.0000,0.0000,23.9973,0.0001,0.0001,0.7204,0.0152,-0.7356
task003_nosolution,truth,3,24.0000,2.0000,0.7500,1000,0.9526,0.0238,0.0236,0.7163,0.1576,0.0000,0.0000,0.9980,0.0000,0.0000,0.0000,0.0000,0.0000,0.1230,7.1320,0.0000,0.8770,0.1230,0.0000,0.0000,23.9974,0.0001,0.0001,0.7235,0.0163,-0.7398
task003_nosolution,truth,3,24.0000,3.0000,0.7500,1000,0.9425,0.0280,0.0296,0.7061,0.1620,0.0000,0.0000,0.9950,0.0040,0.0000,0.0000,0.0000,0.0000,0.1847,16.0710,0.0000,0.8153,0.1847,0.0000,0.0000,23.9982,0.0000,0.0000,0.7133,0.0205,-0.7338
task003_nosolution,truth,3,24.0000,6.0000,0.7500,1000,0.9052,0.0357,0.0591,0.6851,0.1776,0.0000,0.0000,0.9640,0.0220,0.0000,0.0000,0.0000,0.0000,0.2981,51.8700,0.0000,0.7019,0.2981,0.0000,0.0000,23.9985,0.0000,0.0000,0.6761,0.0282,-0.7043
task003_nosolution,truth,3,24.0000,9.0000,0.7500,1000,0.8952,0.0345,0.0703,0.6793,0.1816,0.0000,0.0000,0.9560,0.0210,0.0000,0.0000,0.0000,0.0000,0.3260,85.0770,0.0000,0.6740,0.3260,0.0000,0.0000,23.9983,0.0000,0.0000,0.6661,0.0270,-0.6931
task003_nosolution,truth,6,3.0000,1.0000,0.7500,1000,0.9776,0.0132,0.0091,0.8184,0.1098,0.0000,0.0000,0.9980,0.0020,0.0000,0.0000,0.0000,0.0000,0.1523,4.4180,0.0000,0.8477,0.1523,0.0000,0.0000,3.0000,-0.0015,0.0000,0.6242,0.0118,-0.6360
task003_nosolution,truth,6,3.0000,2.0000,0.7500,1000,0.9831,0.0114,0.0055,0.8437,0.0871,0.0000,0.0000,1.0000,0.0000,0.0000,0.0000,0.0000,0.0000,0.1012,5.8680,0.0000,0.8988,0.1012,0.0000,0.0000,3.0000,-0.0001,0.0000,0.6296,0.0099,-0.6395
task003_nosolution,truth,6,3.0000,3.0000,0.7500,1000,0.9833,0.0111,0.0056,0.8510,0.0798,0.0000,0.0000,1.0000,0.0000,0.0000,0.0000,0.0000,0.0000,0.0983,8.5560,0.0000,0.9017,0.0983,0.0000,0.0000,3.0000,0.0002,0.0000,0.6299,0.0096,-0.6395
task003_nosolution,truth,6,3.0000,6.0000,0.7500,1000,0.9810,0.0109,0.0081,0.8417,0.0887,0.0000,0.0000,0.9970,0.0020,0.0000,0.0000,0.0000,0.0000,0.1139,19.8240,0.0000,0.8861,0.1139,0.0000,0.0000,3.0000,-0.0009,0.0000,0.6275,0.0094,-0.6370
task003_nosolution,truth,6,3.0000,9.0000,0.7500,1000,0.9594,0.0185,0.0222,0.8027,0.1211,0.0000,0.0000,0.9940,0.0040,0.0000,0.0000,0.0000,0.0000,0.1797,46.8990,0.0000,0.8203,0.1797,0.0000,0.0000,3.0000,-0.0006,0.0000,0.6059,0.0170,-0.6229
task003_nosolution,truth,6,6.0000,1.0000,0.7500,1000,0.9748,0.0153,0.0100,0.8007,0.1239,0.0000,0.0000,0.9990,0.0010,0.0000,0.0000,0.0000,0.0000,0.0863,2.5020,0.0000,0.9137,0.0863,0.0000,0.0000,6.0000,0.0005,0.0000,0.6213,0.0138,-0.6351
task003_nosolution,truth,6,6.0000,2.0000,0.7500,1000,0.9795,0.0127,0.0078,0.8229,0.1041,0.0000,0.0000,1.0000,0.0000,0.0000,0.0000,0.0000,0.0000,0.0582,3.3780,0.0000,0.9418,0.0582,0.0000,0.0000,6.0000,0.0001,0.0000,0.6261,0.0112,-0.6373
task003_nosolution,truth,6,6.0000,3.0000,0.7500,1000,0.9806,0.0137,0.0057,0.8323,0.0957,0.0000,0.0000,1.0000,0.0000,0.0000,0.0000,0.0000,0.0000,0.0579,5.0370,0.0000,0.9421,0.0579,0.0000,0.0000,6.0000,0.0002,0.0000,0.6271,0.0123,-0.6394
task003_nosolution,truth,6,6.0000,6.0000,0.7500,1000,0.9768,0.0152,0.0081,0.8266,0.0980,0.0000,0.0000,0.9990,0.0000,0.0000,0.0000,0.0000,0.0000,0.0644,11.2020,0.0000,0.9356,0.0644,0.0000,0.0000,6.0000,0.0004,0.0000,0.6233,0.0137,-0.6370
task003_nosolution,truth,6,6.0000,9.0000,0.7500,1000,0.9566,0.0171,0.0262,0.7979,0.1241,0.0000,0.0000,0.9860,0.0130,0.0000,0.0000,0.0000,0.0000,0.1137,29.6640,0.0000,0.8863,0.1137,0.0000,0.0000,6.0000,0.0007,0.0000,0.6032,0.0157,-0.6188
task003_nosolution,truth,6,12.0000,1.0000,0.7500,1000,0.9761,0.0137,0.0102,0.7947,0.1297,0.0000,0.0000,1.0000,0.0000,0.0000,0.0000,0.0000,0.0000,0.0654,1.8980,0.0000,0.9346,0.0654,0.0000,0.0000,12.0000,-0.0003,0.0000,0.6227,0.0123,-0.6349
task003_nosolution,truth,6,12.0000,2.0000,0.7500,1000,0.9712,0.0206,0.0082,0.8074,0.1141,0.0000,0.0000,0.9990,0.0000,0.0000,0.0000,0.0000,0.0000,0.0470,2.7240,0.0000,0.9530,0.0470,0.0000,0.0000,12.0000,-0.0000,0.0000,0.6178,0.0192,-0.6369
task003_nosolution,truth,6,12.0000,3.0000,0.7500,1000,0.9708,0.0205,0.0087,0.8120,0.1095,0.0000,0.0000,0.9980,0.0010,0.0000,0.0000,0.0000,0.0000,0.0483,4.2030,0.0000,0.9517,0.0483,0.0000,0.0000,12.0000,-0.0000,0.0000,0.6174,0.0190,-0.6364
task003_nosolution,truth,6,12.0000,6.0000,0.7500,1000,0.9653,0.0222,0.0125,0.8016,0.1158,0.0000,0.0000,0.9970,0.0030,0.0000,0.0000,0.0000,0.0000,0.0617,10.7280,0.0000,0.9383,0.0617,0.0000,0.0000,12.0000,-0.0003,0.0000,0.6119,0.0207,-0.6326
task003_nosolution,truth,6,12.0000,9.0000,0.7500,1000,0.9604,0.0228,0.0168,0.7921,0.1231,0.0000,0.0000,0.9960,0.0040,0.0000,0.0000,0.0000,0.0000,0.0894,23.3370,0.0000,0.9106,0.0894,0.0000,0.0000,12.0000,-0.0001,0.0000,0.6069,0.0213,-0.6282
task003_nosolution,truth,6,24.0000,1.0000,0.7500,1000,0.9693,0.0180,0.0127,0.7865,0.1344,0.0000,0.0000,1.0000,0.0000,0.0000,0.0000,0.0000,0.0000,0.0738,2.1390,0.0000,0.9262,0.0738,0.0000,0.0000,23.9990,0.0000,0.0000,0.6158,0.0165,-0.6324
task003_nosolution,truth,6,24.0000,2.0000,0.7500,1000,0.9620,0.0255,0.0124,0.7888,0.1287,0.0000,0.0000,1.0000,0.0000,0.0000,0.0000,0.0000,0.0000,0.0594,3.4460,0.0000,0.9406,0.0594,0.0000,0.0000,23.9995,0.0000,0.0000,0.6086,0.0241,-0.6327
task003_nosolution,truth,6,24.0000,3.0000,0.7500,1000,0.9532,0.0260,0.0209,0.7730,0.1374,0.0000,0.0000,0.9980,0.0010,0.0000,0.0000,0.0000,0.0000,0.0713,6.2040,0.0000,0.9287,0.0713,0.0000,0.0000,23.9993,0.0000,0.0000,0.5997,0.0245,-0.6242
task003_nosolution,truth,6,24.0000,6.0000,0.7500,1000,0.9498,0.0275,0.0227,0.7658,0.1447,0.0000,0.0000,0.9960,0.0040,0.0000,0.0000,0.0000,0.0000,0.0987,17.1720,0.0000,0.9013,0.0987,0.0000,0.0000,23.9994,0.0000,0.0000,0.5963,0.0261,-0.6224
task003_nosolution,truth,6,24.0000,9.0000,0.7500,1000,0.9606,0.0219,0.0175,0.7714,0.1369,0.0000,0.0000,0.9990,0.0010,0.0000,0.0000,0.0000,0.0000,0.0872,22.7520,0.0000,0.9128,0.0872,0.0000,0.0000,23.9995,0.0000,0.0000,0.6071,0.0204,-0.6275
task003_nosolution,truth,12,3.0000,1.0000,0.7500,1000,0.9606,0.0102,0.0292,0.8316,0.1183,0.0000,0.0000,0.9750,0.0240,0.0000,0.0000,0.0000,0.0000,0.1530,4.4360,0.0000,0.8470,0.1530,0.0000,0.0000,3.0000,0.0001,0.0000,0.5272,0.0065,-0.5338
task003_nosolution,truth,12,3.0000,2.0000,0.7500,1000,0.9907,0.0065,0.0028,0.8772,0.0786,0.0000,0.0000,1.0000,0.0000,0.0000,0.0000,0.0000,0.0000,0.0608,3.5260,0.0000,0.9392,0.0608,0.0000,0.0000,3.0000,-0.0002,0.0000,0.5573,0.0028,-0.5601
task003_nosolution,truth,12,3.0000,3.0000,0.7500,1000,0.9912,0.0067,0.0021,0.8916,0.0669,0.0000,0.0000,1.0000,0.0000,0.0000,0.0000,0.0000,0.0000,0.0563,4.9020,0.0000,0.9437,0.0563,0.0000,0.0000,3.0000,0.0001,0.0000,0.5578,0.0030,-0.5608
task003_nosolution,truth,12,3.0000,6.0000,0.7500,1000,0.9900,0.0063,0.0037,0.8896,0.0706,0.0000,0.0000,1.0000,0.0000,0.0000,0.0000,0.0000,0.0000,0.0567,9.8700,0.0000,0.9433,0.0567,0.0000,0.0000,3.0000,0.0002,0.0000,0.5566,0.0026,-0.5592
task003_nosolution,truth,12,3.0000,9.0000,0.7500,1000,0.9855,0.0098,0.0047,0.8736,0.0842,0.0000,0.0000,1.0000,0.0000,0.0000,0.0000,0.0000,0.0000,0.0714,18.6300,0.0000,0.9286,0.0714,0.0000,0.0000,3.0000,0.0005,0.0000,0.5521,0.0062,-0.5583
task003_nosolution,truth,12,6.0000,1.0000,0.7500,1000,0.9724,0.0105,0.0171,0.8216,0.1239,0.0000,0.0000,0.9880,0.0110,0.0000,0.0000,0.0000,0.0000,0.0949,2.7530,0.0000,0.9051,0.0949,0.0000,0.0000,6.0000,0.0001,0.0000,0.5390,0.0068,-0.5458
task003_nosolution,truth,12,6.0000,2.0000,0.7500,1000,0.9878,0.0089,0.0034,0.8530,0.0980,0.0000,0.0000,1.0000,0.0000,0.0000,0.0000,0.0000,0.0000,0.0336,1.9500,0.0000,0.9664,0.0336,0.0000,0.0000,6.0000,-0.0000,0.0000,0.5543,0.0052,-0.5595
task003_nosolution,truth,12,6.0000,3.0000,0.7500,1000,0.9874,0.0085,0.0041,0.8659,0.0871,0.0000,0.0000,1.0000,0.0000,0.0000,0.0000,0.0000,0.0000,0.0303,2.6400,0.0000,0.9697,0.0303,0.0000,0.0000,6.0000,-0.0001,0.0000,0.5540,0.0048,-0.5588
task003_nosolution,truth,12,6.0000,6.0000,0.7500,1000,0.9863,0.0095,0.0042,0.8635,0.0889,0.0000,0.0000,1.0000,0.0000,0.0000,0.0000,0.0000,0.0000,0.0309,5.3700,0.0000,0.9691,0.0309,0.0000,0.0000,6.0000,-0.0004,0.0000,0.5529,0.0058,-0.5588
task003_nosolution,truth,12,6.0000,9.0000,0.7500,1000,0.9794,0.0140,0.0067,0.8449,0.1042,0.0000,0.0000,1.0000,0.0000,0.0000,0.0000,0.0000,0.0000,0.0380,9.9270,0.0000,0.9620,0.0380,0.0000,0.0000,6.0000,-0.0003,0.0000,0.5460,0.0103,-0.5563
task003_nosolution,truth,12,12.0000,1.0000,0.7500,1000,0.9812,0.0105,0.0083,0.8213,0.1232,0.0000,0.0000,0.9990,0.0010,0.0000,0.0000,0.0000,0.0000,0.0666,1.9320,0.0000,0.9334,0.0666,0.0000,0.0000,12.0000,0.0001,0.0000,0.5478,0.0068,-0.5546
task003_nosolution,truth,12,12.0000,2.0000,0.7500,1000,0.9845,0.0108,0.0046,0.8393,0.1099,0.0000,0.0000,1.0000,0.0000,0.0000,0.0000,0.0000,0.0000,0.0277,1.6060,0.0000,0.9723,0.0277,0.0000,0.0000,12.0000,0.0001,0.0000,0.5511,0.0072,-0.5583
task003_nosolution,truth,12,12.0000,3.0000,0.7500,1000,0.9805,0.0137,0.0059,0.8484,0.1010,0.0000,0.0000,1.0000,0.0000,0.0000,0.0000,0.0000,0.0000,0.0249,2.1630,0.0000,0.9751,0.0249,0.0000,0.0000,12.0000,-0.0000,0.0000,0.5470,0.0100,-0.5570
task003_nosolution,truth,12,12.0000,6.0000,0.7500,1000,0.9792,0.0140,0.0068,0.8361,0.1105,0.0000,0.0000,1.0000,0.0000,0.0000,0.0000,0.0000,0.0000,0.0250,4.3500,0.0000,0.9750,0.0250,0.0000,0.0000,12.0000,-0.0000,0.0000,0.5458,0.0103,-0.5561
task003_nosolution,truth,12,12.0000,9.0000,0.7500,1000,0.9736,0.0177,0.0088,0.8227,0.1209,0.0000,0.0000,1.0000,0.0000,0.0000,0.0000,0.0000,0.0000,0.0267,6.9570,0.0000,0.9733,0.0267,0.0000,0.0000,12.0000,0.0001,0.0000,0.5402,0.0140,-0.5542
task003_nosolution,truth,12,24.0000,1.0000,0.7500,1000,0.9820,0.0103,0.0077,0.8206,0.1237,0.0000,0.0000,0.9990,0.0010,0.0000,0.0000,0.0000,0.0000,0.0573,1.6620,0.0000,0.9427,0.0573,0.0000,0.0000,23.9996,0.0000,0.0000,0.5486,0.0066,-0.5552
task003_nosolution,truth,12,24.0000,2.0000,0.7500,1000,0.9805,0.0125,0.0071,0.8273,0.1187,0.0000,0.0000,1.0000,0.0000,0.0000,0.0000,0.0000,0.0000,0.0316,1.8300,0.0000,0.9684,0.0316,0.0000,0.0000,23.9995,0.0000,0.0000,0.5470,0.0088,-0.5558
task003_nosolution,truth,12,24.0000,3.0000,0.7500,1000,0.9712,0.0199,0.0089,0.8269,0.1157,0.0000,0.0000,1.0000,0.0000,0.0000,0.0000,0.0000,0.0000,0.0250,2.1780,0.0000,0.9750,0.0250,0.0000,0.0000,23.9996,0.0000,0.0000,0.5378,0.0162,-0.5540
task003_nosolution,truth,12,24.0000,6.0000,0.7500,1000,0.9679,0.0227,0.0093,0.8129,0.1263,0.0000,0.0000,1.0000,0.0000,0.0000,0.0000,0.0000,0.0000,0.0250,4.3500,0.0000,0.9750,0.0250,0.0000,0.0000,23.9997,0.0000,0.0000,0.5345,0.0191,-0.5536
task003_nosolution,truth,12,24.0000,9.0000,0.7500,1000,0.9681,0.0211,0.0108,0.8075,0.1313,0.0000,0.0000,1.0000,0.0000,0.0000,0.0000,0.0000,0.0000,0.0247,6.4530,0.0000,0.9753,0.0247,0.0000,0.0000,23.9997,0.0000,0.0000,0.5347,0.0174,-0.5521
task003_nosolution,truth,3,3.0000,1.0000,1.0000,1000,0.9980,0.0000,0.0020,0.8356,0.1463,0.0000,0.0000,0.9980,0.0020,0.0000,0.0000,0.0000,0.0000,0.0971,2.8160,0.0000,0.9029,0.0971,0.0000,0.0000,3.0000,0.0002,0.0000,0.6097,0.0000,-0.6097
task003_nosolution,truth,3,3.0000,2.0000,1.0000,1000,0.9998,0.0000,0.0002,0.8969,0.0947,0.0000,0.0000,1.0000,0.0000,0.0000,0.0000,0.0000,0.0000,0.0798,4.6300,0.0000,0.9202,0.0798,0.0000,0.0000,3.0000,0.0002,0.0000,0.6115,0.0000,-0.6115
task003_nosolution,truth,3,3.0000,3.0000,1.0000,1000,1.0000,0.0000,0.0000,0.9265,0.0713,0.0000,0.0000,1.0000,0.0000,0.0000,0.0000,0.0000,0.0000,0.0839,7.3020,0.0000,0.9161,0.0839,0.0000,0.0000,3.0000,0.0002,0.0000,0.6117,0.0000,-0.6117
task003_nosolution,truth,3,3.0000,6.0000,1.0000,1000,1.0000,0.0000,0.0000,0.9122,0.0856,0.0000,0.0000,1.0000,0.0000,0.0000,0.0000,0.0000,0.0000,0.0974,16.9500,0.0000,0.9026,0.0974,0.0000,0.0000,3.0000,0.0001,0.0000,0.6117,0.0000,-0.6117
task003_nosolution,truth,3,3.0000,9.0000,1.0000,1000,0.9999,0.0000,0.0001,0.8963,0.1014,0.0000,0.0000,1.0000,0.0000,0.0000,0.0000,0.0000,0.0000,0.1265,33.0120,0.0000,0.8735,0.1265,0.0000,0.0000,3.0000,0.0010,0.0000,0.6116,0.0000,-0.6116
task003_nosolution,truth,3,6.0000,1.0000,1.0000,1000,0.9984,0.0000,0.0016,0.8407,0.1424,0.0000,0.0000,0.9990,0.0010,0.0000,0.0000,0.0000,0.0000,0.0768,2.2270,0.0000,0.9232,0.0768,0.0000,0.0000,6.0000,0.0002,0.0000,0.6102,0.0000,-0.6102
task003_nosolution,truth,3,6.0000,2.0000,1.0000,1000,0.9992,0.0000,0.0008,0.8976,0.0953,0.0000,0.0000,1.0000,0.0000,0.0000,0.0000,0.0000,0.0000,0.0672,3.9000,0.0000,0.9328,0.0672,0.0000,0.0000,6.0000,0.0003,0.0000,0.6110,0.0000,-0.6110
task003_nosolution,truth,3,6.0000,3.0000,1.0000,1000,0.9994,0.0000,0.0006,0.9190,0.0782,0.0000,0.0000,1.0000,0.0000,0.0000,0.0000,0.0000,0.0000,0.0717,6.2370,0.0000,0.9283,0.0717,0.0000,0.0000,6.0000,0.0003,0.0000,0.6112,0.0000,-0.6112
task003_nosolution,truth,3,6.0000,6.0000,1.0000,1000,0.9994,0.0000,0.0006,0.9107,0.0866,0.0000,0.0000,1.0000,0.0000,0.0000,0.0000,0.0000,0.0000,0.0822,14.3040,0.0000,0.9178,0.0822,0.0000,0.0000,6.0000,-0.0005,0.0000,0.6111,0.0000,-0.6111
task003_nosolution,truth,3,6.0000,9.0000,1.0000,1000,0.9994,0.0000,0.0006,0.8923,0.1051,0.0000,0.0000,1.0000,0.0000,0.0000,0.0000,0.0000,0.0000,0.1099,28.6830,0.0000,0.8901,0.1099,0.0000,0.0000,6.0000,0.0004,0.0000,0.6111,0.0000,-0.6111
task003_nosolution,truth,3,12.0000,1.0000,1.0000,1000,0.9967,0.0000,0.0033,0.8402,0.1443,0.0000,0.0000,0.9980,0.0020,0.0000,0.0000,0.0000,0.0000,0.0726,2.1050,0.0000,0.9274,0.0726,0.0000,0.0000,12.0000,0.0003,0.0000,0.6084,0.0000,-0.6084
task003_nosolution,truth,3,12.0000,2.0000,1.0000,1000,0.9988,0.0000,0.0012,0.8954,0.0980,0.0000,0.0000,1.0000,0.0000,0.0000,0.0000,0.0000,0.0000,0.0649,3.7640,0.0000,0.9351,0.0649,0.0000,0.0000,12.0000,0.0002,0.0000,0.6105,0.0000,-0.6105
task003_nosolution,truth,3,12.0000,3.0000,1.0000,1000,0.9988,0.0000,0.0012,0.9117,0.0845,0.0000,0.0000,1.0000,0.0000,0.0000,0.0000,0.0000,0.0000,0.0687,5.9730,0.0000,0.9313,0.0687,0.0000,0.0000,12.0000,-0.0001,0.0000,0.6105,0.0000,-0.6105
task003_nosolution,truth,3,12.0000,6.0000,1.0000,1000,0.9987,0.0000,0.0013,0.9006,0.0954,0.0000,0.0000,1.0000,0.0000,0.0000,0.0000,0.0000,0.0000,0.0838,14.5800,0.0000,0.9162,0.0838,0.0000,0.0000,12.0000,0.0001,0.0000,0.6105,0.0000,-0.6105
task003_nosolution,truth,3,12.0000,9.0000,1.0000,1000,0.9987,0.0000,0.0013,0.8885,0.1073,0.0000,0.0000,1.0000,0.0000,0.0000,0.0000,0.0000,0.0000,0.1056,27.5490,0.0000,0.8944,0.1056,0.0000,0.0000,12.0000,0.0003,0.0000,0.6104,0.0000,-0.6104
task003_nosolution,truth,3,24.0000,1.0000,1.0000,1000,0.9986,0.0000,0.0014,0.8690,0.1221,0.0000,0.0000,1.0000,0.0000,0.0000,0.0000,0.0000,0.0000,0.0948,2.7480,0.0000,0.9052,0.0948,0.0000,0.0000,24.0000,0.0000,0.0000,0.6103,0.0000,-0.6103
task003_nosolution,truth,3,24.0000,2.0000,1.0000,1000,0.9988,0.0000,0.0013,0.9056,0.0904,0.0000,0.0000,1.0000,0.0000,0.0000,0.0000,0.0000,0.0000,0.0760,4.4100,0.0000,0.9240,0.0760,0.0000,0.0000,24.0000,0.0000,0.0000,0.6105,0.0000,-0.6105
task003_nosolution,truth,3,24.0000,3.0000,1.0000,1000,0.9988,0.0000,0.0012,0.9070,0.0891,0.0000,0.0000,1.0000,0.0000,0.0000,0.0000,0.0000,0.0000,0.0910,7.9170,0.0000,0.9090,0.0910,0.0000,0.0000,24.0000,0.0000,0.0000,0.6106,0.0000,-0.6106
task003_nosolution,truth,3,24.0000,6.0000,1.0000,1000,0.9986,0.0000,0.0014,0.9008,0.0957,0.0000,0.0000,1.0000,0.0000,0.0000,0.0000,0.0000,0.0000,0.1125,19.5780,0.0000,0.8875,0.1125,0.0000,0.0000,24.0000,0.0000,0.0000,0.6104,0.0000,-0.6104
task003_nosolution,truth,3,24.0000,9.0000,1.0000,1000,0.9987,0.0001,0.0012,0.8997,0.0965,0.0000,0.0000,1.0000,0.0000,0.0000,0.0000,0.0000,0.0000,0.1135,29.6280,0.0000,0.8865,0.1135,0.0000,0.0000,24.0000,0.0000,0.0000,0.6105,0.0001,-0.6105
task003_nosolution,truth,6,3.0000,1.0000,1.0000,1000,0.9309,0.0000,0.0691,0.7632,0.2185,0.0000,0.0000,0.9310,0.0690,0.0000,0.0000,0.0000,0.0000,0.1299,3.7680,0.0000,0.8701,0.1299,0.0000,0.0000,3.0000,0.0001,0.0000,0.5091,0.0000,-0.5091
task003_nosolution,truth,6,3.0000,2.0000,1.0000,1000,1.0000,0.0000,0.0000,0.8622,0.1244,0.0000,0.0000,1.0000,0.0000,0.0000,0.0000,0.0000,0.0000,0.0440,2.5500,0.0000,0.9560,0.0440,0.0000,0.0000,3.0000,0.0002,0.0000,0.5782,0.0000,-0.5782
task003_nosolution,truth,6,3.0000,3.0000,1.0000,1000,1.0000,0.0000,0.0000,0.8999,0.0933,0.0000,0.0000,1.0000,0.0000,0.0000,0.0000,0.0000,0.0000,0.0435,3.7860,0.0000,0.9565,0.0435,0.0000,0.0000,3.0000,-0.0004,0.0000,0.5782,0.0000,-0.5782
task003_nosolution,truth,6,3.0000,6.0000,1.0000,1000,1.0000,0.0000,0.0000,0.8924,0.1009,0.0000,0.0000,1.0000,0.0000,0.0000,0.0000,0.0000,0.0000,0.0480,8.3460,0.0000,0.9520,0.0480,0.0000,0.0000,3.0000,0.0000,0.0000,0.5781,0.0000,-0.5781
task003_nosolution,truth,6,3.0000,9.0000,1.0000,1000,1.0000,0.0000,0.0000,0.8749,0.1188,0.0000,0.0000,1.0000,0.0000,0.0000,0.0000,0.0000,0.0000,0.0640,16.6950,0.0000,0.9360,0.0640,0.0000,0.0000,3.0000,-0.0000,0.0000,0.5781,0.0000,-0.5781
task003_nosolution,truth,6,6.0000,1.0000,1.0000,1000,0.9480,0.0000,0.0520,0.7726,0.2088,0.0000,0.0000,0.9480,0.0520,0.0000,0.0000,0.0000,0.0000,0.1082,3.1370,0.0000,0.8918,0.1082,0.0000,0.0000,6.0000,0.0001,0.0000,0.5262,0.0000,-0.5262
task003_nosolution,truth,6,6.0000,2.0000,1.0000,1000,0.9998,0.0000,0.0003,0.8594,0.1280,0.0000,0.0000,1.0000,0.0000,0.0000,0.0000,0.0000,0.0000,0.0381,2.2120,0.0000,0.9619,0.0381,0.0000,0.0000,6.0000,0.0000,0.0000,0.5779,0.0000,-0.5779
task003_nosolution,truth,6,6.0000,3.0000,1.0000,1000,0.9998,0.0000,0.0003,0.8937,0.0988,0.0000,0.0000,1.0000,0.0000,0.0000,0.0000,0.0000,0.0000,0.0362,3.1530,0.0000,0.9638,0.0362,0.0000,0.0000,6.0000,0.0002,0.0000,0.5779,0.0000,-0.5779
task003_nosolution,truth,6,6.0000,6.0000,1.0000,1000,0.9997,0.0000,0.0003,0.8876,0.1049,0.0000,0.0000,1.0000,0.0000,0.0000,0.0000,0.0000,0.0000,0.0423,7.3620,0.0000,0.9577,0.0423,0.0000,0.0000,6.0000,0.0001,0.0000,0.5779,0.0000,-0.5779
task003_nosolution,truth,6,6.0000,9.0000,1.0000,1000,0.9998,0.0000,0.0003,0.8697,0.1230,0.0000,0.0000,1.0000,0.0000,0.0000,0.0000,0.0000,0.0000,0.0560,14.6070,0.0000,0.9440,0.0560,0.0000,0.0000,6.0000,-0.0000,0.0000,0.5779,0.0000,-0.5779
task003_nosolution,truth,6,12.0000,1.0000,1.0000,1000,0.9551,0.0000,0.0449,0.7727,0.2096,0.0000,0.0000,0.9560,0.0440,0.0000,0.0000,0.0000,0.0000,0.0922,2.6750,0.0000,0.9078,0.0922,0.0000,0.0000,12.0000,0.0002,0.0000,0.5333,0.0000,-0.5332
task003_nosolution,truth,6,12.0000,2.0000,1.0000,1000,0.9990,0.0000,0.0010,0.8579,0.1308,0.0000,0.0000,1.0000,0.0000,0.0000,0.0000,0.0000,0.0000,0.0359,2.0820,0.0000,0.9641,0.0359,0.0000,0.0000,12.0000,0.0003,0.0000,0.5772,0.0000,-0.5772
task003_nosolution,truth,6,12.0000,3.0000,1.0000,1000,0.9992,0.0000,0.0008,0.8844,0.1073,0.0000,0.0000,1.0000,0.0000,0.0000,0.0000,0.0000,0.0000,0.0344,2.9940,0.0000,0.9656,0.0344,0.0000,0.0000,12.0000,0.0002,0.0000,0.5774,0.0000,-0.5774
task003_nosolution,truth,6,12.0000,6.0000,1.0000,1000,0.9990,0.0000,0.0010,0.8779,0.1136,0.0000,0.0000,1.0000,0.0000,0.0000,0.0000,0.0000,0.0000,0.0416,7.2300,0.0000,0.9584,0.0416,0.0000,0.0000,12.0000,0.0002,0.0000,0.5772,0.0000,-0.5772
task003_nosolution,truth,6,12.0000,9.0000,1.0000,1000,0.9991,0.0000,0.0009,0.8695,0.1220,0.0000,0.0000,1.0000,0.0000,0.0000,0.0000,0.0000,0.0000,0.0511,13.3380,0.0000,0.9489,0.0511,0.0000,0.0000,12.0000,0.0001,0.0000,0.5773,0.0000,-0.5773
task003_nosolution,truth,6,24.0000,1.0000,1.0000,1000,0.9577,0.0000,0.0423,0.7865,0.1975,0.0000,0.0000,0.9590,0.0410,0.0000,0.0000,0.0000,0.0000,0.0915,2.6530,0.0000,0.9085,0.0915,0.0000,0.0000,24.0000,0.0000,0.0000,0.5358,0.0000,-0.5358
task003_nosolution,truth,6,24.0000,2.0000,1.0000,1000,0.9987,0.0000,0.0013,0.8680,0.1228,0.0000,0.0000,1.0000,0.0000,0.0000,0.0000,0.0000,0.0000,0.0429,2.4900,0.0000,0.9571,0.0429,0.0000,0.0000,24.0000,0.0000,0.0000,0.5768,0.0000,-0.5769
task003_nosolution,truth,6,24.0000,3.0000,1.0000,1000,0.9986,0.0000,0.0013,0.8840,0.1076,0.0000,0.0000,1.0000,0.0000,0.0000,0.0000,0.0000,0.0000,0.0414,3.6030,0.0000,0.9586,0.0414,0.0000,0.0000,24.0000,0.0000,0.0000,0.5768,0.0000,-0.5768
task003_nosolution,truth,6,24.0000,6.0000,1.0000,1000,0.9987,0.0000,0.0013,0.8790,0.1125,0.0000,0.0000,1.0000,0.0000,0.0000,0.0000,0.0000,0.0000,0.0492,8.5620,0.0000,0.9508,0.0492,0.0000,0.0000,24.0000,0.0000,0.0000,0.5769,0.0000,-0.5769
task003_nosolution,truth,6,24.0000,9.0000,1.0000,1000,0.9986,0.0001,0.0013,0.8758,0.1154,0.0000,0.0000,1.0000,0.0000,0.0000,0.0000,0.0000,0.0000,0.0549,14.3370,0.0000,0.9451,0.0549,0.0000,0.0000,24.0000,0.0000,0.0000,0.5768,0.0001,-0.5769
task003_nosolution,truth,12,3.0000,1.0000,1.0000,1000,0.8480,0.0000,0.1520,0.7050,0.2757,0.0000,0.0000,0.8480,0.1520,0.0000,0.0000,0.0000,0.0000,0.2036,5.9040,0.0000,0.7964,0.2036,0.0000,0.0000,3.0000,0.0000,0.0000,0.3774,-0.0020,-0.3754
task003_nosolution,truth,12,3.0000,2.0000,1.0000,1000,1.0000,0.0000,0.0000,0.8360,0.1453,0.0000,0.0000,1.0000,0.0000,0.0000,0.0000,0.0000,0.0000,0.0302,1.7500,0.0000,0.9698,0.0302,0.0000,0.0000,3.0000,-0.0000,0.0000,0.5295,-0.0020,-0.5275
task003_nosolution,truth,12,3.0000,3.0000,1.0000,1000,1.0000,0.0000,0.0000,0.8766,0.1110,0.0000,0.0000,1.0000,0.0000,0.0000,0.0000,0.0000,0.0000,0.0268,2.3310,0.0000,0.9732,0.0268,0.0000,0.0000,3.0000,-0.0001,0.0000,0.5295,-0.0020,-0.5275
task003_nosolution,truth,12,3.0000,6.0000,1.0000,1000,1.0000,0.0000,0.0000,0.8740,0.1133,0.0000,0.0000,1.0000,0.0000,0.0000,0.0000,0.0000,0.0000,0.0267,4.6380,0.0000,0.9733,0.0267,0.0000,0.0000,3.0000,-0.0001,0.0000,0.5295,-0.0020,-0.5275
task003_nosolution,truth,12,3.0000,9.0000,1.0000,1000,1.0000,0.0000,0.0000,0.8626,0.1250,0.0000,0.0000,1.0000,0.0000,0.0000,0.0000,0.0000,0.0000,0.0288,7.5150,0.0000,0.9712,0.0288,0.0000,0.0000,3.0000,0.0001,0.0000,0.5295,-0.0020,-0.5275
task003_nosolution,truth,12,6.0000,1.0000,1.0000,1000,0.8675,0.0000,0.1325,0.7133,0.2669,0.0000,0.0000,0.8670,0.1320,0.0000,0.0000,0.0000,0.0000,0.1858,5.3890,0.0000,0.8142,0.1858,0.0000,0.0000,6.0000,-0.0000,0.0000,0.3970,-0.0020,-0.3950
task003_nosolution,truth,12,6.0000,2.0000,1.0000,1000,1.0000,0.0000,0.0000,0.8319,0.1496,0.0000,0.0000,1.0000,0.0000,0.0000,0.0000,0.0000,0.0000,0.0269,1.5620,0.0000,0.9731,0.0269,0.0000,0.0000,6.0000,-0.0001,0.0000,0.5295,-0.0020,-0.5275
task003_nosolution,truth,12,6.0000,3.0000,1.0000,1000,1.0000,0.0000,0.0000,0.8729,0.1132,0.0000,0.0000,1.0000,0.0000,0.0000,0.0000,0.0000,0.0000,0.0237,2.0610,0.0000,0.9763,0.0237,0.0000,0.0000,6.0000,-0.0001,0.0000,0.5295,-0.0020,-0.5275
task003_nosolution,truth,12,6.0000,6.0000,1.0000,1000,1.0000,0.0000,0.0000,0.8712,0.1147,0.0000,0.0000,1.0000,0.0000,0.0000,0.0000,0.0000,0.0000,0.0235,4.0920,0.0000,0.9765,0.0235,0.0000,0.0000,6.0000,0.0001,0.0000,0.5295,-0.0020,-0.5275
task003_nosolution,truth,12,6.0000,9.0000,1.0000,1000,1.0000,0.0000,0.0000,0.8610,0.1250,0.0000,0.0000,1.0000,0.0000,0.0000,0.0000,0.0000,0.0000,0.0251,6.5610,0.0000,0.9749,0.0251,0.0000,0.0000,6.0000,0.0002,0.0000,0.5295,-0.0020,-0.5275
task003_nosolution,truth,12,12.0000,1.0000,1.0000,1000,0.8830,0.0000,0.1170,0.7229,0.2575,0.0000,0.0000,0.8830,0.1170,0.0000,0.0000,0.0000,0.0000,0.1612,4.6760,0.0000,0.8388,0.1612,0.0000,0.0000,12.0000,0.0001,0.0000,0.4125,-0.0020,-0.4105
task003_nosolution,truth,12,12.0000,2.0000,1.0000,1000,0.9990,0.0000,0.0010,0.8288,0.1534,0.0000,0.0000,0.9990,0.0010,0.0000,0.0000,0.0000,0.0000,0.0284,1.6500,0.0000,0.9716,0.0284,0.0000,0.0000,12.0000,0.0001,0.0000,0.5285,-0.0020,-0.5265
task003_nosolution,truth,12,12.0000,3.0000,1.0000,1000,1.0000,0.0000,0.0000,0.8687,0.1165,0.0000,0.0000,1.0000,0.0000,0.0000,0.0000,0.0000,0.0000,0.0224,1.9530,0.0000,0.9776,0.0224,0.0000,0.0000,12.0000,0.0000,0.0000,0.5295,-0.0020,-0.5275
task003_nosolution,truth,12,12.0000,6.0000,1.0000,1000,1.0000,0.0000,0.0000,0.8676,0.1176,0.0000,0.0000,1.0000,0.0000,0.0000,0.0000,0.0000,0.0000,0.0225,3.9180,0.0000,0.9775,0.0225,0.0000,0.0000,12.0000,0.0001,0.0000,0.5295,-0.0020,-0.5275
task003_nosolution,truth,12,12.0000,9.0000,1.0000,1000,1.0000,0.0000,0.0000,0.8615,0.1237,0.0000,0.0000,1.0000,0.0000,0.0000,0.0000,0.0000,0.0000,0.0232,6.0480,0.0000,0.9768,0.0232,0.0000,0.0000,12.0000,0.0000,0.0000,0.5295,-0.0020,-0.5275
task003_nosolution,truth,12,24.0000,1.0000,1.0000,1000,0.8740,0.0000,0.1260,0.7214,0.2592,0.0000,0.0000,0.8740,0.1260,0.0000,0.0000,0.0000,0.0000,0.1579,4.5790,0.0000,0.8421,0.1579,0.0000,0.0000,24.0000,0.0000,0.0000,0.4035,-0.0020,-0.4015
task003_nosolution,truth,12,24.0000,2.0000,1.0000,1000,0.9960,0.0000,0.0040,0.8307,0.1524,0.0000,0.0000,0.9960,0.0040,0.0000,0.0000,0.0000,0.0000,0.0309,1.7940,0.0000,0.9691,0.0309,0.0000,0.0000,24.0000,0.0000,0.0000,0.5255,-0.0020,-0.5235
task003_nosolution,truth,12,24.0000,3.0000,1.0000,1000,1.0000,0.0000,0.0000,0.8679,0.1164,0.0000,0.0000,1.0000,0.0000,0.0000,0.0000,0.0000,0.0000,0.0222,1.9290,0.0000,0.9778,0.0222,0.0000,0.0000,24.0000,0.0000,0.0000,0.5295,-0.0020,-0.5275
task003_nosolution,truth,12,24.0000,6.0000,1.0000,1000,1.0000,0.0000,0.0000,0.8659,0.1185,0.0000,0.0000,1.0000,0.0000,0.0000,0.0000,0.0000,0.0000,0.0227,3.9540,0.0000,0.9773,0.0227,0.0000,0.0000,24.0000,0.0000,0.0000,0.5295,-0.0020,-0.5275
task003_nosolution,truth,12,24.0000,9.0000,1.0000,1000,1.0000,0.0000,0.0000,0.8631,0.1217,0.0000,0.0000,1.0000,0.0000,0.0000,0.0000,0.0000,0.0000,0.0230,6.0120,0.0000,0.9770,0.0230,0.0000,0.0000,24.0000,0.0000,0.0000,0.5294,-0.0020,-0.5275
task003_symmetric,false,3,3.0000,1.0000,0.7500,1000,0.0832,0.0036,0.9133,0.1991,0.7542,0.0048,0.0001,0.0580,0.9320,0.0000,0.0000,0.0000,0.0000,0.4922,14.2730,0.0000,0.5078,0.4905,0.0000,0.0017,3.0000,-0.0002,0.0001,-0.8752,0.0007,0.8745
task003_symmetric,false,3,3.0000,2.0000,0.7500,1000,0.0055,0.0024,0.9921,0.1223,0.8281,0.0002,0.0000,0.0000,1.0000,0.0000,0.0000,0.0000,0.0000,0.2490,14.4400,0.0000,0.7510,0.2484,0.0000,0.0005,3.0000,0.0006,0.0001,-0.9529,-0.0005,0.9534
task003_symmetric,false,3,3.0000,3.0000,0.7500,1000,0.0030,0.0029,0.9941,0.1157,0.8310,0.0000,0.0000,0.0000,0.9980,0.0000,0.0000,0.0000,0.0000,0.2096,18.2370,0.0000,0.7904,0.2092,0.0000,0.0004,3.0000,0.0004,0.0001,-0.9553,-0.0000,0.9554
task003_symmetric,false,3,3.0000,6.0000,0.7500,1000,0.0023,0.0023,0.9954,0.1092,0.8332,0.0000,0.0000,0.0000,1.0000,0.0000,0.0000,0.0000,0.0000,0.1947,33.8820,0.0000,0.8053,0.1943,0.0000,0.0004,3.0000,0.0002,0.0000,-0.9561,-0.0006,0.9567
task003_symmetric,false,3,3.0000,9.0000,0.7500,1000,0.0012,0.0021,0.9967,0.1111,0.8299,0.0000,0.0000,0.0000,1.0000,0.0000,0.0000,0.0000,0.0000,0.1732,45.2160,0.0000,0.8268,0.1728,0.0000,0.0004,3.0000,0.0009,0.0001,-0.9572,-0.0008,0.9580
task003_symmetric,false,3,6.0000,1.0000,0.7500,1000,0.0443,0.0037,0.9520,0.1635,0.7851,0.0021,0.0001,0.0210,0.9700,0.0000,0.0000,0.0000,0.0000,0.3826,11.0940,0.0000,0.6174,0.3572,0.0000,0.0253,6.0000,0.0009,0.0000,-0.9140,0.0008,0.9133
task003_symmetric,false,3,6.0000,2.0000,0.7500,1000,0.0080,0.0023,0.9897,0.1261,0.8216,0.0001,0.0000,0.0000,1.0000,0.0000,0.0000,0.0000,0.0000,0.2166,12.5620,0.0000,0.7834,0.2062,0.0000,0.0104,6.0000,0.0012,0.0001,-0.9503,-0.0006,0.9510
task003_symmetric,false,3,6.0000,3.0000,0.7500,1000,0.0047,0.0021,0.9931,0.1181,0.8270,0.0000,0.0000,0.0000,0.9990,0.0000,0.0000,0.0000,0.0000,0.1797,15.6360,0.0000,0.8203,0.1713,0.0000,0.0084,6.0000,0.0015,0.0001,-0.9536,-0.0008,0.9544
task003_symmetric,false,3,6.0000,6.0000,0.7500,1000,0.0022,0.0022,0.9956,0.1158,0.8264,0.0000,0.0000,0.0000,1.0000,0.0000,0.0000,0.0000,0.0000,0.1553,27.0300,0.0000,0.8447,0.1490,0.0000,0.0064,6.0000,0.0001,0.0001,-0.9562,-0.0007,0.9569
task003_symmetric,false,3,6.0000,9.0000,0.7500,1000,0.0020,0.0020,0.9960,0.1149,0.8261,0.0000,0.0000,0.0000,1.0000,0.0000,0.0000,0.0000,0.0000,0.1397,36.4500,0.0000,0.8603,0.1335,0.0000,0.0062,6.0000,0.0010,0.0001,-0.9564,-0.0009,0.9573
task003_symmetric,false,3,12.0000,1.0000,0.7500,1000,0.0467,0.0040,0.9493,0.1665,0.7781,0.0019,0.0001,0.0150,0.9780,0.0000,0.0000,0.0000,0.0000,0.3695,10.7160,0.0000,0.6305,0.2556,0.0000,0.1139,12.0000,0.0006,0.0001,-0.9117,0.0011,0.9106
task003_symmetric,false,3,12.0000,2.0000,0.7500,1000,0.0115,0.0015,0.9870,0.1308,0.8158,0.0003,0.0000,0.0030,0.9960,0.0000,0.0000,0.0000,0.0000,0.2041,11.8380,0.0000,0.7959,0.1488,0.0000,0.0553,12.0000,0.0004,0.0000,-0.9469,-0.0014,0.9483
task003_symmetric,false,3,12.0000,3.0000,0.7500,1000,0.0070,0.0030,0.9900,0.1236,0.8168,0.0000,0.0000,0.0010,0.9980,0.0000,0.0000,0.0000,0.0000,0.1763,15.3360,0.0000,0.8237,0.1275,0.0000,0.0488,12.0000,0.0003,0.0001,-0.9514,0.0001,0.9513
task003_symmetric,false,3,12.0000,6.0000,0.7500,1000,0.0029,0.0030,0.9941,0.1162,0.8237,0.0000,0.0000,0.0000,0.9990,0.0000,0.0000,0.0000,0.0000,0.1517,26.3880,0.0000,0.8483,0.1125,0.0000,0.0391,12.0000,-0.0003,0.0001,-0.9555,0.0001,0.9554
task003_symmetric,false,3,12.0000,9.0000,0.7500,1000,0.0025,0.0022,0.9953,0.1185,0.8223,0.0000,0.0000,0.0000,1.0000,0.0000,0.0000,0.0000,0.0000,0.1308,34.1280,0.0000,0.8692,0.0948,0.0000,0.0359,12.0000,0.0002,0.0000,-0.9559,-0.0007,0.9566
task003_symmetric,false,3,24.0000,1.0000,0.7500,1000,0.2359,0.0045,0.7596,0.2985,0.6430,0.0150,0.0006,0.2440,0.7370,0.0000,0.0000,0.0000,0.0000,0.5582,16.1880,0.0000,0.4418,0.1175,0.0000,0.4407,23.9984,0.0000,0.0000,-0.7225,0.0016,0.7209
task003_symmetric,false,3,24.0000,2.0000,0.7500,1000,0.0268,0.0015,0.9717,0.1506,0.7992,0.0006,0.0000,0.0100,0.9890,0.0000,0.0000,0.0000,0.0000,0.2516,14.5900,0.0000,0.7484,0.0827,0.0000,0.1689,23.9978,0.0001,0.0001,-0.9315,-0.0014,0.9330
task003_symmetric,false,3,24.0000,3.0000,0.7500,1000,0.0178,0.0050,0.9772,0.1381,0.8039,0.0007,0.0000,0.0080,0.9910,0.0000,0.0000,0.0000,0.0000,0.2364,20.5680,0.0000,0.7636,0.0724,0.0000,0.1640,23.9970,0.0001,0.0001,-0.9406,0.0020,0.9385
task003_symmetric,false,3,24.0000,6.0000,0.7500,1000,0.0035,0.0047,0.9919,0.1151,0.8254,0.0000,0.0000,0.0000,0.9990,0.0000,0.0000,0.0000,0.0000,0.1664,28.9620,0.0000,0.8336,0.0598,0.0000,0.1067,23.9974,0.0001,0.0001,-0.9549,0.0017,0.9532
task003_symmetric,false,3,24.0000,9.0000,0.7500,1000,0.0025,0.0031,0.9944,0.1172,0.8240,0.0000,0.0000,0.0000,1.0000,0.0000,0.0000,0.0000,0.0000,0.1404,36.6570,0.0000,0.8596,0.0491,0.0000,0.0913,23.9981,0.0001,0.0001,-0.9559,0.0002,0.9557
task003_symmetric,false,6,3.0000,1.0000,0.7500,1000,0.4421,0.0031,0.5547,0.4860,0.4919,0.2086,0.0040,0.4910,0.4900,0.0000,0.0000,0.0000,0.0000,0.7968,23.1080,0.0000,0.2032,0.7879,0.0000,0.0089,3.0000,0.0005,0.0000,-0.5249,0.0025,0.5224
task003_symmetric,false,6,3.0000,2.0000,0.7500,1000,0.1240,0.0031,0.8729,0.1985,0.7810,0.0672,0.0001,0.1200,0.8650,0.0000,0.0000,0.0000,0.0000,0.4813,27.9180,0.0000,0.5187,0.4774,0.0000,0.0039,3.0000,-0.0008,0.0000,-0.8430,0.0025,0.8405
task003_symmetric,false,6,3.0000,3.0000,0.7500,1000,0.0468,0.0018,0.9514,0.1187,0.8615,0.0252,0.0000,0.0330,0.9570,0.0000,0.0000,0.0000,0.0000,0.3175,27.6240,0.0000,0.6825,0.3153,0.0000,0.0022,3.0000,-0.0013,0.0000,-0.9203,0.0012,0.9190
task003_symmetric,false,6,3.0000,6.0000,0.7500,1000,0.0158,0.0015,0.9827,0.0845,0.8946,0.0059,0.0000,0.0130,0.9830,0.0000,0.0000,0.0000,0.0000,0.2471,43.0020,0.0000,0.7529,0.2458,0.0000,0.0013,3.0000,-0.0008,0.0000,-0.9512,0.0009,0.9503
task003_symmetric,false,6,3.0000,9.0000,0.7500,1000,0.0037,0.0008,0.9956,0.0715,0.9080,0.0008,0.0000,0.0010,0.9990,0.0000,0.0000,0.0000,0.0000,0.2115,55.1970,0.0000,0.7885,0.2107,0.0000,0.0008,3.0000,0.0011,0.0000,-0.9634,0.0002,0.9632
task003_symmetric,false,6,6.0000,1.0000,0.7500,1000,0.3352,0.0030,0.6618,0.3928,0.5829,0.1716,0.0045,0.3610,0.6220,0.0000,0.0000,0.0000,0.0000,0.7153,20.7450,0.0000,0.2847,0.6285,0.0000,0.0868,6.0000,0.0000,0.0000,-0.6319,0.0024,0.6295
task003_symmetric,false,6,6.0000,2.0000,0.7500,1000,0.1093,0.0034,0.8873,0.1852,0.7927,0.0551,0.0000,0.0990,0.8860,0.0000,0.0000,0.0000,0.0000,0.4492,26.0540,0.0000,0.5508,0.4026,0.0000,0.0466,6.0000,0.0003,0.0000,-0.8578,0.0028,0.8549
task003_symmetric,false,6,6.0000,3.0000,0.7500,1000,0.0656,0.0026,0.9318,0.1372,0.8407,0.0332,0.0000,0.0560,0.9340,0.0000,0.0000,0.0000,0.0000,0.3200,27.8400,0.0000,0.6800,0.2927,0.0000,0.0273,6.0000,-0.0004,0.0000,-0.9015,0.0020,0.8994
task003_symmetric,false,6,6.0000,6.0000,0.7500,1000,0.0158,0.0022,0.9820,0.0871,0.8917,0.0057,0.0000,0.0080,0.9900,0.0000,0.0000,0.0000,0.0000,0.2349,40.8780,0.0000,0.7651,0.2171,0.0000,0.0178,6.0000,-0.0008,0.0000,-0.9513,0.0017,0.9496
task003_symmetric,false,6,6.0000,9.0000,0.7500,1000,0.0095,0.0005,0.9900,0.0786,0.9007,0.0022,0.0000,0.0050,0.9920,0.0000,0.0000,0.0000,0.0000,0.1968,51.3720,0.0000,0.8032,0.1845,0.0000,0.0123,6.0000,-0.0001,0.0000,-0.9576,-0.0000,0.9576
task003_symmetric,false,6,12.0000,1.0000,0.7500,1000,0.4346,0.0034,0.5620,0.4763,0.4972,0.2153,0.0065,0.4650,0.5060,0.0000,0.0000,0.0000,0.0000,0.7808,22.6420,0.0000,0.2192,0.3307,0.0000,0.4501,12.0000,-0.0011,0.0000,-0.5324,0.0028,0.5296
task003_symmetric,false,6,12.0000,2.0000,0.7500,1000,0.1381,0.0026,0.8593,0.2102,0.7671,0.0693,0.0004,0.1360,0.8500,0.0000,0.0000,0.0000,0.0000,0.4449,25.8020,0.0000,0.5551,0.2263,0.0000,0.2186,12.0000,-0.0005,0.0000,-0.8290,0.0020,0.8269
task003_symmetric,false,6,12.0000,3.0000,0.7500,1000,0.1084,0.0054,0.8862,0.1807,0.7934,0.0554,0.0000,0.1080,0.8800,0.0000,0.0000,0.0000,0.0000,0.4031,35.0730,0.0000,0.5969,0.1999,0.0000,0.2032,12.0000,0.0003,0.0000,-0.8586,0.0048,0.8538
task003_symmetric,false,6,12.0000,6.0000,0.7500,1000,0.0254,0.0033,0.9712,0.0986,0.8785,0.0092,0.0000,0.0130,0.9790,0.0000,0.0000,0.0000,0.0000,0.2561,44.5680,0.0000,0.7439,0.1553,0.0000,0.1008,12.0000,-0.0006,0.0000,-0.9416,0.0027,0.9389
task003_symmetric,false,6,12.0000,9.0000,0.7500,1000,0.0137,0.0009,0.9855,0.0863,0.8924,0.0042,0.0000,0.0070,0.9930,0.0000,0.0000,0.0000,0.0000,0.2158,56.3310,0.0000,0.7842,0.1372,0.0000,0.0787,12.0000,0.0001,0.0000,-0.9534,0.0003,0.9531
task003_symmetric,false,6,24.0000,1.0000,0.7500,1000,0.8794,0.0005,0.1202,0.8041,0.1735,0.3782,0.0161,0.9070,0.0920,0.0000,0.0000,0.0000,0.0000,0.9212,26.7160,0.0000,0.0788,0.0203,0.0000,0.9009,23.9999,0.0000,0.0000,-0.0877,-0.0001,0.0878
task003_symmetric,false,6,24.0000,2.0000,0.7500,1000,0.4316,0.0006,0.5678,0.4673,0.5164,0.1959,0.0022,0.4620,0.5180,0.0000,0.0000,0.0000,0.0000,0.6758,39.1960,0.0000,0.3242,0.0310,0.0000,0.6448,23.9998,0.0000,0.0000,-0.5355,0.0000,0.5354
task003_symmetric,false,6,24.0000,3.0000,0.7500,1000,0.3800,0.0030,0.6169,0.4207,0.5560,0.1797,0.0000,0.4120,0.5610,0.0000,0.0000,0.0000,0.0000,0.6377,55.4820,0.0000,0.3623,0.0305,0.0000,0.6072,23.9996,0.0000,0.0000,-0.5870,0.0025,0.5845
task003_symmetric,false,6,24.0000,6.0000,0.7500,1000,0.0309,0.0032,0.9660,0.1046,0.8735,0.0127,0.0000,0.0180,0.9780,0.0000,0.0000,0.0000,0.0000,0.2826,49.1640,0.0000,0.7174,0.0429,0.0000,0.2397,23.9993,0.0000,0.0000,-0.9362,0.0026,0.9336
task003_symmetric,false,6,24.0000,9.0000,0.7500,1000,0.0120,0.0018,0.9862,0.0827,0.8960,0.0047,0.0001,0.0070,0.9920,0.0000,0.0000,0.0000,0.0000,0.2164,56.4750,0.0000,0.7836,0.0407,0.0000,0.1757,23.9995,0.0000,0.0000,-0.9550,0.0012,0.9538
task003_symmetric,false,12,3.0000,1.0000,0.7500,1000,0.7875,0.0008,0.2116,0.8129,0.1774,0.6675,0.0065,0.8780,0.1090,0.0000,0.0000,0.0000,0.0000,0.9215,26.7240,0.0000,0.0785,0.9019,0.0000,0.0197,3.0000,-0.0014,0.0000,-0.1525,0.0004,0.1521
task003_symmetric,false,12,3.0000,2.0000,0.7500,1000,0.6755,0.0024,0.3221,0.7202,0.2682,0.6014,0.0002,0.7880,0.1960,0.0000,0.0000,0.0000,0.0000,0.8695,50.4320,0.0000,0.1305,0.8467,0.0000,0.0229,3.0000,-0.0002,0.0000,-0.2646,0.0020,0.2626
task003_symmetric,false,12,3.0000,3.0000,0.7500,1000,0.6389,0.0020,0.3592,0.6870,0.3027,0.5816,0.0000,0.7410,0.2500,0.0000,0.0000,0.0000,0.0000,0.8387,72.9690,0.0000,0.1613,0.8139,0.0000,0.0248,3.0000,-0.0012,0.0000,-0.3012,0.0015,0.2997
task003_symmetric,false,12,3.0000,6.0000,0.7500,1000,0.5868,0.0034,0.4098,0.6402,0.3484,0.5298,0.0001,0.6710,0.3020,0.0000,0.0000,0.0000,0.0000,0.8193,142.5600,0.0000,0.1807,0.7915,0.0000,0.0278,3.0000,-0.0004,0.0000,-0.3532,0.0029,0.3503
task003_symmetric,false,12,3.0000,9.0000,0.7500,1000,0.4278,0.0005,0.5716,0.4947,0.4964,0.3799,0.0000,0.4880,0.4910,0.0000,0.0000,0.0000,0.0000,0.7406,193.3020,0.0000,0.2594,0.7143,0.0000,0.0263,3.0000,-0.0001,0.0000,-0.5122,0.0001,0.5121
task003_symmetric,false,12,6.0000,1.0000,0.7500,1000,0.7592,0.0016,0.2391,0.7901,0.1985,0.6567,0.0039,0.8590,0.1270,0.0000,0.0000,0.0000,0.0000,0.9159,26.5610,0.0000,0.0841,0.7123,0.0000,0.2036,6.0000,0.0002,0.0000,-0.1808,0.0012,0.1796
task003_symmetric,false,12,6.0000,2.0000,0.7500,1000,0.7021,0.0018,0.2961,0.7412,0.2469,0.6253,0.0001,0.8120,0.1800,0.0000,0.0000,0.0000,0.0000,0.8786,50.9560,0.0000,0.1214,0.6611,0.0000,0.2175,6.0000,0.0002,0.0000,-0.2380,0.0013,0.2366
task003_symmetric,false,12,6.0000,3.0000,0.7500,1000,0.6700,0.0037,0.3263,0.7158,0.2718,0.6082,0.0001,0.7730,0.2130,0.0000,0.0000,0.0000,0.0000,0.8574,74.5980,0.0000,0.1426,0.6244,0.0000,0.2330,6.0000,0.0003,0.0000,-0.2700,0.0032,0.2668
task003_symmetric,false,12,6.0000,6.0000,0.7500,1000,0.5882,0.0044,0.4074,0.6401,0.3470,0.5307,0.0000,0.6760,0.3080,0.0000,0.0000,0.0000,0.0000,0.8088,140.7240,0.0000,0.1912,0.5779,0.0000,0.2309,6.0000,-0.0002,0.0000,-0.3518,0.0040,0.3479
task003_symmetric,false,12,6.0000,9.0000,0.7500,1000,0.4498,0.0010,0.5493,0.5170,0.4746,0.4034,0.0000,0.5160,0.4580,0.0000,0.0000,0.0000,0.0000,0.7406,193.2840,0.0000,0.2594,0.5276,0.0000,0.2129,6.0000,0.0002,0.0000,-0.4903,0.0005,0.4898
task003_symmetric,false,12,12.0000,1.0000,0.7500,1000,0.8090,0.0009,0.1900,0.8266,0.1624,0.6885,0.0067,0.8930,0.1030,0.0000,0.0000,0.0000,0.0000,0.9230,26.7660,0.0000,0.0770,0.2403,0.0000,0.6826,12.0000,0.0004,0.0000,-0.1310,0.0005,0.1305
task003_symmetric,false,12,12.0000,2.0000,0.7500,1000,0.7205,0.0010,0.2785,0.7599,0.2305,0.6429,0.0014,0.8270,0.1640,0.0000,0.0000,0.0000,0.0000,0.8878,51.4920,0.0000,0.1122,0.2196,0.0000,0.6682,12.0000,-0.0001,0.0000,-0.2195,0.0005,0.2190
task003_symmetric,false,12,12.0000,3.0000,0.7500,1000,0.6757,0.0024,0.3218,0.7220,0.2685,0.6134,0.0000,0.7710,0.2200,0.0000,0.0000,0.0000,0.0000,0.8572,74.5800,0.0000,0.1428,0.1966,0.0000,0.6607,12.0000,0.0001,0.0000,-0.2643,0.0020,0.2623
task003_symmetric,false,12,12.0000,6.0000,0.7500,1000,0.6012,0.0030,0.3958,0.6580,0.3319,0.5511,0.0000,0.6970,0.2890,0.0000,0.0000,0.0000,0.0000,0.8295,144.3300,0.0000,0.1705,0.1875,0.0000,0.6420,12.0000,-0.0002,0.0000,-0.3388,0.0025,0.3363
task003_symmetric,false,12,12.0000,9.0000,0.7500,1000,0.4749,0.0020,0.5230,0.5422,0.4478,0.4236,0.0000,0.5380,0.4350,0.0000,0.0000,0.0000,0.0000,0.7638,199.3410,0.0000,0.2362,0.1799,0.0000,0.5838,12.0000,-0.0001,0.0000,-0.4651,0.0016,0.4635
task003_symmetric,false,12,24.0000,1.0000,0.7500,1000,0.9182,0.0002,0.0816,0.8947,0.0967,0.7418,0.0076,0.9340,0.0660,0.0000,0.0000,0.0000,0.0000,0.9341,27.0900,0.0000,0.0659,0.0053,0.0000,0.9288,24.0000,0.0000,0.0000,-0.0219,-0.0003,0.0221
task003_symmetric,false,12,24.0000,2.0000,0.7500,1000,0.8238,0.0001,0.1761,0.8431,0.1514,0.7005,0.0010,0.8960,0.0970,0.0000,0.0000,0.0000,0.0000,0.9184,53.2680,0.0000,0.0816,0.0069,0.0000,0.9116,24.0000,0.0000,0.0000,-0.1163,-0.0003,0.1166
task003_symmetric,false,12,24.0000,3.0000,0.7500,1000,0.8153,0.0003,0.1845,0.8389,0.1566,0.7199,0.0000,0.8890,0.1050,0.0000,0.0000,0.0000,0.0000,0.9119,79.3320,0.0000,0.0881,0.0058,0.0000,0.9061,24.0000,0.0000,0.0000,-0.1248,-0.0002,0.1250
task003_symmetric,false,12,24.0000,6.0000,0.7500,1000,0.6281,0.0017,0.3703,0.6844,0.3081,0.5793,0.0000,0.7130,0.2650,0.0000,0.0000,0.0000,0.0000,0.8533,148.4760,0.0000,0.1467,0.0074,0.0000,0.8459,24.0000,0.0000,0.0000,-0.3120,0.0012,0.3108
task003_symmetric,false,12,24.0000,9.0000,0.7500,1000,0.4819,0.0021,0.5160,0.5486,0.4408,0.4221,0.0000,0.5560,0.4250,0.0000,0.0000,0.0000,0.0000,0.7904,206.2980,0.0000,0.2096,0.0094,0.0000,0.7810,24.0000,0.0000,0.0000,-0.4582,0.0017,0.4565
task003_symmetric,false,3,3.0000,1.0000,1.0000,1000,0.9930,0.0000,0.0070,0.9942,0.0058,0.9920,0.5521,0.9930,0.0070,0.0000,0.0000,0.0000,0.0000,0.9859,28.5920,0.0000,0.0141,0.9418,0.0000,0.0442,3.0000,0.0004,0.0000,-0.0070,0.0000,0.0070
task003_symmetric,false,3,3.0000,2.0000,1.0000,1000,0.9747,0.0000,0.0253,0.9789,0.0210,0.9730,0.4325,0.9750,0.0250,0.0000,0.0000,0.0000,0.0000,0.9538,55.3200,0.0000,0.0462,0.8984,0.0000,0.0554,3.0000,-0.0005,0.0000,-0.0253,0.0000,0.0253
task003_symmetric,false,3,3.0000,3.0000,1.0000,1000,0.9614,0.0000,0.0386,0.9671,0.0329,0.9601,0.3904,0.9620,0.0380,0.0000,0.0000,0.0000,0.0000,0.9296,80.8710,0.0000,0.0704,0.8608,0.0000,0.0687,3.0000,-0.0006,0.0000,-0.0386,0.0000,0.0386
task003_symmetric,false,3,3.0000,6.0000,1.0000,1000,0.9790,0.0000,0.0210,0.9819,0.0181,0.9773,0.4186,0.9790,0.0210,0.0000,0.0000,0.0000,0.0000,0.9453,164.4840,0.0000,0.0547,0.8729,0.0000,0.0724,3.0000,0.0011,0.0000,-0.0210,0.0000,0.0210
task003_symmetric,false,3,3.0000,9.0000,1.0000,1000,0.9745,0.0000,0.0255,0.9778,0.0222,0.9713,0.4472,0.9740,0.0250,0.0000,0.0000,0.0000,0.0000,0.9359,244.2600,0.0000,0.0641,0.8649,0.0000,0.0710,3.0000,-0.0013,0.0000,-0.0255,0.0000,0.0255
task003_symmetric,false,3,6.0000,1.0000,1.0000,1000,0.9918,0.0000,0.0082,0.9934,0.0066,0.9906,0.5895,0.9920,0.0080,0.0000,0.0000,0.0000,0.0000,0.9827,28.4990,0.0000,0.0173,0.6762,0.0000,0.3066,6.0000,0.0006,0.0000,-0.0082,0.0000,0.0082
task003_symmetric,false,3,6.0000,2.0000,1.0000,1000,0.9784,0.0000,0.0216,0.9819,0.0181,0.9774,0.4806,0.9790,0.0210,0.0000,0.0000,0.0000,0.0000,0.9525,55.2460,0.0000,0.0475,0.6185,0.0000,0.3340,6.0000,0.0007,0.0000,-0.0216,0.0000,0.0216
task003_symmetric,false,3,6.0000,3.0000,1.0000,1000,0.9708,0.0000,0.0292,0.9749,0.0251,0.9692,0.4136,0.9710,0.0290,0.0000,0.0000,0.0000,0.0000,0.9339,81.2460,0.0000,0.0661,0.5582,0.0000,0.3757,6.0000,0.0004,0.0000,-0.0292,0.0000,0.0292
task003_symmetric,false,3,6.0000,6.0000,1.0000,1000,0.9767,0.0000,0.0233,0.9795,0.0205,0.9753,0.4837,0.9770,0.0230,0.0000,0.0000,0.0000,0.0000,0.9362,162.9000,0.0000,0.0638,0.5736,0.0000,0.3626,6.0000,0.0005,0.0000,-0.0233,0.0000,0.0233
task003_symmetric,false,3,6.0000,9.0000,1.0000,1000,0.9641,0.0000,0.0359,0.9690,0.0310,0.9608,0.4549,0.9640,0.0350,0.0000,0.0000,0.0000,0.0000,0.9167,239.2470,0.0000,0.0833,0.5683,0.0000,0.3484,6.0000,0.0010,0.0000,-0.0359,0.0000,0.0359
task003_symmetric,false,3,12.0000,1.0000,1.0000,1000,0.9960,0.0000,0.0040,0.9967,0.0032,0.9947,0.5823,0.9960,0.0040,0.0000,0.0000,0.0000,0.0000,0.9866,28.6120,0.0000,0.0134,0.2670,0.0000,0.7197,12.0000,0.0002,0.0000,-0.0040,0.0000,0.0040
task003_symmetric,false,3,12.0000,2.0000,1.0000,1000,0.9788,0.0000,0.0212,0.9826,0.0174,0.9772,0.4865,0.9790,0.0210,0.0000,0.0000,0.0000,0.0000,0.9491,55.0500,0.0000,0.0509,0.2522,0.0000,0.6969,12.0000,0.0002,0.0000,-0.0212,0.0000,0.0212
task003_symmetric,false,3,12.0000,3.0000,1.0000,1000,0.9686,0.0000,0.0314,0.9740,0.0259,0.9677,0.3740,0.9690,0.0310,0.0000,0.0000,0.0000,0.0000,0.9366,81.4860,0.0000,0.0634,0.2316,0.0000,0.7050,12.0000,-0.0001,0.0000,-0.0314,0.0000,0.0314
task003_symmetric,false,3,12.0000,6.0000,1.0000,1000,0.9751,0.0000,0.0249,0.9784,0.0216,0.9736,0.4119,0.9750,0.0250,0.0000,0.0000,0.0000,0.0000,0.9383,163.2720,0.0000,0.0617,0.2489,0.0000,0.6894,12.0000,0.0001,0.0000,-0.0249,0.0000,0.0249
task003_symmetric,false,3,12.0000,9.0000,1.0000,1000,0.9712,0.0000,0.0288,0.9748,0.0252,0.9688,0.4373,0.9720,0.0280,0.0000,0.0000,0.0000,0.0000,0.9300,242.7300,0.0000,0.0700,0.2585,0.0000,0.6715,12.0000,0.0001,0.0000,-0.0288,0.0000,0.0288
task003_symmetric,false,3,24.0000,1.0000,1.0000,1000,0.9930,0.0000,0.0070,0.9942,0.0058,0.9919,0.5418,0.9930,0.0070,0.0000,0.0000,0.0000,0.0000,0.9862,28.6000,0.0000,0.0138,0.0511,0.0000,0.9351,24.0000,0.0000,0.0000,-0.0070,0.0000,0.0070
task003_symmetric,false,3,24.0000,2.0000,1.0000,1000,0.9768,0.0000,0.0232,0.9805,0.0194,0.9753,0.4458,0.9770,0.0230,0.0000,0.0000,0.0000,0.0000,0.9524,55.2380,0.0000,0.0476,0.0553,0.0000,0.8971,24.0000,0.0000,0.0000,-0.0232,0.0000,0.0232
task003_symmetric,false,3,24.0000,3.0000,1.0000,1000,0.9766,0.0000,0.0234,0.9805,0.0195,0.9755,0.2811,0.9770,0.0230,0.0000,0.0000,0.0000,0.0000,0.9562,83.1900,0.0000,0.0438,0.0497,0.0000,0.9065,24.0000,0.0000,0.0000,-0.0234,0.0000,0.0234
task003_symmetric,false,3,24.0000,6.0000,1.0000,1000,0.9872,0.0000,0.0128,0.9888,0.0111,0.9856,0.3114,0.9870,0.0130,0.0000,0.0000,0.0000,0.0000,0.9670,168.2580,0.0000,0.0330,0.0537,0.0000,0.9133,24.0000,0.0000,0.0000,-0.0128,0.0000,0.0128
task003_symmetric,false,3,24.0000,9.0000,1.0000,1000,0.9798,0.0000,0.0202,0.9822,0.0178,0.9766,0.3961,0.9810,0.0190,0.0000,0.0000,0.0000,0.0000,0.9552,249.3000,0.0000,0.0448,0.0620,0.0000,0.8931,24.0000,0.0000,0.0000,-0.0202,0.0000,0.0202
task003_symmetric,false,6,3.0000,1.0000,1.0000,1000,0.9660,0.0000,0.0340,0.9729,0.0271,0.9658,0.6010,0.9660,0.0340,0.0000,0.0000,0.0000,0.0000,0.9633,27.9350,0.0000,0.0367,0.9175,0.0000,0.0458,3.0000,-0.0003,0.0000,-0.0040,0.0000,0.0040
task003_symmetric,false,6,3.0000,2.0000,1.0000,1000,0.9570,0.0000,0.0430,0.9652,0.0348,0.9568,0.5118,0.9570,0.0430,0.0000,0.0000,0.0000,0.0000,0.9510,55.1580,0.0000,0.0490,0.8920,0.0000,0.0590,3.0000,0.0000,0.0000,-0.0130,0.0000,0.0130
task003_symmetric,false,6,3.0000,3.0000,1.0000,1000,0.9440,0.0000,0.0560,0.9535,0.0465,0.9438,0.4384,0.9440,0.0560,0.0000,0.0000,0.0000,0.0000,0.9365,81.4770,0.0000,0.0635,0.8579,0.0000,0.0786,3.0000,-0.0003,0.0000,-0.0260,0.0000,0.0260
task003_symmetric,false,6,3.0000,6.0000,1.0000,1000,0.9570,0.0000,0.0430,0.9647,0.0353,0.9569,0.4845,0.9570,0.0430,0.0000,0.0000,0.0000,0.0000,0.9482,164.9940,0.0000,0.0518,0.8548,0.0000,0.0934,3.0000,-0.0006,0.0000,-0.0130,0.0000,0.0130
task003_symmetric,false,6,3.0000,9.0000,1.0000,1000,0.9540,0.0000,0.0460,0.9622,0.0378,0.9539,0.5335,0.9540,0.0460,0.0000,0.0000,0.0000,0.0000,0.9450,246.6540,0.0000,0.0550,0.8484,0.0000,0.0966,3.0000,0.0004,0.0000,-0.0160,0.0000,0.0160
task003_symmetric,false,6,6.0000,1.0000,1.0000,1000,0.9690,0.0000,0.0310,0.9755,0.0245,0.9688,0.6411,0.9690,0.0310,0.0000,0.0000,0.0000,0.0000,0.9646,27.9740,0.0000,0.0354,0.6213,0.0000,0.3433,6.0000,-0.0001,0.0000,-0.0010,0.0000,0.0010
task003_symmetric,false,6,6.0000,2.0000,1.0000,1000,0.9610,0.0000,0.0390,0.9687,0.0313,0.9607,0.5507,0.9610,0.0390,0.0000,0.0000,0.0000,0.0000,0.9537,55.3120,0.0000,0.0463,0.5608,0.0000,0.3928,6.0000,0.0002,0.0000,-0.0090,0.0000,0.0090
task003_symmetric,false,6,6.0000,3.0000,1.0000,1000,0.9500,0.0000,0.0500,0.9592,0.0408,0.9500,0.4637,0.9500,0.0500,0.0000,0.0000,0.0000,0.0000,0.9396,81.7440,0.0000,0.0604,0.4994,0.0000,0.4401,6.0000,0.0002,0.0000,-0.0200,0.0000,0.0200
task003_symmetric,false,6,6.0000,6.0000,1.0000,1000,0.9579,0.0000,0.0421,0.9656,0.0344,0.9575,0.5301,0.9580,0.0420,0.0000,0.0000,0.0000,0.0000,0.9462,164.6340,0.0000,0.0538,0.5212,0.0000,0.4250,6.0000,0.0002,0.0000,-0.0121,0.0000,0.0121
task003_symmetric,false,6,6.0000,9.0000,1.0000,1000,0.9550,0.0000,0.0450,0.9633,0.0367,0.9549,0.5622,0.9550,0.0450,0.0000,0.0000,0.0000,0.0000,0.9449,246.6180,0.0000,0.0551,0.5136,0.0000,0.4313,6.0000,0.0000,0.0000,-0.0150,0.0000,0.0150
task003_symmetric,false,6,12.0000,1.0000,1.0000,1000,0.9700,0.0000,0.0300,0.9763,0.0237,0.9699,0.6202,0.9700,0.0300,0.0000,0.0000,0.0000,0.0000,0.9662,28.0200,0.0000,0.0338,0.1936,0.0000,0.7726,12.0000,-0.0000,0.0000,0.0000,0.0000,0.0000
task003_symmetric,false,6,12.0000,2.0000,1.0000,1000,0.9580,0.0000,0.0420,0.9666,0.0334,0.9577,0.5407,0.9580,0.0420,0.0000,0.0000,0.0000,0.0000,0.9508,55.1440,0.0000,0.0492,0.1789,0.0000,0.7718,12.0000,0.0001,0.0000,-0.0120,0.0000,0.0120
task003_symmetric,false,6,12.0000,3.0000,1.0000,1000,0.9560,0.0000,0.0440,0.9646,0.0354,0.9559,0.4202,0.9560,0.0440,0.0000,0.0000,0.0000,0.0000,0.9481,82.4880,0.0000,0.0519,0.1469,0.0000,0.8012,12.0000,-0.0000,0.0000,-0.0140,0.0000,0.0140
task003_symmetric,false,6,12.0000,6.0000,1.0000,1000,0.9560,0.0000,0.0440,0.9643,0.0357,0.9560,0.4861,0.9560,0.0440,0.0000,0.0000,0.0000,0.0000,0.9476,164.8800,0.0000,0.0524,0.2180,0.0000,0.7296,12.0000,0.0002,0.0000,-0.0140,0.0000,0.0140
task003_symmetric,false,6,12.0000,9.0000,1.0000,1000,0.9570,0.0000,0.0430,0.9651,0.0349,0.9570,0.5265,0.9570,0.0430,0.0000,0.0000,0.0000,0.0000,0.9493,247.7700,0.0000,0.0507,0.2072,0.0000,0.7421,12.0000,-0.0002,0.0000,-0.0130,0.0000,0.0130
task003_symmetric,false,6,24.0000,1.0000,1.0000,1000,0.9700,0.0000,0.0300,0.9763,0.0237,0.9699,0.5640,0.9700,0.0300,0.0000,0.0000,0.0000,0.0000,0.9671,28.0460,0.0000,0.0329,0.0190,0.0000,0.9481,24.0000,0.0000,0.0000,0.0000,0.0000,0.0000
task003_symmetric,false,6,24.0000,2.0000,1.0000,1000,0.9580,0.0000,0.0420,0.9667,0.0333,0.9577,0.4931,0.9580,0.0420,0.0000,0.0000,0.0000,0.0000,0.9515,55.1860,0.0000,0.0485,0.0239,0.0000,0.9276,24.0000,0.0000,0.0000,-0.0120,0.0000,0.0120
task003_symmetric,false,6,24.0000,3.0000,1.0000,1000,0.9540,0.0000,0.0460,0.9631,0.0369,0.9539,0.3374,0.9540,0.0460,0.0000,0.0000,0.0000,0.0000,0.9470,82.3890,0.0000,0.0530,0.0180,0.0000,0.9290,24.0000,0.0000,0.0000,-0.0160,0.0000,0.0160
task003_symmetric,false,6,24.0000,6.0000,1.0000,1000,0.9640,0.0000,0.0360,0.9711,0.0289,0.9640,0.3821,0.9640,0.0360,0.0000,0.0000,0.0000,0.0000,0.9572,166.5540,0.0000,0.0428,0.0411,0.0000,0.9161,24.0000,0.0000,0.0000,-0.0060,0.0000,0.0060
task003_symmetric,false,6,24.0000,9.0000,1.0000,1000,0.9600,0.0000,0.0400,0.9676,0.0324,0.9600,0.4991,0.9600,0.0400,0.0000,0.0000,0.0000,0.0000,0.9552,249.3000,0.0000,0.0448,0.0374,0.0000,0.9178,24.0000,0.0000,0.0000,-0.0100,0.0000,0.0100
task003_symmetric,false,12,3.0000,1.0000,1.0000,1000,0.9290,0.0000,0.0710,0.9437,0.0563,0.9288,0.5975,0.9290,0.0710,0.0000,0.0000,0.0000,0.0000,0.9285,26.9270,0.0000,0.0715,0.8867,0.0000,0.0419,3.0000,-0.0003,0.0000,-0.0010,0.0000,0.0010
task003_symmetric,false,12,3.0000,2.0000,1.0000,1000,0.9260,0.0000,0.0740,0.9406,0.0594,0.9258,0.5262,0.9260,0.0740,0.0000,0.0000,0.0000,0.0000,0.9254,53.6720,0.0000,0.0746,0.8661,0.0000,0.0593,3.0000,-0.0006,0.0000,-0.0040,0.0000,0.0040
task003_symmetric,false,12,3.0000,3.0000,1.0000,1000,0.9220,0.0000,0.0780,0.9372,0.0628,0.9218,0.4763,0.9220,0.0780,0.0000,0.0000,0.0000,0.0000,0.9210,80.1240,0.0000,0.0790,0.8470,0.0000,0.0739,3.0000,-0.0004,0.0000,-0.0080,0.0000,0.0080
task003_symmetric,false,12,3.0000,6.0000,1.0000,1000,0.9220,0.0000,0.0780,0.9372,0.0628,0.9220,0.4833,0.9220,0.0780,0.0000,0.0000,0.0000,0.0000,0.9210,160.2480,0.0000,0.0790,0.8388,0.0000,0.0821,3.0000,-0.0004,0.0000,-0.0080,0.0000,0.0080
task003_symmetric,false,12,3.0000,9.0000,1.0000,1000,0.9220,0.0000,0.0780,0.9372,0.0628,0.9220,0.5337,0.9220,0.0780,0.0000,0.0000,0.0000,0.0000,0.9210,240.3720,0.0000,0.0790,0.8277,0.0000,0.0932,3.0000,-0.0005,0.0000,-0.0080,0.0000,0.0080
task003_symmetric,false,12,6.0000,1.0000,1.0000,1000,0.9280,0.0000,0.0720,0.9430,0.0570,0.9279,0.6456,0.9280,0.0720,0.0000,0.0000,0.0000,0.0000,0.9274,26.8940,0.0000,0.0726,0.5822,0.0000,0.3451,6.0000,-0.0002,0.0000,-0.0020,0.0000,0.0020
task003_symmetric,false,12,6.0000,2.0000,1.0000,1000,0.9250,0.0000,0.0750,0.9402,0.0598,0.9248,0.5767,0.9250,0.0750,0.0000,0.0000,0.0000,0.0000,0.9246,53.6260,0.0000,0.0754,0.5383,0.0000,0.3863,6.0000,-0.0002,0.0000,-0.0050,0.0000,0.0050
task003_symmetric,false,12,6.0000,3.0000,1.0000,1000,0.9240,0.0000,0.0760,0.9392,0.0608,0.9240,0.4956,0.9240,0.0760,0.0000,0.0000,0.0000,0.0000,0.9228,80.2800,0.0000,0.0772,0.4824,0.0000,0.4403,6.0000,-0.0000,0.0000,-0.0060,0.0000,0.0060
task003_symmetric,false,12,6.0000,6.0000,1.0000,1000,0.9230,0.0000,0.0770,0.9384,0.0616,0.9230,0.5215,0.9230,0.0770,0.0000,0.0000,0.0000,0.0000,0.9213,160.3140,0.0000,0.0787,0.5014,0.0000,0.4199,6.0000,-0.0000,0.0000,-0.0070,0.0000,0.0070
task003_symmetric,false,12,6.0000,9.0000,1.0000,1000,0.9230,0.0000,0.0770,0.9383,0.0617,0.9230,0.5501,0.9230,0.0770,0.0000,0.0000,0.0000,0.0000,0.9211,240.3990,0.0000,0.0789,0.4858,0.0000,0.4353,6.0000,-0.0001,0.0000,-0.0070,0.0000,0.0070
task003_symmetric,false,12,12.0000,1.0000,1.0000,1000,0.9290,0.0000,0.0710,0.9440,0.0560,0.9287,0.6132,0.9290,0.0710,0.0000,0.0000,0.0000,0.0000,0.9282,26.9190,0.0000,0.0718,0.1606,0.0000,0.7677,12.0000,0.0000,0.0000,-0.0010,0.0000,0.0010
task003_symmetric,false,12,12.0000,2.0000,1.0000,1000,0.9270,0.0000,0.0730,0.9424,0.0576,0.9269,0.5514,0.9270,0.0730,0.0000,0.0000,0.0000,0.0000,0.9257,53.6880,0.0000,0.0743,0.1433,0.0000,0.7824,12.0000,-0.0000,0.0000,-0.0030,0.0000,0.0030
task003_symmetric,false,12,12.0000,3.0000,1.0000,1000,0.9250,0.0000,0.0750,0.9406,0.0593,0.9249,0.4779,0.9250,0.0750,0.0000,0.0000,0.0000,0.0000,0.9240,80.3850,0.0000,0.0760,0.1137,0.0000,0.8102,12.0000,0.0001,0.0000,-0.0050,0.0000,0.0050
task003_symmetric,false,12,12.0000,6.0000,1.0000,1000,0.9240,0.0000,0.0760,0.9398,0.0602,0.9239,0.4836,0.9240,0.0760,0.0000,0.0000,0.0000,0.0000,0.9229,160.5840,0.0000,0.0771,0.1939,0.0000,0.7290,12.0000,-0.0000,0.0000,-0.0060,0.0000,0.0060
task003_symmetric,false,12,12.0000,9.0000,1.0000,1000,0.9249,0.0000,0.0751,0.9406,0.0594,0.9249,0.5294,0.9250,0.0750,0.0000,0.0000,0.0000,0.0000,0.9233,240.9840,0.0000,0.0767,0.1948,0.0000,0.7285,12.0000,0.0001,0.0000,-0.0051,0.0000,0.0051
task003_symmetric,false,12,24.0000,1.0000,1.0000,1000,0.9300,0.0000,0.0700,0.9447,0.0553,0.9298,0.5449,0.9300,0.0700,0.0000,0.0000,0.0000,0.0000,0.9292,26.9470,0.0000,0.0708,0.0040,0.0000,0.9252,24.0000,0.0000,0.0000,0.0000,0.0000,0.0000
task003_symmetric,false,12,24.0000,2.0000,1.0000,1000,0.9290,0.0000,0.0710,0.9439,0.0561,0.9286,0.4903,0.9290,0.0710,0.0000,0.0000,0.0000,0.0000,0.9280,53.8240,0.0000,0.0720,0.0066,0.0000,0.9214,24.0000,0.0000,0.0000,-0.0010,0.0000,0.0010
task003_symmetric,false,12,24.0000,3.0000,1.0000,1000,0.9280,0.0000,0.0720,0.9431,0.0569,0.9278,0.4106,0.9280,0.0720,0.0000,0.0000,0.0000,0.0000,0.9270,80.6520,0.0000,0.0730,0.0030,0.0000,0.9241,24.0000,0.0000,0.0000,-0.0020,0.0000,0.0020
task003_symmetric,false,12,24.0000,6.0000,1.0000,1000,0.9280,0.0000,0.0720,0.9431,0.0569,0.9279,0.4038,0.9280,0.0720,0.0000,0.0000,0.0000,0.0000,0.9269,161.2860,0.0000,0.0731,0.0330,0.0000,0.8939,24.0000,0.0000,0.0000,-0.0020,0.0000,0.0020
task003_symmetric,false,12,24.0000,9.0000,1.0000,1000,0.9279,0.0000,0.0721,0.9431,0.0569,0.9279,0.4928,0.9280,0.0720,0.0000,0.0000,0.0000,0.0000,0.9267,241.8750,0.0000,0.0733,0.0381,0.0000,0.8887,24.0000,0.0000,0.0000,-0.0021,0.0000,0.0021
task003_symmetric,silent,3,,,0.7500,1000,0.9584,0.0029,0.0387,0.7399,0.1594,0.0220,0.0220,0.9770,0.0200,0.0000,0.0000,0.0000,0.0000,,,,,,,,,,,0.0000,0.0000,0.0000
task003_symmetric,silent,6,,,0.7500,1000,0.9670,0.0006,0.0324,0.8700,0.0937,0.3001,0.3001,0.9750,0.0250,0.0000,0.0000,0.0000,0.0000,,,,,,,,,,,0.0000,0.0000,0.0000
task003_symmetric,silent,12,,,0.7500,1000,0.9400,0.0005,0.0595,0.9068,0.0781,0.6755,0.6755,0.9440,0.0560,0.0000,0.0000,0.0000,0.0000,,,,,,,,,,,0.0000,0.0000,0.0000
task003_symmetric,silent,3,,,1.0000,1000,1.0000,0.0000,0.0000,0.9999,0.0001,0.9985,0.9985,1.0000,0.0000,0.0000,0.0000,0.0000,0.0000,,,,,,,,,,,0.0000,0.0000,0.0000
task003_symmetric,silent,6,,,1.0000,1000,0.9700,0.0000,0.0300,0.9764,0.0236,0.9699,0.9699,0.9700,0.0300,0.0000,0.0000,0.0000,0.0000,,,,,,,,,,,0.0000,0.0000,0.0000
task003_symmetric,silent,12,,,1.0000,1000,0.9300,0.0000,0.0700,0.9447,0.0553,0.9300,0.9300,0.9300,0.0700,0.0000,0.0000,0.0000,0.0000,,,,,,,,,,,0.0000,0.0000,0.0000
task003_symmetric,truth,3,3.0000,1.0000,0.7500,1000,0.9907,0.0020,0.0073,0.8223,0.1097,0.0929,0.0049,1.0000,0.0000,0.0000,0.0000,0.0000,0.0000,0.0799,2.3160,0.0000,0.9201,0.0799,0.0000,0.0000,3.0000,-0.0001,0.0001,0.0323,-0.0009,-0.0314
task003_symmetric,truth,3,3.0000,2.0000,0.7500,1000,0.9945,0.0011,0.0044,0.8412,0.0917,0.0817,0.0038,1.0000,0.0000,0.0000,0.0000,0.0000,0.0000,0.0644,3.7380,0.0000,0.9356,0.0644,0.0000,0.0000,3.0000,0.0000,0.0001,0.0361,-0.0018,-0.0343
task003_symmetric,truth,3,3.0000,3.0000,0.7500,1000,0.9962,0.0011,0.0027,0.8473,0.0846,0.0755,0.0031,1.0000,0.0000,0.0000,0.0000,0.0000,0.0000,0.0607,5.2800,0.0000,0.9393,0.0607,0.0000,0.0000,3.0000,-0.0001,0.0001,0.0378,-0.0018,-0.0360
task003_symmetric,truth,3,3.0000,6.0000,0.7500,1000,0.9963,0.0009,0.0027,0.8407,0.0861,0.0691,0.0030,1.0000,0.0000,0.0000,0.0000,0.0000,0.0000,0.0572,9.9540,0.0000,0.9428,0.0572,0.0000,0.0000,3.0000,-0.0000,0.0001,0.0380,-0.0020,-0.0360
task003_symmetric,truth,3,3.0000,9.0000,0.7500,1000,0.9955,0.0018,0.0027,0.8393,0.0859,0.0620,0.0027,1.0000,0.0000,0.0000,0.0000,0.0000,0.0000,0.0534,13.9320,0.0000,0.9466,0.0534,0.0000,0.0000,3.0000,0.0001,0.0001,0.0371,-0.0011,-0.0360
task003_symmetric,truth,3,6.0000,1.0000,0.7500,1000,0.9881,0.0025,0.0094,0.7954,0.1208,0.0627,0.0113,1.0000,0.0000,0.0000,0.0000,0.0000,0.0000,0.0418,1.2110,0.0129,0.9454,0.0418,0.0000,0.0000,6.0000,0.0004,0.0001,0.0297,-0.0004,-0.0293
task003_symmetric,truth,3,6.0000,2.0000,0.7500,1000,0.9909,0.0019,0.0072,0.8112,0.1081,0.0674,0.0098,1.0000,0.0000,0.0000,0.0000,0.0000,0.0000,0.0349,2.0260,0.0107,0.9544,0.0349,0.0000,0.0000,6.0000,0.0002,0.0001,0.0325,-0.0010,-0.0315
task003_symmetric,truth,3,6.0000,3.0000,0.7500,1000,0.9916,0.0018,0.0066,0.8151,0.1054,0.0668,0.0091,1.0000,0.0000,0.0000,0.0000,0.0000,0.0000,0.0343,2.9880,0.0097,0.9559,0.0343,0.0000,0.0000,6.0000,-0.0004,0.0001,0.0333,-0.0011,-0.0321
task003_symmetric,truth,3,6.0000,6.0000,0.7500,1000,0.9923,0.0016,0.0061,0.8108,0.1068,0.0587,0.0089,1.0000,0.0000,0.0000,0.0000,0.0000,0.0000,0.0322,5.6100,0.0072,0.9606,0.0322,0.0000,0.0000,6.0000,-0.0003,0.0001,0.0339,-0.0013,-0.0326
task003_symmetric,truth,3,6.0000,9.0000,0.7500,1000,0.9934,0.0015,0.0050,0.8143,0.1035,0.0532,0.0084,1.0000,0.0000,0.0000,0.0000,0.0000,0.0000,0.0306,7.9920,0.0046,0.9648,0.0306,0.0000,0.0000,6.0000,-0.0001,0.0001,0.0350,-0.0014,-0.0337
task003_symmetric,truth,3,12.0000,1.0000,0.7500,1000,0.9868,0.0027,0.0106,0.7825,0.1252,0.0476,0.0148,1.0000,0.0000,0.0000,0.0000,0.0000,0.0000,0.0249,0.7220,0.1876,0.7875,0.0249,0.0000,0.0000,12.0000,0.0001,0.0001,0.0284,-0.0002,-0.0281
task003_symmetric,truth,3,12.0000,2.0000,0.7500,1000,0.9865,0.0021,0.0115,0.7896,0.1222,0.0556,0.0141,1.0000,0.0000,0.0000,0.0000,0.0000,0.0000,0.0224,1.3000,0.2292,0.7484,0.0224,0.0000,0.0000,12.0000,-0.0003,0.0001,0.0281,-0.0008,-0.0273
task003_symmetric,truth,3,12.0000,3.0000,0.7500,1000,0.9865,0.0016,0.0120,0.7937,0.1216,0.0633,0.0133,1.0000,0.0000,0.0000,0.0000,0.0000,0.0000,0.0213,1.8510,0.2430,0.7357,0.0213,0.0000,0.0000,12.0000,-0.0004,0.0001,0.0281,-0.0013,-0.0268
task003_symmetric,truth,3,12.0000,6.0000,0.7500,1000,0.9881,0.0025,0.0094,0.7957,0.1192,0.0480,0.0130,1.0000,0.0000,0.0000,0.0000,0.0000,0.0000,0.0205,3.5640,0.2015,0.7780,0.0205,0.0000,0.0000,12.0000,-0.0000,0.0001,0.0297,-0.0004,-0.0293
task003_symmetric,truth,3,12.0000,9.0000,0.7500,1000,0.9905,0.0016,0.0078,0.7984,0.1125,0.0454,0.0128,1.0000,0.0000,0.0000,0.0000,0.0000,0.0000,0.0199,5.1930,0.1956,0.7845,0.0199,0.0000,0.0000,12.0000,-0.0003,0.0001,0.0322,-0.0013,-0.0309
task003_symmetric,truth,3,24.0000,1.0000,0.7500,1000,0.9825,0.0023,0.0152,0.7666,0.1365,0.0345,0.0201,0.9990,0.0010,0.0000,0.0000,0.0000,0.0000,0.0114,0.3300,0.5386,0.4500,0.0114,0.0000,0.0000,23.9961,0.0001,0.0001,0.0242,-0.0006,-0.0235
task003_symmetric,truth,3,24.0000,2.0000,0.7500,1000,0.9824,0.0021,0.0155,0.7696,0.1358,0.0374,0.0189,0.9990,0.0010,0.0000,0.0000,0.0000,0.0000,0.0098,0.5660,0.5660,0.4242,0.0098,0.0000,0.0000,23.9957,0.0001,0.0001,0.0240,-0.0008,-0.0233
task003_symmetric,truth,3,24.0000,3.0000,0.7500,1000,0.9829,0.0024,0.0147,0.7705,0.1348,0.0398,0.0189,0.9990,0.0010,0.0000,0.0000,0.0000,0.0000,0.0095,0.8280,0.5700,0.4205,0.0095,0.0000,0.0000,23.9961,0.0001,0.0001,0.0245,-0.0005,-0.0240
task003_symmetric,truth,3,24.0000,6.0000,0.7500,1000,0.9843,0.0025,0.0132,0.7729,0.1330,0.0335,0.0188,0.9990,0.0010,0.0000,0.0000,0.0000,0.0000,0.0092,1.6080,0.5434,0.4474,0.0092,0.0000,0.0000,23.9958,0.0001,0.0001,0.0259,-0.0004,-0.0255
task003_symmetric,truth,3,24.0000,9.0000,0.7500,1000,0.9848,0.0020,0.0132,0.7726,0.1309,0.0312,0.0187,0.9990,0.0010,0.0000,0.0000,0.0000,0.0000,0.0090,2.3580,0.5557,0.4353,0.0090,0.0000,0.0000,23.9961,0.0001,0.0001,0.0264,-0.0009,-0.0255
task003_symmetric,truth,6,3.0000,1.0000,0.7500,1000,0.9961,0.0004,0.0035,0.9190,0.0534,0.4466,0.1404,1.0000,0.0000,0.0000,0.0000,0.0000,0.0000,0.0334,0.9700,0.0000,0.9666,0.0334,0.0000,0.0000,3.0000,0.0006,0.0000,0.0291,-0.0002,-0.0289
task003_symmetric,truth,6,3.0000,2.0000,0.7500,1000,0.9972,0.0003,0.0024,0.9270,0.0470,0.4478,0.1268,1.0000,0.0000,0.0000,0.0000,0.0000,0.0000,0.0296,1.7140,0.0000,0.9704,0.0296,0.0000,0.0000,3.0000,0.0004,0.0000,0.0302,-0.0002,-0.0300
task003_symmetric,truth,6,3.0000,3.0000,0.7500,1000,0.9975,0.0004,0.0021,0.9312,0.0434,0.4558,0.1190,1.0000,0.0000,0.0000,0.0000,0.0000,0.0000,0.0282,2.4540,0.0000,0.9718,0.0282,0.0000,0.0000,3.0000,0.0004,0.0000,0.0305,-0.0002,-0.0302
task003_symmetric,truth,6,3.0000,6.0000,0.7500,1000,0.9977,0.0005,0.0018,0.9327,0.0416,0.4582,0.1161,1.0000,0.0000,0.0000,0.0000,0.0000,0.0000,0.0270,4.6920,0.0000,0.9730,0.0270,0.0000,0.0000,3.0000,0.0005,0.0000,0.0307,-0.0001,-0.0305
task003_symmetric,truth,6,3.0000,9.0000,0.7500,1000,0.9975,0.0004,0.0021,0.9338,0.0408,0.4578,0.1165,1.0000,0.0000,0.0000,0.0000,0.0000,0.0000,0.0267,6.9750,0.0000,0.9733,0.0267,0.0000,0.0000,3.0000,0.0005,0.0000,0.0305,-0.0002,-0.0303
task003_symmetric,truth,6,6.0000,1.0000,0.7500,1000,0.9935,0.0007,0.0058,0.9041,0.0634,0.3684,0.2247,1.0000,0.0000,0.0000,0.0000,0.0000,0.0000,0.0162,0.4710,0.0198,0.9640,0.0162,0.0000,0.0000,6.0000,0.0002,0.0000,0.0265,0.0001,-0.0266
task003_symmetric,truth,6,6.0000,2.0000,0.7500,1000,0.9948,0.0005,0.0047,0.9090,0.0593,0.3758,0.2100,1.0000,0.0000,0.0000,0.0000,0.0000,0.0000,0.0143,0.8300,0.0163,0.9694,0.0143,0.0000,0.0000,6.0000,0.0001,0.0000,0.0278,-0.0000,-0.0277
task003_symmetric,truth,6,6.0000,3.0000,0.7500,1000,0.9955,0.0005,0.0040,0.9129,0.0565,0.3960,0.2020,1.0000,0.0000,0.0000,0.0000,0.0000,0.0000,0.0143,1.2420,0.0158,0.9699,0.0143,0.0000,0.0000,6.0000,0.0002,0.0000,0.0285,-0.0001,-0.0284
task003_symmetric,truth,6,6.0000,6.0000,0.7500,1000,0.9956,0.0005,0.0039,0.9132,0.0562,0.3997,0.1991,1.0000,0.0000,0.0000,0.0000,0.0000,0.0000,0.0137,2.3760,0.0147,0.9716,0.0137,0.0000,0.0000,6.0000,0.0003,0.0000,0.0285,-0.0001,-0.0285
task003_symmetric,truth,6,6.0000,9.0000,0.7500,1000,0.9959,0.0005,0.0036,0.9158,0.0541,0.3967,0.1984,1.0000,0.0000,0.0000,0.0000,0.0000,0.0000,0.0135,3.5280,0.0108,0.9757,0.0135,0.0000,0.0000,6.0000,0.0002,0.0000,0.0289,-0.0001,-0.0288
task003_symmetric,truth,6,12.0000,1.0000,0.7500,1000,0.9931,0.0007,0.0062,0.8983,0.0676,0.3468,0.2611,1.0000,0.0000,0.0000,0.0000,0.0000,0.0000,0.0097,0.2800,0.3486,0.6418,0.0097,0.0000,0.0000,12.0000,0.0002,0.0000,0.0261,0.0001,-0.0262
task003_symmetric,truth,6,12.0000,2.0000,0.7500,1000,0.9937,0.0005,0.0057,0.9013,0.0652,0.3622,0.2430,1.0000,0.0000,0.0000,0.0000,0.0000,0.0000,0.0086,0.5000,0.3667,0.6247,0.0086,0.0000,0.0000,12.0000,0.0000,0.0000,0.0267,-0.0000,-0.0266
task003_symmetric,truth,6,12.0000,3.0000,0.7500,1000,0.9938,0.0005,0.0057,0.9019,0.0652,0.3682,0.2412,1.0000,0.0000,0.0000,0.0000,0.0000,0.0000,0.0084,0.7350,0.3736,0.6180,0.0084,0.0000,0.0000,12.0000,0.0001,0.0000,0.0268,-0.0001,-0.0266
task003_symmetric,truth,6,12.0000,6.0000,0.7500,1000,0.9942,0.0005,0.0053,0.9023,0.0643,0.3615,0.2400,1.0000,0.0000,0.0000,0.0000,0.0000,0.0000,0.0083,1.4520,0.3671,0.6246,0.0083,0.0000,0.0000,12.0000,0.0001,0.0000,0.0272,-0.0000,-0.0271
task003_symmetric,truth,6,12.0000,9.0000,0.7500,1000,0.9940,0.0007,0.0053,0.9043,0.0629,0.3633,0.2397,1.0000,0.0000,0.0000,0.0000,0.0000,0.0000,0.0082,2.1420,0.3575,0.6343,0.0082,0.0000,0.0000,12.0000,0.0001,0.0000,0.0270,0.0001,-0.0270
task003_symmetric,truth,6,24.0000,1.0000,0.7500,1000,0.9927,0.0006,0.0067,0.8925,0.0715,0.3251,0.2905,1.0000,0.0000,0.0000,0.0000,0.0000,0.0000,0.0037,0.1070,0.8990,0.0973,0.0037,0.0000,0.0000,23.9990,0.0000,0.0000,0.0257,0.0000,-0.0257
task003_symmetric,truth,6,24.0000,2.0000,0.7500,1000,0.9931,0.0006,0.0063,0.8942,0.0701,0.3312,0.2865,1.0000,0.0000,0.0000,0.0000,0.0000,0.0000,0.0033,0.1940,0.9086,0.0880,0.0033,0.0000,0.0000,23.9990,0.0000,0.0000,0.0260,0.0000,-0.0260
task003_symmetric,truth,6,24.0000,3.0000,0.7500,1000,0.9931,0.0005,0.0064,0.8948,0.0702,0.3338,0.2855,1.0000,0.0000,0.0000,0.0000,0.0000,0.0000,0.0032,0.2820,0.9082,0.0886,0.0032,0.0000,0.0000,23.9989,0.0000,0.0000,0.0261,-0.0001,-0.0260
task003_symmetric,truth,6,24.0000,6.0000,0.7500,1000,0.9931,0.0005,0.0064,0.8948,0.0698,0.3322,0.2853,1.0000,0.0000,0.0000,0.0000,0.0000,0.0000,0.0034,0.5880,0.9091,0.0875,0.0034,0.0000,0.0000,23.9991,0.0000,0.0000,0.0261,-0.0001,-0.0260
task003_symmetric,truth,6,24.0000,9.0000,0.7500,1000,0.9930,0.0006,0.0064,0.8954,0.0692,0.3312,0.2853,1.0000,0.0000,0.0000,0.0000,0.0000,0.0000,0.0032,0.8370,0.9095,0.0873,0.0032,0.0000,0.0000,23.9991,0.0000,0.0000,0.0259,0.0000,-0.0260
task003_symmetric,truth,12,3.0000,1.0000,0.7500,1000,0.9968,0.0004,0.0028,0.9609,0.0262,0.7620,0.3985,1.0000,0.0000,0.0000,0.0000,0.0000,0.0000,0.0245,0.7100,0.0000,0.9755,0.0245,0.0000,0.0000,3.0000,0.0004,0.0000,0.0567,-0.0000,-0.0567
task003_symmetric,truth,12,3.0000,2.0000,0.7500,1000,0.9973,0.0003,0.0023,0.9636,0.0242,0.7617,0.3661,1.0000,0.0000,0.0000,0.0000,0.0000,0.0000,0.0223,1.2920,0.0000,0.9777,0.0223,0.0000,0.0000,3.0000,0.0003,0.0000,0.0573,-0.0001,-0.0572
task003_symmetric,truth,12,3.0000,3.0000,0.7500,1000,0.9975,0.0003,0.0022,0.9660,0.0221,0.7642,0.3539,1.0000,0.0000,0.0000,0.0000,0.0000,0.0000,0.0209,1.8180,0.0000,0.9791,0.0209,0.0000,0.0000,3.0000,0.0004,0.0000,0.0574,-0.0002,-0.0572
task003_symmetric,truth,12,3.0000,6.0000,0.7500,1000,0.9980,0.0003,0.0018,0.9672,0.0210,0.7644,0.3462,1.0000,0.0000,0.0000,0.0000,0.0000,0.0000,0.0200,3.4800,0.0000,0.9800,0.0200,0.0000,0.0000,3.0000,0.0003,0.0000,0.0579,-0.0002,-0.0577
task003_symmetric,truth,12,3.0000,9.0000,0.7500,1000,0.9981,0.0003,0.0016,0.9689,0.0198,0.7700,0.3457,1.0000,0.0000,0.0000,0.0000,0.0000,0.0000,0.0195,5.0940,0.0000,0.9805,0.0195,0.0000,0.0000,3.0000,0.0003,0.0000,0.0581,-0.0002,-0.0579
task003_symmetric,truth,12,6.0000,1.0000,0.7500,1000,0.9958,0.0005,0.0037,0.9562,0.0297,0.7405,0.5826,1.0000,0.0000,0.0000,0.0000,0.0000,0.0000,0.0098,0.2840,0.0197,0.9705,0.0098,0.0000,0.0000,6.0000,0.0002,0.0000,0.0558,0.0000,-0.0558
task003_symmetric,truth,12,6.0000,2.0000,0.7500,1000,0.9963,0.0005,0.0032,0.9573,0.0287,0.7429,0.5606,1.0000,0.0000,0.0000,0.0000,0.0000,0.0000,0.0090,0.5240,0.0201,0.9709,0.0090,0.0000,0.0000,6.0000,0.0002,0.0000,0.0563,0.0000,-0.0563
task003_symmetric,truth,12,6.0000,3.0000,0.7500,1000,0.9967,0.0005,0.0028,0.9579,0.0279,0.7447,0.5548,1.0000,0.0000,0.0000,0.0000,0.0000,0.0000,0.0088,0.7650,0.0171,0.9741,0.0088,0.0000,0.0000,6.0000,0.0002,0.0000,0.0567,0.0000,-0.0567
task003_symmetric,truth,12,6.0000,6.0000,0.7500,1000,0.9963,0.0005,0.0032,0.9584,0.0277,0.7455,0.5472,1.0000,0.0000,0.0000,0.0000,0.0000,0.0000,0.0088,1.5300,0.0140,0.9772,0.0088,0.0000,0.0000,6.0000,0.0002,0.0000,0.0563,0.0000,-0.0563
task003_symmetric,truth,12,6.0000,9.0000,0.7500,1000,0.9969,0.0003,0.0027,0.9593,0.0271,0.7449,0.5478,1.0000,0.0000,0.0000,0.0000,0.0000,0.0000,0.0087,2.2770,0.0117,0.9796,0.0087,0.0000,0.0000,6.0000,0.0002,0.0000,0.0569,-0.0001,-0.0567
task003_symmetric,truth,12,12.0000,1.0000,0.7500,1000,0.9956,0.0005,0.0038,0.9542,0.0311,0.7300,0.6339,1.0000,0.0000,0.0000,0.0000,0.0000,0.0000,0.0059,0.1720,0.4454,0.5487,0.0059,0.0000,0.0000,12.0000,-0.0001,0.0000,0.0556,0.0001,-0.0557
task003_symmetric,truth,12,12.0000,2.0000,0.7500,1000,0.9962,0.0006,0.0032,0.9551,0.0303,0.7330,0.6173,1.0000,0.0000,0.0000,0.0000,0.0000,0.0000,0.0056,0.3240,0.4461,0.5483,0.0056,0.0000,0.0000,12.0000,-0.0001,0.0000,0.0562,0.0001,-0.0563
task003_symmetric,truth,12,12.0000,3.0000,0.7500,1000,0.9961,0.0006,0.0033,0.9557,0.0299,0.7361,0.6093,1.0000,0.0000,0.0000,0.0000,0.0000,0.0000,0.0056,0.4830,0.4487,0.5458,0.0056,0.0000,0.0000,12.0000,-0.0001,0.0000,0.0560,0.0001,-0.0562
task003_symmetric,truth,12,12.0000,6.0000,0.7500,1000,0.9958,0.0006,0.0036,0.9552,0.0301,0.7317,0.6080,1.0000,0.0000,0.0000,0.0000,0.0000,0.0000,0.0056,0.9660,0.4368,0.5577,0.0056,0.0000,0.0000,12.0000,-0.0001,0.0000,0.0557,0.0002,-0.0559
task003_symmetric,truth,12,12.0000,9.0000,0.7500,1000,0.9961,0.0005,0.0034,0.9564,0.0294,0.7338,0.6084,1.0000,0.0000,0.0000,0.0000,0.0000,0.0000,0.0056,1.4490,0.4336,0.5608,0.0056,0.0000,0.0000,12.0000,-0.0001,0.0000,0.0561,0.0000,-0.0561
task003_symmetric,truth,12,24.0000,1.0000,0.7500,1000,0.9959,0.0005,0.0036,0.9538,0.0316,0.7297,0.6647,1.0000,0.0000,0.0000,0.0000,0.0000,0.0000,0.0033,0.0950,0.9856,0.0111,0.0033,0.0000,0.0000,23.9993,0.0000,0.0000,0.0559,0.0000,-0.0559
task003_symmetric,truth,12,24.0000,2.0000,0.7500,1000,0.9960,0.0005,0.0034,0.9543,0.0312,0.7309,0.6577,1.0000,0.0000,0.0000,0.0000,0.0000,0.0000,0.0033,0.1900,0.9864,0.0103,0.0033,0.0000,0.0000,23.9993,0.0000,0.0000,0.0560,0.0001,-0.0561
task003_symmetric,truth,12,24.0000,3.0000,0.7500,1000,0.9962,0.0005,0.0032,0.9548,0.0307,0.7327,0.6576,1.0000,0.0000,0.0000,0.0000,0.0000,0.0000,0.0032,0.2820,0.9885,0.0082,0.0032,0.0000,0.0000,23.9993,0.0000,0.0000,0.0562,0.0001,-0.0563
task003_symmetric,truth,12,24.0000,6.0000,0.7500,1000,0.9960,0.0006,0.0035,0.9543,0.0310,0.7308,0.6576,1.0000,0.0000,0.0000,0.0000,0.0000,0.0000,0.0032,0.5640,0.9873,0.0094,0.0032,0.0000,0.0000,23.9993,0.0000,0.0000,0.0559,0.0001,-0.0560
task003_symmetric,truth,12,24.0000,9.0000,0.7500,1000,0.9961,0.0005,0.0034,0.9548,0.0307,0.7304,0.6576,1.0000,0.0000,0.0000,0.0000,0.0000,0.0000,0.0032,0.8460,0.9884,0.0083,0.0032,0.0000,0.0000,23.9993,0.0000,0.0000,0.0561,0.0000,-0.0561
task003_symmetric,truth,3,3.0000,1.0000,1.0000,1000,1.0000,0.0000,0.0000,1.0000,0.0000,0.9995,0.6309,1.0000,0.0000,0.0000,0.0000,0.0000,0.0000,0.0355,1.0300,0.0000,0.9645,0.0355,0.0000,0.0000,3.0000,-0.0001,0.0000,0.0000,0.0000,0.0000
task003_symmetric,truth,3,3.0000,2.0000,1.0000,1000,1.0000,0.0000,0.0000,1.0000,0.0000,0.9995,0.6583,1.0000,0.0000,0.0000,0.0000,0.0000,0.0000,0.0342,1.9820,0.0000,0.9658,0.0342,0.0000,0.0000,3.0000,-0.0002,0.0000,0.0000,0.0000,0.0000
task003_symmetric,truth,3,3.0000,3.0000,1.0000,1000,1.0000,0.0000,0.0000,1.0000,0.0000,0.9997,0.7150,1.0000,0.0000,0.0000,0.0000,0.0000,0.0000,0.0331,2.8800,0.0000,0.9669,0.0331,0.0000,0.0000,3.0000,0.0001,0.0000,0.0000,0.0000,0.0000
task003_symmetric,truth,3,3.0000,6.0000,1.0000,1000,1.0000,0.0000,0.0000,1.0000,0.0000,0.9998,0.8062,1.0000,0.0000,0.0000,0.0000,0.0000,0.0000,0.0333,5.8020,0.0000,0.9667,0.0333,0.0000,0.0000,3.0000,-0.0003,0.0000,0.0000,0.0000,0.0000
task003_symmetric,truth,3,3.0000,9.0000,1.0000,1000,1.0000,0.0000,0.0000,1.0000,0.0000,0.9996,0.7946,1.0000,0.0000,0.0000,0.0000,0.0000,0.0000,0.0325,8.4780,0.0000,0.9675,0.0325,0.0000,0.0000,3.0000,-0.0001,0.0000,0.0000,0.0000,0.0000
task003_symmetric,truth,3,6.0000,1.0000,1.0000,1000,1.0000,0.0000,0.0000,0.9999,0.0000,0.9992,0.7480,1.0000,0.0000,0.0000,0.0000,0.0000,0.0000,0.0257,0.7460,0.0275,0.9468,0.0257,0.0000,0.0000,6.0000,-0.0000,0.0000,-0.0000,0.0000,0.0000
task003_symmetric,truth,3,6.0000,2.0000,1.0000,1000,1.0000,0.0000,0.0000,0.9999,0.0000,0.9990,0.7549,1.0000,0.0000,0.0000,0.0000,0.0000,0.0000,0.0238,1.3800,0.0200,0.9562,0.0238,0.0000,0.0000,6.0000,-0.0000,0.0000,0.0000,0.0000,0.0000
task003_symmetric,truth,3,6.0000,3.0000,1.0000,1000,1.0000,0.0000,0.0000,1.0000,0.0000,0.9993,0.7767,1.0000,0.0000,0.0000,0.0000,0.0000,0.0000,0.0238,2.0700,0.0181,0.9581,0.0238,0.0000,0.0000,6.0000,-0.0001,0.0000,0.0000,0.0000,0.0000
task003_symmetric,truth,3,6.0000,6.0000,1.0000,1000,1.0000,0.0000,0.0000,1.0000,0.0000,0.9992,0.7793,1.0000,0.0000,0.0000,0.0000,0.0000,0.0000,0.0231,4.0140,0.0166,0.9603,0.0231,0.0000,0.0000,6.0000,-0.0002,0.0000,0.0000,0.0000,0.0000
task003_symmetric,truth,3,6.0000,9.0000,1.0000,1000,1.0000,0.0000,0.0000,1.0000,0.0000,0.9995,0.8160,1.0000,0.0000,0.0000,0.0000,0.0000,0.0000,0.0230,6.0120,0.0107,0.9662,0.0230,0.0000,0.0000,6.0000,-0.0002,0.0000,0.0000,0.0000,0.0000
task003_symmetric,truth,3,12.0000,1.0000,1.0000,1000,1.0000,0.0000,0.0000,1.0000,0.0000,0.9990,0.8344,1.0000,0.0000,0.0000,0.0000,0.0000,0.0000,0.0181,0.5240,0.3193,0.6627,0.0181,0.0000,0.0000,12.0000,-0.0002,0.0000,0.0000,0.0000,0.0000
task003_symmetric,truth,3,12.0000,2.0000,1.0000,1000,1.0000,0.0000,0.0000,1.0000,0.0000,0.9991,0.8061,1.0000,0.0000,0.0000,0.0000,0.0000,0.0000,0.0171,0.9900,0.3267,0.6562,0.0171,0.0000,0.0000,12.0000,-0.0001,0.0000,0.0000,0.0000,0.0000
task003_symmetric,truth,3,12.0000,3.0000,1.0000,1000,1.0000,0.0000,0.0000,1.0000,0.0000,0.9991,0.8107,1.0000,0.0000,0.0000,0.0000,0.0000,0.0000,0.0169,1.4700,0.3379,0.6452,0.0169,0.0000,0.0000,12.0000,-0.0002,0.0000,0.0000,0.0000,0.0000
task003_symmetric,truth,3,12.0000,6.0000,1.0000,1000,1.0000,0.0000,0.0000,0.9999,0.0000,0.9990,0.8015,1.0000,0.0000,0.0000,0.0000,0.0000,0.0000,0.0162,2.8200,0.3124,0.6714,0.0162,0.0000,0.0000,12.0000,-0.0001,0.0000,0.0000,0.0000,0.0000
task003_symmetric,truth,3,12.0000,9.0000,1.0000,1000,1.0000,0.0000,0.0000,1.0000,0.0000,0.9992,0.8523,1.0000,0.0000,0.0000,0.0000,0.0000,0.0000,0.0165,4.3020,0.2952,0.6883,0.0165,0.0000,0.0000,12.0000,-0.0002,0.0000,0.0000,0.0000,0.0000
task003_symmetric,truth,3,24.0000,1.0000,1.0000,1000,1.0000,0.0000,0.0000,0.9999,0.0001,0.9988,0.9504,1.0000,0.0000,0.0000,0.0000,0.0000,0.0000,0.0044,0.1270,0.7961,0.1995,0.0044,0.0000,0.0000,24.0000,0.0000,0.0000,0.0000,0.0000,0.0000
task003_symmetric,truth,3,24.0000,2.0000,1.0000,1000,1.0000,0.0000,0.0000,0.9999,0.0000,0.9989,0.9448,1.0000,0.0000,0.0000,0.0000,0.0000,0.0000,0.0042,0.2440,0.8022,0.1936,0.0042,0.0000,0.0000,24.0000,0.0000,0.0000,0.0000,0.0000,0.0000
task003_symmetric,truth,3,24.0000,3.0000,1.0000,1000,1.0000,0.0000,0.0000,0.9999,0.0000,0.9988,0.9480,1.0000,0.0000,0.0000,0.0000,0.0000,0.0000,0.0040,0.3480,0.8003,0.1957,0.0040,0.0000,0.0000,24.0000,0.0000,0.0000,0.0000,0.0000,0.0000
task003_symmetric,truth,3,24.0000,6.0000,1.0000,1000,1.0000,0.0000,0.0000,0.9999,0.0000,0.9987,0.9555,1.0000,0.0000,0.0000,0.0000,0.0000,0.0000,0.0042,0.7380,0.7927,0.2031,0.0042,0.0000,0.0000,24.0000,0.0000,0.0000,0.0000,0.0000,0.0000
task003_symmetric,truth,3,24.0000,9.0000,1.0000,1000,1.0000,0.0000,0.0000,0.9999,0.0000,0.9988,0.9648,1.0000,0.0000,0.0000,0.0000,0.0000,0.0000,0.0040,1.0440,0.8023,0.1937,0.0040,0.0000,0.0000,24.0000,0.0000,0.0000,0.0000,0.0000,0.0000
task003_symmetric,truth,6,3.0000,1.0000,1.0000,1000,1.0000,0.0000,0.0000,1.0000,0.0000,0.9999,0.7761,1.0000,0.0000,0.0000,0.0000,0.0000,0.0000,0.0179,0.5190,0.0000,0.9821,0.0179,0.0000,0.0000,3.0000,0.0003,0.0000,0.0300,0.0000,-0.0300
task003_symmetric,truth,6,3.0000,2.0000,1.0000,1000,1.0000,0.0000,0.0000,1.0000,0.0000,0.9999,0.7833,1.0000,0.0000,0.0000,0.0000,0.0000,0.0000,0.0166,0.9600,0.0000,0.9834,0.0166,0.0000,0.0000,3.0000,0.0004,0.0000,0.0300,0.0000,-0.0300
task003_symmetric,truth,6,3.0000,3.0000,1.0000,1000,1.0000,0.0000,0.0000,1.0000,0.0000,0.9999,0.8237,1.0000,0.0000,0.0000,0.0000,0.0000,0.0000,0.0160,1.3890,0.0000,0.9840,0.0160,0.0000,0.0000,3.0000,0.0006,0.0000,0.0300,0.0000,-0.0300
task003_symmetric,truth,6,3.0000,6.0000,1.0000,1000,1.0000,0.0000,0.0000,1.0000,0.0000,1.0000,0.9493,1.0000,0.0000,0.0000,0.0000,0.0000,0.0000,0.0166,2.8800,0.0000,0.9834,0.0166,0.0000,0.0000,3.0000,0.0004,0.0000,0.0300,0.0000,-0.0300
task003_symmetric,truth,6,3.0000,9.0000,1.0000,1000,1.0000,0.0000,0.0000,1.0000,0.0000,0.9999,0.9461,1.0000,0.0000,0.0000,0.0000,0.0000,0.0000,0.0166,4.3290,0.0000,0.9834,0.0166,0.0000,0.0000,3.0000,0.0004,0.0000,0.0300,0.0000,-0.0300
task003_symmetric,truth,6,6.0000,1.0000,1.0000,1000,1.0000,0.0000,0.0000,1.0000,0.0000,0.9999,0.8615,1.0000,0.0000,0.0000,0.0000,0.0000,0.0000,0.0128,0.3710,0.0216,0.9656,0.0128,0.0000,0.0000,6.0000,0.0002,0.0000,0.0300,0.0000,-0.0300
task003_symmetric,truth,6,6.0000,2.0000,1.0000,1000,1.0000,0.0000,0.0000,1.0000,0.0000,1.0000,0.8558,1.0000,0.0000,0.0000,0.0000,0.0000,0.0000,0.0121,0.7020,0.0174,0.9705,0.0121,0.0000,0.0000,6.0000,0.0003,0.0000,0.0300,0.0000,-0.0300
task003_symmetric,truth,6,6.0000,3.0000,1.0000,1000,1.0000,0.0000,0.0000,1.0000,0.0000,1.0000,0.8765,1.0000,0.0000,0.0000,0.0000,0.0000,0.0000,0.0116,1.0110,0.0142,0.9742,0.0116,0.0000,0.0000,6.0000,0.0003,0.0000,0.0300,0.0000,-0.0300
task003_symmetric,truth,6,6.0000,6.0000,1.0000,1000,1.0000,0.0000,0.0000,1.0000,0.0000,1.0000,0.9223,1.0000,0.0000,0.0000,0.0000,0.0000,0.0000,0.0113,1.9740,0.0130,0.9757,0.0113,0.0000,0.0000,6.0000,0.0003,0.0000,0.0300,0.0000,-0.0300
task003_symmetric,truth,6,6.0000,9.0000,1.0000,1000,1.0000,0.0000,0.0000,1.0000,0.0000,0.9999,0.9380,1.0000,0.0000,0.0000,0.0000,0.0000,0.0000,0.0116,3.0240,0.0105,0.9779,0.0116,0.0000,0.0000,6.0000,0.0002,0.0000,0.0300,0.0000,-0.0300
task003_symmetric,truth,6,12.0000,1.0000,1.0000,1000,1.0000,0.0000,0.0000,1.0000,0.0000,1.0000,0.8995,1.0000,0.0000,0.0000,0.0000,0.0000,0.0000,0.0087,0.2520,0.3928,0.5985,0.0087,0.0000,0.0000,12.0000,0.0001,0.0000,0.0300,0.0000,-0.0300
task003_symmetric,truth,6,12.0000,2.0000,1.0000,1000,1.0000,0.0000,0.0000,1.0000,0.0000,0.9998,0.8902,1.0000,0.0000,0.0000,0.0000,0.0000,0.0000,0.0080,0.4640,0.3912,0.6008,0.0080,0.0000,0.0000,12.0000,0.0000,0.0000,0.0300,0.0000,-0.0300
task003_symmetric,truth,6,12.0000,3.0000,1.0000,1000,1.0000,0.0000,0.0000,1.0000,0.0000,1.0000,0.8859,1.0000,0.0000,0.0000,0.0000,0.0000,0.0000,0.0080,0.6930,0.3938,0.5983,0.0080,0.0000,0.0000,12.0000,0.0000,0.0000,0.0300,0.0000,-0.0300
task003_symmetric,truth,6,12.0000,6.0000,1.0000,1000,1.0000,0.0000,0.0000,1.0000,0.0000,1.0000,0.9067,1.0000,0.0000,0.0000,0.0000,0.0000,0.0000,0.0079,1.3800,0.3825,0.6096,0.0079,0.0000,0.0000,12.0000,0.0000,0.0000,0.0300,0.0000,-0.0300
task003_symmetric,truth,6,12.0000,9.0000,1.0000,1000,1.0000,0.0000,0.0000,1.0000,0.0000,0.9999,0.9554,1.0000,0.0000,0.0000,0.0000,0.0000,0.0000,0.0078,2.0430,0.3622,0.6300,0.0078,0.0000,0.0000,12.0000,-0.0001,0.0000,0.0300,0.0000,-0.0300
task003_symmetric,truth,6,24.0000,1.0000,1.0000,1000,1.0000,0.0000,0.0000,1.0000,0.0000,1.0000,0.9512,1.0000,0.0000,0.0000,0.0000,0.0000,0.0000,0.0033,0.0960,0.8884,0.1083,0.0033,0.0000,0.0000,24.0000,0.0000,0.0000,0.0300,0.0000,-0.0300
task003_symmetric,truth,6,24.0000,2.0000,1.0000,1000,1.0000,0.0000,0.0000,1.0000,0.0000,1.0000,0.9414,1.0000,0.0000,0.0000,0.0000,0.0000,0.0000,0.0029,0.1700,0.8872,0.1098,0.0029,0.0000,0.0000,24.0000,0.0000,0.0000,0.0300,0.0000,-0.0300
task003_symmetric,truth,6,24.0000,3.0000,1.0000,1000,1.0000,0.0000,0.0000,1.0000,0.0000,1.0000,0.9525,1.0000,0.0000,0.0000,0.0000,0.0000,0.0000,0.0029,0.2550,0.8910,0.1061,0.0029,0.0000,0.0000,24.0000,0.0000,0.0000,0.0300,0.0000,-0.0300
task003_symmetric,truth,6,24.0000,6.0000,1.0000,1000,1.0000,0.0000,0.0000,1.0000,0.0000,1.0000,0.9552,1.0000,0.0000,0.0000,0.0000,0.0000,0.0000,0.0029,0.5040,0.8832,0.1139,0.0029,0.0000,0.0000,24.0000,0.0000,0.0000,0.0300,0.0000,-0.0300
task003_symmetric,truth,6,24.0000,9.0000,1.0000,1000,1.0000,0.0000,0.0000,1.0000,0.0000,1.0000,0.9775,1.0000,0.0000,0.0000,0.0000,0.0000,0.0000,0.0029,0.7470,0.8916,0.1055,0.0029,0.0000,0.0000,24.0000,0.0000,0.0000,0.0300,0.0000,-0.0300
task003_symmetric,truth,12,3.0000,1.0000,1.0000,1000,1.0000,0.0000,0.0000,1.0000,0.0000,0.9998,0.8228,1.0000,0.0000,0.0000,0.0000,0.0000,0.0000,0.0122,0.3550,0.0000,0.9878,0.0122,0.0000,0.0000,3.0000,0.0005,0.0000,0.0700,0.0000,-0.0700
task003_symmetric,truth,12,3.0000,2.0000,1.0000,1000,1.0000,0.0000,0.0000,1.0000,0.0000,1.0000,0.8193,1.0000,0.0000,0.0000,0.0000,0.0000,0.0000,0.0110,0.6400,0.0000,0.9890,0.0110,0.0000,0.0000,3.0000,0.0006,0.0000,0.0700,0.0000,-0.0700
task003_symmetric,truth,12,3.0000,3.0000,1.0000,1000,1.0000,0.0000,0.0000,1.0000,0.0000,0.9999,0.8369,1.0000,0.0000,0.0000,0.0000,0.0000,0.0000,0.0110,0.9540,0.0000,0.9890,0.0110,0.0000,0.0000,3.0000,0.0006,0.0000,0.0700,0.0000,-0.0700
task003_symmetric,truth,12,3.0000,6.0000,1.0000,1000,1.0000,0.0000,0.0000,1.0000,0.0000,1.0000,0.9398,1.0000,0.0000,0.0000,0.0000,0.0000,0.0000,0.0110,1.9080,0.0000,0.9890,0.0110,0.0000,0.0000,3.0000,0.0006,0.0000,0.0700,0.0000,-0.0700
task003_symmetric,truth,12,3.0000,9.0000,1.0000,1000,1.0000,0.0000,0.0000,1.0000,0.0000,0.9999,0.9590,1.0000,0.0000,0.0000,0.0000,0.0000,0.0000,0.0110,2.8710,0.0000,0.9890,0.0110,0.0000,0.0000,3.0000,0.0006,0.0000,0.0700,0.0000,-0.0700
task003_symmetric,truth,12,6.0000,1.0000,1.0000,1000,1.0000,0.0000,0.0000,1.0000,0.0000,0.9999,0.8749,1.0000,0.0000,0.0000,0.0000,0.0000,0.0000,0.0085,0.2470,0.0174,0.9740,0.0085,0.0000,0.0000,6.0000,0.0002,0.0000,0.0700,0.0000,-0.0700
task003_symmetric,truth,12,6.0000,2.0000,1.0000,1000,1.0000,0.0000,0.0000,1.0000,0.0000,1.0000,0.8716,1.0000,0.0000,0.0000,0.0000,0.0000,0.0000,0.0078,0.4500,0.0147,0.9775,0.0078,0.0000,0.0000,6.0000,0.0003,0.0000,0.0700,0.0000,-0.0700
task003_symmetric,truth,12,6.0000,3.0000,1.0000,1000,1.0000,0.0000,0.0000,1.0000,0.0000,1.0000,0.8835,1.0000,0.0000,0.0000,0.0000,0.0000,0.0000,0.0077,0.6690,0.0121,0.9802,0.0077,0.0000,0.0000,6.0000,0.0003,0.0000,0.0700,0.0000,-0.0700
task003_symmetric,truth,12,6.0000,6.0000,1.0000,1000,1.0000,0.0000,0.0000,1.0000,0.0000,1.0000,0.9343,1.0000,0.0000,0.0000,0.0000,0.0000,0.0000,0.0077,1.3440,0.0101,0.9822,0.0077,0.0000,0.0000,6.0000,0.0003,0.0000,0.0700,0.0000,-0.0700
task003_symmetric,truth,12,6.0000,9.0000,1.0000,1000,1.0000,0.0000,0.0000,1.0000,0.0000,1.0000,0.9640,1.0000,0.0000,0.0000,0.0000,0.0000,0.0000,0.0077,2.0070,0.0094,0.9829,0.0077,0.0000,0.0000,6.0000,0.0003,0.0000,0.0700,0.0000,-0.0700
task003_symmetric,truth,12,12.0000,1.0000,1.0000,1000,1.0000,0.0000,0.0000,1.0000,0.0000,1.0000,0.9012,1.0000,0.0000,0.0000,0.0000,0.0000,0.0000,0.0057,0.1660,0.4269,0.5674,0.0057,0.0000,0.0000,12.0000,0.0000,0.0000,0.0700,0.0000,-0.0700
task003_symmetric,truth,12,12.0000,2.0000,1.0000,1000,1.0000,0.0000,0.0000,1.0000,0.0000,1.0000,0.8910,1.0000,0.0000,0.0000,0.0000,0.0000,0.0000,0.0054,0.3140,0.4187,0.5759,0.0054,0.0000,0.0000,12.0000,-0.0000,0.0000,0.0700,0.0000,-0.0700
task003_symmetric,truth,12,12.0000,3.0000,1.0000,1000,1.0000,0.0000,0.0000,1.0000,0.0000,1.0000,0.9035,1.0000,0.0000,0.0000,0.0000,0.0000,0.0000,0.0054,0.4710,0.4184,0.5761,0.0054,0.0000,0.0000,12.0000,-0.0000,0.0000,0.0700,0.0000,-0.0700
task003_symmetric,truth,12,12.0000,6.0000,1.0000,1000,1.0000,0.0000,0.0000,1.0000,0.0000,0.9998,0.9233,1.0000,0.0000,0.0000,0.0000,0.0000,0.0000,0.0054,0.9420,0.4068,0.5878,0.0054,0.0000,0.0000,12.0000,0.0000,0.0000,0.0700,0.0000,-0.0700
task003_symmetric,truth,12,12.0000,9.0000,1.0000,1000,1.0000,0.0000,0.0000,1.0000,0.0000,0.9999,0.9655,1.0000,0.0000,0.0000,0.0000,0.0000,0.0000,0.0054,1.4130,0.4004,0.5941,0.0054,0.0000,0.0000,12.0000,-0.0000,0.0000,0.0700,0.0000,-0.0700
task003_symmetric,truth,12,24.0000,1.0000,1.0000,1000,1.0000,0.0000,0.0000,1.0000,0.0000,0.9999,0.9212,1.0000,0.0000,0.0000,0.0000,0.0000,0.0000,0.0033,0.0970,0.9343,0.0623,0.0033,0.0000,0.0000,24.0000,0.0000,0.0000,0.0700,0.0000,-0.0700
task003_symmetric,truth,12,24.0000,2.0000,1.0000,1000,1.0000,0.0000,0.0000,1.0000,0.0000,1.0000,0.9170,1.0000,0.0000,0.0000,0.0000,0.0000,0.0000,0.0032,0.1880,0.9314,0.0653,0.0032,0.0000,0.0000,24.0000,0.0000,0.0000,0.0700,0.0000,-0.0700
task003_symmetric,truth,12,24.0000,3.0000,1.0000,1000,1.0000,0.0000,0.0000,1.0000,0.0000,1.0000,0.9201,1.0000,0.0000,0.0000,0.0000,0.0000,0.0000,0.0032,0.2820,0.9351,0.0617,0.0032,0.0000,0.0000,24.0000,0.0000,0.0000,0.0700,0.0000,-0.0700
task003_symmetric,truth,12,24.0000,6.0000,1.0000,1000,1.0000,0.0000,0.0000,1.0000,0.0000,0.9999,0.9395,1.0000,0.0000,0.0000,0.0000,0.0000,0.0000,0.0032,0.5640,0.9392,0.0575,0.0032,0.0000,0.0000,24.0000,0.0000,0.0000,0.0700,0.0000,-0.0700
task003_symmetric,truth,12,24.0000,9.0000,1.0000,1000,1.0000,0.0000,0.0000,1.0000,0.0000,1.0000,0.9784,1.0000,0.0000,0.0000,0.0000,0.0000,0.0000,0.0032,0.8460,0.9475,0.0492,0.0032,0.0000,0.0000,24.0000,0.0000,0.0000,0.0700,0.0000,-0.0700
