variant,setup,arm,q,qc,b,rho,nights,posts_read,bias,rmse,posters_bias,wrongly_silent,wrongly_acting,nights_true_share_below_theta
sim1_base,task003_nosolution,false,3,3.00000,1.00000,0.75000,29000,3.00000,-0.00014,0.08016,0.00017,0.00452,0.04086,0.03790
sim1_base,task003_nosolution,false,3,3.00000,2.00000,0.75000,29000,3.00000,-0.00007,0.07542,0.00013,0.00445,0.03666,0.03628
sim1_base,task003_nosolution,false,3,3.00000,3.00000,0.75000,29000,3.00000,0.00042,0.08082,0.00009,0.00531,0.04128,0.04245
sim1_base,task003_nosolution,false,3,3.00000,6.00000,0.75000,29000,3.00000,0.00039,0.08012,0.00011,0.00566,0.03866,0.04338
sim1_base,task003_nosolution,false,3,3.00000,9.00000,0.75000,29000,3.00000,0.00040,0.14373,0.00006,0.02710,0.09162,0.17021
sim1_base,task003_nosolution,false,3,6.00000,1.00000,0.75000,29000,6.00000,0.00011,0.05473,0.00017,0.00538,0.01386,0.04128
sim1_base,task003_nosolution,false,3,6.00000,2.00000,0.75000,29000,6.00000,0.00010,0.05090,0.00012,0.00448,0.01286,0.03638
sim1_base,task003_nosolution,false,3,6.00000,3.00000,0.75000,29000,6.00000,0.00000,0.05478,0.00009,0.00617,0.01486,0.04421
sim1_base,task003_nosolution,false,3,6.00000,6.00000,0.75000,29000,6.00000,0.00000,0.05703,0.00011,0.00634,0.01531,0.04738
sim1_base,task003_nosolution,false,3,6.00000,9.00000,0.75000,29000,6.00000,0.00012,0.10041,0.00007,0.03245,0.03969,0.22824
sim1_base,task003_nosolution,false,3,12.00000,1.00000,0.75000,29000,12.00000,0.00018,0.03245,0.00017,0.00493,0.00407,0.04524
sim1_base,task003_nosolution,false,3,12.00000,2.00000,0.75000,29000,12.00000,-0.00012,0.02979,0.00013,0.00448,0.00352,0.03852
sim1_base,task003_nosolution,false,3,12.00000,3.00000,0.75000,29000,12.00000,0.00011,0.03238,0.00012,0.00600,0.00514,0.04576
sim1_base,task003_nosolution,false,3,12.00000,6.00000,0.75000,29000,12.00000,0.00015,0.03387,0.00012,0.00724,0.00534,0.05128
sim1_base,task003_nosolution,false,3,12.00000,9.00000,0.75000,29000,12.00000,0.00003,0.05788,0.00008,0.02597,0.01121,0.25138
sim1_base,task003_nosolution,false,3,24.00000,1.00000,0.75000,29000,23.99421,0.00016,0.00260,0.00016,0.00000,0.00000,0.05362
sim1_base,task003_nosolution,false,3,24.00000,2.00000,0.75000,29000,23.99486,0.00014,0.00248,0.00014,0.00000,0.00000,0.03855
sim1_base,task003_nosolution,false,3,24.00000,3.00000,0.75000,29000,23.99552,0.00013,0.00241,0.00013,0.00000,0.00000,0.04610
sim1_base,task003_nosolution,false,3,24.00000,6.00000,0.75000,29000,23.99590,0.00011,0.00217,0.00011,0.00000,0.00000,0.05341
sim1_base,task003_nosolution,false,3,24.00000,9.00000,0.75000,29000,23.99745,0.00007,0.00173,0.00007,0.00000,0.00000,0.26014
sim1_base,task003_nosolution,false,6,3.00000,1.00000,0.75000,29000,3.00000,-0.00052,0.06389,0.00006,0.00293,0.02141,0.03510
sim1_base,task003_nosolution,false,6,3.00000,2.00000,0.75000,29000,3.00000,0.00017,0.05139,0.00003,0.00190,0.01359,0.02290
sim1_base,task003_nosolution,false,6,3.00000,3.00000,0.75000,29000,3.00000,-0.00024,0.05832,0.00003,0.00248,0.01955,0.02683
sim1_base,task003_nosolution,false,6,3.00000,6.00000,0.75000,29000,3.00000,-0.00044,0.05894,0.00003,0.00241,0.01866,0.02741
sim1_base,task003_nosolution,false,6,3.00000,9.00000,0.75000,29000,3.00000,-0.00041,0.12987,0.00002,0.01721,0.03448,0.22707
sim1_base,task003_nosolution,false,6,6.00000,1.00000,0.75000,29000,6.00000,-0.00031,0.04050,0.00006,0.00203,0.00579,0.03290
sim1_base,task003_nosolution,false,6,6.00000,2.00000,0.75000,29000,6.00000,-0.00031,0.03402,0.00003,0.00145,0.00469,0.02324
sim1_base,task003_nosolution,false,6,6.00000,3.00000,0.75000,29000,6.00000,-0.00027,0.03835,0.00003,0.00207,0.00676,0.02707
sim1_base,task003_nosolution,false,6,6.00000,6.00000,0.75000,29000,6.00000,0.00002,0.03951,0.00002,0.00248,0.00683,0.02903
sim1_base,task003_nosolution,false,6,6.00000,9.00000,0.75000,29000,6.00000,0.00002,0.08581,0.00002,0.01328,0.01259,0.28979
sim1_base,task003_nosolution,false,6,12.00000,1.00000,0.75000,29000,12.00000,-0.00004,0.02309,0.00006,0.00248,0.00190,0.03362
sim1_base,task003_nosolution,false,6,12.00000,2.00000,0.75000,29000,12.00000,0.00008,0.01894,0.00003,0.00141,0.00124,0.02331
sim1_base,task003_nosolution,false,6,12.00000,3.00000,0.75000,29000,12.00000,0.00012,0.02142,0.00002,0.00262,0.00169,0.02710
sim1_base,task003_nosolution,false,6,12.00000,6.00000,0.75000,29000,12.00000,0.00012,0.02309,0.00003,0.00269,0.00183,0.03290
sim1_base,task003_nosolution,false,6,12.00000,9.00000,0.75000,29000,12.00000,0.00038,0.04824,0.00003,0.01083,0.00372,0.26583
sim1_base,task003_nosolution,false,6,24.00000,1.00000,0.75000,29000,23.99852,0.00004,0.00134,0.00004,0.00000,0.00000,0.03738
sim1_base,task003_nosolution,false,6,24.00000,2.00000,0.75000,29000,23.99872,0.00003,0.00107,0.00003,0.00000,0.00000,0.02341
sim1_base,task003_nosolution,false,6,24.00000,3.00000,0.75000,29000,23.99879,0.00003,0.00113,0.00003,0.00000,0.00000,0.02621
sim1_base,task003_nosolution,false,6,24.00000,6.00000,0.75000,29000,23.99897,0.00003,0.00107,0.00003,0.00000,0.00000,0.03103
sim1_base,task003_nosolution,false,6,24.00000,9.00000,0.75000,29000,23.99910,0.00002,0.00100,0.00002,0.00000,0.00000,0.22107
sim1_base,task003_nosolution,false,12,3.00000,1.00000,0.75000,29000,3.00000,-0.00038,0.06992,0.00005,0.00255,0.01559,0.10262
sim1_base,task003_nosolution,false,12,3.00000,2.00000,0.75000,29000,3.00000,0.00023,0.05064,0.00004,0.00186,0.01003,0.03731
sim1_base,task003_nosolution,false,12,3.00000,3.00000,0.75000,29000,3.00000,-0.00023,0.06373,0.00003,0.00303,0.01452,0.05590
sim1_base,task003_nosolution,false,12,3.00000,6.00000,0.75000,29000,3.00000,0.00024,0.06069,0.00003,0.00310,0.01417,0.05148
sim1_base,task003_nosolution,false,12,3.00000,9.00000,0.75000,29000,3.00000,-0.00045,0.08783,0.00002,0.00424,0.01566,0.32838
sim1_base,task003_nosolution,false,12,6.00000,1.00000,0.75000,29000,6.00000,0.00019,0.04625,0.00004,0.00314,0.00414,0.09414
sim1_base,task003_nosolution,false,12,6.00000,2.00000,0.75000,29000,6.00000,0.00014,0.03372,0.00003,0.00148,0.00283,0.03876
sim1_base,task003_nosolution,false,12,6.00000,3.00000,0.75000,29000,6.00000,-0.00005,0.03946,0.00003,0.00190,0.00386,0.05472
sim1_base,task003_nosolution,false,12,6.00000,6.00000,0.75000,29000,6.00000,0.00020,0.04113,0.00004,0.00259,0.00472,0.05903
sim1_base,task003_nosolution,false,12,6.00000,9.00000,0.75000,29000,6.00000,0.00008,0.05363,0.00002,0.00393,0.00538,0.31993
sim1_base,task003_nosolution,false,12,12.00000,1.00000,0.75000,29000,12.00000,0.00015,0.02610,0.00004,0.00179,0.00103,0.08345
sim1_base,task003_nosolution,false,12,12.00000,2.00000,0.75000,29000,12.00000,-0.00006,0.01897,0.00004,0.00110,0.00066,0.03659
sim1_base,task003_nosolution,false,12,12.00000,3.00000,0.75000,29000,12.00000,-0.00017,0.02157,0.00003,0.00148,0.00076,0.05086
sim1_base,task003_nosolution,false,12,12.00000,6.00000,0.75000,29000,12.00000,0.00015,0.02370,0.00004,0.00210,0.00114,0.06355
sim1_base,task003_nosolution,false,12,12.00000,9.00000,0.75000,29000,12.00000,-0.00060,0.03235,0.00002,0.00366,0.00186,0.31007
sim1_base,task003_nosolution,false,12,24.00000,1.00000,0.75000,29000,23.99862,0.00004,0.00127,0.00004,0.00000,0.00000,0.07007
sim1_base,task003_nosolution,false,12,24.00000,2.00000,0.75000,29000,23.99879,0.00003,0.00119,0.00003,0.00000,0.00000,0.03521
sim1_base,task003_nosolution,false,12,24.00000,3.00000,0.75000,29000,23.99883,0.00003,0.00114,0.00003,0.00000,0.00000,0.03752
sim1_base,task003_nosolution,false,12,24.00000,6.00000,0.75000,29000,23.99883,0.00004,0.00122,0.00004,0.00000,0.00000,0.04155
sim1_base,task003_nosolution,false,12,24.00000,9.00000,0.75000,29000,23.99907,0.00003,0.00106,0.00003,0.00000,0.00000,0.24917
sim1_base,task003_nosolution,false,3,3.00000,1.00000,1.00000,29000,3.00000,0.00052,0.06785,0.00000,0.00593,0.01917,0.04366
sim1_base,task003_nosolution,false,3,3.00000,2.00000,1.00000,29000,3.00000,0.00026,0.06296,0.00000,0.00393,0.01848,0.03683
sim1_base,task003_nosolution,false,3,3.00000,3.00000,1.00000,29000,3.00000,-0.00053,0.07960,0.00000,0.00731,0.02897,0.05634
sim1_base,task003_nosolution,false,3,3.00000,6.00000,1.00000,29000,3.00000,0.00041,0.09904,0.00000,0.01366,0.04352,0.08607
sim1_base,task003_nosolution,false,3,3.00000,9.00000,1.00000,29000,3.00000,0.00105,0.14605,0.00000,0.02479,0.04341,0.53752
sim1_base,task003_nosolution,false,3,6.00000,1.00000,1.00000,29000,6.00000,-0.00007,0.04664,0.00000,0.00559,0.00903,0.04569
sim1_base,task003_nosolution,false,3,6.00000,2.00000,1.00000,29000,6.00000,0.00012,0.04473,0.00000,0.00476,0.00917,0.04062
sim1_base,task003_nosolution,false,3,6.00000,3.00000,1.00000,29000,6.00000,-0.00011,0.05833,0.00000,0.00976,0.01466,0.07052
sim1_base,task003_nosolution,false,3,6.00000,6.00000,1.00000,29000,6.00000,-0.00030,0.06812,0.00000,0.01448,0.02066,0.09483
sim1_base,task003_nosolution,false,3,6.00000,9.00000,1.00000,29000,6.00000,0.00022,0.08897,0.00000,0.01814,0.01879,0.51169
sim1_base,task003_nosolution,false,3,12.00000,1.00000,1.00000,29000,12.00000,0.00031,0.02863,0.00000,0.00555,0.00341,0.05010
sim1_base,task003_nosolution,false,3,12.00000,2.00000,1.00000,29000,12.00000,-0.00007,0.02717,0.00000,0.00521,0.00383,0.04666
sim1_base,task003_nosolution,false,3,12.00000,3.00000,1.00000,29000,12.00000,-0.00008,0.03295,0.00000,0.00814,0.00514,0.07321
sim1_base,task003_nosolution,false,3,12.00000,6.00000,1.00000,29000,12.00000,-0.00005,0.03763,0.00000,0.01103,0.00693,0.09386
sim1_base,task003_nosolution,false,3,12.00000,9.00000,1.00000,29000,12.00000,-0.00042,0.05337,0.00000,0.01472,0.00648,0.50572
sim1_base,task003_nosolution,false,3,24.00000,1.00000,1.00000,29000,24.00000,0.00000,0.00000,0.00000,0.00000,0.00000,0.06076
sim1_base,task003_nosolution,false,3,24.00000,2.00000,1.00000,29000,24.00000,0.00000,0.00000,0.00000,0.00000,0.00000,0.03872
sim1_base,task003_nosolution,false,3,24.00000,3.00000,1.00000,29000,24.00000,0.00000,0.00000,0.00000,0.00000,0.00000,0.05814
sim1_base,task003_nosolution,false,3,24.00000,6.00000,1.00000,29000,24.00000,0.00000,0.00000,0.00000,0.00000,0.00000,0.07197
sim1_base,task003_nosolution,false,3,24.00000,9.00000,1.00000,29000,24.00000,0.00000,0.00000,0.00000,0.00000,0.00000,0.43555
sim1_base,task003_nosolution,false,6,3.00000,1.00000,1.00000,29000,3.00000,0.00006,0.05562,0.00000,0.00321,0.00948,0.05641
sim1_base,task003_nosolution,false,6,3.00000,2.00000,1.00000,29000,3.00000,-0.00015,0.04727,0.00000,0.00217,0.00783,0.02438
sim1_base,task003_nosolution,false,6,3.00000,3.00000,1.00000,29000,3.00000,-0.00012,0.06569,0.00000,0.00541,0.01155,0.05093
sim1_base,task003_nosolution,false,6,3.00000,6.00000,1.00000,29000,3.00000,0.00078,0.10914,0.00000,0.01866,0.02038,0.14010
sim1_base,task003_nosolution,false,6,3.00000,9.00000,1.00000,29000,3.00000,0.00037,0.10388,0.00000,0.01303,0.01738,0.50955
sim1_base,task003_nosolution,false,6,6.00000,1.00000,1.00000,29000,6.00000,-0.00035,0.03595,0.00000,0.00228,0.00424,0.04583
sim1_base,task003_nosolution,false,6,6.00000,2.00000,1.00000,29000,6.00000,-0.00004,0.03271,0.00000,0.00221,0.00383,0.02941
sim1_base,task003_nosolution,false,6,6.00000,3.00000,1.00000,29000,6.00000,-0.00002,0.04996,0.00000,0.00672,0.00617,0.06710
sim1_base,task003_nosolution,false,6,6.00000,6.00000,1.00000,29000,6.00000,0.00024,0.07414,0.00000,0.01748,0.01045,0.16310
sim1_base,task003_nosolution,false,6,6.00000,9.00000,1.00000,29000,6.00000,-0.00018,0.06395,0.00000,0.00955,0.00776,0.49617
sim1_base,task003_nosolution,false,6,12.00000,1.00000,1.00000,29000,12.00000,0.00006,0.02046,0.00000,0.00231,0.00131,0.04272
sim1_base,task003_nosolution,false,6,12.00000,2.00000,1.00000,29000,12.00000,-0.00002,0.01852,0.00000,0.00207,0.00107,0.02866
sim1_base,task003_nosolution,false,6,12.00000,3.00000,1.00000,29000,12.00000,-0.00001,0.02576,0.00000,0.00393,0.00193,0.05872
sim1_base,task003_nosolution,false,6,12.00000,6.00000,1.00000,29000,12.00000,-0.00014,0.03754,0.00000,0.00990,0.00348,0.12707
sim1_base,task003_nosolution,false,6,12.00000,9.00000,1.00000,29000,12.00000,-0.00017,0.04065,0.00000,0.00897,0.00307,0.45766
sim1_base,task003_nosolution,false,6,24.00000,1.00000,1.00000,29000,24.00000,0.00000,0.00000,0.00000,0.00000,0.00000,0.04183
sim1_base,task003_nosolution,false,6,24.00000,2.00000,1.00000,29000,24.00000,0.00000,0.00000,0.00000,0.00000,0.00000,0.02621
sim1_base,task003_nosolution,false,6,24.00000,3.00000,1.00000,29000,24.00000,0.00000,0.00000,0.00000,0.00000,0.00000,0.03107
sim1_base,task003_nosolution,false,6,24.00000,6.00000,1.00000,29000,24.00000,0.00000,0.00000,0.00000,0.00000,0.00000,0.07614
sim1_base,task003_nosolution,false,6,24.00000,9.00000,1.00000,29000,24.00000,0.00000,0.00000,0.00000,0.00000,0.00000,0.33017
sim1_base,task003_nosolution,false,12,3.00000,1.00000,1.00000,29000,3.00000,0.00012,0.04433,0.00000,0.00200,0.00686,0.12148
sim1_base,task003_nosolution,false,12,3.00000,2.00000,1.00000,29000,3.00000,0.00015,0.03341,0.00000,0.00110,0.00466,0.02214
sim1_base,task003_nosolution,false,12,3.00000,3.00000,1.00000,29000,3.00000,0.00007,0.05260,0.00000,0.00393,0.00645,0.04400
sim1_base,task003_nosolution,false,12,3.00000,6.00000,1.00000,29000,3.00000,0.00007,0.10202,0.00000,0.01621,0.00962,0.14790
sim1_base,task003_nosolution,false,12,3.00000,9.00000,1.00000,29000,3.00000,0.00015,0.07771,0.00000,0.00776,0.00828,0.49569
sim1_base,task003_nosolution,false,12,6.00000,1.00000,1.00000,29000,6.00000,-0.00016,0.02837,0.00000,0.00162,0.00272,0.10207
sim1_base,task003_nosolution,false,12,6.00000,2.00000,1.00000,29000,6.00000,0.00010,0.02321,0.00000,0.00117,0.00183,0.02517
sim1_base,task003_nosolution,false,12,6.00000,3.00000,1.00000,29000,6.00000,0.00048,0.04229,0.00000,0.00559,0.00279,0.06272
sim1_base,task003_nosolution,false,12,6.00000,6.00000,1.00000,29000,6.00000,0.00005,0.07553,0.00000,0.01759,0.00469,0.18797
sim1_base,task003_nosolution,false,12,6.00000,9.00000,1.00000,29000,6.00000,0.00036,0.04750,0.00000,0.00638,0.00355,0.48086
sim1_base,task003_nosolution,false,12,12.00000,1.00000,1.00000,29000,12.00000,-0.00002,0.01691,0.00000,0.00148,0.00093,0.08541
sim1_base,task003_nosolution,false,12,12.00000,2.00000,1.00000,29000,12.00000,-0.00010,0.01383,0.00000,0.00076,0.00069,0.02297
sim1_base,task003_nosolution,false,12,12.00000,3.00000,1.00000,29000,12.00000,-0.00018,0.01840,0.00000,0.00186,0.00090,0.03800
sim1_base,task003_nosolution,false,12,12.00000,6.00000,1.00000,29000,12.00000,-0.00023,0.03770,0.00000,0.00907,0.00190,0.13938
sim1_base,task003_nosolution,false,12,12.00000,9.00000,1.00000,29000,12.00000,-0.00006,0.03117,0.00000,0.00641,0.00152,0.39672
sim1_base,task003_nosolution,false,12,24.00000,1.00000,1.00000,29000,24.00000,0.00000,0.00000,0.00000,0.00000,0.00000,0.07321
sim1_base,task003_nosolution,false,12,24.00000,2.00000,1.00000,29000,24.00000,0.00000,0.00000,0.00000,0.00000,0.00000,0.02210
sim1_base,task003_nosolution,false,12,24.00000,3.00000,1.00000,29000,24.00000,0.00000,0.00000,0.00000,0.00000,0.00000,0.02269
sim1_base,task003_nosolution,false,12,24.00000,6.00000,1.00000,29000,24.00000,0.00000,0.00000,0.00000,0.00000,0.00000,0.05483
sim1_base,task003_nosolution,false,12,24.00000,9.00000,1.00000,29000,24.00000,0.00000,0.00000,0.00000,0.00000,0.00000,0.23979
sim1_base,task003_nosolution,truth,3,3.00000,1.00000,0.75000,29000,3.00000,0.00140,0.13257,0.00009,0.01390,0.12824,0.08314
sim1_base,task003_nosolution,truth,3,3.00000,2.00000,0.75000,29000,3.00000,0.00084,0.12939,0.00007,0.01114,0.12624,0.07383
sim1_base,task003_nosolution,truth,3,3.00000,3.00000,0.75000,29000,3.00000,0.00185,0.13032,0.00007,0.01310,0.12469,0.07983
sim1_base,task003_nosolution,truth,3,3.00000,6.00000,0.75000,29000,3.00000,0.00062,0.14436,0.00004,0.01734,0.14421,0.10445
sim1_base,task003_nosolution,truth,3,3.00000,9.00000,0.75000,29000,3.00000,-0.00009,0.19400,0.00001,0.04990,0.19276,0.28076
sim1_base,task003_nosolution,truth,3,6.00000,1.00000,0.75000,29000,6.00000,0.00040,0.09142,0.00010,0.01669,0.05493,0.09138
sim1_base,task003_nosolution,truth,3,6.00000,2.00000,0.75000,29000,6.00000,-0.00010,0.08975,0.00006,0.01393,0.05466,0.08407
sim1_base,task003_nosolution,truth,3,6.00000,3.00000,0.75000,29000,6.00000,0.00081,0.08884,0.00007,0.01531,0.04834,0.08538
sim1_base,task003_nosolution,truth,3,6.00000,6.00000,0.75000,29000,6.00000,0.00009,0.09695,0.00006,0.02190,0.06003,0.11779
sim1_base,task003_nosolution,truth,3,6.00000,9.00000,0.75000,29000,6.00000,-0.00022,0.12668,0.00002,0.05434,0.08517,0.30659
sim1_base,task003_nosolution,truth,3,12.00000,1.00000,0.75000,29000,12.00000,0.00041,0.05468,0.00008,0.02141,0.01672,0.11079
sim1_base,task003_nosolution,truth,3,12.00000,2.00000,0.75000,29000,12.00000,-0.00006,0.05415,0.00007,0.01797,0.01700,0.09872
sim1_base,task003_nosolution,truth,3,12.00000,3.00000,0.75000,29000,12.00000,0.00022,0.05527,0.00005,0.01979,0.01759,0.10731
sim1_base,task003_nosolution,truth,3,12.00000,6.00000,0.75000,29000,12.00000,-0.00020,0.06260,0.00005,0.03155,0.02314,0.18431
sim1_base,task003_nosolution,truth,3,12.00000,9.00000,0.75000,29000,12.00000,0.00058,0.07235,0.00003,0.04934,0.02931,0.31031
sim1_base,task003_nosolution,truth,3,24.00000,1.00000,0.75000,29000,23.99731,0.00007,0.00165,0.00007,0.00000,0.00000,0.15076
sim1_base,task003_nosolution,truth,3,24.00000,2.00000,0.75000,29000,23.99745,0.00006,0.00155,0.00006,0.00000,0.00000,0.12297
sim1_base,task003_nosolution,truth,3,24.00000,3.00000,0.75000,29000,23.99817,0.00003,0.00120,0.00003,0.00000,0.00000,0.18472
sim1_base,task003_nosolution,truth,3,24.00000,6.00000,0.75000,29000,23.99852,0.00003,0.00114,0.00003,0.00000,0.00000,0.29810
sim1_base,task003_nosolution,truth,3,24.00000,9.00000,0.75000,29000,23.99831,0.00004,0.00137,0.00004,0.00000,0.00003,0.32593
sim1_base,task003_nosolution,truth,6,3.00000,1.00000,0.75000,29000,3.00000,-0.00146,0.10414,0.00001,0.00597,0.08203,0.07628
sim1_base,task003_nosolution,truth,6,3.00000,2.00000,0.75000,29000,3.00000,-0.00007,0.09047,0.00002,0.00341,0.06855,0.03603
sim1_base,task003_nosolution,truth,6,3.00000,3.00000,0.75000,29000,3.00000,0.00024,0.09058,0.00002,0.00383,0.06690,0.03528
sim1_base,task003_nosolution,truth,6,3.00000,6.00000,0.75000,29000,3.00000,-0.00090,0.09789,0.00000,0.00559,0.07403,0.04548
sim1_base,task003_nosolution,truth,6,3.00000,9.00000,0.75000,29000,3.00000,-0.00061,0.12345,0.00001,0.01131,0.10966,0.08134
sim1_base,task003_nosolution,truth,6,6.00000,1.00000,0.75000,29000,6.00000,0.00046,0.06925,0.00002,0.00493,0.02624,0.06497
sim1_base,task003_nosolution,truth,6,6.00000,2.00000,0.75000,29000,6.00000,0.00010,0.06411,0.00003,0.00407,0.02328,0.03903
sim1_base,task003_nosolution,truth,6,6.00000,3.00000,0.75000,29000,6.00000,0.00024,0.06472,0.00002,0.00476,0.02390,0.03876
sim1_base,task003_nosolution,truth,6,6.00000,6.00000,0.75000,29000,6.00000,0.00044,0.06705,0.00002,0.00572,0.02403,0.04607
sim1_base,task003_nosolution,truth,6,6.00000,9.00000,0.75000,29000,6.00000,0.00067,0.08229,0.00001,0.01400,0.03672,0.09093
sim1_base,task003_nosolution,truth,6,12.00000,1.00000,0.75000,29000,12.00000,-0.00033,0.04072,0.00002,0.00638,0.00683,0.06500
sim1_base,task003_nosolution,truth,6,12.00000,2.00000,0.75000,29000,12.00000,-0.00004,0.04004,0.00002,0.00603,0.00772,0.04528
sim1_base,task003_nosolution,truth,6,12.00000,3.00000,0.75000,29000,12.00000,-0.00003,0.04085,0.00001,0.00555,0.00724,0.04662
sim1_base,task003_nosolution,truth,6,12.00000,6.00000,0.75000,29000,12.00000,-0.00026,0.04345,0.00001,0.00762,0.00810,0.06117
sim1_base,task003_nosolution,truth,6,12.00000,9.00000,0.75000,29000,12.00000,-0.00008,0.04829,0.00001,0.01283,0.01110,0.09114
sim1_base,task003_nosolution,truth,6,24.00000,1.00000,0.75000,29000,23.99900,0.00002,0.00096,0.00002,0.00000,0.00000,0.07376
sim1_base,task003_nosolution,truth,6,24.00000,2.00000,0.75000,29000,23.99948,0.00001,0.00077,0.00001,0.00000,0.00000,0.05941
sim1_base,task003_nosolution,truth,6,24.00000,3.00000,0.75000,29000,23.99934,0.00002,0.00087,0.00002,0.00000,0.00000,0.07131
sim1_base,task003_nosolution,truth,6,24.00000,6.00000,0.75000,29000,23.99945,0.00001,0.00069,0.00001,0.00000,0.00000,0.09869
sim1_base,task003_nosolution,truth,6,24.00000,9.00000,0.75000,29000,23.99952,0.00001,0.00069,0.00001,0.00000,0.00000,0.08717
sim1_base,task003_nosolution,truth,12,3.00000,1.00000,0.75000,29000,3.00000,0.00011,0.08492,0.00002,0.00410,0.04441,0.11266
sim1_base,task003_nosolution,truth,12,3.00000,2.00000,0.75000,29000,3.00000,-0.00015,0.06576,0.00001,0.00131,0.03690,0.02521
sim1_base,task003_nosolution,truth,12,3.00000,3.00000,0.75000,29000,3.00000,0.00006,0.06355,0.00001,0.00103,0.03410,0.02328
sim1_base,task003_nosolution,truth,12,3.00000,6.00000,0.75000,29000,3.00000,0.00019,0.06343,0.00001,0.00124,0.03438,0.02359
sim1_base,task003_nosolution,truth,12,3.00000,9.00000,0.75000,29000,3.00000,0.00047,0.07295,0.00001,0.00159,0.04721,0.02576
sim1_base,task003_nosolution,truth,12,6.00000,1.00000,0.75000,29000,6.00000,0.00006,0.05626,0.00002,0.00341,0.01279,0.08555
sim1_base,task003_nosolution,truth,12,6.00000,2.00000,0.75000,29000,6.00000,-0.00002,0.04638,0.00002,0.00117,0.00869,0.02610
sim1_base,task003_nosolution,truth,12,6.00000,3.00000,0.75000,29000,6.00000,-0.00014,0.04568,0.00001,0.00093,0.00817,0.02310
sim1_base,task003_nosolution,truth,12,6.00000,6.00000,0.75000,29000,6.00000,-0.00040,0.04557,0.00001,0.00086,0.00821,0.02352
sim1_base,task003_nosolution,truth,12,6.00000,9.00000,0.75000,29000,6.00000,-0.00035,0.05420,0.00001,0.00152,0.01403,0.02552
sim1_base,task003_nosolution,truth,12,12.00000,1.00000,0.75000,29000,12.00000,0.00008,0.03318,0.00001,0.00366,0.00348,0.06679
sim1_base,task003_nosolution,truth,12,12.00000,2.00000,0.75000,29000,12.00000,0.00014,0.02906,0.00001,0.00162,0.00193,0.02738
sim1_base,task003_nosolution,truth,12,12.00000,3.00000,0.75000,29000,12.00000,-0.00002,0.03032,0.00001,0.00110,0.00214,0.02383
sim1_base,task003_nosolution,truth,12,12.00000,6.00000,0.75000,29000,12.00000,-0.00000,0.03042,0.00001,0.00121,0.00203,0.02417
sim1_base,task003_nosolution,truth,12,12.00000,9.00000,0.75000,29000,12.00000,0.00011,0.03363,0.00001,0.00176,0.00303,0.02538
sim1_base,task003_nosolution,truth,12,24.00000,1.00000,0.75000,29000,23.99955,0.00001,0.00073,0.00001,0.00000,0.00000,0.05731
sim1_base,task003_nosolution,truth,12,24.00000,2.00000,0.75000,29000,23.99952,0.00001,0.00073,0.00001,0.00000,0.00000,0.03155
sim1_base,task003_nosolution,truth,12,24.00000,3.00000,0.75000,29000,23.99959,0.00001,0.00068,0.00001,0.00000,0.00000,0.02503
sim1_base,task003_nosolution,truth,12,24.00000,6.00000,0.75000,29000,23.99966,0.00001,0.00060,0.00001,0.00000,0.00000,0.02500
sim1_base,task003_nosolution,truth,12,24.00000,9.00000,0.75000,29000,23.99966,0.00001,0.00064,0.00001,0.00000,0.00000,0.02472
sim1_base,task003_nosolution,truth,3,3.00000,1.00000,1.00000,29000,3.00000,0.00021,0.08642,0.00000,0.00931,0.03066,0.07576
sim1_base,task003_nosolution,truth,3,3.00000,2.00000,1.00000,29000,3.00000,0.00019,0.07859,0.00000,0.00745,0.02734,0.05993
sim1_base,task003_nosolution,truth,3,3.00000,3.00000,1.00000,29000,3.00000,0.00025,0.08120,0.00000,0.00800,0.02807,0.06386
sim1_base,task003_nosolution,truth,3,3.00000,6.00000,1.00000,29000,3.00000,0.00006,0.08822,0.00000,0.00910,0.03248,0.07403
sim1_base,task003_nosolution,truth,3,3.00000,9.00000,1.00000,29000,3.00000,0.00103,0.10207,0.00000,0.01407,0.03624,0.10431
sim1_base,task003_nosolution,truth,3,6.00000,1.00000,1.00000,29000,6.00000,0.00024,0.05680,0.00000,0.00900,0.01434,0.07145
sim1_base,task003_nosolution,truth,3,6.00000,2.00000,1.00000,29000,6.00000,0.00030,0.05318,0.00000,0.00741,0.01248,0.06217
sim1_base,task003_nosolution,truth,3,6.00000,3.00000,1.00000,29000,6.00000,0.00035,0.05571,0.00000,0.00879,0.01279,0.06769
sim1_base,task003_nosolution,truth,3,6.00000,6.00000,1.00000,29000,6.00000,-0.00045,0.05893,0.00000,0.00952,0.01493,0.07679
sim1_base,task003_nosolution,truth,3,6.00000,9.00000,1.00000,29000,6.00000,0.00036,0.06765,0.00000,0.01483,0.01734,0.10738
sim1_base,task003_nosolution,truth,3,12.00000,1.00000,1.00000,29000,12.00000,0.00026,0.03383,0.00000,0.00955,0.00500,0.07714
sim1_base,task003_nosolution,truth,3,12.00000,2.00000,1.00000,29000,12.00000,0.00021,0.03256,0.00000,0.00793,0.00483,0.06800
sim1_base,task003_nosolution,truth,3,12.00000,3.00000,1.00000,29000,12.00000,-0.00006,0.03323,0.00000,0.00828,0.00455,0.07238
sim1_base,task003_nosolution,truth,3,12.00000,6.00000,1.00000,29000,12.00000,0.00012,0.03580,0.00000,0.01014,0.00538,0.08855
sim1_base,task003_nosolution,truth,3,12.00000,9.00000,1.00000,29000,12.00000,0.00032,0.03886,0.00000,0.01307,0.00690,0.11172
sim1_base,task003_nosolution,truth,3,24.00000,1.00000,1.00000,29000,24.00000,0.00000,0.00000,0.00000,0.00000,0.00000,0.09476
sim1_base,task003_nosolution,truth,3,24.00000,2.00000,1.00000,29000,24.00000,0.00000,0.00000,0.00000,0.00000,0.00000,0.07603
sim1_base,task003_nosolution,truth,3,24.00000,3.00000,1.00000,29000,24.00000,0.00000,0.00000,0.00000,0.00000,0.00000,0.09100
sim1_base,task003_nosolution,truth,3,24.00000,6.00000,1.00000,29000,24.00000,0.00000,0.00000,0.00000,0.00000,0.00000,0.11252
sim1_base,task003_nosolution,truth,3,24.00000,9.00000,1.00000,29000,24.00000,0.00000,0.00000,0.00000,0.00000,0.00000,0.11352
sim1_base,task003_nosolution,truth,6,3.00000,1.00000,1.00000,29000,3.00000,0.00012,0.05960,0.00000,0.00359,0.01376,0.11976
sim1_base,task003_nosolution,truth,6,3.00000,2.00000,1.00000,29000,3.00000,0.00019,0.05246,0.00000,0.00293,0.01224,0.03466
sim1_base,task003_nosolution,truth,6,3.00000,3.00000,1.00000,29000,3.00000,-0.00044,0.05348,0.00000,0.00310,0.01393,0.03269
sim1_base,task003_nosolution,truth,6,3.00000,6.00000,1.00000,29000,3.00000,0.00003,0.05648,0.00000,0.00393,0.01331,0.03859
sim1_base,task003_nosolution,truth,6,3.00000,9.00000,1.00000,29000,3.00000,-0.00005,0.06553,0.00000,0.00534,0.01717,0.05214
sim1_base,task003_nosolution,truth,6,6.00000,1.00000,1.00000,29000,6.00000,0.00005,0.03859,0.00000,0.00362,0.00672,0.10507
sim1_base,task003_nosolution,truth,6,6.00000,2.00000,1.00000,29000,6.00000,0.00001,0.03476,0.00000,0.00307,0.00600,0.03521
sim1_base,task003_nosolution,truth,6,6.00000,3.00000,1.00000,29000,6.00000,0.00018,0.03409,0.00000,0.00324,0.00576,0.03372
sim1_base,task003_nosolution,truth,6,6.00000,6.00000,1.00000,29000,6.00000,0.00012,0.03800,0.00000,0.00424,0.00679,0.03976
sim1_base,task003_nosolution,truth,6,6.00000,9.00000,1.00000,29000,6.00000,-0.00002,0.04410,0.00000,0.00507,0.00814,0.05290
sim1_base,task003_nosolution,truth,6,12.00000,1.00000,1.00000,29000,12.00000,0.00025,0.02217,0.00000,0.00362,0.00176,0.09410
sim1_base,task003_nosolution,truth,6,12.00000,2.00000,1.00000,29000,12.00000,0.00035,0.02071,0.00000,0.00321,0.00172,0.03738
sim1_base,task003_nosolution,truth,6,12.00000,3.00000,1.00000,29000,12.00000,0.00020,0.02108,0.00000,0.00359,0.00176,0.03624
sim1_base,task003_nosolution,truth,6,12.00000,6.00000,1.00000,29000,12.00000,0.00017,0.02269,0.00000,0.00376,0.00210,0.04321
sim1_base,task003_nosolution,truth,6,12.00000,9.00000,1.00000,29000,12.00000,0.00008,0.02495,0.00000,0.00545,0.00231,0.05424
sim1_base,task003_nosolution,truth,6,24.00000,1.00000,1.00000,29000,24.00000,0.00000,0.00000,0.00000,0.00000,0.00000,0.09148
sim1_base,task003_nosolution,truth,6,24.00000,2.00000,1.00000,29000,24.00000,0.00000,0.00000,0.00000,0.00000,0.00000,0.04293
sim1_base,task003_nosolution,truth,6,24.00000,3.00000,1.00000,29000,24.00000,0.00000,0.00000,0.00000,0.00000,0.00000,0.04141
sim1_base,task003_nosolution,truth,6,24.00000,6.00000,1.00000,29000,24.00000,0.00000,0.00000,0.00000,0.00000,0.00000,0.04921
sim1_base,task003_nosolution,truth,6,24.00000,9.00000,1.00000,29000,24.00000,0.00000,0.00000,0.00000,0.00000,0.00000,0.05493
sim1_base,task003_nosolution,truth,12,3.00000,1.00000,1.00000,29000,3.00000,0.00002,0.04196,0.00000,0.00176,0.00655,0.19879
sim1_base,task003_nosolution,truth,12,3.00000,2.00000,1.00000,29000,3.00000,-0.00004,0.03553,0.00000,0.00128,0.00617,0.02528
sim1_base,task003_nosolution,truth,12,3.00000,3.00000,1.00000,29000,3.00000,-0.00005,0.03285,0.00000,0.00107,0.00476,0.02310
sim1_base,task003_nosolution,truth,12,3.00000,6.00000,1.00000,29000,3.00000,-0.00006,0.03288,0.00000,0.00107,0.00514,0.02259
sim1_base,task003_nosolution,truth,12,3.00000,9.00000,1.00000,29000,3.00000,0.00010,0.03574,0.00000,0.00117,0.00655,0.02341
sim1_base,task003_nosolution,truth,12,6.00000,1.00000,1.00000,29000,6.00000,-0.00000,0.02714,0.00000,0.00128,0.00286,0.18424
sim1_base,task003_nosolution,truth,12,6.00000,2.00000,1.00000,29000,6.00000,-0.00007,0.02310,0.00000,0.00090,0.00228,0.02555
sim1_base,task003_nosolution,truth,12,6.00000,3.00000,1.00000,29000,6.00000,-0.00012,0.02076,0.00000,0.00052,0.00200,0.02221
sim1_base,task003_nosolution,truth,12,6.00000,6.00000,1.00000,29000,6.00000,0.00005,0.02056,0.00000,0.00052,0.00186,0.02217
sim1_base,task003_nosolution,truth,12,6.00000,9.00000,1.00000,29000,6.00000,0.00015,0.02358,0.00000,0.00072,0.00272,0.02314
sim1_base,task003_nosolution,truth,12,12.00000,1.00000,1.00000,29000,12.00000,0.00008,0.01642,0.00000,0.00148,0.00103,0.16169
sim1_base,task003_nosolution,truth,12,12.00000,2.00000,1.00000,29000,12.00000,0.00006,0.01486,0.00000,0.00121,0.00072,0.02893
sim1_base,task003_nosolution,truth,12,12.00000,3.00000,1.00000,29000,12.00000,0.00002,0.01329,0.00000,0.00086,0.00059,0.02272
sim1_base,task003_nosolution,truth,12,12.00000,6.00000,1.00000,29000,12.00000,0.00005,0.01366,0.00000,0.00100,0.00059,0.02293
sim1_base,task003_nosolution,truth,12,12.00000,9.00000,1.00000,29000,12.00000,0.00003,0.01500,0.00000,0.00107,0.00086,0.02338
sim1_base,task003_nosolution,truth,12,24.00000,1.00000,1.00000,29000,24.00000,0.00000,0.00000,0.00000,0.00000,0.00000,0.15790
sim1_base,task003_nosolution,truth,12,24.00000,2.00000,1.00000,29000,24.00000,0.00000,0.00000,0.00000,0.00000,0.00000,0.03093
sim1_base,task003_nosolution,truth,12,24.00000,3.00000,1.00000,29000,24.00000,0.00000,0.00000,0.00000,0.00000,0.00000,0.02217
sim1_base,task003_nosolution,truth,12,24.00000,6.00000,1.00000,29000,24.00000,0.00000,0.00000,0.00000,0.00000,0.00000,0.02272
sim1_base,task003_nosolution,truth,12,24.00000,9.00000,1.00000,29000,24.00000,0.00000,0.00000,0.00000,0.00000,0.00000,0.02303
sim1_base,task003_symmetric,false,3,3.00000,1.00000,0.75000,29000,3.00000,-0.00020,0.18703,0.00007,0.04038,0.08379,0.44876
sim1_base,task003_symmetric,false,3,3.00000,2.00000,0.75000,29000,3.00000,0.00061,0.14072,0.00008,0.02459,0.08290,0.19066
sim1_base,task003_symmetric,false,3,3.00000,3.00000,0.75000,29000,3.00000,0.00038,0.13108,0.00007,0.02159,0.07852,0.15269
sim1_base,task003_symmetric,false,3,3.00000,6.00000,0.75000,29000,3.00000,0.00021,0.12605,0.00005,0.01866,0.07445,0.13893
sim1_base,task003_symmetric,false,3,3.00000,9.00000,0.75000,29000,3.00000,0.00088,0.11795,0.00007,0.01783,0.06521,0.12586
sim1_base,task003_symmetric,false,3,6.00000,1.00000,0.75000,29000,6.00000,0.00085,0.11638,0.00005,0.03845,0.04221,0.37879
sim1_base,task003_symmetric,false,3,6.00000,2.00000,0.75000,29000,6.00000,0.00121,0.09567,0.00007,0.02790,0.04038,0.20410
sim1_base,task003_symmetric,false,3,6.00000,3.00000,0.75000,29000,6.00000,0.00153,0.08955,0.00006,0.02552,0.03645,0.16879
sim1_base,task003_symmetric,false,3,6.00000,6.00000,0.75000,29000,6.00000,0.00013,0.08356,0.00006,0.01941,0.03321,0.14155
sim1_base,task003_symmetric,false,3,6.00000,9.00000,0.75000,29000,6.00000,0.00098,0.07983,0.00006,0.01928,0.02900,0.12993
sim1_base,task003_symmetric,false,3,12.00000,1.00000,0.75000,29000,12.00000,0.00062,0.06809,0.00006,0.03579,0.01769,0.38762
sim1_base,task003_symmetric,false,3,12.00000,2.00000,0.75000,29000,12.00000,0.00041,0.05677,0.00004,0.02810,0.01576,0.21645
sim1_base,task003_symmetric,false,3,12.00000,3.00000,0.75000,29000,12.00000,0.00025,0.05382,0.00005,0.02434,0.01397,0.18666
sim1_base,task003_symmetric,false,3,12.00000,6.00000,0.75000,29000,12.00000,-0.00030,0.05058,0.00007,0.02090,0.01348,0.15907
sim1_base,task003_symmetric,false,3,12.00000,9.00000,0.75000,29000,12.00000,0.00020,0.04823,0.00005,0.02100,0.01255,0.13921
sim1_base,task003_symmetric,false,3,24.00000,1.00000,0.75000,29000,23.99838,0.00004,0.00133,0.00004,0.00000,0.00000,0.55821
sim1_base,task003_symmetric,false,3,24.00000,2.00000,0.75000,29000,23.99776,0.00006,0.00158,0.00006,0.00000,0.00000,0.25155
sim1_base,task003_symmetric,false,3,24.00000,3.00000,0.75000,29000,23.99700,0.00008,0.00182,0.00008,0.00000,0.00003,0.23638
sim1_base,task003_symmetric,false,3,24.00000,6.00000,0.75000,29000,23.99745,0.00007,0.00173,0.00007,0.00000,0.00000,0.16645
sim1_base,task003_symmetric,false,3,24.00000,9.00000,0.75000,29000,23.99814,0.00005,0.00148,0.00005,0.00000,0.00000,0.14045
sim1_base,task003_symmetric,false,6,3.00000,1.00000,0.75000,29000,3.00000,0.00053,0.18015,0.00000,0.02262,0.02469,0.79476
sim1_base,task003_symmetric,false,6,3.00000,2.00000,0.75000,29000,3.00000,-0.00080,0.17603,0.00002,0.03379,0.05266,0.46248
sim1_base,task003_symmetric,false,6,3.00000,3.00000,0.75000,29000,3.00000,-0.00135,0.15188,0.00001,0.02728,0.05631,0.28848
sim1_base,task003_symmetric,false,6,3.00000,6.00000,0.75000,29000,3.00000,-0.00085,0.13680,0.00001,0.02314,0.05731,0.21297
sim1_base,task003_symmetric,false,6,3.00000,9.00000,0.75000,29000,3.00000,0.00111,0.12793,0.00001,0.02276,0.05579,0.17845
sim1_base,task003_symmetric,false,6,6.00000,1.00000,0.75000,29000,6.00000,0.00005,0.12382,0.00000,0.02572,0.01859,0.72248
sim1_base,task003_symmetric,false,6,6.00000,2.00000,0.75000,29000,6.00000,0.00030,0.11683,0.00001,0.03403,0.02952,0.45372
sim1_base,task003_symmetric,false,6,6.00000,3.00000,0.75000,29000,6.00000,-0.00043,0.10268,0.00002,0.02714,0.02824,0.31890
sim1_base,task003_symmetric,false,6,6.00000,6.00000,0.75000,29000,6.00000,-0.00085,0.09326,0.00001,0.02590,0.02921,0.23162
sim1_base,task003_symmetric,false,6,6.00000,9.00000,0.75000,29000,6.00000,-0.00015,0.08556,0.00002,0.02414,0.02703,0.19393
sim1_base,task003_symmetric,false,6,12.00000,1.00000,0.75000,29000,12.00000,-0.00106,0.06882,0.00001,0.01566,0.00545,0.79097
sim1_base,task003_symmetric,false,6,12.00000,2.00000,0.75000,29000,12.00000,-0.00046,0.06773,0.00001,0.02617,0.01028,0.46076
sim1_base,task003_symmetric,false,6,12.00000,3.00000,0.75000,29000,12.00000,0.00026,0.06471,0.00001,0.02562,0.01076,0.41800
sim1_base,task003_symmetric,false,6,12.00000,6.00000,0.75000,29000,12.00000,-0.00059,0.05684,0.00002,0.02641,0.01262,0.26993
sim1_base,task003_symmetric,false,6,12.00000,9.00000,0.75000,29000,12.00000,0.00015,0.05369,0.00001,0.02517,0.01169,0.22931
sim1_base,task003_symmetric,false,6,24.00000,1.00000,0.75000,29000,23.99993,0.00000,0.00020,0.00000,0.00000,0.00000,0.92124
sim1_base,task003_symmetric,false,6,24.00000,2.00000,0.75000,29000,23.99976,0.00001,0.00047,0.00001,0.00000,0.00000,0.67579
sim1_base,task003_symmetric,false,6,24.00000,3.00000,0.75000,29000,23.99955,0.00001,0.00063,0.00001,0.00000,0.00000,0.63772
sim1_base,task003_symmetric,false,6,24.00000,6.00000,0.75000,29000,23.99931,0.00001,0.00076,0.00001,0.00000,0.00000,0.28255
sim1_base,task003_symmetric,false,6,24.00000,9.00000,0.75000,29000,23.99952,0.00001,0.00076,0.00001,0.00000,0.00000,0.21638
sim1_base,task003_symmetric,false,12,3.00000,1.00000,0.75000,29000,3.00000,-0.00145,0.14603,0.00000,0.00631,0.00290,0.92493
sim1_base,task003_symmetric,false,12,3.00000,2.00000,0.75000,29000,3.00000,-0.00024,0.17238,0.00000,0.01062,0.00690,0.87324
sim1_base,task003_symmetric,false,12,3.00000,3.00000,0.75000,29000,3.00000,-0.00123,0.17606,0.00000,0.01293,0.00962,0.84203
sim1_base,task003_symmetric,false,12,3.00000,6.00000,0.75000,29000,3.00000,-0.00038,0.17954,0.00000,0.01690,0.01152,0.82469
sim1_base,task003_symmetric,false,12,3.00000,9.00000,0.75000,29000,3.00000,-0.00011,0.18665,0.00000,0.02262,0.02028,0.74297
sim1_base,task003_symmetric,false,12,6.00000,1.00000,0.75000,29000,6.00000,0.00025,0.10313,0.00000,0.00428,0.00176,0.91841
sim1_base,task003_symmetric,false,12,6.00000,2.00000,0.75000,29000,6.00000,0.00016,0.11532,0.00000,0.00890,0.00452,0.88293
sim1_base,task003_symmetric,false,12,6.00000,3.00000,0.75000,29000,6.00000,0.00033,0.11546,0.00000,0.00921,0.00410,0.86255
sim1_base,task003_symmetric,false,12,6.00000,6.00000,0.75000,29000,6.00000,-0.00022,0.11703,0.00000,0.01214,0.00621,0.81469
sim1_base,task003_symmetric,false,12,6.00000,9.00000,0.75000,29000,6.00000,0.00018,0.12232,0.00000,0.01976,0.01062,0.74969
sim1_base,task003_symmetric,false,12,12.00000,1.00000,0.75000,29000,12.00000,0.00035,0.05055,0.00000,0.00214,0.00059,0.92452
sim1_base,task003_symmetric,false,12,12.00000,2.00000,0.75000,29000,12.00000,-0.00009,0.06445,0.00000,0.00469,0.00124,0.89124
sim1_base,task003_symmetric,false,12,12.00000,3.00000,0.75000,29000,12.00000,0.00012,0.06279,0.00000,0.00503,0.00172,0.86055
sim1_base,task003_symmetric,false,12,12.00000,6.00000,0.75000,29000,12.00000,-0.00020,0.06807,0.00000,0.00941,0.00252,0.83638
sim1_base,task003_symmetric,false,12,12.00000,9.00000,0.75000,29000,12.00000,-0.00005,0.07141,0.00000,0.01248,0.00390,0.77234
sim1_base,task003_symmetric,false,12,24.00000,1.00000,0.75000,29000,23.99997,0.00000,0.00000,0.00000,0.00000,0.00000,0.93414
sim1_base,task003_symmetric,false,12,24.00000,2.00000,0.75000,29000,24.00000,0.00000,0.00000,0.00000,0.00000,0.00000,0.91841
sim1_base,task003_symmetric,false,12,24.00000,3.00000,0.75000,29000,24.00000,0.00000,0.00000,0.00000,0.00000,0.00000,0.91186
sim1_base,task003_symmetric,false,12,24.00000,6.00000,0.75000,29000,23.99997,0.00000,0.00000,0.00000,0.00000,0.00000,0.85331
sim1_base,task003_symmetric,false,12,24.00000,9.00000,0.75000,29000,23.99997,0.00000,0.00024,0.00000,0.00000,0.00000,0.79041
sim1_base,task003_symmetric,false,3,3.00000,1.00000,1.00000,29000,3.00000,0.00042,0.09639,0.00000,0.00521,0.00259,0.98855
sim1_base,task003_symmetric,false,3,3.00000,2.00000,1.00000,29000,3.00000,-0.00046,0.12782,0.00000,0.01234,0.00903,0.95710
sim1_base,task003_symmetric,false,3,3.00000,3.00000,1.00000,29000,3.00000,-0.00065,0.13528,0.00000,0.01603,0.01428,0.93131
sim1_base,task003_symmetric,false,3,3.00000,6.00000,1.00000,29000,3.00000,0.00115,0.14389,0.00000,0.01907,0.01293,0.95145
sim1_base,task003_symmetric,false,3,3.00000,9.00000,1.00000,29000,3.00000,-0.00126,0.15409,0.00000,0.02266,0.01617,0.94234
sim1_base,task003_symmetric,false,3,6.00000,1.00000,1.00000,29000,6.00000,0.00064,0.06712,0.00000,0.00497,0.00224,0.98545
sim1_base,task003_symmetric,false,3,6.00000,2.00000,1.00000,29000,6.00000,0.00068,0.08497,0.00000,0.01152,0.00448,0.95955
sim1_base,task003_symmetric,false,3,6.00000,3.00000,1.00000,29000,6.00000,0.00041,0.08922,0.00000,0.01617,0.00790,0.94214
sim1_base,task003_symmetric,false,3,6.00000,6.00000,1.00000,29000,6.00000,0.00052,0.09497,0.00000,0.01779,0.01041,0.94359
sim1_base,task003_symmetric,false,3,6.00000,9.00000,1.00000,29000,6.00000,0.00103,0.10097,0.00000,0.02176,0.01038,0.92803
sim1_base,task003_symmetric,false,3,12.00000,1.00000,1.00000,29000,12.00000,0.00024,0.03836,0.00000,0.00348,0.00097,0.98914
sim1_base,task003_symmetric,false,3,12.00000,2.00000,1.00000,29000,12.00000,0.00020,0.04871,0.00000,0.00810,0.00221,0.95503
sim1_base,task003_symmetric,false,3,12.00000,3.00000,1.00000,29000,12.00000,-0.00009,0.05012,0.00000,0.01090,0.00331,0.94421
sim1_base,task003_symmetric,false,3,12.00000,6.00000,1.00000,29000,12.00000,0.00015,0.05370,0.00000,0.01217,0.00376,0.94676
sim1_base,task003_symmetric,false,3,12.00000,9.00000,1.00000,29000,12.00000,0.00006,0.05820,0.00000,0.01521,0.00431,0.94090
sim1_base,task003_symmetric,false,3,24.00000,1.00000,1.00000,29000,24.00000,0.00000,0.00000,0.00000,0.00000,0.00000,0.98621
sim1_base,task003_symmetric,false,3,24.00000,2.00000,1.00000,29000,24.00000,0.00000,0.00000,0.00000,0.00000,0.00000,0.95238
sim1_base,task003_symmetric,false,3,24.00000,3.00000,1.00000,29000,24.00000,0.00000,0.00000,0.00000,0.00000,0.00000,0.95621
sim1_base,task003_symmetric,false,3,24.00000,6.00000,1.00000,29000,24.00000,0.00000,0.00000,0.00000,0.00000,0.00000,0.96700
sim1_base,task003_symmetric,false,3,24.00000,9.00000,1.00000,29000,24.00000,0.00000,0.00000,0.00000,0.00000,0.00000,0.95517
sim1_base,task003_symmetric,false,6,3.00000,1.00000,1.00000,29000,3.00000,-0.00026,0.04993,0.00000,0.00103,0.00131,0.96300
sim1_base,task003_symmetric,false,6,3.00000,2.00000,1.00000,29000,3.00000,0.00003,0.06865,0.00000,0.00228,0.00314,0.95014
sim1_base,task003_symmetric,false,6,3.00000,3.00000,1.00000,29000,3.00000,-0.00031,0.07762,0.00000,0.00379,0.00379,0.93652
sim1_base,task003_symmetric,false,6,3.00000,6.00000,1.00000,29000,3.00000,-0.00064,0.08250,0.00000,0.00403,0.00345,0.94883
sim1_base,task003_symmetric,false,6,3.00000,9.00000,1.00000,29000,3.00000,0.00043,0.08839,0.00000,0.00479,0.00297,0.94686
sim1_base,task003_symmetric,false,6,6.00000,1.00000,1.00000,29000,6.00000,-0.00012,0.03489,0.00000,0.00103,0.00086,0.96479
sim1_base,task003_symmetric,false,6,6.00000,2.00000,1.00000,29000,6.00000,0.00017,0.04565,0.00000,0.00255,0.00138,0.95483
sim1_base,task003_symmetric,false,6,6.00000,3.00000,1.00000,29000,6.00000,0.00016,0.05103,0.00000,0.00397,0.00176,0.94179
sim1_base,task003_symmetric,false,6,6.00000,6.00000,1.00000,29000,6.00000,0.00019,0.05548,0.00000,0.00431,0.00266,0.94783
sim1_base,task003_symmetric,false,6,6.00000,9.00000,1.00000,29000,6.00000,0.00003,0.05831,0.00000,0.00441,0.00190,0.94741
sim1_base,task003_symmetric,false,6,12.00000,1.00000,1.00000,29000,12.00000,-0.00004,0.01972,0.00000,0.00079,0.00028,0.96672
sim1_base,task003_symmetric,false,6,12.00000,2.00000,1.00000,29000,12.00000,0.00009,0.02637,0.00000,0.00214,0.00069,0.95221
sim1_base,task003_symmetric,false,6,12.00000,3.00000,1.00000,29000,12.00000,-0.00001,0.02743,0.00000,0.00169,0.00066,0.94917
sim1_base,task003_symmetric,false,6,12.00000,6.00000,1.00000,29000,12.00000,0.00019,0.03067,0.00000,0.00210,0.00093,0.94876
sim1_base,task003_symmetric,false,6,12.00000,9.00000,1.00000,29000,12.00000,-0.00021,0.03291,0.00000,0.00210,0.00076,0.95066
sim1_base,task003_symmetric,false,6,24.00000,1.00000,1.00000,29000,24.00000,0.00000,0.00000,0.00000,0.00000,0.00000,0.96710
sim1_base,task003_symmetric,false,6,24.00000,2.00000,1.00000,29000,24.00000,0.00000,0.00000,0.00000,0.00000,0.00000,0.95148
sim1_base,task003_symmetric,false,6,24.00000,3.00000,1.00000,29000,24.00000,0.00000,0.00000,0.00000,0.00000,0.00000,0.94700
sim1_base,task003_symmetric,false,6,24.00000,6.00000,1.00000,29000,24.00000,0.00000,0.00000,0.00000,0.00000,0.00000,0.95721
sim1_base,task003_symmetric,false,6,24.00000,9.00000,1.00000,29000,24.00000,0.00000,0.00000,0.00000,0.00000,0.00000,0.95517
sim1_base,task003_symmetric,false,12,3.00000,1.00000,1.00000,29000,3.00000,-0.00027,0.03026,0.00000,0.00024,0.00059,0.92817
sim1_base,task003_symmetric,false,12,3.00000,2.00000,1.00000,29000,3.00000,-0.00057,0.03562,0.00000,0.00041,0.00062,0.92517
sim1_base,task003_symmetric,false,12,3.00000,3.00000,1.00000,29000,3.00000,-0.00042,0.04106,0.00000,0.00062,0.00076,0.92083
sim1_base,task003_symmetric,false,12,3.00000,6.00000,1.00000,29000,3.00000,-0.00037,0.04142,0.00000,0.00066,0.00066,0.92097
sim1_base,task003_symmetric,false,12,3.00000,9.00000,1.00000,29000,3.00000,-0.00046,0.04628,0.00000,0.00090,0.00083,0.92103
sim1_base,task003_symmetric,false,12,6.00000,1.00000,1.00000,29000,6.00000,-0.00021,0.01979,0.00000,0.00007,0.00038,0.92707
sim1_base,task003_symmetric,false,12,6.00000,2.00000,1.00000,29000,6.00000,-0.00015,0.02387,0.00000,0.00021,0.00045,0.92434
sim1_base,task003_symmetric,false,12,6.00000,3.00000,1.00000,29000,6.00000,-0.00002,0.02672,0.00000,0.00041,0.00066,0.92252
sim1_base,task003_symmetric,false,12,6.00000,6.00000,1.00000,29000,6.00000,-0.00002,0.02744,0.00000,0.00031,0.00048,0.92117
sim1_base,task003_symmetric,false,12,6.00000,9.00000,1.00000,29000,6.00000,-0.00013,0.03011,0.00000,0.00062,0.00048,0.92121
sim1_base,task003_symmetric,false,12,12.00000,1.00000,1.00000,29000,12.00000,0.00000,0.01156,0.00000,0.00003,0.00010,0.92817
sim1_base,task003_symmetric,false,12,12.00000,2.00000,1.00000,29000,12.00000,-0.00002,0.01373,0.00000,0.00017,0.00021,0.92562
sim1_base,task003_symmetric,false,12,12.00000,3.00000,1.00000,29000,12.00000,0.00006,0.01469,0.00000,0.00024,0.00038,0.92383
sim1_base,task003_symmetric,false,12,12.00000,6.00000,1.00000,29000,12.00000,-0.00002,0.01533,0.00000,0.00031,0.00028,0.92293
sim1_base,task003_symmetric,false,12,12.00000,9.00000,1.00000,29000,12.00000,0.00007,0.01660,0.00000,0.00024,0.00021,0.92334
sim1_base,task003_symmetric,false,12,24.00000,1.00000,1.00000,29000,24.00000,0.00000,0.00000,0.00000,0.00000,0.00000,0.92921
sim1_base,task003_symmetric,false,12,24.00000,2.00000,1.00000,29000,24.00000,0.00000,0.00000,0.00000,0.00000,0.00000,0.92800
sim1_base,task003_symmetric,false,12,24.00000,3.00000,1.00000,29000,24.00000,0.00000,0.00000,0.00000,0.00000,0.00000,0.92703
sim1_base,task003_symmetric,false,12,24.00000,6.00000,1.00000,29000,24.00000,0.00000,0.00000,0.00000,0.00000,0.00000,0.92693
sim1_base,task003_symmetric,false,12,24.00000,9.00000,1.00000,29000,24.00000,0.00000,0.00000,0.00000,0.00000,0.00000,0.92672
sim1_base,task003_symmetric,truth,3,3.00000,1.00000,0.75000,29000,3.00000,-0.00007,0.08790,0.00010,0.00455,0.06055,0.02386
sim1_base,task003_symmetric,truth,3,3.00000,2.00000,0.75000,29000,3.00000,0.00001,0.07812,0.00007,0.00400,0.04641,0.02203
sim1_base,task003_symmetric,truth,3,3.00000,3.00000,0.75000,29000,3.00000,-0.00010,0.07653,0.00008,0.00400,0.04255,0.02214
sim1_base,task003_symmetric,truth,3,3.00000,6.00000,0.75000,29000,3.00000,-0.00002,0.07310,0.00007,0.00386,0.04003,0.02103
sim1_base,task003_symmetric,truth,3,3.00000,9.00000,0.75000,29000,3.00000,0.00009,0.07087,0.00007,0.00359,0.03628,0.02069
sim1_base,task003_symmetric,truth,3,6.00000,1.00000,0.75000,29000,6.00000,0.00037,0.06186,0.00011,0.00531,0.02076,0.02631
sim1_base,task003_symmetric,truth,3,6.00000,2.00000,0.75000,29000,6.00000,0.00022,0.05711,0.00009,0.00455,0.01614,0.02338
sim1_base,task003_symmetric,truth,3,6.00000,3.00000,0.75000,29000,6.00000,-0.00040,0.05655,0.00008,0.00445,0.01617,0.02262
sim1_base,task003_symmetric,truth,3,6.00000,6.00000,0.75000,29000,6.00000,-0.00027,0.05461,0.00008,0.00393,0.01490,0.02128
sim1_base,task003_symmetric,truth,3,6.00000,9.00000,0.75000,29000,6.00000,-0.00005,0.05273,0.00009,0.00400,0.01348,0.02114
sim1_base,task003_symmetric,truth,3,12.00000,1.00000,0.75000,29000,12.00000,0.00008,0.03702,0.00011,0.00434,0.00493,0.02893
sim1_base,task003_symmetric,truth,3,12.00000,2.00000,0.75000,29000,12.00000,-0.00028,0.03611,0.00010,0.00376,0.00438,0.02648
sim1_base,task003_symmetric,truth,3,12.00000,3.00000,0.75000,29000,12.00000,-0.00038,0.03476,0.00010,0.00341,0.00397,0.02528
sim1_base,task003_symmetric,truth,3,12.00000,6.00000,0.75000,29000,12.00000,-0.00005,0.03392,0.00010,0.00300,0.00386,0.02400
sim1_base,task003_symmetric,truth,3,12.00000,9.00000,0.75000,29000,12.00000,-0.00027,0.03291,0.00010,0.00321,0.00359,0.02376
sim1_base,task003_symmetric,truth,3,24.00000,1.00000,0.75000,29000,23.99610,0.00012,0.00218,0.00012,0.00000,0.00000,0.03962
sim1_base,task003_symmetric,truth,3,24.00000,2.00000,0.75000,29000,23.99572,0.00013,0.00227,0.00013,0.00000,0.00000,0.03721
sim1_base,task003_symmetric,truth,3,24.00000,3.00000,0.75000,29000,23.99614,0.00011,0.00214,0.00011,0.00000,0.00000,0.03662
sim1_base,task003_symmetric,truth,3,24.00000,6.00000,0.75000,29000,23.99579,0.00012,0.00226,0.00012,0.00000,0.00000,0.03576
sim1_base,task003_symmetric,truth,3,24.00000,9.00000,0.75000,29000,23.99614,0.00011,0.00217,0.00011,0.00000,0.00000,0.03566
sim1_base,task003_symmetric,truth,6,3.00000,1.00000,0.75000,29000,3.00000,0.00063,0.05620,0.00002,0.00155,0.02517,0.00983
sim1_base,task003_symmetric,truth,6,3.00000,2.00000,0.75000,29000,3.00000,0.00045,0.05250,0.00002,0.00141,0.02200,0.00897
sim1_base,task003_symmetric,truth,6,3.00000,3.00000,0.75000,29000,3.00000,0.00037,0.05131,0.00002,0.00138,0.02066,0.00893
sim1_base,task003_symmetric,truth,6,3.00000,6.00000,0.75000,29000,3.00000,0.00049,0.04994,0.00002,0.00138,0.01941,0.00893
sim1_base,task003_symmetric,truth,6,3.00000,9.00000,0.75000,29000,3.00000,0.00045,0.04973,0.00001,0.00138,0.01928,0.00883
sim1_base,task003_symmetric,truth,6,6.00000,1.00000,0.75000,29000,6.00000,0.00018,0.04045,0.00002,0.00172,0.00762,0.01034
sim1_base,task003_symmetric,truth,6,6.00000,2.00000,0.75000,29000,6.00000,0.00013,0.03873,0.00003,0.00166,0.00672,0.00924
sim1_base,task003_symmetric,truth,6,6.00000,3.00000,0.75000,29000,6.00000,0.00019,0.03801,0.00003,0.00169,0.00683,0.00914
sim1_base,task003_symmetric,truth,6,6.00000,6.00000,0.75000,29000,6.00000,0.00027,0.03720,0.00002,0.00159,0.00624,0.00900
sim1_base,task003_symmetric,truth,6,6.00000,9.00000,0.75000,29000,6.00000,0.00019,0.03676,0.00002,0.00155,0.00617,0.00890
sim1_base,task003_symmetric,truth,6,12.00000,1.00000,0.75000,29000,12.00000,0.00019,0.02387,0.00003,0.00128,0.00152,0.01097
sim1_base,task003_symmetric,truth,6,12.00000,2.00000,0.75000,29000,12.00000,0.00003,0.02323,0.00003,0.00110,0.00148,0.00972
sim1_base,task003_symmetric,truth,6,12.00000,3.00000,0.75000,29000,12.00000,0.00010,0.02309,0.00003,0.00110,0.00148,0.00952
sim1_base,task003_symmetric,truth,6,12.00000,6.00000,0.75000,29000,12.00000,0.00009,0.02274,0.00003,0.00107,0.00138,0.00948
sim1_base,task003_symmetric,truth,6,12.00000,9.00000,0.75000,29000,12.00000,0.00009,0.02250,0.00003,0.00114,0.00134,0.00945
sim1_base,task003_symmetric,truth,6,24.00000,1.00000,0.75000,29000,23.99897,0.00003,0.00109,0.00003,0.00000,0.00000,0.01228
sim1_base,task003_symmetric,truth,6,24.00000,2.00000,0.75000,29000,23.99900,0.00003,0.00104,0.00003,0.00000,0.00000,0.01176
sim1_base,task003_symmetric,truth,6,24.00000,3.00000,0.75000,29000,23.99890,0.00003,0.00112,0.00003,0.00000,0.00000,0.01145
sim1_base,task003_symmetric,truth,6,24.00000,6.00000,0.75000,29000,23.99907,0.00003,0.00101,0.00003,0.00000,0.00000,0.01162
sim1_base,task003_symmetric,truth,6,24.00000,9.00000,0.75000,29000,23.99907,0.00003,0.00101,0.00003,0.00000,0.00000,0.01141
sim1_base,task003_symmetric,truth,12,3.00000,1.00000,0.75000,29000,3.00000,0.00044,0.04609,0.00002,0.00093,0.01876,0.00666
sim1_base,task003_symmetric,truth,12,3.00000,2.00000,0.75000,29000,3.00000,0.00026,0.04350,0.00002,0.00083,0.01697,0.00614
sim1_base,task003_symmetric,truth,12,3.00000,3.00000,0.75000,29000,3.00000,0.00035,0.04188,0.00001,0.00083,0.01562,0.00610
sim1_base,task003_symmetric,truth,12,3.00000,6.00000,0.75000,29000,3.00000,0.00033,0.04082,0.00001,0.00083,0.01472,0.00610
sim1_base,task003_symmetric,truth,12,3.00000,9.00000,0.75000,29000,3.00000,0.00033,0.04024,0.00001,0.00083,0.01424,0.00610
sim1_base,task003_symmetric,truth,12,6.00000,1.00000,0.75000,29000,6.00000,0.00018,0.03219,0.00001,0.00107,0.00424,0.00662
sim1_base,task003_symmetric,truth,12,6.00000,2.00000,0.75000,29000,6.00000,0.00020,0.03110,0.00002,0.00100,0.00390,0.00614
sim1_base,task003_symmetric,truth,12,6.00000,3.00000,0.75000,29000,6.00000,0.00021,0.03029,0.00002,0.00100,0.00372,0.00607
sim1_base,task003_symmetric,truth,12,6.00000,6.00000,0.75000,29000,6.00000,0.00020,0.03029,0.00002,0.00100,0.00372,0.00607
sim1_base,task003_symmetric,truth,12,6.00000,9.00000,0.75000,29000,6.00000,0.00025,0.02952,0.00002,0.00100,0.00366,0.00607
sim1_base,task003_symmetric,truth,12,12.00000,1.00000,0.75000,29000,12.00000,-0.00010,0.01887,0.00001,0.00076,0.00069,0.00659
sim1_base,task003_symmetric,truth,12,12.00000,2.00000,0.75000,29000,12.00000,-0.00010,0.01820,0.00001,0.00069,0.00062,0.00610
sim1_base,task003_symmetric,truth,12,12.00000,3.00000,0.75000,29000,12.00000,-0.00010,0.01808,0.00002,0.00069,0.00062,0.00607
sim1_base,task003_symmetric,truth,12,12.00000,6.00000,0.75000,29000,12.00000,-0.00011,0.01805,0.00001,0.00069,0.00062,0.00607
sim1_base,task003_symmetric,truth,12,12.00000,9.00000,0.75000,29000,12.00000,-0.00010,0.01766,0.00001,0.00069,0.00062,0.00607
sim1_base,task003_symmetric,truth,12,24.00000,1.00000,0.75000,29000,23.99934,0.00002,0.00080,0.00002,0.00000,0.00000,0.00676
sim1_base,task003_symmetric,truth,12,24.00000,2.00000,0.75000,29000,23.99931,0.00002,0.00084,0.00002,0.00000,0.00000,0.00641
sim1_base,task003_symmetric,truth,12,24.00000,3.00000,0.75000,29000,23.99928,0.00002,0.00087,0.00002,0.00000,0.00000,0.00638
sim1_base,task003_symmetric,truth,12,24.00000,6.00000,0.75000,29000,23.99934,0.00002,0.00080,0.00002,0.00000,0.00000,0.00638
sim1_base,task003_symmetric,truth,12,24.00000,9.00000,0.75000,29000,23.99934,0.00002,0.00080,0.00002,0.00000,0.00000,0.00638
sim1_base,task003_symmetric,truth,3,3.00000,1.00000,1.00000,29000,3.00000,-0.00010,0.05766,0.00000,0.00386,0.01852,0.02086
sim1_base,task003_symmetric,truth,3,3.00000,2.00000,1.00000,29000,3.00000,-0.00017,0.05642,0.00000,0.00376,0.01790,0.02003
sim1_base,task003_symmetric,truth,3,3.00000,3.00000,1.00000,29000,3.00000,0.00010,0.05544,0.00000,0.00379,0.01662,0.02028
sim1_base,task003_symmetric,truth,3,3.00000,6.00000,1.00000,29000,3.00000,-0.00026,0.05591,0.00000,0.00362,0.01745,0.01952
sim1_base,task003_symmetric,truth,3,3.00000,9.00000,1.00000,29000,3.00000,-0.00012,0.05467,0.00000,0.00359,0.01652,0.01955
sim1_base,task003_symmetric,truth,3,6.00000,1.00000,1.00000,29000,6.00000,-0.00004,0.03831,0.00000,0.00379,0.00821,0.02131
sim1_base,task003_symmetric,truth,3,6.00000,2.00000,1.00000,29000,6.00000,-0.00004,0.03715,0.00000,0.00383,0.00728,0.02034
sim1_base,task003_symmetric,truth,3,6.00000,3.00000,1.00000,29000,6.00000,-0.00015,0.03665,0.00000,0.00376,0.00728,0.02028
sim1_base,task003_symmetric,truth,3,6.00000,6.00000,1.00000,29000,6.00000,-0.00017,0.03622,0.00000,0.00345,0.00690,0.01962
sim1_base,task003_symmetric,truth,3,6.00000,9.00000,1.00000,29000,6.00000,-0.00023,0.03636,0.00000,0.00369,0.00707,0.01966
sim1_base,task003_symmetric,truth,3,12.00000,1.00000,1.00000,29000,12.00000,-0.00017,0.02247,0.00000,0.00269,0.00207,0.02300
sim1_base,task003_symmetric,truth,3,12.00000,2.00000,1.00000,29000,12.00000,-0.00008,0.02201,0.00000,0.00259,0.00179,0.02197
sim1_base,task003_symmetric,truth,3,12.00000,3.00000,1.00000,29000,12.00000,-0.00019,0.02168,0.00000,0.00228,0.00200,0.02121
sim1_base,task003_symmetric,truth,3,12.00000,6.00000,1.00000,29000,12.00000,-0.00014,0.02149,0.00000,0.00224,0.00176,0.02072
sim1_base,task003_symmetric,truth,3,12.00000,9.00000,1.00000,29000,12.00000,-0.00021,0.02176,0.00000,0.00228,0.00193,0.02083
sim1_base,task003_symmetric,truth,3,24.00000,1.00000,1.00000,29000,24.00000,0.00000,0.00000,0.00000,0.00000,0.00000,0.02672
sim1_base,task003_symmetric,truth,3,24.00000,2.00000,1.00000,29000,24.00000,0.00000,0.00000,0.00000,0.00000,0.00000,0.02662
sim1_base,task003_symmetric,truth,3,24.00000,3.00000,1.00000,29000,24.00000,0.00000,0.00000,0.00000,0.00000,0.00000,0.02634
sim1_base,task003_symmetric,truth,3,24.00000,6.00000,1.00000,29000,24.00000,0.00000,0.00000,0.00000,0.00000,0.00000,0.02645
sim1_base,task003_symmetric,truth,3,24.00000,9.00000,1.00000,29000,24.00000,0.00000,0.00000,0.00000,0.00000,0.00000,0.02645
sim1_base,task003_symmetric,truth,6,3.00000,1.00000,1.00000,29000,3.00000,0.00034,0.04003,0.00000,0.00148,0.00959,0.00979
sim1_base,task003_symmetric,truth,6,3.00000,2.00000,1.00000,29000,3.00000,0.00045,0.03873,0.00000,0.00131,0.00903,0.00883
sim1_base,task003_symmetric,truth,6,3.00000,3.00000,1.00000,29000,3.00000,0.00055,0.03760,0.00000,0.00128,0.00855,0.00869
sim1_base,task003_symmetric,truth,6,3.00000,6.00000,1.00000,29000,3.00000,0.00037,0.03800,0.00000,0.00128,0.00914,0.00869
sim1_base,task003_symmetric,truth,6,3.00000,9.00000,1.00000,29000,3.00000,0.00035,0.03870,0.00000,0.00131,0.00921,0.00869
sim1_base,task003_symmetric,truth,6,6.00000,1.00000,1.00000,29000,6.00000,0.00025,0.02743,0.00000,0.00169,0.00448,0.01000
sim1_base,task003_symmetric,truth,6,6.00000,2.00000,1.00000,29000,6.00000,0.00025,0.02671,0.00000,0.00166,0.00472,0.00903
sim1_base,task003_symmetric,truth,6,6.00000,3.00000,1.00000,29000,6.00000,0.00027,0.02645,0.00000,0.00159,0.00441,0.00879
sim1_base,task003_symmetric,truth,6,6.00000,6.00000,1.00000,29000,6.00000,0.00030,0.02614,0.00000,0.00148,0.00407,0.00876
sim1_base,task003_symmetric,truth,6,6.00000,9.00000,1.00000,29000,6.00000,0.00023,0.02648,0.00000,0.00152,0.00438,0.00872
sim1_base,task003_symmetric,truth,6,12.00000,1.00000,1.00000,29000,12.00000,0.00006,0.01558,0.00000,0.00107,0.00121,0.01007
sim1_base,task003_symmetric,truth,6,12.00000,2.00000,1.00000,29000,12.00000,0.00002,0.01481,0.00000,0.00090,0.00114,0.00917
sim1_base,task003_symmetric,truth,6,12.00000,3.00000,1.00000,29000,12.00000,0.00001,0.01458,0.00000,0.00083,0.00114,0.00910
sim1_base,task003_symmetric,truth,6,12.00000,6.00000,1.00000,29000,12.00000,0.00002,0.01477,0.00000,0.00083,0.00114,0.00910
sim1_base,task003_symmetric,truth,6,12.00000,9.00000,1.00000,29000,12.00000,-0.00005,0.01467,0.00000,0.00083,0.00110,0.00897
sim1_base,task003_symmetric,truth,6,24.00000,1.00000,1.00000,29000,24.00000,0.00000,0.00000,0.00000,0.00000,0.00000,0.01121
sim1_base,task003_symmetric,truth,6,24.00000,2.00000,1.00000,29000,24.00000,0.00000,0.00000,0.00000,0.00000,0.00000,0.01059
sim1_base,task003_symmetric,truth,6,24.00000,3.00000,1.00000,29000,24.00000,0.00000,0.00000,0.00000,0.00000,0.00000,0.01052
sim1_base,task003_symmetric,truth,6,24.00000,6.00000,1.00000,29000,24.00000,0.00000,0.00000,0.00000,0.00000,0.00000,0.01059
sim1_base,task003_symmetric,truth,6,24.00000,9.00000,1.00000,29000,24.00000,0.00000,0.00000,0.00000,0.00000,0.00000,0.01038
sim1_base,task003_symmetric,truth,12,3.00000,1.00000,1.00000,29000,3.00000,0.00050,0.03053,0.00000,0.00079,0.00659,0.00645
sim1_base,task003_symmetric,truth,12,3.00000,2.00000,1.00000,29000,3.00000,0.00057,0.02871,0.00000,0.00076,0.00579,0.00600
sim1_base,task003_symmetric,truth,12,3.00000,3.00000,1.00000,29000,3.00000,0.00057,0.02855,0.00000,0.00076,0.00572,0.00600
sim1_base,task003_symmetric,truth,12,3.00000,6.00000,1.00000,29000,3.00000,0.00057,0.02856,0.00000,0.00076,0.00572,0.00600
sim1_base,task003_symmetric,truth,12,3.00000,9.00000,1.00000,29000,3.00000,0.00055,0.02860,0.00000,0.00076,0.00576,0.00600
sim1_base,task003_symmetric,truth,12,6.00000,1.00000,1.00000,29000,6.00000,0.00023,0.02112,0.00000,0.00100,0.00307,0.00645
sim1_base,task003_symmetric,truth,12,6.00000,2.00000,1.00000,29000,6.00000,0.00029,0.01995,0.00000,0.00103,0.00276,0.00603
sim1_base,task003_symmetric,truth,12,6.00000,3.00000,1.00000,29000,6.00000,0.00030,0.01983,0.00000,0.00100,0.00269,0.00600
sim1_base,task003_symmetric,truth,12,6.00000,6.00000,1.00000,29000,6.00000,0.00029,0.01991,0.00000,0.00100,0.00272,0.00600
sim1_base,task003_symmetric,truth,12,6.00000,9.00000,1.00000,29000,6.00000,0.00029,0.01983,0.00000,0.00100,0.00269,0.00600
sim1_base,task003_symmetric,truth,12,12.00000,1.00000,1.00000,29000,12.00000,0.00001,0.01180,0.00000,0.00072,0.00059,0.00641
sim1_base,task003_symmetric,truth,12,12.00000,2.00000,1.00000,29000,12.00000,-0.00000,0.01117,0.00000,0.00072,0.00055,0.00603
sim1_base,task003_symmetric,truth,12,12.00000,3.00000,1.00000,29000,12.00000,-0.00001,0.01110,0.00000,0.00069,0.00055,0.00600
sim1_base,task003_symmetric,truth,12,12.00000,6.00000,1.00000,29000,12.00000,0.00001,0.01119,0.00000,0.00069,0.00055,0.00600
sim1_base,task003_symmetric,truth,12,12.00000,9.00000,1.00000,29000,12.00000,-0.00001,0.01111,0.00000,0.00069,0.00055,0.00600
sim1_base,task003_symmetric,truth,12,24.00000,1.00000,1.00000,29000,24.00000,0.00000,0.00000,0.00000,0.00000,0.00000,0.00648
sim1_base,task003_symmetric,truth,12,24.00000,2.00000,1.00000,29000,24.00000,0.00000,0.00000,0.00000,0.00000,0.00000,0.00610
sim1_base,task003_symmetric,truth,12,24.00000,3.00000,1.00000,29000,24.00000,0.00000,0.00000,0.00000,0.00000,0.00000,0.00610
sim1_base,task003_symmetric,truth,12,24.00000,6.00000,1.00000,29000,24.00000,0.00000,0.00000,0.00000,0.00000,0.00000,0.00610
sim1_base,task003_symmetric,truth,12,24.00000,9.00000,1.00000,29000,24.00000,0.00000,0.00000,0.00000,0.00000,0.00000,0.00610
sim1_pm,task003_nosolution,false,3,3.00000,1.00000,0.75000,29000,3.00000,0.00529,0.23417,0.00317,0.10434,0.22048,0.48707
sim1_pm,task003_nosolution,false,3,3.00000,2.00000,0.75000,29000,3.00000,0.00423,0.23706,0.00259,0.11379,0.21976,0.51631
sim1_pm,task003_nosolution,false,3,3.00000,3.00000,0.75000,29000,3.00000,0.00290,0.23980,0.00207,0.11628,0.21134,0.53997
sim1_pm,task003_nosolution,false,3,3.00000,6.00000,0.75000,29000,3.00000,0.00540,0.24277,0.00224,0.12969,0.19134,0.58914
sim1_pm,task003_nosolution,false,3,3.00000,9.00000,0.75000,29000,3.00000,0.00360,0.26441,0.00097,0.12969,0.04145,0.92145
sim1_pm,task003_nosolution,false,3,6.00000,1.00000,0.75000,29000,6.00000,0.00300,0.15749,0.00275,0.12255,0.12976,0.53952
sim1_pm,task003_nosolution,false,3,6.00000,2.00000,0.75000,29000,6.00000,0.00245,0.15650,0.00236,0.12448,0.13048,0.54797
sim1_pm,task003_nosolution,false,3,6.00000,3.00000,0.75000,29000,6.00000,0.00350,0.15732,0.00200,0.13041,0.12483,0.57490
sim1_pm,task003_nosolution,false,3,6.00000,6.00000,0.75000,29000,6.00000,0.00154,0.16158,0.00228,0.13783,0.11745,0.62300
sim1_pm,task003_nosolution,false,3,6.00000,9.00000,0.75000,29000,6.00000,0.00019,0.17218,0.00080,0.10724,0.02310,0.94069
sim1_pm,task003_nosolution,false,3,12.00000,1.00000,0.75000,29000,12.00000,0.00253,0.09254,0.00250,0.11917,0.05655,0.56490
sim1_pm,task003_nosolution,false,3,12.00000,2.00000,0.75000,29000,12.00000,0.00184,0.09161,0.00217,0.12331,0.05645,0.57807
sim1_pm,task003_nosolution,false,3,12.00000,3.00000,0.75000,29000,12.00000,0.00207,0.09370,0.00182,0.12821,0.05345,0.62521
sim1_pm,task003_nosolution,false,3,12.00000,6.00000,0.75000,29000,12.00000,0.00142,0.09483,0.00188,0.13117,0.04976,0.66241
sim1_pm,task003_nosolution,false,3,12.00000,9.00000,0.75000,29000,12.00000,0.00056,0.10064,0.00067,0.07269,0.00931,0.95269
sim1_pm,task003_nosolution,false,3,24.00000,1.00000,0.75000,29000,23.89590,0.00215,0.00943,0.00215,0.00045,0.00017,0.62510
sim1_pm,task003_nosolution,false,3,24.00000,2.00000,0.75000,29000,23.91624,0.00171,0.00848,0.00171,0.00045,0.00007,0.62510
sim1_pm,task003_nosolution,false,3,24.00000,3.00000,0.75000,29000,23.92438,0.00147,0.00783,0.00147,0.00014,0.00017,0.67741
sim1_pm,task003_nosolution,false,3,24.00000,6.00000,0.75000,29000,23.92248,0.00152,0.00781,0.00152,0.00017,0.00007,0.70283
sim1_pm,task003_nosolution,false,3,24.00000,9.00000,0.75000,29000,23.94945,0.00059,0.00522,0.00059,0.00000,0.00003,0.95969
sim1_pm,task003_nosolution,false,6,3.00000,1.00000,0.75000,29000,3.00000,0.00171,0.20682,0.00075,0.05710,0.23845,0.28848
sim1_pm,task003_nosolution,false,6,3.00000,2.00000,0.75000,29000,3.00000,0.00186,0.21179,0.00051,0.06472,0.25007,0.30631
sim1_pm,task003_nosolution,false,6,3.00000,3.00000,0.75000,29000,3.00000,0.00176,0.22176,0.00043,0.07831,0.24159,0.36955
sim1_pm,task003_nosolution,false,6,3.00000,6.00000,0.75000,29000,3.00000,0.00328,0.22309,0.00032,0.08359,0.24107,0.38972
sim1_pm,task003_nosolution,false,6,3.00000,9.00000,0.75000,29000,3.00000,0.00121,0.25843,0.00021,0.10514,0.06379,0.86828
sim1_pm,task003_nosolution,false,6,6.00000,1.00000,0.75000,29000,6.00000,-0.00025,0.13805,0.00072,0.06528,0.13117,0.30710
sim1_pm,task003_nosolution,false,6,6.00000,2.00000,0.75000,29000,6.00000,-0.00062,0.13751,0.00058,0.06586,0.13231,0.30631
sim1_pm,task003_nosolution,false,6,6.00000,3.00000,0.75000,29000,6.00000,-0.00037,0.14369,0.00045,0.07952,0.13762,0.36459
sim1_pm,task003_nosolution,false,6,6.00000,6.00000,0.75000,29000,6.00000,-0.00133,0.14790,0.00041,0.09121,0.13638,0.41003
sim1_pm,task003_nosolution,false,6,6.00000,9.00000,0.75000,29000,6.00000,-0.00050,0.16830,0.00021,0.07986,0.03155,0.89686
sim1_pm,task003_nosolution,false,6,12.00000,1.00000,0.75000,29000,12.00000,0.00029,0.08035,0.00070,0.06372,0.04872,0.31352
sim1_pm,task003_nosolution,false,6,12.00000,2.00000,0.75000,29000,12.00000,0.00045,0.07995,0.00061,0.06497,0.04690,0.31366
sim1_pm,task003_nosolution,false,6,12.00000,3.00000,0.75000,29000,12.00000,0.00054,0.08362,0.00050,0.07610,0.05000,0.37055
sim1_pm,task003_nosolution,false,6,12.00000,6.00000,0.75000,29000,12.00000,0.00003,0.08454,0.00047,0.08328,0.05083,0.40179
sim1_pm,task003_nosolution,false,6,12.00000,9.00000,0.75000,29000,12.00000,0.00075,0.09740,0.00023,0.06703,0.01676,0.87359
sim1_pm,task003_nosolution,false,6,24.00000,1.00000,0.75000,29000,23.95897,0.00073,0.00590,0.00073,0.00014,0.00007,0.31876
sim1_pm,task003_nosolution,false,6,24.00000,2.00000,0.75000,29000,23.96128,0.00069,0.00578,0.00069,0.00007,0.00014,0.25752
sim1_pm,task003_nosolution,false,6,24.00000,3.00000,0.75000,29000,23.96576,0.00054,0.00521,0.00054,0.00003,0.00010,0.32938
sim1_pm,task003_nosolution,false,6,24.00000,6.00000,0.75000,29000,23.96697,0.00050,0.00510,0.00050,0.00003,0.00014,0.34434
sim1_pm,task003_nosolution,false,6,24.00000,9.00000,0.75000,29000,23.97507,0.00021,0.00384,0.00021,0.00003,0.00007,0.81555
sim1_pm,task003_nosolution,false,12,3.00000,1.00000,0.75000,29000,3.00000,0.00250,0.20497,0.00044,0.05917,0.20207,0.32307
sim1_pm,task003_nosolution,false,12,3.00000,2.00000,0.75000,29000,3.00000,0.00230,0.21323,0.00036,0.06952,0.21038,0.36290
sim1_pm,task003_nosolution,false,12,3.00000,3.00000,0.75000,29000,3.00000,0.00409,0.22909,0.00026,0.09248,0.18455,0.49452
sim1_pm,task003_nosolution,false,12,3.00000,6.00000,0.75000,29000,3.00000,0.00110,0.23315,0.00022,0.09369,0.18266,0.52514
sim1_pm,task003_nosolution,false,12,3.00000,9.00000,0.75000,29000,3.00000,0.00142,0.24489,0.00020,0.05807,0.03334,0.92717
sim1_pm,task003_nosolution,false,12,6.00000,1.00000,0.75000,29000,6.00000,-0.00066,0.13633,0.00040,0.06503,0.10679,0.34976
sim1_pm,task003_nosolution,false,12,6.00000,2.00000,0.75000,29000,6.00000,-0.00080,0.13720,0.00040,0.06076,0.10045,0.35897
sim1_pm,task003_nosolution,false,12,6.00000,3.00000,0.75000,29000,6.00000,-0.00040,0.14720,0.00032,0.08159,0.10352,0.46476
sim1_pm,task003_nosolution,false,12,6.00000,6.00000,0.75000,29000,6.00000,-0.00057,0.15059,0.00027,0.09103,0.09972,0.50797
sim1_pm,task003_nosolution,false,12,6.00000,9.00000,0.75000,29000,6.00000,0.00002,0.15711,0.00020,0.04610,0.02438,0.91403
sim1_pm,task003_nosolution,false,12,12.00000,1.00000,0.75000,29000,12.00000,-0.00004,0.07800,0.00043,0.05279,0.03524,0.32562
sim1_pm,task003_nosolution,false,12,12.00000,2.00000,0.75000,29000,12.00000,-0.00018,0.07587,0.00045,0.04931,0.03179,0.30393
sim1_pm,task003_nosolution,false,12,12.00000,3.00000,0.75000,29000,12.00000,0.00078,0.08152,0.00037,0.06210,0.03607,0.39041
sim1_pm,task003_nosolution,false,12,12.00000,6.00000,0.75000,29000,12.00000,0.00050,0.08369,0.00033,0.06897,0.03676,0.43824
sim1_pm,task003_nosolution,false,12,12.00000,9.00000,0.75000,29000,12.00000,0.00006,0.09301,0.00020,0.04776,0.01538,0.87790
sim1_pm,task003_nosolution,false,12,24.00000,1.00000,0.75000,29000,23.96841,0.00044,0.00495,0.00044,0.00017,0.00017,0.27666
sim1_pm,task003_nosolution,false,12,24.00000,2.00000,0.75000,29000,23.96759,0.00050,0.00526,0.00050,0.00014,0.00017,0.21948
sim1_pm,task003_nosolution,false,12,24.00000,3.00000,0.75000,29000,23.97000,0.00040,0.00488,0.00040,0.00014,0.00017,0.28838
sim1_pm,task003_nosolution,false,12,24.00000,6.00000,0.75000,29000,23.97166,0.00035,0.00466,0.00035,0.00014,0.00017,0.28786
sim1_pm,task003_nosolution,false,12,24.00000,9.00000,0.75000,29000,23.97569,0.00021,0.00398,0.00021,0.00014,0.00017,0.75997
sim1_pm,task003_nosolution,false,3,3.00000,1.00000,1.00000,29000,3.00000,0.00211,0.22417,0.00026,0.07959,0.24503,0.37703
sim1_pm,task003_nosolution,false,3,3.00000,2.00000,1.00000,29000,3.00000,0.00254,0.24034,0.00025,0.12107,0.17514,0.58617
sim1_pm,task003_nosolution,false,3,3.00000,3.00000,1.00000,29000,3.00000,-0.00028,0.25256,0.00023,0.13152,0.12772,0.72741
sim1_pm,task003_nosolution,false,3,3.00000,6.00000,1.00000,29000,3.00000,0.00073,0.25403,0.00022,0.13224,0.11248,0.76469
sim1_pm,task003_nosolution,false,3,3.00000,9.00000,1.00000,29000,3.00000,0.00166,0.24891,0.00022,0.06100,0.01524,0.96903
sim1_pm,task003_nosolution,false,3,6.00000,1.00000,1.00000,29000,6.00000,-0.00028,0.15056,0.00025,0.09534,0.12597,0.47038
sim1_pm,task003_nosolution,false,3,6.00000,2.00000,1.00000,29000,6.00000,-0.00105,0.15761,0.00025,0.11138,0.10110,0.59628
sim1_pm,task003_nosolution,false,3,6.00000,3.00000,1.00000,29000,6.00000,-0.00016,0.16404,0.00022,0.12538,0.07959,0.72014
sim1_pm,task003_nosolution,false,3,6.00000,6.00000,1.00000,29000,6.00000,-0.00082,0.16680,0.00023,0.12959,0.07314,0.76269
sim1_pm,task003_nosolution,false,3,6.00000,9.00000,1.00000,29000,6.00000,-0.00081,0.16179,0.00023,0.04652,0.00993,0.97145
sim1_pm,task003_nosolution,false,3,12.00000,1.00000,1.00000,29000,12.00000,0.00022,0.08765,0.00025,0.08338,0.04866,0.46148
sim1_pm,task003_nosolution,false,3,12.00000,2.00000,1.00000,29000,12.00000,0.00011,0.08918,0.00025,0.08990,0.04459,0.52107
sim1_pm,task003_nosolution,false,3,12.00000,3.00000,1.00000,29000,12.00000,0.00040,0.09308,0.00023,0.10307,0.04014,0.63883
sim1_pm,task003_nosolution,false,3,12.00000,6.00000,1.00000,29000,12.00000,0.00023,0.09432,0.00022,0.10497,0.03728,0.67962
sim1_pm,task003_nosolution,false,3,12.00000,9.00000,1.00000,29000,12.00000,0.00012,0.09555,0.00022,0.03717,0.00579,0.97200
sim1_pm,task003_nosolution,false,3,24.00000,1.00000,1.00000,29000,23.96641,0.00025,0.00426,0.00025,0.00000,0.00003,0.40348
sim1_pm,task003_nosolution,false,3,24.00000,2.00000,1.00000,29000,23.96676,0.00025,0.00425,0.00025,0.00000,0.00003,0.40886
sim1_pm,task003_nosolution,false,3,24.00000,3.00000,1.00000,29000,23.96752,0.00023,0.00418,0.00023,0.00000,0.00003,0.50517
sim1_pm,task003_nosolution,false,3,24.00000,6.00000,1.00000,29000,23.96755,0.00023,0.00417,0.00023,0.00000,0.00003,0.54517
sim1_pm,task003_nosolution,false,3,24.00000,9.00000,1.00000,29000,23.96803,0.00022,0.00415,0.00022,0.00000,0.00003,0.92755
sim1_pm,task003_nosolution,false,6,3.00000,1.00000,1.00000,29000,3.00000,0.00009,0.23148,0.00020,0.09428,0.23334,0.44910
sim1_pm,task003_nosolution,false,6,3.00000,2.00000,1.00000,29000,3.00000,0.00031,0.24517,0.00019,0.12528,0.13531,0.66324
sim1_pm,task003_nosolution,false,6,3.00000,3.00000,1.00000,29000,3.00000,0.00077,0.25647,0.00018,0.12876,0.08741,0.80741
sim1_pm,task003_nosolution,false,6,3.00000,6.00000,1.00000,29000,3.00000,0.00133,0.25981,0.00018,0.12828,0.07166,0.84379
sim1_pm,task003_nosolution,false,6,3.00000,9.00000,1.00000,29000,3.00000,0.00127,0.24086,0.00018,0.04297,0.01462,0.97300
sim1_pm,task003_nosolution,false,6,6.00000,1.00000,1.00000,29000,6.00000,-0.00094,0.15500,0.00020,0.10352,0.11876,0.52521
sim1_pm,task003_nosolution,false,6,6.00000,2.00000,1.00000,29000,6.00000,-0.00079,0.15937,0.00019,0.10372,0.07828,0.65131
sim1_pm,task003_nosolution,false,6,6.00000,3.00000,1.00000,29000,6.00000,-0.00134,0.16551,0.00019,0.11210,0.05745,0.78031
sim1_pm,task003_nosolution,false,6,6.00000,6.00000,1.00000,29000,6.00000,-0.00102,0.16807,0.00018,0.11359,0.05162,0.81855
sim1_pm,task003_nosolution,false,6,6.00000,9.00000,1.00000,29000,6.00000,-0.00035,0.15791,0.00018,0.03190,0.00841,0.97307
sim1_pm,task003_nosolution,false,6,12.00000,1.00000,1.00000,29000,12.00000,0.00012,0.08920,0.00020,0.09497,0.05724,0.46921
sim1_pm,task003_nosolution,false,6,12.00000,2.00000,1.00000,29000,12.00000,-0.00043,0.08909,0.00019,0.08234,0.04717,0.49614
sim1_pm,task003_nosolution,false,6,12.00000,3.00000,1.00000,29000,12.00000,0.00002,0.09335,0.00018,0.08545,0.03800,0.64186
sim1_pm,task003_nosolution,false,6,12.00000,6.00000,1.00000,29000,12.00000,-0.00010,0.09497,0.00018,0.09090,0.03614,0.68786
sim1_pm,task003_nosolution,false,6,12.00000,9.00000,1.00000,29000,12.00000,-0.00029,0.09450,0.00018,0.03217,0.00634,0.96048
sim1_pm,task003_nosolution,false,6,24.00000,1.00000,1.00000,29000,23.97521,0.00020,0.00379,0.00020,0.00003,0.00007,0.34817
sim1_pm,task003_nosolution,false,6,24.00000,2.00000,1.00000,29000,23.97569,0.00019,0.00374,0.00019,0.00003,0.00007,0.33083
sim1_pm,task003_nosolution,false,6,24.00000,3.00000,1.00000,29000,23.97576,0.00019,0.00373,0.00019,0.00003,0.00007,0.43652
sim1_pm,task003_nosolution,false,6,24.00000,6.00000,1.00000,29000,23.97590,0.00018,0.00372,0.00018,0.00003,0.00007,0.47938
sim1_pm,task003_nosolution,false,6,24.00000,9.00000,1.00000,29000,23.97597,0.00018,0.00371,0.00018,0.00003,0.00007,0.89462
sim1_pm,task003_nosolution,false,12,3.00000,1.00000,1.00000,29000,3.00000,0.00330,0.23671,0.00019,0.10348,0.21197,0.51052
sim1_pm,task003_nosolution,false,12,3.00000,2.00000,1.00000,29000,3.00000,0.00259,0.25058,0.00019,0.13524,0.10510,0.73614
sim1_pm,task003_nosolution,false,12,3.00000,3.00000,1.00000,29000,3.00000,0.00159,0.26110,0.00018,0.13059,0.06028,0.86590
sim1_pm,task003_nosolution,false,12,3.00000,6.00000,1.00000,29000,3.00000,0.00171,0.26305,0.00018,0.12417,0.04690,0.89545
sim1_pm,task003_nosolution,false,12,3.00000,9.00000,1.00000,29000,3.00000,0.00289,0.23955,0.00018,0.03559,0.01121,0.97776
sim1_pm,task003_nosolution,false,12,6.00000,1.00000,1.00000,29000,6.00000,-0.00052,0.15974,0.00019,0.11731,0.10676,0.61352
sim1_pm,task003_nosolution,false,12,6.00000,2.00000,1.00000,29000,6.00000,-0.00110,0.16172,0.00019,0.10217,0.06507,0.71131
sim1_pm,task003_nosolution,false,12,6.00000,3.00000,1.00000,29000,6.00000,-0.00132,0.16843,0.00018,0.10786,0.04352,0.83031
sim1_pm,task003_nosolution,false,12,6.00000,6.00000,1.00000,29000,6.00000,-0.00098,0.16973,0.00018,0.10676,0.03521,0.86600
sim1_pm,task003_nosolution,false,12,6.00000,9.00000,1.00000,29000,6.00000,-0.00066,0.15652,0.00018,0.02769,0.00800,0.97448
sim1_pm,task003_nosolution,false,12,12.00000,1.00000,1.00000,29000,12.00000,-0.00031,0.09114,0.00019,0.10697,0.05910,0.52607
sim1_pm,task003_nosolution,false,12,12.00000,2.00000,1.00000,29000,12.00000,-0.00036,0.08996,0.00019,0.09021,0.04859,0.53421
sim1_pm,task003_nosolution,false,12,12.00000,3.00000,1.00000,29000,12.00000,0.00035,0.09410,0.00018,0.08924,0.03445,0.68297
sim1_pm,task003_nosolution,false,12,12.00000,6.00000,1.00000,29000,12.00000,0.00023,0.09554,0.00018,0.09228,0.03293,0.72172
sim1_pm,task003_nosolution,false,12,12.00000,9.00000,1.00000,29000,12.00000,0.00091,0.09350,0.00018,0.03397,0.00693,0.95524
sim1_pm,task003_nosolution,false,12,24.00000,1.00000,1.00000,29000,23.97583,0.00020,0.00392,0.00020,0.00014,0.00017,0.34266
sim1_pm,task003_nosolution,false,12,24.00000,2.00000,1.00000,29000,23.97614,0.00019,0.00390,0.00019,0.00014,0.00017,0.31879
sim1_pm,task003_nosolution,false,12,24.00000,3.00000,1.00000,29000,23.97631,0.00018,0.00387,0.00018,0.00014,0.00017,0.43586
sim1_pm,task003_nosolution,false,12,24.00000,6.00000,1.00000,29000,23.97645,0.00018,0.00386,0.00018,0.00014,0.00017,0.46476
sim1_pm,task003_nosolution,false,12,24.00000,9.00000,1.00000,29000,23.97645,0.00018,0.00386,0.00018,0.00014,0.00017,0.85472
sim1_pm,task003_nosolution,truth,3,3.00000,1.00000,0.75000,29000,3.00000,-0.00162,0.25173,0.00152,0.13983,0.15831,0.68310
sim1_pm,task003_nosolution,truth,3,3.00000,2.00000,0.75000,29000,3.00000,0.00033,0.25022,0.00096,0.13845,0.17124,0.65328
sim1_pm,task003_nosolution,truth,3,3.00000,3.00000,0.75000,29000,3.00000,-0.00117,0.24907,0.00083,0.13821,0.17066,0.65886
sim1_pm,task003_nosolution,truth,3,3.00000,6.00000,0.75000,29000,3.00000,-0.00110,0.25932,0.00042,0.14593,0.07597,0.85200
sim1_pm,task003_nosolution,truth,3,3.00000,9.00000,0.75000,29000,3.00000,-0.00119,0.26700,0.00018,0.13503,0.02838,0.94683
sim1_pm,task003_nosolution,truth,3,6.00000,1.00000,0.75000,29000,6.00000,0.00174,0.16453,0.00118,0.15476,0.09948,0.70972
sim1_pm,task003_nosolution,truth,3,6.00000,2.00000,0.75000,29000,6.00000,0.00070,0.16453,0.00088,0.15166,0.10383,0.69852
sim1_pm,task003_nosolution,truth,3,6.00000,3.00000,0.75000,29000,6.00000,0.00011,0.16429,0.00079,0.15303,0.10534,0.69566
sim1_pm,task003_nosolution,truth,3,6.00000,6.00000,0.75000,29000,6.00000,0.00114,0.17014,0.00043,0.15166,0.05338,0.85959
sim1_pm,task003_nosolution,truth,3,6.00000,9.00000,0.75000,29000,6.00000,0.00141,0.17449,0.00015,0.12000,0.01807,0.95507
sim1_pm,task003_nosolution,truth,3,12.00000,1.00000,0.75000,29000,12.00000,0.00122,0.09728,0.00102,0.14452,0.04317,0.75207
sim1_pm,task003_nosolution,truth,3,12.00000,2.00000,0.75000,29000,12.00000,0.00141,0.09599,0.00095,0.14655,0.04769,0.72038
sim1_pm,task003_nosolution,truth,3,12.00000,3.00000,0.75000,29000,12.00000,0.00075,0.09626,0.00078,0.14262,0.04959,0.71390
sim1_pm,task003_nosolution,truth,3,12.00000,6.00000,0.75000,29000,12.00000,0.00025,0.10036,0.00036,0.11631,0.02090,0.89510
sim1_pm,task003_nosolution,truth,3,12.00000,9.00000,0.75000,29000,12.00000,0.00078,0.10132,0.00015,0.08352,0.00997,0.96066
sim1_pm,task003_nosolution,truth,3,24.00000,1.00000,0.75000,29000,23.92245,0.00109,0.00731,0.00109,0.00024,0.00031,0.79203
sim1_pm,task003_nosolution,truth,3,24.00000,2.00000,0.75000,29000,23.92486,0.00114,0.00736,0.00114,0.00024,0.00052,0.73052
sim1_pm,task003_nosolution,truth,3,24.00000,3.00000,0.75000,29000,23.93948,0.00074,0.00634,0.00074,0.00003,0.00017,0.79910
sim1_pm,task003_nosolution,truth,3,24.00000,6.00000,0.75000,29000,23.95776,0.00026,0.00486,0.00026,0.00000,0.00007,0.93552
sim1_pm,task003_nosolution,truth,3,24.00000,9.00000,0.75000,29000,23.96038,0.00014,0.00466,0.00014,0.00000,0.00003,0.97066
sim1_pm,task003_nosolution,truth,6,3.00000,1.00000,0.75000,29000,3.00000,-0.00048,0.22501,0.00027,0.08159,0.26190,0.37752
sim1_pm,task003_nosolution,truth,6,3.00000,2.00000,0.75000,29000,3.00000,-0.00125,0.21325,0.00016,0.05952,0.28924,0.26831
sim1_pm,task003_nosolution,truth,6,3.00000,3.00000,0.75000,29000,3.00000,-0.00133,0.21173,0.00014,0.05634,0.29341,0.24717
sim1_pm,task003_nosolution,truth,6,3.00000,6.00000,0.75000,29000,3.00000,-0.00002,0.23041,0.00009,0.09793,0.24821,0.43545
sim1_pm,task003_nosolution,truth,6,3.00000,9.00000,0.75000,29000,3.00000,-0.00203,0.24574,0.00006,0.12566,0.19021,0.61059
sim1_pm,task003_nosolution,truth,6,6.00000,1.00000,0.75000,29000,6.00000,0.00072,0.14567,0.00021,0.08693,0.16269,0.35624
sim1_pm,task003_nosolution,truth,6,6.00000,2.00000,0.75000,29000,6.00000,0.00038,0.14230,0.00016,0.07676,0.17007,0.29366
sim1_pm,task003_nosolution,truth,6,6.00000,3.00000,0.75000,29000,6.00000,0.00109,0.14117,0.00016,0.07314,0.16797,0.28228
sim1_pm,task003_nosolution,truth,6,6.00000,6.00000,0.75000,29000,6.00000,0.00147,0.15057,0.00009,0.10772,0.15586,0.42459
sim1_pm,task003_nosolution,truth,6,6.00000,9.00000,0.75000,29000,6.00000,-0.00034,0.15966,0.00007,0.13472,0.12228,0.61869
sim1_pm,task003_nosolution,truth,6,12.00000,1.00000,0.75000,29000,12.00000,0.00018,0.08582,0.00024,0.09469,0.07107,0.36203
sim1_pm,task003_nosolution,truth,6,12.00000,2.00000,0.75000,29000,12.00000,0.00040,0.08402,0.00022,0.08662,0.06783,0.31838
sim1_pm,task003_nosolution,truth,6,12.00000,3.00000,0.75000,29000,12.00000,0.00002,0.08435,0.00016,0.08828,0.06872,0.32097
sim1_pm,task003_nosolution,truth,6,12.00000,6.00000,0.75000,29000,12.00000,-0.00021,0.08819,0.00011,0.11203,0.06355,0.46486
sim1_pm,task003_nosolution,truth,6,12.00000,9.00000,0.75000,29000,12.00000,-0.00008,0.09291,0.00008,0.12762,0.05721,0.60897
sim1_pm,task003_nosolution,truth,6,24.00000,1.00000,0.75000,29000,23.96879,0.00024,0.00432,0.00024,0.00000,0.00021,0.41045
sim1_pm,task003_nosolution,truth,6,24.00000,2.00000,0.75000,29000,23.97090,0.00019,0.00410,0.00019,0.00000,0.00010,0.35879
sim1_pm,task003_nosolution,truth,6,24.00000,3.00000,0.75000,29000,23.97248,0.00014,0.00392,0.00014,0.00000,0.00014,0.44034
sim1_pm,task003_nosolution,truth,6,24.00000,6.00000,0.75000,29000,23.97466,0.00009,0.00364,0.00009,0.00000,0.00007,0.55621
sim1_pm,task003_nosolution,truth,6,24.00000,9.00000,0.75000,29000,23.97483,0.00009,0.00362,0.00009,0.00000,0.00017,0.58645
sim1_pm,task003_nosolution,truth,12,3.00000,1.00000,0.75000,29000,3.00000,-0.00222,0.20946,0.00019,0.05517,0.26114,0.26597
sim1_pm,task003_nosolution,truth,12,3.00000,2.00000,0.75000,29000,3.00000,-0.00070,0.18319,0.00015,0.02807,0.25821,0.13279
sim1_pm,task003_nosolution,truth,12,3.00000,3.00000,0.75000,29000,3.00000,-0.00138,0.17939,0.00016,0.02438,0.25310,0.11834
sim1_pm,task003_nosolution,truth,12,3.00000,6.00000,0.75000,29000,3.00000,-0.00085,0.19744,0.00011,0.04228,0.26831,0.19176
sim1_pm,task003_nosolution,truth,12,3.00000,9.00000,0.75000,29000,3.00000,-0.00015,0.20907,0.00009,0.05672,0.27893,0.25148
sim1_pm,task003_nosolution,truth,12,6.00000,1.00000,0.75000,29000,6.00000,-0.00000,0.13104,0.00017,0.05052,0.14410,0.21255
sim1_pm,task003_nosolution,truth,12,6.00000,2.00000,0.75000,29000,6.00000,0.00123,0.11990,0.00016,0.03062,0.12576,0.13241
sim1_pm,task003_nosolution,truth,12,6.00000,3.00000,0.75000,29000,6.00000,0.00137,0.11716,0.00016,0.02759,0.12148,0.11514
sim1_pm,task003_nosolution,truth,12,6.00000,6.00000,0.75000,29000,6.00000,0.00175,0.12481,0.00012,0.04259,0.13576,0.16221
sim1_pm,task003_nosolution,truth,12,6.00000,9.00000,0.75000,29000,6.00000,0.00034,0.13663,0.00010,0.06514,0.15803,0.24934
sim1_pm,task003_nosolution,truth,12,12.00000,1.00000,0.75000,29000,12.00000,0.00033,0.07508,0.00018,0.04410,0.04948,0.18062
sim1_pm,task003_nosolution,truth,12,12.00000,2.00000,0.75000,29000,12.00000,-0.00008,0.07094,0.00016,0.03231,0.04486,0.12686
sim1_pm,task003_nosolution,truth,12,12.00000,3.00000,0.75000,29000,12.00000,-0.00034,0.07032,0.00018,0.03103,0.04059,0.11610
sim1_pm,task003_nosolution,truth,12,12.00000,6.00000,0.75000,29000,12.00000,-0.00049,0.07381,0.00015,0.03979,0.04855,0.15417
sim1_pm,task003_nosolution,truth,12,12.00000,9.00000,0.75000,29000,12.00000,0.00010,0.07737,0.00012,0.05486,0.05817,0.19276
sim1_pm,task003_nosolution,truth,12,24.00000,1.00000,0.75000,29000,23.97234,0.00017,0.00412,0.00017,0.00007,0.00021,0.17452
sim1_pm,task003_nosolution,truth,12,24.00000,2.00000,0.75000,29000,23.97341,0.00016,0.00405,0.00016,0.00007,0.00021,0.13903
sim1_pm,task003_nosolution,truth,12,24.00000,3.00000,0.75000,29000,23.97369,0.00015,0.00404,0.00015,0.00007,0.00017,0.15172
sim1_pm,task003_nosolution,truth,12,24.00000,6.00000,0.75000,29000,23.97486,0.00012,0.00386,0.00012,0.00007,0.00014,0.16783
sim1_pm,task003_nosolution,truth,12,24.00000,9.00000,0.75000,29000,23.97541,0.00010,0.00379,0.00010,0.00007,0.00010,0.16469
sim1_pm,task003_nosolution,truth,3,3.00000,1.00000,1.00000,29000,3.00000,-0.00224,0.21230,0.00014,0.05979,0.24979,0.30445
sim1_pm,task003_nosolution,truth,3,3.00000,2.00000,1.00000,29000,3.00000,-0.00137,0.19013,0.00012,0.03500,0.24703,0.18483
sim1_pm,task003_nosolution,truth,3,3.00000,3.00000,1.00000,29000,3.00000,-0.00135,0.19118,0.00011,0.03403,0.25017,0.18576
sim1_pm,task003_nosolution,truth,3,3.00000,6.00000,1.00000,29000,3.00000,-0.00163,0.21458,0.00012,0.06117,0.27159,0.28955
sim1_pm,task003_nosolution,truth,3,3.00000,9.00000,1.00000,29000,3.00000,-0.00161,0.21700,0.00010,0.06428,0.25534,0.33228
sim1_pm,task003_nosolution,truth,3,6.00000,1.00000,1.00000,29000,6.00000,0.00080,0.13097,0.00015,0.05200,0.12938,0.23766
sim1_pm,task003_nosolution,truth,3,6.00000,2.00000,1.00000,29000,6.00000,-0.00033,0.12214,0.00012,0.03472,0.11566,0.17469
sim1_pm,task003_nosolution,truth,3,6.00000,3.00000,1.00000,29000,6.00000,0.00037,0.12437,0.00011,0.04055,0.12362,0.18890
sim1_pm,task003_nosolution,truth,3,6.00000,6.00000,1.00000,29000,6.00000,-0.00008,0.13546,0.00012,0.06259,0.14672,0.26755
sim1_pm,task003_nosolution,truth,3,6.00000,9.00000,1.00000,29000,6.00000,0.00109,0.14275,0.00010,0.07800,0.14800,0.34728
sim1_pm,task003_nosolution,truth,3,12.00000,1.00000,1.00000,29000,12.00000,-0.00018,0.07284,0.00014,0.03503,0.03821,0.19041
sim1_pm,task003_nosolution,truth,3,12.00000,2.00000,1.00000,29000,12.00000,-0.00018,0.06956,0.00011,0.03266,0.03062,0.16924
sim1_pm,task003_nosolution,truth,3,12.00000,3.00000,1.00000,29000,12.00000,-0.00023,0.07199,0.00011,0.03807,0.03845,0.18710
sim1_pm,task003_nosolution,truth,3,12.00000,6.00000,1.00000,29000,12.00000,0.00006,0.07766,0.00012,0.05769,0.04634,0.26452
sim1_pm,task003_nosolution,truth,3,12.00000,9.00000,1.00000,29000,12.00000,0.00026,0.08099,0.00009,0.06800,0.05231,0.31683
sim1_pm,task003_nosolution,truth,3,24.00000,1.00000,1.00000,29000,23.96721,0.00012,0.00429,0.00012,0.00000,0.00003,0.17986
sim1_pm,task003_nosolution,truth,3,24.00000,2.00000,1.00000,29000,23.96803,0.00011,0.00418,0.00011,0.00000,0.00003,0.17241
sim1_pm,task003_nosolution,truth,3,24.00000,3.00000,1.00000,29000,23.96797,0.00011,0.00418,0.00011,0.00000,0.00003,0.20331
sim1_pm,task003_nosolution,truth,3,24.00000,6.00000,1.00000,29000,23.96793,0.00011,0.00419,0.00011,0.00000,0.00003,0.26366
sim1_pm,task003_nosolution,truth,3,24.00000,9.00000,1.00000,29000,23.96831,0.00009,0.00417,0.00009,0.00000,0.00003,0.27838
sim1_pm,task003_nosolution,truth,6,3.00000,1.00000,1.00000,29000,3.00000,-0.00221,0.20867,0.00007,0.05517,0.26148,0.26810
sim1_pm,task003_nosolution,truth,6,3.00000,2.00000,1.00000,29000,3.00000,-0.00075,0.18859,0.00006,0.03593,0.25603,0.17114
sim1_pm,task003_nosolution,truth,6,3.00000,3.00000,1.00000,29000,3.00000,-0.00087,0.18954,0.00006,0.03745,0.25590,0.17072
sim1_pm,task003_nosolution,truth,6,3.00000,6.00000,1.00000,29000,3.00000,-0.00203,0.21027,0.00006,0.06159,0.27579,0.26697
sim1_pm,task003_nosolution,truth,6,3.00000,9.00000,1.00000,29000,3.00000,-0.00099,0.21354,0.00006,0.06586,0.27221,0.28590
sim1_pm,task003_nosolution,truth,6,6.00000,1.00000,1.00000,29000,6.00000,0.00027,0.12958,0.00007,0.04748,0.14017,0.20417
sim1_pm,task003_nosolution,truth,6,6.00000,2.00000,1.00000,29000,6.00000,0.00053,0.11856,0.00006,0.03197,0.11959,0.13179
sim1_pm,task003_nosolution,truth,6,6.00000,3.00000,1.00000,29000,6.00000,0.00053,0.11845,0.00006,0.03559,0.11731,0.14269
sim1_pm,task003_nosolution,truth,6,6.00000,6.00000,1.00000,29000,6.00000,0.00071,0.12999,0.00006,0.05541,0.13952,0.21272
sim1_pm,task003_nosolution,truth,6,6.00000,9.00000,1.00000,29000,6.00000,0.00130,0.13656,0.00006,0.06807,0.14779,0.26252
sim1_pm,task003_nosolution,truth,6,12.00000,1.00000,1.00000,29000,12.00000,0.00018,0.07269,0.00007,0.03355,0.04169,0.15179
sim1_pm,task003_nosolution,truth,6,12.00000,2.00000,1.00000,29000,12.00000,-0.00008,0.06757,0.00007,0.02366,0.03024,0.10793
sim1_pm,task003_nosolution,truth,6,12.00000,3.00000,1.00000,29000,12.00000,-0.00012,0.06737,0.00007,0.02669,0.03141,0.11690
sim1_pm,task003_nosolution,truth,6,12.00000,6.00000,1.00000,29000,12.00000,-0.00011,0.07155,0.00007,0.04128,0.03907,0.16476
sim1_pm,task003_nosolution,truth,6,12.00000,9.00000,1.00000,29000,12.00000,0.00038,0.07595,0.00006,0.05210,0.04555,0.20962
sim1_pm,task003_nosolution,truth,6,24.00000,1.00000,1.00000,29000,23.97541,0.00007,0.00354,0.00007,0.00000,0.00007,0.12921
sim1_pm,task003_nosolution,truth,6,24.00000,2.00000,1.00000,29000,23.97586,0.00006,0.00350,0.00006,0.00000,0.00007,0.09459
sim1_pm,task003_nosolution,truth,6,24.00000,3.00000,1.00000,29000,23.97586,0.00006,0.00350,0.00006,0.00000,0.00007,0.09993
sim1_pm,task003_nosolution,truth,6,24.00000,6.00000,1.00000,29000,23.97586,0.00006,0.00350,0.00006,0.00000,0.00007,0.12672
sim1_pm,task003_nosolution,truth,6,24.00000,9.00000,1.00000,29000,23.97586,0.00006,0.00349,0.00006,0.00000,0.00007,0.14055
sim1_pm,task003_nosolution,truth,12,3.00000,1.00000,1.00000,29000,3.00000,-0.00278,0.20865,0.00010,0.05693,0.26621,0.26490
sim1_pm,task003_nosolution,truth,12,3.00000,2.00000,1.00000,29000,3.00000,-0.00233,0.19253,0.00009,0.03972,0.26597,0.17386
sim1_pm,task003_nosolution,truth,12,3.00000,3.00000,1.00000,29000,3.00000,-0.00183,0.18966,0.00008,0.04090,0.25479,0.18114
sim1_pm,task003_nosolution,truth,12,3.00000,6.00000,1.00000,29000,3.00000,-0.00136,0.21066,0.00008,0.06907,0.27190,0.27734
sim1_pm,task003_nosolution,truth,12,3.00000,9.00000,1.00000,29000,3.00000,-0.00192,0.20907,0.00008,0.06283,0.27648,0.26014
sim1_pm,task003_nosolution,truth,12,6.00000,1.00000,1.00000,29000,6.00000,-0.00039,0.12890,0.00010,0.04693,0.14176,0.19586
sim1_pm,task003_nosolution,truth,12,6.00000,2.00000,1.00000,29000,6.00000,-0.00024,0.11986,0.00008,0.03197,0.12993,0.12986
sim1_pm,task003_nosolution,truth,12,6.00000,3.00000,1.00000,29000,6.00000,0.00073,0.11685,0.00008,0.03283,0.11683,0.12531
sim1_pm,task003_nosolution,truth,12,6.00000,6.00000,1.00000,29000,6.00000,0.00090,0.12656,0.00008,0.05562,0.13903,0.19362
sim1_pm,task003_nosolution,truth,12,6.00000,9.00000,1.00000,29000,6.00000,0.00080,0.13027,0.00008,0.06100,0.14745,0.21276
sim1_pm,task003_nosolution,truth,12,12.00000,1.00000,1.00000,29000,12.00000,-0.00004,0.07255,0.00010,0.03493,0.04386,0.14255
sim1_pm,task003_nosolution,truth,12,12.00000,2.00000,1.00000,29000,12.00000,-0.00040,0.06772,0.00009,0.02000,0.03224,0.08821
sim1_pm,task003_nosolution,truth,12,12.00000,3.00000,1.00000,29000,12.00000,-0.00012,0.06382,0.00009,0.01759,0.02493,0.07893
sim1_pm,task003_nosolution,truth,12,12.00000,6.00000,1.00000,29000,12.00000,-0.00017,0.06695,0.00009,0.02607,0.03052,0.10500
sim1_pm,task003_nosolution,truth,12,12.00000,9.00000,1.00000,29000,12.00000,-0.00038,0.06869,0.00009,0.02997,0.03386,0.11793
sim1_pm,task003_nosolution,truth,12,24.00000,1.00000,1.00000,29000,23.97614,0.00009,0.00371,0.00009,0.00007,0.00010,0.11452
sim1_pm,task003_nosolution,truth,12,24.00000,2.00000,1.00000,29000,23.97645,0.00008,0.00367,0.00008,0.00007,0.00010,0.07390
sim1_pm,task003_nosolution,truth,12,24.00000,3.00000,1.00000,29000,23.97645,0.00008,0.00367,0.00008,0.00007,0.00010,0.05621
sim1_pm,task003_nosolution,truth,12,24.00000,6.00000,1.00000,29000,23.97645,0.00008,0.00367,0.00008,0.00007,0.00010,0.06483
sim1_pm,task003_nosolution,truth,12,24.00000,9.00000,1.00000,29000,23.97645,0.00008,0.00367,0.00008,0.00007,0.00010,0.06783
sim1_pm,task003_symmetric,false,3,3.00000,1.00000,0.75000,29000,3.00000,0.00155,0.25490,0.00060,0.10297,0.07272,0.84303
sim1_pm,task003_symmetric,false,3,3.00000,2.00000,0.75000,29000,3.00000,0.00334,0.24514,0.00085,0.11086,0.15548,0.64962
sim1_pm,task003_symmetric,false,3,3.00000,3.00000,0.75000,29000,3.00000,0.00116,0.24105,0.00095,0.10779,0.18214,0.58976
sim1_pm,task003_symmetric,false,3,3.00000,6.00000,0.75000,29000,3.00000,0.00338,0.23866,0.00095,0.10717,0.19521,0.55969
sim1_pm,task003_symmetric,false,3,3.00000,9.00000,0.75000,29000,3.00000,0.00292,0.23775,0.00133,0.10586,0.20855,0.53079
sim1_pm,task003_symmetric,false,3,6.00000,1.00000,0.75000,29000,6.00000,0.00149,0.16524,0.00059,0.10776,0.06455,0.79228
sim1_pm,task003_symmetric,false,3,6.00000,2.00000,0.75000,29000,6.00000,0.00074,0.16174,0.00096,0.11769,0.09797,0.66817
sim1_pm,task003_symmetric,false,3,6.00000,3.00000,0.75000,29000,6.00000,0.00046,0.16039,0.00092,0.11752,0.11028,0.62024
sim1_pm,task003_symmetric,false,3,6.00000,6.00000,0.75000,29000,6.00000,0.00112,0.15872,0.00088,0.11938,0.11755,0.59724
sim1_pm,task003_symmetric,false,3,6.00000,9.00000,0.75000,29000,6.00000,0.00004,0.15704,0.00142,0.11490,0.13266,0.54762
sim1_pm,task003_symmetric,false,3,12.00000,1.00000,0.75000,29000,12.00000,0.00074,0.09654,0.00064,0.09114,0.03093,0.79683
sim1_pm,task003_symmetric,false,3,12.00000,2.00000,0.75000,29000,12.00000,0.00156,0.09477,0.00090,0.10931,0.04110,0.70648
sim1_pm,task003_symmetric,false,3,12.00000,3.00000,0.75000,29000,12.00000,0.00021,0.09363,0.00092,0.11269,0.04772,0.65997
sim1_pm,task003_symmetric,false,3,12.00000,6.00000,0.75000,29000,12.00000,0.00051,0.09246,0.00098,0.11555,0.05090,0.62755
sim1_pm,task003_symmetric,false,3,12.00000,9.00000,0.75000,29000,12.00000,0.00197,0.09086,0.00146,0.11503,0.05386,0.56752
sim1_pm,task003_symmetric,false,3,24.00000,1.00000,0.75000,29000,23.94776,0.00060,0.00608,0.00060,0.00017,0.00000,0.84745
sim1_pm,task003_symmetric,false,3,24.00000,2.00000,0.75000,29000,23.93576,0.00106,0.00735,0.00106,0.00024,0.00003,0.73624
sim1_pm,task003_symmetric,false,3,24.00000,3.00000,0.75000,29000,23.94334,0.00091,0.00698,0.00091,0.00021,0.00000,0.70572
sim1_pm,task003_symmetric,false,3,24.00000,6.00000,0.75000,29000,23.94852,0.00078,0.00666,0.00078,0.00017,0.00003,0.66483
sim1_pm,task003_symmetric,false,3,24.00000,9.00000,0.75000,29000,23.92772,0.00148,0.00844,0.00148,0.00041,0.00000,0.56493
sim1_pm,task003_symmetric,false,6,3.00000,1.00000,0.75000,29000,3.00000,0.00066,0.22434,-0.00009,0.03259,0.01569,0.96514
sim1_pm,task003_symmetric,false,6,3.00000,2.00000,0.75000,29000,3.00000,0.00033,0.23873,-0.00007,0.05490,0.04762,0.88121
sim1_pm,task003_symmetric,false,6,3.00000,3.00000,0.75000,29000,3.00000,0.00233,0.23872,-0.00007,0.06452,0.07241,0.81041
sim1_pm,task003_symmetric,false,6,3.00000,6.00000,0.75000,29000,3.00000,0.00138,0.24056,-0.00008,0.08479,0.12155,0.69169
sim1_pm,task003_symmetric,false,6,3.00000,9.00000,0.75000,29000,3.00000,0.00189,0.23607,-0.00005,0.08903,0.15093,0.60207
sim1_pm,task003_symmetric,false,6,6.00000,1.00000,0.75000,29000,6.00000,0.00000,0.15059,-0.00008,0.03086,0.01383,0.94531
sim1_pm,task003_symmetric,false,6,6.00000,2.00000,0.75000,29000,6.00000,0.00017,0.15772,-0.00007,0.05079,0.03141,0.86986
sim1_pm,task003_symmetric,false,6,6.00000,3.00000,0.75000,29000,6.00000,0.00108,0.15796,-0.00007,0.06052,0.04334,0.81386
sim1_pm,task003_symmetric,false,6,6.00000,6.00000,0.75000,29000,6.00000,0.00025,0.15905,-0.00006,0.08555,0.06603,0.71228
sim1_pm,task003_symmetric,false,6,6.00000,9.00000,0.75000,29000,6.00000,-0.00006,0.15577,-0.00002,0.09248,0.08428,0.63307
sim1_pm,task003_symmetric,false,6,12.00000,1.00000,0.75000,29000,12.00000,0.00061,0.08587,-0.00009,0.02186,0.00669,0.94376
sim1_pm,task003_symmetric,false,6,12.00000,2.00000,0.75000,29000,12.00000,0.00055,0.09066,-0.00007,0.03714,0.01179,0.87962
sim1_pm,task003_symmetric,false,6,12.00000,3.00000,0.75000,29000,12.00000,0.00029,0.09091,-0.00008,0.04221,0.01459,0.85972
sim1_pm,task003_symmetric,false,6,12.00000,6.00000,0.75000,29000,12.00000,0.00019,0.09357,-0.00006,0.07076,0.02541,0.75514
sim1_pm,task003_symmetric,false,6,12.00000,9.00000,0.75000,29000,12.00000,0.00004,0.09194,-0.00003,0.08176,0.03441,0.65883
sim1_pm,task003_symmetric,false,6,24.00000,1.00000,0.75000,29000,23.98107,-0.00009,0.00328,-0.00009,0.00000,0.00000,0.96545
sim1_pm,task003_symmetric,false,6,24.00000,2.00000,0.75000,29000,23.98148,-0.00008,0.00333,-0.00008,0.00000,0.00000,0.91155
sim1_pm,task003_symmetric,false,6,24.00000,3.00000,0.75000,29000,23.98245,-0.00009,0.00337,-0.00009,0.00000,0.00000,0.91452
sim1_pm,task003_symmetric,false,6,24.00000,6.00000,0.75000,29000,23.98217,-0.00008,0.00339,-0.00008,0.00000,0.00000,0.77000
sim1_pm,task003_symmetric,false,6,24.00000,9.00000,0.75000,29000,23.98107,-0.00003,0.00367,-0.00003,0.00000,0.00000,0.64355
sim1_pm,task003_symmetric,false,12,3.00000,1.00000,0.75000,29000,3.00000,-0.00012,0.15384,-0.00015,0.00441,0.00159,0.99659
sim1_pm,task003_symmetric,false,12,3.00000,2.00000,0.75000,29000,3.00000,-0.00124,0.16742,-0.00015,0.00669,0.00459,0.98793
sim1_pm,task003_symmetric,false,12,3.00000,3.00000,0.75000,29000,3.00000,-0.00013,0.16935,-0.00016,0.00828,0.00724,0.97924
sim1_pm,task003_symmetric,false,12,3.00000,6.00000,0.75000,29000,3.00000,-0.00052,0.17890,-0.00016,0.01169,0.00890,0.97634
sim1_pm,task003_symmetric,false,12,3.00000,9.00000,0.75000,29000,3.00000,0.00101,0.19368,-0.00016,0.01659,0.01359,0.96100
sim1_pm,task003_symmetric,false,12,6.00000,1.00000,0.75000,29000,6.00000,-0.00100,0.10451,-0.00015,0.00328,0.00155,0.99507
sim1_pm,task003_symmetric,false,12,6.00000,2.00000,0.75000,29000,6.00000,-0.00102,0.11022,-0.00015,0.00490,0.00362,0.98662
sim1_pm,task003_symmetric,false,12,6.00000,3.00000,0.75000,29000,6.00000,-0.00179,0.11015,-0.00015,0.00610,0.00472,0.97721
sim1_pm,task003_symmetric,false,12,6.00000,6.00000,0.75000,29000,6.00000,-0.00171,0.11648,-0.00016,0.00738,0.00600,0.97169
sim1_pm,task003_symmetric,false,12,6.00000,9.00000,0.75000,29000,6.00000,-0.00011,0.12578,-0.00016,0.01197,0.00631,0.96717
sim1_pm,task003_symmetric,false,12,12.00000,1.00000,0.75000,29000,12.00000,0.00036,0.05744,-0.00015,0.00345,0.00083,0.99331
sim1_pm,task003_symmetric,false,12,12.00000,2.00000,0.75000,29000,12.00000,0.00014,0.06224,-0.00015,0.00338,0.00107,0.98921
sim1_pm,task003_symmetric,false,12,12.00000,3.00000,0.75000,29000,12.00000,0.00035,0.06181,-0.00015,0.00472,0.00183,0.98100
sim1_pm,task003_symmetric,false,12,12.00000,6.00000,0.75000,29000,12.00000,0.00010,0.06558,-0.00016,0.00645,0.00234,0.97038
sim1_pm,task003_symmetric,false,12,12.00000,9.00000,0.75000,29000,12.00000,0.00023,0.07241,-0.00016,0.00910,0.00303,0.96745
sim1_pm,task003_symmetric,false,12,24.00000,1.00000,0.75000,29000,23.98176,-0.00014,0.00337,-0.00014,0.00000,0.00000,0.99390
sim1_pm,task003_symmetric,false,12,24.00000,2.00000,0.75000,29000,23.98224,-0.00015,0.00335,-0.00015,0.00000,0.00000,0.99117
sim1_pm,task003_symmetric,false,12,24.00000,3.00000,0.75000,29000,23.98362,-0.00015,0.00335,-0.00015,0.00000,0.00000,0.98610
sim1_pm,task003_symmetric,false,12,24.00000,6.00000,0.75000,29000,23.98369,-0.00015,0.00335,-0.00015,0.00000,0.00000,0.98028
sim1_pm,task003_symmetric,false,12,24.00000,9.00000,0.75000,29000,23.98379,-0.00016,0.00333,-0.00016,0.00000,0.00000,0.97483
sim1_pm,task003_symmetric,false,3,3.00000,1.00000,1.00000,29000,3.00000,0.00002,0.12607,-0.00015,0.00948,0.00093,0.99831
sim1_pm,task003_symmetric,false,3,3.00000,2.00000,1.00000,29000,3.00000,0.00118,0.13850,-0.00015,0.01566,0.00272,0.99490
sim1_pm,task003_symmetric,false,3,3.00000,3.00000,1.00000,29000,3.00000,-0.00040,0.14499,-0.00014,0.01945,0.00503,0.98983
sim1_pm,task003_symmetric,false,3,3.00000,6.00000,1.00000,29000,3.00000,0.00133,0.15372,-0.00015,0.02186,0.00455,0.99083
sim1_pm,task003_symmetric,false,3,3.00000,9.00000,1.00000,29000,3.00000,-0.00082,0.16689,-0.00014,0.02617,0.00659,0.98755
sim1_pm,task003_symmetric,false,3,6.00000,1.00000,1.00000,29000,6.00000,0.00014,0.08308,-0.00015,0.00590,0.00069,0.99821
sim1_pm,task003_symmetric,false,3,6.00000,2.00000,1.00000,29000,6.00000,-0.00018,0.09037,-0.00015,0.01155,0.00262,0.99262
sim1_pm,task003_symmetric,false,3,6.00000,3.00000,1.00000,29000,6.00000,-0.00053,0.09544,-0.00014,0.01531,0.00355,0.98993
sim1_pm,task003_symmetric,false,3,6.00000,6.00000,1.00000,29000,6.00000,0.00070,0.10176,-0.00015,0.01821,0.00483,0.98731
sim1_pm,task003_symmetric,false,3,6.00000,9.00000,1.00000,29000,6.00000,-0.00056,0.10820,-0.00014,0.02159,0.00503,0.98524
sim1_pm,task003_symmetric,false,3,12.00000,1.00000,1.00000,29000,12.00000,0.00012,0.04892,-0.00015,0.00445,0.00048,0.99728
sim1_pm,task003_symmetric,false,3,12.00000,2.00000,1.00000,29000,12.00000,0.00017,0.05398,-0.00015,0.00876,0.00107,0.99310
sim1_pm,task003_symmetric,false,3,12.00000,3.00000,1.00000,29000,12.00000,0.00004,0.05465,-0.00014,0.01093,0.00162,0.99014
sim1_pm,task003_symmetric,false,3,12.00000,6.00000,1.00000,29000,12.00000,0.00012,0.05848,-0.00015,0.01266,0.00234,0.98900
sim1_pm,task003_symmetric,false,3,12.00000,9.00000,1.00000,29000,12.00000,-0.00016,0.06360,-0.00014,0.01479,0.00272,0.98486
sim1_pm,task003_symmetric,false,3,24.00000,1.00000,1.00000,29000,23.97993,-0.00015,0.00361,-0.00015,0.00000,0.00000,0.99793
sim1_pm,task003_symmetric,false,3,24.00000,2.00000,1.00000,29000,23.97993,-0.00015,0.00363,-0.00015,0.00000,0.00000,0.99324
sim1_pm,task003_symmetric,false,3,24.00000,3.00000,1.00000,29000,23.98007,-0.00014,0.00361,-0.00014,0.00000,0.00000,0.99169
sim1_pm,task003_symmetric,false,3,24.00000,6.00000,1.00000,29000,23.98024,-0.00015,0.00359,-0.00015,0.00000,0.00000,0.99272
sim1_pm,task003_symmetric,false,3,24.00000,9.00000,1.00000,29000,23.98021,-0.00014,0.00360,-0.00014,0.00000,0.00000,0.98828
sim1_pm,task003_symmetric,false,6,3.00000,1.00000,1.00000,29000,3.00000,-0.00038,0.07742,-0.00012,0.00297,0.00045,0.99921
sim1_pm,task003_symmetric,false,6,3.00000,2.00000,1.00000,29000,3.00000,-0.00124,0.08506,-0.00012,0.00403,0.00114,0.99786
sim1_pm,task003_symmetric,false,6,3.00000,3.00000,1.00000,29000,3.00000,-0.00065,0.08957,-0.00012,0.00545,0.00231,0.99452
sim1_pm,task003_symmetric,false,6,3.00000,6.00000,1.00000,29000,3.00000,-0.00071,0.09651,-0.00012,0.00603,0.00279,0.99476
sim1_pm,task003_symmetric,false,6,3.00000,9.00000,1.00000,29000,3.00000,0.00065,0.10193,-0.00012,0.00721,0.00248,0.99531
sim1_pm,task003_symmetric,false,6,6.00000,1.00000,1.00000,29000,6.00000,-0.00001,0.05245,-0.00012,0.00179,0.00038,0.99890
sim1_pm,task003_symmetric,false,6,6.00000,2.00000,1.00000,29000,6.00000,-0.00010,0.05764,-0.00012,0.00355,0.00128,0.99634
sim1_pm,task003_symmetric,false,6,6.00000,3.00000,1.00000,29000,6.00000,-0.00036,0.05989,-0.00012,0.00472,0.00155,0.99462
sim1_pm,task003_symmetric,false,6,6.00000,6.00000,1.00000,29000,6.00000,-0.00057,0.06454,-0.00012,0.00566,0.00214,0.99290
sim1_pm,task003_symmetric,false,6,6.00000,9.00000,1.00000,29000,6.00000,-0.00053,0.06980,-0.00012,0.00662,0.00210,0.99345
sim1_pm,task003_symmetric,false,6,12.00000,1.00000,1.00000,29000,12.00000,-0.00015,0.03034,-0.00012,0.00117,0.00010,0.99907
sim1_pm,task003_symmetric,false,6,12.00000,2.00000,1.00000,29000,12.00000,-0.00007,0.03251,-0.00012,0.00245,0.00045,0.99697
sim1_pm,task003_symmetric,false,6,12.00000,3.00000,1.00000,29000,12.00000,0.00004,0.03393,-0.00012,0.00359,0.00059,0.99569
sim1_pm,task003_symmetric,false,6,12.00000,6.00000,1.00000,29000,12.00000,0.00019,0.03636,-0.00012,0.00410,0.00076,0.99414
sim1_pm,task003_symmetric,false,6,12.00000,9.00000,1.00000,29000,12.00000,0.00006,0.03884,-0.00012,0.00390,0.00066,0.99403
sim1_pm,task003_symmetric,false,6,24.00000,1.00000,1.00000,29000,23.98345,-0.00012,0.00319,-0.00012,0.00000,0.00000,0.99928
sim1_pm,task003_symmetric,false,6,24.00000,2.00000,1.00000,29000,23.98352,-0.00012,0.00319,-0.00012,0.00000,0.00000,0.99728
sim1_pm,task003_symmetric,false,6,24.00000,3.00000,1.00000,29000,23.98362,-0.00012,0.00318,-0.00012,0.00000,0.00000,0.99707
sim1_pm,task003_symmetric,false,6,24.00000,6.00000,1.00000,29000,23.98362,-0.00012,0.00318,-0.00012,0.00000,0.00000,0.99655
sim1_pm,task003_symmetric,false,6,24.00000,9.00000,1.00000,29000,23.98359,-0.00012,0.00318,-0.00012,0.00000,0.00000,0.99503
sim1_pm,task003_symmetric,false,12,3.00000,1.00000,1.00000,29000,3.00000,-0.00023,0.05288,-0.00016,0.00114,0.00038,0.99945
sim1_pm,task003_symmetric,false,12,3.00000,2.00000,1.00000,29000,3.00000,-0.00041,0.05485,-0.00016,0.00134,0.00052,0.99897
sim1_pm,task003_symmetric,false,12,3.00000,3.00000,1.00000,29000,3.00000,-0.00042,0.05686,-0.00016,0.00159,0.00090,0.99821
sim1_pm,task003_symmetric,false,12,3.00000,6.00000,1.00000,29000,3.00000,-0.00064,0.05821,-0.00016,0.00186,0.00097,0.99810
sim1_pm,task003_symmetric,false,12,3.00000,9.00000,1.00000,29000,3.00000,-0.00032,0.06239,-0.00016,0.00221,0.00110,0.99824
sim1_pm,task003_symmetric,false,12,6.00000,1.00000,1.00000,29000,6.00000,-0.00027,0.03450,-0.00016,0.00048,0.00028,0.99952
sim1_pm,task003_symmetric,false,12,6.00000,2.00000,1.00000,29000,6.00000,-0.00016,0.03620,-0.00016,0.00066,0.00038,0.99890
sim1_pm,task003_symmetric,false,12,6.00000,3.00000,1.00000,29000,6.00000,-0.00017,0.03685,-0.00016,0.00107,0.00052,0.99834
sim1_pm,task003_symmetric,false,12,6.00000,6.00000,1.00000,29000,6.00000,-0.00002,0.03830,-0.00016,0.00114,0.00069,0.99772
sim1_pm,task003_symmetric,false,12,6.00000,9.00000,1.00000,29000,6.00000,-0.00024,0.03997,-0.00016,0.00121,0.00076,0.99755
sim1_pm,task003_symmetric,false,12,12.00000,1.00000,1.00000,29000,12.00000,-0.00001,0.02002,-0.00016,0.00048,0.00003,0.99945
sim1_pm,task003_symmetric,false,12,12.00000,2.00000,1.00000,29000,12.00000,-0.00003,0.02112,-0.00016,0.00052,0.00007,0.99890
sim1_pm,task003_symmetric,false,12,12.00000,3.00000,1.00000,29000,12.00000,-0.00001,0.02105,-0.00016,0.00062,0.00010,0.99834
sim1_pm,task003_symmetric,false,12,12.00000,6.00000,1.00000,29000,12.00000,0.00012,0.02198,-0.00016,0.00083,0.00021,0.99817
sim1_pm,task003_symmetric,false,12,12.00000,9.00000,1.00000,29000,12.00000,-0.00001,0.02324,-0.00016,0.00066,0.00038,0.99769
sim1_pm,task003_symmetric,false,12,24.00000,1.00000,1.00000,29000,23.98369,-0.00016,0.00333,-0.00016,0.00000,0.00000,0.99948
sim1_pm,task003_symmetric,false,12,24.00000,2.00000,1.00000,29000,23.98376,-0.00016,0.00333,-0.00016,0.00000,0.00000,0.99903
sim1_pm,task003_symmetric,false,12,24.00000,3.00000,1.00000,29000,23.98376,-0.00016,0.00333,-0.00016,0.00000,0.00000,0.99862
sim1_pm,task003_symmetric,false,12,24.00000,6.00000,1.00000,29000,23.98379,-0.00016,0.00333,-0.00016,0.00000,0.00000,0.99838
sim1_pm,task003_symmetric,false,12,24.00000,9.00000,1.00000,29000,23.98379,-0.00016,0.00333,-0.00016,0.00000,0.00000,0.99807
sim1_pm,task003_symmetric,truth,3,3.00000,1.00000,0.75000,29000,3.00000,0.00040,0.21309,0.00181,0.05803,0.29448,0.24041
sim1_pm,task003_symmetric,truth,3,3.00000,2.00000,0.75000,29000,3.00000,-0.00029,0.19988,0.00204,0.03721,0.29831,0.15900
sim1_pm,task003_symmetric,truth,3,3.00000,3.00000,0.75000,29000,3.00000,0.00267,0.19539,0.00219,0.03266,0.29476,0.14131
sim1_pm,task003_symmetric,truth,3,3.00000,6.00000,0.75000,29000,3.00000,0.00167,0.19921,0.00334,0.03752,0.29672,0.15686
sim1_pm,task003_symmetric,truth,3,3.00000,9.00000,0.75000,29000,3.00000,0.00258,0.20160,0.00352,0.04059,0.30179,0.17059
sim1_pm,task003_symmetric,truth,3,6.00000,1.00000,0.75000,29000,6.00000,0.00220,0.13931,0.00171,0.06769,0.16959,0.24803
sim1_pm,task003_symmetric,truth,3,6.00000,2.00000,0.75000,29000,6.00000,0.00289,0.13399,0.00192,0.05234,0.16452,0.19259
sim1_pm,task003_symmetric,truth,3,6.00000,3.00000,0.75000,29000,6.00000,0.00211,0.13411,0.00219,0.04917,0.16938,0.18307
sim1_pm,task003_symmetric,truth,3,6.00000,6.00000,0.75000,29000,6.00000,0.00432,0.13498,0.00293,0.05524,0.16590,0.19862
sim1_pm,task003_symmetric,truth,3,6.00000,9.00000,0.75000,29000,6.00000,0.00324,0.13464,0.00308,0.05359,0.16772,0.19462
sim1_pm,task003_symmetric,truth,3,12.00000,1.00000,0.75000,29000,12.00000,0.00170,0.08422,0.00168,0.06234,0.04966,0.30245
sim1_pm,task003_symmetric,truth,3,12.00000,2.00000,0.75000,29000,12.00000,0.00135,0.08255,0.00195,0.05607,0.05217,0.26366
sim1_pm,task003_symmetric,truth,3,12.00000,3.00000,0.75000,29000,12.00000,0.00174,0.08205,0.00222,0.05610,0.05048,0.25921
sim1_pm,task003_symmetric,truth,3,12.00000,6.00000,0.75000,29000,12.00000,0.00275,0.08160,0.00258,0.05921,0.05097,0.25724
sim1_pm,task003_symmetric,truth,3,12.00000,9.00000,0.75000,29000,12.00000,0.00237,0.08167,0.00260,0.05728,0.05286,0.24555
sim1_pm,task003_symmetric,truth,3,24.00000,1.00000,0.75000,29000,23.93452,0.00155,0.00759,0.00155,0.00007,0.00003,0.41945
sim1_pm,task003_symmetric,truth,3,24.00000,2.00000,0.75000,29000,23.93207,0.00166,0.00785,0.00166,0.00003,0.00003,0.39331
sim1_pm,task003_symmetric,truth,3,24.00000,3.00000,0.75000,29000,23.92572,0.00187,0.00834,0.00187,0.00010,0.00010,0.38172
sim1_pm,task003_symmetric,truth,3,24.00000,6.00000,0.75000,29000,23.92452,0.00197,0.00862,0.00197,0.00010,0.00000,0.35314
sim1_pm,task003_symmetric,truth,3,24.00000,9.00000,0.75000,29000,23.92286,0.00204,0.00878,0.00204,0.00017,0.00007,0.34141
sim1_pm,task003_symmetric,truth,6,3.00000,1.00000,0.75000,29000,3.00000,0.00009,0.14737,0.00055,0.01072,0.18576,0.05197
sim1_pm,task003_symmetric,truth,6,3.00000,2.00000,0.75000,29000,3.00000,0.00013,0.13136,0.00050,0.00848,0.14876,0.04172
sim1_pm,task003_symmetric,truth,6,3.00000,3.00000,0.75000,29000,3.00000,0.00024,0.12578,0.00049,0.00766,0.13410,0.03934
sim1_pm,task003_symmetric,truth,6,3.00000,6.00000,0.75000,29000,3.00000,0.00082,0.12425,0.00053,0.00783,0.13217,0.03803
sim1_pm,task003_symmetric,truth,6,3.00000,9.00000,0.75000,29000,3.00000,-0.00011,0.12597,0.00048,0.00797,0.13583,0.03990
sim1_pm,task003_symmetric,truth,6,6.00000,1.00000,0.75000,29000,6.00000,0.00151,0.09995,0.00054,0.01434,0.07590,0.05693
sim1_pm,task003_symmetric,truth,6,6.00000,2.00000,0.75000,29000,6.00000,0.00090,0.09292,0.00050,0.01069,0.05886,0.04562
sim1_pm,task003_symmetric,truth,6,6.00000,3.00000,0.75000,29000,6.00000,0.00067,0.08988,0.00056,0.00966,0.05255,0.04186
sim1_pm,task003_symmetric,truth,6,6.00000,6.00000,0.75000,29000,6.00000,0.00124,0.09033,0.00052,0.00979,0.05166,0.04217
sim1_pm,task003_symmetric,truth,6,6.00000,9.00000,0.75000,29000,6.00000,0.00138,0.08850,0.00051,0.01031,0.04800,0.04293
sim1_pm,task003_symmetric,truth,6,12.00000,1.00000,0.75000,29000,12.00000,0.00017,0.06307,0.00051,0.01421,0.01897,0.06993
sim1_pm,task003_symmetric,truth,6,12.00000,2.00000,0.75000,29000,12.00000,0.00065,0.05932,0.00050,0.00972,0.01359,0.05452
sim1_pm,task003_symmetric,truth,6,12.00000,3.00000,0.75000,29000,12.00000,0.00026,0.05775,0.00054,0.00879,0.01176,0.05145
sim1_pm,task003_symmetric,truth,6,12.00000,6.00000,0.75000,29000,12.00000,0.00041,0.05824,0.00055,0.00872,0.01207,0.05186
sim1_pm,task003_symmetric,truth,6,12.00000,9.00000,0.75000,29000,12.00000,0.00032,0.05541,0.00054,0.00872,0.01055,0.04948
sim1_pm,task003_symmetric,truth,6,24.00000,1.00000,0.75000,29000,23.97572,0.00047,0.00455,0.00047,0.00003,0.00003,0.11083
sim1_pm,task003_symmetric,truth,6,24.00000,2.00000,0.75000,29000,23.97652,0.00045,0.00445,0.00045,0.00003,0.00003,0.10397
sim1_pm,task003_symmetric,truth,6,24.00000,3.00000,0.75000,29000,23.97562,0.00048,0.00458,0.00048,0.00003,0.00003,0.10114
sim1_pm,task003_symmetric,truth,6,24.00000,6.00000,0.75000,29000,23.97679,0.00045,0.00443,0.00045,0.00003,0.00003,0.09979
sim1_pm,task003_symmetric,truth,6,24.00000,9.00000,0.75000,29000,23.97610,0.00048,0.00459,0.00048,0.00003,0.00003,0.09759
sim1_pm,task003_symmetric,truth,12,3.00000,1.00000,0.75000,29000,3.00000,0.00148,0.10807,0.00057,0.00434,0.10514,0.02114
sim1_pm,task003_symmetric,truth,12,3.00000,2.00000,0.75000,29000,3.00000,-0.00001,0.10064,0.00056,0.00400,0.08997,0.01990
sim1_pm,task003_symmetric,truth,12,3.00000,3.00000,0.75000,29000,3.00000,0.00089,0.09367,0.00053,0.00407,0.07621,0.01959
sim1_pm,task003_symmetric,truth,12,3.00000,6.00000,0.75000,29000,3.00000,-0.00024,0.08872,0.00049,0.00400,0.06666,0.01941
sim1_pm,task003_symmetric,truth,12,3.00000,9.00000,0.75000,29000,3.00000,0.00129,0.08554,0.00047,0.00400,0.06110,0.01941
sim1_pm,task003_symmetric,truth,12,6.00000,1.00000,0.75000,29000,6.00000,0.00072,0.07791,0.00052,0.00569,0.03303,0.02221
sim1_pm,task003_symmetric,truth,12,6.00000,2.00000,0.75000,29000,6.00000,0.00114,0.07298,0.00050,0.00500,0.02590,0.02069
sim1_pm,task003_symmetric,truth,12,6.00000,3.00000,0.75000,29000,6.00000,0.00112,0.07035,0.00052,0.00493,0.02297,0.02024
sim1_pm,task003_symmetric,truth,12,6.00000,6.00000,0.75000,29000,6.00000,0.00118,0.06910,0.00051,0.00493,0.02214,0.02024
sim1_pm,task003_symmetric,truth,12,6.00000,9.00000,0.75000,29000,6.00000,0.00128,0.06672,0.00049,0.00490,0.01959,0.02014
sim1_pm,task003_symmetric,truth,12,12.00000,1.00000,0.75000,29000,12.00000,0.00033,0.04784,0.00051,0.00448,0.00500,0.02262
sim1_pm,task003_symmetric,truth,12,12.00000,2.00000,0.75000,29000,12.00000,0.00043,0.04620,0.00052,0.00410,0.00410,0.02100
sim1_pm,task003_symmetric,truth,12,12.00000,3.00000,0.75000,29000,12.00000,0.00043,0.04532,0.00053,0.00410,0.00414,0.02083
sim1_pm,task003_symmetric,truth,12,12.00000,6.00000,0.75000,29000,12.00000,0.00015,0.04492,0.00052,0.00400,0.00410,0.02066
sim1_pm,task003_symmetric,truth,12,12.00000,9.00000,0.75000,29000,12.00000,0.00025,0.04379,0.00048,0.00397,0.00366,0.02055
sim1_pm,task003_symmetric,truth,12,24.00000,1.00000,0.75000,29000,23.97862,0.00048,0.00474,0.00048,0.00000,0.00000,0.02497
sim1_pm,task003_symmetric,truth,12,24.00000,2.00000,0.75000,29000,23.97834,0.00049,0.00481,0.00049,0.00000,0.00000,0.02452
sim1_pm,task003_symmetric,truth,12,24.00000,3.00000,0.75000,29000,23.97841,0.00049,0.00477,0.00049,0.00000,0.00000,0.02441
sim1_pm,task003_symmetric,truth,12,24.00000,6.00000,0.75000,29000,23.97852,0.00048,0.00477,0.00048,0.00000,0.00000,0.02421
sim1_pm,task003_symmetric,truth,12,24.00000,9.00000,0.75000,29000,23.97886,0.00047,0.00472,0.00047,0.00000,0.00000,0.02417
sim1_pm,task003_symmetric,truth,3,3.00000,1.00000,1.00000,29000,3.00000,0.00072,0.09916,0.00026,0.01414,0.04838,0.07583
sim1_pm,task003_symmetric,truth,3,3.00000,2.00000,1.00000,29000,3.00000,-0.00029,0.09348,0.00026,0.01234,0.04286,0.06779
sim1_pm,task003_symmetric,truth,3,3.00000,3.00000,1.00000,29000,3.00000,0.00113,0.09058,0.00026,0.01186,0.03766,0.06531
sim1_pm,task003_symmetric,truth,3,3.00000,6.00000,1.00000,29000,3.00000,0.00086,0.09221,0.00027,0.01224,0.04186,0.06738
sim1_pm,task003_symmetric,truth,3,3.00000,9.00000,1.00000,29000,3.00000,0.00024,0.09478,0.00027,0.01241,0.04538,0.06852
sim1_pm,task003_symmetric,truth,3,6.00000,1.00000,1.00000,29000,6.00000,0.00040,0.06596,0.00026,0.01376,0.02128,0.07752
sim1_pm,task003_symmetric,truth,3,6.00000,2.00000,1.00000,29000,6.00000,0.00027,0.06137,0.00026,0.01200,0.01903,0.06879
sim1_pm,task003_symmetric,truth,3,6.00000,3.00000,1.00000,29000,6.00000,-0.00011,0.06084,0.00026,0.01166,0.01921,0.06741
sim1_pm,task003_symmetric,truth,3,6.00000,6.00000,1.00000,29000,6.00000,0.00039,0.06280,0.00027,0.01328,0.02007,0.07010
sim1_pm,task003_symmetric,truth,3,6.00000,9.00000,1.00000,29000,6.00000,0.00037,0.06243,0.00027,0.01348,0.01921,0.07162
sim1_pm,task003_symmetric,truth,3,12.00000,1.00000,1.00000,29000,12.00000,0.00004,0.03911,0.00026,0.01293,0.00624,0.08324
sim1_pm,task003_symmetric,truth,3,12.00000,2.00000,1.00000,29000,12.00000,-0.00003,0.03750,0.00026,0.01059,0.00634,0.07400
sim1_pm,task003_symmetric,truth,3,12.00000,3.00000,1.00000,29000,12.00000,0.00016,0.03773,0.00026,0.01110,0.00617,0.07393
sim1_pm,task003_symmetric,truth,3,12.00000,6.00000,1.00000,29000,12.00000,0.00012,0.03836,0.00026,0.01059,0.00597,0.07572
sim1_pm,task003_symmetric,truth,3,12.00000,9.00000,1.00000,29000,12.00000,-0.00015,0.03784,0.00027,0.01055,0.00659,0.07434
sim1_pm,task003_symmetric,truth,3,24.00000,1.00000,1.00000,29000,23.97945,0.00026,0.00345,0.00026,0.00000,0.00000,0.09517
sim1_pm,task003_symmetric,truth,3,24.00000,2.00000,1.00000,29000,23.97948,0.00026,0.00344,0.00026,0.00000,0.00000,0.09093
sim1_pm,task003_symmetric,truth,3,24.00000,3.00000,1.00000,29000,23.97921,0.00027,0.00348,0.00027,0.00000,0.00000,0.09052
sim1_pm,task003_symmetric,truth,3,24.00000,6.00000,1.00000,29000,23.97928,0.00027,0.00346,0.00027,0.00000,0.00000,0.09293
sim1_pm,task003_symmetric,truth,3,24.00000,9.00000,1.00000,29000,23.97928,0.00027,0.00347,0.00027,0.00000,0.00000,0.08993
sim1_pm,task003_symmetric,truth,6,3.00000,1.00000,1.00000,29000,3.00000,0.00036,0.06859,0.00024,0.00690,0.02355,0.03655
sim1_pm,task003_symmetric,truth,6,3.00000,2.00000,1.00000,29000,3.00000,0.00035,0.06623,0.00024,0.00662,0.02100,0.03441
sim1_pm,task003_symmetric,truth,6,3.00000,3.00000,1.00000,29000,3.00000,0.00018,0.06484,0.00024,0.00600,0.01959,0.03248
sim1_pm,task003_symmetric,truth,6,3.00000,6.00000,1.00000,29000,3.00000,0.00043,0.06544,0.00024,0.00638,0.01986,0.03303
sim1_pm,task003_symmetric,truth,6,3.00000,9.00000,1.00000,29000,3.00000,0.00032,0.06690,0.00024,0.00631,0.02290,0.03331
sim1_pm,task003_symmetric,truth,6,6.00000,1.00000,1.00000,29000,6.00000,0.00035,0.04690,0.00025,0.00797,0.01193,0.03824
sim1_pm,task003_symmetric,truth,6,6.00000,2.00000,1.00000,29000,6.00000,0.00038,0.04405,0.00024,0.00731,0.01000,0.03472
sim1_pm,task003_symmetric,truth,6,6.00000,3.00000,1.00000,29000,6.00000,0.00032,0.04334,0.00024,0.00683,0.00983,0.03314
sim1_pm,task003_symmetric,truth,6,6.00000,6.00000,1.00000,29000,6.00000,0.00045,0.04420,0.00024,0.00686,0.01003,0.03341
sim1_pm,task003_symmetric,truth,6,6.00000,9.00000,1.00000,29000,6.00000,0.00033,0.04410,0.00024,0.00697,0.01093,0.03379
sim1_pm,task003_symmetric,truth,6,12.00000,1.00000,1.00000,29000,12.00000,0.00013,0.02777,0.00025,0.00607,0.00334,0.03969
sim1_pm,task003_symmetric,truth,6,12.00000,2.00000,1.00000,29000,12.00000,0.00008,0.02676,0.00025,0.00507,0.00310,0.03597
sim1_pm,task003_symmetric,truth,6,12.00000,3.00000,1.00000,29000,12.00000,0.00002,0.02635,0.00024,0.00472,0.00297,0.03476
sim1_pm,task003_symmetric,truth,6,12.00000,6.00000,1.00000,29000,12.00000,0.00002,0.02695,0.00024,0.00466,0.00369,0.03514
sim1_pm,task003_symmetric,truth,6,12.00000,9.00000,1.00000,29000,12.00000,-0.00005,0.02658,0.00024,0.00483,0.00300,0.03479
sim1_pm,task003_symmetric,truth,6,24.00000,1.00000,1.00000,29000,23.98321,0.00025,0.00349,0.00025,0.00003,0.00000,0.04507
sim1_pm,task003_symmetric,truth,6,24.00000,2.00000,1.00000,29000,23.98321,0.00025,0.00348,0.00025,0.00003,0.00000,0.04379
sim1_pm,task003_symmetric,truth,6,24.00000,3.00000,1.00000,29000,23.98324,0.00025,0.00348,0.00025,0.00003,0.00000,0.04369
sim1_pm,task003_symmetric,truth,6,24.00000,6.00000,1.00000,29000,23.98324,0.00025,0.00348,0.00025,0.00003,0.00000,0.04362
sim1_pm,task003_symmetric,truth,6,24.00000,9.00000,1.00000,29000,23.98321,0.00025,0.00349,0.00025,0.00003,0.00000,0.04331
sim1_pm,task003_symmetric,truth,12,3.00000,1.00000,1.00000,29000,3.00000,0.00044,0.05309,0.00032,0.00390,0.01403,0.01924
sim1_pm,task003_symmetric,truth,12,3.00000,2.00000,1.00000,29000,3.00000,0.00070,0.05060,0.00032,0.00372,0.01179,0.01872
sim1_pm,task003_symmetric,truth,12,3.00000,3.00000,1.00000,29000,3.00000,0.00056,0.04979,0.00031,0.00372,0.01124,0.01862
sim1_pm,task003_symmetric,truth,12,3.00000,6.00000,1.00000,29000,3.00000,0.00052,0.04939,0.00031,0.00372,0.01072,0.01862
sim1_pm,task003_symmetric,truth,12,3.00000,9.00000,1.00000,29000,3.00000,0.00048,0.04955,0.00031,0.00372,0.01107,0.01862
sim1_pm,task003_symmetric,truth,12,6.00000,1.00000,1.00000,29000,6.00000,0.00045,0.03540,0.00032,0.00466,0.00621,0.01948
sim1_pm,task003_symmetric,truth,12,6.00000,2.00000,1.00000,29000,6.00000,0.00043,0.03425,0.00032,0.00441,0.00552,0.01890
sim1_pm,task003_symmetric,truth,12,6.00000,3.00000,1.00000,29000,6.00000,0.00050,0.03368,0.00032,0.00438,0.00510,0.01886
sim1_pm,task003_symmetric,truth,12,6.00000,6.00000,1.00000,29000,6.00000,0.00048,0.03366,0.00032,0.00438,0.00503,0.01879
sim1_pm,task003_symmetric,truth,12,6.00000,9.00000,1.00000,29000,6.00000,0.00046,0.03346,0.00032,0.00438,0.00500,0.01879
sim1_pm,task003_symmetric,truth,12,12.00000,1.00000,1.00000,29000,12.00000,0.00027,0.02044,0.00032,0.00366,0.00197,0.01948
sim1_pm,task003_symmetric,truth,12,12.00000,2.00000,1.00000,29000,12.00000,0.00020,0.01990,0.00032,0.00359,0.00190,0.01897
sim1_pm,task003_symmetric,truth,12,12.00000,3.00000,1.00000,29000,12.00000,0.00018,0.01964,0.00032,0.00348,0.00176,0.01883
sim1_pm,task003_symmetric,truth,12,12.00000,6.00000,1.00000,29000,12.00000,0.00028,0.01983,0.00032,0.00348,0.00183,0.01879
sim1_pm,task003_symmetric,truth,12,12.00000,9.00000,1.00000,29000,12.00000,0.00026,0.01953,0.00032,0.00348,0.00176,0.01879
sim1_pm,task003_symmetric,truth,12,24.00000,1.00000,1.00000,29000,23.98321,0.00033,0.00407,0.00033,0.00000,0.00000,0.02034
sim1_pm,task003_symmetric,truth,12,24.00000,2.00000,1.00000,29000,23.98324,0.00033,0.00406,0.00033,0.00000,0.00000,0.02007
sim1_pm,task003_symmetric,truth,12,24.00000,3.00000,1.00000,29000,23.98328,0.00033,0.00405,0.00033,0.00000,0.00000,0.02003
sim1_pm,task003_symmetric,truth,12,24.00000,6.00000,1.00000,29000,23.98331,0.00032,0.00405,0.00032,0.00000,0.00000,0.02003
sim1_pm,task003_symmetric,truth,12,24.00000,9.00000,1.00000,29000,23.98331,0.00032,0.00405,0.00032,0.00000,0.00000,0.02003
sim1_pm_post_always,task003_nosolution,false,3,3.00000,1.00000,0.75000,29000,3.00000,0.00165,0.23411,0.00001,0.09983,0.22928,0.48007
sim1_pm_post_always,task003_nosolution,false,3,3.00000,2.00000,0.75000,29000,3.00000,-0.00006,0.23798,0.00002,0.10869,0.21910,0.51786
sim1_pm_post_always,task003_nosolution,false,3,3.00000,3.00000,0.75000,29000,3.00000,0.00059,0.24130,0.00002,0.11776,0.21024,0.54483
sim1_pm_post_always,task003_nosolution,false,3,3.00000,6.00000,0.75000,29000,3.00000,0.00189,0.24470,0.00000,0.12862,0.19472,0.59438
sim1_pm_post_always,task003_nosolution,false,3,3.00000,9.00000,0.75000,29000,3.00000,0.00142,0.26319,-0.00000,0.12917,0.04431,0.91779
sim1_pm_post_always,task003_nosolution,false,3,6.00000,1.00000,0.75000,29000,6.00000,0.00064,0.15639,0.00002,0.11907,0.13514,0.52907
sim1_pm_post_always,task003_nosolution,false,3,6.00000,2.00000,0.75000,29000,6.00000,-0.00023,0.15676,0.00001,0.12328,0.13907,0.54059
sim1_pm_post_always,task003_nosolution,false,3,6.00000,3.00000,0.75000,29000,6.00000,-0.00057,0.15954,0.00001,0.13048,0.12645,0.58766
sim1_pm_post_always,task003_nosolution,false,3,6.00000,6.00000,0.75000,29000,6.00000,-0.00031,0.16081,0.00001,0.13579,0.12034,0.62393
sim1_pm_post_always,task003_nosolution,false,3,6.00000,9.00000,0.75000,29000,6.00000,-0.00132,0.17221,0.00000,0.10455,0.02283,0.93821
sim1_pm_post_always,task003_nosolution,false,3,12.00000,1.00000,0.75000,29000,12.00000,0.00052,0.09158,0.00003,0.11603,0.05952,0.55697
sim1_pm_post_always,task003_nosolution,false,3,12.00000,2.00000,0.75000,29000,12.00000,0.00037,0.09202,0.00001,0.12028,0.05707,0.57583
sim1_pm_post_always,task003_nosolution,false,3,12.00000,3.00000,0.75000,29000,12.00000,-0.00001,0.09407,0.00002,0.12638,0.05334,0.63069
sim1_pm_post_always,task003_nosolution,false,3,12.00000,6.00000,0.75000,29000,12.00000,-0.00005,0.09541,0.00001,0.12948,0.05103,0.67748
sim1_pm_post_always,task003_nosolution,false,3,12.00000,9.00000,0.75000,29000,12.00000,0.00007,0.10090,0.00000,0.07269,0.01028,0.94907
sim1_pm_post_always,task003_nosolution,false,3,24.00000,1.00000,0.75000,29000,23.99879,0.00002,0.00094,0.00002,0.00000,0.00003,0.62172
sim1_pm_post_always,task003_nosolution,false,3,24.00000,2.00000,0.75000,29000,23.99938,0.00001,0.00062,0.00001,0.00000,0.00003,0.62562
sim1_pm_post_always,task003_nosolution,false,3,24.00000,3.00000,0.75000,29000,23.99914,0.00002,0.00084,0.00002,0.00000,0.00003,0.68324
sim1_pm_post_always,task003_nosolution,false,3,24.00000,6.00000,0.75000,29000,23.99962,0.00001,0.00050,0.00001,0.00000,0.00000,0.69448
sim1_pm_post_always,task003_nosolution,false,3,24.00000,9.00000,0.75000,29000,24.00000,0.00000,0.00000,0.00000,0.00000,0.00000,0.95462
sim1_pm_post_always,task003_nosolution,false,6,3.00000,1.00000,0.75000,29000,3.00000,0.00088,0.20652,0.00000,0.05772,0.23600,0.29286
sim1_pm_post_always,task003_nosolution,false,6,3.00000,2.00000,0.75000,29000,3.00000,0.00193,0.21082,0.00000,0.06386,0.24779,0.30821
sim1_pm_post_always,task003_nosolution,false,6,3.00000,3.00000,0.75000,29000,3.00000,0.00295,0.22135,0.00000,0.07879,0.24107,0.36790
sim1_pm_post_always,task003_nosolution,false,6,3.00000,6.00000,0.75000,29000,3.00000,0.00236,0.22356,0.00000,0.08310,0.24007,0.39003
sim1_pm_post_always,task003_nosolution,false,6,3.00000,9.00000,0.75000,29000,3.00000,0.00072,0.25667,0.00000,0.10383,0.06817,0.85859
sim1_pm_post_always,task003_nosolution,false,6,6.00000,1.00000,0.75000,29000,6.00000,-0.00002,0.13820,0.00001,0.06524,0.12952,0.30852
sim1_pm_post_always,task003_nosolution,false,6,6.00000,2.00000,0.75000,29000,6.00000,-0.00066,0.13858,0.00000,0.06921,0.13210,0.31559
sim1_pm_post_always,task003_nosolution,false,6,6.00000,3.00000,0.75000,29000,6.00000,-0.00037,0.14454,0.00000,0.08000,0.13562,0.37886
sim1_pm_post_always,task003_nosolution,false,6,6.00000,6.00000,0.75000,29000,6.00000,-0.00137,0.14883,0.00000,0.08990,0.13752,0.41169
sim1_pm_post_always,task003_nosolution,false,6,6.00000,9.00000,0.75000,29000,6.00000,-0.00032,0.16917,-0.00000,0.08414,0.03359,0.89559
sim1_pm_post_always,task003_nosolution,false,6,12.00000,1.00000,0.75000,29000,12.00000,-0.00034,0.08031,0.00001,0.06559,0.04776,0.32472
sim1_pm_post_always,task003_nosolution,false,6,12.00000,2.00000,0.75000,29000,12.00000,0.00009,0.07981,0.00000,0.06448,0.04528,0.31776
sim1_pm_post_always,task003_nosolution,false,6,12.00000,3.00000,0.75000,29000,12.00000,0.00016,0.08337,0.00001,0.07586,0.04800,0.37955
sim1_pm_post_always,task003_nosolution,false,6,12.00000,6.00000,0.75000,29000,12.00000,-0.00028,0.08516,0.00001,0.08414,0.04866,0.41738
sim1_pm_post_always,task003_nosolution,false,6,12.00000,9.00000,0.75000,29000,12.00000,0.00129,0.09742,0.00000,0.06779,0.01597,0.87497
sim1_pm_post_always,task003_nosolution,false,6,24.00000,1.00000,0.75000,29000,23.99945,0.00001,0.00061,0.00001,0.00000,0.00000,0.32500
sim1_pm_post_always,task003_nosolution,false,6,24.00000,2.00000,0.75000,29000,23.99966,0.00001,0.00055,0.00001,0.00000,0.00000,0.26538
sim1_pm_post_always,task003_nosolution,false,6,24.00000,3.00000,0.75000,29000,23.99972,0.00001,0.00051,0.00001,0.00000,0.00000,0.33086
sim1_pm_post_always,task003_nosolution,false,6,24.00000,6.00000,0.75000,29000,23.99962,0.00001,0.00059,0.00001,0.00000,0.00000,0.33652
sim1_pm_post_always,task003_nosolution,false,6,24.00000,9.00000,0.75000,29000,23.99997,-0.00000,0.00003,-0.00000,0.00000,0.00000,0.81152
sim1_pm_post_always,task003_nosolution,false,12,3.00000,1.00000,0.75000,29000,3.00000,0.00132,0.20659,0.00000,0.06072,0.20593,0.32679
sim1_pm_post_always,task003_nosolution,false,12,3.00000,2.00000,0.75000,29000,3.00000,0.00075,0.21265,0.00001,0.06817,0.21003,0.36497
sim1_pm_post_always,task003_nosolution,false,12,3.00000,3.00000,0.75000,29000,3.00000,0.00346,0.22787,0.00000,0.09166,0.18672,0.49383
sim1_pm_post_always,task003_nosolution,false,12,3.00000,6.00000,0.75000,29000,3.00000,0.00106,0.23348,0.00000,0.09510,0.18203,0.53303
sim1_pm_post_always,task003_nosolution,false,12,3.00000,9.00000,0.75000,29000,3.00000,0.00029,0.24413,0.00000,0.05717,0.03462,0.92334
sim1_pm_post_always,task003_nosolution,false,12,6.00000,1.00000,0.75000,29000,6.00000,-0.00093,0.13642,0.00000,0.06400,0.10697,0.34483
sim1_pm_post_always,task003_nosolution,false,12,6.00000,2.00000,0.75000,29000,6.00000,0.00008,0.13786,0.00000,0.06403,0.10166,0.36359
sim1_pm_post_always,task003_nosolution,false,12,6.00000,3.00000,0.75000,29000,6.00000,-0.00093,0.14786,0.00000,0.08355,0.09941,0.47576
sim1_pm_post_always,task003_nosolution,false,12,6.00000,6.00000,0.75000,29000,6.00000,-0.00075,0.15112,0.00000,0.09010,0.09876,0.51514
sim1_pm_post_always,task003_nosolution,false,12,6.00000,9.00000,0.75000,29000,6.00000,0.00028,0.15662,0.00000,0.04472,0.02362,0.91686
sim1_pm_post_always,task003_nosolution,false,12,12.00000,1.00000,0.75000,29000,12.00000,0.00026,0.07840,0.00000,0.05566,0.03700,0.32283
sim1_pm_post_always,task003_nosolution,false,12,12.00000,2.00000,0.75000,29000,12.00000,-0.00004,0.07637,0.00000,0.05034,0.03331,0.30548
sim1_pm_post_always,task003_nosolution,false,12,12.00000,3.00000,0.75000,29000,12.00000,0.00017,0.08131,0.00000,0.06345,0.03493,0.39759
sim1_pm_post_always,task003_nosolution,false,12,12.00000,6.00000,0.75000,29000,12.00000,0.00027,0.08386,0.00000,0.06734,0.03748,0.43638
sim1_pm_post_always,task003_nosolution,false,12,12.00000,9.00000,0.75000,29000,12.00000,-0.00039,0.09320,0.00000,0.04538,0.01486,0.87534
sim1_pm_post_always,task003_nosolution,false,12,24.00000,1.00000,0.75000,29000,23.99962,0.00001,0.00055,0.00001,0.00000,0.00000,0.26607
sim1_pm_post_always,task003_nosolution,false,12,24.00000,2.00000,0.75000,29000,23.99962,0.00001,0.00063,0.00001,0.00000,0.00000,0.22007
sim1_pm_post_always,task003_nosolution,false,12,24.00000,3.00000,0.75000,29000,23.99959,0.00000,0.00051,0.00000,0.00000,0.00000,0.28610
sim1_pm_post_always,task003_nosolution,false,12,24.00000,6.00000,0.75000,29000,23.99986,-0.00000,0.00019,-0.00000,0.00000,0.00000,0.29369
sim1_pm_post_always,task003_nosolution,false,12,24.00000,9.00000,0.75000,29000,23.99986,0.00000,0.00028,0.00000,0.00000,0.00000,0.75845
sim1_pm_post_always,task003_nosolution,false,3,3.00000,1.00000,1.00000,29000,3.00000,0.00167,0.22356,0.00000,0.07910,0.24545,0.37759
sim1_pm_post_always,task003_nosolution,false,3,3.00000,2.00000,1.00000,29000,3.00000,0.00144,0.24075,0.00000,0.12038,0.17552,0.58672
sim1_pm_post_always,task003_nosolution,false,3,3.00000,3.00000,1.00000,29000,3.00000,0.00023,0.25190,0.00000,0.13338,0.12928,0.72734
sim1_pm_post_always,task003_nosolution,false,3,3.00000,6.00000,1.00000,29000,3.00000,-0.00021,0.25496,0.00000,0.13269,0.11272,0.76510
sim1_pm_post_always,task003_nosolution,false,3,3.00000,9.00000,1.00000,29000,3.00000,0.00056,0.24953,0.00000,0.06276,0.01572,0.96910
sim1_pm_post_always,task003_nosolution,false,3,6.00000,1.00000,1.00000,29000,6.00000,-0.00074,0.14966,0.00000,0.09676,0.12479,0.46600
sim1_pm_post_always,task003_nosolution,false,3,6.00000,2.00000,1.00000,29000,6.00000,-0.00136,0.15751,0.00000,0.10948,0.10090,0.58955
sim1_pm_post_always,task003_nosolution,false,3,6.00000,3.00000,1.00000,29000,6.00000,-0.00021,0.16355,0.00000,0.12369,0.07797,0.71748
sim1_pm_post_always,task003_nosolution,false,3,6.00000,6.00000,1.00000,29000,6.00000,-0.00098,0.16506,0.00000,0.12728,0.07293,0.75403
sim1_pm_post_always,task003_nosolution,false,3,6.00000,9.00000,1.00000,29000,6.00000,-0.00097,0.16104,0.00000,0.04538,0.01038,0.97048
sim1_pm_post_always,task003_nosolution,false,3,12.00000,1.00000,1.00000,29000,12.00000,0.00021,0.08743,0.00000,0.08624,0.05038,0.45734
sim1_pm_post_always,task003_nosolution,false,3,12.00000,2.00000,1.00000,29000,12.00000,0.00006,0.08908,0.00000,0.09069,0.04569,0.52966
sim1_pm_post_always,task003_nosolution,false,3,12.00000,3.00000,1.00000,29000,12.00000,0.00020,0.09243,0.00000,0.10166,0.03797,0.63690
sim1_pm_post_always,task003_nosolution,false,3,12.00000,6.00000,1.00000,29000,12.00000,-0.00004,0.09509,0.00000,0.10552,0.03734,0.68703
sim1_pm_post_always,task003_nosolution,false,3,12.00000,9.00000,1.00000,29000,12.00000,0.00021,0.09481,0.00000,0.03679,0.00669,0.96697
sim1_pm_post_always,task003_nosolution,false,3,24.00000,1.00000,1.00000,29000,24.00000,0.00000,0.00000,0.00000,0.00000,0.00000,0.40359
sim1_pm_post_always,task003_nosolution,false,3,24.00000,2.00000,1.00000,29000,24.00000,0.00000,0.00000,0.00000,0.00000,0.00000,0.42621
sim1_pm_post_always,task003_nosolution,false,3,24.00000,3.00000,1.00000,29000,24.00000,0.00000,0.00000,0.00000,0.00000,0.00000,0.49648
sim1_pm_post_always,task003_nosolution,false,3,24.00000,6.00000,1.00000,29000,24.00000,0.00000,0.00000,0.00000,0.00000,0.00000,0.54707
sim1_pm_post_always,task003_nosolution,false,3,24.00000,9.00000,1.00000,29000,24.00000,0.00000,0.00000,0.00000,0.00000,0.00000,0.93066
sim1_pm_post_always,task003_nosolution,false,6,3.00000,1.00000,1.00000,29000,3.00000,0.00030,0.23103,0.00000,0.09421,0.23134,0.45048
sim1_pm_post_always,task003_nosolution,false,6,3.00000,2.00000,1.00000,29000,3.00000,0.00100,0.24417,0.00000,0.12503,0.13466,0.66624
sim1_pm_post_always,task003_nosolution,false,6,3.00000,3.00000,1.00000,29000,3.00000,0.00146,0.25570,0.00000,0.12869,0.08541,0.80738
sim1_pm_post_always,task003_nosolution,false,6,3.00000,6.00000,1.00000,29000,3.00000,0.00110,0.25917,0.00000,0.12686,0.07169,0.84397
sim1_pm_post_always,task003_nosolution,false,6,3.00000,9.00000,1.00000,29000,3.00000,0.00203,0.24075,0.00000,0.04272,0.01534,0.97152
sim1_pm_post_always,task003_nosolution,false,6,6.00000,1.00000,1.00000,29000,6.00000,-0.00066,0.15512,0.00000,0.10534,0.11776,0.52938
sim1_pm_post_always,task003_nosolution,false,6,6.00000,2.00000,1.00000,29000,6.00000,-0.00015,0.15823,0.00000,0.10369,0.07852,0.64383
sim1_pm_post_always,task003_nosolution,false,6,6.00000,3.00000,1.00000,29000,6.00000,-0.00039,0.16593,0.00000,0.11214,0.05659,0.78541
sim1_pm_post_always,task003_nosolution,false,6,6.00000,6.00000,1.00000,29000,6.00000,-0.00094,0.16834,0.00000,0.11403,0.04907,0.82397
sim1_pm_post_always,task003_nosolution,false,6,6.00000,9.00000,1.00000,29000,6.00000,-0.00049,0.15753,0.00000,0.03259,0.00945,0.97172
sim1_pm_post_always,task003_nosolution,false,6,12.00000,1.00000,1.00000,29000,12.00000,0.00022,0.08876,0.00000,0.09462,0.05862,0.46655
sim1_pm_post_always,task003_nosolution,false,6,12.00000,2.00000,1.00000,29000,12.00000,-0.00012,0.08852,0.00000,0.08134,0.04538,0.49183
sim1_pm_post_always,task003_nosolution,false,6,12.00000,3.00000,1.00000,29000,12.00000,0.00011,0.09288,0.00000,0.08621,0.03824,0.64548
sim1_pm_post_always,task003_nosolution,false,6,12.00000,6.00000,1.00000,29000,12.00000,-0.00022,0.09485,0.00000,0.09048,0.03497,0.69755
sim1_pm_post_always,task003_nosolution,false,6,12.00000,9.00000,1.00000,29000,12.00000,-0.00031,0.09370,0.00000,0.03262,0.00562,0.96083
sim1_pm_post_always,task003_nosolution,false,6,24.00000,1.00000,1.00000,29000,24.00000,0.00000,0.00000,0.00000,0.00000,0.00000,0.35666
sim1_pm_post_always,task003_nosolution,false,6,24.00000,2.00000,1.00000,29000,24.00000,0.00000,0.00000,0.00000,0.00000,0.00000,0.34121
sim1_pm_post_always,task003_nosolution,false,6,24.00000,3.00000,1.00000,29000,24.00000,0.00000,0.00000,0.00000,0.00000,0.00000,0.43659
sim1_pm_post_always,task003_nosolution,false,6,24.00000,6.00000,1.00000,29000,24.00000,0.00000,0.00000,0.00000,0.00000,0.00000,0.47976
sim1_pm_post_always,task003_nosolution,false,6,24.00000,9.00000,1.00000,29000,24.00000,0.00000,0.00000,0.00000,0.00000,0.00000,0.89479
sim1_pm_post_always,task003_nosolution,false,12,3.00000,1.00000,1.00000,29000,3.00000,0.00269,0.23757,0.00000,0.10462,0.20900,0.51903
sim1_pm_post_always,task003_nosolution,false,12,3.00000,2.00000,1.00000,29000,3.00000,0.00166,0.25061,0.00000,0.13638,0.10734,0.73776
sim1_pm_post_always,task003_nosolution,false,12,3.00000,3.00000,1.00000,29000,3.00000,0.00095,0.26098,0.00000,0.13155,0.06128,0.86641
sim1_pm_post_always,task003_nosolution,false,12,3.00000,6.00000,1.00000,29000,3.00000,0.00056,0.26262,0.00000,0.12297,0.04445,0.90055
sim1_pm_post_always,task003_nosolution,false,12,3.00000,9.00000,1.00000,29000,3.00000,0.00215,0.23918,0.00000,0.03555,0.01090,0.97655
sim1_pm_post_always,task003_nosolution,false,12,6.00000,1.00000,1.00000,29000,6.00000,-0.00112,0.15986,0.00000,0.11593,0.10790,0.60624
sim1_pm_post_always,task003_nosolution,false,12,6.00000,2.00000,1.00000,29000,6.00000,-0.00081,0.16188,0.00000,0.10228,0.06586,0.71103
sim1_pm_post_always,task003_nosolution,false,12,6.00000,3.00000,1.00000,29000,6.00000,-0.00109,0.16822,0.00000,0.10638,0.04241,0.83421
sim1_pm_post_always,task003_nosolution,false,12,6.00000,6.00000,1.00000,29000,6.00000,-0.00053,0.16983,0.00000,0.10776,0.03352,0.86952
sim1_pm_post_always,task003_nosolution,false,12,6.00000,9.00000,1.00000,29000,6.00000,-0.00049,0.15615,0.00000,0.02652,0.00790,0.97490
sim1_pm_post_always,task003_nosolution,false,12,12.00000,1.00000,1.00000,29000,12.00000,-0.00031,0.09090,0.00000,0.10766,0.05824,0.53455
sim1_pm_post_always,task003_nosolution,false,12,12.00000,2.00000,1.00000,29000,12.00000,0.00035,0.08957,0.00000,0.09031,0.04879,0.52928
sim1_pm_post_always,task003_nosolution,false,12,12.00000,3.00000,1.00000,29000,12.00000,0.00035,0.09372,0.00000,0.08745,0.03455,0.68138
sim1_pm_post_always,task003_nosolution,false,12,12.00000,6.00000,1.00000,29000,12.00000,0.00040,0.09530,0.00000,0.09262,0.03169,0.72366
sim1_pm_post_always,task003_nosolution,false,12,12.00000,9.00000,1.00000,29000,12.00000,0.00059,0.09351,0.00000,0.03210,0.00586,0.95783
sim1_pm_post_always,task003_nosolution,false,12,24.00000,1.00000,1.00000,29000,24.00000,0.00000,0.00000,0.00000,0.00000,0.00000,0.34669
sim1_pm_post_always,task003_nosolution,false,12,24.00000,2.00000,1.00000,29000,24.00000,0.00000,0.00000,0.00000,0.00000,0.00000,0.31672
sim1_pm_post_always,task003_nosolution,false,12,24.00000,3.00000,1.00000,29000,24.00000,0.00000,0.00000,0.00000,0.00000,0.00000,0.42879
sim1_pm_post_always,task003_nosolution,false,12,24.00000,6.00000,1.00000,29000,24.00000,0.00000,0.00000,0.00000,0.00000,0.00000,0.45631
sim1_pm_post_always,task003_nosolution,false,12,24.00000,9.00000,1.00000,29000,24.00000,0.00000,0.00000,0.00000,0.00000,0.00000,0.85507
sim1_pm_post_always,task003_nosolution,truth,3,3.00000,1.00000,0.75000,29000,3.00000,-0.00282,0.25063,0.00001,0.13555,0.16807,0.67107
sim1_pm_post_always,task003_nosolution,truth,3,3.00000,2.00000,0.75000,29000,3.00000,-0.00013,0.24956,0.00001,0.13934,0.17410,0.64766
sim1_pm_post_always,task003_nosolution,truth,3,3.00000,3.00000,0.75000,29000,3.00000,-0.00246,0.25042,0.00000,0.13797,0.16821,0.66124
sim1_pm_post_always,task003_nosolution,truth,3,3.00000,6.00000,0.75000,29000,3.00000,-0.00132,0.26110,0.00000,0.15055,0.07962,0.85010
sim1_pm_post_always,task003_nosolution,truth,3,3.00000,9.00000,0.75000,29000,3.00000,-0.00091,0.26747,0.00000,0.13593,0.03021,0.94438
sim1_pm_post_always,task003_nosolution,truth,3,6.00000,1.00000,0.75000,29000,6.00000,0.00057,0.16394,0.00001,0.14990,0.10376,0.69972
sim1_pm_post_always,task003_nosolution,truth,3,6.00000,2.00000,0.75000,29000,6.00000,0.00119,0.16480,0.00001,0.15410,0.10786,0.69376
sim1_pm_post_always,task003_nosolution,truth,3,6.00000,3.00000,0.75000,29000,6.00000,0.00023,0.16400,0.00001,0.15103,0.10452,0.69424
sim1_pm_post_always,task003_nosolution,truth,3,6.00000,6.00000,0.75000,29000,6.00000,0.00159,0.17052,0.00001,0.15007,0.05503,0.85524
sim1_pm_post_always,task003_nosolution,truth,3,6.00000,9.00000,0.75000,29000,6.00000,0.00175,0.17416,0.00000,0.12152,0.01941,0.95297
sim1_pm_post_always,task003_nosolution,truth,3,12.00000,1.00000,0.75000,29000,12.00000,-0.00018,0.09731,0.00000,0.14224,0.04755,0.74621
sim1_pm_post_always,task003_nosolution,truth,3,12.00000,2.00000,0.75000,29000,12.00000,-0.00010,0.09574,0.00000,0.14097,0.04883,0.71445
sim1_pm_post_always,task003_nosolution,truth,3,12.00000,3.00000,0.75000,29000,12.00000,-0.00007,0.09607,0.00000,0.14055,0.04859,0.71659
sim1_pm_post_always,task003_nosolution,truth,3,12.00000,6.00000,0.75000,29000,12.00000,-0.00031,0.10006,0.00001,0.11745,0.02210,0.89093
sim1_pm_post_always,task003_nosolution,truth,3,12.00000,9.00000,0.75000,29000,12.00000,0.00006,0.10151,0.00000,0.08348,0.00986,0.96086
sim1_pm_post_always,task003_nosolution,truth,3,24.00000,1.00000,0.75000,29000,23.99969,0.00000,0.00042,0.00000,0.00000,0.00003,0.80000
sim1_pm_post_always,task003_nosolution,truth,3,24.00000,2.00000,0.75000,29000,23.99976,0.00000,0.00042,0.00000,0.00000,0.00000,0.72034
sim1_pm_post_always,task003_nosolution,truth,3,24.00000,3.00000,0.75000,29000,23.99976,0.00001,0.00041,0.00001,0.00000,0.00000,0.80372
sim1_pm_post_always,task003_nosolution,truth,3,24.00000,6.00000,0.75000,29000,23.99983,0.00000,0.00038,0.00000,0.00000,0.00000,0.93362
sim1_pm_post_always,task003_nosolution,truth,3,24.00000,9.00000,0.75000,29000,23.99997,0.00000,0.00017,0.00000,0.00000,0.00000,0.97021
sim1_pm_post_always,task003_nosolution,truth,6,3.00000,1.00000,0.75000,29000,3.00000,-0.00117,0.22548,0.00001,0.08121,0.26231,0.37690
sim1_pm_post_always,task003_nosolution,truth,6,3.00000,2.00000,0.75000,29000,3.00000,-0.00180,0.21211,0.00000,0.05759,0.29410,0.25803
sim1_pm_post_always,task003_nosolution,truth,6,3.00000,3.00000,0.75000,29000,3.00000,-0.00217,0.21190,0.00000,0.05548,0.29183,0.25000
sim1_pm_post_always,task003_nosolution,truth,6,3.00000,6.00000,0.75000,29000,3.00000,-0.00148,0.23020,0.00000,0.09597,0.25345,0.42503
sim1_pm_post_always,task003_nosolution,truth,6,3.00000,9.00000,0.75000,29000,3.00000,-0.00204,0.24517,0.00000,0.12497,0.19138,0.60397
sim1_pm_post_always,task003_nosolution,truth,6,6.00000,1.00000,0.75000,29000,6.00000,0.00050,0.14556,0.00000,0.08610,0.16245,0.35155
sim1_pm_post_always,task003_nosolution,truth,6,6.00000,2.00000,0.75000,29000,6.00000,0.00066,0.14104,0.00000,0.07424,0.17024,0.28393
sim1_pm_post_always,task003_nosolution,truth,6,6.00000,3.00000,0.75000,29000,6.00000,0.00068,0.14034,0.00000,0.07179,0.16828,0.27897
sim1_pm_post_always,task003_nosolution,truth,6,6.00000,6.00000,0.75000,29000,6.00000,0.00081,0.15007,0.00000,0.10745,0.15672,0.42324
sim1_pm_post_always,task003_nosolution,truth,6,6.00000,9.00000,0.75000,29000,6.00000,-0.00003,0.16062,0.00000,0.13721,0.12024,0.62407
sim1_pm_post_always,task003_nosolution,truth,6,12.00000,1.00000,0.75000,29000,12.00000,-0.00015,0.08522,0.00000,0.09266,0.06955,0.35441
sim1_pm_post_always,task003_nosolution,truth,6,12.00000,2.00000,0.75000,29000,12.00000,-0.00020,0.08362,0.00000,0.08307,0.06859,0.30721
sim1_pm_post_always,task003_nosolution,truth,6,12.00000,3.00000,0.75000,29000,12.00000,-0.00008,0.08357,0.00000,0.08521,0.06845,0.31152
sim1_pm_post_always,task003_nosolution,truth,6,12.00000,6.00000,0.75000,29000,12.00000,-0.00008,0.08814,0.00000,0.11076,0.06707,0.45631
sim1_pm_post_always,task003_nosolution,truth,6,12.00000,9.00000,0.75000,29000,12.00000,-0.00011,0.09276,0.00000,0.13021,0.05759,0.60428
sim1_pm_post_always,task003_nosolution,truth,6,24.00000,1.00000,0.75000,29000,23.99986,0.00000,0.00025,0.00000,0.00000,0.00000,0.40621
sim1_pm_post_always,task003_nosolution,truth,6,24.00000,2.00000,0.75000,29000,23.99983,0.00000,0.00042,0.00000,0.00000,0.00000,0.35859
sim1_pm_post_always,task003_nosolution,truth,6,24.00000,3.00000,0.75000,29000,23.99993,0.00000,0.00030,0.00000,0.00000,0.00000,0.44245
sim1_pm_post_always,task003_nosolution,truth,6,24.00000,6.00000,0.75000,29000,23.99997,0.00000,0.00019,0.00000,0.00000,0.00000,0.54831
sim1_pm_post_always,task003_nosolution,truth,6,24.00000,9.00000,0.75000,29000,24.00000,0.00000,0.00000,0.00000,0.00000,0.00000,0.57338
sim1_pm_post_always,task003_nosolution,truth,12,3.00000,1.00000,0.75000,29000,3.00000,-0.00199,0.20985,-0.00000,0.05772,0.25997,0.27107
sim1_pm_post_always,task003_nosolution,truth,12,3.00000,2.00000,0.75000,29000,3.00000,-0.00103,0.18361,0.00000,0.02869,0.25576,0.14010
sim1_pm_post_always,task003_nosolution,truth,12,3.00000,3.00000,0.75000,29000,3.00000,-0.00051,0.17993,-0.00000,0.02593,0.25497,0.12007
sim1_pm_post_always,task003_nosolution,truth,12,3.00000,6.00000,0.75000,29000,3.00000,-0.00103,0.19760,0.00000,0.04190,0.26903,0.18766
sim1_pm_post_always,task003_nosolution,truth,12,3.00000,9.00000,0.75000,29000,3.00000,0.00044,0.21126,0.00000,0.06210,0.27966,0.26217
sim1_pm_post_always,task003_nosolution,truth,12,6.00000,1.00000,0.75000,29000,6.00000,0.00002,0.13130,0.00000,0.04931,0.14469,0.21079
sim1_pm_post_always,task003_nosolution,truth,12,6.00000,2.00000,0.75000,29000,6.00000,0.00122,0.12069,0.00000,0.03197,0.12634,0.13479
sim1_pm_post_always,task003_nosolution,truth,12,6.00000,3.00000,0.75000,29000,6.00000,0.00080,0.11770,0.00000,0.02762,0.12455,0.11628
sim1_pm_post_always,task003_nosolution,truth,12,6.00000,6.00000,0.75000,29000,6.00000,0.00064,0.12478,0.00000,0.04169,0.13631,0.16252
sim1_pm_post_always,task003_nosolution,truth,12,6.00000,9.00000,0.75000,29000,6.00000,0.00016,0.13667,0.00000,0.06693,0.15966,0.25083
sim1_pm_post_always,task003_nosolution,truth,12,12.00000,1.00000,0.75000,29000,12.00000,-0.00001,0.07556,0.00000,0.04500,0.04897,0.18383
sim1_pm_post_always,task003_nosolution,truth,12,12.00000,2.00000,0.75000,29000,12.00000,-0.00067,0.07124,0.00000,0.03193,0.04517,0.12931
sim1_pm_post_always,task003_nosolution,truth,12,12.00000,3.00000,0.75000,29000,12.00000,-0.00043,0.06992,0.00000,0.03021,0.04024,0.11672
sim1_pm_post_always,task003_nosolution,truth,12,12.00000,6.00000,0.75000,29000,12.00000,-0.00051,0.07358,0.00000,0.04145,0.04966,0.15328
sim1_pm_post_always,task003_nosolution,truth,12,12.00000,9.00000,0.75000,29000,12.00000,-0.00039,0.07654,0.00000,0.05003,0.05824,0.18603
sim1_pm_post_always,task003_nosolution,truth,12,24.00000,1.00000,0.75000,29000,23.99990,0.00000,0.00033,0.00000,0.00000,0.00000,0.17779
sim1_pm_post_always,task003_nosolution,truth,12,24.00000,2.00000,0.75000,29000,23.99993,0.00000,0.00031,0.00000,0.00000,0.00000,0.13859
sim1_pm_post_always,task003_nosolution,truth,12,24.00000,3.00000,0.75000,29000,23.99993,0.00000,0.00026,0.00000,0.00000,0.00000,0.15352
sim1_pm_post_always,task003_nosolution,truth,12,24.00000,6.00000,0.75000,29000,23.99997,0.00000,0.00021,0.00000,0.00000,0.00000,0.17072
sim1_pm_post_always,task003_nosolution,truth,12,24.00000,9.00000,0.75000,29000,24.00000,0.00000,0.00000,0.00000,0.00000,0.00000,0.16331
sim1_pm_post_always,task003_nosolution,truth,3,3.00000,1.00000,1.00000,29000,3.00000,-0.00196,0.21309,0.00000,0.06090,0.24969,0.30383
sim1_pm_post_always,task003_nosolution,truth,3,3.00000,2.00000,1.00000,29000,3.00000,-0.00032,0.19148,0.00000,0.03734,0.24700,0.18879
sim1_pm_post_always,task003_nosolution,truth,3,3.00000,3.00000,1.00000,29000,3.00000,-0.00009,0.19222,0.00000,0.03748,0.25034,0.19024
sim1_pm_post_always,task003_nosolution,truth,3,3.00000,6.00000,1.00000,29000,3.00000,-0.00049,0.21524,0.00000,0.06252,0.27297,0.29145
sim1_pm_post_always,task003_nosolution,truth,3,3.00000,9.00000,1.00000,29000,3.00000,-0.00124,0.21799,0.00000,0.06466,0.25572,0.32910
sim1_pm_post_always,task003_nosolution,truth,3,6.00000,1.00000,1.00000,29000,6.00000,-0.00069,0.13077,0.00000,0.04866,0.12910,0.23552
sim1_pm_post_always,task003_nosolution,truth,3,6.00000,2.00000,1.00000,29000,6.00000,-0.00030,0.12271,0.00000,0.03497,0.11652,0.17390
sim1_pm_post_always,task003_nosolution,truth,3,6.00000,3.00000,1.00000,29000,6.00000,0.00048,0.12481,0.00000,0.04066,0.12300,0.19321
sim1_pm_post_always,task003_nosolution,truth,3,6.00000,6.00000,1.00000,29000,6.00000,0.00036,0.13556,0.00000,0.06062,0.14203,0.26528
sim1_pm_post_always,task003_nosolution,truth,3,6.00000,9.00000,1.00000,29000,6.00000,0.00115,0.14309,0.00000,0.07776,0.14628,0.35155
sim1_pm_post_always,task003_nosolution,truth,3,12.00000,1.00000,1.00000,29000,12.00000,-0.00051,0.07299,0.00000,0.03624,0.03831,0.19031
sim1_pm_post_always,task003_nosolution,truth,3,12.00000,2.00000,1.00000,29000,12.00000,-0.00047,0.06966,0.00000,0.03331,0.03193,0.16824
sim1_pm_post_always,task003_nosolution,truth,3,12.00000,3.00000,1.00000,29000,12.00000,-0.00046,0.07210,0.00000,0.03724,0.03814,0.18724
sim1_pm_post_always,task003_nosolution,truth,3,12.00000,6.00000,1.00000,29000,12.00000,-0.00008,0.07725,0.00000,0.05655,0.04714,0.26103
sim1_pm_post_always,task003_nosolution,truth,3,12.00000,9.00000,1.00000,29000,12.00000,-0.00003,0.08078,0.00000,0.06810,0.05200,0.31841
sim1_pm_post_always,task003_nosolution,truth,3,24.00000,1.00000,1.00000,29000,24.00000,0.00000,0.00000,0.00000,0.00000,0.00000,0.18162
sim1_pm_post_always,task003_nosolution,truth,3,24.00000,2.00000,1.00000,29000,24.00000,0.00000,0.00000,0.00000,0.00000,0.00000,0.17190
sim1_pm_post_always,task003_nosolution,truth,3,24.00000,3.00000,1.00000,29000,24.00000,0.00000,0.00000,0.00000,0.00000,0.00000,0.20059
sim1_pm_post_always,task003_nosolution,truth,3,24.00000,6.00000,1.00000,29000,24.00000,0.00000,0.00000,0.00000,0.00000,0.00000,0.25610
sim1_pm_post_always,task003_nosolution,truth,3,24.00000,9.00000,1.00000,29000,24.00000,0.00000,0.00000,0.00000,0.00000,0.00000,0.27172
sim1_pm_post_always,task003_nosolution,truth,6,3.00000,1.00000,1.00000,29000,3.00000,-0.00155,0.20838,0.00000,0.05628,0.26021,0.27314
sim1_pm_post_always,task003_nosolution,truth,6,3.00000,2.00000,1.00000,29000,3.00000,-0.00086,0.18720,0.00000,0.03552,0.25390,0.16434
sim1_pm_post_always,task003_nosolution,truth,6,3.00000,3.00000,1.00000,29000,3.00000,-0.00116,0.18910,0.00000,0.03772,0.25369,0.17031
sim1_pm_post_always,task003_nosolution,truth,6,3.00000,6.00000,1.00000,29000,3.00000,-0.00131,0.20978,0.00000,0.06200,0.27438,0.26500
sim1_pm_post_always,task003_nosolution,truth,6,3.00000,9.00000,1.00000,29000,3.00000,-0.00231,0.21367,0.00000,0.06555,0.27372,0.28334
sim1_pm_post_always,task003_nosolution,truth,6,6.00000,1.00000,1.00000,29000,6.00000,-0.00045,0.12864,0.00000,0.04603,0.13924,0.20383
sim1_pm_post_always,task003_nosolution,truth,6,6.00000,2.00000,1.00000,29000,6.00000,0.00034,0.11846,0.00000,0.03293,0.11890,0.13338
sim1_pm_post_always,task003_nosolution,truth,6,6.00000,3.00000,1.00000,29000,6.00000,0.00006,0.11852,0.00000,0.03390,0.11669,0.14000
sim1_pm_post_always,task003_nosolution,truth,6,6.00000,6.00000,1.00000,29000,6.00000,0.00078,0.12951,0.00000,0.05572,0.13910,0.21359
sim1_pm_post_always,task003_nosolution,truth,6,6.00000,9.00000,1.00000,29000,6.00000,0.00070,0.13660,0.00000,0.07014,0.14983,0.26400
sim1_pm_post_always,task003_nosolution,truth,6,12.00000,1.00000,1.00000,29000,12.00000,-0.00017,0.07245,0.00000,0.03286,0.04169,0.15059
sim1_pm_post_always,task003_nosolution,truth,6,12.00000,2.00000,1.00000,29000,12.00000,-0.00051,0.06728,0.00000,0.02252,0.03214,0.10686
sim1_pm_post_always,task003_nosolution,truth,6,12.00000,3.00000,1.00000,29000,12.00000,-0.00018,0.06665,0.00000,0.02428,0.03038,0.11293
sim1_pm_post_always,task003_nosolution,truth,6,12.00000,6.00000,1.00000,29000,12.00000,-0.00008,0.07081,0.00000,0.04041,0.03745,0.16021
sim1_pm_post_always,task003_nosolution,truth,6,12.00000,9.00000,1.00000,29000,12.00000,0.00006,0.07585,0.00000,0.05310,0.04614,0.21007
sim1_pm_post_always,task003_nosolution,truth,6,24.00000,1.00000,1.00000,29000,24.00000,0.00000,0.00000,0.00000,0.00000,0.00000,0.12938
sim1_pm_post_always,task003_nosolution,truth,6,24.00000,2.00000,1.00000,29000,24.00000,0.00000,0.00000,0.00000,0.00000,0.00000,0.09210
sim1_pm_post_always,task003_nosolution,truth,6,24.00000,3.00000,1.00000,29000,24.00000,0.00000,0.00000,0.00000,0.00000,0.00000,0.10086
sim1_pm_post_always,task003_nosolution,truth,6,24.00000,6.00000,1.00000,29000,24.00000,0.00000,0.00000,0.00000,0.00000,0.00000,0.12383
sim1_pm_post_always,task003_nosolution,truth,6,24.00000,9.00000,1.00000,29000,24.00000,0.00000,0.00000,0.00000,0.00000,0.00000,0.13662
sim1_pm_post_always,task003_nosolution,truth,12,3.00000,1.00000,1.00000,29000,3.00000,-0.00270,0.20852,0.00000,0.05707,0.26538,0.26497
sim1_pm_post_always,task003_nosolution,truth,12,3.00000,2.00000,1.00000,29000,3.00000,-0.00188,0.19504,0.00000,0.04397,0.26790,0.18072
sim1_pm_post_always,task003_nosolution,truth,12,3.00000,3.00000,1.00000,29000,3.00000,-0.00132,0.18918,0.00000,0.04055,0.25169,0.18238
sim1_pm_post_always,task003_nosolution,truth,12,3.00000,6.00000,1.00000,29000,3.00000,-0.00106,0.20999,0.00000,0.06869,0.26907,0.27597
sim1_pm_post_always,task003_nosolution,truth,12,3.00000,9.00000,1.00000,29000,3.00000,-0.00163,0.21100,0.00000,0.06583,0.27590,0.26910
sim1_pm_post_always,task003_nosolution,truth,12,6.00000,1.00000,1.00000,29000,6.00000,-0.00101,0.12876,0.00000,0.04669,0.14286,0.19603
sim1_pm_post_always,task003_nosolution,truth,12,6.00000,2.00000,1.00000,29000,6.00000,0.00013,0.11913,0.00000,0.03224,0.12907,0.12645
sim1_pm_post_always,task003_nosolution,truth,12,6.00000,3.00000,1.00000,29000,6.00000,0.00039,0.11652,0.00000,0.03310,0.11662,0.12586
sim1_pm_post_always,task003_nosolution,truth,12,6.00000,6.00000,1.00000,29000,6.00000,0.00045,0.12541,0.00000,0.05497,0.13786,0.19186
sim1_pm_post_always,task003_nosolution,truth,12,6.00000,9.00000,1.00000,29000,6.00000,0.00018,0.13019,0.00000,0.06162,0.14907,0.21517
sim1_pm_post_always,task003_nosolution,truth,12,12.00000,1.00000,1.00000,29000,12.00000,-0.00043,0.07243,0.00000,0.03400,0.04379,0.14100
sim1_pm_post_always,task003_nosolution,truth,12,12.00000,2.00000,1.00000,29000,12.00000,-0.00046,0.06780,0.00000,0.02072,0.03334,0.08921
sim1_pm_post_always,task003_nosolution,truth,12,12.00000,3.00000,1.00000,29000,12.00000,-0.00009,0.06365,0.00000,0.01707,0.02414,0.07490
sim1_pm_post_always,task003_nosolution,truth,12,12.00000,6.00000,1.00000,29000,12.00000,-0.00031,0.06693,0.00000,0.02507,0.03066,0.10041
sim1_pm_post_always,task003_nosolution,truth,12,12.00000,9.00000,1.00000,29000,12.00000,-0.00028,0.06847,0.00000,0.03003,0.03390,0.11424
sim1_pm_post_always,task003_nosolution,truth,12,24.00000,1.00000,1.00000,29000,24.00000,0.00000,0.00000,0.00000,0.00000,0.00000,0.11438
sim1_pm_post_always,task003_nosolution,truth,12,24.00000,2.00000,1.00000,29000,24.00000,0.00000,0.00000,0.00000,0.00000,0.00000,0.07376
sim1_pm_post_always,task003_nosolution,truth,12,24.00000,3.00000,1.00000,29000,24.00000,0.00000,0.00000,0.00000,0.00000,0.00000,0.05479
sim1_pm_post_always,task003_nosolution,truth,12,24.00000,6.00000,1.00000,29000,24.00000,0.00000,0.00000,0.00000,0.00000,0.00000,0.06186
sim1_pm_post_always,task003_nosolution,truth,12,24.00000,9.00000,1.00000,29000,24.00000,0.00000,0.00000,0.00000,0.00000,0.00000,0.06400
sim1_pm_post_always,task003_symmetric,false,3,3.00000,1.00000,0.75000,29000,3.00000,0.00129,0.25283,0.00001,0.09959,0.07752,0.83514
sim1_pm_post_always,task003_symmetric,false,3,3.00000,2.00000,0.75000,29000,3.00000,0.00123,0.24483,0.00001,0.11000,0.15662,0.65059
sim1_pm_post_always,task003_symmetric,false,3,3.00000,3.00000,0.75000,29000,3.00000,0.00060,0.24214,0.00001,0.10848,0.18172,0.59248
sim1_pm_post_always,task003_symmetric,false,3,3.00000,6.00000,0.75000,29000,3.00000,0.00121,0.24075,0.00001,0.10841,0.19183,0.57259
sim1_pm_post_always,task003_symmetric,false,3,3.00000,9.00000,0.75000,29000,3.00000,0.00068,0.23801,0.00000,0.10441,0.21128,0.53203
sim1_pm_post_always,task003_symmetric,false,3,6.00000,1.00000,0.75000,29000,6.00000,0.00084,0.16627,0.00000,0.10590,0.06714,0.78679
sim1_pm_post_always,task003_symmetric,false,3,6.00000,2.00000,0.75000,29000,6.00000,0.00038,0.16107,0.00001,0.11714,0.10059,0.65979
sim1_pm_post_always,task003_symmetric,false,3,6.00000,3.00000,0.75000,29000,6.00000,-0.00019,0.15979,0.00001,0.11731,0.11266,0.62393
sim1_pm_post_always,task003_symmetric,false,3,6.00000,6.00000,0.75000,29000,6.00000,0.00065,0.15871,0.00001,0.12003,0.11766,0.59907
sim1_pm_post_always,task003_symmetric,false,3,6.00000,9.00000,0.75000,29000,6.00000,-0.00047,0.15633,0.00000,0.11448,0.13538,0.54214
sim1_pm_post_always,task003_symmetric,false,3,12.00000,1.00000,0.75000,29000,12.00000,0.00024,0.09594,0.00001,0.09083,0.03414,0.79224
sim1_pm_post_always,task003_symmetric,false,3,12.00000,2.00000,0.75000,29000,12.00000,0.00027,0.09457,0.00002,0.10772,0.04245,0.70114
sim1_pm_post_always,task003_symmetric,false,3,12.00000,3.00000,0.75000,29000,12.00000,0.00071,0.09348,0.00001,0.10948,0.04769,0.65876
sim1_pm_post_always,task003_symmetric,false,3,12.00000,6.00000,0.75000,29000,12.00000,-0.00007,0.09240,0.00001,0.11324,0.05290,0.62045
sim1_pm_post_always,task003_symmetric,false,3,12.00000,9.00000,0.75000,29000,12.00000,0.00057,0.09127,0.00001,0.11500,0.05707,0.56679
sim1_pm_post_always,task003_symmetric,false,3,24.00000,1.00000,0.75000,29000,23.99990,0.00000,0.00025,0.00000,0.00000,0.00000,0.84752
sim1_pm_post_always,task003_symmetric,false,3,24.00000,2.00000,0.75000,29000,23.99959,0.00001,0.00054,0.00001,0.00000,0.00003,0.73503
sim1_pm_post_always,task003_symmetric,false,3,24.00000,3.00000,0.75000,29000,23.99952,0.00001,0.00054,0.00001,0.00000,0.00003,0.70914
sim1_pm_post_always,task003_symmetric,false,3,24.00000,6.00000,0.75000,29000,23.99955,0.00001,0.00059,0.00001,0.00000,0.00000,0.66393
sim1_pm_post_always,task003_symmetric,false,3,24.00000,9.00000,0.75000,29000,23.99945,0.00001,0.00063,0.00001,0.00000,0.00003,0.56407
sim1_pm_post_always,task003_symmetric,false,6,3.00000,1.00000,0.75000,29000,3.00000,0.00106,0.22462,-0.00000,0.03314,0.01652,0.96348
sim1_pm_post_always,task003_symmetric,false,6,3.00000,2.00000,0.75000,29000,3.00000,0.00120,0.23816,0.00000,0.05476,0.04479,0.88976
sim1_pm_post_always,task003_symmetric,false,6,3.00000,3.00000,0.75000,29000,3.00000,0.00366,0.23873,0.00000,0.06562,0.07207,0.81631
sim1_pm_post_always,task003_symmetric,false,6,3.00000,6.00000,0.75000,29000,3.00000,0.00310,0.24127,-0.00000,0.08483,0.11610,0.70348
sim1_pm_post_always,task003_symmetric,false,6,3.00000,9.00000,0.75000,29000,3.00000,0.00129,0.23704,0.00000,0.09041,0.14814,0.60952
sim1_pm_post_always,task003_symmetric,false,6,6.00000,1.00000,0.75000,29000,6.00000,-0.00032,0.15067,0.00000,0.02917,0.01352,0.94900
sim1_pm_post_always,task003_symmetric,false,6,6.00000,2.00000,0.75000,29000,6.00000,-0.00064,0.15698,0.00000,0.05186,0.03200,0.86531
sim1_pm_post_always,task003_symmetric,false,6,6.00000,3.00000,0.75000,29000,6.00000,0.00038,0.15704,-0.00000,0.05931,0.04334,0.81910
sim1_pm_post_always,task003_symmetric,false,6,6.00000,6.00000,0.75000,29000,6.00000,-0.00014,0.15919,0.00000,0.08597,0.06652,0.71552
sim1_pm_post_always,task003_symmetric,false,6,6.00000,9.00000,0.75000,29000,6.00000,0.00003,0.15647,0.00000,0.09241,0.08466,0.63628
sim1_pm_post_always,task003_symmetric,false,6,12.00000,1.00000,0.75000,29000,12.00000,0.00055,0.08597,0.00000,0.02131,0.00659,0.94121
sim1_pm_post_always,task003_symmetric,false,6,12.00000,2.00000,0.75000,29000,12.00000,0.00077,0.09017,0.00000,0.03659,0.01241,0.88055
sim1_pm_post_always,task003_symmetric,false,6,12.00000,3.00000,0.75000,29000,12.00000,0.00089,0.09104,0.00000,0.04159,0.01459,0.86717
sim1_pm_post_always,task003_symmetric,false,6,12.00000,6.00000,0.75000,29000,12.00000,0.00067,0.09375,0.00000,0.07000,0.02562,0.76303
sim1_pm_post_always,task003_symmetric,false,6,12.00000,9.00000,0.75000,29000,12.00000,0.00035,0.09192,0.00000,0.08445,0.03507,0.66793
sim1_pm_post_always,task003_symmetric,false,6,24.00000,1.00000,0.75000,29000,24.00000,0.00000,0.00000,0.00000,0.00000,0.00000,0.96266
sim1_pm_post_always,task003_symmetric,false,6,24.00000,2.00000,0.75000,29000,23.99997,0.00000,0.00000,0.00000,0.00000,0.00000,0.92317
sim1_pm_post_always,task003_symmetric,false,6,24.00000,3.00000,0.75000,29000,23.99986,0.00000,0.00032,0.00000,0.00000,0.00000,0.92014
sim1_pm_post_always,task003_symmetric,false,6,24.00000,6.00000,0.75000,29000,23.99993,-0.00000,0.00002,-0.00000,0.00000,0.00000,0.76831
sim1_pm_post_always,task003_symmetric,false,6,24.00000,9.00000,0.75000,29000,23.99997,0.00000,0.00017,0.00000,0.00000,0.00000,0.65245
sim1_pm_post_always,task003_symmetric,false,12,3.00000,1.00000,0.75000,29000,3.00000,0.00073,0.15359,-0.00000,0.00441,0.00197,0.99569
sim1_pm_post_always,task003_symmetric,false,12,3.00000,2.00000,0.75000,29000,3.00000,-0.00104,0.16710,-0.00000,0.00655,0.00386,0.99055
sim1_pm_post_always,task003_symmetric,false,12,3.00000,3.00000,0.75000,29000,3.00000,-0.00072,0.16765,-0.00000,0.00748,0.00586,0.98269
sim1_pm_post_always,task003_symmetric,false,12,3.00000,6.00000,0.75000,29000,3.00000,-0.00066,0.17734,-0.00000,0.01069,0.00621,0.98228
sim1_pm_post_always,task003_symmetric,false,12,3.00000,9.00000,0.75000,29000,3.00000,-0.00012,0.19246,-0.00000,0.01607,0.01221,0.96631
sim1_pm_post_always,task003_symmetric,false,12,6.00000,1.00000,0.75000,29000,6.00000,-0.00077,0.10378,0.00000,0.00314,0.00155,0.99538
sim1_pm_post_always,task003_symmetric,false,12,6.00000,2.00000,0.75000,29000,6.00000,-0.00083,0.10961,0.00000,0.00407,0.00297,0.98831
sim1_pm_post_always,task003_symmetric,false,12,6.00000,3.00000,0.75000,29000,6.00000,-0.00079,0.11090,-0.00000,0.00624,0.00397,0.98179
sim1_pm_post_always,task003_symmetric,false,12,6.00000,6.00000,0.75000,29000,6.00000,-0.00113,0.11554,0.00000,0.00717,0.00507,0.97683
sim1_pm_post_always,task003_symmetric,false,12,6.00000,9.00000,0.75000,29000,6.00000,-0.00028,0.12595,0.00000,0.01176,0.00617,0.97200
sim1_pm_post_always,task003_symmetric,false,12,12.00000,1.00000,0.75000,29000,12.00000,0.00025,0.05676,0.00000,0.00221,0.00086,0.99500
sim1_pm_post_always,task003_symmetric,false,12,12.00000,2.00000,0.75000,29000,12.00000,0.00030,0.06205,0.00000,0.00262,0.00110,0.99045
sim1_pm_post_always,task003_symmetric,false,12,12.00000,3.00000,0.75000,29000,12.00000,0.00057,0.06129,0.00000,0.00372,0.00138,0.98366
sim1_pm_post_always,task003_symmetric,false,12,12.00000,6.00000,0.75000,29000,12.00000,0.00007,0.06515,0.00000,0.00476,0.00193,0.97890
sim1_pm_post_always,task003_symmetric,false,12,12.00000,9.00000,0.75000,29000,12.00000,0.00004,0.07210,0.00000,0.00790,0.00317,0.97355
sim1_pm_post_always,task003_symmetric,false,12,24.00000,1.00000,0.75000,29000,24.00000,0.00000,0.00000,0.00000,0.00000,0.00000,0.99503
sim1_pm_post_always,task003_symmetric,false,12,24.00000,2.00000,0.75000,29000,24.00000,0.00000,0.00000,0.00000,0.00000,0.00000,0.99455
sim1_pm_post_always,task003_symmetric,false,12,24.00000,3.00000,0.75000,29000,24.00000,0.00000,0.00000,0.00000,0.00000,0.00000,0.98959
sim1_pm_post_always,task003_symmetric,false,12,24.00000,6.00000,0.75000,29000,24.00000,0.00000,0.00000,0.00000,0.00000,0.00000,0.98783
sim1_pm_post_always,task003_symmetric,false,12,24.00000,9.00000,0.75000,29000,24.00000,0.00000,0.00000,0.00000,0.00000,0.00000,0.97752
sim1_pm_post_always,task003_symmetric,false,3,3.00000,1.00000,1.00000,29000,3.00000,-0.00002,0.12455,0.00000,0.00872,0.00090,0.99838
sim1_pm_post_always,task003_symmetric,false,3,3.00000,2.00000,1.00000,29000,3.00000,0.00160,0.13744,0.00000,0.01490,0.00279,0.99452
sim1_pm_post_always,task003_symmetric,false,3,3.00000,3.00000,1.00000,29000,3.00000,0.00045,0.14289,0.00000,0.01828,0.00452,0.99179
sim1_pm_post_always,task003_symmetric,false,3,3.00000,6.00000,1.00000,29000,3.00000,0.00103,0.15199,0.00000,0.02007,0.00431,0.99145
sim1_pm_post_always,task003_symmetric,false,3,3.00000,9.00000,1.00000,29000,3.00000,-0.00031,0.16531,0.00000,0.02421,0.00597,0.98755
sim1_pm_post_always,task003_symmetric,false,3,6.00000,1.00000,1.00000,29000,6.00000,0.00075,0.08259,0.00000,0.00603,0.00069,0.99797
sim1_pm_post_always,task003_symmetric,false,3,6.00000,2.00000,1.00000,29000,6.00000,0.00015,0.08984,0.00000,0.01172,0.00290,0.99248
sim1_pm_post_always,task003_symmetric,false,3,6.00000,3.00000,1.00000,29000,6.00000,0.00047,0.09445,0.00000,0.01476,0.00379,0.98938
sim1_pm_post_always,task003_symmetric,false,3,6.00000,6.00000,1.00000,29000,6.00000,0.00091,0.10060,0.00000,0.01638,0.00438,0.98779
sim1_pm_post_always,task003_symmetric,false,3,6.00000,9.00000,1.00000,29000,6.00000,-0.00006,0.10770,0.00000,0.02045,0.00452,0.98583
sim1_pm_post_always,task003_symmetric,false,3,12.00000,1.00000,1.00000,29000,12.00000,-0.00010,0.04849,0.00000,0.00369,0.00041,0.99741
sim1_pm_post_always,task003_symmetric,false,3,12.00000,2.00000,1.00000,29000,12.00000,0.00016,0.05327,0.00000,0.00859,0.00103,0.99345
sim1_pm_post_always,task003_symmetric,false,3,12.00000,3.00000,1.00000,29000,12.00000,-0.00000,0.05433,0.00000,0.01021,0.00186,0.99014
sim1_pm_post_always,task003_symmetric,false,3,12.00000,6.00000,1.00000,29000,12.00000,0.00028,0.05816,0.00000,0.01238,0.00217,0.98872
sim1_pm_post_always,task003_symmetric,false,3,12.00000,9.00000,1.00000,29000,12.00000,-0.00012,0.06338,0.00000,0.01466,0.00228,0.98645
sim1_pm_post_always,task003_symmetric,false,3,24.00000,1.00000,1.00000,29000,24.00000,0.00000,0.00000,0.00000,0.00000,0.00000,0.99814
sim1_pm_post_always,task003_symmetric,false,3,24.00000,2.00000,1.00000,29000,24.00000,0.00000,0.00000,0.00000,0.00000,0.00000,0.99379
sim1_pm_post_always,task003_symmetric,false,3,24.00000,3.00000,1.00000,29000,24.00000,0.00000,0.00000,0.00000,0.00000,0.00000,0.99252
sim1_pm_post_always,task003_symmetric,false,3,24.00000,6.00000,1.00000,29000,24.00000,0.00000,0.00000,0.00000,0.00000,0.00000,0.99303
sim1_pm_post_always,task003_symmetric,false,3,24.00000,9.00000,1.00000,29000,24.00000,0.00000,0.00000,0.00000,0.00000,0.00000,0.98903
sim1_pm_post_always,task003_symmetric,false,6,3.00000,1.00000,1.00000,29000,3.00000,0.00007,0.07585,0.00000,0.00283,0.00031,0.99938
sim1_pm_post_always,task003_symmetric,false,6,3.00000,2.00000,1.00000,29000,3.00000,-0.00059,0.08337,0.00000,0.00397,0.00114,0.99769
sim1_pm_post_always,task003_symmetric,false,6,3.00000,3.00000,1.00000,29000,3.00000,0.00048,0.08830,0.00000,0.00548,0.00186,0.99562
sim1_pm_post_always,task003_symmetric,false,6,3.00000,6.00000,1.00000,29000,3.00000,-0.00022,0.09417,0.00000,0.00555,0.00238,0.99531
sim1_pm_post_always,task003_symmetric,false,6,3.00000,9.00000,1.00000,29000,3.00000,0.00006,0.10063,0.00000,0.00662,0.00197,0.99648
sim1_pm_post_always,task003_symmetric,false,6,6.00000,1.00000,1.00000,29000,6.00000,-0.00001,0.05143,0.00000,0.00128,0.00024,0.99924
sim1_pm_post_always,task003_symmetric,false,6,6.00000,2.00000,1.00000,29000,6.00000,-0.00007,0.05681,0.00000,0.00303,0.00097,0.99662
sim1_pm_post_always,task003_symmetric,false,6,6.00000,3.00000,1.00000,29000,6.00000,0.00002,0.05941,0.00000,0.00445,0.00134,0.99493
sim1_pm_post_always,task003_symmetric,false,6,6.00000,6.00000,1.00000,29000,6.00000,-0.00006,0.06375,0.00000,0.00548,0.00193,0.99359
sim1_pm_post_always,task003_symmetric,false,6,6.00000,9.00000,1.00000,29000,6.00000,-0.00032,0.06947,0.00000,0.00586,0.00172,0.99455
sim1_pm_post_always,task003_symmetric,false,6,12.00000,1.00000,1.00000,29000,12.00000,0.00022,0.02977,0.00000,0.00107,0.00007,0.99931
sim1_pm_post_always,task003_symmetric,false,6,12.00000,2.00000,1.00000,29000,12.00000,0.00003,0.03235,0.00000,0.00234,0.00041,0.99679
sim1_pm_post_always,task003_symmetric,false,6,12.00000,3.00000,1.00000,29000,12.00000,0.00034,0.03335,0.00000,0.00341,0.00052,0.99617
sim1_pm_post_always,task003_symmetric,false,6,12.00000,6.00000,1.00000,29000,12.00000,0.00017,0.03613,0.00000,0.00359,0.00045,0.99545
sim1_pm_post_always,task003_symmetric,false,6,12.00000,9.00000,1.00000,29000,12.00000,-0.00001,0.03840,0.00000,0.00355,0.00083,0.99486
sim1_pm_post_always,task003_symmetric,false,6,24.00000,1.00000,1.00000,29000,24.00000,0.00000,0.00000,0.00000,0.00000,0.00000,0.99921
sim1_pm_post_always,task003_symmetric,false,6,24.00000,2.00000,1.00000,29000,24.00000,0.00000,0.00000,0.00000,0.00000,0.00000,0.99721
sim1_pm_post_always,task003_symmetric,false,6,24.00000,3.00000,1.00000,29000,24.00000,0.00000,0.00000,0.00000,0.00000,0.00000,0.99752
sim1_pm_post_always,task003_symmetric,false,6,24.00000,6.00000,1.00000,29000,24.00000,0.00000,0.00000,0.00000,0.00000,0.00000,0.99710
sim1_pm_post_always,task003_symmetric,false,6,24.00000,9.00000,1.00000,29000,24.00000,0.00000,0.00000,0.00000,0.00000,0.00000,0.99624
sim1_pm_post_always,task003_symmetric,false,12,3.00000,1.00000,1.00000,29000,3.00000,-0.00004,0.05130,0.00000,0.00103,0.00034,0.99948
sim1_pm_post_always,task003_symmetric,false,12,3.00000,2.00000,1.00000,29000,3.00000,-0.00025,0.05382,0.00000,0.00124,0.00038,0.99924
sim1_pm_post_always,task003_symmetric,false,12,3.00000,3.00000,1.00000,29000,3.00000,0.00006,0.05590,0.00000,0.00134,0.00069,0.99852
sim1_pm_post_always,task003_symmetric,false,12,3.00000,6.00000,1.00000,29000,3.00000,-0.00047,0.05680,0.00000,0.00172,0.00086,0.99845
sim1_pm_post_always,task003_symmetric,false,12,3.00000,9.00000,1.00000,29000,3.00000,-0.00028,0.06101,0.00000,0.00207,0.00103,0.99834
sim1_pm_post_always,task003_symmetric,false,12,6.00000,1.00000,1.00000,29000,6.00000,-0.00010,0.03381,0.00000,0.00055,0.00031,0.99955
sim1_pm_post_always,task003_symmetric,false,12,6.00000,2.00000,1.00000,29000,6.00000,0.00014,0.03578,0.00000,0.00083,0.00038,0.99900
sim1_pm_post_always,task003_symmetric,false,12,6.00000,3.00000,1.00000,29000,6.00000,0.00014,0.03683,0.00000,0.00114,0.00052,0.99852
sim1_pm_post_always,task003_symmetric,false,12,6.00000,6.00000,1.00000,29000,6.00000,0.00031,0.03772,0.00000,0.00128,0.00066,0.99803
sim1_pm_post_always,task003_symmetric,false,12,6.00000,9.00000,1.00000,29000,6.00000,0.00008,0.03945,0.00000,0.00131,0.00079,0.99797
sim1_pm_post_always,task003_symmetric,false,12,12.00000,1.00000,1.00000,29000,12.00000,0.00012,0.01961,0.00000,0.00048,0.00007,0.99945
sim1_pm_post_always,task003_symmetric,false,12,12.00000,2.00000,1.00000,29000,12.00000,0.00009,0.02077,0.00000,0.00048,0.00007,0.99893
sim1_pm_post_always,task003_symmetric,false,12,12.00000,3.00000,1.00000,29000,12.00000,0.00018,0.02060,0.00000,0.00076,0.00010,0.99862
sim1_pm_post_always,task003_symmetric,false,12,12.00000,6.00000,1.00000,29000,12.00000,0.00020,0.02147,0.00000,0.00083,0.00028,0.99821
sim1_pm_post_always,task003_symmetric,false,12,12.00000,9.00000,1.00000,29000,12.00000,0.00014,0.02253,0.00000,0.00086,0.00031,0.99824
sim1_pm_post_always,task003_symmetric,false,12,24.00000,1.00000,1.00000,29000,24.00000,0.00000,0.00000,0.00000,0.00000,0.00000,0.99952
sim1_pm_post_always,task003_symmetric,false,12,24.00000,2.00000,1.00000,29000,24.00000,0.00000,0.00000,0.00000,0.00000,0.00000,0.99914
sim1_pm_post_always,task003_symmetric,false,12,24.00000,3.00000,1.00000,29000,24.00000,0.00000,0.00000,0.00000,0.00000,0.00000,0.99900
sim1_pm_post_always,task003_symmetric,false,12,24.00000,6.00000,1.00000,29000,24.00000,0.00000,0.00000,0.00000,0.00000,0.00000,0.99886
sim1_pm_post_always,task003_symmetric,false,12,24.00000,9.00000,1.00000,29000,24.00000,0.00000,0.00000,0.00000,0.00000,0.00000,0.99886
sim1_pm_post_always,task003_symmetric,truth,3,3.00000,1.00000,0.75000,29000,3.00000,-0.00100,0.21247,0.00002,0.05534,0.29641,0.23662
sim1_pm_post_always,task003_symmetric,truth,3,3.00000,2.00000,0.75000,29000,3.00000,-0.00134,0.20024,0.00002,0.03621,0.30114,0.15834
sim1_pm_post_always,task003_symmetric,truth,3,3.00000,3.00000,0.75000,29000,3.00000,0.00039,0.19714,0.00001,0.03314,0.29766,0.14397
sim1_pm_post_always,task003_symmetric,truth,3,3.00000,6.00000,0.75000,29000,3.00000,-0.00205,0.19973,0.00000,0.03586,0.30521,0.15803
sim1_pm_post_always,task003_symmetric,truth,3,3.00000,9.00000,0.75000,29000,3.00000,-0.00128,0.20344,0.00001,0.04131,0.30790,0.17231
sim1_pm_post_always,task003_symmetric,truth,3,6.00000,1.00000,0.75000,29000,6.00000,0.00144,0.13936,0.00003,0.06821,0.17103,0.24976
sim1_pm_post_always,task003_symmetric,truth,3,6.00000,2.00000,0.75000,29000,6.00000,0.00058,0.13418,0.00002,0.05072,0.16817,0.19345
sim1_pm_post_always,task003_symmetric,truth,3,6.00000,3.00000,0.75000,29000,6.00000,0.00041,0.13396,0.00002,0.04810,0.16755,0.18555
sim1_pm_post_always,task003_symmetric,truth,3,6.00000,6.00000,0.75000,29000,6.00000,0.00037,0.13511,0.00001,0.05166,0.17252,0.19379
sim1_pm_post_always,task003_symmetric,truth,3,6.00000,9.00000,0.75000,29000,6.00000,-0.00054,0.13534,0.00001,0.05321,0.17745,0.19659
sim1_pm_post_always,task003_symmetric,truth,3,12.00000,1.00000,0.75000,29000,12.00000,-0.00002,0.08445,0.00003,0.06252,0.05207,0.30434
sim1_pm_post_always,task003_symmetric,truth,3,12.00000,2.00000,0.75000,29000,12.00000,-0.00049,0.08213,0.00002,0.05414,0.05210,0.26290
sim1_pm_post_always,task003_symmetric,truth,3,12.00000,3.00000,0.75000,29000,12.00000,-0.00034,0.08251,0.00002,0.05410,0.05321,0.26069
sim1_pm_post_always,task003_symmetric,truth,3,12.00000,6.00000,0.75000,29000,12.00000,-0.00038,0.08174,0.00003,0.05810,0.05479,0.25845
sim1_pm_post_always,task003_symmetric,truth,3,12.00000,9.00000,0.75000,29000,12.00000,-0.00015,0.08180,0.00002,0.05603,0.05476,0.24600
sim1_pm_post_always,task003_symmetric,truth,3,24.00000,1.00000,0.75000,29000,23.99717,0.00005,0.00139,0.00005,0.00000,0.00007,0.42252
sim1_pm_post_always,task003_symmetric,truth,3,24.00000,2.00000,0.75000,29000,23.99776,0.00004,0.00127,0.00004,0.00000,0.00003,0.40231
sim1_pm_post_always,task003_symmetric,truth,3,24.00000,3.00000,0.75000,29000,23.99759,0.00003,0.00122,0.00003,0.00000,0.00003,0.38328
sim1_pm_post_always,task003_symmetric,truth,3,24.00000,6.00000,0.75000,29000,23.99793,0.00004,0.00123,0.00004,0.00000,0.00003,0.35179
sim1_pm_post_always,task003_symmetric,truth,3,24.00000,9.00000,0.75000,29000,23.99790,0.00004,0.00121,0.00004,0.00000,0.00003,0.34334
sim1_pm_post_always,task003_symmetric,truth,6,3.00000,1.00000,0.75000,29000,3.00000,-0.00081,0.14826,0.00001,0.01083,0.18900,0.05324
sim1_pm_post_always,task003_symmetric,truth,6,3.00000,2.00000,0.75000,29000,3.00000,-0.00135,0.13173,0.00001,0.00772,0.15145,0.04159
sim1_pm_post_always,task003_symmetric,truth,6,3.00000,3.00000,0.75000,29000,3.00000,-0.00000,0.12558,0.00001,0.00700,0.13341,0.03834
sim1_pm_post_always,task003_symmetric,truth,6,3.00000,6.00000,0.75000,29000,3.00000,0.00009,0.12423,0.00000,0.00690,0.13310,0.03814
sim1_pm_post_always,task003_symmetric,truth,6,3.00000,9.00000,0.75000,29000,3.00000,-0.00093,0.12668,0.00000,0.00738,0.13714,0.03952
sim1_pm_post_always,task003_symmetric,truth,6,6.00000,1.00000,0.75000,29000,6.00000,0.00097,0.09987,0.00000,0.01407,0.07734,0.05769
sim1_pm_post_always,task003_symmetric,truth,6,6.00000,2.00000,0.75000,29000,6.00000,0.00068,0.09293,0.00000,0.01021,0.05983,0.04566
sim1_pm_post_always,task003_symmetric,truth,6,6.00000,3.00000,0.75000,29000,6.00000,0.00023,0.09041,0.00002,0.00945,0.05307,0.04193
sim1_pm_post_always,task003_symmetric,truth,6,6.00000,6.00000,0.75000,29000,6.00000,0.00086,0.09050,0.00001,0.00948,0.05231,0.04255
sim1_pm_post_always,task003_symmetric,truth,6,6.00000,9.00000,0.75000,29000,6.00000,0.00031,0.08905,0.00000,0.00952,0.04945,0.04290
sim1_pm_post_always,task003_symmetric,truth,6,12.00000,1.00000,0.75000,29000,12.00000,-0.00072,0.06311,0.00002,0.01324,0.01914,0.06948
sim1_pm_post_always,task003_symmetric,truth,6,12.00000,2.00000,0.75000,29000,12.00000,0.00002,0.05923,0.00002,0.00934,0.01379,0.05493
sim1_pm_post_always,task003_symmetric,truth,6,12.00000,3.00000,0.75000,29000,12.00000,-0.00015,0.05774,0.00001,0.00845,0.01238,0.05197
sim1_pm_post_always,task003_symmetric,truth,6,12.00000,6.00000,0.75000,29000,12.00000,-0.00043,0.05739,0.00002,0.00845,0.01272,0.05272
sim1_pm_post_always,task003_symmetric,truth,6,12.00000,9.00000,0.75000,29000,12.00000,0.00014,0.05522,0.00001,0.00845,0.01079,0.05024
sim1_pm_post_always,task003_symmetric,truth,6,24.00000,1.00000,0.75000,29000,23.99903,0.00002,0.00091,0.00002,0.00000,0.00003,0.11203
sim1_pm_post_always,task003_symmetric,truth,6,24.00000,2.00000,0.75000,29000,23.99910,0.00002,0.00093,0.00002,0.00000,0.00003,0.10600
sim1_pm_post_always,task003_symmetric,truth,6,24.00000,3.00000,0.75000,29000,23.99903,0.00002,0.00088,0.00002,0.00000,0.00003,0.10434
sim1_pm_post_always,task003_symmetric,truth,6,24.00000,6.00000,0.75000,29000,23.99924,0.00002,0.00080,0.00002,0.00000,0.00003,0.10231
sim1_pm_post_always,task003_symmetric,truth,6,24.00000,9.00000,0.75000,29000,23.99921,0.00002,0.00080,0.00002,0.00000,0.00003,0.10048
sim1_pm_post_always,task003_symmetric,truth,12,3.00000,1.00000,0.75000,29000,3.00000,0.00053,0.10912,0.00001,0.00400,0.10721,0.02048
sim1_pm_post_always,task003_symmetric,truth,12,3.00000,2.00000,0.75000,29000,3.00000,0.00002,0.10026,0.00001,0.00372,0.08938,0.01941
sim1_pm_post_always,task003_symmetric,truth,12,3.00000,3.00000,0.75000,29000,3.00000,-0.00028,0.09495,0.00001,0.00372,0.07838,0.01900
sim1_pm_post_always,task003_symmetric,truth,12,3.00000,6.00000,0.75000,29000,3.00000,-0.00036,0.08854,0.00001,0.00366,0.06717,0.01886
sim1_pm_post_always,task003_symmetric,truth,12,3.00000,9.00000,0.75000,29000,3.00000,0.00051,0.08632,0.00001,0.00366,0.06245,0.01886
sim1_pm_post_always,task003_symmetric,truth,12,6.00000,1.00000,0.75000,29000,6.00000,0.00032,0.07776,0.00001,0.00503,0.03297,0.02134
sim1_pm_post_always,task003_symmetric,truth,12,6.00000,2.00000,0.75000,29000,6.00000,0.00040,0.07273,0.00001,0.00445,0.02676,0.02024
sim1_pm_post_always,task003_symmetric,truth,12,6.00000,3.00000,0.75000,29000,6.00000,0.00022,0.07014,0.00001,0.00424,0.02355,0.01969
sim1_pm_post_always,task003_symmetric,truth,12,6.00000,6.00000,0.75000,29000,6.00000,0.00039,0.06861,0.00001,0.00424,0.02255,0.01962
sim1_pm_post_always,task003_symmetric,truth,12,6.00000,9.00000,0.75000,29000,6.00000,0.00054,0.06638,0.00001,0.00421,0.02000,0.01955
sim1_pm_post_always,task003_symmetric,truth,12,12.00000,1.00000,0.75000,29000,12.00000,-0.00001,0.04775,0.00001,0.00390,0.00534,0.02166
sim1_pm_post_always,task003_symmetric,truth,12,12.00000,2.00000,0.75000,29000,12.00000,-0.00001,0.04617,0.00001,0.00366,0.00459,0.02045
sim1_pm_post_always,task003_symmetric,truth,12,12.00000,3.00000,0.75000,29000,12.00000,-0.00011,0.04538,0.00001,0.00369,0.00448,0.02014
sim1_pm_post_always,task003_symmetric,truth,12,12.00000,6.00000,0.75000,29000,12.00000,-0.00025,0.04483,0.00001,0.00359,0.00452,0.01997
sim1_pm_post_always,task003_symmetric,truth,12,12.00000,9.00000,0.75000,29000,12.00000,0.00001,0.04361,0.00001,0.00355,0.00410,0.01993
sim1_pm_post_always,task003_symmetric,truth,12,24.00000,1.00000,0.75000,29000,23.99945,0.00001,0.00070,0.00001,0.00000,0.00000,0.02455
sim1_pm_post_always,task003_symmetric,truth,12,24.00000,2.00000,0.75000,29000,23.99941,0.00001,0.00074,0.00001,0.00000,0.00000,0.02417
sim1_pm_post_always,task003_symmetric,truth,12,24.00000,3.00000,0.75000,29000,23.99945,0.00001,0.00066,0.00001,0.00000,0.00000,0.02417
sim1_pm_post_always,task003_symmetric,truth,12,24.00000,6.00000,0.75000,29000,23.99945,0.00001,0.00070,0.00001,0.00000,0.00000,0.02379
sim1_pm_post_always,task003_symmetric,truth,12,24.00000,9.00000,0.75000,29000,23.99945,0.00001,0.00070,0.00001,0.00000,0.00000,0.02376
sim1_pm_post_always,task003_symmetric,truth,3,3.00000,1.00000,1.00000,29000,3.00000,0.00034,0.09930,0.00000,0.01366,0.04752,0.07524
sim1_pm_post_always,task003_symmetric,truth,3,3.00000,2.00000,1.00000,29000,3.00000,-0.00070,0.09300,0.00000,0.01179,0.04248,0.06759
sim1_pm_post_always,task003_symmetric,truth,3,3.00000,3.00000,1.00000,29000,3.00000,0.00020,0.08975,0.00000,0.01076,0.03772,0.06534
sim1_pm_post_always,task003_symmetric,truth,3,3.00000,6.00000,1.00000,29000,3.00000,0.00025,0.09199,0.00000,0.01252,0.04248,0.06821
sim1_pm_post_always,task003_symmetric,truth,3,3.00000,9.00000,1.00000,29000,3.00000,-0.00066,0.09463,0.00000,0.01248,0.04676,0.06910
sim1_pm_post_always,task003_symmetric,truth,3,6.00000,1.00000,1.00000,29000,6.00000,0.00024,0.06616,0.00000,0.01366,0.02252,0.07810
sim1_pm_post_always,task003_symmetric,truth,3,6.00000,2.00000,1.00000,29000,6.00000,-0.00006,0.06141,0.00000,0.01207,0.02017,0.06910
sim1_pm_post_always,task003_symmetric,truth,3,6.00000,3.00000,1.00000,29000,6.00000,0.00016,0.06134,0.00000,0.01210,0.01921,0.06728
sim1_pm_post_always,task003_symmetric,truth,3,6.00000,6.00000,1.00000,29000,6.00000,0.00024,0.06292,0.00000,0.01314,0.02017,0.07107
sim1_pm_post_always,task003_symmetric,truth,3,6.00000,9.00000,1.00000,29000,6.00000,0.00012,0.06307,0.00000,0.01366,0.01955,0.07159
sim1_pm_post_always,task003_symmetric,truth,3,12.00000,1.00000,1.00000,29000,12.00000,0.00001,0.03972,0.00000,0.01231,0.00600,0.08234
sim1_pm_post_always,task003_symmetric,truth,3,12.00000,2.00000,1.00000,29000,12.00000,-0.00024,0.03786,0.00000,0.01038,0.00593,0.07421
sim1_pm_post_always,task003_symmetric,truth,3,12.00000,3.00000,1.00000,29000,12.00000,0.00017,0.03780,0.00000,0.01072,0.00576,0.07483
sim1_pm_post_always,task003_symmetric,truth,3,12.00000,6.00000,1.00000,29000,12.00000,-0.00011,0.03858,0.00000,0.01117,0.00583,0.07641
sim1_pm_post_always,task003_symmetric,truth,3,12.00000,9.00000,1.00000,29000,12.00000,-0.00037,0.03805,0.00000,0.01066,0.00697,0.07497
sim1_pm_post_always,task003_symmetric,truth,3,24.00000,1.00000,1.00000,29000,24.00000,0.00000,0.00000,0.00000,0.00000,0.00000,0.09655
sim1_pm_post_always,task003_symmetric,truth,3,24.00000,2.00000,1.00000,29000,24.00000,0.00000,0.00000,0.00000,0.00000,0.00000,0.09200
sim1_pm_post_always,task003_symmetric,truth,3,24.00000,3.00000,1.00000,29000,24.00000,0.00000,0.00000,0.00000,0.00000,0.00000,0.09217
sim1_pm_post_always,task003_symmetric,truth,3,24.00000,6.00000,1.00000,29000,24.00000,0.00000,0.00000,0.00000,0.00000,0.00000,0.09428
sim1_pm_post_always,task003_symmetric,truth,3,24.00000,9.00000,1.00000,29000,24.00000,0.00000,0.00000,0.00000,0.00000,0.00000,0.09234
sim1_pm_post_always,task003_symmetric,truth,6,3.00000,1.00000,1.00000,29000,3.00000,-0.00044,0.06850,0.00000,0.00593,0.02362,0.03714
sim1_pm_post_always,task003_symmetric,truth,6,3.00000,2.00000,1.00000,29000,3.00000,-0.00038,0.06592,0.00000,0.00576,0.02069,0.03472
sim1_pm_post_always,task003_symmetric,truth,6,3.00000,3.00000,1.00000,29000,3.00000,-0.00041,0.06451,0.00000,0.00521,0.01941,0.03262
sim1_pm_post_always,task003_symmetric,truth,6,3.00000,6.00000,1.00000,29000,3.00000,-0.00028,0.06451,0.00000,0.00534,0.02028,0.03310
sim1_pm_post_always,task003_symmetric,truth,6,3.00000,9.00000,1.00000,29000,3.00000,-0.00019,0.06631,0.00000,0.00559,0.02276,0.03338
sim1_pm_post_always,task003_symmetric,truth,6,6.00000,1.00000,1.00000,29000,6.00000,0.00014,0.04613,0.00000,0.00741,0.01148,0.03866
sim1_pm_post_always,task003_symmetric,truth,6,6.00000,2.00000,1.00000,29000,6.00000,0.00004,0.04385,0.00000,0.00652,0.00952,0.03483
sim1_pm_post_always,task003_symmetric,truth,6,6.00000,3.00000,1.00000,29000,6.00000,-0.00001,0.04340,0.00000,0.00614,0.00917,0.03334
sim1_pm_post_always,task003_symmetric,truth,6,6.00000,6.00000,1.00000,29000,6.00000,-0.00008,0.04431,0.00000,0.00617,0.01000,0.03386
sim1_pm_post_always,task003_symmetric,truth,6,6.00000,9.00000,1.00000,29000,6.00000,-0.00020,0.04391,0.00000,0.00624,0.01069,0.03400
sim1_pm_post_always,task003_symmetric,truth,6,12.00000,1.00000,1.00000,29000,12.00000,0.00003,0.02771,0.00000,0.00559,0.00300,0.03969
sim1_pm_post_always,task003_symmetric,truth,6,12.00000,2.00000,1.00000,29000,12.00000,-0.00010,0.02623,0.00000,0.00483,0.00276,0.03631
sim1_pm_post_always,task003_symmetric,truth,6,12.00000,3.00000,1.00000,29000,12.00000,-0.00011,0.02616,0.00000,0.00466,0.00255,0.03545
sim1_pm_post_always,task003_symmetric,truth,6,12.00000,6.00000,1.00000,29000,12.00000,-0.00009,0.02653,0.00000,0.00452,0.00317,0.03559
sim1_pm_post_always,task003_symmetric,truth,6,12.00000,9.00000,1.00000,29000,12.00000,-0.00023,0.02638,0.00000,0.00455,0.00310,0.03510
sim1_pm_post_always,task003_symmetric,truth,6,24.00000,1.00000,1.00000,29000,24.00000,0.00000,0.00000,0.00000,0.00000,0.00000,0.04483
sim1_pm_post_always,task003_symmetric,truth,6,24.00000,2.00000,1.00000,29000,24.00000,0.00000,0.00000,0.00000,0.00000,0.00000,0.04376
sim1_pm_post_always,task003_symmetric,truth,6,24.00000,3.00000,1.00000,29000,24.00000,0.00000,0.00000,0.00000,0.00000,0.00000,0.04379
sim1_pm_post_always,task003_symmetric,truth,6,24.00000,6.00000,1.00000,29000,24.00000,0.00000,0.00000,0.00000,0.00000,0.00000,0.04359
sim1_pm_post_always,task003_symmetric,truth,6,24.00000,9.00000,1.00000,29000,24.00000,0.00000,0.00000,0.00000,0.00000,0.00000,0.04355
sim1_pm_post_always,task003_symmetric,truth,12,3.00000,1.00000,1.00000,29000,3.00000,-0.00009,0.05340,0.00000,0.00355,0.01517,0.01859
sim1_pm_post_always,task003_symmetric,truth,12,3.00000,2.00000,1.00000,29000,3.00000,0.00003,0.05131,0.00000,0.00345,0.01341,0.01814
sim1_pm_post_always,task003_symmetric,truth,12,3.00000,3.00000,1.00000,29000,3.00000,0.00010,0.04977,0.00000,0.00341,0.01217,0.01793
sim1_pm_post_always,task003_symmetric,truth,12,3.00000,6.00000,1.00000,29000,3.00000,0.00005,0.04929,0.00000,0.00341,0.01179,0.01793
sim1_pm_post_always,task003_symmetric,truth,12,3.00000,9.00000,1.00000,29000,3.00000,0.00009,0.04930,0.00000,0.00341,0.01186,0.01793
sim1_pm_post_always,task003_symmetric,truth,12,6.00000,1.00000,1.00000,29000,6.00000,0.00000,0.03509,0.00000,0.00390,0.00717,0.01883
sim1_pm_post_always,task003_symmetric,truth,12,6.00000,2.00000,1.00000,29000,6.00000,0.00001,0.03385,0.00000,0.00362,0.00659,0.01807
sim1_pm_post_always,task003_symmetric,truth,12,6.00000,3.00000,1.00000,29000,6.00000,0.00005,0.03309,0.00000,0.00359,0.00603,0.01803
sim1_pm_post_always,task003_symmetric,truth,12,6.00000,6.00000,1.00000,29000,6.00000,0.00000,0.03319,0.00000,0.00359,0.00621,0.01797
sim1_pm_post_always,task003_symmetric,truth,12,6.00000,9.00000,1.00000,29000,6.00000,0.00006,0.03294,0.00000,0.00359,0.00607,0.01797
sim1_pm_post_always,task003_symmetric,truth,12,12.00000,1.00000,1.00000,29000,12.00000,0.00004,0.02017,0.00000,0.00310,0.00241,0.01845
sim1_pm_post_always,task003_symmetric,truth,12,12.00000,2.00000,1.00000,29000,12.00000,-0.00004,0.01955,0.00000,0.00310,0.00228,0.01803
sim1_pm_post_always,task003_symmetric,truth,12,12.00000,3.00000,1.00000,29000,12.00000,-0.00004,0.01938,0.00000,0.00303,0.00221,0.01793
sim1_pm_post_always,task003_symmetric,truth,12,12.00000,6.00000,1.00000,29000,12.00000,0.00003,0.01952,0.00000,0.00303,0.00228,0.01790
sim1_pm_post_always,task003_symmetric,truth,12,12.00000,9.00000,1.00000,29000,12.00000,0.00002,0.01921,0.00000,0.00303,0.00221,0.01790
sim1_pm_post_always,task003_symmetric,truth,12,24.00000,1.00000,1.00000,29000,24.00000,0.00000,0.00000,0.00000,0.00000,0.00000,0.01941
sim1_pm_post_always,task003_symmetric,truth,12,24.00000,2.00000,1.00000,29000,24.00000,0.00000,0.00000,0.00000,0.00000,0.00000,0.01924
sim1_pm_post_always,task003_symmetric,truth,12,24.00000,3.00000,1.00000,29000,24.00000,0.00000,0.00000,0.00000,0.00000,0.00000,0.01921
sim1_pm_post_always,task003_symmetric,truth,12,24.00000,6.00000,1.00000,29000,24.00000,0.00000,0.00000,0.00000,0.00000,0.00000,0.01921
sim1_pm_post_always,task003_symmetric,truth,12,24.00000,9.00000,1.00000,29000,24.00000,0.00000,0.00000,0.00000,0.00000,0.00000,0.01921
sim1_uniform_post,task003_nosolution,false,3,3.00000,1.00000,0.75000,29000,3.00000,-0.00096,0.17159,0.00009,0.03410,0.18579,0.16069
sim1_uniform_post,task003_nosolution,false,3,3.00000,2.00000,0.75000,29000,3.00000,-0.00036,0.16096,0.00007,0.02552,0.18110,0.12555
sim1_uniform_post,task003_nosolution,false,3,3.00000,3.00000,0.75000,29000,3.00000,-0.00087,0.15647,0.00008,0.02193,0.17786,0.11483
sim1_uniform_post,task003_nosolution,false,3,3.00000,6.00000,0.75000,29000,3.00000,0.00035,0.14363,0.00005,0.01700,0.15448,0.08590
sim1_uniform_post,task003_nosolution,false,3,3.00000,9.00000,0.75000,29000,3.00000,-0.00049,0.20153,0.00002,0.05824,0.22714,0.27510
sim1_uniform_post,task003_nosolution,false,3,6.00000,1.00000,0.75000,29000,6.00000,-0.00084,0.11618,0.00010,0.04138,0.09828,0.18455
sim1_uniform_post,task003_nosolution,false,3,6.00000,2.00000,0.75000,29000,6.00000,-0.00046,0.10943,0.00010,0.03086,0.09155,0.14159
sim1_uniform_post,task003_nosolution,false,3,6.00000,3.00000,0.75000,29000,6.00000,0.00013,0.10832,0.00008,0.03259,0.09024,0.13824
sim1_uniform_post,task003_nosolution,false,3,6.00000,6.00000,0.75000,29000,6.00000,0.00015,0.10263,0.00007,0.02772,0.08021,0.11848
sim1_uniform_post,task003_nosolution,false,3,6.00000,9.00000,0.75000,29000,6.00000,0.00130,0.13724,0.00004,0.07869,0.11231,0.34745
sim1_uniform_post,task003_nosolution,false,3,12.00000,1.00000,0.75000,29000,12.00000,-0.00022,0.06912,0.00013,0.04776,0.03462,0.21900
sim1_uniform_post,task003_nosolution,false,3,12.00000,2.00000,0.75000,29000,12.00000,0.00102,0.06687,0.00012,0.04310,0.03145,0.18352
sim1_uniform_post,task003_nosolution,false,3,12.00000,3.00000,0.75000,29000,12.00000,0.00032,0.06565,0.00010,0.03997,0.03241,0.17048
sim1_uniform_post,task003_nosolution,false,3,12.00000,6.00000,0.75000,29000,12.00000,0.00013,0.06453,0.00007,0.03669,0.03041,0.15634
sim1_uniform_post,task003_nosolution,false,3,12.00000,9.00000,0.75000,29000,12.00000,-0.00024,0.08246,0.00005,0.08114,0.04721,0.39948
sim1_uniform_post,task003_nosolution,false,3,24.00000,1.00000,0.75000,29000,23.99603,0.00008,0.00189,0.00008,0.00000,0.00014,0.23810
sim1_uniform_post,task003_nosolution,false,3,24.00000,2.00000,0.75000,29000,23.99559,0.00011,0.00218,0.00011,0.00000,0.00014,0.18697
sim1_uniform_post,task003_nosolution,false,3,24.00000,3.00000,0.75000,29000,23.99655,0.00009,0.00191,0.00009,0.00000,0.00007,0.18445
sim1_uniform_post,task003_nosolution,false,3,24.00000,6.00000,0.75000,29000,23.99676,0.00008,0.00184,0.00008,0.00000,0.00010,0.17283
sim1_uniform_post,task003_nosolution,false,3,24.00000,9.00000,0.75000,29000,23.99862,0.00003,0.00114,0.00003,0.00000,0.00007,0.45072
sim1_uniform_post,task003_nosolution,false,6,3.00000,1.00000,0.75000,29000,3.00000,-0.00018,0.15742,0.00004,0.02631,0.15469,0.14545
sim1_uniform_post,task003_nosolution,false,6,3.00000,2.00000,0.75000,29000,3.00000,-0.00056,0.14367,0.00002,0.01952,0.14624,0.10617
sim1_uniform_post,task003_nosolution,false,6,3.00000,3.00000,0.75000,29000,3.00000,-0.00123,0.14103,0.00002,0.01686,0.14534,0.09190
sim1_uniform_post,task003_nosolution,false,6,3.00000,6.00000,0.75000,29000,3.00000,-0.00002,0.12522,0.00001,0.01148,0.11652,0.06797
sim1_uniform_post,task003_nosolution,false,6,3.00000,9.00000,0.75000,29000,3.00000,-0.00016,0.19108,0.00001,0.05259,0.18407,0.27259
sim1_uniform_post,task003_nosolution,false,6,6.00000,1.00000,0.75000,29000,6.00000,-0.00074,0.10797,0.00003,0.03317,0.07769,0.16055
sim1_uniform_post,task003_nosolution,false,6,6.00000,2.00000,0.75000,29000,6.00000,-0.00125,0.09985,0.00002,0.02586,0.07114,0.12524
sim1_uniform_post,task003_nosolution,false,6,6.00000,3.00000,0.75000,29000,6.00000,0.00008,0.09609,0.00003,0.02428,0.06559,0.11124
sim1_uniform_post,task003_nosolution,false,6,6.00000,6.00000,0.75000,29000,6.00000,-0.00079,0.08984,0.00001,0.01776,0.05759,0.08941
sim1_uniform_post,task003_nosolution,false,6,6.00000,9.00000,0.75000,29000,6.00000,0.00067,0.12954,0.00001,0.06110,0.09655,0.31155
sim1_uniform_post,task003_nosolution,false,6,12.00000,1.00000,0.75000,29000,12.00000,-0.00094,0.06369,0.00003,0.03617,0.02886,0.17662
sim1_uniform_post,task003_nosolution,false,6,12.00000,2.00000,0.75000,29000,12.00000,-0.00062,0.05967,0.00003,0.03041,0.02424,0.14383
sim1_uniform_post,task003_nosolution,false,6,12.00000,3.00000,0.75000,29000,12.00000,0.00045,0.05823,0.00003,0.02652,0.02221,0.12586
sim1_uniform_post,task003_nosolution,false,6,12.00000,6.00000,0.75000,29000,12.00000,0.00008,0.05492,0.00003,0.02307,0.02103,0.10834
sim1_uniform_post,task003_nosolution,false,6,12.00000,9.00000,0.75000,29000,12.00000,0.00002,0.07636,0.00001,0.06148,0.03572,0.35476
sim1_uniform_post,task003_nosolution,false,6,24.00000,1.00000,0.75000,29000,23.99821,0.00005,0.00134,0.00005,0.00000,0.00000,0.17962
sim1_uniform_post,task003_nosolution,false,6,24.00000,2.00000,0.75000,29000,23.99859,0.00003,0.00116,0.00003,0.00000,0.00003,0.14379
sim1_uniform_post,task003_nosolution,false,6,24.00000,3.00000,0.75000,29000,23.99886,0.00003,0.00108,0.00003,0.00000,0.00000,0.12548
sim1_uniform_post,task003_nosolution,false,6,24.00000,6.00000,0.75000,29000,23.99907,0.00002,0.00097,0.00002,0.00000,0.00000,0.10638
sim1_uniform_post,task003_nosolution,false,6,24.00000,9.00000,0.75000,29000,23.99938,0.00002,0.00080,0.00002,0.00000,0.00000,0.36824
sim1_uniform_post,task003_nosolution,false,12,3.00000,1.00000,0.75000,29000,3.00000,-0.00095,0.14934,0.00001,0.02321,0.12652,0.14793
sim1_uniform_post,task003_nosolution,false,12,3.00000,2.00000,0.75000,29000,3.00000,0.00017,0.13647,0.00001,0.01969,0.11866,0.11066
sim1_uniform_post,task003_nosolution,false,12,3.00000,3.00000,0.75000,29000,3.00000,-0.00016,0.13487,0.00001,0.01938,0.11372,0.10593
sim1_uniform_post,task003_nosolution,false,12,3.00000,6.00000,0.75000,29000,3.00000,0.00110,0.11979,0.00001,0.01500,0.09528,0.07997
sim1_uniform_post,task003_nosolution,false,12,3.00000,9.00000,0.75000,29000,3.00000,0.00133,0.19158,0.00000,0.05162,0.14041,0.35103
sim1_uniform_post,task003_nosolution,false,12,6.00000,1.00000,0.75000,29000,6.00000,-0.00006,0.10004,0.00001,0.02659,0.06128,0.15041
sim1_uniform_post,task003_nosolution,false,12,6.00000,2.00000,0.75000,29000,6.00000,-0.00054,0.09191,0.00001,0.02183,0.05155,0.11800
sim1_uniform_post,task003_nosolution,false,12,6.00000,3.00000,0.75000,29000,6.00000,-0.00056,0.09021,0.00001,0.01990,0.05083,0.11114
sim1_uniform_post,task003_nosolution,false,12,6.00000,6.00000,0.75000,29000,6.00000,-0.00013,0.08369,0.00001,0.01879,0.04341,0.09300
sim1_uniform_post,task003_nosolution,false,12,6.00000,9.00000,0.75000,29000,6.00000,-0.00088,0.12613,0.00000,0.05272,0.06900,0.35948
sim1_uniform_post,task003_nosolution,false,12,12.00000,1.00000,0.75000,29000,12.00000,-0.00027,0.05880,0.00001,0.02693,0.02138,0.15945
sim1_uniform_post,task003_nosolution,false,12,12.00000,2.00000,0.75000,29000,12.00000,-0.00040,0.05482,0.00001,0.02372,0.01910,0.12669
sim1_uniform_post,task003_nosolution,false,12,12.00000,3.00000,0.75000,29000,12.00000,-0.00063,0.05407,0.00001,0.02200,0.01862,0.12400
sim1_uniform_post,task003_nosolution,false,12,12.00000,6.00000,0.75000,29000,12.00000,-0.00044,0.04932,0.00000,0.01797,0.01414,0.10386
sim1_uniform_post,task003_nosolution,false,12,12.00000,9.00000,0.75000,29000,12.00000,0.00028,0.07360,0.00000,0.04848,0.02672,0.37093
sim1_uniform_post,task003_nosolution,false,12,24.00000,1.00000,0.75000,29000,23.99931,0.00001,0.00078,0.00001,0.00000,0.00003,0.16607
sim1_uniform_post,task003_nosolution,false,12,24.00000,2.00000,0.75000,29000,23.99934,0.00001,0.00077,0.00001,0.00000,0.00003,0.12383
sim1_uniform_post,task003_nosolution,false,12,24.00000,3.00000,0.75000,29000,23.99952,0.00001,0.00064,0.00001,0.00000,0.00003,0.12531
sim1_uniform_post,task003_nosolution,false,12,24.00000,6.00000,0.75000,29000,23.99955,0.00001,0.00058,0.00001,0.00000,0.00003,0.10607
sim1_uniform_post,task003_nosolution,false,12,24.00000,9.00000,0.75000,29000,23.99955,0.00001,0.00058,0.00001,0.00000,0.00003,0.35617
sim1_uniform_post,task003_nosolution,false,3,3.00000,1.00000,1.00000,29000,3.00000,-0.00149,0.15710,0.00000,0.02914,0.12100,0.19938
sim1_uniform_post,task003_nosolution,false,3,3.00000,2.00000,1.00000,29000,3.00000,0.00014,0.15113,0.00000,0.02586,0.10800,0.20714
sim1_uniform_post,task003_nosolution,false,3,3.00000,3.00000,1.00000,29000,3.00000,0.00109,0.17219,0.00000,0.03652,0.12386,0.28255
sim1_uniform_post,task003_nosolution,false,3,3.00000,6.00000,1.00000,29000,3.00000,0.00073,0.19081,0.00000,0.04783,0.15179,0.33197
sim1_uniform_post,task003_nosolution,false,3,3.00000,9.00000,1.00000,29000,3.00000,-0.00006,0.21703,0.00000,0.05800,0.07693,0.78745
sim1_uniform_post,task003_nosolution,false,3,6.00000,1.00000,1.00000,29000,6.00000,0.00031,0.10567,0.00000,0.02993,0.06055,0.20800
sim1_uniform_post,task003_nosolution,false,3,6.00000,2.00000,1.00000,29000,6.00000,0.00121,0.10361,0.00000,0.02934,0.04907,0.23266
sim1_uniform_post,task003_nosolution,false,3,6.00000,3.00000,1.00000,29000,6.00000,0.00051,0.11706,0.00000,0.04003,0.06169,0.32107
sim1_uniform_post,task003_nosolution,false,3,6.00000,6.00000,1.00000,29000,6.00000,0.00117,0.12525,0.00000,0.04834,0.07107,0.35214
sim1_uniform_post,task003_nosolution,false,3,6.00000,9.00000,1.00000,29000,6.00000,-0.00018,0.13906,0.00000,0.05252,0.04559,0.78414
sim1_uniform_post,task003_nosolution,false,3,12.00000,1.00000,1.00000,29000,12.00000,-0.00061,0.06270,0.00000,0.03110,0.02214,0.22938
sim1_uniform_post,task003_nosolution,false,3,12.00000,2.00000,1.00000,29000,12.00000,-0.00078,0.06077,0.00000,0.02762,0.01890,0.24379
sim1_uniform_post,task003_nosolution,false,3,12.00000,3.00000,1.00000,29000,12.00000,0.00052,0.06750,0.00000,0.03717,0.02086,0.31372
sim1_uniform_post,task003_nosolution,false,3,12.00000,6.00000,1.00000,29000,12.00000,-0.00025,0.07183,0.00000,0.04145,0.02793,0.34897
sim1_uniform_post,task003_nosolution,false,3,12.00000,9.00000,1.00000,29000,12.00000,-0.00027,0.08071,0.00000,0.04417,0.01703,0.77369
sim1_uniform_post,task003_nosolution,false,3,24.00000,1.00000,1.00000,29000,24.00000,0.00000,0.00000,0.00000,0.00000,0.00000,0.23786
sim1_uniform_post,task003_nosolution,false,3,24.00000,2.00000,1.00000,29000,24.00000,0.00000,0.00000,0.00000,0.00000,0.00000,0.22769
sim1_uniform_post,task003_nosolution,false,3,24.00000,3.00000,1.00000,29000,24.00000,0.00000,0.00000,0.00000,0.00000,0.00000,0.28172
sim1_uniform_post,task003_nosolution,false,3,24.00000,6.00000,1.00000,29000,24.00000,0.00000,0.00000,0.00000,0.00000,0.00000,0.31566
sim1_uniform_post,task003_nosolution,false,3,24.00000,9.00000,1.00000,29000,24.00000,0.00000,0.00000,0.00000,0.00000,0.00000,0.75462
sim1_uniform_post,task003_nosolution,false,6,3.00000,1.00000,1.00000,29000,3.00000,0.00013,0.12790,0.00000,0.01583,0.07169,0.16769
sim1_uniform_post,task003_nosolution,false,6,3.00000,2.00000,1.00000,29000,3.00000,0.00069,0.11797,0.00000,0.01486,0.05486,0.16914
sim1_uniform_post,task003_nosolution,false,6,3.00000,3.00000,1.00000,29000,3.00000,-0.00064,0.14658,0.00000,0.02128,0.07476,0.28262
sim1_uniform_post,task003_nosolution,false,6,3.00000,6.00000,1.00000,29000,3.00000,-0.00118,0.16691,0.00000,0.03169,0.09228,0.34617
sim1_uniform_post,task003_nosolution,false,6,3.00000,9.00000,1.00000,29000,3.00000,0.00139,0.17634,0.00000,0.03569,0.06452,0.78103
sim1_uniform_post,task003_nosolution,false,6,6.00000,1.00000,1.00000,29000,6.00000,-0.00071,0.08530,0.00000,0.01703,0.03590,0.16938
sim1_uniform_post,task003_nosolution,false,6,6.00000,2.00000,1.00000,29000,6.00000,-0.00103,0.08137,0.00000,0.01362,0.02600,0.19872
sim1_uniform_post,task003_nosolution,false,6,6.00000,3.00000,1.00000,29000,6.00000,0.00079,0.09685,0.00000,0.02262,0.02990,0.29148
sim1_uniform_post,task003_nosolution,false,6,6.00000,6.00000,1.00000,29000,6.00000,-0.00061,0.11084,0.00000,0.03310,0.04014,0.35497
sim1_uniform_post,task003_nosolution,false,6,6.00000,9.00000,1.00000,29000,6.00000,0.00100,0.11379,0.00000,0.03297,0.03345,0.77276
sim1_uniform_post,task003_nosolution,false,6,12.00000,1.00000,1.00000,29000,12.00000,-0.00031,0.05102,0.00000,0.01766,0.01262,0.18448
sim1_uniform_post,task003_nosolution,false,6,12.00000,2.00000,1.00000,29000,12.00000,-0.00050,0.04795,0.00000,0.01248,0.00890,0.20500
sim1_uniform_post,task003_nosolution,false,6,12.00000,3.00000,1.00000,29000,12.00000,0.00036,0.05535,0.00000,0.01855,0.00966,0.29724
sim1_uniform_post,task003_nosolution,false,6,12.00000,6.00000,1.00000,29000,12.00000,-0.00105,0.06279,0.00000,0.02503,0.01469,0.35500
sim1_uniform_post,task003_nosolution,false,6,12.00000,9.00000,1.00000,29000,12.00000,0.00005,0.06726,0.00000,0.02803,0.01531,0.73234
sim1_uniform_post,task003_nosolution,false,6,24.00000,1.00000,1.00000,29000,24.00000,0.00000,0.00000,0.00000,0.00000,0.00000,0.18528
sim1_uniform_post,task003_nosolution,false,6,24.00000,2.00000,1.00000,29000,24.00000,0.00000,0.00000,0.00000,0.00000,0.00000,0.19755
sim1_uniform_post,task003_nosolution,false,6,24.00000,3.00000,1.00000,29000,24.00000,0.00000,0.00000,0.00000,0.00000,0.00000,0.25593
sim1_uniform_post,task003_nosolution,false,6,24.00000,6.00000,1.00000,29000,24.00000,0.00000,0.00000,0.00000,0.00000,0.00000,0.29693
sim1_uniform_post,task003_nosolution,false,6,24.00000,9.00000,1.00000,29000,24.00000,0.00000,0.00000,0.00000,0.00000,0.00000,0.69731
sim1_uniform_post,task003_nosolution,false,12,3.00000,1.00000,1.00000,29000,3.00000,0.00054,0.10657,0.00000,0.01093,0.04238,0.14897
sim1_uniform_post,task003_nosolution,false,12,3.00000,2.00000,1.00000,29000,3.00000,0.00104,0.09164,0.00000,0.00728,0.03159,0.12479
sim1_uniform_post,task003_nosolution,false,12,3.00000,3.00000,1.00000,29000,3.00000,0.00029,0.11895,0.00000,0.01214,0.04310,0.24693
sim1_uniform_post,task003_nosolution,false,12,3.00000,6.00000,1.00000,29000,3.00000,0.00106,0.13957,0.00000,0.02200,0.05083,0.32262
sim1_uniform_post,task003_nosolution,false,12,3.00000,9.00000,1.00000,29000,3.00000,-0.00162,0.14520,0.00000,0.02238,0.05283,0.77862
sim1_uniform_post,task003_nosolution,false,12,6.00000,1.00000,1.00000,29000,6.00000,-0.00037,0.06988,0.00000,0.01034,0.02079,0.14317
sim1_uniform_post,task003_nosolution,false,12,6.00000,2.00000,1.00000,29000,6.00000,0.00007,0.06223,0.00000,0.00848,0.01269,0.14221
sim1_uniform_post,task003_nosolution,false,12,6.00000,3.00000,1.00000,29000,6.00000,0.00027,0.08278,0.00000,0.01472,0.01686,0.27900
sim1_uniform_post,task003_nosolution,false,12,6.00000,6.00000,1.00000,29000,6.00000,-0.00080,0.09531,0.00000,0.02159,0.02193,0.34897
sim1_uniform_post,task003_nosolution,false,12,6.00000,9.00000,1.00000,29000,6.00000,0.00014,0.09392,0.00000,0.02162,0.02517,0.75086
sim1_uniform_post,task003_nosolution,false,12,12.00000,1.00000,1.00000,29000,12.00000,0.00003,0.04277,0.00000,0.01097,0.00624,0.18293
sim1_uniform_post,task003_nosolution,false,12,12.00000,2.00000,1.00000,29000,12.00000,-0.00027,0.03845,0.00000,0.00686,0.00383,0.16321
sim1_uniform_post,task003_nosolution,false,12,12.00000,3.00000,1.00000,29000,12.00000,0.00000,0.04649,0.00000,0.00979,0.00569,0.24710
sim1_uniform_post,task003_nosolution,false,12,12.00000,6.00000,1.00000,29000,12.00000,-0.00029,0.05305,0.00000,0.01597,0.00721,0.30752
sim1_uniform_post,task003_nosolution,false,12,12.00000,9.00000,1.00000,29000,12.00000,-0.00064,0.05674,0.00000,0.01914,0.00938,0.69928
sim1_uniform_post,task003_nosolution,false,12,24.00000,1.00000,1.00000,29000,24.00000,0.00000,0.00000,0.00000,0.00000,0.00000,0.17748
sim1_uniform_post,task003_nosolution,false,12,24.00000,2.00000,1.00000,29000,24.00000,0.00000,0.00000,0.00000,0.00000,0.00000,0.15962
sim1_uniform_post,task003_nosolution,false,12,24.00000,3.00000,1.00000,29000,24.00000,0.00000,0.00000,0.00000,0.00000,0.00000,0.22493
sim1_uniform_post,task003_nosolution,false,12,24.00000,6.00000,1.00000,29000,24.00000,0.00000,0.00000,0.00000,0.00000,0.00000,0.26631
sim1_uniform_post,task003_nosolution,false,12,24.00000,9.00000,1.00000,29000,24.00000,0.00000,0.00000,0.00000,0.00000,0.00000,0.63917
sim1_uniform_post,task003_nosolution,truth,3,3.00000,1.00000,0.75000,29000,3.00000,0.00189,0.18338,0.00007,0.04159,0.20479,0.20552
sim1_uniform_post,task003_nosolution,truth,3,3.00000,2.00000,0.75000,29000,3.00000,0.00123,0.18069,0.00007,0.03714,0.21390,0.17417
sim1_uniform_post,task003_nosolution,truth,3,3.00000,3.00000,0.75000,29000,3.00000,0.00015,0.17547,0.00003,0.03152,0.21372,0.15117
sim1_uniform_post,task003_nosolution,truth,3,3.00000,6.00000,0.75000,29000,3.00000,0.00107,0.20264,0.00003,0.06245,0.21417,0.29855
sim1_uniform_post,task003_nosolution,truth,3,3.00000,9.00000,0.75000,29000,3.00000,-0.00229,0.24296,0.00000,0.11721,0.17659,0.59969
sim1_uniform_post,task003_nosolution,truth,3,6.00000,1.00000,0.75000,29000,6.00000,0.00144,0.12434,0.00010,0.05452,0.10903,0.23907
sim1_uniform_post,task003_nosolution,truth,3,6.00000,2.00000,0.75000,29000,6.00000,0.00077,0.12205,0.00009,0.04886,0.11045,0.20428
sim1_uniform_post,task003_nosolution,truth,3,6.00000,3.00000,0.75000,29000,6.00000,-0.00024,0.11853,0.00006,0.04345,0.11207,0.18083
sim1_uniform_post,task003_nosolution,truth,3,6.00000,6.00000,0.75000,29000,6.00000,0.00072,0.13460,0.00004,0.07414,0.11555,0.32566
sim1_uniform_post,task003_nosolution,truth,3,6.00000,9.00000,0.75000,29000,6.00000,-0.00015,0.15888,0.00001,0.12728,0.10103,0.62966
sim1_uniform_post,task003_nosolution,truth,3,12.00000,1.00000,0.75000,29000,12.00000,-0.00020,0.07546,0.00011,0.06055,0.04217,0.27090
sim1_uniform_post,task003_nosolution,truth,3,12.00000,2.00000,0.75000,29000,12.00000,0.00015,0.07325,0.00008,0.05400,0.04214,0.23383
sim1_uniform_post,task003_nosolution,truth,3,12.00000,3.00000,0.75000,29000,12.00000,-0.00002,0.07141,0.00006,0.04862,0.03972,0.21034
sim1_uniform_post,task003_nosolution,truth,3,12.00000,6.00000,0.75000,29000,12.00000,-0.00015,0.08004,0.00004,0.07559,0.04338,0.36776
sim1_uniform_post,task003_nosolution,truth,3,12.00000,9.00000,0.75000,29000,12.00000,0.00097,0.09256,0.00001,0.11655,0.04300,0.65686
sim1_uniform_post,task003_nosolution,truth,3,24.00000,1.00000,0.75000,29000,23.99621,0.00009,0.00192,0.00009,0.00000,0.00003,0.28286
sim1_uniform_post,task003_nosolution,truth,3,24.00000,2.00000,0.75000,29000,23.99621,0.00008,0.00181,0.00008,0.00000,0.00003,0.22679
sim1_uniform_post,task003_nosolution,truth,3,24.00000,3.00000,0.75000,29000,23.99714,0.00005,0.00149,0.00005,0.00000,0.00003,0.23990
sim1_uniform_post,task003_nosolution,truth,3,24.00000,6.00000,0.75000,29000,23.99828,0.00004,0.00117,0.00004,0.00000,0.00003,0.47693
sim1_uniform_post,task003_nosolution,truth,3,24.00000,9.00000,0.75000,29000,23.99914,0.00001,0.00074,0.00001,0.00000,0.00007,0.67721
sim1_uniform_post,task003_nosolution,truth,6,3.00000,1.00000,0.75000,29000,3.00000,0.00161,0.16146,0.00002,0.02862,0.16921,0.14400
sim1_uniform_post,task003_nosolution,truth,6,3.00000,2.00000,0.75000,29000,3.00000,0.00067,0.15097,0.00001,0.01931,0.16617,0.10510
sim1_uniform_post,task003_nosolution,truth,6,3.00000,3.00000,0.75000,29000,3.00000,0.00099,0.14777,0.00002,0.01824,0.16207,0.09345
sim1_uniform_post,task003_nosolution,truth,6,3.00000,6.00000,0.75000,29000,3.00000,-0.00063,0.17230,0.00000,0.03683,0.18386,0.17766
sim1_uniform_post,task003_nosolution,truth,6,3.00000,9.00000,0.75000,29000,3.00000,0.00133,0.20389,0.00000,0.06307,0.22952,0.29141
sim1_uniform_post,task003_nosolution,truth,6,6.00000,1.00000,0.75000,29000,6.00000,-0.00024,0.11002,0.00003,0.03452,0.08797,0.15590
sim1_uniform_post,task003_nosolution,truth,6,6.00000,2.00000,0.75000,29000,6.00000,0.00004,0.10103,0.00002,0.02462,0.07824,0.11462
sim1_uniform_post,task003_nosolution,truth,6,6.00000,3.00000,0.75000,29000,6.00000,0.00040,0.10077,0.00002,0.02472,0.07693,0.11076
sim1_uniform_post,task003_nosolution,truth,6,6.00000,6.00000,0.75000,29000,6.00000,0.00128,0.11019,0.00001,0.03590,0.08679,0.15545
sim1_uniform_post,task003_nosolution,truth,6,6.00000,9.00000,0.75000,29000,6.00000,0.00062,0.13694,0.00001,0.07434,0.11924,0.33076
sim1_uniform_post,task003_nosolution,truth,6,12.00000,1.00000,0.75000,29000,12.00000,0.00004,0.06534,0.00003,0.03841,0.02952,0.17721
sim1_uniform_post,task003_nosolution,truth,6,12.00000,2.00000,0.75000,29000,12.00000,0.00063,0.06105,0.00002,0.03066,0.02434,0.13241
sim1_uniform_post,task003_nosolution,truth,6,12.00000,3.00000,0.75000,29000,12.00000,-0.00034,0.06095,0.00002,0.02797,0.02672,0.12800
sim1_uniform_post,task003_nosolution,truth,6,12.00000,6.00000,0.75000,29000,12.00000,-0.00002,0.06548,0.00001,0.03845,0.03034,0.17897
sim1_uniform_post,task003_nosolution,truth,6,12.00000,9.00000,0.75000,29000,12.00000,-0.00050,0.07961,0.00001,0.07248,0.04672,0.34483
sim1_uniform_post,task003_nosolution,truth,6,24.00000,1.00000,0.75000,29000,23.99907,0.00002,0.00095,0.00002,0.00000,0.00003,0.17631
sim1_uniform_post,task003_nosolution,truth,6,24.00000,2.00000,0.75000,29000,23.99924,0.00002,0.00084,0.00002,0.00000,0.00000,0.13310
sim1_uniform_post,task003_nosolution,truth,6,24.00000,3.00000,0.75000,29000,23.99914,0.00002,0.00090,0.00002,0.00000,0.00000,0.14086
sim1_uniform_post,task003_nosolution,truth,6,24.00000,6.00000,0.75000,29000,23.99959,0.00001,0.00067,0.00001,0.00000,0.00000,0.21266
sim1_uniform_post,task003_nosolution,truth,6,24.00000,9.00000,0.75000,29000,23.99962,0.00001,0.00058,0.00001,0.00000,0.00000,0.34803
sim1_uniform_post,task003_nosolution,truth,12,3.00000,1.00000,0.75000,29000,3.00000,0.00074,0.14380,0.00001,0.02121,0.13417,0.12100
sim1_uniform_post,task003_nosolution,truth,12,3.00000,2.00000,0.75000,29000,3.00000,0.00045,0.12660,0.00001,0.01241,0.11828,0.07528
sim1_uniform_post,task003_nosolution,truth,12,3.00000,3.00000,0.75000,29000,3.00000,0.00094,0.12435,0.00001,0.01141,0.11331,0.07097
sim1_uniform_post,task003_nosolution,truth,12,3.00000,6.00000,0.75000,29000,3.00000,0.00081,0.13614,0.00000,0.01748,0.12397,0.10497
sim1_uniform_post,task003_nosolution,truth,12,3.00000,9.00000,0.75000,29000,3.00000,-0.00023,0.16520,0.00000,0.02997,0.17610,0.15897
sim1_uniform_post,task003_nosolution,truth,12,6.00000,1.00000,0.75000,29000,6.00000,0.00147,0.09620,0.00002,0.02466,0.05834,0.12162
sim1_uniform_post,task003_nosolution,truth,12,6.00000,2.00000,0.75000,29000,6.00000,0.00164,0.08558,0.00001,0.01528,0.04997,0.07852
sim1_uniform_post,task003_nosolution,truth,12,6.00000,3.00000,0.75000,29000,6.00000,0.00022,0.08602,0.00001,0.01448,0.04966,0.07690
sim1_uniform_post,task003_nosolution,truth,12,6.00000,6.00000,0.75000,29000,6.00000,0.00078,0.08829,0.00001,0.01745,0.04972,0.08962
sim1_uniform_post,task003_nosolution,truth,12,6.00000,9.00000,0.75000,29000,6.00000,0.00049,0.11059,0.00001,0.03417,0.08207,0.16638
sim1_uniform_post,task003_nosolution,truth,12,12.00000,1.00000,0.75000,29000,12.00000,0.00015,0.05703,0.00002,0.02452,0.01948,0.12503
sim1_uniform_post,task003_nosolution,truth,12,12.00000,2.00000,0.75000,29000,12.00000,-0.00001,0.05182,0.00001,0.01721,0.01634,0.09069
sim1_uniform_post,task003_nosolution,truth,12,12.00000,3.00000,0.75000,29000,12.00000,0.00019,0.05172,0.00001,0.01603,0.01541,0.08245
sim1_uniform_post,task003_nosolution,truth,12,12.00000,6.00000,0.75000,29000,12.00000,-0.00008,0.05365,0.00001,0.01790,0.01807,0.09662
sim1_uniform_post,task003_nosolution,truth,12,12.00000,9.00000,0.75000,29000,12.00000,0.00026,0.06494,0.00001,0.03641,0.02897,0.17483
sim1_uniform_post,task003_nosolution,truth,12,24.00000,1.00000,0.75000,29000,23.99917,0.00002,0.00087,0.00002,0.00000,0.00000,0.11852
sim1_uniform_post,task003_nosolution,truth,12,24.00000,2.00000,0.75000,29000,23.99962,0.00001,0.00072,0.00001,0.00000,0.00000,0.08903
sim1_uniform_post,task003_nosolution,truth,12,24.00000,3.00000,0.75000,29000,23.99959,0.00001,0.00065,0.00001,0.00000,0.00000,0.08569
sim1_uniform_post,task003_nosolution,truth,12,24.00000,6.00000,0.75000,29000,23.99972,0.00001,0.00057,0.00001,0.00000,0.00000,0.10459
sim1_uniform_post,task003_nosolution,truth,12,24.00000,9.00000,0.75000,29000,23.99972,0.00001,0.00061,0.00001,0.00000,0.00000,0.16866
sim1_uniform_post,task003_nosolution,truth,3,3.00000,1.00000,1.00000,29000,3.00000,-0.00070,0.11927,0.00000,0.01534,0.08121,0.09548
sim1_uniform_post,task003_nosolution,truth,3,3.00000,2.00000,1.00000,29000,3.00000,-0.00083,0.09619,0.00000,0.00769,0.05634,0.05800
sim1_uniform_post,task003_nosolution,truth,3,3.00000,3.00000,1.00000,29000,3.00000,-0.00020,0.09408,0.00000,0.00924,0.05183,0.06207
sim1_uniform_post,task003_nosolution,truth,3,3.00000,6.00000,1.00000,29000,3.00000,-0.00099,0.11741,0.00000,0.01372,0.08503,0.08328
sim1_uniform_post,task003_nosolution,truth,3,3.00000,9.00000,1.00000,29000,3.00000,-0.00015,0.13081,0.00000,0.02017,0.09176,0.12259
sim1_uniform_post,task003_nosolution,truth,3,6.00000,1.00000,1.00000,29000,6.00000,0.00107,0.07571,0.00000,0.01517,0.03507,0.08479
sim1_uniform_post,task003_nosolution,truth,3,6.00000,2.00000,1.00000,29000,6.00000,0.00058,0.06395,0.00000,0.00945,0.02407,0.06141
sim1_uniform_post,task003_nosolution,truth,3,6.00000,3.00000,1.00000,29000,6.00000,-0.00035,0.06420,0.00000,0.00983,0.02334,0.06424
sim1_uniform_post,task003_nosolution,truth,3,6.00000,6.00000,1.00000,29000,6.00000,-0.00005,0.07269,0.00000,0.01352,0.03059,0.08034
sim1_uniform_post,task003_nosolution,truth,3,6.00000,9.00000,1.00000,29000,6.00000,-0.00044,0.08614,0.00000,0.02203,0.04141,0.12834
sim1_uniform_post,task003_nosolution,truth,3,12.00000,1.00000,1.00000,29000,12.00000,-0.00009,0.04485,0.00000,0.01390,0.01172,0.08124
sim1_uniform_post,task003_nosolution,truth,3,12.00000,2.00000,1.00000,29000,12.00000,0.00001,0.03958,0.00000,0.01028,0.00890,0.06703
sim1_uniform_post,task003_nosolution,truth,3,12.00000,3.00000,1.00000,29000,12.00000,-0.00000,0.03909,0.00000,0.01186,0.00834,0.06886
sim1_uniform_post,task003_nosolution,truth,3,12.00000,6.00000,1.00000,29000,12.00000,0.00032,0.04425,0.00000,0.01483,0.01121,0.08662
sim1_uniform_post,task003_nosolution,truth,3,12.00000,9.00000,1.00000,29000,12.00000,0.00001,0.05068,0.00000,0.02217,0.01362,0.13259
sim1_uniform_post,task003_nosolution,truth,3,24.00000,1.00000,1.00000,29000,24.00000,0.00000,0.00000,0.00000,0.00000,0.00000,0.07790
sim1_uniform_post,task003_nosolution,truth,3,24.00000,2.00000,1.00000,29000,24.00000,0.00000,0.00000,0.00000,0.00000,0.00000,0.06676
sim1_uniform_post,task003_nosolution,truth,3,24.00000,3.00000,1.00000,29000,24.00000,0.00000,0.00000,0.00000,0.00000,0.00000,0.07224
sim1_uniform_post,task003_nosolution,truth,3,24.00000,6.00000,1.00000,29000,24.00000,0.00000,0.00000,0.00000,0.00000,0.00000,0.10228
sim1_uniform_post,task003_nosolution,truth,3,24.00000,9.00000,1.00000,29000,24.00000,0.00000,0.00000,0.00000,0.00000,0.00000,0.13814
sim1_uniform_post,task003_nosolution,truth,6,3.00000,1.00000,1.00000,29000,3.00000,0.00048,0.09766,0.00000,0.01069,0.04700,0.07797
sim1_uniform_post,task003_nosolution,truth,6,3.00000,2.00000,1.00000,29000,3.00000,0.00041,0.07213,0.00000,0.00497,0.02766,0.04362
sim1_uniform_post,task003_nosolution,truth,6,3.00000,3.00000,1.00000,29000,3.00000,0.00074,0.06929,0.00000,0.00466,0.02383,0.04210
sim1_uniform_post,task003_nosolution,truth,6,3.00000,6.00000,1.00000,29000,3.00000,-0.00043,0.08152,0.00000,0.00645,0.03831,0.04872
sim1_uniform_post,task003_nosolution,truth,6,3.00000,9.00000,1.00000,29000,3.00000,0.00003,0.09480,0.00000,0.01000,0.04755,0.06879
sim1_uniform_post,task003_nosolution,truth,6,6.00000,1.00000,1.00000,29000,6.00000,0.00003,0.06173,0.00000,0.00883,0.01838,0.06548
sim1_uniform_post,task003_nosolution,truth,6,6.00000,2.00000,1.00000,29000,6.00000,0.00002,0.04782,0.00000,0.00514,0.01148,0.04252
sim1_uniform_post,task003_nosolution,truth,6,6.00000,3.00000,1.00000,29000,6.00000,0.00023,0.04664,0.00000,0.00486,0.00979,0.04221
sim1_uniform_post,task003_nosolution,truth,6,6.00000,6.00000,1.00000,29000,6.00000,-0.00034,0.05246,0.00000,0.00614,0.01466,0.04772
sim1_uniform_post,task003_nosolution,truth,6,6.00000,9.00000,1.00000,29000,6.00000,0.00048,0.06164,0.00000,0.01066,0.01972,0.07103
sim1_uniform_post,task003_nosolution,truth,6,12.00000,1.00000,1.00000,29000,12.00000,0.00011,0.03533,0.00000,0.00748,0.00655,0.05938
sim1_uniform_post,task003_nosolution,truth,6,12.00000,2.00000,1.00000,29000,12.00000,0.00011,0.02907,0.00000,0.00462,0.00341,0.04307
sim1_uniform_post,task003_nosolution,truth,6,12.00000,3.00000,1.00000,29000,12.00000,0.00014,0.02762,0.00000,0.00486,0.00383,0.04290
sim1_uniform_post,task003_nosolution,truth,6,12.00000,6.00000,1.00000,29000,12.00000,0.00010,0.02974,0.00000,0.00614,0.00424,0.04655
sim1_uniform_post,task003_nosolution,truth,6,12.00000,9.00000,1.00000,29000,12.00000,0.00015,0.03599,0.00000,0.00993,0.00697,0.06728
sim1_uniform_post,task003_nosolution,truth,6,24.00000,1.00000,1.00000,29000,24.00000,0.00000,0.00000,0.00000,0.00000,0.00000,0.05476
sim1_uniform_post,task003_nosolution,truth,6,24.00000,2.00000,1.00000,29000,24.00000,0.00000,0.00000,0.00000,0.00000,0.00000,0.04272
sim1_uniform_post,task003_nosolution,truth,6,24.00000,3.00000,1.00000,29000,24.00000,0.00000,0.00000,0.00000,0.00000,0.00000,0.04272
sim1_uniform_post,task003_nosolution,truth,6,24.00000,6.00000,1.00000,29000,24.00000,0.00000,0.00000,0.00000,0.00000,0.00000,0.04834
sim1_uniform_post,task003_nosolution,truth,6,24.00000,9.00000,1.00000,29000,24.00000,0.00000,0.00000,0.00000,0.00000,0.00000,0.06621
sim1_uniform_post,task003_nosolution,truth,12,3.00000,1.00000,1.00000,29000,3.00000,-0.00001,0.08035,0.00000,0.00676,0.02721,0.06717
sim1_uniform_post,task003_nosolution,truth,12,3.00000,2.00000,1.00000,29000,3.00000,0.00017,0.05649,0.00000,0.00328,0.01341,0.03590
sim1_uniform_post,task003_nosolution,truth,12,3.00000,3.00000,1.00000,29000,3.00000,0.00002,0.05578,0.00000,0.00293,0.01310,0.03466
sim1_uniform_post,task003_nosolution,truth,12,3.00000,6.00000,1.00000,29000,3.00000,-0.00011,0.05921,0.00000,0.00338,0.01597,0.03717
sim1_uniform_post,task003_nosolution,truth,12,3.00000,9.00000,1.00000,29000,3.00000,-0.00032,0.06548,0.00000,0.00421,0.02086,0.04134
sim1_uniform_post,task003_nosolution,truth,12,6.00000,1.00000,1.00000,29000,6.00000,0.00056,0.05217,0.00000,0.00600,0.00990,0.05986
sim1_uniform_post,task003_nosolution,truth,12,6.00000,2.00000,1.00000,29000,6.00000,0.00043,0.03945,0.00000,0.00331,0.00624,0.03724
sim1_uniform_post,task003_nosolution,truth,12,6.00000,3.00000,1.00000,29000,6.00000,0.00030,0.03706,0.00000,0.00297,0.00528,0.03497
sim1_uniform_post,task003_nosolution,truth,12,6.00000,6.00000,1.00000,29000,6.00000,0.00046,0.03734,0.00000,0.00293,0.00541,0.03528
sim1_uniform_post,task003_nosolution,truth,12,6.00000,9.00000,1.00000,29000,6.00000,0.00048,0.04362,0.00000,0.00455,0.00910,0.04041
sim1_uniform_post,task003_nosolution,truth,12,12.00000,1.00000,1.00000,29000,12.00000,0.00007,0.03009,0.00000,0.00524,0.00359,0.05386
sim1_uniform_post,task003_nosolution,truth,12,12.00000,2.00000,1.00000,29000,12.00000,0.00008,0.02371,0.00000,0.00331,0.00210,0.03790
sim1_uniform_post,task003_nosolution,truth,12,12.00000,3.00000,1.00000,29000,12.00000,-0.00003,0.02267,0.00000,0.00293,0.00210,0.03641
sim1_uniform_post,task003_nosolution,truth,12,12.00000,6.00000,1.00000,29000,12.00000,0.00012,0.02328,0.00000,0.00334,0.00245,0.03697
sim1_uniform_post,task003_nosolution,truth,12,12.00000,9.00000,1.00000,29000,12.00000,0.00002,0.02652,0.00000,0.00452,0.00331,0.04303
sim1_uniform_post,task003_nosolution,truth,12,24.00000,1.00000,1.00000,29000,24.00000,0.00000,0.00000,0.00000,0.00000,0.00000,0.04952
sim1_uniform_post,task003_nosolution,truth,12,24.00000,2.00000,1.00000,29000,24.00000,0.00000,0.00000,0.00000,0.00000,0.00000,0.03669
sim1_uniform_post,task003_nosolution,truth,12,24.00000,3.00000,1.00000,29000,24.00000,0.00000,0.00000,0.00000,0.00000,0.00000,0.03583
sim1_uniform_post,task003_nosolution,truth,12,24.00000,6.00000,1.00000,29000,24.00000,0.00000,0.00000,0.00000,0.00000,0.00000,0.03621
sim1_uniform_post,task003_nosolution,truth,12,24.00000,9.00000,1.00000,29000,24.00000,0.00000,0.00000,0.00000,0.00000,0.00000,0.04141
sim1_uniform_post,task003_symmetric,false,3,3.00000,1.00000,0.75000,29000,3.00000,0.00241,0.21824,0.00004,0.07338,0.16021,0.48552
sim1_uniform_post,task003_symmetric,false,3,3.00000,2.00000,0.75000,29000,3.00000,-0.00003,0.20021,0.00004,0.05693,0.19569,0.32148
sim1_uniform_post,task003_symmetric,false,3,3.00000,3.00000,0.75000,29000,3.00000,-0.00110,0.19445,0.00005,0.05100,0.20721,0.26462
sim1_uniform_post,task003_symmetric,false,3,3.00000,6.00000,0.75000,29000,3.00000,-0.00066,0.18153,0.00003,0.04000,0.19838,0.20800
sim1_uniform_post,task003_symmetric,false,3,3.00000,9.00000,0.75000,29000,3.00000,0.00013,0.16693,0.00003,0.02848,0.18021,0.15983
sim1_uniform_post,task003_symmetric,false,3,6.00000,1.00000,0.75000,29000,6.00000,0.00133,0.14404,0.00005,0.07893,0.09690,0.46745
sim1_uniform_post,task003_symmetric,false,3,6.00000,2.00000,0.75000,29000,6.00000,-0.00074,0.13411,0.00004,0.06690,0.11041,0.33338
sim1_uniform_post,task003_symmetric,false,3,6.00000,3.00000,0.75000,29000,6.00000,0.00000,0.12822,0.00004,0.06031,0.10993,0.28359
sim1_uniform_post,task003_symmetric,false,3,6.00000,6.00000,0.75000,29000,6.00000,0.00032,0.12280,0.00005,0.05069,0.10259,0.23607
sim1_uniform_post,task003_symmetric,false,3,6.00000,9.00000,0.75000,29000,6.00000,0.00156,0.11310,0.00003,0.03810,0.09400,0.17910
sim1_uniform_post,task003_symmetric,false,3,12.00000,1.00000,0.75000,29000,12.00000,0.00038,0.08251,0.00004,0.07441,0.03945,0.46566
sim1_uniform_post,task003_symmetric,false,3,12.00000,2.00000,0.75000,29000,12.00000,-0.00033,0.07758,0.00005,0.06721,0.04234,0.34417
sim1_uniform_post,task003_symmetric,false,3,12.00000,3.00000,0.75000,29000,12.00000,-0.00028,0.07535,0.00006,0.06097,0.04338,0.30024
sim1_uniform_post,task003_symmetric,false,3,12.00000,6.00000,0.75000,29000,12.00000,-0.00070,0.07272,0.00004,0.05634,0.04055,0.27379
sim1_uniform_post,task003_symmetric,false,3,12.00000,9.00000,0.75000,29000,12.00000,-0.00006,0.06841,0.00005,0.04431,0.03528,0.20500
sim1_uniform_post,task003_symmetric,false,3,24.00000,1.00000,0.75000,29000,23.99745,0.00006,0.00154,0.00006,0.00000,0.00000,0.46093
sim1_uniform_post,task003_symmetric,false,3,24.00000,2.00000,0.75000,29000,23.99772,0.00006,0.00154,0.00006,0.00000,0.00003,0.34359
sim1_uniform_post,task003_symmetric,false,3,24.00000,3.00000,0.75000,29000,23.99748,0.00005,0.00146,0.00005,0.00000,0.00007,0.30828
sim1_uniform_post,task003_symmetric,false,3,24.00000,6.00000,0.75000,29000,23.99776,0.00006,0.00154,0.00006,0.00000,0.00003,0.28162
sim1_uniform_post,task003_symmetric,false,3,24.00000,9.00000,0.75000,29000,23.99793,0.00004,0.00133,0.00004,0.00000,0.00000,0.19786
sim1_uniform_post,task003_symmetric,false,6,3.00000,1.00000,0.75000,29000,3.00000,0.00071,0.21679,0.00001,0.06272,0.12838,0.55559
sim1_uniform_post,task003_symmetric,false,6,3.00000,2.00000,0.75000,29000,3.00000,-0.00079,0.20308,0.00001,0.05779,0.16941,0.37014
sim1_uniform_post,task003_symmetric,false,6,3.00000,3.00000,0.75000,29000,3.00000,0.00153,0.19161,0.00001,0.05114,0.17217,0.29890
sim1_uniform_post,task003_symmetric,false,6,3.00000,6.00000,0.75000,29000,3.00000,-0.00017,0.17702,0.00000,0.04048,0.17903,0.21293
sim1_uniform_post,task003_symmetric,false,6,3.00000,9.00000,0.75000,29000,3.00000,-0.00153,0.16169,0.00001,0.02800,0.16466,0.16014
sim1_uniform_post,task003_symmetric,false,6,6.00000,1.00000,0.75000,29000,6.00000,-0.00121,0.14169,0.00001,0.06531,0.08062,0.51093
sim1_uniform_post,task003_symmetric,false,6,6.00000,2.00000,0.75000,29000,6.00000,-0.00070,0.13414,0.00001,0.06421,0.09655,0.37693
sim1_uniform_post,task003_symmetric,false,6,6.00000,3.00000,0.75000,29000,6.00000,0.00028,0.12671,0.00000,0.05590,0.09538,0.30231
sim1_uniform_post,task003_symmetric,false,6,6.00000,6.00000,0.75000,29000,6.00000,0.00058,0.11784,0.00000,0.04655,0.09003,0.23131
sim1_uniform_post,task003_symmetric,false,6,6.00000,9.00000,0.75000,29000,6.00000,-0.00007,0.10830,0.00001,0.03669,0.08100,0.17741
sim1_uniform_post,task003_symmetric,false,6,12.00000,1.00000,0.75000,29000,12.00000,0.00008,0.08225,0.00001,0.06500,0.03490,0.50103
sim1_uniform_post,task003_symmetric,false,6,12.00000,2.00000,0.75000,29000,12.00000,0.00003,0.07711,0.00001,0.06138,0.03683,0.36938
sim1_uniform_post,task003_symmetric,false,6,12.00000,3.00000,0.75000,29000,12.00000,0.00030,0.07366,0.00001,0.05748,0.03569,0.31469
sim1_uniform_post,task003_symmetric,false,6,12.00000,6.00000,0.75000,29000,12.00000,0.00065,0.07064,0.00001,0.05124,0.03514,0.26186
sim1_uniform_post,task003_symmetric,false,6,12.00000,9.00000,0.75000,29000,12.00000,0.00015,0.06452,0.00001,0.04028,0.02910,0.19783
sim1_uniform_post,task003_symmetric,false,6,24.00000,1.00000,0.75000,29000,23.99952,0.00000,0.00057,0.00000,0.00000,0.00000,0.47524
sim1_uniform_post,task003_symmetric,false,6,24.00000,2.00000,0.75000,29000,23.99948,0.00001,0.00063,0.00001,0.00000,0.00000,0.36610
sim1_uniform_post,task003_symmetric,false,6,24.00000,3.00000,0.75000,29000,23.99979,0.00000,0.00042,0.00000,0.00000,0.00000,0.31472
sim1_uniform_post,task003_symmetric,false,6,24.00000,6.00000,0.75000,29000,23.99976,0.00000,0.00039,0.00000,0.00000,0.00000,0.26169
sim1_uniform_post,task003_symmetric,false,6,24.00000,9.00000,0.75000,29000,23.99983,0.00001,0.00049,0.00001,0.00000,0.00000,0.18452
sim1_uniform_post,task003_symmetric,false,12,3.00000,1.00000,0.75000,29000,3.00000,0.00054,0.20747,0.00000,0.05159,0.09841,0.62924
sim1_uniform_post,task003_symmetric,false,12,3.00000,2.00000,0.75000,29000,3.00000,-0.00154,0.20303,0.00000,0.05048,0.12972,0.45714
sim1_uniform_post,task003_symmetric,false,12,3.00000,3.00000,0.75000,29000,3.00000,0.00000,0.20159,0.00000,0.05569,0.13745,0.42741
sim1_uniform_post,task003_symmetric,false,12,3.00000,6.00000,0.75000,29000,3.00000,0.00114,0.18600,0.00000,0.05069,0.15297,0.30738
sim1_uniform_post,task003_symmetric,false,12,3.00000,9.00000,0.75000,29000,3.00000,-0.00194,0.16892,0.00000,0.03672,0.15369,0.21738
sim1_uniform_post,task003_symmetric,false,12,6.00000,1.00000,0.75000,29000,6.00000,-0.00054,0.13746,0.00000,0.05441,0.06300,0.57041
sim1_uniform_post,task003_symmetric,false,12,6.00000,2.00000,0.75000,29000,6.00000,0.00143,0.13358,0.00001,0.05886,0.06928,0.46293
sim1_uniform_post,task003_symmetric,false,12,6.00000,3.00000,0.75000,29000,6.00000,0.00071,0.12936,0.00000,0.05503,0.07176,0.39324
sim1_uniform_post,task003_symmetric,false,12,6.00000,6.00000,0.75000,29000,6.00000,0.00071,0.12127,0.00000,0.05014,0.07772,0.30397
sim1_uniform_post,task003_symmetric,false,12,6.00000,9.00000,0.75000,29000,6.00000,-0.00033,0.11089,0.00000,0.04024,0.07555,0.22341
sim1_uniform_post,task003_symmetric,false,12,12.00000,1.00000,0.75000,29000,12.00000,0.00028,0.07902,0.00000,0.04876,0.02369,0.55045
sim1_uniform_post,task003_symmetric,false,12,12.00000,2.00000,0.75000,29000,12.00000,0.00007,0.07662,0.00000,0.05155,0.02841,0.43886
sim1_uniform_post,task003_symmetric,false,12,12.00000,3.00000,0.75000,29000,12.00000,-0.00012,0.07522,0.00000,0.05224,0.02731,0.39072
sim1_uniform_post,task003_symmetric,false,12,12.00000,6.00000,0.75000,29000,12.00000,0.00011,0.07060,0.00001,0.04690,0.02752,0.30879
sim1_uniform_post,task003_symmetric,false,12,12.00000,9.00000,0.75000,29000,12.00000,0.00011,0.06434,0.00000,0.04014,0.02572,0.22990
sim1_uniform_post,task003_symmetric,false,12,24.00000,1.00000,0.75000,29000,24.00000,0.00000,0.00000,0.00000,0.00000,0.00000,0.52862
sim1_uniform_post,task003_symmetric,false,12,24.00000,2.00000,0.75000,29000,23.99990,0.00000,0.00025,0.00000,0.00000,0.00000,0.43048
sim1_uniform_post,task003_symmetric,false,12,24.00000,3.00000,0.75000,29000,23.99986,0.00000,0.00040,0.00000,0.00000,0.00000,0.38400
sim1_uniform_post,task003_symmetric,false,12,24.00000,6.00000,0.75000,29000,23.99993,0.00000,0.00023,0.00000,0.00000,0.00000,0.31390
sim1_uniform_post,task003_symmetric,false,12,24.00000,9.00000,0.75000,29000,24.00000,0.00000,0.00000,0.00000,0.00000,0.00000,0.22203
sim1_uniform_post,task003_symmetric,false,3,3.00000,1.00000,1.00000,29000,3.00000,-0.00095,0.17436,0.00000,0.02652,0.01562,0.96645
sim1_uniform_post,task003_symmetric,false,3,3.00000,2.00000,1.00000,29000,3.00000,-0.00108,0.19220,0.00000,0.03969,0.03862,0.91341
sim1_uniform_post,task003_symmetric,false,3,3.00000,3.00000,1.00000,29000,3.00000,-0.00100,0.19114,0.00000,0.04038,0.03697,0.91279
sim1_uniform_post,task003_symmetric,false,3,3.00000,6.00000,1.00000,29000,3.00000,0.00036,0.20897,0.00000,0.04810,0.03738,0.91383
sim1_uniform_post,task003_symmetric,false,3,3.00000,9.00000,1.00000,29000,3.00000,0.00116,0.22536,0.00000,0.05852,0.04562,0.89231
sim1_uniform_post,task003_symmetric,false,3,6.00000,1.00000,1.00000,29000,6.00000,-0.00002,0.12234,0.00000,0.03152,0.01531,0.95134
sim1_uniform_post,task003_symmetric,false,3,6.00000,2.00000,1.00000,29000,6.00000,-0.00063,0.12525,0.00000,0.03886,0.02431,0.91207
sim1_uniform_post,task003_symmetric,false,3,6.00000,3.00000,1.00000,29000,6.00000,0.00186,0.12643,0.00000,0.03776,0.02469,0.90462
sim1_uniform_post,task003_symmetric,false,3,6.00000,6.00000,1.00000,29000,6.00000,0.00079,0.13998,0.00000,0.04734,0.02838,0.90031
sim1_uniform_post,task003_symmetric,false,3,6.00000,9.00000,1.00000,29000,6.00000,0.00023,0.14880,0.00000,0.05566,0.03297,0.88897
sim1_uniform_post,task003_symmetric,false,3,12.00000,1.00000,1.00000,29000,12.00000,-0.00094,0.07109,0.00000,0.02576,0.00814,0.94569
sim1_uniform_post,task003_symmetric,false,3,12.00000,2.00000,1.00000,29000,12.00000,-0.00050,0.07395,0.00000,0.03210,0.01300,0.90631
sim1_uniform_post,task003_symmetric,false,3,12.00000,3.00000,1.00000,29000,12.00000,-0.00009,0.07683,0.00000,0.03697,0.01452,0.88655
sim1_uniform_post,task003_symmetric,false,3,12.00000,6.00000,1.00000,29000,12.00000,0.00063,0.08178,0.00000,0.04034,0.01514,0.89090
sim1_uniform_post,task003_symmetric,false,3,12.00000,9.00000,1.00000,29000,12.00000,0.00029,0.08695,0.00000,0.05097,0.01631,0.88093
sim1_uniform_post,task003_symmetric,false,3,24.00000,1.00000,1.00000,29000,24.00000,0.00000,0.00000,0.00000,0.00000,0.00000,0.94338
sim1_uniform_post,task003_symmetric,false,3,24.00000,2.00000,1.00000,29000,24.00000,0.00000,0.00000,0.00000,0.00000,0.00000,0.89521
sim1_uniform_post,task003_symmetric,false,3,24.00000,3.00000,1.00000,29000,24.00000,0.00000,0.00000,0.00000,0.00000,0.00000,0.88503
sim1_uniform_post,task003_symmetric,false,3,24.00000,6.00000,1.00000,29000,24.00000,0.00000,0.00000,0.00000,0.00000,0.00000,0.90010
sim1_uniform_post,task003_symmetric,false,3,24.00000,9.00000,1.00000,29000,24.00000,0.00000,0.00000,0.00000,0.00000,0.00000,0.88197
sim1_uniform_post,task003_symmetric,false,6,3.00000,1.00000,1.00000,29000,3.00000,0.00017,0.13074,0.00000,0.01779,0.01428,0.96703
sim1_uniform_post,task003_symmetric,false,6,3.00000,2.00000,1.00000,29000,3.00000,-0.00164,0.14630,0.00000,0.02228,0.03110,0.92434
sim1_uniform_post,task003_symmetric,false,6,3.00000,3.00000,1.00000,29000,3.00000,0.00166,0.14470,0.00000,0.02286,0.03259,0.91179
sim1_uniform_post,task003_symmetric,false,6,3.00000,6.00000,1.00000,29000,3.00000,-0.00007,0.15954,0.00000,0.02645,0.03214,0.91552
sim1_uniform_post,task003_symmetric,false,6,3.00000,9.00000,1.00000,29000,3.00000,-0.00009,0.17550,0.00000,0.03414,0.03534,0.91272
sim1_uniform_post,task003_symmetric,false,6,6.00000,1.00000,1.00000,29000,6.00000,-0.00049,0.08805,0.00000,0.01624,0.01221,0.95569
sim1_uniform_post,task003_symmetric,false,6,6.00000,2.00000,1.00000,29000,6.00000,0.00011,0.09444,0.00000,0.02048,0.02028,0.91693
sim1_uniform_post,task003_symmetric,false,6,6.00000,3.00000,1.00000,29000,6.00000,0.00032,0.09572,0.00000,0.02197,0.02024,0.91093
sim1_uniform_post,task003_symmetric,false,6,6.00000,6.00000,1.00000,29000,6.00000,0.00004,0.10574,0.00000,0.02662,0.02334,0.89569
sim1_uniform_post,task003_symmetric,false,6,6.00000,9.00000,1.00000,29000,6.00000,0.00106,0.11429,0.00000,0.03110,0.02541,0.88841
sim1_uniform_post,task003_symmetric,false,6,12.00000,1.00000,1.00000,29000,12.00000,0.00006,0.05270,0.00000,0.01521,0.00745,0.94759
sim1_uniform_post,task003_symmetric,false,6,12.00000,2.00000,1.00000,29000,12.00000,0.00063,0.05816,0.00000,0.01990,0.00976,0.90624
sim1_uniform_post,task003_symmetric,false,6,12.00000,3.00000,1.00000,29000,12.00000,0.00022,0.05840,0.00000,0.02162,0.00928,0.90376
sim1_uniform_post,task003_symmetric,false,6,12.00000,6.00000,1.00000,29000,12.00000,0.00024,0.06274,0.00000,0.02348,0.01100,0.88145
sim1_uniform_post,task003_symmetric,false,6,12.00000,9.00000,1.00000,29000,12.00000,0.00038,0.06879,0.00000,0.02914,0.01183,0.86800
sim1_uniform_post,task003_symmetric,false,6,24.00000,1.00000,1.00000,29000,24.00000,0.00000,0.00000,0.00000,0.00000,0.00000,0.93710
sim1_uniform_post,task003_symmetric,false,6,24.00000,2.00000,1.00000,29000,24.00000,0.00000,0.00000,0.00000,0.00000,0.00000,0.89990
sim1_uniform_post,task003_symmetric,false,6,24.00000,3.00000,1.00000,29000,24.00000,0.00000,0.00000,0.00000,0.00000,0.00000,0.89383
sim1_uniform_post,task003_symmetric,false,6,24.00000,6.00000,1.00000,29000,24.00000,0.00000,0.00000,0.00000,0.00000,0.00000,0.88297
sim1_uniform_post,task003_symmetric,false,6,24.00000,9.00000,1.00000,29000,24.00000,0.00000,0.00000,0.00000,0.00000,0.00000,0.86779
sim1_uniform_post,task003_symmetric,false,12,3.00000,1.00000,1.00000,29000,3.00000,-0.00094,0.10190,0.00000,0.00990,0.01731,0.96266
sim1_uniform_post,task003_symmetric,false,12,3.00000,2.00000,1.00000,29000,3.00000,-0.00058,0.11823,0.00000,0.01407,0.03134,0.91934
sim1_uniform_post,task003_symmetric,false,12,3.00000,3.00000,1.00000,29000,3.00000,-0.00065,0.11192,0.00000,0.01310,0.02848,0.91845
sim1_uniform_post,task003_symmetric,false,12,3.00000,6.00000,1.00000,29000,3.00000,0.00041,0.11866,0.00000,0.01362,0.02628,0.92079
sim1_uniform_post,task003_symmetric,false,12,3.00000,9.00000,1.00000,29000,3.00000,-0.00021,0.13151,0.00000,0.01762,0.03041,0.90859
sim1_uniform_post,task003_symmetric,false,12,6.00000,1.00000,1.00000,29000,6.00000,-0.00027,0.07111,0.00000,0.00979,0.01400,0.95145
sim1_uniform_post,task003_symmetric,false,12,6.00000,2.00000,1.00000,29000,6.00000,-0.00016,0.07581,0.00000,0.01210,0.01921,0.91938
sim1_uniform_post,task003_symmetric,false,12,6.00000,3.00000,1.00000,29000,6.00000,-0.00006,0.07537,0.00000,0.01197,0.02007,0.90348
sim1_uniform_post,task003_symmetric,false,12,6.00000,6.00000,1.00000,29000,6.00000,0.00038,0.07914,0.00000,0.01248,0.01807,0.89548
sim1_uniform_post,task003_symmetric,false,12,6.00000,9.00000,1.00000,29000,6.00000,-0.00020,0.08581,0.00000,0.01538,0.01952,0.88790
sim1_uniform_post,task003_symmetric,false,12,12.00000,1.00000,1.00000,29000,12.00000,0.00033,0.04216,0.00000,0.01107,0.00545,0.94348
sim1_uniform_post,task003_symmetric,false,12,12.00000,2.00000,1.00000,29000,12.00000,0.00009,0.04541,0.00000,0.01131,0.00783,0.91497
sim1_uniform_post,task003_symmetric,false,12,12.00000,3.00000,1.00000,29000,12.00000,-0.00016,0.04580,0.00000,0.01186,0.00793,0.89531
sim1_uniform_post,task003_symmetric,false,12,12.00000,6.00000,1.00000,29000,12.00000,0.00041,0.04752,0.00000,0.01279,0.00779,0.88017
sim1_uniform_post,task003_symmetric,false,12,12.00000,9.00000,1.00000,29000,12.00000,0.00000,0.05236,0.00000,0.01479,0.00886,0.86507
sim1_uniform_post,task003_symmetric,false,12,24.00000,1.00000,1.00000,29000,24.00000,0.00000,0.00000,0.00000,0.00000,0.00000,0.93603
sim1_uniform_post,task003_symmetric,false,12,24.00000,2.00000,1.00000,29000,24.00000,0.00000,0.00000,0.00000,0.00000,0.00000,0.90431
sim1_uniform_post,task003_symmetric,false,12,24.00000,3.00000,1.00000,29000,24.00000,0.00000,0.00000,0.00000,0.00000,0.00000,0.89066
sim1_uniform_post,task003_symmetric,false,12,24.00000,6.00000,1.00000,29000,24.00000,0.00000,0.00000,0.00000,0.00000,0.00000,0.87028
sim1_uniform_post,task003_symmetric,false,12,24.00000,9.00000,1.00000,29000,24.00000,0.00000,0.00000,0.00000,0.00000,0.00000,0.85869
sim1_uniform_post,task003_symmetric,truth,3,3.00000,1.00000,0.75000,29000,3.00000,-0.00058,0.13864,0.00012,0.01345,0.15314,0.06410
sim1_uniform_post,task003_symmetric,truth,3,3.00000,2.00000,0.75000,29000,3.00000,-0.00067,0.12289,0.00009,0.00752,0.12372,0.04403
sim1_uniform_post,task003_symmetric,truth,3,3.00000,3.00000,0.75000,29000,3.00000,-0.00004,0.11690,0.00008,0.00672,0.11224,0.04086
sim1_uniform_post,task003_symmetric,truth,3,3.00000,6.00000,0.75000,29000,3.00000,-0.00013,0.10590,0.00008,0.00624,0.08921,0.03597
sim1_uniform_post,task003_symmetric,truth,3,3.00000,9.00000,0.75000,29000,3.00000,0.00060,0.10381,0.00006,0.00552,0.08638,0.03448
sim1_uniform_post,task003_symmetric,truth,3,6.00000,1.00000,0.75000,29000,6.00000,0.00102,0.09875,0.00012,0.02076,0.07497,0.08083
sim1_uniform_post,task003_symmetric,truth,3,6.00000,2.00000,0.75000,29000,6.00000,0.00011,0.08864,0.00012,0.01241,0.05724,0.05593
sim1_uniform_post,task003_symmetric,truth,3,6.00000,3.00000,0.75000,29000,6.00000,0.00043,0.08509,0.00011,0.01107,0.05138,0.05155
sim1_uniform_post,task003_symmetric,truth,3,6.00000,6.00000,0.75000,29000,6.00000,-0.00076,0.07854,0.00009,0.00866,0.04203,0.04352
sim1_uniform_post,task003_symmetric,truth,3,6.00000,9.00000,0.75000,29000,6.00000,0.00055,0.07891,0.00008,0.00893,0.04283,0.04386
sim1_uniform_post,task003_symmetric,truth,3,12.00000,1.00000,0.75000,29000,12.00000,0.00053,0.06036,0.00014,0.02545,0.02617,0.10269
sim1_uniform_post,task003_symmetric,truth,3,12.00000,2.00000,0.75000,29000,12.00000,0.00018,0.05593,0.00012,0.01707,0.02134,0.07386
sim1_uniform_post,task003_symmetric,truth,3,12.00000,3.00000,0.75000,29000,12.00000,0.00035,0.05274,0.00015,0.01614,0.01759,0.06576
sim1_uniform_post,task003_symmetric,truth,3,12.00000,6.00000,0.75000,29000,12.00000,-0.00013,0.04970,0.00012,0.01117,0.01528,0.05200
sim1_uniform_post,task003_symmetric,truth,3,12.00000,9.00000,0.75000,29000,12.00000,-0.00007,0.05039,0.00011,0.01269,0.01524,0.05700
sim1_uniform_post,task003_symmetric,truth,3,24.00000,1.00000,0.75000,29000,23.99372,0.00015,0.00251,0.00015,0.00000,0.00021,0.10507
sim1_uniform_post,task003_symmetric,truth,3,24.00000,2.00000,0.75000,29000,23.99428,0.00013,0.00231,0.00013,0.00000,0.00014,0.08059
sim1_uniform_post,task003_symmetric,truth,3,24.00000,3.00000,0.75000,29000,23.99407,0.00015,0.00248,0.00015,0.00000,0.00014,0.06417
sim1_uniform_post,task003_symmetric,truth,3,24.00000,6.00000,0.75000,29000,23.99528,0.00011,0.00217,0.00011,0.00000,0.00017,0.05597
sim1_uniform_post,task003_symmetric,truth,3,24.00000,9.00000,0.75000,29000,23.99552,0.00011,0.00216,0.00011,0.00000,0.00014,0.05797
sim1_uniform_post,task003_symmetric,truth,6,3.00000,1.00000,0.75000,29000,3.00000,0.00050,0.11211,0.00003,0.00724,0.10121,0.03821
sim1_uniform_post,task003_symmetric,truth,6,3.00000,2.00000,0.75000,29000,3.00000,-0.00007,0.09542,0.00003,0.00486,0.07534,0.02800
sim1_uniform_post,task003_symmetric,truth,6,3.00000,3.00000,0.75000,29000,3.00000,0.00025,0.09023,0.00003,0.00434,0.06576,0.02579
sim1_uniform_post,task003_symmetric,truth,6,3.00000,6.00000,0.75000,29000,3.00000,-0.00003,0.07945,0.00002,0.00359,0.04890,0.02314
sim1_uniform_post,task003_symmetric,truth,6,3.00000,9.00000,0.75000,29000,3.00000,0.00057,0.07729,0.00002,0.00359,0.04448,0.02279
sim1_uniform_post,task003_symmetric,truth,6,6.00000,1.00000,0.75000,29000,6.00000,0.00069,0.08077,0.00005,0.01093,0.04338,0.04638
sim1_uniform_post,task003_symmetric,truth,6,6.00000,2.00000,0.75000,29000,6.00000,-0.00010,0.07093,0.00004,0.00707,0.03297,0.03434
sim1_uniform_post,task003_symmetric,truth,6,6.00000,3.00000,0.75000,29000,6.00000,0.00047,0.06745,0.00003,0.00648,0.02824,0.03079
sim1_uniform_post,task003_symmetric,truth,6,6.00000,6.00000,0.75000,29000,6.00000,0.00027,0.06067,0.00002,0.00490,0.02152,0.02734
sim1_uniform_post,task003_symmetric,truth,6,6.00000,9.00000,0.75000,29000,6.00000,-0.00003,0.05910,0.00002,0.00455,0.02055,0.02662
sim1_uniform_post,task003_symmetric,truth,6,12.00000,1.00000,0.75000,29000,12.00000,-0.00003,0.04899,0.00005,0.01241,0.01590,0.05424
sim1_uniform_post,task003_symmetric,truth,6,12.00000,2.00000,0.75000,29000,12.00000,-0.00009,0.04451,0.00004,0.00959,0.01141,0.04262
sim1_uniform_post,task003_symmetric,truth,6,12.00000,3.00000,0.75000,29000,12.00000,-0.00005,0.04263,0.00003,0.00800,0.01055,0.03817
sim1_uniform_post,task003_symmetric,truth,6,12.00000,6.00000,0.75000,29000,12.00000,0.00028,0.03901,0.00003,0.00607,0.00786,0.03276
sim1_uniform_post,task003_symmetric,truth,6,12.00000,9.00000,0.75000,29000,12.00000,0.00005,0.03876,0.00003,0.00634,0.00793,0.03303
sim1_uniform_post,task003_symmetric,truth,6,24.00000,1.00000,0.75000,29000,23.99838,0.00005,0.00140,0.00005,0.00000,0.00000,0.05690
sim1_uniform_post,task003_symmetric,truth,6,24.00000,2.00000,0.75000,29000,23.99872,0.00004,0.00121,0.00004,0.00000,0.00000,0.04366
sim1_uniform_post,task003_symmetric,truth,6,24.00000,3.00000,0.75000,29000,23.99900,0.00003,0.00115,0.00003,0.00000,0.00000,0.03941
sim1_uniform_post,task003_symmetric,truth,6,24.00000,6.00000,0.75000,29000,23.99897,0.00004,0.00120,0.00004,0.00000,0.00000,0.03417
sim1_uniform_post,task003_symmetric,truth,6,24.00000,9.00000,0.75000,29000,23.99917,0.00003,0.00105,0.00003,0.00000,0.00000,0.03445
sim1_uniform_post,task003_symmetric,truth,12,3.00000,1.00000,0.75000,29000,3.00000,0.00038,0.09403,0.00002,0.00562,0.07014,0.02910
sim1_uniform_post,task003_symmetric,truth,12,3.00000,2.00000,0.75000,29000,3.00000,0.00141,0.08050,0.00002,0.00400,0.05024,0.02186
sim1_uniform_post,task003_symmetric,truth,12,3.00000,3.00000,0.75000,29000,3.00000,0.00093,0.07532,0.00002,0.00366,0.04338,0.02079
sim1_uniform_post,task003_symmetric,truth,12,3.00000,6.00000,0.75000,29000,3.00000,0.00099,0.06694,0.00002,0.00324,0.03166,0.01955
sim1_uniform_post,task003_symmetric,truth,12,3.00000,9.00000,0.75000,29000,3.00000,0.00107,0.06438,0.00002,0.00317,0.02779,0.01945
sim1_uniform_post,task003_symmetric,truth,12,6.00000,1.00000,0.75000,29000,6.00000,0.00003,0.06689,0.00003,0.00690,0.02907,0.03241
sim1_uniform_post,task003_symmetric,truth,12,6.00000,2.00000,0.75000,29000,6.00000,0.00049,0.05964,0.00002,0.00479,0.02110,0.02400
sim1_uniform_post,task003_symmetric,truth,12,6.00000,3.00000,0.75000,29000,6.00000,-0.00003,0.05648,0.00003,0.00448,0.01893,0.02352
sim1_uniform_post,task003_symmetric,truth,12,6.00000,6.00000,0.75000,29000,6.00000,-0.00001,0.05131,0.00002,0.00414,0.01559,0.02207
sim1_uniform_post,task003_symmetric,truth,12,6.00000,9.00000,0.75000,29000,6.00000,0.00022,0.04966,0.00002,0.00397,0.01434,0.02166
sim1_uniform_post,task003_symmetric,truth,12,12.00000,1.00000,0.75000,29000,12.00000,0.00039,0.04064,0.00003,0.00879,0.00900,0.03883
sim1_uniform_post,task003_symmetric,truth,12,12.00000,2.00000,0.75000,29000,12.00000,0.00004,0.03725,0.00003,0.00552,0.00728,0.02934
sim1_uniform_post,task003_symmetric,truth,12,12.00000,3.00000,0.75000,29000,12.00000,-0.00003,0.03529,0.00003,0.00538,0.00638,0.02786
sim1_uniform_post,task003_symmetric,truth,12,12.00000,6.00000,0.75000,29000,12.00000,0.00003,0.03314,0.00003,0.00455,0.00600,0.02597
sim1_uniform_post,task003_symmetric,truth,12,12.00000,9.00000,0.75000,29000,12.00000,0.00005,0.03191,0.00002,0.00431,0.00528,0.02538
sim1_uniform_post,task003_symmetric,truth,12,24.00000,1.00000,0.75000,29000,23.99907,0.00003,0.00104,0.00003,0.00000,0.00000,0.03717
sim1_uniform_post,task003_symmetric,truth,12,24.00000,2.00000,0.75000,29000,23.99883,0.00003,0.00113,0.00003,0.00000,0.00000,0.03052
sim1_uniform_post,task003_symmetric,truth,12,24.00000,3.00000,0.75000,29000,23.99900,0.00002,0.00098,0.00002,0.00000,0.00000,0.02876
sim1_uniform_post,task003_symmetric,truth,12,24.00000,6.00000,0.75000,29000,23.99907,0.00002,0.00101,0.00002,0.00000,0.00000,0.02659
sim1_uniform_post,task003_symmetric,truth,12,24.00000,9.00000,0.75000,29000,23.99914,0.00002,0.00095,0.00002,0.00000,0.00000,0.02548
sim1_uniform_post,task003_symmetric,truth,3,3.00000,1.00000,1.00000,29000,3.00000,-0.00034,0.06834,0.00000,0.00410,0.02755,0.03131
sim1_uniform_post,task003_symmetric,truth,3,3.00000,2.00000,1.00000,29000,3.00000,-0.00043,0.06463,0.00000,0.00397,0.02355,0.02862
sim1_uniform_post,task003_symmetric,truth,3,3.00000,3.00000,1.00000,29000,3.00000,-0.00038,0.06375,0.00000,0.00376,0.02197,0.02824
sim1_uniform_post,task003_symmetric,truth,3,3.00000,6.00000,1.00000,29000,3.00000,0.00019,0.06236,0.00000,0.00383,0.02107,0.02776
sim1_uniform_post,task003_symmetric,truth,3,3.00000,9.00000,1.00000,29000,3.00000,-0.00027,0.06323,0.00000,0.00352,0.02307,0.02728
sim1_uniform_post,task003_symmetric,truth,3,6.00000,1.00000,1.00000,29000,6.00000,-0.00015,0.04766,0.00000,0.00490,0.01152,0.03210
sim1_uniform_post,task003_symmetric,truth,3,6.00000,2.00000,1.00000,29000,6.00000,-0.00008,0.04400,0.00000,0.00424,0.01003,0.02914
sim1_uniform_post,task003_symmetric,truth,3,6.00000,3.00000,1.00000,29000,6.00000,-0.00010,0.04364,0.00000,0.00459,0.01014,0.02893
sim1_uniform_post,task003_symmetric,truth,3,6.00000,6.00000,1.00000,29000,6.00000,-0.00016,0.04331,0.00000,0.00386,0.00952,0.02779
sim1_uniform_post,task003_symmetric,truth,3,6.00000,9.00000,1.00000,29000,6.00000,0.00005,0.04373,0.00000,0.00410,0.00959,0.02797
sim1_uniform_post,task003_symmetric,truth,3,12.00000,1.00000,1.00000,29000,12.00000,-0.00004,0.02862,0.00000,0.00517,0.00410,0.03376
sim1_uniform_post,task003_symmetric,truth,3,12.00000,2.00000,1.00000,29000,12.00000,-0.00005,0.02671,0.00000,0.00452,0.00376,0.03038
sim1_uniform_post,task003_symmetric,truth,3,12.00000,3.00000,1.00000,29000,12.00000,-0.00002,0.02627,0.00000,0.00417,0.00345,0.02948
sim1_uniform_post,task003_symmetric,truth,3,12.00000,6.00000,1.00000,29000,12.00000,-0.00016,0.02645,0.00000,0.00369,0.00407,0.02824
sim1_uniform_post,task003_symmetric,truth,3,12.00000,9.00000,1.00000,29000,12.00000,-0.00023,0.02661,0.00000,0.00372,0.00352,0.02883
sim1_uniform_post,task003_symmetric,truth,3,24.00000,1.00000,1.00000,29000,24.00000,0.00000,0.00000,0.00000,0.00000,0.00000,0.03383
sim1_uniform_post,task003_symmetric,truth,3,24.00000,2.00000,1.00000,29000,24.00000,0.00000,0.00000,0.00000,0.00000,0.00000,0.03031
sim1_uniform_post,task003_symmetric,truth,3,24.00000,3.00000,1.00000,29000,24.00000,0.00000,0.00000,0.00000,0.00000,0.00000,0.02879
sim1_uniform_post,task003_symmetric,truth,3,24.00000,6.00000,1.00000,29000,24.00000,0.00000,0.00000,0.00000,0.00000,0.00000,0.02786
sim1_uniform_post,task003_symmetric,truth,3,24.00000,9.00000,1.00000,29000,24.00000,0.00000,0.00000,0.00000,0.00000,0.00000,0.02866
sim1_uniform_post,task003_symmetric,truth,6,3.00000,1.00000,1.00000,29000,3.00000,0.00069,0.05385,0.00000,0.00328,0.01448,0.02183
sim1_uniform_post,task003_symmetric,truth,6,3.00000,2.00000,1.00000,29000,3.00000,0.00052,0.05026,0.00000,0.00293,0.01155,0.02055
sim1_uniform_post,task003_symmetric,truth,6,3.00000,3.00000,1.00000,29000,3.00000,0.00038,0.05086,0.00000,0.00297,0.01176,0.02048
sim1_uniform_post,task003_symmetric,truth,6,3.00000,6.00000,1.00000,29000,3.00000,0.00038,0.04981,0.00000,0.00286,0.01097,0.02021
sim1_uniform_post,task003_symmetric,truth,6,3.00000,9.00000,1.00000,29000,3.00000,0.00056,0.04976,0.00000,0.00283,0.01100,0.02014
sim1_uniform_post,task003_symmetric,truth,6,6.00000,1.00000,1.00000,29000,6.00000,0.00021,0.03718,0.00000,0.00362,0.00676,0.02279
sim1_uniform_post,task003_symmetric,truth,6,6.00000,2.00000,1.00000,29000,6.00000,0.00029,0.03458,0.00000,0.00310,0.00552,0.02083
sim1_uniform_post,task003_symmetric,truth,6,6.00000,3.00000,1.00000,29000,6.00000,0.00032,0.03414,0.00000,0.00321,0.00541,0.02076
sim1_uniform_post,task003_symmetric,truth,6,6.00000,6.00000,1.00000,29000,6.00000,0.00019,0.03370,0.00000,0.00303,0.00514,0.02045
sim1_uniform_post,task003_symmetric,truth,6,6.00000,9.00000,1.00000,29000,6.00000,0.00021,0.03398,0.00000,0.00303,0.00514,0.02041
sim1_uniform_post,task003_symmetric,truth,6,12.00000,1.00000,1.00000,29000,12.00000,0.00001,0.02210,0.00000,0.00272,0.00266,0.02266
sim1_uniform_post,task003_symmetric,truth,6,12.00000,2.00000,1.00000,29000,12.00000,-0.00000,0.02073,0.00000,0.00234,0.00241,0.02079
sim1_uniform_post,task003_symmetric,truth,6,12.00000,3.00000,1.00000,29000,12.00000,0.00000,0.02023,0.00000,0.00252,0.00221,0.02072
sim1_uniform_post,task003_symmetric,truth,6,12.00000,6.00000,1.00000,29000,12.00000,-0.00001,0.02018,0.00000,0.00238,0.00214,0.02052
sim1_uniform_post,task003_symmetric,truth,6,12.00000,9.00000,1.00000,29000,12.00000,0.00003,0.02032,0.00000,0.00231,0.00210,0.02041
sim1_uniform_post,task003_symmetric,truth,6,24.00000,1.00000,1.00000,29000,24.00000,0.00000,0.00000,0.00000,0.00000,0.00000,0.02331
sim1_uniform_post,task003_symmetric,truth,6,24.00000,2.00000,1.00000,29000,24.00000,0.00000,0.00000,0.00000,0.00000,0.00000,0.02079
sim1_uniform_post,task003_symmetric,truth,6,24.00000,3.00000,1.00000,29000,24.00000,0.00000,0.00000,0.00000,0.00000,0.00000,0.02072
sim1_uniform_post,task003_symmetric,truth,6,24.00000,6.00000,1.00000,29000,24.00000,0.00000,0.00000,0.00000,0.00000,0.00000,0.02048
sim1_uniform_post,task003_symmetric,truth,6,24.00000,9.00000,1.00000,29000,24.00000,0.00000,0.00000,0.00000,0.00000,0.00000,0.02045
sim1_uniform_post,task003_symmetric,truth,12,3.00000,1.00000,1.00000,29000,3.00000,0.00055,0.04862,0.00000,0.00279,0.00955,0.01786
sim1_uniform_post,task003_symmetric,truth,12,3.00000,2.00000,1.00000,29000,3.00000,0.00054,0.04637,0.00000,0.00262,0.00838,0.01683
sim1_uniform_post,task003_symmetric,truth,12,3.00000,3.00000,1.00000,29000,3.00000,0.00059,0.04599,0.00000,0.00262,0.00793,0.01683
sim1_uniform_post,task003_symmetric,truth,12,3.00000,6.00000,1.00000,29000,3.00000,0.00060,0.04590,0.00000,0.00262,0.00783,0.01683
sim1_uniform_post,task003_symmetric,truth,12,3.00000,9.00000,1.00000,29000,3.00000,0.00057,0.04599,0.00000,0.00262,0.00786,0.01683
sim1_uniform_post,task003_symmetric,truth,12,6.00000,1.00000,1.00000,29000,6.00000,0.00034,0.03225,0.00000,0.00283,0.00493,0.01793
sim1_uniform_post,task003_symmetric,truth,12,6.00000,2.00000,1.00000,29000,6.00000,0.00042,0.03041,0.00000,0.00262,0.00434,0.01686
sim1_uniform_post,task003_symmetric,truth,12,6.00000,3.00000,1.00000,29000,6.00000,0.00041,0.03031,0.00000,0.00262,0.00424,0.01679
sim1_uniform_post,task003_symmetric,truth,12,6.00000,6.00000,1.00000,29000,6.00000,0.00039,0.03028,0.00000,0.00262,0.00424,0.01679
sim1_uniform_post,task003_symmetric,truth,12,6.00000,9.00000,1.00000,29000,6.00000,0.00041,0.03025,0.00000,0.00262,0.00424,0.01679
sim1_uniform_post,task003_symmetric,truth,12,12.00000,1.00000,1.00000,29000,12.00000,0.00007,0.01825,0.00000,0.00200,0.00169,0.01741
sim1_uniform_post,task003_symmetric,truth,12,12.00000,2.00000,1.00000,29000,12.00000,0.00009,0.01727,0.00000,0.00179,0.00148,0.01648
sim1_uniform_post,task003_symmetric,truth,12,12.00000,3.00000,1.00000,29000,12.00000,0.00010,0.01718,0.00000,0.00179,0.00152,0.01645
sim1_uniform_post,task003_symmetric,truth,12,12.00000,6.00000,1.00000,29000,12.00000,0.00011,0.01714,0.00000,0.00179,0.00148,0.01641
sim1_uniform_post,task003_symmetric,truth,12,12.00000,9.00000,1.00000,29000,12.00000,0.00012,0.01719,0.00000,0.00179,0.00148,0.01641
sim1_uniform_post,task003_symmetric,truth,12,24.00000,1.00000,1.00000,29000,24.00000,0.00000,0.00000,0.00000,0.00000,0.00000,0.01738
sim1_uniform_post,task003_symmetric,truth,12,24.00000,2.00000,1.00000,29000,24.00000,0.00000,0.00000,0.00000,0.00000,0.00000,0.01652
sim1_uniform_post,task003_symmetric,truth,12,24.00000,3.00000,1.00000,29000,24.00000,0.00000,0.00000,0.00000,0.00000,0.00000,0.01648
sim1_uniform_post,task003_symmetric,truth,12,24.00000,6.00000,1.00000,29000,24.00000,0.00000,0.00000,0.00000,0.00000,0.00000,0.01641
sim1_uniform_post,task003_symmetric,truth,12,24.00000,9.00000,1.00000,29000,24.00000,0.00000,0.00000,0.00000,0.00000,0.00000,0.01641
