comparison,q,rho,schedule,budget,horizon,repeat,m,problem,set,selected_mode,selected_by_fold,score,log_loss,accuracy,nwj_raw,dv_raw,plugin_raw,ess_raw,maxshare_raw,nwj_cap2,dv_cap2,plugin_cap2,ess_cap2,maxshare_cap2,nwj_cap5,dv_cap5,plugin_cap5,ess_cap5,maxshare_cap5,nwj_cap10,dv_cap10,plugin_cap10,ess_cap10,maxshare_cap10,score_lo,score_hi,score_sd,cand:constant,loss:constant,cand:gru_direct-w4-l0.01-cap5,loss:gru_direct-w4-l0.01-cap5,cand:gru_direct-w4-l0.1-cap5,loss:gru_direct-w4-l0.1-cap5,nparams:constant,nparams:gru_direct-w4-l0.01-cap5,nparams:gru_direct-w4-l0.1-cap5,epoch_cap_fraction,cand:linear-l0.01,loss:linear-l0.01,cand:linear-l0.1,loss:linear-l0.1,cand:linear-l1,loss:linear-l1,cand:linear-l10,loss:linear-l10,cand:quadratic-l0.01,loss:quadratic-l0.01,cand:quadratic-l0.1,loss:quadratic-l0.1,cand:quadratic-l1,loss:quadratic-l1,cand:quadratic-l10,loss:quadratic-l10,cand:flat-w4-l0.01,loss:flat-w4-l0.01,cand:flat-w8-l0.01,loss:flat-w8-l0.01,cand:flat-w4-l0.1,loss:flat-w4-l0.1,cand:flat-w8-l0.1,loss:flat-w8-l0.1,cand:gru-w4-l0.01,loss:gru-w4-l0.01,cand:gru-w8-l0.01,loss:gru-w8-l0.01,cand:gru-w4-l0.1,loss:gru-w4-l0.1,cand:gru-w8-l0.1,loss:gru-w8-l0.1,cand:gru_mean-w4-l0.01,loss:gru_mean-w4-l0.01,cand:gru_mean-w4-l0.1,loss:gru_mean-w4-l0.1,nparams:linear-l0.01,nparams:linear-l0.1,nparams:linear-l1,nparams:linear-l10,nparams:quadratic-l0.01,nparams:quadratic-l0.1,nparams:quadratic-l1,nparams:quadratic-l10,nparams:flat-w4-l0.01,nparams:flat-w8-l0.01,nparams:flat-w4-l0.1,nparams:flat-w8-l0.1,nparams:gru-w4-l0.01,nparams:gru-w8-l0.01,nparams:gru-w4-l0.1,nparams:gru-w8-l0.1,nparams:gru_mean-w4-l0.01,nparams:gru_mean-w4-l0.1,cand:constant-h1,loss:constant-h1,cand:gru-w4-l0.01-h1,loss:gru-w4-l0.01-h1,cand:gru-w4-l0.1-h1,loss:gru-w4-l0.1-h1,nparams:constant-h1,nparams:gru-w4-l0.01-h1,nparams:gru-w4-l0.1-h1,cand:constant-h2,loss:constant-h2,cand:gru-w4-l0.01-h2,loss:gru-w4-l0.01-h2,cand:gru-w4-l0.1-h2,loss:gru-w4-l0.1-h2,nparams:constant-h2,nparams:gru-w4-l0.01-h2,nparams:gru-w4-l0.1-h2,cand:constant-h4,loss:constant-h4,cand:gru-w4-l0.01-h4,loss:gru-w4-l0.01-h4,cand:gru-w4-l0.1-h4,loss:gru-w4-l0.1-h4,nparams:constant-h4,nparams:gru-w4-l0.01-h4,nparams:gru-w4-l0.1-h4,brier,score_eps1e-06,saturation_eps1e-06,score_eps0.0001,saturation_eps0.0001,score_eps1e-08,saturation_eps1e-08,cand:mlp-w4-l0.01,loss:mlp-w4-l0.01,cand:mlp-w8-l0.01,loss:mlp-w8-l0.01,cand:mlp-w4-l0.1,loss:mlp-w4-l0.1,cand:mlp-w8-l0.1,loss:mlp-w8-l0.1,nparams:mlp-w4-l0.01,nparams:mlp-w8-l0.01,nparams:mlp-w4-l0.1,nparams:mlp-w8-l0.1
q12_rho0.70_always_b12,12,0.7,always,12,10,0,40,cost0,direct,gru_direct-w4-l0.1-cap5,gru_direct-w4-l0.1-cap5|gru_direct-w4-l0.1-cap5|gru_direct-w4-l0.1-cap5|gru_direct-w4-l0.01-cap5|gru_direct-w4-l0.1-cap5,1.8892323563369833,0.2415954517503502,0.9375,1.8892323563369833,1.930365407270247,2.2041059157057092,5.311712689610986,0.2505973460586977,1.793535352313763,1.8179076592939605,1.5886938761877378,7.904422833731706,0.17521349539041725,1.915786966211043,1.9259311212741488,2.06506553736135,5.684579841705509,0.233172390628646,1.8997806147188279,1.93019926329896,2.1671152310821653,5.404478561481041,0.24591677609687876,0.705605979211712,2.790380301622317,0.5366495011565398,0.0,0.6931471805599453,2.460416523907057,0.21349711264332288,1.7310109914720897,0.251233073077489,0.0,113.0,113.0,0.0,,,,,,,,,,,,,,,,,,,,,,,,,,,,,,,,,,,,,,,,,,,,,,,,,,,,,,,,,,,,,,,,,,,,,,,,,,,,,,,,,,,,,,,,,,,,,,,,,,,,
q12_rho0.70_always_b12,12,0.7,always,12,10,0,40,cost0,main,quadratic-l0.01,quadratic-l0.01|flat-w4-l0.01|linear-l0.01|quadratic-l0.01|quadratic-l0.01,4.202950413765595,0.12380336443668741,0.95,4.202950413765595,4.275600774760646,3.868582319629926,2.0953139540111745,0.6629926382604472,2.3132530249291343,2.5428622665591334,1.779218472840295,6.261360717179874,0.3199195532789643,3.520624050639951,3.6573137857735123,3.0846386586098284,2.5012606745936607,0.5920796056153409,3.986583257060789,4.07651528063311,3.6201926210234454,2.1866234719343196,0.6452985130488066,3.06868994693336,5.083687048990672,0.5170823239918041,0.0,0.6931471805599453,,,,,0.0,,,0.0,3.332836575532892,0.15078906502477243,2.269557248341184,0.2126791434728565,1.1091630960433096,0.4147145869775257,0.23571050635240862,0.6336647078468254,4.297034538973714,0.11523614883997832,3.200576541522248,0.142518025094233,1.9723874463688484,0.2539505084159984,0.7110750800502571,0.5142364002934625,4.50469875915812,0.11091009656681969,4.667901968511164,0.10763198976935055,2.5911536941480704,0.17943778700846363,2.8219824148776658,0.15956253893305689,1.8422121658074826,0.21337151046367392,1.7758306619702133,0.21380573452648077,1.6659745529273593,0.2807691779814759,1.6998627165314013,0.2683959386119872,2.596003415421513,0.1814025501272305,1.050662083149183,0.3923234599128275,7.0,7.0,7.0,7.0,28.0,28.0,28.0,28.0,141.0,281.0,141.0,281.0,113.0,321.0,113.0,321.0,113.0,113.0,,,,,,,,,,,,,,,,,,,,,,,,,,,,,,,,,,,,,,,,,,,,,,
q12_rho0.70_always_b12,12,0.7,always,12,10,0,40,cost0,mem1,gru-w4-l0.01-h1,gru-w4-l0.01-h1|gru-w4-l0.01-h1|gru-w4-l0.01-h1|gru-w4-l0.01-h1|gru-w4-l0.01-h1,2.9343259743304997,0.1642698829046516,0.9375,2.9343259743304997,3.046740096077641,2.531954970098524,3.342662647294463,0.4550949373429791,2.07626866912575,2.2599702662401855,1.585897328089374,7.10412030660363,0.2588434411925519,2.7163220493252007,2.8574903266927394,2.2746101041158306,3.7910472137714324,0.4125784703121111,2.874121504728002,2.9946510860609328,2.4599883580104143,3.4478005510038483,0.44410758985012,2.097623970093421,3.5627904651106266,0.3726034630430681,,,,,,,,,,0.0,,,,,,,,,,,,,,,,,,,,,,,,,,,,,,,,,,,,,,,,,,,,,,,,,,,,,,,0.0,0.6931471805599453,2.9343259743304997,0.1642698829046516,1.5172983330533119,0.33353265024268774,0.0,116.0,116.0,,,,,,,,,,,,,,,,,,,,,,,,,,,,,,,,,,,,,
q12_rho0.70_always_b12,12,0.7,always,12,10,0,40,cost0,mem2,gru-w4-l0.01-h2,gru-w4-l0.01-h2|gru-w4-l0.01-h2|gru-w4-l0.01-h2|gru-w4-l0.01-h2|gru-w4-l0.01-h2,2.87024723265667,0.16675112336683298,0.9375,2.87024723265667,2.9013657004312745,2.6410737171617367,2.666355882908391,0.5554703906580873,2.072549071386004,2.2370200665071387,1.6030087654687262,6.610323439731207,0.27928143827883095,2.6793319040308874,2.7511950465415245,2.346536485919716,3.1620903611702116,0.4895348395033269,2.818488043646596,2.8599353446905753,2.557516521287445,2.785034826595365,0.5380350721794446,1.6972383896007226,3.6953602911691794,0.5133476631544531,,,,,,,,,,0.0,,,,,,,,,,,,,,,,,,,,,,,,,,,,,,,,,,,,,,,,,,,,,,,,,,,,,,,,,,,,,,,,0.0,0.6931471805599453,2.87024723265667,0.16675112336683298,1.7955257689793627,0.28200495670624603,0.0,116.0,116.0,,,,,,,,,,,,,,,,,,,,,,,,,,,,
q12_rho0.70_always_b12,12,0.7,always,12,10,0,40,cost0,mem4,gru-w4-l0.01-h4,gru-w4-l0.01-h4|gru-w4-l0.1-h4|gru-w4-l0.01-h4|gru-w4-l0.01-h4|gru-w4-l0.01-h4,2.8513402476014402,0.17822527626612614,0.95,2.8513402476014402,2.8702675733264176,2.669185791598443,2.7244810533389776,0.5418232469723794,2.0476151912096627,2.2090661622216166,1.581510325864717,6.569872674807145,0.2794475863719921,2.6401572882936306,2.6966476681737177,2.340588380058675,3.2155097975346516,0.47820107293241715,2.791733054189794,2.8196422956858305,2.5737018378171834,2.8429093602897653,0.5248548972060548,1.569646830830099,3.7272650971764465,0.5493784509916309,,,,,,,,,,0.0,,,,,,,,,,,,,,,,,,,,,,,,,,,,,,,,,,,,,,,,,,,,,,,,,,,,,,,,,,,,,,,,,,,,,,,,,0.0,0.6931471805599453,3.238051296510279,0.1499274465225195,1.953027741343616,0.25691014761152864,0.0,116.0,116.0,,,,,,,,,,,,,,,,,,,
q12_rho0.70_always_b12,12,0.7,always,12,1,0,40,cost0,main,quadratic-l0.1,quadratic-l0.1|flat-w4-l0.01|quadratic-l0.01|quadratic-l0.1|linear-l0.01,-1.174116920416305,0.6747512602616419,0.5875,-1.174116920416305,-0.6237079523698537,0.26995925803132387,2.6638560326973435,0.6081796120640522,0.08636713556090439,0.09371052714934841,0.21250041733075614,20.83601449228694,0.15353426179211596,-0.42671026576409155,-0.26481026860047463,0.25500252196775175,5.066652787489172,0.4311148950037199,-0.892794544232587,-0.5036548020367998,0.26580472096558727,3.1574552500557105,0.5564747315891923,-4.071938713771258,0.41155562324861716,1.3776721426737084,0.0,0.6931471805599453,,,,,0.0,,,0.0,0.17075744255650765,0.6459105063575201,0.052714697671154574,0.6786210671760378,0.009007121234602655,0.6908334514984478,0.001088673668699383,0.6928738188835739,-0.9503208948789685,0.6311325353319368,0.19588928413135734,0.6329888159739082,0.09532997173858608,0.6682783142183892,0.022397969769869866,0.6875322388473196,0.10545743150978235,0.6605439793460761,0.10695244658870551,0.660153322629598,0.002014343232590804,0.6926359903529821,0.0006201306847089888,0.6929913724766816,0.05929413223487565,0.67507012139409,-0.021196940212439695,0.6891292781890103,-0.0002556082247664043,0.6932105988809909,0.0007762165776489776,0.6929493488451368,0.0022145215607499657,0.6925828795718522,-0.00027454731683612676,0.6932152680940108,7.0,7.0,7.0,7.0,28.0,28.0,28.0,28.0,33.0,65.0,33.0,65.0,113.0,321.0,113.0,321.0,113.0,113.0,,,,,,,,,,,,,,,,,,,,,,,,,,,,,,,,,,,,,,,,,,,,,,
q12_rho0.70_always_b12,12,0.7,always,12,5,0,40,cost0,main,quadratic-l0.01,quadratic-l0.01|quadratic-l0.1|flat-w4-l0.01|quadratic-l0.01|quadratic-l0.01,4.956421896246441,0.07640567307753164,0.975,4.956421896246441,6.035152965624595,4.100963235064039,3.554137837766962,0.4536494020947911,2.5273103651123883,3.147203954641889,1.7828581696292005,11.276766960318069,0.2396349107041441,3.994437494228279,5.006644465733777,3.1507506609975655,4.215062785588284,0.4145732792375561,4.637101351061677,5.703020061835586,3.783826605858805,3.6760919819375357,0.44556846218015933,4.343588227748559,5.61458430147143,0.3257992643519109,0.0,0.6931471805599453,,,,,0.0,,,0.0,2.809583693251992,0.19395342315768596,1.917770301760661,0.25509412815840704,0.9344013724792829,0.45242879247094014,0.19622618024529676,0.6435714909391568,5.796709225575066,0.06316560645148867,3.641168044292199,0.11190164968112612,1.9977124880098636,0.25348820389268195,0.6633556405411959,0.5263697889081966,4.553613773027802,0.08999397706542908,4.9780153871447625,0.0886614317861559,2.3606892204410848,0.20281301268654994,2.553511521228878,0.18486469121953028,2.3521958800958274,0.17441123369551087,4.124417028389307,0.10535889392268301,1.381440907790681,0.3147253885329944,1.2744912227963732,0.31871353480584486,2.6780059197653907,0.2033943865656692,0.4762109144337773,0.5500036064642313,7.0,7.0,7.0,7.0,28.0,28.0,28.0,28.0,81.0,161.0,81.0,161.0,113.0,321.0,113.0,321.0,113.0,113.0,,,,,,,,,,,,,,,,,,,,,,,,,,,,,,,,,,,,,,,,,,,,,,
q12_rho0.70_always_b12,12,0.7,always,12,10,0,40,cost2,direct,gru_direct-w4-l0.1-cap5,gru_direct-w4-l0.1-cap5|gru_direct-w4-l0.1-cap5|gru_direct-w4-l0.01-cap5|gru_direct-w4-l0.1-cap5|gru_direct-w4-l0.1-cap5,3.587616530774787,0.14636730414719729,0.9625,3.587616530774787,3.602330124870981,3.425738583972239,3.3082428829401853,0.3838990563675783,2.280427952415637,2.430535188400244,1.8276686533827906,6.1270167254319885,0.25299094407597406,3.174270152260734,3.2168109012966792,2.9102266974835347,3.645751690686989,0.35745578094120656,3.4640788008084313,3.485200096729825,3.2723817790280805,3.388515775811049,0.3770694083703645,2.5718231932000957,4.413666946136935,0.4844545430687913,0.0,0.6931471805599453,3.0499101225420575,0.16446322189556586,3.3425535854988455,0.17153323132321,0.0,113.0,113.0,0.0,,,,,,,,,,,,,,,,,,,,,,,,,,,,,,,,,,,,,,,,,,,,,,,,,,,,,,,,,,,,,,,,,,,,,,,,,,,,,,,,,,,,,,,,,,,,,,,,,,,,
q12_rho0.70_always_b12,12,0.7,always,12,10,0,40,cost2,main,quadratic-l0.01,quadratic-l0.01|flat-w4-l0.01|linear-l0.01|quadratic-l0.01|flat-w4-l0.01,4.506775903428222,0.11878418770619201,0.95,4.506775903428222,4.78428074615097,3.934123729297916,3.1370729838787104,0.4878632120923544,2.326947281622286,2.591833614597525,1.7638974166017654,7.17658314552631,0.2754822429360507,3.701432329201567,3.9994487164370205,3.113934215104102,3.5145973036178506,0.44885781828614124,4.252793093885928,4.537271612977707,3.674991358090485,3.2163177781433596,0.4786237997159131,3.7941556528092892,5.147518868822124,0.3529997694116704,0.0,0.6931471805599453,,,,,0.0,,,0.0,3.583340575722974,0.12976477941879794,2.4021537401425332,0.19615645673811533,1.1687054913565524,0.40286164546031245,0.2473581264872143,0.6307928716411194,4.5814270781768025,0.11608537316312054,3.2150762520541862,0.1403844307729608,1.984686972080621,0.2514601481720829,0.7188301453877135,0.5124528582796586,4.706567232656473,0.0839147060800369,5.168449933097475,0.08114955643669981,2.6581479886470825,0.16811860966461817,2.8875158853923737,0.14815881119390353,2.3255286903159282,0.19273012924084917,2.384736827247231,0.1830859876414502,1.7611072332601103,0.2684668906520846,1.8300343992246344,0.253019820577442,2.760740022416212,0.17054344286306056,1.2240757822950206,0.3630197493760843,7.0,7.0,7.0,7.0,28.0,28.0,28.0,28.0,141.0,281.0,141.0,281.0,113.0,321.0,113.0,321.0,113.0,113.0,,,,,,,,,,,,,,,,,,,,,,,,,,,,,,,,,,,,,,,,,,,,,,
q12_rho0.70_always_b12,12,0.7,always,12,10,0,40,cost2,mem1,gru-w4-l0.01-h1,gru-w4-l0.01-h1|gru-w4-l0.01-h1|gru-w4-l0.01-h1|gru-w4-l0.01-h1|gru-w4-l0.01-h1,3.016927680727675,0.1581708071635773,0.9375,3.016927680727675,3.1688923078951907,2.5619334987025195,3.490900881593118,0.43986293205089255,2.1060984854730767,2.3031007924855547,1.6022727812235025,7.271391645079348,0.2551769987734012,2.7837294729003457,2.9590349117114854,2.302240039649369,3.933977948760046,0.40097318044486246,2.9524913019976053,3.111278753718411,2.4894561996982496,3.593755483377251,0.4299155468514836,2.304934086339991,3.588675164250671,0.3282400913015617,,,,,,,,,,0.0,,,,,,,,,,,,,,,,,,,,,,,,,,,,,,,,,,,,,,,,,,,,,,,,,,,,,,,0.0,0.6931471805599453,3.016927680727675,0.1581708071635773,1.5445153259224056,0.3285953422691705,0.0,116.0,116.0,,,,,,,,,,,,,,,,,,,,,,,,,,,,,,,,,,,,,
q12_rho0.70_always_b12,12,0.7,always,12,10,0,40,cost2,mem2,gru-w4-l0.01-h2,gru-w4-l0.01-h2|gru-w4-l0.01-h2|gru-w4-l0.01-h2|gru-w4-l0.01-h2|gru-w4-l0.01-h2,3.027688527077354,0.15853039306944264,0.9375,3.027688527077354,3.0984304429142915,2.69715246820124,2.821484205382272,0.5329188370533605,2.1097442852866295,2.2911991945336894,1.621718838394252,6.728296637619627,0.27766582638691095,2.7912191497108756,2.902076568828761,2.391171461421146,3.293052394365327,0.47483207817822887,2.962034628623992,3.0437158316529658,2.6103724638970376,2.932929473990907,0.5177767619995991,2.097691571961258,3.7421719314258373,0.424612011536028,,,,,,,,,,0.0,,,,,,,,,,,,,,,,,,,,,,,,,,,,,,,,,,,,,,,,,,,,,,,,,,,,,,,,,,,,,,,,0.0,0.6931471805599453,3.027688527077354,0.15853039306944264,1.8381500092016503,0.2752741126997424,0.0,116.0,116.0,,,,,,,,,,,,,,,,,,,,,,,,,,,,
q12_rho0.70_always_b12,12,0.7,always,12,10,0,40,cost2,mem4,gru-w4-l0.01-h4,gru-w4-l0.01-h4|gru-w4-l0.1-h4|gru-w4-l0.01-h4|gru-w4-l0.01-h4|gru-w4-l0.01-h4,3.11021264355197,0.16458117550337653,0.9625,3.11021264355197,3.1927220206164635,2.757028711959819,2.8610061457548186,0.5074360387592698,2.095935154804015,2.30191262702539,1.5834232803689208,6.301084879222005,0.2855033372937817,2.8094240680710185,2.9325000854621583,2.391714982782515,3.2607175055174045,0.45882367162140597,3.022446228499569,3.1159206765109264,2.650008835213441,2.9550798942395335,0.49480263047948403,2.237142716374739,3.838305933134079,0.4195612261455394,,,,,,,,,,0.0,,,,,,,,,,,,,,,,,,,,,,,,,,,,,,,,,,,,,,,,,,,,,,,,,,,,,,,,,,,,,,,,,,,,,,,,,0.0,0.6931471805599453,3.5517291124430175,0.1361200969536734,2.014490297924503,0.24748545730180077,0.0,116.0,116.0,,,,,,,,,,,,,,,,,,,
q12_rho0.70_always_b12,12,0.7,always,12,1,0,40,cost2,main,quadratic-l0.1,quadratic-l0.1|quadratic-l0.1|quadratic-l0.1|quadratic-l0.1|quadratic-l0.1,0.17350932343730516,0.5315737679132366,0.75,0.17350932343730516,0.2988825605366421,0.7611003506607508,3.0648820553307585,0.5590303753959444,0.7184670876810989,0.7312770294281217,0.5668285603357925,14.012687973223596,0.19514378521620684,0.4849483598494205,0.5080792696553587,0.7157231575771721,4.7431156299914985,0.43565188395156784,0.282036843579384,0.3657668120411952,0.7488780864306752,3.447113537552493,0.52376956827263,-1.744338011628162,1.3096625075977755,0.8398091303598838,0.0,0.6931471805599453,,,,,0.0,,,0.0,0.22180343536848737,0.6025185780415416,0.16016835716865974,0.6473897674701231,0.041913962232322285,0.6818767095738464,0.007670691310097455,0.6912099954063211,-2.2867870403397155,0.547610324988943,0.17350932343730516,0.5315737679132366,0.4226117106165299,0.5877358589726575,0.11848496136015615,0.6637401337653097,0.20741079159923997,0.5811490022415109,0.16457208637770354,0.5754685362963814,0.029188603067221763,0.6852728428351341,0.034977222703483746,0.6837840578276971,0.7456363730019098,0.5433219735257091,0.39666442853371076,0.5630523202412471,0.0025231149303344886,0.6925150399404961,0.002752096268421292,0.6924474081519532,0.07717540709281877,0.6704206350365327,0.00012629732170859608,0.69311554530143,7.0,7.0,7.0,7.0,28.0,28.0,28.0,28.0,33.0,65.0,33.0,65.0,113.0,321.0,113.0,321.0,113.0,113.0,,,,,,,,,,,,,,,,,,,,,,,,,,,,,,,,,,,,,,,,,,,,,,
q12_rho0.70_always_b12,12,0.7,always,12,5,0,40,cost2,main,quadratic-l0.01,quadratic-l0.01|quadratic-l0.01|quadratic-l0.01|quadratic-l0.1|flat-w4-l0.01,4.873122339943099,0.10121355836819242,0.9625,4.873122339943099,5.450021063280847,4.14402486896121,3.015155039066806,0.4595480587980873,2.3918737886816954,2.794499039861929,1.7403694011017752,7.2627056320723815,0.27153108309103247,3.8782976228935313,4.442160009315073,3.154104069451781,3.3811659111012,0.4280849683334569,4.543494288109273,5.119316227270048,3.8147973113222506,3.086459604813089,0.4526483914346617,4.112852148000034,5.5820157141033695,0.3735901937532515,0.0,0.6931471805599453,,,,,0.0,,,0.0,3.751414259156372,0.1313515227687902,2.3128838632306943,0.20904068694623215,1.067957833833192,0.4256202915963706,0.22140189905311597,0.6373414191640331,5.334274834654915,0.09439799988681023,3.559223579218604,0.11789866183409722,2.0342437202765185,0.24529725075552794,0.6929863416725953,0.5192400890886401,4.8473593744754835,0.07857350643201895,5.279885679716647,0.07715589329495587,2.5150229550946657,0.1835208106130842,2.7133337015746255,0.16493223642330698,2.51851588054386,0.16402298714298583,3.83988115865926,0.10685008429310643,1.5501760302372252,0.29544612527818837,1.5002643431888516,0.29469118145536405,2.6884832626510202,0.18955194404611456,0.6710408315932238,0.4996297219027954,7.0,7.0,7.0,7.0,28.0,28.0,28.0,28.0,81.0,161.0,81.0,161.0,113.0,321.0,113.0,321.0,113.0,113.0,,,,,,,,,,,,,,,,,,,,,,,,,,,,,,,,,,,,,,,,,,,,,,
q12_rho0.70_always_b12,12,0.7,always,12,10,0,40,endpoint,main,linear-l1,linear-l1|linear-l0.1|linear-l0.1|linear-l1|linear-l1,0.01294877997200442,0.680198400587941,0.6,,,,,,,,,,,,,,,,,,,,,-0.019723393152205195,0.04382605271491932,0.016502389444023574,0.0,0.6931471805599453,,,,,0.0,,,0.0,0.01952422502105932,0.673622955538886,0.02504435028689635,0.668102830273049,0.016873965529669004,0.6762732150302764,0.00293392957265448,0.6902132509872908,0.011819904871621248,0.681327275688324,0.0235150525554483,0.6696321280044969,0.02401491288262792,0.6691322676773174,0.00657076614431326,0.6865764144156321,,,,,,,,,,,,,,,,,,,,,3.0,3.0,3.0,3.0,6.0,6.0,6.0,6.0,,,,,,,,,,,,,,,,,,,,,,,,,,,,,,,,,,,,,,0.24414653680319934,0.01294877997200442,0.0,0.01294877997200442,0.0,0.01294877997200442,0.0,0.005358606321288329,0.6877885742386569,0.006707038194562025,0.6864401423653833,0.02076534365550094,0.6723818369044443,0.013707849538657047,0.6794393310212883,17.0,33.0,17.0,33.0
q12_rho0.70_always_b12,12,0.7,always,12,1,0,40,endpoint,main,quadratic-l1,quadratic-l0.1|quadratic-l1|linear-l0.1|quadratic-l1|linear-l0.1,0.014873716045344937,0.6782734645146004,0.575,,,,,,,,,,,,,,,,,,,,,-0.017139601218315047,0.04229567891245912,0.01501343084806572,0.0,0.6931471805599453,,,,,0.0,,,0.0,0.016212132343855934,0.6769350482160894,0.016610384825180225,0.676536795734765,0.010982681064008213,0.682164499495937,0.0019166639343675713,0.6912305166255777,0.030547786810583157,0.662599393749362,0.03574972166804968,0.6573974588918956,0.023686615908777006,0.6694605646511682,0.005266233644493029,0.6878809469154522,,,,,,,,,,,,,,,,,,,,,3.0,3.0,3.0,3.0,6.0,6.0,6.0,6.0,,,,,,,,,,,,,,,,,,,,,,,,,,,,,,,,,,,,,,0.24196174521039157,0.014873716045344937,0.0,0.014873716045344937,0.0,0.014873716045344937,0.0,0.01894779380515272,0.6741993867547926,0.01956550085329895,0.6735816797066463,0.016391918106801552,0.6767552624531439,0.01148794336097152,0.6816592371989737,17.0,33.0,17.0,33.0
q12_rho0.70_always_b12,12,0.7,always,12,2,0,40,endpoint,main,quadratic-l0.1,mlp-w4-l0.01|linear-l1|linear-l0.1|quadratic-l0.1|quadratic-l0.1,0.016852394051625412,0.6762947865083199,0.5875,,,,,,,,,,,,,,,,,,,,,-0.01198313533003071,0.04386540803614639,0.014071548633855506,0.0,0.6931471805599453,,,,,0.0,,,0.0,0.020626581468004127,0.6725205990919412,0.02215735919154587,0.6709898213683994,0.01392266581605649,0.6792245147438888,0.00238997274242788,0.6907572078175174,0.02505023980467625,0.668096940755269,0.027543421550095305,0.6656037590098499,0.019127065919739783,0.6740201146402055,0.004727064891797836,0.6884201156681475,,,,,,,,,,,,,,,,,,,,,3.0,3.0,3.0,3.0,6.0,6.0,6.0,6.0,,,,,,,,,,,,,,,,,,,,,,,,,,,,,,,,,,,,,,0.24206591084108267,0.016852394051625412,0.0,0.016852394051625412,0.0,0.016852394051625412,0.0,0.012622326807263379,0.6805248537526818,0.019906568666605583,0.6732406118933397,0.017333299479652287,0.6758138810802929,0.0113226277283805,0.6818245528315648,17.0,33.0,17.0,33.0
q12_rho0.70_always_b12,12,0.7,always,12,3,0,40,endpoint,main,linear-l0.1,linear-l1|linear-l0.01|linear-l0.1|mlp-w4-l0.1|linear-l0.1,0.07013642372851803,0.6230107568314273,0.65,,,,,,,,,,,,,,,,,,,,,0.03767624318549907,0.10555396225551164,0.017253709664845886,0.0,0.6931471805599453,,,,,0.0,,,0.0,0.07700795458380025,0.6161392259761451,0.07495005127695409,0.6181971292829912,0.04230747027822986,0.6508397102817154,0.007108177161929509,0.6860390033980158,0.08300347552740081,0.6101437050325444,0.07848485946462185,0.6146623210953235,0.058827298213056524,0.6343198823468887,0.014759439165254079,0.6783877413946912,,,,,,,,,,,,,,,,,,,,,3.0,3.0,3.0,3.0,6.0,6.0,6.0,6.0,,,,,,,,,,,,,,,,,,,,,,,,,,,,,,,,,,,,,,0.21778974834077602,0.07013642372851803,0.0,0.07013642372851803,0.0,0.07013642372851803,0.0,0.06974939767231683,0.6233977828876285,0.07314209203451469,0.6200050885254306,0.058733445733143264,0.6344137348268021,0.060031245640763856,0.6331159349191814,17.0,33.0,17.0,33.0
q12_rho0.70_always_b12,12,0.7,always,12,4,0,40,endpoint,main,linear-l1,linear-l1|linear-l1|quadratic-l1|linear-l1|quadratic-l0.01,0.0018372667438881752,0.691309913816057,0.6,,,,,,,,,,,,,,,,,,,,,-0.02265181120720151,0.022136021640025882,0.011700647290253722,0.0,0.6931471805599453,,,,,0.0,,,0.0,0.016813735286005348,0.67633344527394,0.02105112042952425,0.672096060130421,0.014264243307657836,0.6788829372522874,0.00251031726118279,0.6906368632987625,0.010928889932823923,0.6822182906271215,0.021715964855651953,0.6714312157042933,0.019695422335562013,0.6734517582243833,0.005462420078200608,0.6876847604817447,,,,,,,,,,,,,,,,,,,,,3.0,3.0,3.0,3.0,6.0,6.0,6.0,6.0,,,,,,,,,,,,,,,,,,,,,,,,,,,,,,,,,,,,,,0.24902444822915135,0.0018372667438881752,0.0,0.0018372667438881752,0.0,0.0018372667438881752,0.0,0.01720480973837772,0.6759423708215676,0.019131843262364216,0.6740153372975811,0.018707094808910002,0.6744400857510353,0.01423223661065955,0.6789149439492858,17.0,33.0,17.0,33.0
q12_rho0.70_always_b12,12,0.7,always,12,5,0,40,endpoint,main,linear-l0.1,linear-l0.1|quadratic-l0.1|linear-l0.1|mlp-w4-l0.1|linear-l0.1,0.04313580949045255,0.6500113710694928,0.65,,,,,,,,,,,,,,,,,,,,,-0.00739267287490277,0.09202923954718743,0.02573080634480592,0.0,0.6931471805599453,,,,,0.0,,,0.0,0.04463544019999983,0.6485117403599455,0.04759119720425182,0.6455559833556934,0.028522834118705397,0.6646243464412398,0.004837330974135287,0.68830984958581,-0.0011551788050950377,0.6943023593650404,0.038865417372697476,0.6542817631872478,0.039566917833529794,0.6535802627264155,0.010494592678089035,0.6826525878818561,,,,,,,,,,,,,,,,,,,,,3.0,3.0,3.0,3.0,6.0,6.0,6.0,6.0,,,,,,,,,,,,,,,,,,,,,,,,,,,,,,,,,,,,,,0.22798861574160675,0.04313580949045255,0.0,0.04313580949045255,0.0,0.04313580949045255,0.0,0.04929739540072834,0.643849785159217,0.05028250575515297,0.6428646748047923,0.03314061155352229,0.6600065690064231,0.0313855386557331,0.6617616419042122,17.0,33.0,17.0,33.0
q12_rho0.70_always_b12,12,0.7,always,12,6,0,40,endpoint,main,constant,constant|constant|linear-l0.1|linear-l1|linear-l1,-0.0006358846968860521,0.6937830652568313,0.5,,,,,,,,,,,,,,,,,,,,,-0.016409127317525873,0.01633721277445638,0.008378916527825233,0.0,0.6931471805599453,,,,,0.0,,,0.0,-0.006238122747164444,0.6993853033071098,-0.001208279714489237,0.6943554602744346,0.0047673011910148045,0.6883798793689304,0.0010279400117068488,0.6921192405482384,2.221892526598282e-05,0.6931249616346793,-0.0032441536264139524,0.6963913341863591,0.005267481825396627,0.6878796987345487,0.0022771972594745685,0.6908699833004708,,,,,,,,,,,,,,,,,,,,,3.0,3.0,3.0,3.0,6.0,6.0,6.0,6.0,,,,,,,,,,,,,,,,,,,,,,,,,,,,,,,,,,,,,,0.2503106417286064,-0.0006358846968860521,0.0,-0.0006358846968860521,0.0,-0.0006358846968860521,0.0,0.0016560568466271596,0.6914911237133181,-0.014242023410786998,0.7073892039707322,0.011705079403219309,0.681442101156726,-0.013225822914960533,0.7063730034749058,17.0,33.0,17.0,33.0
q12_rho0.70_always_b12,12,0.7,always,12,7,0,40,endpoint,main,linear-l0.1,linear-l1|linear-l0.1|linear-l0.1|linear-l0.1|linear-l1,0.07800603271648174,0.6151411478434635,0.6625,,,,,,,,,,,,,,,,,,,,,0.023987201674616026,0.12886044172302238,0.02687256319753592,0.0,0.6931471805599453,,,,,0.0,,,0.0,0.1033418953490786,0.5898052852108667,0.10448501152488818,0.5886621690350571,0.0553008203250139,0.6378463602349315,0.009249193520214801,0.6838979870397305,0.10235897774525311,0.5907882028146922,0.10595649679521091,0.5871906837647345,0.08045187832626438,0.6126953022336808,0.020089028381220946,0.6730581521787242,,,,,,,,,,,,,,,,,,,,,3.0,3.0,3.0,3.0,6.0,6.0,6.0,6.0,,,,,,,,,,,,,,,,,,,,,,,,,,,,,,,,,,,,,,0.21500326626306507,0.07800603271648174,0.0,0.07800603271648174,0.0,0.07800603271648174,0.0,0.08391431678476771,0.6092328637751775,0.0897590072463971,0.6033881733135482,0.07955938843432216,0.6135877921256231,0.08377880049392106,0.6093683800660242,17.0,33.0,17.0,33.0
q12_rho0.70_always_b12,12,0.7,always,12,8,0,40,endpoint,main,linear-l0.1,mlp-w4-l0.01|linear-l0.1|linear-l1|linear-l0.1|linear-l0.1,0.060462009361197736,0.6326851711987476,0.625,,,,,,,,,,,,,,,,,,,,,0.018472284580810263,0.10116053860127201,0.02099604555633057,0.0,0.6931471805599453,,,,,0.0,,,0.0,0.05548131770356325,0.637665862856382,0.054036398823445055,0.6391107817365003,0.029644552768890144,0.6635026277910552,0.004967766392979546,0.6881794141669657,0.06157686708209252,0.6315703134778528,0.056993655707582636,0.6361535248523625,0.04341132832963248,0.6497358522303129,0.011001231452950868,0.6821459491069944,,,,,,,,,,,,,,,,,,,,,3.0,3.0,3.0,3.0,6.0,6.0,6.0,6.0,,,,,,,,,,,,,,,,,,,,,,,,,,,,,,,,,,,,,,0.2224422189101964,0.060462009361197736,0.0,0.060462009361197736,0.0,0.060462009361197736,0.0,0.057664934406025915,0.6354822461539194,0.05655806121450093,0.6365891193454443,0.033195003263039737,0.6599521772969055,0.03609843788978058,0.6570487426701647,17.0,33.0,17.0,33.0
q12_rho0.70_always_b12,12,0.7,always,12,9,0,40,endpoint,main,mlp-w4-l0.01,mlp-w4-l0.01|mlp-w4-l0.01|mlp-w4-l0.01|mlp-w4-l0.1|linear-l0.1,0.008292568297597561,0.6848546122623478,0.7125,,,,,,,,,,,,,,,,,,,,,-0.08372654048273181,0.08588989297847656,0.04355662679509573,0.0,0.6931471805599453,,,,,0.0,,,0.0,0.019031017547008037,0.6741161630129373,0.026523021992902407,0.6666241585670429,0.018330598779274048,0.6748165817806713,0.00321028388387255,0.6899368966760727,0.010446087446316301,0.6827010931136289,0.02325978709123971,0.6698873934687055,0.024429535415098458,0.6687176451448469,0.006775394055517964,0.6863717865044274,,,,,,,,,,,,,,,,,,,,,3.0,3.0,3.0,3.0,6.0,6.0,6.0,6.0,,,,,,,,,,,,,,,,,,,,,,,,,,,,,,,,,,,,,,0.24014774839494937,0.008292568297597561,0.0,0.008292568297597561,0.0,0.008292568297597561,0.0,0.024794930664840925,0.6683522498951044,0.022541467502339912,0.6706057130576054,0.027349020359172953,0.6657981602007723,0.024078789157188085,0.6690683914027573,17.0,33.0,17.0,33.0
q12_rho0.70_always_b12,12,0.7,always,12,10,0,40,mixture,diag,quadratic-l0.01,quadratic-l0.01|linear-l0.1|quadratic-l0.01|quadratic-l0.01|quadratic-l0.01,3.973500726297683,0.13518152742940673,0.9625,3.973500726297683,4.119301055678975,3.526002598272229,2.4288846948723997,0.5950386595508439,2.233173022079915,2.4839600756040694,1.6813150862163284,6.343212875485656,0.3107048019173025,3.3252956413855075,3.523156765851459,2.8206255897632433,2.793117691761641,0.5400662839540307,3.7653331582698426,3.926066863884146,3.3000512366971435,2.5088732741041366,0.5816148572517152,3.0867568880978946,4.7669570703500055,0.42728853429133584,0.0,0.6931471805599453,,,,,0.0,,,0.0,3.515129839714075,0.14029626326361902,2.3992791882138014,0.19796048641888894,1.2257334494174894,0.38855005728459324,0.28225381602872307,0.6218697211049434,4.426665229061841,0.11712076287148743,3.2383698206575424,0.14012777039445512,2.0321865652767923,0.24399861888673735,0.7820845888260332,0.4964631416866686,,,,,,,,,1.9403692571826237,0.20797246257235588,,,1.7206328356077467,0.27322471942449783,,,,,,,7.0,7.0,7.0,7.0,28.0,28.0,28.0,28.0,,,,,113.0,,113.0,,,,,,,,,,,,,,,,,,,,,,,,,,,,,,,,,,,,,,,,,,,,,,,,,
q12_rho0.70_always_b12,12,0.7,always,12,1,0,40,mixture,diag,quadratic-l0.1,quadratic-l1|quadratic-l0.1|quadratic-l0.1|quadratic-l0.1|quadratic-l0.1,0.41062861119618804,0.5926483546246788,0.69375,0.41062861119618804,0.41179661791468225,0.3630718029210199,19.749853529592833,0.14386012547681168,0.40276580872401835,0.4070386933734262,0.31314885185466895,24.075582694690837,0.10945927582622067,0.4106588355686613,0.4123540310417786,0.35355637578514765,20.602217901838852,0.1364786417638623,0.41071101945026955,0.41200888574929806,0.3606242324211051,19.969897431407773,0.1419218519992899,0.051466234431471074,0.6891362720312014,0.1599139604527143,0.0,0.6931471805599453,,,,,0.0,,,0.0,0.18079305758680875,0.636811157357137,0.0647410657019574,0.6741092594831942,0.01176543773478983,0.6900041602438229,0.0016180474486307578,0.6927379130075828,-0.9785741794036277,0.5840579695861031,0.28363863651732524,0.5893874352529408,0.2199781243143848,0.637018429699809,0.05648595044136454,0.6791079389811315,,,,,,,,,0.2381199703869493,0.619076040268253,,,-0.00011385005548355531,0.6931740298856635,,,,,,,7.0,7.0,7.0,7.0,28.0,28.0,28.0,28.0,,,,,113.0,,113.0,,,,,,,,,,,,,,,,,,,,,,,,,,,,,,,,,,,,,,,,,,,,,,,,,
q12_rho0.70_always_b12,12,0.7,always,12,5,0,40,mixture,diag,quadratic-l0.1,quadratic-l0.1|quadratic-l0.1|quadratic-l0.1|quadratic-l0.1|quadratic-l0.01,4.091421863804018,0.11110219787966949,0.9625,4.091421863804018,4.819311195994764,3.3131904783024666,4.456017319578553,0.33828743163120256,2.3584282712171385,2.815727755536064,1.6794352073542413,10.138628599964116,0.21174520249877127,3.483709197078069,4.171118332730229,2.717411606917059,5.051684537879422,0.3154889905885514,3.89900655723311,4.61831734923041,3.1232371862469583,4.580066505859514,0.3331035053864106,3.4503770014500095,4.676170925764527,0.3091674841821891,0.0,0.6931471805599453,,,,,0.0,,,0.0,3.362119365127551,0.16525654696217973,2.1765794234001286,0.22789721315951184,1.0704618856132684,0.422270679182904,0.24100880912867667,0.6322654382612395,5.515630315596036,0.08210932423472858,3.6077176425408792,0.11596604459980231,2.0488523344031355,0.24409025517835872,0.7261757155989919,0.5106211600501323,,,,,,,,,2.375944110562494,0.16870227188579073,,,1.4224263043271086,0.31031238976444564,,,,,,,7.0,7.0,7.0,7.0,28.0,28.0,28.0,28.0,,,,,113.0,,113.0,,,,,,,,,,,,,,,,,,,,,,,,,,,,,,,,,,,,,,,,,,,,,,,,,
q12_rho0.70_always_b12,12,0.7,always,12,10,0,40,pathinfo,diag,linear-l0.1,linear-l0.1|linear-l0.1|linear-l0.1|linear-l1|linear-l0.01,0.10870571876810767,0.5844414617918376,0.6875,,,,,,,,,,,,,,,,,,,,,0.04262442855147278,0.17356401149089398,0.034360065807652725,0.0,0.6931471805599453,,,,,0.0,,,0.0,0.1428189056466085,0.5503282749133367,0.11736824213942217,0.5757789384205231,0.05197130640807157,0.6411758741518737,0.009898092533768062,0.6832490880261772,0.1260952362902255,0.5670519442697197,0.13925659445335165,0.5538905861065937,0.095348716546685,0.5977984640132602,0.03087004608041858,0.6622771344795267,,,,,,,,,0.08949902371616113,0.6036481568437841,,,0.03977625058346657,0.6533709299764787,,,,,,,7.0,7.0,7.0,7.0,28.0,28.0,28.0,28.0,,,,,113.0,,113.0,,,,,,,,,,,,,,,,,,,,,,,,,,,,,,,0.20171087555834558,0.10870571876810767,0.0,0.10870571876810767,0.0,0.10870571876810767,0.0,,,,,,,,,,,,
q12_rho0.70_always_b12,12,0.7,always,12,1,0,40,pathinfo,diag,linear-l0.1,linear-l0.01|linear-l0.1|linear-l0.1|linear-l10|linear-l0.1,0.039000105849625454,0.65414707471032,0.6375,,,,,,,,,,,,,,,,,,,,,-0.004950865569680134,0.0828100561569148,0.022904232569019918,0.0,0.6931471805599453,,,,,0.0,,,0.0,0.06419453926733677,0.6289526412926085,0.05445271352309078,0.6386944670368545,0.01836914543227843,0.6747780351276669,0.003580992743752387,0.6895661878161929,0.05733324869246868,0.6358139318674766,0.07377814308903216,0.6193690374709131,0.06172769729750664,0.6314194832624386,0.0188631348916714,0.6742840456682739,,,,,,,,,0.01727489320346231,0.675872287356483,,,0.00336365997382925,0.689783520586116,,,,,,,7.0,7.0,7.0,7.0,28.0,28.0,28.0,28.0,,,,,113.0,,113.0,,,,,,,,,,,,,,,,,,,,,,,,,,,,,,,0.2310335942424321,0.039000105849625454,0.0,0.039000105849625454,0.0,0.039000105849625454,0.0,,,,,,,,,,,,
q12_rho0.70_always_b12,12,0.7,always,12,5,0,40,pathinfo,diag,linear-l0.1,linear-l0.1|linear-l0.01|linear-l1|linear-l0.1|linear-l0.01,0.08269962670944145,0.6104475538505039,0.6625,,,,,,,,,,,,,,,,,,,,,0.015475229563869888,0.14442970576541153,0.03281337508167006,0.0,0.6931471805599453,,,,,0.0,,,0.0,0.1127961206770133,0.580351059882932,0.09599707074654273,0.5971501098134026,0.048179843654785594,0.6449673369051597,0.009472314853144325,0.683674865706801,0.11365293236894666,0.5794942481909986,0.1276431088761248,0.5655040716838204,0.08430724604786383,0.6088399345120814,0.029140868907308548,0.6640063116526367,,,,,,,,,0.04822515146034153,0.6449220290996037,,,0.03623410813714945,0.6569130724227958,,,,,,,7.0,7.0,7.0,7.0,28.0,28.0,28.0,28.0,,,,,113.0,,113.0,,,,,,,,,,,,,,,,,,,,,,,,,,,,,,,0.2130395886043408,0.08269962670944145,0.0,0.08269962670944145,0.0,0.08269962670944145,0.0,,,,,,,,,,,,
q12_rho0.70_always_b3,12,0.7,always,3,10,0,40,cost0,direct,gru_direct-w4-l0.1-cap5,gru_direct-w4-l0.1-cap5|gru_direct-w4-l0.1-cap5|gru_direct-w4-l0.1-cap5|gru_direct-w4-l0.1-cap5|gru_direct-w4-l0.1-cap5,1.7735449658175924,0.2881552559334458,0.925,1.7735449658175924,2.087009244008959,2.7867246471624454,3.638114447023439,0.4750239633165129,1.7056740006935502,1.7112381054229595,1.6038600046596514,8.855696898381094,0.1857402481598131,1.8983455350059741,2.0005020493928973,2.420875357931185,4.934473735231825,0.36880987933498716,1.8292783821518188,2.0643245942507273,2.679782918520341,3.983569666335136,0.44338349884585865,-0.5567929715128904,3.3177671403963203,1.004850548856635,0.0,0.6931471805599453,1.9803381938326041,0.2706950149413297,1.7735449658175924,0.2881552559334458,0.0,113.0,113.0,0.0,,,,,,,,,,,,,,,,,,,,,,,,,,,,,,,,,,,,,,,,,,,,,,,,,,,,,,,,,,,,,,,,,,,,,,,,,,,,,,,,,,,,,,,,,,,,,,,,,,,,
q12_rho0.70_always_b3,12,0.7,always,3,10,0,40,cost0,main,quadratic-l0.01,quadratic-l0.01|quadratic-l0.01|quadratic-l0.1|quadratic-l0.1|gru-w4-l0.01,3.695187649143974,0.14921342822400244,0.95,3.695187649143974,3.9899652149328633,3.109974349850665,2.865811622314007,0.5556774030312698,2.190091870525178,2.493872880375838,1.5985796847777416,7.42788301214812,0.305747802384065,3.1702362966076,3.489413279065124,2.568319806031935,3.345735265375779,0.5056442762840676,3.529554028289308,3.8321156432152343,2.938885405528123,2.973738744012132,0.5432659367548469,3.021514224135013,4.30283049787609,0.3222869997628797,0.0,0.6931471805599453,,,,,0.0,,,0.0,2.252208862680784,0.3072387844447856,1.4104361571588657,0.36900072849794713,0.6447089155491887,0.5270112546704879,0.13065588683220467,0.6602370803725222,4.6159288519318595,0.12257463817770678,3.0252468485693145,0.17388679089766546,1.6552854417775564,0.3214839102808401,0.5090770856001722,0.5651287988008399,0.4957707732770274,0.226193459969591,0.8457570431309935,0.23776927328156156,2.127396990835679,0.2607572865867832,2.3122187550781526,0.24747671059499715,1.3769921408879315,0.26541456446672795,2.881443852999923,0.20601616061515182,1.030575585194193,0.41596406650007445,0.9724155550845556,0.419044453811982,2.241297368604553,0.25755526225789616,0.2451666566887291,0.622839919060328,7.0,7.0,7.0,7.0,28.0,28.0,28.0,28.0,141.0,281.0,141.0,281.0,113.0,321.0,113.0,321.0,113.0,113.0,,,,,,,,,,,,,,,,,,,,,,,,,,,,,,,,,,,,,,,,,,,,,,
q12_rho0.70_always_b3,12,0.7,always,3,10,0,40,cost0,mem1,gru-w4-l0.01-h1,gru-w4-l0.01-h1|gru-w4-l0.01-h1|gru-w4-l0.01-h1|gru-w4-l0.01-h1|gru-w4-l0.01-h1,2.303883260372742,0.23365633874074154,0.9,2.303883260372742,2.306560228735985,2.2324863171898595,2.2524092576048167,0.6524054021078728,1.8419567534816905,1.9850274737418143,1.3978519177405428,7.858655784800177,0.2835898416505927,2.252327436165106,2.2892995288582543,2.004469589040691,2.976300799270473,0.5554775368342617,2.296959159296063,2.3059746101831173,2.1686217977862627,2.4198913247891927,0.6265237895088689,0.9157245115119349,3.2364905862595807,0.6143947425295955,,,,,,,,,,0.0,,,,,,,,,,,,,,,,,,,,,,,,,,,,,,,,,,,,,,,,,,,,,,,,,,,,,,,0.0,0.6931471805599453,2.303883260372742,0.23365633874074154,1.0288385198315921,0.44670148585838537,0.0,116.0,116.0,,,,,,,,,,,,,,,,,,,,,,,,,,,,,,,,,,,,,
q12_rho0.70_always_b3,12,0.7,always,3,10,0,40,cost0,mem2,gru-w4-l0.01-h2,gru-w4-l0.01-h2|gru-w4-l0.01-h2|gru-w4-l0.01-h2|gru-w4-l0.01-h2|gru-w4-l0.01-h2,2.343959693844219,0.20559544770044572,0.925,2.343959693844219,2.345412219779463,2.398830895808936,1.7836621445233214,0.7415369780458522,1.94403397280443,2.1119787088907276,1.4705998204882098,7.258353786167197,0.3099384313843304,2.353971937218141,2.3821356578333246,2.1350304634857005,2.3752776448396564,0.6336917947180958,2.361305379789264,2.36201754759922,2.3240382863834963,1.9157330654098252,0.7135138936861165,0.6117909277849193,3.4398985560219044,0.7706733953196381,,,,,,,,,,0.0,,,,,,,,,,,,,,,,,,,,,,,,,,,,,,,,,,,,,,,,,,,,,,,,,,,,,,,,,,,,,,,,0.0,0.6931471805599453,2.343959693844219,0.20559544770044572,1.2862024599958994,0.393521317426679,0.0,116.0,116.0,,,,,,,,,,,,,,,,,,,,,,,,,,,,
q12_rho0.70_always_b3,12,0.7,always,3,10,0,40,cost0,mem4,gru-w4-l0.01-h4,gru-w4-l0.01-h4|gru-w4-l0.01-h4|gru-w4-l0.01-h4|gru-w4-l0.01-h4|gru-w4-l0.01-h4,2.0048941749821734,0.22673994008937579,0.8875,2.0048941749821734,2.0566194099808786,2.361900316989177,1.685978555219689,0.7648622461927317,1.8808608171566896,2.0113889795826707,1.452978620264064,7.752685081979678,0.2938901245278384,2.1824437590241623,2.1856832335305456,2.104096847336094,2.3404472763391118,0.6402801140219659,2.085168571491013,2.103430442097749,2.2886440203254863,1.8289957794949212,0.7324450905025318,-0.253339038256909,3.3614464227710865,1.0139791031417549,,,,,,,,,,0.0,,,,,,,,,,,,,,,,,,,,,,,,,,,,,,,,,,,,,,,,,,,,,,,,,,,,,,,,,,,,,,,,,,,,,,,,,0.0,0.6931471805599453,2.0048941749821734,0.22673994008937579,1.4271657552689456,0.3657978603871959,0.0,116.0,116.0,,,,,,,,,,,,,,,,,,,
q12_rho0.70_always_b3,12,0.7,always,3,1,0,40,cost0,main,linear-l0.01,linear-l0.01|quadratic-l0.01|flat-w4-l0.01|linear-l0.01|constant,-0.29546808171567174,0.7126698294133481,0.55,-0.29546808171567174,-0.23483837057346993,0.09429470488046485,14.115412277957725,0.2247133658082241,-0.11420075321747455,-0.09566664905304123,0.0908795931506704,25.814697495607078,0.11396097687708293,-0.2390719934569537,-0.19355932584196603,0.09370662053633558,16.914212535732375,0.19284297825056868,-0.27926159500959136,-0.22314894725406048,0.09414600004938584,14.846125751347198,0.21579551835363917,-1.0288691651914847,0.21077839505209275,0.3295599973171676,0.0,0.6931471805599453,,,,,0.0,,,0.0,0.24940484991709738,0.6251719214825819,0.09968520615453157,0.6668361670800703,0.018910194216905492,0.6884240408236896,0.003145113204111685,0.6923598868731666,-0.10476055206918988,0.6653007652800131,0.0829403861556753,0.6660502775491131,0.025831721467641067,0.6864749076386196,0.004653334455118285,0.6919886150570939,0.22452280759115312,0.6343250047385839,0.20872441397776922,0.6375088941198974,0.006758761371546976,0.6914605972214849,0.002545147892861929,0.6925177457696073,0.028652314465700525,0.6833309697902173,0.03656716131137318,0.6816310584267113,0.0002551757266701871,0.6930845670214907,0.0014440404196559952,0.6927954681770501,0.0023600624322744346,0.6925631561257133,-0.00019860016755886555,0.6931965054569738,7.0,7.0,7.0,7.0,28.0,28.0,28.0,28.0,33.0,65.0,33.0,65.0,113.0,321.0,113.0,321.0,113.0,113.0,,,,,,,,,,,,,,,,,,,,,,,,,,,,,,,,,,,,,,,,,,,,,,
q12_rho0.70_always_b3,12,0.7,always,3,5,0,40,cost0,main,quadratic-l0.1,quadratic-l0.1|quadratic-l0.01|quadratic-l0.1|flat-w4-l0.01|flat-w4-l0.01,3.5181003043389962,0.2810084232312556,0.8625,3.5181003043389962,3.951818278230919,2.8505492247652153,6.194890037638477,0.3396296529284642,1.749471697723577,2.0817580798395383,1.1390387174714394,11.268482024506632,0.22963292120278006,2.7573817589028886,3.1762233394363446,2.0973653163008903,6.881676058822464,0.3177771197996061,3.2464830642212084,3.676805252773252,2.5806295997838986,6.357543556048966,0.334100187712875,2.551125415522492,4.477395956399562,0.4841483275157086,0.0,0.6931471805599453,,,,,0.0,,,0.0,1.5006725338954623,0.41739589383624576,0.7221668733225745,0.5137403988451699,0.2231698955074687,0.6355513095936811,0.03713982421881571,0.6838272319120173,4.801735436470167,0.2625522975108351,2.8484492421816796,0.2808660458463708,1.1765697687117913,0.44429620658395075,0.26101425440236026,0.62904516839137,3.1946428785791907,0.2566413740023858,3.860462816822166,0.24116449813719307,1.1287414790842991,0.44869041263340803,1.2018539446685472,0.4400937729021018,2.4629742119877265,0.3352899474246717,2.5176313954755805,0.34008146850664167,0.17440011221551938,0.6449564309594848,0.18506279673103604,0.6429794401050715,0.7976594235074448,0.5200921901853091,0.001932696202778389,0.6926658794412407,7.0,7.0,7.0,7.0,28.0,28.0,28.0,28.0,81.0,161.0,81.0,161.0,113.0,321.0,113.0,321.0,113.0,113.0,,,,,,,,,,,,,,,,,,,,,,,,,,,,,,,,,,,,,,,,,,,,,,
q12_rho0.70_always_b3,12,0.7,always,3,10,0,40,cost2,direct,gru_direct-w4-l0.1-cap5,gru_direct-w4-l0.1-cap5|gru_direct-w4-l0.1-cap5|gru_direct-w4-l0.1-cap5|gru_direct-w4-l0.1-cap5|gru_direct-w4-l0.1-cap5,1.6275366811540135,0.3227040942286582,0.9125,1.6275366811540135,1.7890071934854057,2.3081894853536014,6.6194365733596445,0.20700515739031447,1.5407738736416214,1.5411102674512396,1.5150594998751696,9.680716790146386,0.1450039399530134,1.6359978651647555,1.716349462667746,2.092140088608199,7.134571723583455,0.1919073710570059,1.631225001382233,1.7672542820747883,2.2471810346953554,6.750931362585438,0.202915831967786,0.3926234311580802,2.6995919582508012,0.6064990952810645,0.0,0.6931471805599453,2.235858013597692,0.28106534005331574,1.6275366811540135,0.3227040942286582,0.0,113.0,113.0,0.0,,,,,,,,,,,,,,,,,,,,,,,,,,,,,,,,,,,,,,,,,,,,,,,,,,,,,,,,,,,,,,,,,,,,,,,,,,,,,,,,,,,,,,,,,,,,,,,,,,,,
q12_rho0.70_always_b3,12,0.7,always,3,10,0,40,cost2,main,quadratic-l0.1,quadratic-l0.1|quadratic-l0.1|gru-w4-l0.01|quadratic-l0.1|quadratic-l0.1,1.9053559560091322,0.253194135277484,0.9,1.9053559560091322,2.0010725559161915,2.4088927538476517,3.2887619764509166,0.3805433114012325,1.8207585065624055,1.881786290507618,1.510838422256056,6.9595548029252425,0.22641387509905608,2.004910521190955,2.016567364245924,2.165466836965478,3.772276382843642,0.3461290324948939,1.9451550736817815,2.0074644183765185,2.3408742125599167,3.4056710097742258,0.3715185521717372,0.23616827305862723,3.237311555310539,0.7983518356132945,0.0,0.6931471805599453,,,,,0.0,,,0.0,2.662015586167252,0.25612450291505073,1.6867873523386283,0.32484233244191757,0.8008985011157417,0.4892893029575875,0.16466680813366893,0.651640436286445,3.7288308811375948,0.20498165185913927,2.924040095686835,0.19553964819934122,1.7116572678600377,0.3109062583645238,0.5614932578855844,0.551869450738104,2.957343014402873,0.2014461267075851,3.156245715424433,0.19576783840097595,2.3084875963936127,0.2394100208785046,2.5245608551882386,0.2249297414671645,0.9036830414274023,0.338545834376198,2.1865432777979468,0.2607217588849116,1.2750986984673691,0.3674805270231466,1.245065813827678,0.36544905490901747,1.8675838015199733,0.27240781941259484,0.3788562973779707,0.5834270712409948,7.0,7.0,7.0,7.0,28.0,28.0,28.0,28.0,141.0,281.0,141.0,281.0,113.0,321.0,113.0,321.0,113.0,113.0,,,,,,,,,,,,,,,,,,,,,,,,,,,,,,,,,,,,,,,,,,,,,,
q12_rho0.70_always_b3,12,0.7,always,3,10,0,40,cost2,mem1,gru-w4-l0.01-h1,gru-w4-l0.01-h1|gru-w4-l0.01-h1|gru-w4-l0.01-h1|gru-w4-l0.01-h1|gru-w4-l0.01-h1,2.306335812571018,0.2555030350085603,0.9125,2.306335812571018,2.3285912784234024,2.1099283667174253,3.117284267374506,0.5322593031571461,1.8194026830396202,1.9408668230790251,1.4039510206269048,8.139444757465709,0.2533835518420576,2.217555712339697,2.26965306625561,1.9285200307734391,3.89232661847115,0.459047367194256,2.284867108785982,2.3147157979324664,2.060017215046487,3.305355429345862,0.5124631542741483,1.2792444421801257,3.0883966370057125,0.4756092160826116,,,,,,,,,,0.0,,,,,,,,,,,,,,,,,,,,,,,,,,,,,,,,,,,,,,,,,,,,,,,,,,,,,,,0.0,0.6931471805599453,2.306335812571018,0.2555030350085603,1.2374217300469759,0.4004679859494432,0.0,116.0,116.0,,,,,,,,,,,,,,,,,,,,,,,,,,,,,,,,,,,,,
q12_rho0.70_always_b3,12,0.7,always,3,10,0,40,cost2,mem2,gru-w4-l0.01-h2,gru-w4-l0.01-h2|gru-w4-l0.01-h2|gru-w4-l0.1-h2|gru-w4-l0.01-h2|gru-w4-l0.01-h2,2.083805217861614,0.27879855260393827,0.9125,2.083805217861614,2.0914131467535437,1.9654715949390542,2.763418585127734,0.5802113812107993,1.7365630806820547,1.8549180978830115,1.3255259351581583,8.488685962342442,0.260315163185324,2.0467221652558134,2.0840165677832503,1.7978888007048623,3.591786258604352,0.49444834348970834,2.0783915368015142,2.0926266195072247,1.919014076192616,2.959868701864033,0.5570216178063888,0.9309603295378609,2.952977400943953,0.538375367744437,,,,,,,,,,0.0,,,,,,,,,,,,,,,,,,,,,,,,,,,,,,,,,,,,,,,,,,,,,,,,,,,,,,,,,,,,,,,,0.0,0.6931471805599453,2.301107419196394,0.2594837030093582,1.4426900344607163,0.36514506925757206,0.0,116.0,116.0,,,,,,,,,,,,,,,,,,,,,,,,,,,,
q12_rho0.70_always_b3,12,0.7,always,3,10,0,40,cost2,mem4,gru-w4-l0.01-h4,gru-w4-l0.1-h4|gru-w4-l0.01-h4|gru-w4-l0.1-h4|gru-w4-l0.01-h4|gru-w4-l0.01-h4,1.8294458489663317,0.3259080273607937,0.9,1.8294458489663317,1.8628703425750393,1.5926802260139603,5.339863257830012,0.3794058677675976,1.5559837819725075,1.6366935011077168,1.2061197598104552,10.675469331066054,0.20676046680158355,1.7841885899862113,1.832010283424775,1.505950955443738,6.2669120016930675,0.335510303440945,1.8186275636290308,1.8559487095040763,1.5697134849273386,5.572009784466803,0.3675306743694024,1.0903918608328107,2.444572401001115,0.35987526765223654,,,,,,,,,,0.0,,,,,,,,,,,,,,,,,,,,,,,,,,,,,,,,,,,,,,,,,,,,,,,,,,,,,,,,,,,,,,,,,,,,,,,,,0.0,0.6931471805599453,2.1591285833349154,0.28984254537091136,1.5729845235904882,0.3428461714350141,0.0,116.0,116.0,,,,,,,,,,,,,,,,,,,
q12_rho0.70_always_b3,12,0.7,always,3,1,0,40,cost2,main,linear-l0.01,linear-l0.01|linear-l0.01|flat-w4-l0.01|linear-l0.01|linear-l0.1,0.21283403881767957,0.6416606086724935,0.6375,0.21283403881767957,0.2155672891071015,0.14070908069272964,32.071916910340924,0.0669391397600514,0.20442613198605647,0.20691192254717594,0.13556405648654135,32.82956366556073,0.06294523819614756,0.21148553223025726,0.21417766299223046,0.1398916762904336,32.20376617363206,0.06624061278971465,0.21249869736687996,0.21522172177758692,0.14050542293721446,32.10520738385874,0.06676225755944645,-0.03526212023150652,0.4487692788723502,0.11981831207825926,0.0,0.6931471805599453,,,,,0.0,,,0.0,0.28757013397861436,0.6197030732569008,0.12791033207508823,0.6598054728406129,0.029485255319995886,0.685557347722279,0.004733784043480982,0.6919552840422838,0.2705642895770859,0.6365835868841705,0.23069185365061534,0.6385831545135682,0.1017248730149859,0.6667847396861967,0.02187218251460383,0.6875745713379235,0.2274961506061191,0.6390928617041232,0.24864236348640362,0.6323945188836495,0.010556628407378749,0.6904552870058891,0.006431984159471124,0.6915326258151504,0.14565172065794596,0.6573952634613922,0.0749967066452526,0.6720186207555894,0.00010686633379984322,0.69312041466909,0.0035022865836948414,0.6922579599709154,0.007083714859378451,0.691302040364182,-0.0002425174264225921,0.6932072791689239,7.0,7.0,7.0,7.0,28.0,28.0,28.0,28.0,33.0,65.0,33.0,65.0,113.0,321.0,113.0,321.0,113.0,113.0,,,,,,,,,,,,,,,,,,,,,,,,,,,,,,,,,,,,,,,,,,,,,,
q12_rho0.70_always_b3,12,0.7,always,3,5,0,40,cost2,main,quadratic-l0.1,quadratic-l0.1|quadratic-l0.01|quadratic-l0.1|flat-w4-l0.01|quadratic-l0.01,3.8549036739142095,0.2764416736601995,0.875,3.8549036739142095,4.212516474100192,3.2288359821623978,6.62721277912617,0.31952177390405123,1.7782901829787732,2.0617916046838385,1.2012034564337057,11.475968476950268,0.2186176529434043,2.8882908222342545,3.235614448966842,2.2684504760250115,7.310538354791802,0.29922484125706234,3.4983171028418996,3.8536057550376657,2.873641687960263,6.791199917831216,0.31433954503188377,2.9864344913309835,4.80465134855365,0.4671483629665076,0.0,0.6931471805599453,,,,,0.0,,,0.0,1.850685697149321,0.3765958385232209,0.8758124647161389,0.49361662198901224,0.2935031225914953,0.6192782721826293,0.05246410030122589,0.6800151516395441,4.8736395988878325,0.2737873801685494,2.865620183058725,0.28456744843002857,1.192460582509352,0.4434490194429184,0.2811344692763944,0.6241302710719155,2.845098063060475,0.292685559346148,3.2907801983416163,0.27734531893359937,1.1815181764381708,0.43910664673034516,1.270720003276837,0.42830330686822987,2.6455390460279307,0.29391853460049716,2.810979238735387,0.30152026722878017,0.27016678102481795,0.6190269725865584,0.25095878392376025,0.6213758301976753,0.10018192858488657,0.5883764893707422,0.008803590882868395,0.6909314793040295,7.0,7.0,7.0,7.0,28.0,28.0,28.0,28.0,81.0,161.0,81.0,161.0,113.0,321.0,113.0,321.0,113.0,113.0,,,,,,,,,,,,,,,,,,,,,,,,,,,,,,,,,,,,,,,,,,,,,,
q12_rho0.70_always_b3,12,0.7,always,3,10,0,40,endpoint,main,linear-l10,linear-l10|constant|mlp-w4-l0.1|linear-l0.1|linear-l1,-0.009358873019322348,0.7025060535792677,0.5625,,,,,,,,,,,,,,,,,,,,,-0.04975685494483262,0.020509015176453115,0.018340445886506403,0.0,0.6931471805599453,,,,,0.0,,,0.0,0.00718475938140781,0.6859624211785376,0.011418697097592356,0.6817284834623529,0.009984546216452882,0.6831626343434923,0.0018348487950397535,0.6913123317649055,-0.055495774625497485,0.7486429551854428,-0.009138822960355234,0.7022860035203005,0.011644770389064118,0.6815024101708811,0.0038156090881349943,0.6893315714718102,,,,,,,,,,,,,,,,,,,,,3.0,3.0,3.0,3.0,6.0,6.0,6.0,6.0,,,,,,,,,,,,,,,,,,,,,,,,,,,,,,,,,,,,,,0.252382587761972,-0.009358873019322348,0.0,-0.009358873019322348,0.0,-0.009358873019322348,0.0,-0.007734670769023835,0.7008818513289692,-0.003202002544832916,0.6963491831047783,0.013785839252623094,0.6793613413073222,0.00267491369372361,0.6904722668662217,17.0,33.0,17.0,33.0
q12_rho0.70_always_b3,12,0.7,always,3,1,0,40,endpoint,main,constant,constant|mlp-w4-l0.1|mlp-w4-l0.1|constant|constant,-0.0017244591984072965,0.6948716397583526,0.4875,,,,,,,,,,,,,,,,,,,,,-0.004164546504868431,0.0005677452508486831,0.0012199172443123196,0.0,0.6931471805599453,,,,,0.0,,,0.0,-0.014378446123219587,0.707525626683165,-0.007478648848006498,0.7006258294079518,-0.002494989377744397,0.6956421699376897,-0.000333656123618814,0.6934808366835641,-0.025308590132138965,0.7184557706920842,-0.011036667559286922,0.7041838481192323,-0.003914298330974131,0.6970614788909194,-0.000652439620539437,0.6937996201804848,,,,,,,,,,,,,,,,,,,,,3.0,3.0,3.0,3.0,6.0,6.0,6.0,6.0,,,,,,,,,,,,,,,,,,,,,,,,,,,,,,,,,,,,,,0.2508593283660737,-0.0017244591984072965,0.0,-0.0017244591984072965,0.0,-0.0017244591984072965,0.0,-0.008747366130453044,0.7018945466903983,-0.0011220187627686243,0.6942691993227139,-0.002042429387585222,0.6951896099475305,-0.0007934652369149225,0.6939406457968602,17.0,33.0,17.0,33.0
q12_rho0.70_always_b3,12,0.7,always,3,2,0,40,endpoint,main,constant,quadratic-l1|linear-l1|constant|mlp-w4-l0.1|constant,0.0018203030352672747,0.6913268775246779,0.525,,,,,,,,,,,,,,,,,,,,,-0.004162143285261486,0.008931538165715425,0.0032872798350614854,0.0,0.6931471805599453,,,,,0.0,,,0.0,0.001632756437800241,0.6915144241221449,0.0034344939792883473,0.689712686580657,0.0024339418161478097,0.6907132387437974,0.0004301635208714252,0.6927170170390738,-0.02505797130406336,0.7182051518640086,-0.010394842461429282,0.7035420230213745,0.0014698914033907356,0.6916772891565546,0.0007632144101048871,0.6923839661498403,,,,,,,,,,,,,,,,,,,,,3.0,3.0,3.0,3.0,6.0,6.0,6.0,6.0,,,,,,,,,,,,,,,,,,,,,,,,,,,,,,,,,,,,,,0.2490902304255747,0.0018203030352672747,0.0,0.0018203030352672747,0.0,0.0018203030352672747,0.0,0.004493651004533227,0.688653529555412,0.0026252589729479706,0.6905219215869973,0.005432705597630455,0.6877144749623147,0.0012743940161425772,0.6918727865438028,17.0,33.0,17.0,33.0
q12_rho0.70_always_b3,12,0.7,always,3,3,0,40,endpoint,main,linear-l1,mlp-w4-l0.1|linear-l1|linear-l1|constant|quadratic-l1,0.002692187442623986,0.6904549931173214,0.5375,,,,,,,,,,,,,,,,,,,,,-0.006600596099023158,0.012201974052426139,0.004699187153132904,0.0,0.6931471805599453,,,,,0.0,,,0.0,0.00280972145884151,0.6903374591011037,0.0033741311620482037,0.6897730493978971,0.0023556897793226574,0.6907914907806226,0.00041754575960362,0.6927296348003417,-0.005286220530310303,0.6984334010902555,-0.0008958719331882594,0.6940430524931336,0.0028849090008896917,0.6902622715590556,0.000845939670883257,0.6923012408890621,,,,,,,,,,,,,,,,,,,,,3.0,3.0,3.0,3.0,6.0,6.0,6.0,6.0,,,,,,,,,,,,,,,,,,,,,,,,,,,,,,,,,,,,,,0.24865611488892023,0.002692187442623986,0.0,0.002692187442623986,0.0,0.002692187442623986,0.0,0.004813790267485016,0.6883333902924603,0.004038782247821981,0.6891083983121233,0.005029559622005396,0.6881176209379399,0.001780614642876896,0.6913665659170685,17.0,33.0,17.0,33.0
q12_rho0.70_always_b3,12,0.7,always,3,4,0,40,endpoint,main,linear-l1,linear-l1|mlp-w4-l0.01|linear-l0.1|linear-l1|linear-l1,-0.0023474515745950885,0.6954946321345404,0.55,,,,,,,,,,,,,,,,,,,,,-0.024343454157994687,0.01856057762436285,0.010910255900603167,0.0,0.6931471805599453,,,,,0.0,,,0.0,0.008327854214398822,0.6848193263455465,0.009284609986524051,0.6838625705734213,0.006326881239020775,0.6868202993209246,0.0011139215546778283,0.6920332590052675,-0.012542891673784168,0.7056900722337295,-0.0012142038633676355,0.6943613844233129,0.0067100984146483775,0.6864370821452969,0.0019717783268988027,0.6911754022330465,,,,,,,,,,,,,,,,,,,,,3.0,3.0,3.0,3.0,6.0,6.0,6.0,6.0,,,,,,,,,,,,,,,,,,,,,,,,,,,,,,,,,,,,,,0.250593264030375,-0.0023474515745950885,0.0,-0.0023474515745950885,0.0,-0.0023474515745950885,0.0,-0.0028148529382637207,0.695962033498209,-0.0022835380261639502,0.6954307185861092,0.009699650838997187,0.6834475297209481,0.004986789496951223,0.6881603910629941,17.0,33.0,17.0,33.0
q12_rho0.70_always_b3,12,0.7,always,3,5,0,40,endpoint,main,linear-l1,linear-l1|quadratic-l1|linear-l1|linear-l0.1|quadratic-l1,0.004043154817113023,0.6891040257428322,0.525,,,,,,,,,,,,,,,,,,,,,-0.005298396118972982,0.013529832128833455,0.004865861179915046,0.0,0.6931471805599453,,,,,0.0,,,0.0,0.0033341097209958212,0.6898130708389495,0.004138258390776364,0.6890089221691689,0.0030513072599233928,0.690095873300022,0.0005483188721746773,0.6925988616877705,0.0001669126435459134,0.6929802679163994,0.003398752351967421,0.6897484282079778,0.004413986403633938,0.6887331941563113,0.0010779045513007763,0.6920692760086445,,,,,,,,,,,,,,,,,,,,,3.0,3.0,3.0,3.0,6.0,6.0,6.0,6.0,,,,,,,,,,,,,,,,,,,,,,,,,,,,,,,,,,,,,,0.2479930137304099,0.004043154817113023,0.0,0.004043154817113023,0.0,0.004043154817113023,0.0,0.005496724230812144,0.6876504563291331,0.0042121471785250535,0.6889350333814201,0.005452900857253563,0.6876942797026917,0.0023012848087914303,0.6908458957511538,17.0,33.0,17.0,33.0
q12_rho0.70_always_b3,12,0.7,always,3,6,0,40,endpoint,main,linear-l1,linear-l1|mlp-w4-l0.1|linear-l1|linear-l1|mlp-w4-l0.1,0.0023307857676247933,0.6908163947923205,0.55,,,,,,,,,,,,,,,,,,,,,-0.005936688105506488,0.010215081777241139,0.004113836571105821,0.0,0.6931471805599453,,,,,0.0,,,0.0,-0.0016610031408980375,0.6948081837008433,-0.0006867735039348011,0.69383395406388,0.00042537081761235136,0.6927218097423329,0.00011665174835002734,0.6930305288115953,-0.01123122331507238,0.7043784038750177,-0.006651126205959654,0.6997983067659049,-0.0008501110993419505,0.6939972916592871,7.492608895230679e-05,0.693072254470993,,,,,,,,,,,,,,,,,,,,,3.0,3.0,3.0,3.0,6.0,6.0,6.0,6.0,,,,,,,,,,,,,,,,,,,,,,,,,,,,,,,,,,,,,,0.24884117998382083,0.0023307857676247933,0.0,0.0023307857676247933,0.0,0.0023307857676247933,0.0,0.0017027517968460262,0.6914444287630992,2.60404242888021e-05,0.6931211401356565,0.0012366835458797992,0.6919104970140655,0.00020711549678602143,0.6929400650631592,17.0,33.0,17.0,33.0
q12_rho0.70_always_b3,12,0.7,always,3,7,0,40,endpoint,main,linear-l0.1,linear-l1|constant|mlp-w4-l0.1|linear-l0.1|linear-l0.1,-0.006338906682603962,0.6994860872425492,0.55,,,,,,,,,,,,,,,,,,,,,-0.03208504164254596,0.0174990203630859,0.012602631442871921,0.0,0.6931471805599453,,,,,0.0,,,0.0,-0.0032437633073943302,0.6963909438673396,-0.0012058654989261577,0.6943530460588715,0.0014467609382010512,0.6917004196217442,0.0003569109202441398,0.692790269639701,-0.0419699031672475,0.7351170837271928,-0.020006503350227366,0.7131536839101725,-0.0007451733031134395,0.6938923538630587,0.0005657018269573016,0.692581478732988,,,,,,,,,,,,,,,,,,,,,3.0,3.0,3.0,3.0,6.0,6.0,6.0,6.0,,,,,,,,,,,,,,,,,,,,,,,,,,,,,,,,,,,,,,0.25279181311271354,-0.006338906682603962,0.0,-0.006338906682603962,0.0,-0.006338906682603962,0.0,-0.0037445041923861873,0.6968916847523315,-0.016117389878519312,0.7092645704384646,0.006422231847140442,0.6867249487128049,-0.0016630293454634765,0.6948102099054088,17.0,33.0,17.0,33.0
q12_rho0.70_always_b3,12,0.7,always,3,8,0,40,endpoint,main,constant,constant|constant|linear-l0.1|linear-l0.1|constant,-0.004032810438090496,0.6971799909980358,0.5125,,,,,,,,,,,,,,,,,,,,,-0.031759725406939616,0.018917854445435416,0.01316064858627963,0.0,0.6931471805599453,,,,,0.0,,,0.0,-0.001729013358156644,0.694876193918102,0.00027198001894099266,0.6928752005410044,0.0021976748515455113,0.6909495057083997,0.0004751181297418569,0.6926720624302034,-0.03673845373137555,0.7298856342913208,-0.00796151058943614,0.7011086911493815,0.0017077851776036545,0.6914393953823417,0.0008138460124119437,0.6923333345475333,,,,,,,,,,,,,,,,,,,,,3.0,3.0,3.0,3.0,6.0,6.0,6.0,6.0,,,,,,,,,,,,,,,,,,,,,,,,,,,,,,,,,,,,,,0.25179228728461045,-0.004032810438090496,0.0,-0.004032810438090496,0.0,-0.004032810438090496,0.0,-0.007241725561378666,0.700388906121324,-0.01383957608724819,0.7069867566471935,0.005845065071962504,0.6873021154879828,-0.0023477097177092717,0.6954948902776545,17.0,33.0,17.0,33.0
q12_rho0.70_always_b3,12,0.7,always,3,9,0,40,endpoint,main,constant,constant|constant|mlp-w8-l0.01|mlp-w4-l0.1|linear-l1,-0.0009974975968083748,0.6941446781567537,0.5125,,,,,,,,,,,,,,,,,,,,,-0.02360774355737977,0.02035572310992592,0.011184934577836028,0.0,0.6931471805599453,,,,,0.0,,,0.0,-0.006950718018229421,0.7000978985781747,-0.0033908900001754583,0.6965380705601208,0.0014166144524581843,0.6917305661074871,0.0004074662355357528,0.6927397143244096,-0.036434940421836544,0.7295821209817819,-0.017941447666027885,0.7110886282259731,0.0008760910288102026,0.692271089531135,0.0011374468820429585,0.6920097336779023,,,,,,,,,,,,,,,,,,,,,3.0,3.0,3.0,3.0,6.0,6.0,6.0,6.0,,,,,,,,,,,,,,,,,,,,,,,,,,,,,,,,,,,,,,0.2504255160490613,-0.0009974975968083748,0.0,-0.0009974975968083748,0.0,-0.0009974975968083748,0.0,-0.00024720455747923725,0.6933943851174245,-0.015228023987521216,0.7083752045474665,0.010258881832101194,0.6828882987278442,-0.006708661371362538,0.6998558419313079,17.0,33.0,17.0,33.0
q12_rho0.70_always_b3,12,0.7,always,3,10,0,40,mixture,diag,gru-w4-l0.01,gru-w4-l0.01|quadratic-l0.1|gru-w4-l0.01|quadratic-l0.1|gru-w4-l0.01,3.3882666963994694,0.16721724807418803,0.925,3.3882666963994694,3.6739898797963257,2.8095571790056795,3.2425783914963433,0.5277626407060053,2.1741089137599583,2.4629343526526766,1.5931514089490926,8.399869478121527,0.2942292571090935,3.039384451747611,3.342712343733691,2.4481853839313485,3.84214912008277,0.4779265493671437,3.2885511516618875,3.579877237635878,2.705796591107529,3.3819112553734345,0.5149954789036139,2.8161044587624793,3.8552094689665894,0.27499945570010376,0.0,0.6931471805599453,,,,,0.0,,,0.0,2.5722996012479133,0.2706695986286638,1.5929001469414104,0.34197511791263446,0.7601501732800658,0.498784591651224,0.16359619226963534,0.6519033099543026,4.209779276724985,0.1522784506791362,3.001109881715902,0.18193244818405077,1.6990780078377816,0.31454671027957054,0.5578447482499739,0.5528283927967326,,,,,,,,,3.592680630172429,0.1451642277216832,,,1.117355859337404,0.39992841155242703,,,,,,,7.0,7.0,7.0,7.0,28.0,28.0,28.0,28.0,,,,,113.0,,113.0,,,,,,,,,,,,,,,,,,,,,,,,,,,,,,,,,,,,,,,,,,,,,,,,,
q12_rho0.70_always_b3,12,0.7,always,3,1,0,40,mixture,diag,linear-l0.01,linear-l0.1|linear-l0.01|linear-l0.01|linear-l0.01|linear-l0.01,0.23829352929885927,0.6298871425709235,0.61875,0.23829352929885927,0.24109241257227332,0.16532947778448204,31.972733013136146,0.06418584004381386,0.22514280420428728,0.22740042893202897,0.15944377769693543,32.900308280399805,0.06054801405267487,0.23613918201351955,0.23884678052510236,0.16434504704096478,32.13071339842029,0.06355660407194584,0.23775958825243698,0.24053598846319682,0.16508179819741534,32.012159485852266,0.06402713234217917,0.06105586062060956,0.4288167629540794,0.09322129259723055,0.0,0.6931471805599453,,,,,0.0,,,0.0,0.29872050913329457,0.6155810113241387,0.1311155377775161,0.65900532114595,0.029096855933161952,0.6857168459119586,0.004769519991440691,0.6919480391608384,0.22384304053944531,0.6298699295785121,0.20389308982735538,0.6424406950497271,0.07620443666831407,0.6738261336813567,0.0156085590895531,0.6891974539457639,,,,,,,,,0.07354103057934146,0.6724087888099115,,,0.00037060724364429697,0.6930554587680477,,,,,,,7.0,7.0,7.0,7.0,28.0,28.0,28.0,28.0,,,,,113.0,,113.0,,,,,,,,,,,,,,,,,,,,,,,,,,,,,,,,,,,,,,,,,,,,,,,,,
q12_rho0.70_always_b3,12,0.7,always,3,5,0,40,mixture,diag,quadratic-l0.1,quadratic-l0.1|quadratic-l0.01|quadratic-l0.1|gru-w4-l0.01|quadratic-l0.01,3.724286991623835,0.26988146668529184,0.84375,3.724286991623835,4.02962697726697,3.1317005969028306,7.869967373824062,0.29265459770440655,1.8023335719727214,2.0476886309852826,1.2549265331837165,12.99676635945041,0.20403834314367555,2.837570167182096,3.1347741654175754,2.250643130554849,8.6178336794149,0.2748635216316608,3.3934355827129443,3.696949562349869,2.802107873691609,8.050687445732958,0.28810445430699666,2.9622360077950036,4.565988623347939,0.4055899473965513,0.0,0.6931471805599453,,,,,0.0,,,0.0,1.7167428561407547,0.39105810507422156,0.812307193906235,0.5010248042349575,0.2622932958385086,0.6263922726841311,0.04587296113055752,0.6816542384349094,4.820995737724106,0.24920263898820064,2.8337937140404175,0.27905000218913173,1.1621537763629068,0.4468943281650601,0.2634340590887777,0.628376768692323,,,,,,,,,2.8834651288257005,0.2700161856757243,,,0.20660766467748357,0.6354892868456486,,,,,,,7.0,7.0,7.0,7.0,28.0,28.0,28.0,28.0,,,,,113.0,,113.0,,,,,,,,,,,,,,,,,,,,,,,,,,,,,,,,,,,,,,,,,,,,,,,,,
q12_rho0.70_always_b3,12,0.7,always,3,10,0,40,pathinfo,diag,constant,linear-l10|constant|linear-l1|quadratic-l1|constant,-0.009578338029214456,0.7027255185891598,0.525,,,,,,,,,,,,,,,,,,,,,-0.04430778709648766,0.016447862780542732,0.015857784712082407,0.0,0.6931471805599453,,,,,0.0,,,0.0,-0.003676473094153673,0.6968236536540988,0.00913691230555674,0.6840102682543885,0.011779198405770209,0.681367982154175,0.0026432575143809866,0.6905039230455643,-0.1161518625318804,0.8092990430918257,-0.04288036401792572,0.736027544577871,0.005566209892669182,0.6875809706672762,0.006783985935362754,0.6863631946245825,,,,,,,,,-0.0017021934609557296,0.6948493740209011,,,0.005873266954240272,0.687273913605705,,,,,,,7.0,7.0,7.0,7.0,28.0,28.0,28.0,28.0,,,,,113.0,,113.0,,,,,,,,,,,,,,,,,,,,,,,,,,,,,,,0.25316746744993174,-0.009578338029214456,0.0,-0.009578338029214456,0.0,-0.009578338029214456,0.0,,,,,,,,,,,,
q12_rho0.70_always_b3,12,0.7,always,3,1,0,40,pathinfo,diag,constant,constant|constant|constant|constant|gru-w4-l0.1,-5.0378565862824186e-05,0.6931975591258082,0.5,,,,,,,,,,,,,,,,,,,,,-0.00012166678411258131,1.9208365718703006e-06,3.1876852586802886e-05,0.0,0.6931471805599453,,,,,0.0,,,0.0,-0.03280631824262878,0.7259534988025741,-0.015111172480669255,0.7082583530406146,-0.0042180978994837085,0.697365278459429,-0.0006442417054368446,0.6937914222653822,-0.09984498843150277,0.7929921689914481,-0.04054115909339309,0.7336883396533385,-0.011785381769787023,0.7049325623297322,-0.0021070224927730863,0.6952542030527183,,,,,,,,,-0.003118638128754471,0.6962658186886997,,,-0.0001221653075035245,0.6932693458674487,,,,,,,7.0,7.0,7.0,7.0,28.0,28.0,28.0,28.0,,,,,113.0,,113.0,,,,,,,,,,,,,,,,,,,,,,,,,,,,,,,0.2500251866851116,-5.0378565862824186e-05,0.0,-5.0378565862824186e-05,0.0,-5.0378565862824186e-05,0.0,,,,,,,,,,,,
q12_rho0.70_always_b3,12,0.7,always,3,5,0,40,pathinfo,diag,linear-l1,gru-w4-l0.01|constant|linear-l1|linear-l1|quadratic-l10,0.0035069997065111007,0.6896401808534341,0.5375,,,,,,,,,,,,,,,,,,,,,-0.004886533396107959,0.012732629878429614,0.004425864385099533,0.0,0.6931471805599453,,,,,0.0,,,0.0,0.004233931566954716,0.6889132489929907,0.0072690317207308895,0.6858781488392144,0.004194729986640289,0.688952450573305,0.0009120233203519276,0.6922351572395934,-0.047842916556755856,0.740990097116701,-0.005631452150045671,0.698778632709991,0.004870885166441764,0.6882762953935034,0.0026572461068357493,0.6904899344531096,,,,,,,,,0.006499516093137925,0.6866476644668074,,,0.0020921224808214955,0.6910550580791238,,,,,,,7.0,7.0,7.0,7.0,28.0,28.0,28.0,28.0,,,,,113.0,,113.0,,,,,,,,,,,,,,,,,,,,,,,,,,,,,,,0.24824993411543858,0.0035069997065111007,0.0,0.0035069997065111007,0.0,0.0035069997065111007,0.0,,,,,,,,,,,,
q12_rho0.70_sensing_b12,12,0.7,sensing,12,10,0,40,cost0,direct,gru_direct-w4-l0.1-cap5,gru_direct-w4-l0.1-cap5|gru_direct-w4-l0.1-cap5|gru_direct-w4-l0.1-cap5|gru_direct-w4-l0.1-cap5|gru_direct-w4-l0.1-cap5,0.6981340353492335,0.589616535441326,0.725,0.6981340353492335,0.7174876045555855,0.9079837712306059,13.14902934484921,0.20240203805166876,0.5075435274684518,0.5079520293107941,0.5363997845580165,19.83747042113301,0.12395115749663127,0.6330333278737369,0.6450115076365984,0.7958980955071372,14.584548843482263,0.18192891244970136,0.6785175869019775,0.6956890753459118,0.8754563011644855,13.52449510856014,0.19679987654372014,0.0322358648359257,1.332126150168829,0.3325370708039753,0.0,0.6931471805599453,0.6221575375377788,0.5837460029343419,0.6981340353492335,0.589616535441326,0.0,113.0,113.0,0.0,,,,,,,,,,,,,,,,,,,,,,,,,,,,,,,,,,,,,,,,,,,,,,,,,,,,,,,,,,,,,,,,,,,,,,,,,,,,,,,,,,,,,,,,,,,,,,,,,,,,
q12_rho0.70_sensing_b12,12,0.7,sensing,12,10,0,40,cost0,main,linear-l0.1,flat-w4-l0.01|linear-l0.1|linear-l0.1|quadratic-l1|linear-l0.1,0.7146317619202397,0.5616447364697575,0.7125,0.7146317619202397,0.7383959166219303,0.512168351117434,21.659505629077138,0.11956246481031027,0.600385753378459,0.6258452953037249,0.39137731104746976,24.13044901487232,0.10174518711694099,0.6885777029708225,0.7127409939250771,0.4845496198015562,22.102703046838222,0.11612922552588255,0.7076453631431944,0.7315154140711514,0.5047653473499588,21.772184137193147,0.11867880323472424,0.34502949865598836,1.1067161397997238,0.19241099024378036,0.0,0.6931471805599453,,,,,0.0,,,0.0,0.9861980645458299,0.5305961461238426,0.627521656682527,0.5661051487718777,0.24293306084875405,0.6355250212164126,0.045019621801044726,0.681979431357118,1.579714187788138,0.5356619531671052,1.1946964047125395,0.5215122781185583,0.6671339130732075,0.5613443266775624,0.18957358186688547,0.6476434433183835,1.0440029992085325,0.5178572809570053,1.1436969150685088,0.5185427319590941,0.7266589967905848,0.5525335656695385,0.7872842326561906,0.5481239214004097,0.5776495315170121,0.5810181324135824,0.6890586807030127,0.5705708031648214,0.27875591584933235,0.6291703925689196,0.2883159810940371,0.627081217211032,0.21284677235904317,0.6471705159271318,0.03994985195765436,0.683292513153014,7.0,7.0,7.0,7.0,28.0,28.0,28.0,28.0,141.0,281.0,141.0,281.0,113.0,321.0,113.0,321.0,113.0,113.0,,,,,,,,,,,,,,,,,,,,,,,,,,,,,,,,,,,,,,,,,,,,,,
q12_rho0.70_sensing_b12,12,0.7,sensing,12,10,0,40,cost0,mem1,gru-w4-l0.01-h1,gru-w4-l0.01-h1|gru-w4-l0.01-h1|gru-w4-l0.01-h1|gru-w4-l0.01-h1|gru-w4-l0.01-h1,0.6534192226483764,0.5667533349802567,0.7125,0.6534192226483764,0.6550503592694346,0.5973851184263783,9.006182919735519,0.30186109492383933,0.6432149370909063,0.6648589625895951,0.4493292770741187,18.45169210853933,0.1659637293409823,0.6652703573103848,0.6705963841288961,0.5655812938601957,10.833219319344675,0.2655488011119055,0.6575278385472659,0.6599899468460241,0.5889867928848233,9.467011234351778,0.2918919435743875,-0.014117782536222964,1.2022596443297446,0.3070344364776355,,,,,,,,,,0.0,,,,,,,,,,,,,,,,,,,,,,,,,,,,,,,,,,,,,,,,,,,,,,,,,,,,,,,0.0,0.6931471805599453,0.6534192226483764,0.5667533349802567,0.19403841581282105,0.6469562479149078,0.0,116.0,116.0,,,,,,,,,,,,,,,,,,,,,,,,,,,,,,,,,,,,,
q12_rho0.70_sensing_b12,12,0.7,sensing,12,10,0,40,cost0,mem2,gru-w4-l0.01-h2,gru-w4-l0.01-h2|gru-w4-l0.01-h2|gru-w4-l0.1-h2|gru-w4-l0.01-h2|gru-w4-l0.1-h2,0.7642954057774636,0.5472900959439477,0.725,0.7642954057774636,0.7904206653456927,0.5527865070031976,26.453084426047383,0.08366785240235011,0.6492473886678191,0.6749669785337536,0.4392577103582226,27.86781509754086,0.07789314861649345,0.7411276401997753,0.7672105603632434,0.5297766546614159,26.69496823424809,0.08265318672250914,0.7582762965971941,0.7843926073018133,0.5468007619282922,26.51397664765861,0.08341085419003572,0.44797620089209256,1.09450241994971,0.16635995649223873,,,,,,,,,,0.0,,,,,,,,,,,,,,,,,,,,,,,,,,,,,,,,,,,,,,,,,,,,,,,,,,,,,,,,,,,,,,,,0.0,0.6931471805599453,0.6931981548156606,0.5635771664986371,0.3609815292391815,0.6119331545689175,0.0,116.0,116.0,,,,,,,,,,,,,,,,,,,,,,,,,,,,
q12_rho0.70_sensing_b12,12,0.7,sensing,12,10,0,40,cost0,mem4,gru-w4-l0.1-h4,gru-w4-l0.1-h4|gru-w4-l0.01-h4|gru-w4-l0.1-h4|gru-w4-l0.01-h4|gru-w4-l0.1-h4,0.6156099037902281,0.5580145073697299,0.7375,0.6156099037902281,0.6218034299150628,0.7310737875813611,7.6812649004255915,0.33786072425661595,0.6336262706461169,0.6405584434469122,0.5204546995820302,19.72290079567908,0.16241321039316112,0.6449357029435185,0.6455715376056401,0.6810213192731458,9.940247497038113,0.28663657675194787,0.6255899059467145,0.6295772340449478,0.7175686028149341,8.239727123740778,0.3235169428721425,-0.11934041256123756,1.2316339103084946,0.3509229415156916,,,,,,,,,,0.0,,,,,,,,,,,,,,,,,,,,,,,,,,,,,,,,,,,,,,,,,,,,,,,,,,,,,,,,,,,,,,,,,,,,,,,,,0.0,0.6931471805599453,0.6026648303698614,0.5656636347842733,0.41448697688549563,0.6024017726579171,0.0,116.0,116.0,,,,,,,,,,,,,,,,,,,
q12_rho0.70_sensing_b12,12,0.7,sensing,12,1,0,40,cost0,main,quadratic-l0.1,quadratic-l10|quadratic-l0.1|flat-w4-l0.01|quadratic-l0.1|constant,0.024354462572079304,0.6851889628149681,0.5375,0.024354462572079304,0.028838227619756893,0.12206397583639654,30.668133973578996,0.08890577761171026,0.028611921037864307,0.03133808135368965,0.10428026588181472,32.81521549679372,0.0759613382880691,0.025173367421212078,0.02928142127157507,0.11857525602542873,31.086274559516045,0.08638355469099089,0.02456381473302277,0.028949131039287784,0.12116154765373069,30.775916557309237,0.08825513888145922,-0.23192944375080607,0.2585295101317175,0.12369954992866235,0.0,0.6931471805599453,,,,,0.0,,,0.0,0.03010043898328501,0.6843411821373486,0.016071705253388347,0.6886993556438188,0.0030542614113886228,0.6923468615057414,0.000448417893497699,0.693033888706057,-0.20305185701413175,0.684076411375962,0.09281127418594345,0.6636347982530475,0.052940902274638144,0.6785538633611978,0.012704596031649912,0.6899183440073816,-0.009575346120658015,0.6952084526717714,-0.0364590531562359,0.7010859683833818,0.00033252338026324715,0.6930610430798119,-0.00010292604152952744,0.6931717970460218,-0.0019285095082325204,0.6936936131041238,-0.0007875318023107009,0.6933481515283201,-0.0002885470930054479,0.693218688861764,0.00021047625933451607,0.69309252153662,3.999376110712105e-05,0.6931347272033737,-0.0003010151125452776,0.6932218139667918,7.0,7.0,7.0,7.0,28.0,28.0,28.0,28.0,33.0,65.0,33.0,65.0,113.0,321.0,113.0,321.0,113.0,113.0,,,,,,,,,,,,,,,,,,,,,,,,,,,,,,,,,,,,,,,,,,,,,,
q12_rho0.70_sensing_b12,12,0.7,sensing,12,5,0,40,cost0,main,linear-l0.01,linear-l0.01|linear-l0.1|quadratic-l0.1|quadratic-l1|linear-l1,0.42333902343414387,0.6085366022877116,0.65,0.42333902343414387,0.42759313381871206,0.33391301027029924,23.634190893627668,0.13863654748247722,0.37964687812064896,0.3863756994279174,0.268081637327762,27.980932218553964,0.107335994253583,0.41447856884137685,0.4192605968921349,0.31984427319810804,24.51693258131226,0.13206006061919107,0.42102115448349337,0.42541279478297633,0.33020660360195186,23.86303911493867,0.1369170554087835,0.14020357380573595,0.7196871546849621,0.14867836532787856,0.0,0.6931471805599453,,,,,0.0,,,0.0,0.6306473943696395,0.5718677212980336,0.3708333836747949,0.612937909862552,0.10886751252030766,0.6671898885676286,0.018039682626535176,0.6886753943136545,1.45713241635464,0.5395062296275059,1.0039901903733912,0.5477517210328259,0.4380916963384167,0.6065735030539509,0.09787510373210795,0.6698539273624414,0.5616632406928906,0.5864831270031508,0.6538247377082163,0.5757672176759068,0.3446806451994504,0.6168679544331885,0.38288259082923115,0.6113836997414771,0.777302067379319,0.5605068409049151,0.6542216177103939,0.5829029643161048,0.06277729587244879,0.677971513027982,0.06921070716026173,0.6763326975906815,0.111821753857786,0.6660314121362065,0.0028051684577984626,0.692454442056764,7.0,7.0,7.0,7.0,28.0,28.0,28.0,28.0,81.0,161.0,81.0,161.0,113.0,321.0,113.0,321.0,113.0,113.0,,,,,,,,,,,,,,,,,,,,,,,,,,,,,,,,,,,,,,,,,,,,,,
q12_rho0.70_sensing_b12,12,0.7,sensing,12,10,0,40,cost2,direct,gru_direct-w4-l0.1-cap5,gru_direct-w4-l0.1-cap5|gru_direct-w4-l0.1-cap5|gru_direct-w4-l0.1-cap5|gru_direct-w4-l0.1-cap5|gru_direct-w4-l0.1-cap5,2.2214397624212117,0.30171224506677063,0.925,2.2214397624212117,2.226043663559865,2.320490555005905,6.485807342278124,0.30986958213398885,1.6320538375090685,1.6493911787177034,1.4572168148396591,11.304033851272209,0.17028935645447424,2.0419955239443235,2.04209259649423,2.055993910064198,7.445082309045473,0.27110655818396745,2.1683908555613423,2.1710458541925037,2.2430412270065823,6.735362510015071,0.2991057004265,1.353042372601468,2.993862274176533,0.4117164647425809,0.0,0.6931471805599453,1.7053219882958435,0.30644970934587434,2.2214397624212117,0.30171224506677063,0.0,113.0,113.0,0.0,,,,,,,,,,,,,,,,,,,,,,,,,,,,,,,,,,,,,,,,,,,,,,,,,,,,,,,,,,,,,,,,,,,,,,,,,,,,,,,,,,,,,,,,,,,,,,,,,,,,
q12_rho0.70_sensing_b12,12,0.7,sensing,12,10,0,40,cost2,main,quadratic-l0.1,quadratic-l0.1|quadratic-l0.01|quadratic-l0.1|quadratic-l0.1|quadratic-l0.1,3.3453392049445085,0.14537106839645159,0.9625,3.3453392049445085,3.73361251207186,2.701644130894998,3.52021215689696,0.48551587045681716,2.1916666429502767,2.5120889274617717,1.5889279718812885,8.443385661716084,0.2806098004124733,3.0088782383437915,3.4005772414551774,2.363294738706956,4.045655031786874,0.44562038387898173,3.2476932125432056,3.6381805300377574,2.602775880276716,3.637224963391322,0.47574280179379824,2.785806590033006,3.8902123404232816,0.28890864601459404,0.0,0.6931471805599453,,,,,0.0,,,0.0,2.695495027334922,0.24774292904633502,1.8409596577973475,0.3007961893933498,0.8664534329867604,0.47433671346013373,0.18062720331472734,0.6476243869725475,4.525539785734347,0.11135528327878715,3.0758380214860415,0.15335531134292818,1.8083783584830428,0.284882520321991,0.6042320653261521,0.5408004895189784,3.412482914441452,0.18616065690465006,3.7915561125262385,0.18453823510547587,2.0762404529305156,0.24909405405715046,2.3111448979165146,0.2299313171440434,1.8598759589372158,0.25952395152217467,1.944729520045703,0.26218908700892973,1.2919588493602312,0.35700253825074324,1.2759280204173684,0.3527393233494537,2.54587400097354,0.21160462600016644,0.853635455290107,0.4539440200900975,7.0,7.0,7.0,7.0,28.0,28.0,28.0,28.0,141.0,281.0,141.0,281.0,113.0,321.0,113.0,321.0,113.0,113.0,,,,,,,,,,,,,,,,,,,,,,,,,,,,,,,,,,,,,,,,,,,,,,
q12_rho0.70_sensing_b12,12,0.7,sensing,12,10,0,40,cost2,mem1,gru-w4-l0.01-h1,gru-w4-l0.01-h1|gru-w4-l0.01-h1|gru-w4-l0.01-h1|gru-w4-l0.01-h1|gru-w4-l0.01-h1,2.1257468101534824,0.24423209182154842,0.9125,2.1257468101534824,2.1271714319827093,2.1800790597375856,1.993170990238849,0.694956617224902,1.8317902360753515,1.9841346131676028,1.3763415947557622,7.219430277629534,0.29728555176577154,2.15823319972779,2.180429393492723,1.9620684496093026,2.6436341580160887,0.5901735182049495,2.1477356641241565,2.1481536676977813,2.1190998709461746,2.1427467426251376,0.6671017365457903,0.3846926111736545,3.317264828822792,0.7857203118642447,,,,,,,,,,0.0,,,,,,,,,,,,,,,,,,,,,,,,,,,,,,,,,,,,,,,,,,,,,,,,,,,,,,,0.0,0.6931471805599453,2.1257468101534824,0.24423209182154842,1.0864095766608457,0.43383303496692227,0.0,116.0,116.0,,,,,,,,,,,,,,,,,,,,,,,,,,,,,,,,,,,,,
q12_rho0.70_sensing_b12,12,0.7,sensing,12,10,0,40,cost2,mem2,gru-w4-l0.01-h2,gru-w4-l0.1-h2|gru-w4-l0.01-h2|gru-w4-l0.01-h2|gru-w4-l0.01-h2|gru-w4-l0.01-h2,1.6758179887730507,0.2706770936296342,0.9125,1.6758179887730507,1.717350654911323,1.9923569457537567,1.7203377335757906,0.7579247678366556,1.7253429014632324,1.862219503705281,1.2891158866386285,8.023206646917563,0.29714261231459005,1.891636077282584,1.8962711243018158,1.7984196682234217,2.391485157376966,0.6355005391943526,1.7646544965000028,1.778113779498095,1.9378161614814224,1.8671656441927125,0.7259379177439959,-0.5119795227200215,3.0534394359532526,0.988615767060253,,,,,,,,,,0.0,,,,,,,,,,,,,,,,,,,,,,,,,,,,,,,,,,,,,,,,,,,,,,,,,,,,,,,,,,,,,,,,0.0,0.6931471805599453,1.9100866073746758,0.23690964452117588,1.362229632134713,0.37781328111805623,0.0,116.0,116.0,,,,,,,,,,,,,,,,,,,,,,,,,,,,
q12_rho0.70_sensing_b12,12,0.7,sensing,12,10,0,40,cost2,mem4,gru-w4-l0.01-h4,gru-w4-l0.1-h4|gru-w4-l0.01-h4|gru-w4-l0.1-h4|gru-w4-l0.01-h4|gru-w4-l0.01-h4,1.437277224403498,0.27844379620473425,0.9,1.437277224403498,1.5204164157301419,1.9022596876415636,1.7412350889674537,0.753488187192704,1.6705608279257838,1.7837265583557615,1.2670760654191662,8.498480809151427,0.283422963345816,1.7467110118295897,1.746852771958541,1.7299673258727661,2.4876834504697096,0.6225838671712526,1.5603354814069061,1.5964961644472222,1.8538901512444355,1.9035373982190027,0.7189941342429145,-0.9215180934701005,2.881083010357219,1.0548124455874244,,,,,,,,,,0.0,,,,,,,,,,,,,,,,,,,,,,,,,,,,,,,,,,,,,,,,,,,,,,,,,,,,,,,,,,,,,,,,,,,,,,,,,0.0,0.6931471805599453,1.905630605342345,0.22375765830464117,1.5642514684154296,0.33942066395101844,0.0,116.0,116.0,,,,,,,,,,,,,,,,,,,
q12_rho0.70_sensing_b12,12,0.7,sensing,12,1,0,40,cost2,main,flat-w4-l0.01,quadratic-l1|quadratic-l0.1|flat-w4-l0.01|gru-w4-l0.01|flat-w4-l0.01,0.16425311664564698,0.6404942014835896,0.65,0.16425311664564698,0.16653846033230618,0.2333920445892153,14.847679265619597,0.21935292635786333,0.23336146489613308,0.23410204923010475,0.19536764202658025,24.63450085412311,0.13061859953803767,0.1867716155306176,0.18751631546590902,0.22586241438118165,16.965042025328817,0.1965062273693919,0.17067396922429853,0.17244876310857982,0.23144141003932206,15.395518391932201,0.21312527734840542,-0.3378026925217374,0.5698091719298278,0.2287473086207787,0.0,0.6931471805599453,,,,,0.0,,,0.0,0.15858589450302552,0.6612798206239966,0.0822587269845674,0.6732178269360543,0.020101355016269626,0.6879961639698153,0.0034398877411344953,0.6922831839703405,0.05426938799636449,0.6602311743790935,0.2822600433054701,0.6259509954983626,0.22104899005067988,0.6407265923652167,0.05865865460699882,0.6786006646599583,0.015381556550512331,0.6820324469174448,0.0065958608876969475,0.6833912252203187,0.01239529888698113,0.6900366124660003,0.01707817145456767,0.6890165211174977,0.03883895069776967,0.6889085799558355,0.1394662189880572,0.6679810293521266,0.000538828172868977,0.6930128176117691,0.0008639955336914168,0.6929294510010056,0.0053517199076812795,0.6916952148867004,-8.53444188950253e-05,0.6931683886261142,7.0,7.0,7.0,7.0,28.0,28.0,28.0,28.0,33.0,65.0,33.0,65.0,113.0,321.0,113.0,321.0,113.0,113.0,,,,,,,,,,,,,,,,,,,,,,,,,,,,,,,,,,,,,,,,,,,,,,
q12_rho0.70_sensing_b12,12,0.7,sensing,12,5,0,40,cost2,main,quadratic-l0.1,quadratic-l0.1|quadratic-l0.1|quadratic-l0.1|quadratic-l1|quadratic-l0.1,3.2234333996948146,0.1845670820813857,0.9375,3.2234333996948146,3.823545937818755,2.485894841422441,9.660724780901157,0.21455512085196835,2.0722246948364678,2.483806640817753,1.4159792436547483,16.0921758700818,0.15709947409308597,2.8768033471753673,3.4420150427595133,2.152096574480842,10.627371587351288,0.2031143325339742,3.1226932058135572,3.7141276185438525,2.3882676921790633,9.892836034583098,0.2116629852935556,2.6867993123425853,3.765465266230378,0.27869652377504683,0.0,0.6931471805599453,,,,,0.0,,,0.0,2.6833660025657045,0.2854591543927773,1.6795606454803171,0.34451073206127214,0.7367398323212188,0.5087413274738978,0.14900717855015494,0.6556993154333943,6.298307111328306,0.09957339973380681,3.5906037597326588,0.15600837353485034,1.7647218164402099,0.3118018150423022,0.5394798958909818,0.5583964897793721,3.0532572436169114,0.188938523423338,3.888261884510713,0.16594163420145636,1.8390915160407524,0.29689206600025797,2.0291491825798103,0.28170272624816095,2.350798424284888,0.2223333158591275,3.3235531519120807,0.17912279237880088,1.0771419429382556,0.40974703982744104,1.0339153424107408,0.41259867769013053,2.308390702917104,0.2485328295503324,0.38360439113119355,0.5843933085662505,7.0,7.0,7.0,7.0,28.0,28.0,28.0,28.0,81.0,161.0,81.0,161.0,113.0,321.0,113.0,321.0,113.0,113.0,,,,,,,,,,,,,,,,,,,,,,,,,,,,,,,,,,,,,,,,,,,,,,
q12_rho0.70_sensing_b12,12,0.7,sensing,12,10,0,40,endpoint,main,quadratic-l0.1,quadratic-l0.1|quadratic-l0.01|quadratic-l0.1|quadratic-l0.1|linear-l0.1,0.07682186169907694,0.6163253188608684,0.65,,,,,,,,,,,,,,,,,,,,,0.010498906711494503,0.14662380973272296,0.03397746166267318,0.0,0.6931471805599453,,,,,0.0,,,0.0,0.05150510930919561,0.6416420712507497,0.054476309722831094,0.6386708708371142,0.033091138395060324,0.6600560421648849,0.005641550082676657,0.6875056304772686,0.09053966247105326,0.602607518088892,0.09412132761365691,0.5990258529462883,0.05626058241906708,0.6368865981408782,0.01165448397224656,0.6814926965876987,,,,,,,,,,,,,,,,,,,,,3.0,3.0,3.0,3.0,6.0,6.0,6.0,6.0,,,,,,,,,,,,,,,,,,,,,,,,,,,,,,,,,,,,,,0.2165221481835669,0.07682186169907694,0.0,0.07682186169907694,0.0,0.07682186169907694,0.0,0.06909778598513713,0.6240493945748081,0.07577546694361359,0.6173717136163317,0.03893678111875201,0.6542103994411933,0.03849511125672971,0.6546520693032155,17.0,33.0,17.0,33.0
q12_rho0.70_sensing_b12,12,0.7,sensing,12,1,0,40,endpoint,main,mlp-w4-l0.1,mlp-w4-l0.1|mlp-w4-l0.01|mlp-w4-l0.1|quadratic-l0.1|mlp-w4-l0.1,-0.004298924031992814,0.6974461045919382,0.5375,,,,,,,,,,,,,,,,,,,,,-0.03147463309078958,0.022046016477997917,0.013649521956721297,0.0,0.6931471805599453,,,,,0.0,,,0.0,0.004911975377925771,0.6882352051820195,0.007973873959100906,0.6851733066008443,0.00553786989489755,0.6876093106650478,0.0009603295576180226,0.6921868510023272,-0.00378341056365073,0.696930591123596,0.0030081337098266715,0.6901390468501185,0.00737473431879746,0.6857724462411479,0.0019692906251507864,0.6911778899347946,,,,,,,,,,,,,,,,,,,,,3.0,3.0,3.0,3.0,6.0,6.0,6.0,6.0,,,,,,,,,,,,,,,,,,,,,,,,,,,,,,,,,,,,,,0.2519498121986062,-0.004298924031992814,0.0,-0.004298924031992814,0.0,-0.004298924031992814,0.0,0.0006129443614139023,0.6925342361985314,-0.0018014557086645316,0.6949486362686098,0.007937221175003263,0.685209959384942,0.002469827388163666,0.6906773531717816,17.0,33.0,17.0,33.0
q12_rho0.70_sensing_b12,12,0.7,sensing,12,2,0,40,endpoint,main,quadratic-l1,quadratic-l1|quadratic-l0.1|quadratic-l1|quadratic-l0.1|quadratic-l1,0.10694202654688283,0.5862051540130624,0.7375,,,,,,,,,,,,,,,,,,,,,0.037013896926047944,0.17351158734047184,0.03490124555442989,0.0,0.6931471805599453,,,,,0.0,,,0.0,0.0767985528641767,0.6163486276957686,0.0783962903605688,0.6147508901993766,0.04731273277312174,0.6458344477868235,0.008050731282582357,0.6850964492773629,0.16442369692658798,0.5287234836333573,0.15564366624922546,0.5375035143107199,0.0945092794748055,0.5986379010851398,0.020772325359528054,0.6723748552004173,,,,,,,,,,,,,,,,,,,,,3.0,3.0,3.0,3.0,6.0,6.0,6.0,6.0,,,,,,,,,,,,,,,,,,,,,,,,,,,,,,,,,,,,,,0.19945734243209803,0.10694202654688283,0.0,0.10694202654688283,0.0,0.10694202654688283,0.0,0.12105413378821239,0.5720930467717329,0.1281151918187579,0.5650319887411874,0.0794211982538333,0.613725982306112,0.07700580532311531,0.61614137523683,17.0,33.0,17.0,33.0
q12_rho0.70_sensing_b12,12,0.7,sensing,12,3,0,40,endpoint,main,linear-l0.1,quadratic-l0.1|quadratic-l0.1|linear-l0.1|linear-l0.1|linear-l0.1,0.12425087417395524,0.5688963063859901,0.7625,,,,,,,,,,,,,,,,,,,,,0.03167686320365575,0.2144752133849303,0.04675769342950544,0.0,0.6931471805599453,,,,,0.0,,,0.0,0.11615306924860129,0.5769941113113439,0.11572155338917807,0.5774256271707673,0.06609302100867168,0.6270541595512736,0.0111243720239893,0.682022808535956,0.16663220833611486,0.5265149722238304,0.16559133116546187,0.5275558493944834,0.11039771461806187,0.5827494659418835,0.02465868332478268,0.6684884972351626,,,,,,,,,,,,,,,,,,,,,3.0,3.0,3.0,3.0,6.0,6.0,6.0,6.0,,,,,,,,,,,,,,,,,,,,,,,,,,,,,,,,,,,,,,0.19025728601033792,0.12425087417395524,0.0,0.12425087417395524,0.0,0.12425087417395524,0.0,0.14284234327147402,0.5503048372884712,0.14219919787843324,0.5509479826815121,0.10958863954471505,0.5835585410152302,0.11002616441078557,0.5831210161491598,17.0,33.0,17.0,33.0
q12_rho0.70_sensing_b12,12,0.7,sensing,12,4,0,40,endpoint,main,quadratic-l0.1,quadratic-l0.01|mlp-w4-l0.01|quadratic-l0.1|linear-l0.1|quadratic-l0.1,0.17192977685960512,0.5212174037003402,0.7125,,,,,,,,,,,,,,,,,,,,,0.08623688691645669,0.25234140160540086,0.04312366175760197,0.0,0.6931471805599453,,,,,0.0,,,0.0,0.11953675067776878,0.5736104298821765,0.11949797372954936,0.573649206830396,0.0676426109611912,0.625504569598754,0.011380664575931194,0.681766515984014,0.2098239231975853,0.4833232573623601,0.19768298636008885,0.4954641941998565,0.11778566210597055,0.5753615184539747,0.025018677847435916,0.6681285027125093,,,,,,,,,,,,,,,,,,,,,3.0,3.0,3.0,3.0,6.0,6.0,6.0,6.0,,,,,,,,,,,,,,,,,,,,,,,,,,,,,,,,,,,,,,0.17750064688419678,0.17192977685960512,0.0,0.17192977685960512,0.0,0.17192977685960512,0.0,0.17472514762628272,0.5184220329336625,0.1743764438292683,0.518770736730677,0.12562568786042774,0.5675214926995176,0.12345181358784345,0.5696953669721018,17.0,33.0,17.0,33.0
q12_rho0.70_sensing_b12,12,0.7,sensing,12,5,0,40,endpoint,main,linear-l0.1,mlp-w4-l0.01|linear-l0.1|quadratic-l0.1|linear-l0.1|linear-l0.1,0.10149964468693726,0.591647535873008,0.6625,,,,,,,,,,,,,,,,,,,,,0.02609882181510796,0.17412678633395182,0.037474023239774557,0.0,0.6931471805599453,,,,,0.0,,,0.0,0.0976200304826558,0.5955271500772895,0.09906206372906354,0.5940851168308818,0.05761947788642098,0.6355277026735242,0.009747752020926754,0.6833994285390186,0.13288715747560215,0.5602600230843432,0.1329188181243643,0.5602283624355809,0.09065703456623862,0.6024901459937066,0.02019818251058372,0.6729489980493615,,,,,,,,,,,,,,,,,,,,,3.0,3.0,3.0,3.0,6.0,6.0,6.0,6.0,,,,,,,,,,,,,,,,,,,,,,,,,,,,,,,,,,,,,,0.2049311478041314,0.10149964468693726,0.0,0.10149964468693726,0.0,0.10149964468693726,0.0,0.13976405416900217,0.553383126390943,0.13685977823292486,0.5562874023270205,0.08033295536154146,0.6128142251984038,0.08537866011897956,0.6077685204409657,17.0,33.0,17.0,33.0
q12_rho0.70_sensing_b12,12,0.7,sensing,12,6,0,40,endpoint,main,linear-l0.1,linear-l0.1|linear-l0.1|linear-l0.1|linear-l0.1|linear-l0.1,0.1533191612115749,0.5398280193483703,0.7375,,,,,,,,,,,,,,,,,,,,,0.0695182966138706,0.23452161472071428,0.04255110571324557,0.0,0.6931471805599453,,,,,0.0,,,0.0,0.15690443704266016,0.5362427435172851,0.1533191612115749,0.5398280193483703,0.08330018333181738,0.609846997228128,0.01391907959517381,0.6792281009647715,0.18732019656717472,0.5058269839927705,0.1793519897949862,0.513795190764959,0.11847548347355838,0.5746716970863869,0.02640131759674829,0.666745862963197,,,,,,,,,,,,,,,,,,,,,3.0,3.0,3.0,3.0,6.0,6.0,6.0,6.0,,,,,,,,,,,,,,,,,,,,,,,,,,,,,,,,,,,,,,0.1808696727967025,0.1533191612115749,0.0,0.1533191612115749,0.0,0.1533191612115749,0.0,0.19084357681223563,0.5023036037477097,0.18041090787300104,0.5127362726869442,0.14300200326884238,0.5501451772911029,0.14357469584155372,0.5495724847183916,17.0,33.0,17.0,33.0
q12_rho0.70_sensing_b12,12,0.7,sensing,12,7,0,40,endpoint,main,linear-l0.1,linear-l0.1|quadratic-l0.1|linear-l0.1|linear-l0.1|linear-l0.1,0.08097421397348979,0.6121729665864556,0.6625,,,,,,,,,,,,,,,,,,,,,0.005622679037367262,0.15118662874678432,0.037475874247060496,0.0,0.6931471805599453,,,,,0.0,,,0.0,0.09754034444892137,0.5956068361110238,0.09869087787404647,0.5944563026858989,0.056858089088866436,0.6362890914710789,0.009606009160793957,0.6835411713991514,0.07622902832388644,0.6169181522360588,0.08744805197621172,0.6056991285837336,0.07284578827021145,0.6203013922897338,0.017161451806825094,0.6759857287531201,,,,,,,,,,,,,,,,,,,,,3.0,3.0,3.0,3.0,6.0,6.0,6.0,6.0,,,,,,,,,,,,,,,,,,,,,,,,,,,,,,,,,,,,,,0.21326893593194574,0.08097421397348979,0.0,0.08097421397348979,0.0,0.08097421397348979,0.0,0.08773826574936457,0.6054089148105807,0.08574670397858802,0.6074004765813573,0.08015653227399026,0.612990648285955,0.08258618764343233,0.610560992916513,17.0,33.0,17.0,33.0
q12_rho0.70_sensing_b12,12,0.7,sensing,12,8,0,40,endpoint,main,linear-l0.1,linear-l0.1|quadratic-l0.1|quadratic-l0.1|linear-l0.1|linear-l0.1,0.0790050140616009,0.6141421664983444,0.6375,,,,,,,,,,,,,,,,,,,,,0.013743668966005027,0.13986551717603568,0.03275843770540104,0.0,0.6931471805599453,,,,,0.0,,,0.0,0.07125496363356443,0.6218922169263809,0.0752751881760213,0.6178719923839241,0.044780320524,0.6483668600359452,0.007602676134824894,0.6855445044251205,0.10726997686050514,0.5858772036994402,0.1053338093267941,0.5878133712331512,0.06850118613383407,0.6246459944261112,0.014962237543683704,0.6781849430162616,,,,,,,,,,,,,,,,,,,,,3.0,3.0,3.0,3.0,6.0,6.0,6.0,6.0,,,,,,,,,,,,,,,,,,,,,,,,,,,,,,,,,,,,,,0.21661399947242885,0.0790050140616009,0.0,0.0790050140616009,0.0,0.0790050140616009,0.0,0.12093488807555508,0.5722122924843902,0.11992331942476811,0.5732238611351772,0.06223130600640068,0.6309158745535447,0.06353482975380247,0.6296123508061428,17.0,33.0,17.0,33.0
q12_rho0.70_sensing_b12,12,0.7,sensing,12,9,0,40,endpoint,main,linear-l0.1,linear-l0.1|quadratic-l0.1|mlp-w4-l0.01|linear-l0.1|linear-l0.1,0.037820040990509354,0.655327139569436,0.6,,,,,,,,,,,,,,,,,,,,,-0.016462690871451954,0.0921301655809083,0.02851066582801055,0.0,0.6931471805599453,,,,,0.0,,,0.0,0.039130272425050454,0.654016908134895,0.04305999273993645,0.6500871878200088,0.027923913993526332,0.665223266566419,0.0048455667702045945,0.6883016137897406,0.03231226288850068,0.6608349176714446,0.04332393012640451,0.6498232504335408,0.03866246818391577,0.6544847123760296,0.009113510591254089,0.6840336699686912,,,,,,,,,,,,,,,,,,,,,3.0,3.0,3.0,3.0,6.0,6.0,6.0,6.0,,,,,,,,,,,,,,,,,,,,,,,,,,,,,,,,,,,,,,0.23406912788932868,0.037820040990509354,0.0,0.037820040990509354,0.0,0.037820040990509354,0.0,0.049640296040277435,0.6435068845196679,0.04986600493732245,0.6432811756226229,0.035689351247196015,0.6574578293127493,0.029933873318685446,0.6632133072412598,17.0,33.0,17.0,33.0
q12_rho0.70_sensing_b12,12,0.7,sensing,12,10,0,40,mixture,diag,quadratic-l0.1,linear-l0.01|quadratic-l0.01|quadratic-l0.1|quadratic-l0.1|quadratic-l0.1,2.1664382342292554,0.393575709347201,0.83125,2.1664382342292554,2.22103731372896,1.871338833078863,7.01728098644483,0.2856338197340621,1.4199898627841647,1.5140586382897985,1.046553157304959,11.96349758947418,0.18953521528014625,1.9377371140341075,2.0029679041047843,1.6186563969333396,7.793987433242749,0.2640523188293395,2.099390905561933,2.156845632264308,1.797579240551758,7.209578331527015,0.2799283283099929,1.4849844635676002,2.7902719070537065,0.31906642219644227,0.0,0.6931471805599453,,,,,0.0,,,0.0,1.6593308521622312,0.4270807691338672,1.1576893404426163,0.4633720117916644,0.5110364471267307,0.5700099092779701,0.1019144558405072,0.6677338099343137,2.8535571008843554,0.36840273355589465,2.0121220802534543,0.3858368463306684,1.140625081742264,0.45715407308396516,0.3580130628713195,0.6055837565156624,,,,,,,,,1.0145604168407496,0.48085966015362613,,,0.687068708931404,0.5292893203957613,,,,,,,7.0,7.0,7.0,7.0,28.0,28.0,28.0,28.0,,,,,113.0,,113.0,,,,,,,,,,,,,,,,,,,,,,,,,,,,,,,,,,,,,,,,,,,,,,,,,
q12_rho0.70_sensing_b12,12,0.7,sensing,12,1,0,40,mixture,diag,quadratic-l10,quadratic-l10|quadratic-l1|quadratic-l0.1|quadratic-l0.1|quadratic-l10,0.09398963684737517,0.672001957922848,0.625,0.09398963684737517,0.09399703499234444,0.09784116511406135,30.825983621779393,0.09470160557651068,0.09343547444351072,0.09350849621674803,0.0813992587160319,32.80010031526873,0.08129725471319092,0.09392328712595308,0.09392356336622358,0.09466676164546499,31.212092601968127,0.0921059857062964,0.09397334384820274,0.09397798347359956,0.0970226239871809,30.925603242349688,0.09403277147794417,-0.14745042621336502,0.2913506305598446,0.11545142894041648,0.0,0.6931471805599453,,,,,0.0,,,0.0,0.06414540602281227,0.6767153633709351,0.021248204947145334,0.687490838584589,0.0036124752809874733,0.6922199330519219,0.00043865261924224406,0.6930368943336112,-0.016531914067658925,0.6605913114802007,0.17576179522711163,0.647128421170071,0.11260592065684705,0.6655199727344355,0.027647353845380494,0.6862895696995401,,,,,,,,,0.04288200986261385,0.6834351185117482,,,-0.0001401537728000529,0.693181962746484,,,,,,,7.0,7.0,7.0,7.0,28.0,28.0,28.0,28.0,,,,,113.0,,113.0,,,,,,,,,,,,,,,,,,,,,,,,,,,,,,,,,,,,,,,,,,,,,,,,,
q12_rho0.70_sensing_b12,12,0.7,sensing,12,5,0,40,mixture,diag,quadratic-l0.1,quadratic-l0.1|linear-l0.01|quadratic-l0.1|quadratic-l0.1|quadratic-l0.1,1.8597996284558576,0.4238912596749067,0.8125,1.8597996284558576,2.0284699027700053,1.3855598167236476,17.7389491197098,0.1758525638250551,1.2701499729668657,1.4215943690506312,0.8157797238429678,21.717644882213847,0.1445043820878729,1.6951323038857793,1.861079212094178,1.2239301517018126,18.43132350369482,0.1698390720801098,1.8133058545518295,1.9813023588420762,1.3398141309332516,17.913791798672886,0.17430694162567534,1.5082978938967735,2.2036018990991093,0.18302322532738982,0.0,0.6931471805599453,,,,,0.0,,,0.0,1.4193333055243846,0.46755905531705544,0.9174806318197767,0.512871962346936,0.3513070784011859,0.609375704752227,0.06567514560228147,0.6768215947694178,2.8923475931231395,0.3938533461606546,1.9817733148064591,0.41753422309975435,0.9452442797705439,0.5055122564687016,0.2578310138843677,0.6309382928290239,,,,,,,,,1.563451536116272,0.4473907912455576,,,0.4421745225300719,0.5875580785670271,,,,,,,7.0,7.0,7.0,7.0,28.0,28.0,28.0,28.0,,,,,113.0,,113.0,,,,,,,,,,,,,,,,,,,,,,,,,,,,,,,,,,,,,,,,,,,,,,,,,
q12_rho0.70_sensing_b12,12,0.7,sensing,12,10,0,40,pathinfo,diag,quadratic-l0.1,quadratic-l0.1|quadratic-l0.1|linear-l0.01|linear-l0.01|linear-l0.1,0.18929046572138844,0.5038567148385569,0.7375,,,,,,,,,,,,,,,,,,,,,0.07755218485766403,0.29011012387488627,0.05376610118123045,0.0,0.6931471805599453,,,,,0.0,,,0.0,0.19792550482127053,0.4952216757386748,0.16010792932760687,0.5330392512323385,0.07698377710869025,0.6161634034512551,0.015543255769780653,0.6776039247901646,0.21625353751093862,0.4768936430490066,0.2299480154146547,0.4631991651452906,0.1597857569138758,0.5333614236460694,0.050470703014692905,0.6426764775452524,,,,,,,,,0.1683549980694492,0.524792182490496,,,0.05077527044557023,0.6423719101143751,,,,,,,7.0,7.0,7.0,7.0,28.0,28.0,28.0,28.0,,,,,113.0,,113.0,,,,,,,,,,,,,,,,,,,,,,,,,,,,,,,0.16955254437781334,0.18929046572138844,0.0,0.18929046572138844,0.0,0.18929046572138844,0.0,,,,,,,,,,,,
q12_rho0.70_sensing_b12,12,0.7,sensing,12,1,0,40,pathinfo,diag,linear-l0.1,linear-l0.1|linear-l0.01|constant|linear-l0.1|gru-w4-l0.1,-0.011733630257503302,0.7048808108174487,0.5375,,,,,,,,,,,,,,,,,,,,,-0.06215207041357999,0.03416631649979463,0.0246048568015599,0.0,0.6931471805599453,,,,,0.0,,,0.0,0.02439229755336367,0.6687548830065816,0.02737774108428398,0.6657694394756613,0.009331558226657679,0.6838156223332875,0.0017967985801886396,0.6913503819797566,-0.04119193475206688,0.7343391153120121,0.005473669296138584,0.6876735112638067,0.019944972789214577,0.6732022077707308,0.00708780186641265,0.6860593786935326,,,,,,,,,-0.0049619169767512825,0.6981090975366966,,,0.0005552203482586642,0.6925919602116866,,,,,,,7.0,7.0,7.0,7.0,28.0,28.0,28.0,28.0,,,,,113.0,,113.0,,,,,,,,,,,,,,,,,,,,,,,,,,,,,,,0.25454869683933395,-0.011733630257503302,0.0,-0.011733630257503302,0.0,-0.011733630257503302,0.0,,,,,,,,,,,,
q12_rho0.70_sensing_b12,12,0.7,sensing,12,5,0,40,pathinfo,diag,linear-l0.1,quadratic-l0.1|linear-l0.1|linear-l0.1|linear-l0.1|linear-l0.1,0.16777478854607195,0.5253723920138734,0.7375,,,,,,,,,,,,,,,,,,,,,0.061979756311145495,0.2555234657286502,0.04981619014202654,0.0,0.6931471805599453,,,,,0.0,,,0.0,0.19924392738305552,0.49390325317688977,0.17045464095048807,0.5226925396094574,0.08963671051946441,0.6035104700404809,0.01866188257945465,0.6744852979804906,0.17931291360641366,0.5138342669535316,0.22484969989822515,0.4682974806617201,0.1756828075658189,0.5174643729941264,0.06384958586646206,0.6292975946934833,,,,,,,,,0.15575745162553425,0.5373897289344111,,,0.09419287813272015,0.5989543024272251,,,,,,,7.0,7.0,7.0,7.0,28.0,28.0,28.0,28.0,,,,,113.0,,113.0,,,,,,,,,,,,,,,,,,,,,,,,,,,,,,,0.17426647862334868,0.16777478854607195,0.0,0.16777478854607195,0.0,0.16777478854607195,0.0,,,,,,,,,,,,
q12_rho0.70_sensing_b3,12,0.7,sensing,3,10,0,40,cost0,direct,gru_direct-w4-l0.01-cap5,gru_direct-w4-l0.01-cap5|gru_direct-w4-l0.01-cap5|gru_direct-w4-l0.01-cap5|gru_direct-w4-l0.01-cap5|gru_direct-w4-l0.01-cap5,-0.20685033586158016,0.7016311545570133,0.5375,-0.20685033586158016,-0.16884551856924127,0.09474575506817048,17.089310698769452,0.19619790325523545,-0.06986354604911593,-0.05792946215059634,0.09268611212759238,28.05505229546752,0.11122878972438571,-0.16817880492027582,-0.13875694463356317,0.09439690014096422,19.59971653448201,0.1733881675270922,-0.19602967286201442,-0.16051720219435733,0.09465779522475332,17.745899370633904,0.18991821113485055,-0.7868886085391553,0.14373417691815815,0.24936284083190796,0.0,0.6931471805599453,-0.20685033586158016,0.7016311545570133,-0.004911414762595251,0.6942148532633216,0.0,113.0,113.0,0.0,,,,,,,,,,,,,,,,,,,,,,,,,,,,,,,,,,,,,,,,,,,,,,,,,,,,,,,,,,,,,,,,,,,,,,,,,,,,,,,,,,,,,,,,,,,,,,,,,,,,
q12_rho0.70_sensing_b3,12,0.7,sensing,3,10,0,40,cost0,main,linear-l0.01,linear-l0.01|constant|linear-l0.01|flat-w4-l0.01|gru-w4-l0.01,0.10220422336144622,0.6705007903565239,0.5375,0.10220422336144622,0.10374784456216488,0.1588009927812379,35.167105127833906,0.049340417492656836,0.08398539282498343,0.08561385508074387,0.14214562918966406,35.639574962706995,0.0477453102289379,0.09868842135141345,0.10024505849256618,0.1555276918295966,35.246594671892545,0.04907093633622221,0.10130014814847903,0.10284683433177039,0.15795410992916598,35.18691961967522,0.049272650649891545,-0.054231084121867536,0.2779701986892501,0.0863169612226336,0.0,0.6931471805599453,,,,,0.0,,,0.0,0.2794951629860682,0.6318831539187924,0.06548302778962892,0.6763690482145774,0.003755288259756645,0.6922066832838023,-5.852973248568483e-05,0.6931626553639877,0.3928379584396654,0.6622330808034177,0.13413015810876877,0.6741768881720087,0.015298480929384638,0.6895860983621322,-0.00021520903521648482,0.6931963072496388,0.11425643154356786,0.664841733714797,0.12460825846923984,0.6619189080765597,0.0756813105228541,0.6729701950707938,0.06712095444656564,0.6742562568302582,0.11666283462818017,0.6596875943211379,0.14425564478578567,0.6549524449029909,-0.000595690278335681,0.6932930091003919,-0.0018076669852020943,0.6936070910542995,0.05610012483341059,0.6762525729355703,0.00013692413283731552,0.6931134240463358,7.0,7.0,7.0,7.0,28.0,28.0,28.0,28.0,141.0,281.0,141.0,281.0,113.0,321.0,113.0,321.0,113.0,113.0,,,,,,,,,,,,,,,,,,,,,,,,,,,,,,,,,,,,,,,,,,,,,,
q12_rho0.70_sensing_b3,12,0.7,sensing,3,10,0,40,cost0,mem1,constant-h1,gru-w4-l0.01-h1|constant-h1|constant-h1|constant-h1|gru-w4-l0.01-h1,-0.010615062609806552,0.6957353403711053,0.4875,-0.010615062609806552,-0.01037526616105561,0.011444702114315638,39.07558006845222,0.04221259523708202,-0.011346453792110403,-0.011115347344640128,0.010307029489733185,39.11790902588598,0.04167779143590883,-0.010741669061283899,-0.010503313675234206,0.011251230056009875,39.08261055354165,0.04212443900080054,-0.010647082826094143,-0.010407648529067818,0.011395896653748646,39.07734727771344,0.04219046057281593,-0.07138968362815742,0.03702464660364058,0.027303356060788975,,,,,,,,,,0.0,,,,,,,,,,,,,,,,,,,,,,,,,,,,,,,,,,,,,,,,,,,,,,,,,,,,,,,0.0,0.6931471805599453,-0.011666732749941644,0.6959258082491633,-0.0003265433054592592,0.693229127740042,0.0,116.0,116.0,,,,,,,,,,,,,,,,,,,,,,,,,,,,,,,,,,,,,
q12_rho0.70_sensing_b3,12,0.7,sensing,3,10,0,40,cost0,mem2,constant-h2,gru-w4-l0.01-h2|constant-h2|constant-h2|constant-h2|gru-w4-l0.01-h2,-0.0021283317736505492,0.693603665752537,0.475,-0.0021283317736505492,-0.0018469879074677412,0.021780640264706823,38.98005526897783,0.04295653611119663,-0.0036073576359261865,-0.003327171164136916,0.02025199835559402,39.04352374500247,0.04233763398460753,-0.0023848346920555736,-0.0021036470436965604,0.021517446356304842,38.99074903409099,0.04285419304643311,-0.002193227172381992,-0.0019119212481228387,0.021714119937685405,38.98274901718605,0.04293082726402908,-0.06799202711758305,0.058989540650999525,0.03184719895491314,,,,,,,,,,0.0,,,,,,,,,,,,,,,,,,,,,,,,,,,,,,,,,,,,,,,,,,,,,,,,,,,,,,,,,,,,,,,,0.0,0.6931471805599453,0.005052759320892183,0.6910897127368844,-0.0004943453384808561,0.6932704310920504,0.0,116.0,116.0,,,,,,,,,,,,,,,,,,,,,,,,,,,,
q12_rho0.70_sensing_b3,12,0.7,sensing,3,10,0,40,cost0,mem4,gru-w4-l0.01-h4,gru-w4-l0.01-h4|gru-w4-l0.01-h4|gru-w4-l0.01-h4|constant-h4|gru-w4-l0.01-h4,-0.008212364718585885,0.6790897906108233,0.5125,-0.008212364718585885,0.0010065405992814858,0.13378776839421333,24.75576582529682,0.14191279218559588,0.022409055387519472,0.02663084498465773,0.1171338216121316,31.396470052330283,0.09886919050857038,-0.00021346249618542368,0.007600778539568809,0.13006333329991365,26.236572252827198,0.13203560011867302,-0.00603390290798903,0.002795149261450941,0.13279996694776294,25.145008771661065,0.13928505000441815,-0.3580444406123019,0.2885309089315909,0.15822070057773405,,,,,,,,,,0.0,,,,,,,,,,,,,,,,,,,,,,,,,,,,,,,,,,,,,,,,,,,,,,,,,,,,,,,,,,,,,,,,,,,,,,,,,0.0,0.6931471805599453,-0.010298905437842959,0.6795928088311435,-0.0007146750765859051,0.6933245306015827,0.0,116.0,116.0,,,,,,,,,,,,,,,,,,,
q12_rho0.70_sensing_b3,12,0.7,sensing,3,1,0,40,cost0,main,linear-l0.1,linear-l0.1|linear-l0.1|linear-l1|quadratic-l0.1|linear-l0.01,0.08580841285824592,0.6787243770797975,0.6125,0.08580841285824592,0.08654978971938306,0.047794528652623194,34.86333874761211,0.06403350963190498,0.08556547216890457,0.08633964682786907,0.04673081721309499,35.366240594288215,0.060566476017653074,0.08590070855480761,0.08664830746936983,0.04772970552748305,34.951866892822565,0.06342878640178863,0.08583858509467285,0.08658156033568726,0.04778427434976456,34.88578408558149,0.06388036740465278,-0.0809783142775238,0.2558386911651176,0.08443673987240613,0.0,0.6931471805599453,,,,,0.0,,,0.0,0.20909403780266905,0.6520274111659272,0.13353730877768383,0.6598377129618195,0.040139647675583194,0.6824765266412316,0.007595152050839315,0.6912199875874879,0.29883423752961347,0.6607163121993299,0.2347268446036606,0.6448704090261319,0.12402292333556415,0.6607265256503816,0.03057331568484232,0.6852373163100085,0.15983918453739654,0.6603220422033764,0.14741544909345616,0.6648427584328136,0.017305647446552386,0.6886885173486845,0.013435582791098114,0.6897311111100941,0.0381426342498685,0.6854336079362564,0.047295768579247076,0.6830608566247163,0.001723147967571176,0.6927161445944889,0.007067829993142186,0.6913158097204201,0.0053512202885745794,0.691714407452349,-8.94197251696066e-05,0.6931692436989149,7.0,7.0,7.0,7.0,28.0,28.0,28.0,28.0,33.0,65.0,33.0,65.0,113.0,321.0,113.0,321.0,113.0,113.0,,,,,,,,,,,,,,,,,,,,,,,,,,,,,,,,,,,,,,,,,,,,,,
q12_rho0.70_sensing_b3,12,0.7,sensing,3,5,0,40,cost0,main,linear-l0.01,linear-l0.01|linear-l0.01|linear-l0.01|linear-l0.01|linear-l0.1,0.1947566205368611,0.6437307199026,0.475,0.1947566205368611,0.19475840047376713,0.1966445701343632,32.99977194388583,0.05706998716774215,0.17094231458599624,0.1709987934382575,0.18160815666970428,33.93691334317603,0.05413017556246987,0.1905475313738088,0.1905528117827265,0.1938007937945659,33.15499840555023,0.05656831103069571,0.1936975407506257,0.19369999266958385,0.1959136367544251,33.038015127975584,0.05694402104436049,0.024541228164033514,0.3711071273693401,0.08778713934376076,0.0,0.6931471805599453,,,,,0.0,,,0.0,0.22108738978436762,0.6381260544835878,0.09470734324019872,0.6684383887012588,0.020045434193117308,0.6881351533541336,0.0030585644038855415,0.692382177221693,0.1928782337785823,0.6854038804464236,0.0902792914945041,0.673926477422615,0.03557482152920302,0.6837654085123196,0.007756524103033358,0.6911847644764223,0.13219750998131957,0.6585984889007348,0.14712956680874495,0.6553274311346049,0.03516252552520173,0.683936316277355,0.03784960339230368,0.6831619268807622,0.07136584354185946,0.6705188275938404,0.045715588986124475,0.6788485757001359,0.0016788962001184043,0.6927292911122919,0.0041895559793441615,0.6921151292465352,0.031360543149804895,0.6843536669976433,0.0008879658107963124,0.692926361226372,7.0,7.0,7.0,7.0,28.0,28.0,28.0,28.0,81.0,161.0,81.0,161.0,113.0,321.0,113.0,321.0,113.0,113.0,,,,,,,,,,,,,,,,,,,,,,,,,,,,,,,,,,,,,,,,,,,,,,
q12_rho0.70_sensing_b3,12,0.7,sensing,3,10,0,40,cost2,direct,gru_direct-w4-l0.1-cap5,gru_direct-w4-l0.1-cap5|gru_direct-w4-l0.01-cap5|gru_direct-w4-l0.1-cap5|gru_direct-w4-l0.1-cap5|gru_direct-w4-l0.1-cap5,1.1443013543212874,0.36544393701921163,0.9,1.1443013543212874,1.3911084394864939,2.0201919939079263,6.626693892346974,0.2478383245692271,1.3739670225817868,1.3774708444181603,1.4600306878141744,11.867775376148213,0.13868428532802626,1.287156166492269,1.4175677622517813,1.888262795639756,7.6891253875896295,0.2166261992037608,1.1906578729119304,1.400218170554405,1.9846760868189945,6.900693263952871,0.2391060266445922,-0.21245343775455916,2.2628147361102067,0.6286003023646287,0.0,0.6931471805599453,1.299468638982549,0.3593417154699711,1.1188168350936538,0.3744693308402175,0.0,113.0,113.0,0.0,,,,,,,,,,,,,,,,,,,,,,,,,,,,,,,,,,,,,,,,,,,,,,,,,,,,,,,,,,,,,,,,,,,,,,,,,,,,,,,,,,,,,,,,,,,,,,,,,,,,
q12_rho0.70_sensing_b3,12,0.7,sensing,3,10,0,40,cost2,main,quadratic-l0.1,quadratic-l0.1|quadratic-l0.1|quadratic-l0.1|quadratic-l0.01|quadratic-l0.1,2.221955395231367,0.22415373888064294,0.95,2.221955395231367,2.3529174252226905,2.8245270457445097,1.7202384078274169,0.7434996453395529,1.9541313294963853,2.1209928248137464,1.481904906912596,5.794947251348204,0.3223898331436218,2.2940320271820664,2.2943276734575693,2.3185460305877923,2.266811517142623,0.6248364127501411,2.258538561613374,2.3211492603065387,2.655319569300981,1.849620815842166,0.7114600920979275,-0.33479122773809633,3.858015392374977,1.1525399210404976,0.0,0.6931471805599453,,,,,0.0,,,0.0,0.7160796681800237,0.4870003718816454,0.6146578655419196,0.5181375288445321,0.33939810438098017,0.6026106086486731,0.06932006648917499,0.6756560966266303,3.704770261899271,0.16091645749378397,2.7822887445528943,0.21085650613814294,1.3821891919085556,0.38593779715167303,0.36405457315691886,0.602503811631544,1.6793210172491182,0.2886997368704599,2.172733461605221,0.2827234043523897,1.4482218447985242,0.36064654994378725,1.5479475115927244,0.3524635498144324,1.4889560241504296,0.28739316427607625,0.7530369941171842,0.317265901351809,0.5868183204683494,0.5166045328843837,0.5610649971804471,0.5183783015304393,1.030348106729595,0.40172145271613424,0.08769942472060034,0.6696366999065764,7.0,7.0,7.0,7.0,28.0,28.0,28.0,28.0,141.0,281.0,141.0,281.0,113.0,321.0,113.0,321.0,113.0,113.0,,,,,,,,,,,,,,,,,,,,,,,,,,,,,,,,,,,,,,,,,,,,,,
q12_rho0.70_sensing_b3,12,0.7,sensing,3,10,0,40,cost2,mem1,gru-w4-l0.01-h1,gru-w4-l0.01-h1|gru-w4-l0.01-h1|gru-w4-l0.01-h1|gru-w4-l0.01-h1|gru-w4-l0.01-h1,1.9248822918384154,0.3314956783151287,0.8625,1.9248822918384154,1.9373582262932452,1.775126163599666,2.9216968877459615,0.5716746844221022,1.5456307577344544,1.6763332373910413,1.1175155935752692,9.710917657180248,0.26560834507121983,1.8563196589303625,1.9004777937825938,1.5878194509766739,3.8415786654339206,0.4895800395847355,1.9081436556796878,1.9280996017979402,1.7214405527612933,3.13780875445986,0.549416231390357,0.8358653032692506,2.7068509727068104,0.48146267134174564,,,,,,,,,,0.0,,,,,,,,,,,,,,,,,,,,,,,,,,,,,,,,,,,,,,,,,,,,,,,,,,,,,,,0.0,0.6931471805599453,1.9248822918384154,0.3314956783151287,0.46506448680192386,0.5805053258589448,0.0,116.0,116.0,,,,,,,,,,,,,,,,,,,,,,,,,,,,,,,,,,,,,
q12_rho0.70_sensing_b3,12,0.7,sensing,3,10,0,40,cost2,mem2,gru-w4-l0.01-h2,gru-w4-l0.01-h2|gru-w4-l0.01-h2|gru-w4-l0.01-h2|gru-w4-l0.01-h2|gru-w4-l0.01-h2,2.2786276656543376,0.27717165886885875,0.9,2.2786276656543376,2.2904609852391657,2.132573662485811,3.034406185899461,0.5242894877250647,1.7317600724054156,1.8694842741586166,1.2944400651222283,7.733509166264082,0.265702175287014,2.155393359234302,2.1970735290580308,1.8937635149652123,3.7002444738555353,0.45705253530906775,2.245817544938777,2.264537244844277,2.064598229789033,3.1965093901949673,0.5060370234584168,1.1882584428391931,3.134080431187397,0.5086244479581502,,,,,,,,,,0.0,,,,,,,,,,,,,,,,,,,,,,,,,,,,,,,,,,,,,,,,,,,,,,,,,,,,,,,,,,,,,,,,0.0,0.6931471805599453,2.2786276656543376,0.27717165886885875,0.6628688507163915,0.5345266667512016,0.0,116.0,116.0,,,,,,,,,,,,,,,,,,,,,,,,,,,,
q12_rho0.70_sensing_b3,12,0.7,sensing,3,10,0,40,cost2,mem4,gru-w4-l0.01-h4,gru-w4-l0.01-h4|gru-w4-l0.01-h4|gru-w4-l0.01-h4|gru-w4-l0.01-h4|gru-w4-l0.01-h4,2.2743288888066444,0.25004313142421697,0.9125,2.2743288888066444,2.277422004957906,2.1977247029869673,3.173734547805026,0.48068416495516253,1.7850413712193223,1.9024662045574616,1.3753407421585297,7.163756221883473,0.2528303722870174,2.1686658571448754,2.193641861146631,1.9614975873788985,3.724141605916745,0.4229801736863282,2.2462067651944704,2.2535214572322047,2.1300812858289637,3.308542239095012,0.4650509440987151,1.1144888574906389,3.1713560129895533,0.5210512254064612,,,,,,,,,,0.0,,,,,,,,,,,,,,,,,,,,,,,,,,,,,,,,,,,,,,,,,,,,,,,,,,,,,,,,,,,,,,,,,,,,,,,,,0.0,0.6931471805599453,2.2743288888066444,0.25004313142421697,0.8045240295169774,0.49747511964897867,0.0,116.0,116.0,,,,,,,,,,,,,,,,,,,
q12_rho0.70_sensing_b3,12,0.7,sensing,3,1,0,40,cost2,main,linear-l0.01,linear-l0.01|linear-l0.01|linear-l0.1|flat-w4-l0.01|linear-l0.01,0.18370780153487337,0.649487682192488,0.6375,0.18370780153487337,0.1861915534588591,0.1148732979687285,34.32681096067587,0.05277872320226257,0.17669010266996446,0.17887365874284877,0.11205358991490866,34.78999878589292,0.05126460166424809,0.18251582249429815,0.18494643855576137,0.11440419368124592,34.40688329121273,0.0525226601538383,0.18340737664026038,0.18587765919977825,0.11475534091125258,34.34704679024226,0.052714193919884994,0.03314018230550639,0.3392061707101018,0.080461636763936,0.0,0.6931471805599453,,,,,0.0,,,0.0,0.21417029382772598,0.6404978560409218,0.09118203327904037,0.6696735003299134,0.01929554540856463,0.6882736080327322,0.003071974560874299,0.6923772645417651,0.10269065039628211,0.6660402092156005,0.11535288691261276,0.6624831016833814,0.03786325371202903,0.6834679998824947,0.008101556765403075,0.6911059755702297,0.18782023653452104,0.6475483339325888,0.17346143308611373,0.6536031813034687,0.006868802883290959,0.6914173331231727,0.0035611387897396566,0.6922583529460725,0.0073260678649745255,0.6922800982789061,0.0020312262310123565,0.6935913737008941,-1.4025309698925681e-05,0.6931506340670924,0.002961407229029972,0.6923983005680469,0.0036234173165925003,0.6922275218409739,-0.00021707696466398974,0.693201052415249,7.0,7.0,7.0,7.0,28.0,28.0,28.0,28.0,33.0,65.0,33.0,65.0,113.0,321.0,113.0,321.0,113.0,113.0,,,,,,,,,,,,,,,,,,,,,,,,,,,,,,,,,,,,,,,,,,,,,,
q12_rho0.70_sensing_b3,12,0.7,sensing,3,5,0,40,cost2,main,quadratic-l0.1,quadratic-l0.1|quadratic-l0.1|flat-w8-l0.01|quadratic-l0.1|quadratic-l0.1,0.9992231521573907,0.5730334595777613,0.7125,0.9992231521573907,1.0237131203560224,0.7939255747421522,16.355243414388337,0.188148940117658,0.6926272793329444,0.725755229193467,0.45682013044148845,21.68697363779569,0.13629458849458065,0.9121605874077352,0.9387896806266569,0.6987839060243151,17.40226246379324,0.17677476948557716,0.9744805184041695,0.9995429567797143,0.766981797313776,16.62463651380129,0.1851518671166842,0.44140694342055653,1.5581093386509792,0.297840753291165,0.0,0.6931471805599453,,,,,0.0,,,0.0,0.16332750791300205,0.625427703659542,0.16250383344338082,0.6488109476597768,0.05418804236544643,0.6792448676513972,0.009048791479163872,0.6908778103475587,1.5458708013975357,0.5271128259457944,1.1371774477412557,0.525080456140725,0.48547581333420686,0.5929078062063643,0.09845537283840729,0.6694011741488195,0.6580562729837246,0.6037678746484296,0.8713955346182086,0.5869226857740764,0.22288169306287556,0.6414631480925019,0.2338374884240051,0.6395914630103381,0.744246668003115,0.5564725246757767,0.894214889145972,0.5439714243091159,0.0203909792931695,0.6879989901572447,0.021728398127464788,0.6875677954262689,0.2985852363880749,0.624338611336646,0.0007903163482068404,0.6929499185683614,7.0,7.0,7.0,7.0,28.0,28.0,28.0,28.0,81.0,161.0,81.0,161.0,113.0,321.0,113.0,321.0,113.0,113.0,,,,,,,,,,,,,,,,,,,,,,,,,,,,,,,,,,,,,,,,,,,,,,
q12_rho0.70_sensing_b3,12,0.7,sensing,3,10,0,40,endpoint,main,quadratic-l0.1,quadratic-l0.1|quadratic-l0.1|quadratic-l1|quadratic-l0.1|quadratic-l1,0.21500266524424197,0.47814451531570334,0.8125,,,,,,,,,,,,,,,,,,,,,0.1387888871190798,0.2881744125220093,0.03808027283448804,0.0,0.6931471805599453,,,,,0.0,,,0.0,0.11687412856613735,0.576273051993808,0.11910315335071515,0.57404402720923,0.0685627504102687,0.6245844301496766,0.011593849669929114,0.6815533308900162,0.29910704735362154,0.3940401332063237,0.27630869176494166,0.4168384887950037,0.15345364537631295,0.5396935351836324,0.03149491912518247,0.6616522614347629,,,,,,,,,,,,,,,,,,,,,3.0,3.0,3.0,3.0,6.0,6.0,6.0,6.0,,,,,,,,,,,,,,,,,,,,,,,,,,,,,,,,,,,,,,0.15213015521083623,0.21500266524424197,0.0,0.21500266524424197,0.0,0.21500266524424197,0.0,0.24054073716710045,0.4526064433928448,0.2193359131642428,0.47381126739570245,0.15090256898505786,0.5422446115748875,0.14900896426715832,0.5441382162927869,17.0,33.0,17.0,33.0
q12_rho0.70_sensing_b3,12,0.7,sensing,3,1,0,40,endpoint,main,quadratic-l0.1,mlp-w4-l0.1|quadratic-l0.1|constant|quadratic-l0.1|mlp-w4-l0.01,0.0018687518291962337,0.6912784287307491,0.55,,,,,,,,,,,,,,,,,,,,,-0.008610348126937676,0.01512092468959005,0.0060057220695627815,0.0,0.6931471805599453,,,,,0.0,,,0.0,0.007001377219438344,0.686145803340507,0.0032219139841428864,0.6899252665758023,0.0008883479994851063,0.6922588325604602,0.00013350810995649138,0.6930136724499888,0.000948650122092344,0.6921985304378528,0.009433698445889326,0.6837134821140559,0.0038522976387070198,0.6892948829212383,0.0005214030737997977,0.6926257774861455,,,,,,,,,,,,,,,,,,,,,3.0,3.0,3.0,3.0,6.0,6.0,6.0,6.0,,,,,,,,,,,,,,,,,,,,,,,,,,,,,,,,,,,,,,0.24909154234241263,0.0018687518291962337,0.0,0.0018687518291962337,0.0,0.0018687518291962337,0.0,0.007258528742696399,0.6858886518172488,0.004696454296110991,0.6884507262638343,0.0004009590004604616,0.6927462215594848,0.0015350034841198027,0.6916121770758255,17.0,33.0,17.0,33.0
q12_rho0.70_sensing_b3,12,0.7,sensing,3,2,0,40,endpoint,main,linear-l0.1,quadratic-l1|linear-l0.1|linear-l0.1|mlp-w4-l0.1|constant,-0.0024808992068398672,0.6956280797667851,0.575,,,,,,,,,,,,,,,,,,,,,-0.03380365275432529,0.025636194726313868,0.01558543027976368,0.0,0.6931471805599453,,,,,0.0,,,0.0,-0.0022617733949581017,0.6954089539549034,0.010395541254478887,0.6827516393054663,0.009876833498965724,0.6832703470609796,0.0017988110696637125,0.6913483694902816,-0.011757722520123682,0.704904903080069,0.006934904990955335,0.6862122755689899,0.014013762241857495,0.6791334183180877,0.003775982685145182,0.6893711978748001,,,,,,,,,,,,,,,,,,,,,3.0,3.0,3.0,3.0,6.0,6.0,6.0,6.0,,,,,,,,,,,,,,,,,,,,,,,,,,,,,,,,,,,,,,0.24987653312418057,-0.0024808992068398672,0.0,-0.0024808992068398672,0.0,-0.0024808992068398672,0.0,0.018192480223340444,0.6749547003366049,0.014259714828425928,0.6788874657315194,0.01552412870403604,0.6776230518559092,0.0066674865765198295,0.6864796939834255,17.0,33.0,17.0,33.0
q12_rho0.70_sensing_b3,12,0.7,sensing,3,3,0,40,endpoint,main,quadratic-l1,quadratic-l1|quadratic-l1|mlp-w4-l0.01|mlp-w4-l0.1|mlp-w4-l0.1,0.017733264874568555,0.6754139156853768,0.625,,,,,,,,,,,,,,,,,,,,,-0.011072362618270437,0.04387292038967459,0.013965227039679621,0.0,0.6931471805599453,,,,,0.0,,,0.0,-0.0007455416048831737,0.6938927221648286,0.008749126432239605,0.6843980541277057,0.009986360701983327,0.683160819857962,0.0018972535766371228,0.6912499269833082,0.04229854882357089,0.6508486317363744,0.052322627330098626,0.6408245532298467,0.030689109121693637,0.6624580714382516,0.006648819075161344,0.6864983614847839,,,,,,,,,,,,,,,,,,,,,3.0,3.0,3.0,3.0,6.0,6.0,6.0,6.0,,,,,,,,,,,,,,,,,,,,,,,,,,,,,,,,,,,,,,0.24061159166846596,0.017733264874568555,0.0,0.017733264874568555,0.0,0.017733264874568555,0.0,0.02914311987037858,0.6640040606895667,0.03369347554360701,0.6594537050163384,0.018444517895483445,0.6747026626644619,0.008917408036347252,0.684229772523598,17.0,33.0,17.0,33.0
q12_rho0.70_sensing_b3,12,0.7,sensing,3,4,0,40,endpoint,main,mlp-w4-l0.01,quadratic-l1|mlp-w4-l0.01|mlp-w4-l0.01|mlp-w4-l0.01|mlp-w4-l0.1,0.009644961930395567,0.6835022186295496,0.6,,,,,,,,,,,,,,,,,,,,,-0.027554903661770876,0.04324356603623969,0.01768004714158762,0.0,0.6931471805599453,,,,,0.0,,,0.0,-0.0008402458020181941,0.6939874263619634,0.0036783810363808004,0.6894687995235644,0.005037087869455939,0.6881100926904894,0.000982387603858624,0.6921647929560867,0.03512914964264821,0.658018030917297,0.03988665870429068,0.6532605218556545,0.0208382312736232,0.6723089492863221,0.004333144311247682,0.6888140362486975,,,,,,,,,,,,,,,,,,,,,3.0,3.0,3.0,3.0,6.0,6.0,6.0,6.0,,,,,,,,,,,,,,,,,,,,,,,,,,,,,,,,,,,,,,0.24399890286123163,0.009644961930395567,0.0,0.009644961930395567,0.0,0.009644961930395567,0.0,0.013803989534226502,0.6793431910257188,0.010774879081099168,0.6823723014788461,0.013667503706551742,0.6794796768533935,0.004436697673526847,0.6887104828864185,17.0,33.0,17.0,33.0
q12_rho0.70_sensing_b3,12,0.7,sensing,3,5,0,40,endpoint,main,quadratic-l0.1,linear-l0.1|quadratic-l0.01|quadratic-l1|quadratic-l0.1|quadratic-l0.1,0.0285461762942766,0.6646010042656687,0.625,,,,,,,,,,,,,,,,,,,,,-0.049372790117884036,0.09883030406373564,0.03834504195447057,0.0,0.6931471805599453,,,,,0.0,,,0.0,0.03121630379379728,0.6619308767661479,0.032096571534716525,0.6610506090252288,0.01926896272759441,0.6738782178323508,0.0032855420501463244,0.689861638509799,0.06211456764400673,0.6310326129159385,0.06387195276440619,0.629275227795539,0.040588745751751,0.6525584348081943,0.00921836838463707,0.6839288121753082,,,,,,,,,,,,,,,,,,,,,3.0,3.0,3.0,3.0,6.0,6.0,6.0,6.0,,,,,,,,,,,,,,,,,,,,,,,,,,,,,,,,,,,,,,0.2322253286568566,0.0285461762942766,0.0,0.0285461762942766,0.0,0.0285461762942766,0.0,0.054077774033113,0.6390694065268322,0.051572805993645776,0.6415743745662995,0.027693727988265214,0.6654534525716802,0.025734694170880666,0.6674124863890646,17.0,33.0,17.0,33.0
q12_rho0.70_sensing_b3,12,0.7,sensing,3,6,0,40,endpoint,main,quadratic-l0.1,quadratic-l0.1|quadratic-l0.1|quadratic-l0.1|quadratic-l1|quadratic-l1,0.10167669558931447,0.5914704849706307,0.7375,,,,,,,,,,,,,,,,,,,,,0.030206309454971075,0.17728355604805285,0.03742716606843582,0.0,0.6931471805599453,,,,,0.0,,,0.0,0.07689582557742362,0.6162513549825217,0.07828455841949608,0.6148626221404493,0.04575301690514952,0.6473941636547957,0.007763932432915855,0.6853832481270293,0.13781676450388858,0.5553304160560567,0.13151471633503425,0.561632464224911,0.08573586312047969,0.6074113174394655,0.019625669481885925,0.6735215110780594,,,,,,,,,,,,,,,,,,,,,3.0,3.0,3.0,3.0,6.0,6.0,6.0,6.0,,,,,,,,,,,,,,,,,,,,,,,,,,,,,,,,,,,,,,0.20087177829566438,0.10167669558931447,0.0,0.10167669558931447,0.0,0.10167669558931447,0.0,0.12628896747429702,0.5668582130856483,0.12480001329527772,0.5683471672646676,0.07570860096188713,0.6174385795980581,0.0735733310604884,0.6195738494994568,17.0,33.0,17.0,33.0
q12_rho0.70_sensing_b3,12,0.7,sensing,3,7,0,40,endpoint,main,quadratic-l0.1,quadratic-l0.1|quadratic-l0.1|quadratic-l0.1|quadratic-l0.1|quadratic-l0.1,0.2096017705613323,0.483545409998613,0.775,,,,,,,,,,,,,,,,,,,,,0.1234140218325799,0.29312481053145223,0.04213375252504114,0.0,0.6931471805599453,,,,,0.0,,,0.0,0.05447136534250526,0.63867581521744,0.06002114256293591,0.6331260379970094,0.038208007820460174,0.6549391727394851,0.00660728279981722,0.686539897760128,0.224169277202366,0.4689779033575793,0.2096017705613323,0.483545409998613,0.10783187588743615,0.585315304672509,0.02193017291542852,0.6712170076445167,,,,,,,,,,,,,,,,,,,,,3.0,3.0,3.0,3.0,6.0,6.0,6.0,6.0,,,,,,,,,,,,,,,,,,,,,,,,,,,,,,,,,,,,,,0.1547820787160062,0.2096017705613323,0.0,0.2096017705613323,0.0,0.2096017705613323,0.0,0.2235678310705314,0.4695793494894138,0.22039870163572392,0.47274847892422134,0.08206165015495852,0.6110855304049868,0.09111567152311743,0.6020315090368278,17.0,33.0,17.0,33.0
q12_rho0.70_sensing_b3,12,0.7,sensing,3,8,0,40,endpoint,main,quadratic-l0.1,quadratic-l0.1|quadratic-l0.1|quadratic-l0.1|quadratic-l0.1|mlp-w4-l0.01,0.31496391024701287,0.3781832703129324,0.85,,,,,,,,,,,,,,,,,,,,,0.20874564997172546,0.41465992762297543,0.05110297593342829,0.0,0.6931471805599453,,,,,0.0,,,0.0,0.1032116136363058,0.5899355669236395,0.10601581192642229,0.5871313686335229,0.06186523317730813,0.6312819473826371,0.010505111783741384,0.682642068776204,0.33618380552652544,0.3569633750334199,0.3081019220597369,0.3850452585002084,0.16017912463583384,0.5329680559241115,0.03232782708040603,0.6608193534795392,,,,,,,,,,,,,,,,,,,,,3.0,3.0,3.0,3.0,6.0,6.0,6.0,6.0,,,,,,,,,,,,,,,,,,,,,,,,,,,,,,,,,,,,,,0.11209795652475596,0.31496391024701287,0.0,0.31496391024701287,0.0,0.31496391024701287,0.0,0.3305984277055554,0.3625487528543898,0.3311397165610066,0.3620074639989387,0.16664568347160919,0.5265014970883362,0.1666933674550096,0.5264538131049357,17.0,33.0,17.0,33.0
q12_rho0.70_sensing_b3,12,0.7,sensing,3,9,0,40,endpoint,main,quadratic-l0.1,quadratic-l0.1|quadratic-l0.1|quadratic-l0.1|quadratic-l0.1|quadratic-l0.1,0.30964903026120477,0.38349815029874057,0.8375,,,,,,,,,,,,,,,,,,,,,0.21740194311127842,0.395429858801225,0.04427591507700994,0.0,0.6931471805599453,,,,,0.0,,,0.0,0.0972926547420236,0.5958545258179218,0.10235472212657748,0.5907924584333678,0.060104307521064146,0.6330428730388811,0.010194444226810808,0.6829527363331345,0.3382744290703349,0.35487275148961045,0.30964903026120477,0.38349815029874057,0.1598689810356222,0.5332781995243231,0.03169453369913296,0.6614526468608123,,,,,,,,,,,,,,,,,,,,,3.0,3.0,3.0,3.0,6.0,6.0,6.0,6.0,,,,,,,,,,,,,,,,,,,,,,,,,,,,,,,,,,,,,,0.11581209718145072,0.30964903026120477,0.0,0.30964903026120477,0.0,0.30964903026120477,0.0,0.2927618325541787,0.4003853480057666,0.26862269244863946,0.42452448811130583,0.1505653943035842,0.5425817862563611,0.1491397583779989,0.5440074221819463,17.0,33.0,17.0,33.0
q12_rho0.70_sensing_b3,12,0.7,sensing,3,10,0,40,mixture,diag,quadratic-l0.1,quadratic-l0.1|quadratic-l0.1|quadratic-l0.1|gru-w4-l0.01|gru-w4-l0.01,0.7874603123070969,0.5474163700533937,0.71875,0.7874603123070969,0.7878285150727092,0.7605684307603987,10.370729388028403,0.2552013597704565,0.6815786852170399,0.6967502965981737,0.5173497640219352,17.439134590367342,0.15330503576488988,0.7689596368718875,0.7711825897565989,0.703755671738733,11.788558107028425,0.22892509406354014,0.7828892058616312,0.7836129136045167,0.7453252262201833,10.735786866196491,0.24803559034628936,0.20812001005842018,1.1940452430819395,0.25694088357142203,0.0,0.6931471805599453,,,,,0.0,,,0.0,0.6005383258903538,0.5854629770141155,0.29498800162442246,0.6278393813565394,0.09627232999289607,0.6692478742074519,0.017002652610741523,0.6888991820935544,1.5072564249551665,0.5147595220638436,1.0212493339015318,0.5314144541655061,0.48061837354702286,0.5930746636375936,0.10929274231856945,0.6666533010077288,,,,,,,,,0.6684898191818192,0.5604246626829873,,,0.09166658777916009,0.6697479407083682,,,,,,,7.0,7.0,7.0,7.0,28.0,28.0,28.0,28.0,,,,,113.0,,113.0,,,,,,,,,,,,,,,,,,,,,,,,,,,,,,,,,,,,,,,,,,,,,,,,,
q12_rho0.70_sensing_b3,12,0.7,sensing,3,1,0,40,mixture,diag,linear-l0.1,linear-l0.1|linear-l0.1|linear-l0.1|linear-l0.01|linear-l0.1,0.12290301210958812,0.6632090773399855,0.575,0.12290301210958812,0.12345003226661509,0.09019040235065333,36.495427479755335,0.04256364029016377,0.12019919174072295,0.12066550867384992,0.089970220538472,36.67755894270671,0.04202821999413264,0.12246690845268063,0.12299984979085954,0.09017337314933105,36.52639230204145,0.04247511795111986,0.12279394682574123,0.12333740248604382,0.09018691268190256,36.50323803910579,0.04254140387575722,0.02941582884652728,0.22036438681639858,0.04842273464565927,0.0,0.6931471805599453,,,,,0.0,,,0.0,0.2051856042443542,0.6483297842011805,0.11061844085129371,0.6655728165035154,0.0290600588669881,0.6856554504452731,0.005283315752002022,0.691815166423333,0.18008040567702632,0.6668435386524737,0.17123954218432114,0.6560930402753963,0.07482548480968855,0.6744591447179985,0.017760739040141773,0.6886205818915833,,,,,,,,,0.01674267217094875,0.6885537415816576,,,0.0008210563106284763,0.6929429937114296,,,,,,,7.0,7.0,7.0,7.0,28.0,28.0,28.0,28.0,,,,,113.0,,113.0,,,,,,,,,,,,,,,,,,,,,,,,,,,,,,,,,,,,,,,,,,,,,,,,,
q12_rho0.70_sensing_b3,12,0.7,sensing,3,5,0,40,mixture,diag,linear-l0.01,linear-l0.01|linear-l0.01|quadratic-l0.1|linear-l0.01|linear-l0.01,0.21344814064971512,0.6419942292071692,0.54375,0.21344814064971512,0.21429081049451304,0.2550647208754523,28.60671038123471,0.08041400131183736,0.17779119558072504,0.17838253333493737,0.21257659492167114,30.275848854920536,0.071181346042327,0.20566914675305914,0.20645696999377705,0.2458905041491346,28.90569483976292,0.07868872144223392,0.21138883496471697,0.2122169632346439,0.2526399145404127,28.68257628660836,0.07997240827942671,-0.0240517528973583,0.43264327516239065,0.11669813298747825,0.0,0.6931471805599453,,,,,0.0,,,0.0,0.19576450075360174,0.6376744335429667,0.09105831814524139,0.6682464892386765,0.015685796725064913,0.6891244844905424,0.001720999935542067,0.6927150599792967,0.6560333760403279,0.6046709544397479,0.46365217108244783,0.6107137668275483,0.18624539819679625,0.6518823329825547,0.03184652486738625,0.6853671020164349,,,,,,,,,0.374041087594454,0.6145508581464173,,,0.0002708627967575178,0.6930650594494459,,,,,,,7.0,7.0,7.0,7.0,28.0,28.0,28.0,28.0,,,,,113.0,,113.0,,,,,,,,,,,,,,,,,,,,,,,,,,,,,,,,,,,,,,,,,,,,,,,,,
q12_rho0.70_sensing_b3,12,0.7,sensing,3,10,0,40,pathinfo,diag,quadratic-l0.1,quadratic-l0.1|quadratic-l0.1|quadratic-l0.1|quadratic-l0.1|quadratic-l0.1,0.4490925047642542,0.2440546757956911,0.8875,,,,,,,,,,,,,,,,,,,,,0.3698422068624084,0.5186908965759681,0.037543409358603314,0.0,0.6931471805599453,,,,,0.0,,,0.0,0.1589043167976815,0.5342428637622637,0.15699533966666546,0.5361518408932799,0.08795332028929095,0.6051938602706544,0.0181337534979246,0.6750134270620206,0.4858218149232313,0.20732536563671394,0.4490925047642542,0.2440546757956911,0.28714231930431316,0.4060048612556321,0.0870840420708747,0.6060631384890706,,,,,,,,,0.3293718751784684,0.3637753053814769,,,0.16588026608067402,0.5272669144792713,,,,,,,7.0,7.0,7.0,7.0,28.0,28.0,28.0,28.0,,,,,113.0,,113.0,,,,,,,,,,,,,,,,,,,,,,,,,,,,,,,0.07268776084572222,0.4490925047642542,0.0,0.4490925047642542,0.0,0.4490925047642542,0.0,,,,,,,,,,,,
q12_rho0.70_sensing_b3,12,0.7,sensing,3,1,0,40,pathinfo,diag,constant,constant|linear-l0.1|constant|linear-l0.01|quadratic-l1,0.002706603954612681,0.6904405766053326,0.4875,,,,,,,,,,,,,,,,,,,,,-0.008113977310410955,0.015000456806693813,0.00604300313595891,0.0,0.6931471805599453,,,,,0.0,,,0.0,0.01760525368808679,0.6755419268718585,0.006917955066776102,0.6862292254931692,0.001572347127681012,0.6915748334322643,0.0002534312913070491,0.6928937492686382,0.011391192326370314,0.6817559882335751,0.01696163245944642,0.6761855481004988,0.01046531681408332,0.6826818637458619,0.002281559145128813,0.6908656214148166,,,,,,,,,0.0020615054856895783,0.6910856750742557,,,3.4961769769910336e-05,0.6931122187901754,,,,,,,7.0,7.0,7.0,7.0,28.0,28.0,28.0,28.0,,,,,113.0,,113.0,,,,,,,,,,,,,,,,,,,,,,,,,,,,,,,0.24879663610900207,0.002706603954612681,0.0,0.002706603954612681,0.0,0.002706603954612681,0.0,,,,,,,,,,,,
q12_rho0.70_sensing_b3,12,0.7,sensing,3,5,0,40,pathinfo,diag,quadratic-l1,quadratic-l1|quadratic-l0.1|linear-l0.1|quadratic-l1|quadratic-l1,0.014997029598641432,0.6781501509613038,0.675,,,,,,,,,,,,,,,,,,,,,-0.11029050483542747,0.1153064192215276,0.055308802124392355,0.0,0.6931471805599453,,,,,0.0,,,0.0,0.037106485499039964,0.6560406950609053,0.04387981064316748,0.6492673699167778,0.02398662286633769,0.6691605576936076,0.004953228102018856,0.6881939524579265,0.00040416266829986224,0.6927430178916454,0.09021491147718494,0.6029322690827603,0.07690447796223636,0.6162427025977089,0.02444738707940401,0.6686997934805412,,,,,,,,,0.05210267458373872,0.6410445059762064,,,0.015302974178863523,0.6778442063810817,,,,,,,7.0,7.0,7.0,7.0,28.0,28.0,28.0,28.0,,,,,113.0,,113.0,,,,,,,,,,,,,,,,,,,,,,,,,,,,,,,0.22969161406813893,0.014997029598641432,0.0,0.014997029598641432,0.0,0.014997029598641432,0.0,,,,,,,,,,,,
q12_rho1.00_always_b12,12,1.0,always,12,10,0,38,cost0,direct,gru_direct-w4-l0.01-cap5,gru_direct-w4-l0.01-cap5|gru_direct-w4-l0.01-cap5|gru_direct-w4-l0.01-cap5|gru_direct-w4-l0.01-cap5|gru_direct-w4-l0.01-cap5,5.908276960457197,0.014728645660799601,1.0,5.908276960457197,8.707562702046747,4.931182413126852,14.23085665907276,0.21650496742822972,2.822872575951709,3.878811498311059,1.9713257410093121,37.39830030185556,0.045237178317359586,4.738449617543149,6.990779519992092,3.778723335423029,25.176109049006627,0.1306637509156954,5.540022420751636,8.18497710040484,4.56685545179897,17.210509911786048,0.18766892193378706,5.895614588413778,5.918537160542325,0.005841668478705936,0.0,0.6931471805599454,5.908276960457197,0.014728645660799601,5.604951300247522,0.057231967791742604,0.0,113.0,113.0,1.0,,,,,,,,,,,,,,,,,,,,,,,,,,,,,,,,,,,,,,,,,,,,,,,,,,,,,,,,,,,,,,,,,,,,,,,,,,,,,,,,,,,,,,,,,,,,,,,,,,,,
q12_rho1.00_always_b12,12,1.0,always,12,10,0,38,cost0,main,quadratic-l0.01,quadratic-l0.01|quadratic-l0.01|quadratic-l0.01|quadratic-l0.01|quadratic-l0.01,7.096049338495146,0.005221808002802986,1.0,7.096049338495146,11.381788294954731,6.101138461129053,32.0040955478458,0.07200436658722616,2.8407989229110826,3.9586334525059055,1.9789057630508133,37.99708381679779,0.027243926315739086,5.11228915782565,8.061544466354741,4.131940613709199,37.08001126509344,0.041757587777915446,6.388816078142063,10.243584081563466,5.396668640059644,34.387663558056786,0.05947438540399753,6.712033096848456,7.435811749075788,0.18124002549117701,0.0,0.6931471805599454,,,,,0.0,,,0.0,6.606371723089715,0.02302576620819804,3.6624858966801046,0.10159261446700052,1.5513078998533434,0.34121963950521617,0.3088488940016057,0.6164708935108072,7.096049338495146,0.005221808002802986,4.870377612651705,0.03002864018279782,2.8022746998791446,0.14775629153591907,0.9720456553837052,0.45830273958428214,5.335177095815981,0.02093799331637488,5.941398097246551,0.01688800201862688,3.3328454613618503,0.09636660367015898,3.7964939626899397,0.07300614393065467,5.306090864993695,0.020447742983006844,5.910378274687088,0.01638404221175487,3.0017999770377988,0.13421313372089086,3.392231960092521,0.10912943611588469,4.732156498994643,0.06309012644180172,2.1556699885194166,0.25492457330984947,7.0,7.0,7.0,7.0,28.0,28.0,28.0,28.0,141.0,281.0,141.0,281.0,113.0,321.0,113.0,321.0,113.0,113.0,,,,,,,,,,,,,,,,,,,,,,,,,,,,,,,,,,,,,,,,,,,,,,
q12_rho1.00_always_b12,12,1.0,always,12,10,0,38,cost0,mem1,gru-w4-l0.01-h1,gru-w4-l0.01-h1|gru-w4-l0.01-h1|gru-w4-l0.01-h1|gru-w4-l0.01-h1|gru-w4-l0.01-h1,4.8346871642579945,0.029096489273444857,1.0,4.8346871642579945,7.438851983120308,3.862669481320222,36.93658514028049,0.0313630707319266,2.7311108527930172,3.77306459918024,1.8820258115902058,37.98791907127856,0.026850910336939215,4.150499393750905,6.268133370737605,3.1968615465907098,37.55400766690937,0.029470082556038134,4.631390758518003,7.095664584069808,3.663714607034373,37.147867106655376,0.0307749768694776,4.582992412568512,5.070441707210203,0.12607362294366456,,,,,,,,,,0.0,,,,,,,,,,,,,,,,,,,,,,,,,,,,,,,,,,,,,,,,,,,,,,,,,,,,,,,0.0,0.6931471805599454,4.8346871642579945,0.029096489273444857,2.1067613424204343,0.2400040242315217,0.0,116.0,116.0,,,,,,,,,,,,,,,,,,,,,,,,,,,,,,,,,,,,,
q12_rho1.00_always_b12,12,1.0,always,12,10,0,38,cost0,mem2,gru-w4-l0.01-h2,gru-w4-l0.01-h2|gru-w4-l0.01-h2|gru-w4-l0.01-h2|gru-w4-l0.01-h2|gru-w4-l0.01-h2,5.164266282200574,0.02533956238985105,1.0,5.164266282200574,7.963737506642037,4.187167387127201,36.71469740458591,0.03218271628888517,2.749171720330566,3.8075765068691085,1.8971957324341597,37.98991686285161,0.02683011264169019,4.327900077307514,6.562442840172425,3.3689274678926817,37.508952559204644,0.029799104034060924,4.9094682468706,7.54439238911726,3.9365793189654164,36.99532322849011,0.031425141375814244,4.8667237146851114,5.41789153239834,0.1403779897121819,,,,,,,,,,0.0,,,,,,,,,,,,,,,,,,,,,,,,,,,,,,,,,,,,,,,,,,,,,,,,,,,,,,,,,,,,,,,,0.0,0.6931471805599454,5.164266282200574,0.02533956238985105,2.5695900200325315,0.17911325870803982,0.0,116.0,116.0,,,,,,,,,,,,,,,,,,,,,,,,,,,,
q12_rho1.00_always_b12,12,1.0,always,12,10,0,38,cost0,mem4,gru-w4-l0.01-h4,gru-w4-l0.01-h4|gru-w4-l0.01-h4|gru-w4-l0.01-h4|gru-w4-l0.01-h4|gru-w4-l0.01-h4,5.319770218536355,0.025143396685610116,0.9868421052631579,5.319770218536355,8.28293830081255,4.339144796148102,36.79114880838268,0.03216186472610465,2.7509127529149104,3.8208744860597283,1.8969447135947206,37.99311584063403,0.026752359617345383,4.414855615555826,6.742550455188567,3.452092404716254,37.576320665690176,0.029634935897831064,5.0427792107720935,7.818667858333892,4.066239926402761,37.07725728145914,0.031342269513689396,5.022214572570093,5.5456910511391095,0.13738344102602967,,,,,,,,,,0.0,,,,,,,,,,,,,,,,,,,,,,,,,,,,,,,,,,,,,,,,,,,,,,,,,,,,,,,,,,,,,,,,,,,,,,,,,0.0,0.6931471805599454,5.319770218536355,0.025143396685610116,2.854402169231436,0.14738409940655606,0.0,116.0,116.0,,,,,,,,,,,,,,,,,,,
q12_rho1.00_always_b12,12,1.0,always,12,1,0,38,cost0,main,linear-l0.1,linear-l0.1|constant|quadratic-l0.1|quadratic-l1|linear-l0.1,-0.2298456360749612,0.7324912576775924,0.5,-0.2298456360749612,-0.1972347848196822,0.0477275276670313,23.383507512825396,0.1307830520503797,-0.15965790539555624,-0.1420689366892093,0.03980464565281503,28.457764855008964,0.0940682515021669,-0.21397533738090244,-0.1850439991175612,0.04623326784707184,24.48426296509802,0.12241197257376005,-0.22562760361554507,-0.1940099913088719,0.047344099575704714,23.672507538215967,0.12855841270878393,-0.5659080184430157,0.037181733895990304,0.1554007286023697,0.0,0.6931471805599454,,,,,0.0,,,0.0,-0.1621812353549113,0.7076892818399808,-0.12597036413943047,0.7088561567600264,-0.02418648883091328,0.6975964843521648,-0.0012774151628957885,0.6934458562817045,-0.04893106497489011,0.689954807224148,0.041235077309629935,0.6814734914383953,0.02063690632052607,0.6890158200379882,0.0011838205720809986,0.692756924269016,-0.11096303812638116,0.7188453217819407,-0.06856252036246309,0.7103509561083042,-0.003971434230809829,0.6940947491819274,-0.011202638718658038,0.695834980227818,-0.10391405739064295,0.7177535202750815,-0.09595910769161607,0.7168876122077077,-0.0006242585351347935,0.6932986110378012,-0.0004575711283377894,0.6932597327866934,-0.006354338497755714,0.6945682743237009,-0.00035303860777786164,0.693234368444893,7.0,7.0,7.0,7.0,28.0,28.0,28.0,28.0,33.0,65.0,33.0,65.0,113.0,321.0,113.0,321.0,113.0,113.0,,,,,,,,,,,,,,,,,,,,,,,,,,,,,,,,,,,,,,,,,,,,,,
q12_rho1.00_always_b12,12,1.0,always,12,5,0,38,cost0,main,quadratic-l0.01,quadratic-l0.01|quadratic-l0.01|quadratic-l0.01|quadratic-l0.01|quadratic-l0.01,8.734932683201531,0.03650366133319518,0.9868421052631579,8.734932683201531,10.310455278697898,7.817606820213814,2.3276466433794285,0.5912089958153547,2.7288121446921707,3.51758492903367,1.9340631122065046,12.60675486681758,0.2336428300473866,5.149584709292574,6.575516391044576,4.247027601930208,3.2326179100153296,0.5000282124464482,7.12360194101869,8.666071012032655,6.209314444333398,2.503045415172281,0.5698013177920509,7.8338253886080595,9.626226367868298,0.4606489233892382,0.0,0.6931471805599454,,,,,0.0,,,0.0,7.033365974409638,0.050637435571866424,3.4726014104794647,0.1518953800536649,1.3425341118390284,0.3947077979566156,0.2556963288656352,0.6300248770943612,8.734932683201531,0.03650366133319518,5.155639849302144,0.06894910719167308,2.6137578895219122,0.20667701013488773,0.8403570135508464,0.4940813850070297,5.1795951522753745,0.05393364402995471,5.860101994087747,0.04971768874893807,3.09150758240624,0.1330989303079482,3.4996380014444277,0.11315491836177247,5.111706054941592,0.08243985721871161,5.623799404492837,0.0850693989459354,2.6010186932408237,0.20398461017395733,2.872329651907414,0.1907515987058687,3.366531771403559,0.17210552285264338,0.9904632933310046,0.4646564277530651,7.0,7.0,7.0,7.0,28.0,28.0,28.0,28.0,81.0,161.0,81.0,161.0,113.0,321.0,113.0,321.0,113.0,113.0,,,,,,,,,,,,,,,,,,,,,,,,,,,,,,,,,,,,,,,,,,,,,,
q12_rho1.00_always_b12,12,1.0,always,12,10,0,38,cost2,direct,gru_direct-w4-l0.01-cap5,gru_direct-w4-l0.01-cap5|gru_direct-w4-l0.01-cap5|gru_direct-w4-l0.01-cap5|gru_direct-w4-l0.01-cap5|gru_direct-w4-l0.01-cap5,5.915134398696895,0.012191817803276184,1.0,5.915134398696895,8.985719148339111,4.9325007920597335,33.985052718969804,0.06947491710966547,2.8264523218996676,3.902960383885377,1.971369839189014,37.978951471458195,0.029286083637602215,4.744350275118289,7.132654423311116,3.7793177596141874,36.830974228733744,0.04843043240509183,5.546573693195815,8.41503414229216,4.56791481803229,35.12138574541873,0.06211065494487972,5.910197182022459,5.919194707914931,0.002306534862360876,0.0,0.6931471805599454,5.915134398696895,0.012191817803276184,5.628019666415092,0.053546343594384455,0.0,113.0,113.0,1.0,,,,,,,,,,,,,,,,,,,,,,,,,,,,,,,,,,,,,,,,,,,,,,,,,,,,,,,,,,,,,,,,,,,,,,,,,,,,,,,,,,,,,,,,,,,,,,,,,,,,
q12_rho1.00_always_b12,12,1.0,always,12,10,0,38,cost2,main,quadratic-l0.01,quadratic-l0.01|quadratic-l0.01|quadratic-l0.01|quadratic-l0.01|quadratic-l0.01,6.880635292529284,0.004158817684192073,1.0,6.880635292529284,11.390430847267648,5.8846987050249,33.567907615147384,0.06701631137079059,2.8454870081372605,3.9668356774456557,1.9830320836325976,37.998686411088066,0.02697581289053803,5.074167483209821,8.102679766000126,4.092293882417006,37.452983000741625,0.039050726734579794,6.254095874741944,10.275971321126857,5.260731917898819,35.534064266198016,0.05505100265895569,6.598598552717932,7.161088839970394,0.14306198434910236,0.0,0.6931471805599454,,,,,0.0,,,0.0,6.085678590684376,0.018377569971352283,3.6271636960965923,0.0877491082574209,1.6020019877959215,0.32687022095240903,0.3219044907974094,0.6131093737256343,6.880635292529284,0.004158817684192073,4.8180232078891505,0.025983038654080387,2.8405206415986908,0.13672057423472583,1.0070811079012865,0.44917186306085305,5.351791696723297,0.013512214539444213,5.908635837367877,0.008845039051787837,3.373298412491735,0.08578235914926585,3.8207450685491002,0.061680042445041404,5.301137979190115,0.01651754827140399,5.828058792451915,0.01214224777204201,3.0402961237846724,0.1230536629772186,3.417169880356186,0.09690315011569059,4.693247086430573,0.05037899571841931,2.257354263557044,0.23001067698941383,7.0,7.0,7.0,7.0,28.0,28.0,28.0,28.0,141.0,281.0,141.0,281.0,113.0,321.0,113.0,321.0,113.0,113.0,,,,,,,,,,,,,,,,,,,,,,,,,,,,,,,,,,,,,,,,,,,,,,
q12_rho1.00_always_b12,12,1.0,always,12,10,0,38,cost2,mem1,gru-w4-l0.01-h1,gru-w4-l0.01-h1|gru-w4-l0.01-h1|gru-w4-l0.01-h1|gru-w4-l0.01-h1|gru-w4-l0.01-h1,4.790884704586068,0.03523665065100161,1.0,4.790884704586068,7.414197654214506,3.8183213339498994,36.753031708462146,0.03241447596017013,2.697145935648814,3.7408456690295373,1.84775094101338,37.986275641094814,0.026951125141580427,4.118547196700246,6.248142392122771,3.1643316476473955,37.479164335723944,0.030101052049473043,4.592498240547269,7.073736871060001,3.624260504350324,37.001357038168486,0.03169278018979212,4.485852791033295,5.039674210348115,0.14578874164991715,,,,,,,,,,0.0,,,,,,,,,,,,,,,,,,,,,,,,,,,,,,,,,,,,,,,,,,,,,,,,,,,,,,,0.0,0.6931471805599454,4.790884704586068,0.03523665065100161,2.1644150858165303,0.22672043165554528,0.0,116.0,116.0,,,,,,,,,,,,,,,,,,,,,,,,,,,,,,,,,,,,,
q12_rho1.00_always_b12,12,1.0,always,12,10,0,38,cost2,mem2,gru-w4-l0.01-h2,gru-w4-l0.01-h2|gru-w4-l0.01-h2|gru-w4-l0.01-h2|gru-w4-l0.01-h2|gru-w4-l0.01-h2,5.102387207073599,0.027092546361178627,1.0,5.102387207073599,7.938514071657941,4.124445456686128,35.601681145763635,0.03487347497822938,2.7335966406720336,3.794705136356724,1.8811517783986405,37.982075919162725,0.02704027212319605,4.285441420637071,6.5439138521338585,3.325458232373319,37.013949298994774,0.03138188322076613,4.854136159962255,7.522330573283723,3.880336199106064,36.067648973110515,0.0337711545146367,4.785259946348934,5.38262858108285,0.15496727766114074,,,,,,,,,,0.0,,,,,,,,,,,,,,,,,,,,,,,,,,,,,,,,,,,,,,,,,,,,,,,,,,,,,,,,,,,,,,,,0.0,0.6931471805599454,5.102387207073599,0.027092546361178627,2.598924706543519,0.17130117299461942,0.0,116.0,116.0,,,,,,,,,,,,,,,,,,,,,,,,,,,,
q12_rho1.00_always_b12,12,1.0,always,12,10,0,38,cost2,mem4,gru-w4-l0.01-h4,gru-w4-l0.01-h4|gru-w4-l0.01-h4|gru-w4-l0.01-h4|gru-w4-l0.01-h4|gru-w4-l0.01-h4,5.243150279971218,0.019565974301093053,1.0,5.243150279971218,8.308269345477546,4.260613544023739,36.2284730268354,0.03306563926458731,2.7708767083940806,3.847128682729349,1.9158376344624901,37.991653647588265,0.026771706271335082,4.382590131893758,6.767805662267812,3.4176697167583967,37.36805301004495,0.03007103887744626,4.980651789879971,7.844388952396165,4.002096167471219,36.6293035722614,0.03209216023689364,4.980285288554571,5.478911127191174,0.12546616375131361,,,,,,,,,,0.0,,,,,,,,,,,,,,,,,,,,,,,,,,,,,,,,,,,,,,,,,,,,,,,,,,,,,,,,,,,,,,,,,,,,,,,,,0.0,0.6931471805599454,5.243150279971218,0.019565974301093053,2.8859074747602933,0.13869609964322469,0.0,116.0,116.0,,,,,,,,,,,,,,,,,,,
q12_rho1.00_always_b12,12,1.0,always,12,1,0,38,cost2,main,linear-l0.01,linear-l0.01|constant|linear-l0.01|quadratic-l0.1|linear-l1,0.09758339761516405,0.6695722879083711,0.5526315789473685,0.09758339761516405,0.09917658782690197,0.15509851614718806,33.84300743253816,0.06323236258461805,0.09645647297557343,0.09777343454847132,0.14865993761712848,34.240898032965774,0.059720026084327596,0.09738818810244247,0.09893149502735138,0.15397909006548843,33.913294989050776,0.06261626512254925,0.09753392040148837,0.09911440911179906,0.1548150496700618,33.860844860633236,0.06307619402816157,-0.035332200972902766,0.22600593255291693,0.06583795465503925,0.0,0.6931471805599454,,,,,0.0,,,0.0,-0.05154816687754469,0.6739893654395172,-0.031044369736038312,0.6859279281283555,-0.004667961540970395,0.6922144589907959,0.0021580488256129028,0.6925759014454772,-0.00870394778494539,0.7207907494566319,0.19935751508495897,0.6541300040918107,0.11647359862137392,0.6651682528510762,0.022332099481366753,0.6874352319642573,0.022769441109602655,0.6839598967669865,-0.002596562027725338,0.6879505348573669,0.005733392223001521,0.6915350760790543,0.016259259190535905,0.688934342966928,-0.05399557929323335,0.701367513026093,-0.09064319606337155,0.7061769042630612,0.00029268711359526386,0.6930682267101408,0.0003544384586912086,0.6930525422979081,-0.006699703000230934,0.6943692673455082,-0.00012410139656130644,0.6931777523804895,7.0,7.0,7.0,7.0,28.0,28.0,28.0,28.0,33.0,65.0,33.0,65.0,113.0,321.0,113.0,321.0,113.0,113.0,,,,,,,,,,,,,,,,,,,,,,,,,,,,,,,,,,,,,,,,,,,,,,
q12_rho1.00_always_b12,12,1.0,always,12,5,0,38,cost2,main,quadratic-l0.01,quadratic-l0.01|quadratic-l0.01|quadratic-l0.01|quadratic-l0.01|quadratic-l0.01,8.42238755552072,0.023242027587845906,1.0,8.42238755552072,10.877384200342703,7.455022835600477,3.727252233127301,0.40585075897326467,2.784276644031843,3.788620523144151,1.9420547223682318,31.15933005450618,0.08613736753410521,5.265662103494637,7.355702052218079,4.313386349776252,7.497527821410045,0.27872404323117267,7.112145704491414,9.479322051159599,6.147887499306265,4.424872779196389,0.37097524060592246,7.685825600072317,9.080772406587498,0.357426346150116,0.0,0.6931471805599454,,,,,0.0,,,0.0,7.032598192994357,0.04435253733842626,3.605367009967182,0.13139418057921448,1.4406602601426253,0.3705742350446509,0.2797647878999196,0.6238976583373358,8.42238755552072,0.023242027587845906,5.081021011834924,0.057940660467336036,2.6941969833886374,0.18327043061789694,0.8978586496224235,0.47808146966682286,5.354493972193249,0.025797614256216118,6.014056590090877,0.022152788065891178,3.1400892786044836,0.12456045066314064,3.53700093140805,0.10477831233140719,5.303086344496234,0.04497091083395414,5.876537731143758,0.04885069607072832,2.722988679603948,0.17390773384597016,2.9970266996717605,0.15837204240206693,3.5151358877549828,0.1482836159806107,1.1082443984375374,0.44126496283044775,7.0,7.0,7.0,7.0,28.0,28.0,28.0,28.0,81.0,161.0,81.0,161.0,113.0,321.0,113.0,321.0,113.0,113.0,,,,,,,,,,,,,,,,,,,,,,,,,,,,,,,,,,,,,,,,,,,,,,
q12_rho1.00_always_b12,12,1.0,always,12,10,0,38,endpoint,main,mlp-w4-l0.1,quadratic-l0.01|mlp-w4-l0.1|mlp-w4-l0.1|mlp-w4-l0.1|mlp-w4-l0.1,-0.02330633118443597,0.7164535117443813,0.5394736842105263,,,,,,,,,,,,,,,,,,,,,-0.10159853043627542,0.035748781015315464,0.035184611583485584,0.0,0.6931471805599454,,,,,0.0,,,0.0,0.003781833485012615,0.6893653470749328,0.004112169812616653,0.6890350107473286,0.0034486189464333454,0.689698561613512,0.0006395689684839988,0.6925076115914613,-0.01711726578590495,0.7102644463458503,0.0006070943857303054,0.6925400861742149,0.004130053127750115,0.6890171274321952,0.0012751814635254966,0.6918719990964198,,,,,,,,,,,,,,,,,,,,,3.0,3.0,3.0,3.0,6.0,6.0,6.0,6.0,,,,,,,,,,,,,,,,,,,,,,,,,,,,,,,,,,,,,,0.25378699151262607,-0.02330633118443597,0.0,-0.02330633118443597,0.0,-0.02330633118443597,0.0,-0.003603116680036031,0.6967502972399813,-0.003571141479294271,0.6967183220392396,0.006231711722826982,0.6869154688371184,0.002320882675266557,0.6908262978846786,17.0,33.0,17.0,33.0
q12_rho1.00_always_b12,12,1.0,always,12,1,0,38,endpoint,main,mlp-w4-l0.1,mlp-w4-l0.1|mlp-w4-l0.1|linear-l1|linear-l0.1|mlp-w4-l0.1,-0.000800439200662781,0.6939476197606081,0.5,,,,,,,,,,,,,,,,,,,,,-0.004616001862511117,0.0028635137378443115,0.0019521731376154765,0.0,0.6931471805599454,,,,,0.0,,,0.0,-0.0046340059709057526,0.6977811865308511,-0.0029148068155655186,0.6960619873755108,-0.0002228507474805697,0.6933700313074259,3.921605404033781e-05,0.693107964505905,-0.019306568750800803,0.712453749310746,-0.009047080723166036,0.7021942612831115,-0.0014725419380040433,0.6946197224979493,4.608075750891914e-06,0.6931425724841945,,,,,,,,,,,,,,,,,,,,,3.0,3.0,3.0,3.0,6.0,6.0,6.0,6.0,,,,,,,,,,,,,,,,,,,,,,,,,,,,,,,,,,,,,,0.2503944656020318,-0.000800439200662781,0.0,-0.000800439200662781,0.0,-0.000800439200662781,0.0,-0.00030770526572146113,0.6934548858256667,-0.001064741046558233,0.6942119216065036,-0.0005301710404376652,0.693677351600383,0.00030386942757018294,0.6928433111323752,17.0,33.0,17.0,33.0
q12_rho1.00_always_b12,12,1.0,always,12,2,0,38,endpoint,main,constant,quadratic-l0.1|mlp-w4-l0.01|constant|constant|mlp-w4-l0.1,-0.03318811616932613,0.7263352967292714,0.4868421052631579,,,,,,,,,,,,,,,,,,,,,-0.07686303136698774,0.002190677442926127,0.020435351805511717,0.0,0.6931471805599454,,,,,0.0,,,0.0,-0.0066645199087191995,0.6998117004686644,-0.006099582970540675,0.699246763530486,-0.0022089627861657073,0.695356143346111,-0.0002951960362317944,0.6934423765961771,-0.052337035101294324,0.7454842156612397,-0.03330883455218136,0.7264560151121267,-0.008475400528578349,0.7016225810885237,-0.0010793582287643316,0.6942265387887095,,,,,,,,,,,,,,,,,,,,,3.0,3.0,3.0,3.0,6.0,6.0,6.0,6.0,,,,,,,,,,,,,,,,,,,,,,,,,,,,,,,,,,,,,,0.2644857836555776,-0.03318811616932613,0.0,-0.03318811616932613,0.0,-0.03318811616932613,0.0,-0.005706700601172168,0.6988538811611174,-0.0021283230899003026,0.6952755036498456,-0.0006337659248051575,0.6937809464847503,-0.0018741701433877705,0.695021350703333,17.0,33.0,17.0,33.0
q12_rho1.00_always_b12,12,1.0,always,12,3,0,38,endpoint,main,linear-l0.1,linear-l0.1|linear-l0.1|linear-l0.1|linear-l0.1|mlp-w4-l0.1,0.02758434269109645,0.665562837868849,0.5657894736842105,,,,,,,,,,,,,,,,,,,,,0.0011253433981900283,0.055941088397680715,0.014167228941004745,0.0,0.6931471805599454,,,,,0.0,,,0.0,0.026324904162300277,0.6668222763976451,0.026264797209448344,0.666882383350497,0.017023029252087353,0.6761241513078581,0.0029925330294331026,0.6901546475305121,0.023513832230060077,0.6696333483298852,0.02264474239115647,0.6705024381687889,0.020858287123898454,0.6722888934360469,0.0054526694716222025,0.687694511088323,,,,,,,,,,,,,,,,,,,,,3.0,3.0,3.0,3.0,6.0,6.0,6.0,6.0,,,,,,,,,,,,,,,,,,,,,,,,,,,,,,,,,,,,,,0.23652370424750815,0.02758434269109645,0.0,0.02758434269109645,0.0,0.02758434269109645,0.0,0.02123282315366253,0.6719143574062828,0.021246813778970156,0.6719003667809752,0.01834612886626612,0.6748010516936793,0.01562708092167073,0.6775200996382746,17.0,33.0,17.0,33.0
q12_rho1.00_always_b12,12,1.0,always,12,4,0,38,endpoint,main,linear-l0.1,linear-l0.1|linear-l1|linear-l0.1|linear-l0.1|mlp-w4-l0.1,0.015482399563664186,0.6776647809962811,0.6052631578947368,,,,,,,,,,,,,,,,,,,,,-0.014348970127340743,0.0438253513014366,0.0148518113633867,0.0,0.6931471805599454,,,,,0.0,,,0.0,0.02132133922065072,0.6718258413392945,0.02274745020123915,0.6703997303587061,0.015078244673236211,0.6780689358867091,0.002639703679544059,0.6905074768804011,0.01841505053538738,0.6747321300245579,0.020528012726551775,0.6726191678333935,0.019907570532525846,0.6732396100274194,0.005177463947509156,0.6879697166124361,,,,,,,,,,,,,,,,,,,,,3.0,3.0,3.0,3.0,6.0,6.0,6.0,6.0,,,,,,,,,,,,,,,,,,,,,,,,,,,,,,,,,,,,,,0.24227875056056303,0.015482399563664186,0.0,0.015482399563664186,0.0,0.015482399563664186,0.0,0.021361039472636217,0.671786141087309,0.02147212884412104,0.6716750517158243,0.019096962512375137,0.6740502180475701,0.013919285068451876,0.6792278954914935,17.0,33.0,17.0,33.0
q12_rho1.00_always_b12,12,1.0,always,12,5,0,38,endpoint,main,linear-l0.1,linear-l0.1|linear-l1|linear-l0.1|linear-l1|linear-l0.1,0.030445644930042075,0.6627015356299032,0.5921052631578947,,,,,,,,,,,,,,,,,,,,,-0.01681205228603259,0.07333986862815639,0.02302739872650802,0.0,0.6931471805599454,,,,,0.0,,,0.0,0.039900704665828235,0.6532464758941171,0.04009313126169666,0.6530540492982486,0.023382168932216018,0.6697650116277294,0.003958397100886167,0.689188783459059,0.02005770334631397,0.6730894772136312,0.02924215413690881,0.6639050264230365,0.028906820219417595,0.6642403603405277,0.0069857249548996025,0.6861614556050457,,,,,,,,,,,,,,,,,,,,,3.0,3.0,3.0,3.0,6.0,6.0,6.0,6.0,,,,,,,,,,,,,,,,,,,,,,,,,,,,,,,,,,,,,,0.23535737792335584,0.030445644930042075,0.0,0.030445644930042075,0.0,0.030445644930042075,0.0,0.0352012147169252,0.6579459658430199,0.03534636641496241,0.6578008141449828,0.026926408361113683,0.6662207721988315,0.025929068932193735,0.6672181116277516,17.0,33.0,17.0,33.0
q12_rho1.00_always_b12,12,1.0,always,12,6,0,38,endpoint,main,constant,linear-l0.1|constant|linear-l1|constant|linear-l1,-0.006913458248828059,0.7000606388087733,0.47368421052631576,,,,,,,,,,,,,,,,,,,,,-0.022426583063130723,0.006676320608485175,0.007346558030759818,0.0,0.6931471805599454,,,,,0.0,,,0.0,-0.0020791633828128584,0.6952263439427582,-0.001215454760894569,0.6943626353208399,0.001028720328360953,0.6921184602315843,0.0002666762868972129,0.692880504273048,-0.008974829440637055,0.7021220100005823,-0.006172179810089856,0.6993193603700352,-0.00046536649891194316,0.6936125470588573,0.00034134585269610107,0.6928058347072493,,,,,,,,,,,,,,,,,,,,,3.0,3.0,3.0,3.0,6.0,6.0,6.0,6.0,,,,,,,,,,,,,,,,,,,,,,,,,,,,,,,,,,,,,,0.25340152783739445,-0.006913458248828059,0.0,-0.006913458248828059,0.0,-0.006913458248828059,0.0,0.002295789532190374,0.690851391027755,-0.00814995161419181,0.701297132174137,0.004190738695369598,0.6889564418645757,-0.0034163374340529296,0.6965635179939982,17.0,33.0,17.0,33.0
q12_rho1.00_always_b12,12,1.0,always,12,7,0,38,endpoint,main,linear-l0.1,mlp-w4-l0.01|linear-l0.1|linear-l0.1|mlp-w4-l0.1|linear-l0.1,0.015294949478304834,0.6778522310816405,0.6052631578947368,,,,,,,,,,,,,,,,,,,,,-0.02992218765971493,0.05684898775275705,0.02202196001424236,0.0,0.6931471805599454,,,,,0.0,,,0.0,0.02657633941886701,0.6665708411410783,0.027489867574892093,0.6656573129850532,0.017362399483910898,0.6757847810760345,0.0029993205378216073,0.6901478600221238,0.018382718064985714,0.6747644624949596,0.022020467877789877,0.6711267126821556,0.0222891814434357,0.6708579991165096,0.0059139682713109445,0.6872332122886343,,,,,,,,,,,,,,,,,,,,,3.0,3.0,3.0,3.0,6.0,6.0,6.0,6.0,,,,,,,,,,,,,,,,,,,,,,,,,,,,,,,,,,,,,,0.2424074811889451,0.015294949478304834,0.0,0.015294949478304834,0.0,0.015294949478304834,0.0,0.018699141467997636,0.6744480390919477,0.01849061559736012,0.6746565649625851,0.019591229896162056,0.6735559506637834,0.016370470051152948,0.6767767105087923,17.0,33.0,17.0,33.0
q12_rho1.00_always_b12,12,1.0,always,12,8,0,38,endpoint,main,linear-l0.1,mlp-w4-l0.01|linear-l1|linear-l0.1|mlp-w4-l0.1|linear-l0.1,0.01744452289464052,0.6757026576653047,0.6052631578947368,,,,,,,,,,,,,,,,,,,,,-0.01577413811136386,0.050708616510282065,0.017246031530411567,0.0,0.6931471805599454,,,,,0.0,,,0.0,0.026426477786494804,0.6667207027734505,0.025461534588948946,0.6676856459709963,0.01498725602593442,0.6781599245340109,0.0025444194968590973,0.6906027610630862,0.019912483175272336,0.673234697384673,0.023826443040995376,0.6693207375189498,0.021104179854033754,0.6720430007059115,0.005440409019240942,0.6877067715407045,,,,,,,,,,,,,,,,,,,,,3.0,3.0,3.0,3.0,6.0,6.0,6.0,6.0,,,,,,,,,,,,,,,,,,,,,,,,,,,,,,,,,,,,,,0.2412960441691246,0.01744452289464052,0.0,0.01744452289464052,0.0,0.01744452289464052,0.0,0.0213352000219867,0.6718119805379587,0.023203779653617893,0.6699434009063273,0.018153908134125273,0.6749932724258201,0.014843488746605623,0.6783036918133396,17.0,33.0,17.0,33.0
q12_rho1.00_always_b12,12,1.0,always,12,9,0,38,endpoint,main,linear-l0.1,linear-l0.1|linear-l1|linear-l0.1|quadratic-l1|quadratic-l1,0.022034602333923355,0.6711125782260219,0.6447368421052632,,,,,,,,,,,,,,,,,,,,,-0.008358818112906513,0.054644278456598624,0.015817011769964914,0.0,0.6931471805599454,,,,,0.0,,,0.0,0.03105166468281957,0.6620955158771258,0.031573727020043296,0.661573453539902,0.018544745960886108,0.6746024345990592,0.0031401832814878807,0.6900069972784573,0.015437457886859188,0.6777097226730862,0.027237676922010904,0.6659095036379344,0.027116344737968954,0.6660308358219763,0.006947147208001239,0.6862000333519441,,,,,,,,,,,,,,,,,,,,,3.0,3.0,3.0,3.0,6.0,6.0,6.0,6.0,,,,,,,,,,,,,,,,,,,,,,,,,,,,,,,,,,,,,,0.238640008970056,0.022034602333923355,0.0,0.022034602333923355,0.0,0.022034602333923355,0.0,0.030758150044169145,0.6623890305157761,0.030957186299058713,0.6621899942608866,0.02265356821672059,0.6704936123432246,0.020124696032506526,0.6730224845274387,17.0,33.0,17.0,33.0
q12_rho1.00_always_b12,12,1.0,always,12,10,0,38,mixture,diag,quadratic-l0.01,quadratic-l0.01|quadratic-l0.01|quadratic-l0.01|quadratic-l0.01|quadratic-l0.01,7.114201937344962,0.004541036361696831,1.0,7.114201937344962,11.531112123967876,6.11866263773913,34.11608441548206,0.056506523729281374,2.84401485282895,3.9640044520541364,1.9817768721902895,37.99864280605633,0.026852156357986434,5.131564830430958,8.127041903871433,4.150311667386804,37.4393766149254,0.03640623879639729,6.41067397842517,10.362904357841877,5.417792093936935,35.70549866201816,0.04819165031446889,6.871995885950557,7.347182262370704,0.1234829540689936,0.0,0.6931471805599453,,,,,0.0,,,0.0,6.537770193488936,0.020452494746732375,3.7205383044564377,0.0920154395531455,1.629606775195122,0.32455913273824966,0.3348247747740623,0.6100126890687138,7.114201937344962,0.004541036361696831,4.913435504645007,0.027063030949347245,2.868203731979045,0.13735779647647128,1.0256264157103103,0.4452986815369567,,,,,,,,,5.314883857737287,0.018583482587230093,,,2.9859185983795165,0.13876772549205618,,,,,,,7.0,7.0,7.0,7.0,28.0,28.0,28.0,28.0,,,,,113.0,,113.0,,,,,,,,,,,,,,,,,,,,,,,,,,,,,,,,,,,,,,,,,,,,,,,,,
q12_rho1.00_always_b12,12,1.0,always,12,1,0,38,mixture,diag,linear-l0.1,linear-l0.1|constant|quadratic-l0.1|constant|linear-l0.1,-0.21565497668771516,0.7281264078997655,0.5131578947368421,-0.21565497668771516,-0.1856047126103741,0.049928736459266265,23.19996607728686,0.12965439981498192,-0.14307301043716944,-0.12739101287874666,0.044631174356224095,28.185717366062462,0.09418930662241086,-0.1994083179598093,-0.17287882647380678,0.04895259370289897,24.266865978983276,0.1216302177174983,-0.21134669140246096,-0.18224638969299714,0.0496791976594819,23.479358214925142,0.12752523314892936,-0.5275376041615535,0.03351931147336981,0.14573278289231295,0.0,0.6931471805599453,,,,,0.0,,,0.0,-0.11864458092826186,0.6913258033545628,-0.07864691509119205,0.6975255478988981,-0.01248054550307998,0.6946391843857168,0.0005523255933238955,0.6929872377347859,0.11328431819838035,0.6590584857388576,0.1416000434220367,0.6618031239781904,0.06261676788248421,0.6784509290817301,0.01171825017499872,0.6901408177130199,,,,,,,,,-0.0907569766893244,0.7126876319692222,,,-0.00026162190293915755,0.6932078143345136,,,,,,,7.0,7.0,7.0,7.0,28.0,28.0,28.0,28.0,,,,,113.0,,113.0,,,,,,,,,,,,,,,,,,,,,,,,,,,,,,,,,,,,,,,,,,,,,,,,,
q12_rho1.00_always_b12,12,1.0,always,12,5,0,38,mixture,diag,quadratic-l0.01,quadratic-l0.01|quadratic-l0.01|quadratic-l0.01|quadratic-l0.01|quadratic-l0.01,8.729393798514865,0.02803080015494543,0.9868421052631579,8.729393798514865,10.705553501359613,7.783200741984097,2.8002064168345684,0.5119405566524403,2.769533228467599,3.674666479019202,1.947281922720999,20.641581651311334,0.15497012709105526,5.248608880988353,6.995315808241868,4.3173088184701545,4.496316802130002,0.4009599219216048,7.217039396239336,9.140978464507063,6.273904466968474,3.120328890705185,0.4844089259419281,8.10052576823591,9.343056121486947,0.31779204556874024,0.0,0.6931471805599453,,,,,0.0,,,0.0,7.182690874030051,0.04743361847114383,3.56442888323611,0.14358718815594662,1.3980890535070718,0.3825097311400699,0.2707453613712714,0.6262550131789232,8.729393798514865,0.02803080015494543,5.15763999458823,0.06147711864703002,2.673338629589521,0.19138272650672064,0.8831600139309076,0.4823409815170659,,,,,,,,,5.247604527148469,0.06447563474568116,,,2.6079432265578966,0.20280119697157872,,,,,,,7.0,7.0,7.0,7.0,28.0,28.0,28.0,28.0,,,,,113.0,,113.0,,,,,,,,,,,,,,,,,,,,,,,,,,,,,,,,,,,,,,,,,,,,,,,,,
q12_rho1.00_always_b12,12,1.0,always,12,10,0,38,pathinfo,diag,constant,quadratic-l0.01|gru-w4-l0.01|constant|constant|linear-l1,0.015252935450316486,0.6778942451096289,0.5657894736842105,,,,,,,,,,,,,,,,,,,,,-0.046142337631865725,0.06943188380128451,0.02968403797351767,0.0,0.6931471805599454,,,,,0.0,,,0.0,0.03652831496873523,0.6566188655912101,0.03598303268051271,0.6571641478794327,0.01686120371240773,0.6762859768475376,0.0032140555485553656,0.6899331250113899,0.06401333448221608,0.6291338460777292,0.05239979373078968,0.6407473868291556,0.030474346688780768,0.6626728338711644,0.008879488913316382,0.6842676916466288,,,,,,,,,0.016860054460158563,0.6762871260997866,,,0.010078691847089245,0.6830684887128561,,,,,,,7.0,7.0,7.0,7.0,28.0,28.0,28.0,28.0,,,,,113.0,,113.0,,,,,,,,,,,,,,,,,,,,,,,,,,,,,,,0.2420785558280615,0.015252935450316486,0.0,0.015252935450316486,0.0,0.015252935450316486,0.0,,,,,,,,,,,,
q12_rho1.00_always_b12,12,1.0,always,12,1,0,38,pathinfo,diag,constant,constant|constant|linear-l0.1|constant|gru-w4-l0.1,0.0011954169253819643,0.6919517636345635,0.4868421052631579,,,,,,,,,,,,,,,,,,,,,-0.0019973463346664158,0.004405416774685899,0.0016253117482538672,0.0,0.6931471805599454,,,,,0.0,,,0.0,-0.004916889112350269,0.6980640696722955,-0.0013306624117082947,0.6944778429716535,-0.00023722880275691227,0.6933844093627022,5.809107623523584e-05,0.6930890894837102,-0.028926839486712673,0.7220740200466579,-0.014325377626582939,0.7074725581865282,-0.0035800978901081968,0.6967272784500534,-0.00028497543519741047,0.6934321559951427,,,,,,,,,-0.0005122619974562412,0.6936594425574015,,,-8.431053728274287e-05,0.693231491097228,,,,,,,7.0,7.0,7.0,7.0,28.0,28.0,28.0,28.0,,,,,113.0,,113.0,,,,,,,,,,,,,,,,,,,,,,,,,,,,,,,0.2494029673957067,0.0011954169253819643,0.0,0.0011954169253819643,0.0,0.0011954169253819643,0.0,,,,,,,,,,,,
q12_rho1.00_always_b12,12,1.0,always,12,5,0,38,pathinfo,diag,linear-l1,linear-l1|linear-l1|linear-l1|linear-l1|linear-l1,0.027230726703745524,0.6659164538561997,0.5789473684210527,,,,,,,,,,,,,,,,,,,,,0.004882039178145667,0.048962654439841324,0.011218858746324103,0.0,0.6931471805599454,,,,,0.0,,,0.0,0.037855412528291096,0.6552917680316541,0.04407191212390258,0.6490752684360427,0.027230726703745524,0.6659164538561997,0.005477853324917073,0.6876693272350282,-0.016949803436188113,0.7100969839961334,0.017166663144404088,0.6759805174155412,0.035217742506230665,0.6579294380537146,0.015316683868357857,0.6778304966915872,,,,,,,,,0.032547362925875435,0.6605998176340698,,,0.01824589819211859,0.6749012823678266,,,,,,,7.0,7.0,7.0,7.0,28.0,28.0,28.0,28.0,,,,,113.0,,113.0,,,,,,,,,,,,,,,,,,,,,,,,,,,,,,,0.23656570745272262,0.027230726703745524,0.0,0.027230726703745524,0.0,0.027230726703745524,0.0,,,,,,,,,,,,
q12_rho1.00_always_b3,12,1.0,always,3,10,0,38,cost0,direct,gru_direct-w4-l0.1-cap5,gru_direct-w4-l0.1-cap5|gru_direct-w4-l0.1-cap5|gru_direct-w4-l0.1-cap5|gru_direct-w4-l0.1-cap5|gru_direct-w4-l0.1-cap5,3.8297873441316685,0.1344862439717969,0.9868421052631579,3.8297873441316685,3.9100909579925984,4.285776371789199,1.2427391943779909,0.8967503498258871,2.4811890018292613,2.783266899222971,1.8908558262723558,4.923193528286906,0.4385844063254034,3.5610072070979877,3.57288787159085,3.414676695123191,1.5284693567927041,0.8078504657608596,3.780857079568636,3.8051223471615128,4.017618774098248,1.3029248800386009,0.8756583736439674,1.1099672743277569,5.336652975751796,1.3045231915059805,0.0,0.6931471805599454,1.6454377138012923,0.13188398947730065,3.8297873441316685,0.1344862439717969,0.0,113.0,113.0,0.5,,,,,,,,,,,,,,,,,,,,,,,,,,,,,,,,,,,,,,,,,,,,,,,,,,,,,,,,,,,,,,,,,,,,,,,,,,,,,,,,,,,,,,,,,,,,,,,,,,,,
q12_rho1.00_always_b3,12,1.0,always,3,10,0,38,cost0,main,gru-w4-l0.01,gru-w4-l0.01|quadratic-l0.01|gru-w4-l0.01|flat-w4-l0.01|linear-l0.01,7.083530182319823,0.18404990082397946,0.9473684210526315,7.083530182319823,7.637026179711418,6.363324051583721,1.4241516067525517,0.8372912592881745,2.3055017623817835,2.8383485462522096,1.593480735809622,4.727208459108712,0.4508285579680073,4.0221102811602165,4.605252702873624,3.2907064520425413,1.6975152961358875,0.7662967025177441,5.390280703751802,5.953521944167802,4.666323851650543,1.48383766265366,0.8201497336486906,5.246686413160992,9.13847595762396,0.9858747789693794,0.0,0.6931471805599454,,,,,0.0,,,0.0,6.902116480520872,0.2216868680456006,2.618425622063319,0.3337233957079598,0.806878526539489,0.5240868141723264,0.13502799862134826,0.6602621623355054,12.02107126822788,0.16735842009428628,4.832781393230914,0.23464163628831908,1.8146129046395316,0.38605663025468095,0.46877592530864964,0.5867292601546373,5.1817613264049935,0.08440913361276585,6.239199146326578,0.07901360305902007,2.6395687675993487,0.22367512732643546,3.0288047318130378,0.21026345568479182,4.742018635770418,0.09322950474963,5.404264633869359,0.08434745368482735,2.058666631726286,0.31006113933568685,2.3432290246732213,0.29536561561049995,2.6259114383960473,0.2611445340913695,0.24772352195771039,0.6365092998510871,7.0,7.0,7.0,7.0,28.0,28.0,28.0,28.0,141.0,281.0,141.0,281.0,113.0,321.0,113.0,321.0,113.0,113.0,,,,,,,,,,,,,,,,,,,,,,,,,,,,,,,,,,,,,,,,,,,,,,
q12_rho1.00_always_b3,12,1.0,always,3,10,0,38,cost0,mem1,gru-w4-l0.01-h1,gru-w4-l0.01-h1|gru-w4-l0.01-h1|gru-w4-l0.01-h1|gru-w4-l0.01-h1|gru-w4-l0.01-h1,4.687259721865234,0.12972792562093147,0.9868421052631579,4.687259721865234,6.105862323468687,3.785497457303979,36.12563362432513,0.034683328789194466,2.387227995936616,3.2219712385003128,1.5810244711725938,37.79845613044317,0.029068191680516053,3.7867886992898674,5.0688163332671365,2.901243817210839,36.72674316771414,0.03312345213463447,4.398052972219455,5.780217875997925,3.500350773114422,36.29908245254041,0.03425287190192268,3.9813309905754792,5.3155354065836695,0.34882494065277914,,,,,,,,,,0.0,,,,,,,,,,,,,,,,,,,,,,,,,,,,,,,,,,,,,,,,,,,,,,,,,,,,,,,0.0,0.6931471805599454,4.687259721865234,0.12972792562093147,1.071338224880302,0.4638441126445034,0.0,116.0,116.0,,,,,,,,,,,,,,,,,,,,,,,,,,,,,,,,,,,,,
q12_rho1.00_always_b3,12,1.0,always,3,10,0,38,cost0,mem2,gru-w4-l0.01-h2,gru-w4-l0.01-h2|gru-w4-l0.01-h2|gru-w4-l0.01-h2|gru-w4-l0.01-h2|gru-w4-l0.01-h2,5.054213618253518,0.08274684873299307,0.9736842105263158,5.054213618253518,6.759233013430052,4.126064026315433,9.03877421750718,0.31070682851411,2.544871045604489,3.428900456954935,1.727254044732165,27.875026731683306,0.12244930287748025,4.099095627662067,5.60280115313785,3.1885279413180156,12.759576300140392,0.24963836547642282,4.749039815049441,6.400503612127869,3.825168090910747,9.936076491688361,0.2932516638562992,4.476363800869046,5.558976144022464,0.2802470784297741,,,,,,,,,,0.0,,,,,,,,,,,,,,,,,,,,,,,,,,,,,,,,,,,,,,,,,,,,,,,,,,,,,,,,,,,,,,,,0.0,0.6931471805599454,5.054213618253518,0.08274684873299307,1.5597974821128262,0.38135348103430494,0.0,116.0,116.0,,,,,,,,,,,,,,,,,,,,,,,,,,,,
q12_rho1.00_always_b3,12,1.0,always,3,10,0,38,cost0,mem4,gru-w4-l0.01-h4,gru-w4-l0.01-h4|gru-w4-l0.01-h4|gru-w4-l0.01-h4|gru-w4-l0.01-h4|gru-w4-l0.1-h4,4.35327120981155,0.1349767493216782,0.9605263157894737,4.35327120981155,4.6423661961293705,3.772119359040326,1.5291546943219028,0.8072704267485228,2.3234251653755207,2.765232393035948,1.651881734954244,4.8527250558826225,0.443493893960241,3.5707804121002296,3.9292971291125927,2.9441734583955967,1.812069056196172,0.7406621723184494,4.100719358658166,4.409646088350851,3.5056795304944397,1.5918533749938137,0.7910060625191171,3.5092266912679198,5.125174255821699,0.4209330740770377,,,,,,,,,,0.0,,,,,,,,,,,,,,,,,,,,,,,,,,,,,,,,,,,,,,,,,,,,,,,,,,,,,,,,,,,,,,,,,,,,,,,,,0.0,0.6931471805599454,4.444029940665996,0.12187275365582657,1.9870119911768562,0.31736729017793147,0.0,116.0,116.0,,,,,,,,,,,,,,,,,,,
q12_rho1.00_always_b3,12,1.0,always,3,1,0,38,cost0,main,flat-w4-l0.01,flat-w4-l0.01|linear-l0.1|flat-w4-l0.01|flat-w4-l0.01|flat-w4-l0.01,0.03883080889331503,0.6879754487518482,0.5921052631578947,0.03883080889331503,0.039101856677301594,0.06229480278980981,34.47561042543945,0.04683063807977095,0.049068892123817716,0.04936351154109518,0.07353994330282841,34.710903660920664,0.04598046244025137,0.04124933737682159,0.04152456810409734,0.06489509713491283,34.516318393104406,0.04668873002214797,0.03947641431676179,0.03974851322615862,0.06298621303471012,34.48588038380874,0.04679495995739728,-0.1539226667786855,0.21283205953485448,0.0926561719186275,0.0,0.6931471805599454,,,,,0.0,,,0.0,0.02325999632025227,0.7014780188036797,0.024057020246535027,0.6905040482344587,0.0078919258951479,0.6908994612088954,0.00257097796852129,0.6924745546893172,-0.158909957739928,0.7594417390174845,-0.029170870831059948,0.7173509345130236,-0.008289529765452946,0.6969272594602117,-2.262778132840277e-06,0.6930778026422256,0.04928156602460888,0.6854167714761461,0.029404302618345462,0.6920432573939,0.002980977925728764,0.692355846632096,0.0011516992643500275,0.6928184517416827,-0.00432572589412248,0.6942643345864845,-0.0037066684497225407,0.6941329387387104,-0.00026414974118042707,0.6932102634725099,0.0007652134150385635,0.6929432363004695,-0.001526994384420102,0.6935298435115675,-0.00039459581659708284,0.6932446495668012,7.0,7.0,7.0,7.0,28.0,28.0,28.0,28.0,33.0,65.0,33.0,65.0,113.0,321.0,113.0,321.0,113.0,113.0,,,,,,,,,,,,,,,,,,,,,,,,,,,,,,,,,,,,,,,,,,,,,,
q12_rho1.00_always_b3,12,1.0,always,3,5,0,38,cost0,main,linear-l0.1,linear-l0.1|linear-l0.01|linear-l0.01|linear-l0.1|linear-l0.1,1.5188945371310008,0.5241303604098101,0.75,1.5188945371310008,1.6111244371807174,1.1485636977087388,29.348943211178227,0.09725152490785913,0.8178086159582023,0.9049611643650248,0.45627515692580145,30.322421270618744,0.09152051461784799,1.1826560055787374,1.2740387996105498,0.8137699595856273,29.517309325716717,0.09626135685350934,1.3901493649871504,1.4821662156917184,1.0201810525515647,29.3915181124218,0.09700113621202978,0.8037522098234218,2.3790991550965734,0.4096150174675014,0.0,0.6931471805599454,,,,,0.0,,,0.0,2.15443158432651,0.47362538005259786,1.0475686632327335,0.5288755818404459,0.311447098902248,0.6255965087335283,0.04570518399441627,0.6819568588796028,2.7228790810927435,0.4740424654906448,1.6834759505538457,0.4927166590376511,0.7031520608300253,0.5673320689796322,0.1588999962586589,0.6565745497829188,1.7307601113810516,0.4879986203797191,1.6696622435164468,0.4937764705335535,0.7594105321705179,0.5495342781353346,0.8464436559559744,0.5411894359532521,1.8069350696667652,0.48534147361718355,1.7015051021081011,0.49843064489832795,0.147774343942771,0.6599088087194765,0.15449111913259783,0.658858827644302,0.006389521279000838,0.691537976472457,0.00011915203506917811,0.6931178382910712,7.0,7.0,7.0,7.0,28.0,28.0,28.0,28.0,81.0,161.0,81.0,161.0,113.0,321.0,113.0,321.0,113.0,113.0,,,,,,,,,,,,,,,,,,,,,,,,,,,,,,,,,,,,,,,,,,,,,,
q12_rho1.00_always_b3,12,1.0,always,3,10,0,38,cost2,direct,gru_direct-w4-l0.1-cap5,gru_direct-w4-l0.1-cap5|gru_direct-w4-l0.1-cap5|gru_direct-w4-l0.1-cap5|gru_direct-w4-l0.1-cap5|gru_direct-w4-l0.1-cap5,2.9426795360520885,0.24719045657682195,0.8947368421052632,2.9426795360520885,3.062707109567835,3.5157130202678943,1.5226541993622902,0.808295549912499,2.0669583098353863,2.2203610878803586,1.610247421923156,7.260929012687829,0.3300266301821985,2.86094182590728,2.8609789933217336,2.8523448215231717,2.092495289458479,0.6850810761160293,2.9523156035192577,3.0055506899319337,3.315027296174692,1.6450973911813875,0.7767433589991387,0.2603931892708298,4.589563331147831,1.2370883689160863,0.0,0.6931471805599454,0.6676076667761504,0.31864122098232817,2.9426795360520885,0.24719045657682195,0.0,113.0,113.0,0.0,,,,,,,,,,,,,,,,,,,,,,,,,,,,,,,,,,,,,,,,,,,,,,,,,,,,,,,,,,,,,,,,,,,,,,,,,,,,,,,,,,,,,,,,,,,,,,,,,,,,
q12_rho1.00_always_b3,12,1.0,always,3,10,0,38,cost2,main,flat-w4-l0.01,gru-w4-l0.01|flat-w4-l0.01|flat-w4-l0.01|quadratic-l0.01|flat-w4-l0.01,5.326836515743151,0.24711449209265324,0.9210526315789473,5.326836515743151,6.080929403220297,4.541296283879762,2.6731039343371235,0.6050749117921795,2.1666405782626232,2.710602390529152,1.4501727662918564,7.4324470682452635,0.3493872234769084,3.718450639898576,4.441401339778897,2.94163235173637,3.1916753650753447,0.5519447337223148,4.637427882740609,5.384494001168351,3.8538170060848036,2.7912586558474035,0.5916959393707835,4.103733614999786,6.662513592764777,0.6353325879364665,0.0,0.6931471805599454,,,,,0.0,,,0.0,6.160787643971228,0.2807956723370247,2.3701270677122177,0.3892732183562048,0.7101259904253971,0.5507920008251892,0.11808118687059012,0.6645866579615451,10.450873001362089,0.21806317103260225,4.226949615983969,0.2919187014839527,1.5867552908857763,0.43464797431384095,0.401511036813323,0.6027132450276671,0.6302085284176071,0.2691935244392513,-4.826802280766469,0.28057509563462846,2.3279017677605025,0.28830340330891857,2.677917121457656,0.27622655121258743,3.2800773166510613,0.25730675102338063,4.072543359096866,0.2052001672525146,1.6829130749337788,0.37873162674278255,1.9173282972272496,0.364675716453054,1.9163287305318646,0.38553873222444535,0.1640652113314446,0.6560949308344762,7.0,7.0,7.0,7.0,28.0,28.0,28.0,28.0,141.0,281.0,141.0,281.0,113.0,321.0,113.0,321.0,113.0,113.0,,,,,,,,,,,,,,,,,,,,,,,,,,,,,,,,,,,,,,,,,,,,,,
q12_rho1.00_always_b3,12,1.0,always,3,10,0,38,cost2,mem1,gru-w4-l0.01-h1,gru-w4-l0.01-h1|gru-w4-l0.01-h1|gru-w4-l0.01-h1|gru-w4-l0.01-h1|gru-w4-l0.01-h1,3.5454708437145106,0.27866507961015463,0.9210526315789473,3.5454708437145106,4.215880458863514,2.7844338234936585,32.36575630366711,0.0473723139911178,1.9272226088850968,2.4393217242153478,1.2237685304369823,35.72879260284719,0.03999880167608639,2.96498420635607,3.6051211416916513,2.2137077083246584,33.11359164170811,0.04587493073380198,3.3661344959805404,4.028792371861094,2.6075478916686907,32.56021980200658,0.0469851297266294,2.7775010296951255,4.237183466270307,0.37741429903959867,,,,,,,,,,0.0,,,,,,,,,,,,,,,,,,,,,,,,,,,,,,,,,,,,,,,,,,,,,,,,,,,,,,,0.0,0.6931471805599454,3.5454708437145106,0.27866507961015463,0.8248848420632401,0.517294585161849,0.0,116.0,116.0,,,,,,,,,,,,,,,,,,,,,,,,,,,,,,,,,,,,,
q12_rho1.00_always_b3,12,1.0,always,3,10,0,38,cost2,mem2,gru-w4-l0.01-h2,gru-w4-l0.01-h2|gru-w4-l0.01-h2|gru-w4-l0.01-h2|gru-w4-l0.01-h2|gru-w4-l0.01-h2,4.592891905920494,0.17687461916800484,0.9342105263157895,4.592891905920494,5.628232745138861,3.744987643907922,16.576776548542266,0.19699805555819294,2.2786659436408123,2.9540857813388848,1.5160625066059819,26.79313687072229,0.12619018633959037,3.665437848675751,4.626048046096142,2.8316683889765155,18.58629491666414,0.18024179906046509,4.289324646078859,5.305395954442682,3.4449237908481014,17.081621744906748,0.19256112487154972,3.8056480372204686,5.265663211923878,0.3713864578165163,,,,,,,,,,0.0,,,,,,,,,,,,,,,,,,,,,,,,,,,,,,,,,,,,,,,,,,,,,,,,,,,,,,,,,,,,,,,,0.0,0.6931471805599454,4.592891905920494,0.17687461916800484,1.2069816017395723,0.4517874754717665,0.0,116.0,116.0,,,,,,,,,,,,,,,,,,,,,,,,,,,,
q12_rho1.00_always_b3,12,1.0,always,3,10,0,38,cost2,mem4,gru-w4-l0.01-h4,gru-w4-l0.01-h4|gru-w4-l0.01-h4|gru-w4-l0.01-h4|gru-w4-l0.01-h4|gru-w4-l0.01-h4,3.664335408937015,0.21430540940433807,0.9210526315789473,3.664335408937015,3.6976160674306713,3.9449781992229522,1.2570580426706297,0.8894237509371633,2.144863901067407,2.440092782357831,1.5593309295783613,4.525445113279029,0.42863402214995927,3.168576352150303,3.193521352538794,2.961526775909136,1.5239952701133979,0.803103793621283,3.511769735944315,3.5171424292235605,3.6190420037813857,1.3140528473777406,0.8689788976555529,1.0734264127444746,5.344475207834933,1.1650940110819115,,,,,,,,,,0.0,,,,,,,,,,,,,,,,,,,,,,,,,,,,,,,,,,,,,,,,,,,,,,,,,,,,,,,,,,,,,,,,,,,,,,,,,0.0,0.6931471805599454,3.664335408937015,0.21430540940433807,1.6196143152133096,0.38714598277493334,0.0,116.0,116.0,,,,,,,,,,,,,,,,,,,
q12_rho1.00_always_b3,12,1.0,always,3,1,0,38,cost2,main,linear-l0.1,flat-w4-l0.01|linear-l0.1|linear-l0.01|quadratic-l0.1|linear-l0.1,0.023305779983422675,0.6865015576890954,0.5,0.023305779983422675,0.02373395508679569,0.052855385420777425,34.55845459951485,0.050937268569436665,0.02162253845918574,0.02205846461503256,0.051441013514327484,34.801302520502695,0.04961292080110762,0.0230138318116494,0.023443654634089643,0.05262079202490016,34.600504908662074,0.05071393076335377,0.023232163919918166,0.023660759743822778,0.052796424319657274,34.56907730216041,0.05088101218658887,-0.1050745864529437,0.17128934223777886,0.0692411058387036,0.0,0.6931471805599454,,,,,0.0,,,0.0,0.14172235337554667,0.66377273243693,0.07856313085240356,0.6739308828267196,0.02283457459881727,0.6867553032707338,0.004885400727238672,0.6918879831908721,0.10417629824699706,0.6875579825907538,0.11126334257602478,0.6736606170939828,0.042820993143611805,0.6816981608882422,0.010551841447048483,0.6902903253835387,0.057178587665256166,0.6794344986476977,0.049378846219472895,0.6827928315630994,0.007426926780443988,0.6912066296233755,0.005259424056487088,0.6917862537590299,-0.007265031334944769,0.6945554157644755,-0.008019025344218965,0.694861838969408,0.0003356495453880001,0.6930609837599138,0.0027324793051165122,0.6924317796987165,0.0015323698935234991,0.6927085339368685,-0.00021898506786873306,0.6932013541210068,7.0,7.0,7.0,7.0,28.0,28.0,28.0,28.0,33.0,65.0,33.0,65.0,113.0,321.0,113.0,321.0,113.0,113.0,,,,,,,,,,,,,,,,,,,,,,,,,,,,,,,,,,,,,,,,,,,,,,
q12_rho1.00_always_b3,12,1.0,always,3,5,0,38,cost2,main,linear-l0.1,flat-w4-l0.01|linear-l0.01|linear-l0.1|gru-w4-l0.01|linear-l0.1,0.9161807915373416,0.631156262404447,0.7105263157894737,0.9161807915373416,0.9598552573319887,0.6490027324134786,32.325503530215535,0.07149437749168003,0.49482410962749807,0.535808605038699,0.2351676549223458,32.947118005465,0.06895328292386217,0.7217083907005243,0.7649248437523235,0.45579063068812103,32.4338041881747,0.0710639244358617,0.845839800167834,0.8893990392507427,0.5789780428560758,32.352849066899346,0.07138594328721812,0.28952250173883426,1.6508230908087436,0.3626518930485665,0.0,0.6931471805599454,,,,,0.0,,,0.0,1.729079660144494,0.5590801906770712,0.8092621466160542,0.5934829332171749,0.22076401806690432,0.6518490143253791,0.030964893966159687,0.6857411224307286,2.3784970985097034,0.5855524968262076,1.4064244151886616,0.5782831552613906,0.5425128053205078,0.6174110144392071,0.11404451205554365,0.6691227190440653,0.7145661601986282,0.6209127845996402,0.6998633464027308,0.6091485069254091,0.393989124896896,0.6168145450671065,0.454346924564546,0.6117104991788119,1.066988071843268,0.5543820627934707,1.039980825900454,0.5681991818765274,0.04831694583318726,0.6823923869496653,0.05435019271947131,0.6813007428564806,0.001045577023765784,0.6929041603295328,-7.990789562210758e-05,0.6931670453183743,7.0,7.0,7.0,7.0,28.0,28.0,28.0,28.0,81.0,161.0,81.0,161.0,113.0,321.0,113.0,321.0,113.0,113.0,,,,,,,,,,,,,,,,,,,,,,,,,,,,,,,,,,,,,,,,,,,,,,
q12_rho1.00_always_b3,12,1.0,always,3,10,0,38,endpoint,main,mlp-w4-l0.01,quadratic-l0.01|linear-l1|mlp-w4-l0.01|mlp-w4-l0.01|mlp-w4-l0.1,-0.027070226617699002,0.7202174071776444,0.4605263157894737,,,,,,,,,,,,,,,,,,,,,-0.08155472316144721,0.010784675193157843,0.024535863611712096,0.0,0.6931471805599454,,,,,0.0,,,0.0,-0.00407496571403087,0.697222146273976,-0.0031559097575162786,0.6963030903174615,-0.0009554714767058489,0.6941026520366511,-0.00011333605677983565,0.6932605166167252,-0.024718744726377816,0.7178659252863231,-0.007524120306426858,0.7006713008663721,-0.0021218784286957744,0.6952690589886411,-0.0003346212368548119,0.6934818017968,,,,,,,,,,,,,,,,,,,,,3.0,3.0,3.0,3.0,6.0,6.0,6.0,6.0,,,,,,,,,,,,,,,,,,,,,,,,,,,,,,,,,,,,,,0.2573903263457678,-0.027070226617699002,0.0,-0.027070226617699002,0.0,-0.027070226617699002,0.0,-0.011628743927914348,0.7047759244878596,-0.013578575396967841,0.706725755956913,-0.0010122004864015649,0.6941593810463469,-0.0006286768099005229,0.6937758573698458,17.0,33.0,17.0,33.0
q12_rho1.00_always_b3,12,1.0,always,3,1,0,38,endpoint,main,mlp-w4-l0.1,mlp-w4-l0.01|mlp-w4-l0.1|mlp-w8-l0.1|constant|mlp-w4-l0.1,-0.0017276167471600946,0.6948747973071052,0.5,,,,,,,,,,,,,,,,,,,,,-0.005048728641629499,0.001695388034554473,0.0017131986441423189,0.0,0.6931471805599454,,,,,0.0,,,0.0,-0.007809061579229875,0.7009562421391751,-0.0035787677711178454,0.696725948331063,-0.0010135236728261983,0.6941607042327714,-0.00012749916034869067,0.693274679720294,-0.02185995187028569,0.7150071324302311,-0.009391063173543138,0.7025382437334885,-0.002892205497538189,0.6960393860574834,-0.0004427102054515224,0.6935898907653969,,,,,,,,,,,,,,,,,,,,,3.0,3.0,3.0,3.0,6.0,6.0,6.0,6.0,,,,,,,,,,,,,,,,,,,,,,,,,,,,,,,,,,,,,,0.2508606594612615,-0.0017276167471600946,0.0,-0.0017276167471600946,0.0,-0.0017276167471600946,0.0,-0.0031740599877700232,0.6963212405477153,-0.0011383106698778336,0.6942854912298231,-0.0012393224413425213,0.6943865030012879,-0.00036356789923009715,0.6935107484591754,17.0,33.0,17.0,33.0
q12_rho1.00_always_b3,12,1.0,always,3,2,0,38,endpoint,main,mlp-w8-l0.1,mlp-w8-l0.1|mlp-w4-l0.1|mlp-w8-l0.1|mlp-w4-l0.01|mlp-w8-l0.01,-0.0003767494252454639,0.6935239299851906,0.5263157894736842,,,,,,,,,,,,,,,,,,,,,-0.005259217318242321,0.0044875468124186526,0.002473116779609011,0.0,0.6931471805599454,,,,,0.0,,,0.0,0.00125984291395975,0.6918873376459855,0.002626931485066803,0.6905202490748784,0.0020904020050875414,0.6910567785548577,0.0003801633098961766,0.6927670172500492,-0.01773090347256002,0.7108780840325052,-0.00313565010948173,0.6962828306694271,0.0022388354416563675,0.6909083451182889,0.0008010905227491743,0.6923460900371962,,,,,,,,,,,,,,,,,,,,,3.0,3.0,3.0,3.0,6.0,6.0,6.0,6.0,,,,,,,,,,,,,,,,,,,,,,,,,,,,,,,,,,,,,,0.2501972831603111,-0.0003767494252454639,0.0,-0.0003767494252454639,0.0,-0.0003767494252454639,0.0,-0.0012788474921254943,0.6944260280520708,0.0009784297178589783,0.6921687508420863,0.0006242341489598647,0.6925229464109854,0.0012630096458594732,0.6918841709140856,17.0,33.0,17.0,33.0
q12_rho1.00_always_b3,12,1.0,always,3,3,0,38,endpoint,main,constant,quadratic-l0.01|constant|quadratic-l0.1|constant|mlp-w4-l0.1,-0.004122313449640786,0.697269494009586,0.5526315789473685,,,,,,,,,,,,,,,,,,,,,-0.032066520679983126,0.022173716403233002,0.01370397683812395,0.0,0.6931471805599454,,,,,0.0,,,0.0,-0.0005550950296076712,0.6937022755895529,-0.0007297224090634511,0.6938769029690088,-9.753220073650741e-05,0.6932447127606819,4.552440959043906e-06,0.6931426281189864,0.007467885654595727,0.6856792949053494,0.004942053086322308,0.6882051274736231,0.0004741298202451949,0.6926730507397002,5.6997025067214536e-05,0.6930901835348781,,,,,,,,,,,,,,,,,,,,,3.0,3.0,3.0,3.0,6.0,6.0,6.0,6.0,,,,,,,,,,,,,,,,,,,,,,,,,,,,,,,,,,,,,,0.25134119295934965,-0.004122313449640786,0.0,-0.004122313449640786,0.0,-0.004122313449640786,0.0,0.0006554058075643056,0.6924917747523811,-7.259111218499863e-05,0.6932197716721302,-4.230192564387485e-05,0.6931894824855892,-4.967524290538343e-06,0.6931521480842358,17.0,33.0,17.0,33.0
q12_rho1.00_always_b3,12,1.0,always,3,4,0,38,endpoint,main,mlp-w4-l0.1,mlp-w4-l0.1|mlp-w4-l0.1|mlp-w4-l0.1|constant|mlp-w4-l0.1,-0.0002492460518121815,0.6933964266117576,0.5,,,,,,,,,,,,,,,,,,,,,-0.0004584412981258285,-3.245752398175625e-05,0.00010810615488357597,0.0,0.6931471805599454,,,,,0.0,,,0.0,-0.0007158848181661371,0.6938630653781113,-0.0004782522961781631,0.6936254328561237,-0.00015678506889640312,0.6933039656288418,-1.9959791804653226e-05,0.6931671403517501,-0.01991051444205907,0.7130576950020043,-0.005408053051648226,0.6985552336115936,-0.0008886363102701806,0.6940358168702153,-0.00010911040787845907,0.6932562909678237,,,,,,,,,,,,,,,,,,,,,3.0,3.0,3.0,3.0,6.0,6.0,6.0,6.0,,,,,,,,,,,,,,,,,,,,,,,,,,,,,,,,,,,,,,0.25012447470150995,-0.0002492460518121815,0.0,-0.0002492460518121815,0.0,-0.0002492460518121815,0.0,-0.0035644868315204106,0.6967116673914657,-0.0008291179449115765,0.6939762985048568,-0.0008172967437790321,0.6939644773037245,-0.0003609815390818581,0.6935081620990271,17.0,33.0,17.0,33.0
q12_rho1.00_always_b3,12,1.0,always,3,5,0,38,endpoint,main,mlp-w4-l0.01,constant|mlp-w4-l0.01|quadratic-l0.1|quadratic-l0.1|mlp-w4-l0.01,-0.007905593178269927,0.7010527737382153,0.5263157894736842,,,,,,,,,,,,,,,,,,,,,-0.033024172075894365,0.017303009510292594,0.012898674303754168,0.0,0.6931471805599454,,,,,0.0,,,0.0,-0.011326580118457616,0.7044737606784031,-0.008031481039288668,0.7011786615992339,-0.0006128452173352368,0.6937600257772805,0.00012555319790150707,0.693021627362044,-0.07839707304717114,0.7715442536071165,-0.030176039406730807,0.7233232199666761,-0.006302068033827402,0.6994492485937726,-0.00017495111869715073,0.6933221316786424,,,,,,,,,,,,,,,,,,,,,3.0,3.0,3.0,3.0,6.0,6.0,6.0,6.0,,,,,,,,,,,,,,,,,,,,,,,,,,,,,,,,,,,,,,0.2531906688330983,-0.007905593178269927,0.0,-0.007905593178269927,0.0,-0.007905593178269927,0.0,-0.008685163311000494,0.7018323438709458,-0.00481649645525004,0.6979636770151953,0.0008382448093348692,0.6923089357506105,0.0013757761342455997,0.6917714044256996,17.0,33.0,17.0,33.0
q12_rho1.00_always_b3,12,1.0,always,3,6,0,38,endpoint,main,mlp-w4-l0.1,constant|mlp-w4-l0.1|mlp-w4-l0.01|mlp-w4-l0.1|mlp-w4-l0.1,-0.007180769377728384,0.7003279499376737,0.39473684210526316,,,,,,,,,,,,,,,,,,,,,-0.014596958823608883,8.728662017974255e-06,0.0038043086514669986,0.0,0.6931471805599454,,,,,0.0,,,0.0,-0.00527391696605963,0.6984210975260051,-0.005404125252428814,0.6985513058123741,-0.0020582946791314017,0.6952054752390768,-0.0002835769761105041,0.693430757536056,-0.024695740891202533,0.7178429214511478,-0.013641655416511984,0.7067888359764573,-0.004689179593315886,0.697836360153261,-0.0007877892945417762,0.6939349698544871,,,,,,,,,,,,,,,,,,,,,3.0,3.0,3.0,3.0,6.0,6.0,6.0,6.0,,,,,,,,,,,,,,,,,,,,,,,,,,,,,,,,,,,,,,0.2535839460881669,-0.007180769377728384,0.0,-0.007180769377728384,0.0,-0.007180769377728384,0.0,-0.01055784285931159,0.7037050234192568,-0.005023005209212403,0.6981701857691576,-0.003944083645003226,0.6970912642049485,-0.0022049343747519317,0.6953521149346973,17.0,33.0,17.0,33.0
q12_rho1.00_always_b3,12,1.0,always,3,7,0,38,endpoint,main,mlp-w4-l0.01,constant|mlp-w8-l0.1|mlp-w8-l0.01|mlp-w4-l0.01|mlp-w4-l0.01,-0.029054705309346864,0.7222018858692922,0.4868421052631579,,,,,,,,,,,,,,,,,,,,,-0.06599362293933994,0.0031386270562941123,0.017414531412719227,0.0,0.6931471805599454,,,,,0.0,,,0.0,-0.007815329701194978,0.7009625102611402,-0.005904859417658261,0.6990520399776037,-0.001184354541738131,0.6943315351016833,-7.823887618944505e-05,0.6932254194361347,-0.013547907232594704,0.7066950877925401,-0.009576218702751054,0.7027233992626963,-0.0031372007111477155,0.6962843812710928,-0.0002674541117996897,0.693414634671745,,,,,,,,,,,,,,,,,,,,,3.0,3.0,3.0,3.0,6.0,6.0,6.0,6.0,,,,,,,,,,,,,,,,,,,,,,,,,,,,,,,,,,,,,,0.2640559360261547,-0.029054705309346864,0.0,-0.029054705309346864,0.0,-0.029054705309346864,0.0,-0.018063514343541233,0.7112106949034865,-0.021159829492570198,0.7143070100525155,-0.00238321045307891,0.6955303910130242,-0.002149416279003001,0.6952965968389483,17.0,33.0,17.0,33.0
q12_rho1.00_always_b3,12,1.0,always,3,8,0,38,endpoint,main,constant,constant|mlp-w8-l0.1|linear-l0.1|mlp-w8-l0.1|constant,-0.003822761532902832,0.6969699420928483,0.4868421052631579,,,,,,,,,,,,,,,,,,,,,-0.00886001255971797,0.0005210941574137072,0.002358135159867491,0.0,0.6931471805599454,,,,,0.0,,,0.0,-0.01614709480558421,0.7092942753655296,-0.01308491980228451,0.7062321003622298,-0.004722584409895647,0.6978697649698408,-0.0006354124073014474,0.6937825929672468,-0.022811745845184278,0.7159589264051295,-0.016833378111129883,0.7099805586710751,-0.008394902911767654,0.701542083471713,-0.001487137864995002,0.6946343184249402,,,,,,,,,,,,,,,,,,,,,3.0,3.0,3.0,3.0,6.0,6.0,6.0,6.0,,,,,,,,,,,,,,,,,,,,,,,,,,,,,,,,,,,,,,0.25190839183907976,-0.003822761532902832,0.0,-0.003822761532902832,0.0,-0.003822761532902832,0.0,-0.01562187188128395,0.7087690524412293,-0.007210780067663347,0.7003579606276086,-0.007132445533645395,0.7002796260935906,-0.002443981948679404,0.6955911625086246,17.0,33.0,17.0,33.0
q12_rho1.00_always_b3,12,1.0,always,3,9,0,38,endpoint,main,constant,constant|linear-l1|constant|constant|constant,-0.0002695059654952732,0.6934166865254408,0.4868421052631579,,,,,,,,,,,,,,,,,,,,,-0.001727298092320344,0.0009661798525534266,0.000694536530377478,0.0,0.6931471805599454,,,,,0.0,,,0.0,0.0030237365749978934,0.6901234439849473,0.001104320374666834,0.6920428601852784,0.0012679316656269716,0.6918792488943183,0.000252273650341452,0.6928949069096039,-0.01049658121474283,0.703643761774688,-0.007481636003721562,0.7006288165636668,-0.00028312292178782556,0.693430303481733,0.0002587338107656586,0.6928884467491795,,,,,,,,,,,,,,,,,,,,,3.0,3.0,3.0,3.0,6.0,6.0,6.0,6.0,,,,,,,,,,,,,,,,,,,,,,,,,,,,,,,,,,,,,,0.2501347492502612,-0.0002695059654952732,0.0,-0.0002695059654952732,0.0,-0.0002695059654952732,0.0,-0.0012541129220506116,0.694401293481996,-0.0013187981289491362,0.6944659786888943,-0.001016218575630571,0.6941633991355759,4.12931783475173e-05,0.6931058873815977,17.0,33.0,17.0,33.0
q12_rho1.00_always_b3,12,1.0,always,3,10,0,38,mixture,diag,gru-w4-l0.01,gru-w4-l0.01|quadratic-l0.01|gru-w4-l0.01|gru-w4-l0.01|gru-w4-l0.01,4.729594165743092,0.21104869489145042,0.9210526315789473,4.729594165743092,4.843371943685116,4.32520624333853,1.9021790150391296,0.7200648949021552,2.139102979597044,2.441201560610452,1.5487554508888919,6.225181816034503,0.37666899542890986,3.309879181941068,3.490745557652014,2.822471914086808,2.336362688630757,0.6465503262684119,4.003747713416982,4.135822550701382,3.5738061531634937,2.00110903285843,0.7012823659567404,3.424915614803073,6.0038186049684885,0.6574510828904597,0.0,0.6931471805599453,,,,,0.0,,,0.0,6.074533411199149,0.24687707103432308,2.3544611973236504,0.36756333791593615,0.6947435243943234,0.5480251898340402,0.1113736557965885,0.6660231391241009,10.266636248645465,0.1731560037675384,4.248559651553235,0.2627334656463734,1.5907314338440872,0.41817881997877704,0.39117404634224506,0.6032231281151724,,,,,,,,,3.501585558293803,0.18881611267488263,,,1.7382967148556234,0.36715499765887794,,,,,,,7.0,7.0,7.0,7.0,28.0,28.0,28.0,28.0,,,,,113.0,,113.0,,,,,,,,,,,,,,,,,,,,,,,,,,,,,,,,,,,,,,,,,,,,,,,,,
q12_rho1.00_always_b3,12,1.0,always,3,1,0,38,mixture,diag,constant,constant|linear-l0.1|linear-l0.01|constant|linear-l1,-0.014828451601009277,0.6956787502565817,0.4934210526315789,-0.014828451601009277,-0.014278564079491247,0.018702005088320088,36.141789219166725,0.0485309156596626,-0.014157130657958697,-0.013638286912108076,0.01840284684660757,36.252630106412084,0.047544714124364465,-0.014717295641221035,-0.014172580996626973,0.01865334564964507,36.16046564462632,0.048366204189725245,-0.0148005227679542,-0.014251936172900274,0.01868981141574771,36.14649390896626,0.04848947834920142,-0.07736444450702852,0.04447601183882549,0.030248311534078726,0.0,0.6931471805599453,,,,,0.0,,,0.0,0.10844664441148703,0.676047389380354,0.06025499901366789,0.6799480844526204,0.01728525130709376,0.6882674912942005,0.004365525457316552,0.6920115333891653,-0.001687613583234636,0.7103879765709753,0.05911097836759879,0.6911625263500365,0.021784464392125252,0.6879669501321782,0.006727540128175917,0.6912540685918243,,,,,,,,,-0.011097396386300105,0.6952291919390365,,,0.00014835596297671359,0.6931071442240281,,,,,,,7.0,7.0,7.0,7.0,28.0,28.0,28.0,28.0,,,,,113.0,,113.0,,,,,,,,,,,,,,,,,,,,,,,,,,,,,,,,,,,,,,,,,,,,,,,,,
q12_rho1.00_always_b3,12,1.0,always,3,5,0,38,mixture,diag,gru-w4-l0.01,gru-w4-l0.01|linear-l0.01|linear-l0.01|gru-w4-l0.01|linear-l0.1,1.5772842758195014,0.521698258581699,0.7302631578947368,1.5772842758195014,1.6519373073706554,1.2389646514224362,31.779154017620755,0.08030245490434647,0.8777369644754888,0.9490303788395955,0.5460867149916446,32.27905602975981,0.07734070778736936,1.312989778231232,1.3870858126594734,0.9757621809617806,31.863857724550616,0.0798030546577669,1.491274708490867,1.5657877708853243,1.1532290011794206,31.80050833524694,0.08017663802970454,1.0919060968784517,2.101413341962624,0.26118869792654753,0.0,0.6931471805599453,,,,,0.0,,,0.0,1.7934890140058402,0.5134531260852516,0.8198074086559719,0.5652785750967046,0.21868628354927017,0.6462818743443473,0.02993029765096604,0.6858324361808819,2.418468725432945,0.5126340938162043,1.4036236439747418,0.5332986909161196,0.5382776828091603,0.599038662584192,0.10961842647474927,0.668111604737111,,,,,,,,,1.5815024490637193,0.5202008438685142,,,0.07196173777464203,0.6767598655347897,,,,,,,7.0,7.0,7.0,7.0,28.0,28.0,28.0,28.0,,,,,113.0,,113.0,,,,,,,,,,,,,,,,,,,,,,,,,,,,,,,,,,,,,,,,,,,,,,,,,
q12_rho1.00_always_b3,12,1.0,always,3,10,0,38,pathinfo,diag,constant,constant|linear-l1|gru-w4-l0.01|gru-w4-l0.01|constant,-0.010724204854678903,0.7038713854146242,0.42105263157894735,,,,,,,,,,,,,,,,,,,,,-0.023015822568388106,0.000457436247614709,0.005920648767076819,0.0,0.6931471805599454,,,,,0.0,,,0.0,-0.010593439389666944,0.7037406199496122,-0.005381654909771817,0.6985288354697172,-0.00131492668955322,0.6944621072494984,-0.00018807301379024585,0.6933352535737356,-0.08721948324130797,0.7803666638012533,-0.03088871551557877,0.724035896075524,-0.006073672124473788,0.6992208526844191,-0.0010053712739003342,0.6941525518338455,,,,,,,,,-0.011676608045925964,0.7048237886058712,,,-0.00030243762802273805,0.693449618187968,,,,,,,7.0,7.0,7.0,7.0,28.0,28.0,28.0,28.0,,,,,113.0,,113.0,,,,,,,,,,,,,,,,,,,,,,,,,,,,,,,0.2553317855174585,-0.010724204854678903,0.0,-0.010724204854678903,0.0,-0.010724204854678903,0.0,,,,,,,,,,,,
q12_rho1.00_always_b3,12,1.0,always,3,1,0,38,pathinfo,diag,constant,constant|constant|constant|linear-l1|constant,-4.33666652369862e-05,0.6931905472251824,0.4868421052631579,,,,,,,,,,,,,,,,,,,,,-0.0002568690001516689,0.0001740487604293444,0.00011476534334646682,0.0,0.6931471805599454,,,,,0.0,,,0.0,-0.01687992767537006,0.7100271082353153,-0.007303325398865692,0.7004505059588111,-0.0017562290343037551,0.694903409594249,-0.000248283716629393,0.6933954642765746,-0.10487473122403224,0.7980219117839775,-0.03151939038636671,0.724666570946312,-0.0077348855054145856,0.7008820660653599,-0.0014211869143945437,0.6945683674743397,,,,,,,,,-0.001271315367477307,0.6944184959274226,,,-0.00012838259037049223,0.6932755631503157,,,,,,,7.0,7.0,7.0,7.0,28.0,28.0,28.0,28.0,,,,,113.0,,113.0,,,,,,,,,,,,,,,,,,,,,,,,,,,,,,,0.25002168300920624,-4.33666652369862e-05,0.0,-4.33666652369862e-05,0.0,-4.33666652369862e-05,0.0,,,,,,,,,,,,
q12_rho1.00_always_b3,12,1.0,always,3,5,0,38,pathinfo,diag,constant,constant|constant|gru-w4-l0.01|constant|gru-w4-l0.01,-0.003707339215469991,0.6968545197754153,0.5394736842105263,,,,,,,,,,,,,,,,,,,,,-0.021117683261756427,0.013979775317125449,0.008634474348359315,0.0,0.6931471805599454,,,,,0.0,,,0.0,-0.016093048050290035,0.7092402286102354,-0.008357015788344063,0.7015041963482893,-0.0004822037947987324,0.693629384354744,0.00020521704187505775,0.6929419635180704,-0.22745170448745122,0.9296713603033814,-0.06018289693635487,0.7533300774963001,-0.008321757267132567,0.701468937827078,3.624289586503048e-05,0.6931109376640802,,,,,,,,,-0.004933917406325906,0.6980810979662713,,,-0.0001214515142952224,0.6932686320742405,,,,,,,7.0,7.0,7.0,7.0,28.0,28.0,28.0,28.0,,,,,113.0,,113.0,,,,,,,,,,,,,,,,,,,,,,,,,,,,,,,0.25157331431842056,-0.003707339215469991,0.0,-0.003707339215469991,0.0,-0.003707339215469991,0.0,,,,,,,,,,,,
q12_rho1.00_sensing_b12,12,1.0,sensing,12,10,0,38,cost0,direct,gru_direct-w4-l0.1-cap5,gru_direct-w4-l0.1-cap5|gru_direct-w4-l0.1-cap5|gru_direct-w4-l0.1-cap5|gru_direct-w4-l0.1-cap5|gru_direct-w4-l0.1-cap5,1.273253024103547,0.543465656193309,0.7236842105263158,1.273253024103547,1.2813846550906738,1.4062582463167064,4.976720241100076,0.4381846707172045,0.8190781930655876,0.8419990936019568,0.6199712868751615,17.3779291164292,0.1985110454303826,1.1326008872047277,1.1326207489218114,1.1389167882449036,6.8618446097231125,0.3665875018271317,1.2312912828159777,1.2354758312305465,1.3255847592452852,5.423159240362164,0.41810986787803023,0.20405980864626558,2.1895203982943947,0.5064620564003174,0.0,0.6931471805599454,0.39679074239771045,0.6052420439349722,1.273253024103547,0.543465656193309,0.0,113.0,113.0,0.3,,,,,,,,,,,,,,,,,,,,,,,,,,,,,,,,,,,,,,,,,,,,,,,,,,,,,,,,,,,,,,,,,,,,,,,,,,,,,,,,,,,,,,,,,,,,,,,,,,,,
q12_rho1.00_sensing_b12,12,1.0,sensing,12,10,0,38,cost0,main,linear-l0.01,linear-l0.01|quadratic-l0.1|linear-l0.01|linear-l0.1|quadratic-l0.1,1.9492847315665807,0.5653317296058733,0.7105263157894737,1.9492847315665807,2.015902456664251,1.62726423659718,35.385376383799084,0.03968356157095128,0.6789597131388287,0.7417554387846612,0.36513877152551083,35.77727629305989,0.03920932416399008,1.1219530262252688,1.1879177396616583,0.8013117274931214,35.45502479203448,0.039602992489606324,1.4928105184153957,1.5592634208830392,1.1711373158889553,35.40305800946432,0.039663242790952055,0.7725538054700812,3.3812060751252844,0.6728762074496873,0.0,0.6931471805599454,,,,,0.0,,,0.0,2.3905008917004453,0.5566758977219706,0.8725261474785747,0.5926842366006183,0.24301579878871363,0.6467466598472307,0.039611469893236606,0.6836748016494645,3.392038603848234,0.5279377527572641,1.6362576883427289,0.5494895004922551,0.6168075941776333,0.6016574388123077,0.1498186356897977,0.6607626089097647,0.6656417371588792,0.594575467133584,0.8546806954155072,0.596320188163373,0.5620652171717783,0.594969893173278,0.6780300915045084,0.5883067205054231,1.2414053412551347,0.5430476976108704,1.357615713257381,0.5530870328640514,0.2586678903536083,0.6396389444613675,0.31795101418179533,0.6317149388535102,0.17440992494858917,0.6642183500014655,0.029312701905433693,0.6862428494054464,7.0,7.0,7.0,7.0,28.0,28.0,28.0,28.0,141.0,281.0,141.0,281.0,113.0,321.0,113.0,321.0,113.0,113.0,,,,,,,,,,,,,,,,,,,,,,,,,,,,,,,,,,,,,,,,,,,,,,
q12_rho1.00_sensing_b12,12,1.0,sensing,12,10,0,38,cost0,mem1,gru-w4-l0.01-h1,gru-w4-l0.01-h1|gru-w4-l0.01-h1|gru-w4-l0.01-h1|gru-w4-l0.01-h1|gru-w4-l0.01-h1,1.1600947137357105,0.5459534789451762,0.7236842105263158,1.1600947137357105,1.2384275907318658,0.8146909990323316,36.18874862987099,0.036678064901639794,0.7488431701877957,0.8234723799142574,0.4105701410021892,36.42349678920524,0.03628515836700748,1.0363443485318187,1.1140556305067855,0.6921217388474047,36.22947984299288,0.03661238161313663,1.1242734696807053,1.2024498539219608,0.7791665289420218,36.19905360580573,0.03666153803388112,0.6192166110919255,1.7149065683967304,0.27644245521619504,,,,,,,,,,0.0,,,,,,,,,,,,,,,,,,,,,,,,,,,,,,,,,,,,,,,,,,,,,,,,,,,,,,,0.0,0.6931471805599454,1.1600947137357105,0.5459534789451762,0.03492243714370332,0.6846021506736979,0.0,116.0,116.0,,,,,,,,,,,,,,,,,,,,,,,,,,,,,,,,,,,,,
q12_rho1.00_sensing_b12,12,1.0,sensing,12,10,0,38,cost0,mem2,gru-w4-l0.01-h2,gru-w4-l0.01-h2|gru-w4-l0.01-h2|gru-w4-l0.01-h2|gru-w4-l0.01-h2|gru-w4-l0.01-h2,1.4181623413524034,0.5294864410060737,0.7368421052631579,1.4181623413524034,1.5166334764962104,1.0374531275039416,35.30667414077011,0.03944362188065488,0.8300400827924195,0.9223280025379585,0.45961061402585335,35.74374109712582,0.03880091406303814,1.2200888060264936,1.3175057719422778,0.841100654698128,35.38438225294867,0.039334525085523576,1.358212749427524,1.45641787401676,0.9779366463636778,35.326404915206666,0.03941610991649778,0.8083141895230037,2.057977458977962,0.32083234113971065,,,,,,,,,,0.0,,,,,,,,,,,,,,,,,,,,,,,,,,,,,,,,,,,,,,,,,,,,,,,,,,,,,,,,,,,,,,,,0.0,0.6931471805599454,1.4181623413524034,0.5294864410060737,0.147536957340405,0.6596229112094343,0.0,116.0,116.0,,,,,,,,,,,,,,,,,,,,,,,,,,,,
q12_rho1.00_sensing_b12,12,1.0,sensing,12,10,0,38,cost0,mem4,gru-w4-l0.01-h4,gru-w4-l0.01-h4|gru-w4-l0.01-h4|gru-w4-l0.01-h4|gru-w4-l0.01-h4|gru-w4-l0.01-h4,1.4125905992914845,0.5181294906653767,0.7236842105263158,1.4125905992914845,1.5198915563614863,1.0179367933681427,32.33682926224432,0.06954329105078516,0.8698088681144904,0.9684284531157636,0.4888582979199388,33.11621528616147,0.06743129009946569,1.2368573684569082,1.3426574622508194,0.8445168576056461,32.47563939320548,0.06918315397946677,1.3598340658652142,1.4667556410336842,0.9657628910762537,32.37206674883447,0.06945242959074206,0.8215908481781482,2.035704633140602,0.3089581234367502,,,,,,,,,,0.0,,,,,,,,,,,,,,,,,,,,,,,,,,,,,,,,,,,,,,,,,,,,,,,,,,,,,,,,,,,,,,,,,,,,,,,,,0.0,0.6931471805599454,1.4125905992914845,0.5181294906653767,0.2439567113121642,0.6405658101278696,0.0,116.0,116.0,,,,,,,,,,,,,,,,,,,
q12_rho1.00_sensing_b12,12,1.0,sensing,12,1,0,38,cost0,main,constant,constant|constant|flat-w8-l0.1|constant|flat-w8-l0.1,-9.964105430284119e-05,0.6931719783911531,0.5,-9.964105430284119e-05,-9.361096267639308e-05,0.003377157624886174,37.99929121045618,0.026526198160350702,-9.963888555806093e-05,-9.360887347254279e-05,0.003377136836297475,37.99929122010729,0.02652619546245071,-9.964070729903247e-05,-9.361062839957071e-05,0.003377154298691071,37.99929121200037,0.02652619772868155,-9.964096755172029e-05,-9.361087910637975e-05,0.0033771567933366517,37.99929121084222,0.02652619805243323,-0.00024912546932399823,1.0983183703403385e-05,6.773908175128074e-05,0.0,0.6931471805599454,,,,,0.0,,,0.0,-0.04679133300952913,0.704222138363229,-0.0103844454695469,0.6958522119019088,-0.0018124885520180989,0.6936133002734397,-0.0002237708321247846,0.693203442730139,-0.3169263525777465,0.767300390333895,-0.12431533824355535,0.7325984079579078,-0.027157949821100064,0.7011034053094466,-0.0033367310667705035,0.6940091819318672,-0.007403656041198555,0.6950153350071466,-0.008921009960970797,0.6953395360040416,-0.00012876879425448515,0.6931794321971665,-0.00035726401579592933,0.6932359044694828,-0.0025732883361401023,0.6937824602183658,-0.001903298850471419,0.6936347350380001,-0.00035613272895059015,0.693235386359132,-1.5166578726542502e-05,0.6931518057803002,-0.0012835377121983922,0.6934642656246104,-0.00032649394729473177,0.693228109123773,7.0,7.0,7.0,7.0,28.0,28.0,28.0,28.0,33.0,65.0,33.0,65.0,113.0,321.0,113.0,321.0,113.0,113.0,,,,,,,,,,,,,,,,,,,,,,,,,,,,,,,,,,,,,,,,,,,,,,
q12_rho1.00_sensing_b12,12,1.0,sensing,12,5,0,38,cost0,main,linear-l0.1,linear-l0.1|linear-l0.01|linear-l0.1|linear-l1|linear-l1,0.2656337114158847,0.652576859770579,0.5789473684210527,0.2656337114158847,0.2736533704904829,0.14427633540378104,36.411252221765544,0.04057903327146405,0.20924396817026392,0.21704704936172342,0.0894663312488067,36.47728786468749,0.040412620410651315,0.25327386472701624,0.2612576199378014,0.13217675476329105,36.422292193151776,0.040551889938862794,0.26236424612360765,0.2703748825775249,0.14107221503829653,36.4140300590056,0.04057222836127389,0.06510601897629907,0.5122495154376467,0.113399252556149,0.0,0.6931471805599454,,,,,0.0,,,0.0,0.9222829666896286,0.6282871360491629,0.4654787476765153,0.6343858227807528,0.14458311534305446,0.665859954392221,0.02286803292766546,0.6877040792727572,1.2202028275334051,0.6246034344235402,0.7418465496618495,0.6179864236257917,0.3625534339674214,0.6393619246630989,0.08811908660245181,0.6744324399074516,0.26740674145966054,0.6476009463305967,0.34272041588454033,0.642350288932175,0.20386601354141196,0.6518946850501317,0.27131757435654164,0.643160051032155,0.3097344512358264,0.6581664790725392,0.4007082447652052,0.6491619929159484,0.05454472041588325,0.68136007407486,0.058248085768755814,0.6807165980583517,0.007176660707064382,0.6919661324083091,0.001844974950548598,0.6927048359935701,7.0,7.0,7.0,7.0,28.0,28.0,28.0,28.0,81.0,161.0,81.0,161.0,113.0,321.0,113.0,321.0,113.0,113.0,,,,,,,,,,,,,,,,,,,,,,,,,,,,,,,,,,,,,,,,,,,,,,
q12_rho1.00_sensing_b12,12,1.0,sensing,12,10,0,38,cost2,direct,gru_direct-w4-l0.01-cap5,gru_direct-w4-l0.01-cap5|gru_direct-w4-l0.01-cap5|gru_direct-w4-l0.01-cap5|gru_direct-w4-l0.1-cap5|gru_direct-w4-l0.01-cap5,5.855383132537231,0.021916674771140166,1.0,5.855383132537231,8.160999579245559,4.8934841049593,14.187071339722738,0.15074678153057752,2.812177570718111,3.8156481499517336,1.9701193499003251,36.555142499800624,0.04616942688188116,4.70696425927954,6.661937212035118,3.7619904063354928,21.59771859620357,0.10922062219745418,5.494739061984794,7.7074311639957624,4.536712483569455,16.012202867526614,0.1384419354034892,5.811047578916766,5.893356264255253,0.021324556812337414,0.0,0.6931471805599454,5.912609228189649,0.012422203276963755,5.612526297370058,0.05529270427754056,0.0,113.0,113.0,1.0,,,,,,,,,,,,,,,,,,,,,,,,,,,,,,,,,,,,,,,,,,,,,,,,,,,,,,,,,,,,,,,,,,,,,,,,,,,,,,,,,,,,,,,,,,,,,,,,,,,,
q12_rho1.00_sensing_b12,12,1.0,sensing,12,10,0,38,cost2,main,quadratic-l0.01,quadratic-l0.01|quadratic-l0.01|quadratic-l0.01|quadratic-l0.01|quadratic-l0.01,8.1693080792846,0.007972823334149339,1.0,8.1693080792846,12.123960253966018,7.1764088539004245,18.882946068503735,0.17593271296385543,2.8260455170951686,3.9368816317898006,1.9652790631019026,37.96779341644773,0.030662892839344917,5.180142245184317,8.009651314133416,4.202350282108089,33.71516203080913,0.07814071202073201,6.897847414656826,10.505217026126417,5.907926522746917,24.504755196751034,0.13575019146739511,7.323087844556414,8.984230134322303,0.4225280176866268,0.0,0.6931471805599454,,,,,0.0,,,0.0,6.810256565195543,0.025740659656947242,3.688819701757905,0.11311702511208566,1.4815667340314531,0.359060140111927,0.2872497526265218,0.6219043478930197,8.1693080792846,0.007972823334149339,5.197283199500369,0.04079565417056554,2.7452360472089223,0.1720228309487256,0.9080891077662093,0.4745697910394286,5.314842855301516,0.014569304296480064,5.87566697767741,0.01014899128852243,3.316189406207837,0.09185748728449471,3.7537839551455114,0.06872283196087998,5.252485564955587,0.016989407918074056,5.788824397844306,0.012541387193873026,2.9521300536589226,0.1347220474539849,3.3559560033235916,0.10575044734953551,4.3863395182591045,0.07343615702914129,2.000329359275366,0.27438660165280193,7.0,7.0,7.0,7.0,28.0,28.0,28.0,28.0,141.0,281.0,141.0,281.0,113.0,321.0,113.0,321.0,113.0,113.0,,,,,,,,,,,,,,,,,,,,,,,,,,,,,,,,,,,,,,,,,,,,,,
q12_rho1.00_sensing_b12,12,1.0,sensing,12,10,0,38,cost2,mem1,gru-w4-l0.01-h1,gru-w4-l0.01-h1|gru-w4-l0.01-h1|gru-w4-l0.01-h1|gru-w4-l0.01-h1|gru-w4-l0.01-h1,4.852806904371856,0.04236205184799342,0.9868421052631579,4.852806904371856,7.239291345597568,3.8878403895294475,37.42862367259858,0.0346294043551986,2.6772802398122577,3.6967929784838924,1.8322467537096816,37.99010163471059,0.027412343506406107,4.126929648007075,6.106942637552189,3.180517938311569,37.748540441400955,0.031723772980662625,4.6352160177599275,6.906356656390463,3.674708368092442,37.53876489165666,0.03373245799748929,4.483601990348047,5.141744099573927,0.17021236970008402,,,,,,,,,,0.0,,,,,,,,,,,,,,,,,,,,,,,,,,,,,,,,,,,,,,,,,,,,,,,,,,,,,,,0.0,0.6931471805599454,4.852806904371856,0.04236205184799342,1.9078953372916652,0.2838067189269614,0.0,116.0,116.0,,,,,,,,,,,,,,,,,,,,,,,,,,,,,,,,,,,,,
q12_rho1.00_sensing_b12,12,1.0,sensing,12,10,0,38,cost2,mem2,gru-w4-l0.01-h2,gru-w4-l0.01-h2|gru-w4-l0.01-h2|gru-w4-l0.01-h2|gru-w4-l0.01-h2|gru-w4-l0.01-h2,5.222899070722348,0.029476184811771902,1.0,5.222899070722348,7.900357869146232,4.248851065463603,37.73104320359699,0.029969287115372594,2.731119831880361,3.7796688977459985,1.880867890318112,37.99737170011495,0.026676856217563993,4.32799623015582,6.488868585695246,3.3723054205590115,37.89806151728881,0.028539245315363813,4.945404436442231,7.473272481610742,3.975674439900214,37.79176711024973,0.029516685530921558,4.869577241932482,5.52517914214305,0.17139663607108557,,,,,,,,,,0.0,,,,,,,,,,,,,,,,,,,,,,,,,,,,,,,,,,,,,,,,,,,,,,,,,,,,,,,,,,,,,,,,0.0,0.6931471805599454,5.222899070722348,0.029476184811771902,2.4510284613639386,0.20249307358684218,0.0,116.0,116.0,,,,,,,,,,,,,,,,,,,,,,,,,,,,
q12_rho1.00_sensing_b12,12,1.0,sensing,12,10,0,38,cost2,mem4,gru-w4-l0.01-h4,gru-w4-l0.01-h4|gru-w4-l0.01-h4|gru-w4-l0.01-h4|gru-w4-l0.01-h4|gru-w4-l0.01-h4,5.309935941827402,0.022747205242606025,1.0,5.309935941827402,8.257947245754997,4.329612350397717,37.744564409905664,0.03490979577744619,2.7576494317967417,3.826649568918124,1.903845937728158,37.99851951448702,0.02697000956683412,4.400463491001268,6.71813151082789,3.4380901931275227,37.91806836949159,0.031108883242000795,5.029727022228517,7.791705996296926,4.0535243582108285,37.81180827400201,0.033649163875762035,4.982468013495526,5.559686605828543,0.1455163609951164,,,,,,,,,,0.0,,,,,,,,,,,,,,,,,,,,,,,,,,,,,,,,,,,,,,,,,,,,,,,,,,,,,,,,,,,,,,,,,,,,,,,,,0.0,0.6931471805599454,5.309935941827402,0.022747205242606025,2.7812905792827523,0.1616444447972362,0.0,116.0,116.0,,,,,,,,,,,,,,,,,,,
q12_rho1.00_sensing_b12,12,1.0,sensing,12,1,0,38,cost2,main,flat-w4-l0.01,flat-w4-l0.01|quadratic-l1|quadratic-l1|flat-w4-l0.01|quadratic-l0.1,0.06963995037432158,0.6704199675494111,0.5921052631578947,0.06963995037432158,0.07068463223105073,0.11604859993843344,23.49999545087438,0.08813817335512526,0.07818655830571496,0.07834987914405296,0.09636883339698706,25.382692365295053,0.07858538205702438,0.07126845192646666,0.07208622523767964,0.11225735352619186,23.83857735925704,0.0863531373791676,0.0700573359119568,0.07104107573033645,0.11507185302087707,23.586155089664402,0.08768100864429426,-0.24230261342545242,0.35991642310604344,0.14998228989615325,0.0,0.6931471805599454,,,,,0.0,,,0.0,-0.13729580465365238,0.6851685177577579,0.016130589327301294,0.6745185703259523,0.015442808614591784,0.6877892645436021,0.004636180437533727,0.6919656536249301,0.04743913606535939,0.7444466168438438,0.27433458050473664,0.6487884805503589,0.1715529721154974,0.6532434003466291,0.038677260895859635,0.683545124291404,0.17786858440648348,0.6522545836715005,0.1459574309733414,0.6681306193483462,0.01907595779517239,0.6881550185262227,0.037883087037201016,0.6834622853427023,0.0573517205053132,0.6771817826746854,0.036914089403280594,0.68198309660465,0.0017076960879216303,0.6927220584860055,0.0011687106101488493,0.6928499670892095,0.004526847301283811,0.6919538562955909,1.0652479951321259e-05,0.693144375324276,7.0,7.0,7.0,7.0,28.0,28.0,28.0,28.0,33.0,65.0,33.0,65.0,113.0,321.0,113.0,321.0,113.0,113.0,,,,,,,,,,,,,,,,,,,,,,,,,,,,,,,,,,,,,,,,,,,,,,
q12_rho1.00_sensing_b12,12,1.0,sensing,12,5,0,38,cost2,main,linear-l0.01,linear-l0.01|linear-l0.01|linear-l0.01|linear-l0.01|quadratic-l0.01,7.391955921818344,0.07432165120997418,0.9868421052631579,7.391955921818344,9.321015640419878,6.448513136503619,16.295130171515115,0.14444555528858555,2.6024458305211517,3.5462115234695233,1.7720758287900906,35.533359122650346,0.054157247336526194,4.604190035729768,6.289826991033454,3.6775579130388287,21.798122102349133,0.11369896402896322,6.122474676639539,7.987920727903495,5.18298535852896,17.664058079061334,0.1357265265463332,6.19601667099228,8.596793442263237,0.6207099433600113,0.0,0.6931471805599454,,,,,0.0,,,0.0,7.034074749120409,0.07597979574097406,3.4123124104016473,0.1719258819209722,1.3028778993385393,0.40223586548786217,0.24620074484061938,0.6322132558158164,9.545726561325012,0.04909898940320231,5.10181344828289,0.0931978759146882,2.474688129408739,0.2304415068356653,0.7790700385752585,0.5065481447698574,4.301432920267062,0.13118179988666845,4.83421504185758,0.12110889110080207,2.8782691135970184,0.17456312343180205,3.258187057802576,0.15595505030735715,4.706453202188999,0.11497825736327978,5.263721292977959,0.10096281173206989,2.4312053920811856,0.2272417106300662,2.6638434042349663,0.21274518647718954,3.0718541367416594,0.19600583059461668,0.8361354978528589,0.4953126336947902,7.0,7.0,7.0,7.0,28.0,28.0,28.0,28.0,81.0,161.0,81.0,161.0,113.0,321.0,113.0,321.0,113.0,113.0,,,,,,,,,,,,,,,,,,,,,,,,,,,,,,,,,,,,,,,,,,,,,,
q12_rho1.00_sensing_b12,12,1.0,sensing,12,10,0,38,endpoint,main,quadratic-l0.1,quadratic-l0.1|quadratic-l0.01|quadratic-l0.1|quadratic-l0.1|quadratic-l0.01,0.3429867131368814,0.3501604674230639,0.8947368421052632,,,,,,,,,,,,,,,,,,,,,0.21864936505399524,0.4515422284868554,0.059893561671458546,0.0,0.6931471805599454,,,,,0.0,,,0.0,0.21995162386946318,0.4731955566904821,0.216434477938206,0.4767127026217391,0.11348027488975765,0.5796669056701876,0.01889641273951793,0.6742507678204275,0.38091957291986217,0.31222760764008317,0.33300942929860217,0.3601377512613431,0.20294777811745618,0.49019940244248916,0.04651738195817658,0.6466297986017687,,,,,,,,,,,,,,,,,,,,,3.0,3.0,3.0,3.0,6.0,6.0,6.0,6.0,,,,,,,,,,,,,,,,,,,,,,,,,,,,,,,,,,,,,,0.10221123405971691,0.3429867131368814,0.0,0.3429867131368814,0.0,0.3429867131368814,0.0,0.3882412448402423,0.304905935719703,0.3694880176511526,0.3236591629087927,0.27528027989801207,0.4178669006619333,0.27073374412530415,0.4224134364346412,17.0,33.0,17.0,33.0
q12_rho1.00_sensing_b12,12,1.0,sensing,12,1,0,38,endpoint,main,quadratic-l0.01,quadratic-l0.1|quadratic-l0.01|quadratic-l0.01|mlp-w4-l0.01|mlp-w4-l0.01,0.015238730475436557,0.6779084500845087,0.6447368421052632,,,,,,,,,,,,,,,,,,,,,-0.02107089546288347,0.05345560356673502,0.019159536333029897,0.0,0.6931471805599454,,,,,0.0,,,0.0,-0.014904129129912388,0.7080513096898577,-0.007504205442462598,0.7006513860024078,0.0018297039492286085,0.6913174766107166,0.000624082487849725,0.6925230980720954,0.025178242289450842,0.6679689382704944,0.01652366460051644,0.6766235159594288,0.009156534232607462,0.6839906463273377,0.0025675660900389185,0.6905796144699063,,,,,,,,,,,,,,,,,,,,,3.0,3.0,3.0,3.0,6.0,6.0,6.0,6.0,,,,,,,,,,,,,,,,,,,,,,,,,,,,,,,,,,,,,,0.24161357944916093,0.015238730475436557,0.0,0.015238730475436557,0.0,0.015238730475436557,0.0,0.015926066357888725,0.6772211142020566,0.016343885859168204,0.676803294700777,0.00988907679411594,0.6832581037658293,0.004641694357837486,0.6885054862021079,17.0,33.0,17.0,33.0
q12_rho1.00_sensing_b12,12,1.0,sensing,12,2,0,38,endpoint,main,linear-l0.1,linear-l0.1|quadratic-l0.1|linear-l0.1|linear-l0.1|linear-l0.1,0.17693722250225255,0.5162099580576928,0.7894736842105263,,,,,,,,,,,,,,,,,,,,,0.08376892189054887,0.263208401213438,0.046881382495730914,0.0,0.6931471805599454,,,,,0.0,,,0.0,0.17534197532239135,0.517805205237554,0.17394528074640395,0.5192018998135413,0.09142359436167184,0.6017235861982734,0.015258490888360487,0.6778886896715848,0.16598830652543206,0.5271588740345132,0.18517624134115462,0.5079709392187907,0.13885261056325418,0.5542945699966911,0.03429049553931549,0.6588566850206298,,,,,,,,,,,,,,,,,,,,,3.0,3.0,3.0,3.0,6.0,6.0,6.0,6.0,,,,,,,,,,,,,,,,,,,,,,,,,,,,,,,,,,,,,,0.16812825940922602,0.17693722250225255,0.0,0.17693722250225255,0.0,0.17693722250225255,0.0,0.17559659983043527,0.51755058072951,0.17784993745350403,0.5152972431064413,0.1619178546452145,0.5312293259147308,0.16396805715543233,0.5291791234045129,17.0,33.0,17.0,33.0
q12_rho1.00_sensing_b12,12,1.0,sensing,12,3,0,38,endpoint,main,mlp-w4-l0.01,mlp-w4-l0.01|quadratic-l0.1|quadratic-l0.01|linear-l0.01|linear-l0.1,0.20043142481584034,0.49271575574410503,0.8157894736842105,,,,,,,,,,,,,,,,,,,,,-0.010888714483706069,0.3684693936194441,0.09876653409621763,0.0,0.6931471805599454,,,,,0.0,,,0.0,0.22518785231496408,0.4679593282449812,0.2329994628624595,0.46014771769748586,0.12141594850133412,0.5717312320586112,0.020263652646199587,0.6728835279137456,0.28194948483166615,0.4111976957282792,0.26956871847178704,0.4235784620881582,0.18994149416929015,0.5032056863906551,0.046268732974793156,0.6468784475851522,,,,,,,,,,,,,,,,,,,,,3.0,3.0,3.0,3.0,6.0,6.0,6.0,6.0,,,,,,,,,,,,,,,,,,,,,,,,,,,,,,,,,,,,,,0.13800504131272798,0.20043142481584034,0.0,0.20043142481584034,0.0,0.20043142481584034,0.0,0.2767185556353497,0.4164286249245954,0.27228694338665765,0.4208602371732876,0.24899729204342924,0.4441498885165159,0.24840899274277495,0.4447381878171702,17.0,33.0,17.0,33.0
q12_rho1.00_sensing_b12,12,1.0,sensing,12,4,0,38,endpoint,main,quadratic-l0.1,quadratic-l0.1|quadratic-l0.1|quadratic-l0.1|quadratic-l0.1|quadratic-l0.1,0.2281316938182049,0.46501548674174037,0.8157894736842105,,,,,,,,,,,,,,,,,,,,,0.11123993412002064,0.3342927354729572,0.05743358042544301,0.0,0.6931471805599454,,,,,0.0,,,0.0,0.1622327236678394,0.5309144568921059,0.17319344944013254,0.5199537311198128,0.09751519218693899,0.5956319883730062,0.016518294073753603,0.6766288864861917,0.25792628095036,0.43522089960958543,0.2281316938182049,0.46501548674174037,0.15672062328020694,0.5364265572797385,0.038680513778925896,0.6544666667810194,,,,,,,,,,,,,,,,,,,,,3.0,3.0,3.0,3.0,6.0,6.0,6.0,6.0,,,,,,,,,,,,,,,,,,,,,,,,,,,,,,,,,,,,,,0.14106969988341742,0.2281316938182049,0.0,0.2281316938182049,0.0,0.2281316938182049,0.0,0.28532615186778426,0.407821028692161,0.2680036299340695,0.4251435506258757,0.2025718560632833,0.490575324496662,0.19876095591220877,0.49438622464773646,17.0,33.0,17.0,33.0
q12_rho1.00_sensing_b12,12,1.0,sensing,12,5,0,38,endpoint,main,quadratic-l0.1,quadratic-l0.1|quadratic-l0.1|linear-l0.1|linear-l0.1|quadratic-l0.1,0.28797391605714573,0.4051732645027996,0.8421052631578947,,,,,,,,,,,,,,,,,,,,,0.14576969328888206,0.39726758423590414,0.06439496036256756,0.0,0.6931471805599454,,,,,0.0,,,0.0,0.2742549330705862,0.4188922474893592,0.27266974298897895,0.42047743757096645,0.14092481255123113,0.5522223680087143,0.023422644759162104,0.6697245358007832,0.3016612283149992,0.3914859522449461,0.30769581037232807,0.3854513701876172,0.2190453580174927,0.47410182254245264,0.05270558831232525,0.6404415922476201,,,,,,,,,,,,,,,,,,,,,3.0,3.0,3.0,3.0,6.0,6.0,6.0,6.0,,,,,,,,,,,,,,,,,,,,,,,,,,,,,,,,,,,,,,0.11902940233503671,0.28797391605714573,0.0,0.28797391605714573,0.0,0.28797391605714573,0.0,0.31923973121061955,0.3739074493493258,0.30774391699528164,0.38540326356466376,0.2786642789501494,0.41448290160979573,0.2800142240936719,0.41313295646627335,17.0,33.0,17.0,33.0
q12_rho1.00_sensing_b12,12,1.0,sensing,12,6,0,38,endpoint,main,mlp-w4-l0.01,mlp-w4-l0.01|quadratic-l0.1|quadratic-l0.1|linear-l0.1|mlp-w4-l0.01,0.2810083699593292,0.4121388106006161,0.8421052631578947,,,,,,,,,,,,,,,,,,,,,0.1439128129115083,0.3995680029445333,0.0650434858302623,0.0,0.6931471805599454,,,,,0.0,,,0.0,0.1906789618016668,0.5024682187582785,0.20977145437415126,0.483375726185794,0.11691509554210186,0.5762320850178435,0.01979798076885901,0.6733491997910862,0.25449427841047473,0.43865290214947067,0.26208038134844847,0.43106679921149693,0.18689777199669175,0.5062494085632534,0.045108525295359955,0.6480386552645854,,,,,,,,,,,,,,,,,,,,,3.0,3.0,3.0,3.0,6.0,6.0,6.0,6.0,,,,,,,,,,,,,,,,,,,,,,,,,,,,,,,,,,,,,,0.1230428974605157,0.2810083699593292,0.0,0.2810083699593292,0.0,0.2810083699593292,0.0,0.3127860699602579,0.3803611105996873,0.30266427938233187,0.3904829011776135,0.23305348953193938,0.4600936910280058,0.2304511238514025,0.4626960567085428,17.0,33.0,17.0,33.0
q12_rho1.00_sensing_b12,12,1.0,sensing,12,7,0,38,endpoint,main,quadratic-l0.1,linear-l0.1|quadratic-l0.1|quadratic-l0.01|linear-l0.01|quadratic-l0.1,0.299790193970432,0.3933569865895134,0.8289473684210527,,,,,,,,,,,,,,,,,,,,,0.17342435846541768,0.41165740662651285,0.06161433872523784,0.0,0.6931471805599454,,,,,0.0,,,0.0,0.26745484032086336,0.4256923402390818,0.2583181619397898,0.4348290186201553,0.13356309817922085,0.5595840823807245,0.022232987374994934,0.6709141931849505,0.31797674098260775,0.37517043957733753,0.3074785991095033,0.3856685814504419,0.21227033990021052,0.4808768406597347,0.05071637372954461,0.6424308068304008,,,,,,,,,,,,,,,,,,,,,3.0,3.0,3.0,3.0,6.0,6.0,6.0,6.0,,,,,,,,,,,,,,,,,,,,,,,,,,,,,,,,,,,,,,0.11716190684098714,0.299790193970432,0.0,0.299790193970432,0.0,0.299790193970432,0.0,0.34318430008623063,0.3499628804737147,0.33928323518003295,0.3538639453799123,0.25880491706889436,0.434342263491051,0.26120473353826834,0.431942447021677,17.0,33.0,17.0,33.0
q12_rho1.00_sensing_b12,12,1.0,sensing,12,8,0,38,endpoint,main,linear-l0.1,linear-l0.1|quadratic-l0.1|mlp-w4-l0.01|quadratic-l0.1|linear-l0.1,0.3111217636613911,0.3820254168985542,0.868421052631579,,,,,,,,,,,,,,,,,,,,,0.17634732482676943,0.4197252987901564,0.062446754497380304,0.0,0.6931471805599454,,,,,0.0,,,0.0,0.2209956516733861,0.4721515288865591,0.2528484218541075,0.44029875870583773,0.14012224139097915,0.5530249391689661,0.023743473700656992,0.6694037068592884,0.31124197179444824,0.38190520876549716,0.30590091995891167,0.3872462606010336,0.22053540895241977,0.4726117716075255,0.053540923702797893,0.6396062568571474,,,,,,,,,,,,,,,,,,,,,3.0,3.0,3.0,3.0,6.0,6.0,6.0,6.0,,,,,,,,,,,,,,,,,,,,,,,,,,,,,,,,,,,,,,0.10896316881987808,0.3111217636613911,0.0,0.3111217636613911,0.0,0.3111217636613911,0.0,0.3180170996639242,0.3751300808960211,0.30800808405211116,0.3851390965078341,0.2673480048887331,0.42579917567121217,0.26669137720045494,0.4264558033594903,17.0,33.0,17.0,33.0
q12_rho1.00_sensing_b12,12,1.0,sensing,12,9,0,38,endpoint,main,quadratic-l0.1,quadratic-l0.1|quadratic-l0.1|linear-l0.1|quadratic-l0.1|quadratic-l0.1,0.2843907867976665,0.4087563937622788,0.8552631578947368,,,,,,,,,,,,,,,,,,,,,0.1672667680089827,0.38560341934641146,0.055527169375820334,0.0,0.6931471805599454,,,,,0.0,,,0.0,0.24848557879003624,0.44466160176990893,0.2474270836643361,0.44572009689560915,0.13240763506010853,0.5607395454998368,0.022176420089338067,0.6709707604706072,0.29877439119988275,0.3943727893600626,0.2957817379923131,0.39736544256763223,0.20905887848799284,0.4840883020719525,0.05063717728372494,0.6425100032762203,,,,,,,,,,,,,,,,,,,,,3.0,3.0,3.0,3.0,6.0,6.0,6.0,6.0,,,,,,,,,,,,,,,,,,,,,,,,,,,,,,,,,,,,,,0.12256943595295688,0.2843907867976665,0.0,0.2843907867976665,0.0,0.2843907867976665,0.0,0.3085228005624292,0.3846243799975162,0.30243323437465436,0.39071394618529093,0.251936796502287,0.44121038405765833,0.2531903131823433,0.439956867377602,17.0,33.0,17.0,33.0
q12_rho1.00_sensing_b12,12,1.0,sensing,12,10,0,38,mixture,diag,quadratic-l0.01,quadratic-l0.01|quadratic-l0.01|linear-l0.01|linear-l0.01|quadratic-l0.01,5.737614559243297,0.3713979785386923,0.8486842105263158,5.737614559243297,6.1581188903163735,5.076743242082522,35.38647512856533,0.0409843009534186,1.6066855184537545,1.9618957302291062,0.9820572377748015,36.53727869700867,0.03780649648753947,3.0903858113612777,3.4990691762859147,2.435663824231576,35.62404863995368,0.04039333152244548,4.453306849161717,4.870801145293353,3.793985486372282,35.44815650122833,0.040833171781501046,4.917729475906471,6.653183717686534,0.447916789323014,0.0,0.6931471805599453,,,,,0.0,,,0.0,4.203289208120275,0.38448543696505283,1.9112382673927373,0.4329133562144571,0.6796290703585658,0.5506070424473496,0.11658699115092101,0.6646873077568975,6.538508598298166,0.3580867238183492,3.011891661395965,0.38873738089120397,1.3914483048200585,0.4599444078738429,0.3976844358884131,0.6019808445957193,,,,,,,,,3.1192263016436135,0.3761974808013737,,,1.268441341408315,0.4685906285220444,,,,,,,7.0,7.0,7.0,7.0,28.0,28.0,28.0,28.0,,,,,113.0,,113.0,,,,,,,,,,,,,,,,,,,,,,,,,,,,,,,,,,,,,,,,,,,,,,,,,
q12_rho1.00_sensing_b12,12,1.0,sensing,12,1,0,38,mixture,diag,quadratic-l0.1,quadratic-l10|quadratic-l0.1|constant|gru-w4-l0.01|quadratic-l0.1,-0.002959713559906944,0.694639374006182,0.46710526315789475,-0.002959713559906944,-0.0029377278200729585,0.0036860511235453607,37.04716938891007,0.03750046459380001,-0.003715213196711928,-0.003693758286033256,0.0028496567365250297,37.06235804141658,0.037358846683918,-0.003087591949030513,-0.0030656920146055542,0.0035451629869744307,37.04963748332958,0.037477519370711726,-0.0029919480325049535,-0.0029699837751557545,0.0036505618691906883,37.047787791617935,0.0374947179113527,-0.052791899954687665,0.045461496471617624,0.025287836848101913,0.0,0.6931471805599453,,,,,0.0,,,0.0,-0.037662914307658085,0.6991966007027209,-0.00281919712458324,0.6923953280262878,0.0018985429253258045,0.6925394484382591,0.0008468246746004636,0.6929347143544056,0.020794378038279573,0.6953276046185516,0.043080734637840734,0.6868511784038404,0.03262877513602204,0.6857304560908093,0.007250704926982943,0.6913643447791098,,,,,,,,,-0.003052019584175795,0.6938901236734004,,,-0.00015211706532471187,0.6931846842149968,,,,,,,7.0,7.0,7.0,7.0,28.0,28.0,28.0,28.0,,,,,113.0,,113.0,,,,,,,,,,,,,,,,,,,,,,,,,,,,,,,,,,,,,,,,,,,,,,,,,
q12_rho1.00_sensing_b12,12,1.0,sensing,12,5,0,38,mixture,diag,linear-l0.01,linear-l0.01|quadratic-l0.01|linear-l0.01|linear-l0.01|linear-l0.01,3.261278301479566,0.4472635822069699,0.7894736842105263,3.261278301479566,3.50703961303053,2.71353560294216,31.894944210640343,0.06347943855643488,1.289593563926625,1.5064060697044597,0.7669826562232732,33.13279671148252,0.06013430874790955,2.2343999287503067,2.4750734964851926,1.6908940587523718,32.122636364169075,0.06288971814751877,2.8378782938286324,3.0823503679330533,2.291202379458122,31.95300360589734,0.06332991645936148,2.784936419641429,3.7162000242953894,0.237066015980988,0.0,0.6931471805599453,,,,,0.0,,,0.0,3.018461171746915,0.4440942301839801,1.5487301590333928,0.4793585004977024,0.5459075934283133,0.5788763221516201,0.09199337582704102,0.6707047449702038,4.023365026890055,0.4312346064308546,2.3877538739893907,0.4446960860868505,1.1233316236620408,0.5049524833056431,0.31085543062594406,0.6219846007595278,,,,,,,,,2.1592330002545355,0.46549250495071304,,,0.8692801129329599,0.5310866215229587,,,,,,,7.0,7.0,7.0,7.0,28.0,28.0,28.0,28.0,,,,,113.0,,113.0,,,,,,,,,,,,,,,,,,,,,,,,,,,,,,,,,,,,,,,,,,,,,,,,,
q12_rho1.00_sensing_b12,12,1.0,sensing,12,10,0,38,pathinfo,diag,quadratic-l0.1,gru-w4-l0.01|quadratic-l0.1|quadratic-l0.1|linear-l0.01|quadratic-l0.1,0.3846583764434226,0.3084888041165227,0.9078947368421053,,,,,,,,,,,,,,,,,,,,,0.21065953234211432,0.5384203959481833,0.08369026938634753,0.0,0.6931471805599454,,,,,0.0,,,0.0,0.37662065515988097,0.3165265254000643,0.3346311121497019,0.3585160684102434,0.20205508146516232,0.4910920990947829,0.0430586111900525,0.6500885693698928,0.4276053342571403,0.265541846302805,0.4607422592221859,0.23240492133775914,0.3431329453355665,0.35001423522437886,0.138470584726665,0.5546765958332802,,,,,,,,,0.41219456601280696,0.2809526145471382,,,0.3442526720709025,0.34889450848904285,,,,,,,7.0,7.0,7.0,7.0,28.0,28.0,28.0,28.0,,,,,113.0,,113.0,,,,,,,,,,,,,,,,,,,,,,,,,,,,,,,0.08047753496041339,0.3846583764434226,0.0,0.3846583764434226,0.0,0.3846583764434226,0.0,,,,,,,,,,,,
q12_rho1.00_sensing_b12,12,1.0,sensing,12,1,0,38,pathinfo,diag,quadratic-l1,quadratic-l1|constant|quadratic-l1|quadratic-l1|linear-l0.1,0.027508857956811596,0.6656383226031338,0.631578947368421,,,,,,,,,,,,,,,,,,,,,-0.007308354829388346,0.06152780067611223,0.017759252224973883,0.0,0.6931471805599454,,,,,0.0,,,0.0,0.0034948629336325372,0.6896523176263127,0.009408884661759992,0.6837382958981854,0.0033341153598926377,0.6898130652000526,0.0011046122235139797,0.6920425683364314,0.031794770816530954,0.6613524097434144,0.052559776303246444,0.6405874042566988,0.037364846547204816,0.6557823340127406,0.009729021095539088,0.6834181594644062,,,,,,,,,0.035255211633923776,0.6578919689260214,,,0.0008216563683229901,0.6923255241916224,,,,,,,7.0,7.0,7.0,7.0,28.0,28.0,28.0,28.0,,,,,113.0,,113.0,,,,,,,,,,,,,,,,,,,,,,,,,,,,,,,0.2354624853096396,0.027508857956811596,0.0,0.027508857956811596,0.0,0.027508857956811596,0.0,,,,,,,,,,,,
q12_rho1.00_sensing_b12,12,1.0,sensing,12,5,0,38,pathinfo,diag,quadratic-l0.1,quadratic-l0.1|quadratic-l0.1|linear-l0.1|linear-l0.1|quadratic-l0.1,0.3441040871671797,0.3490430933927657,0.881578947368421,,,,,,,,,,,,,,,,,,,,,0.17601607836905947,0.478531043037157,0.0778824556210795,0.0,0.6931471805599454,,,,,0.0,,,0.0,0.3304732213426444,0.36267395921730083,0.3249800396709069,0.3681671408890384,0.19541885189040298,0.4977283286695423,0.04160834593703448,0.6515388346229108,0.3607973452378738,0.3323498353220716,0.3907744996495789,0.30237268091036645,0.32021248729304813,0.37293469326689727,0.13162253008162947,0.5615246504783158,,,,,,,,,0.3379466779898011,0.3552005025701442,,,0.27627316284239845,0.4168740177175469,,,,,,,7.0,7.0,7.0,7.0,28.0,28.0,28.0,28.0,,,,,113.0,,113.0,,,,,,,,,,,,,,,,,,,,,,,,,,,,,,,0.09939446476350663,0.3441040871671797,0.0,0.3441040871671797,0.0,0.3441040871671797,0.0,,,,,,,,,,,,
q12_rho1.00_sensing_b3,12,1.0,sensing,3,10,0,38,cost0,direct,gru_direct-w4-l0.1-cap5,gru_direct-w4-l0.1-cap5|constant|gru_direct-w4-l0.1-cap5|gru_direct-w4-l0.1-cap5|constant,-0.08120936357371088,0.7020289858594757,0.5131578947368421,-0.08120936357371088,-0.07327378917526449,0.05011638224475824,21.524032484315438,0.16582848276965534,-0.04116798238521958,-0.0392905755318492,0.02136649605098287,29.40450938353991,0.11188240578299863,-0.07155853244799665,-0.0654864990612271,0.042726243311821246,23.267716161690768,0.15308063980437042,-0.07862218751143887,-0.07121362544201605,0.048091757787051756,21.980403020773306,0.16241640297763973,-0.4796881639435448,0.23601415011996812,0.17750995564243738,0.0,0.6931471805599454,-0.020293363450652052,0.6928724738916181,-0.06385093952878486,0.6978607559833762,0.0,113.0,113.0,0.0,,,,,,,,,,,,,,,,,,,,,,,,,,,,,,,,,,,,,,,,,,,,,,,,,,,,,,,,,,,,,,,,,,,,,,,,,,,,,,,,,,,,,,,,,,,,,,,,,,,,
q12_rho1.00_sensing_b3,12,1.0,sensing,3,10,0,38,cost0,main,linear-l0.1,linear-l0.1|constant|linear-l0.1|linear-l10|flat-w4-l0.01,0.02255383212098545,0.6955329859361046,0.5,0.02255383212098545,0.024312244372538018,-0.03558255265024209,37.337491641267206,0.035082917010734196,0.00918072772376564,0.010915656283966929,-0.048573868717117136,37.34956465846645,0.03503441815562868,0.019541402767138304,0.02129599862821794,-0.03853311797612615,37.33945512403391,0.03507509945655324,0.02175538884240786,0.023512844852046806,-0.03636550172648161,37.3379836686533,0.03508096053743832,-0.08010568976774805,0.17232431329945924,0.06438028103251558,0.0,0.6931471805599454,,,,,0.0,,,0.0,0.20225222809885582,0.7045438969656859,0.12881737015748537,0.6819289960248901,0.0477677478917074,0.6834078598129552,0.006937563573231553,0.6914568005961762,0.14581670221015178,0.7756067127308002,0.14863298035249387,0.7086785818434592,0.10641621680560917,0.6793403472838372,0.027924099060007677,0.6869184877997097,0.08231222161566473,0.681531789216081,0.027020010274797047,0.6916046289987804,0.04845044870245635,0.68336244991061,0.031239135640548425,0.6886715034595507,0.021118396738947144,0.6886492865191899,-0.012144388735510625,0.69595600335716,0.00541906550889488,0.6918630730675426,0.007837289730979469,0.6912521974484902,-0.00796062522882363,0.6945026426959922,-0.00028666960070459097,0.6932111982063754,7.0,7.0,7.0,7.0,28.0,28.0,28.0,28.0,141.0,281.0,141.0,281.0,113.0,321.0,113.0,321.0,113.0,113.0,,,,,,,,,,,,,,,,,,,,,,,,,,,,,,,,,,,,,,,,,,,,,,
q12_rho1.00_sensing_b3,12,1.0,sensing,3,10,0,38,cost0,mem1,gru-w4-l0.01-h1,gru-w4-l0.01-h1|constant-h1|gru-w4-l0.01-h1|gru-w4-l0.01-h1|constant-h1,0.04137856505802517,0.6866600798506987,0.5131578947368421,0.04137856505802517,0.042443672627637784,-0.004068364902762668,37.93047814303107,0.0275687023588989,0.034173005832229666,0.03523675059862114,-0.011245290787594777,37.930594599106776,0.027567875416530562,0.03998695558767631,0.041051844873921536,-0.0054553893753935935,37.930496802293234,0.027568569938990328,0.04102002754859073,0.042085080538963066,-0.0044257560317985355,37.930482808787104,0.02756866925001995,-0.0025311453059561136,0.12873518560776512,0.043999454561679134,,,,,,,,,,0.0,,,,,,,,,,,,,,,,,,,,,,,,,,,,,,,,,,,,,,,,,,,,,,,,,,,,,,,0.0,0.6931471805599454,0.09850769448905962,0.6759881450700672,0.0018600706396426812,0.6926843935968259,0.0,116.0,116.0,,,,,,,,,,,,,,,,,,,,,,,,,,,,,,,,,,,,,
q12_rho1.00_sensing_b3,12,1.0,sensing,3,10,0,38,cost0,mem2,constant-h2,gru-w4-l0.1-h2|constant-h2|gru-w4-l0.01-h2|gru-w4-l0.01-h2|constant-h2,0.01472277068723807,0.6928604135793389,0.5,0.01472277068723807,0.014733162347867933,0.019288573897168215,36.426648130588845,0.059008790319240445,0.006084771030972193,0.006087089437766679,0.008239643081474601,36.623934562174036,0.05672531647507452,0.012863417522770098,0.012872011584877274,0.01701500514623122,36.4613148617201,0.058617481374822034,0.01423472818235145,0.014244649606385513,0.01869587610277292,36.43543670436148,0.058909961307029135,-0.10640684256338916,0.15260516405872399,0.06194854620629349,,,,,,,,,,0.0,,,,,,,,,,,,,,,,,,,,,,,,,,,,,,,,,,,,,,,,,,,,,,,,,,,,,,,,,,,,,,,,0.0,0.6931471805599454,0.038895822990517956,0.6875200814932568,0.002076183912392729,0.6926407387237088,0.0,116.0,116.0,,,,,,,,,,,,,,,,,,,,,,,,,,,,
q12_rho1.00_sensing_b3,12,1.0,sensing,3,10,0,38,cost0,mem4,gru-w4-l0.01-h4,gru-w4-l0.01-h4|constant-h4|gru-w4-l0.01-h4|gru-w4-l0.01-h4|constant-h4,-0.007641400417503059,0.6971187541469588,0.5131578947368421,-0.007641400417503059,-0.007592815520385382,0.0022484901150069347,33.62581123348946,0.08260299264082595,-0.014044974843037005,-0.014044433262453165,-0.013003863466874738,34.64471508606879,0.07443201048632181,-0.009343761054467372,-0.00930996511487819,-0.0010997869589987567,33.82100553100625,0.0810955632556315,-0.008104355337605609,-0.00805980829483038,0.0013643323605348507,33.675982384791126,0.08221775443609573,-0.18901457013984702,0.17448171490961997,0.08630315778479436,,,,,,,,,,0.0,,,,,,,,,,,,,,,,,,,,,,,,,,,,,,,,,,,,,,,,,,,,,,,,,,,,,,,,,,,,,,,,,,,,,,,,,0.0,0.6931471805599454,0.028362172537702686,0.6892079257039443,0.003196019770649185,0.6923736382472812,0.0,116.0,116.0,,,,,,,,,,,,,,,,,,,
q12_rho1.00_sensing_b3,12,1.0,sensing,3,1,0,38,cost0,main,constant,constant|linear-l0.1|constant|constant|flat-w8-l0.1,-0.011128309896223376,0.6960959791020789,0.4868421052631579,-0.011128309896223376,-0.011126726755945362,-0.009347849761900142,37.98046623520873,0.02835395164227397,-0.011076701741906178,-0.01107511787735443,-0.009295834139737053,37.980485787872276,0.02835288804003474,-0.0111200115804995,-0.011118428324158791,-0.009339486144255527,37.98046936638693,0.028353781377729148,-0.01112623384397488,-0.011124650674674705,-0.009345757380343475,37.98046701810167,0.028353909072986346,-0.03611640097544185,0.009970163269275457,0.011872268546347587,0.0,0.6931471805599454,,,,,0.0,,,0.0,-0.10560225902181476,0.7250276011116129,-0.04101390522193484,0.7039604644987206,-0.00939480859292545,0.6954956204678386,-0.0014656269370694431,0.6935132897785724,-0.3861829690685483,0.847554978667657,-0.15307887290069014,0.7385274122789109,-0.04544653609171563,0.7048505695938282,-0.008243991017740412,0.6952111422714197,-0.05745699489886386,0.708610220425274,-0.07604429588501599,0.7130543804189147,-0.0021251205924463445,0.6936800540400272,-0.0059324280390235865,0.6946220294907364,-0.007637432996755528,0.695047891983273,-0.006142372703279591,0.694698921220182,-0.000548886499245861,0.6932830449381108,-0.0007920351538864717,0.6933475613560267,-0.001882076004182162,0.6936140970776745,-0.000433761484040799,0.693254551412962,7.0,7.0,7.0,7.0,28.0,28.0,28.0,28.0,33.0,65.0,33.0,65.0,113.0,321.0,113.0,321.0,113.0,113.0,,,,,,,,,,,,,,,,,,,,,,,,,,,,,,,,,,,,,,,,,,,,,,
q12_rho1.00_sensing_b3,12,1.0,sensing,3,5,0,38,cost0,main,flat-w4-l0.1,flat-w4-l0.1|flat-w4-l0.01|flat-w4-l0.01|linear-l0.1|flat-w4-l0.1,-0.025588222743334266,0.7029423188756592,0.4342105263157895,-0.025588222743334266,-0.023521634759887,-0.08850772328136358,34.14450441167194,0.04410543438232821,-0.024502494650723135,-0.022663078061954778,-0.08393585093570355,34.37436788678478,0.04361305351596847,-0.02533141471517829,-0.02330423260249849,-0.08766108179159272,34.18362149253091,0.04402383309711216,-0.025520345554446527,-0.023463726782014832,-0.0882911840071812,34.15437286565136,0.04408492871194794,-0.164899871333755,0.12479113670400604,0.07547777978015321,0.0,0.6931471805599454,,,,,0.0,,,0.0,-0.13557175034781074,0.743347036915862,-0.02909480759592642,0.7098930508966568,0.004202850488077763,0.6940613566345989,0.0011479112112281738,0.6929132065430574,-0.0965883798477671,0.8725823034925434,-0.09583197079241518,0.7601766407978033,0.0019252105617481995,0.705100436877514,0.006557212675506098,0.6926297767259266,-0.0950806296641534,0.7114748022682477,-0.11615411738302817,0.7154671098937005,0.004771398411296736,0.6924122529981593,0.004362685697692083,0.6930413277057115,-0.04727461782572393,0.7043082874176025,-0.07907861524971628,0.7112639628816525,-0.0020018329014751066,0.6936898777437278,-0.011293567372930668,0.6961504896268889,-0.01734824903718187,0.6972476096691025,-0.0011253207692240468,0.6934224326310655,7.0,7.0,7.0,7.0,28.0,28.0,28.0,28.0,81.0,161.0,81.0,161.0,113.0,321.0,113.0,321.0,113.0,113.0,,,,,,,,,,,,,,,,,,,,,,,,,,,,,,,,,,,,,,,,,,,,,,
q12_rho1.00_sensing_b3,12,1.0,sensing,3,10,0,38,cost2,direct,gru_direct-w4-l0.1-cap5,gru_direct-w4-l0.1-cap5|gru_direct-w4-l0.1-cap5|gru_direct-w4-l0.1-cap5|gru_direct-w4-l0.1-cap5|gru_direct-w4-l0.1-cap5,2.879289591095434,0.22474090646849976,0.9342105263157895,2.879289591095434,3.0505770947456288,3.58393309500003,1.2993030540340962,0.8769500427699269,2.149428404871356,2.3926753407929247,1.6037705086574072,5.831664634497475,0.3993653408170355,2.908855412077196,2.9094859096738874,2.8737639999267546,1.6751904940695843,0.771331006419413,2.9377268566905155,3.009676706188656,3.3664761423151783,1.378318932752403,0.8512645973258023,-0.2671072275090981,4.711839753610899,1.4413211931094636,0.0,0.6931471805599454,1.347095575276041,0.2614554798766184,2.879289591095434,0.22474090646849976,0.0,113.0,113.0,0.1,,,,,,,,,,,,,,,,,,,,,,,,,,,,,,,,,,,,,,,,,,,,,,,,,,,,,,,,,,,,,,,,,,,,,,,,,,,,,,,,,,,,,,,,,,,,,,,,,,,,
q12_rho1.00_sensing_b3,12,1.0,sensing,3,10,0,38,cost2,main,flat-w4-l0.01,flat-w4-l0.01|quadratic-l0.01|gru-w4-l0.01|flat-w4-l0.01|gru-w4-l0.01,5.205008319282648,0.24756524297095728,0.8947368421052632,5.205008319282648,5.339804096895797,4.771485347901164,2.9383182028321495,0.5337155163648304,2.0140109877241907,2.2546406117236337,1.4705420291022036,6.666247671741823,0.3091978748710447,3.307560460388854,3.477941924913466,2.831430738227647,3.416265618298057,0.4834324641885097,4.078913133826586,4.223551695632986,3.6328535554884316,3.0527852360173653,0.5205401323601352,3.474698033342748,7.099822564702376,0.9467731985216675,0.0,0.6931471805599454,,,,,0.0,,,0.0,5.16517051234481,0.30826400765616885,2.0403038622081,0.4174569695683207,0.5741264864784136,0.5761698320267655,0.09493873994728072,0.6701439855121242,7.964420969348046,0.24966814670833962,3.7378489412673948,0.3186970079958189,1.3494589973757285,0.46785886115225783,0.32631249958746134,0.6196420196249081,5.238042452327797,0.1444155745846972,6.313576968787487,0.14816489272923017,2.1680271803601627,0.31180632762422106,2.5093238757134735,0.29952528649099525,3.1693792820675606,0.26536932175005895,2.9806585564194656,0.27537489538403487,1.6339311615267418,0.39125768256948446,1.865880185844582,0.37799082802869055,0.9472409960719868,0.47751376094099496,0.20850936922458918,0.6449427436936022,7.0,7.0,7.0,7.0,28.0,28.0,28.0,28.0,141.0,281.0,141.0,281.0,113.0,321.0,113.0,321.0,113.0,113.0,,,,,,,,,,,,,,,,,,,,,,,,,,,,,,,,,,,,,,,,,,,,,,
q12_rho1.00_sensing_b3,12,1.0,sensing,3,10,0,38,cost2,mem1,gru-w4-l0.01-h1,gru-w4-l0.01-h1|gru-w4-l0.01-h1|gru-w4-l0.01-h1|gru-w4-l0.01-h1|gru-w4-l0.01-h1,3.141001645261936,0.31241778251009006,0.8947368421052632,3.141001645261936,3.731527255866439,2.4069050392666655,34.670890119555445,0.04262218169725044,1.8040593404419794,2.271939840566177,1.1201205927246352,36.557014296575915,0.03756574849573116,2.697098745527699,3.26452623580545,1.971552034078451,35.09181248735186,0.04162114948360725,3.0082399216228772,3.592851491769156,2.276297311424761,34.78116805800104,0.042363787040326326,2.4117890389241734,3.805395993939394,0.3522192263332318,,,,,,,,,,0.0,,,,,,,,,,,,,,,,,,,,,,,,,,,,,,,,,,,,,,,,,,,,,,,,,,,,,,,0.0,0.6931471805599454,3.141001645261936,0.31241778251009006,0.5506607278605066,0.5705058351694682,0.0,116.0,116.0,,,,,,,,,,,,,,,,,,,,,,,,,,,,,,,,,,,,,
q12_rho1.00_sensing_b3,12,1.0,sensing,3,10,0,38,cost2,mem2,gru-w4-l0.01-h2,gru-w4-l0.01-h2|gru-w4-l0.01-h2|gru-w4-l0.01-h2|gru-w4-l0.01-h2|gru-w4-l0.01-h2,4.38975960547354,0.20144018029824126,0.9342105263157895,4.38975960547354,5.363457903794386,3.5534051011299077,24.166118909739655,0.14000044825919986,2.247131343570166,2.9075771654181084,1.4892500612570299,31.76433284502117,0.0946457772364003,3.5800627405526417,4.48861435745343,2.757074339462551,25.886049747730862,0.12943363913420214,4.133502380527008,5.090268718170181,3.300501403975826,24.614956614816727,0.13719029899428917,3.6589115351152808,5.053231569010204,0.3540291940692254,,,,,,,,,,0.0,,,,,,,,,,,,,,,,,,,,,,,,,,,,,,,,,,,,,,,,,,,,,,,,,,,,,,,,,,,,,,,,0.0,0.6931471805599454,4.38975960547354,0.20144018029824126,1.168908835516352,0.4547234173464742,0.0,116.0,116.0,,,,,,,,,,,,,,,,,,,,,,,,,,,,
q12_rho1.00_sensing_b3,12,1.0,sensing,3,10,0,38,cost2,mem4,gru-w4-l0.01-h4,gru-w4-l0.01-h4|gru-w4-l0.01-h4|gru-w4-l0.01-h4|gru-w4-l0.01-h4|gru-w4-l0.01-h4,3.206172690565328,0.2004661158023205,0.9342105263157895,3.206172690565328,3.252993367379295,3.5441593836824663,1.170076568204117,0.9241747468555246,2.1848096436607256,2.5344753673131155,1.5635372084071462,4.265866348367106,0.4723657508432351,3.0127944330208236,3.0397018288517446,2.7983948951146025,1.3785657892023728,0.8507038233975055,3.170773648505871,3.1795756483445925,3.309385456098355,1.2131288706440828,0.9074958458484487,0.5389530732282578,4.842015917128147,1.2028939144272446,,,,,,,,,,0.0,,,,,,,,,,,,,,,,,,,,,,,,,,,,,,,,,,,,,,,,,,,,,,,,,,,,,,,,,,,,,,,,,,,,,,,,,0.0,0.6931471805599454,3.206172690565328,0.2004661158023205,1.57115756560255,0.3930428680544599,0.0,116.0,116.0,,,,,,,,,,,,,,,,,,,
q12_rho1.00_sensing_b3,12,1.0,sensing,3,1,0,38,cost2,main,linear-l0.01,linear-l0.01|flat-w4-l0.01|flat-w8-l0.1|flat-w8-l0.1|linear-l0.01,-0.05976732854635898,0.7077408244306267,0.4473684210526316,-0.05976732854635898,-0.05852427062436799,-0.00907423761457821,37.5056598088356,0.035516991428088146,-0.059248535196407145,-0.058018842636478676,-0.008833186442754392,37.51264866470935,0.03540195723420019,-0.05968347028348592,-0.05844257550707783,-0.009035232792024624,37.506792249839904,0.035498370923117584,-0.059746333185734,-0.0585038169437856,-0.009064470598191163,37.505943434465664,0.035512328519390866,-0.1141873701855727,-0.015362225650913785,0.025195787951166428,0.0,0.6931471805599454,,,,,0.0,,,0.0,-0.06878504735829212,0.7112754179457438,-0.032357440767266606,0.7013832945268854,-0.008495442496005982,0.6952665294038413,-0.001301886024135437,0.6934724360516087,-0.24971612710398203,0.7507167751107842,-0.11949920688259988,0.7230422680737133,-0.04094614877092008,0.7032831473631349,-0.0070196278107301285,0.6948962853561085,-0.061264952244332614,0.7086591168846283,-0.08311278841800718,0.7140140080283054,-0.001981746684602358,0.6936426724943245,-0.0038378228627343075,0.694090937051341,-0.007320777788941767,0.6949540854450372,-0.0033866996488031006,0.6939762106313849,-0.0004933741730981554,0.6932692683053931,-0.0006973886890871534,0.693323655888269,-0.0015404796462888976,0.6935293124260631,-0.0003792234889348241,0.693241104193322,7.0,7.0,7.0,7.0,28.0,28.0,28.0,28.0,33.0,65.0,33.0,65.0,113.0,321.0,113.0,321.0,113.0,113.0,,,,,,,,,,,,,,,,,,,,,,,,,,,,,,,,,,,,,,,,,,,,,,
q12_rho1.00_sensing_b3,12,1.0,sensing,3,5,0,38,cost2,main,flat-w4-l0.01,linear-l0.01|flat-w4-l0.01|flat-w4-l0.01|linear-l1|linear-l0.1,0.0967426456840147,0.6770203706632292,0.6052631578947368,0.0967426456840147,0.09707376087523069,0.0712290768317695,24.427923090226262,0.113910512640435,0.09643859750322367,0.09761623333587124,0.04868935114855446,26.93038014145165,0.09487331620882693,0.09641816039774866,0.09687914647935271,0.06636070914583149,24.91200955778218,0.11012311491434273,0.09664281221138742,0.09700559842732262,0.06994767310578667,24.55261904611336,0.11292990015154944,-0.2426163568080429,0.4173430660930141,0.16712186261303572,0.0,0.6931471805599454,,,,,0.0,,,0.0,0.4688825394925528,0.6479515894801547,0.30983623632181034,0.6489531358966427,0.10308226544446407,0.6717035241305535,0.016114685828468426,0.6892246926021768,0.6146762153332336,0.6663297167823623,0.42357634801192995,0.6504525678219127,0.21588466062537032,0.6579989986166717,0.05318302780612344,0.6811717517890494,0.16462483656199434,0.6539288685016621,0.1572293770190117,0.6572697939136475,0.12750602973988387,0.6655047647942031,0.16621846060935877,0.6598709813178665,0.17574912360629655,0.6623885634301934,0.22673974766290877,0.6588333113837045,0.037226358606682976,0.684242607708612,0.039971301392323834,0.683633085911746,0.004649855464294767,0.6913421057868396,0.0007321504064010459,0.6929659869107587,7.0,7.0,7.0,7.0,28.0,28.0,28.0,28.0,81.0,161.0,81.0,161.0,113.0,321.0,113.0,321.0,113.0,113.0,,,,,,,,,,,,,,,,,,,,,,,,,,,,,,,,,,,,,,,,,,,,,,
q12_rho1.00_sensing_b3,12,1.0,sensing,3,10,0,38,endpoint,main,linear-l0.01,linear-l0.1|linear-l0.01|linear-l0.01|linear-l0.01|linear-l0.01,0.29491805935003884,0.39822909340804846,0.8421052631578947,,,,,,,,,,,,,,,,,,,,,0.2058127277529724,0.38176970510839736,0.04521272500039809,0.0,0.6931471805599454,,,,,0.0,,,0.0,0.3251864693670374,0.3679606833910499,0.2188335720401696,0.4743136085197757,0.08522992195354984,0.6079172586063954,0.014043545129170084,0.6791036354307751,0.3444354605628547,0.34871168415220766,0.283455221502441,0.4096919590575043,0.14597992851677125,0.5471672520431741,0.0327088549450742,0.6604383256148709,,,,,,,,,,,,,,,,,,,,,3.0,3.0,3.0,3.0,6.0,6.0,6.0,6.0,,,,,,,,,,,,,,,,,,,,,,,,,,,,,,,,,,,,,,0.12568013040715795,0.29491805935003884,0.039473684210526314,0.294912887557537,0.05263157894736842,0.29491808702667516,0.013157894736842105,0.3454664151484986,0.3476807654114467,0.34616912482540085,0.34697805573454454,0.21423048254503468,0.4789166980149106,0.21848433680957569,0.47466284375036966,17.0,33.0,17.0,33.0
q12_rho1.00_sensing_b3,12,1.0,sensing,3,1,0,38,endpoint,main,mlp-w4-l0.1,mlp-w4-l0.1|mlp-w4-l0.1|mlp-w8-l0.1|constant|constant,-0.0015859614036852546,0.6947331419636307,0.47368421052631576,,,,,,,,,,,,,,,,,,,,,-0.004972106891803148,0.0011472086763637285,0.0015531999348010928,0.0,0.6931471805599454,,,,,0.0,,,0.0,-0.007178551878518208,0.7003257324384634,-0.0053286358769874835,0.6984758164369328,-0.0018991449713216286,0.6950463255312669,-0.00025566937558905333,0.6934028499355344,-0.03337246929011053,0.7265196498500558,-0.01663645440316004,0.7097836349631053,-0.004338225001031889,0.697485405560977,-0.0006313809153155763,0.693778561475261,,,,,,,,,,,,,,,,,,,,,3.0,3.0,3.0,3.0,6.0,6.0,6.0,6.0,,,,,,,,,,,,,,,,,,,,,,,,,,,,,,,,,,,,,,0.2507926321357146,-0.0015859614036852546,0.0,-0.0015859614036852546,0.0,-0.0015859614036852546,0.0,-0.003314128212597229,0.6964613087725425,-0.0016532380327607516,0.6948004185927061,-0.0018691522949801614,0.6950163328549256,-0.0010061787823537104,0.694153359342299,17.0,33.0,17.0,33.0
q12_rho1.00_sensing_b3,12,1.0,sensing,3,2,0,38,endpoint,main,linear-l0.01,linear-l0.01|mlp-w4-l0.01|constant|mlp-w4-l0.1|linear-l1,-0.003297529978908372,0.6964447105388537,0.5394736842105263,,,,,,,,,,,,,,,,,,,,,-0.018932509375999343,0.01089363466245338,0.007607282252801205,0.0,0.6931471805599454,,,,,0.0,,,0.0,9.252466224501785e-05,0.6930546558977002,-0.0019441779409418933,0.6950913585008871,0.0007887818676695299,0.6923583986922757,0.0002278301354260028,0.6929193504245192,-0.0470286069453196,0.7401757875052649,-0.016628261023258994,0.709775441583204,-0.0007200720433453799,0.6938672526032907,0.0004086699544710187,0.6927385106054743,,,,,,,,,,,,,,,,,,,,,3.0,3.0,3.0,3.0,6.0,6.0,6.0,6.0,,,,,,,,,,,,,,,,,,,,,,,,,,,,,,,,,,,,,,0.2515465169447895,-0.003297529978908372,0.0,-0.003297529978908372,0.0,-0.003297529978908372,0.0,-0.004334868123938467,0.6974820486838839,-0.007309303971598662,0.7004564845315441,0.007173556274404706,0.6859736242855405,0.0017740753701559957,0.6913731051897892,17.0,33.0,17.0,33.0
q12_rho1.00_sensing_b3,12,1.0,sensing,3,3,0,38,endpoint,main,mlp-w4-l0.01,mlp-w4-l0.01|quadratic-l0.01|mlp-w4-l0.01|mlp-w4-l0.01|mlp-w4-l0.01,-0.03973912328171879,0.732886303841664,0.5789473684210527,,,,,,,,,,,,,,,,,,,,,-0.16521259925884357,0.044344949534010754,0.057695703844880805,0.0,0.6931471805599454,,,,,0.0,,,0.0,-0.010437035706634396,0.7035842162665795,-0.012298674458723232,0.7054458550186686,-0.0038110117645645696,0.69695819232451,-0.0004671953178254099,0.6936143758777708,-0.0320332946585968,0.7251804752185421,-0.010649094580745687,0.7037962751406909,-0.004597551828747424,0.6977447323886927,-0.0006715313285659085,0.6938187118885113,,,,,,,,,,,,,,,,,,,,,3.0,3.0,3.0,3.0,6.0,6.0,6.0,6.0,,,,,,,,,,,,,,,,,,,,,,,,,,,,,,,,,,,,,,0.2543870123604799,-0.03973912328171879,0.0,-0.03973912328171879,0.0,-0.03973912328171879,0.0,0.011792272904576311,0.6813549076553689,-0.012351568473515206,0.7054987490334605,0.004330986154821673,0.6888161944051236,-0.0010213874233215058,0.6941685679832669,17.0,33.0,17.0,33.0
q12_rho1.00_sensing_b3,12,1.0,sensing,3,4,0,38,endpoint,main,linear-l0.01,constant|quadratic-l0.01|mlp-w4-l0.1|linear-l0.01|linear-l0.01,-0.11584987304547029,0.8089970536054155,0.4605263157894737,,,,,,,,,,,,,,,,,,,,,-0.3287961547267634,0.0007058977509763942,0.09832473413455159,0.0,0.6931471805599454,,,,,0.0,,,0.0,0.005168492548240302,0.6879786880117049,-0.00343581374619093,0.6965829943061361,-0.0010696620304932896,0.6942168425904386,-0.00010863183612298457,0.6932558123960684,-0.10090569865625472,0.7940528792162,-0.027643135481570186,0.7207903160415154,-0.004874025709705762,0.6980212062696511,-0.0005955978821312354,0.6937427784420767,,,,,,,,,,,,,,,,,,,,,3.0,3.0,3.0,3.0,6.0,6.0,6.0,6.0,,,,,,,,,,,,,,,,,,,,,,,,,,,,,,,,,,,,,,0.27215047357749156,-0.11584987304547029,0.0,-0.11584987304547029,0.0,-0.11584987304547029,0.0,-0.03738276964859458,0.7305299502085398,-0.04208974702405253,0.7352369275839978,0.0005191394974949783,0.6926280410624505,-0.0011952061231322879,0.6943423866830775,17.0,33.0,17.0,33.0
q12_rho1.00_sensing_b3,12,1.0,sensing,3,5,0,38,endpoint,main,linear-l1,mlp-w4-l0.1|mlp-w4-l0.01|linear-l1|constant|linear-l1,-0.009470772592763558,0.7026179531527089,0.5263157894736842,,,,,,,,,,,,,,,,,,,,,-0.0373474024879197,0.009729406356772842,0.012319787606138279,0.0,0.6931471805599454,,,,,0.0,,,0.0,0.011441817234715853,0.6817053633252295,0.010655419744948493,0.6824917608149969,0.008112565282953588,0.6850346152769917,0.0014688605542995494,0.6916783200056457,-0.03787330311506741,0.7310204836750127,0.0021920440687975403,0.6909551364911478,0.00975310758904578,0.6833940729708994,0.0030186149717503336,0.6901285655881949,,,,,,,,,,,,,,,,,,,,,3.0,3.0,3.0,3.0,6.0,6.0,6.0,6.0,,,,,,,,,,,,,,,,,,,,,,,,,,,,,,,,,,,,,,0.2542978084152763,-0.009470772592763558,0.0,-0.009470772592763558,0.0,-0.009470772592763558,0.0,-0.002511925474520104,0.6956591060344653,-0.006131213765720814,0.6992783943256661,0.008659295496498904,0.6844878850634464,0.004116087960567433,0.6890310925993779,17.0,33.0,17.0,33.0
q12_rho1.00_sensing_b3,12,1.0,sensing,3,6,0,38,endpoint,main,linear-l0.1,linear-l0.1|linear-l0.1|linear-l0.1|linear-l0.1|linear-l1,0.10811760644804808,0.5850295741118972,0.7105263157894737,,,,,,,,,,,,,,,,,,,,,0.058909711002037464,0.1629574875763951,0.026386646248760182,0.0,0.6931471805599454,,,,,0.0,,,0.0,0.1346887068716818,0.5584584736882634,0.12315254380199785,0.5699946367579474,0.06024456758175015,0.6329026129781952,0.01010095070176002,0.6830462298581853,0.13305404172251206,0.5600931388374333,0.13143355098811246,0.5617136295718329,0.08803513192911389,0.6051120486308313,0.021661331474258794,0.6714858490856865,,,,,,,,,,,,,,,,,,,,,3.0,3.0,3.0,3.0,6.0,6.0,6.0,6.0,,,,,,,,,,,,,,,,,,,,,,,,,,,,,,,,,,,,,,0.20112555801997603,0.10811760644804808,0.0,0.10811760644804808,0.0,0.10811760644804808,0.0,0.12332946979764403,0.5698177107623014,0.12591821875550882,0.5672289618044364,0.09635784419902607,0.5967893363609192,0.10380234202515311,0.5893448385347921,17.0,33.0,17.0,33.0
q12_rho1.00_sensing_b3,12,1.0,sensing,3,7,0,38,endpoint,main,linear-l0.1,linear-l0.1|linear-l0.1|linear-l0.1|linear-l1|linear-l0.1,0.10602855857450422,0.5871186219854411,0.6973684210526315,,,,,,,,,,,,,,,,,,,,,0.05147625031262486,0.16101531331766508,0.027813464007653946,0.0,0.6931471805599454,,,,,0.0,,,0.0,0.13498434855998429,0.5581628319999611,0.1240281122862164,0.5691190682737289,0.05923060627669618,0.6339165742832491,0.009812240729262305,0.683334939830683,0.1314700217295459,0.5616771588303994,0.1327971454963434,0.560350035063602,0.08808603131439226,0.6050611492455531,0.021201661725776397,0.6719455188341689,,,,,,,,,,,,,,,,,,,,,3.0,3.0,3.0,3.0,6.0,6.0,6.0,6.0,,,,,,,,,,,,,,,,,,,,,,,,,,,,,,,,,,,,,,0.20323858080461288,0.10602855857450422,0.0,0.10602855857450422,0.0,0.10602855857450422,0.0,0.11900237591777624,0.5741448046421691,0.1227386704202737,0.5704085101396716,0.09147209187268131,0.601675088687264,0.1029565093783882,0.5901906711815571,17.0,33.0,17.0,33.0
q12_rho1.00_sensing_b3,12,1.0,sensing,3,8,0,38,endpoint,main,linear-l0.01,linear-l0.01|linear-l0.01|linear-l0.01|linear-l0.1|linear-l0.01,0.23570979034207243,0.45743739021787294,0.7894736842105263,,,,,,,,,,,,,,,,,,,,,0.13204112484579966,0.33074368468001836,0.04967944303164291,0.0,0.6931471805599454,,,,,0.0,,,0.0,0.2591890631477126,0.4339581067422971,0.19765603124087616,0.495491149319069,0.08222986656358304,0.6109173139963623,0.01358693200247745,0.6795602485574678,0.2618032231788458,0.43134394578186463,0.2350390239300223,0.458108156629923,0.13033387163261215,0.5628133089273332,0.030147980143265796,0.6629992004166796,,,,,,,,,,,,,,,,,,,,,3.0,3.0,3.0,3.0,6.0,6.0,6.0,6.0,,,,,,,,,,,,,,,,,,,,,,,,,,,,,,,,,,,,,,0.1504973253112669,0.23570979034207243,0.0,0.2357073430736799,0.02631578947368421,0.23570979034207243,0.0,0.2583606136281446,0.43478656693180073,0.25909340696299077,0.4340537735969545,0.1798848304764963,0.5132623500834491,0.18472910146515018,0.5084180790947952,17.0,33.0,17.0,33.0
q12_rho1.00_sensing_b3,12,1.0,sensing,3,9,0,38,endpoint,main,linear-l0.01,linear-l0.01|linear-l0.01|linear-l0.01|linear-l0.01|quadratic-l0.01,0.4156627255615684,0.2774844302108462,0.8947368421052632,,,,,,,,,,,,,,,,,,,,,0.3170479054168284,0.5002780908217151,0.04647731085783194,0.0,0.6931471805599454,,,,,0.0,,,0.0,0.40969287101293406,0.2834542881333799,0.2826202198703047,0.4105269606896405,0.11488791882831356,0.5782592617316316,0.018774341357548255,0.674372839202397,0.4378930644969505,0.25525407461403704,0.3517586102073386,0.3413885703526067,0.18619002227189824,0.5069571582880471,0.042410510419600186,0.6507366701403451,,,,,,,,,,,,,,,,,,,,,3.0,3.0,3.0,3.0,6.0,6.0,6.0,6.0,,,,,,,,,,,,,,,,,,,,,,,,,,,,,,,,,,,,,,0.07967097199003208,0.4156627255615684,0.039473684210526314,0.4156536491899178,0.11842105263157894,0.4156627503325922,0.013157894736842105,0.4448126053585457,0.2483345752013995,0.445705518241268,0.2474416623186774,0.28976153839227664,0.40338564216766865,0.29614932028313773,0.3969978602768075,17.0,33.0,17.0,33.0
q12_rho1.00_sensing_b3,12,1.0,sensing,3,10,0,38,mixture,diag,gru-w4-l0.01,gru-w4-l0.01|quadratic-l0.1|quadratic-l0.01|gru-w4-l0.01|gru-w4-l0.01,1.9903809363288658,0.5749441557383983,0.7171052631578947,1.9903809363288658,2.117594164340741,1.566971765600436,33.60556345017223,0.04899686601978671,0.8316545937164483,0.9481337430378528,0.42332036648896165,34.41106934154199,0.04774706258462446,1.3144552361969446,1.4398541434422807,0.8935293679454838,33.74705608873877,0.04878651532512338,1.630457445204983,1.7572163239421765,1.2076677844374017,33.6409796119909,0.04894422021918514,1.3876246000789176,2.769439326130411,0.35156822282375844,0.0,0.6931471805599453,,,,,0.0,,,0.0,1.945725930161881,0.5616231121328537,0.7779095215813777,0.5900202377613774,0.21522120249430743,0.6487040047328003,0.03260055322220266,0.6852183759664298,3.0550057218109252,0.5771615857266583,1.431880826991053,0.5628838231198333,0.5256350906968437,0.6063552997421249,0.11809098566402496,0.66635135469811,,,,,,,,,1.5059993056845862,0.5204690864761196,,,0.39497339968551015,0.6130177732853321,,,,,,,7.0,7.0,7.0,7.0,28.0,28.0,28.0,28.0,,,,,113.0,,113.0,,,,,,,,,,,,,,,,,,,,,,,,,,,,,,,,,,,,,,,,,,,,,,,,,
q12_rho1.00_sensing_b3,12,1.0,sensing,3,1,0,38,mixture,diag,constant,constant|constant|constant|constant|constant,0.0,0.6931471805599453,0.5,0.0,0.0,0.0,38.0,0.02631578947368421,0.0,0.0,0.0,38.0,0.02631578947368421,0.0,0.0,0.0,38.0,0.02631578947368421,0.0,0.0,0.0,38.0,0.02631578947368421,0.0,0.0,0.0,0.0,0.6931471805599453,,,,,0.0,,,0.0,-0.043540107297355406,0.7046883307166577,-0.02325886334071889,0.6991653931080509,-0.006153049129714851,0.6947015412423826,-0.0009696640738990289,0.6933900689945937,-0.06991387697995664,0.7120174339329285,-0.06707760101903935,0.7108275743289608,-0.027134931241414556,0.7000709580367807,-0.005233628447701144,0.6944623286781472,,,,,,,,,-0.005191301877710296,0.6944475618392194,,,-0.0005120975177587519,0.6932739591415809,,,,,,,7.0,7.0,7.0,7.0,28.0,28.0,28.0,28.0,,,,,113.0,,113.0,,,,,,,,,,,,,,,,,,,,,,,,,,,,,,,,,,,,,,,,,,,,,,,,,
q12_rho1.00_sensing_b3,12,1.0,sensing,3,5,0,38,mixture,diag,linear-l0.1,linear-l0.1|linear-l1|linear-l1|linear-l0.1|linear-l0.1,0.07707421770109764,0.6809873899451638,0.5592105263157895,0.07707421770109764,0.07707428166971234,0.0774319434893729,36.172134637378946,0.046125649172443446,0.06178568612607105,0.06178634727420267,0.060636215433928435,36.24978437450993,0.045539077797893804,0.0738180394782358,0.07381804543197747,0.07392716486405161,36.18501326757783,0.04602885260926348,0.07621832480708894,0.0762183683996841,0.07651362525341965,36.175371178518496,0.04610134105834432,-0.01911402559921556,0.17486499631635574,0.04754329152306891,0.0,0.6931471805599453,,,,,0.0,,,0.0,0.18993330555548132,0.6818161386650005,0.14275298247905555,0.6726467742792778,0.045081336472124554,0.6834584937988777,0.006609807349526632,0.6915304646316212,0.22253914849558806,0.6959817209390529,0.18558736102013232,0.6794459524533198,0.09827425081637066,0.6764213842795168,0.02206165241744088,0.6880610353877831,,,,,,,,,0.014489414752317367,0.6912291685985048,,,0.012199383134953478,0.6902442172036083,,,,,,,7.0,7.0,7.0,7.0,28.0,28.0,28.0,28.0,,,,,113.0,,113.0,,,,,,,,,,,,,,,,,,,,,,,,,,,,,,,,,,,,,,,,,,,,,,,,,
q12_rho1.00_sensing_b3,12,1.0,sensing,3,10,0,38,pathinfo,diag,gru-w4-l0.01,gru-w4-l0.01|quadratic-l0.1|gru-w4-l0.01|gru-w4-l0.01|gru-w4-l0.01,0.3773810889396724,0.31576609162027297,0.868421052631579,,,,,,,,,,,,,,,,,,,,,0.2541344344204322,0.48692706719323436,0.06087609632680792,0.0,0.6931471805599454,,,,,0.0,,,0.0,0.33850945951148265,0.35463768286287706,0.24710461325966493,0.4460425673002803,0.10697104539688271,0.5861761351630627,0.020791797030468958,0.6723553835294764,0.3397983321121588,0.35334879739505903,0.32916118029128977,0.3639860002686555,0.20475544809429566,0.4883917324656497,0.06704627968975792,0.6261009008701873,,,,,,,,,0.3883476745906264,0.3047995059693189,,,0.27913502838885423,0.41401215217109116,,,,,,,7.0,7.0,7.0,7.0,28.0,28.0,28.0,28.0,,,,,113.0,,113.0,,,,,,,,,,,,,,,,,,,,,,,,,,,,,,,0.09683257472853952,0.3773810889396724,0.0,0.3773785809864896,0.02631578947368421,0.3773810889396724,0.0,,,,,,,,,,,,
q12_rho1.00_sensing_b3,12,1.0,sensing,3,1,0,38,pathinfo,diag,constant,constant|constant|linear-l10|constant|constant,-0.0003324264654728924,0.6934796070254182,0.4868421052631579,,,,,,,,,,,,,,,,,,,,,-0.0008085674568683134,-1.38125148959142e-05,0.00020972427917370312,0.0,0.6931471805599454,,,,,0.0,,,0.0,-0.025480190069024886,0.7186273706289703,-0.012374579283141824,0.7055217598430872,-0.003216942877692964,0.6963641234376382,-0.0004933232924849487,0.6936405038524304,-0.14415022572241956,0.8372974062823649,-0.0521467652790573,0.7452939458390027,-0.014910610987100214,0.7080577915470455,-0.002322174578086983,0.6954693551380323,,,,,,,,,-0.001855314098252815,0.695002494658198,,,-0.0001450311691430988,0.6932922117290884,,,,,,,7.0,7.0,7.0,7.0,28.0,28.0,28.0,28.0,,,,,113.0,,113.0,,,,,,,,,,,,,,,,,,,,,,,,,,,,,,,0.2501661875037204,-0.0003324264654728924,0.0,-0.0003324264654728924,0.0,-0.0003324264654728924,0.0,,,,,,,,,,,,
q12_rho1.00_sensing_b3,12,1.0,sensing,3,5,0,38,pathinfo,diag,constant,constant|quadratic-l0.1|linear-l0.01|constant|linear-l0.01,-0.029700436132205084,0.7228476166921505,0.4868421052631579,,,,,,,,,,,,,,,,,,,,,-0.08976746534864882,0.02034530087979428,0.02766627258833745,0.0,0.6931471805599454,,,,,0.0,,,0.0,0.006858535463141153,0.6862886450968041,0.007326192803443797,0.6858209877565016,0.006092744993477535,0.6870544355664678,0.0013217480369519413,0.6918254325229934,-0.07107959814237039,0.7642267787023157,-0.02977825455841928,0.7229254351183645,0.0020232454839938093,0.6911239350759515,0.0030938552037624804,0.6900533253561828,,,,,,,,,-0.07265097646374594,0.7657981570236914,,,0.0013260666838991596,0.6918211138760461,,,,,,,7.0,7.0,7.0,7.0,28.0,28.0,28.0,28.0,,,,,113.0,,113.0,,,,,,,,,,,,,,,,,,,,,,,,,,,,,,,0.26254189868699684,-0.029700436132205084,0.0,-0.029700436132205084,0.0,-0.029700436132205084,0.0,,,,,,,,,,,,
q3_rho0.70_always_b12,3,0.7,always,12,10,0,40,cost0,direct,gru_direct-w4-l0.1-cap5,gru_direct-w4-l0.01-cap5|gru_direct-w4-l0.1-cap5|gru_direct-w4-l0.01-cap5|gru_direct-w4-l0.1-cap5|gru_direct-w4-l0.1-cap5,1.4650895094625667,0.27702376725388295,0.925,1.4650895094625667,1.7036964229794327,2.323322400566719,4.37676929040095,0.30191777142493426,1.7106320496592133,1.7223918681890902,1.5650085338548523,8.391872744223392,0.18229394372724597,1.6775039405757455,1.7578115319847911,2.1335056685630462,4.998423337401993,0.27216412734275897,1.538084079052275,1.7213922906815684,2.2714675564507467,4.529804016932471,0.29385570035971187,-0.21676717391906747,2.905899000015339,0.8213091597868174,0.0,0.6931471805599453,1.460517843595931,0.3008864632591646,1.4234178336712755,0.27924730818570087,0.0,113.0,113.0,0.0,,,,,,,,,,,,,,,,,,,,,,,,,,,,,,,,,,,,,,,,,,,,,,,,,,,,,,,,,,,,,,,,,,,,,,,,,,,,,,,,,,,,,,,,,,,,,,,,,,,,
q3_rho0.70_always_b12,3,0.7,always,12,10,0,40,cost0,main,linear-l0.01,linear-l0.01|linear-l0.01|linear-l0.01|gru-w4-l0.01|linear-l0.1,2.1824623966882464,0.22781289976243446,0.9125,2.1824623966882464,2.1955735723671284,2.3532517818464953,3.023810822593464,0.5314638508853965,1.8047836817095644,1.869411645777078,1.4869932235535819,7.767308751378466,0.23201225640698617,2.148192213764854,2.149078008791265,2.106690400047666,3.84719508632546,0.443889445551704,2.1797238175923743,2.1847150561672857,2.282990995394869,3.2298664816230738,0.5071048487996036,0.7514707669765023,3.1632400813260193,0.6349870091719932,0.0,0.6931471805599453,,,,,0.0,,,0.0,2.6143877720247217,0.19514317688836713,2.004627580668197,0.25262012271188394,1.0098696025339728,0.43974277166627973,0.212023481814099,0.639619591267425,0.004596955974135497,0.193542170178241,2.41970185627657,0.20061712247847846,1.685604391768011,0.30159508914034683,0.6284883887585574,0.5338228504723623,1.9528008360229283,0.22901888006809507,2.066712958972315,0.21919180177160894,1.9443105089415247,0.2513804820660991,2.0603965459382216,0.23521498381607264,1.8690017181406826,0.2508127368192778,1.3179060274782823,0.24593055140858552,1.544184403640264,0.3156580673303393,1.612037282075719,0.3019077212189828,1.3379283693175554,0.28529830086243424,0.9617315685861776,0.44279932823180734,7.0,7.0,7.0,7.0,28.0,28.0,28.0,28.0,141.0,281.0,141.0,281.0,113.0,321.0,113.0,321.0,113.0,113.0,,,,,,,,,,,,,,,,,,,,,,,,,,,,,,,,,,,,,,,,,,,,,,
q3_rho0.70_always_b12,3,0.7,always,12,10,0,40,cost0,mem1,gru-w4-l0.01-h1,gru-w4-l0.01-h1|gru-w4-l0.01-h1|gru-w4-l0.01-h1|gru-w4-l0.01-h1|gru-w4-l0.01-h1,2.097413244357002,0.22532774803040753,0.9125,2.097413244357002,2.098868056238246,2.152328375811789,2.3623902496114018,0.6264630733123446,1.8437535462280166,1.9591987009951541,1.436922217081507,7.38259041456177,0.26917214015016905,2.1277362188772266,2.142254341355656,1.966874125170396,3.093405986080892,0.5280387142843918,2.116156893648347,2.1162725191633966,2.1010269392477205,2.536308436798545,0.5997750123179275,0.6155766754856892,3.1183493062603604,0.6824042005735107,,,,,,,,,,0.0,,,,,,,,,,,,,,,,,,,,,,,,,,,,,,,,,,,,,,,,,,,,,,,,,,,,,,,0.0,0.6931471805599453,2.097413244357002,0.22532774803040753,1.284135967755487,0.3822794351021545,0.0,116.0,116.0,,,,,,,,,,,,,,,,,,,,,,,,,,,,,,,,,,,,,
q3_rho0.70_always_b12,3,0.7,always,12,10,0,40,cost0,mem2,gru-w4-l0.01-h2,gru-w4-l0.01-h2|gru-w4-l0.01-h2|gru-w4-l0.01-h2|gru-w4-l0.01-h2|gru-w4-l0.01-h2,1.8801679263330056,0.22360486774035726,0.9125,1.8801679263330056,1.931070462658873,2.2340367570981305,1.9535074351231,0.7003446080279732,1.846736213787236,1.9550821198240116,1.4504849460734146,7.096625647087153,0.2760871368616452,2.056527599485084,2.057215123972546,2.019902872953571,2.673214037589734,0.5798259141137231,1.9543095291913126,1.9753355648134474,2.1736259817637715,2.119954647367368,0.6678742560077757,-0.2267518627293265,3.2411000582425715,0.9698742006721442,,,,,,,,,,0.0,,,,,,,,,,,,,,,,,,,,,,,,,,,,,,,,,,,,,,,,,,,,,,,,,,,,,,,,,,,,,,,,0.0,0.6931471805599453,1.8801679263330056,0.22360486774035726,1.514619800516278,0.33448773791372977,0.0,116.0,116.0,,,,,,,,,,,,,,,,,,,,,,,,,,,,
q3_rho0.70_always_b12,3,0.7,always,12,10,0,40,cost0,mem4,gru-w4-l0.01-h4,gru-w4-l0.01-h4|gru-w4-l0.01-h4|gru-w4-l0.01-h4|gru-w4-l0.01-h4|gru-w4-l0.1-h4,1.2459287505376413,0.2378105859883915,0.925,1.2459287505376413,1.5156870011883936,2.170271462063112,1.606047148739859,0.7829767151092908,1.7979502449455118,1.8912999060988538,1.4257232140363576,7.421133231835022,0.27565945439651107,1.8084094357162512,1.8185021502160463,1.9572915136116222,2.3323283013057443,0.6357395107837913,1.476459353830791,1.6188470955883498,2.108960189892441,1.7635341563949383,0.7443269768420236,-1.998575620944068,3.161757090963501,1.5031419704340039,,,,,,,,,,0.0,,,,,,,,,,,,,,,,,,,,,,,,,,,,,,,,,,,,,,,,,,,,,,,,,,,,,,,,,,,,,,,,,,,,,,,,,0.0,0.6931471805599453,1.4685363097985031,0.21752104852655546,1.6449631542358396,0.30657911938045446,0.0,116.0,116.0,,,,,,,,,,,,,,,,,,,
q3_rho0.70_always_b12,3,0.7,always,12,1,0,40,cost0,main,linear-l0.01,linear-l0.01|quadratic-l0.1|linear-l0.01|quadratic-l0.1|linear-l0.01,0.8400685915222926,0.5075714854990789,0.825,0.8400685915222926,0.8726072629646953,0.6061813592742569,12.99012182999667,0.22557917490441692,0.7955403202610434,0.8417720266160946,0.521470270422147,19.204308707050384,0.15349456908485234,0.8345416632228673,0.8706999733136945,0.5891698363646668,14.18141991976291,0.20910831881639827,0.8388169207537718,0.8723320030143789,0.6017595131092686,13.294934097079164,0.22120355613307782,0.38042941508319666,1.227613213229739,0.2155629650300805,0.0,0.6931471805599453,,,,,0.0,,,0.0,0.4280621063292148,0.5265845195843248,0.2874053421297034,0.6098771913809861,0.09116296814170466,0.6699078275419721,0.0148385683596565,0.6894306651105402,1.272482390601395,0.43647109419192526,0.9230166166572324,0.49193559495812594,0.4355462966923948,0.5876264189217626,0.10779799630409173,0.6660623642598231,0.9271108690281924,0.4794702791993332,0.8144796100401177,0.4964505482661819,0.10583967757051567,0.6659271844240535,0.10744446457821169,0.665258818837939,0.9169881497961538,0.4955575664083914,0.9479737338929584,0.49139329883155225,0.007208308631671059,0.6913645658245009,0.007243087091195732,0.691324132205389,0.2086877988432852,0.637088928374931,0.000870458863551396,0.6929323264538755,7.0,7.0,7.0,7.0,28.0,28.0,28.0,28.0,33.0,65.0,33.0,65.0,113.0,321.0,113.0,321.0,113.0,113.0,,,,,,,,,,,,,,,,,,,,,,,,,,,,,,,,,,,,,,,,,,,,,,
q3_rho0.70_always_b12,3,0.7,always,12,5,0,40,cost0,main,quadratic-l0.1,quadratic-l0.1|linear-l0.01|linear-l0.01|quadratic-l0.1|quadratic-l0.1,2.3775252204646877,0.2682998261364281,0.9,2.3775252204646877,2.474325203598801,1.9995502385515294,6.193068641166765,0.24484433747693193,1.6760754861585194,1.7883741578596695,1.273876017418036,9.684839593100126,0.17580157724569972,2.185802191737995,2.2907334442255465,1.7948111614718338,6.621264005743896,0.23206240566671701,2.323264695475112,2.4224845399099646,1.941340707295998,6.29107214250611,0.24167123362608428,1.6727069095562141,3.0194264657700627,0.349391602976226,0.0,0.6931471805599453,,,,,0.0,,,0.0,2.5579498214348706,0.2622585934002931,1.621498664678373,0.338286242806901,0.7282543336711433,0.508541829646382,0.1479001825898591,0.6558141586251056,3.4998415576670148,0.20134497106100463,2.4306663705301395,0.23647877159637587,1.4179826612091007,0.35744698714575746,0.49831497579510237,0.5659835118235568,2.8999580399397336,0.23045248535493296,2.9845949204549287,0.22827297652956452,1.7735724123018397,0.29912446760025346,1.9045128445036101,0.2840244630753153,2.4773054577821716,0.22276908410372717,2.365558759476914,0.22852532060726743,1.0292422715367815,0.429185223588844,1.0389108859648455,0.4247545371615254,1.517224564680976,0.3529151292543205,0.4081063968264356,0.5882697549897282,7.0,7.0,7.0,7.0,28.0,28.0,28.0,28.0,81.0,161.0,81.0,161.0,113.0,321.0,113.0,321.0,113.0,113.0,,,,,,,,,,,,,,,,,,,,,,,,,,,,,,,,,,,,,,,,,,,,,,
q3_rho0.70_always_b12,3,0.7,always,12,10,0,40,cost2,direct,gru_direct-w4-l0.1-cap5,gru_direct-w4-l0.1-cap5|gru_direct-w4-l0.1-cap5|gru_direct-w4-l0.01-cap5|gru_direct-w4-l0.1-cap5|gru_direct-w4-l0.1-cap5,2.4627839307221526,0.21276662081300693,0.95,2.4627839307221526,2.4777534103101275,2.6459329799810236,3.4850543794043856,0.45693960890632795,1.9926049458943353,2.06384664023196,1.6610589483953278,7.384746249458396,0.2315668890146573,2.399670429986098,2.399785358276762,2.3845859300718164,4.149220470278071,0.3920774019379291,2.451052040852459,2.4579894205763906,2.5735128197655968,3.6552853519795097,0.43874555662851544,1.1328594916352588,3.449528735748301,0.5886538290499544,0.0,0.6931471805599453,2.2688293686005614,0.23934123836140064,2.5279836467045125,0.20985303060780064,0.0,113.0,113.0,0.0,,,,,,,,,,,,,,,,,,,,,,,,,,,,,,,,,,,,,,,,,,,,,,,,,,,,,,,,,,,,,,,,,,,,,,,,,,,,,,,,,,,,,,,,,,,,,,,,,,,,
q3_rho0.70_always_b12,3,0.7,always,12,10,0,40,cost2,main,linear-l0.01,gru-w4-l0.01|linear-l0.01|linear-l0.01|linear-l0.01|linear-l0.1,2.802816930719242,0.18219614386567703,0.9125,2.802816930719242,2.9003799916280903,2.4235895090727815,3.2745363890658408,0.47218796659351686,2.006355265387015,2.1867574364867126,1.5194366662670842,7.104140180207679,0.26292034965476135,2.600431626569512,2.7299879983042468,2.1738522647299683,3.730529808470944,0.42640029654599076,2.746709214307301,2.8532282540597502,2.3532577867920343,3.3813770953447277,0.46035913939150735,2.0550035499656367,3.4565323783078505,0.355122466213826,0.0,0.6931471805599453,,,,,0.0,,,0.0,3.0352614228868515,0.16092291562244174,2.1826690533852484,0.22783424523565268,1.0734891878894595,0.4267245178727702,0.22402759246670137,0.6366683386632308,1.692008704064179,0.16552917638969356,2.727102984782502,0.17518769720056365,1.7784324940732759,0.28606538588548897,0.6480365084935455,0.5294006091872732,2.263583615725583,0.20193117043468223,2.3940118682662104,0.19308655267055247,2.1783487307727087,0.22373694522304116,2.353524644150819,0.20552097049576826,2.6952333360847724,0.18794946137316654,2.743362203740696,0.18370666512872447,1.685185336596836,0.29435314789280104,1.7881477038044977,0.2773266579291821,1.3483646915684808,0.29057927460258687,1.1049273959763481,0.41781177939141256,7.0,7.0,7.0,7.0,28.0,28.0,28.0,28.0,141.0,281.0,141.0,281.0,113.0,321.0,113.0,321.0,113.0,113.0,,,,,,,,,,,,,,,,,,,,,,,,,,,,,,,,,,,,,,,,,,,,,,
q3_rho0.70_always_b12,3,0.7,always,12,10,0,40,cost2,mem1,gru-w4-l0.01-h1,gru-w4-l0.01-h1|gru-w4-l0.01-h1|gru-w4-l0.01-h1|gru-w4-l0.01-h1|gru-w4-l0.01-h1,2.299058097587712,0.197903062939258,0.9125,2.299058097587712,2.3015172122192697,2.2305577482277092,2.1997544688800006,0.6512954410030498,1.9467463783560817,2.102093816496514,1.4877328973264163,6.878807675959691,0.2914676756200482,2.286077321268341,2.324153143501897,2.0348997734482595,2.816189558164526,0.55847804083015,2.3032461528861874,2.3121044729967895,2.1759811534794355,2.344962346534301,0.626553771480595,0.9296856944504978,3.2183988292661523,0.594207357807024,,,,,,,,,,0.0,,,,,,,,,,,,,,,,,,,,,,,,,,,,,,,,,,,,,,,,,,,,,,,,,,,,,,,0.0,0.6931471805599453,2.299058097587712,0.197903062939258,1.3530521907281365,0.36673616735879405,0.0,116.0,116.0,,,,,,,,,,,,,,,,,,,,,,,,,,,,,,,,,,,,,
q3_rho0.70_always_b12,3,0.7,always,12,10,0,40,cost2,mem2,gru-w4-l0.01-h2,gru-w4-l0.01-h2|gru-w4-l0.01-h2|gru-w4-l0.01-h2|gru-w4-l0.01-h2|gru-w4-l0.1-h2,2.0209959181720616,0.22181476664287203,0.9125,2.0209959181720616,2.024205367154327,2.103267709483154,2.085739619351328,0.6742754046855078,1.838484891119323,1.976929828809372,1.4002392880321075,7.035288339355045,0.28803212833075303,2.0791985848586862,2.0957358738740597,1.908188088611529,2.7459285807155576,0.5707501203374594,2.0491462904376214,2.0491472586775243,2.047755361278272,2.2399476370661855,0.6465521510206703,0.3913139640309402,3.071065909522246,0.7021096731365505,,,,,,,,,,0.0,,,,,,,,,,,,,,,,,,,,,,,,,,,,,,,,,,,,,,,,,,,,,,,,,,,,,,,,,,,,,,,,0.0,0.6931471805599453,2.314399873793297,0.19125480673837864,1.623937561177599,0.31255959268788847,0.0,116.0,116.0,,,,,,,,,,,,,,,,,,,,,,,,,,,,
q3_rho0.70_always_b12,3,0.7,always,12,10,0,40,cost2,mem4,gru-w4-l0.01-h4,gru-w4-l0.01-h4|gru-w4-l0.01-h4|gru-w4-l0.01-h4|gru-w4-l0.01-h4|gru-w4-l0.1-h4,1.8247288388147536,0.2109501467345468,0.9375,1.8247288388147536,1.8732855098375372,2.1695365383355685,1.758960048564858,0.7432498769938857,1.8895068934663322,2.0261899443067675,1.4535301487563348,6.777530421299673,0.29705868546837066,2.04743298129664,2.0503232184741256,1.9733180429535253,2.3860648551132684,0.623028755476103,1.9153302669602816,1.9327928207663225,2.1140314133958804,1.9009962310242563,0.7115248595339884,-0.31817381248670457,3.132893072442316,0.9529113303309997,,,,,,,,,,0.0,,,,,,,,,,,,,,,,,,,,,,,,,,,,,,,,,,,,,,,,,,,,,,,,,,,,,,,,,,,,,,,,,,,,,,,,,0.0,0.6931471805599453,2.115024377340622,0.18498356733154378,1.7749556586532074,0.28313200618235407,0.0,116.0,116.0,,,,,,,,,,,,,,,,,,,
q3_rho0.70_always_b12,3,0.7,always,12,1,0,40,cost2,main,linear-l0.01,linear-l0.01|flat-w4-l0.01|flat-w4-l0.01|quadratic-l0.01|linear-l0.01,0.634994195665809,0.5854700302442467,0.8,0.634994195665809,0.6354704600801887,0.6044478195279724,8.903740757577749,0.2707584376979465,0.708778383113188,0.7273099313428467,0.5284116178471211,15.974344584599818,0.1591636994193406,0.6682408291033601,0.6712095893605414,0.5931518544506735,10.21924753572975,0.2420159129922924,0.6449034052175101,0.6458596361970923,0.601806851474503,9.237944135416724,0.2629230834495592,-0.23007143354810444,1.3184993750549356,0.3950677548458051,0.0,0.6931471805599453,,,,,0.0,,,0.0,-0.20365759166452763,0.5635614628439647,0.2203846364096116,0.6198286451626831,0.08459525480705284,0.6713582703093552,0.015012384676383831,0.6893865339972732,0.767415593790116,0.5322188189288308,0.7047861244972328,0.5439512792373595,0.34455221267826736,0.6103671010568423,0.09155685035843128,0.6702792143726605,0.4245606964600263,0.5380932856722018,0.23388990396712747,0.5527060187475733,0.06800156105597607,0.6742421886344565,0.07000026163324258,0.6728429633143593,0.42725088085481866,0.5330174003151085,0.3153786881129503,0.5439288072716874,0.0071939900579119035,0.6913623575842296,0.007113024431735804,0.691348148053424,-0.06603098320466802,0.6946929604158757,0.0008647547325809829,0.6929336611324911,7.0,7.0,7.0,7.0,28.0,28.0,28.0,28.0,33.0,65.0,33.0,65.0,113.0,321.0,113.0,321.0,113.0,113.0,,,,,,,,,,,,,,,,,,,,,,,,,,,,,,,,,,,,,,,,,,,,,,
q3_rho0.70_always_b12,3,0.7,always,12,5,0,40,cost2,main,linear-l0.01,quadratic-l0.01|linear-l0.01|linear-l0.01|quadratic-l0.01|linear-l0.01,3.5387337929838054,0.19893419180774638,0.9,3.5387337929838054,3.6258181828243403,3.1773207330837736,4.760657770146908,0.3448095105613349,1.9769938648740777,2.0990389613713365,1.5607261580878018,8.418897451636017,0.21046998768910005,2.964548297401302,3.0681989856997394,2.5755602844745162,5.188268312176239,0.3171854302778117,3.3537542786445824,3.445670608708329,2.983957209135981,4.857596070274444,0.33782210774480265,2.686841586152881,4.362075459297946,0.43756467837663815,0.0,0.6931471805599453,,,,,0.0,,,0.0,3.1632456883553273,0.2017561860695191,1.9336754960776452,0.2871311760296598,0.8603152008421248,0.4782363727634179,0.17507502202023795,0.6490024879094635,4.156341882980812,0.17327889186410936,2.7600420679693416,0.20760337302955642,1.57810929545071,0.3286623794282642,0.556843986478641,0.5517084453878838,2.75297095321758,0.22133659803378092,2.97525639791289,0.21232693849359469,1.949751071040896,0.2769277450817912,2.1111620483233184,0.26124718992679913,2.1919285103532538,0.22611565812825907,2.1745368772054112,0.23028816081873807,1.2477518778457637,0.38866460445450546,1.2803830883737823,0.3819794932931534,1.9840202818518118,0.29726738230786576,0.519726004794406,0.5611955409741667,7.0,7.0,7.0,7.0,28.0,28.0,28.0,28.0,81.0,161.0,81.0,161.0,113.0,321.0,113.0,321.0,113.0,113.0,,,,,,,,,,,,,,,,,,,,,,,,,,,,,,,,,,,,,,,,,,,,,,
q3_rho0.70_always_b12,3,0.7,always,12,10,0,40,endpoint,main,mlp-w4-l0.1,mlp-w4-l0.1|mlp-w4-l0.1|mlp-w4-l0.1|linear-l1|mlp-w4-l0.1,0.005843070147318637,0.6873041104126266,0.475,,,,,,,,,,,,,,,,,,,,,-0.012434773471923202,0.023490927520029552,0.009258429590381949,0.0,0.6931471805599453,,,,,0.0,,,0.0,-0.000869741019968863,0.6940169215799141,0.0077497413119347,0.6853974392480107,0.005237693343322282,0.6879094872166229,0.0008960063714059371,0.6922511741885394,-0.03363501798128212,0.7267821985412274,-0.001046179135958887,0.6941933596959042,0.006602682314220898,0.6865444982457244,0.0019164681776443746,0.6912307123823009,,,,,,,,,,,,,,,,,,,,,3.0,3.0,3.0,3.0,6.0,6.0,6.0,6.0,,,,,,,,,,,,,,,,,,,,,,,,,,,,,,,,,,,,,,0.24713408903674497,0.005843070147318637,0.0,0.005843070147318637,0.0,0.005843070147318637,0.0,0.008121197135111878,0.6850259834248333,-0.005520823824141094,0.6986680043840864,0.006539351595395146,0.6866078289645502,0.003239664432545533,0.6899075161273998,17.0,33.0,17.0,33.0
q3_rho0.70_always_b12,3,0.7,always,12,1,0,40,endpoint,main,mlp-w4-l0.1,constant|mlp-w4-l0.1|mlp-w4-l0.1|mlp-w4-l0.1|constant,-0.005873386672134583,0.69902056723208,0.4875,,,,,,,,,,,,,,,,,,,,,-0.01111133345384885,-0.0011788165340260815,0.0026133271811019086,0.0,0.6931471805599453,,,,,0.0,,,0.0,-0.007654652880312915,0.7008018334402581,-0.00579774797226047,0.6989449285322058,-0.0019110857908918796,0.6950582663508371,-0.00024223332108193053,0.6933894138810273,-0.008241730513719283,0.7013889110736645,-0.005179805707104917,0.6983269862670503,-0.0026683887752991784,0.6958155693352446,-0.0004707304457158973,0.6936179110056612,,,,,,,,,,,,,,,,,,,,,3.0,3.0,3.0,3.0,6.0,6.0,6.0,6.0,,,,,,,,,,,,,,,,,,,,,,,,,,,,,,,,,,,,,,0.25290584199571065,-0.005873386672134583,0.0,-0.005873386672134583,0.0,-0.005873386672134583,0.0,-0.006017878997590029,0.6991650595575353,-0.002152761990154943,0.6952999425501002,-0.005807944843592311,0.6989551254035375,-0.0008523124102265495,0.6939994929701718,17.0,33.0,17.0,33.0
q3_rho0.70_always_b12,3,0.7,always,12,2,0,40,endpoint,main,linear-l1,linear-l1|mlp-w4-l0.1|linear-l1|linear-l0.1|mlp-w4-l0.1,-0.007389127917393777,0.700536308477339,0.575,,,,,,,,,,,,,,,,,,,,,-0.030986208230145185,0.013634908112207796,0.011420106648359327,0.0,0.6931471805599453,,,,,0.0,,,0.0,-0.017908808963574607,0.7110559895235198,-0.005568522911390701,0.6987157034713359,0.0018070333468940465,0.6913401472130511,0.0005224189931802709,0.692624761566765,-0.025131830225162882,0.7182790107851081,-0.011136335584258236,0.7042835161442035,0.0008596335480320939,0.6922875470119132,0.0008202790586326267,0.6923269015013126,,,,,,,,,,,,,,,,,,,,,3.0,3.0,3.0,3.0,6.0,6.0,6.0,6.0,,,,,,,,,,,,,,,,,,,,,,,,,,,,,,,,,,,,,,0.2530034437492075,-0.007389127917393777,0.0,-0.007389127917393777,0.0,-0.007389127917393777,0.0,-0.002238619171197845,0.6953857997311431,-0.0032164842441368123,0.6963636648040821,0.007757415021655743,0.6853897655382897,-0.00018858862895027305,0.6933357691888955,17.0,33.0,17.0,33.0
q3_rho0.70_always_b12,3,0.7,always,12,3,0,40,endpoint,main,linear-l0.1,linear-l0.1|constant|linear-l0.1|linear-l1|constant,-0.002312124192248033,0.6954593047521934,0.525,,,,,,,,,,,,,,,,,,,,,-0.024799987313234337,0.021332408680973216,0.012035899222500474,0.0,0.6931471805599453,,,,,0.0,,,0.0,-0.005915716368818845,0.6990628969287641,0.0033107234241221014,0.6898364571358233,0.005601608078250313,0.6875455724816949,0.0011049304398852294,0.69204225012006,-0.02870118343330702,0.7218483639932523,-0.00625914412819476,0.69940632468814,0.005465473549174376,0.6876817070107709,0.0019456679273500948,0.6912015126325952,,,,,,,,,,,,,,,,,,,,,3.0,3.0,3.0,3.0,6.0,6.0,6.0,6.0,,,,,,,,,,,,,,,,,,,,,,,,,,,,,,,,,,,,,,0.250993840427382,-0.002312124192248033,0.0,-0.002312124192248033,0.0,-0.002312124192248033,0.0,0.007897214532281458,0.6852499660276639,-0.002608150178464891,0.6957553307384102,0.01155426353043296,0.6815929170295123,0.00224057400618259,0.6909066065537627,17.0,33.0,17.0,33.0
q3_rho0.70_always_b12,3,0.7,always,12,4,0,40,endpoint,main,constant,linear-l1|constant|quadratic-l0.1|mlp-w4-l0.1|constant,-0.008682232398513285,0.7018294129584586,0.4875,,,,,,,,,,,,,,,,,,,,,-0.029709983613284658,0.01105878945211323,0.010387797919050793,0.0,0.6931471805599453,,,,,0.0,,,0.0,-0.011229236532625453,0.7043764170925708,-0.009350667347197417,0.7024978479071426,-0.0018924184363066324,0.6950395989962519,-0.0001228871014891733,0.6932700676614345,-0.0024907620273259363,0.6956379425872713,-0.0069473495275114375,0.7000945300874568,-0.003125576369472127,0.6962727569294174,-0.00018831225827775077,0.6933354928182232,,,,,,,,,,,,,,,,,,,,,3.0,3.0,3.0,3.0,6.0,6.0,6.0,6.0,,,,,,,,,,,,,,,,,,,,,,,,,,,,,,,,,,,,,,0.254270477589306,-0.008682232398513285,0.0,-0.008682232398513285,0.0,-0.008682232398513285,0.0,0.0052742811245802415,0.6878728994353651,-0.00462530810345755,0.6977724886634029,-0.004758642988003604,0.6979058235479488,1.533856052138155e-05,0.6931318419994239,17.0,33.0,17.0,33.0
q3_rho0.70_always_b12,3,0.7,always,12,5,0,40,endpoint,main,linear-l0.1,linear-l0.1|linear-l0.1|linear-l0.1|constant|constant,-0.006052793056241696,0.699199973616187,0.525,,,,,,,,,,,,,,,,,,,,,-0.03213019338248613,0.01967830638291731,0.01341103584847635,0.0,0.6931471805599453,,,,,0.0,,,0.0,0.006194694125193784,0.6869524864347515,0.009561430381327155,0.6835857501786181,0.007773635543689314,0.6853735450162559,0.0014086657348580903,0.6917385148250872,-0.005791730719592011,0.6989389112795374,0.004390982884183032,0.6887561976757622,0.00837348415018671,0.6847736964097586,0.0026056974197390947,0.6905414831402062,,,,,,,,,,,,,,,,,,,,,3.0,3.0,3.0,3.0,6.0,6.0,6.0,6.0,,,,,,,,,,,,,,,,,,,,,,,,,,,,,,,,,,,,,,0.25280141494186825,-0.006052793056241696,0.0,-0.006052793056241696,0.0,-0.006052793056241696,0.0,0.0011214905230737843,0.6920256900368715,-0.006351458111876313,0.6994986386718216,0.011056395383780877,0.6820907851761644,-0.0024446231988006243,0.6955918037587459,17.0,33.0,17.0,33.0
q3_rho0.70_always_b12,3,0.7,always,12,6,0,40,endpoint,main,constant,linear-l0.1|constant|constant|linear-l1|constant,-0.01998443200562338,0.7131316125655687,0.4625,,,,,,,,,,,,,,,,,,,,,-0.045436813636788836,0.0014762948890123422,0.01223574966825217,0.0,0.6931471805599453,,,,,0.0,,,0.0,-0.012198957572770397,0.7053461381327157,-0.005387049207524816,0.6985342297674701,0.0019506770946176124,0.6911965034653277,0.0005697699616285426,0.6925774105983167,-0.03534449215679138,0.7284916727167368,-0.013754125080819473,0.7069013056407647,3.805074516478879e-06,0.6931433754854288,0.0011411470731305829,0.6920060334868147,,,,,,,,,,,,,,,,,,,,,3.0,3.0,3.0,3.0,6.0,6.0,6.0,6.0,,,,,,,,,,,,,,,,,,,,,,,,,,,,,,,,,,,,,,0.25952309815118135,-0.01998443200562338,0.0,-0.01998443200562338,0.0,-0.01998443200562338,0.0,0.0025900438366198405,0.6905571367233254,-0.013539599657298163,0.7066867802172434,0.010703469823755193,0.6824437107361901,-0.011519571533968518,0.7046667520939138,17.0,33.0,17.0,33.0
q3_rho0.70_always_b12,3,0.7,always,12,7,0,40,endpoint,main,quadratic-l0.1,quadratic-l0.1|mlp-w4-l0.1|quadratic-l0.1|quadratic-l0.1|quadratic-l0.01,-0.01662779436866076,0.709774974928606,0.6375,,,,,,,,,,,,,,,,,,,,,-0.13631514540224107,0.07313067022743433,0.054351627092181984,0.0,0.6931471805599453,,,,,0.0,,,0.0,0.013785516654801832,0.6793616639051435,0.021743833424793364,0.6714033471351518,0.015096192034172872,0.6780509885257724,0.00262057270885261,0.6905266078510927,-0.0005319229631334909,0.6936791035230787,0.03340317774541042,0.6597440028145348,0.02401683745353228,0.669130343106413,0.006184378600538954,0.6869628019594064,,,,,,,,,,,,,,,,,,,,,3.0,3.0,3.0,3.0,6.0,6.0,6.0,6.0,,,,,,,,,,,,,,,,,,,,,,,,,,,,,,,,,,,,,,0.2459946246702159,-0.01662779436866076,0.0,-0.01662779436866076,0.0,-0.01662779436866076,0.0,0.03713039993386223,0.656016780626083,0.03125485704200297,0.6618923235179424,0.018870545850635478,0.6742766347093098,0.017516326738941164,0.6756308538210041,17.0,33.0,17.0,33.0
q3_rho0.70_always_b12,3,0.7,always,12,8,0,40,endpoint,main,linear-l1,linear-l1|linear-l1|linear-l1|linear-l1|linear-l1,0.015474548881649619,0.6776726316782957,0.6125,,,,,,,,,,,,,,,,,,,,,-0.0024821071994533678,0.03314346777126207,0.008947973545287308,0.0,0.6931471805599453,,,,,0.0,,,0.0,0.02253483095527382,0.6706123496046714,0.023909276609630128,0.6692379039503151,0.015474548881649619,0.6776726316782957,0.002673115252714625,0.6904740653072305,0.016605493992558222,0.676541686567387,0.023079286709668568,0.6700678938502767,0.022118895687311818,0.6710282848726334,0.006044552817274578,0.6871026277426708,,,,,,,,,,,,,,,,,,,,,3.0,3.0,3.0,3.0,6.0,6.0,6.0,6.0,,,,,,,,,,,,,,,,,,,,,,,,,,,,,,,,,,,,,,0.24230895339277062,0.015474548881649619,0.0,0.015474548881649619,0.0,0.015474548881649619,0.0,0.015520340748585748,0.6776268398113595,0.013474517451556598,0.6796726631083887,0.0194326882030173,0.6737144923569278,0.014290148075494103,0.6788570324844512,17.0,33.0,17.0,33.0
q3_rho0.70_always_b12,3,0.7,always,12,9,0,40,endpoint,main,constant,constant|mlp-w4-l0.1|linear-l1|linear-l0.1|mlp-w4-l0.01,0.006153971658872624,0.6869932089010726,0.5625,,,,,,,,,,,,,,,,,,,,,-0.04237330423436356,0.04880592245457357,0.022801492472154204,0.0,0.6931471805599453,,,,,0.0,,,0.0,0.020949073626190483,0.6721981069337548,0.023655092100271547,0.6694920884596738,0.01484864668327083,0.6782985338766745,0.0025538095839599873,0.6905933709759854,0.014222883646978768,0.6789242969129665,0.02360801523195418,0.6695391653279911,0.021199051941519147,0.6719481286184262,0.00568817855274967,0.6874590020071956,,,,,,,,,,,,,,,,,,,,,3.0,3.0,3.0,3.0,6.0,6.0,6.0,6.0,,,,,,,,,,,,,,,,,,,,,,,,,,,,,,,,,,,,,,0.24665480680255997,0.006153971658872624,0.0,0.006153971658872624,0.0,0.006153971658872624,0.0,0.011741654915535703,0.6814055256444096,0.010098396907921522,0.6830487836520237,0.020164920026385286,0.67298226053356,0.013237646109571722,0.6799095344503735,17.0,33.0,17.0,33.0
q3_rho0.70_always_b12,3,0.7,always,12,10,0,40,mixture,diag,linear-l0.01,gru-w4-l0.01|linear-l0.01|linear-l0.01|quadratic-l0.01|linear-l0.1,-0.03259877575747083,0.20989034183137437,0.93125,-0.03259877575747083,1.3841559306048343,2.701721834436305,1.2208967742798125,0.9035665146526964,1.9594257601360663,2.0833526472783515,1.5405334353254205,6.297010605236528,0.30867113161792514,1.857701772297253,1.9331844247610852,2.2981132367062385,1.7246044509100351,0.7510382419151466,0.8566365636193083,1.5733065073321053,2.572367731075003,1.3193656428198033,0.8678145520861511,-6.985664013632933,3.756308700514144,3.337950557706841,0.0,0.6931471805599453,,,,,0.0,,,0.0,2.8531431510731893,0.17668759363001282,2.1485397072274552,0.23387924522366804,1.1205017902340089,0.41504411670901425,0.25340182192139077,0.6291461666115872,0.685786293254775,0.17672638648279093,2.582123102049165,0.18622825069979407,1.7853178744479816,0.2847144731194452,0.6996354617616654,0.5161504030876998,,,,,,,,,2.89745973856287,0.160374667767261,,,1.6319954124475167,0.3040544847927349,,,,,,,7.0,7.0,7.0,7.0,28.0,28.0,28.0,28.0,,,,,113.0,,113.0,,,,,,,,,,,,,,,,,,,,,,,,,,,,,,,,,,,,,,,,,,,,,,,,,
q3_rho0.70_always_b12,3,0.7,always,12,1,0,40,mixture,diag,quadratic-l0.1,quadratic-l0.1|quadratic-l0.1|quadratic-l0.1|quadratic-l0.1|linear-l0.01,0.8048812763673091,0.5164211833369113,0.80625,0.8048812763673091,0.809267250226756,0.7141234742749752,11.763300761137096,0.24414152545879972,0.7840576266772996,0.8015665963993164,0.6084128467298608,19.29392679972942,0.14947732100787536,0.8078940013263267,0.8151109391019518,0.6925152812579973,13.28892048445969,0.2205640491837199,0.8061137064037129,0.8112148235087948,0.7084793288370135,12.155556077100824,0.2377638064829997,0.3425455245821664,1.1698174387074924,0.21637611588097366,0.0,0.6931471805599453,,,,,0.0,,,0.0,0.18142671901979712,0.5409911786628833,0.26254866977258207,0.6128415489791703,0.0902128071939911,0.6700702808306711,0.015364915422075917,0.6892992253189087,1.0664132088474374,0.45697350468723086,0.8516489383341384,0.5059138643419118,0.408492268966837,0.5948718651465277,0.10404063734803146,0.6670980615356543,,,,,,,,,0.7258965227090635,0.5022916052921447,,,0.007417744538412744,0.6913091427803342,,,,,,,7.0,7.0,7.0,7.0,28.0,28.0,28.0,28.0,,,,,113.0,,113.0,,,,,,,,,,,,,,,,,,,,,,,,,,,,,,,,,,,,,,,,,,,,,,,,,
q3_rho0.70_always_b12,3,0.7,always,12,5,0,40,mixture,diag,linear-l0.01,quadratic-l0.1|linear-l0.01|linear-l0.01|quadratic-l0.01|linear-l0.01,2.8697023731838933,0.2401900154033799,0.9,2.8697023731838933,2.904038962881519,2.630020127228507,4.86665085268463,0.354883020679782,1.805616172954485,1.8942747470661283,1.441438268833429,8.632537587076259,0.20696024695744208,2.507746966796482,2.558553292807803,2.2219117791375895,5.398655772280507,0.3204736769252152,2.755424713335003,2.794188251219592,2.5022079890284465,4.995842097830425,0.3458024920765348,1.9886997652813736,3.6613417531857912,0.41799498610912666,0.0,0.6931471805599453,,,,,0.0,,,0.0,2.9032851568682667,0.22954322387136833,1.8223518363259905,0.3076688863646533,0.8461413422571822,0.4810471239740135,0.18403156719040636,0.6466727866497817,3.8878201628809537,0.1787622726919337,2.6335265351046364,0.2191423979249282,1.5391222361655128,0.33606672617611266,0.5689883573147755,0.5482406074873524,,,,,,,,,2.382497901493894,0.20737009709258064,,,1.1448187631148288,0.40924180324646764,,,,,,,7.0,7.0,7.0,7.0,28.0,28.0,28.0,28.0,,,,,113.0,,113.0,,,,,,,,,,,,,,,,,,,,,,,,,,,,,,,,,,,,,,,,,,,,,,,,,
q3_rho0.70_always_b12,3,0.7,always,12,10,0,40,pathinfo,diag,gru-w4-l0.01,linear-l0.1|gru-w4-l0.01|linear-l0.1|gru-w4-l0.01|gru-w4-l0.01,0.019933652921078692,0.6732135276388667,0.5875,,,,,,,,,,,,,,,,,,,,,-0.029376602415138186,0.06642784788231401,0.02480956923958197,0.0,0.6931471805599453,,,,,0.0,,,0.0,0.016808983777103513,0.6763381967828417,0.0250935266893219,0.6680536538706233,0.014892419147614088,0.6782547614123311,0.002913290058707889,0.6902338905012374,-0.07100479407701588,0.7641519746369612,0.00992778938403128,0.6832193911759139,0.024094874080066754,0.6690523064798786,0.008989006193793564,0.6841581743661518,,,,,,,,,0.019940684954287913,0.6732064956056574,,,0.010454478728457142,0.6826927018314881,,,,,,,7.0,7.0,7.0,7.0,28.0,28.0,28.0,28.0,,,,,113.0,,113.0,,,,,,,,,,,,,,,,,,,,,,,,,,,,,,,0.23978887592898826,0.019933652921078692,0.0,0.019933652921078692,0.0,0.019933652921078692,0.0,,,,,,,,,,,,
q3_rho0.70_always_b12,3,0.7,always,12,1,0,40,pathinfo,diag,constant,constant|linear-l1|constant|constant|constant,-0.0004955971002907081,0.693642777660236,0.4625,,,,,,,,,,,,,,,,,,,,,-0.00199166292927854,0.0009349594872371837,0.0007387997118312088,0.0,0.6931471805599453,,,,,0.0,,,0.0,-0.013421602804872387,0.7065687833648177,-0.009788964257036159,0.7029361448169814,-0.0031962327220889848,0.6963434132820343,-0.0004713611558889483,0.6936185417158343,-0.026748159437680663,0.719895339997626,-0.013771032018763679,0.706918212578709,-0.006976716690597591,0.7001238972505429,-0.0016182966081091641,0.6947654771680545,,,,,,,,,-0.002640794657051407,0.6957879752169968,,,-0.00011371653099876699,0.693260897090944,,,,,,,7.0,7.0,7.0,7.0,28.0,28.0,28.0,28.0,,,,,113.0,,113.0,,,,,,,,,,,,,,,,,,,,,,,,,,,,,,,0.2502478470985,-0.0004955971002907081,0.0,-0.0004955971002907081,0.0,-0.0004955971002907081,0.0,,,,,,,,,,,,
q3_rho0.70_always_b12,3,0.7,always,12,5,0,40,pathinfo,diag,linear-l0.1,linear-l0.1|linear-l1|gru-w4-l0.01|gru-w4-l0.1|constant,-0.008623903099764758,0.70177108365971,0.5375,,,,,,,,,,,,,,,,,,,,,-0.04006431249557503,0.018959924158472613,0.015115413475182684,0.0,0.6931471805599453,,,,,0.0,,,0.0,-0.02417356772131492,0.7173207482812602,0.0002473539697125576,0.6928998265902327,0.007682630916154792,0.6854645496437904,0.0020141028659307406,0.6911330776940146,-0.05496156507001353,0.7481087456299589,-0.02206255259891728,0.7152097331588626,0.0031944664542954185,0.6899527141056498,0.004518900778298982,0.6886282797816463,,,,,,,,,-0.001982264197518694,0.6951294447574641,,,0.0041910153315255815,0.6889561652284197,,,,,,,7.0,7.0,7.0,7.0,28.0,28.0,28.0,28.0,,,,,113.0,,113.0,,,,,,,,,,,,,,,,,,,,,,,,,,,,,,,0.253895133492847,-0.008623903099764758,0.0,-0.008623903099764758,0.0,-0.008623903099764758,0.0,,,,,,,,,,,,
q3_rho0.70_always_b3,3,0.7,always,3,10,0,40,cost0,direct,gru_direct-w4-l0.1-cap5,gru_direct-w4-l0.1-cap5|gru_direct-w4-l0.1-cap5|gru_direct-w4-l0.1-cap5|gru_direct-w4-l0.1-cap5|gru_direct-w4-l0.1-cap5,0.8521613009696741,0.31609265248451146,0.8875,0.8521613009696741,1.3054603940032377,2.127659341252614,1.7621681174879027,0.7489038786504802,1.63419696883793,1.6699492635044284,1.390078055329766,10.231319172624385,0.23065300960357846,1.5745504823200163,1.6248393058541155,1.9260655168696768,2.8501985719317897,0.5772512262371217,1.1510518108947754,1.4185438906908137,2.070670411457745,1.9899077386750001,0.7024087775439731,-2.595830003487903,2.8792118241783573,1.5928634507064658,0.0,0.6931471805599453,1.72248941736738,0.30750080601664215,0.8521613009696741,0.31609265248451146,0.0,113.0,113.0,0.0,,,,,,,,,,,,,,,,,,,,,,,,,,,,,,,,,,,,,,,,,,,,,,,,,,,,,,,,,,,,,,,,,,,,,,,,,,,,,,,,,,,,,,,,,,,,,,,,,,,,
q3_rho0.70_always_b3,3,0.7,always,3,10,0,40,cost0,main,flat-w4-l0.01,flat-w4-l0.01|gru-w8-l0.01|flat-w4-l0.01|gru-w4-l0.01|flat-w4-l0.01,-1.3366258672502909,0.2726983299956564,0.925,-1.3366258672502909,0.707101380075343,2.2247188554596926,1.1893537643032834,0.9149499436300537,1.822680861354753,1.9937814079674148,1.345761208303141,5.270988471881465,0.3448389301445727,1.420827462575388,1.5301307316737713,1.9639179419364161,1.6385718343824982,0.7663009113515282,-0.01575345050740342,0.9968529057110578,2.148894826096949,1.2796213952851894,0.880065358824134,-9.766652042301784,3.285341353390213,3.9503465474985457,0.0,0.6931471805599453,,,,,0.0,,,0.0,2.085373227891176,0.31409346502455016,1.548578336968034,0.3637384485656038,0.7556857366420338,0.5062527790407649,0.15236236098698425,0.6548643336981652,-2.1008320278869865,0.30519104038908307,1.9241086861993484,0.29751347187187077,1.379009986502534,0.3767118511241892,0.49139742902865013,0.5695078647984723,1.9842380995980868,0.24825340293298498,1.4798889204147192,0.26150749836532045,1.7933520699676548,0.29580271712998274,1.8274337069289188,0.2874000554474536,1.551641930973077,0.21128052573762174,-0.5942038406895858,0.16411231301433402,1.125615155994101,0.4245055925686037,1.1716394352994475,0.416008873803719,1.2347489386044574,0.3647405578350537,0.3732686929256304,0.5965786217990564,7.0,7.0,7.0,7.0,28.0,28.0,28.0,28.0,141.0,281.0,141.0,281.0,113.0,321.0,113.0,321.0,113.0,113.0,,,,,,,,,,,,,,,,,,,,,,,,,,,,,,,,,,,,,,,,,,,,,,
q3_rho0.70_always_b3,3,0.7,always,3,10,0,40,cost0,mem1,gru-w4-l0.01-h1,gru-w4-l0.01-h1|gru-w4-l0.01-h1|gru-w4-l0.01-h1|gru-w4-l0.01-h1|gru-w4-l0.01-h1,1.7480259588236273,0.32732220246028243,0.8625,1.7480259588236273,1.7661062890601453,1.5697240408071624,3.4886692792010052,0.5097176635065621,1.52768901931819,1.634221564169895,1.134216773117792,9.774222217965917,0.2431238943748594,1.737226438250276,1.780835479636027,1.4702279089495676,4.444371329567222,0.43840541584379084,1.748563945059285,1.7730793585169904,1.5431678993212525,3.7189413794953716,0.4903125485089996,0.851033718181207,2.4911276865235767,0.43095957800500695,,,,,,,,,,0.0,,,,,,,,,,,,,,,,,,,,,,,,,,,,,,,,,,,,,,,,,,,,,,,,,,,,,,,0.0,0.6931471805599453,1.7480259588236273,0.32732220246028243,0.9853008667078587,0.4581171697872902,0.0,116.0,116.0,,,,,,,,,,,,,,,,,,,,,,,,,,,,,,,,,,,,,
q3_rho0.70_always_b3,3,0.7,always,3,10,0,40,cost0,mem2,gru-w4-l0.01-h2,gru-w4-l0.01-h2|gru-w4-l0.01-h2|gru-w4-l0.1-h2|gru-w4-l0.01-h2|gru-w4-l0.01-h2,1.6608982452707441,0.36499932692224124,0.8375,1.6608982452707441,1.6732533717197233,1.5118298636419318,4.083838390965808,0.4616545967324421,1.383660358655533,1.464042444044427,1.03440597946897,10.530238423999307,0.2234492285615007,1.6146946718847743,1.6457770762499941,1.3856424975517618,5.1246651547248705,0.39742085844422154,1.6497615008499686,1.6667678973266513,1.4764949460176768,4.338122146448982,0.44410126360175656,0.8062340446525693,2.4087061374798098,0.4193238693937271,,,,,,,,,,0.0,,,,,,,,,,,,,,,,,,,,,,,,,,,,,,,,,,,,,,,,,,,,,,,,,,,,,,,,,,,,,,,,0.0,0.6931471805599453,1.8629975251670614,0.3488170467533068,1.1513488976064923,0.427885371080081,0.0,116.0,116.0,,,,,,,,,,,,,,,,,,,,,,,,,,,,
q3_rho0.70_always_b3,3,0.7,always,3,10,0,40,cost0,mem4,gru-w4-l0.01-h4,gru-w4-l0.01-h4|gru-w4-l0.1-h4|gru-w4-l0.01-h4|gru-w4-l0.01-h4|gru-w4-l0.01-h4,1.7623237139129606,0.36875030543658305,0.825,1.7623237139129606,1.8285618542911928,1.4411038606435038,10.713492496597974,0.1667127247759918,1.3687440409130367,1.4308075639144933,1.0565300694277038,14.427525176120414,0.13023774283574888,1.6737038716866706,1.7405568294919265,1.3511886802972692,11.267806674701735,0.15979578694174856,1.7386961784380506,1.8051910570777565,1.416934476812075,10.847655811584072,0.1649593866814474,1.2205288459275287,2.296833556883276,0.27593671325400804,,,,,,,,,,0.0,,,,,,,,,,,,,,,,,,,,,,,,,,,,,,,,,,,,,,,,,,,,,,,,,,,,,,,,,,,,,,,,,,,,,,,,,0.0,0.6931471805599453,1.7138541944548173,0.3526742715901671,1.25116309866447,0.4070151059253231,0.0,116.0,116.0,,,,,,,,,,,,,,,,,,,
q3_rho0.70_always_b3,3,0.7,always,3,1,0,40,cost0,main,linear-l0.01,linear-l0.01|linear-l0.01|linear-l0.01|linear-l0.01|linear-l0.01,0.4600962960500731,0.5713375330859026,0.6875,0.4600962960500731,0.4601207225290825,0.46710207895548966,19.69121304368598,0.13843539177586361,0.43181801472442477,0.43226323987073484,0.40227367670446784,23.830060634878624,0.10360776402878077,0.45449126203669926,0.45449274980168947,0.4527672812795391,20.500524780428236,0.13090769903023064,0.4586170649413684,0.45862791374929274,0.4632823702560553,19.89989101088245,0.13645715578356885,0.06832153162318887,0.8122539018146829,0.19129942214870377,0.0,0.6931471805599453,,,,,0.0,,,0.0,0.4600962960500731,0.5713375330859026,0.2173829247031404,0.6353954832521989,0.06299336338566464,0.6766718321213715,0.01116383204232961,0.6903328100864965,0.17897365868847323,0.5858720205743042,0.2807359981211411,0.6170348670845158,0.10189120707791108,0.6665183173279126,0.022806831568377144,0.6873644718870209,0.32395660995249054,0.5693204883612097,0.34505997792689536,0.5721748997656178,0.03246876215248473,0.6847526598400672,0.029559475300690384,0.6855021735572352,0.3212473893234754,0.5830712827087203,0.38191552460912265,0.5706432331990298,0.00243473513327509,0.6925393419092127,0.010368197773382165,0.6904767224922863,0.01342145447850759,0.6894399404077652,-0.00011063762769559782,0.6931745506055748,7.0,7.0,7.0,7.0,28.0,28.0,28.0,28.0,33.0,65.0,33.0,65.0,113.0,321.0,113.0,321.0,113.0,113.0,,,,,,,,,,,,,,,,,,,,,,,,,,,,,,,,,,,,,,,,,,,,,,
q3_rho0.70_always_b3,3,0.7,always,3,5,0,40,cost0,main,flat-w4-l0.01,flat-w8-l0.01|gru-w4-l0.01|flat-w4-l0.01|linear-l0.01|flat-w4-l0.01,-1.3995176467192936,0.5530887377151628,0.8,-1.3995176467192936,-0.0764792411398223,1.2059807798325535,2.6935096050568097,0.5511225413527008,0.9097532594275813,0.9101554878953046,0.881657825490735,9.98667945471626,0.18085099552671627,0.059499828401120516,0.40556431916997226,1.1364786835209517,4.0170153812833505,0.4065726338369288,-0.8345032263238791,0.08185485380961399,1.1879106690167016,3.0185246108951334,0.5072328817313054,-6.425247597981222,1.888678366782154,2.2352844273410892,0.0,0.6931471805599453,,,,,0.0,,,0.0,1.2925658832575588,0.45870025206370507,0.7228061468432877,0.536268672972083,0.2667108097453418,0.6277800314046721,0.047987179678636464,0.6811625123109534,1.0112169805540958,0.3842983060306376,1.1658658327990896,0.4417666045326614,0.7189587861625737,0.5216905691193583,0.2173829389082238,0.6385779207436767,-0.9251190545549844,0.49056812756996226,-0.5110554081069164,0.48671810121562353,0.9546456476853257,0.47339170477016645,0.9906456262152947,0.4692453928639673,1.179981772352199,0.34667069186849486,-1.154857971657994,0.40399444603611306,0.25040083086142534,0.6301161756479701,0.24625092104824625,0.6310634295758385,1.0602602943143542,0.43347150377547106,0.015965094135697258,0.689157716762115,7.0,7.0,7.0,7.0,28.0,28.0,28.0,28.0,81.0,161.0,81.0,161.0,113.0,321.0,113.0,321.0,113.0,113.0,,,,,,,,,,,,,,,,,,,,,,,,,,,,,,,,,,,,,,,,,,,,,,
q3_rho0.70_always_b3,3,0.7,always,3,10,0,40,cost2,direct,gru_direct-w4-l0.1-cap5,gru_direct-w4-l0.1-cap5|gru_direct-w4-l0.1-cap5|gru_direct-w4-l0.1-cap5|gru_direct-w4-l0.01-cap5|gru_direct-w4-l0.1-cap5,1.5286278345633526,0.29415219487216576,0.9,1.5286278345633526,1.6608490590544647,2.134542601565628,2.581528958065991,0.6045797412584972,1.6727441926899402,1.7052184500907197,1.4390680771517492,9.62614709091632,0.2180261187153493,1.765574203048459,1.7816757304493547,1.955917379943802,3.813867487824268,0.4761225506444864,1.62192399949355,1.704527926050821,2.085217953202947,2.8701502004811537,0.5682132967768061,-0.7286201967234774,2.8784219807169595,0.9571658309285719,0.0,0.6931471805599453,2.137464191474092,0.25119224060477274,1.56793556375367,0.2918950443297869,0.0,113.0,113.0,0.0,,,,,,,,,,,,,,,,,,,,,,,,,,,,,,,,,,,,,,,,,,,,,,,,,,,,,,,,,,,,,,,,,,,,,,,,,,,,,,,,,,,,,,,,,,,,,,,,,,,,
q3_rho0.70_always_b3,3,0.7,always,3,10,0,40,cost2,main,linear-l0.01,linear-l0.1|flat-w4-l0.01|linear-l0.01|quadratic-l0.01|linear-l0.01,2.384682355800032,0.2693062151639142,0.8875,2.384682355800032,2.418216392784307,2.1475639547954275,4.413659547061175,0.3976514295566648,1.696243911369286,1.7964616803947284,1.3127104561162781,8.704106602744833,0.2209826396150952,2.2032795215731653,2.2565192333824564,1.9114528929666696,5.051960886548879,0.3547518119741475,2.3338948269050257,2.372663240137909,2.0806637248350284,4.570537349721955,0.38619647646828476,1.4863403789472769,3.155156800256122,0.4196775566308693,0.0,0.6931471805599453,,,,,0.0,,,0.0,2.085188041382463,0.2626758692742891,1.7771636771711132,0.31055110184600004,0.8859484866535674,0.47246400723768983,0.1824439387188151,0.6471861203155344,-3.300386096129609,0.2234596724704006,2.0937728172444774,0.23369567236218577,1.558048010350539,0.33250625637231795,0.5652486040369491,0.5502939547188943,3.0967044010479756,0.17950875456009227,3.0952801581484346,0.18709118455846557,2.0190468284752585,0.26518593932877754,2.145546998803226,0.2514022388630722,2.042733920650204,0.21905654017739828,0.9152510675615216,0.23167720465841532,1.3935793708835313,0.3578241842276203,1.457168629445435,0.34673949811978944,1.6008157404665546,0.3268001538518182,0.5715301834293003,0.5406318652813372,7.0,7.0,7.0,7.0,28.0,28.0,28.0,28.0,141.0,281.0,141.0,281.0,113.0,321.0,113.0,321.0,113.0,113.0,,,,,,,,,,,,,,,,,,,,,,,,,,,,,,,,,,,,,,,,,,,,,,
q3_rho0.70_always_b3,3,0.7,always,3,10,0,40,cost2,mem1,gru-w4-l0.01-h1,gru-w4-l0.01-h1|gru-w4-l0.01-h1|gru-w4-l0.01-h1|gru-w4-l0.01-h1|gru-w4-l0.01-h1,1.9121328935201731,0.27168058171989473,0.9,1.9121328935201731,1.9141662339903975,1.9772661300448342,2.355524713521281,0.6336924206253308,1.709911764602976,1.8190203495569757,1.3125012524387,7.907470895013715,0.2657433558296709,1.9522283325668746,1.9654157286501832,1.7984951687876716,3.1583795460714557,0.5310248724158066,1.933375976514272,1.9333960070718357,1.9270599381187488,2.54380793149705,0.6058511181584355,0.33100809114912705,2.9639243327994995,0.6837808929266,,,,,,,,,,0.0,,,,,,,,,,,,,,,,,,,,,,,,,,,,,,,,,,,,,,,,,,,,,,,,,,,,,,,0.0,0.6931471805599453,1.9121328935201731,0.27168058171989473,1.159699595745853,0.41453239864289515,0.0,116.0,116.0,,,,,,,,,,,,,,,,,,,,,,,,,,,,,,,,,,,,,
q3_rho0.70_always_b3,3,0.7,always,3,10,0,40,cost2,mem2,gru-w4-l0.01-h2,gru-w4-l0.1-h2|gru-w4-l0.01-h2|gru-w4-l0.01-h2|gru-w4-l0.01-h2|gru-w4-l0.01-h2,1.6298930872628037,0.2919443091207913,0.9,1.6298930872628037,1.6928787653611246,2.0279925608589844,2.1355496386388264,0.6727588387686385,1.6290442789155535,1.703206553077964,1.2916865348604558,8.704258162019073,0.25134627032815693,1.7982573280533978,1.7983963822049625,1.815026738844664,3.0607751652700124,0.5466699180615973,1.700005366637392,1.7302950411811608,1.96672801188697,2.3459076441603433,0.6383538253287064,-0.508328017160023,2.976341927570942,0.9270068616209827,,,,,,,,,,0.0,,,,,,,,,,,,,,,,,,,,,,,,,,,,,,,,,,,,,,,,,,,,,,,,,,,,,,,,,,,,,,,,0.0,0.6931471805599453,1.7424254055481356,0.2750098400667301,1.3857991854549865,0.36939905159851083,0.0,116.0,116.0,,,,,,,,,,,,,,,,,,,,,,,,,,,,
q3_rho0.70_always_b3,3,0.7,always,3,10,0,40,cost2,mem4,gru-w4-l0.01-h4,gru-w4-l0.1-h4|gru-w4-l0.01-h4|gru-w4-l0.1-h4|gru-w4-l0.01-h4|gru-w4-l0.01-h4,1.094390223098582,0.3147371687770027,0.875,1.094390223098582,1.2833327989416703,1.8410220780185895,2.072162050479081,0.683839779488932,1.5062780418836357,1.5529721972701611,1.2309868539889894,9.120411849772886,0.2348283267031593,1.4760014472802205,1.4917425181439077,1.6640791075200192,3.1210155885528117,0.5395750873707803,1.2431784183584615,1.3536292590102663,1.7895231988773488,2.3077392004894373,0.6440010117730961,-1.5152913379715875,2.674900664325726,1.1533142559269167,,,,,,,,,,0.0,,,,,,,,,,,,,,,,,,,,,,,,,,,,,,,,,,,,,,,,,,,,,,,,,,,,,,,,,,,,,,,,,,,,,,,,,0.0,0.6931471805599453,1.4399567778755604,0.278435606587351,1.4990804758609992,0.34719771386996134,0.0,116.0,116.0,,,,,,,,,,,,,,,,,,,
q3_rho0.70_always_b3,3,0.7,always,3,1,0,40,cost2,main,linear-l0.01,linear-l0.01|linear-l0.01|linear-l0.01|linear-l0.01|linear-l0.01,0.2738178940396705,0.6296854172889649,0.6125,0.2738178940396705,0.2738602069107805,0.26464685588108594,26.341752128752944,0.09247613026902061,0.2570726653953871,0.25730237491182156,0.2357914683120999,28.468962990899687,0.08007469651339784,0.2708735873611893,0.2709423466871542,0.25919254735213426,26.7327294288651,0.09011063920510265,0.273070421335215,0.27311901333894606,0.2632445944172772,26.44151122628477,0.09186834094674057,-0.025284845113413442,0.5635466502161197,0.14981099530389422,0.0,0.6931471805599453,,,,,0.0,,,0.0,0.2738178940396705,0.6296854172889649,0.12335835956288146,0.660970875324599,0.03137646626504006,0.6850879126179169,0.005253022790217563,0.691829481692422,0.033637756532650685,0.6710277434169246,0.08429417748378103,0.6686139614075192,0.030977423423464878,0.6848814220162854,0.007413043223750618,0.6912760706579612,0.1691082749029478,0.6547907968869049,0.17657233636570976,0.6537745929193405,0.010840541224970171,0.6903774711715579,0.005150188732537264,0.691811767726721,0.09782641801834038,0.6664956941778144,0.11911824365841857,0.6605511413964319,0.00025315646673070014,0.6930846603665028,0.004019597627813065,0.69212634207684,0.0046315477526935375,0.6918378998549605,-0.0002901278821506342,0.6932191115815125,7.0,7.0,7.0,7.0,28.0,28.0,28.0,28.0,33.0,65.0,33.0,65.0,113.0,321.0,113.0,321.0,113.0,113.0,,,,,,,,,,,,,,,,,,,,,,,,,,,,,,,,,,,,,,,,,,,,,,
q3_rho0.70_always_b3,3,0.7,always,3,5,0,40,cost2,main,flat-w4-l0.01,quadratic-l1|flat-w4-l0.01|quadratic-l0.1|quadratic-l0.01|flat-w4-l0.01,-0.7567039466169547,0.3983854099231016,0.875,-0.7567039466169547,0.4160917374309785,1.6384370191648585,1.300193483630025,0.8759067590409111,1.3980480169551255,1.4792121227827,1.0473411919833562,8.603985701675963,0.2751731079312355,1.008483988726542,1.0870980560382006,1.4590560811713023,1.970515427095779,0.7054134833642247,0.03222172445080531,0.6482137707632685,1.5856510664432855,1.4291945575723608,0.8344921366385053,-6.999482246299702,2.6360305386063985,2.910210997338403,0.0,0.6931471805599453,,,,,0.0,,,0.0,1.1892562302437342,0.4650407229853924,0.788452372130321,0.515107651495678,0.35071737401668107,0.6041526019086547,0.0687780775967539,0.6758484280872212,1.6378005074478879,0.3389276721397307,1.4469869239787259,0.37378318748897826,0.9416581189240173,0.4664620224224089,0.30304384733404843,0.6162202133475427,-0.18688443455412376,0.31583345066068763,-1.9792256149081617,0.3209175117374867,1.271942583622663,0.40616387876131405,1.3341492531879022,0.39957753538445856,1.6111457200967934,0.36127532016875236,1.930087196577248,0.3337077269622591,0.3980919887650597,0.5866542484481977,0.3945252844133881,0.5857361549830411,1.390300904520182,0.41565347132172314,0.058477885230157386,0.6780146576537721,7.0,7.0,7.0,7.0,28.0,28.0,28.0,28.0,81.0,161.0,81.0,161.0,113.0,321.0,113.0,321.0,113.0,113.0,,,,,,,,,,,,,,,,,,,,,,,,,,,,,,,,,,,,,,,,,,,,,,
q3_rho0.70_always_b3,3,0.7,always,3,10,0,40,endpoint,main,constant,linear-l0.1|constant|mlp-w4-l0.1|constant|linear-l1,-0.01377889616804875,0.7069260767279941,0.4625,,,,,,,,,,,,,,,,,,,,,-0.03913322261012222,0.007901607178718698,0.012373996386360159,0.0,0.6931471805599453,,,,,0.0,,,0.0,-0.017843009680022927,0.7109901902399682,-0.013809496972419132,0.7069566775323645,-0.0039553853125984025,0.6971025658725438,-0.0004625966569696147,0.6936097772169149,-0.013097064112743279,0.7062442446726885,-0.012283286937161304,0.7054304674971066,-0.007079090975094365,0.7002262715350396,-0.0011404954669073431,0.6942876760268526,,,,,,,,,,,,,,,,,,,,,3.0,3.0,3.0,3.0,6.0,6.0,6.0,6.0,,,,,,,,,,,,,,,,,,,,,,,,,,,,,,,,,,,,,,0.25660938278546197,-0.01377889616804875,0.0,-0.01377889616804875,0.0,-0.01377889616804875,0.0,-0.008157572369677285,0.7013047529296225,-0.02197940776296975,0.7151265883229151,-0.006471369779257899,0.6996185503392032,-0.006542887919882877,0.6996900684798282,17.0,33.0,17.0,33.0
q3_rho0.70_always_b3,3,0.7,always,3,1,0,40,endpoint,main,mlp-w4-l0.1,mlp-w4-l0.1|constant|mlp-w4-l0.1|mlp-w4-l0.1|mlp-w4-l0.1,-0.003578241469272657,0.696725422029218,0.5,,,,,,,,,,,,,,,,,,,,,-0.010649613545005302,0.0032580373841347753,0.0035908195103817302,0.0,0.6931471805599453,,,,,0.0,,,0.0,-0.005943889094048476,0.6990910696539937,-0.004919332576942001,0.6980665131368873,-0.001574134642984676,0.69472131520293,-0.00019117236771732244,0.6933383529276627,-0.01318104270841922,0.7063282232683645,-0.008847279919538441,0.7019944604794837,-0.0032270320954607954,0.6963742126554061,-0.00047978110896753636,0.6936269616689128,,,,,,,,,,,,,,,,,,,,,3.0,3.0,3.0,3.0,6.0,6.0,6.0,6.0,,,,,,,,,,,,,,,,,,,,,,,,,,,,,,,,,,,,,,0.2517738510490404,-0.003578241469272657,0.0,-0.003578241469272657,0.0,-0.003578241469272657,0.0,-0.0022347376494240958,0.6953819182093695,-0.002691237229820893,0.6958384177897662,-0.0033612357675242887,0.6965084163274696,-0.0003270857071813918,0.6934742662671266,17.0,33.0,17.0,33.0
q3_rho0.70_always_b3,3,0.7,always,3,2,0,40,endpoint,main,quadratic-l0.1,quadratic-l0.1|mlp-w4-l0.01|quadratic-l1|mlp-w4-l0.1|quadratic-l0.1,0.01919560510173128,0.673951575458214,0.575,,,,,,,,,,,,,,,,,,,,,-0.017146014175070924,0.05529976778491162,0.018603751589740484,0.0,0.6931471805599453,,,,,0.0,,,0.0,-0.0038853753290995774,0.6970325558890449,-0.0018274760988648358,0.6949746566588102,0.0029250570812896413,0.6902221234786556,0.0007083529752444945,0.6924388275847008,0.01844910642413416,0.6746980741358111,0.023888552547601322,0.6692586280123439,0.011990142433353496,0.6811570381265918,0.0025885035985205363,0.6905586769614247,,,,,,,,,,,,,,,,,,,,,3.0,3.0,3.0,3.0,6.0,6.0,6.0,6.0,,,,,,,,,,,,,,,,,,,,,,,,,,,,,,,,,,,,,,0.24047203551938262,0.01919560510173128,0.0,0.01919560510173128,0.0,0.01919560510173128,0.0,0.013592079511714322,0.679555101048231,0.013066682375139044,0.6800804981848062,0.009015498512598131,0.6841316820473471,0.001034877561110869,0.6921123029988344,17.0,33.0,17.0,33.0
q3_rho0.70_always_b3,3,0.7,always,3,3,0,40,endpoint,main,constant,linear-l1|linear-l0.01|constant|quadratic-l1|constant,-0.002656025049404842,0.6958032056093502,0.45,,,,,,,,,,,,,,,,,,,,,-0.01917397232435088,0.014421258754001461,0.008658015654237204,0.0,0.6931471805599453,,,,,0.0,,,0.0,-0.00809911249545862,0.701246293055404,-0.006741127410978448,0.6998883079709237,-0.0004444894517881895,0.6935916700117335,0.00011898282688952016,0.6930281977330558,-0.0041664694263745935,0.69731364998632,-0.0027506869475680596,0.6958978675075134,0.0008906222734335667,0.6922565582865117,0.0005284672449377747,0.6926187133150075,,,,,,,,,,,,,,,,,,,,,3.0,3.0,3.0,3.0,6.0,6.0,6.0,6.0,,,,,,,,,,,,,,,,,,,,,,,,,,,,,,,,,,,,,,0.2513693363406481,-0.002656025049404842,0.0,-0.002656025049404842,0.0,-0.002656025049404842,0.0,-0.0011487659007732103,0.6942959464607185,-0.003876518031538931,0.6970236985914843,-0.00044338258551917533,0.6935905631454645,-0.0018931996364733542,0.6950403801964187,17.0,33.0,17.0,33.0
q3_rho0.70_always_b3,3,0.7,always,3,4,0,40,endpoint,main,mlp-w4-l0.01,constant|mlp-w4-l0.01|quadratic-l0.1|mlp-w4-l0.1|mlp-w4-l0.01,-0.02462342638682517,0.7177706069467705,0.4375,,,,,,,,,,,,,,,,,,,,,-0.045346860978757106,-0.005308728070859612,0.01034518508726247,0.0,0.6931471805599453,,,,,0.0,,,0.0,-0.02045521928091295,0.7136023998408583,-0.016073377340018805,0.7092205578999641,-0.005157474849829205,0.6983046554097745,-0.0006401252379841571,0.6937873057979294,-0.02395520140543167,0.7171023819653769,-0.014519148066180173,0.7076663286261254,-0.004478019657347945,0.6976252002172932,-0.0005255972478812335,0.6936727778078264,,,,,,,,,,,,,,,,,,,,,3.0,3.0,3.0,3.0,6.0,6.0,6.0,6.0,,,,,,,,,,,,,,,,,,,,,,,,,,,,,,,,,,,,,,0.26203866086254923,-0.02462342638682517,0.0,-0.02462342638682517,0.0,-0.02462342638682517,0.0,-0.026778135321586467,0.7199253158815317,-0.024082892961267872,0.7172300735212132,-0.004660789240965699,0.697807969800911,-0.0036652363777989125,0.6968124169377442,17.0,33.0,17.0,33.0
q3_rho0.70_always_b3,3,0.7,always,3,5,0,40,endpoint,main,quadratic-l0.1,constant|quadratic-l0.1|quadratic-l0.1|mlp-w4-l0.1|mlp-w4-l0.01,-0.01719986340914572,0.710347043969091,0.4625,,,,,,,,,,,,,,,,,,,,,-0.040208305604012645,0.006346559557180175,0.011920210690300614,0.0,0.6931471805599453,,,,,0.0,,,0.0,-0.02169574273011705,0.7148429232900624,-0.017902525201843433,0.7110497057617887,-0.006085460111388175,0.6992326406713335,-0.0007846669635090703,0.6939318475234544,-0.018684118237169645,0.7118312987971149,-0.014792468863495964,0.7079396494234412,-0.007156898242183453,0.7003040788021287,-0.001257773397186579,0.6944049539571319,,,,,,,,,,,,,,,,,,,,,3.0,3.0,3.0,3.0,6.0,6.0,6.0,6.0,,,,,,,,,,,,,,,,,,,,,,,,,,,,,,,,,,,,,,0.2585352043430328,-0.01719986340914572,0.0,-0.01719986340914572,0.0,-0.01719986340914572,0.0,-0.01927380386928179,0.7124209844292271,-0.019228788615129753,0.7123759691750751,-0.009102566866768835,0.7022497474267141,-0.003227618244751737,0.696374798804697,17.0,33.0,17.0,33.0
q3_rho0.70_always_b3,3,0.7,always,3,6,0,40,endpoint,main,linear-l1,linear-l1|mlp-w4-l0.1|linear-l1|linear-l0.1|linear-l1,0.004065594003872307,0.689081586556073,0.5875,,,,,,,,,,,,,,,,,,,,,-0.014405037133754454,0.020314932638022497,0.009129359881892235,0.0,0.6931471805599453,,,,,0.0,,,0.0,-0.0015293890988261796,0.6946765696587714,0.0034449978960311043,0.6897021826639141,0.005788341466034052,0.6873588390939112,0.0011666236534651777,0.6919805569064801,-0.02613886833642356,0.7192860488963688,-0.009997610756023687,0.703144791315969,0.0047840892948825525,0.6883630912650627,0.0021733767175954725,0.6909738038423499,,,,,,,,,,,,,,,,,,,,,3.0,3.0,3.0,3.0,6.0,6.0,6.0,6.0,,,,,,,,,,,,,,,,,,,,,,,,,,,,,,,,,,,,,,0.24796361887420396,0.004065594003872307,0.0,0.004065594003872307,0.0,0.004065594003872307,0.0,0.003950174102565894,0.6891970064573794,-0.0010317007328683194,0.6941788812928136,0.011642095643416533,0.6815050849165287,0.003017392112810809,0.6901297884471345,17.0,33.0,17.0,33.0
q3_rho0.70_always_b3,3,0.7,always,3,7,0,40,endpoint,main,mlp-w4-l0.1,quadratic-l1|mlp-w4-l0.1|mlp-w4-l0.1|mlp-w4-l0.1|mlp-w4-l0.1,0.007186805389791068,0.6859603751701542,0.6,,,,,,,,,,,,,,,,,,,,,-0.012881989728025213,0.02663561504177946,0.01028092505649179,0.0,0.6931471805599453,,,,,0.0,,,0.0,-0.0034412230229402064,0.6965884035828855,0.0006167234278326155,0.6925304571321126,0.003451211322439034,0.6896959692375063,0.0007396360231164536,0.6924075445368288,-0.013763539848028005,0.7069107204079733,-0.003465563763597859,0.6966127443235431,0.004681503065477636,0.6884656774944677,0.001805623689990292,0.691341556869955,,,,,,,,,,,,,,,,,,,,,3.0,3.0,3.0,3.0,6.0,6.0,6.0,6.0,,,,,,,,,,,,,,,,,,,,,,,,,,,,,,,,,,,,,,0.24636342498623867,0.007186805389791068,0.0,0.007186805389791068,0.0,0.007186805389791068,0.0,-0.0009390037143758391,0.6940861842743212,-0.011331006406195237,0.7044781869661405,0.010643703329998444,0.6825034772299469,-0.0012963492679766819,0.6944435298279219,17.0,33.0,17.0,33.0
q3_rho0.70_always_b3,3,0.7,always,3,8,0,40,endpoint,main,linear-l0.1,linear-l0.1|constant|linear-l1|mlp-w4-l0.1|linear-l0.1,-0.01427110126358167,0.7074182818235271,0.525,,,,,,,,,,,,,,,,,,,,,-0.05377911707635942,0.018155610048296033,0.0182722701522405,0.0,0.6931471805599453,,,,,0.0,,,0.0,-0.009261033633315142,0.7024082141932604,-0.003881889696900835,0.6970290702568461,0.002550431227528312,0.690596749332417,0.0006661474064880796,0.6924810331534571,-0.01752736692233408,0.7106745474822793,-0.011698316281228688,0.7048454968411739,-8.562548418478353e-05,0.69323280604413,0.0010132338821193757,0.6921339466778259,,,,,,,,,,,,,,,,,,,,,3.0,3.0,3.0,3.0,6.0,6.0,6.0,6.0,,,,,,,,,,,,,,,,,,,,,,,,,,,,,,,,,,,,,,0.25662760939972296,-0.01427110126358167,0.0,-0.01427110126358167,0.0,-0.01427110126358167,0.0,-0.004113895628984375,0.6972610761889297,-0.01630951584246849,0.7094566964024137,0.006757733026338197,0.686389447533607,-0.004579962906925766,0.697727143466871,17.0,33.0,17.0,33.0
q3_rho0.70_always_b3,3,0.7,always,3,9,0,40,endpoint,main,constant,quadratic-l0.01|constant|constant|constant|constant,-0.019867190537655822,0.7130143710976011,0.4875,,,,,,,,,,,,,,,,,,,,,-0.057694432282693504,0.002283629657928557,0.015854106769202507,0.0,0.6931471805599453,,,,,0.0,,,0.0,-0.003877538223421699,0.6970247187833669,-0.0008104811472190873,0.6939576617071644,0.0024905292876981596,0.6906566512722472,0.0005642410886113989,0.692582939471334,-0.01510034803675261,0.7082475285966978,-0.009017452683469724,0.702164633243415,-0.0004964903559303548,0.6936436709158756,0.0005338409717979859,0.6926133395881473,,,,,,,,,,,,,,,,,,,,,3.0,3.0,3.0,3.0,6.0,6.0,6.0,6.0,,,,,,,,,,,,,,,,,,,,,,,,,,,,,,,,,,,,,,0.25888186511093114,-0.019867190537655822,0.0,-0.019867190537655822,0.0,-0.019867190537655822,0.0,-0.007778309604978886,0.7009254901649242,-0.017750337900748203,0.7108975184606935,0.003771854084104644,0.6893753264758407,-0.005730929713333982,0.6988781102732793,17.0,33.0,17.0,33.0
q3_rho0.70_always_b3,3,0.7,always,3,10,0,40,mixture,diag,gru-w4-l0.01,gru-w4-l0.01|gru-w4-l0.01|gru-w4-l0.01|gru-w4-l0.01|linear-l0.01,1.6567332879366936,0.23035835363266557,0.925,1.6567332879366936,1.7422710744316912,2.129231489890649,1.3181490255638695,0.8691264760518076,1.9319286364729127,2.1771930909762247,1.3845965202934556,5.703862137524416,0.37797631844447654,2.057902949176472,2.066695706821762,1.9310884656161782,1.6876891702028562,0.7638259836229854,1.8211029444683695,1.8485302761216889,2.073944460112868,1.396340654508798,0.8436103589412998,-0.9192221658086653,3.1730837289250085,1.1898998929469597,0.0,0.6931471805599453,,,,,0.0,,,0.0,2.139728605863098,0.27965831850459033,1.693618441323811,0.33240329350727704,0.8652099018835347,0.47905946177060654,0.18646519616413199,0.6462064569443701,-1.8334011974411801,0.24444589931229413,2.044998193652118,0.25851328108657434,1.5043262137457065,0.3483371865796846,0.5639463701457382,0.5509255348338289,,,,,,,,,1.8847540455220855,0.18341442180570935,,,1.2634653422245017,0.39345770178644274,,,,,,,7.0,7.0,7.0,7.0,28.0,28.0,28.0,28.0,,,,,113.0,,113.0,,,,,,,,,,,,,,,,,,,,,,,,,,,,,,,,,,,,,,,,,,,,,,,,,
q3_rho0.70_always_b3,3,0.7,always,3,1,0,40,mixture,diag,linear-l0.01,linear-l0.01|linear-l0.1|linear-l0.01|linear-l0.01|linear-l0.01,0.3286272392778235,0.6108532381400817,0.68125,0.3286272392778235,0.32878625107217485,0.3465666201872295,23.70964128956274,0.11056182243192014,0.3116166747105774,0.3116374965333447,0.30517735966638904,26.690763239140963,0.08986444831328197,0.32541075535285546,0.3254906119319734,0.338101816183082,24.277724618538734,0.10637024287386099,0.3277931876839172,0.3279288157786677,0.3443535872371499,23.855512916813847,0.10947335557310382,0.005104479099703753,0.6246314126516288,0.158090603493233,0.0,0.6931471805599453,,,,,0.0,,,0.0,0.381497619543285,0.5981193238458836,0.18478079511658935,0.6440079203597036,0.052737434177843254,0.6794010509627799,0.00932826820603078,0.6907990105596221,0.1993861282413875,0.6246407732831578,0.21202212003174986,0.6360248529898942,0.07789242272970162,0.6726416699816563,0.017583397712837387,0.6886938405682502,,,,,,,,,0.32963854215092325,0.6063073989952297,,,0.0016283496551563192,0.6927401303879909,,,,,,,7.0,7.0,7.0,7.0,28.0,28.0,28.0,28.0,,,,,113.0,,113.0,,,,,,,,,,,,,,,,,,,,,,,,,,,,,,,,,,,,,,,,,,,,,,,,,
q3_rho0.70_always_b3,3,0.7,always,3,5,0,40,mixture,diag,gru-w4-l0.01,gru-w4-l0.01|gru-w4-l0.01|quadratic-l0.01|quadratic-l0.01|quadratic-l0.1,1.8145986041623074,0.34615460720360075,0.85,1.8145986041623074,1.817121355102148,1.745238691829647,4.573062945684114,0.35665017299908147,1.483200951733846,1.5546744447405745,1.1511881000251791,9.869929965675214,0.20896814099519387,1.7397885391964134,1.7544409322785173,1.5782278310583266,5.317865271660003,0.32142586009396173,1.7934516995507999,1.7984112691269785,1.6971353959843765,4.753184711581758,0.3472360472204183,0.8051611878631335,2.606686152447471,0.48352766760489757,0.0,0.6931471805599453,,,,,0.0,,,0.0,1.3001445139181884,0.4491304060352593,0.7739466889157525,0.5226947997232771,0.3143229442358232,0.6150183695819516,0.06038948612758514,0.6780188628272057,1.4063001206517878,0.3419062534465889,1.3606516190003828,0.3998234634270682,0.8521216536426174,0.49026279778011916,0.2678008504978312,0.6255856046236588,,,,,,,,,1.6464874225561048,0.3290870033773679,,,0.3223417068813365,0.6101851229874458,,,,,,,7.0,7.0,7.0,7.0,28.0,28.0,28.0,28.0,,,,,113.0,,113.0,,,,,,,,,,,,,,,,,,,,,,,,,,,,,,,,,,,,,,,,,,,,,,,,,
q3_rho0.70_always_b3,3,0.7,always,3,10,0,40,pathinfo,diag,constant,linear-l0.1|constant|constant|gru-w4-l0.1|linear-l1,-0.01663446962301083,0.7097816501829561,0.475,,,,,,,,,,,,,,,,,,,,,-0.04245051481734598,0.002836459160408165,0.01147370708272627,0.0,0.6931471805599453,,,,,0.0,,,0.0,-0.017764915455005557,0.7109120960149509,-0.012327314534778325,0.7054744950947236,-0.0029250297429179186,0.6960722103028631,-0.00012498539953598037,0.6932721659594814,-0.09275845049395924,0.7859056310539045,-0.015115911722660868,0.7082630922826062,-0.006822662769213122,0.6999698433291585,-0.0015688778178552369,0.6947160583778005,,,,,,,,,-0.014890944520056371,0.7080381250800016,,,-0.003190814343475394,0.6963379949034207,,,,,,,7.0,7.0,7.0,7.0,28.0,28.0,28.0,28.0,,,,,113.0,,113.0,,,,,,,,,,,,,,,,,,,,,,,,,,,,,,,0.257793296239334,-0.01663446962301083,0.0,-0.01663446962301083,0.0,-0.01663446962301083,0.0,,,,,,,,,,,,
q3_rho0.70_always_b3,3,0.7,always,3,1,0,40,pathinfo,diag,constant,constant|constant|constant|constant|constant,0.0,0.6931471805599453,0.5,,,,,,,,,,,,,,,,,,,,,0.0,0.0,0.0,0.0,0.6931471805599453,,,,,0.0,,,0.0,-0.016341602794881477,0.7094887833548268,-0.00933004313845132,0.7024772236983966,-0.002674969031267083,0.6958221495912124,-0.00037458557278748225,0.6935217661327328,-0.06745782933250195,0.7606050098924473,-0.024840216182827356,0.7179873967427727,-0.008046303173014961,0.7011934837329603,-0.001516293470268773,0.6946634740302141,,,,,,,,,-0.002436095282407784,0.6955832758423531,,,-9.839771847721529e-05,0.6932455782784225,,,,,,,7.0,7.0,7.0,7.0,28.0,28.0,28.0,28.0,,,,,113.0,,113.0,,,,,,,,,,,,,,,,,,,,,,,,,,,,,,,0.25,0.0,0.0,0.0,0.0,0.0,0.0,,,,,,,,,,,,
q3_rho0.70_always_b3,3,0.7,always,3,5,0,40,pathinfo,diag,linear-l10,linear-l10|gru-w4-l0.01|quadratic-l1|linear-l1|constant,-0.015225199356777677,0.708372379916723,0.4625,,,,,,,,,,,,,,,,,,,,,-0.03072729494397581,-0.0012877999296472516,0.007592488270511045,0.0,0.6931471805599453,,,,,0.0,,,0.0,-0.03287062943530691,0.7260178099952521,-0.020714062795139324,0.7138612433550846,-0.007174897122209835,0.700322077682155,-0.0009172573659472785,0.6940644379258926,-0.08403083063834603,0.7771780111982913,-0.014766220857087337,0.7079134014170327,-0.0005702737484314082,0.6937174543083767,-0.0006279300125771228,0.6937751105725224,,,,,,,,,-0.017014421493251324,0.7101616020531966,,,-0.0034299098677980353,0.6965770904277433,,,,,,,7.0,7.0,7.0,7.0,28.0,28.0,28.0,28.0,,,,,113.0,,113.0,,,,,,,,,,,,,,,,,,,,,,,,,,,,,,,0.2575201988853638,-0.015225199356777677,0.0,-0.015225199356777677,0.0,-0.015225199356777677,0.0,,,,,,,,,,,,
q3_rho0.70_sensing_b12,3,0.7,sensing,12,10,0,40,cost0,direct,gru_direct-w4-l0.1-cap5,gru_direct-w4-l0.1-cap5|gru_direct-w4-l0.01-cap5|gru_direct-w4-l0.1-cap5|gru_direct-w4-l0.1-cap5|gru_direct-w4-l0.1-cap5,0.8896043566426565,0.5377241333718739,0.775,0.8896043566426565,0.8906546673647111,0.8444693360864663,17.253339191451623,0.1281660686845252,0.732090878074242,0.7374798511538849,0.6318351247343641,20.049435339130326,0.10416835373961685,0.8542180864419023,0.8558794225351434,0.7976776578570053,17.755355141123108,0.12322282045052009,0.8801835073727915,0.8813792176646265,0.8320752246731706,17.381226643573974,0.12687771643024987,0.3977144542110317,1.3636484668467743,0.25137599138445765,0.0,0.6931471805599453,0.7029739395089254,0.5606922435120907,0.7732973541545013,0.5478068039631419,0.0,113.0,113.0,0.0,,,,,,,,,,,,,,,,,,,,,,,,,,,,,,,,,,,,,,,,,,,,,,,,,,,,,,,,,,,,,,,,,,,,,,,,,,,,,,,,,,,,,,,,,,,,,,,,,,,,
q3_rho0.70_sensing_b12,3,0.7,sensing,12,10,0,40,cost0,main,linear-l0.01,linear-l0.01|linear-l0.01|linear-l0.1|linear-l0.1|gru-w4-l0.01,0.6757097334256219,0.5501906755199157,0.75,0.6757097334256219,0.6806972110826781,0.7789367239269784,7.905823490450129,0.31967728955476077,0.6988613534383219,0.7058402620224438,0.5853242201095179,17.497521267698957,0.15991062746838666,0.7041652875532084,0.7046388249107856,0.7352563644566543,9.821264299837349,0.2738613098678489,0.6851533958727274,0.6883531676945979,0.7672977946020975,8.38962344041078,0.3068907478577402,-0.17277554509031548,1.3620603288242994,0.3869457189654413,0.0,0.6931471805599453,,,,,0.0,,,0.0,0.8743591073042026,0.5122470889489197,0.6818584028515539,0.5502701153601193,0.32539815268621836,0.6162226978681817,0.06349844070246612,0.6773821161950003,-4.599318821344292,0.5299987222724553,0.6064519550552486,0.5187357541148587,0.6033447897397842,0.5588398878315697,0.21413635686772975,0.6408958806029996,0.48931492534071613,0.5678488606525748,0.3316258382623296,0.5453748839506873,0.651868733764122,0.5486386755811725,0.6359258843545474,0.5477338220643032,0.698902178743751,0.5746591294440266,0.48672481264062206,0.5975504640757231,0.4194293053496171,0.5970833593820292,0.43176695705213436,0.5946503241448651,0.319049912079919,0.6107204357402356,0.18534728928585636,0.6481657696572757,7.0,7.0,7.0,7.0,28.0,28.0,28.0,28.0,141.0,281.0,141.0,281.0,113.0,321.0,113.0,321.0,113.0,113.0,,,,,,,,,,,,,,,,,,,,,,,,,,,,,,,,,,,,,,,,,,,,,,
q3_rho0.70_sensing_b12,3,0.7,sensing,12,10,0,40,cost0,mem1,gru-w4-l0.01-h1,gru-w4-l0.01-h1|gru-w4-l0.01-h1|gru-w4-l0.01-h1|gru-w4-l0.01-h1|gru-w4-l0.01-h1,0.6824061013882785,0.5438131087562998,0.725,0.6824061013882785,0.6836714196226594,0.7335585912795113,7.897947202961179,0.325646717114329,0.6980943448469964,0.709401605603777,0.5551548869393538,17.835934467649185,0.16416446535333232,0.7078230534486513,0.7079220757312561,0.6938161599941906,9.856126129432658,0.27990382726133456,0.6908850649269818,0.6913896862383813,0.7229909451614489,8.38962408500524,0.3129237731742686,-0.11143615191979984,1.3252135162910044,0.3683566155205567,,,,,,,,,,0.0,,,,,,,,,,,,,,,,,,,,,,,,,,,,,,,,,,,,,,,,,,,,,,,,,,,,,,,0.0,0.6931471805599453,0.6824061013882785,0.5438131087562998,0.2540190717315401,0.6324040548234547,0.0,116.0,116.0,,,,,,,,,,,,,,,,,,,,,,,,,,,,,,,,,,,,,
q3_rho0.70_sensing_b12,3,0.7,sensing,12,10,0,40,cost0,mem2,gru-w4-l0.01-h2,gru-w4-l0.1-h2|gru-w4-l0.01-h2|gru-w4-l0.1-h2|gru-w4-l0.01-h2|gru-w4-l0.01-h2,0.7703279006348789,0.5623484082597161,0.7625,0.7703279006348789,0.787540610413908,0.5960802934683869,23.826120452649974,0.10377542383285729,0.6284071448257136,0.6462520965418095,0.4511940023825007,25.79270429798584,0.09097027743634484,0.7374816995813278,0.7548556705630632,0.5624719020521639,24.17561569144832,0.10137404127779508,0.7615193478304503,0.7787751949322919,0.5870674596661349,23.91485589086084,0.10316014832049454,0.2950593396627453,1.2357566212004367,0.24457441021924325,,,,,,,,,,0.0,,,,,,,,,,,,,,,,,,,,,,,,,,,,,,,,,,,,,,,,,,,,,,,,,,,,,,,,,,,,,,,,0.0,0.6931471805599453,0.7300453193421632,0.5411537663850247,0.41758598624386034,0.5969960576045199,0.0,116.0,116.0,,,,,,,,,,,,,,,,,,,,,,,,,,,,
q3_rho0.70_sensing_b12,3,0.7,sensing,12,10,0,40,cost0,mem4,gru-w4-l0.01-h4,gru-w4-l0.1-h4|gru-w4-l0.01-h4|gru-w4-l0.1-h4|gru-w4-l0.01-h4|gru-w4-l0.01-h4,0.7925734788363712,0.5579057598080834,0.75,0.7925734788363712,0.8038802232701221,0.6496371168246629,21.098729618115296,0.11279275306873332,0.6518547267269407,0.6655275518469431,0.49547633230179267,23.58592910001021,0.09625833683889702,0.7589718514852251,0.7707699593695683,0.6131238936421277,21.542437324807494,0.10960794221250644,0.7834715132834684,0.7949061241027815,0.6397708347446245,21.2114166732473,0.11197307988728684,0.2597309774956774,1.294596008076386,0.26409944640773036,,,,,,,,,,0.0,,,,,,,,,,,,,,,,,,,,,,,,,,,,,,,,,,,,,,,,,,,,,,,,,,,,,,,,,,,,,,,,,,,,,,,,,0.0,0.6931471805599453,0.7985990661596377,0.5537926633126361,0.5058946781971587,0.5785077798959273,0.0,116.0,116.0,,,,,,,,,,,,,,,,,,,
q3_rho0.70_sensing_b12,3,0.7,sensing,12,1,0,40,cost0,main,flat-w4-l0.01,flat-w4-l0.01|flat-w4-l0.01|flat-w8-l0.01|constant|quadratic-l1,0.04077582836097667,0.6842709695415137,0.5625,0.04077582836097667,0.04093852126884814,0.05892290675522096,36.26685281251964,0.05615471756274937,0.04038706774960943,0.04049224975378155,0.05496120446432188,36.5362820821779,0.053918487253720594,0.04071034198873489,0.040862353979818675,0.05824811372193055,36.31327845671875,0.05577041840867011,0.04075932442298556,0.04091928789782116,0.0587526272003983,36.27858869578276,0.05605761645905206,-0.09243785854934926,0.17873927446344723,0.06847598961572256,0.0,0.6931471805599453,,,,,0.0,,,0.0,0.03702261791925963,0.6820043516936349,0.040485497769620904,0.6821528762855812,0.01631407968377104,0.6889479319148046,0.002984315202960283,0.6923978550173425,-0.37148461824495016,0.7312842587900605,-0.014356464944981929,0.690225239176421,0.03620684833203312,0.6834973849898625,0.01443681405612951,0.6895168559518714,0.037262987272319546,0.6838359055556096,0.04813017425028958,0.6822951599997106,0.009538530885762467,0.690747165505377,0.010903743931578938,0.6905033859137492,-0.003317865677408488,0.6935776529212163,0.0033280638320413447,0.692225410975532,0.0006026931772197958,0.6929982252016897,0.0005683982253093494,0.6930041001491717,0.003007377050713411,0.6923655836160586,-0.00010376079007334005,0.6931729786593182,7.0,7.0,7.0,7.0,28.0,28.0,28.0,28.0,33.0,65.0,33.0,65.0,113.0,321.0,113.0,321.0,113.0,113.0,,,,,,,,,,,,,,,,,,,,,,,,,,,,,,,,,,,,,,,,,,,,,,
q3_rho0.70_sensing_b12,3,0.7,sensing,12,5,0,40,cost0,main,linear-l0.1,linear-l0.1|linear-l0.1|linear-l0.1|linear-l0.1|linear-l0.1,0.5279716251828779,0.579903179326364,0.6875,0.5279716251828779,0.538267964181024,0.3912506902308068,25.877939517617946,0.07897223032126095,0.480326787632812,0.4913756558587801,0.33894655383561895,27.253909744197085,0.07355669779481895,0.5191140217124743,0.5295572870323182,0.3814689893338408,26.11535166982863,0.0780163737697212,0.525703290779258,0.5360374312854299,0.38874391162398586,25.937953760454363,0.07872970631675859,0.2199174968225907,0.8347851788192721,0.15321775358589437,0.0,0.6931471805599453,,,,,0.0,,,0.0,0.7588493578107871,0.5465965920329203,0.5279716251828779,0.579903179326364,0.20883515899299637,0.6430547661520033,0.038704421516675296,0.6835215465825022,0.49788876166146834,0.5582252552010976,0.6525949941248713,0.5590465425350299,0.4378656437024019,0.5961649923152595,0.14379876025048946,0.658066071907833,0.19274924113281147,0.5855980824616908,0.3369258068450463,0.577960373127933,0.39295031759045673,0.601785825166641,0.4364770965854312,0.5940055622839023,0.4896308010798718,0.5825102093438104,0.3886898885250752,0.5884697906778118,0.19443751839140702,0.6467590116398171,0.19935131161858366,0.6456214272047096,0.15526933946720173,0.6526388857442418,0.02419369938004459,0.6871621117534208,7.0,7.0,7.0,7.0,28.0,28.0,28.0,28.0,81.0,161.0,81.0,161.0,113.0,321.0,113.0,321.0,113.0,113.0,,,,,,,,,,,,,,,,,,,,,,,,,,,,,,,,,,,,,,,,,,,,,,
q3_rho0.70_sensing_b12,3,0.7,sensing,12,10,0,40,cost2,direct,gru_direct-w4-l0.1-cap5,gru_direct-w4-l0.1-cap5|gru_direct-w4-l0.1-cap5|gru_direct-w4-l0.1-cap5|gru_direct-w4-l0.1-cap5|gru_direct-w4-l0.01-cap5,1.08052351149292,0.35949954161004455,0.875,1.08052351149292,1.3016287066580954,1.9003941000062448,3.9741983423064986,0.4654506879590716,1.3609199718437779,1.361216583159169,1.3367611479945534,11.404125036684379,0.16879082956219776,1.3070761153283796,1.3857487598131042,1.757836763966519,5.687841308414962,0.3589271060522271,1.1627622125955175,1.331461086767602,1.8611269638978958,4.406179592670457,0.4340912816972337,-0.8579228521473679,2.285710951878467,0.8483420621269723,0.0,0.6931471805599453,1.5109749039435552,0.3674482253399235,1.1059589722089191,0.3775324798634899,0.0,113.0,113.0,0.0,,,,,,,,,,,,,,,,,,,,,,,,,,,,,,,,,,,,,,,,,,,,,,,,,,,,,,,,,,,,,,,,,,,,,,,,,,,,,,,,,,,,,,,,,,,,,,,,,,,,
q3_rho0.70_sensing_b12,3,0.7,sensing,12,10,0,40,cost2,main,quadratic-l0.1,quadratic-l0.1|linear-l0.1|linear-l0.01|quadratic-l0.1|linear-l0.01,1.94234345368575,0.2691354322564588,0.9,1.94234345368575,1.9424681178647876,1.9266363187148925,2.7389950843601483,0.5814610425710127,1.6775261298024469,1.7803864802215421,1.289782813299262,8.556665301201148,0.2552050322896545,1.9338699170786797,1.9525405998769267,1.7528722353230073,3.6055514908885473,0.4905765764854355,1.9459424470472606,1.9483811079013194,1.877720846421441,2.945393367075856,0.5566485048398643,0.6067750549114084,2.8429709725424517,0.5752641412499873,0.0,0.6931471805599453,,,,,0.0,,,0.0,2.093145324829604,0.272421971580615,1.6439331366429246,0.33397438284872555,0.82529651362574,0.48759334340407817,0.17053287438890674,0.6502275491964318,-3.1416477491539303,0.20642490422818405,1.991904830412733,0.24990167873391336,1.4306832504525082,0.35542682526608743,0.5245808315267146,0.5601605210382081,1.6534016731090055,0.28512525603137046,1.4063748956461573,0.2915079278097382,1.5387076151305825,0.3408661392276899,1.6217068802643628,0.32772630009899567,0.9758282527458849,0.3215380066960939,1.8985374005395108,0.2952751788867441,1.1586983311114423,0.40756872626940055,1.209438593865881,0.3972943680628138,1.300824446607032,0.3527116403247613,0.7487896243705341,0.502331355366354,7.0,7.0,7.0,7.0,28.0,28.0,28.0,28.0,141.0,281.0,141.0,281.0,113.0,321.0,113.0,321.0,113.0,113.0,,,,,,,,,,,,,,,,,,,,,,,,,,,,,,,,,,,,,,,,,,,,,,
q3_rho0.70_sensing_b12,3,0.7,sensing,12,10,0,40,cost2,mem1,gru-w4-l0.01-h1,gru-w4-l0.01-h1|gru-w4-l0.01-h1|gru-w4-l0.01-h1|gru-w4-l0.01-h1|gru-w4-l0.01-h1,1.2682743580922686,0.35593590402286235,0.85,1.2682743580922686,1.3154965037795554,1.6078475638247434,2.782204628347833,0.5841116720313038,1.3933174605932404,1.4322923534441772,1.1394784356614125,10.587567720265694,0.2187314346654313,1.4379257860961905,1.4393794573744498,1.4928190025167603,4.026768412445878,0.4692852066469919,1.3317429704357413,1.3575640471384522,1.5765223814432994,3.0715087842860296,0.5519905713536551,-0.48826619077739014,2.3567705652143647,0.75631161937005,,,,,,,,,,0.0,,,,,,,,,,,,,,,,,,,,,,,,,,,,,,,,,,,,,,,,,,,,,,,,,,,,,,,0.0,0.6931471805599453,1.2682743580922686,0.35593590402286235,0.9335385167725299,0.4666346532776995,0.0,116.0,116.0,,,,,,,,,,,,,,,,,,,,,,,,,,,,,,,,,,,,,
q3_rho0.70_sensing_b12,3,0.7,sensing,12,10,0,40,cost2,mem2,gru-w4-l0.01-h2,gru-w4-l0.01-h2|gru-w4-l0.01-h2|gru-w4-l0.1-h2|gru-w4-l0.01-h2|gru-w4-l0.01-h2,1.0968279569393617,0.3567082236710116,0.85,1.0968279569393617,1.1955269354912468,1.6092184278945574,2.385459181478466,0.6363581746320521,1.3723653621119147,1.4135099370067243,1.1122530227500775,10.285018636105692,0.22562152358477344,1.3658433452574297,1.3720493642021672,1.4814278621540806,3.5677824001611684,0.5053125753045825,1.1985938435600183,1.2552419503580223,1.573967114169641,2.653222786127927,0.5998998879453254,-1.0341270016215482,2.3759429658957614,0.9218069031768737,,,,,,,,,,0.0,,,,,,,,,,,,,,,,,,,,,,,,,,,,,,,,,,,,,,,,,,,,,,,,,,,,,,,,,,,,,,,,0.0,0.6931471805599453,1.233744940571269,0.33478897007565334,1.1725524389739677,0.4154156602146702,0.0,116.0,116.0,,,,,,,,,,,,,,,,,,,,,,,,,,,,
q3_rho0.70_sensing_b12,3,0.7,sensing,12,10,0,40,cost2,mem4,gru-w4-l0.01-h4,gru-w4-l0.01-h4|gru-w4-l0.1-h4|gru-w4-l0.1-h4|gru-w4-l0.01-h4|gru-w4-l0.01-h4,0.36996495495608395,0.32908064155944533,0.8875,0.36996495495608395,0.8320136730791496,1.6610308299566774,1.5892159550964822,0.7902112553983844,1.4540505101381749,1.5110275761451781,1.153346738708521,9.426160270755053,0.2501531672243499,1.2315489697755044,1.2672627171005817,1.5231290691621928,2.4796273000411926,0.6234254537290733,0.721693385115872,0.9800724700374277,1.6221851422839808,1.77282038452869,0.7464226816448656,-3.492543195427002,2.489125997746157,1.754985292131068,,,,,,,,,,0.0,,,,,,,,,,,,,,,,,,,,,,,,,,,,,,,,,,,,,,,,,,,,,,,,,,,,,,,,,,,,,,,,,,,,,,,,,0.0,0.6931471805599453,0.5846792700759187,0.29812760959013274,1.2776675653522631,0.39019736817261325,0.0,116.0,116.0,,,,,,,,,,,,,,,,,,,
q3_rho0.70_sensing_b12,3,0.7,sensing,12,1,0,40,cost2,main,linear-l0.01,quadratic-l0.1|linear-l0.01|quadratic-l0.1|linear-l0.01|linear-l0.01,0.1533117368393313,0.5233729849658113,0.8,0.1533117368393313,0.3009592098587348,0.7993004626332272,3.0352783608719265,0.5581382586991421,0.7391331430425127,0.751666200731358,0.5890531084144609,12.77117916022317,0.19549246463210684,0.48637105304471573,0.5157729982425681,0.748850984050774,4.644727966288611,0.4339222887816544,0.2698037003597485,0.3696695240888588,0.7856306661028103,3.407213017630019,0.5225085605087353,-2.0493510246133466,1.444660297908059,0.9757215294873786,0.0,0.6931471805599453,,,,,0.0,,,0.0,0.1762072647477432,0.5230241809591896,0.4825633224177599,0.5609421784323794,0.19435974218176008,0.6440433367327996,0.03523908477505633,0.6843231087529877,1.2407875472065188,0.4771867264422294,0.9943860316288298,0.48760782252164797,0.5764391773050415,0.5553206738952158,0.16531051709535802,0.651696100513467,0.6449874579721087,0.5285101783971237,0.6561872093331814,0.5236682158591757,0.3668906811320437,0.5995016152383231,0.37065466898408006,0.597218205016515,0.6953567743403143,0.5092836531909042,0.71120608989597,0.5098304135291967,0.02642903030064538,0.6865290390040201,0.029097731900022274,0.6857674199074884,0.300520019370593,0.5932628927024766,0.003410982200567286,0.6923044935884235,7.0,7.0,7.0,7.0,28.0,28.0,28.0,28.0,33.0,65.0,33.0,65.0,113.0,321.0,113.0,321.0,113.0,113.0,,,,,,,,,,,,,,,,,,,,,,,,,,,,,,,,,,,,,,,,,,,,,,
q3_rho0.70_sensing_b12,3,0.7,sensing,12,5,0,40,cost2,main,linear-l0.01,linear-l0.1|quadratic-l0.01|gru-w4-l0.01|linear-l0.01|linear-l0.01,0.7293384020436326,0.40082957777247613,0.8375,0.7293384020436326,1.2070276696184998,2.0480312832442014,2.6019833016262504,0.5865377595762346,1.2868708689029653,1.301292353926878,1.126513829417448,9.027253906607912,0.20468091036490513,1.180995211327088,1.2904918722019207,1.7246349974296549,3.8325804778795285,0.44714517246794194,0.902662903265831,1.2301969493881,1.943611789325248,2.90502601219987,0.5455747306330903,-2.6011645778234826,2.7364301761362926,1.3924003875620674,0.0,0.6931471805599453,,,,,0.0,,,0.0,2.2126619877518445,0.34484247823754677,1.3699946416292523,0.4107863317034073,0.6156513410654683,0.5404719852818503,0.12383132899458951,0.6620204369785381,1.8966837158451373,0.27102994821775345,2.074353682271922,0.296417865942147,1.256436038298319,0.40105434684823316,0.4331065426007873,0.5835202348076403,2.296028225590605,0.3434449478936184,2.5174481215746622,0.33639233226594356,1.3087650340612538,0.40857869870381097,1.4146643124749858,0.3954273690443431,1.7385331796634733,0.3423271437291334,2.008094388233584,0.3388363322037825,0.7956837525214386,0.4945775888900667,0.817914609357534,0.48857952846976704,1.179608391360621,0.39362111068819705,0.36852055883274926,0.5986584741956525,7.0,7.0,7.0,7.0,28.0,28.0,28.0,28.0,81.0,161.0,81.0,161.0,113.0,321.0,113.0,321.0,113.0,113.0,,,,,,,,,,,,,,,,,,,,,,,,,,,,,,,,,,,,,,,,,,,,,,
q3_rho0.70_sensing_b12,3,0.7,sensing,12,10,0,40,endpoint,main,linear-l1,quadratic-l0.1|linear-l1|linear-l0.1|linear-l0.1|linear-l1,0.040864974165881286,0.6522822063940641,0.6125,,,,,,,,,,,,,,,,,,,,,-0.00921899014268641,0.0869704141211037,0.02441656834380743,0.0,0.6931471805599453,,,,,0.0,,,0.0,0.0378019026752143,0.6553452778847311,0.04244416789025085,0.6507030126696944,0.02651119587293287,0.6666359846870125,0.004540494913403033,0.6886066856465423,0.02873322905190767,0.6644139515080376,0.03780586810343859,0.6553413124565066,0.03336230726638125,0.6597848732935641,0.007939926270897438,0.6852072542890479,,,,,,,,,,,,,,,,,,,,,3.0,3.0,3.0,3.0,6.0,6.0,6.0,6.0,,,,,,,,,,,,,,,,,,,,,,,,,,,,,,,,,,,,,,0.2310667079358873,0.040864974165881286,0.0,0.040864974165881286,0.0,0.040864974165881286,0.0,0.04280038717646752,0.6503467933834778,0.041858703879321946,0.6512884766806233,0.025349554111005985,0.6677976264489394,0.027587516478931384,0.6655596640810139,17.0,33.0,17.0,33.0
q3_rho0.70_sensing_b12,3,0.7,sensing,12,1,0,40,endpoint,main,linear-l0.1,linear-l0.1|linear-l0.1|mlp-w4-l0.01|linear-l0.1|linear-l0.1,0.03822971098437339,0.6549174695755718,0.575,,,,,,,,,,,,,,,,,,,,,0.01146524292563709,0.06647239152630244,0.013670004267364061,0.0,0.6931471805599453,,,,,0.0,,,0.0,0.048016656015656134,0.6451305245442891,0.04026808858567529,0.65287909197427,0.016973000079385937,0.6761741804805593,0.002585062148160934,0.6905621184117844,0.03462427874651648,0.6585229018134289,0.04041001385826679,0.6527371667016786,0.0286001083724855,0.6645470721874597,0.006268814772444784,0.6868783657875005,,,,,,,,,,,,,,,,,,,,,3.0,3.0,3.0,3.0,6.0,6.0,6.0,6.0,,,,,,,,,,,,,,,,,,,,,,,,,,,,,,,,,,,,,,0.2316153144462903,0.03822971098437339,0.0,0.03822971098437339,0.0,0.03822971098437339,0.0,0.03853944138140327,0.6546077391785421,0.038988136415926945,0.6541590441440184,0.019063912862228645,0.6740832676977166,0.020809865527986797,0.6723373150319585,17.0,33.0,17.0,33.0
q3_rho0.70_sensing_b12,3,0.7,sensing,12,2,0,40,endpoint,main,linear-l1,linear-l1|linear-l0.1|quadratic-l1|quadratic-l0.1|linear-l0.01,0.02036120255090086,0.6727859780090444,0.625,,,,,,,,,,,,,,,,,,,,,-0.016965904508428067,0.05466380102169616,0.01830009814953729,0.0,0.6931471805599453,,,,,0.0,,,0.0,0.025515972834139533,0.6676312077258058,0.020039974763007576,0.6731072057969377,0.011015866371538861,0.6821313141884064,0.0018304967695921535,0.6913166837903532,0.025619639153094377,0.6675275414068509,0.029935590560008784,0.6632115899999365,0.021449623655694784,0.6716975569042505,0.004771831944622644,0.6883753486153227,,,,,,,,,,,,,,,,,,,,,3.0,3.0,3.0,3.0,6.0,6.0,6.0,6.0,,,,,,,,,,,,,,,,,,,,,,,,,,,,,,,,,,,,,,0.2393043045363897,0.02036120255090086,0.0,0.02036120255090086,0.0,0.02036120255090086,0.0,0.026617565213905302,0.6665296153460399,0.024509390678397497,0.6686377898815478,0.017231770079395213,0.67591541048055,0.012249221176385062,0.6808979593835602,17.0,33.0,17.0,33.0
q3_rho0.70_sensing_b12,3,0.7,sensing,12,3,0,40,endpoint,main,linear-l0.1,quadratic-l1|linear-l1|quadratic-l0.1|linear-l0.1|linear-l0.1,0.048263851487249265,0.6448833290726961,0.6125,,,,,,,,,,,,,,,,,,,,,0.011894948120282129,0.08623695284281123,0.018659869025390817,0.0,0.6931471805599453,,,,,0.0,,,0.0,0.04387741819977399,0.6492697623601713,0.04350442324563453,0.6496427573143106,0.025235679128763844,0.6679115014311815,0.0042450675434325,0.6889021130165127,0.07056937710990822,0.6225778034500371,0.06899761327788857,0.6241495672820567,0.04415111376957874,0.6489960667903665,0.009508342552049904,0.6836388380078955,,,,,,,,,,,,,,,,,,,,,3.0,3.0,3.0,3.0,6.0,6.0,6.0,6.0,,,,,,,,,,,,,,,,,,,,,,,,,,,,,,,,,,,,,,0.22761449351357102,0.048263851487249265,0.0,0.048263851487249265,0.0,0.048263851487249265,0.0,0.05193525260114815,0.6412119279587971,0.044210833866264176,0.6489363466936812,0.03200043772491902,0.6611467428350263,0.02957640721510098,0.6635707733448444,17.0,33.0,17.0,33.0
q3_rho0.70_sensing_b12,3,0.7,sensing,12,4,0,40,endpoint,main,linear-l0.1,mlp-w4-l0.1|linear-l1|linear-l0.1|quadratic-l0.1|linear-l0.1,0.030006055425941997,0.6631411251340034,0.6125,,,,,,,,,,,,,,,,,,,,,-0.02455039270937132,0.08062995496061016,0.028067357224438465,0.0,0.6931471805599453,,,,,0.0,,,0.0,0.06017147833166022,0.6329757022282851,0.04931971268276804,0.6438274678771773,0.027385570539748983,0.6657616100201963,0.004581806223104157,0.6885653743368412,0.07447481116451418,0.618672369395431,0.07038605990000178,0.6227611206599436,0.045098950664569926,0.6480482298953754,0.009722522082799811,0.6834246584771455,,,,,,,,,,,,,,,,,,,,,3.0,3.0,3.0,3.0,6.0,6.0,6.0,6.0,,,,,,,,,,,,,,,,,,,,,,,,,,,,,,,,,,,,,,0.2339662450468948,0.030006055425941997,0.0,0.030006055425941997,0.0,0.030006055425941997,0.0,0.030368512211840597,0.6627786683481046,0.03068510405926731,0.662462076500678,0.030524971565764086,0.6626222089941812,0.028706509276403357,0.6644406712835419,17.0,33.0,17.0,33.0
q3_rho0.70_sensing_b12,3,0.7,sensing,12,5,0,40,endpoint,main,mlp-w4-l0.01,mlp-w4-l0.01|quadratic-l1|linear-l0.1|quadratic-l0.1|linear-l1,0.014305834633857883,0.6788413459260874,0.55,,,,,,,,,,,,,,,,,,,,,-0.03269956575225509,0.06247025960486958,0.024349782273907866,0.0,0.6931471805599453,,,,,0.0,,,0.0,0.039992891274150344,0.6531542892857949,0.04144224011044365,0.6517049404495017,0.024017420258897366,0.669129760301048,0.004041118384675047,0.6891060621752703,0.0288999843482035,0.6642471962117418,0.04101999603794356,0.6521271845220017,0.03358514738494747,0.6595620331749978,0.007711712050767058,0.6854354685091784,,,,,,,,,,,,,,,,,,,,,3.0,3.0,3.0,3.0,6.0,6.0,6.0,6.0,,,,,,,,,,,,,,,,,,,,,,,,,,,,,,,,,,,,,,0.24348499486769376,0.014305834633857883,0.0,0.014305834633857883,0.0,0.014305834633857883,0.0,0.024068945792524367,0.6690782347674209,0.030491574193392136,0.6626556063665532,0.02588485793324578,0.6672623226266994,0.02574497891447891,0.6674022016454664,17.0,33.0,17.0,33.0
q3_rho0.70_sensing_b12,3,0.7,sensing,12,6,0,40,endpoint,main,linear-l0.1,linear-l0.1|linear-l0.1|linear-l0.1|linear-l0.1|linear-l0.1,0.05069173533017336,0.6424554452297719,0.6125,,,,,,,,,,,,,,,,,,,,,0.006803578863592377,0.09840900066685515,0.023519646246446146,0.0,0.6931471805599453,,,,,0.0,,,0.0,0.054369397112622855,0.6387777834473224,0.05069173533017336,0.6424554452297719,0.02826814508217205,0.6648790354777733,0.0047184560041939,0.6884287245557514,0.050065585134547105,0.6430815954253981,0.049885906214068826,0.6432612743458764,0.03711140011766576,0.6560357804422795,0.008398583901268974,0.6847485966586764,,,,,,,,,,,,,,,,,,,,,3.0,3.0,3.0,3.0,6.0,6.0,6.0,6.0,,,,,,,,,,,,,,,,,,,,,,,,,,,,,,,,,,,,,,0.22617191284422855,0.05069173533017336,0.0,0.05069173533017336,0.0,0.05069173533017336,0.0,0.049298542326441964,0.6438486382335034,0.04933289010401528,0.64381429045593,0.0330503555816955,0.6600968249782497,0.034970549164379625,0.6581766313955657,17.0,33.0,17.0,33.0
q3_rho0.70_sensing_b12,3,0.7,sensing,12,7,0,40,endpoint,main,linear-l0.1,linear-l0.1|quadratic-l0.1|linear-l0.1|linear-l0.1|linear-l0.1,0.02655234708281749,0.6665948334771278,0.575,,,,,,,,,,,,,,,,,,,,,-0.008975435237609354,0.06474533521401721,0.018622314869947535,0.0,0.6931471805599453,,,,,0.0,,,0.0,0.031196441996578374,0.661950738563367,0.032870636826913734,0.6602765437330316,0.019723888460893246,0.6734232920990519,0.0033503981340813086,0.689796782425864,0.02388729067607142,0.6692598898838739,0.03027665296648936,0.6628705275934559,0.02488318815642105,0.6682639924035243,0.005812557002109626,0.6873346235578357,,,,,,,,,,,,,,,,,,,,,3.0,3.0,3.0,3.0,6.0,6.0,6.0,6.0,,,,,,,,,,,,,,,,,,,,,,,,,,,,,,,,,,,,,,0.23752858348468392,0.02655234708281749,0.0,0.02655234708281749,0.0,0.02655234708281749,0.0,0.017290777852624714,0.6758564027073206,0.019887398250071835,0.6732597823098734,0.022533347753534463,0.6706138328064107,0.020844590765736543,0.6723025897942088,17.0,33.0,17.0,33.0
q3_rho0.70_sensing_b12,3,0.7,sensing,12,8,0,40,endpoint,main,linear-l0.1,linear-l0.1|linear-l0.1|linear-l1|linear-l1|mlp-w4-l0.01,0.025780694267029454,0.6673664862929158,0.5625,,,,,,,,,,,,,,,,,,,,,-0.009680070014805578,0.06008622673956082,0.0181074062036908,0.0,0.6931471805599453,,,,,0.0,,,0.0,0.03402350160980313,0.6591236789501421,0.03386365721162128,0.659283523348324,0.019355905412738284,0.673791275147207,0.0032477811522747717,0.6898993994076704,0.046295396857657975,0.6468517837022872,0.04663405893061685,0.6465131216293285,0.02943579616301043,0.6637113843969349,0.006192020360650521,0.6869551601992947,,,,,,,,,,,,,,,,,,,,,3.0,3.0,3.0,3.0,6.0,6.0,6.0,6.0,,,,,,,,,,,,,,,,,,,,,,,,,,,,,,,,,,,,,,0.2378636717049524,0.025780694267029454,0.0,0.025780694267029454,0.0,0.025780694267029454,0.0,0.03490193539327953,0.6582452451666658,0.033411047224400234,0.6597361333355451,0.021794404617338736,0.6713527759426066,0.01960939618714416,0.6735377843728012,17.0,33.0,17.0,33.0
q3_rho0.70_sensing_b12,3,0.7,sensing,12,9,0,40,endpoint,main,linear-l0.1,linear-l0.1|linear-l0.1|linear-l0.1|linear-l1|linear-l0.1,0.042306558339580455,0.6508406222203649,0.6125,,,,,,,,,,,,,,,,,,,,,-0.01099829418416876,0.09220492353101487,0.026898087804055244,0.0,0.6931471805599453,,,,,0.0,,,0.0,0.057578347600394465,0.6355688329595508,0.05575429469932813,0.6373928858606172,0.03180427368617006,0.6613429068737753,0.00535222736942559,0.6877949531905196,0.06309528684148757,0.6300518937184577,0.05824964407198911,0.6348975364879561,0.04173384623780106,0.6514133343221442,0.009448393689555613,0.6836987868703897,,,,,,,,,,,,,,,,,,,,,3.0,3.0,3.0,3.0,6.0,6.0,6.0,6.0,,,,,,,,,,,,,,,,,,,,,,,,,,,,,,,,,,,,,,0.23062901543659825,0.042306558339580455,0.0,0.042306558339580455,0.0,0.042306558339580455,0.0,0.06253942970570565,0.6306077508542396,0.05853052269164262,0.6346166578683027,0.03742133131822052,0.6557258492417247,0.040790812495214726,0.6523563680647305,17.0,33.0,17.0,33.0
q3_rho0.70_sensing_b12,3,0.7,sensing,12,10,0,40,mixture,diag,linear-l0.1,linear-l0.01|linear-l0.1|linear-l0.1|linear-l0.1|linear-l0.01,1.0801556219910673,0.4449330947685217,0.81875,1.0801556219910673,1.0812420469009127,1.127496538510868,4.663611766297763,0.43810052994793774,1.067685959345269,1.1040386029861806,0.8217174318091214,12.998664675280736,0.19924144140137223,1.1170499971879213,1.1193154464571604,1.0512397991380626,6.146845870959619,0.3677538402643459,1.0937256963007282,1.0938071146987012,1.1065407850246625,5.02610193291929,0.4184396219986706,0.1163567399161455,1.752638334558965,0.4219009425335077,0.0,0.6931471805599453,,,,,0.0,,,0.0,1.4331050250058146,0.407990993166689,1.1095958270710136,0.46092939052948595,0.5516058345372881,0.5604983875102288,0.112530905378834,0.6650610442173714,-2.116276449545025,0.40141429200858125,1.2301179179222241,0.4131571410286779,0.9731609276507827,0.47568085889321,0.35591940863022603,0.6050490316270044,,,,,,,,,1.050198785515068,0.46039818140057526,,,0.7446408472896386,0.5198065943365124,,,,,,,7.0,7.0,7.0,7.0,28.0,28.0,28.0,28.0,,,,,113.0,,113.0,,,,,,,,,,,,,,,,,,,,,,,,,,,,,,,,,,,,,,,,,,,,,,,,,
q3_rho0.70_sensing_b12,3,0.7,sensing,12,1,0,40,mixture,diag,linear-l0.1,linear-l0.1|linear-l0.1|gru-w4-l0.01|linear-l0.1|linear-l0.01,0.2764058053629884,0.6290314808450812,0.675,0.2764058053629884,0.2768796787178397,0.24593541201299987,25.706939065604356,0.1165974067625993,0.2763996224743903,0.27805768275433407,0.21991388364925565,28.539083839517104,0.0948803155106399,0.2769729061295346,0.2776299512891308,0.24115922288497912,26.27828690024607,0.11217458482254276,0.27657707837596474,0.27709572492831425,0.24471487572862918,25.85516757922222,0.11544743946694717,0.020066791567492775,0.49764704850124525,0.12281276136644496,0.0,0.6931471805599453,,,,,0.0,,,0.0,0.22367449843880446,0.6275946146973996,0.2196719669358634,0.6366456566132852,0.08407548149993684,0.6720060703654227,0.01499995995388231,0.6893937967738133,0.3520281477907251,0.6214183856686921,0.38026002743249365,0.6108859813756379,0.24407577130894284,0.6347715928654594,0.07028635967535354,0.6756559960037837,,,,,,,,,0.27548902020154525,0.6270285907667486,,,0.007426408780627056,0.6913081501058217,,,,,,,7.0,7.0,7.0,7.0,28.0,28.0,28.0,28.0,,,,,113.0,,113.0,,,,,,,,,,,,,,,,,,,,,,,,,,,,,,,,,,,,,,,,,,,,,,,,,
q3_rho0.70_sensing_b12,3,0.7,sensing,12,5,0,40,mixture,diag,linear-l0.01,linear-l0.01|linear-l0.01|linear-l0.1|gru-w4-l0.01|linear-l0.01,1.20975507999852,0.4699381442925543,0.80625,1.20975507999852,1.2123220944307156,1.139803968561461,12.386127006606435,0.14211112682470006,0.9416173159611445,0.9528960678437076,0.7988489157844213,15.471043817708201,0.1140538192185893,1.141766421651949,1.1457524287140264,1.0551176148382666,12.900207394851735,0.13642471747108786,1.1910712330204407,1.1939831183753569,1.1166863845168127,12.515143174762814,0.14063458772377438,0.6866960234516839,1.674634298373911,0.25545728178553945,0.0,0.6931471805599453,,,,,0.0,,,0.0,1.3826901323478575,0.45638610084849296,0.9012638223912139,0.5085475733469652,0.38686513580516313,0.5995742889935063,0.07585643208595776,0.6742057776400621,1.4139332617284395,0.4381071118344176,1.2685084712433319,0.4587738970439984,0.7892214176149703,0.5191201658954002,0.26813360374336354,0.6268442112297083,,,,,,,,,0.7478646004393557,0.4780582054079144,,,0.4513501794108441,0.5844976350532833,,,,,,,7.0,7.0,7.0,7.0,28.0,28.0,28.0,28.0,,,,,113.0,,113.0,,,,,,,,,,,,,,,,,,,,,,,,,,,,,,,,,,,,,,,,,,,,,,,,,
q3_rho0.70_sensing_b12,3,0.7,sensing,12,10,0,40,pathinfo,diag,linear-l1,linear-l1|linear-l1|linear-l1|linear-l1|linear-l1,0.04365367497758329,0.6494935055823621,0.65,,,,,,,,,,,,,,,,,,,,,0.011812353858953796,0.0734772420584647,0.01578289966462232,0.0,0.6931471805599453,,,,,0.0,,,0.0,0.036722957721602764,0.6564242228383426,0.06123910151359999,0.6319080790463453,0.04365367497758329,0.6494935055823621,0.009368485983216287,0.683778694576729,0.01785502729685274,0.6752921532630926,0.05490765577363839,0.6382395247863069,0.06470568248525228,0.6284414980746931,0.027060591647121823,0.6660865889128235,,,,,,,,,0.03860222567921033,0.6545449548807349,,,0.02858487953587569,0.6645623010240695,,,,,,,7.0,7.0,7.0,7.0,28.0,28.0,28.0,28.0,,,,,113.0,,113.0,,,,,,,,,,,,,,,,,,,,,,,,,,,,,,,0.2287782254087138,0.04365367497758329,0.0,0.04365367497758329,0.0,0.04365367497758329,0.0,,,,,,,,,,,,
q3_rho0.70_sensing_b12,3,0.7,sensing,12,1,0,40,pathinfo,diag,linear-l0.1,linear-l0.1|linear-l0.1|quadratic-l1|linear-l0.1|linear-l0.1,0.06950794003161127,0.623639240528334,0.7,,,,,,,,,,,,,,,,,,,,,0.02378230594792991,0.1142565909234534,0.023203017679703956,0.0,0.6931471805599453,,,,,0.0,,,0.0,0.08872257517857891,0.6044246053813664,0.07207005147859846,0.6210771290813468,0.027588167960430766,0.6655590125995146,0.004903479314963151,0.6882437012449821,0.07141269773636309,0.6217344828235822,0.08155245655305153,0.6115947240068939,0.06071110692891433,0.6324360736310309,0.019005304611003342,0.674141875948942,,,,,,,,,0.08342213267362712,0.6097250478863182,,,0.006481604564823902,0.6866655759951212,,,,,,,7.0,7.0,7.0,7.0,28.0,28.0,28.0,28.0,,,,,113.0,,113.0,,,,,,,,,,,,,,,,,,,,,,,,,,,,,,,0.21625978366589163,0.06950794003161127,0.0,0.06950794003161127,0.0,0.06950794003161127,0.0,,,,,,,,,,,,
q3_rho0.70_sensing_b12,3,0.7,sensing,12,5,0,40,pathinfo,diag,linear-l0.1,linear-l10|linear-l0.1|linear-l0.1|linear-l0.1|linear-l1,0.04794380098678227,0.645203379573163,0.65,,,,,,,,,,,,,,,,,,,,,-0.0038278423285572133,0.09904881728824858,0.026065918605844143,0.0,0.6931471805599453,,,,,0.0,,,0.0,0.07582346641536084,0.6173237141445844,0.06733960002177507,0.6258075805381702,0.03931998699573867,0.6538271935642066,0.008180993429942633,0.6849661871300027,0.07833537265619592,0.6148118079037493,0.10187280905123526,0.5912743715087101,0.07755893281974462,0.6155882477402006,0.02751974391753072,0.6656274366424145,,,,,,,,,0.0441722440265973,0.6489749365333479,,,0.026934316288591546,0.6662128642713538,,,,,,,7.0,7.0,7.0,7.0,28.0,28.0,28.0,28.0,,,,,113.0,,113.0,,,,,,,,,,,,,,,,,,,,,,,,,,,,,,,0.22650408732534819,0.04794380098678227,0.0,0.04794380098678227,0.0,0.04794380098678227,0.0,,,,,,,,,,,,
q3_rho0.70_sensing_b3,3,0.7,sensing,3,10,0,40,cost0,direct,gru_direct-w4-l0.01-cap5,gru_direct-w4-l0.01-cap5|gru_direct-w4-l0.01-cap5|gru_direct-w4-l0.1-cap5|gru_direct-w4-l0.1-cap5|gru_direct-w4-l0.01-cap5,0.16870439135350557,0.6517671933211676,0.6375,0.16870439135350557,0.16906919451947527,0.19595936496366234,31.644727214953672,0.07222233326793476,0.16716718700798178,0.1673511078281772,0.18646919447371657,32.547244014925056,0.06612846080347709,0.16854221976742,0.1688697646867421,0.194355770072866,31.806925330918233,0.07111592385564137,0.16866759829497685,0.16902271855158268,0.19555520700629492,31.6860053427498,0.0719403257081406,-0.028679936165390038,0.3544573846815552,0.10105093348569402,0.0,0.6931471805599453,0.2883922602862304,0.6158358852958644,0.08016380810848397,0.6731529030048542,0.0,113.0,113.0,0.0,,,,,,,,,,,,,,,,,,,,,,,,,,,,,,,,,,,,,,,,,,,,,,,,,,,,,,,,,,,,,,,,,,,,,,,,,,,,,,,,,,,,,,,,,,,,,,,,,,,,
q3_rho0.70_sensing_b3,3,0.7,sensing,3,10,0,40,cost0,main,gru-w4-l0.01,flat-w4-l0.1|linear-l0.01|linear-l0.1|gru-w4-l0.01|gru-w4-l0.01,0.24296268304416752,0.6432598599576039,0.6375,0.24296268304416752,0.24304699632027799,0.25600458129552545,27.180503825622804,0.08116334784274727,0.22952602358144988,0.22952960570474082,0.22685180010531206,28.685570923078213,0.07288683966164487,0.24049448114972627,0.24054517961153044,0.25059791239301255,27.44743759443602,0.07962815408723933,0.24233184702003568,0.24240673479279495,0.25462010500298504,27.248231043429175,0.08077073929782612,-0.049311149353474755,0.5331134921227442,0.15217245548333408,0.0,0.6931471805599453,,,,,0.0,,,0.0,0.3561293909405251,0.6117311598005146,0.16175190814738236,0.6546602874479308,0.04505603529577374,0.6823102670514652,0.007417984305995906,0.691306573847973,-4.042162385630069,0.7031077366927102,-0.0027541265539333002,0.6601732813574166,0.09743970142381084,0.6708222002626651,0.032187236811755546,0.6853780743280373,0.252176929040744,0.638347460198605,0.2484737067127766,0.6410940363062949,0.16771003192861325,0.6502175702310179,0.14615843541239765,0.6533751847454401,0.3354398503079884,0.6088249179446326,0.19755903805868633,0.6411319545059156,0.006510649923212239,0.6915768636567389,0.01069659206715477,0.6905137611277145,0.05592132505937993,0.6773377325324451,-0.0013320114933173422,0.6934741914724739,7.0,7.0,7.0,7.0,28.0,28.0,28.0,28.0,141.0,281.0,141.0,281.0,113.0,321.0,113.0,321.0,113.0,113.0,,,,,,,,,,,,,,,,,,,,,,,,,,,,,,,,,,,,,,,,,,,,,,
q3_rho0.70_sensing_b3,3,0.7,sensing,3,10,0,40,cost0,mem1,gru-w4-l0.01-h1,gru-w4-l0.01-h1|gru-w4-l0.01-h1|gru-w4-l0.01-h1|constant-h1|gru-w4-l0.01-h1,0.08374815143862102,0.6716125313517989,0.5625,0.08374815143862102,0.08400535961970604,0.06123854977213541,25.198975603580035,0.13495779695848792,0.10598282397956556,0.10736905449753029,0.05424872958314438,29.85967055630794,0.10299995508891367,0.08922103809391159,0.08965550068672741,0.06003242856035369,26.18157974861413,0.12813197049245076,0.08521568066253624,0.08551534980583972,0.060933664652295196,25.455272864350277,0.13316720975545532,-0.2537431163394077,0.3568364811265521,0.154769301951557,,,,,,,,,,0.0,,,,,,,,,,,,,,,,,,,,,,,,,,,,,,,,,,,,,,,,,,,,,,,,,,,,,,,0.0,0.6931471805599453,0.10590661288405993,0.6661757078752972,0.004827729702506989,0.6919571049598285,0.0,116.0,116.0,,,,,,,,,,,,,,,,,,,,,,,,,,,,,,,,,,,,,
q3_rho0.70_sensing_b3,3,0.7,sensing,3,10,0,40,cost0,mem2,gru-w4-l0.01-h2,gru-w4-l0.01-h2|gru-w4-l0.01-h2|gru-w4-l0.01-h2|constant-h2|gru-w4-l0.01-h2,0.0945846366232673,0.6699882072512089,0.5625,0.0945846366232673,0.09491320553081888,0.06916851359369529,26.26245683377735,0.12629661912317755,0.11228950046374106,0.1135163098311543,0.06356995902905732,30.258368226683974,0.09884390142838237,0.09889298601531749,0.09937355747530013,0.06821023077316873,27.092981932409163,0.12056126453004616,0.09573733370454326,0.09610329737912372,0.06892660159606691,26.478652983011795,0.12479850151677718,-0.22217853063906726,0.35562290453790885,0.1472854601319779,,,,,,,,,,0.0,,,,,,,,,,,,,,,,,,,,,,,,,,,,,,,,,,,,,,,,,,,,,,,,,,,,,,,,,,,,,,,,0.0,0.6931471805599453,0.12457266404648433,0.6627097377541646,0.009181667849697785,0.690840424867565,0.0,116.0,116.0,,,,,,,,,,,,,,,,,,,,,,,,,,,,
q3_rho0.70_sensing_b3,3,0.7,sensing,3,10,0,40,cost0,mem4,gru-w4-l0.01-h4,gru-w4-l0.01-h4|gru-w4-l0.01-h4|gru-w4-l0.01-h4|gru-w4-l0.01-h4|gru-w4-l0.01-h4,0.17628750283592823,0.6470414026428826,0.65,0.17628750283592823,0.17719465310409938,0.13429550391466544,25.27875414964029,0.13375092862711635,0.19487473022415613,0.19726574907033317,0.1273071929222827,29.758436890564393,0.10311176519716182,0.18097627907046926,0.18216084266254234,0.1330890835006125,26.21128504387267,0.12727424010300034,0.1775493946107997,0.17852656771785244,0.13399044110199695,25.521439937746198,0.13205549277509174,-0.1329472698589672,0.4175027262088544,0.14327750045681995,,,,,,,,,,0.0,,,,,,,,,,,,,,,,,,,,,,,,,,,,,,,,,,,,,,,,,,,,,,,,,,,,,,,,,,,,,,,,,,,,,,,,,0.0,0.6931471805599453,0.17628750283592823,0.6470414026428826,0.008445582981105499,0.690723551497089,0.0,116.0,116.0,,,,,,,,,,,,,,,,,,,
q3_rho0.70_sensing_b3,3,0.7,sensing,3,1,0,40,cost0,main,linear-l0.1,linear-l0.1|linear-l0.01|linear-l0.1|flat-w4-l0.01|linear-l0.1,0.13395579832060017,0.6705821037173987,0.55,0.13395579832060017,0.1339761186371977,0.12759433735267287,34.25051759216642,0.06469241917376806,0.13075038277349016,0.1307743338836262,0.12384519797345823,34.78455868303149,0.06068789939372354,0.1334115460127873,0.1334326398511259,0.1269303968245446,34.34527811708344,0.06398778772749149,0.13381787227981096,0.13383839367871705,0.1274250805888437,34.274578367994835,0.06451372452536935,-0.030231170166619137,0.3098663604050649,0.08944627016348619,0.0,0.6931471805599453,,,,,0.0,,,0.0,0.18433855803941798,0.6620719103959851,0.11722982687676528,0.6663744800659396,0.0408863339381522,0.6828502652722388,0.007952331804344001,0.6911515308016083,0.12164432332864612,0.6804864831272798,0.13179148583928807,0.667182090812067,0.0767559486935954,0.674562963763999,0.022026611205968584,0.687565952653314,0.14345505371249082,0.6670267113387806,0.1442814476940723,0.6662672569090363,0.012976087078626177,0.6900487308700803,0.007848431606227859,0.6914481732678605,0.0011271658853680311,0.6939132072938564,-0.009422274491161484,0.696662173137301,0.002014196003698443,0.6926481851278945,0.009480184530735134,0.6907277591898325,0.005042422620726397,0.6918321301573755,-0.00018241203189255372,0.6931921970771564,7.0,7.0,7.0,7.0,28.0,28.0,28.0,28.0,33.0,65.0,33.0,65.0,113.0,321.0,113.0,321.0,113.0,113.0,,,,,,,,,,,,,,,,,,,,,,,,,,,,,,,,,,,,,,,,,,,,,,
q3_rho0.70_sensing_b3,3,0.7,sensing,3,5,0,40,cost0,main,flat-w4-l0.1,flat-w4-l0.1|linear-l0.01|flat-w4-l0.1|constant|flat-w4-l0.1,0.035524858189173544,0.6917585945145402,0.55,0.035524858189173544,0.03716967615219986,-0.02073922562731993,36.49965918882185,0.046057783224559966,0.05482154747644632,0.056333769853771906,0.0008300893956883881,36.71356729199995,0.045322732550279285,0.04043734649555922,0.0420592351607132,-0.015440734035300436,36.53623300180984,0.04593570124806489,0.03686107658450388,0.03850009772813396,-0.019305686099496504,36.50889142293887,0.0460270968981924,-0.13385381249345332,0.18850053013370233,0.08276822724785195,0.0,0.6931471805599453,,,,,0.0,,,0.0,0.17102521905664073,0.6580053992417234,0.04282187126203336,0.6819253308734636,-0.0026180566980647272,0.6937552112862125,-0.0012070630530378074,0.6934481573263003,-0.11629816472746421,0.7228791527087031,0.025837259884501307,0.6844572416528782,-0.004490859827402502,0.6937087532900452,-0.0031625047395100413,0.6939071459961559,0.14949542881883918,0.6584027769650606,0.09606907514206173,0.6739924794580228,0.04093541270249747,0.6825075675261012,0.03852593530344604,0.6832270647330116,0.13509514945131212,0.6599562086714161,0.01735387213649452,0.6861977276255932,-0.005939614550244865,0.6946095640136749,-0.00646538686503603,0.6947862040131765,0.016764139410228456,0.6882302121355366,-0.0005100455185898134,0.6932733472108531,7.0,7.0,7.0,7.0,28.0,28.0,28.0,28.0,81.0,161.0,81.0,161.0,113.0,321.0,113.0,321.0,113.0,113.0,,,,,,,,,,,,,,,,,,,,,,,,,,,,,,,,,,,,,,,,,,,,,,
q3_rho0.70_sensing_b3,3,0.7,sensing,3,10,0,40,cost2,direct,gru_direct-w4-l0.1-cap5,gru_direct-w4-l0.1-cap5|gru_direct-w4-l0.1-cap5|gru_direct-w4-l0.1-cap5|gru_direct-w4-l0.1-cap5|gru_direct-w4-l0.1-cap5,1.129321840896344,0.3627710719752193,0.8875,1.129321840896344,1.3561007163973438,1.9617338569626956,3.597043417075944,0.5013805410415968,1.4115366731340682,1.4122360592711176,1.3746013060282467,12.067595468759569,0.1725261312988877,1.386827251464825,1.45977216367893,1.8188835369544747,5.415287526834921,0.38255152749924626,1.2252027633307572,1.3936580582261284,1.922975002143638,4.038245475332874,0.4665336191108958,-1.145524974963191,2.4080191828521116,0.9414214183470828,0.0,0.6931471805599453,1.1069243367977353,0.3422621212148512,1.129321840896344,0.3627710719752193,0.0,113.0,113.0,0.0,,,,,,,,,,,,,,,,,,,,,,,,,,,,,,,,,,,,,,,,,,,,,,,,,,,,,,,,,,,,,,,,,,,,,,,,,,,,,,,,,,,,,,,,,,,,,,,,,,,,
q3_rho0.70_sensing_b3,3,0.7,sensing,3,10,0,40,cost2,main,gru-w4-l0.01,flat-w8-l0.01|gru-w4-l0.01|quadratic-l0.1|quadratic-l0.1|gru-w4-l0.01,1.4498033986327477,0.3339424551300182,0.8625,1.4498033986327477,1.4506165880764197,1.4906757251875216,2.5769576529345857,0.6102679928826703,1.417181796467364,1.5106206058750569,1.0448044624801887,9.646756256187313,0.25295845234100583,1.526446996909041,1.5395034772183833,1.3734365012920189,3.5373973381467083,0.5093994428377387,1.4798669273766856,1.4801115102788356,1.4579125881970563,2.79901257249406,0.5827919800654884,-0.11676979718810873,2.4381750417889907,0.6755152540000308,0.0,0.6931471805599453,,,,,0.0,,,0.0,1.3558259859707218,0.37366099141482473,1.0852745343586712,0.4364892069360141,0.5487496170546399,0.5540819405987591,0.11057902349120426,0.6653249258366681,-0.44799475612873574,0.3118268451852134,1.5687876578583013,0.31818618659307474,1.1201950500800717,0.4202584161597347,0.3910801450479643,0.5936500317428453,1.0257841391279756,0.38420395373556826,1.2009143817271968,0.35529989514661786,1.1902474845529127,0.41775789561984433,1.2627715167808162,0.40357176652444327,1.4651036072629349,0.33729962596697394,1.7747121590113846,0.30664134175852736,0.7540127626524255,0.4926866110723779,0.7492266356557281,0.49118637393219433,0.6493290769969252,0.48650778560670266,0.1696758392278503,0.6480252494812542,7.0,7.0,7.0,7.0,28.0,28.0,28.0,28.0,141.0,281.0,141.0,281.0,113.0,321.0,113.0,321.0,113.0,113.0,,,,,,,,,,,,,,,,,,,,,,,,,,,,,,,,,,,,,,,,,,,,,,
q3_rho0.70_sensing_b3,3,0.7,sensing,3,10,0,40,cost2,mem1,gru-w4-l0.01-h1,gru-w4-l0.01-h1|gru-w4-l0.01-h1|gru-w4-l0.01-h1|gru-w4-l0.01-h1|gru-w4-l0.01-h1,1.1209415747246287,0.39560068090311795,0.8375,1.1209415747246287,1.1344641050324906,1.294531286228199,4.503339828402228,0.4311451359079905,1.1940937991975624,1.2158166472840244,0.999880763118233,11.226609855904938,0.18989729189332885,1.198896392493727,1.1993451884400144,1.2291561717979338,5.82898072123679,0.35771691055495786,1.1476757363678574,1.1554003404251905,1.27717277943129,4.836346351788566,0.41043437967757196,-0.10915837274183662,1.9885413854710383,0.545463106943343,,,,,,,,,,0.0,,,,,,,,,,,,,,,,,,,,,,,,,,,,,,,,,,,,,,,,,,,,,,,,,,,,,,,0.0,0.6931471805599453,1.1209415747246287,0.39560068090311795,0.6867329664525166,0.5239252706383593,0.0,116.0,116.0,,,,,,,,,,,,,,,,,,,,,,,,,,,,,,,,,,,,,
q3_rho0.70_sensing_b3,3,0.7,sensing,3,10,0,40,cost2,mem2,gru-w4-l0.01-h2,gru-w4-l0.01-h2|gru-w4-l0.1-h2|gru-w4-l0.01-h2|gru-w4-l0.01-h2|gru-w4-l0.01-h2,1.2167171705616993,0.36111700172901273,0.8625,1.2167171705616993,1.2369097111671217,1.4313587392060125,3.193644913873791,0.5377806105225924,1.31154628952901,1.353641116905412,1.048749728171327,10.61974399315875,0.21622518903136295,1.3390032767621443,1.3390039813427943,1.3401908275291687,4.428554362579453,0.4391290584306497,1.2609215324856868,1.2706181907739094,1.4067194992721417,3.4882018053264776,0.5101570309000251,-0.4022944057370603,2.2008850837260434,0.6738735691461555,,,,,,,,,,0.0,,,,,,,,,,,,,,,,,,,,,,,,,,,,,,,,,,,,,,,,,,,,,,,,,,,,,,,,,,,,,,,,0.0,0.6931471805599453,1.4532114326812504,0.3315929874239606,0.8515552679149542,0.48356190813790867,0.0,116.0,116.0,,,,,,,,,,,,,,,,,,,,,,,,,,,,
q3_rho0.70_sensing_b3,3,0.7,sensing,3,10,0,40,cost2,mem4,gru-w4-l0.01-h4,gru-w4-l0.01-h4|gru-w4-l0.01-h4|gru-w4-l0.01-h4|gru-w4-l0.01-h4|gru-w4-l0.01-h4,1.6237895105247744,0.3307399921937048,0.85,1.6237895105247744,1.6239632033109026,1.6425437675595425,4.098218282086842,0.45814189210312367,1.4479323158325195,1.4941633097940812,1.17386415292079,10.79039943843963,0.20764149329549358,1.6274869714958105,1.6327100095927514,1.5287328854912925,5.268831173230846,0.3859333842287108,1.6288756457716111,1.6290272307955638,1.611564776483212,4.386649804287636,0.4380842895971756,0.3967602852295898,2.460183090501274,0.5320555537509882,,,,,,,,,,0.0,,,,,,,,,,,,,,,,,,,,,,,,,,,,,,,,,,,,,,,,,,,,,,,,,,,,,,,,,,,,,,,,,,,,,,,,,0.0,0.6931471805599453,1.6237895105247744,0.3307399921937048,0.854717836848387,0.4791766947136159,0.0,116.0,116.0,,,,,,,,,,,,,,,,,,,
q3_rho0.70_sensing_b3,3,0.7,sensing,3,1,0,40,cost2,main,linear-l0.1,linear-l0.1|linear-l0.01|linear-l0.01|linear-l0.1|linear-l0.1,0.022725854041073267,0.6895792167230305,0.4875,0.022725854041073267,0.022843335660694776,0.038132785628189704,32.64979476349614,0.0663477605312344,0.03077189015760573,0.03088061528930107,0.045590657353349315,33.51807216675859,0.06165552991973742,0.024537662085663638,0.024652807295895654,0.03978984518539182,32.80276834050863,0.06551467595606615,0.023205386436284937,0.02332222145125449,0.03856964479190237,32.68850618038792,0.06613627780729456,-0.19476940138699267,0.23726211603268102,0.10925560032488288,0.0,0.6931471805599453,,,,,0.0,,,0.0,0.09991542803195275,0.6722637603993744,0.0036798213435839944,0.6928734053955672,-0.005044287586301715,0.6945507562448776,-0.000377579595644123,0.6932450700584203,-0.025288233680561146,0.7433179847735273,-0.03761258703517525,0.7187186010561109,-0.03350841396933797,0.7040644547091119,-0.007918960021055285,0.6952441320154358,0.03464372905990312,0.6877706371470853,0.00966288301125976,0.6964304960379969,-0.0027555269408937183,0.6938553385095856,-0.0036512977343862996,0.694074930821494,-0.024131272178524177,0.6995222015899515,-0.026627113449830618,0.699566224414711,-0.0013153279683130903,0.6934735893221105,-0.001581224791354871,0.6935480531945609,-0.0034253591370796894,0.6939466856992734,-0.0004879387469840984,0.6932680682301727,7.0,7.0,7.0,7.0,28.0,28.0,28.0,28.0,33.0,65.0,33.0,65.0,113.0,321.0,113.0,321.0,113.0,113.0,,,,,,,,,,,,,,,,,,,,,,,,,,,,,,,,,,,,,,,,,,,,,,
q3_rho0.70_sensing_b3,3,0.7,sensing,3,5,0,40,cost2,main,gru-w8-l0.01,gru-w8-l0.01|gru-w8-l0.01|linear-l0.01|flat-w4-l0.01|gru-w4-l0.01,-0.21303302238024865,0.43800643780845744,0.8375,-0.21303302238024865,0.34405048935137916,1.2423217504923012,1.8592397250408503,0.7259620328606525,1.0123080851673847,1.0384574009227499,0.800709530629064,9.539488970435782,0.22169409638207202,0.6697986794935119,0.7492124949114496,1.1229404359931103,3.038633921304068,0.5496600592865803,0.14112551063546847,0.48249416760181685,1.2090298802417716,2.113161637306026,0.6771198220824328,-4.108127628362428,2.075540011611891,1.7846313610732865,0.0,0.6931471805599453,,,,,0.0,,,0.0,0.7816833383234417,0.509604847882341,0.3825471448005599,0.600165318102831,0.12842528536459114,0.6609027608450235,0.022836856784765686,0.6874298603888593,0.6260555027862552,0.4640723651265172,0.8484879589960922,0.49757838226617646,0.47016867008542623,0.5803625586042873,0.13137504854985554,0.6602396897312761,0.7284296099816172,0.4509388518230808,0.3271832340144087,0.45034868634105185,0.45427146416929604,0.5777530833287144,0.4787115347874938,0.5721563975876804,-0.024470862649322633,0.4227835006190288,0.7613459261698268,0.39304082677822255,0.1109116744657932,0.664615468710085,0.11919960917150033,0.6623820658140567,0.3273974304350326,0.5832062705585456,0.009981530848868252,0.6906682261055292,7.0,7.0,7.0,7.0,28.0,28.0,28.0,28.0,81.0,161.0,81.0,161.0,113.0,321.0,113.0,321.0,113.0,113.0,,,,,,,,,,,,,,,,,,,,,,,,,,,,,,,,,,,,,,,,,,,,,,
q3_rho0.70_sensing_b3,3,0.7,sensing,3,10,0,40,endpoint,main,quadratic-l0.1,quadratic-l1|quadratic-l0.01|quadratic-l0.1|quadratic-l0.1|quadratic-l0.1,0.15194483862195846,0.5412023419379869,0.75,,,,,,,,,,,,,,,,,,,,,0.07034904820525288,0.23522942655215154,0.042244809957230726,0.0,0.6931471805599453,,,,,0.0,,,0.0,0.09267844158781653,0.6004687389721288,0.09431106771892644,0.5988361128410189,0.05529087834283482,0.6378563022171104,0.009379673854805894,0.6837675067051394,0.18136229011665436,0.5117848904432909,0.17112448041497816,0.5220227001449672,0.09989975896938715,0.5932474215905581,0.020810628065446996,0.6723365524944983,,,,,,,,,,,,,,,,,,,,,3.0,3.0,3.0,3.0,6.0,6.0,6.0,6.0,,,,,,,,,,,,,,,,,,,,,,,,,,,,,,,,,,,,,,0.18308749252713838,0.15194483862195846,0.0,0.15194483862195846,0.0,0.15194483862195846,0.0,0.19605505041191157,0.49709213014803383,0.18744560762058166,0.5057015729393637,0.0975358444436806,0.5956113361162647,0.09545229259179858,0.5976948879681467,17.0,33.0,17.0,33.0
q3_rho0.70_sensing_b3,3,0.7,sensing,3,1,0,40,endpoint,main,linear-l0.1,mlp-w4-l0.1|linear-l1|linear-l0.1|mlp-w4-l0.01|linear-l0.1,-0.0031992199777984122,0.6963464005377438,0.5875,,,,,,,,,,,,,,,,,,,,,-0.01681324771153611,0.008641920726857,0.006573811102077145,0.0,0.6931471805599453,,,,,0.0,,,0.0,-0.007312809831894408,0.7004599903918397,-0.004555046696035138,0.6977022272559804,-0.0016926590999979119,0.6948398396599432,-0.00020701782764753486,0.6933541983875928,-0.0860119661624773,0.7791591467224226,-0.030044763213716442,0.7231919437736616,-0.004727927726649523,0.6978751082865948,-0.0005065816929846187,0.6936537622529299,,,,,,,,,,,,,,,,,,,,,3.0,3.0,3.0,3.0,6.0,6.0,6.0,6.0,,,,,,,,,,,,,,,,,,,,,,,,,,,,,,,,,,,,,,0.2514358269298918,-0.0031992199777984122,0.0,-0.0031992199777984122,0.0,-0.0031992199777984122,0.0,-0.004413645213890441,0.6975608257738357,-0.007362333677199984,0.7005095142371452,-0.0025518910669496465,0.6956990716268949,-0.0008519975063454741,0.6939991780662907,17.0,33.0,17.0,33.0
q3_rho0.70_sensing_b3,3,0.7,sensing,3,2,0,40,endpoint,main,quadratic-l0.1,constant|mlp-w4-l0.01|quadratic-l0.1|linear-l0.1|quadratic-l0.1,-0.010285850670204552,0.7034330312301499,0.5375,,,,,,,,,,,,,,,,,,,,,-0.04249483736759745,0.018667870334125335,0.015497196451801745,0.0,0.6931471805599453,,,,,0.0,,,0.0,-0.010339352785489319,0.7034865333454347,-0.0026147274023803116,0.6957619079623256,0.0022641113115345725,0.6908830692484107,0.0005360722888254468,0.6926111082711198,0.00789164397635321,0.6852555365835921,0.010536872610718704,0.6826103079492265,0.006379778304373937,0.6867674022555714,0.0018330926596541897,0.6913140879002911,,,,,,,,,,,,,,,,,,,,,3.0,3.0,3.0,3.0,6.0,6.0,6.0,6.0,,,,,,,,,,,,,,,,,,,,,,,,,,,,,,,,,,,,,,0.2544386342689532,-0.010285850670204552,0.0,-0.010285850670204552,0.0,-0.010285850670204552,0.0,-0.008311925022521306,0.7014591055824666,-0.008569311939173664,0.7017164924991188,0.00769290706619592,0.6854542734937494,0.0023970426480178554,0.6907501379119274,17.0,33.0,17.0,33.0
q3_rho0.70_sensing_b3,3,0.7,sensing,3,3,0,40,endpoint,main,quadratic-l0.01,quadratic-l0.01|mlp-w4-l0.01|quadratic-l0.1|quadratic-l0.1|quadratic-l0.01,0.06995139177410874,0.6231957887858366,0.6625,,,,,,,,,,,,,,,,,,,,,0.008331308439232795,0.13029032880929164,0.030780265351046283,0.0,0.6931471805599453,,,,,0.0,,,0.0,0.011028554099183541,0.6821186264607617,0.007903918067724645,0.6852432624922207,0.007485293237683019,0.6856618873222622,0.001418886536388518,0.6917282940235567,0.05811692746312565,0.6350302530968197,0.04832618829192385,0.6448209922680215,0.02341509886915229,0.669732081690793,0.005224758837578891,0.6879224217223664,,,,,,,,,,,,,,,,,,,,,3.0,3.0,3.0,3.0,6.0,6.0,6.0,6.0,,,,,,,,,,,,,,,,,,,,,,,,,,,,,,,,,,,,,,0.21692695548328933,0.06995139177410874,0.0,0.06995139177410874,0.0,0.06995139177410874,0.0,0.03542429615866375,0.6577228844012815,0.07118705240492339,0.6219601281550219,0.014555899219188715,0.6785912813407566,0.005584752921369339,0.687562427638576,17.0,33.0,17.0,33.0
q3_rho0.70_sensing_b3,3,0.7,sensing,3,4,0,40,endpoint,main,linear-l0.1,linear-l0.01|linear-l0.1|mlp-w4-l0.01|linear-l0.1|quadratic-l0.01,-0.0046537957358370845,0.6978009762957823,0.5625,,,,,,,,,,,,,,,,,,,,,-0.04782732303026109,0.037643346109701895,0.02166947884319091,0.0,0.6931471805599453,,,,,0.0,,,0.0,0.006447199156502626,0.6866999814034427,0.005688580532009525,0.6874586000279358,0.006017913174229618,0.6871292673857157,0.0011637119849874978,0.6919834685749577,0.014168363933436096,0.6789788166265092,0.01645433281220598,0.6766928477477393,0.013651625780925306,0.67949555477902,0.003441616823725556,0.6897055637362197,,,,,,,,,,,,,,,,,,,,,3.0,3.0,3.0,3.0,6.0,6.0,6.0,6.0,,,,,,,,,,,,,,,,,,,,,,,,,,,,,,,,,,,,,,0.2509348626427905,-0.0046537957358370845,0.0,-0.0046537957358370845,0.0,-0.0046537957358370845,0.0,0.008479155298453838,0.6846680252614914,0.011984980361281018,0.6811622001986641,0.011985972132886524,0.6811612084270589,0.0044136865175578,0.6887334940423875,17.0,33.0,17.0,33.0
q3_rho0.70_sensing_b3,3,0.7,sensing,3,5,0,40,endpoint,main,quadratic-l1,quadratic-l1|linear-l0.1|quadratic-l0.1|quadratic-l1|quadratic-l0.1,0.0235069721734441,0.6696402083865012,0.65,,,,,,,,,,,,,,,,,,,,,-0.012680539495560346,0.062227232693945186,0.01918988557444345,0.0,0.6931471805599453,,,,,0.0,,,0.0,0.005637774700178811,0.6875094058597665,0.00691083177133973,0.6862363487886055,0.00749486268338057,0.6856523178765647,0.0014473900611877422,0.6916997904987576,0.036177268980476955,0.6569699115794683,0.037673943242925764,0.6554732373170195,0.023484122866293013,0.6696630576936522,0.0052703291764447865,0.6878768513835005,,,,,,,,,,,,,,,,,,,,,3.0,3.0,3.0,3.0,6.0,6.0,6.0,6.0,,,,,,,,,,,,,,,,,,,,,,,,,,,,,,,,,,,,,,0.23790170174844366,0.0235069721734441,0.0,0.0235069721734441,0.0,0.0235069721734441,0.0,0.02623984473254959,0.6669073358273957,0.02865626580902539,0.6644909147509199,0.016695317502105317,0.6764518630578399,0.0031097361010844248,0.6900374444588608,17.0,33.0,17.0,33.0
q3_rho0.70_sensing_b3,3,0.7,sensing,3,6,0,40,endpoint,main,quadratic-l0.1,mlp-w4-l0.01|quadratic-l0.1|quadratic-l0.1|quadratic-l1|quadratic-l1,0.04204781937796767,0.6510993611819776,0.65,,,,,,,,,,,,,,,,,,,,,-0.0001566660399031928,0.08329763977581202,0.0211746913904242,0.0,0.6931471805599453,,,,,0.0,,,0.0,0.0076151904835832,0.6855319900763621,0.01120528894607423,0.6819418916138711,0.009548639655099316,0.683598540904846,0.0017643207375131434,0.6913828598224321,0.025392903870205912,0.6677542766897393,0.032468650086227416,0.6606785304737178,0.023823158725453354,0.6693240218344919,0.0054159867287354,0.6877311938312098,,,,,,,,,,,,,,,,,,,,,3.0,3.0,3.0,3.0,6.0,6.0,6.0,6.0,,,,,,,,,,,,,,,,,,,,,,,,,,,,,,,,,,,,,,0.2294482828377788,0.04204781937796767,0.0,0.04204781937796767,0.0,0.04204781937796767,0.0,0.019494239064275186,0.6736529414956701,0.02969089593807984,0.6634562846218655,0.01861776863822409,0.6745294119217212,0.005970913524652291,0.6871762670352929,17.0,33.0,17.0,33.0
q3_rho0.70_sensing_b3,3,0.7,sensing,3,7,0,40,endpoint,main,mlp-w4-l0.01,mlp-w4-l0.01|mlp-w4-l0.01|mlp-w4-l0.01|quadratic-l0.1|quadratic-l0.1,0.07987146054552105,0.6132757200144242,0.6875,,,,,,,,,,,,,,,,,,,,,0.005453264948630324,0.14690690038333717,0.0360225202443803,0.0,0.6931471805599453,,,,,0.0,,,0.0,0.02071531209381492,0.6724318684661303,0.022786973166706463,0.6703602073932389,0.015709252023301305,0.677437928536644,0.002768813026160273,0.690378367533785,0.07536479891071678,0.6177823816492285,0.07086246340067308,0.6222847171592722,0.04041359161647211,0.6527335889434731,0.008268391335477071,0.6848787892244682,,,,,,,,,,,,,,,,,,,,,3.0,3.0,3.0,3.0,6.0,6.0,6.0,6.0,,,,,,,,,,,,,,,,,,,,,,,,,,,,,,,,,,,,,,0.21293826215291256,0.07987146054552105,0.0,0.07987146054552105,0.0,0.07987146054552105,0.0,0.07965645750026033,0.6134907230596849,0.07846928768666682,0.6146778928732785,0.01909786763091655,0.6740493129290287,0.014728217527688412,0.6784189630322569,17.0,33.0,17.0,33.0
q3_rho0.70_sensing_b3,3,0.7,sensing,3,8,0,40,endpoint,main,quadratic-l0.1,quadratic-l0.1|quadratic-l0.1|quadratic-l0.1|quadratic-l1|quadratic-l0.1,0.1377398562297683,0.5554073243301769,0.7125,,,,,,,,,,,,,,,,,,,,,0.05864631022557666,0.22082242470164692,0.041961200982153994,0.0,0.6931471805599453,,,,,0.0,,,0.0,0.06500754410650833,0.628139636453437,0.06933927940513705,0.6238079011548082,0.043152186055822175,0.6499949945041232,0.007420245760607529,0.6857269347993378,0.14790455623896778,0.5452426243209775,0.14486446965136948,0.5482827109085757,0.08749564713683475,0.6056515334231105,0.018403229364417927,0.6747439511955273,,,,,,,,,,,,,,,,,,,,,3.0,3.0,3.0,3.0,6.0,6.0,6.0,6.0,,,,,,,,,,,,,,,,,,,,,,,,,,,,,,,,,,,,,,0.18758268393944827,0.1377398562297683,0.0,0.1377398562297683,0.0,0.1377398562297683,0.0,0.13308859425117303,0.5600585863087723,0.11150133424440553,0.5816458463155397,0.06961057454396909,0.6235366060159763,0.07095336494878769,0.6221938156111576,17.0,33.0,17.0,33.0
q3_rho0.70_sensing_b3,3,0.7,sensing,3,9,0,40,endpoint,main,linear-l0.1,quadratic-l1|linear-l0.1|quadratic-l0.1|linear-l0.1|quadratic-l0.1,0.09659494250252207,0.5965522380574233,0.725,,,,,,,,,,,,,,,,,,,,,0.0029228817627132064,0.18640662272814623,0.04631895663258324,0.0,0.6931471805599453,,,,,0.0,,,0.0,0.08524765330262139,0.607899527257324,0.08811739353067875,0.6050297870292665,0.052627167770634475,0.6405200127893108,0.00896938878690499,0.6841777917730403,0.15769622200785705,0.5354509585520882,0.15056465232254287,0.5425825282374024,0.09183991048327979,0.6013072700766655,0.019472752407785114,0.67367442815216,,,,,,,,,,,,,,,,,,,,,3.0,3.0,3.0,3.0,6.0,6.0,6.0,6.0,,,,,,,,,,,,,,,,,,,,,,,,,,,,,,,,,,,,,,0.20385133605744307,0.09659494250252207,0.0,0.09659494250252207,0.0,0.09659494250252207,0.0,0.14922661482799357,0.5439205657319517,0.13133033665773383,0.5618168439022115,0.09080950928263994,0.6023376712773054,0.08883173249234014,0.6043154480676052,17.0,33.0,17.0,33.0
q3_rho0.70_sensing_b3,3,0.7,sensing,3,10,0,40,mixture,diag,linear-l0.01,linear-l0.1|linear-l0.01|linear-l0.01|gru-w4-l0.01|gru-w4-l0.01,0.7421012260342842,0.5456028605125798,0.7375,0.7421012260342842,0.7425771307109836,0.7732707157953649,9.779331684900177,0.2812668056696448,0.7101122223417514,0.7174628069745256,0.5937139136708213,18.84888798563074,0.1522004510793306,0.7488168527009847,0.7489322800224207,0.733699805115557,11.66406490275019,0.2461843056876461,0.7448679706352416,0.7450265439416539,0.7627824533250906,10.261017717106736,0.2715931809119838,-0.023344822531512262,1.2317822649096162,0.3290699744137663,0.0,0.6931471805599453,,,,,0.0,,,0.0,0.896266032881669,0.5166076625544708,0.5444287142800195,0.5742968923132382,0.22815630500754222,0.6382216018420737,0.04267463414634348,0.682527012889301,-0.5845102852439761,0.5190654611411671,0.7146006944053672,0.5327856071524254,0.49020416675434075,0.5839946244139035,0.16082239567951548,0.6537194409091077,,,,,,,,,1.0167064205932996,0.4846530628843041,,,0.25463879536583856,0.6318460418276913,,,,,,,7.0,7.0,7.0,7.0,28.0,28.0,28.0,28.0,,,,,113.0,,113.0,,,,,,,,,,,,,,,,,,,,,,,,,,,,,,,,,,,,,,,,,,,,,,,,,
q3_rho0.70_sensing_b3,3,0.7,sensing,3,1,0,40,mixture,diag,linear-l0.01,linear-l0.01|linear-l0.1|constant|linear-l1|linear-l0.01,0.048861407406832785,0.6826417839641696,0.5375,0.048861407406832785,0.04889836555394163,0.05748352239456263,36.28978072550132,0.05589085982608037,0.04781176720863932,0.04784230754706361,0.055647553456025976,36.559269935389416,0.053632651962605665,0.04867464010081669,0.04871040208397953,0.05715568250898323,36.33638984160965,0.05550360296908096,0.04881392848458858,0.04885058059918723,0.05740016954320604,36.30156906765546,0.05579304372844467,-0.060208158680389305,0.15006274775369394,0.05316501283968306,0.0,0.6931471805599453,,,,,0.0,,,0.0,0.1723195377463893,0.6576749577431346,0.07348743113817166,0.6760206859512774,0.02221144006301679,0.6875547666859573,0.004460717353932104,0.6920280031085599,0.16154862080311622,0.6647668277608302,0.09661065184064044,0.6725295136865415,0.03125001042480484,0.6861710562860538,0.007781321819927306,0.6912345390088825,,,,,,,,,0.0055476888231063585,0.6912612765202872,,,-0.0005071878980482614,0.6932719461353459,,,,,,,7.0,7.0,7.0,7.0,28.0,28.0,28.0,28.0,,,,,113.0,,113.0,,,,,,,,,,,,,,,,,,,,,,,,,,,,,,,,,,,,,,,,,,,,,,,,,
q3_rho0.70_sensing_b3,3,0.7,sensing,3,5,0,40,mixture,diag,gru-w4-l0.01,linear-l0.01|gru-w4-l0.01|linear-l0.1|gru-w4-l0.01|gru-w4-l0.01,0.35703795063844057,0.5903585082526587,0.675,0.35703795063844057,0.36067583312542884,0.44477834455575105,9.660629897068123,0.2912213458487383,0.45006029296915206,0.45328959825578685,0.3718331086385994,20.949406793912534,0.14956642933806288,0.3968981698270257,0.39743076467436567,0.4298914385364131,11.91440621058372,0.25159078245606925,0.36903883528071135,0.371503129558417,0.44089512683115073,10.22894351145558,0.28022335669056847,-0.30359017283160894,0.8107859287247496,0.29518945101950483,0.0,0.6931471805599453,,,,,0.0,,,0.0,0.46386329504726,0.5917065967906898,0.19976593788792624,0.6450141865906948,0.0493325830404079,0.6809627768417389,0.007483137912371943,0.6912794582404269,0.424203252046712,0.5786862340195069,0.4237794180204622,0.5933808146992238,0.19816598203794217,0.6458747530787188,0.04864713153212521,0.6810942121351781,,,,,,,,,0.38156030661600054,0.580070710803091,,,0.01767209571717683,0.6887687018626287,,,,,,,7.0,7.0,7.0,7.0,28.0,28.0,28.0,28.0,,,,,113.0,,113.0,,,,,,,,,,,,,,,,,,,,,,,,,,,,,,,,,,,,,,,,,,,,,,,,,
q3_rho0.70_sensing_b3,3,0.7,sensing,3,10,0,40,pathinfo,diag,gru-w4-l0.01,quadratic-l1|gru-w4-l0.01|gru-w4-l0.01|quadratic-l1|gru-w4-l0.01,0.19465642782776355,0.4984907527321817,0.775,,,,,,,,,,,,,,,,,,,,,0.11330931428981332,0.27324939051018715,0.040478868543468514,0.0,0.6931471805599453,,,,,0.0,,,0.0,0.08399444295672918,0.6091527376032161,0.09538726593182312,0.5977599146281223,0.06284355648617793,0.6303036240737674,0.013448282593586224,0.679698897966359,0.1421361998494986,0.5510109807104466,0.18413508279067545,0.5090120977692698,0.15265204409814193,0.5404951364618034,0.05320278926094348,0.6399443912990018,,,,,,,,,0.20189247229328422,0.4912547082666611,,,0.07380579922798873,0.6193413813319566,,,,,,,7.0,7.0,7.0,7.0,28.0,28.0,28.0,28.0,,,,,113.0,,113.0,,,,,,,,,,,,,,,,,,,,,,,,,,,,,,,0.16606906303210983,0.19465642782776355,0.0,0.19465642782776355,0.0,0.19465642782776355,0.0,,,,,,,,,,,,
q3_rho0.70_sensing_b3,3,0.7,sensing,3,1,0,40,pathinfo,diag,constant,constant|constant|linear-l1|constant|constant,-0.003929562027622674,0.697076742587568,0.4875,,,,,,,,,,,,,,,,,,,,,-0.01064483077431695,0.0012077056293518375,0.002965387739321585,0.0,0.6931471805599453,,,,,0.0,,,0.0,-0.013493426348193222,0.7066406069081385,-0.007801278034910808,0.7009484585948561,-0.002759346697960863,0.6959065272579061,-0.00040549210531188457,0.6935526726652572,-0.12262863848150421,0.8157758190414495,-0.06449351397943175,0.7576406945393771,-0.014968555240537857,0.708115735800483,-0.0016272876192178806,0.6947744681791631,,,,,,,,,-0.0016299486439219745,0.6947771292038672,,,-0.00038442254275936337,0.6935316031027047,,,,,,,7.0,7.0,7.0,7.0,28.0,28.0,28.0,28.0,,,,,113.0,,113.0,,,,,,,,,,,,,,,,,,,,,,,,,,,,,,,0.25195020551645453,-0.003929562027622674,0.0,-0.003929562027622674,0.0,-0.003929562027622674,0.0,,,,,,,,,,,,
q3_rho0.70_sensing_b3,3,0.7,sensing,3,5,0,40,pathinfo,diag,quadratic-l1,quadratic-l1|linear-l0.1|quadratic-l1|linear-l0.1|quadratic-l1,0.02277518875105354,0.6703719918088917,0.5875,,,,,,,,,,,,,,,,,,,,,-0.02879643060062627,0.06938984414215497,0.025001618765309302,0.0,0.6931471805599453,,,,,0.0,,,0.0,0.01418437377481987,0.6789628067851254,0.016224101311985074,0.6769230792479602,0.011627292669191495,0.6815198878907538,0.0027278877958118856,0.6904192927641334,0.003796828502027372,0.6893503520579178,0.04664653654927733,0.646500644010668,0.042534824537810115,0.6506123560221352,0.014494720114009225,0.6786524604459361,,,,,,,,,0.0189596278563587,0.6741875527035865,,,0.007731388765995653,0.6854157917939496,,,,,,,7.0,7.0,7.0,7.0,28.0,28.0,28.0,28.0,,,,,113.0,,113.0,,,,,,,,,,,,,,,,,,,,,,,,,,,,,,,0.23797979191013,0.02277518875105354,0.0,0.02277518875105354,0.0,0.02277518875105354,0.0,,,,,,,,,,,,
q3_rho1.00_always_b12,3,1.0,always,12,10,0,40,cost0,direct,gru_direct-w4-l0.1-cap5,gru_direct-w4-l0.1-cap5|gru_direct-w4-l0.1-cap5|gru_direct-w4-l0.1-cap5|gru_direct-w4-l0.1-cap5|gru_direct-w4-l0.1-cap5,0.7848551857745946,0.18682668905502772,0.975,0.7848551857745946,2.142914531821529,3.4386924533715275,1.6133168657476809,0.7594057669032747,2.242067776610858,2.3924300030729277,1.7890004674392022,5.026789066194706,0.3258990996291251,2.298306567195019,2.432745854463793,2.9100824720372254,2.1303447212966757,0.6152205889618827,1.4750894878453222,2.2504519615151426,3.2828331579292938,1.7485586618088904,0.7177423232505472,-5.465595115517043,4.413155529133333,2.7520758818355042,0.0,0.6931471805599453,-1.5199038444406892,0.2173283355838323,0.7848551857745946,0.18682668905502772,0.0,113.0,113.0,0.0,,,,,,,,,,,,,,,,,,,,,,,,,,,,,,,,,,,,,,,,,,,,,,,,,,,,,,,,,,,,,,,,,,,,,,,,,,,,,,,,,,,,,,,,,,,,,,,,,,,,
q3_rho1.00_always_b12,3,1.0,always,12,10,0,40,cost0,main,quadratic-l0.1,linear-l0.01|quadratic-l0.1|quadratic-l0.1|quadratic-l0.1|quadratic-l1,-10.839624601069254,0.23690137353697457,0.95,-10.839624601069254,0.17895875349306856,2.867275534095453,1.0506579066783717,0.9754363769938913,2.0062747601866056,2.188143195417897,1.5178158703251323,5.054307424844537,0.35861325376912806,1.2440307449312333,1.616089687532086,2.3705994154794543,1.394117088216183,0.8404895318390516,-3.524051150957992,0.725344454666641,2.7032037349024223,1.1043769856490717,0.9509523088074956,-39.519348139672196,3.833840355217844,13.904308739382705,0.0,0.6931471805599453,,,,,0.0,,,0.0,-10.462816233990598,0.22687354343881236,1.0067956305892496,0.2686702972020151,1.0063567197359138,0.45242354371001775,0.20163932582593436,0.6430209199367646,3.0279198286425766,0.15511643387169277,3.3998327037317173,0.15761910117371392,2.064516444748461,0.2627320850374271,0.7158102343295435,0.5185926887197102,-0.17102234512117748,0.2135835565859991,-6.122901054182284,0.21570839251563384,2.2803120995457378,0.21454895354318637,2.1662908194381156,0.2075460232200755,1.6638120823081046,0.18033377268249443,-0.059346498211052534,0.20731316455042387,1.9336887556094873,0.2651058343571039,1.8142944186784764,0.2588462040829604,2.841178929733899,0.16093834724145628,0.8601500825551078,0.48535946959076715,7.0,7.0,7.0,7.0,28.0,28.0,28.0,28.0,141.0,281.0,141.0,281.0,113.0,321.0,113.0,321.0,113.0,113.0,,,,,,,,,,,,,,,,,,,,,,,,,,,,,,,,,,,,,,,,,,,,,,
q3_rho1.00_always_b12,3,1.0,always,12,10,0,40,cost0,mem1,gru-w4-l0.01-h1,gru-w4-l0.01-h1|gru-w4-l0.01-h1|gru-w4-l0.01-h1|gru-w4-l0.01-h1|gru-w4-l0.01-h1,2.3507530025473047,0.18246506274133203,0.95,2.3507530025473047,2.383443447632394,2.628692320133477,2.042190155440778,0.6063120009848404,2.0932683005124746,2.3137748745005084,1.5673055954761073,4.53085276258018,0.34388886114842193,2.4240477412323003,2.429171421168085,2.326205077598252,2.2891450683273935,0.5452825198394948,2.3874820766562586,2.39840157515383,2.542629874068397,2.102110457395687,0.5896531670804238,0.5350690851877317,3.7035245865588338,0.842478669711283,,,,,,,,,,0.0,,,,,,,,,,,,,,,,,,,,,,,,,,,,,,,,,,,,,,,,,,,,,,,,,,,,,,,0.0,0.6931471805599453,2.3507530025473047,0.18246506274133203,1.436170040133017,0.3597484248251435,0.0,116.0,116.0,,,,,,,,,,,,,,,,,,,,,,,,,,,,,,,,,,,,,
q3_rho1.00_always_b12,3,1.0,always,12,10,0,40,cost0,mem2,gru-w4-l0.01-h2,gru-w4-l0.01-h2|gru-w4-l0.01-h2|gru-w4-l0.01-h2|gru-w4-l0.01-h2|gru-w4-l0.01-h2,2.1463385406325868,0.16386005988072766,0.95,2.1463385406325868,2.2953410596751733,2.7957743637105423,1.8334051598186363,0.6738965833414449,2.158906076526807,2.3806922653551306,1.6317927453415328,4.258762169141081,0.35773400588630044,2.4183920051823633,2.419021379499413,2.4542916704313282,2.10066892780339,0.5933755864323687,2.2610199739438626,2.3353104095905315,2.6975200894031612,1.9026062416345906,0.6513713893038838,-0.278198946042612,3.884279344332282,1.1359394912130611,,,,,,,,,,0.0,,,,,,,,,,,,,,,,,,,,,,,,,,,,,,,,,,,,,,,,,,,,,,,,,,,,,,,,,,,,,,,,0.0,0.6931471805599453,2.1463385406325868,0.16386005988072766,1.7395714330030465,0.2994900955111427,0.0,116.0,116.0,,,,,,,,,,,,,,,,,,,,,,,,,,,,
q3_rho1.00_always_b12,3,1.0,always,12,10,0,40,cost0,mem4,gru-w4-l0.01-h4,gru-w4-l0.01-h4|gru-w4-l0.01-h4|gru-w4-l0.01-h4|gru-w4-l0.01-h4|gru-w4-l0.01-h4,2.9884489756427493,0.15172610374369758,0.95,2.9884489756427493,3.0025577821939975,3.1659645874471742,2.107195416517971,0.5277447452666028,2.222094096317933,2.4579979354840162,1.6826270326763697,4.302643981117897,0.34362480566389375,2.84507923363778,2.8570623992385977,2.6981521712025818,2.256651977196636,0.49830878133073286,2.954557806462641,2.9571631603093516,3.028490288977601,2.1385523420357146,0.5203479296521406,1.3137915571665424,4.274279379149866,0.7761836300121103,,,,,,,,,,0.0,,,,,,,,,,,,,,,,,,,,,,,,,,,,,,,,,,,,,,,,,,,,,,,,,,,,,,,,,,,,,,,,,,,,,,,,,0.0,0.6931471805599453,2.9884489756427493,0.15172610374369758,1.9812435743118844,0.26094122224453764,0.0,116.0,116.0,,,,,,,,,,,,,,,,,,,
q3_rho1.00_always_b12,3,1.0,always,12,1,0,40,cost0,main,quadratic-l0.1,quadratic-l0.1|quadratic-l0.1|quadratic-l0.01|quadratic-l0.1|quadratic-l0.1,0.2895628969232494,0.5865493693556922,0.675,0.2895628969232494,0.32240611034057054,0.5682039362782924,9.770338390818406,0.26137273009013434,0.41666306150458465,0.4171692432216024,0.4488190660992514,18.47160554246643,0.13548094965339147,0.3382970362560541,0.35636853788169465,0.5406439269298687,11.603033492763343,0.22533617307283918,0.3040536249213635,0.3322713504062972,0.5607877117757484,10.24423696659915,0.2512991745310643,-0.5397634201240128,0.8937780955376717,0.37522948343503637,0.0,0.6931471805599453,,,,,0.0,,,0.0,0.034415236937890614,0.6662747642172606,-5.191965344928384e-05,0.6903502857747977,-0.004538975421941404,0.6940318596080262,-0.0008163444335341802,0.6933445611798061,-0.6422920349741288,0.5847196116476412,0.2092965297469241,0.5989545933571138,0.15621217439241714,0.6485157564835276,0.03927104428477517,0.6830980604378236,0.018415534500229303,0.6096342019728871,-0.06159141016960108,0.6074333491989947,-0.0026113095695233846,0.6937255460460208,-0.008098430500282316,0.6950074724386641,0.23068053185873008,0.6274647901876668,0.18732725724420873,0.638277245654716,-0.0006980296306387301,0.69331860519702,-0.0005321222950636695,0.6932805676971227,0.009583284043043098,0.6907183207744947,-0.00044080232703389287,0.6932560707782622,7.0,7.0,7.0,7.0,28.0,28.0,28.0,28.0,33.0,65.0,33.0,65.0,113.0,321.0,113.0,321.0,113.0,113.0,,,,,,,,,,,,,,,,,,,,,,,,,,,,,,,,,,,,,,,,,,,,,,
q3_rho1.00_always_b12,3,1.0,always,12,5,0,40,cost0,main,quadratic-l0.01,quadratic-l0.01|quadratic-l0.1|quadratic-l0.1|flat-w4-l0.01|quadratic-l0.01,2.105891066771006,0.27352031472723565,0.925,2.105891066771006,2.3240611964354962,2.9192323561517677,1.4695010943674376,0.8197791817849144,1.8229476985511504,1.9879945707313418,1.3527576479521204,6.38283128667175,0.32634497572126087,2.2422925534617586,2.2435715645543577,2.2937256909539867,2.011236951031375,0.6895718119331382,2.1828964961991986,2.286780267819495,2.710443358489892,1.5875255445701997,0.7864086776725038,-1.1091501173593377,4.093653335052445,1.4235822822215558,0.0,0.6931471805599453,,,,,0.0,,,0.0,0.31993616503214817,0.3720489534663049,0.46643047185413433,0.45534274604624114,0.44160831133385336,0.5778372868042816,0.0927692357389549,0.6699445943974706,3.8519010616335847,0.2496551365345443,2.330896384525148,0.2890157275800312,1.2404133054430975,0.41845123569704423,0.3902912379135401,0.5967516611636616,2.425161779455487,0.2911435154270413,4.111578713785528,0.1974810624967418,1.2151964965258624,0.3976522630245415,1.333729156006959,0.38404802533400123,1.771850174667963,0.31842510168478655,2.4208090092307453,0.2724877274083951,0.6825129950035654,0.5141507535480397,0.6457774711339079,0.5161034342705604,1.9815990716115883,0.31604021952309924,0.14738777523190075,0.6555102293748606,7.0,7.0,7.0,7.0,28.0,28.0,28.0,28.0,81.0,161.0,81.0,161.0,113.0,321.0,113.0,321.0,113.0,113.0,,,,,,,,,,,,,,,,,,,,,,,,,,,,,,,,,,,,,,,,,,,,,,
q3_rho1.00_always_b12,3,1.0,always,12,10,0,40,cost2,direct,gru_direct-w4-l0.1-cap5,gru_direct-w4-l0.1-cap5|gru_direct-w4-l0.1-cap5|gru_direct-w4-l0.1-cap5|gru_direct-w4-l0.1-cap5|gru_direct-w4-l0.1-cap5,1.0076269257021628,0.19924562817846833,0.9625,1.0076269257021628,2.2883414055653493,3.55437159331762,1.5415450979602312,0.7907468515686497,2.2004531815457002,2.304013551834529,1.8116070800970618,6.055075049522552,0.2917628536847201,2.3730648965424024,2.502401213964044,2.9713031365728746,2.2272654695200407,0.623474296357878,1.6490221529929936,2.374970652236322,3.379416816297718,1.7029680581151971,0.744471765388674,-5.092286145007533,4.485356535205258,2.789298282103291,0.0,0.6931471805599453,-1.3494873920280122,0.1700952414869076,1.0076269257021628,0.19924562817846833,0.0,113.0,113.0,0.2,,,,,,,,,,,,,,,,,,,,,,,,,,,,,,,,,,,,,,,,,,,,,,,,,,,,,,,,,,,,,,,,,,,,,,,,,,,,,,,,,,,,,,,,,,,,,,,,,,,,
q3_rho1.00_always_b12,3,1.0,always,12,10,0,40,cost2,main,quadratic-l0.1,linear-l0.01|quadratic-l0.1|quadratic-l0.01|quadratic-l0.1|quadratic-l0.01,-5.828522484625875,0.15675736870378296,0.975,-5.828522484625875,1.5642099714774758,3.940922971652377,1.0378826825923098,0.9814613318350707,2.290422518994856,2.5491280363969464,1.7322165597484098,4.245091717008984,0.4141998984973874,2.211018399969494,2.4413205239711933,3.051166678506749,1.2510872044232004,0.8902396230633621,-1.1099686134454436,1.8954939363420902,3.64567476736991,1.072229060357808,0.9653254152057015,-27.21874415300507,5.146163808917453,10.405223970204073,0.0,0.6931471805599453,,,,,0.0,,,0.0,-6.229052261663251,0.20004960275394312,2.0773281395622782,0.2285335722965791,1.1553953559728982,0.4223395445352066,0.22934653603669028,0.6361146219734508,5.239724129729553,0.08740888832532974,3.659325996508484,0.12243418765214428,2.2362032180198965,0.23360538279031023,0.7821496391503336,0.5024504791364939,0.4383192293836153,0.17375088352329232,-3.618743889909548,0.1729062033194418,2.362216412963611,0.19807995471285397,2.3371438881237174,0.18788598023713074,2.2240865252544344,0.14083787719687257,1.5174311725935408,0.13025918161640923,2.0946856315794933,0.24395455314329,2.093550860107728,0.23508595016903078,2.8714003901043923,0.1456393819468179,0.971665556811588,0.4670167876632501,7.0,7.0,7.0,7.0,28.0,28.0,28.0,28.0,141.0,281.0,141.0,281.0,113.0,321.0,113.0,321.0,113.0,113.0,,,,,,,,,,,,,,,,,,,,,,,,,,,,,,,,,,,,,,,,,,,,,,
q3_rho1.00_always_b12,3,1.0,always,12,10,0,40,cost2,mem1,gru-w4-l0.01-h1,gru-w4-l0.01-h1|gru-w4-l0.01-h1|gru-w4-l0.01-h1|gru-w4-l0.01-h1|gru-w4-l0.01-h1,2.398650105755928,0.15873199367933838,0.9625,2.398650105755928,2.4160515954699986,2.5969825864723832,2.121642291373425,0.5462809233992841,2.1433998773959653,2.3720818233496996,1.6101757441795463,4.415412407889523,0.34160059077234706,2.4631203048735766,2.4728036025013567,2.3303356560483275,2.3009992366278214,0.5077050446487856,2.4303619506163505,2.434376476627891,2.5226630260929896,2.1613959100101257,0.5361868954653344,0.6585496559848594,3.6420379479204614,0.7933922748392012,,,,,,,,,,0.0,,,,,,,,,,,,,,,,,,,,,,,,,,,,,,,,,,,,,,,,,,,,,,,,,,,,,,,0.0,0.6931471805599453,2.398650105755928,0.15873199367933838,1.6186269680709686,0.3240480647947989,0.0,116.0,116.0,,,,,,,,,,,,,,,,,,,,,,,,,,,,,,,,,,,,,
q3_rho1.00_always_b12,3,1.0,always,12,10,0,40,cost2,mem2,gru-w4-l0.01-h2,gru-w4-l0.01-h2|gru-w4-l0.01-h2|gru-w4-l0.01-h2|gru-w4-l0.01-h2|gru-w4-l0.01-h2,2.2205327121799483,0.15283252563084165,0.975,2.2205327121799483,2.312377099898074,2.7124171322135417,2.1041000780309562,0.4878147855372636,2.1703680231132565,2.391654447491697,1.6437034469198895,4.234476473817685,0.3417170099685598,2.4116135681193347,2.4116144688878975,2.4102719550473695,2.2370957055722616,0.47293740500893133,2.2980560973686712,2.342581615408222,2.6268633610775,2.1308012423523865,0.4847062022675524,0.06238629549451524,3.7738904458449225,0.9960203643298897,,,,,,,,,,0.0,,,,,,,,,,,,,,,,,,,,,,,,,,,,,,,,,,,,,,,,,,,,,,,,,,,,,,,,,,,,,,,,0.0,0.6931471805599453,2.2205327121799483,0.15283252563084165,1.8965219826793978,0.27586616607293324,0.0,116.0,116.0,,,,,,,,,,,,,,,,,,,,,,,,,,,,
q3_rho1.00_always_b12,3,1.0,always,12,10,0,40,cost2,mem4,gru-w4-l0.01-h4,gru-w4-l0.01-h4|gru-w4-l0.01-h4|gru-w4-l0.01-h4|gru-w4-l0.01-h4|gru-w4-l0.01-h4,3.764539330662945,0.11100386570103993,0.9625,3.764539330662945,3.777082594609338,3.614401509950588,2.0703968963800725,0.55611063235688,2.3683427015872325,2.636477327994852,1.8027848579439538,4.339268303990436,0.34779411784083886,3.337237017897414,3.4057369544706004,3.0112891898233456,2.232634057492199,0.5207014725119165,3.6385159354437797,3.6627255835696606,3.4343071002907974,2.104915437867559,0.5472333102398395,2.4182866164357666,4.779754913291157,0.616413951217259,,,,,,,,,,0.0,,,,,,,,,,,,,,,,,,,,,,,,,,,,,,,,,,,,,,,,,,,,,,,,,,,,,,,,,,,,,,,,,,,,,,,,,0.0,0.6931471805599453,3.764539330662945,0.11100386570103993,2.1085280401023994,0.24366198998868818,0.0,116.0,116.0,,,,,,,,,,,,,,,,,,,
q3_rho1.00_always_b12,3,1.0,always,12,1,0,40,cost2,main,linear-l0.01,linear-l0.01|linear-l0.01|linear-l0.01|quadratic-l0.1|linear-l0.01,-0.2278885821792241,0.7078300638231566,0.6,-0.2278885821792241,-0.18960390321065176,0.07491345457428825,15.596405047509036,0.16821450722076428,-0.056603324573111194,-0.048472824900693934,0.07639226022550305,22.46872914549195,0.10824820748218068,-0.18485100054202988,-0.15595164387294305,0.0752026789714336,17.013210100704637,0.1532007957623081,-0.21618110583056677,-0.18056017546262038,0.07498762783374015,15.964397586881688,0.1641429688018679,-0.83560378816817,0.26412676130392343,0.2876479730147217,0.0,0.6931471805599453,,,,,0.0,,,0.0,-0.1670378787758749,0.6855059371119188,-0.010836892595013881,0.6870888134711024,0.005232225103437285,0.6912829969928008,0.0016030873654837602,0.6927345791983711,-2.6259149531756294,0.7649835259922386,-0.24363352471175376,0.6818961054658199,0.05362429157310518,0.6730294150462225,0.024800789557561882,0.6866929881775712,-0.6073971052514471,0.7370930551411367,-0.4826395507766347,0.7235668076557079,-0.005472085073648064,0.6940751541595482,-0.010572634785957874,0.695073940642581,-0.31017556374779637,0.7109651246980577,-0.4179129954137662,0.7246535499027991,-0.0003469633830377322,0.6932303209281083,-0.0008344724882027865,0.6933553698848103,0.0005860106280734245,0.6929804893981549,-0.0003365697756038316,0.6932302432072168,7.0,7.0,7.0,7.0,28.0,28.0,28.0,28.0,33.0,65.0,33.0,65.0,113.0,321.0,113.0,321.0,113.0,113.0,,,,,,,,,,,,,,,,,,,,,,,,,,,,,,,,,,,,,,,,,,,,,,
q3_rho1.00_always_b12,3,1.0,always,12,5,0,40,cost2,main,quadratic-l0.1,quadratic-l0.01|quadratic-l0.1|quadratic-l0.1|flat-w8-l0.01|quadratic-l0.1,3.517725036975802,0.214003843324757,0.9125,3.517725036975802,3.5812439743549307,3.2023285435865176,2.2336882534772147,0.6579265568883267,2.012633121137364,2.2423322445117586,1.4785201561654933,7.396914622814883,0.32129093878673676,2.952002678150466,3.073032122024052,2.5371634130555876,2.8113745011882703,0.5792557482116933,3.331683680216801,3.410528597057315,2.9853116422039405,2.3666416977854143,0.6374229163246169,2.325687391250812,4.438066038965095,0.5338631511433448,0.0,0.6931471805599453,,,,,0.0,,,0.0,1.228457718025385,0.3452100337170163,1.0675274098669356,0.4104002078310251,0.5757465167588237,0.5506067195520448,0.11565817303094036,0.6643128755009291,3.767265223344509,0.22393375596868728,2.642561345274646,0.25519500498478187,1.4202819724315572,0.3902756798900598,0.45616520004845656,0.5814579681891061,2.5352732740218507,0.24689702619984252,3.8892968633181537,0.18042383053086203,1.3387667819277431,0.3664091812215253,1.4565966338979421,0.3539257454516659,1.7088608834407117,0.2662116264572688,2.7552870953591384,0.20447106344809302,0.8200221519842257,0.4899059174033102,0.7774362349768583,0.4928136201889585,1.7459005452036007,0.31440190759440456,0.21498002370500885,0.6390118739479933,7.0,7.0,7.0,7.0,28.0,28.0,28.0,28.0,81.0,161.0,81.0,161.0,113.0,321.0,113.0,321.0,113.0,113.0,,,,,,,,,,,,,,,,,,,,,,,,,,,,,,,,,,,,,,,,,,,,,,
q3_rho1.00_always_b12,3,1.0,always,12,10,0,40,endpoint,main,linear-l0.1,linear-l1|linear-l0.1|linear-l1|linear-l0.1|linear-l0.1,0.024854722393970557,0.6682924581659748,0.625,,,,,,,,,,,,,,,,,,,,,0.0004924147238533559,0.047456073423208796,0.012033887759363902,0.0,0.6931471805599453,,,,,0.0,,,0.0,0.025843295110069026,0.6673038854498763,0.026073725989907304,0.667073454570038,0.015748430149561156,0.6773987504103841,0.002690437270409954,0.6904567432895353,0.006021447796793997,0.6871257327631513,0.012961608031184976,0.6801855725287602,0.017243548303204997,0.6759036322567402,0.004585035766165882,0.6885621447937794,,,,,,,,,,,,,,,,,,,,,3.0,3.0,3.0,3.0,6.0,6.0,6.0,6.0,,,,,,,,,,,,,,,,,,,,,,,,,,,,,,,,,,,,,,0.23787470344506026,0.024854722393970557,0.0,0.024854722393970557,0.0,0.024854722393970557,0.0,0.023036999597842982,0.6701101809621022,0.022881722265776595,0.6702654582941687,0.01929266793669406,0.6738545126232511,0.016001252810921626,0.6771459277490237,17.0,33.0,17.0,33.0
q3_rho1.00_always_b12,3,1.0,always,12,1,0,40,endpoint,main,quadratic-l0.1,quadratic-l0.1|quadratic-l0.1|constant|linear-l1|quadratic-l0.1,-0.00922914243177186,0.7023763229917172,0.4625,,,,,,,,,,,,,,,,,,,,,-0.019460604620756168,0.0014411378689237794,0.005374986932113192,0.0,0.6931471805599453,,,,,0.0,,,0.0,-0.014737143509342071,0.7078843240692873,-0.006429388438961195,0.6995765689989064,-0.001166236391848137,0.6943134169517934,-7.755932661597936e-05,0.6932247398865613,-0.01924532473089469,0.71239250529084,-0.006890002500333697,0.700037183060279,-0.00253637283048395,0.6956835533904293,-0.00036357218625676646,0.693510752746202,,,,,,,,,,,,,,,,,,,,,3.0,3.0,3.0,3.0,6.0,6.0,6.0,6.0,,,,,,,,,,,,,,,,,,,,,,,,,,,,,,,,,,,,,,0.2547216038180733,-0.00922914243177186,0.0,-0.00922914243177186,0.0,-0.00922914243177186,0.0,-0.005436671307693912,0.6985838518676393,-0.015444389397500456,0.7085915699574457,-0.0036268880370317657,0.6967740685969771,-0.0015066018699459686,0.6946537824298913,17.0,33.0,17.0,33.0
q3_rho1.00_always_b12,3,1.0,always,12,2,0,40,endpoint,main,constant,constant|mlp-w4-l0.1|linear-l1|linear-l1|constant,0.0011857657892050718,0.6919614147707402,0.5125,,,,,,,,,,,,,,,,,,,,,-0.002521921220251643,0.0053781651446801835,0.002077144023171075,0.0,0.6931471805599453,,,,,0.0,,,0.0,-0.012427698803258785,0.7055748793632041,-0.003061977784067678,0.6962091583440129,-4.8717455450950074e-05,0.6931958980153963,6.467010989585353e-05,0.6930825104500494,-0.052717553993997836,0.7458647345539431,-0.023079560550042132,0.7162267411099874,-0.0036296362354209357,0.6967768167953662,-0.00018963221242951356,0.6933368127723748,,,,,,,,,,,,,,,,,,,,,3.0,3.0,3.0,3.0,6.0,6.0,6.0,6.0,,,,,,,,,,,,,,,,,,,,,,,,,,,,,,,,,,,,,,0.24940869576813757,0.0011857657892050718,0.0,0.0011857657892050718,0.0,0.0011857657892050718,0.0,-0.0013244904388686044,0.6944716709988139,-0.0005222933133154737,0.6936694738732608,-0.0009376073353073652,0.6940847878952526,-0.0007622783605256936,0.693909458920471,17.0,33.0,17.0,33.0
q3_rho1.00_always_b12,3,1.0,always,12,3,0,40,endpoint,main,mlp-w4-l0.1,mlp-w4-l0.1|mlp-w4-l0.01|mlp-w4-l0.1|mlp-w4-l0.1|mlp-w4-l0.01,0.0016730638155634122,0.6914741167443819,0.5875,,,,,,,,,,,,,,,,,,,,,-0.007373232101043996,0.010670787902239555,0.004598385025674592,0.0,0.6931471805599453,,,,,0.0,,,0.0,-0.004104743818602358,0.6972519243785478,-0.0006566117406269695,0.6938037923005722,0.000572831249847118,0.6925743493100981,0.0001421219250080194,0.6930050586349372,-0.018430080019157278,0.7115772605791025,-0.0069201293397278315,0.7000673098996731,-0.000563796882851468,0.6937109774427968,0.0001584592394476711,0.6929887213204976,,,,,,,,,,,,,,,,,,,,,3.0,3.0,3.0,3.0,6.0,6.0,6.0,6.0,,,,,,,,,,,,,,,,,,,,,,,,,,,,,,,,,,,,,,0.2491348664585355,0.0016730638155634122,0.0,0.0016730638155634122,0.0,0.0016730638155634122,0.0,0.0013348842171498454,0.6918122963427955,0.00015380537296048462,0.6929933751869848,0.0016174112539594511,0.6915297693059859,0.0009080791189054777,0.6922391014410398,17.0,33.0,17.0,33.0
q3_rho1.00_always_b12,3,1.0,always,12,4,0,40,endpoint,main,mlp-w4-l0.1,mlp-w4-l0.1|constant|mlp-w4-l0.1|mlp-w4-l0.1|linear-l1,0.003626322725431552,0.6895208578345138,0.525,,,,,,,,,,,,,,,,,,,,,-0.006758426322061719,0.013839092856172576,0.00525095947476381,0.0,0.6931471805599453,,,,,0.0,,,0.0,0.00019029781373539056,0.6929568827462099,0.0025364991195072316,0.690610681440438,0.0029270524614688474,0.6902201280984764,0.0005689706223308249,0.6925782099376144,-0.00539462588931037,0.6985418064492557,-0.0002829469210198415,0.6934301274809651,0.003037753990279382,0.6901094265696659,0.0010110249839212105,0.692136155576024,,,,,,,,,,,,,,,,,,,,,3.0,3.0,3.0,3.0,6.0,6.0,6.0,6.0,,,,,,,,,,,,,,,,,,,,,,,,,,,,,,,,,,,,,,0.24819185919412892,0.003626322725431552,0.0,0.003626322725431552,0.0,0.003626322725431552,0.0,0.002613358484771737,0.6905338220751736,-0.0007719623527488936,0.6939191429126941,0.006099192215896522,0.6870479883440488,0.0007926692218608395,0.6923545113380845,17.0,33.0,17.0,33.0
q3_rho1.00_always_b12,3,1.0,always,12,5,0,40,endpoint,main,linear-l0.1,constant|linear-l0.1|linear-l1|linear-l0.1|quadratic-l0.1,0.00248484200399022,0.690662338555955,0.5625,,,,,,,,,,,,,,,,,,,,,-0.02665849242382029,0.027428051456625697,0.013727059899448137,0.0,0.6931471805599453,,,,,0.0,,,0.0,0.00822411265455134,0.6849230679053939,0.00935509151334959,0.6837920890465957,0.00621209157543526,0.68693508898451,0.0010872096627068755,0.6920599708972384,0.007181366425969299,0.6859658141339761,0.01173039761902326,0.6814167829409221,0.008388325500835243,0.6847588550591099,0.0019724665421483227,0.6911747140177968,,,,,,,,,,,,,,,,,,,,,3.0,3.0,3.0,3.0,6.0,6.0,6.0,6.0,,,,,,,,,,,,,,,,,,,,,,,,,,,,,,,,,,,,,,0.24843467651656398,0.00248484200399022,0.0,0.00248484200399022,0.0,0.00248484200399022,0.0,0.007161303444216738,0.6859858771157284,0.0057888721290519415,0.6873583084308933,0.009511747246119959,0.6836354333138253,0.005197077550601134,0.6879501030093442,17.0,33.0,17.0,33.0
q3_rho1.00_always_b12,3,1.0,always,12,6,0,40,endpoint,main,linear-l1,linear-l1|quadratic-l0.01|linear-l0.1|linear-l1|linear-l0.1,0.014282021214532542,0.6788651593454127,0.5875,,,,,,,,,,,,,,,,,,,,,-0.011108229584693765,0.0397857692005265,0.013375875277162731,0.0,0.6931471805599453,,,,,0.0,,,0.0,0.022337927424957615,0.6708092531349876,0.019853826487150054,0.6732933540727952,0.012466841035884663,0.6806803395240606,0.0021578010517478903,0.6909893795081974,0.018219077698366754,0.6749281028615786,0.013859979139677337,0.6792872014202679,0.015122738868373864,0.6780244416915714,0.0037773272989040487,0.6893698532610413,,,,,,,,,,,,,,,,,,,,,3.0,3.0,3.0,3.0,6.0,6.0,6.0,6.0,,,,,,,,,,,,,,,,,,,,,,,,,,,,,,,,,,,,,,0.24269023508682425,0.014282021214532542,0.0,0.014282021214532542,0.0,0.014282021214532542,0.0,0.015112716654932468,0.6780344639050129,0.011777676261261517,0.6813695042986838,0.015632584119215382,0.6775145964407299,0.012383481394032681,0.6807636991659126,17.0,33.0,17.0,33.0
q3_rho1.00_always_b12,3,1.0,always,12,7,0,40,endpoint,main,linear-l0.1,linear-l0.1|quadratic-l0.01|linear-l1|quadratic-l0.1|mlp-w4-l0.01,0.0036123792868765258,0.6895348012730688,0.575,,,,,,,,,,,,,,,,,,,,,-0.03166192478164944,0.03608387825752227,0.017545747529982017,0.0,0.6931471805599453,,,,,0.0,,,0.0,0.019090789153610354,0.6740563914063349,0.019122247904405698,0.6740249326555395,0.012442489726217223,0.6807046908337281,0.0021717043179174,0.6909754762420279,0.011960980016164245,0.6811862005437811,0.01458403869526056,0.6785631418646847,0.015743768481397896,0.6774034120785475,0.0038482493908034874,0.6892989311691419,,,,,,,,,,,,,,,,,,,,,3.0,3.0,3.0,3.0,6.0,6.0,6.0,6.0,,,,,,,,,,,,,,,,,,,,,,,,,,,,,,,,,,,,,,0.2481059471653629,0.0036123792868765258,0.0,0.0036123792868765258,0.0,0.0036123792868765258,0.0,0.0027851518479251715,0.6903620287120201,0.0004954156347771174,0.6926517649251682,0.015090147794962039,0.6780570327649833,0.011773042655295194,0.6813741379046501,17.0,33.0,17.0,33.0
q3_rho1.00_always_b12,3,1.0,always,12,8,0,40,endpoint,main,quadratic-l1,quadratic-l1|linear-l0.1|linear-l1|quadratic-l1|linear-l0.1,0.004260084926345862,0.6888870956335994,0.5375,,,,,,,,,,,,,,,,,,,,,-0.012946443709686674,0.021941280578842703,0.008781432238248342,0.0,0.6931471805599453,,,,,0.0,,,0.0,0.00795649904110055,0.6851906815188447,0.0086524454052179,0.6844947351547275,0.005704940204296562,0.6874422403556487,0.000997052106731007,0.6921501284532143,-0.0064309254356199564,0.6995781059955652,0.002449882973244566,0.6906972975867006,0.008154520962871947,0.6849926595970733,0.002119106515272659,0.6910280740446726,,,,,,,,,,,,,,,,,,,,,3.0,3.0,3.0,3.0,6.0,6.0,6.0,6.0,,,,,,,,,,,,,,,,,,,,,,,,,,,,,,,,,,,,,,0.24793924342771928,0.004260084926345862,0.0,0.004260084926345862,0.0,0.004260084926345862,0.0,0.00566678736775438,0.6874803931921909,0.0029710737806092186,0.690176106779336,0.0084708878910149,0.6846762926689303,0.0050825559824939125,0.6880646245774514,17.0,33.0,17.0,33.0
q3_rho1.00_always_b12,3,1.0,always,12,9,0,40,endpoint,main,linear-l1,linear-l10|linear-l1|constant|linear-l0.1|linear-l1,-0.0015118302557197475,0.6946590108156651,0.525,,,,,,,,,,,,,,,,,,,,,-0.02177774438533011,0.014628222625065619,0.009465701746628488,0.0,0.6931471805599453,,,,,0.0,,,0.0,0.007009810278741926,0.6861373702812033,0.008310754485491352,0.6848364260744539,0.006437930154550115,0.6867092504053952,0.0011696194605081618,0.6919775610994371,0.00262859608707905,0.6905185844728663,0.005285663433157814,0.6878615171267874,0.007904060032347504,0.6852431205275977,0.0021512058471843524,0.690995974712761,,,,,,,,,,,,,,,,,,,,,3.0,3.0,3.0,3.0,6.0,6.0,6.0,6.0,,,,,,,,,,,,,,,,,,,,,,,,,,,,,,,,,,,,,,0.2507028958912061,-0.0015118302557197475,0.0,-0.0015118302557197475,0.0,-0.0015118302557197475,0.0,0.0017267199688996225,0.6914204605910456,0.002665626765978042,0.6904815537939673,0.008749335125445947,0.6843978454344993,0.004299353741158948,0.6888478268187864,17.0,33.0,17.0,33.0
q3_rho1.00_always_b12,3,1.0,always,12,10,0,40,mixture,diag,quadratic-l0.1,linear-l0.01|quadratic-l0.1|quadratic-l0.1|quadratic-l0.1|quadratic-l0.1,-9.09958094082608,0.18924453455351645,0.9625,-9.09958094082608,0.6236180712691861,3.212272981937759,1.041781447600328,0.9796087142217417,2.18264971323203,2.4096064548380953,1.6509403960124724,4.4594137480165665,0.39146185794901156,1.6508446364043323,1.959731209463456,2.654908021450369,1.3093246713246705,0.8687529995999921,-2.6697039510145997,1.1321012362456084,3.034894926860922,1.0840555752055856,0.9599465194580171,-35.21265765672358,4.200673627669697,12.693518985135436,0.0,0.6931471805599453,,,,,0.0,,,0.0,-8.86246307838569,0.21264197738815369,1.6415496024493987,0.24858673406800919,1.0984257735711989,0.43472456982332197,0.2213251018968309,0.6381501443439463,4.486855771328056,0.11956924528586557,3.575030830484868,0.13697265004387885,2.18052890848451,0.2440753780480433,0.7705016172901547,0.5053299037128701,,,,,,,,,1.4748629364217014,0.16842698109119442,,,1.9376847268114559,0.2688399961811295,,,,,,,7.0,7.0,7.0,7.0,28.0,28.0,28.0,28.0,,,,,113.0,,113.0,,,,,,,,,,,,,,,,,,,,,,,,,,,,,,,,,,,,,,,,,,,,,,,,,
q3_rho1.00_always_b12,3,1.0,always,12,1,0,40,mixture,diag,quadratic-l0.1,quadratic-l0.1|quadratic-l0.1|linear-l0.01|quadratic-l0.1|quadratic-l0.1,-0.040619972878990926,0.6537036766965543,0.7,-0.040619972878990926,0.003248861127547187,0.28552531672898107,11.348811341257045,0.24732794149985038,0.15546126242337568,0.15955831293491238,0.24873425996211349,21.186636431716302,0.12728236543006194,0.021412795174156462,0.04943788725079007,0.27720254327649146,13.555290470953267,0.21263655117161664,-0.02271461684015068,0.016319038661282093,0.28329684829116636,11.922748976710672,0.23760914331193736,-0.8022503590815234,0.47358540674193295,0.3435635858194107,0.0,0.6931471805599453,,,,,0.0,,,0.0,-0.029172229964363305,0.6702504503007655,0.00016072056776224032,0.6874909312386177,0.0017065662837644879,0.692278698045711,0.0006354532800270762,0.6929773074275711,-0.7499600826238446,0.6541958829430715,0.016413109531982207,0.6393783775399424,0.10887058264947277,0.6602169622579163,0.03407778602509255,0.684383974070802,,,,,,,,,0.07720082915901694,0.6440660693532674,,,-0.0005260252683504079,0.6932745735699026,,,,,,,7.0,7.0,7.0,7.0,28.0,28.0,28.0,28.0,,,,,113.0,,113.0,,,,,,,,,,,,,,,,,,,,,,,,,,,,,,,,,,,,,,,,,,,,,,,,,
q3_rho1.00_always_b12,3,1.0,always,12,5,0,40,mixture,diag,quadratic-l0.01,quadratic-l0.01|quadratic-l0.1|quadratic-l0.1|quadratic-l0.01|quadratic-l0.01,2.751284188777575,0.254814213522571,0.9125,2.751284188777575,2.8852959823069524,3.361933180576164,1.8125402306182852,0.7230804898283851,1.9101081119923147,2.046493203080108,1.4745171403757453,6.411013113194011,0.3009042348512702,2.534282655248325,2.5354848078465335,2.5841210586436056,2.427574796917818,0.6017317186024327,2.6858244765403114,2.7527717410120034,3.0976681880748993,1.9576120974027438,0.6901101717392673,-0.040739664870925237,4.462193106786107,1.1993417509613493,0.0,0.6931471805599453,,,,,0.0,,,0.0,0.7623162660520357,0.3600574764942138,0.7932569317985393,0.43399523613923724,0.510495403671823,0.564241171399172,0.10498760188969766,0.6669450426520279,4.046381112929557,0.24008587959487473,2.4796554662021757,0.27188494184476447,1.338972831850802,0.40226200170377646,0.4297591442053073,0.5874877662270224,,,,,,,,,1.7784904087927949,0.3048126393333555,,,0.7066029544114224,0.5103645984403249,,,,,,,7.0,7.0,7.0,7.0,28.0,28.0,28.0,28.0,,,,,113.0,,113.0,,,,,,,,,,,,,,,,,,,,,,,,,,,,,,,,,,,,,,,,,,,,,,,,,
q3_rho1.00_always_b12,3,1.0,always,12,10,0,40,pathinfo,diag,linear-l1,linear-l1|linear-l1|linear-l10|linear-l1|linear-l1,0.01450343660155325,0.6786437439583921,0.625,,,,,,,,,,,,,,,,,,,,,0.0023392100415887103,0.02699074077056418,0.006476219077129409,0.0,0.6931471805599453,,,,,0.0,,,0.0,0.028249701049530895,0.6648974795104143,0.03344474037213651,0.6597024401878088,0.018626223068653865,0.6745209574912915,0.003772246735476474,0.6893749338244687,-0.021963806451718738,0.715110987011664,0.02117397705520193,0.6719732035047434,0.029675510661231363,0.663471669898714,0.011526618200604898,0.6816205623593404,,,,,,,,,0.01571724712033682,0.6774299334396084,,,0.010493208584108722,0.6826539719758365,,,,,,,7.0,7.0,7.0,7.0,28.0,28.0,28.0,28.0,,,,,113.0,,113.0,,,,,,,,,,,,,,,,,,,,,,,,,,,,,,,0.24281209548623414,0.01450343660155325,0.0,0.01450343660155325,0.0,0.01450343660155325,0.0,,,,,,,,,,,,
q3_rho1.00_always_b12,3,1.0,always,12,1,0,40,pathinfo,diag,linear-l1,linear-l1|quadratic-l1|constant|linear-l1|quadratic-l0.1,-0.018881862137460535,0.7120290426974059,0.4875,,,,,,,,,,,,,,,,,,,,,-0.03549431565754259,-0.0055682916377141735,0.007725105442366124,0.0,0.6931471805599453,,,,,0.0,,,0.0,-0.02629347199084216,0.7194406525507875,-0.010099042122790176,0.7032462226827355,-0.002092181254507454,0.6952393618144528,-0.00017093494237362393,0.6933181155023189,-0.04825753848060505,0.7414047190405503,-0.019186097531481164,0.7123332780914264,-0.007802693082871468,0.7009498736428167,-0.0015807430149764351,0.6947279235749216,,,,,,,,,-0.00676214004652399,0.6999093206064693,,,-0.00026829691663971813,0.693415477476585,,,,,,,7.0,7.0,7.0,7.0,28.0,28.0,28.0,28.0,,,,,113.0,,113.0,,,,,,,,,,,,,,,,,,,,,,,,,,,,,,,0.259155045657287,-0.018881862137460535,0.0,-0.018881862137460535,0.0,-0.018881862137460535,0.0,,,,,,,,,,,,
q3_rho1.00_always_b12,3,1.0,always,12,5,0,40,pathinfo,diag,linear-l1,gru-w4-l0.01|linear-l1|constant|constant|linear-l1,0.0018329504967715287,0.6913142300631738,0.5625,,,,,,,,,,,,,,,,,,,,,-0.009323255404365925,0.01356607891116059,0.005770614514086095,0.0,0.6931471805599453,,,,,0.0,,,0.0,-0.0016786140939522311,0.6948257946538975,0.009964214055316414,0.683182966504629,0.00686103701556953,0.6862861435443758,0.0014639780953979678,0.6916832024645473,-0.05136116348574908,0.7445083440456942,-0.011937197196939928,0.7050843777568853,0.00881235965635627,0.684334820903589,0.004247142041869732,0.6889000385180755,,,,,,,,,0.003502063239907236,0.6896451173200381,,,0.002543144232791393,0.690604036327154,,,,,,,7.0,7.0,7.0,7.0,28.0,28.0,28.0,28.0,,,,,113.0,,113.0,,,,,,,,,,,,,,,,,,,,,,,,,,,,,,,0.24905835390247844,0.0018329504967715287,0.0,0.0018329504967715287,0.0,0.0018329504967715287,0.0,,,,,,,,,,,,
q3_rho1.00_always_b3,3,1.0,always,3,10,0,40,cost0,direct,gru_direct-w4-l0.1-cap5,gru_direct-w4-l0.1-cap5|gru_direct-w4-l0.1-cap5|gru_direct-w4-l0.1-cap5|gru_direct-w4-l0.1-cap5|gru_direct-w4-l0.1-cap5,-2.913957588152996,0.3529820142737218,0.925,-2.913957588152996,0.758599828822311,2.638429208533971,2.3567267235333307,0.462745693078851,1.6551642789385876,1.6657917789716903,1.5163705672217218,8.80741941686432,0.20759440031993107,0.7142477936030145,1.3425730830562492,2.2878984710874946,3.0759377887277575,0.4010559562826308,-1.2941056082549163,0.9602988399766201,2.5349497001994976,2.5021875358993593,0.44816626104316293,-11.830107465338541,3.1674294526775273,4.058741241800288,0.0,0.6931471805599453,-1.0903975774962373,0.3678790881362957,-2.913957588152996,0.3529820142737218,0.0,113.0,113.0,0.0,,,,,,,,,,,,,,,,,,,,,,,,,,,,,,,,,,,,,,,,,,,,,,,,,,,,,,,,,,,,,,,,,,,,,,,,,,,,,,,,,,,,,,,,,,,,,,,,,,,,
q3_rho1.00_always_b3,3,1.0,always,3,10,0,40,cost0,main,flat-w4-l0.01,flat-w4-l0.01|flat-w4-l0.01|flat-w4-l0.01|flat-w4-l0.01|flat-w4-l0.01,-13.201815453997131,0.3584262154449208,0.8875,-13.201815453997131,-0.0005157823102970305,2.8348521572454866,2.8132415133615987,0.3974577555867243,1.6447572239971708,1.6858618683793365,1.384758500221786,5.487111352759275,0.2459837372760897,-0.719661550635113,0.9246539069880004,2.321082836140802,3.140805091846251,0.35101929048396907,-6.844838032502862,0.32219342587751143,2.675504160511094,2.9156811802369162,0.38241721171249,-33.45404831574393,3.450647287060093,9.610217033730557,0.0,0.6931471805599453,,,,,0.0,,,0.0,-62725371690.60332,0.9860982724970035,-758.8085853169716,0.6886735794344773,-0.0866563076670885,0.6485142747769791,0.04232513430501604,0.6824150301975805,-2324262360.753822,0.8663281197749575,-4731.940459379131,0.619171845194886,-1.3654705253223145,0.5701443706037562,0.18987853963315765,0.6451795038662719,-13.201815453997131,0.3584262154449208,-103.39706982610691,0.3974538660951352,0.9530341282206903,0.3974327618540635,-0.23540554602067107,0.4128931473192464,-1.7736281080595178,0.3097730792941839,-0.5033826286286619,0.30517700580578727,0.29907964408094206,0.538349715957751,-0.7553995558035247,0.555486306266548,0.5946087767347535,0.5465411561939876,0.006026166908158495,0.6911077147823474,7.0,7.0,7.0,7.0,28.0,28.0,28.0,28.0,141.0,281.0,141.0,281.0,113.0,321.0,113.0,321.0,113.0,113.0,,,,,,,,,,,,,,,,,,,,,,,,,,,,,,,,,,,,,,,,,,,,,,
q3_rho1.00_always_b3,3,1.0,always,3,10,0,40,cost0,mem1,gru-w4-l0.01-h1,gru-w4-l0.01-h1|gru-w4-l0.01-h1|gru-w4-l0.01-h1|gru-w4-l0.01-h1|gru-w4-l0.01-h1,0.24364382133847257,0.31418622561943765,0.9,0.24364382133847257,1.2473298353228812,2.395238364149292,1.4622666866256115,0.8179243885789659,1.675242819455511,1.7948593474360741,1.2624048047945375,6.201371456621227,0.3027507026454797,1.543431555549442,1.6258605511768245,2.0061727720812264,2.1169376979323777,0.6551734781487448,0.8247705865312026,1.3794468173469783,2.2760616800440423,1.6090244896944927,0.7745159058945246,-5.4511461508298344,3.3950785239894024,2.5301035307419726,,,,,,,,,,0.0,,,,,,,,,,,,,,,,,,,,,,,,,,,,,,,,,,,,,,,,,,,,,,,,,,,,,,,0.0,0.6931471805599453,0.24364382133847257,0.31418622561943765,0.3750817885667272,0.5949824353751774,0.0,116.0,116.0,,,,,,,,,,,,,,,,,,,,,,,,,,,,,,,,,,,,,
q3_rho1.00_always_b3,3,1.0,always,3,10,0,40,cost0,mem2,gru-w4-l0.01-h2,gru-w4-l0.01-h2|gru-w4-l0.01-h2|gru-w4-l0.01-h2|gru-w4-l0.01-h2|gru-w4-l0.01-h2,-12.31237923148862,0.3425638775553905,0.9,-12.31237923148862,-0.14148502793625894,2.6273282969807785,1.3303237745789223,0.8570618220198524,1.661137231381573,1.755411980006608,1.2873551929622336,5.703708639366603,0.2928398999580371,0.27440543319754,1.0664329607852254,2.1079675955274957,2.0785190241135334,0.6224178405548544,-4.979893210066384,0.32492067709336947,2.457606725676341,1.5237683425711002,0.7876748547868935,-41.80480786536922,3.583466284597151,13.5769940662118,,,,,,,,,,0.0,,,,,,,,,,,,,,,,,,,,,,,,,,,,,,,,,,,,,,,,,,,,,,,,,,,,,,,,,,,,,,,,0.0,0.6931471805599453,-12.31237923148862,0.3425638775553905,0.4329949683278985,0.5523920543446653,0.0,116.0,116.0,,,,,,,,,,,,,,,,,,,,,,,,,,,,
q3_rho1.00_always_b3,3,1.0,always,3,10,0,40,cost0,mem4,gru-w4-l0.01-h4,gru-w4-l0.01-h4|gru-w4-l0.01-h4|gru-w4-l0.01-h4|gru-w4-l0.01-h4|gru-w4-l0.01-h4,-15.499074810454292,0.3474349684331535,0.8875,-15.499074810454292,-0.27794554852517717,2.675647306687916,1.3788056081829372,0.8378365845018128,1.6835959393470312,1.7789856437009623,1.3079533623021473,5.673688199278643,0.2940333438743894,0.09478302767758925,1.0323194861572538,2.148766174564991,2.106692012077693,0.6031228782407357,-6.209131804385693,0.23019440295579718,2.5036356560214648,1.5847964244936368,0.764246483508051,-50.69851068490864,3.665365038437075,16.045039642508097,,,,,,,,,,0.0,,,,,,,,,,,,,,,,,,,,,,,,,,,,,,,,,,,,,,,,,,,,,,,,,,,,,,,,,,,,,,,,,,,,,,,,,0.0,0.6931471805599453,-15.499074810454292,0.3474349684331535,0.46752457974477446,0.5164429511082297,0.0,116.0,116.0,,,,,,,,,,,,,,,,,,,
q3_rho1.00_always_b3,3,1.0,always,3,1,0,40,cost0,main,linear-l0.01,flat-w4-l0.01|quadratic-l0.01|linear-l0.01|linear-l0.01|linear-l0.01,0.14239531907161423,0.6619521273143609,0.6,0.14239531907161423,0.1439147470659302,0.19853870992099062,30.200795464555164,0.06354392851525201,0.12312531376380134,0.12454478764946991,0.17735757882446862,31.043383640922652,0.05917045006126508,0.13756903947550594,0.13907032959809168,0.193370241523036,30.34712450329735,0.0627660259684868,0.14108200182053005,0.14259676441212626,0.19713756423162027,30.237792064811906,0.06334635687010859,-0.1061288777918743,0.3988157724216752,0.13038643032054326,0.0,0.6931471805599453,,,,,0.0,,,0.0,0.15074548775502747,0.6524779490231623,0.08193004281256047,0.6703406341746954,0.03154450911188627,0.6849849798590449,0.006041638297476446,0.69162737723712,0.31422625849285746,0.6283561350794757,0.1270623912336673,0.6626252740643739,0.05526344747783135,0.6787666901220964,0.01497042668566955,0.6893545715083981,0.10823056386969206,0.6702686927284931,0.09579414405820233,0.6717358948870924,0.012344637737263766,0.6900282669575729,0.008619306087600814,0.6909886446577552,0.06652930434549555,0.676973742709923,0.06502849868347675,0.677008060866054,0.0009590404707022409,0.6929104418719286,0.004153525297131008,0.69211158953472,0.004506234138912246,0.6919984410230737,-0.00019889056492989333,0.6931966405828284,7.0,7.0,7.0,7.0,28.0,28.0,28.0,28.0,33.0,65.0,33.0,65.0,113.0,321.0,113.0,321.0,113.0,113.0,,,,,,,,,,,,,,,,,,,,,,,,,,,,,,,,,,,,,,,,,,,,,,
q3_rho1.00_always_b3,3,1.0,always,3,5,0,40,cost0,main,flat-w4-l0.01,flat-w4-l0.01|quadratic-l0.1|flat-w4-l0.01|flat-w4-l0.01|flat-w4-l0.01,0.6486502181400043,0.5695225866113375,0.725,0.6486502181400043,0.6507113635590172,0.5858118312686613,15.782119984017939,0.17659750750675834,0.544926104604212,0.5532505325438474,0.4213845705975968,20.891690822986533,0.12468723972188583,0.6227424505974773,0.6259162457150526,0.5451723505629201,16.795919403620665,0.16477013860285472,0.6415376534208863,0.6438734248153716,0.5747371985626627,16.044239482108992,0.1734551721392585,0.17636665344811936,1.0908714710343108,0.23454404572291473,0.0,0.6931471805599453,,,,,0.0,,,0.0,-0.15031919817010558,0.6589113655658704,-0.0842817436890183,0.6911606901375741,-0.016597221887344058,0.6958317498918821,-0.0014669289655777572,0.6934921881888727,0.8387569933265502,0.5718255301682055,0.4947304837406029,0.6037438996870519,0.13693292141854757,0.6612027135762176,0.019171857572685,0.6883191997539395,0.6905998100237545,0.5547261211289876,0.8047774932991445,0.5409812899501147,0.15529392528712554,0.653895494258669,0.16691386436854022,0.6507124968300794,-0.010917750458546871,0.6833357142767504,0.08601721989861198,0.6651737817565573,-0.009105889724602667,0.6952818945559953,-0.006929637614304218,0.6948205041044425,0.012536032409575265,0.6862024222286299,-0.0006895797786274638,0.6933181528420664,7.0,7.0,7.0,7.0,28.0,28.0,28.0,28.0,81.0,161.0,81.0,161.0,113.0,321.0,113.0,321.0,113.0,113.0,,,,,,,,,,,,,,,,,,,,,,,,,,,,,,,,,,,,,,,,,,,,,,
q3_rho1.00_always_b3,3,1.0,always,3,10,0,40,cost2,direct,gru_direct-w4-l0.1-cap5,gru_direct-w4-l0.1-cap5|gru_direct-w4-l0.1-cap5|gru_direct-w4-l0.1-cap5|gru_direct-w4-l0.1-cap5|gru_direct-w4-l0.1-cap5,-2.7339846164815853,0.308763847440743,0.9125,-2.7339846164815853,0.8600065834254886,2.7255663961097327,2.2513999500484903,0.47598504808065073,1.817416100049846,1.848493528954477,1.588380673003479,7.773995122599797,0.23199758699361375,0.9297739244382781,1.482445852651085,2.37767805361715,2.78416527137682,0.4242836988876672,-1.0927788328025814,1.0724306063520008,2.623437449325931,2.357235595950632,0.46403810899216136,-11.753873889686457,3.349581677859527,4.0341694100351475,0.0,0.6931471805599453,-0.1911400022812435,0.330049568515293,-2.7339846164815853,0.308763847440743,0.0,113.0,113.0,0.0,,,,,,,,,,,,,,,,,,,,,,,,,,,,,,,,,,,,,,,,,,,,,,,,,,,,,,,,,,,,,,,,,,,,,,,,,,,,,,,,,,,,,,,,,,,,,,,,,,,,
q3_rho1.00_always_b3,3,1.0,always,3,10,0,40,cost2,main,flat-w4-l0.01,flat-w4-l0.01|flat-w4-l0.01|flat-w4-l0.01|flat-w4-l0.01|flat-w4-l0.01,-6.81568436994516,0.2888207067015932,0.8875,-6.81568436994516,0.7299861971424373,3.122220461281967,2.066643878615508,0.49189239864149026,1.8129686257449769,1.9144870438283705,1.427353774596639,4.976518761558876,0.29515736014565036,0.715014191708876,1.4841853083060466,2.5131324483655137,2.2871937222421703,0.4665437489879762,-3.016905571197202,0.9951641432798759,2.9340421573845945,2.106860501730221,0.48704846666254276,-22.973116607809015,4.050345968091313,7.195325096942636,0.0,0.6931471805599453,,,,,0.0,,,0.0,-112176659.88811418,0.8614564786261909,-64.39210254402448,0.6331230425374719,0.2713125120777814,0.6220892420252317,0.06887088035638025,0.67640738727256,-6473203.478942594,0.627545191324789,-89.29589726321075,0.49830933382339077,0.562442224883726,0.5238768810421572,0.28172682633073065,0.6276346544010964,-6.81568436994516,0.2888207067015932,-51.90544469869766,0.3337715979406628,1.0994760207098837,0.3649873956662605,0.03803731997501423,0.3792220291270869,-12.967528771252319,0.3207538911136497,-68.1862388156369,0.3531574137651215,0.37711291200805197,0.5205313789702657,-0.7750173045260624,0.5416349795160895,1.1015314041715145,0.39777701339063587,0.05855606914575714,0.6781365662604025,7.0,7.0,7.0,7.0,28.0,28.0,28.0,28.0,141.0,281.0,141.0,281.0,113.0,321.0,113.0,321.0,113.0,113.0,,,,,,,,,,,,,,,,,,,,,,,,,,,,,,,,,,,,,,,,,,,,,,
q3_rho1.00_always_b3,3,1.0,always,3,10,0,40,cost2,mem1,gru-w4-l0.01-h1,gru-w4-l0.01-h1|gru-w4-l0.01-h1|gru-w4-l0.01-h1|gru-w4-l0.01-h1|gru-w4-l0.01-h1,-1.0559445624310393,0.33915808623640176,0.875,-1.0559445624310393,0.7907358430602134,2.250953865934585,2.1088848106822415,0.5729872098701876,1.66993218814508,1.7678358760543746,1.2901478396627124,5.877323685640401,0.2861305833431653,1.0470170501027913,1.3108661167135573,1.9590147046306363,2.48589594348884,0.49103863641468143,-0.1728246962820302,0.9603599239545852,2.16596970940019,2.197867169100068,0.5488105872954223,-7.571354688761791,3.1497022797252194,2.774255112370714,,,,,,,,,,0.0,,,,,,,,,,,,,,,,,,,,,,,,,,,,,,,,,,,,,,,,,,,,,,,,,,,,,,,0.0,0.6931471805599453,-1.0559445624310393,0.33915808623640176,0.31050368655568517,0.615935375709282,0.0,116.0,116.0,,,,,,,,,,,,,,,,,,,,,,,,,,,,,,,,,,,,,
q3_rho1.00_always_b3,3,1.0,always,3,10,0,40,cost2,mem2,gru-w4-l0.01-h2,gru-w4-l0.01-h2|gru-w4-l0.01-h2|gru-w4-l0.01-h2|gru-w4-l0.01-h2|gru-w4-l0.01-h2,-2.833064859224141,0.27322697388408457,0.9125,-2.833064859224141,0.8935381277921923,2.783045813400347,1.8998197420754295,0.6409767830380942,1.8984885109069893,2.0223412020097364,1.4796991361955154,5.058278844536612,0.3104663377454395,1.1207329032928053,1.5492453317328185,2.3516646564817876,2.2370494591439987,0.5334760195810211,-0.9953603968549757,1.1168239425308681,2.653431272256661,1.994240925709761,0.6066051571376858,-13.34755168429794,3.7420583324434804,4.548529439371975,,,,,,,,,,0.0,,,,,,,,,,,,,,,,,,,,,,,,,,,,,,,,,,,,,,,,,,,,,,,,,,,,,,,,,,,,,,,,0.0,0.6931471805599453,-2.833064859224141,0.27322697388408457,0.41093467868664507,0.5678732137779144,0.0,116.0,116.0,,,,,,,,,,,,,,,,,,,,,,,,,,,,
q3_rho1.00_always_b3,3,1.0,always,3,10,0,40,cost2,mem4,gru-w4-l0.01-h4,gru-w4-l0.01-h4|gru-w4-l0.01-h4|gru-w4-l0.01-h4|gru-w4-l0.01-h4|gru-w4-l0.01-h4,-4.84980169797663,0.25234577028980454,0.925,-4.84980169797663,0.7740758697946144,2.948651841709103,1.5585305281472952,0.7753487999487189,1.9036050783430174,1.9843025093626103,1.5537638917587553,5.665889731484004,0.2800054954383019,1.027887055749991,1.575461632412119,2.4671628025906442,2.2309978297451676,0.5829781688132641,-1.848772738592416,1.067964090659848,2.7992738372473385,1.742338575820885,0.7162467456670292,-20.23859385323301,3.7850930013753463,6.787276827324224,,,,,,,,,,0.0,,,,,,,,,,,,,,,,,,,,,,,,,,,,,,,,,,,,,,,,,,,,,,,,,,,,,,,,,,,,,,,,,,,,,,,,,0.0,0.6931471805599453,-4.84980169797663,0.25234577028980454,0.5434949098746924,0.511173062616027,0.0,116.0,116.0,,,,,,,,,,,,,,,,,,,
q3_rho1.00_always_b3,3,1.0,always,3,1,0,40,cost2,main,linear-l0.01,linear-l0.01|quadratic-l0.01|linear-l0.01|flat-w4-l0.01|linear-l0.01,0.23317179593638296,0.6363473203714562,0.625,0.23317179593638296,0.23330836353347495,0.21673591303661244,31.09842102198977,0.05442835498300452,0.21080128904461057,0.21089590829065252,0.1971078978734775,31.820994801386483,0.05242200131032665,0.2289771574600727,0.22910582929897086,0.2130208887890456,31.222440624655196,0.05408546929873519,0.23209574718557838,0.23223029664534584,0.2157810891308774,31.12973502597342,0.054341806193053885,-0.023340204590383735,0.4852242350910007,0.13087281383675103,0.0,0.6931471805599453,,,,,0.0,,,0.0,0.2887631602571738,0.617370224360395,0.10209678739619614,0.665826518921862,0.03258637452425457,0.6846385406660983,0.006110641330108221,0.6916054404940648,0.5110678763143633,0.5849860877387123,0.2261356948183332,0.6378191802120291,0.08267042689393526,0.6716050890555026,0.018622144736639076,0.6883895917153069,0.2408259749184177,0.6383441749606126,0.31875731342633723,0.615541521011895,0.013445981708079655,0.6896941089773103,0.008076009673952042,0.6911021866362952,0.11661724054846516,0.6653850874075152,0.11341362270400705,0.6662557093230713,0.0004478884218764467,0.6930347882039035,0.0031434580204669966,0.6923482325966183,0.005424976149951482,0.6917074650991722,-0.0002677217948811289,0.6932135033459513,7.0,7.0,7.0,7.0,28.0,28.0,28.0,28.0,33.0,65.0,33.0,65.0,113.0,321.0,113.0,321.0,113.0,113.0,,,,,,,,,,,,,,,,,,,,,,,,,,,,,,,,,,,,,,,,,,,,,,
q3_rho1.00_always_b3,3,1.0,always,3,5,0,40,cost2,main,flat-w4-l0.01,flat-w4-l0.01|linear-l0.01|quadratic-l0.1|flat-w4-l0.01|flat-w4-l0.01,0.7444580315867624,0.5543495030397589,0.7375,0.7444580315867624,0.7776048956504256,1.0244897650170657,7.121129869231836,0.33154644204356515,0.6041184223352747,0.6050481941944021,0.5616136028632492,16.68307221625881,0.15443704446974882,0.6766472020384757,0.6894090853490601,0.8450275994315305,9.04833799620381,0.2777289042778084,0.7191744215900352,0.7454017160664786,0.9660126284220002,7.609079855280135,0.3163029384968997,-0.39215294931687666,1.6963169314030853,0.5444899885654313,0.0,0.6931471805599453,,,,,0.0,,,0.0,-0.6797387048534668,0.6244974211494467,0.059503429476835956,0.6593348551870668,0.04240565758588254,0.6819276392520295,0.008529151285341591,0.6910147177427679,-0.05190245584748325,0.54475086895093,0.6878216619906755,0.5630704991369824,0.29458252727195533,0.6298332655300877,0.06307601948024998,0.6777477049734921,0.9668034845437401,0.5110599503877957,1.227273471430598,0.48344868020564713,0.3548973016574598,0.6081646876380523,0.38068290102824653,0.6026032079876982,0.2445919545331104,0.6273491164635681,0.29901121026133004,0.6132331511690474,0.007239566131138503,0.6912042737328747,0.00989289733140869,0.6905687336834841,0.08803134224739159,0.6669865604250361,-0.0006842256522688328,0.6933134733933407,7.0,7.0,7.0,7.0,28.0,28.0,28.0,28.0,81.0,161.0,81.0,161.0,113.0,321.0,113.0,321.0,113.0,113.0,,,,,,,,,,,,,,,,,,,,,,,,,,,,,,,,,,,,,,,,,,,,,,
q3_rho1.00_always_b3,3,1.0,always,3,10,0,40,endpoint,main,linear-l1,quadratic-l0.1|linear-l1|linear-l1|linear-l0.1|mlp-w4-l0.01,-0.0006326858520898481,0.6937798664120353,0.5,,,,,,,,,,,,,,,,,,,,,-0.01581672926078952,0.01357466544686118,0.007550804920329426,0.0,0.6931471805599453,,,,,0.0,,,0.0,0.015699451099576486,0.6774477294603688,0.01582537058620686,0.6773218099737385,0.010357682445509043,0.6827894981144362,0.0018118784305905355,0.6913353021293548,0.018211474972428737,0.6749357055875166,0.017494617240209766,0.6756525633197354,0.012821505310467751,0.6803256752494775,0.003284729789670415,0.6898624507702749,,,,,,,,,,,,,,,,,,,,,3.0,3.0,3.0,3.0,6.0,6.0,6.0,6.0,,,,,,,,,,,,,,,,,,,,,,,,,,,,,,,,,,,,,,0.2503932687412695,-0.0006326858520898481,0.0,-0.0006326858520898481,0.0,-0.0006326858520898481,0.0,0.00800331240150123,0.6851438681584441,0.004336521116801238,0.688810659443144,0.009325471970734578,0.6838217085892107,0.008346510434345773,0.6848006701255995,17.0,33.0,17.0,33.0
q3_rho1.00_always_b3,3,1.0,always,3,1,0,40,endpoint,main,mlp-w4-l0.1,mlp-w4-l0.1|quadratic-l0.1|mlp-w4-l0.1|constant|mlp-w4-l0.1,-0.003678031097703899,0.6968252116576492,0.4625,,,,,,,,,,,,,,,,,,,,,-0.009719127479404495,0.001571426029121477,0.0029001437637475235,0.0,0.6931471805599453,,,,,0.0,,,0.0,-0.00046292674409157406,0.6936101073040369,-0.000601541785008583,0.6937487223449539,-0.00026104985003425757,0.6934082304099796,-3.639762633342036e-05,0.6931835781862787,-0.0019076297133204926,0.6950548102732658,8.302387405212248e-05,0.6930641566858933,-5.907405950060923e-05,0.6932062546194458,-2.5808577358479857e-05,0.6931729891373039,,,,,,,,,,,,,,,,,,,,,3.0,3.0,3.0,3.0,6.0,6.0,6.0,6.0,,,,,,,,,,,,,,,,,,,,,,,,,,,,,,,,,,,,,,0.2518365241061064,-0.003678031097703899,0.0,-0.003678031097703899,0.0,-0.003678031097703899,0.0,-0.002471151393443387,0.6956183319533886,0.00021887393510049423,0.6929283066248448,-0.001410195907754487,0.6945573764676998,0.00043364844366321903,0.6927135321162821,17.0,33.0,17.0,33.0
q3_rho1.00_always_b3,3,1.0,always,3,2,0,40,endpoint,main,mlp-w4-l0.1,mlp-w4-l0.1|linear-l0.1|mlp-w4-l0.1|mlp-w4-l0.1|linear-l1,0.0020822947372399854,0.6910648858227052,0.5125,,,,,,,,,,,,,,,,,,,,,-0.005174799344971497,0.00896880776196146,0.0035572732730281727,0.0,0.6931471805599453,,,,,0.0,,,0.0,-0.0008584076136450569,0.6940055881735903,0.0004892703484155839,0.6926579102115297,0.0009306307088348855,0.6922165498511104,0.00018967910872962345,0.6929575014512157,-0.00807454361480848,0.7012217241747537,-0.003796382261831171,0.6969435628217765,-7.681589948082407e-05,0.6932239964594261,0.00019363021629533183,0.6929535503436499,,,,,,,,,,,,,,,,,,,,,3.0,3.0,3.0,3.0,6.0,6.0,6.0,6.0,,,,,,,,,,,,,,,,,,,,,,,,,,,,,,,,,,,,,,0.24896131367252794,0.0020822947372399854,0.0,0.0020822947372399854,0.0,0.0020822947372399854,0.0,0.0009238522863880952,0.6922233282735573,-0.0013718861395736318,0.694519066699519,0.0006731349657712188,0.6924740455941741,0.0007144998533027164,0.6924326807066425,17.0,33.0,17.0,33.0
q3_rho1.00_always_b3,3,1.0,always,3,3,0,40,endpoint,main,constant,constant|linear-l1|mlp-w4-l0.1|constant|mlp-w4-l0.1,-0.0019140040236019687,0.6950611845835473,0.55,,,,,,,,,,,,,,,,,,,,,-0.006476273141812583,0.0026452787156525078,0.0023368045372421753,0.0,0.6931471805599453,,,,,0.0,,,0.0,0.0003555556637729086,0.6927916248961724,0.0010700801788794026,0.6920771003810658,0.001222849579589741,0.6919243309803556,0.00023755518278468224,0.6929096253771606,-0.01172013345345288,0.7048673140133982,-0.006704173477262517,0.6998513540372078,-0.0005359115560762947,0.6936830921160215,0.0001658577222059518,0.6929813228377395,,,,,,,,,,,,,,,,,,,,,3.0,3.0,3.0,3.0,6.0,6.0,6.0,6.0,,,,,,,,,,,,,,,,,,,,,,,,,,,,,,,,,,,,,,0.2509480802424327,-0.0019140040236019687,0.0,-0.0019140040236019687,0.0,-0.0019140040236019687,0.0,7.916834548841317e-05,0.6930680122144569,-0.0012374183206054934,0.6943845988805508,3.8166994620383864e-05,0.6931090135653248,-0.00025017839649762866,0.6933973589564429,17.0,33.0,17.0,33.0
q3_rho1.00_always_b3,3,1.0,always,3,4,0,40,endpoint,main,mlp-w4-l0.1,constant|mlp-w4-l0.1|mlp-w4-l0.1|linear-l1|mlp-w4-l0.01,-0.0014529703364983652,0.6946001508964438,0.4875,,,,,,,,,,,,,,,,,,,,,-0.009525858587144774,0.006811822067034598,0.004210611012896971,0.0,0.6931471805599453,,,,,0.0,,,0.0,-0.0012995030573502355,0.6944466836172956,0.0009286039968150424,0.6922185765631304,0.002179305811871819,0.6909678747480734,0.0004516254258202845,0.6926955551341251,-0.008374189911900679,0.7015213704718459,-0.00379105675262345,0.6969382373125687,0.000857627713251817,0.6922895528466935,0.000590848895292806,0.6925563316646525,,,,,,,,,,,,,,,,,,,,,3.0,3.0,3.0,3.0,6.0,6.0,6.0,6.0,,,,,,,,,,,,,,,,,,,,,,,,,,,,,,,,,,,,,,0.250668053524523,-0.0014529703364983652,0.0,-0.0014529703364983652,0.0,-0.0014529703364983652,0.0,-0.000552596459111334,0.6936997770190566,-0.005605794008423655,0.698752974568369,0.0020429568444462797,0.6911042237154991,0.00035597355270890196,0.6927912070072364,17.0,33.0,17.0,33.0
q3_rho1.00_always_b3,3,1.0,always,3,5,0,40,endpoint,main,mlp-w4-l0.1,linear-l10|constant|linear-l0.1|mlp-w4-l0.1|mlp-w4-l0.1,-0.0004749854114874857,0.6936221659714328,0.5125,,,,,,,,,,,,,,,,,,,,,-0.009292811829231033,0.007614053795582075,0.004268291893156828,0.0,0.6931471805599453,,,,,0.0,,,0.0,2.6336217509083383e-05,0.6931208443424361,0.0020278139937495816,0.6911193665661957,0.002629687732283363,0.6905174928276618,0.0005156330874587917,0.6926315474724865,-0.024679926587869997,0.7178271071478153,-0.011997348562860811,0.7051445291228061,-0.00015581904425730279,0.6933029996042026,0.0005507020788668548,0.6925964784810785,,,,,,,,,,,,,,,,,,,,,3.0,3.0,3.0,3.0,6.0,6.0,6.0,6.0,,,,,,,,,,,,,,,,,,,,,,,,,,,,,,,,,,,,,,0.2502493395161625,-0.0004749854114874857,0.0,-0.0004749854114874857,0.0,-0.0004749854114874857,0.0,-0.00758529153109128,0.7007324720910365,-0.010608198242514053,0.7037553788024593,0.0016258109865793131,0.691521369573366,1.1836075298708725e-05,0.6931353444846465,17.0,33.0,17.0,33.0
q3_rho1.00_always_b3,3,1.0,always,3,6,0,40,endpoint,main,linear-l1,linear-l1|constant|linear-l1|mlp-w4-l0.1|mlp-w4-l0.01,-0.025927707265550846,0.7190748878254961,0.4875,,,,,,,,,,,,,,,,,,,,,-0.05727019017032753,-0.002644736829616329,0.014266113429676767,0.0,0.6931471805599453,,,,,0.0,,,0.0,0.00023993477458990055,0.6929072457853553,0.0038277478555685807,0.6893194327043768,0.005490679754101542,0.6876565008058437,0.0010790013191235002,0.6920681792408219,-0.02518657072843531,0.7183337512883806,-0.01368746963359077,0.7068346501935361,0.0023496101428335373,0.6907975704171119,0.0016007889432597205,0.6915463916166855,,,,,,,,,,,,,,,,,,,,,3.0,3.0,3.0,3.0,6.0,6.0,6.0,6.0,,,,,,,,,,,,,,,,,,,,,,,,,,,,,,,,,,,,,,0.2619764731178015,-0.025927707265550846,0.0,-0.025927707265550846,0.0,-0.025927707265550846,0.0,-0.015598127062470357,0.7087453076224157,-0.0213257648679694,0.7144729454279146,0.00363128916645484,0.6895158913934905,0.0007982564193963245,0.6923489241405489,17.0,33.0,17.0,33.0
q3_rho1.00_always_b3,3,1.0,always,3,7,0,40,endpoint,main,linear-l0.1,linear-l0.1|linear-l1|quadratic-l0.01|linear-l0.1|mlp-w4-l0.01,0.010365704397063802,0.6827814761628815,0.6,,,,,,,,,,,,,,,,,,,,,-0.029861028141332676,0.04846316192749453,0.020043013730296034,0.0,0.6931471805599453,,,,,0.0,,,0.0,0.0157186344653934,0.6774285460945519,0.019326961584118542,0.6738202189758267,0.014393457768596948,0.6787537227913484,0.002583056807840281,0.690564123752105,0.02864640969572694,0.6645007708642183,0.02781677840939927,0.665330402150546,0.022403209914183753,0.6707439706457616,0.005747663309358372,0.6873995172505868,,,,,,,,,,,,,,,,,,,,,3.0,3.0,3.0,3.0,6.0,6.0,6.0,6.0,,,,,,,,,,,,,,,,,,,,,,,,,,,,,,,,,,,,,,0.24403648552129464,0.010365704397063802,0.0,0.010365704397063802,0.0,0.010365704397063802,0.0,0.015465411730463152,0.6776817688294822,0.013709492834780282,0.679437687725165,0.017932187745086054,0.6752149928148593,0.012427708570190165,0.6807194719897551,17.0,33.0,17.0,33.0
q3_rho1.00_always_b3,3,1.0,always,3,8,0,40,endpoint,main,linear-l0.1,linear-l0.1|constant|linear-l0.1|linear-l0.1|linear-l0.1,-0.002967069256622439,0.6961142498165677,0.5625,,,,,,,,,,,,,,,,,,,,,-0.035326971144752056,0.02327922585425088,0.014752634951802412,0.0,0.6931471805599453,,,,,0.0,,,0.0,0.0033675255284665298,0.6897796550314788,0.00865753358918491,0.6844896469707604,0.009424000344418329,0.6837231802155269,0.0018003224760049965,0.6913468580839404,-0.00903651682317404,0.7021836973831193,-0.00016157853021714076,0.6933087590901624,0.009781566020153171,0.683365614539792,0.0033404304638443307,0.6898067500961009,,,,,,,,,,,,,,,,,,,,,3.0,3.0,3.0,3.0,6.0,6.0,6.0,6.0,,,,,,,,,,,,,,,,,,,,,,,,,,,,,,,,,,,,,,0.25079255949546864,-0.002967069256622439,0.0,-0.002967069256622439,0.0,-0.002967069256622439,0.0,0.011978312071906702,0.6811688684880386,0.006782761936417424,0.6863644186235278,0.01273043963397447,0.6804167409259708,-0.0002012384997626404,0.6933484190597079,17.0,33.0,17.0,33.0
q3_rho1.00_always_b3,3,1.0,always,3,9,0,40,endpoint,main,linear-l0.1,linear-l0.1|constant|mlp-w4-l0.01|linear-l0.1|linear-l0.1,-0.01043631916816264,0.7035834997281081,0.5125,,,,,,,,,,,,,,,,,,,,,-0.036635882145449335,0.012725708724779511,0.012567189017347864,0.0,0.6931471805599453,,,,,0.0,,,0.0,0.0005911946505516872,0.6925559859093935,0.00539082944413295,0.6877563511158122,0.007682424421428091,0.6854647561385171,0.0015187277839190188,0.6916284527760262,-0.024712490986454606,0.7178596715463998,-0.009257721017490875,0.7024049015774362,0.006344159868732563,0.6868030206912128,0.002692607797816912,0.6904545727621285,,,,,,,,,,,,,,,,,,,,,3.0,3.0,3.0,3.0,6.0,6.0,6.0,6.0,,,,,,,,,,,,,,,,,,,,,,,,,,,,,,,,,,,,,,0.2546167436660795,-0.01043631916816264,0.0,-0.01043631916816264,0.0,-0.01043631916816264,0.0,0.0031532618031788265,0.6899939187567664,-0.007948227055907253,0.7010954076158524,0.004660505335067575,0.6884866752248777,0.0032068504535449445,0.6899403301064003,17.0,33.0,17.0,33.0
q3_rho1.00_always_b3,3,1.0,always,3,10,0,40,mixture,diag,gru-w4-l0.01,gru-w4-l0.01|gru-w4-l0.01|gru-w4-l0.01|gru-w4-l0.01|gru-w4-l0.01,-2.8178628913296047,0.28001305942616517,0.9125,-2.8178628913296047,0.6149645864664417,2.450475971918885,2.0740690492202303,0.5642678894420503,1.8233064215033425,1.9113590421892033,1.4601888831578855,5.964832250513899,0.28201832308679997,0.8806587439599521,1.3274680191729082,2.1445556361641116,2.409925507261134,0.4876132402505401,-1.158411669275067,0.851935122757868,2.360122840537388,2.149672411541331,0.5413990617841996,-12.341607244686173,3.308476306612761,4.247703688626224,0.0,0.6931471805599453,,,,,0.0,,,0.0,-235493901.87814537,0.8800239466276816,-85.38084246802393,0.6476614256052717,0.17116076929518925,0.636738004755875,0.051131130453358854,0.6805642536728653,-8014949.393746363,0.6786675610847237,-184.1406268648383,0.5337939042185863,0.2859101993313494,0.5438920827712328,0.22525891553690972,0.6394159634675483,,,,,,,,,-2.8178628913296047,0.28001305942616517,,,0.22804770198955157,0.5514721766036282,,,,,,,7.0,7.0,7.0,7.0,28.0,28.0,28.0,28.0,,,,,113.0,,113.0,,,,,,,,,,,,,,,,,,,,,,,,,,,,,,,,,,,,,,,,,,,,,,,,,
q3_rho1.00_always_b3,3,1.0,always,3,1,0,40,mixture,diag,constant,constant|quadratic-l0.01|linear-l0.01|constant|linear-l0.01,0.12736527296950542,0.6643792039344455,0.54375,0.12736527296950542,0.12758944776378583,0.14868925292806062,33.23995349841869,0.04972763761073257,0.10840824826429518,0.10868341814625654,0.13205137383180937,33.80108461441515,0.048232750875554856,0.12318998053580385,0.12342286555993512,0.14492722197493726,33.336485710671184,0.04947396065938301,0.12625436295245135,0.1264807247226311,0.1476828386762165,33.26432104554637,0.04966368675333982,-0.04587138980050998,0.3199436556192655,0.09278186284793687,0.0,0.6931471805599453,,,,,0.0,,,0.0,0.22686636223515003,0.6327837022090453,0.09568140096877986,0.6669721237607578,0.03381728156448258,0.6843370538109539,0.00658169257465685,0.6914881847717979,0.4306055418325457,0.596940001496538,0.18255305900949065,0.6476891560405058,0.06919606712509625,0.6750961037844654,0.017172960303779315,0.6887719336401084,,,,,,,,,0.09754164702598303,0.6685672908757674,,,0.0007615061285984326,0.6929573499449602,,,,,,,7.0,7.0,7.0,7.0,28.0,28.0,28.0,28.0,,,,,113.0,,113.0,,,,,,,,,,,,,,,,,,,,,,,,,,,,,,,,,,,,,,,,,,,,,,,,,
q3_rho1.00_always_b3,3,1.0,always,3,5,0,40,mixture,diag,quadratic-l0.01,linear-l0.01|quadratic-l0.01|quadratic-l0.1|quadratic-l0.01|quadratic-l0.1,0.689106107921289,0.5833921939583837,0.73125,0.689106107921289,0.6922013044110327,0.7698620107627399,13.178996969690097,0.22333080490201926,0.48656312955887715,0.48758884372020017,0.4419516462760763,21.2369549262808,0.13283262184755878,0.6107819697395215,0.6118146574370311,0.6569194211236213,14.915815179953324,0.19985254764611005,0.6640064987621381,0.666422312763943,0.7351361973952755,13.630619663971574,0.21691928016161446,-0.004833544796175955,1.246475546075571,0.3168807230164126,0.0,0.6931471805599453,,,,,0.0,,,0.0,-0.2551027409189615,0.6384570325766047,0.002181491942730851,0.6736119359288416,0.01420110316354507,0.688596106936944,0.003422216191029803,0.6922786778003568,0.5235019607446507,0.5564771538171221,0.5634449070721099,0.5869529673226017,0.19825608340349682,0.6483341757222085,0.03743867659592556,0.6838913439045183,,,,,,,,,0.12331756379572681,0.6436948432958471,,,-0.00405500788701974,0.6940020764719669,,,,,,,7.0,7.0,7.0,7.0,28.0,28.0,28.0,28.0,,,,,113.0,,113.0,,,,,,,,,,,,,,,,,,,,,,,,,,,,,,,,,,,,,,,,,,,,,,,,,
q3_rho1.00_always_b3,3,1.0,always,3,10,0,40,pathinfo,diag,linear-l1,linear-l1|constant|linear-l0.1|linear-l1|quadratic-l1,0.0031775502676175066,0.6899696302923278,0.525,,,,,,,,,,,,,,,,,,,,,-0.015061074563565618,0.020871394423164935,0.009076984280877755,0.0,0.6931471805599453,,,,,0.0,,,0.0,-0.01645872387558268,0.709605904435528,0.004512231240689393,0.688634949319256,0.011424721085688785,0.6817224594742565,0.00272847934666256,0.6904187012132827,-0.054451124569160625,0.7475983051291059,-0.023664412472499487,0.7168115930324447,0.005879015768340294,0.687268164791605,0.00660601723025106,0.6865411633296942,,,,,,,,,0.0036917557095747476,0.6894554248503706,,,0.005916726319244879,0.6872304542407004,,,,,,,7.0,7.0,7.0,7.0,28.0,28.0,28.0,28.0,,,,,113.0,,113.0,,,,,,,,,,,,,,,,,,,,,,,,,,,,,,,0.24886672800066406,0.0031775502676175066,0.0,0.0031775502676175066,0.0,0.0031775502676175066,0.0,,,,,,,,,,,,
q3_rho1.00_always_b3,3,1.0,always,3,1,0,40,pathinfo,diag,constant,gru-w4-l0.1|constant|constant|constant|constant,-8.640460020244155e-06,0.6931558210199655,0.5,,,,,,,,,,,,,,,,,,,,,-2.0384980146760656e-05,3.680128116004916e-07,5.378693234882811e-06,0.0,0.6931471805599453,,,,,0.0,,,0.0,-0.0027156907525914082,0.6958628713125368,-0.0013922471347829729,0.6945394276947283,-0.00043707470831139404,0.6935842552682567,-6.994721656075758e-05,0.6932171277765061,-0.021068435929858124,0.7142156164898035,-0.0025333073798002046,0.6956804879397456,-4.8947237252346123e-05,0.6931961277971976,5.427296777200941e-06,0.6931417532631681,,,,,,,,,0.0005144908462143105,0.6926326897137309,,,-5.5288306364979775e-05,0.6932024688663102,,,,,,,7.0,7.0,7.0,7.0,28.0,28.0,28.0,28.0,,,,,113.0,,113.0,,,,,,,,,,,,,,,,,,,,,,,,,,,,,,,0.25000432005615925,-8.640460020244155e-06,0.0,-8.640460020244155e-06,0.0,-8.640460020244155e-06,0.0,,,,,,,,,,,,
q3_rho1.00_always_b3,3,1.0,always,3,5,0,40,pathinfo,diag,constant,constant|constant|linear-l1|gru-w4-l0.01|gru-w4-l0.01,-0.00951808849308952,0.7026652690530348,0.5125,,,,,,,,,,,,,,,,,,,,,-0.02302935110439761,0.0009734055717551544,0.0061716330533790895,0.0,0.6931471805599453,,,,,0.0,,,0.0,-0.00593202014962545,0.6990792007095707,0.0003343576965635656,0.6928128228633816,0.002757297158659406,0.6903898834012858,0.0007278863212191747,0.6924192942387262,-0.07544859658400857,0.7685957771439538,-0.0263692716183484,0.7195164521782937,-0.005686261194666284,0.6988334417546115,0.00072255206602157,0.6924246284939237,,,,,,,,,-0.005195676049343483,0.6983428566092889,,,0.00034731875385106555,0.6927998618060942,,,,,,,7.0,7.0,7.0,7.0,28.0,28.0,28.0,28.0,,,,,113.0,,113.0,,,,,,,,,,,,,,,,,,,,,,,,,,,,,,,0.2546063747850051,-0.00951808849308952,0.0,-0.00951808849308952,0.0,-0.00951808849308952,0.0,,,,,,,,,,,,
q3_rho1.00_sensing_b12,3,1.0,sensing,12,10,0,40,cost0,direct,gru_direct-w4-l0.1-cap5,gru_direct-w4-l0.1-cap5|gru_direct-w4-l0.1-cap5|gru_direct-w4-l0.1-cap5|gru_direct-w4-l0.1-cap5|gru_direct-w4-l0.1-cap5,0.2699869417151203,0.6331127013438352,0.6375,0.2699869417151203,0.28818785366235816,0.47310157872434316,14.5320396768211,0.20735484649360533,0.29331230538199754,0.29429431013356117,0.33828652555795485,24.383283331412294,0.12279880169300263,0.2805944708431459,0.29218731826061817,0.44068762834945574,16.568489632712208,0.18515238324901892,0.27315129728140947,0.289387354234138,0.46433422198794305,15.057447464101346,0.20127214572578425,-0.22032827565532723,0.6613044876208635,0.22370022530053868,0.0,0.6931471805599453,0.15378516512861867,0.6148457132955978,0.2699869417151203,0.6331127013438352,0.0,113.0,113.0,0.0,,,,,,,,,,,,,,,,,,,,,,,,,,,,,,,,,,,,,,,,,,,,,,,,,,,,,,,,,,,,,,,,,,,,,,,,,,,,,,,,,,,,,,,,,,,,,,,,,,,,
q3_rho1.00_sensing_b12,3,1.0,sensing,12,10,0,40,cost0,main,flat-w4-l0.01,quadratic-l1|gru-w4-l0.01|flat-w4-l0.01|flat-w4-l0.01|flat-w4-l0.01,0.21956345187161624,0.6425830383070591,0.625,0.21956345187161624,0.2200117021666023,0.18991991709416137,25.058033353994137,0.11439488152930444,0.2258627856928564,0.22806782498870112,0.16091618179098874,28.652201137091875,0.09470378469199828,0.22148157373615898,0.22217865313774857,0.18460640412645127,25.749637550147327,0.11044144046368408,0.22008847000709109,0.22059608985985563,0.18856315446090038,25.23579282706894,0.11336956438210505,-0.021548841976408824,0.4427842424712992,0.11821001542479917,0.0,0.6931471805599453,,,,,0.0,,,0.0,0.09966112434715055,0.6715120140594306,-0.013499798111197591,0.6807243994421226,0.04671991483160102,0.6818991105098926,0.011207686452325057,0.6904010126755431,-4104.797165375898,0.754198164878105,-2.485531827765539,0.6871593018809266,0.08304774902683734,0.6717362417926228,0.04621661035068545,0.6824073946284777,-0.037455876543186564,0.6550711766078596,-0.288774101688174,0.674816495813818,0.14301390392572322,0.6609626923870742,0.14087220719904928,0.6616638314737603,0.1942465436280105,0.6428166438250573,0.225743611220168,0.6398534228573318,0.04614069214873138,0.6821229536595828,0.04671031650920453,0.6818565125079064,0.11079654991492616,0.6735307472411465,0.006999308055769119,0.6914496258451752,7.0,7.0,7.0,7.0,28.0,28.0,28.0,28.0,141.0,281.0,141.0,281.0,113.0,321.0,113.0,321.0,113.0,113.0,,,,,,,,,,,,,,,,,,,,,,,,,,,,,,,,,,,,,,,,,,,,,,
q3_rho1.00_sensing_b12,3,1.0,sensing,12,10,0,40,cost0,mem1,gru-w4-l0.01-h1,gru-w4-l0.01-h1|gru-w4-l0.01-h1|gru-w4-l0.01-h1|gru-w4-l0.01-h1|gru-w4-l0.01-h1,0.24369260201855442,0.632342379935064,0.675,0.24369260201855442,0.24382197763643454,0.22769299021155076,17.99720211794625,0.18273151568195506,0.26943903835892247,0.27352297388872776,0.18176463367358192,25.104909182733554,0.12425944862852153,0.2521306668525728,0.2527065118367153,0.21857691491706283,19.49767828796839,0.1689515521032555,0.24607049762823502,0.24628861562178242,0.22532939270599353,18.38744232465353,0.1790453193637065,-0.060412438803842124,0.5219910774493619,0.14991886720779035,,,,,,,,,,0.0,,,,,,,,,,,,,,,,,,,,,,,,,,,,,,,,,,,,,,,,,,,,,,,,,,,,,,,0.0,0.6931471805599453,0.24369260201855442,0.632342379935064,0.00495340090074251,0.6919040048495879,0.0,116.0,116.0,,,,,,,,,,,,,,,,,,,,,,,,,,,,,,,,,,,,,
q3_rho1.00_sensing_b12,3,1.0,sensing,12,10,0,40,cost0,mem2,gru-w4-l0.01-h2,gru-w4-l0.01-h2|gru-w4-l0.01-h2|gru-w4-l0.01-h2|gru-w4-l0.01-h2|gru-w4-l0.01-h2,0.21738355973776144,0.6125113950718111,0.6875,0.21738355973776144,0.23324597659230484,0.40622644711557443,7.288049170532455,0.3462989324099673,0.3787016182569186,0.3831083242048702,0.28773637589700096,19.54549444906527,0.16162114896022675,0.28780181593224335,0.2917235226325888,0.37899840356937,9.5810203769626,0.2907698049778897,0.23916336183690476,0.250709821243616,0.3989200701626647,7.853975140123915,0.3306361596796444,-0.5404587113369864,0.7540661732390445,0.3484956088050498,,,,,,,,,,0.0,,,,,,,,,,,,,,,,,,,,,,,,,,,,,,,,,,,,,,,,,,,,,,,,,,,,,,,,,,,,,,,,0.0,0.6931471805599453,0.21738355973776144,0.6125113950718111,0.01975277754190117,0.6882012163962028,0.0,116.0,116.0,,,,,,,,,,,,,,,,,,,,,,,,,,,,
q3_rho1.00_sensing_b12,3,1.0,sensing,12,10,0,40,cost0,mem4,gru-w4-l0.01-h4,gru-w4-l0.01-h4|gru-w4-l0.01-h4|gru-w4-l0.01-h4|gru-w4-l0.01-h4|gru-w4-l0.01-h4,0.28640893733315387,0.6261075804911042,0.675,0.28640893733315387,0.28649309467395273,0.2994387176029813,14.951046667042613,0.18642577847938752,0.31050842130556766,0.3153196153722451,0.21559554755506066,22.15113940980206,0.12786730449407954,0.29563593163395685,0.2957299032494828,0.2819892687816855,16.32862109562735,0.17264571584381447,0.28905827663876515,0.2890751268489417,0.29487472185686475,15.303382101904344,0.1827395756620521,-0.10353100672026627,0.6283728832174608,0.1901097975434993,,,,,,,,,,0.0,,,,,,,,,,,,,,,,,,,,,,,,,,,,,,,,,,,,,,,,,,,,,,,,,,,,,,,,,,,,,,,,,,,,,,,,,0.0,0.6931471805599453,0.28640893733315387,0.6261075804911042,0.044232724387875996,0.6823203929598181,0.0,116.0,116.0,,,,,,,,,,,,,,,,,,,
q3_rho1.00_sensing_b12,3,1.0,sensing,12,1,0,40,cost0,main,linear-l0.1,constant|linear-l0.1|linear-l0.1|quadratic-l0.1|flat-w4-l0.1,-0.0015133147096042937,0.693719640029477,0.4875,-0.0015133147096042937,-0.001385515159687576,0.014559465220356418,39.48125407549623,0.03350514083019589,-0.0017941693101084927,-0.0016680117517799634,0.014174476830572968,39.48638733897673,0.03342725005864977,-0.0015595896718949842,-0.0014320554640023329,0.014496407510275857,39.48208320197666,0.033492565987998255,-0.001524932688408634,-0.0013971995687312635,0.014543647181642175,39.481461638956795,0.03350199306676778,-0.044409202412336216,0.04257845676622964,0.022163005211419683,0.0,0.6931471805599453,,,,,0.0,,,0.0,0.020941156098153235,0.6870459348844321,-0.013144651706630917,0.6959839058806272,-0.00544206472687594,0.6945074518654352,-0.0009297774117464685,0.6933801421245644,0.04752354348664357,0.6830841496141821,-0.04002488173027134,0.6984850303080978,-0.02402195946141209,0.6984786049117278,-0.004568118453372019,0.6942750291666252,-0.006757458772157668,0.6940610848904107,-0.005770775571095843,0.6940386415637663,-0.002045572464842632,0.693662033340116,-0.0018263722825682838,0.6936004565159218,-0.003557514671450557,0.6940185100599341,-0.0027582167298956044,0.6938387334059584,-0.000456533672461476,0.693260358232811,-0.0003801101969157228,0.6932455280751006,-0.0011122627676977248,0.69342747601256,-0.0004413019806758844,0.6932564361079158,7.0,7.0,7.0,7.0,28.0,28.0,28.0,28.0,33.0,65.0,33.0,65.0,113.0,321.0,113.0,321.0,113.0,113.0,,,,,,,,,,,,,,,,,,,,,,,,,,,,,,,,,,,,,,,,,,,,,,
q3_rho1.00_sensing_b12,3,1.0,sensing,12,5,0,40,cost0,main,quadratic-l0.01,quadratic-l0.01|linear-l0.01|linear-l0.01|quadratic-l0.01|gru-w4-l0.01,0.15172846016783129,0.6623741086743894,0.575,0.15172846016783129,0.1533658764963041,0.21005139081099658,24.412880871245022,0.13561295685241698,0.14330977004791481,0.1434017666984661,0.15693558338908636,29.38845773428807,0.10068015774366824,0.15029438347161883,0.15142485990934737,0.19860048004600203,25.48025044629359,0.127927295990808,0.15135712404734938,0.1528514020592541,0.20702550188616145,24.692243481682457,0.13358519067194125,-0.15788892809292188,0.4576529024817603,0.15680739312078937,0.0,0.6931471805599453,,,,,0.0,,,0.0,0.06394378321817848,0.6763141963711675,-0.006936888232836761,0.6914391738989905,0.0067365310677321155,0.6912338885928451,0.0029327045506886778,0.6924223802133668,0.19272565272927916,0.6519115138455859,-0.07583076803221786,0.6864528706807389,0.0038047979906050884,0.6900375531105638,0.01156625895951123,0.6903515282397389,0.024198987661446708,0.6880929999494901,0.04782298239320843,0.6841728544926384,0.014416821369752784,0.6895454020389667,0.006641377682026603,0.6911852166227506,0.0773861694275704,0.6692820775230002,-0.8765908962021138,0.707509940305046,0.0032811761280418378,0.6923358291060815,0.004337030002919598,0.6920741259785254,-0.0039018949704672816,0.6925997676603043,-0.0002797385770251876,0.6932137946419095,7.0,7.0,7.0,7.0,28.0,28.0,28.0,28.0,81.0,161.0,81.0,161.0,113.0,321.0,113.0,321.0,113.0,113.0,,,,,,,,,,,,,,,,,,,,,,,,,,,,,,,,,,,,,,,,,,,,,,
q3_rho1.00_sensing_b12,3,1.0,sensing,12,10,0,40,cost2,direct,gru_direct-w4-l0.1-cap5,gru_direct-w4-l0.1-cap5|gru_direct-w4-l0.1-cap5|gru_direct-w4-l0.1-cap5|gru_direct-w4-l0.1-cap5|gru_direct-w4-l0.1-cap5,0.64811007326971,0.23520798674662888,0.9375,0.64811007326971,1.8574324898552708,3.0948659541270365,1.7041937618511034,0.7429119130994472,2.0668860983767887,2.1473428992558885,1.7174925487256005,6.739804969067672,0.2731581609012678,2.0269326389423186,2.1749859080459784,2.6739548370615327,2.452267820228609,0.5800526056331378,1.2610423696350037,1.9749323042708986,2.9723711402570734,1.884959081133186,0.6964494722470863,-5.246726386392328,3.9422290348067333,2.5790123080549576,0.0,0.6931471805599453,2.802471502404996,0.16790064974865843,0.64811007326971,0.23520798674662888,0.0,113.0,113.0,0.0,,,,,,,,,,,,,,,,,,,,,,,,,,,,,,,,,,,,,,,,,,,,,,,,,,,,,,,,,,,,,,,,,,,,,,,,,,,,,,,,,,,,,,,,,,,,,,,,,,,,
q3_rho1.00_sensing_b12,3,1.0,sensing,12,10,0,40,cost2,main,flat-w4-l0.01,flat-w4-l0.01|gru-w4-l0.01|flat-w4-l0.01|flat-w4-l0.1|gru-w4-l0.01,1.4127760227904402,0.2527721785187408,0.925,1.4127760227904402,1.637856818197963,2.2414454094782505,2.2249761598545508,0.4805202319065152,1.8359811311891938,2.010825209007344,1.3549890274492373,4.846463753665316,0.3186385418386047,1.8302571706600126,1.8427597506726308,1.9968299668793743,2.43601674333785,0.4567752270753331,1.5693499067722978,1.700673335448173,2.1728822388154674,2.2703250014821643,0.4749248236386252,-1.15771534024787,3.247176919751068,1.168071029170343,0.0,0.6931471805599453,,,,,0.0,,,0.0,-341.17093824952224,0.38708484352910455,-8.279854226318184,0.4124383320641895,0.6247500827165194,0.5275365893416607,0.1406174699468236,0.658155176378582,-28.94156964954044,0.23874086580004486,1.9356344271567618,0.2667462468665212,1.3806273544796632,0.37627459121432133,0.5192239815284407,0.5670346680921456,1.676274927638276,0.2659362893918841,1.288906079100702,0.2767291018697373,1.775003589358257,0.2932338484306176,1.5179610166645736,0.2973923455421832,1.9149161825165482,0.18042599929096592,1.8567261753977444,0.19192498142159167,1.462855253980902,0.34215283033610405,1.1318408835599214,0.3456727856191509,1.724583033127,0.2868579151810327,0.5016576795700596,0.5571173378739454,7.0,7.0,7.0,7.0,28.0,28.0,28.0,28.0,141.0,281.0,141.0,281.0,113.0,321.0,113.0,321.0,113.0,113.0,,,,,,,,,,,,,,,,,,,,,,,,,,,,,,,,,,,,,,,,,,,,,,
q3_rho1.00_sensing_b12,3,1.0,sensing,12,10,0,40,cost2,mem1,gru-w4-l0.01-h1,gru-w4-l0.01-h1|gru-w4-l0.01-h1|gru-w4-l0.01-h1|gru-w4-l0.01-h1|gru-w4-l0.01-h1,2.9119532705600073,0.17566610233658456,0.9375,2.9119532705600073,2.985223960912585,2.5763536880681293,1.8248900317813999,0.7211348551842497,2.1160252555874437,2.413547671250537,1.5288742236971031,5.405581843453355,0.36693499552458253,2.7314057172681485,2.878090423451232,2.2828181003668653,2.2184480759739382,0.6428045262095883,2.864572615202545,2.9571404207427565,2.4936679455360435,1.915992299360523,0.700978909633759,1.8252998358600803,3.7047581461345276,0.4931478177192323,,,,,,,,,,0.0,,,,,,,,,,,,,,,,,,,,,,,,,,,,,,,,,,,,,,,,,,,,,,,,,,,,,,,0.0,0.6931471805599453,2.9119532705600073,0.17566610233658456,1.0449011304118887,0.44454111526518025,0.0,116.0,116.0,,,,,,,,,,,,,,,,,,,,,,,,,,,,,,,,,,,,,
q3_rho1.00_sensing_b12,3,1.0,sensing,12,10,0,40,cost2,mem2,gru-w4-l0.01-h2,gru-w4-l0.01-h2|gru-w4-l0.01-h2|gru-w4-l0.01-h2|gru-w4-l0.01-h2|gru-w4-l0.01-h2,3.178178070318944,0.13328252044568162,0.95,3.178178070318944,3.2136712977643334,2.9348630732672474,1.4138212090863747,0.8345357065772626,2.2737935672865626,2.612854210207514,1.6590762582078689,4.829384812493016,0.411712941808901,2.987261556097958,3.119069453827504,2.557674186152932,1.7061360564099333,0.7533873004685591,3.1307935859519613,3.18925372862159,2.8266687914456052,1.4780356983045977,0.8147661743854357,1.7429628905140975,4.1048915092510825,0.6426302906678745,,,,,,,,,,0.0,,,,,,,,,,,,,,,,,,,,,,,,,,,,,,,,,,,,,,,,,,,,,,,,,,,,,,,,,,,,,,,,0.0,0.6931471805599453,3.178178070318944,0.13328252044568162,1.293470587277294,0.3848509564929822,0.0,116.0,116.0,,,,,,,,,,,,,,,,,,,,,,,,,,,,
q3_rho1.00_sensing_b12,3,1.0,sensing,12,10,0,40,cost2,mem4,gru-w4-l0.01-h4,gru-w4-l0.01-h4|gru-w4-l0.01-h4|gru-w4-l0.01-h4|gru-w4-l0.01-h4|gru-w4-l0.01-h4,2.8784053591473096,0.14405344538285303,0.9625,2.8784053591473096,2.8829258112423455,2.9765262413573947,1.650038837711221,0.7515788433842088,2.2253197879357893,2.473783373793565,1.675355880861907,4.703507592221999,0.3649283907538916,2.8126364871693093,2.842755806652634,2.5868561050692045,1.992397229746632,0.661590273174663,2.8746028965753814,2.874658047189712,2.864137192251131,1.7316151564301103,0.7280743985573068,1.0363781354113004,4.0986455239123645,0.8359499403995925,,,,,,,,,,0.0,,,,,,,,,,,,,,,,,,,,,,,,,,,,,,,,,,,,,,,,,,,,,,,,,,,,,,,,,,,,,,,,,,,,,,,,,0.0,0.6931471805599453,2.8784053591473096,0.14405344538285303,1.5142802480216264,0.3429720068552574,0.0,116.0,116.0,,,,,,,,,,,,,,,,,,,
q3_rho1.00_sensing_b12,3,1.0,sensing,12,1,0,40,cost2,main,quadratic-l1,flat-w4-l0.01|linear-l0.1|quadratic-l1|quadratic-l1|linear-l0.01,-0.08422345141970215,0.7224126513311686,0.6,-0.08422345141970215,-0.08142204582199494,-0.007492385452110695,34.23661061608544,0.07612280701506263,-0.0350652299290997,-0.03296644526943313,0.03113010031781662,35.23177324955467,0.06802555686234152,-0.0707559211454171,-0.06809199866400314,0.004022813403173486,34.428100722613884,0.074614372597728,-0.08044161676533071,-0.07767569463915128,-0.004209983725138611,34.28588211365401,0.07573668685326175,-0.3426059145580637,0.10752318175266798,0.1201085799297422,0.0,0.6931471805599453,,,,,0.0,,,0.0,-0.051129915245109084,0.7137160590421541,-0.019944857512489512,0.6964354949715277,-0.0037691332906232915,0.6937496858775226,0.00010562237788978024,0.6931135886969486,-0.06647969293968056,0.7459182719227593,0.033486156426741756,0.6922525174831657,0.03300145124481697,0.6846035824825878,0.008644242373911376,0.6909037637664326,-0.01093165948312036,0.6957869445353217,-0.047601118974704225,0.7112818136160157,-0.0012304921219184722,0.6933895027654853,-0.0038301922652981767,0.6939051527296503,-0.06627873464889948,0.7106979030538205,-0.07698493886244225,0.7134553115204801,-0.00035556238052765476,0.6932340167512934,-0.0006241286922129801,0.6933032738302334,-0.002344342647333969,0.6936768988991027,-0.0002705512647443814,0.6932142571768638,7.0,7.0,7.0,7.0,28.0,28.0,28.0,28.0,33.0,65.0,33.0,65.0,113.0,321.0,113.0,321.0,113.0,113.0,,,,,,,,,,,,,,,,,,,,,,,,,,,,,,,,,,,,,,,,,,,,,,
q3_rho1.00_sensing_b12,3,1.0,sensing,12,5,0,40,cost2,main,quadratic-l1,quadratic-l1|quadratic-l0.1|gru_mean-w4-l0.01|quadratic-l1|gru-w4-l0.01,0.08219357527278817,0.5163242128213482,0.8,0.08219357527278817,0.48844445500094835,1.2724740707580593,4.538795199398362,0.33310664408936025,0.7772441225072642,0.7773134477031154,0.7890653746770777,12.293688620626568,0.1599086680885555,0.444592047217564,0.6059284811152434,1.124913739997029,5.81855879983375,0.2815420874410226,0.2032361125254294,0.5230074864592023,1.2289098333036865,4.849356721529076,0.3186753908561276,-2.0588590582631525,1.6224457221661648,0.9403924950767101,0.0,0.6931471805599453,,,,,0.0,,,0.0,-25.118033605932172,0.6091656229279307,-2.160875139829563,0.6068330330242674,0.19291369757888957,0.6323391455162634,0.0536461484986601,0.6796816934791742,2.8858656898632864,0.35145991812649674,1.7630933746987771,0.40355427436086855,0.712609649264061,0.5204133041954708,0.24465349634344385,0.632166902473441,0.42483712728766776,0.48377738830442923,1.0088673839053608,0.4736928556730199,0.6025761958814387,0.5235395312536048,0.4037399172416391,0.5268788483422044,-0.14442921426210412,0.5225379737379561,-0.3348742434914643,0.5072371362170264,0.2841230893806924,0.5995078326176142,0.13341297418346856,0.6081063667923614,1.4185295780859546,0.41860289564344333,0.019954409205909945,0.6857003281928588,7.0,7.0,7.0,7.0,28.0,28.0,28.0,28.0,81.0,161.0,81.0,161.0,113.0,321.0,113.0,321.0,113.0,113.0,,,,,,,,,,,,,,,,,,,,,,,,,,,,,,,,,,,,,,,,,,,,,,
q3_rho1.00_sensing_b12,3,1.0,sensing,12,10,0,40,endpoint,main,mlp-w4-l0.01,quadratic-l0.01|mlp-w4-l0.01|mlp-w4-l0.01|quadratic-l0.01|mlp-w4-l0.01,0.283133007639291,0.41001417292065423,0.85,,,,,,,,,,,,,,,,,,,,,0.1496562196727636,0.40596602042219176,0.06509970211559996,0.0,0.6931471805599453,,,,,0.0,,,0.0,0.15723293534108376,0.5359142452188616,0.15365052244387836,0.539496658116067,0.08175716883354746,0.6113900117263978,0.013658559121864816,0.6794886214380804,0.2947347010758133,0.398412479484132,0.257691152854708,0.4354560277052372,0.15042489001510478,0.5427222905448404,0.03455690881689553,0.6585902717430498,,,,,,,,,,,,,,,,,,,,,3.0,3.0,3.0,3.0,6.0,6.0,6.0,6.0,,,,,,,,,,,,,,,,,,,,,,,,,,,,,,,,,,,,,,0.1263376387777319,0.283133007639291,0.0,0.283133007639291,0.0,0.283133007639291,0.0,0.31296721358739027,0.3801799669725551,0.31167360548591755,0.3814735750740278,0.20165843575602604,0.49148874480391935,0.19922340654354537,0.4939237740164,17.0,33.0,17.0,33.0
q3_rho1.00_sensing_b12,3,1.0,sensing,12,1,0,40,endpoint,main,linear-l1,linear-l1|linear-l1|mlp-w4-l0.1|mlp-w4-l0.1|quadratic-l1,0.0020802443868028096,0.6910669361731424,0.5375,,,,,,,,,,,,,,,,,,,,,-0.0027546579116916456,0.006694426096246592,0.0024687220117388595,0.0,0.6931471805599453,,,,,0.0,,,0.0,-0.0030719467404653547,0.6962191273004106,0.0030170352979111102,0.6901301452620341,0.0023834880367888224,0.6907636925231564,0.0004117605953774334,0.6927354199645679,-0.016611713370371966,0.7097588939303173,-0.0019227579070406468,0.6950699384669858,0.002899886599607454,0.6902472939603378,0.0008076171674910093,0.6923395633924543,,,,,,,,,,,,,,,,,,,,,3.0,3.0,3.0,3.0,6.0,6.0,6.0,6.0,,,,,,,,,,,,,,,,,,,,,,,,,,,,,,,,,,,,,,0.24896001888605218,0.0020802443868028096,0.0,0.0020802443868028096,0.0,0.0020802443868028096,0.0,0.0033976075149992043,0.689749573044946,0.001706649555007625,0.6914405310049376,0.00305266291553484,0.6900945176444104,0.001259665006081241,0.6918875155538641,17.0,33.0,17.0,33.0
q3_rho1.00_sensing_b12,3,1.0,sensing,12,2,0,40,endpoint,main,quadratic-l0.1,quadratic-l0.1|quadratic-l0.1|quadratic-l0.1|quadratic-l0.1|quadratic-l0.1,0.06907718513616583,0.6240699954237795,0.6375,,,,,,,,,,,,,,,,,,,,,0.019488639163026098,0.11764595849674003,0.025046736916180347,0.0,0.6931471805599453,,,,,0.0,,,0.0,-0.005805120205971908,0.6989523007659171,-0.0005849654386725245,0.6937321459986178,0.004033790617825421,0.6891133899421199,0.0009081106579975323,0.6922390699019477,0.07761951211717295,0.6155276684427724,0.06907718513616583,0.6240699954237795,0.025652370461316697,0.6674948100986285,0.004866491504150819,0.6882806890557944,,,,,,,,,,,,,,,,,,,,,3.0,3.0,3.0,3.0,6.0,6.0,6.0,6.0,,,,,,,,,,,,,,,,,,,,,,,,,,,,,,,,,,,,,,0.21711632211043486,0.06907718513616583,0.0,0.06907718513616583,0.0,0.06907718513616583,0.0,0.025771785776245892,0.6673753947836993,0.0477196302782971,0.6454275502816482,0.012419359674648453,0.6807278208852968,0.004313549395786645,0.6888336311641586,17.0,33.0,17.0,33.0
q3_rho1.00_sensing_b12,3,1.0,sensing,12,3,0,40,endpoint,main,quadratic-l0.1,quadratic-l0.1|mlp-w4-l0.01|mlp-w4-l0.01|quadratic-l0.1|quadratic-l0.1,0.06394649191271225,0.6292006886472331,0.675,,,,,,,,,,,,,,,,,,,,,-0.008399582602340328,0.13194226826694838,0.035650242950367485,0.0,0.6931471805599453,,,,,0.0,,,0.0,0.017444396521551574,0.6757027840383938,0.019734251296503517,0.6734129292634418,0.013234122625889105,0.6799130579340562,0.0023149602547545235,0.6908322203051908,0.08059846650914952,0.6125487140507958,0.0804939429968753,0.6126532375630701,0.03889888772731862,0.6542482928326268,0.008062271267046655,0.6850849092928986,,,,,,,,,,,,,,,,,,,,,3.0,3.0,3.0,3.0,6.0,6.0,6.0,6.0,,,,,,,,,,,,,,,,,,,,,,,,,,,,,,,,,,,,,,0.21850853330428038,0.06394649191271225,0.0,0.06394649191271225,0.0,0.06394649191271225,0.0,0.046178101777755776,0.6469690787821895,0.049126642820748544,0.6440205377391968,0.025894687995723604,0.6672524925642216,0.023522972122767816,0.6696242084371775,17.0,33.0,17.0,33.0
q3_rho1.00_sensing_b12,3,1.0,sensing,12,4,0,40,endpoint,main,mlp-w4-l0.01,quadratic-l0.1|mlp-w4-l0.01|quadratic-l0.1|mlp-w4-l0.01|mlp-w4-l0.01,0.11970122922760522,0.5734459513323401,0.7125,,,,,,,,,,,,,,,,,,,,,0.047653667131159344,0.1924049558626632,0.03700679651071568,0.0,0.6931471805599453,,,,,0.0,,,0.0,0.021530962536732368,0.6716162180232129,0.02879722160289953,0.6643499589570458,0.020588255382324706,0.6725589251776206,0.0036277747445629576,0.6895194058153823,0.10741147113922797,0.5857357094207174,0.1066075888002729,0.5865395917596724,0.05739606992803149,0.6357511106319137,0.011978180192493594,0.6811690003674518,,,,,,,,,,,,,,,,,,,,,3.0,3.0,3.0,3.0,6.0,6.0,6.0,6.0,,,,,,,,,,,,,,,,,,,,,,,,,,,,,,,,,,,,,,0.19432126499304642,0.11970122922760522,0.0,0.11970122922760522,0.0,0.11970122922760522,0.0,0.12042682311545887,0.5727203574444865,0.11241126154585901,0.5807359190140863,0.038268571862204795,0.6548786086977405,0.03747134641750373,0.6556758341424416,17.0,33.0,17.0,33.0
q3_rho1.00_sensing_b12,3,1.0,sensing,12,5,0,40,endpoint,main,quadratic-l0.1,quadratic-l0.1|mlp-w4-l0.01|mlp-w4-l0.01|quadratic-l0.1|quadratic-l0.1,0.11699884710241695,0.5761483334575284,0.725,,,,,,,,,,,,,,,,,,,,,0.03202834813554324,0.20070836850050944,0.04317426476780164,0.0,0.6931471805599453,,,,,0.0,,,0.0,0.03954592688567332,0.653601253674272,0.04718781891687686,0.6459593616430684,0.029854860541992358,0.663292320017953,0.005149348065231672,0.6879978324947136,0.13084870572539103,0.5622984748345543,0.12184500317615536,0.5713021773837899,0.0691826524830124,0.6239645280769329,0.01502932276998743,0.6781178577899578,,,,,,,,,,,,,,,,,,,,,3.0,3.0,3.0,3.0,6.0,6.0,6.0,6.0,,,,,,,,,,,,,,,,,,,,,,,,,,,,,,,,,,,,,,0.19288727938211633,0.11699884710241695,0.0,0.11699884710241695,0.0,0.11699884710241695,0.0,0.11310185479254882,0.5800453257673965,0.11536615683497334,0.5777810237249719,0.06018116961365373,0.6329660109462916,0.0580281753516146,0.6351190052083308,17.0,33.0,17.0,33.0
q3_rho1.00_sensing_b12,3,1.0,sensing,12,6,0,40,endpoint,main,quadratic-l0.1,quadratic-l0.1|quadratic-l0.1|quadratic-l0.1|quadratic-l0.1|quadratic-l0.01,0.21080791470149923,0.4823392658584461,0.7875,,,,,,,,,,,,,,,,,,,,,0.10173392765029364,0.30498378973665163,0.05219227942957522,0.0,0.6931471805599453,,,,,0.0,,,0.0,0.06010602285355153,0.6330411577063938,0.0744892901054182,0.6186578904545271,0.0468025823974975,0.6463445981624478,0.008075088882028087,0.685072091677917,0.23436983848650841,0.45877734207343684,0.20615360065754565,0.4869935799023997,0.10949035341381012,0.5836568271461353,0.023703956918731516,0.6694432236412138,,,,,,,,,,,,,,,,,,,,,3.0,3.0,3.0,3.0,6.0,6.0,6.0,6.0,,,,,,,,,,,,,,,,,,,,,,,,,,,,,,,,,,,,,,0.15171504339283257,0.21080791470149923,0.0,0.21080791470149923,0.0,0.21080791470149923,0.0,0.20916397830505873,0.48398320225488656,0.19665220595552085,0.4964949746044245,0.12930849812238632,0.5638386824375591,0.1277463421153815,0.5654008384445637,17.0,33.0,17.0,33.0
q3_rho1.00_sensing_b12,3,1.0,sensing,12,7,0,40,endpoint,main,quadratic-l0.1,quadratic-l1|quadratic-l0.01|quadratic-l0.1|quadratic-l0.1|quadratic-l0.1,0.14401531155825978,0.5491318690016855,0.7375,,,,,,,,,,,,,,,,,,,,,0.05443978276545296,0.22598134397532185,0.04346374425560929,0.0,0.6931471805599453,,,,,0.0,,,0.0,0.0680128291702565,0.6251343513896888,0.0709912168585047,0.6221559637014407,0.041550022731705646,0.6515971578282397,0.007084525615130233,0.6860626549448151,0.19736663702843962,0.49578054353150575,0.1865184771924886,0.5066287033674568,0.09707213791544628,0.5960750426444991,0.02093562746266238,0.6722115530972829,,,,,,,,,,,,,,,,,,,,,3.0,3.0,3.0,3.0,6.0,6.0,6.0,6.0,,,,,,,,,,,,,,,,,,,,,,,,,,,,,,,,,,,,,,0.18328406317037732,0.14401531155825978,0.0,0.14401531155825978,0.0,0.14401531155825978,0.0,0.17084291627384965,0.5223042642860957,0.1587341046258119,0.5344130759341335,0.11152848412832835,0.5816186964316169,0.11271630427838426,0.5804308762815611,17.0,33.0,17.0,33.0
q3_rho1.00_sensing_b12,3,1.0,sensing,12,8,0,40,endpoint,main,quadratic-l0.1,quadratic-l0.1|quadratic-l0.1|quadratic-l0.1|quadratic-l0.1|mlp-w4-l0.01,0.16855134764673946,0.5245958329132059,0.7875,,,,,,,,,,,,,,,,,,,,,0.04894781905192864,0.2724378234737854,0.05695416440328413,0.0,0.6931471805599453,,,,,0.0,,,0.0,0.059403477897964053,0.6337437026619812,0.06505682593800335,0.6280903546219418,0.03985905519011253,0.6532881253698328,0.006841581123138018,0.6863055994368074,0.23011475280772054,0.4630324277522247,0.20028471623943456,0.4928624643205108,0.09891574133407773,0.5942314392258676,0.020970692982375916,0.6721764875775693,,,,,,,,,,,,,,,,,,,,,3.0,3.0,3.0,3.0,6.0,6.0,6.0,6.0,,,,,,,,,,,,,,,,,,,,,,,,,,,,,,,,,,,,,,0.16798330994948696,0.16855134764673946,0.0,0.16855134764673946,0.0,0.16855134764673946,0.0,0.18920535547249345,0.5039418250874518,0.20550979721052406,0.48763738334942114,0.11977157854031006,0.5733756020196352,0.1198662195711709,0.5732809609887743,17.0,33.0,17.0,33.0
q3_rho1.00_sensing_b12,3,1.0,sensing,12,9,0,40,endpoint,main,quadratic-l0.1,quadratic-l0.1|quadratic-l0.01|quadratic-l0.1|quadratic-l0.1|quadratic-l0.1,0.19203912788059582,0.5011080526793495,0.775,,,,,,,,,,,,,,,,,,,,,0.10314531954482313,0.27708034569816326,0.045053380300079646,0.0,0.6931471805599453,,,,,0.0,,,0.0,0.060660779002259024,0.6324864015576863,0.06532946378563663,0.6278177167743086,0.04029651941389547,0.6528506611460498,0.006974190588018502,0.6861729899719268,0.21710151241840822,0.4760456681415371,0.1790877218307431,0.5140594587292022,0.08923062758900546,0.6039165529709398,0.01992454595478616,0.6732226346051591,,,,,,,,,,,,,,,,,,,,,3.0,3.0,3.0,3.0,6.0,6.0,6.0,6.0,,,,,,,,,,,,,,,,,,,,,,,,,,,,,,,,,,,,,,0.1624589615536031,0.19203912788059582,0.0,0.19203912788059582,0.0,0.19203912788059582,0.0,0.20639540484119162,0.4867517757187535,0.1930225445442443,0.500124636015701,0.11564031601830753,0.5775068645416377,0.11481926734046792,0.5783279132194774,17.0,33.0,17.0,33.0
q3_rho1.00_sensing_b12,3,1.0,sensing,12,10,0,40,mixture,diag,gru-w4-l0.01,gru-w4-l0.01|gru-w4-l0.01|gru-w4-l0.01|gru-w4-l0.01|gru-w4-l0.01,0.4415529927750736,0.4873522943424546,0.80625,0.4415529927750736,0.6509543219812894,1.2352119854025359,3.146556414304039,0.46717248121489874,1.033378972499314,1.0748344775515748,0.7723842191356433,9.706230569141278,0.22261509796143292,0.8063322764349801,0.8467394344001304,1.118163399336813,4.007570690431293,0.3942351021977673,0.568032938270482,0.7114476695031366,1.2031810705009054,3.3506872085614896,0.44657484028019734,-1.6148187758853036,1.8353553019214204,0.9081061997578727,0.0,0.6931471805599453,,,,,0.0,,,0.0,-3.4460912469121254,0.5758358647822011,-0.4609435151752872,0.5891765705885162,0.2646985961310798,0.6287261968690437,0.05415670471361576,0.6797981985571726,-58.95076970989281,0.5277545323338726,0.7486124297128353,0.5223921857631837,0.6108912977356666,0.5652146591756775,0.21243520684264056,0.6430432055147216,,,,,,,,,0.4415529927750736,0.4873522943424546,,,0.5057314545246785,0.5748415271917446,,,,,,,7.0,7.0,7.0,7.0,28.0,28.0,28.0,28.0,,,,,113.0,,113.0,,,,,,,,,,,,,,,,,,,,,,,,,,,,,,,,,,,,,,,,,,,,,,,,,
q3_rho1.00_sensing_b12,3,1.0,sensing,12,1,0,40,mixture,diag,constant,constant|linear-l0.01|constant|quadratic-l0.01|linear-l0.01,-0.022016065332062386,0.7035500237721699,0.54375,-0.022016065332062386,-0.019012311465040933,0.0575073524101812,36.47976463092135,0.05615644005121252,-0.007184706263073104,-0.004488781784184395,0.06805267782889006,36.750573101178475,0.053432162241525756,-0.01805024516456368,-0.015100391902994725,0.06073833008235907,36.527422894628465,0.055682755714311936,-0.020918455284211025,-0.01792836111216909,0.058419332578315684,36.4918522474375,0.056036536590395467,-0.15332419212110013,0.0894713126490566,0.06380901082135561,0.0,0.6931471805599453,,,,,0.0,,,0.0,-0.00916200380004234,0.6984721652784269,-0.020508462718781244,0.6976686329845748,-0.007690562529338277,0.6949628908938081,-0.001128529681336654,0.6934267217322228,0.029224696634138937,0.6991248722205416,0.012645061415119719,0.6919535414868719,-0.0013393348492610868,0.6932217825517162,-0.0008992278255047532,0.6933428745816373,,,,,,,,,-0.01627564218880227,0.6972938010088916,,,-0.0005169282158253158,0.6932748505915866,,,,,,,7.0,7.0,7.0,7.0,28.0,28.0,28.0,28.0,,,,,113.0,,113.0,,,,,,,,,,,,,,,,,,,,,,,,,,,,,,,,,,,,,,,,,,,,,,,,,
q3_rho1.00_sensing_b12,3,1.0,sensing,12,5,0,40,mixture,diag,quadratic-l0.1,quadratic-l0.1|quadratic-l0.1|quadratic-l0.1|quadratic-l0.1|gru-w4-l0.01,0.26077876778786935,0.6066144817934355,0.6875,0.26077876778786935,0.326659973182178,0.6689563385990895,8.476992104460464,0.2336933089677816,0.4276294976504997,0.427986607534958,0.4545929896653792,17.212863468498117,0.13561889753404613,0.328273582899859,0.3631142860862585,0.6159663520334914,10.077894657776165,0.20790200209547882,0.2809878210593968,0.3371070704157654,0.6544196964871368,8.877842138074682,0.22664753363424356,-0.5910262675954728,0.9126046326362312,0.39230559122430536,0.0,0.6931471805599453,,,,,0.0,,,0.0,-0.9328477677799393,0.6541420613667839,-0.17935002506113887,0.6642121746732379,0.07508112702144888,0.6718149778496556,0.019698846094024752,0.6882377985717397,1.4033178382885185,0.537709003664601,0.6983335860802262,0.5818654779936725,0.26840966596813837,0.6304804052479496,0.09104287733813453,0.6708860099814528,,,,,,,,,-0.0212481409122788,0.6350736024996946,,,0.053748333110178736,0.6772628697514692,,,,,,,7.0,7.0,7.0,7.0,28.0,28.0,28.0,28.0,,,,,113.0,,113.0,,,,,,,,,,,,,,,,,,,,,,,,,,,,,,,,,,,,,,,,,,,,,,,,,
q3_rho1.00_sensing_b12,3,1.0,sensing,12,10,0,40,pathinfo,diag,quadratic-l0.1,quadratic-l0.1|quadratic-l0.1|quadratic-l0.01|quadratic-l0.1|quadratic-l0.1,0.2788071643936499,0.4143400161662954,0.8625,,,,,,,,,,,,,,,,,,,,,0.07816691591717151,0.4274859412893473,0.09314237881196728,0.0,0.6931471805599453,,,,,0.0,,,0.0,0.19474534769458948,0.49840183286535583,0.15203492397118323,0.541112256588762,0.08871180050625324,0.604435380053692,0.018843413117740345,0.674303767442205,0.32528519077566215,0.3678619897842832,0.32223834194937356,0.3709088386105717,0.20886976931345463,0.4842774112464907,0.07528050464574812,0.6178666759141972,,,,,,,,,0.28253038488480164,0.41061679567514353,,,0.16119072821977762,0.5319564523401678,,,,,,,7.0,7.0,7.0,7.0,28.0,28.0,28.0,28.0,,,,,113.0,,113.0,,,,,,,,,,,,,,,,,,,,,,,,,,,,,,,0.1067911651715145,0.2788071643936499,0.0,0.27880593612466104,0.0125,0.2788071643936499,0.0,,,,,,,,,,,,
q3_rho1.00_sensing_b12,3,1.0,sensing,12,1,0,40,pathinfo,diag,constant,constant|linear-l1|constant|linear-l0.1|constant,0.0038694578681381835,0.6892777226918072,0.5375,,,,,,,,,,,,,,,,,,,,,-0.002412004205488171,0.010939562372114593,0.0033723408395511705,0.0,0.6931471805599453,,,,,0.0,,,0.0,0.0024887140133638464,0.6906584665465815,0.010357016427426893,0.6827901641325184,0.003999252521241579,0.6891479280387037,0.0007709702079356215,0.6923762103520097,-0.029088273554693955,0.7222354541146392,-0.0020813760526772447,0.6952285566126225,0.009489893195748292,0.683657287364197,0.003303783780240889,0.6898433967797044,,,,,,,,,0.0015262998466299901,0.6916208807133153,,,0.00014216006714567463,0.6930050204927996,,,,,,,7.0,7.0,7.0,7.0,28.0,28.0,28.0,28.0,,,,,113.0,,113.0,,,,,,,,,,,,,,,,,,,,,,,,,,,,,,,0.2480790425100839,0.0038694578681381835,0.0,0.0038694578681381835,0.0,0.0038694578681381835,0.0,,,,,,,,,,,,
q3_rho1.00_sensing_b12,3,1.0,sensing,12,5,0,40,pathinfo,diag,quadratic-l0.1,quadratic-l0.1|gru-w4-l0.01|quadratic-l0.1|gru-w4-l0.01|quadratic-l0.1,0.1539943500353982,0.5391528305245471,0.75,,,,,,,,,,,,,,,,,,,,,0.05790396023884583,0.23894333314938934,0.04677494517857989,0.0,0.6931471805599453,,,,,0.0,,,0.0,0.05044308503770082,0.6427040955222445,0.05288472013769206,0.6402624604222532,0.034665828150335955,0.6584813524096094,0.007497576127176904,0.6856496044327685,0.16760750645310293,0.5255396741068423,0.1725503221825881,0.5205968583773573,0.11358117738570092,0.5795660031742443,0.0365554263130524,0.6565917542468929,,,,,,,,,0.113677859548202,0.5794693210117432,,,0.03933931917720383,0.6538078613827414,,,,,,,7.0,7.0,7.0,7.0,28.0,28.0,28.0,28.0,,,,,113.0,,113.0,,,,,,,,,,,,,,,,,,,,,,,,,,,,,,,0.1779483930650368,0.1539943500353982,0.0,0.1539943500353982,0.0,0.1539943500353982,0.0,,,,,,,,,,,,
q3_rho1.00_sensing_b3,3,1.0,sensing,3,10,0,40,cost0,direct,constant,constant|gru_direct-w4-l0.01-cap5|constant|constant|constant,0.0022776746880519365,0.6929894646263228,0.4875,0.0022776746880519365,0.002332941226148466,0.012828022458896249,39.87170426285211,0.031645489334981416,0.0018488958052619102,0.001903493422151615,0.012334978196446179,39.872949454999244,0.031608399127801175,0.002206537256009608,0.0022616959533693533,0.012746550643669603,39.87190491908977,0.03163952175809975,0.002259796368489847,0.0023150359171276117,0.01280755867817423,39.87175447821083,0.03164399624944426,-0.018311266711520082,0.02545271497697334,0.010550872040846508,0.0,0.6931471805599453,-0.05224001627531729,0.7050217059798827,-0.018267115002290998,0.697729507090487,0.0,113.0,113.0,0.0,,,,,,,,,,,,,,,,,,,,,,,,,,,,,,,,,,,,,,,,,,,,,,,,,,,,,,,,,,,,,,,,,,,,,,,,,,,,,,,,,,,,,,,,,,,,,,,,,,,,
q3_rho1.00_sensing_b3,3,1.0,sensing,3,10,0,40,cost0,main,constant,constant|flat-w8-l0.1|constant|flat-w4-l0.01|flat-w8-l0.1,-0.016888006183058583,0.6989577804894473,0.5375,-0.016888006183058583,-0.016630610475588205,-0.039405749767589905,38.341977548700875,0.04009306175534887,-0.012405326746432254,-0.012189411812909327,-0.03304214994196774,38.48145544797861,0.03972019422598398,-0.016050371624129513,-0.015800372962022982,-0.03824463728162088,38.36632669687384,0.040031432082797934,-0.0166734057215366,-0.016417888378072454,-0.039109459024578075,38.34814192278841,0.04007758207081246,-0.11235277216930574,0.06568461668247418,0.04576128504093047,0.0,0.6931471805599453,,,,,0.0,,,0.0,-0.09656161030538006,0.7021655939585438,-0.004958159214986779,0.6948580711185631,0.004562082502357736,0.6919328045817842,0.0012823089505902053,0.6928219522816235,-73.00132875487998,0.8335688748244197,-1.583359994826699,0.7500560851402178,-0.054985588374092786,0.7046502247663645,-0.0049527568940369,0.6944110966902901,-0.0181824086682034,0.6986821613137743,0.006097269429208285,0.6939299499069796,0.0002795943649926802,0.6930948641754497,0.01242501659621432,0.6900330449911553,-0.021357850166621218,0.6984850937734486,-0.01674882360657988,0.6975509875641384,-0.0004045717704601465,0.6932485259207326,0.0006990675441144178,0.6929609270163377,-0.0014061001169560633,0.6939202939915726,-0.00044478088818102334,0.6932604744072586,7.0,7.0,7.0,7.0,28.0,28.0,28.0,28.0,141.0,281.0,141.0,281.0,113.0,321.0,113.0,321.0,113.0,113.0,,,,,,,,,,,,,,,,,,,,,,,,,,,,,,,,,,,,,,,,,,,,,,
q3_rho1.00_sensing_b3,3,1.0,sensing,3,10,0,40,cost0,mem1,constant-h1,constant-h1|gru-w4-l0.01-h1|constant-h1|constant-h1|constant-h1,-0.0010448498856912402,0.6934088969292185,0.4875,-0.0010448498856912402,-0.001038817110248516,0.002432723312920146,39.99668211217335,0.026160450826101987,-0.0010447970375397964,-0.0010387653010052985,0.0024324763641512563,39.99668310366811,0.026160204658689505,-0.0010448414291235719,-0.001038808819942001,0.0024326837934483024,39.99668227085696,0.026160411431238973,-0.00104484777151847,-0.0010388150376423027,0.0024327134327782347,39.99668215184585,0.0261604409770977,-0.0030699114101282,-8.314645098027916e-06,0.0009747485592250043,,,,,,,,,,0.0,,,,,,,,,,,,,,,,,,,,,,,,,,,,,,,,,,,,,,,,,,,,,,,,,,,,,,,0.0,0.6931471805599453,-0.008863613672768528,0.6953620935085836,-7.926812064660005e-05,0.6931670439775119,0.0,116.0,116.0,,,,,,,,,,,,,,,,,,,,,,,,,,,,,,,,,,,,,
q3_rho1.00_sensing_b3,3,1.0,sensing,3,10,0,40,cost0,mem2,constant-h2,constant-h2|gru-w4-l0.01-h2|constant-h2|constant-h2|constant-h2,7.80620066421156e-05,0.6931293946895382,0.5,7.80620066421156e-05,8.321433545218065e-05,0.003291584666604913,39.9965593387777,0.02621024894225153,7.782213793847693e-05,8.297341832600325e-05,0.0032910174795054746,39.99656048529528,0.026209976553545185,7.802360800678032e-05,8.317576902957874e-05,0.0032914938869134914,39.99655952227535,0.026210205350509826,7.805240628142862e-05,8.320469314345835e-05,0.0032915619706189404,39.99655938465407,0.026210238043974994,-0.0006549432465689765,0.0008959606247386535,0.0003685781063268941,,,,,,,,,,0.0,,,,,,,,,,,,,,,,,,,,,,,,,,,,,,,,,,,,,,,,,,,,,,,,,,,,,,,,,,,,,,,,0.0,0.6931471805599453,-0.015864467940523947,0.6969798852219877,-0.00023482779977020417,0.6932062720323099,0.0,116.0,116.0,,,,,,,,,,,,,,,,,,,,,,,,,,,,
q3_rho1.00_sensing_b3,3,1.0,sensing,3,10,0,40,cost0,mem4,constant-h4,constant-h4|gru-w4-l0.01-h4|constant-h4|constant-h4|constant-h4,0.0001321814451216291,0.6931433899819117,0.5,0.0001321814451216291,0.00014654842174713877,0.005502169776352905,39.97857832454016,0.02829600836757731,0.00012074387612928116,0.0001350811248423565,0.00548516367157888,39.9786335863308,0.028291088457739387,0.0001303433785857677,0.00014470559012036768,0.005499439515150532,39.978587184437735,0.028295220020358634,0.00013172163955590122,0.00014608742459936135,0.0055014868781560365,39.97858054015922,0.028295811239214753,-0.004379953025750465,0.004776979432981988,0.002152503986957384,,,,,,,,,,0.0,,,,,,,,,,,,,,,,,,,,,,,,,,,,,,,,,,,,,,,,,,,,,,,,,,,,,,,,,,,,,,,,,,,,,,,,,0.0,0.6931471805599453,-0.0222418174474408,0.6985000564942441,-0.000575222864012509,0.6932919507533404,0.0,116.0,116.0,,,,,,,,,,,,,,,,,,,
q3_rho1.00_sensing_b3,3,1.0,sensing,3,1,0,40,cost0,main,flat-w4-l0.01,flat-w4-l0.01|linear-l10|flat-w4-l0.01|linear-l0.01|flat-w8-l0.01,-0.10322747380701709,0.7138736423068832,0.5875,-0.10322747380701709,-0.09699099742534113,0.01265067418912989,30.931960469986542,0.05993026882754203,-0.07373483654984017,-0.06862147956296867,0.030829627795859998,31.996947214926962,0.05631651834530791,-0.09685522297746214,-0.09082655945728904,0.01700598888165647,31.11911832032262,0.059292513574594995,-0.101543637687032,-0.09536032431373095,0.013821545782788292,30.97939171618577,0.059768476839983924,-0.31376650456390753,0.10565092269641771,0.10769337253442489,0.0,0.6931471805599453,,,,,0.0,,,0.0,-0.043303489185859335,0.6982641752319388,0.019036713330083898,0.6865027625133413,0.02005913544046695,0.6878626550763093,0.004359085123191222,0.6920484929029487,-0.14831097673006374,0.7314676909714722,-0.03434987247062138,0.6964796975377301,0.02859927514203675,0.6844186047217382,0.012867810672312296,0.6898117541828,-0.06089927087012772,0.700184838782717,-0.048911001732977286,0.6981514082753874,0.008175685055478398,0.6910358517772028,0.005038399911830716,0.6918707550614429,0.002954869015132933,0.6923020853702406,0.004553423036979814,0.6920387649194352,1.2120925474307098e-05,0.6931449101276018,0.004162882687053199,0.6920974643767636,0.0029324276285764674,0.6924010440204735,-0.00016956543732560004,0.6931892981773548,7.0,7.0,7.0,7.0,28.0,28.0,28.0,28.0,33.0,65.0,33.0,65.0,113.0,321.0,113.0,321.0,113.0,113.0,,,,,,,,,,,,,,,,,,,,,,,,,,,,,,,,,,,,,,,,,,,,,,
q3_rho1.00_sensing_b3,3,1.0,sensing,3,5,0,40,cost0,main,linear-l1,linear-l1|linear-l10|flat-w4-l0.01|linear-l0.01|constant,-0.023892840846332357,0.6989954948453061,0.5375,-0.023892840846332357,-0.023834743736621356,-0.013074732444531546,37.07111238572465,0.043428352257315866,-0.021078994249997082,-0.02100693123031553,-0.009025653759239615,37.27173780994072,0.042754612302573804,-0.023407900062780908,-0.02334747439289054,-0.012374338792247924,37.105382427216256,0.04331643168711225,-0.023770217492955777,-0.02371153537317204,-0.012897583089671802,37.07976220843223,0.043400218826116735,-0.10652361032747405,0.058749752756426736,0.04199149764921769,0.0,0.6931471805599453,,,,,0.0,,,0.0,0.061742222155431806,0.672949756893326,0.01961331938234857,0.6905113369790707,0.009048769319747043,0.6913228342797473,0.0021236268938906898,0.6926271670640535,-0.36739751602316906,0.7434710452966453,-0.04487619216877379,0.7066435203573832,-0.014732460069098069,0.6992120068973967,8.512874486475419e-05,0.6933126364959443,-0.04027231338943467,0.7040693386536441,-0.047116423391726545,0.7060927510167383,0.011264074617036554,0.6903830672885205,0.00823311466351453,0.6912266370243987,-0.006474202370600901,0.6953388768068158,-0.012788547806988654,0.6976025865128486,-0.0029509493580373468,0.6939507215479749,0.006396147294282156,0.6915899633175211,0.00533657708199769,0.6919664883560237,-0.0006447511576100767,0.6933156175861493,7.0,7.0,7.0,7.0,28.0,28.0,28.0,28.0,81.0,161.0,81.0,161.0,113.0,321.0,113.0,321.0,113.0,113.0,,,,,,,,,,,,,,,,,,,,,,,,,,,,,,,,,,,,,,,,,,,,,,
q3_rho1.00_sensing_b3,3,1.0,sensing,3,10,0,40,cost2,direct,gru_direct-w4-l0.1-cap5,gru_direct-w4-l0.1-cap5|gru_direct-w4-l0.1-cap5|gru_direct-w4-l0.1-cap5|gru_direct-w4-l0.1-cap5|gru_direct-w4-l0.1-cap5,1.3347354847094068,0.37744168339303374,0.85,1.3347354847094068,1.445524352791518,1.8820364589328076,3.915590089627998,0.3846810869576723,1.4562625763058474,1.481463846913397,1.2482344648373744,10.462653766475585,0.19851634227304166,1.4825174728179784,1.5068653994767764,1.7197106320840683,4.863887091478663,0.3336416087368488,1.3873376674963087,1.4657984046782302,1.8374159422257026,4.141967681727517,0.3706367008194665,-0.21656648263295628,2.5265876790080135,0.7111673878891168,0.0,0.6931471805599453,1.5212556419613585,0.3348875539404531,1.3347354847094068,0.37744168339303374,0.0,113.0,113.0,0.0,,,,,,,,,,,,,,,,,,,,,,,,,,,,,,,,,,,,,,,,,,,,,,,,,,,,,,,,,,,,,,,,,,,,,,,,,,,,,,,,,,,,,,,,,,,,,,,,,,,,
q3_rho1.00_sensing_b3,3,1.0,sensing,3,10,0,40,cost2,main,gru-w4-l0.01,flat-w4-l0.1|gru-w4-l0.01|gru-w4-l0.01|flat-w4-l0.01|flat-w4-l0.01,0.23273536993727575,0.40816076723935846,0.8625,0.23273536993727575,0.7691078837678811,1.652974045225322,2.263736816544224,0.6203823564659806,1.329210660035977,1.375614932740782,1.054684057379188,8.480752620099237,0.23848256917115804,1.004449370698492,1.0944126910788103,1.4906061073548815,3.1562643442101637,0.4905299750439598,0.5285581716281134,0.8756421036819495,1.6075021803759213,2.4797902303500217,0.5827588515449204,-3.012370104937192,2.367050112457596,1.463686693257862,0.0,0.6931471805599453,,,,,0.0,,,0.0,-20.095097513133243,0.5704607866758715,-5.989858430082899,0.6117006618700467,0.10034182954105964,0.6496754640180682,0.03999401784972646,0.6833128338599073,-51903.67355459466,0.841637168944461,-5.660029799510228,0.5250526038195049,0.3671797453273838,0.5633568359625934,0.17789051757281754,0.6499715080215402,0.045647821275206724,0.4498138655879755,-1.6557435455575884,0.4586052628210121,0.9994100284918896,0.4551424902838549,0.8424668750687756,0.45945321275497586,0.8388011129461137,0.34121459000819165,0.9865156795970178,0.3618529607374019,0.5306969730349111,0.5498126891395094,0.47839099330055407,0.5514823470787071,0.6871501803722498,0.5527159999901051,0.012129436134354432,0.6900539108797465,7.0,7.0,7.0,7.0,28.0,28.0,28.0,28.0,141.0,281.0,141.0,281.0,113.0,321.0,113.0,321.0,113.0,113.0,,,,,,,,,,,,,,,,,,,,,,,,,,,,,,,,,,,,,,,,,,,,,,
q3_rho1.00_sensing_b3,3,1.0,sensing,3,10,0,40,cost2,mem1,gru-w4-l0.01-h1,gru-w4-l0.01-h1|gru-w4-l0.01-h1|gru-w4-l0.01-h1|gru-w4-l0.01-h1|gru-w4-l0.01-h1,2.1672260683570292,0.337382882814186,0.8625,2.1672260683570292,2.278001197130979,1.7673018227997837,3.6944285884338153,0.5074090361373078,1.5830164190979465,1.7893882055214672,1.0701297643667007,9.902046011894264,0.27995510833235915,2.018274032534259,2.1604396078790002,1.5753047935634008,4.540806089037594,0.45232173009515514,2.1260453123130416,2.245503406177691,1.7134327365746838,3.897038361895401,0.49269525272238957,1.365900292550925,2.872835991415834,0.38501472335447945,,,,,,,,,,0.0,,,,,,,,,,,,,,,,,,,,,,,,,,,,,,,,,,,,,,,,,,,,,,,,,,,,,,,0.0,0.6931471805599453,2.1672260683570292,0.337382882814186,0.22685932975529494,0.6375104078067124,0.0,116.0,116.0,,,,,,,,,,,,,,,,,,,,,,,,,,,,,,,,,,,,,
q3_rho1.00_sensing_b3,3,1.0,sensing,3,10,0,40,cost2,mem2,gru-w4-l0.01-h2,gru-w4-l0.01-h2|gru-w4-l0.01-h2|gru-w4-l0.01-h2|gru-w4-l0.01-h2|gru-w4-l0.01-h2,1.9506127244403768,0.3310573611479181,0.875,1.9506127244403768,1.9507159113532198,1.9650473149375505,1.9978098306841536,0.7020533280176064,1.6049467077449582,1.7796107664394836,1.1241489267708402,7.982494710133547,0.31065622230494483,1.935948967250156,1.965156468597245,1.713323681654758,2.68980896384966,0.5989966744372327,1.9558838869506125,1.9579991442504208,1.8922439423562303,2.1544414699036616,0.6746641234200342,0.3601048974317317,3.01592348764347,0.7000764320134889,,,,,,,,,,0.0,,,,,,,,,,,,,,,,,,,,,,,,,,,,,,,,,,,,,,,,,,,,,,,,,,,,,,,,,,,,,,,,0.0,0.6931471805599453,1.9506127244403768,0.3310573611479181,0.4720529074702934,0.5760675860698011,0.0,116.0,116.0,,,,,,,,,,,,,,,,,,,,,,,,,,,,
q3_rho1.00_sensing_b3,3,1.0,sensing,3,10,0,40,cost2,mem4,gru-w4-l0.01-h4,gru-w4-l0.01-h4|gru-w4-l0.01-h4|gru-w4-l0.01-h4|gru-w4-l0.01-h4|gru-w4-l0.01-h4,0.8291619896742954,0.3500559796695168,0.875,0.8291619896742954,1.1488800130653138,1.8547303421167989,1.393112398449343,0.8462455455854396,1.5817011136215708,1.7344520400419963,1.1257668624743828,7.87349301281239,0.3205572630936924,1.5389931440656484,1.5440496540806095,1.6429555368327655,1.967743140360205,0.7088723768532226,1.1251595374862506,1.2819144558601412,1.7941085508758223,1.5113662410096085,0.8118915606752033,-2.6969018818382984,2.8613713712495445,1.6057818908894395,,,,,,,,,,0.0,,,,,,,,,,,,,,,,,,,,,,,,,,,,,,,,,,,,,,,,,,,,,,,,,,,,,,,,,,,,,,,,,,,,,,,,,0.0,0.6931471805599453,0.8291619896742954,0.3500559796695168,0.5966821598431813,0.5418178259118264,0.0,116.0,116.0,,,,,,,,,,,,,,,,,,,
q3_rho1.00_sensing_b3,3,1.0,sensing,3,1,0,40,cost2,main,flat-w4-l0.01,flat-w4-l0.01|flat-w8-l0.1|linear-l0.01|flat-w4-l0.01|linear-l0.01,-0.025994596900770363,0.7083018821259439,0.4875,-0.025994596900770363,-0.02599448695998846,-0.02552560829802558,36.485419025527754,0.0497072396812832,-0.009090922153964353,-0.009090262813955696,-0.0079421446149463,36.70013900094492,0.04840421573071071,-0.02206372655468235,-0.022063554405654762,-0.021476842616310655,36.52211534666796,0.049487892378400934,-0.024944467217870102,-0.0249443428592966,-0.02444566881147471,36.49468239146183,0.04965199245723082,-0.1685447536706762,0.10721732673360873,0.06961711296256343,0.0,0.6931471805599453,,,,,0.0,,,0.0,0.03852166202930122,0.6904834627478726,0.022055594459147225,0.6897162376577695,0.00986327757200504,0.6908604911684275,0.0025400137980046674,0.6925115519673943,-0.07255342383899518,0.7289888694535195,0.019696346582151896,0.6935059476992758,0.012173615075140231,0.6911990304874791,0.005171936234233396,0.6918844197525045,-0.007849285948497408,0.7006672709509032,-0.035044297862898775,0.7090517827935698,0.004106903970027773,0.6921232214724478,0.0014221971256436095,0.6927945132086255,-0.01478518133740132,0.70067006574554,-0.007486120552458761,0.6984811652224403,0.0003420305860474121,0.6930614759880289,0.003313286232973242,0.6922999970767225,-0.0010749240755850097,0.6934080426749762,-0.00021557140222947525,0.6932006353135167,7.0,7.0,7.0,7.0,28.0,28.0,28.0,28.0,33.0,65.0,33.0,65.0,113.0,321.0,113.0,321.0,113.0,113.0,,,,,,,,,,,,,,,,,,,,,,,,,,,,,,,,,,,,,,,,,,,,,,
q3_rho1.00_sensing_b3,3,1.0,sensing,3,5,0,40,cost2,main,quadratic-l0.1,quadratic-l0.1|quadratic-l10|linear-l0.01|quadratic-l0.01|flat-w4-l0.01,-2.292825088085201,0.7328526745598704,0.6,-2.292825088085201,-0.9518903468891253,0.3374059447796702,2.2647918856752804,0.6601475878035336,-0.10304866854878485,-0.06198401453146554,0.21153917504458128,20.799548769752246,0.1348355271333754,-0.8384361910562221,-0.4604440462998586,0.2993063285646186,4.9314596286160945,0.43309586377791404,-1.690593173878923,-0.777891985359387,0.3263532000133046,2.779570046359284,0.5929878307294343,-7.406265415862043,0.4346327057040972,2.4478650839332423,0.0,0.6931471805599453,,,,,0.0,,,0.0,0.23592589601255884,0.6350599349606277,0.03912725237933319,0.678548930680236,0.007692702007272123,0.690779546934978,0.001639362843254058,0.6927313588751461,-1.9630189497522306,0.7261604538621385,0.20934355111986164,0.6417719633203349,0.12149397085084224,0.6644293671713652,0.02054258726811382,0.687981278449852,-0.06993610656494786,0.6919388215203084,0.0687052302571374,0.6921280854553986,0.005457425541089631,0.690261734273167,-0.008871386316650822,0.6930438379687931,-0.15018430645152933,0.7146964976181549,-0.49637790992663905,0.7525115888346294,-0.0002857898885459453,0.693200327884656,0.0003272441503164025,0.6930456245714613,-0.026790152825590257,0.7006840307300878,-0.00010994523906764087,0.6931745008015672,7.0,7.0,7.0,7.0,28.0,28.0,28.0,28.0,81.0,161.0,81.0,161.0,113.0,321.0,113.0,321.0,113.0,113.0,,,,,,,,,,,,,,,,,,,,,,,,,,,,,,,,,,,,,,,,,,,,,,
q3_rho1.00_sensing_b3,3,1.0,sensing,3,10,0,40,endpoint,main,linear-l0.01,linear-l0.01|linear-l0.01|linear-l0.1|linear-l0.01|linear-l0.1,0.23972758916087772,0.45341959139906757,0.8,,,,,,,,,,,,,,,,,,,,,0.15942387872443406,0.31324646655084537,0.039484609528659766,0.0,0.6931471805599453,,,,,0.0,,,0.0,0.2550123551974164,0.4381348129305863,0.19981501840134658,0.49333216215859876,0.08107505972665308,0.6120721208332922,0.013500347134605874,0.6796468334253394,0.26153555670177175,0.4316116238581736,0.24449099725872436,0.4486561833012209,0.14155701565073656,0.5515901649092086,0.03157659321203327,0.6615705873479121,,,,,,,,,,,,,,,,,,,,,3.0,3.0,3.0,3.0,6.0,6.0,6.0,6.0,,,,,,,,,,,,,,,,,,,,,,,,,,,,,,,,,,,,,,0.14781944141161335,0.23972758916087772,0.0,0.2397269026423353,0.025,0.23972758916087772,0.0,0.27413922264103585,0.4190079579189094,0.27555841130500125,0.4175887692549439,0.18230673567538633,0.5108404448845589,0.18717300978802318,0.5059741707719221,17.0,33.0,17.0,33.0
q3_rho1.00_sensing_b3,3,1.0,sensing,3,1,0,40,endpoint,main,constant,quadratic-l0.01|constant|constant|linear-l1|constant,-0.0032387444584779978,0.6963859250184233,0.4625,,,,,,,,,,,,,,,,,,,,,-0.008228322293102509,0.0012645667821360948,0.0024513184787954712,0.0,0.6931471805599453,,,,,0.0,,,0.0,-0.014179726581666077,0.7073269071416114,-0.010230009510837853,0.7033771900707831,-0.003503239650194083,0.6966504202101393,-0.0004626708394308496,0.6936098513993761,-0.010375517131185336,0.7035226976911306,-0.007675873311897827,0.7008230538718431,-0.004391567009440494,0.6975387475693857,-0.000779092277658193,0.6939262728376034,,,,,,,,,,,,,,,,,,,,,3.0,3.0,3.0,3.0,6.0,6.0,6.0,6.0,,,,,,,,,,,,,,,,,,,,,,,,,,,,,,,,,,,,,,0.25160317119403947,-0.0032387444584779978,0.0,-0.0032387444584779978,0.0,-0.0032387444584779978,0.0,-0.007784805202749131,0.7009319857626946,-0.0027539048944962563,0.6959010854544415,-0.003462180399597066,0.6966093609595424,-0.0012261488483305259,0.6943733294082757,17.0,33.0,17.0,33.0
q3_rho1.00_sensing_b3,3,1.0,sensing,3,2,0,40,endpoint,main,constant,linear-l1|constant|mlp-w4-l0.1|constant|constant,-0.0030594592829028475,0.6962066398428481,0.4625,,,,,,,,,,,,,,,,,,,,,-0.009381184336268254,0.002592653117240698,0.003013324562545358,0.0,0.6931471805599453,,,,,0.0,,,0.0,-0.009737315986534269,0.7028844965464796,-0.0024963398217647467,0.69564352038171,0.00015603917843322324,0.6929911413815121,8.54779185258156e-05,0.6930617026414194,-0.04580600813212615,0.7389531886920714,-0.014443987289144028,0.7075911678490894,-0.002009136037398622,0.695156316597344,-4.920483573843948e-05,0.6931963853956837,,,,,,,,,,,,,,,,,,,,,3.0,3.0,3.0,3.0,6.0,6.0,6.0,6.0,,,,,,,,,,,,,,,,,,,,,,,,,,,,,,,,,,,,,,0.25152516725619795,-0.0030594592829028475,0.0,-0.0030594592829028475,0.0,-0.0030594592829028475,0.0,0.0011905069340626504,0.6919566736258826,-0.0013081490969046052,0.6944553296568499,0.0019441512801514182,0.6912030292797938,-0.0014907487761119747,0.6946379293360572,17.0,33.0,17.0,33.0
q3_rho1.00_sensing_b3,3,1.0,sensing,3,3,0,40,endpoint,main,mlp-w4-l0.1,mlp-w4-l0.01|mlp-w4-l0.1|quadratic-l0.1|quadratic-l1|mlp-w4-l0.1,0.013411282903254296,0.679735897656691,0.6125,,,,,,,,,,,,,,,,,,,,,-0.014601631980270556,0.04006449817329639,0.013893610534433918,0.0,0.6931471805599453,,,,,0.0,,,0.0,-0.010948912047998497,0.7040960926079438,-0.0009609591133457232,0.694108139673291,0.003980185205180271,0.689166995354765,0.0008512348089459762,0.6922959457509993,0.04260146995725232,0.650545710602693,0.03764965806803506,0.6554975224919103,0.013937808399170262,0.679209372160775,0.0029109409809617653,0.6902362395789835,,,,,,,,,,,,,,,,,,,,,3.0,3.0,3.0,3.0,6.0,6.0,6.0,6.0,,,,,,,,,,,,,,,,,,,,,,,,,,,,,,,,,,,,,,0.2427954340221786,0.013411282903254296,0.0,0.013411282903254296,0.0,0.013411282903254296,0.0,0.02161431088604577,0.6715328696738995,0.019853149223160952,0.6732940313367843,0.013727913343962334,0.679419267215983,0.0071290599587755955,0.6860181206011697,17.0,33.0,17.0,33.0
q3_rho1.00_sensing_b3,3,1.0,sensing,3,4,0,40,endpoint,main,mlp-w4-l0.1,linear-l0.1|mlp-w4-l0.1|mlp-w4-l0.1|linear-l0.1|mlp-w4-l0.1,0.004818312935622586,0.6883288676243227,0.55,,,,,,,,,,,,,,,,,,,,,-0.019489730114454294,0.025912454350841104,0.011914958499838564,0.0,0.6931471805599453,,,,,0.0,,,0.0,0.0008829233295813213,0.6922642572303641,0.006627322068376604,0.6865198584915686,0.005374721461972801,0.6877724590979726,0.0009612366323654808,0.6921859439275799,-0.026915340949846805,0.720062521509792,0.002425332162348733,0.6907218483975965,0.007098110256252269,0.686049070303693,0.0019862694499476045,0.6911609111099978,,,,,,,,,,,,,,,,,,,,,3.0,3.0,3.0,3.0,6.0,6.0,6.0,6.0,,,,,,,,,,,,,,,,,,,,,,,,,,,,,,,,,,,,,,0.2470224598644172,0.004818312935622586,0.0,0.004818312935622586,0.0,0.004818312935622586,0.0,0.008596951565241526,0.6845502289947036,0.008230088690520849,0.6849170918694243,0.009397933022047344,0.683749247537898,0.002599172958302086,0.6905480076016431,17.0,33.0,17.0,33.0
q3_rho1.00_sensing_b3,3,1.0,sensing,3,5,0,40,endpoint,main,mlp-w4-l0.01,mlp-w4-l0.01|mlp-w4-l0.01|quadratic-l1|mlp-w4-l0.01|mlp-w4-l0.01,0.032700987166305186,0.6604461933936402,0.6375,,,,,,,,,,,,,,,,,,,,,-0.031183308861298446,0.08579192518844309,0.030021368091770743,0.0,0.6931471805599453,,,,,0.0,,,0.0,-0.012682265694532995,0.7058294462544783,0.004294729153779783,0.6888524514061655,0.009184293962715171,0.6839628865972301,0.0017459796840562341,0.691401200875889,-0.028536341411549482,0.7216835219714948,0.013579520317164872,0.6795676602427805,0.018900257127478053,0.6742469234324673,0.004685306913864188,0.6884618736460811,,,,,,,,,,,,,,,,,,,,,3.0,3.0,3.0,3.0,6.0,6.0,6.0,6.0,,,,,,,,,,,,,,,,,,,,,,,,,,,,,,,,,,,,,,0.2323573060727291,0.032700987166305186,0.0,0.032700987166305186,0.0,0.032700987166305186,0.0,0.035866593275555456,0.6572805872843899,0.025958412215098852,0.6671887683448464,0.017459380901865433,0.6756877996580799,0.012237553060472877,0.6809096274994724,17.0,33.0,17.0,33.0
q3_rho1.00_sensing_b3,3,1.0,sensing,3,6,0,40,endpoint,main,mlp-w4-l0.01,mlp-w4-l0.01|mlp-w4-l0.01|mlp-w4-l0.01|mlp-w4-l0.01|quadratic-l0.01,-0.016782104740577165,0.7099292853005225,0.6625,,,,,,,,,,,,,,,,,,,,,-0.3429615044745457,0.17552940901081346,0.1417833974625876,0.0,0.6931471805599453,,,,,0.0,,,0.0,0.010486891711770165,0.6826602888481752,0.022295180589723095,0.6708519999702223,0.017571309008888984,0.6755758715510563,0.0032780852582678446,0.6898690953016775,-0.03814395482272235,0.7312911353826677,0.03936400697692736,0.653783173583018,0.037726158513172264,0.655421022046773,0.008504280605080692,0.6846428999548646,,,,,,,,,,,,,,,,,,,,,3.0,3.0,3.0,3.0,6.0,6.0,6.0,6.0,,,,,,,,,,,,,,,,,,,,,,,,,,,,,,,,,,,,,,0.20271884701655507,-0.016782104740577165,0.0,0.01390012532245678,0.0125,-0.016782104740577165,0.0,0.11326635082826475,0.5798808297316805,0.10736389549906115,0.5857832850608842,0.03835283858225992,0.6547943419776854,0.03477644735151083,0.6583707332084344,17.0,33.0,17.0,33.0
q3_rho1.00_sensing_b3,3,1.0,sensing,3,7,0,40,endpoint,main,mlp-w4-l0.01,mlp-w4-l0.01|mlp-w4-l0.01|mlp-w4-l0.01|mlp-w4-l0.01|mlp-w8-l0.01,0.15786466078345213,0.5352825197764932,0.7375,,,,,,,,,,,,,,,,,,,,,0.04932295204296367,0.26518173347195184,0.05506479669576867,0.0,0.6931471805599453,,,,,0.0,,,0.0,0.060118418355351214,0.633028762204594,0.05945702361648172,0.6336901569434635,0.03367971360109554,0.6594674669588498,0.0066123502023872575,0.686534830357558,-0.025021350010052457,0.8731036498021068,0.09384519770879578,0.5993019828511496,0.05760734133959293,0.6355398392203524,0.015353445394172067,0.6777937351657732,,,,,,,,,,,,,,,,,,,,,3.0,3.0,3.0,3.0,6.0,6.0,6.0,6.0,,,,,,,,,,,,,,,,,,,,,,,,,,,,,,,,,,,,,,0.1727009743777019,0.15786466078345213,0.0,0.15786466078345213,0.0,0.15786466078345213,0.0,0.15843707276956198,0.5347101077903833,0.14438246302925878,0.5487647175306865,0.06663146851553431,0.626515712044411,0.0647078637140492,0.6284393168458962,17.0,33.0,17.0,33.0
q3_rho1.00_sensing_b3,3,1.0,sensing,3,8,0,40,endpoint,main,quadratic-l0.1,mlp-w4-l0.01|quadratic-l0.1|linear-l0.01|linear-l0.1|quadratic-l0.1,0.14790975131380196,0.5452374292461434,0.7375,,,,,,,,,,,,,,,,,,,,,0.029921307751364607,0.24902363323785942,0.05611137632373354,0.0,0.6931471805599453,,,,,0.0,,,0.0,0.14596440056540863,0.5471827701596309,0.12765774502549151,0.5654894355344537,0.05769492528109573,0.6354522552788495,0.010259164269387005,0.6828880162905582,0.10106253492232567,0.5920846456376196,0.15350199887004265,0.5396451816899026,0.09800472965883389,0.5951424509011114,0.023936054667404096,0.6692111258925413,,,,,,,,,,,,,,,,,,,,,3.0,3.0,3.0,3.0,6.0,6.0,6.0,6.0,,,,,,,,,,,,,,,,,,,,,,,,,,,,,,,,,,,,,,0.17955721879426428,0.14790975131380196,0.0,0.14790975131380196,0.0,0.14790975131380196,0.0,0.18122504899538255,0.5119221315645628,0.17897989558044447,0.5141672849795007,0.10598163534517094,0.5871655452147744,0.10835782878020159,0.5847893517797437,17.0,33.0,17.0,33.0
q3_rho1.00_sensing_b3,3,1.0,sensing,3,9,0,40,endpoint,main,linear-l0.1,linear-l0.1|mlp-w4-l0.01|linear-l0.1|quadratic-l0.1|linear-l0.1,0.1704017118374575,0.5227454687224877,0.7875,,,,,,,,,,,,,,,,,,,,,0.09505200621801564,0.24878233131243244,0.04005922942660889,0.0,0.6931471805599453,,,,,0.0,,,0.0,0.19492959200817023,0.49821758855177506,0.16426320322642254,0.5288839773335228,0.06879263368938802,0.6243545468705574,0.011397468357182864,0.6817497122027625,0.17227107073177012,0.5208761098281751,0.19519130504581392,0.4979558755141314,0.11910743659941314,0.5740397439605321,0.026927173435073504,0.6662200071248717,,,,,,,,,,,,,,,,,,,,,3.0,3.0,3.0,3.0,6.0,6.0,6.0,6.0,,,,,,,,,,,,,,,,,,,,,,,,,,,,,,,,,,,,,,0.17326623291816187,0.1704017118374575,0.0,0.1704017118374575,0.0,0.1704017118374575,0.0,0.2027256559123015,0.4904215246476438,0.2020873430882415,0.4910598374717038,0.1430867197860452,0.5500604607739001,0.1453219879266478,0.5478251926332975,17.0,33.0,17.0,33.0
q3_rho1.00_sensing_b3,3,1.0,sensing,3,10,0,40,mixture,diag,gru-w4-l0.01,gru-w4-l0.01|gru-w4-l0.01|gru-w4-l0.01|gru-w4-l0.01|gru-w4-l0.01,0.2001349583471319,0.6129245435023413,0.7125,0.2001349583471319,0.22823209432053632,0.4562782086594466,7.881445939488189,0.2830283565307926,0.4027304937536728,0.4056189256283308,0.328638111965485,17.737720285282723,0.15340189393966608,0.2778105260558429,0.2881496920598898,0.4285839571728906,9.565286940155827,0.24689208845616814,0.22329108107122045,0.245475165932812,0.44897041243694974,8.299340119797362,0.2729922202406785,-0.7043159859484626,0.8272757697926253,0.39768284659090974,0.0,0.6931471805599453,,,,,0.0,,,0.0,0.16996615122833797,0.6346891961430359,-0.12248085350652223,0.6737278673820188,0.0246438585821288,0.6844301185761721,0.007713450861995377,0.6912217423633868,-287.54342974083727,0.723682058531766,-0.9839663299149576,0.6393867976233641,0.10524191963489096,0.6596829327030356,0.04121104510389537,0.6830101919368755,,,,,,,,,0.2001349583471319,0.6129245435023413,,,0.044277618837281894,0.6807630312021358,,,,,,,7.0,7.0,7.0,7.0,28.0,28.0,28.0,28.0,,,,,113.0,,113.0,,,,,,,,,,,,,,,,,,,,,,,,,,,,,,,,,,,,,,,,,,,,,,,,,
q3_rho1.00_sensing_b3,3,1.0,sensing,3,1,0,40,mixture,diag,linear-l1,linear-l1|gru-w4-l0.1|linear-l0.01|linear-l0.1|constant,0.010325895322727919,0.6897709710559402,0.5,0.010325895322727919,0.010750809233134019,0.0397616632361432,37.76173974083764,0.04509011800790423,0.010122942705410854,0.010533240893895617,0.03904317873702689,37.86895043036607,0.044262884565244444,0.010289673871946703,0.010712117663772447,0.03963893262584872,37.77962665229406,0.044952533511121634,0.010316682123146514,0.010740973519505828,0.039730671477826454,37.766238908644524,0.04505552679216691,-0.060417007968757555,0.08320364821985284,0.03722667216165288,0.0,0.6931471805599453,,,,,0.0,,,0.0,0.0547120023536344,0.6792059885596562,0.04284133941497712,0.6820902860907649,0.02086995413780337,0.6877947672700575,0.004391439382042814,0.6920419453228185,0.009602025397652137,0.6892242878812496,0.04004362093541669,0.6824881658177538,0.033191315276514845,0.6846765415837314,0.011424592047765577,0.6902522556990671,,,,,,,,,0.0046440585919991974,0.6917964162647448,,,0.00047546468149569087,0.6930293216119019,,,,,,,7.0,7.0,7.0,7.0,28.0,28.0,28.0,28.0,,,,,113.0,,113.0,,,,,,,,,,,,,,,,,,,,,,,,,,,,,,,,,,,,,,,,,,,,,,,,,
q3_rho1.00_sensing_b3,3,1.0,sensing,3,5,0,40,mixture,diag,linear-l0.01,linear-l0.01|gru-w4-l0.1|linear-l0.01|quadratic-l0.1|linear-l0.1,0.024953468783939652,0.687057479142563,0.525,0.024953468783939652,0.031075350088317993,0.13972334165246605,35.17937581865929,0.055485795685004544,0.023330445979808646,0.028662574022987802,0.13018325563131875,35.63174086961523,0.05277281969859089,0.02460310778815065,0.030585113605720998,0.13800706044199215,35.25873237354714,0.05501297994298528,0.024861641407307223,0.03094801381755352,0.1392861470236586,35.199491039497765,0.05536606842876698,-0.10935002546392736,0.14179464449372736,0.06454109728415691,0.0,0.6931471805599453,,,,,0.0,,,0.0,0.1405017568400509,0.6579592049711905,0.03239159670689825,0.6846678453905168,0.0014210110052130464,0.6927845043454888,-7.832102663913043e-05,0.6931668719057059,0.008883474626411125,0.6823554079648659,0.1373666479918858,0.6615195238515784,0.03028917043406375,0.6858670683670858,0.001355860540851747,0.6928083261883238,,,,,,,,,-0.008737954566578023,0.6975912371611885,,,-0.0009420649093243666,0.6933802305848529,,,,,,,7.0,7.0,7.0,7.0,28.0,28.0,28.0,28.0,,,,,113.0,,113.0,,,,,,,,,,,,,,,,,,,,,,,,,,,,,,,,,,,,,,,,,,,,,,,,,
q3_rho1.00_sensing_b3,3,1.0,sensing,3,10,0,40,pathinfo,diag,linear-l0.1,linear-l0.1|gru-w4-l0.01|linear-l0.1|linear-l0.01|gru-w4-l0.01,0.22654392293711584,0.4666032576228295,0.825,,,,,,,,,,,,,,,,,,,,,0.13472886020700953,0.3163754996511841,0.04568018310997934,0.0,0.6931471805599453,,,,,0.0,,,0.0,0.25471363023836063,0.43843353789005546,0.20051568189128197,0.49263149866866324,0.08958428976086284,0.6035628907990824,0.01767647281851325,0.6754707077414321,0.09436559738131663,0.7655411625011521,0.25815335535237116,0.43499382520757407,0.1835382530402095,0.5096089275197357,0.06277875846057931,0.6303684220993659,,,,,,,,,0.26391902762455355,0.42922815293539174,,,0.17235176298362073,0.5207954175763245,,,,,,,7.0,7.0,7.0,7.0,28.0,28.0,28.0,28.0,,,,,113.0,,113.0,,,,,,,,,,,,,,,,,,,,,,,,,,,,,,,0.15025310992132881,0.22654392293711584,0.0,0.22654313974424198,0.0125,0.22654392293711584,0.0,,,,,,,,,,,,
q3_rho1.00_sensing_b3,3,1.0,sensing,3,1,0,40,pathinfo,diag,constant,constant|constant|constant|constant|constant,0.0,0.6931471805599453,0.5,,,,,,,,,,,,,,,,,,,,,0.0,0.0,0.0,0.0,0.6931471805599453,,,,,0.0,,,0.0,-0.03432680749836266,0.727473988058308,-0.018863328873902796,0.712010509433848,-0.005874085342895577,0.6990212659028409,-0.0008949916780331968,0.6940421722379785,-0.04133325435155051,0.7344804349114957,-0.015169963105812454,0.7083171436657578,-0.010760669506686728,0.703907850066632,-0.002629491230119918,0.6957766717900652,,,,,,,,,-0.0031261017177707266,0.696273282277716,,,-0.0001792964157272231,0.6933264769756725,,,,,,,7.0,7.0,7.0,7.0,28.0,28.0,28.0,28.0,,,,,113.0,,113.0,,,,,,,,,,,,,,,,,,,,,,,,,,,,,,,0.25,0.0,0.0,0.0,0.0,0.0,0.0,,,,,,,,,,,,
q3_rho1.00_sensing_b3,3,1.0,sensing,3,5,0,40,pathinfo,diag,gru-w4-l0.01,quadratic-l0.1|gru-w4-l0.01|quadratic-l10|gru-w4-l0.01|gru-w4-l0.01,-0.01781199328125409,0.7109591738411994,0.625,,,,,,,,,,,,,,,,,,,,,-0.1464621980205432,0.06984584697280992,0.056942187082801445,0.0,0.6931471805599453,,,,,0.0,,,0.0,-0.02804846758838895,0.7211956481483341,0.0005058972075120294,0.6926412833524334,0.009156564424417982,0.6839906161355274,0.002197064555427515,0.6909501160045177,-0.0861849496351508,0.7793321301950961,-0.007848962484712247,0.7009961430446575,0.023114883973325874,0.6700322965866194,0.00992990918832028,0.683217271371625,,,,,,,,,0.01777278609849577,0.6753743944614495,,,0.0053321220251433595,0.6878150585348018,,,,,,,7.0,7.0,7.0,7.0,28.0,28.0,28.0,28.0,,,,,113.0,,113.0,,,,,,,,,,,,,,,,,,,,,,,,,,,,,,,0.2442244880781243,-0.01781199328125409,0.0,-0.01781199328125409,0.0,-0.01781199328125409,0.0,,,,,,,,,,,,
