comparison,q,rho,schedule,budget,horizon,repeat,m,problem,set,selected_mode,selected_by_fold,score,log_loss,accuracy,nwj_raw,dv_raw,plugin_raw,ess_raw,maxshare_raw,nwj_cap2,dv_cap2,plugin_cap2,ess_cap2,maxshare_cap2,nwj_cap5,dv_cap5,plugin_cap5,ess_cap5,maxshare_cap5,nwj_cap10,dv_cap10,plugin_cap10,ess_cap10,maxshare_cap10,score_lo,score_hi,score_sd,cand:constant,loss:constant,cand:gru_direct-w4-l0.01-cap5,loss:gru_direct-w4-l0.01-cap5,cand:gru_direct-w4-l0.1-cap5,loss:gru_direct-w4-l0.1-cap5,nparams:constant,nparams:gru_direct-w4-l0.01-cap5,nparams:gru_direct-w4-l0.1-cap5,epoch_cap_fraction,cand:linear-l0.01,loss:linear-l0.01,cand:linear-l0.1,loss:linear-l0.1,cand:linear-l1,loss:linear-l1,cand:linear-l10,loss:linear-l10,cand:quadratic-l0.01,loss:quadratic-l0.01,cand:quadratic-l0.1,loss:quadratic-l0.1,cand:quadratic-l1,loss:quadratic-l1,cand:quadratic-l10,loss:quadratic-l10,cand:flat-w4-l0.01,loss:flat-w4-l0.01,cand:flat-w8-l0.01,loss:flat-w8-l0.01,cand:flat-w4-l0.1,loss:flat-w4-l0.1,cand:flat-w8-l0.1,loss:flat-w8-l0.1,cand:gru-w4-l0.01,loss:gru-w4-l0.01,cand:gru-w8-l0.01,loss:gru-w8-l0.01,cand:gru-w4-l0.1,loss:gru-w4-l0.1,cand:gru-w8-l0.1,loss:gru-w8-l0.1,cand:gru_mean-w4-l0.01,loss:gru_mean-w4-l0.01,cand:gru_mean-w4-l0.1,loss:gru_mean-w4-l0.1,nparams:linear-l0.01,nparams:linear-l0.1,nparams:linear-l1,nparams:linear-l10,nparams:quadratic-l0.01,nparams:quadratic-l0.1,nparams:quadratic-l1,nparams:quadratic-l10,nparams:flat-w4-l0.01,nparams:flat-w8-l0.01,nparams:flat-w4-l0.1,nparams:flat-w8-l0.1,nparams:gru-w4-l0.01,nparams:gru-w8-l0.01,nparams:gru-w4-l0.1,nparams:gru-w8-l0.1,nparams:gru_mean-w4-l0.01,nparams:gru_mean-w4-l0.1,cand:constant-h1,loss:constant-h1,cand:gru-w4-l0.01-h1,loss:gru-w4-l0.01-h1,cand:gru-w4-l0.1-h1,loss:gru-w4-l0.1-h1,nparams:constant-h1,nparams:gru-w4-l0.01-h1,nparams:gru-w4-l0.1-h1,cand:constant-h2,loss:constant-h2,cand:gru-w4-l0.01-h2,loss:gru-w4-l0.01-h2,cand:gru-w4-l0.1-h2,loss:gru-w4-l0.1-h2,nparams:constant-h2,nparams:gru-w4-l0.01-h2,nparams:gru-w4-l0.1-h2,cand:constant-h4,loss:constant-h4,cand:gru-w4-l0.01-h4,loss:gru-w4-l0.01-h4,cand:gru-w4-l0.1-h4,loss:gru-w4-l0.1-h4,nparams:constant-h4,nparams:gru-w4-l0.01-h4,nparams:gru-w4-l0.1-h4,brier,score_eps1e-06,saturation_eps1e-06,score_eps0.0001,saturation_eps0.0001,score_eps1e-08,saturation_eps1e-08,cand:mlp-w4-l0.01,loss:mlp-w4-l0.01,cand:mlp-w8-l0.01,loss:mlp-w8-l0.01,cand:mlp-w4-l0.1,loss:mlp-w4-l0.1,cand:mlp-w8-l0.1,loss:mlp-w8-l0.1,nparams:mlp-w4-l0.01,nparams:mlp-w8-l0.01,nparams:mlp-w4-l0.1,nparams:mlp-w8-l0.1
q12_rho0.70_always_b12,12,0.7,always,12,10,0,40,cost0,direct,gru_direct-w4-l0.1-cap5,gru_direct-w4-l0.1-cap5|gru_direct-w4-l0.1-cap5|gru_direct-w4-l0.1-cap5|gru_direct-w4-l0.01-cap5|gru_direct-w4-l0.1-cap5,1.8790496176769,0.2430060370384944,0.9375,1.8790496176769,1.9206289369277827,2.195782567680436,5.32661448366516,0.25024347144929543,1.7885247277144736,1.8125960838993866,1.5848557051936503,7.926668834819681,0.1749555251491982,1.9067747741414167,1.917149347591602,2.0578182413656987,5.701828420308543,0.23281486717406058,1.8899075678643715,1.9207149799020127,2.159080187334709,5.4200139530280005,0.24556064187873114,0.6953084945537498,2.777486588065456,0.5362520657836239,0.0,0.6931471805599453,2.030776183450983,0.22669357166775256,1.7173591118723763,0.25382926177749293,0.0,113.0,113.0,0.6,,,,,,,,,,,,,,,,,,,,,,,,,,,,,,,,,,,,,,,,,,,,,,,,,,,,,,,,,,,,,,,,,,,,,,,,,,,,,,,,,,,,,,,,,,,,,,,,,,,,
q12_rho0.70_always_b12,12,0.7,always,12,10,0,40,cost0,main,quadratic-l0.01,quadratic-l0.01|quadratic-l0.01|linear-l0.01|quadratic-l0.01|quadratic-l0.01,4.118437240210882,0.12508885532545014,0.95,4.118437240210882,4.191790150719819,3.782674942444969,2.086548268463646,0.6643842285600935,2.299132308499595,2.529614471862625,1.764337262367507,6.241879850123205,0.32044254193711313,3.4630138398513255,3.601849930995613,3.024267356123843,2.476873937113506,0.5949923465351619,3.9097862726802277,4.000813830079775,3.5415087832108334,2.1736259731287126,0.6472259158146514,2.982102903841826,4.995335180475157,0.5174562500631232,0.0,0.6931471805599453,,,,,0.0,,,0.78,3.332836575532892,0.15078906502477243,2.269557248341184,0.2126791434728565,1.1091630960433096,0.4147145869775257,0.23571050635240862,0.6336647078468254,4.297034538973714,0.11523614883997832,3.200576541522248,0.142518025094233,1.9723874463688484,0.2539505084159984,0.7110750800502571,0.5142364002934625,3.415938889244012,0.13015577431150901,4.141202722885521,0.10973802314275019,2.5250600831475496,0.18539290431766503,2.814695328490674,0.15989947184525408,1.832657747420198,0.22180636992969918,1.7615596650026533,0.21588172075829917,1.6282595403528646,0.2919869046610829,1.691271754274635,0.27174413014140647,1.5189887048349033,0.2864912714656168,1.0242188587515668,0.4036917310936475,7.0,7.0,7.0,7.0,28.0,28.0,28.0,28.0,141.0,281.0,141.0,281.0,113.0,321.0,113.0,321.0,113.0,113.0,,,,,,,,,,,,,,,,,,,,,,,,,,,,,,,,,,,,,,,,,,,,,,
q12_rho0.70_always_b12,12,0.7,always,12,10,0,40,cost0,mem1,gru-w4-l0.01-h1,gru-w4-l0.01-h1|gru-w4-l0.01-h1|gru-w4-l0.01-h1|gru-w4-l0.01-h1|gru-w4-l0.01-h1,2.5169180482381384,0.1968271714924918,0.9375,2.5169180482381384,2.702940818238987,2.024145947707737,5.246642869072604,0.3493076273756076,1.9521599725110483,2.1303060993363587,1.467630021788366,9.482346900195795,0.21853357184901936,2.393300110657794,2.5839123321435817,1.895848009367732,5.855199213448198,0.32081896290118783,2.484195156626791,2.671771135580588,1.9898293740943394,5.394443648113528,0.3418751020939584,1.93536586562101,2.971532802701301,0.2593930805996477,,,,,,,,,,1.0,,,,,,,,,,,,,,,,,,,,,,,,,,,,,,,,,,,,,,,,,,,,,,,,,,,,,,,0.0,0.6931471805599453,2.5169180482381384,0.1968271714924918,1.4581638285820262,0.3456469833782188,0.0,116.0,116.0,,,,,,,,,,,,,,,,,,,,,,,,,,,,,,,,,,,,,
q12_rho0.70_always_b12,12,0.7,always,12,10,0,40,cost0,mem2,gru-w4-l0.01-h2,gru-w4-l0.01-h2|gru-w4-l0.01-h2|gru-w4-l0.01-h2|gru-w4-l0.01-h2|gru-w4-l0.01-h2,2.522558258998521,0.19627369123149735,0.9375,2.522558258998521,2.634030149682115,2.12159081062975,4.158461592220143,0.4255287918093056,1.9563270054924704,2.112473517123296,1.496373529432135,8.632607635610007,0.23929868603459092,2.3998707200454,2.5302771793283894,1.9721513055466808,4.806102321333089,0.38196674354124044,2.49018030354232,2.6070712061642216,2.081250191742453,4.31621323312272,0.4139985777679854,1.7939182824716668,3.0858106120959774,0.33143858530576503,,,,,,,,,,1.0,,,,,,,,,,,,,,,,,,,,,,,,,,,,,,,,,,,,,,,,,,,,,,,,,,,,,,,,,,,,,,,,0.0,0.6931471805599453,2.522558258998521,0.19627369123149735,1.7386163837396107,0.2926536858701393,0.0,116.0,116.0,,,,,,,,,,,,,,,,,,,,,,,,,,,,
q12_rho0.70_always_b12,12,0.7,always,12,10,0,40,cost0,mem4,gru-w4-l0.01-h4,gru-w4-l0.01-h4|gru-w4-l0.1-h4|gru-w4-l0.01-h4|gru-w4-l0.01-h4|gru-w4-l0.01-h4,2.371598132118784,0.21349389640931124,0.9375,2.371598132118784,2.4597586871012873,2.008291362091336,4.325993333149468,0.40149512298671053,1.8781696014901121,2.022709844363008,1.432232150990878,8.528196597045527,0.23346016117124826,2.264392146419065,2.3720403839656417,1.8692062515459789,4.937454045621602,0.3622530129896782,2.343236711873275,2.436813482146676,1.9706269675948391,4.47560233789939,0.39108117189971675,1.5898048372032423,2.9484716357733993,0.34920521374498636,,,,,,,,,,1.0,,,,,,,,,,,,,,,,,,,,,,,,,,,,,,,,,,,,,,,,,,,,,,,,,,,,,,,,,,,,,,,,,,,,,,,,,0.0,0.6931471805599453,2.5549215115249218,0.19281872483361584,1.8948874434854772,0.26733872835302563,0.0,116.0,116.0,,,,,,,,,,,,,,,,,,,
q12_rho0.70_always_b12,12,0.7,always,12,1,0,40,cost0,main,quadratic-l0.1,quadratic-l0.1|flat-w4-l0.01|quadratic-l0.01|quadratic-l0.1|linear-l0.01,-1.1653243086205465,0.6732079260757828,0.6,-1.1653243086205465,-0.6209251498246238,0.2685656221970822,2.6427381448375558,0.610724948257592,0.09539559972097353,0.10163565772556743,0.21130823326897835,20.744817611319913,0.15494048270278785,-0.4178809736472842,-0.26009305242905356,0.25364229542332273,5.013297585418624,0.4337429489166157,-0.8839933828404835,-0.5003098856258138,0.2644194810803765,3.1295933088201915,0.5591131792599571,-4.060698272009932,0.41817074130483467,1.3773622788284436,0.0,0.6931471805599453,,,,,0.0,,,0.2,0.17075744255650765,0.6459105063575201,0.052714697671154574,0.6786210671760378,0.009007121234602655,0.6908334514984478,0.001088673668699383,0.6928738188835739,-0.9503208948789685,0.6311325353319368,0.19588928413135734,0.6329888159739082,0.09532997173858608,0.6682783142183892,0.022397969769869866,0.6875322388473196,0.08605829471586915,0.6685966613259934,0.10651636519323356,0.6605858136455065,0.0023465741529193535,0.6925526896465566,0.0006201306847089888,0.6929913724766816,0.026779122023306796,0.6859132207072361,0.0073827142177726925,0.6879669326057073,-0.0003639275956102667,0.6932373319361991,0.0008173834116571383,0.692938600820694,0.0022117578828570184,0.6925834510738721,-0.00035837483782404366,0.693235989992445,7.0,7.0,7.0,7.0,28.0,28.0,28.0,28.0,33.0,65.0,33.0,65.0,113.0,321.0,113.0,321.0,113.0,113.0,,,,,,,,,,,,,,,,,,,,,,,,,,,,,,,,,,,,,,,,,,,,,,
q12_rho0.70_always_b12,12,0.7,always,12,5,0,40,cost0,main,quadratic-l0.01,quadratic-l0.01|quadratic-l0.1|flat-w4-l0.01|quadratic-l0.01|quadratic-l0.01,4.815359041315782,0.08825966633342117,0.95,4.815359041315782,5.791233636013031,3.9785793729610504,4.041480927418338,0.40173360310951445,2.4751840838731782,3.047968438511866,1.747621282193926,11.399794592212556,0.2247790525430709,3.8863032789079286,4.803721832379848,3.061420152286261,4.70811869785688,0.3700572131364247,4.5060115384043415,5.470387261468091,3.6714933655584145,4.167663199129703,0.39506541151542374,4.170524618466738,5.508462372822227,0.34255199464842895,0.0,0.6931471805599453,,,,,0.0,,,0.86,2.809583693251992,0.19395342315768596,1.917770301760661,0.25509412815840704,0.9344013724792829,0.45242879247094014,0.19622618024529676,0.6435714909391568,5.796709225575066,0.06316560645148867,3.641168044292199,0.11190164968112612,1.9977124880098636,0.25348820389268195,0.6633556405411959,0.5263697889081966,3.366604853655481,0.13202954664766597,4.056608502730988,0.11174934269412899,2.3362782685252577,0.2054450138931935,2.5471683876550095,0.18515544766195885,1.849561891644165,0.2175992564153549,2.713475244499197,0.16479662940482717,1.3525750725704426,0.3269725221643957,1.2930690391069988,0.31902920010653635,1.5445544801868336,0.33849280595227077,0.48659099986449983,0.5527713848528799,7.0,7.0,7.0,7.0,28.0,28.0,28.0,28.0,81.0,161.0,81.0,161.0,113.0,321.0,113.0,321.0,113.0,113.0,,,,,,,,,,,,,,,,,,,,,,,,,,,,,,,,,,,,,,,,,,,,,,
q12_rho0.70_always_b12,12,0.7,always,12,10,0,40,cost2,direct,gru_direct-w4-l0.1-cap5,gru_direct-w4-l0.1-cap5|gru_direct-w4-l0.1-cap5|gru_direct-w4-l0.1-cap5|gru_direct-w4-l0.1-cap5|gru_direct-w4-l0.1-cap5,2.204150476417901,0.22430408830316323,0.9375,2.204150476417901,2.238973219095237,2.491762846841054,5.319286786341495,0.24988441609769513,1.899389723606042,1.925494163534847,1.6879584571298665,7.843042297960171,0.17556737376057172,2.170196917884393,2.17798435557726,2.30024098490066,5.670557100047718,0.23279793177094002,2.1976875674447536,2.223067536256265,2.440215479107418,5.406058867496801,0.24529535547691866,1.1052336891789705,3.1093102127602954,0.5237095113335342,0.0,0.6931471805599453,2.7472799681103353,0.1778496033999229,2.204150476417901,0.22430408830316323,0.0,113.0,113.0,0.4,,,,,,,,,,,,,,,,,,,,,,,,,,,,,,,,,,,,,,,,,,,,,,,,,,,,,,,,,,,,,,,,,,,,,,,,,,,,,,,,,,,,,,,,,,,,,,,,,,,,
q12_rho0.70_always_b12,12,0.7,always,12,10,0,40,cost2,main,linear-l0.01,linear-l0.01|quadratic-l0.01|linear-l0.01|quadratic-l0.01|flat-w8-l0.01,4.175371382467478,0.1189110165457945,0.95,4.175371382467478,4.5703102437386764,3.5280161278096616,3.927718661652401,0.3545037737537738,2.3078987899140726,2.59849538684623,1.7256670966802345,7.952259464663806,0.227033864550555,3.532477889514727,3.926016276101568,2.8858868162417126,4.252398400581992,0.335348095422368,3.977018584213657,4.373485956815756,3.3288321931666913,3.9859426992242533,0.3504864075998815,3.5352450184216995,4.770589335605708,0.31783210283852337,0.0,0.6931471805599453,,,,,0.0,,,0.86,3.583340575722974,0.12976477941879794,2.4021537401425332,0.19615645673811533,1.1687054913565524,0.40286164546031245,0.2473581264872143,0.6307928716411194,4.5814270781768025,0.11608537316312054,3.2150762520541862,0.1403844307729608,1.984686972080621,0.2514601481720829,0.7188301453877135,0.5124528582796586,3.5067849375332627,0.11494166706635897,4.366221339122918,0.09087629989330645,2.5882981419175053,0.17423415490993613,2.8792201656958945,0.14852752838352334,1.9406234554027495,0.21495134109094036,1.929953462940564,0.20626022958680715,1.7235008366066353,0.2790299109439299,1.8140056477710886,0.25683330514122454,1.4194283189715278,0.280558179830396,1.1928649610968525,0.3740727995843781,7.0,7.0,7.0,7.0,28.0,28.0,28.0,28.0,141.0,281.0,141.0,281.0,113.0,321.0,113.0,321.0,113.0,113.0,,,,,,,,,,,,,,,,,,,,,,,,,,,,,,,,,,,,,,,,,,,,,,
q12_rho0.70_always_b12,12,0.7,always,12,10,0,40,cost2,mem1,gru-w4-l0.01-h1,gru-w4-l0.01-h1|gru-w4-l0.01-h1|gru-w4-l0.01-h1|gru-w4-l0.01-h1|gru-w4-l0.01-h1,2.550275594246913,0.19272367200693724,0.9375,2.550275594246913,2.7662814606354726,2.028402617165023,5.464630546175468,0.33319212087746547,1.969849304295669,2.161091085674607,1.4717620016928918,9.640927704289023,0.21392710468745718,2.4229222552280376,2.6394232959706176,1.90059602366409,6.058245080439421,0.3077783348108445,2.516556032873011,2.733028428853838,1.9942559986715895,5.60829975265312,0.3265968765499494,2.0618926363865997,2.959822496761415,0.2348940861587943,,,,,,,,,,1.0,,,,,,,,,,,,,,,,,,,,,,,,,,,,,,,,,,,,,,,,,,,,,,,,,,,,,,,0.0,0.6931471805599453,2.550275594246913,0.19272367200693724,1.4842907142120985,0.3408010328475114,0.0,116.0,116.0,,,,,,,,,,,,,,,,,,,,,,,,,,,,,,,,,,,,,
q12_rho0.70_always_b12,12,0.7,always,12,10,0,40,cost2,mem2,gru-w4-l0.01-h2,gru-w4-l0.01-h2|gru-w4-l0.01-h2|gru-w4-l0.01-h2|gru-w4-l0.01-h2|gru-w4-l0.01-h2,2.5657443247897285,0.19109571509149625,0.9375,2.5657443247897285,2.7153094491672967,2.1136411327385916,4.356618802291066,0.4073835604991872,1.9745627366629122,2.148285615328195,1.494783388635795,8.70529008093105,0.23733767251225518,2.4353081275099933,2.598996676695092,1.9666533565489495,4.9720719909677005,0.36888701506064286,2.5311485901880535,2.684888697763612,2.0740367496388328,4.505801100338804,0.3972726366880312,1.9584757054222799,3.062341378689255,0.28551122240852916,,,,,,,,,,1.0,,,,,,,,,,,,,,,,,,,,,,,,,,,,,,,,,,,,,,,,,,,,,,,,,,,,,,,,,,,,,,,,0.0,0.6931471805599453,2.5657443247897285,0.19109571509149625,1.7816914774157322,0.2856806491202176,0.0,116.0,116.0,,,,,,,,,,,,,,,,,,,,,,,,,,,,
q12_rho0.70_always_b12,12,0.7,always,12,10,0,40,cost2,mem4,gru-w4-l0.01-h4,gru-w4-l0.01-h4|gru-w4-l0.1-h4|gru-w4-l0.01-h4|gru-w4-l0.01-h4|gru-w4-l0.01-h4,2.510146997643035,0.19752988192629992,0.9375,2.510146997643035,2.6657429708433025,2.0508407694809585,4.514655759191081,0.36911522534807123,1.9343280694169664,2.1137322822743236,1.4484632696686088,8.420783092637285,0.23018097516250619,2.3782165534226154,2.5463759827594026,1.9045437279443553,5.044137639351454,0.33907739541260146,2.474771936349294,2.6340364509226193,2.0111842162337887,4.642122797581065,0.36129137967712777,1.943443924754705,3.004514693491607,0.2790489646222627,,,,,,,,,,1.0,,,,,,,,,,,,,,,,,,,,,,,,,,,,,,,,,,,,,,,,,,,,,,,,,,,,,,,,,,,,,,,,,,,,,,,,,0.0,0.6931471805599453,2.7103616193965085,0.17670479910698278,1.9556144394793449,0.2576944579366866,0.0,116.0,116.0,,,,,,,,,,,,,,,,,,,
q12_rho0.70_always_b12,12,0.7,always,12,1,0,40,cost2,main,quadratic-l0.1,quadratic-l1|quadratic-l0.1|quadratic-l1|quadratic-l0.1|quadratic-l0.1,0.865724863594858,0.5196355255814825,0.7375,0.865724863594858,0.8930316261510814,0.649868280442978,16.5553959506009,0.1905792521877214,0.7369809684504209,0.7717197448695224,0.49602734944265625,22.281482921701453,0.1371822076288591,0.8375111500949775,0.8667859171011277,0.6146511419304327,17.681288456940155,0.17884645592660897,0.8581955929960609,0.8860326930650885,0.6404233083726733,16.845129879036115,0.18748522068622123,0.43026352016564734,1.2829801342234974,0.21617048427641156,0.0,0.6931471805599453,,,,,0.0,,,0.42,0.22180343536848737,0.6025185780415416,0.16016835716865974,0.6473897674701231,0.041913962232322285,0.6818767095738464,0.007670691310097455,0.6912099954063211,-2.2867870403397155,0.547610324988943,0.17350932343730516,0.5315737679132366,0.4226117106165299,0.5877358589726575,0.11848496136015615,0.6637401337653097,0.3222895122616686,0.5941504287006614,0.20266286897616995,0.5778442852195586,0.029188603067221763,0.6852728428351341,0.034977222703483746,0.6837840578276971,0.4723910222884923,0.5818390052714211,0.45982468991366876,0.5657285535882814,0.0027787131745838495,0.6924521314989691,0.002752096268421292,0.6924474081519532,0.044919663932858435,0.6816680340399579,0.00024833719812951405,0.6930856777596833,7.0,7.0,7.0,7.0,28.0,28.0,28.0,28.0,33.0,65.0,33.0,65.0,113.0,321.0,113.0,321.0,113.0,113.0,,,,,,,,,,,,,,,,,,,,,,,,,,,,,,,,,,,,,,,,,,,,,,
q12_rho0.70_always_b12,12,0.7,always,12,5,0,40,cost2,main,quadratic-l0.1,linear-l0.01|quadratic-l0.1|quadratic-l0.01|quadratic-l0.1|flat-w8-l0.01,3.921709635196727,0.12266115336614498,0.95,3.921709635196727,4.246220254809073,3.316291428353874,2.1703690179543687,0.6476426803379622,2.2868230974628965,2.638850742131356,1.6641152252175087,6.182025605620904,0.34280648756878584,3.3566366201255717,3.718069494454948,2.7282983631539843,2.542784905478576,0.5893510492730692,3.744518428717842,4.080547135615461,3.131709088006315,2.2518886129571416,0.6335034728728918,3.103962958936465,4.615752259359562,0.38687890304301564,0.0,0.6931471805599453,,,,,0.0,,,0.82,3.751414259156372,0.1313515227687902,2.3128838632306943,0.20904068694623215,1.067957833833192,0.4256202915963706,0.22140189905311597,0.6373414191640331,5.334274834654915,0.09439799988681023,3.559223579218604,0.11789866183409722,2.0342437202765185,0.24529725075552794,0.6929863416725953,0.5192400890886401,3.627443974274557,0.10878347871541197,4.451589166919459,0.08978166688216745,2.4724224588878005,0.18684820266728447,2.7019004096761683,0.16550404862952592,2.103969620630491,0.20063339548534093,2.826956444533347,0.15298583666220508,1.5166380239195412,0.30680824658009237,1.5110300670314856,0.2958660567558763,1.467679168846336,0.32714650376600973,0.6626835120833382,0.506557221651326,7.0,7.0,7.0,7.0,28.0,28.0,28.0,28.0,81.0,161.0,81.0,161.0,113.0,321.0,113.0,321.0,113.0,113.0,,,,,,,,,,,,,,,,,,,,,,,,,,,,,,,,,,,,,,,,,,,,,,
q12_rho0.70_always_b12,12,0.7,always,12,10,0,40,endpoint,main,linear-l1,linear-l1|linear-l0.1|linear-l0.1|linear-l1|linear-l1,0.01294877997200442,0.680198400587941,0.6,,,,,,,,,,,,,,,,,,,,,-0.019723393152205195,0.04382605271491932,0.016502389444023574,0.0,0.6931471805599453,,,,,0.0,,,0.0,0.01952422502105932,0.673622955538886,0.02504435028689635,0.668102830273049,0.016873965529669004,0.6762732150302764,0.00293392957265448,0.6902132509872908,0.011819904871621248,0.681327275688324,0.0235150525554483,0.6696321280044969,0.02401491288262792,0.6691322676773174,0.00657076614431326,0.6865764144156321,,,,,,,,,,,,,,,,,,,,,3.0,3.0,3.0,3.0,6.0,6.0,6.0,6.0,,,,,,,,,,,,,,,,,,,,,,,,,,,,,,,,,,,,,,0.24414653680319934,0.01294877997200442,0.0,0.01294877997200442,0.0,0.01294877997200442,0.0,0.008997680312393421,0.6841495002475518,0.010046683346406255,0.683100497213539,0.02088531915288413,0.6722618614070612,0.013654525070606416,0.6794926554893388,17.0,33.0,17.0,33.0
q12_rho0.70_always_b12,12,0.7,always,12,1,0,40,endpoint,main,quadratic-l1,quadratic-l0.1|quadratic-l1|linear-l0.1|quadratic-l1|linear-l0.1,0.014873716045344937,0.6782734645146004,0.575,,,,,,,,,,,,,,,,,,,,,-0.017139601218315047,0.04229567891245912,0.01501343084806572,0.0,0.6931471805599453,,,,,0.0,,,0.0,0.016212132343855934,0.6769350482160894,0.016610384825180225,0.676536795734765,0.010982681064008213,0.682164499495937,0.0019166639343675713,0.6912305166255777,0.030547786810583157,0.662599393749362,0.03574972166804968,0.6573974588918956,0.023686615908777006,0.6694605646511682,0.005266233644493029,0.6878809469154522,,,,,,,,,,,,,,,,,,,,,3.0,3.0,3.0,3.0,6.0,6.0,6.0,6.0,,,,,,,,,,,,,,,,,,,,,,,,,,,,,,,,,,,,,,0.24196174521039157,0.014873716045344937,0.0,0.014873716045344937,0.0,0.014873716045344937,0.0,0.019013938853655925,0.6741332417062893,0.0201080674062338,0.6730391131537115,0.016391918106801552,0.6767552624531439,0.011507618309333821,0.6816395622506116,17.0,33.0,17.0,33.0
q12_rho0.70_always_b12,12,0.7,always,12,2,0,40,endpoint,main,quadratic-l0.1,quadratic-l0.1|linear-l1|linear-l0.1|quadratic-l0.1|linear-l0.1,0.014970904099196759,0.6781762764607485,0.5625,,,,,,,,,,,,,,,,,,,,,-0.010440851031047112,0.03818741683297979,0.012185368355636429,0.0,0.6931471805599453,,,,,0.0,,,0.15,0.020626581468004127,0.6725205990919412,0.02215735919154587,0.6709898213683994,0.01392266581605649,0.6792245147438888,0.00238997274242788,0.6907572078175174,0.02505023980467625,0.668096940755269,0.027543421550095305,0.6656037590098499,0.019127065919739783,0.6740201146402055,0.004727064891797836,0.6884201156681475,,,,,,,,,,,,,,,,,,,,,3.0,3.0,3.0,3.0,6.0,6.0,6.0,6.0,,,,,,,,,,,,,,,,,,,,,,,,,,,,,,,,,,,,,,0.24277683038597964,0.014970904099196759,0.0,0.014970904099196759,0.0,0.014970904099196759,0.0,0.011331675224293992,0.6818155053356513,0.017800237526930898,0.6753469430330143,0.017197312468287002,0.6759498680916582,0.011320692032741143,0.6818264885272042,17.0,33.0,17.0,33.0
q12_rho0.70_always_b12,12,0.7,always,12,3,0,40,endpoint,main,linear-l0.1,linear-l1|quadratic-l0.01|linear-l0.1|mlp-w4-l0.1|linear-l0.1,0.06921317888000908,0.6239340016799362,0.65,,,,,,,,,,,,,,,,,,,,,0.03211446029310342,0.10957585787466136,0.019547836953942303,0.0,0.6931471805599453,,,,,0.0,,,0.05,0.07700795458380025,0.6161392259761451,0.07495005127695409,0.6181971292829912,0.04230747027822986,0.6508397102817154,0.007108177161929509,0.6860390033980158,0.08300347552740081,0.6101437050325444,0.07848485946462185,0.6146623210953235,0.058827298213056524,0.6343198823468887,0.014759439165254079,0.6783877413946912,,,,,,,,,,,,,,,,,,,,,3.0,3.0,3.0,3.0,6.0,6.0,6.0,6.0,,,,,,,,,,,,,,,,,,,,,,,,,,,,,,,,,,,,,,0.21883255807527924,0.06921317888000908,0.0,0.06921317888000908,0.0,0.06921317888000908,0.0,0.07092328196015368,0.6222238985997917,0.07279874126467327,0.620348439295272,0.05859626261910461,0.6345509179408406,0.05983514197848725,0.6333120385814581,17.0,33.0,17.0,33.0
q12_rho0.70_always_b12,12,0.7,always,12,4,0,40,endpoint,main,linear-l1,linear-l1|linear-l1|quadratic-l1|linear-l1|quadratic-l0.01,0.0018372667438881752,0.691309913816057,0.6,,,,,,,,,,,,,,,,,,,,,-0.02265181120720151,0.022136021640025882,0.011700647290253722,0.0,0.6931471805599453,,,,,0.0,,,0.0,0.016813735286005348,0.67633344527394,0.02105112042952425,0.672096060130421,0.014264243307657836,0.6788829372522874,0.00251031726118279,0.6906368632987625,0.010928889932823923,0.6822182906271215,0.021715964855651953,0.6714312157042933,0.019695422335562013,0.6734517582243833,0.005462420078200608,0.6876847604817447,,,,,,,,,,,,,,,,,,,,,3.0,3.0,3.0,3.0,6.0,6.0,6.0,6.0,,,,,,,,,,,,,,,,,,,,,,,,,,,,,,,,,,,,,,0.24902444822915135,0.0018372667438881752,0.0,0.0018372667438881752,0.0,0.0018372667438881752,0.0,0.019561116588986894,0.6735860639709583,0.017238012623863957,0.6759091679360812,0.01873356385498758,0.6744136167049577,0.014368186018276812,0.6787789945416685,17.0,33.0,17.0,33.0
q12_rho0.70_always_b12,12,0.7,always,12,5,0,40,endpoint,main,linear-l0.1,linear-l0.1|quadratic-l0.1|linear-l0.1|mlp-w4-l0.1|linear-l0.1,0.04313580949045255,0.6500113710694928,0.65,,,,,,,,,,,,,,,,,,,,,-0.00739267287490277,0.09202923954718743,0.02573080634480592,0.0,0.6931471805599453,,,,,0.0,,,0.0,0.04463544019999983,0.6485117403599455,0.04759119720425182,0.6455559833556934,0.028522834118705397,0.6646243464412398,0.004837330974135287,0.68830984958581,-0.0011551788050950377,0.6943023593650404,0.038865417372697476,0.6542817631872478,0.039566917833529794,0.6535802627264155,0.010494592678089035,0.6826525878818561,,,,,,,,,,,,,,,,,,,,,3.0,3.0,3.0,3.0,6.0,6.0,6.0,6.0,,,,,,,,,,,,,,,,,,,,,,,,,,,,,,,,,,,,,,0.22798861574160675,0.04313580949045255,0.0,0.04313580949045255,0.0,0.04313580949045255,0.0,0.04918125488211393,0.6439659256778314,0.04949785541680869,0.6436493251431366,0.03314061155352229,0.6600065690064231,0.03149204354388081,0.6616551370160645,17.0,33.0,17.0,33.0
q12_rho0.70_always_b12,12,0.7,always,12,6,0,40,endpoint,main,constant,constant|constant|linear-l0.1|linear-l1|linear-l1,-0.0006358846968860521,0.6937830652568313,0.5,,,,,,,,,,,,,,,,,,,,,-0.016409127317525873,0.01633721277445638,0.008378916527825233,0.0,0.6931471805599453,,,,,0.0,,,0.0,-0.006238122747164444,0.6993853033071098,-0.001208279714489237,0.6943554602744346,0.0047673011910148045,0.6883798793689304,0.0010279400117068488,0.6921192405482384,2.221892526598282e-05,0.6931249616346793,-0.0032441536264139524,0.6963913341863591,0.005267481825396627,0.6878796987345487,0.0022771972594745685,0.6908699833004708,,,,,,,,,,,,,,,,,,,,,3.0,3.0,3.0,3.0,6.0,6.0,6.0,6.0,,,,,,,,,,,,,,,,,,,,,,,,,,,,,,,,,,,,,,0.2503106417286064,-0.0006358846968860521,0.0,-0.0006358846968860521,0.0,-0.0006358846968860521,0.0,0.0016560568466271596,0.6914911237133181,-0.014242023410786998,0.7073892039707322,0.01169637566637081,0.6814508048935746,-0.013225822914960533,0.7063730034749058,17.0,33.0,17.0,33.0
q12_rho0.70_always_b12,12,0.7,always,12,7,0,40,endpoint,main,linear-l0.1,linear-l1|linear-l0.1|linear-l0.1|linear-l0.1|linear-l1,0.07800603271648174,0.6151411478434635,0.6625,,,,,,,,,,,,,,,,,,,,,0.023987201674616026,0.12886044172302238,0.02687256319753592,0.0,0.6931471805599453,,,,,0.0,,,0.0,0.1033418953490786,0.5898052852108667,0.10448501152488818,0.5886621690350571,0.0553008203250139,0.6378463602349315,0.009249193520214801,0.6838979870397305,0.10235897774525311,0.5907882028146922,0.10595649679521091,0.5871906837647345,0.08045187832626438,0.6126953022336808,0.020089028381220946,0.6730581521787242,,,,,,,,,,,,,,,,,,,,,3.0,3.0,3.0,3.0,6.0,6.0,6.0,6.0,,,,,,,,,,,,,,,,,,,,,,,,,,,,,,,,,,,,,,0.21500326626306507,0.07800603271648174,0.0,0.07800603271648174,0.0,0.07800603271648174,0.0,0.08429562122055739,0.608851559339388,0.08553008873391596,0.6076170918260293,0.07834923416828105,0.6147979463916642,0.0824846152098346,0.6106625653501107,17.0,33.0,17.0,33.0
q12_rho0.70_always_b12,12,0.7,always,12,8,0,40,endpoint,main,linear-l0.1,mlp-w4-l0.01|linear-l0.1|linear-l1|linear-l0.1|linear-l0.1,0.060462009361197736,0.6326851711987476,0.625,,,,,,,,,,,,,,,,,,,,,0.018472284580810263,0.10116053860127201,0.02099604555633057,0.0,0.6931471805599453,,,,,0.0,,,0.0,0.05548131770356325,0.637665862856382,0.054036398823445055,0.6391107817365003,0.029644552768890144,0.6635026277910552,0.004967766392979546,0.6881794141669657,0.06157686708209252,0.6315703134778528,0.056993655707582636,0.6361535248523625,0.04341132832963248,0.6497358522303129,0.011001231452950868,0.6821459491069944,,,,,,,,,,,,,,,,,,,,,3.0,3.0,3.0,3.0,6.0,6.0,6.0,6.0,,,,,,,,,,,,,,,,,,,,,,,,,,,,,,,,,,,,,,0.2224422189101964,0.060462009361197736,0.0,0.060462009361197736,0.0,0.060462009361197736,0.0,0.05779820413694413,0.6353489764230013,0.05661951418768344,0.6365276663722619,0.03310469035900858,0.6600424902009366,0.0359327463202532,0.6572144342396921,17.0,33.0,17.0,33.0
q12_rho0.70_always_b12,12,0.7,always,12,9,0,40,endpoint,main,mlp-w4-l0.01,mlp-w4-l0.01|mlp-w4-l0.01|mlp-w4-l0.01|mlp-w4-l0.1|linear-l0.1,0.010297101243788102,0.6828500793161572,0.7125,,,,,,,,,,,,,,,,,,,,,-0.07994422892057508,0.08491287305387936,0.042559634435439295,0.0,0.6931471805599453,,,,,0.0,,,0.1,0.019031017547008037,0.6741161630129373,0.026523021992902407,0.6666241585670429,0.018330598779274048,0.6748165817806713,0.00321028388387255,0.6899368966760727,0.010446087446316301,0.6827010931136289,0.02325978709123971,0.6698873934687055,0.024429535415098458,0.6687176451448469,0.006775394055517964,0.6863717865044274,,,,,,,,,,,,,,,,,,,,,3.0,3.0,3.0,3.0,6.0,6.0,6.0,6.0,,,,,,,,,,,,,,,,,,,,,,,,,,,,,,,,,,,,,,0.23920072931416572,0.010297101243788102,0.0,0.010297101243788102,0.0,0.010297101243788102,0.0,0.026799463611031464,0.6663477169489138,0.024398178288319528,0.6687490022716258,0.027349020359172953,0.6657981602007723,0.024078789157188085,0.6690683914027573,17.0,33.0,17.0,33.0
q12_rho0.70_always_b12,12,0.7,always,12,10,0,40,mixture,diag,quadratic-l0.01,quadratic-l0.01|linear-l0.1|quadratic-l0.01|quadratic-l0.01|quadratic-l0.01,3.973500726297683,0.13518152742940673,0.9625,3.973500726297683,4.119301055678975,3.526002598272229,2.4288846948723997,0.5950386595508439,2.233173022079915,2.4839600756040694,1.6813150862163284,6.343212875485656,0.3107048019173025,3.3252956413855075,3.523156765851459,2.8206255897632433,2.793117691761641,0.5400662839540307,3.7653331582698426,3.926066863884146,3.3000512366971435,2.5088732741041366,0.5816148572517152,3.0867568880978946,4.7669570703500055,0.42728853429133584,0.0,0.6931471805599453,,,,,0.0,,,1.0,3.515129839714075,0.14029626326361902,2.3992791882138014,0.19796048641888894,1.2257334494174894,0.38855005728459324,0.28225381602872307,0.6218697211049434,4.426665229061841,0.11712076287148743,3.2383698206575424,0.14012777039445512,2.0321865652767923,0.24399861888673735,0.7820845888260332,0.4964631416866686,,,,,,,,,1.8859954109411945,0.21820527462323444,,,1.6834065550706871,0.2826892611647036,,,,,,,7.0,7.0,7.0,7.0,28.0,28.0,28.0,28.0,,,,,113.0,,113.0,,,,,,,,,,,,,,,,,,,,,,,,,,,,,,,,,,,,,,,,,,,,,,,,,
q12_rho0.70_always_b12,12,0.7,always,12,1,0,40,mixture,diag,quadratic-l0.1,quadratic-l1|quadratic-l0.1|quadratic-l0.1|quadratic-l0.1|quadratic-l0.1,0.41062861119618804,0.5926483546246788,0.69375,0.41062861119618804,0.41179661791468225,0.3630718029210199,19.749853529592833,0.14386012547681168,0.40276580872401835,0.4070386933734262,0.31314885185466895,24.075582694690837,0.10945927582622067,0.4106588355686613,0.4123540310417786,0.35355637578514765,20.602217901838852,0.1364786417638623,0.41071101945026955,0.41200888574929806,0.3606242324211051,19.969897431407773,0.1419218519992899,0.051466234431471074,0.6891362720312014,0.1599139604527143,0.0,0.6931471805599453,,,,,0.0,,,0.5,0.18079305758680875,0.636811157357137,0.0647410657019574,0.6741092594831942,0.01176543773478983,0.6900041602438229,0.0016180474486307578,0.6927379130075828,-0.9785741794036277,0.5840579695861031,0.28363863651732524,0.5893874352529408,0.2199781243143848,0.637018429699809,0.05648595044136454,0.6791079389811315,,,,,,,,,0.1708605348446496,0.6488524664779513,,,-8.159395691476057e-05,0.6931659763218182,,,,,,,7.0,7.0,7.0,7.0,28.0,28.0,28.0,28.0,,,,,113.0,,113.0,,,,,,,,,,,,,,,,,,,,,,,,,,,,,,,,,,,,,,,,,,,,,,,,,
q12_rho0.70_always_b12,12,0.7,always,12,5,0,40,mixture,diag,quadratic-l0.1,quadratic-l0.1|quadratic-l0.1|quadratic-l0.1|quadratic-l0.1|quadratic-l0.01,4.091421863804018,0.11110219787966949,0.9625,4.091421863804018,4.819311195994764,3.3131904783024666,4.456017319578553,0.33828743163120256,2.3584282712171385,2.815727755536064,1.6794352073542413,10.138628599964116,0.21174520249877127,3.483709197078069,4.171118332730229,2.717411606917059,5.051684537879422,0.3154889905885514,3.89900655723311,4.61831734923041,3.1232371862469583,4.580066505859514,0.3331035053864106,3.4503770014500095,4.676170925764527,0.3091674841821891,0.0,0.6931471805599453,,,,,0.0,,,0.9,3.362119365127551,0.16525654696217973,2.1765794234001286,0.22789721315951184,1.0704618856132684,0.422270679182904,0.24100880912867667,0.6322654382612395,5.515630315596036,0.08210932423472858,3.6077176425408792,0.11596604459980231,2.0488523344031355,0.24409025517835872,0.7261757155989919,0.5106211600501323,,,,,,,,,1.740557089952765,0.22310499409796472,,,1.4002242795552249,0.31983675548748647,,,,,,,7.0,7.0,7.0,7.0,28.0,28.0,28.0,28.0,,,,,113.0,,113.0,,,,,,,,,,,,,,,,,,,,,,,,,,,,,,,,,,,,,,,,,,,,,,,,,
q12_rho0.70_always_b12,12,0.7,always,12,10,0,40,pathinfo,diag,linear-l0.1,linear-l0.1|linear-l0.1|linear-l0.1|linear-l1|linear-l0.01,0.10870571876810767,0.5844414617918376,0.6875,,,,,,,,,,,,,,,,,,,,,0.04262442855147278,0.17356401149089398,0.034360065807652725,0.0,0.6931471805599453,,,,,0.0,,,0.1,0.1428189056466085,0.5503282749133367,0.11736824213942217,0.5757789384205231,0.05197130640807157,0.6411758741518737,0.009898092533768062,0.6832490880261772,0.1260952362902255,0.5670519442697197,0.13925659445335165,0.5538905861065937,0.095348716546685,0.5977984640132602,0.03087004608041858,0.6622771344795267,,,,,,,,,0.08491731862629784,0.6082298619336475,,,0.03966178490553595,0.6534853956544093,,,,,,,7.0,7.0,7.0,7.0,28.0,28.0,28.0,28.0,,,,,113.0,,113.0,,,,,,,,,,,,,,,,,,,,,,,,,,,,,,,0.20171087555834558,0.10870571876810767,0.0,0.10870571876810767,0.0,0.10870571876810767,0.0,,,,,,,,,,,,
q12_rho0.70_always_b12,12,0.7,always,12,1,0,40,pathinfo,diag,linear-l0.1,linear-l0.01|linear-l0.1|linear-l0.1|linear-l10|linear-l0.1,0.039000105849625454,0.65414707471032,0.6375,,,,,,,,,,,,,,,,,,,,,-0.004950865569680134,0.0828100561569148,0.022904232569019918,0.0,0.6931471805599453,,,,,0.0,,,0.2,0.06419453926733677,0.6289526412926085,0.05445271352309078,0.6386944670368545,0.01836914543227843,0.6747780351276669,0.003580992743752387,0.6895661878161929,0.05733324869246868,0.6358139318674766,0.07377814308903216,0.6193690374709131,0.06172769729750664,0.6314194832624386,0.0188631348916714,0.6742840456682739,,,,,,,,,0.014069451474599995,0.6790777290853454,,,0.00336365997382925,0.689783520586116,,,,,,,7.0,7.0,7.0,7.0,28.0,28.0,28.0,28.0,,,,,113.0,,113.0,,,,,,,,,,,,,,,,,,,,,,,,,,,,,,,0.2310335942424321,0.039000105849625454,0.0,0.039000105849625454,0.0,0.039000105849625454,0.0,,,,,,,,,,,,
q12_rho0.70_always_b12,12,0.7,always,12,5,0,40,pathinfo,diag,linear-l0.1,linear-l0.1|linear-l0.01|linear-l1|linear-l0.1|linear-l0.01,0.08269962670944145,0.6104475538505039,0.6625,,,,,,,,,,,,,,,,,,,,,0.015475229563869888,0.14442970576541153,0.03281337508167006,0.0,0.6931471805599453,,,,,0.0,,,0.1,0.1127961206770133,0.580351059882932,0.09599707074654273,0.5971501098134026,0.048179843654785594,0.6449673369051597,0.009472314853144325,0.683674865706801,0.11365293236894666,0.5794942481909986,0.1276431088761248,0.5655040716838204,0.08430724604786383,0.6088399345120814,0.029140868907308548,0.6640063116526367,,,,,,,,,0.05030987052111032,0.6428373100388349,,,0.03565020318854063,0.6574969773714047,,,,,,,7.0,7.0,7.0,7.0,28.0,28.0,28.0,28.0,,,,,113.0,,113.0,,,,,,,,,,,,,,,,,,,,,,,,,,,,,,,0.2130395886043408,0.08269962670944145,0.0,0.08269962670944145,0.0,0.08269962670944145,0.0,,,,,,,,,,,,
q12_rho0.70_always_b3,12,0.7,always,3,10,0,40,cost0,direct,gru_direct-w4-l0.1-cap5,gru_direct-w4-l0.1-cap5|gru_direct-w4-l0.1-cap5|gru_direct-w4-l0.1-cap5|gru_direct-w4-l0.1-cap5|gru_direct-w4-l0.01-cap5,1.6902164090029999,0.310903042942403,0.9,1.6902164090029999,1.7186937701675922,1.9482189417803049,6.99633131323861,0.21271669797909165,1.5388142250632906,1.547353135624316,1.4137616121625287,10.178662975096666,0.1500099584812141,1.6734387292564634,1.683486431052214,1.8219731030099144,7.480009012891113,0.1979488301933265,1.6866887461429023,1.70920278797259,1.9141543336430693,7.116597319120565,0.20874284457528564,0.7639108433796806,2.4850558559731795,0.4310427064746934,0.0,0.6931471805599453,2.0947884141337267,0.27182013839509056,1.3808654212347153,0.3358799996377465,0.0,113.0,113.0,0.4,,,,,,,,,,,,,,,,,,,,,,,,,,,,,,,,,,,,,,,,,,,,,,,,,,,,,,,,,,,,,,,,,,,,,,,,,,,,,,,,,,,,,,,,,,,,,,,,,,,,
q12_rho0.70_always_b3,12,0.7,always,3,10,0,40,cost0,main,quadratic-l0.1,quadratic-l0.1|quadratic-l0.01|quadratic-l0.1|quadratic-l0.1|quadratic-l0.1,3.249121513650228,0.16989388198122293,0.95,3.249121513650228,3.5206102294935238,2.6810005947779887,3.106302962238025,0.5336854845081476,2.087895214136993,2.375344494119787,1.5079323563532474,7.835059668795415,0.29734097048991487,2.8626814907771,3.1554942804703128,2.278864791542968,3.6550353248724172,0.483653831504231,3.128127359445668,3.406247312114004,2.555016582934706,3.2335150861154656,0.520921545597432,2.6250345533540393,3.857079722776125,0.31271973271732445,0.0,0.6931471805599453,,,,,0.0,,,0.6,2.252208862680784,0.3072387844447856,1.4104361571588657,0.36900072849794713,0.6447089155491887,0.5270112546704879,0.13065588683220467,0.6602370803725222,4.6159288519318595,0.12257463817770678,3.0252468485693145,0.17388679089766546,1.6552854417775564,0.3214839102808401,0.5090770856001722,0.5651287988008399,2.5004869226455315,0.2008912085124118,1.0955853369381732,0.2235787584909104,2.111512977923772,0.2632930248544135,2.311290256533665,0.24765289637804072,1.6588772453473282,0.27848609988110634,2.4205604091667268,0.22723346159856922,1.0024636874933122,0.42607931679134137,0.9875027030045735,0.4184991704177179,1.4809709379254679,0.35188962714502703,0.2483015601522638,0.6239960482035294,7.0,7.0,7.0,7.0,28.0,28.0,28.0,28.0,141.0,281.0,141.0,281.0,113.0,321.0,113.0,321.0,113.0,113.0,,,,,,,,,,,,,,,,,,,,,,,,,,,,,,,,,,,,,,,,,,,,,,
q12_rho0.70_always_b3,12,0.7,always,3,10,0,40,cost0,mem1,gru-w4-l0.01-h1,gru-w4-l0.01-h1|gru-w4-l0.01-h1|gru-w4-l0.01-h1|gru-w4-l0.01-h1|gru-w4-l0.01-h1,2.020452299043664,0.28392138648444487,0.8875,2.020452299043664,2.086549166928383,1.6995311778725715,5.7248939136452215,0.3627913936959567,1.6227934226024332,1.7235290015098075,1.2384291347573906,10.976760919021613,0.20756964789861418,1.939202973089354,2.0176322655173973,1.5936166092301238,6.616585404131053,0.324884055425736,1.99934822686355,2.0689024469331447,1.6712309006471098,5.947711835204787,0.35261555588301347,1.3785876906874879,2.570130890856303,0.3023791144292606,,,,,,,,,,1.0,,,,,,,,,,,,,,,,,,,,,,,,,,,,,,,,,,,,,,,,,,,,,,,,,,,,,,,0.0,0.6931471805599453,2.020452299043664,0.28392138648444487,0.9883808362046725,0.455089713599342,0.0,116.0,116.0,,,,,,,,,,,,,,,,,,,,,,,,,,,,,,,,,,,,,
q12_rho0.70_always_b3,12,0.7,always,3,10,0,40,cost0,mem2,gru-w4-l0.01-h2,gru-w4-l0.01-h2|gru-w4-l0.01-h2|gru-w4-l0.01-h2|gru-w4-l0.01-h2|gru-w4-l0.01-h2,2.208251100556573,0.25000254802349164,0.9,2.208251100556573,2.2622829147920047,1.9145111560837562,4.195863658769865,0.4524582170880058,1.7495497076691855,1.8637153613471527,1.3445911698936301,10.108147673411825,0.232239471654478,2.1163369459395467,2.1919487168092395,1.7761500362683116,5.118644296516926,0.3965805569532463,2.18467130352782,2.244684471102742,1.8770224361953851,4.421067035225393,0.4373950231851669,1.4326952683834597,2.8103564400382033,0.3559884504040878,,,,,,,,,,1.0,,,,,,,,,,,,,,,,,,,,,,,,,,,,,,,,,,,,,,,,,,,,,,,,,,,,,,,,,,,,,,,,0.0,0.6931471805599453,2.208251100556573,0.25000254802349164,1.229009593374439,0.4044464678568557,0.0,116.0,116.0,,,,,,,,,,,,,,,,,,,,,,,,,,,,
q12_rho0.70_always_b3,12,0.7,always,3,10,0,40,cost0,mem4,gru-w4-l0.01-h4,gru-w4-l0.01-h4|gru-w4-l0.01-h4|gru-w4-l0.01-h4|gru-w4-l0.01-h4|gru-w4-l0.01-h4,2.2409621952720205,0.25033469174737355,0.9,2.2409621952720205,2.274818995914521,2.0028083322370698,3.8510219673024224,0.4778773895954844,1.768281405908337,1.872630701757617,1.3781985635102902,9.985624863309416,0.23422546409940606,2.151204896214965,2.208705242798956,1.849287724028676,4.797475185907742,0.41442808131225134,2.218553203949805,2.2587696800538617,1.961099149895126,4.080617761902251,0.46070020533305145,1.359954089765569,2.8907163740901507,0.40061900875421064,,,,,,,,,,1.0,,,,,,,,,,,,,,,,,,,,,,,,,,,,,,,,,,,,,,,,,,,,,,,,,,,,,,,,,,,,,,,,,,,,,,,,,0.0,0.6931471805599453,2.2409621952720205,0.25033469174737355,1.367175356613958,0.37708223725461676,0.0,116.0,116.0,,,,,,,,,,,,,,,,,,,
q12_rho0.70_always_b3,12,0.7,always,3,1,0,40,cost0,main,linear-l0.01,linear-l0.01|quadratic-l0.01|flat-w4-l0.01|linear-l0.01|constant,-0.30824689878868583,0.7157083645147567,0.5375,-0.30824689878868583,-0.24676048392683134,0.08456205198323843,14.17737967795772,0.22422190299534775,-0.1270276448823489,-0.10799785321215596,0.08094849123844458,25.93605733333406,0.11368778685355957,-0.2518671194845088,-0.20559757837749176,0.08393250028736071,16.990831897047737,0.19240685014944445,-0.29204484416841464,-0.23510326831768466,0.0844025845798643,14.911909276069377,0.21531894186187428,-1.0361086820257277,0.19377545516026093,0.3290543296935293,0.0,0.6931471805599453,,,,,0.0,,,0.18,0.24940484991709738,0.6251719214825819,0.09968520615453157,0.6668361670800703,0.018910194216905492,0.6884240408236896,0.003145113204111685,0.6923598868731666,-0.10476055206918988,0.6653007652800131,0.0829403861556753,0.6660502775491131,0.025831721467641067,0.6864749076386196,0.004653334455118285,0.6919886150570939,0.19804270429014045,0.6409882799440391,0.20174340722728715,0.6394390354229025,0.006758761371546976,0.6914605972214849,0.002545147892861929,0.6925177457696073,0.025101066082298496,0.6863162969602605,0.02959637630956301,0.6840108124306812,0.0001810694148316888,0.6931029250367414,0.0014440404196559952,0.6927954681770501,0.0021422046329161366,0.6926185366190334,-0.00032992431709512603,0.6932289618484649,7.0,7.0,7.0,7.0,28.0,28.0,28.0,28.0,33.0,65.0,33.0,65.0,113.0,321.0,113.0,321.0,113.0,113.0,,,,,,,,,,,,,,,,,,,,,,,,,,,,,,,,,,,,,,,,,,,,,,
q12_rho0.70_always_b3,12,0.7,always,3,5,0,40,cost0,main,quadratic-l0.1,quadratic-l0.1|quadratic-l0.01|quadratic-l0.1|flat-w8-l0.01|quadratic-l0.1,3.337329963844079,0.2779249307446098,0.875,3.337329963844079,3.900487084953508,2.613405188822693,12.16540281440337,0.19497275298364586,1.7838604994255753,2.18579403361258,1.1327264193136695,18.295238917898818,0.1489104232731564,2.681592120389009,3.2144340452082756,1.9695730590836287,13.152651693635901,0.1858018971595027,3.1017827944986314,3.6573020137371723,2.380792189364758,12.407167970781305,0.1926331868766371,2.476663259650245,4.255365974627984,0.44748500435122196,0.0,0.6931471805599453,,,,,0.0,,,0.62,1.5006725338954623,0.41739589383624576,0.7221668733225745,0.5137403988451699,0.2231698955074687,0.6355513095936811,0.03713982421881571,0.6838272319120173,4.801735436470167,0.2625522975108351,2.8484492421816796,0.2808660458463708,1.1765697687117913,0.44429620658395075,0.26101425440236026,0.62904516839137,2.705476096254644,0.26924655179608814,3.457781545081095,0.2443629510122063,1.1225598155965866,0.4494464965998214,1.1957536873377377,0.44068821682465503,1.7832470507765492,0.367139249302583,2.2962326444562917,0.35164246360103346,0.15579270165999765,0.6495145345888803,0.16569571349660675,0.6467214941622899,0.2488777911562771,0.6293320785976115,0.001932696202778389,0.6926658794412407,7.0,7.0,7.0,7.0,28.0,28.0,28.0,28.0,81.0,161.0,81.0,161.0,113.0,321.0,113.0,321.0,113.0,113.0,,,,,,,,,,,,,,,,,,,,,,,,,,,,,,,,,,,,,,,,,,,,,,
q12_rho0.70_always_b3,12,0.7,always,3,10,0,40,cost2,direct,gru_direct-w4-l0.1-cap5,gru_direct-w4-l0.1-cap5|gru_direct-w4-l0.1-cap5|gru_direct-w4-l0.01-cap5|gru_direct-w4-l0.1-cap5|gru_direct-w4-l0.1-cap5,1.4961652137418073,0.3370842317519084,0.8875,1.4961652137418073,1.5149459133727365,1.702690369100432,7.894889899982566,0.1731452860269826,1.4177053591990432,1.423339947832277,1.3152716666345303,10.742102575624825,0.13421171893172693,1.4956623039770531,1.502804171126563,1.619984796516384,8.332115891428904,0.1649575059321688,1.4969474898666562,1.5120474784261688,1.6809379984927806,8.003541410057624,0.1709984122569657,0.7144867330663485,2.1685745335956548,0.3802925287206098,0.0,0.6931471805599453,1.8587693918231956,0.2990461702928696,1.2597390158274802,0.3451586975639625,0.0,113.0,113.0,0.5,,,,,,,,,,,,,,,,,,,,,,,,,,,,,,,,,,,,,,,,,,,,,,,,,,,,,,,,,,,,,,,,,,,,,,,,,,,,,,,,,,,,,,,,,,,,,,,,,,,,
q12_rho0.70_always_b3,12,0.7,always,3,10,0,40,cost2,main,quadratic-l0.1,quadratic-l0.1|quadratic-l0.1|gru-w8-l0.01|quadratic-l0.1|linear-l0.01,2.3843680039306983,0.2590866646837299,0.8875,2.3843680039306983,2.4015430697406153,2.2102989007276865,4.717339314828351,0.2768916730666726,1.7423642211093842,1.8284547227782475,1.3827139993348994,8.128791397713803,0.194501511988033,2.2195120991523916,2.2523177757569877,1.9847523998974417,5.135362392333591,0.2613462851029599,2.3385141837091665,2.359550940198816,2.1471740388049505,4.815863139588811,0.27295385577475234,1.5148747699703689,3.1370461727852157,0.4252990559722702,0.0,0.6931471805599453,,,,,0.0,,,0.46,2.662015586167252,0.25612450291505073,1.6867873523386283,0.32484233244191757,0.8008985011157417,0.4892893029575875,0.16466680813366893,0.651640436286445,3.7288308811375948,0.20498165185913927,2.924040095686835,0.19553964819934122,1.7116572678600377,0.3109062583645238,0.5614932578855844,0.551869450738104,2.8266633306182345,0.19847209540046687,3.126149858623613,0.19288395433538055,2.2636849122429643,0.24279978962580576,2.5197478258874817,0.2251609522660803,1.3397656779815725,0.3291959415639315,1.7513261465481862,0.29549048167879655,1.2443891111497405,0.37677483752706264,1.2546597022109296,0.3662652530999824,1.4633931237078028,0.35221039773453194,0.3800179880039046,0.5865810352469162,7.0,7.0,7.0,7.0,28.0,28.0,28.0,28.0,141.0,281.0,141.0,281.0,113.0,321.0,113.0,321.0,113.0,113.0,,,,,,,,,,,,,,,,,,,,,,,,,,,,,,,,,,,,,,,,,,,,,,
q12_rho0.70_always_b3,12,0.7,always,3,10,0,40,cost2,mem1,gru-w4-l0.01-h1,gru-w4-l0.01-h1|gru-w4-l0.01-h1|gru-w4-l0.01-h1|gru-w4-l0.01-h1|gru-w4-l0.01-h1,2.097535389072136,0.2804560898830691,0.9,2.097535389072136,2.1725789409900687,1.7584532903888863,5.902733837352612,0.3324244938184317,1.6774520432271942,1.7809315963772794,1.288732996966715,10.211583057169406,0.20082213254923348,2.0092235290908733,2.0944300363659742,1.651152647471268,6.615312906966798,0.3013546158933076,2.074398822628917,2.152296690220184,1.7298210288212232,6.081097639707866,0.32413993386901563,1.4723636580873818,2.642951079485465,0.3101525557163869,,,,,,,,,,1.0,,,,,,,,,,,,,,,,,,,,,,,,,,,,,,,,,,,,,,,,,,,,,,,,,,,,,,,0.0,0.6931471805599453,2.097535389072136,0.2804560898830691,1.1926676136555294,0.4093067909543275,0.0,116.0,116.0,,,,,,,,,,,,,,,,,,,,,,,,,,,,,,,,,,,,,
q12_rho0.70_always_b3,12,0.7,always,3,10,0,40,cost2,mem2,gru-w4-l0.01-h2,gru-w4-l0.01-h2|gru-w4-l0.01-h2|gru-w4-l0.1-h2|gru-w4-l0.01-h2|gru-w4-l0.01-h2,1.9436930061005602,0.3030097314229433,0.9,1.9436930061005602,1.9980573046644035,1.6491551811498113,5.425702305500265,0.3746265530519221,1.6001701310848262,1.6971303546568075,1.2219315928123469,10.627071557869309,0.21027044953364146,1.8771105909417851,1.9455688235508424,1.5512490225820499,6.310375955070212,0.33387742419980554,1.9266613381541013,1.9849262964900478,1.622983621610667,5.646776789113717,0.3636565172633432,1.255775359377473,2.5168369816955845,0.3305177543686372,,,,,,,,,,1.0,,,,,,,,,,,,,,,,,,,,,,,,,,,,,,,,,,,,,,,,,,,,,,,,,,,,,,,,,,,,,,,,0.0,0.6931471805599453,2.116665719161447,0.2860342481845316,1.3937241016687865,0.37360508358387007,0.0,116.0,116.0,,,,,,,,,,,,,,,,,,,,,,,,,,,,
q12_rho0.70_always_b3,12,0.7,always,3,10,0,40,cost2,mem4,gru-w4-l0.01-h4,gru-w4-l0.1-h4|gru-w4-l0.01-h4|gru-w4-l0.1-h4|gru-w4-l0.01-h4|gru-w4-l0.01-h4,1.7698656826415387,0.3282545358105339,0.8875,1.7698656826415387,1.8007745247137847,1.5413986563151607,5.468263043008209,0.37532498417405974,1.5194203348383801,1.5966093089181057,1.1761949728465524,10.913886370120471,0.20467053762908152,1.7285708346840067,1.7732215107790328,1.458733309727887,6.428904286578539,0.33165044565232715,1.7598966656312443,1.7945073176253452,1.5193471073283036,5.7094008313356435,0.36348272383288016,1.0536030580294797,2.3629892182510184,0.3503028650216519,,,,,,,,,,0.6,,,,,,,,,,,,,,,,,,,,,,,,,,,,,,,,,,,,,,,,,,,,,,,,,,,,,,,,,,,,,,,,,,,,,,,,,0.0,0.6931471805599453,2.1209507660551346,0.2887344129910394,1.5253618916769625,0.3508065863062696,0.0,116.0,116.0,,,,,,,,,,,,,,,,,,,
q12_rho0.70_always_b3,12,0.7,always,3,1,0,40,cost2,main,linear-l0.01,linear-l0.01|linear-l0.01|flat-w4-l0.01|linear-l0.01|linear-l0.1,0.18957502751337094,0.6466382883508908,0.625,0.18957502751337094,0.19176279858335182,0.12487754971949376,32.467407341515525,0.06640755865966691,0.18291875019681866,0.1848971951685376,0.12132692629791057,33.214015775166075,0.06245757437308978,0.18852763633534717,0.19068060027899447,0.12433545859293638,32.59756783311371,0.06571668930050285,0.18931577475359979,0.1914948936949738,0.12474350644499503,32.500278666242146,0.06623261416186547,-0.05528459477015854,0.4233047538074025,0.11849749456759753,0.0,0.6931471805599453,,,,,0.0,,,0.12,0.28757013397861436,0.6197030732569008,0.12791033207508823,0.6598054728406129,0.029485255319995886,0.685557347722279,0.004733784043480982,0.6919552840422838,0.2705642895770859,0.6365835868841705,0.23069185365061534,0.6385831545135682,0.1017248730149859,0.6667847396861967,0.02187218251460383,0.6875745713379235,0.2104621861868193,0.6425537539355991,0.24864236348640362,0.6323945188836495,0.010556628407378749,0.6904552870058891,0.006431984159471124,0.6915326258151504,0.06890762052553286,0.6744644612498971,0.1034144711589878,0.6674533730546545,0.00015825524652523794,0.6931076451603589,0.0038650127517879025,0.692164695855032,0.006856221180034675,0.6913613742054501,-0.0003192418435345984,0.6932262671204937,7.0,7.0,7.0,7.0,28.0,28.0,28.0,28.0,33.0,65.0,33.0,65.0,113.0,321.0,113.0,321.0,113.0,113.0,,,,,,,,,,,,,,,,,,,,,,,,,,,,,,,,,,,,,,,,,,,,,,
q12_rho0.70_always_b3,12,0.7,always,3,5,0,40,cost2,main,quadratic-l0.1,quadratic-l0.1|quadratic-l0.01|quadratic-l0.1|flat-w8-l0.01|quadratic-l0.01,3.8073803290426502,0.280247929526266,0.875,3.8073803290426502,4.146389880946474,3.19269504414011,6.982964670720032,0.31008292642360447,1.7613329042930481,2.032892393258443,1.193158190393585,11.84650575273312,0.21410582061144942,2.852393084745416,3.1823581758639907,2.2434461407383792,7.672415995748494,0.29088945940861294,3.454446805192454,3.791448033319055,2.84102379187459,7.1484295412597,0.30518981571553244,2.9267687125175637,4.785115070020001,0.46813808699541054,0.0,0.6931471805599453,,,,,0.0,,,0.38,1.850685697149321,0.3765958385232209,0.8758124647161389,0.49361662198901224,0.2935031225914953,0.6192782721826293,0.05246410030122589,0.6800151516395441,4.8736395988878325,0.2737873801685494,2.865620183058725,0.28456744843002857,1.192460582509352,0.4434490194429184,0.2811344692763944,0.6241302710719155,2.4588947630598676,0.31574969851074636,3.0521111413018525,0.28821970406558906,1.1765506875003957,0.4395489605069011,1.266185025872582,0.42866319722697704,1.8637114741188043,0.3411697193645623,2.62888561493081,0.30932423776975126,0.2684025220241488,0.6201089499118485,0.24665665054225366,0.6223627298189791,0.3675855611672169,0.6045049563795533,0.008803590882868395,0.6909314793040295,7.0,7.0,7.0,7.0,28.0,28.0,28.0,28.0,81.0,161.0,81.0,161.0,113.0,321.0,113.0,321.0,113.0,113.0,,,,,,,,,,,,,,,,,,,,,,,,,,,,,,,,,,,,,,,,,,,,,,
q12_rho0.70_always_b3,12,0.7,always,3,10,0,40,endpoint,main,linear-l10,linear-l10|constant|mlp-w4-l0.1|linear-l0.1|linear-l1,-0.009358873019322348,0.7025060535792677,0.5625,,,,,,,,,,,,,,,,,,,,,-0.04975685494483262,0.020509015176453115,0.018340445886506403,0.0,0.6931471805599453,,,,,0.0,,,0.05,0.00718475938140781,0.6859624211785376,0.011418697097592356,0.6817284834623529,0.009984546216452882,0.6831626343434923,0.0018348487950397535,0.6913123317649055,-0.055495774625497485,0.7486429551854428,-0.009138822960355234,0.7022860035203005,0.011644770389064118,0.6815024101708811,0.0038156090881349943,0.6893315714718102,,,,,,,,,,,,,,,,,,,,,3.0,3.0,3.0,3.0,6.0,6.0,6.0,6.0,,,,,,,,,,,,,,,,,,,,,,,,,,,,,,,,,,,,,,0.252382587761972,-0.009358873019322348,0.0,-0.009358873019322348,0.0,-0.009358873019322348,0.0,-0.001808368836713728,0.694955549396659,-0.00191207191902954,0.6950592524789749,0.013948435693033357,0.6791987448669119,0.003025148924523785,0.6901220316354215,17.0,33.0,17.0,33.0
q12_rho0.70_always_b3,12,0.7,always,3,1,0,40,endpoint,main,constant,quadratic-l0.1|mlp-w4-l0.1|constant|constant|constant,-0.010464365420554105,0.7036115459804995,0.5,,,,,,,,,,,,,,,,,,,,,-0.01975236482617595,-0.0026668662397716955,0.0043037770323413604,0.0,0.6931471805599453,,,,,0.0,,,0.0,-0.014378446123219587,0.707525626683165,-0.007478648848006498,0.7006258294079518,-0.002494989377744397,0.6956421699376897,-0.000333656123618814,0.6934808366835641,-0.025308590132138965,0.7184557706920842,-0.011036667559286922,0.7041838481192323,-0.003914298330974131,0.6970614788909194,-0.000652439620539437,0.6937996201804848,,,,,,,,,,,,,,,,,,,,,3.0,3.0,3.0,3.0,6.0,6.0,6.0,6.0,,,,,,,,,,,,,,,,,,,,,,,,,,,,,,,,,,,,,,0.255133447300598,-0.010464365420554105,0.0,-0.010464365420554105,0.0,-0.010464365420554105,0.0,-0.008772736131796747,0.701919916691742,-0.0011220187627686243,0.6942691993227139,-0.002572859271340211,0.6957200398312855,-0.00047321869617666793,0.693620399256122,17.0,33.0,17.0,33.0
q12_rho0.70_always_b3,12,0.7,always,3,2,0,40,endpoint,main,constant,quadratic-l1|linear-l1|constant|mlp-w4-l0.1|constant,0.0016560010779254092,0.6914911794820199,0.525,,,,,,,,,,,,,,,,,,,,,-0.005120081894069891,0.009577634908940931,0.0037452990943079535,0.0,0.6931471805599453,,,,,0.0,,,0.0,0.001632756437800241,0.6915144241221449,0.0034344939792883473,0.689712686580657,0.0024339418161478097,0.6907132387437974,0.0004301635208714252,0.6927170170390738,-0.02505797130406336,0.7182051518640086,-0.010394842461429282,0.7035420230213745,0.0014698914033907356,0.6916772891565546,0.0007632144101048871,0.6923839661498403,,,,,,,,,,,,,,,,,,,,,3.0,3.0,3.0,3.0,6.0,6.0,6.0,6.0,,,,,,,,,,,,,,,,,,,,,,,,,,,,,,,,,,,,,,0.24917097517123196,0.0016560010779254092,0.0,0.0016560010779254092,0.0,0.0016560010779254092,0.0,0.004493651004533227,0.688653529555412,0.0026252589729479706,0.6905219215869973,0.004500211295512688,0.6886469692644326,0.00082695671373961,0.6923202238462057,17.0,33.0,17.0,33.0
q12_rho0.70_always_b3,12,0.7,always,3,3,0,40,endpoint,main,quadratic-l1,quadratic-l1|linear-l1|linear-l1|constant|quadratic-l1,0.0014127113140761384,0.6917344692458692,0.5375,,,,,,,,,,,,,,,,,,,,,-0.006246107430224708,0.0085297241234873,0.003838634383869613,0.0,0.6931471805599453,,,,,0.0,,,0.0,0.00280972145884151,0.6903374591011037,0.0033741311620482037,0.6897730493978971,0.0023556897793226574,0.6907914907806226,0.00041754575960362,0.6927296348003417,-0.005286220530310303,0.6984334010902555,-0.0008958719331882594,0.6940430524931336,0.0028849090008896917,0.6902622715590556,0.000845939670883257,0.6923012408890621,,,,,,,,,,,,,,,,,,,,,3.0,3.0,3.0,3.0,6.0,6.0,6.0,6.0,,,,,,,,,,,,,,,,,,,,,,,,,,,,,,,,,,,,,,0.24929253996571116,0.0014127113140761384,0.0,0.0014127113140761384,0.0,0.0014127113140761384,0.0,0.004778913848060851,0.6883682667118844,0.004038782247821981,0.6891083983121233,0.005302785566642207,0.6878443949933031,0.001780614642876896,0.6913665659170685,17.0,33.0,17.0,33.0
q12_rho0.70_always_b3,12,0.7,always,3,4,0,40,endpoint,main,linear-l1,linear-l1|linear-l0.1|linear-l0.1|linear-l10|linear-l1,-0.000368086521999364,0.6935152670819447,0.55,,,,,,,,,,,,,,,,,,,,,-0.018431544902473007,0.017404174938037444,0.009060928866446525,0.0,0.6931471805599453,,,,,0.0,,,0.0,0.008327854214398822,0.6848193263455465,0.009284609986524051,0.6838625705734213,0.006326881239020775,0.6868202993209246,0.0011139215546778283,0.6920332590052675,-0.012542891673784168,0.7056900722337295,-0.0012142038633676355,0.6943613844233129,0.0067100984146483775,0.6864370821452969,0.0019717783268988027,0.6911754022330465,,,,,,,,,,,,,,,,,,,,,3.0,3.0,3.0,3.0,6.0,6.0,6.0,6.0,,,,,,,,,,,,,,,,,,,,,,,,,,,,,,,,,,,,,,0.24990336508591832,-0.000368086521999364,0.0,-0.000368086521999364,0.0,-0.000368086521999364,0.0,0.0020886148062332437,0.691058565753712,0.002541051229812151,0.6906061293301331,0.009699650838997187,0.6834475297209481,0.004991246430967327,0.688155934128978,17.0,33.0,17.0,33.0
q12_rho0.70_always_b3,12,0.7,always,3,5,0,40,endpoint,main,linear-l1,linear-l1|quadratic-l1|linear-l1|linear-l0.1|quadratic-l1,0.004043154817113023,0.6891040257428322,0.525,,,,,,,,,,,,,,,,,,,,,-0.005298396118972982,0.013529832128833455,0.004865861179915046,0.0,0.6931471805599453,,,,,0.0,,,0.0,0.0033341097209958212,0.6898130708389495,0.004138258390776364,0.6890089221691689,0.0030513072599233928,0.690095873300022,0.0005483188721746773,0.6925988616877705,0.0001669126435459134,0.6929802679163994,0.003398752351967421,0.6897484282079778,0.004413986403633938,0.6887331941563113,0.0010779045513007763,0.6920692760086445,,,,,,,,,,,,,,,,,,,,,3.0,3.0,3.0,3.0,6.0,6.0,6.0,6.0,,,,,,,,,,,,,,,,,,,,,,,,,,,,,,,,,,,,,,0.2479930137304099,0.004043154817113023,0.0,0.004043154817113023,0.0,0.004043154817113023,0.0,0.005496724230812144,0.6876504563291331,0.005046428989921875,0.6881007515700233,0.005326524437135273,0.68782065612281,0.0023012848087914303,0.6908458957511538,17.0,33.0,17.0,33.0
q12_rho0.70_always_b3,12,0.7,always,3,6,0,40,endpoint,main,linear-l1,linear-l1|mlp-w4-l0.1|linear-l1|linear-l1|mlp-w4-l0.1,0.0023307857676247933,0.6908163947923205,0.55,,,,,,,,,,,,,,,,,,,,,-0.005936688105506488,0.010215081777241139,0.004113836571105821,0.0,0.6931471805599453,,,,,0.0,,,0.0,-0.0016610031408980375,0.6948081837008433,-0.0006867735039348011,0.69383395406388,0.00042537081761235136,0.6927218097423329,0.00011665174835002734,0.6930305288115953,-0.01123122331507238,0.7043784038750177,-0.006651126205959654,0.6997983067659049,-0.0008501110993419505,0.6939972916592871,7.492608895230679e-05,0.693072254470993,,,,,,,,,,,,,,,,,,,,,3.0,3.0,3.0,3.0,6.0,6.0,6.0,6.0,,,,,,,,,,,,,,,,,,,,,,,,,,,,,,,,,,,,,,0.24884117998382083,0.0023307857676247933,0.0,0.0023307857676247933,0.0,0.0023307857676247933,0.0,0.0017414098990640157,0.6914057706608812,-9.739668067512835e-05,0.6932445772406204,0.0012366835458797992,0.6919104970140655,-0.00028854086016455867,0.6934357214201098,17.0,33.0,17.0,33.0
q12_rho0.70_always_b3,12,0.7,always,3,7,0,40,endpoint,main,mlp-w4-l0.1,mlp-w4-l0.1|constant|mlp-w4-l0.1|linear-l0.1|linear-l0.1,-0.004715965052941697,0.697863145612887,0.5375,,,,,,,,,,,,,,,,,,,,,-0.03116286913263613,0.020473547989405778,0.01294343581702046,0.0,0.6931471805599453,,,,,0.0,,,0.0,-0.0032437633073943302,0.6963909438673396,-0.0012058654989261577,0.6943530460588715,0.0014467609382010512,0.6917004196217442,0.0003569109202441398,0.692790269639701,-0.0419699031672475,0.7351170837271928,-0.020006503350227366,0.7131536839101725,-0.0007451733031134395,0.6938923538630587,0.0005657018269573016,0.692581478732988,,,,,,,,,,,,,,,,,,,,,3.0,3.0,3.0,3.0,6.0,6.0,6.0,6.0,,,,,,,,,,,,,,,,,,,,,,,,,,,,,,,,,,,,,,0.25199708371618557,-0.004715965052941697,0.0,-0.004715965052941697,0.0,-0.004715965052941697,0.0,-0.0037445041923861873,0.6968916847523315,-0.016538677338548722,0.709685857898494,0.006422231847140442,0.6867249487128049,-0.0016630293454634765,0.6948102099054088,17.0,33.0,17.0,33.0
q12_rho0.70_always_b3,12,0.7,always,3,8,0,40,endpoint,main,constant,constant|mlp-w4-l0.1|linear-l0.1|linear-l0.1|constant,0.00035846689874666356,0.6927887136611985,0.5375,,,,,,,,,,,,,,,,,,,,,-0.028558894612106856,0.024495198123706714,0.013668505800835406,0.0,0.6931471805599453,,,,,0.0,,,0.0,-0.001729013358156644,0.694876193918102,0.00027198001894099266,0.6928752005410044,0.0021976748515455113,0.6909495057083997,0.0004751181297418569,0.6926720624302034,-0.03673845373137555,0.7298856342913208,-0.00796151058943614,0.7011086911493815,0.0017077851776036545,0.6914393953823417,0.0008138460124119437,0.6923333345475333,,,,,,,,,,,,,,,,,,,,,3.0,3.0,3.0,3.0,6.0,6.0,6.0,6.0,,,,,,,,,,,,,,,,,,,,,,,,,,,,,,,,,,,,,,0.24961565517555115,0.00035846689874666356,0.0,0.00035846689874666356,0.0,0.00035846689874666356,0.0,-0.006152994776071968,0.6993001753360173,-0.01383957608724819,0.7069867566471935,0.005845065071962504,0.6873021154879828,-0.0023477097177092717,0.6954948902776545,17.0,33.0,17.0,33.0
q12_rho0.70_always_b3,12,0.7,always,3,9,0,40,endpoint,main,constant,constant|constant|quadratic-l0.01|mlp-w4-l0.1|linear-l1,-0.009345460119209347,0.7024926406791547,0.475,,,,,,,,,,,,,,,,,,,,,-0.03715943757991146,0.01562988793161115,0.013412896120822953,0.0,0.6931471805599453,,,,,0.0,,,0.0,-0.006950718018229421,0.7000978985781747,-0.0033908900001754583,0.6965380705601208,0.0014166144524581843,0.6917305661074871,0.0004074662355357528,0.6927397143244096,-0.036434940421836544,0.7295821209817819,-0.017941447666027885,0.7110886282259731,0.0008760910288102026,0.692271089531135,0.0011374468820429585,0.6920097336779023,,,,,,,,,,,,,,,,,,,,,3.0,3.0,3.0,3.0,6.0,6.0,6.0,6.0,,,,,,,,,,,,,,,,,,,,,,,,,,,,,,,,,,,,,,0.2545491039499372,-0.009345460119209347,0.0,-0.009345460119209347,0.0,-0.009345460119209347,0.0,0.00040803745080060516,0.6927391431091448,-0.013059540368645619,0.7062067209285909,0.010258881832101194,0.6828882987278442,-0.006708661371362538,0.6998558419313079,17.0,33.0,17.0,33.0
q12_rho0.70_always_b3,12,0.7,always,3,10,0,40,mixture,diag,quadratic-l0.1,quadratic-l0.1|quadratic-l0.1|quadratic-l0.1|quadratic-l0.1|quadratic-l0.1,3.001109881715902,0.18193244818405077,0.93125,3.001109881715902,3.291343610801065,2.4191386962428703,3.202196022148818,0.5318805065056509,2.0736307583372273,2.3697411130945882,1.4874746404336912,8.255543622337118,0.2979252983807568,2.7529366102420108,3.0605581542206233,2.1587866797767257,3.8009544403151088,0.48140146709999226,2.931619768329031,3.2273226021462658,2.3457515432469744,3.342257383440348,0.5188674907889723,2.425366132684617,3.469508905978327,0.26764593469141207,0.0,0.6931471805599453,,,,,0.0,,,0.9,2.5722996012479133,0.2706695986286638,1.5929001469414104,0.34197511791263446,0.7601501732800658,0.498784591651224,0.16359619226963534,0.6519033099543026,4.209779276724985,0.1522784506791362,3.001109881715902,0.18193244818405077,1.6990780078377816,0.31454671027957054,0.5578447482499739,0.5528283927967326,,,,,,,,,1.9450395381396397,0.260095809247835,,,1.0929253105692631,0.40807751514718993,,,,,,,7.0,7.0,7.0,7.0,28.0,28.0,28.0,28.0,,,,,113.0,,113.0,,,,,,,,,,,,,,,,,,,,,,,,,,,,,,,,,,,,,,,,,,,,,,,,,
q12_rho0.70_always_b3,12,0.7,always,3,1,0,40,mixture,diag,linear-l0.01,linear-l0.1|linear-l0.01|linear-l0.1|linear-l0.01|linear-l0.01,0.2139939429931935,0.6351335104809619,0.60625,0.2139939429931935,0.21616333419016867,0.1495627606445046,32.41082318155797,0.06360043214537768,0.20181921095902305,0.20351270296637786,0.144744886801408,33.32207691356715,0.05999419670264304,0.21200814306030305,0.21409671355013696,0.14876215409307805,32.566293357777866,0.06297663203573224,0.2135026262512918,0.2156520866143699,0.14936154621588488,32.44962469315435,0.06344309018525518,0.04084696795918829,0.39762396030547836,0.09170892262781283,0.0,0.6931471805599453,,,,,0.0,,,0.2,0.29872050913329457,0.6155810113241387,0.1311155377775161,0.65900532114595,0.029096855933161952,0.6857168459119586,0.004769519991440691,0.6919480391608384,0.22384304053944531,0.6298699295785121,0.20389308982735538,0.6424406950497271,0.07620443666831407,0.6738261336813567,0.0156085590895531,0.6891974539457639,,,,,,,,,0.074854197434937,0.6725149673695213,,,0.00043045463162110496,0.6930406934352981,,,,,,,7.0,7.0,7.0,7.0,28.0,28.0,28.0,28.0,,,,,113.0,,113.0,,,,,,,,,,,,,,,,,,,,,,,,,,,,,,,,,,,,,,,,,,,,,,,,,
q12_rho0.70_always_b3,12,0.7,always,3,5,0,40,mixture,diag,quadratic-l0.1,quadratic-l0.1|quadratic-l0.01|quadratic-l0.1|quadratic-l0.1|quadratic-l0.01,3.70936676069741,0.2679281145103705,0.8625,3.70936676069741,4.071303646005157,3.0807305716511726,6.95325808029339,0.32106376883091475,1.796386707997216,2.086769712884519,1.2143083216174941,12.010645027854997,0.2209656426333739,2.8245103478255027,3.1764619744507487,2.2018485386254145,7.675917135719658,0.30089371330999476,3.378983629154112,3.7386473151693123,2.7516941969391566,7.127437016721311,0.31590278773824126,2.920891421273336,4.554922784634588,0.40900834110261025,0.0,0.6931471805599453,,,,,0.0,,,0.9,1.7167428561407547,0.39105810507422156,0.812307193906235,0.5010248042349575,0.2622932958385086,0.6263922726841311,0.04587296113055752,0.6816542384349094,4.820995737724106,0.24920263898820064,2.8337937140404175,0.27905000218913173,1.1621537763629068,0.4468943281650601,0.2634340590887777,0.628376768692323,,,,,,,,,1.871889968593712,0.34606587759566787,,,0.20174029873134414,0.6370820420329103,,,,,,,7.0,7.0,7.0,7.0,28.0,28.0,28.0,28.0,,,,,113.0,,113.0,,,,,,,,,,,,,,,,,,,,,,,,,,,,,,,,,,,,,,,,,,,,,,,,,
q12_rho0.70_always_b3,12,0.7,always,3,10,0,40,pathinfo,diag,constant,linear-l10|constant|linear-l1|linear-l1|constant,0.0016687804310217575,0.6914784001289235,0.5375,,,,,,,,,,,,,,,,,,,,,-0.014327974371604595,0.015276503613764907,0.007680445110332843,0.0,0.6931471805599453,,,,,0.0,,,0.1,-0.003676473094153673,0.6968236536540988,0.00913691230555674,0.6840102682543885,0.011779198405770209,0.681367982154175,0.0026432575143809866,0.6905039230455643,-0.1161518625318804,0.8092990430918257,-0.04288036401792572,0.736027544577871,0.005566209892669182,0.6875809706672762,0.006783985935362754,0.6863631946245825,,,,,,,,,0.00470191334580031,0.688445267214145,,,0.005873266954240272,0.687273913605705,,,,,,,7.0,7.0,7.0,7.0,28.0,28.0,28.0,28.0,,,,,113.0,,113.0,,,,,,,,,,,,,,,,,,,,,,,,,,,,,,,0.2490053426514251,0.0016687804310217575,0.0,0.0016687804310217575,0.0,0.0016687804310217575,0.0,,,,,,,,,,,,
q12_rho0.70_always_b3,12,0.7,always,3,1,0,40,pathinfo,diag,constant,constant|constant|constant|constant|gru-w4-l0.1,-6.395259220864924e-05,0.693211133152154,0.5,,,,,,,,,,,,,,,,,,,,,-0.00015567499643851684,3.6498564650908387e-06,4.1101036089030065e-05,0.0,0.6931471805599453,,,,,0.0,,,0.0,-0.03280631824262878,0.7259534988025741,-0.015111172480669255,0.7082583530406146,-0.0042180978994837085,0.697365278459429,-0.0006442417054368446,0.6937914222653822,-0.09984498843150277,0.7929921689914481,-0.04054115909339309,0.7336883396533385,-0.011785381769787023,0.7049325623297322,-0.0021070224927730863,0.6952542030527183,,,,,,,,,-0.002677123817724965,0.6958243043776703,,,-0.00019306159798497535,0.6933402421579302,,,,,,,7.0,7.0,7.0,7.0,28.0,28.0,28.0,28.0,,,,,113.0,,113.0,,,,,,,,,,,,,,,,,,,,,,,,,,,,,,,0.2500319716991416,-6.395259220864924e-05,0.0,-6.395259220864924e-05,0.0,-6.395259220864924e-05,0.0,,,,,,,,,,,,
q12_rho0.70_always_b3,12,0.7,always,3,5,0,40,pathinfo,diag,linear-l1,gru-w4-l0.1|constant|linear-l1|linear-l1|quadratic-l10,0.001250637598088343,0.691896542961857,0.55,,,,,,,,,,,,,,,,,,,,,-0.005643671170067407,0.008271563137787027,0.0034387065770088835,0.0,0.6931471805599453,,,,,0.0,,,0.0,0.004233931566954716,0.6889132489929907,0.0072690317207308895,0.6858781488392144,0.004194729986640289,0.688952450573305,0.0009120233203519276,0.6922351572395934,-0.047842916556755856,0.740990097116701,-0.005631452150045671,0.698778632709991,0.004870885166441764,0.6882762953935034,0.0026572461068357493,0.6904899344531096,,,,,,,,,0.006403575936059126,0.6867436046238862,,,0.0020921224808214955,0.6910550580791238,,,,,,,7.0,7.0,7.0,7.0,28.0,28.0,28.0,28.0,,,,,113.0,,113.0,,,,,,,,,,,,,,,,,,,,,,,,,,,,,,,0.24936834494243776,0.001250637598088343,0.0,0.001250637598088343,0.0,0.001250637598088343,0.0,,,,,,,,,,,,
q12_rho0.70_sensing_b12,12,0.7,sensing,12,10,0,40,cost0,direct,gru_direct-w4-l0.1-cap5,gru_direct-w4-l0.1-cap5|gru_direct-w4-l0.1-cap5|gru_direct-w4-l0.1-cap5|gru_direct-w4-l0.01-cap5|gru_direct-w4-l0.1-cap5,0.47590126677854594,0.6011700242306585,0.7125,0.47590126677854594,0.4785064827798192,0.5498317469454937,17.723604670455813,0.12249156930562938,0.4293277987000028,0.4295035436908763,0.4106967124401537,21.392547293912298,0.09937480533791264,0.4644549754672055,0.46587671066499226,0.5187311817585515,18.40291395526019,0.11768906895795082,0.4727748426814277,0.4750369476239207,0.5415535372727744,17.897243694131188,0.12123806986526828,-0.006590992910157414,0.9269261213296813,0.23867640582564253,0.0,0.6931471805599453,0.604531927266178,0.5868411256670114,0.37112343379565776,0.6071660375002965,0.0,113.0,113.0,0.2,,,,,,,,,,,,,,,,,,,,,,,,,,,,,,,,,,,,,,,,,,,,,,,,,,,,,,,,,,,,,,,,,,,,,,,,,,,,,,,,,,,,,,,,,,,,,,,,,,,,
q12_rho0.70_sensing_b12,12,0.7,sensing,12,10,0,40,cost0,main,linear-l0.1,flat-w4-l0.01|linear-l0.1|linear-l0.1|quadratic-l1|linear-l0.1,0.708184027630575,0.5619660383260573,0.7125,0.708184027630575,0.7314515683835489,0.5076888364864737,21.617559122598994,0.11926812612581934,0.5981271115912381,0.6232042315567164,0.39057232656186003,24.086372061737187,0.10155854628504223,0.6834466468731911,0.7071315694593315,0.4812956465131396,22.0601369735088,0.11585601070330281,0.7015750291194887,0.7249529389471211,0.5006403274045722,21.73008100236041,0.11838988123144607,0.3420622527255562,1.096973003925291,0.19077350647771674,0.0,0.6931471805599453,,,,,0.0,,,0.08,0.9861980645458299,0.5305961461238426,0.627521656682527,0.5661051487718777,0.24293306084875405,0.6355250212164126,0.045019621801044726,0.681979431357118,1.579714187788138,0.5356619531671052,1.1946964047125395,0.5215122781185583,0.6671339130732075,0.5613443266775624,0.18957358186688547,0.6476434433183835,1.0375552649188677,0.5181785828133052,1.1436969150685088,0.5185427319590941,0.715936426757977,0.5529359375127688,0.7842212604046539,0.5482488967657654,0.5604987162368605,0.5841710736983297,0.562519797516108,0.5907215926599667,0.2790062019987654,0.6290640821480379,0.28706109167548644,0.6273617700635492,0.14615279313516363,0.6588631692766761,0.0400150137243165,0.6832766061574203,7.0,7.0,7.0,7.0,28.0,28.0,28.0,28.0,141.0,281.0,141.0,281.0,113.0,321.0,113.0,321.0,113.0,113.0,,,,,,,,,,,,,,,,,,,,,,,,,,,,,,,,,,,,,,,,,,,,,,
q12_rho0.70_sensing_b12,12,0.7,sensing,12,10,0,40,cost0,mem1,gru-w4-l0.01-h1,gru-w4-l0.01-h1|gru-w4-l0.01-h1|gru-w4-l0.01-h1|gru-w4-l0.01-h1|gru-w4-l0.01-h1,0.6774886382054174,0.5663934990301532,0.7125,0.6774886382054174,0.6870406181056679,0.5455648398915482,13.347949928230742,0.2273444231263936,0.6269766143298574,0.650308028938779,0.42622691863543344,20.601159076945972,0.14741034416490398,0.6719623706027844,0.6846078551366059,0.5212472321048158,14.815042174928767,0.20815133275237283,0.6763271635145791,0.6866836852028142,0.5392268348429095,13.725636826487928,0.22219182142730204,0.17959053334428043,1.1330044286413796,0.2407375943537878,,,,,,,,,,0.6,,,,,,,,,,,,,,,,,,,,,,,,,,,,,,,,,,,,,,,,,,,,,,,,,,,,,,,0.0,0.6931471805599453,0.6774886382054174,0.5663934990301532,0.17795362121836522,0.6505391140524128,0.0,116.0,116.0,,,,,,,,,,,,,,,,,,,,,,,,,,,,,,,,,,,,,
q12_rho0.70_sensing_b12,12,0.7,sensing,12,10,0,40,cost0,mem2,gru-w4-l0.01-h2,gru-w4-l0.01-h2|gru-w4-l0.01-h2|gru-w4-l0.1-h2|gru-w4-l0.01-h2|gru-w4-l0.1-h2,0.7396648807271904,0.5522352710396156,0.725,0.7396648807271904,0.7658839537016522,0.5278066178573868,28.023929509022555,0.08370494032981673,0.6346983471661567,0.6605789343663405,0.42410407679908435,29.183673139351587,0.07795280561823224,0.7187718835340954,0.7449521451056744,0.5070580668666802,28.22388862197232,0.08269123020175899,0.7342484211300764,0.7604587035194055,0.522422863643148,28.07440941096647,0.08344789637341901,0.4402346110183804,1.0578768501937719,0.15980820152535063,,,,,,,,,,0.6,,,,,,,,,,,,,,,,,,,,,,,,,,,,,,,,,,,,,,,,,,,,,,,,,,,,,,,,,,,,,,,,0.0,0.6931471805599453,0.6789077939558144,0.5657027922509994,0.3456417467367984,0.6148190157977702,0.0,116.0,116.0,,,,,,,,,,,,,,,,,,,,,,,,,,,,
q12_rho0.70_sensing_b12,12,0.7,sensing,12,10,0,40,cost0,mem4,gru-w4-l0.1-h4,gru-w4-l0.1-h4|gru-w4-l0.01-h4|gru-w4-l0.1-h4|gru-w4-l0.01-h4|gru-w4-l0.1-h4,0.6948208533370799,0.5589366047366292,0.7375,0.6948208533370799,0.7204292750697769,0.4852499333166995,28.759138096738237,0.0871800259857284,0.6057116213575021,0.6309259737809694,0.39763371438368084,29.89926911472132,0.08042415281930165,0.6772784236638977,0.7028393305649898,0.467886810195872,28.95805046295867,0.08597661652103711,0.6902814163766944,0.7158789286354978,0.4807516482327956,28.809440609366604,0.08687435948892905,0.40668669200418645,1.0040327550708086,0.15294890038960532,,,,,,,,,,0.5,,,,,,,,,,,,,,,,,,,,,,,,,,,,,,,,,,,,,,,,,,,,,,,,,,,,,,,,,,,,,,,,,,,,,,,,,0.0,0.6931471805599453,0.6797888384809272,0.565669836828854,0.4000533583278417,0.6048742014874964,0.0,116.0,116.0,,,,,,,,,,,,,,,,,,,
q12_rho0.70_sensing_b12,12,0.7,sensing,12,1,0,40,cost0,main,quadratic-l0.1,quadratic-l10|quadratic-l0.1|linear-l0.01|quadratic-l0.1|constant,0.01616689480093564,0.6872222216166624,0.525,0.01616689480093564,0.021917153059198058,0.1272746339157741,30.88159788921514,0.08783371263913894,0.020426289154282774,0.02416852933129035,0.10945178709481287,32.994748198340815,0.07502965466187889,0.01698610420944906,0.02231251045373403,0.12377962878489576,31.293908837585793,0.0853383578293935,0.016376322941291755,0.022015743820731293,0.1263706335913532,30.987912529787526,0.08718998312642844,-0.23474587985355894,0.24806181896257376,0.12299521767930455,0.0,0.6931471805599453,,,,,0.0,,,0.0,0.03010043898328501,0.6843411821373486,0.016071705253388347,0.6886993556438188,0.0030542614113886228,0.6923468615057414,0.000448417893497699,0.693033888706057,-0.20305185701413175,0.684076411375962,0.09281127418594345,0.6636347982530475,0.052940902274638144,0.6785538633611978,0.012704596031649912,0.6899183440073816,-0.013550038435121422,0.6962020466328015,-0.011181093177972178,0.6961640596772583,0.0003719825061677173,0.6930510593807624,-0.00010292604152952744,0.6931717970460218,-0.0012380175389647252,0.6934875549748515,-0.0008804656704751417,0.6933723028805473,-0.00035979831989523534,0.6932362960570965,0.000247171896240031,0.6930831699781802,5.1299008441077486e-05,0.6931315738481715,-0.0004411884672112426,0.6932563861174398,7.0,7.0,7.0,7.0,28.0,28.0,28.0,28.0,33.0,65.0,33.0,65.0,113.0,321.0,113.0,321.0,113.0,113.0,,,,,,,,,,,,,,,,,,,,,,,,,,,,,,,,,,,,,,,,,,,,,,
q12_rho0.70_sensing_b12,12,0.7,sensing,12,5,0,40,cost0,main,linear-l0.01,linear-l0.01|linear-l0.1|quadratic-l0.1|quadratic-l1|linear-l1,0.42333902343414387,0.6085366022877116,0.65,0.42333902343414387,0.42759313381871206,0.33391301027029924,23.634190893627668,0.13863654748247722,0.37964687812064896,0.3863756994279174,0.268081637327762,27.980932218553964,0.107335994253583,0.41447856884137685,0.4192605968921349,0.31984427319810804,24.51693258131226,0.13206006061919107,0.42102115448349337,0.42541279478297633,0.33020660360195186,23.86303911493867,0.1369170554087835,0.14020357380573595,0.7196871546849621,0.14867836532787856,0.0,0.6931471805599453,,,,,0.0,,,0.1,0.6306473943696395,0.5718677212980336,0.3708333836747949,0.612937909862552,0.10886751252030766,0.6671898885676286,0.018039682626535176,0.6886753943136545,1.45713241635464,0.5395062296275059,1.0039901903733912,0.5477517210328259,0.4380916963384167,0.6065735030539509,0.09787510373210795,0.6698539273624414,0.5616632406928906,0.5864831270031508,0.6538247377082163,0.5757672176759068,0.3427514645812687,0.6171802938791654,0.37672224546174393,0.6121493298034408,0.4682496242907542,0.5964614245898083,0.6483451433761405,0.5836033448694786,0.06271683713884017,0.6779875880644157,0.06921070716026173,0.6763326975906815,0.08366872034157308,0.6717451276734627,0.0028051684577984626,0.692454442056764,7.0,7.0,7.0,7.0,28.0,28.0,28.0,28.0,81.0,161.0,81.0,161.0,113.0,321.0,113.0,321.0,113.0,113.0,,,,,,,,,,,,,,,,,,,,,,,,,,,,,,,,,,,,,,,,,,,,,,
q12_rho0.70_sensing_b12,12,0.7,sensing,12,10,0,40,cost2,direct,gru_direct-w4-l0.1-cap5,gru_direct-w4-l0.1-cap5|gru_direct-w4-l0.01-cap5|gru_direct-w4-l0.1-cap5|gru_direct-w4-l0.1-cap5|gru_direct-w4-l0.1-cap5,1.4452071612547823,0.33882400453747696,0.9125,1.4452071612547823,1.4612275957770322,1.6350426411742096,8.495490868582593,0.18912366153087337,1.3909939843172934,1.3948131647831856,1.3061236266540186,11.58104625865593,0.1353152209710984,1.4484410157735073,1.45489315738108,1.5663795715373694,9.004989267633201,0.1765151182871229,1.4468781141702691,1.4599001808027172,1.6170557058791484,8.623959679572092,0.18574332925016127,0.7328711092833404,2.0998936504291312,0.35529066382150226,0.0,0.6931471805599453,1.4647654185628949,0.3419592100597763,1.4659554818516365,0.3406937156285573,0.0,113.0,113.0,0.1,,,,,,,,,,,,,,,,,,,,,,,,,,,,,,,,,,,,,,,,,,,,,,,,,,,,,,,,,,,,,,,,,,,,,,,,,,,,,,,,,,,,,,,,,,,,,,,,,,,,
q12_rho0.70_sensing_b12,12,0.7,sensing,12,10,0,40,cost2,main,quadratic-l0.1,quadratic-l0.1|quadratic-l0.01|quadratic-l0.1|quadratic-l0.1|quadratic-l0.1,3.3453392049445085,0.14537106839645159,0.9625,3.3453392049445085,3.73361251207186,2.701644130894998,3.52021215689696,0.48551587045681716,2.1916666429502767,2.5120889274617717,1.5889279718812885,8.443385661716084,0.2806098004124733,3.0088782383437915,3.4005772414551774,2.363294738706956,4.045655031786874,0.44562038387898173,3.2476932125432056,3.6381805300377574,2.602775880276716,3.637224963391322,0.47574280179379824,2.785806590033006,3.8902123404232816,0.28890864601459404,0.0,0.6931471805599453,,,,,0.0,,,0.64,2.695495027334922,0.24774292904633502,1.8409596577973475,0.3007961893933498,0.8664534329867604,0.47433671346013373,0.18062720331472734,0.6476243869725475,4.525539785734347,0.11135528327878715,3.0758380214860415,0.15335531134292818,1.8083783584830428,0.284882520321991,0.6042320653261521,0.5408004895189784,2.875607141535596,0.1944524760923704,3.4927320776452975,0.18037877437344804,2.0494562883422254,0.25453828017829994,2.3096641773918214,0.23039421723374592,1.5551375727747458,0.2860794115780652,1.5506125937457356,0.28557158046472075,1.2480146388765614,0.3703092836141343,1.278940803265817,0.3542355750271867,1.6812638125954478,0.2958409910146388,0.8285278675781858,0.4639533109615376,7.0,7.0,7.0,7.0,28.0,28.0,28.0,28.0,141.0,281.0,141.0,281.0,113.0,321.0,113.0,321.0,113.0,113.0,,,,,,,,,,,,,,,,,,,,,,,,,,,,,,,,,,,,,,,,,,,,,,
q12_rho0.70_sensing_b12,12,0.7,sensing,12,10,0,40,cost2,mem1,gru-w4-l0.01-h1,gru-w4-l0.01-h1|gru-w4-l0.01-h1|gru-w4-l0.01-h1|gru-w4-l0.01-h1|gru-w4-l0.01-h1,2.018938352723191,0.2839900968204121,0.875,2.018938352723191,2.0866335936160874,1.694660955420702,4.8393349135259935,0.4123925617132707,1.638719738953765,1.7542735819142112,1.2317299921327598,10.561022068450685,0.22410326701995528,1.945658213307934,2.0306499441510564,1.587972693571581,5.759949317131144,0.36564894852753244,2.000286541435391,2.0728238258077143,1.666143664663187,5.066232108767064,0.3998225717574032,1.2208619619211647,2.660068111784487,0.3694209549772876,,,,,,,,,,1.0,,,,,,,,,,,,,,,,,,,,,,,,,,,,,,,,,,,,,,,,,,,,,,,,,,,,,,,0.0,0.6931471805599453,2.018938352723191,0.2839900968204121,1.0444005187862078,0.44242357030318596,0.0,116.0,116.0,,,,,,,,,,,,,,,,,,,,,,,,,,,,,,,,,,,,,
q12_rho0.70_sensing_b12,12,0.7,sensing,12,10,0,40,cost2,mem2,gru-w4-l0.01-h2,gru-w4-l0.01-h2|gru-w4-l0.01-h2|gru-w4-l0.01-h2|gru-w4-l0.01-h2|gru-w4-l0.01-h2,2.1033776781686364,0.26465018026641757,0.9,2.1033776781686364,2.1412293357895127,1.8528696113241587,3.780422761625279,0.4816010216606912,1.7074583767629634,1.8192434433201479,1.3060235086901293,9.703824801376852,0.23817338618632392,2.0348023905756456,2.0973444763512084,1.7215367558932648,4.690564089103228,0.4185332671427864,2.0868697816356496,2.13138300134698,1.817404556181668,4.001392488478417,0.4645430124394414,1.1672430590963252,2.824993807706475,0.42489646940726294,,,,,,,,,,1.0,,,,,,,,,,,,,,,,,,,,,,,,,,,,,,,,,,,,,,,,,,,,,,,,,,,,,,,,,,,,,,,,0.0,0.6931471805599453,2.1033776781686364,0.26465018026641757,1.3033050062174207,0.38865970367965536,0.0,116.0,116.0,,,,,,,,,,,,,,,,,,,,,,,,,,,,
q12_rho0.70_sensing_b12,12,0.7,sensing,12,10,0,40,cost2,mem4,gru-w4-l0.01-h4,gru-w4-l0.1-h4|gru-w4-l0.01-h4|gru-w4-l0.1-h4|gru-w4-l0.01-h4|gru-w4-l0.01-h4,1.9348188429303383,0.28168702151637326,0.925,1.9348188429303383,1.9703876505376539,1.691268949103516,4.10851538954384,0.46613833574189584,1.6328782250508198,1.7416903294058026,1.2359176859193404,10.602953666043788,0.2350563444977685,1.8873760024654391,1.946051372481669,1.5827593130484081,5.117628680708443,0.40601405253692696,1.9238243845423977,1.9655882607339725,1.6619584489692065,4.353513094601593,0.4498395807373119,1.1101922256991763,2.5724657914028044,0.37785654410151176,,,,,,,,,,0.9,,,,,,,,,,,,,,,,,,,,,,,,,,,,,,,,,,,,,,,,,,,,,,,,,,,,,,,,,,,,,,,,,,,,,,,,,0.0,0.6931471805599453,2.3345289105040075,0.23046584994683267,1.5034621853482195,0.3504625882520229,0.0,116.0,116.0,,,,,,,,,,,,,,,,,,,
q12_rho0.70_sensing_b12,12,0.7,sensing,12,1,0,40,cost2,main,quadratic-l1,quadratic-l1|quadratic-l1|quadratic-l1|quadratic-l1|quadratic-l1,0.22104899005067988,0.6407265923652167,0.675,0.22104899005067988,0.22299128890087316,0.16001053357272332,31.3129966810155,0.09362396642246708,0.21935516366508057,0.2220414602868319,0.14783700608585246,32.863890336645994,0.08205696274974814,0.22094499856722627,0.22302241885680288,0.15786438912457393,31.61448619084615,0.0914332102966267,0.2210309087229224,0.22300759190348698,0.1594659335710741,31.390691206733354,0.09306161061265743,0.038886767455999595,0.4093085954715097,0.09566019209439003,0.0,0.6931471805599453,,,,,0.0,,,0.24,0.15858589450302552,0.6612798206239966,0.0822587269845674,0.6732178269360543,0.020101355016269626,0.6879961639698153,0.0034398877411344953,0.6922831839703405,0.05426938799636449,0.6602311743790935,0.2822600433054701,0.6259509954983626,0.22104899005067988,0.6407265923652167,0.05865865460699882,0.6786006646599583,0.13474121007706968,0.6562404080327802,0.06129415393456955,0.6648257723377909,0.01239529888698113,0.6900366124660003,0.017484046681982862,0.6889189116668024,0.0701826198646226,0.677321797826081,0.1188388929707079,0.6699461426277052,0.0007499400041616116,0.6929608451255348,0.000841608714169395,0.692935036429218,0.004443550098678017,0.6919539488722473,-9.382278467940652e-05,0.69317048065706,7.0,7.0,7.0,7.0,28.0,28.0,28.0,28.0,33.0,65.0,33.0,65.0,113.0,321.0,113.0,321.0,113.0,113.0,,,,,,,,,,,,,,,,,,,,,,,,,,,,,,,,,,,,,,,,,,,,,,
q12_rho0.70_sensing_b12,12,0.7,sensing,12,5,0,40,cost2,main,quadratic-l0.1,quadratic-l0.1|quadratic-l0.1|quadratic-l0.1|quadratic-l1|quadratic-l0.1,3.2234333996948146,0.1845670820813857,0.9375,3.2234333996948146,3.823545937818755,2.485894841422441,9.660724780901157,0.21455512085196835,2.0722246948364678,2.483806640817753,1.4159792436547483,16.0921758700818,0.15709947409308597,2.8768033471753673,3.4420150427595133,2.152096574480842,10.627371587351288,0.2031143325339742,3.1226932058135572,3.7141276185438525,2.3882676921790633,9.892836034583098,0.2116629852935556,2.6867993123425853,3.765465266230378,0.27869652377504683,0.0,0.6931471805599453,,,,,0.0,,,0.64,2.6833660025657045,0.2854591543927773,1.6795606454803171,0.34451073206127214,0.7367398323212188,0.5087413274738978,0.14900717855015494,0.6556993154333943,6.298307111328306,0.09957339973380681,3.5906037597326588,0.15600837353485034,1.7647218164402099,0.3118018150423022,0.5394798958909818,0.5583964897793721,2.664962792409171,0.213732722151673,3.3116967113126967,0.1922702544119756,1.8404842908602201,0.30049634236644235,2.0069315817962563,0.2853312244216237,1.6408522147733848,0.280569662730609,3.36979797164946,0.16608782590209709,1.0524095900658956,0.419395716370235,1.036435257597624,0.41284384959523307,1.2395960204084542,0.39646635991125423,0.38433932208326055,0.5866203384124874,7.0,7.0,7.0,7.0,28.0,28.0,28.0,28.0,81.0,161.0,81.0,161.0,113.0,321.0,113.0,321.0,113.0,113.0,,,,,,,,,,,,,,,,,,,,,,,,,,,,,,,,,,,,,,,,,,,,,,
q12_rho0.70_sensing_b12,12,0.7,sensing,12,10,0,40,endpoint,main,quadratic-l0.1,linear-l0.1|quadratic-l0.1|quadratic-l0.1|quadratic-l0.1|linear-l0.1,0.07354299873097972,0.6196041818289656,0.6375,,,,,,,,,,,,,,,,,,,,,0.015401895660853818,0.1317272699668255,0.0299328207954403,0.0,0.6931471805599453,,,,,0.0,,,0.35,0.05150510930919561,0.6416420712507497,0.054476309722831094,0.6386708708371142,0.033091138395060324,0.6600560421648849,0.005641550082676657,0.6875056304772686,0.09053966247105326,0.602607518088892,0.09412132761365691,0.5990258529462883,0.05626058241906708,0.6368865981408782,0.01165448397224656,0.6814926965876987,,,,,,,,,,,,,,,,,,,,,3.0,3.0,3.0,3.0,6.0,6.0,6.0,6.0,,,,,,,,,,,,,,,,,,,,,,,,,,,,,,,,,,,,,,0.21847257176041995,0.07354299873097972,0.0,0.07354299873097972,0.0,0.07354299873097972,0.0,0.07284505096359387,0.6203021295963514,0.0747756997823881,0.6183714807775572,0.038931207532370796,0.6542159730275745,0.03844870641939103,0.6546984741405544,17.0,33.0,17.0,33.0
q12_rho0.70_sensing_b12,12,0.7,sensing,12,1,0,40,endpoint,main,mlp-w4-l0.1,mlp-w4-l0.1|quadratic-l1|mlp-w4-l0.1|quadratic-l0.1|mlp-w4-l0.1,0.0015793467631542754,0.691567833796791,0.55,,,,,,,,,,,,,,,,,,,,,-0.02221835233848572,0.025780919631167614,0.012064541910822534,0.0,0.6931471805599453,,,,,0.0,,,0.0,0.004911975377925771,0.6882352051820195,0.007973873959100906,0.6851733066008443,0.00553786989489755,0.6876093106650478,0.0009603295576180226,0.6921868510023272,-0.00378341056365073,0.696930591123596,0.0030081337098266715,0.6901390468501185,0.00737473431879746,0.6857724462411479,0.0019692906251507864,0.6911778899347946,,,,,,,,,,,,,,,,,,,,,3.0,3.0,3.0,3.0,6.0,6.0,6.0,6.0,,,,,,,,,,,,,,,,,,,,,,,,,,,,,,,,,,,,,,0.2491758513412695,0.0015793467631542754,0.0,0.0015793467631542754,0.0,0.0015793467631542754,0.0,0.0011544645819900217,0.6919927159779553,-0.002445601056404041,0.6955927816163493,0.007937221175003263,0.685209959384942,0.002469827388163666,0.6906773531717816,17.0,33.0,17.0,33.0
q12_rho0.70_sensing_b12,12,0.7,sensing,12,2,0,40,endpoint,main,quadratic-l1,quadratic-l1|quadratic-l0.1|linear-l1|quadratic-l0.1|quadratic-l1,0.08919305649909612,0.6039541240608491,0.75,,,,,,,,,,,,,,,,,,,,,0.02143590159702925,0.15491285008507533,0.03410766672685126,0.0,0.6931471805599453,,,,,0.0,,,0.1,0.0767985528641767,0.6163486276957686,0.0783962903605688,0.6147508901993766,0.04731273277312174,0.6458344477868235,0.008050731282582357,0.6850964492773629,0.16442369692658798,0.5287234836333573,0.15564366624922546,0.5375035143107199,0.0945092794748055,0.5986379010851398,0.020772325359528054,0.6723748552004173,,,,,,,,,,,,,,,,,,,,,3.0,3.0,3.0,3.0,6.0,6.0,6.0,6.0,,,,,,,,,,,,,,,,,,,,,,,,,,,,,,,,,,,,,,0.20806415275300044,0.08919305649909612,0.0,0.08919305649909612,0.0,0.08919305649909612,0.0,0.10430973371624463,0.5888374468437007,0.10506422137842217,0.5880829591815232,0.07908423462793826,0.6140629459320069,0.07680735490332258,0.6163398256566227,17.0,33.0,17.0,33.0
q12_rho0.70_sensing_b12,12,0.7,sensing,12,3,0,40,endpoint,main,quadratic-l0.1,quadratic-l0.1|quadratic-l0.1|linear-l1|linear-l0.1|linear-l0.1,0.09342131812411572,0.5997258624358295,0.7625,,,,,,,,,,,,,,,,,,,,,0.0059954058413285586,0.17838702099498382,0.04501514719972364,0.0,0.6931471805599453,,,,,0.0,,,0.2,0.11615306924860129,0.5769941113113439,0.11572155338917807,0.5774256271707673,0.06609302100867168,0.6270541595512736,0.0111243720239893,0.682022808535956,0.16663220833611486,0.5265149722238304,0.16559133116546187,0.5275558493944834,0.11039771461806187,0.5827494659418835,0.02465868332478268,0.6684884972351626,,,,,,,,,,,,,,,,,,,,,3.0,3.0,3.0,3.0,6.0,6.0,6.0,6.0,,,,,,,,,,,,,,,,,,,,,,,,,,,,,,,,,,,,,,0.20450713689021488,0.09342131812411572,0.0,0.09342131812411572,0.0,0.09342131812411572,0.0,0.13983941157137253,0.5533077689885728,0.13766765205171622,0.555479528508229,0.1096084621868316,0.5835387183731137,0.10852512693068339,0.5846220536292619,17.0,33.0,17.0,33.0
q12_rho0.70_sensing_b12,12,0.7,sensing,12,4,0,40,endpoint,main,quadratic-l0.1,quadratic-l0.01|quadratic-l0.1|quadratic-l0.1|linear-l0.1|quadratic-l0.1,0.1700293904276517,0.5231177901322936,0.7125,,,,,,,,,,,,,,,,,,,,,0.08451459960698346,0.24944904053906927,0.04265225872400383,0.0,0.6931471805599453,,,,,0.0,,,0.55,0.11953675067776878,0.5736104298821765,0.11949797372954936,0.573649206830396,0.0676426109611912,0.625504569598754,0.011380664575931194,0.681766515984014,0.2098239231975853,0.4833232573623601,0.19768298636008885,0.4954641941998565,0.11778566210597055,0.5753615184539747,0.025018677847435916,0.6681285027125093,,,,,,,,,,,,,,,,,,,,,3.0,3.0,3.0,3.0,6.0,6.0,6.0,6.0,,,,,,,,,,,,,,,,,,,,,,,,,,,,,,,,,,,,,,0.1775214607349937,0.1700293904276517,0.0,0.1700293904276517,0.0,0.1700293904276517,0.0,0.16455310794344374,0.5285940726165015,0.1578475496873001,0.5352996308726452,0.12399468921687609,0.5691524913430692,0.12160496752296387,0.5715422130369814,17.0,33.0,17.0,33.0
q12_rho0.70_sensing_b12,12,0.7,sensing,12,5,0,40,endpoint,main,linear-l0.1,quadratic-l0.1|linear-l0.1|linear-l0.1|linear-l0.1|linear-l0.1,0.10042366571896526,0.59272351484098,0.6625,,,,,,,,,,,,,,,,,,,,,0.03211024900741348,0.16942670837525453,0.035361941511554,0.0,0.6931471805599453,,,,,0.0,,,0.4,0.0976200304826558,0.5955271500772895,0.09906206372906354,0.5940851168308818,0.05761947788642098,0.6355277026735242,0.009747752020926754,0.6833994285390186,0.13288715747560215,0.5602600230843432,0.1329188181243643,0.5602283624355809,0.09065703456623862,0.6024901459937066,0.02019818251058372,0.6729489980493615,,,,,,,,,,,,,,,,,,,,,3.0,3.0,3.0,3.0,6.0,6.0,6.0,6.0,,,,,,,,,,,,,,,,,,,,,,,,,,,,,,,,,,,,,,0.2040053860506415,0.10042366571896526,0.0,0.10042366571896526,0.0,0.10042366571896526,0.0,0.12274462056478419,0.5704025599951611,0.12235453543486138,0.5707926451250838,0.08002739201797651,0.6131197885419688,0.0849537491710365,0.6081934313889088,17.0,33.0,17.0,33.0
q12_rho0.70_sensing_b12,12,0.7,sensing,12,6,0,40,endpoint,main,linear-l0.1,linear-l0.1|linear-l0.1|linear-l0.1|linear-l0.1|linear-l0.1,0.1533191612115749,0.5398280193483703,0.7375,,,,,,,,,,,,,,,,,,,,,0.0695182966138706,0.23452161472071428,0.04255110571324557,0.0,0.6931471805599453,,,,,0.0,,,0.6,0.15690443704266016,0.5362427435172851,0.1533191612115749,0.5398280193483703,0.08330018333181738,0.609846997228128,0.01391907959517381,0.6792281009647715,0.18732019656717472,0.5058269839927705,0.1793519897949862,0.513795190764959,0.11847548347355838,0.5746716970863869,0.02640131759674829,0.666745862963197,,,,,,,,,,,,,,,,,,,,,3.0,3.0,3.0,3.0,6.0,6.0,6.0,6.0,,,,,,,,,,,,,,,,,,,,,,,,,,,,,,,,,,,,,,0.1808696727967025,0.1533191612115749,0.0,0.1533191612115749,0.0,0.1533191612115749,0.0,0.1783233209258172,0.5148238596341279,0.17229170404560346,0.5208554765143418,0.14168179441226442,0.5514653861476809,0.1415088019560598,0.5516383786038855,17.0,33.0,17.0,33.0
q12_rho0.70_sensing_b12,12,0.7,sensing,12,7,0,40,endpoint,main,linear-l0.1,linear-l0.1|quadratic-l0.1|linear-l0.1|linear-l0.1|linear-l0.1,0.08097421397348979,0.6121729665864556,0.6625,,,,,,,,,,,,,,,,,,,,,0.005622679037367262,0.15118662874678432,0.037475874247060496,0.0,0.6931471805599453,,,,,0.0,,,0.35,0.09754034444892137,0.5956068361110238,0.09869087787404647,0.5944563026858989,0.056858089088866436,0.6362890914710789,0.009606009160793957,0.6835411713991514,0.07622902832388644,0.6169181522360588,0.08744805197621172,0.6056991285837336,0.07284578827021145,0.6203013922897338,0.017161451806825094,0.6759857287531201,,,,,,,,,,,,,,,,,,,,,3.0,3.0,3.0,3.0,6.0,6.0,6.0,6.0,,,,,,,,,,,,,,,,,,,,,,,,,,,,,,,,,,,,,,0.21326893593194574,0.08097421397348979,0.0,0.08097421397348979,0.0,0.08097421397348979,0.0,0.08851337688564903,0.6046338036742963,0.08764020903418898,0.6055069715257564,0.07995758451434301,0.6131895960456022,0.08102873053138089,0.6121184500285644,17.0,33.0,17.0,33.0
q12_rho0.70_sensing_b12,12,0.7,sensing,12,8,0,40,endpoint,main,linear-l0.1,linear-l0.1|quadratic-l0.1|quadratic-l0.1|linear-l0.1|linear-l0.1,0.0790050140616009,0.6141421664983444,0.6375,,,,,,,,,,,,,,,,,,,,,0.013743668966005027,0.13986551717603568,0.03275843770540104,0.0,0.6931471805599453,,,,,0.0,,,0.45,0.07125496363356443,0.6218922169263809,0.0752751881760213,0.6178719923839241,0.044780320524,0.6483668600359452,0.007602676134824894,0.6855445044251205,0.10726997686050514,0.5858772036994402,0.1053338093267941,0.5878133712331512,0.06850118613383407,0.6246459944261112,0.014962237543683704,0.6781849430162616,,,,,,,,,,,,,,,,,,,,,3.0,3.0,3.0,3.0,6.0,6.0,6.0,6.0,,,,,,,,,,,,,,,,,,,,,,,,,,,,,,,,,,,,,,0.21661399947242885,0.0790050140616009,0.0,0.0790050140616009,0.0,0.0790050140616009,0.0,0.09845076049319464,0.5946964200667507,0.10154444783238989,0.5916027327275554,0.06134107986097358,0.6318061006989717,0.06208038586146134,0.6310667946984839,17.0,33.0,17.0,33.0
q12_rho0.70_sensing_b12,12,0.7,sensing,12,9,0,40,endpoint,main,linear-l0.1,linear-l0.1|quadratic-l0.1|quadratic-l1|linear-l1|linear-l0.1,0.013858052462264518,0.6792891280976807,0.6,,,,,,,,,,,,,,,,,,,,,-0.024198109603224625,0.05231934463720027,0.020166972238483422,0.0,0.6931471805599453,,,,,0.0,,,0.3,0.039130272425050454,0.654016908134895,0.04305999273993645,0.6500871878200088,0.027923913993526332,0.665223266566419,0.0048455667702045945,0.6883016137897406,0.03231226288850068,0.6608349176714446,0.04332393012640451,0.6498232504335408,0.03866246818391577,0.6544847123760296,0.009113510591254089,0.6840336699686912,,,,,,,,,,,,,,,,,,,,,3.0,3.0,3.0,3.0,6.0,6.0,6.0,6.0,,,,,,,,,,,,,,,,,,,,,,,,,,,,,,,,,,,,,,0.24334566830582155,0.013858052462264518,0.0,0.013858052462264518,0.0,0.013858052462264518,0.0,0.04446641178433389,0.6486807687756114,0.03849878809483244,0.6546483924651129,0.03472672604018347,0.6584204545197618,0.0298454844929942,0.6633016960669511,17.0,33.0,17.0,33.0
q12_rho0.70_sensing_b12,12,0.7,sensing,12,10,0,40,mixture,diag,quadratic-l0.1,linear-l0.01|quadratic-l0.01|quadratic-l0.1|quadratic-l0.1|quadratic-l0.1,2.1664382342292554,0.393575709347201,0.83125,2.1664382342292554,2.22103731372896,1.871338833078863,7.01728098644483,0.2856338197340621,1.4199898627841647,1.5140586382897985,1.046553157304959,11.96349758947418,0.18953521528014625,1.9377371140341075,2.0029679041047843,1.6186563969333396,7.793987433242749,0.2640523188293395,2.099390905561933,2.156845632264308,1.797579240551758,7.209578331527015,0.2799283283099929,1.4849844635676002,2.7902719070537065,0.31906642219644227,0.0,0.6931471805599453,,,,,0.0,,,0.5,1.6593308521622312,0.4270807691338672,1.1576893404426163,0.4633720117916644,0.5110364471267307,0.5700099092779701,0.1019144558405072,0.6677338099343137,2.8535571008843554,0.36840273355589465,2.0121220802534543,0.3858368463306684,1.140625081742264,0.45715407308396516,0.3580130628713195,0.6055837565156624,,,,,,,,,0.8495836165340298,0.4993777719445589,,,0.673145056204137,0.5324899907399926,,,,,,,7.0,7.0,7.0,7.0,28.0,28.0,28.0,28.0,,,,,113.0,,113.0,,,,,,,,,,,,,,,,,,,,,,,,,,,,,,,,,,,,,,,,,,,,,,,,,
q12_rho0.70_sensing_b12,12,0.7,sensing,12,1,0,40,mixture,diag,quadratic-l10,quadratic-l10|quadratic-l1|quadratic-l0.1|quadratic-l0.1|quadratic-l10,0.09398963684737517,0.672001957922848,0.625,0.09398963684737517,0.09399703499234444,0.09784116511406135,30.825983621779393,0.09470160557651068,0.09343547444351072,0.09350849621674803,0.0813992587160319,32.80010031526873,0.08129725471319092,0.09392328712595308,0.09392356336622358,0.09466676164546499,31.212092601968127,0.0921059857062964,0.09397334384820274,0.09397798347359956,0.0970226239871809,30.925603242349688,0.09403277147794417,-0.14745042621336502,0.2913506305598446,0.11545142894041648,0.0,0.6931471805599453,,,,,0.0,,,0.1,0.06414540602281227,0.6767153633709351,0.021248204947145334,0.687490838584589,0.0036124752809874733,0.6922199330519219,0.00043865261924224406,0.6930368943336112,-0.016531914067658925,0.6605913114802007,0.17576179522711163,0.647128421170071,0.11260592065684705,0.6655199727344355,0.027647353845380494,0.6862895696995401,,,,,,,,,0.020955739709586817,0.6880114941731542,,,-0.0002060271134973507,0.6931981831195229,,,,,,,7.0,7.0,7.0,7.0,28.0,28.0,28.0,28.0,,,,,113.0,,113.0,,,,,,,,,,,,,,,,,,,,,,,,,,,,,,,,,,,,,,,,,,,,,,,,,
q12_rho0.70_sensing_b12,12,0.7,sensing,12,5,0,40,mixture,diag,quadratic-l0.1,quadratic-l0.1|linear-l0.01|quadratic-l0.1|quadratic-l0.1|quadratic-l0.1,1.8597996284558576,0.4238912596749067,0.8125,1.8597996284558576,2.0284699027700053,1.3855598167236476,17.7389491197098,0.1758525638250551,1.2701499729668657,1.4215943690506312,0.8157797238429678,21.717644882213847,0.1445043820878729,1.6951323038857793,1.861079212094178,1.2239301517018126,18.43132350369482,0.1698390720801098,1.8133058545518295,1.9813023588420762,1.3398141309332516,17.913791798672886,0.17430694162567534,1.5082978938967735,2.2036018990991093,0.18302322532738982,0.0,0.6931471805599453,,,,,0.0,,,0.4,1.4193333055243846,0.46755905531705544,0.9174806318197767,0.512871962346936,0.3513070784011859,0.609375704752227,0.06567514560228147,0.6768215947694178,2.8923475931231395,0.3938533461606546,1.9817733148064591,0.41753422309975435,0.9452442797705439,0.5055122564687016,0.2578310138843677,0.6309382928290239,,,,,,,,,1.0865107099083187,0.48718171044270797,,,0.4414659916289946,0.5878473262450681,,,,,,,7.0,7.0,7.0,7.0,28.0,28.0,28.0,28.0,,,,,113.0,,113.0,,,,,,,,,,,,,,,,,,,,,,,,,,,,,,,,,,,,,,,,,,,,,,,,,
q12_rho0.70_sensing_b12,12,0.7,sensing,12,10,0,40,pathinfo,diag,quadratic-l0.1,quadratic-l0.1|quadratic-l0.1|linear-l0.01|linear-l0.01|linear-l0.1,0.18929046572138844,0.5038567148385569,0.7375,,,,,,,,,,,,,,,,,,,,,0.07755218485766403,0.29011012387488627,0.05376610118123045,0.0,0.6931471805599453,,,,,0.0,,,0.2,0.19792550482127053,0.4952216757386748,0.16010792932760687,0.5330392512323385,0.07698377710869025,0.6161634034512551,0.015543255769780653,0.6776039247901646,0.21625353751093862,0.4768936430490066,0.2299480154146547,0.4631991651452906,0.1597857569138758,0.5333614236460694,0.050470703014692905,0.6426764775452524,,,,,,,,,0.1683549980694492,0.524792182490496,,,0.04994752248586726,0.6431996580740781,,,,,,,7.0,7.0,7.0,7.0,28.0,28.0,28.0,28.0,,,,,113.0,,113.0,,,,,,,,,,,,,,,,,,,,,,,,,,,,,,,0.16955254437781334,0.18929046572138844,0.0,0.18929046572138844,0.0,0.18929046572138844,0.0,,,,,,,,,,,,
q12_rho0.70_sensing_b12,12,0.7,sensing,12,1,0,40,pathinfo,diag,linear-l0.1,linear-l0.1|linear-l0.01|constant|linear-l0.1|linear-l10,-0.011369898781210613,0.7045170793411559,0.5625,,,,,,,,,,,,,,,,,,,,,-0.061758071821593256,0.034512316141315495,0.024607762563907697,0.0,0.6931471805599453,,,,,0.0,,,0.1,0.02439229755336367,0.6687548830065816,0.02737774108428398,0.6657694394756613,0.009331558226657679,0.6838156223332875,0.0017967985801886396,0.6913503819797566,-0.04119193475206688,0.7343391153120121,0.005473669296138584,0.6876735112638067,0.019944972789214577,0.6732022077707308,0.00708780186641265,0.6860593786935326,,,,,,,,,-0.001186919323187502,0.6943340998831328,,,0.0005979995704190749,0.6925491809895262,,,,,,,7.0,7.0,7.0,7.0,28.0,28.0,28.0,28.0,,,,,113.0,,113.0,,,,,,,,,,,,,,,,,,,,,,,,,,,,,,,0.2543668507327142,-0.011369898781210613,0.0,-0.011369898781210613,0.0,-0.011369898781210613,0.0,,,,,,,,,,,,
q12_rho0.70_sensing_b12,12,0.7,sensing,12,5,0,40,pathinfo,diag,linear-l0.1,quadratic-l0.1|linear-l0.1|linear-l0.1|linear-l0.1|linear-l0.1,0.16777478854607195,0.5253723920138734,0.7375,,,,,,,,,,,,,,,,,,,,,0.061979756311145495,0.2555234657286502,0.04981619014202654,0.0,0.6931471805599453,,,,,0.0,,,0.1,0.19924392738305552,0.49390325317688977,0.17045464095048807,0.5226925396094574,0.08963671051946441,0.6035104700404809,0.01866188257945465,0.6744852979804906,0.17931291360641366,0.5138342669535316,0.22484969989822515,0.4682974806617201,0.1756828075658189,0.5174643729941264,0.06384958586646206,0.6292975946934833,,,,,,,,,0.1438714727524273,0.5492757078075179,,,0.09309411675133768,0.6000530638086076,,,,,,,7.0,7.0,7.0,7.0,28.0,28.0,28.0,28.0,,,,,113.0,,113.0,,,,,,,,,,,,,,,,,,,,,,,,,,,,,,,0.17426647862334868,0.16777478854607195,0.0,0.16777478854607195,0.0,0.16777478854607195,0.0,,,,,,,,,,,,
q12_rho0.70_sensing_b3,12,0.7,sensing,3,10,0,40,cost0,direct,gru_direct-w4-l0.01-cap5,gru_direct-w4-l0.01-cap5|gru_direct-w4-l0.01-cap5|constant|gru_direct-w4-l0.01-cap5|gru_direct-w4-l0.01-cap5,-0.2246337572179447,0.7086433492110616,0.5125,-0.2246337572179447,-0.18887127237592852,0.0671621675172884,17.757079100757014,0.19054113904127448,-0.09530409621270812,-0.08364429601941085,0.06527359354966662,28.42366069490345,0.11007314937521501,-0.18876093591084753,-0.16077406852749146,0.06684109470142438,20.199561228725297,0.16920238587083142,-0.21464029966909592,-0.18112290294713165,0.06708116817044138,18.396757914369864,0.18468289086211165,-0.7742902543268106,0.1091998769006541,0.23927199578966588,0.0,0.6931471805599453,-0.20744714979473425,0.7038220394650588,-0.006416917412310682,0.6946092302180851,0.0,113.0,113.0,0.1,,,,,,,,,,,,,,,,,,,,,,,,,,,,,,,,,,,,,,,,,,,,,,,,,,,,,,,,,,,,,,,,,,,,,,,,,,,,,,,,,,,,,,,,,,,,,,,,,,,,
q12_rho0.70_sensing_b3,12,0.7,sensing,3,10,0,40,cost0,main,linear-l0.01,linear-l0.01|constant|linear-l0.01|flat-w4-l0.01|gru-w4-l0.01,0.10400484260118208,0.6702846330861625,0.5375,0.10400484260118208,0.10557192434358836,0.1610380015896708,35.34004747480651,0.04579262441646819,0.08532592537330803,0.08700347595089575,0.14437288419304606,35.782815620606115,0.04466493857201525,0.1004085923547334,0.10199306056083599,0.1577631296999081,35.41434806055519,0.0456042082333382,0.10308039066414013,0.10465163916997317,0.16019072563132813,35.35854695472893,0.045745355863827705,-0.051271134862359,0.27925735665992885,0.08508559204439436,0.0,0.6931471805599453,,,,,0.0,,,0.0,0.2794951629860682,0.6318831539187924,0.06548302778962892,0.6763690482145774,0.003755288259756645,0.6922066832838023,-5.852973248568483e-05,0.6931626553639877,0.3928379584396654,0.6622330808034177,0.13413015810876877,0.6741768881720087,0.015298480929384638,0.6895860983621322,-0.00021520903521648482,0.6931963072496388,0.112240842681398,0.6653094966914668,0.12036184313225562,0.6629680086320424,0.075877349839609,0.6729244422750134,0.06662622770931544,0.674447821508757,0.07256915288351268,0.6714401295089674,0.08692792517624723,0.6709164507532807,-0.000697271644792613,0.6933183601747163,-0.001565516851293855,0.6935465211875957,0.05291880820362425,0.67740656666682,0.00014131218788158428,0.6931123093844447,7.0,7.0,7.0,7.0,28.0,28.0,28.0,28.0,141.0,281.0,141.0,281.0,113.0,321.0,113.0,321.0,113.0,113.0,,,,,,,,,,,,,,,,,,,,,,,,,,,,,,,,,,,,,,,,,,,,,,
q12_rho0.70_sensing_b3,12,0.7,sensing,3,10,0,40,cost0,mem1,constant-h1,gru-w4-l0.01-h1|constant-h1|constant-h1|constant-h1|gru-w4-l0.01-h1,-0.01072680503663595,0.6956581499403894,0.475,-0.01072680503663595,-0.010536128232284139,0.008928796317607322,39.22016535096748,0.04114128746756392,-0.011108175887721297,-0.010923645647533996,0.008225987602099262,39.251643532930686,0.04069368692167666,-0.010791576342858222,-0.010601916751717594,0.00881118632021441,39.22537449973423,0.04106774183665136,-0.010743139533044569,-0.010552718285275556,0.008899200159139739,39.22147403255181,0.04112283002655719,-0.06744058592298818,0.03204816265032238,0.02519238605436659,,,,,,,,,,0.2,,,,,,,,,,,,,,,,,,,,,,,,,,,,,,,,,,,,,,,,,,,,,,,,,,,,,,,0.0,0.6931471805599453,-0.011778475176771042,0.6958486178184474,-0.0003198507364001901,0.693227444439861,0.0,116.0,116.0,,,,,,,,,,,,,,,,,,,,,,,,,,,,,,,,,,,,,
q12_rho0.70_sensing_b3,12,0.7,sensing,3,10,0,40,cost0,mem2,constant-h2,gru-w4-l0.01-h2|constant-h2|constant-h2|constant-h2|gru-w4-l0.01-h2,-0.0027285278928918548,0.6935489919706439,0.475,-0.0027285278928918548,-0.0025301943513040964,0.01732041612150724,39.16176716608878,0.04145993972440935,-0.003513548481166337,-0.0033167078386683382,0.016459298320104947,39.20495195021204,0.04097739973585857,-0.0028612987850349077,-0.0026631989257931976,0.01717575249527542,39.16897460850341,0.04138053950038692,-0.0027619914952186964,-0.0025637161707912463,0.0172839903355226,39.16358014515873,0.0414400087650208,-0.06073488227624956,0.048794112565600775,0.027628581472356927,,,,,,,,,,0.2,,,,,,,,,,,,,,,,,,,,,,,,,,,,,,,,,,,,,,,,,,,,,,,,,,,,,,,,,,,,,,,,0.0,0.6931471805599453,0.004452563201650878,0.6910350389549914,-0.0006871694695486346,0.6933183777997254,0.0,116.0,116.0,,,,,,,,,,,,,,,,,,,,,,,,,,,,
q12_rho0.70_sensing_b3,12,0.7,sensing,3,10,0,40,cost0,mem4,constant-h4,gru-w4-l0.01-h4|constant-h4|constant-h4|constant-h4|gru-w4-l0.01-h4,0.016185149117676267,0.6879376948341571,0.4875,0.016185149117676267,0.016818054340458945,0.05218656093085886,38.38580291109967,0.048366602336170274,0.014810027323266733,0.015436509015044633,0.05062613078956797,38.5295310081445,0.04709975382736541,0.015947713529153598,0.016579606345603917,0.051919980253198286,38.410576490286864,0.04815332538975218,0.016125120779680487,0.016757773378485608,0.05211926220276353,38.39206449284295,0.04831288296146792,-0.06731460778408667,0.11366199649764926,0.046216989544298245,,,,,,,,,,0.1,,,,,,,,,,,,,,,,,,,,,,,,,,,,,,,,,,,,,,,,,,,,,,,,,,,,,,,,,,,,,,,,,,,,,,,,,0.0,0.6931471805599453,0.04405503456057487,0.679594638781117,-0.0009583116077771486,0.6933846261905263,0.0,116.0,116.0,,,,,,,,,,,,,,,,,,,
q12_rho0.70_sensing_b3,12,0.7,sensing,3,1,0,40,cost0,main,linear-l0.1,linear-l0.1|linear-l0.1|linear-l1|linear-l0.1|linear-l0.01,0.09410374367748503,0.6760081518756911,0.575,0.09410374367748503,0.09506362541861345,0.050926208993396824,36.50238747218678,0.04791812953044612,0.09307484523392687,0.09392360970104444,0.05243765544891801,36.72740739337681,0.046941967219971785,0.09408674038128098,0.09502727126457529,0.05134027265050552,36.54121674722988,0.047755133514797106,0.09410737906514414,0.09506236617151198,0.05103845317847644,36.512198697884095,0.04787712943091179,-0.0627838815082588,0.27135695403103904,0.08617984964948515,0.0,0.6931471805599453,,,,,0.0,,,0.08,0.20909403780266905,0.6520274111659272,0.13353730877768383,0.6598377129618195,0.040139647675583194,0.6824765266412316,0.007595152050839315,0.6912199875874879,0.29883423752961347,0.6607163121993299,0.2347268446036606,0.6448704090261319,0.12402292333556415,0.6607265256503816,0.03057331568484232,0.6852373163100085,0.15487516386976835,0.6621261404583557,0.14879419368561692,0.6648446046344507,0.017305647446552386,0.6886885173486845,0.013435582791098114,0.6897311111100941,0.014383679543231168,0.6888859570026235,0.03132798211391683,0.6851897164379983,0.001723147967571176,0.6927161445944889,0.007067829993142186,0.6913158097204201,0.004491325702453669,0.6919363838777961,-8.94197251696066e-05,0.6931692436989149,7.0,7.0,7.0,7.0,28.0,28.0,28.0,28.0,33.0,65.0,33.0,65.0,113.0,321.0,113.0,321.0,113.0,113.0,,,,,,,,,,,,,,,,,,,,,,,,,,,,,,,,,,,,,,,,,,,,,,
q12_rho0.70_sensing_b3,12,0.7,sensing,3,5,0,40,cost0,main,linear-l0.01,linear-l0.01|linear-l0.01|linear-l0.01|linear-l0.01|linear-l0.1,0.1947566205368611,0.6437307199026,0.475,0.1947566205368611,0.19475840047376713,0.1966445701343632,32.99977194388583,0.05706998716774215,0.17094231458599624,0.1709987934382575,0.18160815666970428,33.93691334317603,0.05413017556246987,0.1905475313738088,0.1905528117827265,0.1938007937945659,33.15499840555023,0.05656831103069571,0.1936975407506257,0.19369999266958385,0.1959136367544251,33.038015127975584,0.05694402104436049,0.024541228164033514,0.3711071273693401,0.08778713934376076,0.0,0.6931471805599453,,,,,0.0,,,0.0,0.22108738978436762,0.6381260544835878,0.09470734324019872,0.6684383887012588,0.020045434193117308,0.6881351533541336,0.0030585644038855415,0.692382177221693,0.1928782337785823,0.6854038804464236,0.0902792914945041,0.673926477422615,0.03557482152920302,0.6837654085123196,0.007756524103033358,0.6911847644764223,0.13219750998131957,0.6585984889007348,0.14712956680874495,0.6553274311346049,0.034968648867154305,0.6839868038566133,0.037753993477428235,0.6831826286488244,0.04001514464187218,0.6805549357626125,0.04359145272404524,0.6797218637117571,0.0016788962001184043,0.6927292911122919,0.004231981109443797,0.6921083222840534,0.03081497360229496,0.684543111723356,0.0011484415292075307,0.6928618140543691,7.0,7.0,7.0,7.0,28.0,28.0,28.0,28.0,81.0,161.0,81.0,161.0,113.0,321.0,113.0,321.0,113.0,113.0,,,,,,,,,,,,,,,,,,,,,,,,,,,,,,,,,,,,,,,,,,,,,,
q12_rho0.70_sensing_b3,12,0.7,sensing,3,10,0,40,cost2,direct,gru_direct-w4-l0.1-cap5,gru_direct-w4-l0.01-cap5|gru_direct-w4-l0.1-cap5|gru_direct-w4-l0.01-cap5|gru_direct-w4-l0.1-cap5|gru_direct-w4-l0.1-cap5,1.384296626980427,0.3640810101383122,0.8875,1.384296626980427,1.4592982106833645,1.823132748556549,9.246979984776765,0.1763146522099952,1.3405903706505264,1.3421984703292134,1.3983790106611302,13.00033351506306,0.12198168841728423,1.3953833644778995,1.441368339259426,1.7300495561667226,9.951271759288417,0.16314459049019914,1.388506240457001,1.4549082138754845,1.7984776195291587,9.428106697305264,0.17276499588096392,0.5178125199786097,2.113678674567398,0.39616729128923245,0.0,0.6931471805599453,1.2891915082345253,0.36102420713176164,1.2913119674201785,0.3859552641948846,0.0,113.0,113.0,0.3,,,,,,,,,,,,,,,,,,,,,,,,,,,,,,,,,,,,,,,,,,,,,,,,,,,,,,,,,,,,,,,,,,,,,,,,,,,,,,,,,,,,,,,,,,,,,,,,,,,,
q12_rho0.70_sensing_b3,12,0.7,sensing,3,10,0,40,cost2,main,quadratic-l0.1,quadratic-l0.1|quadratic-l0.1|quadratic-l0.1|quadratic-l0.01|quadratic-l0.1,2.221955395231367,0.22415373888064294,0.95,2.221955395231367,2.3529174252226905,2.8245270457445097,1.7202384078274169,0.7434996453395529,1.9541313294963853,2.1209928248137464,1.481904906912596,5.794947251348204,0.3223898331436218,2.2940320271820664,2.2943276734575693,2.3185460305877923,2.266811517142623,0.6248364127501411,2.258538561613374,2.3211492603065387,2.655319569300981,1.849620815842166,0.7114600920979275,-0.33479122773809633,3.858015392374977,1.1525399210404976,0.0,0.6931471805599453,,,,,0.0,,,0.56,0.7160796681800237,0.4870003718816454,0.6146578655419196,0.5181375288445321,0.33939810438098017,0.6026106086486731,0.06932006648917499,0.6756560966266303,3.704770261899271,0.16091645749378397,2.7822887445528943,0.21085650613814294,1.3821891919085556,0.38593779715167303,0.36405457315691886,0.602503811631544,1.9790068264524465,0.29564279074639643,1.296467798373571,0.29951574158818695,1.429173283260046,0.3681323163818382,1.538712544302387,0.35628215428414445,1.3924390621071863,0.32218411961991406,1.7405517529108003,0.2919768826370942,0.5847949211771313,0.5232087052624308,0.5545159163724428,0.5200182400155005,1.0033198733180861,0.4583943446067874,0.08640278239629123,0.6700869371082611,7.0,7.0,7.0,7.0,28.0,28.0,28.0,28.0,141.0,281.0,141.0,281.0,113.0,321.0,113.0,321.0,113.0,113.0,,,,,,,,,,,,,,,,,,,,,,,,,,,,,,,,,,,,,,,,,,,,,,
q12_rho0.70_sensing_b3,12,0.7,sensing,3,10,0,40,cost2,mem1,gru-w4-l0.01-h1,gru-w4-l0.01-h1|gru-w4-l0.01-h1|gru-w4-l0.01-h1|gru-w4-l0.01-h1|gru-w4-l0.01-h1,1.529740111185482,0.3889035200653333,0.825,1.529740111185482,1.5860825466267259,1.230517401807771,8.736920459351484,0.26886631179346027,1.2624940230781945,1.3399767644887053,0.9187072258050719,13.75119526476367,0.17619223241008017,1.4736437552828527,1.5361998613076429,1.1603473878989106,9.623378752381821,0.2474890761040226,1.5149977371196823,1.5730399267268298,1.2118314395485534,8.961271853928368,0.2631786479299032,1.0115872429948232,1.9964492079227893,0.2607255125549068,,,,,,,,,,1.0,,,,,,,,,,,,,,,,,,,,,,,,,,,,,,,,,,,,,,,,,,,,,,,,,,,,,,,0.0,0.6931471805599453,1.529740111185482,0.3889035200653333,0.44415355560819936,0.5852381083761603,0.0,116.0,116.0,,,,,,,,,,,,,,,,,,,,,,,,,,,,,,,,,,,,,
q12_rho0.70_sensing_b3,12,0.7,sensing,3,10,0,40,cost2,mem2,gru-w4-l0.01-h2,gru-w4-l0.01-h2|gru-w4-l0.01-h2|gru-w4-l0.01-h2|gru-w4-l0.01-h2|gru-w4-l0.01-h2,1.9880591590606325,0.3096079656724763,0.85,1.9880591590606325,2.090456844644522,1.601047528917367,6.395503516990453,0.32455984750676936,1.572248263005107,1.6993595433484685,1.148977962228699,11.233132497425494,0.20494301770789028,1.8969052438538796,2.0085205292652493,1.4957236638171216,7.165304032116838,0.29723779426841757,1.9638817354175444,2.0688791984068367,1.5727875977726395,6.586662327054694,0.3173197289821382,1.3703406084335992,2.511127326349314,0.29333062550813,,,,,,,,,,1.0,,,,,,,,,,,,,,,,,,,,,,,,,,,,,,,,,,,,,,,,,,,,,,,,,,,,,,,,,,,,,,,,0.0,0.6931471805599453,1.9880591590606325,0.3096079656724763,0.646797830279965,0.538045853219032,0.0,116.0,116.0,,,,,,,,,,,,,,,,,,,,,,,,,,,,
q12_rho0.70_sensing_b3,12,0.7,sensing,3,10,0,40,cost2,mem4,gru-w4-l0.01-h4,gru-w4-l0.01-h4|gru-w4-l0.01-h4|gru-w4-l0.01-h4|gru-w4-l0.01-h4|gru-w4-l0.01-h4,2.0837443495445824,0.2699673565197181,0.9125,2.0837443495445824,2.112735994062251,1.8618744517050108,4.433203027736344,0.3626880869213088,1.691237484014449,1.794870664592721,1.3022769733382848,8.627709887896309,0.21832140330465205,2.00421975700519,2.052616343103084,1.724496326055705,5.019284135040785,0.32938873748858305,2.0630777440695156,2.0970687860135326,1.8244949548533789,4.575651538455919,0.35385248364595984,1.254823359142529,2.787671443939163,0.3840125337077897,,,,,,,,,,1.0,,,,,,,,,,,,,,,,,,,,,,,,,,,,,,,,,,,,,,,,,,,,,,,,,,,,,,,,,,,,,,,,,,,,,,,,,0.0,0.6931471805599453,2.0837443495445824,0.2699673565197181,0.7778812022711241,0.5039981466784129,0.0,116.0,116.0,,,,,,,,,,,,,,,,,,,
q12_rho0.70_sensing_b3,12,0.7,sensing,3,1,0,40,cost2,main,linear-l0.01,linear-l0.01|linear-l0.01|linear-l0.1|flat-w8-l0.01|linear-l0.01,0.18470143349689086,0.6492241813727029,0.65,0.18470143349689086,0.18734745120574464,0.11370826997546009,34.41913531370008,0.05097721932955722,0.17768729228666155,0.18000867656555788,0.11108814983666596,34.86521098323689,0.04968895612980746,0.1835111733461647,0.1860997155672487,0.11327446192890422,34.496233699888734,0.05076010994122343,0.1844014658846484,0.18703291117611115,0.11359927146609368,34.43862008814633,0.05092253519966646,0.03584636922597728,0.3391133535640972,0.07978845182880366,0.0,0.6931471805599453,,,,,0.0,,,0.08,0.21417029382772598,0.6404978560409218,0.09118203327904037,0.6696735003299134,0.01929554540856463,0.6882736080327322,0.003071974560874299,0.6923772645417651,0.10269065039628211,0.6660402092156005,0.11535288691261276,0.6624831016833814,0.03786325371202903,0.6834679998824947,0.008101556765403075,0.6911059755702297,0.17505566077203832,0.6510010404497784,0.1692167175209876,0.6543459935239627,0.006868802883290959,0.6914173331231727,0.0035611387897396566,0.6922583529460725,0.011723535232999507,0.6901833547935619,-0.0004918710279201404,0.6941953439327716,-1.1849449047668381e-05,0.6931501083693503,0.002961407229029972,0.6923983005680469,0.0034575731981716816,0.6922689414721389,-0.000442793780503245,0.6932567404195644,7.0,7.0,7.0,7.0,28.0,28.0,28.0,28.0,33.0,65.0,33.0,65.0,113.0,321.0,113.0,321.0,113.0,113.0,,,,,,,,,,,,,,,,,,,,,,,,,,,,,,,,,,,,,,,,,,,,,,
q12_rho0.70_sensing_b3,12,0.7,sensing,3,5,0,40,cost2,main,quadratic-l0.1,quadratic-l0.1|quadratic-l0.1|quadratic-l0.1|quadratic-l1|quadratic-l0.1,1.0104527605999842,0.5396679255664731,0.7,1.0104527605999842,1.0518475677508023,0.7496299496475699,25.947741071746332,0.0797502969684153,0.7163319644648591,0.754535126234568,0.4647751684389122,27.373639152147017,0.07499675773878606,0.9304753691928788,0.9713282142566271,0.6711946486394729,26.19151566033801,0.07892502065869068,0.9880460537394888,1.029304683551711,0.7276095590647559,26.009182224671736,0.07954159858566301,0.5670757186120795,1.516887543516353,0.24433483563769173,0.0,0.6931471805599453,,,,,0.0,,,0.22,0.16332750791300205,0.625427703659542,0.16250383344338082,0.6488109476597768,0.05418804236544643,0.6792448676513972,0.009048791479163872,0.6908778103475587,1.5458708013975357,0.5271128259457944,1.1371774477412557,0.525080456140725,0.48547581333420686,0.5929078062063643,0.09845537283840729,0.6694011741488195,0.6775467007103382,0.5991322149800726,0.8658782067391492,0.5873884967657329,0.22018200796905343,0.6419524838683266,0.23272132661129988,0.6397756004409648,0.5455226476181612,0.5803344055367504,0.8632947514475362,0.54239679235238,0.0203909792931695,0.6879989901572447,0.021604865496499367,0.6876188626472512,0.12737168743225608,0.6596229762395602,0.0010418730127644716,0.6928876191106127,7.0,7.0,7.0,7.0,28.0,28.0,28.0,28.0,81.0,161.0,81.0,161.0,113.0,321.0,113.0,321.0,113.0,113.0,,,,,,,,,,,,,,,,,,,,,,,,,,,,,,,,,,,,,,,,,,,,,,
q12_rho0.70_sensing_b3,12,0.7,sensing,3,10,0,40,endpoint,main,quadratic-l0.1,quadratic-l0.1|quadratic-l0.1|quadratic-l0.1|quadratic-l0.1|quadratic-l1,0.23861875658641712,0.4545284239735281,0.8125,,,,,,,,,,,,,,,,,,,,,0.16244685857358077,0.31606040976120453,0.03929260633636764,0.0,0.6931471805599453,,,,,0.0,,,0.55,0.11687412856613735,0.576273051993808,0.11910315335071515,0.57404402720923,0.0685627504102687,0.6245844301496766,0.011593849669929114,0.6815533308900162,0.29910704735362154,0.3940401332063237,0.27630869176494166,0.4168384887950037,0.15345364537631295,0.5396935351836324,0.03149491912518247,0.6616522614347629,,,,,,,,,,,,,,,,,,,,,3.0,3.0,3.0,3.0,6.0,6.0,6.0,6.0,,,,,,,,,,,,,,,,,,,,,,,,,,,,,,,,,,,,,,0.14313627996861158,0.23861875658641712,0.0,0.23861875658641712,0.0,0.23861875658641712,0.0,0.21422468875922726,0.47892249180071794,0.1988108579705073,0.49433632258943805,0.15003803173115388,0.5431091488287914,0.14732298450684791,0.5458241960530974,17.0,33.0,17.0,33.0
q12_rho0.70_sensing_b3,12,0.7,sensing,3,1,0,40,endpoint,main,quadratic-l0.1,mlp-w4-l0.1|quadratic-l0.1|quadratic-l0.1|quadratic-l0.1|quadratic-l0.1,0.003220035910321449,0.6899271446496238,0.4875,,,,,,,,,,,,,,,,,,,,,-0.015575043003753015,0.02528226806150172,0.010726449247072287,0.0,0.6931471805599453,,,,,0.0,,,0.05,0.007001377219438344,0.686145803340507,0.0032219139841428864,0.6899252665758023,0.0008883479994851063,0.6922588325604602,0.00013350810995649138,0.6930136724499888,0.000948650122092344,0.6921985304378528,0.009433698445889326,0.6837134821140559,0.0038522976387070198,0.6892948829212383,0.0005214030737997977,0.6926257774861455,,,,,,,,,,,,,,,,,,,,,3.0,3.0,3.0,3.0,6.0,6.0,6.0,6.0,,,,,,,,,,,,,,,,,,,,,,,,,,,,,,,,,,,,,,0.24871298846764303,0.003220035910321449,0.0,0.003220035910321449,0.0,0.003220035910321449,0.0,0.005615661603309979,0.6875315189566352,0.00548905425035714,0.6876581263095882,0.0004009590004604616,0.6927462215594848,0.0014234268542749687,0.6917237537056703,17.0,33.0,17.0,33.0
q12_rho0.70_sensing_b3,12,0.7,sensing,3,2,0,40,endpoint,main,linear-l0.1,quadratic-l1|linear-l0.1|linear-l0.1|mlp-w4-l0.1|constant,-0.0024808992068398672,0.6956280797667851,0.575,,,,,,,,,,,,,,,,,,,,,-0.03380365275432529,0.025636194726313868,0.01558543027976368,0.0,0.6931471805599453,,,,,0.0,,,0.0,-0.0022617733949581017,0.6954089539549034,0.010395541254478887,0.6827516393054663,0.009876833498965724,0.6832703470609796,0.0017988110696637125,0.6913483694902816,-0.011757722520123682,0.704904903080069,0.006934904990955335,0.6862122755689899,0.014013762241857495,0.6791334183180877,0.003775982685145182,0.6893711978748001,,,,,,,,,,,,,,,,,,,,,3.0,3.0,3.0,3.0,6.0,6.0,6.0,6.0,,,,,,,,,,,,,,,,,,,,,,,,,,,,,,,,,,,,,,0.24987653312418057,-0.0024808992068398672,0.0,-0.0024808992068398672,0.0,-0.0024808992068398672,0.0,0.01641141717732949,0.6767357633826159,0.014259714828425928,0.6788874657315194,0.01552412870403604,0.6776230518559092,0.005992856684443561,0.6871543238755018,17.0,33.0,17.0,33.0
q12_rho0.70_sensing_b3,12,0.7,sensing,3,3,0,40,endpoint,main,quadratic-l1,quadratic-l1|quadratic-l1|mlp-w4-l0.01|mlp-w4-l0.1|mlp-w4-l0.1,0.017733264874568555,0.6754139156853768,0.625,,,,,,,,,,,,,,,,,,,,,-0.011072362618270437,0.04387292038967459,0.013965227039679621,0.0,0.6931471805599453,,,,,0.0,,,0.0,-0.0007455416048831737,0.6938927221648286,0.008749126432239605,0.6843980541277057,0.009986360701983327,0.683160819857962,0.0018972535766371228,0.6912499269833082,0.04229854882357089,0.6508486317363744,0.052322627330098626,0.6408245532298467,0.030689109121693637,0.6624580714382516,0.006648819075161344,0.6864983614847839,,,,,,,,,,,,,,,,,,,,,3.0,3.0,3.0,3.0,6.0,6.0,6.0,6.0,,,,,,,,,,,,,,,,,,,,,,,,,,,,,,,,,,,,,,0.24061159166846596,0.017733264874568555,0.0,0.017733264874568555,0.0,0.017733264874568555,0.0,0.02914311987037858,0.6640040606895667,0.032032179646569355,0.6611150009133759,0.018444517895483445,0.6747026626644619,0.008917408036347252,0.684229772523598,17.0,33.0,17.0,33.0
q12_rho0.70_sensing_b3,12,0.7,sensing,3,4,0,40,endpoint,main,mlp-w4-l0.01,quadratic-l1|mlp-w4-l0.01|mlp-w4-l0.01|mlp-w4-l0.01|mlp-w4-l0.1,0.009605185723590221,0.6835419948363551,0.6,,,,,,,,,,,,,,,,,,,,,-0.02635438538848507,0.04232652162277361,0.017268975070754904,0.0,0.6931471805599453,,,,,0.0,,,0.05,-0.0008402458020181941,0.6939874263619634,0.0036783810363808004,0.6894687995235644,0.005037087869455939,0.6881100926904894,0.000982387603858624,0.6921647929560867,0.03512914964264821,0.658018030917297,0.03988665870429068,0.6532605218556545,0.0208382312736232,0.6723089492863221,0.004333144311247682,0.6888140362486975,,,,,,,,,,,,,,,,,,,,,3.0,3.0,3.0,3.0,6.0,6.0,6.0,6.0,,,,,,,,,,,,,,,,,,,,,,,,,,,,,,,,,,,,,,0.24407464172366203,0.009605185723590221,0.0,0.009605185723590221,0.0,0.009605185723590221,0.0,0.014438212532118893,0.6787089680278264,0.011047149847252264,0.682100030712693,0.013667503706551742,0.6794796768533935,0.004436697673526847,0.6887104828864185,17.0,33.0,17.0,33.0
q12_rho0.70_sensing_b3,12,0.7,sensing,3,5,0,40,endpoint,main,quadratic-l0.1,linear-l0.1|quadratic-l0.01|quadratic-l1|quadratic-l0.1|quadratic-l0.1,0.0285461762942766,0.6646010042656687,0.625,,,,,,,,,,,,,,,,,,,,,-0.049372790117884036,0.09883030406373564,0.03834504195447057,0.0,0.6931471805599453,,,,,0.0,,,0.0,0.03121630379379728,0.6619308767661479,0.032096571534716525,0.6610506090252288,0.01926896272759441,0.6738782178323508,0.0032855420501463244,0.689861638509799,0.06211456764400673,0.6310326129159385,0.06387195276440619,0.629275227795539,0.040588745751751,0.6525584348081943,0.00921836838463707,0.6839288121753082,,,,,,,,,,,,,,,,,,,,,3.0,3.0,3.0,3.0,6.0,6.0,6.0,6.0,,,,,,,,,,,,,,,,,,,,,,,,,,,,,,,,,,,,,,0.2322253286568566,0.0285461762942766,0.0,0.0285461762942766,0.0,0.0285461762942766,0.0,0.05312641327496701,0.6400207672849783,0.0469687029542709,0.6461784776056744,0.027693727988265214,0.6654534525716802,0.025734694170880666,0.6674124863890646,17.0,33.0,17.0,33.0
q12_rho0.70_sensing_b3,12,0.7,sensing,3,6,0,40,endpoint,main,quadratic-l0.1,quadratic-l0.1|linear-l0.1|quadratic-l0.1|quadratic-l1|linear-l0.1,0.09641713688891362,0.5967300436710316,0.725,,,,,,,,,,,,,,,,,,,,,0.033436913175424854,0.1636637674695418,0.03368040910962658,0.0,0.6931471805599453,,,,,0.0,,,0.45,0.07689582557742362,0.6162513549825217,0.07828455841949608,0.6148626221404493,0.04575301690514952,0.6473941636547957,0.007763932432915855,0.6853832481270293,0.13781676450388858,0.5553304160560567,0.13151471633503425,0.561632464224911,0.08573586312047969,0.6074113174394655,0.019625669481885925,0.6735215110780594,,,,,,,,,,,,,,,,,,,,,3.0,3.0,3.0,3.0,6.0,6.0,6.0,6.0,,,,,,,,,,,,,,,,,,,,,,,,,,,,,,,,,,,,,,0.203292373815786,0.09641713688891362,0.0,0.09641713688891362,0.0,0.09641713688891362,0.0,0.12237411183443196,0.5707730687255133,0.12149772069419296,0.5716494598657522,0.07556805442454076,0.6175791261354046,0.07355816602166347,0.6195890145382819,17.0,33.0,17.0,33.0
q12_rho0.70_sensing_b3,12,0.7,sensing,3,7,0,40,endpoint,main,quadratic-l0.1,quadratic-l0.1|quadratic-l0.1|quadratic-l0.1|quadratic-l0.1|quadratic-l0.1,0.2096017705613323,0.483545409998613,0.775,,,,,,,,,,,,,,,,,,,,,0.1234140218325799,0.29312481053145223,0.04213375252504114,0.0,0.6931471805599453,,,,,0.0,,,0.5,0.05447136534250526,0.63867581521744,0.06002114256293591,0.6331260379970094,0.038208007820460174,0.6549391727394851,0.00660728279981722,0.686539897760128,0.224169277202366,0.4689779033575793,0.2096017705613323,0.483545409998613,0.10783187588743615,0.585315304672509,0.02193017291542852,0.6712170076445167,,,,,,,,,,,,,,,,,,,,,3.0,3.0,3.0,3.0,6.0,6.0,6.0,6.0,,,,,,,,,,,,,,,,,,,,,,,,,,,,,,,,,,,,,,0.1547820787160062,0.2096017705613323,0.0,0.2096017705613323,0.0,0.2096017705613323,0.0,0.1688677227362707,0.5242794578236746,0.2010106078197646,0.49213657274018063,0.08090836740326028,0.612238813156685,0.08892339713175959,0.6042237834281857,17.0,33.0,17.0,33.0
q12_rho0.70_sensing_b3,12,0.7,sensing,3,8,0,40,endpoint,main,quadratic-l0.1,quadratic-l0.1|quadratic-l0.1|quadratic-l0.1|quadratic-l0.1|quadratic-l0.1,0.3081019220597369,0.3850452585002084,0.85,,,,,,,,,,,,,,,,,,,,,0.2087319999283876,0.39960432946580643,0.04763551752058587,0.0,0.6931471805599453,,,,,0.0,,,0.95,0.1032116136363058,0.5899355669236395,0.10601581192642229,0.5871313686335229,0.06186523317730813,0.6312819473826371,0.010505111783741384,0.682642068776204,0.33618380552652544,0.3569633750334199,0.3081019220597369,0.3850452585002084,0.16017912463583384,0.5329680559241115,0.03232782708040603,0.6608193534795392,,,,,,,,,,,,,,,,,,,,,3.0,3.0,3.0,3.0,6.0,6.0,6.0,6.0,,,,,,,,,,,,,,,,,,,,,,,,,,,,,,,,,,,,,,0.11395388208019268,0.3081019220597369,0.0,0.3081019220597369,0.0,0.3081019220597369,0.0,0.2540137850781975,0.4391333954817478,0.27852341142107584,0.4146237691388694,0.16332035760019206,0.5298268229597533,0.16203046929317572,0.5311167112667696,17.0,33.0,17.0,33.0
q12_rho0.70_sensing_b3,12,0.7,sensing,3,9,0,40,endpoint,main,quadratic-l0.1,quadratic-l0.1|quadratic-l0.1|quadratic-l0.1|quadratic-l0.1|quadratic-l0.1,0.30964903026120477,0.38349815029874057,0.8375,,,,,,,,,,,,,,,,,,,,,0.21740194311127842,0.395429858801225,0.04427591507700994,0.0,0.6931471805599453,,,,,0.0,,,0.8,0.0972926547420236,0.5958545258179218,0.10235472212657748,0.5907924584333678,0.060104307521064146,0.6330428730388811,0.010194444226810808,0.6829527363331345,0.3382744290703349,0.35487275148961045,0.30964903026120477,0.38349815029874057,0.1598689810356222,0.5332781995243231,0.03169453369913296,0.6614526468608123,,,,,,,,,,,,,,,,,,,,,3.0,3.0,3.0,3.0,6.0,6.0,6.0,6.0,,,,,,,,,,,,,,,,,,,,,,,,,,,,,,,,,,,,,,0.11581209718145072,0.30964903026120477,0.0,0.30964903026120477,0.0,0.30964903026120477,0.0,0.24289406268038718,0.45025311787955824,0.24251801367951115,0.4506291668804342,0.14846147835785023,0.544685702202095,0.14592769826269858,0.5472194822972467,17.0,33.0,17.0,33.0
q12_rho0.70_sensing_b3,12,0.7,sensing,3,10,0,40,mixture,diag,quadratic-l0.1,quadratic-l0.1|quadratic-l0.1|quadratic-l0.1|quadratic-l0.1|quadratic-l0.1,1.0212493339015318,0.5314144541655061,0.71875,1.0212493339015318,1.0512889762672453,0.7957423850385869,19.165182575509025,0.15748351435142618,0.7808905754522585,0.816975328795351,0.5357451068410335,23.125428903561236,0.1239272324073234,0.9639355844986724,0.9953504639844823,0.7337678864270571,19.921096594338138,0.15055452233210115,1.0057694963544566,1.036171644059711,0.7790219506917,19.35932255045473,0.1556773363771841,0.7331906771824994,1.274494580708533,0.13497024385673934,0.0,0.6931471805599453,,,,,0.0,,,0.2,0.6005383258903538,0.5854629770141155,0.29498800162442246,0.6278393813565394,0.09627232999289607,0.6692478742074519,0.017002652610741523,0.6888991820935544,1.5072564249551665,0.5147595220638436,1.0212493339015318,0.5314144541655061,0.48061837354702286,0.5930746636375936,0.10929274231856945,0.6666533010077288,,,,,,,,,0.6812070077331376,0.5644278556366488,,,0.09092321472133105,0.6699738521076495,,,,,,,7.0,7.0,7.0,7.0,28.0,28.0,28.0,28.0,,,,,113.0,,113.0,,,,,,,,,,,,,,,,,,,,,,,,,,,,,,,,,,,,,,,,,,,,,,,,,
q12_rho0.70_sensing_b3,12,0.7,sensing,3,1,0,40,mixture,diag,linear-l0.1,linear-l0.1|linear-l0.1|linear-l0.1|linear-l0.01|linear-l0.1,0.12290301210958812,0.6632090773399855,0.575,0.12290301210958812,0.12345003226661509,0.09019040235065333,36.495427479755335,0.04256364029016377,0.12019919174072295,0.12066550867384992,0.089970220538472,36.67755894270671,0.04202821999413264,0.12246690845268063,0.12299984979085954,0.09017337314933105,36.52639230204145,0.04247511795111986,0.12279394682574123,0.12333740248604382,0.09018691268190256,36.50323803910579,0.04254140387575722,0.02941582884652728,0.22036438681639858,0.04842273464565927,0.0,0.6931471805599453,,,,,0.0,,,0.0,0.2051856042443542,0.6483297842011805,0.11061844085129371,0.6655728165035154,0.0290600588669881,0.6856554504452731,0.005283315752002022,0.691815166423333,0.18008040567702632,0.6668435386524737,0.17123954218432114,0.6560930402753963,0.07482548480968855,0.6744591447179985,0.017760739040141773,0.6886205818915833,,,,,,,,,0.01685683673793496,0.6885458346323272,,,0.0008210563106284763,0.6929429937114296,,,,,,,7.0,7.0,7.0,7.0,28.0,28.0,28.0,28.0,,,,,113.0,,113.0,,,,,,,,,,,,,,,,,,,,,,,,,,,,,,,,,,,,,,,,,,,,,,,,,
q12_rho0.70_sensing_b3,12,0.7,sensing,3,5,0,40,mixture,diag,linear-l0.01,linear-l0.01|linear-l0.01|quadratic-l0.1|linear-l0.01|linear-l0.01,0.21344814064971512,0.6419942292071692,0.54375,0.21344814064971512,0.21429081049451304,0.2550647208754523,28.60671038123471,0.08041400131183736,0.17779119558072504,0.17838253333493737,0.21257659492167114,30.275848854920536,0.071181346042327,0.20566914675305914,0.20645696999377705,0.2458905041491346,28.90569483976292,0.07868872144223392,0.21138883496471697,0.2122169632346439,0.2526399145404127,28.68257628660836,0.07997240827942671,-0.0240517528973583,0.43264327516239065,0.11669813298747825,0.0,0.6931471805599453,,,,,0.0,,,0.2,0.19576450075360174,0.6376744335429667,0.09105831814524139,0.6682464892386765,0.015685796725064913,0.6891244844905424,0.001720999935542067,0.6927150599792967,0.6560333760403279,0.6046709544397479,0.46365217108244783,0.6107137668275483,0.18624539819679625,0.6518823329825547,0.03184652486738625,0.6853671020164349,,,,,,,,,0.29730325602006796,0.6258390231852242,,,0.0004413880778162821,0.6930229073503427,,,,,,,7.0,7.0,7.0,7.0,28.0,28.0,28.0,28.0,,,,,113.0,,113.0,,,,,,,,,,,,,,,,,,,,,,,,,,,,,,,,,,,,,,,,,,,,,,,,,
q12_rho0.70_sensing_b3,12,0.7,sensing,3,10,0,40,pathinfo,diag,quadratic-l0.1,quadratic-l0.1|quadratic-l0.1|quadratic-l0.1|quadratic-l0.1|quadratic-l0.1,0.4490925047642542,0.2440546757956911,0.8875,,,,,,,,,,,,,,,,,,,,,0.3698422068624084,0.5186908965759681,0.037543409358603314,0.0,0.6931471805599453,,,,,0.0,,,0.6,0.1589043167976815,0.5342428637622637,0.15699533966666546,0.5361518408932799,0.08795332028929095,0.6051938602706544,0.0181337534979246,0.6750134270620206,0.4858218149232313,0.20732536563671394,0.4490925047642542,0.2440546757956911,0.28714231930431316,0.4060048612556321,0.0870840420708747,0.6060631384890706,,,,,,,,,0.33163717325703423,0.36151000730291105,,,0.1608070371576494,0.5323401434022959,,,,,,,7.0,7.0,7.0,7.0,28.0,28.0,28.0,28.0,,,,,113.0,,113.0,,,,,,,,,,,,,,,,,,,,,,,,,,,,,,,0.07268776084572222,0.4490925047642542,0.0,0.4490925047642542,0.0,0.4490925047642542,0.0,,,,,,,,,,,,
q12_rho0.70_sensing_b3,12,0.7,sensing,3,1,0,40,pathinfo,diag,constant,constant|linear-l0.1|constant|linear-l0.01|quadratic-l1,0.002706603954612681,0.6904405766053326,0.4875,,,,,,,,,,,,,,,,,,,,,-0.008113977310410955,0.015000456806693813,0.00604300313595891,0.0,0.6931471805599453,,,,,0.0,,,0.0,0.01760525368808679,0.6755419268718585,0.006917955066776102,0.6862292254931692,0.001572347127681012,0.6915748334322643,0.0002534312913070491,0.6928937492686382,0.011391192326370314,0.6817559882335751,0.01696163245944642,0.6761855481004988,0.01046531681408332,0.6826818637458619,0.002281559145128813,0.6908656214148166,,,,,,,,,0.0020615054856895783,0.6910856750742557,,,5.14589128181156e-05,0.6930957216471272,,,,,,,7.0,7.0,7.0,7.0,28.0,28.0,28.0,28.0,,,,,113.0,,113.0,,,,,,,,,,,,,,,,,,,,,,,,,,,,,,,0.24879663610900207,0.002706603954612681,0.0,0.002706603954612681,0.0,0.002706603954612681,0.0,,,,,,,,,,,,
q12_rho0.70_sensing_b3,12,0.7,sensing,3,5,0,40,pathinfo,diag,quadratic-l1,quadratic-l1|quadratic-l0.1|linear-l0.1|constant|quadratic-l1,-0.0010973346131073398,0.6942445151730526,0.65,,,,,,,,,,,,,,,,,,,,,-0.12211248999819403,0.09609972197360978,0.05437072218203424,0.0,0.6931471805599453,,,,,0.0,,,0.1,0.037106485499039964,0.6560406950609053,0.04387981064316748,0.6492673699167778,0.02398662286633769,0.6691605576936076,0.004953228102018856,0.6881939524579265,0.00040416266829986224,0.6927430178916454,0.09021491147718494,0.6029322690827603,0.07690447796223636,0.6162427025977089,0.02444738707940401,0.6686997934805412,,,,,,,,,0.048015146776945496,0.6451320337829998,,,0.015302974178863523,0.6778442063810817,,,,,,,7.0,7.0,7.0,7.0,28.0,28.0,28.0,28.0,,,,,113.0,,113.0,,,,,,,,,,,,,,,,,,,,,,,,,,,,,,,0.23734401666981345,-0.0010973346131073398,0.0,-0.0010973346131073398,0.0,-0.0010973346131073398,0.0,,,,,,,,,,,,
q12_rho1.00_always_b12,12,1.0,always,12,10,0,38,cost0,direct,gru_direct-w4-l0.01-cap5,gru_direct-w4-l0.01-cap5|gru_direct-w4-l0.01-cap5|gru_direct-w4-l0.01-cap5|gru_direct-w4-l0.01-cap5|gru_direct-w4-l0.01-cap5,5.0992468817895285,0.044016658229621176,1.0,5.0992468817895285,6.668393994480956,4.1824977932932645,8.56561749228194,0.3053300637943405,2.748258505345685,3.592279287510349,1.9398406431315016,25.706019172098266,0.13267987659932406,4.318992057514992,5.715541810902286,3.419665156579743,11.714030030954287,0.2524906899923556,4.866995211812041,6.39046148113545,3.954509617413721,9.324645435308572,0.29045514823760626,5.047720550150392,5.136384260472381,0.023914830909753174,0.0,0.6931471805599454,5.0992468817895285,0.044016658229621176,4.9625264781697735,0.053328484053444904,0.0,113.0,113.0,1.0,,,,,,,,,,,,,,,,,,,,,,,,,,,,,,,,,,,,,,,,,,,,,,,,,,,,,,,,,,,,,,,,,,,,,,,,,,,,,,,,,,,,,,,,,,,,,,,,,,,,
q12_rho1.00_always_b12,12,1.0,always,12,10,0,38,cost0,main,quadratic-l0.01,quadratic-l0.01|quadratic-l0.01|quadratic-l0.01|quadratic-l0.01|quadratic-l0.01,7.096049338495146,0.005221808002802986,1.0,7.096049338495146,11.381788294954731,6.101138461129053,32.0040955478458,0.07200436658722616,2.8407989229110826,3.9586334525059055,1.9789057630508133,37.99708381679779,0.027243926315739086,5.11228915782565,8.061544466354741,4.131940613709199,37.08001126509344,0.041757587777915446,6.388816078142063,10.243584081563466,5.396668640059644,34.387663558056786,0.05947438540399753,6.712033096848456,7.435811749075788,0.18124002549117701,0.0,0.6931471805599454,,,,,0.0,,,0.9,6.606371723089715,0.02302576620819804,3.6624858966801046,0.10159261446700052,1.5513078998533434,0.34121963950521617,0.3088488940016057,0.6164708935108072,7.096049338495146,0.005221808002802986,4.870377612651705,0.03002864018279782,2.8022746998791446,0.14775629153591907,0.9720456553837052,0.45830273958428214,4.08256867752031,0.04909673035506735,5.24487624455822,0.0234902322341585,3.2544231611416015,0.10274042930124623,3.793900552261802,0.07343132742115696,4.139422262976713,0.04627406120576816,4.928774832190583,0.02727547070367156,2.9031053975329484,0.14320344180310707,3.290936881230187,0.11475617626543355,3.2998477190639126,0.12408566606429555,2.0687258252004304,0.2665185479513833,7.0,7.0,7.0,7.0,28.0,28.0,28.0,28.0,141.0,281.0,141.0,281.0,113.0,321.0,113.0,321.0,113.0,113.0,,,,,,,,,,,,,,,,,,,,,,,,,,,,,,,,,,,,,,,,,,,,,,
q12_rho1.00_always_b12,12,1.0,always,12,10,0,38,cost0,mem1,gru-w4-l0.01-h1,gru-w4-l0.01-h1|gru-w4-l0.01-h1|gru-w4-l0.01-h1|gru-w4-l0.01-h1|gru-w4-l0.01-h1,3.74362571298811,0.0698066859195677,1.0,3.74362571298811,5.4763508521398165,2.813365420506209,37.39888981473358,0.029957345701367058,2.552408427807759,3.467107497517744,1.7281037842011375,37.964710364502835,0.027204348254845714,3.4350691253525354,4.959645090949516,2.522477173408386,37.64256660326723,0.029095419593979016,3.658519975308258,5.33457806061047,2.7326505265605263,37.47340079836243,0.02971221052218718,3.5433968802693134,3.9305372636594655,0.10059227654560832,,,,,,,,,,1.0,,,,,,,,,,,,,,,,,,,,,,,,,,,,,,,,,,,,,,,,,,,,,,,,,,,,,,,0.0,0.6931471805599454,3.74362571298811,0.0698066859195677,2.0344960001231764,0.2508778269161492,0.0,116.0,116.0,,,,,,,,,,,,,,,,,,,,,,,,,,,,,,,,,,,,,
q12_rho1.00_always_b12,12,1.0,always,12,10,0,38,cost0,mem2,gru-w4-l0.01-h2,gru-w4-l0.01-h2|gru-w4-l0.01-h2|gru-w4-l0.01-h2|gru-w4-l0.01-h2|gru-w4-l0.01-h2,3.950904509671623,0.059997298537528866,1.0,3.950904509671623,5.848494016750701,3.0093820846399204,37.46646610404815,0.029971296558614212,2.5995048013796183,3.547200159661347,1.7683343198180022,37.97681046508421,0.027080200785072967,3.58944193363518,5.235199485115192,2.666041987618173,37.70486942613161,0.029007350211411456,3.850316058894389,5.678645175329754,2.9132684372139863,37.54161898992364,0.029692275446990036,3.734609257244343,4.12894973365667,0.10033752643524396,,,,,,,,,,1.0,,,,,,,,,,,,,,,,,,,,,,,,,,,,,,,,,,,,,,,,,,,,,,,,,,,,,,,,,,,,,,,,0.0,0.6931471805599454,3.950904509671623,0.059997298537528866,2.481394226991103,0.18936748894371436,0.0,116.0,116.0,,,,,,,,,,,,,,,,,,,,,,,,,,,,
q12_rho1.00_always_b12,12,1.0,always,12,10,0,38,cost0,mem4,gru-w4-l0.01-h4,gru-w4-l0.01-h4|gru-w4-l0.01-h4|gru-w4-l0.01-h4|gru-w4-l0.01-h4|gru-w4-l0.01-h4,4.029727508622847,0.05536386356099613,0.9868421052631579,4.029727508622847,6.0759987773912645,3.079699148922897,37.76405646616582,0.02866965670289565,2.618060086030328,3.5913611213135024,1.7817833343283902,37.992289676225035,0.026742908384777192,3.6524245321222506,5.40359465869461,2.720796074781783,37.87840359456812,0.027992131169623104,3.924890929226699,5.8892013576418405,2.9793761837058774,37.801182625166504,0.028470423184646775,3.8236249707528307,4.1675378694646,0.09326435911351107,,,,,,,,,,1.0,,,,,,,,,,,,,,,,,,,,,,,,,,,,,,,,,,,,,,,,,,,,,,,,,,,,,,,,,,,,,,,,,,,,,,,,,0.0,0.6931471805599454,4.029727508622847,0.05536386356099613,2.756853643746973,0.1568567911086073,0.0,116.0,116.0,,,,,,,,,,,,,,,,,,,
q12_rho1.00_always_b12,12,1.0,always,12,1,0,38,cost0,main,linear-l0.1,linear-l0.1|constant|quadratic-l0.1|quadratic-l1|linear-l0.1,-0.2298456360749612,0.7324912576775924,0.5,-0.2298456360749612,-0.1972347848196822,0.0477275276670313,23.383507512825396,0.1307830520503797,-0.15965790539555624,-0.1420689366892093,0.03980464565281503,28.457764855008964,0.0940682515021669,-0.21397533738090244,-0.1850439991175612,0.04623326784707184,24.48426296509802,0.12241197257376005,-0.22562760361554507,-0.1940099913088719,0.047344099575704714,23.672507538215967,0.12855841270878393,-0.5659080184430157,0.037181733895990304,0.1554007286023697,0.0,0.6931471805599454,,,,,0.0,,,0.02,-0.1621812353549113,0.7076892818399808,-0.12597036413943047,0.7088561567600264,-0.02418648883091328,0.6975964843521648,-0.0012774151628957885,0.6934458562817045,-0.04893106497489011,0.689954807224148,0.041235077309629935,0.6814734914383953,0.02063690632052607,0.6890158200379882,0.0011838205720809986,0.692756924269016,-0.11096303812638116,0.7188453217819407,-0.06856252036246309,0.7103509561083042,-0.003838688059296158,0.6940609820745538,-0.011071989243957782,0.6958024584869826,-0.0724782422295437,0.7101482718307462,-0.09595910769161607,0.7168876122077077,-0.0006472486763154519,0.6933042377507131,-0.0005200564528752488,0.6932753759645073,-0.006057869647245356,0.6944947573096878,-0.00036695931485332764,0.6932378218777986,7.0,7.0,7.0,7.0,28.0,28.0,28.0,28.0,33.0,65.0,33.0,65.0,113.0,321.0,113.0,321.0,113.0,113.0,,,,,,,,,,,,,,,,,,,,,,,,,,,,,,,,,,,,,,,,,,,,,,
q12_rho1.00_always_b12,12,1.0,always,12,5,0,38,cost0,main,quadratic-l0.01,quadratic-l0.01|quadratic-l0.01|quadratic-l0.01|quadratic-l0.01|quadratic-l0.01,8.734932683201531,0.03650366133319518,0.9868421052631579,8.734932683201531,10.310455278697898,7.817606820213814,2.3276466433794285,0.5912089958153547,2.7288121446921707,3.51758492903367,1.9340631122065046,12.60675486681758,0.2336428300473866,5.149584709292574,6.575516391044576,4.247027601930208,3.2326179100153296,0.5000282124464482,7.12360194101869,8.666071012032655,6.209314444333398,2.503045415172281,0.5698013177920509,7.8338253886080595,9.626226367868298,0.4606489233892382,0.0,0.6931471805599454,,,,,0.0,,,0.9,7.033365974409638,0.050637435571866424,3.4726014104794647,0.1518953800536649,1.3425341118390284,0.3947077979566156,0.2556963288656352,0.6300248770943612,8.734932683201531,0.03650366133319518,5.155639849302144,0.06894910719167308,2.6137578895219122,0.20667701013488773,0.8403570135508464,0.4940813850070297,4.12033164515596,0.06887917084203031,5.213689971511648,0.0513689694437296,3.0461254462415854,0.13670198391658436,3.4950017494752164,0.11354959622971128,3.746305281516869,0.10744934143062877,4.564407253342652,0.09173417498738977,2.4930731803226176,0.21424586443745963,2.7620226528694265,0.1966061311094071,2.2255243398427313,0.27762420326591214,0.9539215316063003,0.47216069087276596,7.0,7.0,7.0,7.0,28.0,28.0,28.0,28.0,81.0,161.0,81.0,161.0,113.0,321.0,113.0,321.0,113.0,113.0,,,,,,,,,,,,,,,,,,,,,,,,,,,,,,,,,,,,,,,,,,,,,,
q12_rho1.00_always_b12,12,1.0,always,12,10,0,38,cost2,direct,gru_direct-w4-l0.01-cap5,gru_direct-w4-l0.01-cap5|gru_direct-w4-l0.01-cap5|gru_direct-w4-l0.01-cap5|gru_direct-w4-l0.01-cap5|gru_direct-w4-l0.01-cap5,5.113661910295839,0.040952669606884054,1.0,5.113661910295839,6.800049685014585,4.186970366018683,12.03928707630823,0.23780319699586447,2.7578452630724932,3.642341786805851,1.9401241014472965,31.095064045220447,0.09618797745111984,4.331279850396003,5.821066305986754,3.42209079044198,16.405958319017287,0.1921484484438955,4.880714093117208,6.514630853009681,3.9583032491116064,13.125971941540694,0.22473554145234043,5.073972727868929,5.140330573565043,0.016864458944990765,0.0,0.6931471805599454,5.113661910295839,0.040952669606884054,4.985320778056022,0.04752896999837602,0.0,113.0,113.0,1.0,,,,,,,,,,,,,,,,,,,,,,,,,,,,,,,,,,,,,,,,,,,,,,,,,,,,,,,,,,,,,,,,,,,,,,,,,,,,,,,,,,,,,,,,,,,,,,,,,,,,
q12_rho1.00_always_b12,12,1.0,always,12,10,0,38,cost2,main,quadratic-l0.01,quadratic-l0.01|quadratic-l0.01|quadratic-l0.01|quadratic-l0.01|quadratic-l0.01,6.880635292529284,0.004158817684192073,1.0,6.880635292529284,11.390430847267648,5.8846987050249,33.567907615147384,0.06701631137079059,2.8454870081372605,3.9668356774456557,1.9830320836325976,37.998686411088066,0.02697581289053803,5.074167483209821,8.102679766000126,4.092293882417006,37.452983000741625,0.039050726734579794,6.254095874741944,10.275971321126857,5.260731917898819,35.534064266198016,0.05505100265895569,6.598598552717932,7.161088839970394,0.14306198434910236,0.0,0.6931471805599454,,,,,0.0,,,0.9,6.085678590684376,0.018377569971352283,3.6271636960965923,0.0877491082574209,1.6020019877959215,0.32687022095240903,0.3219044907974094,0.6131093737256343,6.880635292529284,0.004158817684192073,4.8180232078891505,0.025983038654080387,2.8405206415986908,0.13672057423472583,1.0070811079012865,0.44917186306085305,4.113497848107828,0.04251221995696609,5.221496666802784,0.016003093466182495,3.2910956256998474,0.0921268048790468,3.815590212875321,0.06206601199605602,4.132588456946837,0.043771978663476464,4.898106346368411,0.023460468061376943,2.945846645573148,0.131749524027644,3.3239991013712014,0.10247546638129267,3.334757401467265,0.11072081437606114,2.167910199445321,0.24222723201258542,7.0,7.0,7.0,7.0,28.0,28.0,28.0,28.0,141.0,281.0,141.0,281.0,113.0,321.0,113.0,321.0,113.0,113.0,,,,,,,,,,,,,,,,,,,,,,,,,,,,,,,,,,,,,,,,,,,,,,
q12_rho1.00_always_b12,12,1.0,always,12,10,0,38,cost2,mem1,gru-w4-l0.01-h1,gru-w4-l0.01-h1|gru-w4-l0.01-h1|gru-w4-l0.01-h1|gru-w4-l0.01-h1|gru-w4-l0.01-h1,3.742453521322185,0.07231660167776388,1.0,3.742453521322185,5.501146294746492,2.810275367039989,37.36828575368205,0.030289817886666966,2.541718654484423,3.4619570763429026,1.7162381278193084,37.96448364685966,0.027263058833109772,3.4353103915385064,4.979275524690106,2.5208827676363343,37.62883606719294,0.02933137905782851,3.6581065838668216,5.358251566173778,2.7303354024225173,37.4484212035069,0.030016330800281477,3.5098586667295204,3.931698843808486,0.10966052488707508,,,,,,,,,,1.0,,,,,,,,,,,,,,,,,,,,,,,,,,,,,,,,,,,,,,,,,,,,,,,,,,,,,,,0.0,0.6931471805599454,3.742453521322185,0.07231660167776388,2.09566079294339,0.23711340315484938,0.0,116.0,116.0,,,,,,,,,,,,,,,,,,,,,,,,,,,,,,,,,,,,,
q12_rho1.00_always_b12,12,1.0,always,12,10,0,38,cost2,mem2,gru-w4-l0.01-h2,gru-w4-l0.01-h2|gru-w4-l0.01-h2|gru-w4-l0.01-h2|gru-w4-l0.01-h2|gru-w4-l0.01-h2,3.920662094436798,0.0610919039481701,1.0,3.920662094436798,5.837252860456565,2.977972057011879,36.94208430354782,0.03168564370945425,2.5867821327025866,3.537831777810224,1.7549319701192523,37.95576211198166,0.02741990622896668,3.5644413318501655,5.22439907237497,2.639873164622617,37.403803728896875,0.030259236046343778,3.8216141707654177,5.667633527406137,2.883389972103883,37.08451013709256,0.03127313614204495,3.692487395308151,4.115245106392539,0.108764611564996,,,,,,,,,,1.0,,,,,,,,,,,,,,,,,,,,,,,,,,,,,,,,,,,,,,,,,,,,,,,,,,,,,,,,,,,,,,,,0.0,0.6931471805599454,3.920662094436798,0.0610919039481701,2.51555670470865,0.18096981980995802,0.0,116.0,116.0,,,,,,,,,,,,,,,,,,,,,,,,,,,,
q12_rho1.00_always_b12,12,1.0,always,12,10,0,38,cost2,mem4,gru-w4-l0.01-h4,gru-w4-l0.01-h4|gru-w4-l0.01-h4|gru-w4-l0.01-h4|gru-w4-l0.01-h4|gru-w4-l0.01-h4,4.014779840512934,0.04905571339448964,1.0,4.014779840512934,6.095092850170076,3.0629941867002692,37.663203361304944,0.029053569072793335,2.6408681017759754,3.6194993852950397,1.8035517766434228,37.989704342874134,0.026796655461310694,3.650895032505614,5.425843905324697,2.7175451295895607,37.827682939366106,0.02825151798657251,3.9138878948652036,5.909224063678293,2.9666159219407304,37.71655327317314,0.028817076186325306,3.875132068102714,4.1324110588859755,0.06654661663484934,,,,,,,,,,1.0,,,,,,,,,,,,,,,,,,,,,,,,,,,,,,,,,,,,,,,,,,,,,,,,,,,,,,,,,,,,,,,,,,,,,,,,,0.0,0.6931471805599454,4.014779840512934,0.04905571339448964,2.7905492679440664,0.14800775412411846,0.0,116.0,116.0,,,,,,,,,,,,,,,,,,,
q12_rho1.00_always_b12,12,1.0,always,12,1,0,38,cost2,main,linear-l0.01,linear-l0.01|constant|linear-l0.01|quadratic-l0.1|linear-l1,0.09758339761516405,0.6695722879083711,0.5526315789473685,0.09758339761516405,0.09917658782690197,0.15509851614718806,33.84300743253816,0.06323236258461805,0.09645647297557343,0.09777343454847132,0.14865993761712848,34.240898032965774,0.059720026084327596,0.09738818810244247,0.09893149502735138,0.15397909006548843,33.913294989050776,0.06261626512254925,0.09753392040148837,0.09911440911179906,0.1548150496700618,33.860844860633236,0.06307619402816157,-0.035332200972902766,0.22600593255291693,0.06583795465503925,0.0,0.6931471805599454,,,,,0.0,,,0.06,-0.05154816687754469,0.6739893654395172,-0.031044369736038312,0.6859279281283555,-0.004667961540970395,0.6922144589907959,0.0021580488256129028,0.6925759014454772,-0.00870394778494539,0.7207907494566319,0.19935751508495897,0.6541300040918107,0.11647359862137392,0.6651682528510762,0.022332099481366753,0.6874352319642573,0.02423407970340556,0.6837243800427825,-0.002596562027725338,0.6879505348573669,0.005858298168137347,0.6915039152530165,0.016259259190535905,0.688934342966928,-0.046859864716466,0.6990042211131083,-0.07589220854989315,0.7038867162059259,0.00030532070890783086,0.6930651183669813,0.0003544384586912086,0.6930525422979081,-0.006614810399651882,0.6943566230010421,-0.000152727133050169,0.6931848606313329,7.0,7.0,7.0,7.0,28.0,28.0,28.0,28.0,33.0,65.0,33.0,65.0,113.0,321.0,113.0,321.0,113.0,113.0,,,,,,,,,,,,,,,,,,,,,,,,,,,,,,,,,,,,,,,,,,,,,,
q12_rho1.00_always_b12,12,1.0,always,12,5,0,38,cost2,main,quadratic-l0.01,quadratic-l0.01|quadratic-l0.01|quadratic-l0.01|quadratic-l0.01|quadratic-l0.01,8.42238755552072,0.023242027587845906,1.0,8.42238755552072,10.877384200342703,7.455022835600477,3.727252233127301,0.40585075897326467,2.784276644031843,3.788620523144151,1.9420547223682318,31.15933005450618,0.08613736753410521,5.265662103494637,7.355702052218079,4.313386349776252,7.497527821410045,0.27872404323117267,7.112145704491414,9.479322051159599,6.147887499306265,4.424872779196389,0.37097524060592246,7.685825600072317,9.080772406587498,0.357426346150116,0.0,0.6931471805599454,,,,,0.0,,,0.92,7.032598192994357,0.04435253733842626,3.605367009967182,0.13139418057921448,1.4406602601426253,0.3705742350446509,0.2797647878999196,0.6238976583373358,8.42238755552072,0.023242027587845906,5.081021011834924,0.057940660467336036,2.6941969833886374,0.18327043061789694,0.8978586496224235,0.47808146966682286,4.191541553153573,0.05523226275035783,5.314622376333045,0.031841633685895786,3.089969181662627,0.12873545672479914,3.5307878323184276,0.1051982994793966,3.8731568559987055,0.08535730729213742,4.673042778748091,0.06762126243513215,2.6198022144808144,0.18422187845151622,2.88869068165314,0.16484094902312046,2.333415556528968,0.24854617802562556,1.064061426600144,0.4500399280058322,7.0,7.0,7.0,7.0,28.0,28.0,28.0,28.0,81.0,161.0,81.0,161.0,113.0,321.0,113.0,321.0,113.0,113.0,,,,,,,,,,,,,,,,,,,,,,,,,,,,,,,,,,,,,,,,,,,,,,
q12_rho1.00_always_b12,12,1.0,always,12,10,0,38,endpoint,main,mlp-w4-l0.1,quadratic-l0.01|mlp-w4-l0.1|mlp-w4-l0.1|mlp-w4-l0.1|mlp-w4-l0.1,-0.02330633118443597,0.7164535117443813,0.5394736842105263,,,,,,,,,,,,,,,,,,,,,-0.10159853043627542,0.035748781015315464,0.035184611583485584,0.0,0.6931471805599454,,,,,0.0,,,0.0,0.003781833485012615,0.6893653470749328,0.004112169812616653,0.6890350107473286,0.0034486189464333454,0.689698561613512,0.0006395689684839988,0.6925076115914613,-0.01711726578590495,0.7102644463458503,0.0006070943857303054,0.6925400861742149,0.004130053127750115,0.6890171274321952,0.0012751814635254966,0.6918719990964198,,,,,,,,,,,,,,,,,,,,,3.0,3.0,3.0,3.0,6.0,6.0,6.0,6.0,,,,,,,,,,,,,,,,,,,,,,,,,,,,,,,,,,,,,,0.25378699151262607,-0.02330633118443597,0.0,-0.02330633118443597,0.0,-0.02330633118443597,0.0,-0.0001461714549166991,0.693293352014862,-0.0031660277921320597,0.6963132083520773,0.006231711722826982,0.6869154688371184,0.002320882675266557,0.6908262978846786,17.0,33.0,17.0,33.0
q12_rho1.00_always_b12,12,1.0,always,12,1,0,38,endpoint,main,mlp-w4-l0.1,mlp-w4-l0.1|mlp-w4-l0.1|linear-l1|linear-l0.1|mlp-w4-l0.1,-0.0005290022013025103,0.6936761827612479,0.5,,,,,,,,,,,,,,,,,,,,,-0.004455654264361281,0.003301511521285437,0.002016880763572323,0.0,0.6931471805599454,,,,,0.0,,,0.0,-0.0046340059709057526,0.6977811865308511,-0.0029148068155655186,0.6960619873755108,-0.0002228507474805697,0.6933700313074259,3.921605404033781e-05,0.693107964505905,-0.019306568750800803,0.712453749310746,-0.009047080723166036,0.7021942612831115,-0.0014725419380040433,0.6946197224979493,4.608075750891914e-06,0.6931425724841945,,,,,,,,,,,,,,,,,,,,,3.0,3.0,3.0,3.0,6.0,6.0,6.0,6.0,,,,,,,,,,,,,,,,,,,,,,,,,,,,,,,,,,,,,,0.2502590019160045,-0.0005290022013025103,0.0,-0.0005290022013025103,0.0,-0.0005290022013025103,0.0,-0.00030275119032677504,0.693449931750272,-0.0012651153358593209,0.6944122958958046,-0.0006874146776840378,0.6938345952376294,7.054708367753541e-05,0.6930766334762678,17.0,33.0,17.0,33.0
q12_rho1.00_always_b12,12,1.0,always,12,2,0,38,endpoint,main,constant,quadratic-l0.1|mlp-w4-l0.01|constant|constant|mlp-w4-l0.1,-0.03318811616932613,0.7263352967292714,0.4868421052631579,,,,,,,,,,,,,,,,,,,,,-0.07686303136698774,0.002190677442926127,0.020435351805511717,0.0,0.6931471805599454,,,,,0.0,,,0.0,-0.0066645199087191995,0.6998117004686644,-0.006099582970540675,0.699246763530486,-0.0022089627861657073,0.695356143346111,-0.0002951960362317944,0.6934423765961771,-0.052337035101294324,0.7454842156612397,-0.03330883455218136,0.7264560151121267,-0.008475400528578349,0.7016225810885237,-0.0010793582287643316,0.6942265387887095,,,,,,,,,,,,,,,,,,,,,3.0,3.0,3.0,3.0,6.0,6.0,6.0,6.0,,,,,,,,,,,,,,,,,,,,,,,,,,,,,,,,,,,,,,0.2644857836555776,-0.03318811616932613,0.0,-0.03318811616932613,0.0,-0.03318811616932613,0.0,-0.006269333555821922,0.6994165141157671,-0.0021283230899003026,0.6952755036498456,-0.0005313408474931707,0.6936785214074385,-0.0019216420185604963,0.6950688225785059,17.0,33.0,17.0,33.0
q12_rho1.00_always_b12,12,1.0,always,12,3,0,38,endpoint,main,linear-l0.1,linear-l0.1|linear-l0.1|linear-l0.1|linear-l1|mlp-w4-l0.1,0.025252338083597458,0.6678948424763479,0.5657894736842105,,,,,,,,,,,,,,,,,,,,,-0.0012038487865029793,0.05309856840033308,0.013843921938634256,0.0,0.6931471805599454,,,,,0.0,,,0.0,0.026324904162300277,0.6668222763976451,0.026264797209448344,0.666882383350497,0.017023029252087353,0.6761241513078581,0.0029925330294331026,0.6901546475305121,0.023513832230060077,0.6696333483298852,0.02264474239115647,0.6705024381687889,0.020858287123898454,0.6722888934360469,0.0054526694716222025,0.687694511088323,,,,,,,,,,,,,,,,,,,,,3.0,3.0,3.0,3.0,6.0,6.0,6.0,6.0,,,,,,,,,,,,,,,,,,,,,,,,,,,,,,,,,,,,,,0.2376812064339413,0.025252338083597458,0.0,0.025252338083597458,0.0,0.025252338083597458,0.0,0.021119910886028662,0.6720272696739167,0.021246813778970156,0.6719003667809752,0.01834612886626612,0.6748010516936793,0.01549015417234114,0.6776570263876042,17.0,33.0,17.0,33.0
q12_rho1.00_always_b12,12,1.0,always,12,4,0,38,endpoint,main,linear-l0.1,linear-l0.1|linear-l1|linear-l0.1|linear-l0.1|mlp-w4-l0.1,0.015482399563664186,0.6776647809962811,0.6052631578947368,,,,,,,,,,,,,,,,,,,,,-0.014348970127340743,0.0438253513014366,0.0148518113633867,0.0,0.6931471805599454,,,,,0.0,,,0.0,0.02132133922065072,0.6718258413392945,0.02274745020123915,0.6703997303587061,0.015078244673236211,0.6780689358867091,0.002639703679544059,0.6905074768804011,0.01841505053538738,0.6747321300245579,0.020528012726551775,0.6726191678333935,0.019907570532525846,0.6732396100274194,0.005177463947509156,0.6879697166124361,,,,,,,,,,,,,,,,,,,,,3.0,3.0,3.0,3.0,6.0,6.0,6.0,6.0,,,,,,,,,,,,,,,,,,,,,,,,,,,,,,,,,,,,,,0.24227875056056303,0.015482399563664186,0.0,0.015482399563664186,0.0,0.015482399563664186,0.0,0.021361039472636217,0.671786141087309,0.02147212884412104,0.6716750517158243,0.019096962512375137,0.6740502180475701,0.013919285068451876,0.6792278954914935,17.0,33.0,17.0,33.0
q12_rho1.00_always_b12,12,1.0,always,12,5,0,38,endpoint,main,linear-l0.1,linear-l0.1|linear-l1|linear-l0.1|linear-l1|linear-l0.1,0.030445644930042075,0.6627015356299032,0.5921052631578947,,,,,,,,,,,,,,,,,,,,,-0.01681205228603259,0.07333986862815639,0.02302739872650802,0.0,0.6931471805599454,,,,,0.0,,,0.0,0.039900704665828235,0.6532464758941171,0.04009313126169666,0.6530540492982486,0.023382168932216018,0.6697650116277294,0.003958397100886167,0.689188783459059,0.02005770334631397,0.6730894772136312,0.02924215413690881,0.6639050264230365,0.028906820219417595,0.6642403603405277,0.0069857249548996025,0.6861614556050457,,,,,,,,,,,,,,,,,,,,,3.0,3.0,3.0,3.0,6.0,6.0,6.0,6.0,,,,,,,,,,,,,,,,,,,,,,,,,,,,,,,,,,,,,,0.23535737792335584,0.030445644930042075,0.0,0.030445644930042075,0.0,0.030445644930042075,0.0,0.03517608080078992,0.6579710997591552,0.03531742202383338,0.6578297585361119,0.026926408361113683,0.6662207721988315,0.025878487486228077,0.6672686930737172,17.0,33.0,17.0,33.0
q12_rho1.00_always_b12,12,1.0,always,12,6,0,38,endpoint,main,constant,linear-l0.1|constant|linear-l1|constant|linear-l1,-0.006913458248828059,0.7000606388087733,0.47368421052631576,,,,,,,,,,,,,,,,,,,,,-0.022426583063130723,0.006676320608485175,0.007346558030759818,0.0,0.6931471805599454,,,,,0.0,,,0.0,-0.0020791633828128584,0.6952263439427582,-0.001215454760894569,0.6943626353208399,0.001028720328360953,0.6921184602315843,0.0002666762868972129,0.692880504273048,-0.008974829440637055,0.7021220100005823,-0.006172179810089856,0.6993193603700352,-0.00046536649891194316,0.6936125470588573,0.00034134585269610107,0.6928058347072493,,,,,,,,,,,,,,,,,,,,,3.0,3.0,3.0,3.0,6.0,6.0,6.0,6.0,,,,,,,,,,,,,,,,,,,,,,,,,,,,,,,,,,,,,,0.25340152783739445,-0.006913458248828059,0.0,-0.006913458248828059,0.0,-0.006913458248828059,0.0,0.002295789532190374,0.690851391027755,-0.00814995161419181,0.701297132174137,0.004190738695369598,0.6889564418645757,-0.0034352373507759424,0.6965824179107213,17.0,33.0,17.0,33.0
q12_rho1.00_always_b12,12,1.0,always,12,7,0,38,endpoint,main,linear-l0.1,mlp-w4-l0.01|linear-l0.1|linear-l0.1|mlp-w4-l0.1|linear-l0.1,0.015478693902889976,0.6776684866570553,0.6052631578947368,,,,,,,,,,,,,,,,,,,,,-0.029142148548023165,0.05686902987429332,0.021936104518393996,0.0,0.6931471805599454,,,,,0.0,,,0.0,0.02657633941886701,0.6665708411410783,0.027489867574892093,0.6656573129850532,0.017362399483910898,0.6757847810760345,0.0029993205378216073,0.6901478600221238,0.018382718064985714,0.6747644624949596,0.022020467877789877,0.6711267126821556,0.0222891814434357,0.6708579991165096,0.0059139682713109445,0.6872332122886343,,,,,,,,,,,,,,,,,,,,,3.0,3.0,3.0,3.0,6.0,6.0,6.0,6.0,,,,,,,,,,,,,,,,,,,,,,,,,,,,,,,,,,,,,,0.24232415928762102,0.015478693902889976,0.0,0.015478693902889976,0.0,0.015478693902889976,0.0,0.01814981771178612,0.6749973628481591,0.01927227288617463,0.6738749076737706,0.019591229896162056,0.6735559506637834,0.016370470051152948,0.6767767105087923,17.0,33.0,17.0,33.0
q12_rho1.00_always_b12,12,1.0,always,12,8,0,38,endpoint,main,linear-l0.1,mlp-w4-l0.01|linear-l1|linear-l0.1|mlp-w4-l0.1|linear-l0.1,0.017916348548913132,0.6752308320110321,0.6052631578947368,,,,,,,,,,,,,,,,,,,,,-0.014412136972515676,0.050615589140174076,0.016821293596189436,0.0,0.6931471805599454,,,,,0.0,,,0.05,0.026426477786494804,0.6667207027734505,0.025461534588948946,0.6676856459709963,0.01498725602593442,0.6781599245340109,0.0025444194968590973,0.6906027610630862,0.019912483175272336,0.673234697384673,0.023826443040995376,0.6693207375189498,0.021104179854033754,0.6720430007059115,0.005440409019240942,0.6877067715407045,,,,,,,,,,,,,,,,,,,,,3.0,3.0,3.0,3.0,6.0,6.0,6.0,6.0,,,,,,,,,,,,,,,,,,,,,,,,,,,,,,,,,,,,,,0.2410718098886031,0.017916348548913132,0.0,0.017916348548913132,0.0,0.017916348548913132,0.0,0.02266382981118585,0.6704833507487596,0.024234292687936792,0.6689128878720085,0.018153908134125273,0.6749932724258201,0.014843488746605623,0.6783036918133396,17.0,33.0,17.0,33.0
q12_rho1.00_always_b12,12,1.0,always,12,9,0,38,endpoint,main,linear-l0.1,linear-l0.1|linear-l1|linear-l0.1|quadratic-l1|quadratic-l1,0.022034602333923355,0.6711125782260219,0.6447368421052632,,,,,,,,,,,,,,,,,,,,,-0.008358818112906513,0.054644278456598624,0.015817011769964914,0.0,0.6931471805599454,,,,,0.0,,,0.0,0.03105166468281957,0.6620955158771258,0.031573727020043296,0.661573453539902,0.018544745960886108,0.6746024345990592,0.0031401832814878807,0.6900069972784573,0.015437457886859188,0.6777097226730862,0.027237676922010904,0.6659095036379344,0.027116344737968954,0.6660308358219763,0.006947147208001239,0.6862000333519441,,,,,,,,,,,,,,,,,,,,,3.0,3.0,3.0,3.0,6.0,6.0,6.0,6.0,,,,,,,,,,,,,,,,,,,,,,,,,,,,,,,,,,,,,,0.238640008970056,0.022034602333923355,0.0,0.022034602333923355,0.0,0.022034602333923355,0.0,0.030758150044169145,0.6623890305157761,0.030957186299058713,0.6621899942608866,0.023037633164981974,0.6701095473949633,0.020096838925188536,0.6730503416347567,17.0,33.0,17.0,33.0
q12_rho1.00_always_b12,12,1.0,always,12,10,0,38,mixture,diag,quadratic-l0.01,quadratic-l0.01|quadratic-l0.01|quadratic-l0.01|quadratic-l0.01|quadratic-l0.01,7.114201937344962,0.004541036361696831,1.0,7.114201937344962,11.531112123967876,6.11866263773913,34.11608441548206,0.056506523729281374,2.84401485282895,3.9640044520541364,1.9817768721902895,37.99864280605633,0.026852156357986434,5.131564830430958,8.127041903871433,4.150311667386804,37.4393766149254,0.03640623879639729,6.41067397842517,10.362904357841877,5.417792093936935,35.70549866201816,0.04819165031446889,6.871995885950557,7.347182262370704,0.1234829540689936,0.0,0.6931471805599453,,,,,0.0,,,1.0,6.537770193488936,0.020452494746732375,3.7205383044564377,0.0920154395531455,1.629606775195122,0.32455913273824966,0.3348247747740623,0.6100126890687138,7.114201937344962,0.004541036361696831,4.913435504645007,0.027063030949347245,2.868203731979045,0.13735779647647128,1.0256264157103103,0.4452986815369567,,,,,,,,,4.150409967925644,0.04464123390879961,,,2.8666219366657018,0.14713167216326412,,,,,,,7.0,7.0,7.0,7.0,28.0,28.0,28.0,28.0,,,,,113.0,,113.0,,,,,,,,,,,,,,,,,,,,,,,,,,,,,,,,,,,,,,,,,,,,,,,,,
q12_rho1.00_always_b12,12,1.0,always,12,1,0,38,mixture,diag,linear-l0.1,linear-l0.1|constant|quadratic-l0.1|constant|linear-l0.1,-0.21565497668771516,0.7281264078997655,0.5131578947368421,-0.21565497668771516,-0.1856047126103741,0.049928736459266265,23.19996607728686,0.12965439981498192,-0.14307301043716944,-0.12739101287874666,0.044631174356224095,28.185717366062462,0.09418930662241086,-0.1994083179598093,-0.17287882647380678,0.04895259370289897,24.266865978983276,0.1216302177174983,-0.21134669140246096,-0.18224638969299714,0.0496791976594819,23.479358214925142,0.12752523314892936,-0.5275376041615535,0.03351931147336981,0.14573278289231295,0.0,0.6931471805599453,,,,,0.0,,,0.1,-0.11864458092826186,0.6913258033545628,-0.07864691509119205,0.6975255478988981,-0.01248054550307998,0.6946391843857168,0.0005523255933238955,0.6929872377347859,0.11328431819838035,0.6590584857388576,0.1416000434220367,0.6618031239781904,0.06261676788248421,0.6784509290817301,0.01171825017499872,0.6901408177130199,,,,,,,,,-0.055764336831051746,0.7043778438026085,,,-0.00020649788260132968,0.693194272147005,,,,,,,7.0,7.0,7.0,7.0,28.0,28.0,28.0,28.0,,,,,113.0,,113.0,,,,,,,,,,,,,,,,,,,,,,,,,,,,,,,,,,,,,,,,,,,,,,,,,
q12_rho1.00_always_b12,12,1.0,always,12,5,0,38,mixture,diag,quadratic-l0.01,quadratic-l0.01|quadratic-l0.01|quadratic-l0.01|quadratic-l0.01|quadratic-l0.01,8.729393798514865,0.02803080015494543,0.9868421052631579,8.729393798514865,10.705553501359613,7.783200741984097,2.8002064168345684,0.5119405566524403,2.769533228467599,3.674666479019202,1.947281922720999,20.641581651311334,0.15497012709105526,5.248608880988353,6.995315808241868,4.3173088184701545,4.496316802130002,0.4009599219216048,7.217039396239336,9.140978464507063,6.273904466968474,3.120328890705185,0.4844089259419281,8.10052576823591,9.343056121486947,0.31779204556874024,0.0,0.6931471805599453,,,,,0.0,,,1.0,7.182690874030051,0.04743361847114383,3.56442888323611,0.14358718815594662,1.3980890535070718,0.3825097311400699,0.2707453613712714,0.6262550131789232,8.729393798514865,0.02803080015494543,5.15763999458823,0.06147711864703002,2.673338629589521,0.19138272650672064,0.8831600139309076,0.4823409815170659,,,,,,,,,3.876186469673056,0.09234694254446028,,,2.4852611730643885,0.21227533274035307,,,,,,,7.0,7.0,7.0,7.0,28.0,28.0,28.0,28.0,,,,,113.0,,113.0,,,,,,,,,,,,,,,,,,,,,,,,,,,,,,,,,,,,,,,,,,,,,,,,,
q12_rho1.00_always_b12,12,1.0,always,12,10,0,38,pathinfo,diag,constant,quadratic-l0.01|gru-w4-l0.01|constant|constant|linear-l1,0.015252935450316486,0.6778942451096289,0.5657894736842105,,,,,,,,,,,,,,,,,,,,,-0.046142337631865725,0.06943188380128451,0.02968403797351767,0.0,0.6931471805599454,,,,,0.0,,,0.0,0.03652831496873523,0.6566188655912101,0.03598303268051271,0.6571641478794327,0.01686120371240773,0.6762859768475376,0.0032140555485553656,0.6899331250113899,0.06401333448221608,0.6291338460777292,0.05239979373078968,0.6407473868291556,0.030474346688780768,0.6626728338711644,0.008879488913316382,0.6842676916466288,,,,,,,,,0.016860054460158563,0.6762871260997866,,,0.010044966346951175,0.6831022142129942,,,,,,,7.0,7.0,7.0,7.0,28.0,28.0,28.0,28.0,,,,,113.0,,113.0,,,,,,,,,,,,,,,,,,,,,,,,,,,,,,,0.2420785558280615,0.015252935450316486,0.0,0.015252935450316486,0.0,0.015252935450316486,0.0,,,,,,,,,,,,
q12_rho1.00_always_b12,12,1.0,always,12,1,0,38,pathinfo,diag,constant,constant|constant|linear-l0.1|constant|gru-w4-l0.1,0.0011953950404145442,0.6919517855195307,0.4868421052631579,,,,,,,,,,,,,,,,,,,,,-0.001995735754843818,0.004404305761766457,0.0016254179918899101,0.0,0.6931471805599454,,,,,0.0,,,0.0,-0.004916889112350269,0.6980640696722955,-0.0013306624117082947,0.6944778429716535,-0.00023722880275691227,0.6933844093627022,5.809107623523584e-05,0.6930890894837102,-0.028926839486712673,0.7220740200466579,-0.014325377626582939,0.7074725581865282,-0.0035800978901081968,0.6967272784500534,-0.00028497543519741047,0.6934321559951427,,,,,,,,,-0.0004994616152625128,0.6936466421752077,,,-8.558230168684581e-05,0.693232762861632,,,,,,,7.0,7.0,7.0,7.0,28.0,28.0,28.0,28.0,,,,,113.0,,113.0,,,,,,,,,,,,,,,,,,,,,,,,,,,,,,,0.24940297836413758,0.0011953950404145442,0.0,0.0011953950404145442,0.0,0.0011953950404145442,0.0,,,,,,,,,,,,
q12_rho1.00_always_b12,12,1.0,always,12,5,0,38,pathinfo,diag,linear-l1,linear-l1|linear-l1|linear-l1|linear-l1|linear-l1,0.027230726703745524,0.6659164538561997,0.5789473684210527,,,,,,,,,,,,,,,,,,,,,0.004882039178145667,0.048962654439841324,0.011218858746324103,0.0,0.6931471805599454,,,,,0.0,,,0.0,0.037855412528291096,0.6552917680316541,0.04407191212390258,0.6490752684360427,0.027230726703745524,0.6659164538561997,0.005477853324917073,0.6876693272350282,-0.016949803436188113,0.7100969839961334,0.017166663144404088,0.6759805174155412,0.035217742506230665,0.6579294380537146,0.015316683868357857,0.6778304966915872,,,,,,,,,0.032547362925875435,0.6605998176340698,,,0.0181667027146176,0.6749804778453276,,,,,,,7.0,7.0,7.0,7.0,28.0,28.0,28.0,28.0,,,,,113.0,,113.0,,,,,,,,,,,,,,,,,,,,,,,,,,,,,,,0.23656570745272262,0.027230726703745524,0.0,0.027230726703745524,0.0,0.027230726703745524,0.0,,,,,,,,,,,,
q12_rho1.00_always_b3,12,1.0,always,3,10,0,38,cost0,direct,gru_direct-w4-l0.1-cap5,gru_direct-w4-l0.1-cap5|gru_direct-w4-l0.1-cap5|gru_direct-w4-l0.1-cap5|gru_direct-w4-l0.1-cap5|gru_direct-w4-l0.1-cap5,3.776550147643172,0.1456682825370349,0.9736842105263158,3.776550147643172,3.82756763547844,3.4901880484029144,1.702157202513708,0.765427496740042,2.402076119994612,2.718759446018894,1.8018145331810025,5.76005876898323,0.40474836409349535,3.3785910458641104,3.5073471457603005,2.953089806131542,2.1034742112071108,0.6874522615719454,3.663056645152938,3.7336109856212727,3.332900825844592,1.793157018421829,0.7455121965377536,2.5569062705813974,4.519746870452303,0.5491554227123521,0.0,0.6931471805599454,3.137510742837732,0.14736816092964392,3.776550147643172,0.1456682825370349,0.0,113.0,113.0,0.8,,,,,,,,,,,,,,,,,,,,,,,,,,,,,,,,,,,,,,,,,,,,,,,,,,,,,,,,,,,,,,,,,,,,,,,,,,,,,,,,,,,,,,,,,,,,,,,,,,,,
q12_rho1.00_always_b3,12,1.0,always,3,10,0,38,cost0,main,gru-w4-l0.01,gru-w4-l0.01|quadratic-l0.01|gru-w4-l0.01|flat-w4-l0.01|linear-l0.01,6.337192429254383,0.20422591033978757,0.9473684210526315,6.337192429254383,6.993540923337882,5.580624796753138,1.9346106790031188,0.7171947862599939,2.2154064411600074,2.750258625017975,1.5025759255940045,5.862160629000435,0.4009773054715686,3.6109318647418323,4.259069750138848,2.8570251520975067,2.33722380781022,0.651337192444963,4.760817004261484,5.416095932721003,4.004593835843389,2.026900939189454,0.7004109007851347,4.447484593334247,8.481554507030076,1.020377594709512,0.0,0.6931471805599454,,,,,0.0,,,0.84,6.902116480520872,0.2216868680456006,2.618425622063319,0.3337233957079598,0.806878526539489,0.5240868141723264,0.13502799862134826,0.6602621623355054,12.02107126822788,0.16735842009428628,4.832781393230914,0.23464163628831908,1.8146129046395316,0.38605663025468095,0.46877592530864964,0.5867292601546373,3.781717455694902,0.14278186270308407,5.304848799664591,0.10517399403366397,2.598696849231707,0.230296397282992,3.0340630850056947,0.21117469765303368,3.6363199957573396,0.12416543136601836,4.548397764330019,0.11440287041009962,1.932820503021415,0.322635015508721,2.222605222552585,0.30213974787708736,1.1714067812282878,0.47993615584361654,0.2339854128932827,0.6392264292618942,7.0,7.0,7.0,7.0,28.0,28.0,28.0,28.0,141.0,281.0,141.0,281.0,113.0,321.0,113.0,321.0,113.0,113.0,,,,,,,,,,,,,,,,,,,,,,,,,,,,,,,,,,,,,,,,,,,,,,
q12_rho1.00_always_b3,12,1.0,always,3,10,0,38,cost0,mem1,gru-w4-l0.01-h1,gru-w4-l0.01-h1|gru-w4-l0.01-h1|gru-w4-l0.01-h1|gru-w4-l0.01-h1|gru-w4-l0.01-h1,3.090794452067074,0.21501772261102836,0.9210526315789473,3.090794452067074,3.9048018290014435,2.289656150529236,37.49581337821273,0.029878808969378275,2.03623294330594,2.6348659399589764,1.2992216136367962,37.85501458810669,0.028292662872198848,2.796956987920182,3.567940572328504,2.0068677390345604,37.591123665942426,0.029533249062303674,3.0081252769260836,3.810989777927338,2.2097771098491403,37.52168422637209,0.02978800660238738,2.602395136240128,3.563768609303503,0.2550869331067493,,,,,,,,,,1.0,,,,,,,,,,,,,,,,,,,,,,,,,,,,,,,,,,,,,,,,,,,,,,,,,,,,,,,0.0,0.6931471805599454,3.090794452067074,0.21501772261102836,1.0179086018034205,0.47225014454168357,0.0,116.0,116.0,,,,,,,,,,,,,,,,,,,,,,,,,,,,,,,,,,,,,
q12_rho1.00_always_b3,12,1.0,always,3,10,0,38,cost0,mem2,gru-w4-l0.01-h2,gru-w4-l0.01-h2|gru-w4-l0.01-h2|gru-w4-l0.01-h2|gru-w4-l0.01-h2|gru-w4-l0.01-h2,3.656834970778729,0.12791455503239113,0.9605263157894737,3.656834970778729,4.8546748760167056,2.7827821422819063,15.833729118515405,0.2136047316986603,2.3533924268418294,3.095424205232682,1.5711774722209675,27.678742548068854,0.12352954559433973,3.283149615266835,4.379921301779415,2.4246799258237233,18.363967684027866,0.1900858396879898,3.5503764603831014,4.721614928228872,2.680224501499473,16.482805010884412,0.20718765244688192,3.2399786795591683,4.035441858884592,0.20710687735577515,,,,,,,,,,1.0,,,,,,,,,,,,,,,,,,,,,,,,,,,,,,,,,,,,,,,,,,,,,,,,,,,,,,,,,,,,,,,,0.0,0.6931471805599454,3.656834970778729,0.12791455503239113,1.4805830295294045,0.3919783524592721,0.0,116.0,116.0,,,,,,,,,,,,,,,,,,,,,,,,,,,,
q12_rho1.00_always_b3,12,1.0,always,3,10,0,38,cost0,mem4,gru-w4-l0.01-h4,gru-w4-l0.01-h4|gru-w4-l0.01-h4|gru-w4-l0.01-h4|gru-w4-l0.01-h4|gru-w4-l0.1-h4,3.243531621230161,0.17198567041601523,0.9473684210526315,3.243531621230161,3.5786375200137464,2.631306054785596,2.077775196208808,0.6910505171209007,2.1733243136764036,2.586269372294244,1.5163659647201,5.961526078810942,0.3963843692300522,2.9433577172059056,3.317234415673403,2.307772861931602,2.4831524157471105,0.6307456828341229,3.1584027003640585,3.504753577574684,2.539159715980855,2.1714102689323758,0.6756609881022957,2.586406213564851,3.8005053367330857,0.31779802110670213,,,,,,,,,,0.9,,,,,,,,,,,,,,,,,,,,,,,,,,,,,,,,,,,,,,,,,,,,,,,,,,,,,,,,,,,,,,,,,,,,,,,,,0.0,0.6931471805599454,3.3526037175859416,0.15723273069188196,1.8885778674041223,0.3283466979057233,0.0,116.0,116.0,,,,,,,,,,,,,,,,,,,
q12_rho1.00_always_b3,12,1.0,always,3,1,0,38,cost0,main,flat-w4-l0.01,flat-w4-l0.01|linear-l0.1|flat-w4-l0.01|flat-w4-l0.01|flat-w4-l0.01,0.03883080889331503,0.6879754487518482,0.5921052631578947,0.03883080889331503,0.039101856677301594,0.06229480278980981,34.47561042543945,0.04683063807977095,0.049068892123817716,0.04936351154109518,0.07353994330282841,34.710903660920664,0.04598046244025137,0.04124933737682159,0.04152456810409734,0.06489509713491283,34.516318393104406,0.04668873002214797,0.03947641431676179,0.03974851322615862,0.06298621303471012,34.48588038380874,0.04679495995739728,-0.1539226667786855,0.21283205953485448,0.0926561719186275,0.0,0.6931471805599454,,,,,0.0,,,0.0,0.02325999632025227,0.7014780188036797,0.024057020246535027,0.6905040482344587,0.0078919258951479,0.6908994612088954,0.00257097796852129,0.6924745546893172,-0.158909957739928,0.7594417390174845,-0.029170870831059948,0.7173509345130236,-0.008289529765452946,0.6969272594602117,-2.262778132840277e-06,0.6930778026422256,0.04928156602460888,0.6854167714761461,0.029404302618345462,0.6920432573939,0.002980977925728764,0.692355846632096,0.0011516992643500275,0.6928184517416827,-0.005174624500947499,0.6945055494362462,-0.0037066684497225407,0.6941329387387104,-0.00024205040888692966,0.6932048069407424,0.0008979327182752862,0.6929045540468867,-0.0016681978966435517,0.6935687971556147,-0.0004440478287474041,0.6932568689387795,7.0,7.0,7.0,7.0,28.0,28.0,28.0,28.0,33.0,65.0,33.0,65.0,113.0,321.0,113.0,321.0,113.0,113.0,,,,,,,,,,,,,,,,,,,,,,,,,,,,,,,,,,,,,,,,,,,,,,
q12_rho1.00_always_b3,12,1.0,always,3,5,0,38,cost0,main,linear-l0.1,linear-l0.01|linear-l0.01|linear-l0.1|linear-l0.1|linear-l0.1,1.6037055844015844,0.5028668289631171,0.75,1.6037055844015844,1.7067272399123525,1.2157076995319689,28.772848823010545,0.10005894512405487,0.9074981320223152,1.0024414865846807,0.5325986113639661,30.169269617004918,0.09347743015198572,1.3219391559093034,1.4236336577606055,0.9360439233011408,29.010714438176368,0.09892755889179247,1.5045964201224884,1.6072895666722817,1.1171172697691993,28.832194715043574,0.0997742192426264,0.9164207992492546,2.387135562116599,0.37617756988888196,0.0,0.6931471805599454,,,,,0.0,,,0.18,2.15443158432651,0.47362538005259786,1.0475686632327335,0.5288755818404459,0.311447098902248,0.6255965087335283,0.04570518399441627,0.6819568588796028,2.7228790810927435,0.4740424654906448,1.6834759505538457,0.4927166590376511,0.7031520608300253,0.5673320689796322,0.1588999962586589,0.6565745497829188,1.592224231668199,0.494835696362577,1.6562273582223737,0.49477178941198163,0.7370281190113094,0.550922913665192,0.8307459795160113,0.5421983876926879,1.4849758677239009,0.50783012106652,1.6432409735288696,0.4986800991117705,0.14495750138316343,0.6603510484413874,0.15442797779115913,0.658620451230416,0.0059196305182524795,0.6916550042989306,0.00015658898301474408,0.6931086386737602,7.0,7.0,7.0,7.0,28.0,28.0,28.0,28.0,81.0,161.0,81.0,161.0,113.0,321.0,113.0,321.0,113.0,113.0,,,,,,,,,,,,,,,,,,,,,,,,,,,,,,,,,,,,,,,,,,,,,,
q12_rho1.00_always_b3,12,1.0,always,3,10,0,38,cost2,direct,gru_direct-w4-l0.1-cap5,gru_direct-w4-l0.1-cap5|gru_direct-w4-l0.1-cap5|gru_direct-w4-l0.1-cap5|gru_direct-w4-l0.1-cap5|gru_direct-w4-l0.1-cap5,3.195011710560434,0.23402326436439383,0.9342105263157895,3.195011710560434,3.199822212023294,3.1001054417189793,1.8126244765979942,0.7411993321070683,2.1057580976295025,2.344025849507732,1.564281159521023,6.887048076763185,0.36464620995929514,2.912420789205836,2.9694336711181304,2.6116337432343477,2.3372028593912764,0.6509862217644001,3.1187138092673514,3.133355277295436,2.9572098099191444,1.9311811472799443,0.7176982389350831,1.7143234670115541,4.195574700823938,0.6761547627072224,0.0,0.6931471805599454,2.0801778775532083,0.27612123398244764,3.195011710560434,0.23402326436439383,0.0,113.0,113.0,0.6,,,,,,,,,,,,,,,,,,,,,,,,,,,,,,,,,,,,,,,,,,,,,,,,,,,,,,,,,,,,,,,,,,,,,,,,,,,,,,,,,,,,,,,,,,,,,,,,,,,,
q12_rho1.00_always_b3,12,1.0,always,3,10,0,38,cost2,main,quadratic-l0.01,gru-w4-l0.01|quadratic-l0.01|flat-w4-l0.01|quadratic-l0.01|flat-w4-l0.01,5.1150338538285665,0.2913396347539119,0.881578947368421,5.1150338538285665,5.697692463400479,4.383807777238795,3.313080650445762,0.5422450259088196,1.9465346424253935,2.417784312372709,1.2610445217112147,7.99234688321233,0.3353306135166897,3.271199419201848,3.8399202578934357,2.5451640717768846,3.8802314830133318,0.49905564373042544,4.198267774988011,4.777858172811423,3.4681727143325816,3.446923703711255,0.5311244019177603,3.6436440752573844,6.737763465004489,0.7958232045032144,0.0,0.6931471805599454,,,,,0.0,,,0.7,6.160787643971228,0.2807956723370247,2.3701270677122177,0.3892732183562048,0.7101259904253971,0.5507920008251892,0.11808118687059012,0.6645866579615451,10.450873001362089,0.21806317103260225,4.226949615983969,0.2919187014839527,1.5867552908857763,0.43464797431384095,0.401511036813323,0.6027132450276671,3.0422316795739466,0.26358615704946897,2.276624179746957,0.2640663874763062,2.3020544032766304,0.29224297715151415,2.6843798441531694,0.27664284466700806,3.1459114639913466,0.23870297916441421,3.974117465376819,0.20423168620275337,1.5840151955875021,0.38897035621647696,1.8222474553609724,0.37084882619317494,0.9969550815568654,0.5139743883968629,0.1555355314748637,0.6576791419432545,7.0,7.0,7.0,7.0,28.0,28.0,28.0,28.0,141.0,281.0,141.0,281.0,113.0,321.0,113.0,321.0,113.0,113.0,,,,,,,,,,,,,,,,,,,,,,,,,,,,,,,,,,,,,,,,,,,,,,
q12_rho1.00_always_b3,12,1.0,always,3,10,0,38,cost2,mem1,gru-w4-l0.01-h1,gru-w4-l0.01-h1|gru-w4-l0.01-h1|gru-w4-l0.01-h1|gru-w4-l0.01-h1|gru-w4-l0.01-h1,2.5862683994081865,0.3142358227058432,0.8947368421052632,2.5862683994081865,3.120997049860283,1.8734876563147502,35.09750632965519,0.03827515061557367,1.731864962738896,2.1648800227912304,1.0646642195181066,36.623441846811296,0.034778815019112425,2.3489435792539806,2.8647383393857133,1.6439373707517888,35.431489560808195,0.03759432547470343,2.5195151220764345,3.0494017795635155,1.8086948331875485,35.18498505844333,0.038099781870441565,2.0046625168545873,3.1101560339244356,0.2869336071982883,,,,,,,,,,1.0,,,,,,,,,,,,,,,,,,,,,,,,,,,,,,,,,,,,,,,,,,,,,,,,,,,,,,,0.0,0.6931471805599454,2.5862683994081865,0.3142358227058432,0.7849537673866868,0.5235946926230411,0.0,116.0,116.0,,,,,,,,,,,,,,,,,,,,,,,,,,,,,,,,,,,,,
q12_rho1.00_always_b3,12,1.0,always,3,10,0,38,cost2,mem2,gru-w4-l0.01-h2,gru-w4-l0.01-h2|gru-w4-l0.01-h2|gru-w4-l0.01-h2|gru-w4-l0.01-h2|gru-w4-l0.01-h2,3.313759397860455,0.21518927308561397,0.9078947368421053,3.313759397860455,4.122915486855643,2.513829869235959,23.87827017290086,0.13903023154836294,2.0865352213951684,2.666254156675636,1.3563926481430912,30.249774902588438,0.10307461057074302,2.9456968656089577,3.7089741052433487,2.1576677489984415,25.217268947565856,0.13122453581131105,3.207541497841562,4.004852614963697,2.410602175606608,24.224298089961895,0.13698283917459472,2.7288232702325916,3.810899823711389,0.2731669710167269,,,,,,,,,,1.0,,,,,,,,,,,,,,,,,,,,,,,,,,,,,,,,,,,,,,,,,,,,,,,,,,,,,,,,,,,,,,,,0.0,0.6931471805599454,3.313759397860455,0.21518927308561397,1.1528890202888602,0.4590265718000738,0.0,116.0,116.0,,,,,,,,,,,,,,,,,,,,,,,,,,,,
q12_rho1.00_always_b3,12,1.0,always,3,10,0,38,cost2,mem4,gru-w4-l0.01-h4,gru-w4-l0.01-h4|gru-w4-l0.01-h4|gru-w4-l0.01-h4|gru-w4-l0.01-h4|gru-w4-l0.01-h4,3.0347157242729885,0.22295020742862667,0.9210526315789473,3.0347157242729885,3.1204757731939763,2.6756546198041273,1.590705840719005,0.7909022213200981,2.080040195920976,2.4255884155816076,1.4612912627455403,5.296146819394142,0.4186610930052833,2.7889984122683975,2.960037535798515,2.312146136491212,1.9327740993303264,0.7158134031773347,2.9672104181059034,3.0753674104101028,2.571247162344452,1.6675059150416476,0.7720904784911525,1.8661575781801067,3.905363912806257,0.5472630351605874,,,,,,,,,,1.0,,,,,,,,,,,,,,,,,,,,,,,,,,,,,,,,,,,,,,,,,,,,,,,,,,,,,,,,,,,,,,,,,,,,,,,,,0.0,0.6931471805599454,3.0347157242729885,0.22295020742862667,1.5425298415150648,0.39594611249239625,0.0,116.0,116.0,,,,,,,,,,,,,,,,,,,
q12_rho1.00_always_b3,12,1.0,always,3,1,0,38,cost2,main,linear-l0.1,flat-w4-l0.01|linear-l0.1|linear-l0.01|quadratic-l0.1|linear-l0.1,0.023305779983422675,0.6865015576890954,0.5,0.023305779983422675,0.02373395508679569,0.052855385420777425,34.55845459951485,0.050937268569436665,0.02162253845918574,0.02205846461503256,0.051441013514327484,34.801302520502695,0.04961292080110762,0.0230138318116494,0.023443654634089643,0.05262079202490016,34.600504908662074,0.05071393076335377,0.023232163919918166,0.023660759743822778,0.052796424319657274,34.56907730216041,0.05088101218658887,-0.1050745864529437,0.17128934223777886,0.0692411058387036,0.0,0.6931471805599454,,,,,0.0,,,0.02,0.14172235337554667,0.66377273243693,0.07856313085240356,0.6739308828267196,0.02283457459881727,0.6867553032707338,0.004885400727238672,0.6918879831908721,0.10417629824699706,0.6875579825907538,0.11126334257602478,0.6736606170939828,0.042820993143611805,0.6816981608882422,0.010551841447048483,0.6902903253835387,0.05881847400732695,0.6790904200564679,0.049378846219472895,0.6827928315630994,0.007709253460094423,0.6911360231958682,0.005304540273682817,0.6917746169830243,-0.0040957109283810515,0.6938434178920827,-0.008153328624751557,0.6948960166631327,0.0004021376261587898,0.6930446418568161,0.0027324793051165122,0.6924317796987165,0.0014281952700194577,0.692731034302399,-0.0002595647428615867,0.6932113558889,7.0,7.0,7.0,7.0,28.0,28.0,28.0,28.0,33.0,65.0,33.0,65.0,113.0,321.0,113.0,321.0,113.0,113.0,,,,,,,,,,,,,,,,,,,,,,,,,,,,,,,,,,,,,,,,,,,,,,
q12_rho1.00_always_b3,12,1.0,always,3,5,0,38,cost2,main,linear-l0.1,flat-w4-l0.01|linear-l0.01|linear-l0.1|gru-w4-l0.01|linear-l0.1,0.9110259799254523,0.6312002187490671,0.7105263157894737,0.9110259799254523,0.9543565362821396,0.6447934845622683,32.36117905793905,0.07140224682083235,0.4937615886033014,0.5344454448021145,0.23496424746799782,32.97805931481017,0.06887336051622236,0.7178652988782337,0.7607453048042087,0.45287853998809224,32.46866853473593,0.07097391164466049,0.8410603784010791,0.8842775927281374,0.5751405168530763,32.38831979433809,0.07129434822279408,0.28341763451655,1.6456192660826683,0.36164545308412077,0.0,0.6931471805599454,,,,,0.0,,,0.02,1.729079660144494,0.5590801906770712,0.8092621466160542,0.5934829332171749,0.22076401806690432,0.6518490143253791,0.030964893966159687,0.6857411224307286,2.3784970985097034,0.5855524968262076,1.4064244151886616,0.5782831552613906,0.5425128053205078,0.6174110144392071,0.11404451205554365,0.6691227190440653,0.6622130836454022,0.622016871913231,0.6646568867770282,0.6098131181071839,0.37947171519890116,0.6184071401399522,0.44320280101302956,0.6126779994537035,1.0618332602313787,0.5544260191380908,1.0281810585775726,0.5685932050354983,0.047678366180951344,0.6824997201198976,0.05179483284554153,0.6816297877951049,0.001045577023765784,0.6929041603295328,-0.00013930852502245998,0.6931817676288501,7.0,7.0,7.0,7.0,28.0,28.0,28.0,28.0,81.0,161.0,81.0,161.0,113.0,321.0,113.0,321.0,113.0,113.0,,,,,,,,,,,,,,,,,,,,,,,,,,,,,,,,,,,,,,,,,,,,,,
q12_rho1.00_always_b3,12,1.0,always,3,10,0,38,endpoint,main,mlp-w8-l0.01,quadratic-l0.01|linear-l1|mlp-w8-l0.01|mlp-w8-l0.01|constant,-0.02857507083497786,0.7217222513949232,0.47368421052631576,,,,,,,,,,,,,,,,,,,,,-0.0828929951464239,0.009045609866306361,0.024471517476349382,0.0,0.6931471805599454,,,,,0.0,,,0.0,-0.00407496571403087,0.697222146273976,-0.0031559097575162786,0.6963030903174615,-0.0009554714767058489,0.6941026520366511,-0.00011333605677983565,0.6932605166167252,-0.024718744726377816,0.7178659252863231,-0.007524120306426858,0.7006713008663721,-0.0021218784286957744,0.6952690589886411,-0.0003346212368548119,0.6934818017968,,,,,,,,,,,,,,,,,,,,,3.0,3.0,3.0,3.0,6.0,6.0,6.0,6.0,,,,,,,,,,,,,,,,,,,,,,,,,,,,,,,,,,,,,,0.2581444080727378,-0.02857507083497786,0.0,-0.02857507083497786,0.0,-0.02857507083497786,0.0,-0.00147428153819409,0.6946214620981394,-0.011795798769740424,0.7049429793296857,-0.00125265368799035,0.6943998342479357,-0.0006360416911160337,0.6937832222510614,17.0,33.0,17.0,33.0
q12_rho1.00_always_b3,12,1.0,always,3,1,0,38,endpoint,main,constant,mlp-w4-l0.01|constant|mlp-w8-l0.1|constant|mlp-w4-l0.1,-0.0015061111005162766,0.6946532916604616,0.4868421052631579,,,,,,,,,,,,,,,,,,,,,-0.004627511554842176,0.001853953035378559,0.0016283983549777526,0.0,0.6931471805599454,,,,,0.0,,,0.0,-0.007809061579229875,0.7009562421391751,-0.0035787677711178454,0.696725948331063,-0.0010135236728261983,0.6941607042327714,-0.00012749916034869067,0.693274679720294,-0.02185995187028569,0.7150071324302311,-0.009391063173543138,0.7025382437334885,-0.002892205497538189,0.6960393860574834,-0.0004427102054515224,0.6935898907653969,,,,,,,,,,,,,,,,,,,,,3.0,3.0,3.0,3.0,6.0,6.0,6.0,6.0,,,,,,,,,,,,,,,,,,,,,,,,,,,,,,,,,,,,,,0.25075034741748214,-0.0015061111005162766,0.0,-0.0015061111005162766,0.0,-0.0015061111005162766,0.0,-0.0029084941033456374,0.6960556746632909,-0.0011383106698778336,0.6942854912298231,-0.0012693889285880558,0.6944165694885335,-0.0004280528573168451,0.6935752334172621,17.0,33.0,17.0,33.0
q12_rho1.00_always_b3,12,1.0,always,3,2,0,38,endpoint,main,mlp-w8-l0.1,mlp-w8-l0.1|mlp-w4-l0.1|mlp-w8-l0.1|mlp-w4-l0.01|mlp-w8-l0.01,-0.0003767494252454639,0.6935239299851906,0.5263157894736842,,,,,,,,,,,,,,,,,,,,,-0.005259217318242321,0.0044875468124186526,0.002473116779609011,0.0,0.6931471805599454,,,,,0.0,,,0.0,0.00125984291395975,0.6918873376459855,0.002626931485066803,0.6905202490748784,0.0020904020050875414,0.6910567785548577,0.0003801633098961766,0.6927670172500492,-0.01773090347256002,0.7108780840325052,-0.00313565010948173,0.6962828306694271,0.0022388354416563675,0.6909083451182889,0.0008010905227491743,0.6923460900371962,,,,,,,,,,,,,,,,,,,,,3.0,3.0,3.0,3.0,6.0,6.0,6.0,6.0,,,,,,,,,,,,,,,,,,,,,,,,,,,,,,,,,,,,,,0.2501972831603111,-0.0003767494252454639,0.0,-0.0003767494252454639,0.0,-0.0003767494252454639,0.0,-0.0012745371251327452,0.6944217176850781,0.0009784297178589783,0.6921687508420863,0.0006184326321659357,0.6925287479277793,0.0012844240860126505,0.6918627564739326,17.0,33.0,17.0,33.0
q12_rho1.00_always_b3,12,1.0,always,3,3,0,38,endpoint,main,constant,quadratic-l0.01|constant|quadratic-l0.1|constant|mlp-w4-l0.1,-0.004122313449640786,0.697269494009586,0.5526315789473685,,,,,,,,,,,,,,,,,,,,,-0.032066520679983126,0.022173716403233002,0.01370397683812395,0.0,0.6931471805599454,,,,,0.0,,,0.0,-0.0005550950296076712,0.6937022755895529,-0.0007297224090634511,0.6938769029690088,-9.753220073650741e-05,0.6932447127606819,4.552440959043906e-06,0.6931426281189864,0.007467885654595727,0.6856792949053494,0.004942053086322308,0.6882051274736231,0.0004741298202451949,0.6926730507397002,5.6997025067214536e-05,0.6930901835348781,,,,,,,,,,,,,,,,,,,,,3.0,3.0,3.0,3.0,6.0,6.0,6.0,6.0,,,,,,,,,,,,,,,,,,,,,,,,,,,,,,,,,,,,,,0.25134119295934965,-0.004122313449640786,0.0,-0.004122313449640786,0.0,-0.004122313449640786,0.0,0.0006554058075643056,0.6924917747523811,-7.259111218499863e-05,0.6932197716721302,-4.230192564387485e-05,0.6931894824855892,-4.688260755111716e-06,0.6931518688207005,17.0,33.0,17.0,33.0
q12_rho1.00_always_b3,12,1.0,always,3,4,0,38,endpoint,main,constant,constant|constant|mlp-w4-l0.1|constant|mlp-w4-l0.1,-1.117250072266882e-05,0.6931583530606681,0.4868421052631579,,,,,,,,,,,,,,,,,,,,,-0.00022439142155437282,0.00016674374234928823,9.779941558639055e-05,0.0,0.6931471805599454,,,,,0.0,,,0.0,-0.0007158848181661371,0.6938630653781113,-0.0004782522961781631,0.6936254328561237,-0.00015678506889640312,0.6933039656288418,-1.9959791804653226e-05,0.6931671403517501,-0.01991051444205907,0.7130576950020043,-0.005408053051648226,0.6985552336115936,-0.0008886363102701806,0.6940358168702153,-0.00010911040787845907,0.6932562909678237,,,,,,,,,,,,,,,,,,,,,3.0,3.0,3.0,3.0,6.0,6.0,6.0,6.0,,,,,,,,,,,,,,,,,,,,,,,,,,,,,,,,,,,,,,0.2500055865297853,-1.117250072266882e-05,0.0,-1.117250072266882e-05,0.0,-1.117250072266882e-05,0.0,-0.0035644868315204106,0.6967116673914657,-0.0008291179449115765,0.6939762985048568,-0.0007976175068266308,0.693944798066772,-0.0003609815390818581,0.6935081620990271,17.0,33.0,17.0,33.0
q12_rho1.00_always_b3,12,1.0,always,3,5,0,38,endpoint,main,mlp-w4-l0.01,constant|mlp-w4-l0.01|quadratic-l0.1|quadratic-l0.1|mlp-w4-l0.01,-0.007905593178269927,0.7010527737382153,0.5263157894736842,,,,,,,,,,,,,,,,,,,,,-0.033024172075894365,0.017303009510292594,0.012898674303754168,0.0,0.6931471805599454,,,,,0.0,,,0.0,-0.011326580118457616,0.7044737606784031,-0.008031481039288668,0.7011786615992339,-0.0006128452173352368,0.6937600257772805,0.00012555319790150707,0.693021627362044,-0.07839707304717114,0.7715442536071165,-0.030176039406730807,0.7233232199666761,-0.006302068033827402,0.6994492485937726,-0.00017495111869715073,0.6933221316786424,,,,,,,,,,,,,,,,,,,,,3.0,3.0,3.0,3.0,6.0,6.0,6.0,6.0,,,,,,,,,,,,,,,,,,,,,,,,,,,,,,,,,,,,,,0.2531906688330983,-0.007905593178269927,0.0,-0.007905593178269927,0.0,-0.007905593178269927,0.0,-0.008685163311000494,0.7018323438709458,-0.0029668898067286113,0.6961140703666739,0.0008382448093348692,0.6923089357506105,0.0013594977700861824,0.691787682789859,17.0,33.0,17.0,33.0
q12_rho1.00_always_b3,12,1.0,always,3,6,0,38,endpoint,main,constant,constant|mlp-w4-l0.1|mlp-w4-l0.01|mlp-w4-l0.1|constant,-0.00729759350638438,0.7004447740663299,0.39473684210526316,,,,,,,,,,,,,,,,,,,,,-0.01478710884130802,-8.603568519931199e-05,0.003781960540823271,0.0,0.6931471805599454,,,,,0.0,,,0.0,-0.00527391696605963,0.6984210975260051,-0.005404125252428814,0.6985513058123741,-0.0020582946791314017,0.6952054752390768,-0.0002835769761105041,0.693430757536056,-0.024695740891202533,0.7178429214511478,-0.013641655416511984,0.7067888359764573,-0.004689179593315886,0.697836360153261,-0.0007877892945417762,0.6939349698544871,,,,,,,,,,,,,,,,,,,,,3.0,3.0,3.0,3.0,6.0,6.0,6.0,6.0,,,,,,,,,,,,,,,,,,,,,,,,,,,,,,,,,,,,,,0.25364251102282404,-0.00729759350638438,0.0,-0.00729759350638438,0.0,-0.00729759350638438,0.0,-0.01055784285931159,0.7037050234192568,-0.005023005209212403,0.6981701857691576,-0.003948486182898144,0.6970956667428435,-0.002232520826666917,0.6953797013866122,17.0,33.0,17.0,33.0
q12_rho1.00_always_b3,12,1.0,always,3,7,0,38,endpoint,main,mlp-w4-l0.01,constant|mlp-w8-l0.1|mlp-w8-l0.01|mlp-w4-l0.01|mlp-w4-l0.01,-0.01940639639922576,0.7125535769591711,0.5131578947368421,,,,,,,,,,,,,,,,,,,,,-0.05102149513378739,0.008082428045504231,0.015015264606070316,0.0,0.6931471805599454,,,,,0.0,,,0.0,-0.007815329701194978,0.7009625102611402,-0.005904859417658261,0.6990520399776037,-0.001184354541738131,0.6943315351016833,-7.823887618944505e-05,0.6932254194361347,-0.013547907232594704,0.7066950877925401,-0.009576218702751054,0.7027233992626963,-0.0031372007111477155,0.6962843812710928,-0.0002674541117996897,0.693414634671745,,,,,,,,,,,,,,,,,,,,,3.0,3.0,3.0,3.0,6.0,6.0,6.0,6.0,,,,,,,,,,,,,,,,,,,,,,,,,,,,,,,,,,,,,,0.25944033722740034,-0.01940639639922576,0.0,-0.01940639639922576,0.0,-0.01940639639922576,0.0,-0.01789023142924608,0.7110374119891913,-0.011511520582449081,0.7046587011423945,-0.0023018931623928515,0.6954490737223381,-0.0009268631284110537,0.6940740436883562,17.0,33.0,17.0,33.0
q12_rho1.00_always_b3,12,1.0,always,3,8,0,38,endpoint,main,constant,constant|mlp-w8-l0.1|linear-l0.1|mlp-w8-l0.1|constant,-0.003822761532902832,0.6969699420928483,0.4868421052631579,,,,,,,,,,,,,,,,,,,,,-0.00886001255971797,0.0005210941574137072,0.002358135159867491,0.0,0.6931471805599454,,,,,0.0,,,0.0,-0.01614709480558421,0.7092942753655296,-0.01308491980228451,0.7062321003622298,-0.004722584409895647,0.6978697649698408,-0.0006354124073014474,0.6937825929672468,-0.022811745845184278,0.7159589264051295,-0.016833378111129883,0.7099805586710751,-0.008394902911767654,0.701542083471713,-0.001487137864995002,0.6946343184249402,,,,,,,,,,,,,,,,,,,,,3.0,3.0,3.0,3.0,6.0,6.0,6.0,6.0,,,,,,,,,,,,,,,,,,,,,,,,,,,,,,,,,,,,,,0.25190839183907976,-0.003822761532902832,0.0,-0.003822761532902832,0.0,-0.003822761532902832,0.0,-0.015259201832740429,0.7084063823926857,-0.007210780067663347,0.7003579606276086,-0.007081168949128843,0.7002283495090742,-0.0022812472285186126,0.6954284277884638,17.0,33.0,17.0,33.0
q12_rho1.00_always_b3,12,1.0,always,3,9,0,38,endpoint,main,constant,constant|linear-l1|constant|constant|constant,-0.0002695059654952732,0.6934166865254408,0.4868421052631579,,,,,,,,,,,,,,,,,,,,,-0.001727298092320344,0.0009661798525534266,0.000694536530377478,0.0,0.6931471805599454,,,,,0.0,,,0.0,0.0030237365749978934,0.6901234439849473,0.001104320374666834,0.6920428601852784,0.0012679316656269716,0.6918792488943183,0.000252273650341452,0.6928949069096039,-0.01049658121474283,0.703643761774688,-0.007481636003721562,0.7006288165636668,-0.00028312292178782556,0.693430303481733,0.0002587338107656586,0.6928884467491795,,,,,,,,,,,,,,,,,,,,,3.0,3.0,3.0,3.0,6.0,6.0,6.0,6.0,,,,,,,,,,,,,,,,,,,,,,,,,,,,,,,,,,,,,,0.2501347492502612,-0.0002695059654952732,0.0,-0.0002695059654952732,0.0,-0.0002695059654952732,0.0,-0.0012541129220506116,0.694401293481996,-0.0010425320398978067,0.694189712599843,-0.0010045354814373995,0.6941517160413828,4.411966502670219e-05,0.6931030608949186,17.0,33.0,17.0,33.0
q12_rho1.00_always_b3,12,1.0,always,3,10,0,38,mixture,diag,gru-w4-l0.01,gru-w4-l0.01|quadratic-l0.01|gru-w4-l0.01|gru-w4-l0.01|gru-w4-l0.01,4.582506606690428,0.19769982121655924,0.9342105263157895,4.582506606690428,4.909713223667247,3.9753377154289375,2.204802650779683,0.6694289727375652,2.1540931653518895,2.550655117893485,1.5058554452959598,6.262215479553547,0.3841754766225282,3.2409070576404133,3.6038419091529477,2.611682068153679,2.6358808004262717,0.610502495641691,3.8832575830964418,4.220863939490295,3.269453526454309,2.3046113728030684,0.6543532555041813,3.5129693749420725,5.750078817505636,0.5877512509623526,0.0,0.6931471805599453,,,,,0.0,,,0.8,6.074533411199149,0.24687707103432308,2.3544611973236504,0.36756333791593615,0.6947435243943234,0.5480251898340402,0.1113736557965885,0.6660231391241009,10.266636248645465,0.1731560037675384,4.248559651553235,0.2627334656463734,1.5907314338440872,0.41817881997877704,0.39117404634224506,0.6032231281151724,,,,,,,,,3.3519242406281524,0.175598253922592,,,1.6245717622198754,0.3780957676751693,,,,,,,7.0,7.0,7.0,7.0,28.0,28.0,28.0,28.0,,,,,113.0,,113.0,,,,,,,,,,,,,,,,,,,,,,,,,,,,,,,,,,,,,,,,,,,,,,,,,
q12_rho1.00_always_b3,12,1.0,always,3,1,0,38,mixture,diag,constant,constant|linear-l0.1|linear-l0.1|constant|linear-l1,0.005364439302570184,0.6914906743454731,0.5131578947368421,0.005364439302570184,0.005378703050826479,0.010715066487049158,37.21330784116217,0.03711623408017471,0.004923309513648482,0.00494075723143983,0.010842182913541554,37.25082162157367,0.03696542476810054,0.005289502567198486,0.005304281531255237,0.010736080015932912,37.21965669496111,0.03709166419430081,0.005345541385707522,0.005359934092104746,0.010720344701505924,37.21490821333894,0.03711007540029035,-0.037016676789259934,0.05169492184926073,0.022027961279814323,0.0,0.6931471805599453,,,,,0.0,,,0.1,0.10844664441148703,0.676047389380354,0.06025499901366789,0.6799480844526204,0.01728525130709376,0.6882674912942005,0.004365525457316552,0.6920115333891653,-0.001687613583234636,0.7103879765709753,0.05911097836759879,0.6911625263500365,0.021784464392125252,0.6879669501321782,0.006727540128175917,0.6912540685918243,,,,,,,,,0.0010658115127676893,0.6925991749497821,,,0.0001864234904549368,0.6930977886471602,,,,,,,7.0,7.0,7.0,7.0,28.0,28.0,28.0,28.0,,,,,113.0,,113.0,,,,,,,,,,,,,,,,,,,,,,,,,,,,,,,,,,,,,,,,,,,,,,,,,
q12_rho1.00_always_b3,12,1.0,always,3,5,0,38,mixture,diag,linear-l0.01,linear-l0.01|linear-l0.01|linear-l0.01|linear-l0.01|linear-l0.1,1.4438682977584385,0.5166608766267216,0.7302631578947368,1.4438682977584385,1.5276311142147658,1.0884002805094795,30.343441445395143,0.08243897889465895,0.8494910081004374,0.9270395671695932,0.5055786143935062,31.25373130069887,0.07878618992132198,1.219351234104678,1.3020615044935764,0.8657996852129407,30.50069243737005,0.08181822106633467,1.3699849055541236,1.453483610061486,1.0149962754222006,30.382998487428164,0.08228268864152614,0.9872152178168038,1.9425897782043176,0.24568518562197006,0.0,0.6931471805599453,,,,,0.0,,,0.5,1.7934890140058402,0.5134531260852516,0.8198074086559719,0.5652785750967046,0.21868628354927017,0.6462818743443473,0.02993029765096604,0.6858324361808819,2.418468725432945,0.5126340938162043,1.4036236439747418,0.5332986909161196,0.5382776828091603,0.599038662584192,0.10961842647474927,0.668111604737111,,,,,,,,,1.2662443636178962,0.5305313976349327,,,0.07054043024331537,0.6770206014235969,,,,,,,7.0,7.0,7.0,7.0,28.0,28.0,28.0,28.0,,,,,113.0,,113.0,,,,,,,,,,,,,,,,,,,,,,,,,,,,,,,,,,,,,,,,,,,,,,,,,
q12_rho1.00_always_b3,12,1.0,always,3,10,0,38,pathinfo,diag,constant,constant|linear-l1|gru-w4-l0.01|gru-w4-l0.01|constant,-0.009629669677939245,0.7027768502378846,0.42105263157894735,,,,,,,,,,,,,,,,,,,,,-0.02080810948143023,0.0010253252753819751,0.005572867097141082,0.0,0.6931471805599454,,,,,0.0,,,0.0,-0.010593439389666944,0.7037406199496122,-0.005381654909771817,0.6985288354697172,-0.00131492668955322,0.6944621072494984,-0.00018807301379024585,0.6933352535737356,-0.08721948324130797,0.7803666638012533,-0.03088871551557877,0.724035896075524,-0.006073672124473788,0.6992208526844191,-0.0010053712739003342,0.6941525518338455,,,,,,,,,-0.010582072869186306,0.7037292534291316,,,-0.0002944502941952035,0.6934416308541405,,,,,,,7.0,7.0,7.0,7.0,28.0,28.0,28.0,28.0,,,,,113.0,,113.0,,,,,,,,,,,,,,,,,,,,,,,,,,,,,,,0.2547849044897539,-0.009629669677939245,0.0,-0.009629669677939245,0.0,-0.009629669677939245,0.0,,,,,,,,,,,,
q12_rho1.00_always_b3,12,1.0,always,3,1,0,38,pathinfo,diag,constant,constant|constant|constant|linear-l1|constant,-4.33666652369862e-05,0.6931905472251824,0.4868421052631579,,,,,,,,,,,,,,,,,,,,,-0.0002568690001516689,0.0001740487604293444,0.00011476534334646682,0.0,0.6931471805599454,,,,,0.0,,,0.0,-0.01687992767537006,0.7100271082353153,-0.007303325398865692,0.7004505059588111,-0.0017562290343037551,0.694903409594249,-0.000248283716629393,0.6933954642765746,-0.10487473122403224,0.7980219117839775,-0.03151939038636671,0.724666570946312,-0.0077348855054145856,0.7008820660653599,-0.0014211869143945437,0.6945683674743397,,,,,,,,,-0.0016839177525180462,0.6948310983124634,,,-0.0001305157988348045,0.6932776963587801,,,,,,,7.0,7.0,7.0,7.0,28.0,28.0,28.0,28.0,,,,,113.0,,113.0,,,,,,,,,,,,,,,,,,,,,,,,,,,,,,,0.25002168300920624,-4.33666652369862e-05,0.0,-4.33666652369862e-05,0.0,-4.33666652369862e-05,0.0,,,,,,,,,,,,
q12_rho1.00_always_b3,12,1.0,always,3,5,0,38,pathinfo,diag,constant,constant|constant|gru-w4-l0.01|constant|gru-w4-l0.01,-0.004609663875409424,0.6977568444353547,0.5394736842105263,,,,,,,,,,,,,,,,,,,,,-0.02100600158781073,0.011322121704434423,0.008033139699478845,0.0,0.6931471805599454,,,,,0.0,,,0.0,-0.016093048050290035,0.7092402286102354,-0.008357015788344063,0.7015041963482893,-0.0004822037947987324,0.693629384354744,0.00020521704187505775,0.6929419635180704,-0.22745170448745122,0.9296713603033814,-0.06018289693635487,0.7533300774963001,-0.008321757267132567,0.701468937827078,3.624289586503048e-05,0.6931109376640802,,,,,,,,,-0.004996022715978891,0.698143203275924,,,-0.00010298660558371849,0.6932501671655289,,,,,,,7.0,7.0,7.0,7.0,28.0,28.0,28.0,28.0,,,,,113.0,,113.0,,,,,,,,,,,,,,,,,,,,,,,,,,,,,,,0.25201196915944907,-0.004609663875409424,0.0,-0.004609663875409424,0.0,-0.004609663875409424,0.0,,,,,,,,,,,,
q12_rho1.00_sensing_b12,12,1.0,sensing,12,10,0,38,cost0,direct,gru_direct-w4-l0.1-cap5,gru_direct-w4-l0.1-cap5|gru_direct-w4-l0.1-cap5|gru_direct-w4-l0.1-cap5|gru_direct-w4-l0.1-cap5|gru_direct-w4-l0.1-cap5,1.2105002121436441,0.5454523981202726,0.7105263157894737,1.2105002121436441,1.2264958510829733,1.0421401388768499,13.503768952677223,0.2397368254041025,0.7734893886215036,0.8078690234125033,0.5336706465527677,21.784654721078436,0.16044682749168881,1.0786207951204532,1.098660385679184,0.8915537651164293,15.092236119386936,0.22104918051533287,1.1724163911185572,1.189466165660814,0.9989430091698386,13.908415864223711,0.2347393868799652,0.6451666286368007,1.7970105247984027,0.294806781747137,0.0,0.6931471805599454,0.409083909919257,0.5952227455516454,1.2105002121436441,0.5454523981202726,0.0,113.0,113.0,0.5,,,,,,,,,,,,,,,,,,,,,,,,,,,,,,,,,,,,,,,,,,,,,,,,,,,,,,,,,,,,,,,,,,,,,,,,,,,,,,,,,,,,,,,,,,,,,,,,,,,,
q12_rho1.00_sensing_b12,12,1.0,sensing,12,10,0,38,cost0,main,linear-l0.01,linear-l0.01|quadratic-l0.1|linear-l0.01|linear-l0.1|linear-l0.01,1.9931494736163475,0.5670005622483774,0.7105263157894737,1.9931494736163475,2.0610144634120036,1.6685186421618332,35.25885403792993,0.039836940572321726,0.6731221158278238,0.7370044168805643,0.35693833716750173,35.661253737389096,0.03934480682852992,1.1251991902433427,1.1923837161548259,0.8019886045656472,35.3302791990016,0.03975333682043495,1.5167415356869192,1.5844347733807098,1.192468312649482,35.27698350893933,0.039815856611071294,0.7747224417880287,3.448181392198544,0.6856768220249638,0.0,0.6931471805599454,,,,,0.0,,,0.22,2.3905008917004453,0.5566758977219706,0.8725261474785747,0.5926842366006183,0.24301579878871363,0.6467466598472307,0.039611469893236606,0.6836748016494645,3.392038603848234,0.5279377527572641,1.6362576883427289,0.5494895004922551,0.6168075941776333,0.6016574388123077,0.1498186356897977,0.6607626089097647,0.6547807701881605,0.5950399309611015,0.8546806954155072,0.596320188163373,0.5506411495561793,0.5956668728508564,0.674200134507797,0.5884447760739991,1.1120843179859519,0.5509172996095429,1.2313455825740007,0.5518635595117743,0.25009153373485676,0.6410348555449121,0.3033305245765192,0.6336369955426053,0.1730491290006878,0.6644475577419747,0.029312701905433693,0.6862428494054464,7.0,7.0,7.0,7.0,28.0,28.0,28.0,28.0,141.0,281.0,141.0,281.0,113.0,321.0,113.0,321.0,113.0,113.0,,,,,,,,,,,,,,,,,,,,,,,,,,,,,,,,,,,,,,,,,,,,,,
q12_rho1.00_sensing_b12,12,1.0,sensing,12,10,0,38,cost0,mem1,gru-w4-l0.01-h1,gru-w4-l0.01-h1|gru-w4-l0.01-h1|gru-w4-l0.01-h1|gru-w4-l0.01-h1|gru-w4-l0.01-h1,0.9530325276595889,0.5560029877848078,0.7236842105263158,0.9530325276595889,1.0208336542376513,0.6285345989331068,36.589128729408415,0.03489903197826451,0.6790201011657547,0.7441328674297312,0.36019139336712014,36.74968762528759,0.03461241111923257,0.8794116215276545,0.9467649309952758,0.5558478953128899,36.61668282406792,0.034851452669202934,0.9325029119919119,1.0001914221168544,0.6082395405747976,36.59608843035428,0.034887072865785726,0.5042047597639658,1.422689564116366,0.23097906429713333,,,,,,,,,,0.5,,,,,,,,,,,,,,,,,,,,,,,,,,,,,,,,,,,,,,,,,,,,,,,,,,,,,,,0.0,0.6931471805599454,0.9530325276595889,0.5560029877848078,0.034432803934011144,0.6847181186846748,0.0,116.0,116.0,,,,,,,,,,,,,,,,,,,,,,,,,,,,,,,,,,,,,
q12_rho1.00_sensing_b12,12,1.0,sensing,12,10,0,38,cost0,mem2,gru-w4-l0.01-h2,gru-w4-l0.01-h2|gru-w4-l0.01-h2|gru-w4-l0.01-h2|gru-w4-l0.01-h2|gru-w4-l0.01-h2,1.1448695666267616,0.5381558793826682,0.7368421052631579,1.1448695666267616,1.2328381415637342,0.7818994855796665,35.98735587584352,0.037277875157659145,0.7686797333110202,0.8520119972946036,0.41399372413507746,36.28835634068308,0.03680264807450967,1.036944943467389,1.124130402890703,0.6753533710365596,36.040301474549736,0.03719791870119661,1.1141275196165263,1.2018987494925604,0.7515040483210876,36.00077845288653,0.03725773774285211,0.6512981467680505,1.6627719311930562,0.2602323962147777,,,,,,,,,,0.5,,,,,,,,,,,,,,,,,,,,,,,,,,,,,,,,,,,,,,,,,,,,,,,,,,,,,,,,,,,,,,,,0.0,0.6931471805599454,1.1448695666267616,0.5381558793826682,0.14286581121459643,0.660565926770049,0.0,116.0,116.0,,,,,,,,,,,,,,,,,,,,,,,,,,,,
q12_rho1.00_sensing_b12,12,1.0,sensing,12,10,0,38,cost0,mem4,gru-w4-l0.01-h4,gru-w4-l0.01-h4|gru-w4-l0.01-h4|gru-w4-l0.01-h4|gru-w4-l0.01-h4|gru-w4-l0.01-h4,1.2516563880908027,0.5226810920743573,0.7236842105263158,1.2516563880908027,1.3540418858680576,0.8646640630203667,32.58436014488795,0.07066458271309649,0.8375680677148197,0.9323006579590596,0.4630202353455973,33.27880874008427,0.06856486612322431,1.1332711162771958,1.234339661633772,0.7483741165447187,32.7073151241336,0.07030817354056704,1.2179310669621413,1.3199838661755523,0.8314663329260679,32.61555027483897,0.07057471545395284,0.7323967737000151,1.788930031552624,0.2714035962541811,,,,,,,,,,0.4,,,,,,,,,,,,,,,,,,,,,,,,,,,,,,,,,,,,,,,,,,,,,,,,,,,,,,,,,,,,,,,,,,,,,,,,,0.0,0.6931471805599454,1.2516563880908027,0.5226810920743573,0.23653214818808976,0.6418536048762163,0.0,116.0,116.0,,,,,,,,,,,,,,,,,,,
q12_rho1.00_sensing_b12,12,1.0,sensing,12,1,0,38,cost0,main,flat-w8-l0.1,constant|constant|flat-w8-l0.1|flat-w8-l0.1|flat-w8-l0.1,-0.0003887434833114419,0.6932436046792527,0.5,-0.0003887434833114419,-0.00036277555105086214,0.0068352330419028575,37.99802202930188,0.026737921569224426,-0.0003887178561543788,-0.00036275093869763114,0.006835117175685979,37.998022141394834,0.02673789781977305,-0.0003887393827894381,-0.0003627716129031393,0.00683521450284515,37.99802204723763,0.026737917769130284,-0.0003887424581746273,-0.0003627745665077094,0.006835228407121893,37.998022033785844,0.026737920619194395,-0.0009981088918799518,0.00014442976343816976,0.0003023327053057771,0.0,0.6931471805599454,,,,,0.0,,,0.0,-0.04679133300952913,0.704222138363229,-0.0103844454695469,0.6958522119019088,-0.0018124885520180989,0.6936133002734397,-0.0002237708321247846,0.693203442730139,-0.3169263525777465,0.767300390333895,-0.12431533824355535,0.7325984079579078,-0.027157949821100064,0.7011034053094466,-0.0033367310667705035,0.6940091819318672,-0.007403656041198555,0.6950153350071466,-0.008958656964034776,0.6953489369391835,-0.0002342654623849194,0.6932059552359164,-0.0005229105429350383,0.6932770019049329,-0.0022403844748129743,0.6936989123401405,-0.0013604284015253025,0.6934983587258352,-0.00039068998625089345,0.6932439322991859,-1.5166578726542502e-05,0.6931518057803002,-0.0009924226217400383,0.6933920048665051,-0.00036936300338612444,0.693238677489323,7.0,7.0,7.0,7.0,28.0,28.0,28.0,28.0,33.0,65.0,33.0,65.0,113.0,321.0,113.0,321.0,113.0,113.0,,,,,,,,,,,,,,,,,,,,,,,,,,,,,,,,,,,,,,,,,,,,,,
q12_rho1.00_sensing_b12,12,1.0,sensing,12,5,0,38,cost0,main,linear-l0.1,linear-l0.1|linear-l0.01|linear-l0.1|linear-l1|linear-l1,0.2656337114158847,0.652576859770579,0.5789473684210527,0.2656337114158847,0.2736533704904829,0.14427633540378104,36.411252221765544,0.04057903327146405,0.20924396817026392,0.21704704936172342,0.0894663312488067,36.47728786468749,0.040412620410651315,0.25327386472701624,0.2612576199378014,0.13217675476329105,36.422292193151776,0.040551889938862794,0.26236424612360765,0.2703748825775249,0.14107221503829653,36.4140300590056,0.04057222836127389,0.06510601897629907,0.5122495154376467,0.113399252556149,0.0,0.6931471805599454,,,,,0.0,,,0.0,0.9222829666896286,0.6282871360491629,0.4654787476765153,0.6343858227807528,0.14458311534305446,0.665859954392221,0.02286803292766546,0.6877040792727572,1.2202028275334051,0.6246034344235402,0.7418465496618495,0.6179864236257917,0.3625534339674214,0.6393619246630989,0.08811908660245181,0.6744324399074516,0.26922153782794855,0.6464309124098961,0.34272041588454033,0.642350288932175,0.19794280237060694,0.6522789250043304,0.26264849773919785,0.6439449139363349,0.30746628542503435,0.6543024652474699,0.39529967912994585,0.6494191017804546,0.05386533280400144,0.681464402206497,0.055966175895052574,0.6810073760121167,0.006627387562153131,0.692106909965095,0.0020481086842593,0.6926546911448068,7.0,7.0,7.0,7.0,28.0,28.0,28.0,28.0,81.0,161.0,81.0,161.0,113.0,321.0,113.0,321.0,113.0,113.0,,,,,,,,,,,,,,,,,,,,,,,,,,,,,,,,,,,,,,,,,,,,,,
q12_rho1.00_sensing_b12,12,1.0,sensing,12,10,0,38,cost2,direct,gru_direct-w4-l0.01-cap5,gru_direct-w4-l0.01-cap5|gru_direct-w4-l0.01-cap5|gru_direct-w4-l0.01-cap5|gru_direct-w4-l0.1-cap5|gru_direct-w4-l0.01-cap5,5.086885407535957,0.03863094518714834,1.0,5.086885407535957,6.891927445558585,4.151423203555517,24.30347839053688,0.10849361064442806,2.7642326736490506,3.6889539577115293,1.9378075082034691,36.68764631180765,0.047557606194375754,4.320483388651151,5.901245938028893,3.402686740811016,28.898457796671284,0.08778116038049302,4.859224015292633,6.603562231964039,3.928098926147245,25.610067592922487,0.10244567301475868,5.0523592041006316,5.116862017642052,0.016495405577204414,0.0,0.6931471805599454,5.1223440778064875,0.033855267471514204,4.939933386520407,0.05108767787851047,0.0,113.0,113.0,1.0,,,,,,,,,,,,,,,,,,,,,,,,,,,,,,,,,,,,,,,,,,,,,,,,,,,,,,,,,,,,,,,,,,,,,,,,,,,,,,,,,,,,,,,,,,,,,,,,,,,,
q12_rho1.00_sensing_b12,12,1.0,sensing,12,10,0,38,cost2,main,quadratic-l0.01,quadratic-l0.01|quadratic-l0.01|quadratic-l0.01|quadratic-l0.01|quadratic-l0.01,8.1693080792846,0.007972823334149339,1.0,8.1693080792846,12.123960253966018,7.1764088539004245,18.882946068503735,0.17593271296385543,2.8260455170951686,3.9368816317898006,1.9652790631019026,37.96779341644773,0.030662892839344917,5.180142245184317,8.009651314133416,4.202350282108089,33.71516203080913,0.07814071202073201,6.897847414656826,10.505217026126417,5.907926522746917,24.504755196751034,0.13575019146739511,7.323087844556414,8.984230134322303,0.4225280176866268,0.0,0.6931471805599454,,,,,0.0,,,0.9,6.810256565195543,0.025740659656947242,3.688819701757905,0.11311702511208566,1.4815667340314531,0.359060140111927,0.2872497526265218,0.6219043478930197,8.1693080792846,0.007972823334149339,5.197283199500369,0.04079565417056554,2.7452360472089223,0.1720228309487256,0.9080891077662093,0.4745697910394286,4.108317202070681,0.04333209946015251,5.203812306929855,0.017536853489806874,3.2401706284033414,0.09799870112037573,3.7496894788191586,0.06910249171071269,4.096057032989436,0.044764394777803335,4.851293733946724,0.024318498866303124,2.8562985330842823,0.14332622192706723,3.265320113091899,0.11108839326661443,3.1204518934589145,0.14254489143696228,1.9219928302584162,0.285070418064428,7.0,7.0,7.0,7.0,28.0,28.0,28.0,28.0,141.0,281.0,141.0,281.0,113.0,321.0,113.0,321.0,113.0,113.0,,,,,,,,,,,,,,,,,,,,,,,,,,,,,,,,,,,,,,,,,,,,,,
q12_rho1.00_sensing_b12,12,1.0,sensing,12,10,0,38,cost2,mem1,gru-w4-l0.01-h1,gru-w4-l0.01-h1|gru-w4-l0.01-h1|gru-w4-l0.01-h1|gru-w4-l0.01-h1|gru-w4-l0.01-h1,3.686630839599174,0.08631066642302017,0.9868421052631579,3.686630839599174,5.256876161585502,2.7697820867330294,37.474160495528665,0.037393979956569304,2.493478156011789,3.370176730892396,1.6775054307371873,37.95646458847357,0.02953336222121559,3.3735840417664185,4.774347652806529,2.4737866564131132,37.67173431283303,0.03502434329994893,3.5999754629059537,5.12450309288267,2.6873881406813815,37.53420003491543,0.03672370879102645,3.403164748385323,3.9239001095206705,0.1341779756325909,,,,,,,,,,1.0,,,,,,,,,,,,,,,,,,,,,,,,,,,,,,,,,,,,,,,,,,,,,,,,,,,,,,,0.0,0.6931471805599454,3.686630839599174,0.08631066642302017,1.8289238947932391,0.29570945908686946,0.0,116.0,116.0,,,,,,,,,,,,,,,,,,,,,,,,,,,,,,,,,,,,,
q12_rho1.00_sensing_b12,12,1.0,sensing,12,10,0,38,cost2,mem2,gru-w4-l0.01-h2,gru-w4-l0.01-h2|gru-w4-l0.01-h2|gru-w4-l0.01-h2|gru-w4-l0.01-h2|gru-w4-l0.01-h2,3.9375500941429395,0.06584956363066947,0.9868421052631579,3.9375500941429395,5.754748869615776,3.001254988755087,37.85055683749908,0.02873048209947869,2.5777618181860205,3.510133371939343,1.749738813676325,37.992418050744476,0.026860969597253048,3.5679665565478826,5.1549141615556895,2.6496179661812653,37.915851343302236,0.028122604674377296,3.8341522308949982,5.588294822353815,2.9023059995610914,37.8711722745272,0.028555527138844787,3.692192851925721,4.141385389760949,0.11640155905239415,,,,,,,,,,1.0,,,,,,,,,,,,,,,,,,,,,,,,,,,,,,,,,,,,,,,,,,,,,,,,,,,,,,,,,,,,,,,,0.0,0.6931471805599454,3.9375500941429395,0.06584956363066947,2.3580286918157225,0.21338570155152484,0.0,116.0,116.0,,,,,,,,,,,,,,,,,,,,,,,,,,,,
q12_rho1.00_sensing_b12,12,1.0,sensing,12,10,0,38,cost2,mem4,gru-w4-l0.01-h4,gru-w4-l0.01-h4|gru-w4-l0.01-h4|gru-w4-l0.01-h4|gru-w4-l0.01-h4|gru-w4-l0.01-h4,4.016243928084721,0.05572513544285157,0.9868421052631579,4.016243928084721,6.056312784675798,3.0665429400648816,37.89811776025035,0.03256890542990003,2.613838328605464,3.58616964787089,1.777751556110441,37.996564992451084,0.02746737102025208,3.6403787786226616,5.387101520516106,2.709077549504229,37.94850149618941,0.03074487183303613,3.9116809002249053,5.870286865720223,2.966495925415176,37.91476619371025,0.03202759706200104,3.7843236257906563,4.166926880215675,0.09858284389946541,,,,,,,,,,1.0,,,,,,,,,,,,,,,,,,,,,,,,,,,,,,,,,,,,,,,,,,,,,,,,,,,,,,,,,,,,,,,,,,,,,,,,,0.0,0.6931471805599454,4.016243928084721,0.05572513544285157,2.681597762881328,0.17120579594282467,0.0,116.0,116.0,,,,,,,,,,,,,,,,,,,
q12_rho1.00_sensing_b12,12,1.0,sensing,12,1,0,38,cost2,main,flat-w4-l0.01,flat-w4-l0.01|quadratic-l1|quadratic-l1|flat-w4-l0.01|quadratic-l0.1,0.06373995163708009,0.6709060428012157,0.5921052631578947,0.06373995163708009,0.06462750914887162,0.10646583640996655,23.58734441330307,0.08844946529324176,0.0746532410082181,0.0747698008003835,0.08999930034051071,25.46226875388169,0.07880489844453281,0.06590634946580076,0.06659108916719929,0.10337072128612106,23.925289864729457,0.08664650090326038,0.06429972086550831,0.06513265654595017,0.10567197717040548,23.673375287378125,0.08798767813650399,-0.2422004492015066,0.3510611040024857,0.1479285130193349,0.0,0.6931471805599454,,,,,0.0,,,0.18,-0.13729580465365238,0.6851685177577579,0.016130589327301294,0.6745185703259523,0.015442808614591784,0.6877892645436021,0.004636180437533727,0.6919656536249301,0.04743913606535939,0.7444466168438438,0.27433458050473664,0.6487884805503589,0.1715529721154974,0.6532434003466291,0.038677260895859635,0.683545124291404,0.11786351463513184,0.6616559332788114,0.15231043744296544,0.6599603754096062,0.01907595779517239,0.6881550185262227,0.037883087037201016,0.6834622853427023,0.050226477058612516,0.6804539308412657,0.0633840751008021,0.678051416002058,0.0017076960879216303,0.6927220584860055,0.0011687106101488493,0.6928499670892095,0.004477375425641425,0.6919638284846078,4.3730503458207005e-05,0.6931362622000923,7.0,7.0,7.0,7.0,28.0,28.0,28.0,28.0,33.0,65.0,33.0,65.0,113.0,321.0,113.0,321.0,113.0,113.0,,,,,,,,,,,,,,,,,,,,,,,,,,,,,,,,,,,,,,,,,,,,,,
q12_rho1.00_sensing_b12,12,1.0,sensing,12,5,0,38,cost2,main,linear-l0.01,linear-l0.01|linear-l0.01|linear-l0.01|linear-l0.01|quadratic-l0.01,7.391955921818344,0.07432165120997418,0.9868421052631579,7.391955921818344,9.321015640419878,6.448513136503619,16.295130171515115,0.14444555528858555,2.6024458305211517,3.5462115234695233,1.7720758287900906,35.533359122650346,0.054157247336526194,4.604190035729768,6.289826991033454,3.6775579130388287,21.798122102349133,0.11369896402896322,6.122474676639539,7.987920727903495,5.18298535852896,17.664058079061334,0.1357265265463332,6.19601667099228,8.596793442263237,0.6207099433600113,0.0,0.6931471805599454,,,,,0.0,,,0.78,7.034074749120409,0.07597979574097406,3.4123124104016473,0.1719258819209722,1.3028778993385393,0.40223586548786217,0.24620074484061938,0.6322132558158164,9.545726561325012,0.04909898940320231,5.10181344828289,0.0931978759146882,2.474688129408739,0.2304415068356653,0.7790700385752585,0.5065481447698574,3.7272475182181353,0.13385094677980955,4.477560973759862,0.11907294948811896,2.8357430963271675,0.17830919469981607,3.2466350057200994,0.15674195351003423,3.474253999647061,0.14633802690203676,4.369455336629432,0.12261387361117718,2.3333223904180964,0.2364054567019224,2.5732178597220576,0.21848893154843463,1.8282954045234354,0.3302093461343715,0.8088435474407509,0.5010786153677845,7.0,7.0,7.0,7.0,28.0,28.0,28.0,28.0,81.0,161.0,81.0,161.0,113.0,321.0,113.0,321.0,113.0,113.0,,,,,,,,,,,,,,,,,,,,,,,,,,,,,,,,,,,,,,,,,,,,,,
q12_rho1.00_sensing_b12,12,1.0,sensing,12,10,0,38,endpoint,main,quadratic-l0.1,quadratic-l0.1|quadratic-l0.01|quadratic-l0.1|quadratic-l0.1|quadratic-l0.1,0.3380616735124463,0.355085507047499,0.8947368421052632,,,,,,,,,,,,,,,,,,,,,0.22598967558467994,0.43923997844593515,0.05526270301928266,0.0,0.6931471805599454,,,,,0.0,,,0.95,0.21995162386946318,0.4731955566904821,0.216434477938206,0.4767127026217391,0.11348027488975765,0.5796669056701876,0.01889641273951793,0.6742507678204275,0.38091957291986217,0.31222760764008317,0.33300942929860217,0.3601377512613431,0.20294777811745618,0.49019940244248916,0.04651738195817658,0.6466297986017687,,,,,,,,,,,,,,,,,,,,,3.0,3.0,3.0,3.0,6.0,6.0,6.0,6.0,,,,,,,,,,,,,,,,,,,,,,,,,,,,,,,,,,,,,,0.1039151051487278,0.3380616735124463,0.0,0.3380616735124463,0.0,0.3380616735124463,0.0,0.36274682756811844,0.3304003529918269,0.3531471318851036,0.3400000486748416,0.2729868959094258,0.4201602846505194,0.2676279488558176,0.4255192317041277,17.0,33.0,17.0,33.0
q12_rho1.00_sensing_b12,12,1.0,sensing,12,1,0,38,endpoint,main,quadratic-l0.01,quadratic-l0.1|quadratic-l0.01|quadratic-l0.01|mlp-w4-l0.01|mlp-w4-l0.01,0.014359311165248958,0.6787878693946963,0.6447368421052632,,,,,,,,,,,,,,,,,,,,,-0.02172413401419913,0.053196067808918335,0.019174610546827467,0.0,0.6931471805599454,,,,,0.0,,,0.15,-0.014904129129912388,0.7080513096898577,-0.007504205442462598,0.7006513860024078,0.0018297039492286085,0.6913174766107166,0.000624082487849725,0.6925230980720954,0.025178242289450842,0.6679689382704944,0.01652366460051644,0.6766235159594288,0.009156534232607462,0.6839906463273377,0.0025675660900389185,0.6905796144699063,,,,,,,,,,,,,,,,,,,,,3.0,3.0,3.0,3.0,6.0,6.0,6.0,6.0,,,,,,,,,,,,,,,,,,,,,,,,,,,,,,,,,,,,,,0.24198964434391304,0.014359311165248958,0.0,0.014359311165248958,0.0,0.014359311165248958,0.0,0.015229098524781057,0.6779180820351641,0.01785155371931471,0.6752956268406306,0.00988907679411594,0.6832581037658293,0.004641694357837486,0.6885054862021079,17.0,33.0,17.0,33.0
q12_rho1.00_sensing_b12,12,1.0,sensing,12,2,0,38,endpoint,main,linear-l0.1,linear-l0.1|quadratic-l0.1|linear-l0.1|linear-l0.1|linear-l0.1,0.17693722250225255,0.5162099580576928,0.7894736842105263,,,,,,,,,,,,,,,,,,,,,0.08376892189054887,0.263208401213438,0.046881382495730914,0.0,0.6931471805599454,,,,,0.0,,,0.05,0.17534197532239135,0.517805205237554,0.17394528074640395,0.5192018998135413,0.09142359436167184,0.6017235861982734,0.015258490888360487,0.6778886896715848,0.16598830652543206,0.5271588740345132,0.18517624134115462,0.5079709392187907,0.13885261056325418,0.5542945699966911,0.03429049553931549,0.6588566850206298,,,,,,,,,,,,,,,,,,,,,3.0,3.0,3.0,3.0,6.0,6.0,6.0,6.0,,,,,,,,,,,,,,,,,,,,,,,,,,,,,,,,,,,,,,0.16812825940922602,0.17693722250225255,0.0,0.17693722250225255,0.0,0.17693722250225255,0.0,0.17742311649156395,0.5157240640683813,0.17938321445252478,0.5137639661074205,0.16141167050714164,0.5317355100528038,0.1634674580009116,0.5296797225590336,17.0,33.0,17.0,33.0
q12_rho1.00_sensing_b12,12,1.0,sensing,12,3,0,38,endpoint,main,mlp-w4-l0.01,mlp-w4-l0.01|quadratic-l0.1|quadratic-l0.01|linear-l0.01|linear-l0.1,0.20183616562513784,0.4913110149348075,0.8157894736842105,,,,,,,,,,,,,,,,,,,,,-0.00958656416154065,0.3687401555650276,0.09823007693350981,0.0,0.6931471805599454,,,,,0.0,,,0.25,0.22518785231496408,0.4679593282449812,0.2329994628624595,0.46014771769748586,0.12141594850133412,0.5717312320586112,0.020263652646199587,0.6728835279137456,0.28194948483166615,0.4111976957282792,0.26956871847178704,0.4235784620881582,0.18994149416929015,0.5032056863906551,0.046268732974793156,0.6468784475851522,,,,,,,,,,,,,,,,,,,,,3.0,3.0,3.0,3.0,6.0,6.0,6.0,6.0,,,,,,,,,,,,,,,,,,,,,,,,,,,,,,,,,,,,,,0.13748326790535897,0.20183616562513784,0.0,0.20183616562513784,0.0,0.20183616562513784,0.0,0.2809172882496134,0.4122298923103319,0.27312251839910484,0.42002466216084033,0.2469921718627078,0.4461550086972375,0.24796066902819008,0.4451865115317551,17.0,33.0,17.0,33.0
q12_rho1.00_sensing_b12,12,1.0,sensing,12,4,0,38,endpoint,main,quadratic-l0.1,quadratic-l0.1|quadratic-l0.1|quadratic-l0.1|quadratic-l0.1|quadratic-l0.1,0.2281316938182049,0.46501548674174037,0.8157894736842105,,,,,,,,,,,,,,,,,,,,,0.11123993412002064,0.3342927354729572,0.05743358042544301,0.0,0.6931471805599454,,,,,0.0,,,0.55,0.1622327236678394,0.5309144568921059,0.17319344944013254,0.5199537311198128,0.09751519218693899,0.5956319883730062,0.016518294073753603,0.6766288864861917,0.25792628095036,0.43522089960958543,0.2281316938182049,0.46501548674174037,0.15672062328020694,0.5364265572797385,0.038680513778925896,0.6544666667810194,,,,,,,,,,,,,,,,,,,,,3.0,3.0,3.0,3.0,6.0,6.0,6.0,6.0,,,,,,,,,,,,,,,,,,,,,,,,,,,,,,,,,,,,,,0.14106969988341742,0.2281316938182049,0.0,0.2281316938182049,0.0,0.2281316938182049,0.0,0.2696877080453552,0.4234594725145901,0.25150528143567624,0.4416418991242691,0.20202252308315133,0.491124657476794,0.19769114771383225,0.49545603284611306,17.0,33.0,17.0,33.0
q12_rho1.00_sensing_b12,12,1.0,sensing,12,5,0,38,endpoint,main,quadratic-l0.1,linear-l0.01|quadratic-l0.1|linear-l0.1|linear-l0.1|quadratic-l0.1,0.28171991957384773,0.41142726098609755,0.8421052631578947,,,,,,,,,,,,,,,,,,,,,0.1359751261442961,0.3971562119111806,0.06769652319264041,0.0,0.6931471805599454,,,,,0.0,,,0.65,0.2742549330705862,0.4188922474893592,0.27266974298897895,0.42047743757096645,0.14092481255123113,0.5522223680087143,0.023422644759162104,0.6697245358007832,0.3016612283149992,0.3914859522449461,0.30769581037232807,0.3854513701876172,0.2190453580174927,0.47410182254245264,0.05270558831232525,0.6404415922476201,,,,,,,,,,,,,,,,,,,,,3.0,3.0,3.0,3.0,6.0,6.0,6.0,6.0,,,,,,,,,,,,,,,,,,,,,,,,,,,,,,,,,,,,,,0.1207861091093469,0.28171991957384773,0.0,0.28171991957384773,0.0,0.28171991957384773,0.0,0.3245621492530562,0.3685850313068891,0.31135546695256405,0.3817917136073813,0.27573391320521723,0.41741326735472806,0.2781799042450929,0.4149672763148523,17.0,33.0,17.0,33.0
q12_rho1.00_sensing_b12,12,1.0,sensing,12,6,0,38,endpoint,main,mlp-w4-l0.01,mlp-w4-l0.01|quadratic-l0.1|linear-l0.01|linear-l0.1|mlp-w4-l0.01,0.2676534363478556,0.4254937442120897,0.8157894736842105,,,,,,,,,,,,,,,,,,,,,0.13727257559530004,0.38141402956572246,0.0620525700096887,0.0,0.6931471805599454,,,,,0.0,,,0.75,0.1906789618016668,0.5024682187582785,0.20977145437415126,0.483375726185794,0.11691509554210186,0.5762320850178435,0.01979798076885901,0.6733491997910862,0.25449427841047473,0.43865290214947067,0.26208038134844847,0.43106679921149693,0.18689777199669175,0.5062494085632534,0.045108525295359955,0.6480386552645854,,,,,,,,,,,,,,,,,,,,,3.0,3.0,3.0,3.0,6.0,6.0,6.0,6.0,,,,,,,,,,,,,,,,,,,,,,,,,,,,,,,,,,,,,,0.12906490888290578,0.2676534363478556,0.0,0.2676534363478556,0.0,0.2676534363478556,0.0,0.2982986454644362,0.3948485350955091,0.2846061152755986,0.40854106528434664,0.23178301325636969,0.46136416730357555,0.2290667419809846,0.46408043857896064,17.0,33.0,17.0,33.0
q12_rho1.00_sensing_b12,12,1.0,sensing,12,7,0,38,endpoint,main,linear-l0.1,linear-l0.1|linear-l0.1|quadratic-l0.1|linear-l0.1|linear-l0.1,0.27221484132075774,0.42093233923918755,0.8157894736842105,,,,,,,,,,,,,,,,,,,,,0.16888845637839878,0.36078435870285724,0.04958089739775576,0.0,0.6931471805599454,,,,,0.0,,,0.75,0.26745484032086336,0.4256923402390818,0.2583181619397898,0.4348290186201553,0.13356309817922085,0.5595840823807245,0.022232987374994934,0.6709141931849505,0.31797674098260775,0.37517043957733753,0.3074785991095033,0.3856685814504419,0.21227033990021052,0.4808768406597347,0.05071637372954461,0.6424308068304008,,,,,,,,,,,,,,,,,,,,,3.0,3.0,3.0,3.0,6.0,6.0,6.0,6.0,,,,,,,,,,,,,,,,,,,,,,,,,,,,,,,,,,,,,,0.12807878009869272,0.27221484132075774,0.0,0.27221484132075774,0.0,0.27221484132075774,0.0,0.31931197948634255,0.37383520107360263,0.3132242847261554,0.37992289583378985,0.2560860632034224,0.4370611173565229,0.259300763793952,0.4338464167659935,17.0,33.0,17.0,33.0
q12_rho1.00_sensing_b12,12,1.0,sensing,12,8,0,38,endpoint,main,linear-l0.1,linear-l0.1|quadratic-l0.1|mlp-w4-l0.01|quadratic-l0.1|linear-l0.1,0.30640710484655875,0.38674007571338653,0.8552631578947368,,,,,,,,,,,,,,,,,,,,,0.1722584574825893,0.41400422394759334,0.06210754313181108,0.0,0.6931471805599454,,,,,0.0,,,0.6,0.2209956516733861,0.4721515288865591,0.2528484218541075,0.44029875870583773,0.14012224139097915,0.5530249391689661,0.023743473700656992,0.6694037068592884,0.31124197179444824,0.38190520876549716,0.30590091995891167,0.3872462606010336,0.22053540895241977,0.4726117716075255,0.053540923702797893,0.6396062568571474,,,,,,,,,,,,,,,,,,,,,3.0,3.0,3.0,3.0,6.0,6.0,6.0,6.0,,,,,,,,,,,,,,,,,,,,,,,,,,,,,,,,,,,,,,0.11003008962379919,0.30640710484655875,0.0,0.30640710484655875,0.0,0.30640710484655875,0.0,0.31910749260572535,0.37403968795421993,0.29892572903427406,0.39422145152567145,0.26535842859118386,0.4277887519687615,0.2652397208846308,0.42790745967531435,17.0,33.0,17.0,33.0
q12_rho1.00_sensing_b12,12,1.0,sensing,12,9,0,38,endpoint,main,quadratic-l0.1,quadratic-l0.1|quadratic-l0.1|linear-l0.1|linear-l0.01|linear-l0.1,0.24811210723825816,0.44503507332168707,0.8421052631578947,,,,,,,,,,,,,,,,,,,,,0.10693470566075054,0.3667601799807015,0.06591111761461352,0.0,0.6931471805599454,,,,,0.0,,,0.65,0.24848557879003624,0.44466160176990893,0.2474270836643361,0.44572009689560915,0.13240763506010853,0.5607395454998368,0.022176420089338067,0.6709707604706072,0.29877439119988275,0.3943727893600626,0.2957817379923131,0.39736544256763223,0.20905887848799284,0.4840883020719525,0.05063717728372494,0.6425100032762203,,,,,,,,,,,,,,,,,,,,,3.0,3.0,3.0,3.0,6.0,6.0,6.0,6.0,,,,,,,,,,,,,,,,,,,,,,,,,,,,,,,,,,,,,,0.1300050000886067,0.24811210723825816,0.0,0.24811210723825816,0.0,0.24811210723825816,0.0,0.29633897655811764,0.3968082040018277,0.28531552672814403,0.40783165383180126,0.24973643935506595,0.4434107412048793,0.251636701046488,0.4415104795134573,17.0,33.0,17.0,33.0
q12_rho1.00_sensing_b12,12,1.0,sensing,12,10,0,38,mixture,diag,linear-l0.01,linear-l0.01|quadratic-l0.01|linear-l0.01|linear-l0.01|quadratic-l0.01,5.164595341251143,0.37525815050714223,0.8421052631578947,5.164595341251143,5.5668886721521025,4.513268570292804,35.51291344104821,0.039862400786033515,1.5842650477249285,1.9265169287789545,0.9675559893774874,36.575031989089595,0.03702537171070675,2.9962708395817277,3.387744190184235,2.3508112536280876,35.73029612365116,0.03933805199273402,4.169769257782873,4.569309318272027,3.519921189120867,35.56928396100767,0.039728438059302686,4.475465380439371,5.944103163027123,0.37680759822283333,0.0,0.6931471805599453,,,,,0.0,,,1.0,4.203289208120275,0.38448543696505283,1.9112382673927373,0.4329133562144571,0.6796290703585658,0.5506070424473496,0.11658699115092101,0.6646873077568975,6.538508598298166,0.3580867238183492,3.011891661395965,0.38873738089120397,1.3914483048200585,0.4599444078738429,0.3976844358884131,0.6019808445957193,,,,,,,,,2.4483031248413343,0.3871176463941141,,,1.1860697731762864,0.4749973322940656,,,,,,,7.0,7.0,7.0,7.0,28.0,28.0,28.0,28.0,,,,,113.0,,113.0,,,,,,,,,,,,,,,,,,,,,,,,,,,,,,,,,,,,,,,,,,,,,,,,,
q12_rho1.00_sensing_b12,12,1.0,sensing,12,1,0,38,mixture,diag,quadratic-l0.1,quadratic-l10|quadratic-l0.1|constant|linear-l10|quadratic-l0.1,0.0016866654762891246,0.6934871398400242,0.48026315789473684,0.0016866654762891246,0.0017671662768424055,-0.010948364799149254,37.363459201579325,0.035079962493057996,0.000866147686734238,0.0009445750518949358,-0.011605787916413868,37.371955402368236,0.03501405710368973,0.0015482128842837244,0.0016283750769670816,-0.011060328744181646,37.36483954164485,0.035069334311761534,0.0016517812348103918,0.0017321971329297206,-0.01097661257121351,37.36380504986227,0.03507730244195655,-0.04841526941263976,0.04874136912579029,0.02472208508282245,0.0,0.6931471805599453,,,,,0.0,,,0.0,-0.037662914307658085,0.6991966007027209,-0.00281919712458324,0.6923953280262878,0.0018985429253258045,0.6925394484382591,0.0008468246746004636,0.6929347143544056,0.020794378038279573,0.6953276046185516,0.043080734637840734,0.6868511784038404,0.03262877513602204,0.6857304560908093,0.007250704926982943,0.6913643447791098,,,,,,,,,-0.0026502263907454606,0.6937843152780264,,,-0.000122469197226185,0.6931773948796907,,,,,,,7.0,7.0,7.0,7.0,28.0,28.0,28.0,28.0,,,,,113.0,,113.0,,,,,,,,,,,,,,,,,,,,,,,,,,,,,,,,,,,,,,,,,,,,,,,,,
q12_rho1.00_sensing_b12,12,1.0,sensing,12,5,0,38,mixture,diag,linear-l0.01,linear-l0.01|quadratic-l0.01|linear-l0.01|linear-l0.01|linear-l0.01,3.261278301479566,0.4472635822069699,0.7894736842105263,3.261278301479566,3.50703961303053,2.71353560294216,31.894944210640343,0.06347943855643488,1.289593563926625,1.5064060697044597,0.7669826562232732,33.13279671148252,0.06013430874790955,2.2343999287503067,2.4750734964851926,1.6908940587523718,32.122636364169075,0.06288971814751877,2.8378782938286324,3.0823503679330533,2.291202379458122,31.95300360589734,0.06332991645936148,2.784936419641429,3.7162000242953894,0.237066015980988,0.0,0.6931471805599453,,,,,0.0,,,1.0,3.018461171746915,0.4440942301839801,1.5487301590333928,0.4793585004977024,0.5459075934283133,0.5788763221516201,0.09199337582704102,0.6707047449702038,4.023365026890055,0.4312346064308546,2.3877538739893907,0.4446960860868505,1.1233316236620408,0.5049524833056431,0.31085543062594406,0.6219846007595278,,,,,,,,,1.708340694836314,0.47220997606947696,,,0.8223619553867775,0.5356451848339505,,,,,,,7.0,7.0,7.0,7.0,28.0,28.0,28.0,28.0,,,,,113.0,,113.0,,,,,,,,,,,,,,,,,,,,,,,,,,,,,,,,,,,,,,,,,,,,,,,,,
q12_rho1.00_sensing_b12,12,1.0,sensing,12,10,0,38,pathinfo,diag,quadratic-l0.1,gru-w4-l0.01|quadratic-l0.1|quadratic-l0.1|linear-l0.01|quadratic-l0.1,0.38874090195679717,0.304406278603148,0.9078947368421053,,,,,,,,,,,,,,,,,,,,,0.21955931069243131,0.5390024102892467,0.08107455579285525,0.0,0.6931471805599454,,,,,0.0,,,0.6,0.37662065515988097,0.3165265254000643,0.3346311121497019,0.3585160684102434,0.20205508146516232,0.4910920990947829,0.0430586111900525,0.6500885693698928,0.4276053342571403,0.265541846302805,0.4607422592221859,0.23240492133775914,0.3431329453355665,0.35001423522437886,0.138470584726665,0.5546765958332802,,,,,,,,,0.41373748173697217,0.27940969882297306,,,0.3382282273483774,0.3549189532115678,,,,,,,7.0,7.0,7.0,7.0,28.0,28.0,28.0,28.0,,,,,113.0,,113.0,,,,,,,,,,,,,,,,,,,,,,,,,,,,,,,0.08004376542588065,0.38874090195679717,0.0,0.38874090195679717,0.0,0.38874090195679717,0.0,,,,,,,,,,,,
q12_rho1.00_sensing_b12,12,1.0,sensing,12,1,0,38,pathinfo,diag,quadratic-l1,quadratic-l1|constant|quadratic-l1|linear-l0.1|constant,0.006910733779134072,0.6862364467808113,0.618421052631579,,,,,,,,,,,,,,,,,,,,,-0.06469034173080411,0.05746327054465033,0.03136822490541109,0.0,0.6931471805599454,,,,,0.0,,,0.2,0.0034948629336325372,0.6896523176263127,0.009408884661759992,0.6837382958981854,0.0033341153598926377,0.6898130652000526,0.0011046122235139797,0.6920425683364314,0.031794770816530954,0.6613524097434144,0.052559776303246444,0.6405874042566988,0.037364846547204816,0.6557823340127406,0.009729021095539088,0.6834181594644062,,,,,,,,,0.029224287523698995,0.6639228930362463,,,0.0009527967876387669,0.6921943837723067,,,,,,,7.0,7.0,7.0,7.0,28.0,28.0,28.0,28.0,,,,,113.0,,113.0,,,,,,,,,,,,,,,,,,,,,,,,,,,,,,,0.23982229289677437,0.006910733779134072,0.0,0.006910733779134072,0.0,0.006910733779134072,0.0,,,,,,,,,,,,
q12_rho1.00_sensing_b12,12,1.0,sensing,12,5,0,38,pathinfo,diag,quadratic-l0.1,quadratic-l0.1|quadratic-l0.1|linear-l0.1|linear-l0.1|quadratic-l0.1,0.3441040871671797,0.3490430933927657,0.881578947368421,,,,,,,,,,,,,,,,,,,,,0.17601607836905947,0.478531043037157,0.0778824556210795,0.0,0.6931471805599454,,,,,0.0,,,0.8,0.3304732213426444,0.36267395921730083,0.3249800396709069,0.3681671408890384,0.19541885189040298,0.4977283286695423,0.04160834593703448,0.6515388346229108,0.3607973452378738,0.3323498353220716,0.3907744996495789,0.30237268091036645,0.32021248729304813,0.37293469326689727,0.13162253008162947,0.5615246504783158,,,,,,,,,0.3275295892151174,0.3656175913448278,,,0.27387792224236723,0.41926925831757805,,,,,,,7.0,7.0,7.0,7.0,28.0,28.0,28.0,28.0,,,,,113.0,,113.0,,,,,,,,,,,,,,,,,,,,,,,,,,,,,,,0.09939446476350663,0.3441040871671797,0.0,0.3441040871671797,0.0,0.3441040871671797,0.0,,,,,,,,,,,,
q12_rho1.00_sensing_b3,12,1.0,sensing,3,10,0,38,cost0,direct,gru_direct-w4-l0.1-cap5,gru_direct-w4-l0.1-cap5|constant|gru_direct-w4-l0.1-cap5|gru_direct-w4-l0.1-cap5|constant,-0.026098211416673508,0.6975337423698946,0.5131578947368421,-0.026098211416673508,-0.024684077995788156,0.028030144809919878,29.632355260118576,0.11057645800912361,-0.02043443940193233,-0.019974839714128237,0.010191032394656283,32.60859044224509,0.09031165164739234,-0.025285708986477775,-0.024109870284844404,0.023995427489226395,30.252863570613975,0.10647059007710502,-0.02590723730332276,-0.024557257975251445,0.026957745423921254,29.794031311742504,0.10950992329375055,-0.2671328483162408,0.19153403245226422,0.11008154430635653,0.0,0.6931471805599454,-0.020293363450652052,0.6928724738916181,-0.008739787371747498,0.6933655124937951,0.0,113.0,113.0,0.2,,,,,,,,,,,,,,,,,,,,,,,,,,,,,,,,,,,,,,,,,,,,,,,,,,,,,,,,,,,,,,,,,,,,,,,,,,,,,,,,,,,,,,,,,,,,,,,,,,,,
q12_rho1.00_sensing_b3,12,1.0,sensing,3,10,0,38,cost0,main,linear-l0.1,linear-l0.1|constant|linear-l0.1|linear-l1|flat-w4-l0.01,0.022741300700881845,0.6954860111499747,0.4868421052631579,0.022741300700881845,0.02484100131369866,-0.04066931088755526,37.348288590392734,0.03528047985312105,0.009368224190385107,0.011442117907513552,-0.05365998278605104,37.36032408926533,0.03523160432288383,0.019728875810340347,0.0218243835083227,-0.04361977313484491,37.35024607757185,0.03527260151643994,0.02194285853818175,0.02404150860352626,-0.04145223419372991,37.34877911919737,0.03527850816559151,-0.08012311609409106,0.17258644905443948,0.06438153870023687,0.0,0.6931471805599454,,,,,0.0,,,0.0,0.20225222809885582,0.7045438969656859,0.12881737015748537,0.6819289960248901,0.0477677478917074,0.6834078598129552,0.006937563573231553,0.6914568005961762,0.14581670221015178,0.7756067127308002,0.14863298035249387,0.7086785818434592,0.10641621680560917,0.6793403472838372,0.027924099060007677,0.6869184877997097,0.08320715998884809,0.6810800630081644,0.027020010274797047,0.6916046289987804,0.04731802871338747,0.6834174955865354,0.031239135640548425,0.6886715034595507,0.021118396738947144,0.6886492865191899,-0.012144388735510625,0.69595600335716,0.00541906550889488,0.6918630730675426,0.006618561603156259,0.6915521586380167,-0.007993596297669108,0.6945100786305227,-8.022060090384349e-05,0.6931605171999929,7.0,7.0,7.0,7.0,28.0,28.0,28.0,28.0,141.0,281.0,141.0,281.0,113.0,321.0,113.0,321.0,113.0,113.0,,,,,,,,,,,,,,,,,,,,,,,,,,,,,,,,,,,,,,,,,,,,,,
q12_rho1.00_sensing_b3,12,1.0,sensing,3,10,0,38,cost0,mem1,gru-w4-l0.01-h1,gru-w4-l0.01-h1|constant-h1|gru-w4-l0.01-h1|gru-w4-l0.01-h1|constant-h1,0.040132896210421105,0.686756746102212,0.5131578947368421,0.040132896210421105,0.04119668465900011,-0.005286318492614245,37.93194008071635,0.027567901930372004,0.0334910783623376,0.03455354147425528,-0.011900272636426328,37.932048616745774,0.02756709726149793,0.03886297321971063,0.03992654939633406,-0.006551779910009043,37.931957469277734,0.027567773082565028,0.0398062931259574,0.04087002849874941,-0.005611806062890824,37.93194442867211,0.027567869714817013,-0.0024798010448587654,0.1249256701935389,0.04271121491624617,,,,,,,,,,0.0,,,,,,,,,,,,,,,,,,,,,,,,,,,,,,,,,,,,,,,,,,,,,,,,,,,,,,,0.0,0.6931471805599454,0.09551098680965482,0.6763078413213167,0.0020610443592586404,0.6926341819751776,0.0,116.0,116.0,,,,,,,,,,,,,,,,,,,,,,,,,,,,,,,,,,,,,
q12_rho1.00_sensing_b3,12,1.0,sensing,3,10,0,38,cost0,mem2,constant-h2,gru-w4-l0.1-h2|constant-h2|gru-w4-l0.01-h2|gru-w4-l0.01-h2|constant-h2,0.014487442838307286,0.692660956373674,0.5,0.014487442838307286,0.014489167727608724,0.016345950905366117,36.62493180051466,0.056746740201503366,0.006842788379142878,0.006842797001777163,0.006711472885965981,36.77942457798639,0.054851600687723434,0.012887569768931462,0.01288872262920857,0.014406798368102302,36.65182234320361,0.05642432349980217,0.01406966998420312,0.014071239691810657,0.01584255611087202,36.63173899848378,0.056665401117505995,-0.09949076462666356,0.14485661286148638,0.05853066659579404,,,,,,,,,,0.0,,,,,,,,,,,,,,,,,,,,,,,,,,,,,,,,,,,,,,,,,,,,,,,,,,,,,,,,,,,,,,,,0.0,0.6931471805599454,0.03865267122755295,0.6873226647786258,0.002157653878762594,0.6926203820586577,0.0,116.0,116.0,,,,,,,,,,,,,,,,,,,,,,,,,,,,
q12_rho1.00_sensing_b3,12,1.0,sensing,3,10,0,38,cost0,mem4,constant-h4,gru-w4-l0.1-h4|constant-h4|gru-w4-l0.01-h4|gru-w4-l0.01-h4|constant-h4,-0.00080400011115787,0.6955225400150898,0.5131578947368421,-0.00080400011115787,-0.0007237935171543145,0.01191496009229468,34.168544322613336,0.07905275508616885,-0.007117970723092054,-0.00710535526036685,-0.002086517433107092,35.02961575905514,0.07192279149487547,-0.002408349695192266,-0.0023449353383455437,0.008895791663271058,34.33178449288821,0.07775067267202769,-0.001236909423976111,-0.0011611782744895913,0.011120631733505073,34.210430861577365,0.07872055330027204,-0.17529587235955327,0.1739676363755088,0.08235551261639736,,,,,,,,,,0.0,,,,,,,,,,,,,,,,,,,,,,,,,,,,,,,,,,,,,,,,,,,,,,,,,,,,,,,,,,,,,,,,,,,,,,,,,0.0,0.6931471805599454,0.029877154292395295,0.6888422641403174,0.003541072664273778,0.6922873712482656,0.0,116.0,116.0,,,,,,,,,,,,,,,,,,,
q12_rho1.00_sensing_b3,12,1.0,sensing,3,1,0,38,cost0,main,constant,constant|linear-l0.1|constant|constant|flat-w8-l0.1,-0.011128309896223376,0.6960959791020789,0.4868421052631579,-0.011128309896223376,-0.011126726755945362,-0.009347849761900142,37.98046623520873,0.02835395164227397,-0.011076701741906178,-0.01107511787735443,-0.009295834139737053,37.980485787872276,0.02835288804003474,-0.0111200115804995,-0.011118428324158791,-0.009339486144255527,37.98046936638693,0.028353781377729148,-0.01112623384397488,-0.011124650674674705,-0.009345757380343475,37.98046701810167,0.028353909072986346,-0.03611640097544185,0.009970163269275457,0.011872268546347587,0.0,0.6931471805599454,,,,,0.0,,,0.0,-0.10560225902181476,0.7250276011116129,-0.04101390522193484,0.7039604644987206,-0.00939480859292545,0.6954956204678386,-0.0014656269370694431,0.6935132897785724,-0.3861829690685483,0.847554978667657,-0.15307887290069014,0.7385274122789109,-0.04544653609171563,0.7048505695938282,-0.008243991017740412,0.6952111422714197,-0.05745699489886386,0.708610220425274,-0.07604429588501599,0.7130543804189147,-0.002218570486876365,0.6937034095940301,-0.006108800749807157,0.6946660246561868,-0.008245028789240187,0.6951987417880341,-0.005997556034604168,0.6946636973063717,-0.0007606895823224491,0.6933352226725028,-0.0006782806003716607,0.6933192765029887,-0.0026962707975457085,0.6938168615996496,-0.00043674092854982744,0.693255287776326,7.0,7.0,7.0,7.0,28.0,28.0,28.0,28.0,33.0,65.0,33.0,65.0,113.0,321.0,113.0,321.0,113.0,113.0,,,,,,,,,,,,,,,,,,,,,,,,,,,,,,,,,,,,,,,,,,,,,,
q12_rho1.00_sensing_b3,12,1.0,sensing,3,5,0,38,cost0,main,flat-w4-l0.1,flat-w4-l0.1|flat-w4-l0.01|flat-w4-l0.01|linear-l0.1|flat-w4-l0.1,-0.015056979155948263,0.6992901495554331,0.4342105263157895,-0.015056979155948263,-0.012725004825950709,-0.08180436659612397,34.68979555644063,0.044244693097784206,-0.014896523663094052,-0.012760083221163246,-0.07884733330165601,34.86610986545527,0.04378434748515917,-0.015008464070143975,-0.01270988549687617,-0.08128715403035507,34.71952471455098,0.04416878586358427,-0.015043886364751463,-0.012720341337318891,-0.0816733047827711,34.69728531693867,0.044225632683767765,-0.14595470158688956,0.12284518383608725,0.06924711332955562,0.0,0.6931471805599454,,,,,0.0,,,0.0,-0.13557175034781074,0.743347036915862,-0.02909480759592642,0.7098930508966568,0.004202850488077763,0.6940613566345989,0.0011479112112281738,0.6929132065430574,-0.0965883798477671,0.8725823034925434,-0.09583197079241518,0.7601766407978033,0.0019252105617481995,0.705100436877514,0.006557212675506098,0.6926297767259266,-0.081089310573757,0.707830394523582,-0.10964472425873735,0.7133153912032065,0.004752144648597327,0.6924168447998739,0.0041459753990062435,0.692863528670723,-0.046984460972779966,0.7042356040675118,-0.07907861524971628,0.7112639628816525,-0.0013564924304299915,0.6935314171941511,-0.01126167707735636,0.6961438892853827,-0.017257671784316586,0.6972292963888257,-0.0011326042825197465,0.693424317132994,7.0,7.0,7.0,7.0,28.0,28.0,28.0,28.0,81.0,161.0,81.0,161.0,113.0,321.0,113.0,321.0,113.0,113.0,,,,,,,,,,,,,,,,,,,,,,,,,,,,,,,,,,,,,,,,,,,,,,
q12_rho1.00_sensing_b3,12,1.0,sensing,3,10,0,38,cost2,direct,gru_direct-w4-l0.1-cap5,gru_direct-w4-l0.1-cap5|gru_direct-w4-l0.1-cap5|gru_direct-w4-l0.1-cap5|gru_direct-w4-l0.1-cap5|gru_direct-w4-l0.1-cap5,3.234803739524909,0.23263538182105567,0.9342105263157895,3.234803739524909,3.2805114734227807,2.962126405066255,2.28037350017351,0.6588888649988823,2.071194894392004,2.307420920244995,1.5314529381453799,7.5770070393535995,0.34306437092989406,2.894989860769495,2.9948675295439577,2.5120036934158816,2.889997882161154,0.5827824399964092,3.137503076988824,3.1970687258858805,2.8308637220040644,2.4217207131119203,0.6387822193935174,2.148961244881479,4.006016997880719,0.48747185166896934,0.0,0.6931471805599454,2.606962030998677,0.24781450197606802,3.234803739524909,0.23263538182105567,0.0,113.0,113.0,0.8,,,,,,,,,,,,,,,,,,,,,,,,,,,,,,,,,,,,,,,,,,,,,,,,,,,,,,,,,,,,,,,,,,,,,,,,,,,,,,,,,,,,,,,,,,,,,,,,,,,,
q12_rho1.00_sensing_b3,12,1.0,sensing,3,10,0,38,cost2,main,flat-w8-l0.01,flat-w8-l0.01|quadratic-l0.1|gru-w4-l0.01|flat-w8-l0.01|gru-w4-l0.01,4.068680835601023,0.2506556078831083,0.8947368421052632,4.068680835601023,4.341305833761853,3.499697644963148,3.44745535712737,0.5271076011991617,1.9302378066230486,2.2413230011493646,1.3337334752067622,8.3932161764691,0.3181530352114641,3.0197637970036464,3.3125421527579855,2.435971645807103,4.06536134212397,0.4820495554456711,3.6238417951440476,3.9023524892922103,3.050440142611581,3.5942124376319957,0.515392772421395,2.9765074137540575,5.155661353404709,0.5526519086625069,0.0,0.6931471805599454,,,,,0.0,,,0.72,5.16517051234481,0.30826400765616885,2.0403038622081,0.4174569695683207,0.5741264864784136,0.5761698320267655,0.09493873994728072,0.6701439855121242,7.964420969348046,0.24966814670833962,3.7378489412673948,0.3186970079958189,1.3494589973757285,0.46785886115225783,0.32631249958746134,0.6196420196249081,3.5046340170665635,0.19456478326895807,5.044857857781507,0.16499895566587156,2.1406445963233374,0.315593465494978,2.5123164331350516,0.2998801160777061,3.0617570540835506,0.2350788981350419,3.033849146936068,0.27215496501088654,1.532776555011364,0.4009559335880553,1.7616280510061315,0.3842816707162806,0.6693298424527112,0.5408827075386275,0.2014848798026607,0.6463768641203217,7.0,7.0,7.0,7.0,28.0,28.0,28.0,28.0,141.0,281.0,141.0,281.0,113.0,321.0,113.0,321.0,113.0,113.0,,,,,,,,,,,,,,,,,,,,,,,,,,,,,,,,,,,,,,,,,,,,,,
q12_rho1.00_sensing_b3,12,1.0,sensing,3,10,0,38,cost2,mem1,gru-w4-l0.01-h1,gru-w4-l0.01-h1|gru-w4-l0.01-h1|gru-w4-l0.01-h1|gru-w4-l0.01-h1|gru-w4-l0.01-h1,2.3931041735240415,0.3375639474240875,0.881578947368421,2.3931041735240415,2.881397938565638,1.6999331402347213,35.5968458571748,0.04009507592048581,1.647136781424783,2.0500561623469324,0.995475115666058,36.79918714221393,0.03656183402269205,2.191324878570758,2.663930102659615,1.5052137114344588,35.85492980906835,0.03942157309838406,2.336734818108442,2.821024697163753,1.6453435040753892,35.66422793103262,0.039922177510625226,1.8257841598752975,2.9149693565863024,0.2740494253472293,,,,,,,,,,1.0,,,,,,,,,,,,,,,,,,,,,,,,,,,,,,,,,,,,,,,,,,,,,,,,,,,,,,,0.0,0.6931471805599454,2.3931041735240415,0.3375639474240875,0.5175821510975109,0.5766419599519786,0.0,116.0,116.0,,,,,,,,,,,,,,,,,,,,,,,,,,,,,,,,,,,,,
q12_rho1.00_sensing_b3,12,1.0,sensing,3,10,0,38,cost2,mem2,gru-w4-l0.01-h2,gru-w4-l0.01-h2|gru-w4-l0.01-h2|gru-w4-l0.01-h2|gru-w4-l0.01-h2|gru-w4-l0.01-h2,3.335186516351192,0.22109905826642887,0.9342105263157895,3.335186516351192,4.194737276515887,2.5231315515262422,32.465335767511,0.08146851192522381,2.1133293573270806,2.7290584732916643,1.3703120903789228,35.89464190843323,0.06035333274267832,2.97529284140179,3.785542206557663,2.1750901067498956,33.30774880045372,0.07679740272891182,3.2319855915131943,4.07875764619086,2.4229170913545044,32.689994899125196,0.08023663734594619,2.773512982355092,3.8461649143438157,0.2721913929229389,,,,,,,,,,1.0,,,,,,,,,,,,,,,,,,,,,,,,,,,,,,,,,,,,,,,,,,,,,,,,,,,,,,,,,,,,,,,,0.0,0.6931471805599454,3.335186516351192,0.22109905826642887,1.1162129882544678,0.4622576285433467,0.0,116.0,116.0,,,,,,,,,,,,,,,,,,,,,,,,,,,,
q12_rho1.00_sensing_b3,12,1.0,sensing,3,10,0,38,cost2,mem4,gru-w4-l0.01-h4,gru-w4-l0.01-h4|gru-w4-l0.01-h4|gru-w4-l0.01-h4|gru-w4-l0.01-h4|gru-w4-l0.01-h4,3.0352222148190893,0.209890396199134,0.9473684210526315,3.0352222148190893,3.1727851640413456,2.5981097714377626,1.6304069895474687,0.7818860523993022,2.0599554336344497,2.4335528285723282,1.424530773549717,5.231750739557663,0.4256054219140418,2.772309572625033,2.991514358139079,2.247522906669417,1.9662557954644235,0.7109051774147158,2.961630051047901,3.1213597304164735,2.4975046754541284,1.7061920721284516,0.7640828830156021,1.974336409355328,3.7850299917153483,0.47244650205485855,,,,,,,,,,1.0,,,,,,,,,,,,,,,,,,,,,,,,,,,,,,,,,,,,,,,,,,,,,,,,,,,,,,,,,,,,,,,,,,,,,,,,,0.0,0.6931471805599454,3.0352222148190893,0.209890396199134,1.4934335283593836,0.40183654992297235,0.0,116.0,116.0,,,,,,,,,,,,,,,,,,,
q12_rho1.00_sensing_b3,12,1.0,sensing,3,1,0,38,cost2,main,linear-l0.01,linear-l0.01|flat-w4-l0.01|flat-w8-l0.1|flat-w8-l0.1|linear-l0.01,-0.05976732854635898,0.7077408244306267,0.4473684210526316,-0.05976732854635898,-0.05852427062436799,-0.00907423761457821,37.5056598088356,0.035516991428088146,-0.059248535196407145,-0.058018842636478676,-0.008833186442754392,37.51264866470935,0.03540195723420019,-0.05968347028348592,-0.05844257550707783,-0.009035232792024624,37.506792249839904,0.035498370923117584,-0.059746333185734,-0.0585038169437856,-0.009064470598191163,37.505943434465664,0.035512328519390866,-0.1141873701855727,-0.015362225650913785,0.025195787951166428,0.0,0.6931471805599454,,,,,0.0,,,0.0,-0.06878504735829212,0.7112754179457438,-0.032357440767266606,0.7013832945268854,-0.008495442496005982,0.6952665294038413,-0.001301886024135437,0.6934724360516087,-0.24971612710398203,0.7507167751107842,-0.11949920688259988,0.7230422680737133,-0.04094614877092008,0.7032831473631349,-0.0070196278107301285,0.6948962853561085,-0.061354207191848885,0.7086810856691057,-0.08311278841800718,0.7140140080283054,-0.0021653631197511673,0.6936887037145205,-0.003879778911673959,0.694101273487341,-0.008383314052368088,0.6952168105380218,-0.0036737337034887007,0.6940559133865658,-0.0006547579111688129,0.6933091115279968,-0.0005041568886873881,0.6932750826762772,-0.002465318918758759,0.693759397333608,-0.00045702524231120014,0.6932602940628092,7.0,7.0,7.0,7.0,28.0,28.0,28.0,28.0,33.0,65.0,33.0,65.0,113.0,321.0,113.0,321.0,113.0,113.0,,,,,,,,,,,,,,,,,,,,,,,,,,,,,,,,,,,,,,,,,,,,,,
q12_rho1.00_sensing_b3,12,1.0,sensing,3,5,0,38,cost2,main,flat-w4-l0.01,linear-l0.01|flat-w4-l0.01|flat-w4-l0.01|linear-l0.1|linear-l0.1,0.1456644284726492,0.6677729303810258,0.5921052631578947,0.1456644284726492,0.1466475908826771,0.10197417241514495,24.015401279296057,0.11607562260691927,0.1403523932348194,0.14261195291746348,0.074625856042643,26.54337586249217,0.09669886864727364,0.14444954311404185,0.14564998423903425,0.09624774954192034,24.50289420431687,0.11222241651091959,0.14533835986163718,0.1463758871628871,0.10047463582460028,24.140907029254848,0.11507805066560402,-0.2013456845858226,0.47501919656456765,0.1720195857709228,0.0,0.6931471805599454,,,,,0.0,,,0.02,0.4688825394925528,0.6479515894801547,0.30983623632181034,0.6489531358966427,0.10308226544446407,0.6717035241305535,0.016114685828468426,0.6892246926021768,0.6146762153332336,0.6663297167823623,0.42357634801192995,0.6504525678219127,0.21588466062537032,0.6579989986166717,0.05318302780612344,0.6811717517890494,0.16481335374262449,0.6539960889983496,0.14263220094366988,0.6600752489866271,0.1270845426240813,0.6654870661400417,0.16419922990746397,0.6600999366504949,0.1747431210794903,0.6601164458431371,0.22194142187957505,0.6594808964150367,0.037226358606682976,0.684242607708612,0.039971301392323834,0.683633085911746,0.005953078632753797,0.6911325469502047,0.0018162940312551699,0.6927017805685982,7.0,7.0,7.0,7.0,28.0,28.0,28.0,28.0,81.0,161.0,81.0,161.0,113.0,321.0,113.0,321.0,113.0,113.0,,,,,,,,,,,,,,,,,,,,,,,,,,,,,,,,,,,,,,,,,,,,,,
q12_rho1.00_sensing_b3,12,1.0,sensing,3,10,0,38,endpoint,main,linear-l0.01,linear-l0.1|linear-l0.01|linear-l0.01|linear-l0.01|linear-l0.01,0.29491805935003884,0.39822909340804846,0.8421052631578947,,,,,,,,,,,,,,,,,,,,,0.2058127277529724,0.38176970510839736,0.04521272500039809,0.0,0.6931471805599454,,,,,0.0,,,0.85,0.3251864693670374,0.3679606833910499,0.2188335720401696,0.4743136085197757,0.08522992195354984,0.6079172586063954,0.014043545129170084,0.6791036354307751,0.3444354605628547,0.34871168415220766,0.283455221502441,0.4096919590575043,0.14597992851677125,0.5471672520431741,0.0327088549450742,0.6604383256148709,,,,,,,,,,,,,,,,,,,,,3.0,3.0,3.0,3.0,6.0,6.0,6.0,6.0,,,,,,,,,,,,,,,,,,,,,,,,,,,,,,,,,,,,,,0.12568013040715795,0.29491805935003884,0.039473684210526314,0.294912887557537,0.05263157894736842,0.29491808702667516,0.013157894736842105,0.3333171248318612,0.359830055728084,0.33948987881970333,0.35365730174024207,0.21186034912530424,0.481286831434641,0.21786578096044348,0.4752813995995017,17.0,33.0,17.0,33.0
q12_rho1.00_sensing_b3,12,1.0,sensing,3,1,0,38,endpoint,main,mlp-w4-l0.1,mlp-w4-l0.1|mlp-w4-l0.1|linear-l1|constant|constant,-0.0026045389264763587,0.6957517194864217,0.47368421052631576,,,,,,,,,,,,,,,,,,,,,-0.006419311741249938,0.0003811232256656816,0.0017473662610642939,0.0,0.6931471805599454,,,,,0.0,,,0.0,-0.007178551878518208,0.7003257324384634,-0.0053286358769874835,0.6984758164369328,-0.0018991449713216286,0.6950463255312669,-0.00025566937558905333,0.6934028499355344,-0.03337246929011053,0.7265196498500558,-0.01663645440316004,0.7097836349631053,-0.004338225001031889,0.697485405560977,-0.0006313809153155763,0.693778561475261,,,,,,,,,,,,,,,,,,,,,3.0,3.0,3.0,3.0,6.0,6.0,6.0,6.0,,,,,,,,,,,,,,,,,,,,,,,,,,,,,,,,,,,,,,0.25130048300179414,-0.0026045389264763587,0.0,-0.0026045389264763587,0.0,-0.0026045389264763587,0.0,-0.0033365973119796055,0.696483777871925,-0.0016532380327607516,0.6948004185927061,-0.0025076703741869094,0.6956548509341323,-0.0011436416133919069,0.6942908221733373,17.0,33.0,17.0,33.0
q12_rho1.00_sensing_b3,12,1.0,sensing,3,2,0,38,endpoint,main,linear-l0.01,linear-l0.01|mlp-w4-l0.01|constant|mlp-w4-l0.1|linear-l1,-0.0031060018385175945,0.6962531823984628,0.5394736842105263,,,,,,,,,,,,,,,,,,,,,-0.01853297595583292,0.010960234326624277,0.007495316082329684,0.0,0.6931471805599454,,,,,0.0,,,0.0,9.252466224501785e-05,0.6930546558977002,-0.0019441779409418933,0.6950913585008871,0.0007887818676695299,0.6923583986922757,0.0002278301354260028,0.6929193504245192,-0.0470286069453196,0.7401757875052649,-0.016628261023258994,0.709775441583204,-0.0007200720433453799,0.6938672526032907,0.0004086699544710187,0.6927385106054743,,,,,,,,,,,,,,,,,,,,,3.0,3.0,3.0,3.0,6.0,6.0,6.0,6.0,,,,,,,,,,,,,,,,,,,,,,,,,,,,,,,,,,,,,,0.25145774770536883,-0.0031060018385175945,0.0,-0.0031060018385175945,0.0,-0.0031060018385175945,0.0,-0.0042330531073354865,0.697380233667281,-0.007309303971598662,0.7004564845315441,0.007173556274404706,0.6859736242855405,0.0017740753701559957,0.6913731051897892,17.0,33.0,17.0,33.0
q12_rho1.00_sensing_b3,12,1.0,sensing,3,3,0,38,endpoint,main,mlp-w4-l0.01,mlp-w4-l0.01|quadratic-l0.01|mlp-w4-l0.01|mlp-w4-l0.01|mlp-w4-l0.01,-0.040346792442630425,0.7334939730025757,0.5789473684210527,,,,,,,,,,,,,,,,,,,,,-0.16641600275815577,0.04332876187798615,0.057606789389547,0.0,0.6931471805599454,,,,,0.0,,,0.0,-0.010437035706634396,0.7035842162665795,-0.012298674458723232,0.7054458550186686,-0.0038110117645645696,0.69695819232451,-0.0004671953178254099,0.6936143758777708,-0.0320332946585968,0.7251804752185421,-0.010649094580745687,0.7037962751406909,-0.004597551828747424,0.6977447323886927,-0.0006715313285659085,0.6938187118885113,,,,,,,,,,,,,,,,,,,,,3.0,3.0,3.0,3.0,6.0,6.0,6.0,6.0,,,,,,,,,,,,,,,,,,,,,,,,,,,,,,,,,,,,,,0.25463173455725063,-0.040346792442630425,0.0,-0.040346792442630425,0.0,-0.040346792442630425,0.0,0.011184603743664676,0.6819625768162806,0.007058199308064228,0.6860889812518811,0.004330986154821673,0.6888161944051236,-0.0010213874233215058,0.6941685679832669,17.0,33.0,17.0,33.0
q12_rho1.00_sensing_b3,12,1.0,sensing,3,4,0,38,endpoint,main,linear-l0.01,constant|quadratic-l0.01|mlp-w4-l0.1|linear-l0.01|linear-l0.01,-0.11584987304547029,0.8089970536054155,0.4605263157894737,,,,,,,,,,,,,,,,,,,,,-0.3287961547267634,0.0007058977509763942,0.09832473413455159,0.0,0.6931471805599454,,,,,0.0,,,0.15,0.005168492548240302,0.6879786880117049,-0.00343581374619093,0.6965829943061361,-0.0010696620304932896,0.6942168425904386,-0.00010863183612298457,0.6932558123960684,-0.10090569865625472,0.7940528792162,-0.027643135481570186,0.7207903160415154,-0.004874025709705762,0.6980212062696511,-0.0005955978821312354,0.6937427784420767,,,,,,,,,,,,,,,,,,,,,3.0,3.0,3.0,3.0,6.0,6.0,6.0,6.0,,,,,,,,,,,,,,,,,,,,,,,,,,,,,,,,,,,,,,0.27215047357749156,-0.11584987304547029,0.0,-0.11584987304547029,0.0,-0.11584987304547029,0.0,-0.026588498245332784,0.7197356788052781,-0.03244253026144101,0.7255897108213863,0.0005191394974949783,0.6926280410624505,-0.001122738637239339,0.6942699191971846,17.0,33.0,17.0,33.0
q12_rho1.00_sensing_b3,12,1.0,sensing,3,5,0,38,endpoint,main,linear-l1,mlp-w4-l0.1|mlp-w4-l0.01|linear-l1|constant|linear-l1,-0.009470772592763558,0.7026179531527089,0.5263157894736842,,,,,,,,,,,,,,,,,,,,,-0.0373474024879197,0.009729406356772842,0.012319787606138279,0.0,0.6931471805599454,,,,,0.0,,,0.0,0.011441817234715853,0.6817053633252295,0.010655419744948493,0.6824917608149969,0.008112565282953588,0.6850346152769917,0.0014688605542995494,0.6916783200056457,-0.03787330311506741,0.7310204836750127,0.0021920440687975403,0.6909551364911478,0.00975310758904578,0.6833940729708994,0.0030186149717503336,0.6901285655881949,,,,,,,,,,,,,,,,,,,,,3.0,3.0,3.0,3.0,6.0,6.0,6.0,6.0,,,,,,,,,,,,,,,,,,,,,,,,,,,,,,,,,,,,,,0.2542978084152763,-0.009470772592763558,0.0,-0.009470772592763558,0.0,-0.009470772592763558,0.0,-0.002511925474520104,0.6956591060344653,-0.006220058711692146,0.6993672392716375,0.00885486598909139,0.6842923145708538,0.004163251443479149,0.6889839291164662,17.0,33.0,17.0,33.0
q12_rho1.00_sensing_b3,12,1.0,sensing,3,6,0,38,endpoint,main,linear-l0.1,linear-l0.1|linear-l0.1|linear-l0.1|linear-l0.1|linear-l1,0.10811760644804808,0.5850295741118972,0.7105263157894737,,,,,,,,,,,,,,,,,,,,,0.058909711002037464,0.1629574875763951,0.026386646248760182,0.0,0.6931471805599454,,,,,0.0,,,0.05,0.1346887068716818,0.5584584736882634,0.12315254380199785,0.5699946367579474,0.06024456758175015,0.6329026129781952,0.01010095070176002,0.6830462298581853,0.13305404172251206,0.5600931388374333,0.13143355098811246,0.5617136295718329,0.08803513192911389,0.6051120486308313,0.021661331474258794,0.6714858490856865,,,,,,,,,,,,,,,,,,,,,3.0,3.0,3.0,3.0,6.0,6.0,6.0,6.0,,,,,,,,,,,,,,,,,,,,,,,,,,,,,,,,,,,,,,0.20112555801997603,0.10811760644804808,0.0,0.10811760644804808,0.0,0.10811760644804808,0.0,0.12405434088709585,0.5690928396728495,0.12723930546956289,0.5659078750903823,0.0955240029954626,0.5976231775644828,0.1024214991633977,0.5907256813965476,17.0,33.0,17.0,33.0
q12_rho1.00_sensing_b3,12,1.0,sensing,3,7,0,38,endpoint,main,linear-l0.1,linear-l0.1|linear-l0.1|linear-l0.1|linear-l1|linear-l0.1,0.10602855857450422,0.5871186219854411,0.6973684210526315,,,,,,,,,,,,,,,,,,,,,0.05147625031262486,0.16101531331766508,0.027813464007653946,0.0,0.6931471805599454,,,,,0.0,,,0.05,0.13498434855998429,0.5581628319999611,0.1240281122862164,0.5691190682737289,0.05923060627669618,0.6339165742832491,0.009812240729262305,0.683334939830683,0.1314700217295459,0.5616771588303994,0.1327971454963434,0.560350035063602,0.08808603131439226,0.6050611492455531,0.021201661725776397,0.6719455188341689,,,,,,,,,,,,,,,,,,,,,3.0,3.0,3.0,3.0,6.0,6.0,6.0,6.0,,,,,,,,,,,,,,,,,,,,,,,,,,,,,,,,,,,,,,0.20323858080461288,0.10602855857450422,0.0,0.10602855857450422,0.0,0.10602855857450422,0.0,0.12235587380870112,0.5707913067512441,0.12387492485735005,0.5692722557025952,0.09074879495737327,0.6023983856025721,0.10074646795190269,0.5924007126080426,17.0,33.0,17.0,33.0
q12_rho1.00_sensing_b3,12,1.0,sensing,3,8,0,38,endpoint,main,linear-l0.01,linear-l0.01|linear-l0.01|linear-l0.01|linear-l0.1|linear-l0.01,0.23570979034207243,0.45743739021787294,0.7894736842105263,,,,,,,,,,,,,,,,,,,,,0.13204112484579966,0.33074368468001836,0.04967944303164291,0.0,0.6931471805599454,,,,,0.0,,,0.65,0.2591890631477126,0.4339581067422971,0.19765603124087616,0.495491149319069,0.08222986656358304,0.6109173139963623,0.01358693200247745,0.6795602485574678,0.2618032231788458,0.43134394578186463,0.2350390239300223,0.458108156629923,0.13033387163261215,0.5628133089273332,0.030147980143265796,0.6629992004166796,,,,,,,,,,,,,,,,,,,,,3.0,3.0,3.0,3.0,6.0,6.0,6.0,6.0,,,,,,,,,,,,,,,,,,,,,,,,,,,,,,,,,,,,,,0.1504973253112669,0.23570979034207243,0.0,0.2357073430736799,0.02631578947368421,0.23570979034207243,0.0,0.25843399313114707,0.4347131874287983,0.2595491953092805,0.4335979852506648,0.178549438035669,0.5145977425242764,0.1836274961471411,0.5095196844128042,17.0,33.0,17.0,33.0
q12_rho1.00_sensing_b3,12,1.0,sensing,3,9,0,38,endpoint,main,linear-l0.01,linear-l0.01|linear-l0.01|linear-l0.01|linear-l0.01|linear-l0.01,0.40969287101293406,0.2834542881333799,0.881578947368421,,,,,,,,,,,,,,,,,,,,,0.3112062068133111,0.4910451256508734,0.045096955555237364,0.0,0.6931471805599454,,,,,0.0,,,0.95,0.40969287101293406,0.2834542881333799,0.2826202198703047,0.4105269606896405,0.11488791882831356,0.5782592617316316,0.018774341357548255,0.674372839202397,0.4378930644969505,0.25525407461403704,0.3517586102073386,0.3413885703526067,0.18619002227189824,0.5069571582880471,0.042410510419600186,0.6507366701403451,,,,,,,,,,,,,,,,,,,,,3.0,3.0,3.0,3.0,6.0,6.0,6.0,6.0,,,,,,,,,,,,,,,,,,,,,,,,,,,,,,,,,,,,,,0.08160764367931884,0.40969287101293406,0.02631578947368421,0.40968468899548577,0.10526315789473684,0.4096928924100585,0.013157894736842105,0.4174374349529709,0.27570974560697425,0.42947130948117196,0.2636758710787733,0.2846368774796937,0.4085103030802515,0.2939285873660406,0.3992185931939048,17.0,33.0,17.0,33.0
q12_rho1.00_sensing_b3,12,1.0,sensing,3,10,0,38,mixture,diag,quadratic-l0.01,quadratic-l0.01|quadratic-l0.1|quadratic-l0.01|linear-l0.01|gru-w4-l0.01,2.080457170567107,0.5766812204555889,0.7236842105263158,2.080457170567107,2.188168416534731,1.6851748636078385,34.207232196889485,0.0467179047928964,0.8250681304210031,0.9243864010104775,0.4429849107390217,34.94326216865425,0.045718620341091906,1.3352020751246876,1.4414996732952159,0.9420922685413792,34.336426825948436,0.04655044571388455,1.6914570123000925,1.798814754893496,1.2967161208469504,34.239540130711504,0.046676059157554836,1.4344089615411988,2.861993001986587,0.3609522878760039,0.0,0.6931471805599453,,,,,0.0,,,1.0,1.945725930161881,0.5616231121328537,0.7779095215813777,0.5900202377613774,0.21522120249430743,0.6487040047328003,0.03260055322220266,0.6852183759664298,3.0550057218109252,0.5771615857266583,1.431880826991053,0.5628838231198333,0.5256350906968437,0.6063552997421249,0.11809098566402496,0.66635135469811,,,,,,,,,1.30385115181865,0.5236324047552715,,,0.37198521159629017,0.6163962934587834,,,,,,,7.0,7.0,7.0,7.0,28.0,28.0,28.0,28.0,,,,,113.0,,113.0,,,,,,,,,,,,,,,,,,,,,,,,,,,,,,,,,,,,,,,,,,,,,,,,,
q12_rho1.00_sensing_b3,12,1.0,sensing,3,1,0,38,mixture,diag,constant,constant|constant|constant|constant|constant,0.0,0.6931471805599453,0.5,0.0,0.0,0.0,38.0,0.02631578947368421,0.0,0.0,0.0,38.0,0.02631578947368421,0.0,0.0,0.0,38.0,0.02631578947368421,0.0,0.0,0.0,38.0,0.02631578947368421,0.0,0.0,0.0,0.0,0.6931471805599453,,,,,0.0,,,0.0,-0.043540107297355406,0.7046883307166577,-0.02325886334071889,0.6991653931080509,-0.006153049129714851,0.6947015412423826,-0.0009696640738990289,0.6933900689945937,-0.06991387697995664,0.7120174339329285,-0.06707760101903935,0.7108275743289608,-0.027134931241414556,0.7000709580367807,-0.005233628447701144,0.6944623286781472,,,,,,,,,-0.005937468742970742,0.6946331920184047,,,-0.0006011335429849926,0.6932959345816441,,,,,,,7.0,7.0,7.0,7.0,28.0,28.0,28.0,28.0,,,,,113.0,,113.0,,,,,,,,,,,,,,,,,,,,,,,,,,,,,,,,,,,,,,,,,,,,,,,,,
q12_rho1.00_sensing_b3,12,1.0,sensing,3,5,0,38,mixture,diag,linear-l0.1,linear-l0.1|linear-l1|linear-l1|linear-l0.1|linear-l0.1,0.07707421770109764,0.6809873899451638,0.5592105263157895,0.07707421770109764,0.07707428166971234,0.0774319434893729,36.172134637378946,0.046125649172443446,0.06178568612607105,0.06178634727420267,0.060636215433928435,36.24978437450993,0.045539077797893804,0.0738180394782358,0.07381804543197747,0.07392716486405161,36.18501326757783,0.04602885260926348,0.07621832480708894,0.0762183683996841,0.07651362525341965,36.175371178518496,0.04610134105834432,-0.01911402559921556,0.17486499631635574,0.04754329152306891,0.0,0.6931471805599453,,,,,0.0,,,0.1,0.18993330555548132,0.6818161386650005,0.14275298247905555,0.6726467742792778,0.045081336472124554,0.6834584937988777,0.006609807349526632,0.6915304646316212,0.22253914849558806,0.6959817209390529,0.18558736102013232,0.6794459524533198,0.09827425081637066,0.6764213842795168,0.02206165241744088,0.6880610353877831,,,,,,,,,0.039338514979216824,0.685993026476544,,,0.01221532843997377,0.6902410153924142,,,,,,,7.0,7.0,7.0,7.0,28.0,28.0,28.0,28.0,,,,,113.0,,113.0,,,,,,,,,,,,,,,,,,,,,,,,,,,,,,,,,,,,,,,,,,,,,,,,,
q12_rho1.00_sensing_b3,12,1.0,sensing,3,10,0,38,pathinfo,diag,gru-w4-l0.01,gru-w4-l0.01|quadratic-l0.1|gru-w4-l0.01|gru-w4-l0.01|gru-w4-l0.01,0.3757666878349206,0.31738049272502467,0.868421052631579,,,,,,,,,,,,,,,,,,,,,0.252349101617271,0.4838216653900355,0.06028005156543712,0.0,0.6931471805599454,,,,,0.0,,,0.8,0.33850945951148265,0.35463768286287706,0.24710461325966493,0.4460425673002803,0.10697104539688271,0.5861761351630627,0.020791797030468958,0.6723553835294764,0.3397983321121588,0.35334879739505903,0.32916118029128977,0.3639860002686555,0.20475544809429566,0.4883917324656497,0.06704627968975792,0.6261009008701873,,,,,,,,,0.40108369093079504,0.29206348962915013,,,0.26912240139562593,0.42402477916431947,,,,,,,7.0,7.0,7.0,7.0,28.0,28.0,28.0,28.0,,,,,113.0,,113.0,,,,,,,,,,,,,,,,,,,,,,,,,,,,,,,0.09661971375195265,0.3757666878349206,0.0,0.3757641798817377,0.02631578947368421,0.3757666878349206,0.0,,,,,,,,,,,,
q12_rho1.00_sensing_b3,12,1.0,sensing,3,1,0,38,pathinfo,diag,constant,constant|constant|linear-l10|constant|constant,-0.0003324264654728924,0.6934796070254182,0.4868421052631579,,,,,,,,,,,,,,,,,,,,,-0.0008085674568683134,-1.38125148959142e-05,0.00020972427917370312,0.0,0.6931471805599454,,,,,0.0,,,0.0,-0.025480190069024886,0.7186273706289703,-0.012374579283141824,0.7055217598430872,-0.003216942877692964,0.6963641234376382,-0.0004933232924849487,0.6936405038524304,-0.14415022572241956,0.8372974062823649,-0.0521467652790573,0.7452939458390027,-0.014910610987100214,0.7080577915470455,-0.002322174578086983,0.6954693551380323,,,,,,,,,-0.0020527864912937115,0.695199967051239,,,-0.00018490912775434283,0.6933320896876997,,,,,,,7.0,7.0,7.0,7.0,28.0,28.0,28.0,28.0,,,,,113.0,,113.0,,,,,,,,,,,,,,,,,,,,,,,,,,,,,,,0.2501661875037204,-0.0003324264654728924,0.0,-0.0003324264654728924,0.0,-0.0003324264654728924,0.0,,,,,,,,,,,,
q12_rho1.00_sensing_b3,12,1.0,sensing,3,5,0,38,pathinfo,diag,constant,constant|quadratic-l0.1|linear-l0.01|constant|linear-l0.1,-0.03004829445363445,0.7231954750135797,0.4868421052631579,,,,,,,,,,,,,,,,,,,,,-0.086908329332698,0.016664935394712085,0.025896262916455182,0.0,0.6931471805599454,,,,,0.0,,,0.2,0.006858535463141153,0.6862886450968041,0.007326192803443797,0.6858209877565016,0.006092744993477535,0.6870544355664678,0.0013217480369519413,0.6918254325229934,-0.07107959814237039,0.7642267787023157,-0.02977825455841928,0.7229254351183645,0.0020232454839938093,0.6911239350759515,0.0030938552037624804,0.6900533253561828,,,,,,,,,-0.014853798195799503,0.7080009787557449,,,0.001436397531661294,0.691710783028284,,,,,,,7.0,7.0,7.0,7.0,28.0,28.0,28.0,28.0,,,,,113.0,,113.0,,,,,,,,,,,,,,,,,,,,,,,,,,,,,,,0.2626929463229489,-0.03004829445363445,0.0,-0.03004829445363445,0.0,-0.03004829445363445,0.0,,,,,,,,,,,,
q3_rho0.70_always_b12,3,0.7,always,12,10,0,40,cost0,direct,gru_direct-w4-l0.1-cap5,gru_direct-w4-l0.01-cap5|gru_direct-w4-l0.1-cap5|gru_direct-w4-l0.01-cap5|gru_direct-w4-l0.1-cap5|gru_direct-w4-l0.1-cap5,1.45927777519648,0.2804920414004465,0.925,1.45927777519648,1.6859425999369666,2.2914387074440534,4.474478818234507,0.3062141121972508,1.6894763645468323,1.6987705348630358,1.5592617252118104,8.57797148397491,0.17906447472600376,1.6591162374029338,1.7378963858902732,2.1102227932226088,5.1614467942172935,0.2730822475565029,1.52791862921334,1.7031502615302276,2.242066140732733,4.646529278669465,0.2971533151726178,-0.18903261827497944,2.8365591576343827,0.7974633888254791,0.0,0.6931471805599453,1.5230482969137487,0.3020044822760921,1.328865396393344,0.29504119600927214,0.0,113.0,113.0,0.2,,,,,,,,,,,,,,,,,,,,,,,,,,,,,,,,,,,,,,,,,,,,,,,,,,,,,,,,,,,,,,,,,,,,,,,,,,,,,,,,,,,,,,,,,,,,,,,,,,,,
q3_rho0.70_always_b12,3,0.7,always,12,10,0,40,cost0,main,linear-l0.01,linear-l0.01|linear-l0.01|linear-l0.01|quadratic-l0.01|linear-l0.1,-0.6901396913901013,0.2324617883248575,0.925,-0.6901396913901013,1.097250627549883,2.5393263909793853,1.2164565129933897,0.9054235562819567,1.864103486436015,1.9682914130188682,1.4742730881405284,6.659985953276478,0.2949925690542919,1.632943367540348,1.7404024690677953,2.1707774659179444,1.7661984962876545,0.7422456186980172,0.42002011644075343,1.3230764515704467,2.422522530587753,1.321658868357374,0.8673294862468316,-8.526783689706006,3.619740995879701,3.7589490535421675,0.0,0.6931471805599453,,,,,0.0,,,0.62,2.6143877720247217,0.19514317688836713,2.004627580668197,0.25262012271188394,1.0098696025339728,0.43974277166627973,0.212023481814099,0.639619591267425,0.004596955974135497,0.193542170178241,2.41970185627657,0.20061712247847846,1.685604391768011,0.30159508914034683,0.6284883887585574,0.5338228504723623,1.942594729946988,0.2298365739751512,2.062998956786417,0.21922660520961795,1.935141584312604,0.25357862510623796,2.059746201869379,0.23532105396542308,1.7722532387112573,0.25797266495182825,1.5596033110514373,0.26107432237519723,1.5036453474273037,0.32659741842198053,1.59345905994706,0.3057801159381324,1.1244304722929122,0.33960712458514625,0.921553473021936,0.45468210885114574,7.0,7.0,7.0,7.0,28.0,28.0,28.0,28.0,141.0,281.0,141.0,281.0,113.0,321.0,113.0,321.0,113.0,113.0,,,,,,,,,,,,,,,,,,,,,,,,,,,,,,,,,,,,,,,,,,,,,,
q3_rho0.70_always_b12,3,0.7,always,12,10,0,40,cost0,mem1,gru-w4-l0.01-h1,gru-w4-l0.01-h1|gru-w4-l0.01-h1|gru-w4-l0.01-h1|gru-w4-l0.01-h1|gru-w4-l0.01-h1,2.020330578580372,0.25517288371492014,0.9125,2.020330578580372,2.0522674079073444,1.7884256654927664,4.503516198872157,0.400208704762606,1.706888855032777,1.8048224078786255,1.3270557399705434,9.090315569407498,0.22047815763669262,1.9687126204864627,2.0192058797917616,1.6836611394203902,5.232451343430289,0.35506091922439476,2.0079003006854546,2.044732525554022,1.7604673764467744,4.684846293927353,0.3880127675362632,1.2391137416089395,2.649477953098121,0.36846700818185996,,,,,,,,,,1.0,,,,,,,,,,,,,,,,,,,,,,,,,,,,,,,,,,,,,,,,,,,,,,,,,,,,,,,0.0,0.6931471805599453,2.020330578580372,0.25517288371492014,1.2366461313707604,0.39256868672127204,0.0,116.0,116.0,,,,,,,,,,,,,,,,,,,,,,,,,,,,,,,,,,,,,
q3_rho0.70_always_b12,3,0.7,always,12,10,0,40,cost0,mem2,gru-w4-l0.01-h2,gru-w4-l0.01-h2|gru-w4-l0.01-h2|gru-w4-l0.01-h2|gru-w4-l0.01-h2|gru-w4-l0.1-h2,1.8148205244978883,0.27128407407092586,0.9125,1.8148205244978883,1.8239448830131906,1.6857458972521138,4.200867297711317,0.42466975797194817,1.6297214771434334,1.712384068247783,1.2762571236828584,9.074639990510695,0.22179325684525578,1.80365367413226,1.8296202173747302,1.5927375120712777,4.999748742357024,0.37104877410698944,1.814208843991875,1.8273216139561752,1.660887130795281,4.4002523013275,0.41001567097457575,0.8852204984362129,2.541745906710346,0.43113755288051847,,,,,,,,,,1.0,,,,,,,,,,,,,,,,,,,,,,,,,,,,,,,,,,,,,,,,,,,,,,,,,,,,,,,,,,,,,,,,0.0,0.6931471805599453,2.002587890741752,0.25164756909692604,1.4678762964870085,0.3440417662175752,0.0,116.0,116.0,,,,,,,,,,,,,,,,,,,,,,,,,,,,
q3_rho0.70_always_b12,3,0.7,always,12,10,0,40,cost0,mem4,gru-w4-l0.01-h4,gru-w4-l0.01-h4|gru-w4-l0.01-h4|gru-w4-l0.01-h4|gru-w4-l0.01-h4|gru-w4-l0.1-h4,1.859680742837508,0.2538865572705048,0.925,1.859680742837508,1.8633531051392507,1.776409929988048,3.6912183705460384,0.46540913856038957,1.6855966385189607,1.7691153941060207,1.330571578641169,8.615795813245281,0.22952484628749356,1.861515979599228,1.881918776624026,1.6728786889334757,4.493873784692096,0.40150674466561614,1.8637025859214162,1.8708854799957022,1.7485852171809166,3.8907104235107473,0.4478807215334534,0.846095124750681,2.6411544179182407,0.47916407755550344,,,,,,,,,,1.0,,,,,,,,,,,,,,,,,,,,,,,,,,,,,,,,,,,,,,,,,,,,,,,,,,,,,,,,,,,,,,,,,,,,,,,,,0.0,0.6931471805599453,2.031790017370273,0.23593876704763134,1.5983332525804013,0.3161138433109432,0.0,116.0,116.0,,,,,,,,,,,,,,,,,,,
q3_rho0.70_always_b12,3,0.7,always,12,1,0,40,cost0,main,linear-l0.01,linear-l0.01|quadratic-l0.1|linear-l0.01|linear-l0.01|linear-l0.1,0.35430405614840244,0.5616337729955261,0.8,0.35430405614840244,0.37797165583131576,0.5879268869295375,6.264841357998104,0.3614725021676863,0.593694986580654,0.599940709116927,0.48605430546977624,16.248653598246403,0.16740437040430362,0.45371039686163883,0.459550357286034,0.5657119482189195,8.11721272793644,0.3025958279998109,0.38487824749761934,0.4020870039009129,0.5820433573440039,6.725687585866573,0.3448174529199583,-0.5807304226547017,1.0234591799540773,0.4290417354929076,0.0,0.6931471805599453,,,,,0.0,,,0.4,0.4280621063292148,0.5265845195843248,0.2874053421297034,0.6098771913809861,0.09116296814170466,0.6699078275419721,0.0148385683596565,0.6894306651105402,1.272482390601395,0.43647109419192526,0.9230166166572324,0.49193559495812594,0.4355462966923948,0.5876264189217626,0.10779799630409173,0.6660623642598231,0.6692042161404046,0.5140369248070062,0.7963652251622817,0.49474941649238635,0.10586585134556534,0.6660731258230307,0.10826161572856707,0.6652791031292533,0.6324570424445328,0.5311328898352784,0.8006931248775437,0.5040034886237107,0.007208308631671059,0.6913645658245009,0.007243087091195732,0.691324132205389,0.02942011499898193,0.6850972002988363,0.0008694034791612071,0.69293257163934,7.0,7.0,7.0,7.0,28.0,28.0,28.0,28.0,33.0,65.0,33.0,65.0,113.0,321.0,113.0,321.0,113.0,113.0,,,,,,,,,,,,,,,,,,,,,,,,,,,,,,,,,,,,,,,,,,,,,,
q3_rho0.70_always_b12,3,0.7,always,12,5,0,40,cost0,main,linear-l0.01,quadratic-l0.01|linear-l0.01|linear-l0.01|quadratic-l0.1|linear-l0.01,2.6575363593220755,0.2658920460058912,0.8875,2.6575363593220755,2.751005069177793,2.285108635114463,6.27696769478846,0.24268010127638723,1.7075302672048955,1.8156924548796989,1.311559086105157,9.818276831613302,0.1739888445473222,2.3588585017040122,2.460336384662664,1.973308242398252,6.708072149931711,0.230007561610105,2.568486127160425,2.6643490998267283,2.1920582443076766,6.375230332754592,0.23954116636066822,1.8743171502320708,3.3948693548316733,0.3864517253888268,0.0,0.6931471805599453,,,,,0.0,,,0.52,2.5579498214348706,0.2622585934002931,1.621498664678373,0.338286242806901,0.7282543336711433,0.508541829646382,0.1479001825898591,0.6558141586251056,3.4998415576670148,0.20134497106100463,2.4306663705301395,0.23647877159637587,1.4179826612091007,0.35744698714575746,0.49831497579510237,0.5659835118235568,2.34101620387735,0.244300247779378,2.6448754683860782,0.23441282815369274,1.7665674909122597,0.3005197903697253,1.9026560229354879,0.28422031982966633,2.170112771854997,0.2470820345936146,2.360814059901178,0.2291876515067952,0.9884595469489621,0.4404395394306258,1.0329303645445485,0.427028212487484,0.9085137865027717,0.44412699325695043,0.38935813584494045,0.5935988469464311,7.0,7.0,7.0,7.0,28.0,28.0,28.0,28.0,81.0,161.0,81.0,161.0,113.0,321.0,113.0,321.0,113.0,113.0,,,,,,,,,,,,,,,,,,,,,,,,,,,,,,,,,,,,,,,,,,,,,,
q3_rho0.70_always_b12,3,0.7,always,12,10,0,40,cost2,direct,gru_direct-w4-l0.1-cap5,gru_direct-w4-l0.1-cap5|gru_direct-w4-l0.1-cap5|gru_direct-w4-l0.01-cap5|gru_direct-w4-l0.1-cap5|gru_direct-w4-l0.1-cap5,2.4591967288456105,0.21865310909184185,0.9375,2.4591967288456105,2.461825476876867,2.533468307923456,4.167378321433611,0.3801168423066224,1.9627543433681054,2.027601184378246,1.6444945243472873,7.899114633815245,0.21512547190154596,2.3683213820401603,2.3703756679825556,2.3055853853069483,4.7505854184155405,0.33647989983823495,2.4370003183279416,2.4375623050006476,2.4709017298693707,4.314218893153316,0.3680926921710349,1.4046145864810744,3.2890907960829994,0.48328740103342477,0.0,0.6931471805599453,2.1962628864032743,0.2512800065208756,2.35707670381528,0.22684920425852512,0.0,113.0,113.0,0.0,,,,,,,,,,,,,,,,,,,,,,,,,,,,,,,,,,,,,,,,,,,,,,,,,,,,,,,,,,,,,,,,,,,,,,,,,,,,,,,,,,,,,,,,,,,,,,,,,,,,
q3_rho0.70_always_b12,3,0.7,always,12,10,0,40,cost2,main,linear-l0.01,linear-l0.01|linear-l0.01|linear-l0.01|linear-l0.01|linear-l0.1,2.7653206255901375,0.17848612196307023,0.925,2.7653206255901375,2.8603167103481137,2.3903332000737163,3.318522671918358,0.46898471079876425,2.0139954238959463,2.191635704734412,1.5300042010205248,7.179005711440991,0.2614287727283641,2.574615754806352,2.7016266868913155,2.1514822225090575,3.77409718371698,0.42385325520986805,2.712289998756043,2.8162513838733694,2.322814451853449,3.424837229224165,0.45736117105807333,2.0291259322039723,3.391568272668122,0.347495925712734,0.0,0.6931471805599453,,,,,0.0,,,0.56,3.0352614228868515,0.16092291562244174,2.1826690533852484,0.22783424523565268,1.0734891878894595,0.4267245178727702,0.22402759246670137,0.6366683386632308,1.692008704064179,0.16552917638969356,2.727102984782502,0.17518769720056365,1.7784324940732759,0.28606538588548897,0.6480365084935455,0.5294006091872732,2.2539107861866547,0.2020210233025855,2.3940118682662104,0.19308655267055247,2.149446113565896,0.22749625031513165,2.351090247660874,0.20567443178575856,2.392827994274844,0.19728476745408158,2.725814034826499,0.18385258216880404,1.6420632805706077,0.30498489656620875,1.7610646916688175,0.2818945460311177,1.3835887322881715,0.31806649925765684,1.0618951440010576,0.42898276605081176,7.0,7.0,7.0,7.0,28.0,28.0,28.0,28.0,141.0,281.0,141.0,281.0,113.0,321.0,113.0,321.0,113.0,113.0,,,,,,,,,,,,,,,,,,,,,,,,,,,,,,,,,,,,,,,,,,,,,,
q3_rho0.70_always_b12,3,0.7,always,12,10,0,40,cost2,mem1,gru-w4-l0.01-h1,gru-w4-l0.01-h1|gru-w4-l0.01-h1|gru-w4-l0.01-h1|gru-w4-l0.01-h1|gru-w4-l0.01-h1,2.1901892732703643,0.22536359413440626,0.925,2.1901892732703643,2.2634195572469302,1.8546696993109966,4.148477825006085,0.42295615513736456,1.8236986925290597,1.9635575817278532,1.383647287415037,8.58939935562557,0.23794461691899044,2.1229405912793604,2.218151101395052,1.7475960431777893,4.805469394452338,0.3785516857390221,2.1732587691106744,2.252536462174005,1.8260715213851515,4.309644191579682,0.4111027322118102,1.511763855312482,2.73503808539614,0.31024959875004593,,,,,,,,,,1.0,,,,,,,,,,,,,,,,,,,,,,,,,,,,,,,,,,,,,,,,,,,,,,,,,,,,,,,0.0,0.6931471805599453,2.1901892732703643,0.22536359413440626,1.3034216582293805,0.37743609474437756,0.0,116.0,116.0,,,,,,,,,,,,,,,,,,,,,,,,,,,,,,,,,,,,,
q3_rho0.70_always_b12,3,0.7,always,12,10,0,40,cost2,mem2,gru-w4-l0.01-h2,gru-w4-l0.01-h2|gru-w4-l0.01-h2|gru-w4-l0.01-h2|gru-w4-l0.01-h2|gru-w4-l0.1-h2,1.9998752438552772,0.24708112890923556,0.925,1.9998752438552772,2.0462123376889325,1.725526249563778,4.078494645394412,0.42901391167298786,1.721526686672414,1.8464040764178995,1.3013193361405728,8.627945698956852,0.2366588665953541,1.9553612887617944,2.0249034282304423,1.6272687012630176,4.7643390339912015,0.3815745065845542,1.9892405626524883,2.0417796004925393,1.6991212954258355,4.247338125263383,0.41626487252296157,1.2637350038634656,2.5929263780998593,0.3335387196672506,,,,,,,,,,1.0,,,,,,,,,,,,,,,,,,,,,,,,,,,,,,,,,,,,,,,,,,,,,,,,,,,,,,,,,,,,,,,,0.0,0.6931471805599453,2.2047685335764298,0.22217177378467548,1.575169523531064,0.3222498265008502,0.0,116.0,116.0,,,,,,,,,,,,,,,,,,,,,,,,,,,,
q3_rho0.70_always_b12,3,0.7,always,12,10,0,40,cost2,mem4,gru-w4-l0.01-h4,gru-w4-l0.01-h4|gru-w4-l0.01-h4|gru-w4-l0.01-h4|gru-w4-l0.01-h4|gru-w4-l0.1-h4,2.0252418419536085,0.23219838958686548,0.9375,2.0252418419536085,2.061848282390234,1.77849691111317,3.6150192404084596,0.46713335534229206,1.7723390024646961,1.9009751589853863,1.346999760277343,8.133370060586774,0.2465360268278822,1.9953550393221569,2.058790510921531,1.6801397938384235,4.290812554439781,0.41163601236225755,2.0193113033861096,2.0629634275691364,1.7521945329249526,3.781006597578379,0.452175403408173,1.2144266036591327,2.6451447324578177,0.3664260420220762,,,,,,,,,,1.0,,,,,,,,,,,,,,,,,,,,,,,,,,,,,,,,,,,,,,,,,,,,,,,,,,,,,,,,,,,,,,,,,,,,,,,,,0.0,0.6931471805599453,2.2172986026809154,0.2133488727825442,1.7249771638529694,0.29271434657781426,0.0,116.0,116.0,,,,,,,,,,,,,,,,,,,
q3_rho0.70_always_b12,3,0.7,always,12,1,0,40,cost2,main,linear-l0.01,linear-l0.01|flat-w8-l0.01|quadratic-l0.1|quadratic-l0.01|linear-l0.01,0.6432980950836398,0.5914462953346229,0.775,0.6432980950836398,0.6449118669474233,0.5875573355847786,10.64086016401184,0.23193071356338898,0.6933564466583901,0.7099959643436217,0.5218512507795939,17.407747537250117,0.1479965615210498,0.6668784294500681,0.6709960198517446,0.5788545811478556,11.875327633810462,0.21155488858654797,0.6503011058920419,0.6524877732946587,0.5856195854279992,10.953914640560967,0.22644709517953385,-0.14973188388565992,1.2781188375852306,0.3723918286826792,0.0,0.6931471805599453,,,,,0.0,,,0.34,-0.20365759166452763,0.5635614628439647,0.2203846364096116,0.6198286451626831,0.08459525480705284,0.6713582703093552,0.015012384676383831,0.6893865339972732,0.767415593790116,0.5322188189288308,0.7047861244972328,0.5439512792373595,0.34455221267826736,0.6103671010568423,0.09155685035843128,0.6702792143726605,0.4088096789653176,0.5481820442171284,0.3336656413637712,0.5386582356974351,0.07159147240101099,0.6738650833301252,0.07367466955024415,0.6723197624927716,0.4168716427172523,0.5537817363992048,0.36305245295585153,0.5449824306761715,0.007319054977581199,0.6913315614889612,0.007113024431735804,0.691348148053424,0.020894378816771333,0.6869905042518526,0.0009663272765629116,0.6929086541030055,7.0,7.0,7.0,7.0,28.0,28.0,28.0,28.0,33.0,65.0,33.0,65.0,113.0,321.0,113.0,321.0,113.0,113.0,,,,,,,,,,,,,,,,,,,,,,,,,,,,,,,,,,,,,,,,,,,,,,
q3_rho0.70_always_b12,3,0.7,always,12,5,0,40,cost2,main,linear-l0.01,linear-l0.01|linear-l0.01|linear-l0.01|quadratic-l0.01|linear-l0.01,3.280400780822491,0.20813533793845732,0.9,3.280400780822491,3.3640631101855396,2.925115038521858,4.8512993880508954,0.34153246595239184,1.9311880829788444,2.0505924465556715,1.5186520087302093,8.519897215065424,0.20913306022882558,2.810232704779529,2.9095355100591425,2.4281744973990578,5.304767347969563,0.31362840697852734,3.1329308078587474,3.2211116415058525,2.769588502306429,4.956310414665698,0.33439709304110293,2.4303234130143467,4.044076077784455,0.4155419692519527,0.0,0.6931471805599453,,,,,0.0,,,0.58,3.1632456883553273,0.2017561860695191,1.9336754960776452,0.2871311760296598,0.8603152008421248,0.4782363727634179,0.17507502202023795,0.6490024879094635,4.156341882980812,0.17327889186410936,2.7600420679693416,0.20760337302955642,1.57810929545071,0.3286623794282642,0.556843986478641,0.5517084453878838,2.554338127352311,0.2210534314830836,2.829618582923732,0.2072144261334911,1.9361785323188052,0.278748999523038,2.10748323557223,0.26151832493084026,2.240093932117935,0.2365297771737933,2.1492160735314094,0.23998671379106015,1.1990474928605228,0.4002345986855638,1.2661852286231976,0.38495804197632644,1.0129278931171477,0.42471956252963006,0.49812727847371346,0.5672254283390061,7.0,7.0,7.0,7.0,28.0,28.0,28.0,28.0,81.0,161.0,81.0,161.0,113.0,321.0,113.0,321.0,113.0,113.0,,,,,,,,,,,,,,,,,,,,,,,,,,,,,,,,,,,,,,,,,,,,,,
q3_rho0.70_always_b12,3,0.7,always,12,10,0,40,endpoint,main,mlp-w4-l0.1,mlp-w4-l0.1|mlp-w4-l0.1|mlp-w4-l0.1|linear-l1|mlp-w4-l0.1,0.005843070147318637,0.6873041104126266,0.475,,,,,,,,,,,,,,,,,,,,,-0.012434773471923202,0.023490927520029552,0.009258429590381949,0.0,0.6931471805599453,,,,,0.0,,,0.0,-0.000869741019968863,0.6940169215799141,0.0077497413119347,0.6853974392480107,0.005237693343322282,0.6879094872166229,0.0008960063714059371,0.6922511741885394,-0.03363501798128212,0.7267821985412274,-0.001046179135958887,0.6941933596959042,0.006602682314220898,0.6865444982457244,0.0019164681776443746,0.6912307123823009,,,,,,,,,,,,,,,,,,,,,3.0,3.0,3.0,3.0,6.0,6.0,6.0,6.0,,,,,,,,,,,,,,,,,,,,,,,,,,,,,,,,,,,,,,0.24713408903674497,0.005843070147318637,0.0,0.005843070147318637,0.0,0.005843070147318637,0.0,0.008121197135111878,0.6850259834248333,-0.001110119806055738,0.6942573003660011,0.007945213280433459,0.6852019672795118,0.00264026273410565,0.6905069178258396,17.0,33.0,17.0,33.0
q3_rho0.70_always_b12,3,0.7,always,12,1,0,40,endpoint,main,constant,constant|mlp-w4-l0.1|mlp-w4-l0.1|linear-l1|constant,-0.002578784473647197,0.6957259650335925,0.4375,,,,,,,,,,,,,,,,,,,,,-0.005974313886169584,0.0006444647122941391,0.0016896962687967404,0.0,0.6931471805599453,,,,,0.0,,,0.0,-0.007654652880312915,0.7008018334402581,-0.00579774797226047,0.6989449285322058,-0.0019110857908918796,0.6950582663508371,-0.00024223332108193053,0.6933894138810273,-0.008241730513719283,0.7013889110736645,-0.005179805707104917,0.6983269862670503,-0.0026683887752991784,0.6958155693352446,-0.0004707304457158973,0.6936179110056612,,,,,,,,,,,,,,,,,,,,,3.0,3.0,3.0,3.0,6.0,6.0,6.0,6.0,,,,,,,,,,,,,,,,,,,,,,,,,,,,,,,,,,,,,,0.2512870947287794,-0.002578784473647197,0.0,-0.002578784473647197,0.0,-0.002578784473647197,0.0,-0.006017878997590029,0.6991650595575353,-0.002152761990154943,0.6952999425501002,-0.006099356473604728,0.69924653703355,-0.0005979693431566888,0.693745149903102,17.0,33.0,17.0,33.0
q3_rho0.70_always_b12,3,0.7,always,12,2,0,40,endpoint,main,linear-l1,linear-l1|mlp-w4-l0.1|linear-l1|linear-l0.1|mlp-w4-l0.1,-0.007389127917393777,0.700536308477339,0.575,,,,,,,,,,,,,,,,,,,,,-0.030986208230145185,0.013634908112207796,0.011420106648359327,0.0,0.6931471805599453,,,,,0.0,,,0.0,-0.017908808963574607,0.7110559895235198,-0.005568522911390701,0.6987157034713359,0.0018070333468940465,0.6913401472130511,0.0005224189931802709,0.692624761566765,-0.025131830225162882,0.7182790107851081,-0.011136335584258236,0.7042835161442035,0.0008596335480320939,0.6922875470119132,0.0008202790586326267,0.6923269015013126,,,,,,,,,,,,,,,,,,,,,3.0,3.0,3.0,3.0,6.0,6.0,6.0,6.0,,,,,,,,,,,,,,,,,,,,,,,,,,,,,,,,,,,,,,0.2530034437492075,-0.007389127917393777,0.0,-0.007389127917393777,0.0,-0.007389127917393777,0.0,-0.002238619171197845,0.6953857997311431,-0.0032164842441368123,0.6963636648040821,0.007757415021655743,0.6853897655382897,-0.0006702584170141093,0.6938174389769595,17.0,33.0,17.0,33.0
q3_rho0.70_always_b12,3,0.7,always,12,3,0,40,endpoint,main,linear-l0.1,linear-l0.1|constant|linear-l0.1|linear-l1|constant,-0.002312124192248033,0.6954593047521934,0.525,,,,,,,,,,,,,,,,,,,,,-0.024799987313234337,0.021332408680973216,0.012035899222500474,0.0,0.6931471805599453,,,,,0.0,,,0.0,-0.005915716368818845,0.6990628969287641,0.0033107234241221014,0.6898364571358233,0.005601608078250313,0.6875455724816949,0.0011049304398852294,0.69204225012006,-0.02870118343330702,0.7218483639932523,-0.00625914412819476,0.69940632468814,0.005465473549174376,0.6876817070107709,0.0019456679273500948,0.6912015126325952,,,,,,,,,,,,,,,,,,,,,3.0,3.0,3.0,3.0,6.0,6.0,6.0,6.0,,,,,,,,,,,,,,,,,,,,,,,,,,,,,,,,,,,,,,0.250993840427382,-0.002312124192248033,0.0,-0.002312124192248033,0.0,-0.002312124192248033,0.0,0.007897214532281458,0.6852499660276639,-0.002608150178464891,0.6957553307384102,0.01155426353043296,0.6815929170295123,0.0019838761678961135,0.6911633043920492,17.0,33.0,17.0,33.0
q3_rho0.70_always_b12,3,0.7,always,12,4,0,40,endpoint,main,constant,linear-l1|constant|quadratic-l0.1|mlp-w4-l0.1|constant,-0.008682232398513285,0.7018294129584586,0.4875,,,,,,,,,,,,,,,,,,,,,-0.029709983613284658,0.01105878945211323,0.010387797919050793,0.0,0.6931471805599453,,,,,0.0,,,0.0,-0.011229236532625453,0.7043764170925708,-0.009350667347197417,0.7024978479071426,-0.0018924184363066324,0.6950395989962519,-0.0001228871014891733,0.6932700676614345,-0.0024907620273259363,0.6956379425872713,-0.0069473495275114375,0.7000945300874568,-0.003125576369472127,0.6962727569294174,-0.00018831225827775077,0.6933354928182232,,,,,,,,,,,,,,,,,,,,,3.0,3.0,3.0,3.0,6.0,6.0,6.0,6.0,,,,,,,,,,,,,,,,,,,,,,,,,,,,,,,,,,,,,,0.254270477589306,-0.008682232398513285,0.0,-0.008682232398513285,0.0,-0.008682232398513285,0.0,0.0052742811245802415,0.6878728994353651,-0.00462530810345755,0.6977724886634029,-0.002340146488282158,0.6954873270482274,1.533856052138155e-05,0.6931318419994239,17.0,33.0,17.0,33.0
q3_rho0.70_always_b12,3,0.7,always,12,5,0,40,endpoint,main,linear-l0.1,linear-l0.1|linear-l0.1|linear-l0.1|constant|constant,-0.006052793056241696,0.699199973616187,0.525,,,,,,,,,,,,,,,,,,,,,-0.03213019338248613,0.01967830638291731,0.01341103584847635,0.0,0.6931471805599453,,,,,0.0,,,0.0,0.006194694125193784,0.6869524864347515,0.009561430381327155,0.6835857501786181,0.007773635543689314,0.6853735450162559,0.0014086657348580903,0.6917385148250872,-0.005791730719592011,0.6989389112795374,0.004390982884183032,0.6887561976757622,0.00837348415018671,0.6847736964097586,0.0026056974197390947,0.6905414831402062,,,,,,,,,,,,,,,,,,,,,3.0,3.0,3.0,3.0,6.0,6.0,6.0,6.0,,,,,,,,,,,,,,,,,,,,,,,,,,,,,,,,,,,,,,0.25280141494186825,-0.006052793056241696,0.0,-0.006052793056241696,0.0,-0.006052793056241696,0.0,0.0011347223115632133,0.6920124582483821,-0.006346230008746044,0.6994934105686913,0.011059679424858767,0.6820875011350864,-0.0023491950466939552,0.6954963756066392,17.0,33.0,17.0,33.0
q3_rho0.70_always_b12,3,0.7,always,12,6,0,40,endpoint,main,constant,linear-l0.1|constant|constant|linear-l1|constant,-0.01998443200562338,0.7131316125655687,0.4625,,,,,,,,,,,,,,,,,,,,,-0.045436813636788836,0.0014762948890123422,0.01223574966825217,0.0,0.6931471805599453,,,,,0.0,,,0.0,-0.012198957572770397,0.7053461381327157,-0.005387049207524816,0.6985342297674701,0.0019506770946176124,0.6911965034653277,0.0005697699616285426,0.6925774105983167,-0.03534449215679138,0.7284916727167368,-0.013754125080819473,0.7069013056407647,3.805074516478879e-06,0.6931433754854288,0.0011411470731305829,0.6920060334868147,,,,,,,,,,,,,,,,,,,,,3.0,3.0,3.0,3.0,6.0,6.0,6.0,6.0,,,,,,,,,,,,,,,,,,,,,,,,,,,,,,,,,,,,,,0.25952309815118135,-0.01998443200562338,0.0,-0.01998443200562338,0.0,-0.01998443200562338,0.0,0.0025900438366198405,0.6905571367233254,-0.013539599657298163,0.7066867802172434,0.010703469823755193,0.6824437107361901,-0.011519571533968518,0.7046667520939138,17.0,33.0,17.0,33.0
q3_rho0.70_always_b12,3,0.7,always,12,7,0,40,endpoint,main,quadratic-l0.1,quadratic-l0.1|mlp-w4-l0.1|quadratic-l0.1|quadratic-l0.1|quadratic-l0.01,-0.01662779436866076,0.709774974928606,0.6375,,,,,,,,,,,,,,,,,,,,,-0.13631514540224107,0.07313067022743433,0.054351627092181984,0.0,0.6931471805599453,,,,,0.0,,,0.0,0.013785516654801832,0.6793616639051435,0.021743833424793364,0.6714033471351518,0.015096192034172872,0.6780509885257724,0.00262057270885261,0.6905266078510927,-0.0005319229631334909,0.6936791035230787,0.03340317774541042,0.6597440028145348,0.02401683745353228,0.669130343106413,0.006184378600538954,0.6869628019594064,,,,,,,,,,,,,,,,,,,,,3.0,3.0,3.0,3.0,6.0,6.0,6.0,6.0,,,,,,,,,,,,,,,,,,,,,,,,,,,,,,,,,,,,,,0.2459946246702159,-0.01662779436866076,0.0,-0.01662779436866076,0.0,-0.01662779436866076,0.0,0.03713039993386223,0.656016780626083,0.03125485704200297,0.6618923235179424,0.018860073354057684,0.6742871072058876,0.017304803566257732,0.6758423769936875,17.0,33.0,17.0,33.0
q3_rho0.70_always_b12,3,0.7,always,12,8,0,40,endpoint,main,linear-l1,linear-l1|linear-l1|linear-l1|linear-l1|linear-l1,0.015474548881649619,0.6776726316782957,0.6125,,,,,,,,,,,,,,,,,,,,,-0.0024821071994533678,0.03314346777126207,0.008947973545287308,0.0,0.6931471805599453,,,,,0.0,,,0.0,0.02253483095527382,0.6706123496046714,0.023909276609630128,0.6692379039503151,0.015474548881649619,0.6776726316782957,0.002673115252714625,0.6904740653072305,0.016605493992558222,0.676541686567387,0.023079286709668568,0.6700678938502767,0.022118895687311818,0.6710282848726334,0.006044552817274578,0.6871026277426708,,,,,,,,,,,,,,,,,,,,,3.0,3.0,3.0,3.0,6.0,6.0,6.0,6.0,,,,,,,,,,,,,,,,,,,,,,,,,,,,,,,,,,,,,,0.24230895339277062,0.015474548881649619,0.0,0.015474548881649619,0.0,0.015474548881649619,0.0,0.015520340748585748,0.6776268398113595,0.014139304087134458,0.6790078764728108,0.0194326882030173,0.6737144923569278,0.014290148075494103,0.6788570324844512,17.0,33.0,17.0,33.0
q3_rho0.70_always_b12,3,0.7,always,12,9,0,40,endpoint,main,constant,constant|mlp-w4-l0.1|linear-l1|linear-l0.1|quadratic-l0.1,0.007616486339457221,0.6855306942204881,0.575,,,,,,,,,,,,,,,,,,,,,-0.03835658254241194,0.04833959976846859,0.021704306607250774,0.0,0.6931471805599453,,,,,0.0,,,0.05,0.020949073626190483,0.6721981069337548,0.023655092100271547,0.6694920884596738,0.01484864668327083,0.6782985338766745,0.0025538095839599873,0.6905933709759854,0.014222883646978768,0.6789242969129665,0.02360801523195418,0.6695391653279911,0.021199051941519147,0.6719481286184262,0.00568817855274967,0.6874590020071956,,,,,,,,,,,,,,,,,,,,,3.0,3.0,3.0,3.0,6.0,6.0,6.0,6.0,,,,,,,,,,,,,,,,,,,,,,,,,,,,,,,,,,,,,,0.24585797531764308,0.007616486339457221,0.0,0.007616486339457221,0.0,0.007616486339457221,0.0,0.015844842336489938,0.6773023382234553,0.015473409442040661,0.6776737711179046,0.020164920026385286,0.67298226053356,0.013237646109571722,0.6799095344503735,17.0,33.0,17.0,33.0
q3_rho0.70_always_b12,3,0.7,always,12,10,0,40,mixture,diag,linear-l0.01,linear-l0.01|linear-l0.01|linear-l0.01|quadratic-l0.01|linear-l0.1,-0.04385582885125956,0.2132314473868692,0.93125,-0.04385582885125956,1.3772904974970168,2.6964607528565034,1.224814794610611,0.9021180385773434,1.9493475676308356,2.0702193018793835,1.5347308653510712,6.383602807392272,0.3064166066765441,1.8442264067992362,1.9213315068263026,2.2899222982323524,1.7372028320910717,0.7482929849041456,0.844469067900361,1.5647864834840557,2.5659700393181657,1.3249649796185594,0.8659747144768353,-7.016115724231375,3.7468800506261015,3.339607042128621,0.0,0.6931471805599453,,,,,0.0,,,1.0,2.8531431510731893,0.17668759363001282,2.1485397072274552,0.23387924522366804,1.1205017902340089,0.41504411670901425,0.25340182192139077,0.6291461666115872,0.685786293254775,0.17672638648279093,2.582123102049165,0.18622825069979407,1.7853178744479816,0.2847144731194452,0.6996354617616654,0.5161504030876998,,,,,,,,,2.097884613053258,0.22606631926591142,,,1.587960750469119,0.3136333537984675,,,,,,,7.0,7.0,7.0,7.0,28.0,28.0,28.0,28.0,,,,,113.0,,113.0,,,,,,,,,,,,,,,,,,,,,,,,,,,,,,,,,,,,,,,,,,,,,,,,,
q3_rho0.70_always_b12,3,0.7,always,12,1,0,40,mixture,diag,quadratic-l0.1,quadratic-l0.1|quadratic-l0.1|linear-l0.01|quadratic-l0.1|linear-l0.01,0.8377060960337767,0.5150921240380871,0.80625,0.8377060960337767,0.8494291051132083,0.6922987298398067,13.629037020120421,0.20923652318222827,0.775514612638133,0.7978123310469792,0.5789343868662101,19.367653432235425,0.1407669243680036,0.8276585088179523,0.8418881369185333,0.6683098211384809,14.779503974637331,0.19330844456010518,0.8352180558142841,0.8476023611244993,0.6859832208236559,13.92610990538127,0.20498872489500283,0.44095270535257863,1.1768734136341534,0.18950726294452727,0.0,0.6931471805599453,,,,,0.0,,,0.5,0.18142671901979712,0.5409911786628833,0.26254866977258207,0.6128415489791703,0.0902128071939911,0.6700702808306711,0.015364915422075917,0.6892992253189087,1.0664132088474374,0.45697350468723086,0.8516489383341384,0.5059138643419118,0.408492268966837,0.5948718651465277,0.10404063734803146,0.6670980615356543,,,,,,,,,0.5158403338570207,0.5359665727670475,,,0.007417744538412744,0.6913091427803342,,,,,,,7.0,7.0,7.0,7.0,28.0,28.0,28.0,28.0,,,,,113.0,,113.0,,,,,,,,,,,,,,,,,,,,,,,,,,,,,,,,,,,,,,,,,,,,,,,,,
q3_rho0.70_always_b12,3,0.7,always,12,5,0,40,mixture,diag,linear-l0.01,quadratic-l0.1|linear-l0.01|linear-l0.01|quadratic-l0.1|linear-l0.01,2.774468435717086,0.23812383873813253,0.9,2.774468435717086,2.8955164058581158,2.3596030393909033,6.183101223921406,0.23031795046075443,1.8184356231607854,1.9441925139530725,1.397017768289692,9.660238831796441,0.17073951608587976,2.485689199960335,2.613048331876442,2.0620814207806686,6.59839067300746,0.21997884910554716,2.6895722974905003,2.812618445873056,2.271904853482531,6.276957599080258,0.22780777779751885,2.1038304172651645,3.4061621098321178,0.32693561844617114,0.0,0.6931471805599453,,,,,0.0,,,0.9,2.9032851568682667,0.22954322387136833,1.8223518363259905,0.3076688863646533,0.8461413422571822,0.4810471239740135,0.18403156719040636,0.6466727866497817,3.8878201628809537,0.1787622726919337,2.6335265351046364,0.2191423979249282,1.5391222361655128,0.33606672617611266,0.5689883573147755,0.5482406074873524,,,,,,,,,2.13607477383583,0.24458338951633812,,,1.1015289751409778,0.4194594109234931,,,,,,,7.0,7.0,7.0,7.0,28.0,28.0,28.0,28.0,,,,,113.0,,113.0,,,,,,,,,,,,,,,,,,,,,,,,,,,,,,,,,,,,,,,,,,,,,,,,,
q3_rho0.70_always_b12,3,0.7,always,12,10,0,40,pathinfo,diag,linear-l0.1,linear-l0.1|gru-w4-l0.01|linear-l0.1|gru-w4-l0.01|gru-w4-l0.1,0.012939954267368154,0.6802072262925771,0.575,,,,,,,,,,,,,,,,,,,,,-0.03387190359293268,0.05897856243266799,0.02404129601095297,0.0,0.6931471805599453,,,,,0.0,,,0.0,0.016808983777103513,0.6763381967828417,0.0250935266893219,0.6680536538706233,0.014892419147614088,0.6782547614123311,0.002913290058707889,0.6902338905012374,-0.07100479407701588,0.7641519746369612,0.00992778938403128,0.6832193911759139,0.024094874080066754,0.6690523064798786,0.008989006193793564,0.6841581743661518,,,,,,,,,0.019940684954287913,0.6732064956056574,,,0.010364112543595535,0.6827830680163498,,,,,,,7.0,7.0,7.0,7.0,28.0,28.0,28.0,28.0,,,,,113.0,,113.0,,,,,,,,,,,,,,,,,,,,,,,,,,,,,,,0.24317580417896903,0.012939954267368154,0.0,0.012939954267368154,0.0,0.012939954267368154,0.0,,,,,,,,,,,,
q3_rho0.70_always_b12,3,0.7,always,12,1,0,40,pathinfo,diag,constant,constant|linear-l1|constant|constant|constant,-0.0004955971002907081,0.693642777660236,0.4625,,,,,,,,,,,,,,,,,,,,,-0.00199166292927854,0.0009349594872371837,0.0007387997118312088,0.0,0.6931471805599453,,,,,0.0,,,0.0,-0.013421602804872387,0.7065687833648177,-0.009788964257036159,0.7029361448169814,-0.0031962327220889848,0.6963434132820343,-0.0004713611558889483,0.6936185417158343,-0.026748159437680663,0.719895339997626,-0.013771032018763679,0.706918212578709,-0.006976716690597591,0.7001238972505429,-0.0016182966081091641,0.6947654771680545,,,,,,,,,-0.002614760442861469,0.6957619410028067,,,-0.00014902517352496092,0.6932962057334702,,,,,,,7.0,7.0,7.0,7.0,28.0,28.0,28.0,28.0,,,,,113.0,,113.0,,,,,,,,,,,,,,,,,,,,,,,,,,,,,,,0.2502478470985,-0.0004955971002907081,0.0,-0.0004955971002907081,0.0,-0.0004955971002907081,0.0,,,,,,,,,,,,
q3_rho0.70_always_b12,3,0.7,always,12,5,0,40,pathinfo,diag,linear-l0.1,linear-l0.1|linear-l1|gru-w4-l0.01|gru-w4-l0.1|constant,-0.008623903099764758,0.70177108365971,0.5375,,,,,,,,,,,,,,,,,,,,,-0.04006431249557503,0.018959924158472613,0.015115413475182684,0.0,0.6931471805599453,,,,,0.0,,,0.1,-0.02417356772131492,0.7173207482812602,0.0002473539697125576,0.6928998265902327,0.007682630916154792,0.6854645496437904,0.0020141028659307406,0.6911330776940146,-0.05496156507001353,0.7481087456299589,-0.02206255259891728,0.7152097331588626,0.0031944664542954185,0.6899527141056498,0.004518900778298982,0.6886282797816463,,,,,,,,,-0.0008355560496686738,0.693982736609614,,,0.0042321025159939765,0.6889150780439512,,,,,,,7.0,7.0,7.0,7.0,28.0,28.0,28.0,28.0,,,,,113.0,,113.0,,,,,,,,,,,,,,,,,,,,,,,,,,,,,,,0.253895133492847,-0.008623903099764758,0.0,-0.008623903099764758,0.0,-0.008623903099764758,0.0,,,,,,,,,,,,
q3_rho0.70_always_b3,3,0.7,always,3,10,0,40,cost0,direct,gru_direct-w4-l0.1-cap5,gru_direct-w4-l0.1-cap5|gru_direct-w4-l0.1-cap5|gru_direct-w4-l0.1-cap5|gru_direct-w4-l0.01-cap5|gru_direct-w4-l0.1-cap5,1.7775894808427455,0.30916777383797456,0.8875,1.7775894808427455,1.795294206478097,1.977747123649669,3.169427047233596,0.5420143406749762,1.6364737305290418,1.6850145047447764,1.3563793625623366,10.726517057242086,0.2212897787216273,1.8392703895011393,1.8393390328128503,1.8275991694971967,4.409565549169037,0.4436031639442508,1.805125489100724,1.8131373487150315,1.9371069591296297,3.464094399838229,0.5144550437603552,0.4226655221101504,2.7251257177647386,0.6242175282527197,0.0,0.6931471805599453,1.6666206150336813,0.3119112084178869,1.6789498021114135,0.31691431561717576,0.0,113.0,113.0,0.1,,,,,,,,,,,,,,,,,,,,,,,,,,,,,,,,,,,,,,,,,,,,,,,,,,,,,,,,,,,,,,,,,,,,,,,,,,,,,,,,,,,,,,,,,,,,,,,,,,,,
q3_rho0.70_always_b3,3,0.7,always,3,10,0,40,cost0,main,gru-w8-l0.01,gru-w8-l0.01|quadratic-l0.1|flat-w4-l0.01|gru-w8-l0.01|flat-w4-l0.01,2.008159910781257,0.27278312053859055,0.925,2.008159910781257,2.0121752063389846,1.9212029785863098,2.3977868798399053,0.5711044331943672,1.7494452144522075,1.946884927653808,1.2451891174461396,5.758043287270323,0.3103094149638163,2.0059092949279878,2.0468399582519217,1.7464063898795572,2.7932301412177045,0.5084119165183217,2.0133862326720267,2.024256309459339,1.8730967175119275,2.493066875033429,0.5542667894554069,0.7501053020783263,2.975021733521342,0.5771361678240904,0.0,0.6931471805599453,,,,,0.0,,,0.5,2.085373227891176,0.31409346502455016,1.548578336968034,0.3637384485656038,0.7556857366420338,0.5062527790407649,0.15236236098698425,0.6548643336981652,-2.1008320278869865,0.30519104038908307,1.9241086861993484,0.29751347187187077,1.379009986502534,0.3767118511241892,0.49139742902865013,0.5695078647984723,1.9083877075568108,0.25595838931757786,1.4764892790566129,0.2618670559152544,1.7944077942789458,0.29783111377883575,1.8292657637264031,0.28751148114313085,2.4484574646464172,0.1974868301236275,1.1685483214651202,0.1641229343707688,1.092041819435618,0.43218576994025504,1.157236235197262,0.41863134943086094,1.5509834486156666,0.34331310707547397,0.35517919241981366,0.6018265216095303,7.0,7.0,7.0,7.0,28.0,28.0,28.0,28.0,141.0,281.0,141.0,281.0,113.0,321.0,113.0,321.0,113.0,113.0,,,,,,,,,,,,,,,,,,,,,,,,,,,,,,,,,,,,,,,,,,,,,,
q3_rho0.70_always_b3,3,0.7,always,3,10,0,40,cost0,mem1,gru-w4-l0.01-h1,gru-w4-l0.01-h1|gru-w4-l0.01-h1|gru-w4-l0.01-h1|gru-w4-l0.01-h1|gru-w4-l0.01-h1,1.5621689056854662,0.3668555687505272,0.85,1.5621689056854662,1.6019480463788383,1.3059803934095537,7.26411552930427,0.30578002865534826,1.34405574930997,1.4116746472006936,1.0199374917722501,12.566294385673922,0.18391679960819501,1.524797632999149,1.57295137048724,1.245700500304441,8.207982312807593,0.2761638448458925,1.5528988790100495,1.594967217369522,1.2901766395553333,7.502826317989532,0.2978208399281184,0.9751687370787492,2.1080974888793103,0.2930327725452647,,,,,,,,,,0.9,,,,,,,,,,,,,,,,,,,,,,,,,,,,,,,,,,,,,,,,,,,,,,,,,,,,,,,0.0,0.6931471805599453,1.5621689056854662,0.3668555687505272,0.9497596418088274,0.46563944749722097,0.0,116.0,116.0,,,,,,,,,,,,,,,,,,,,,,,,,,,,,,,,,,,,,
q3_rho0.70_always_b3,3,0.7,always,3,10,0,40,cost0,mem2,gru-w4-l0.01-h2,gru-w4-l0.01-h2|gru-w4-l0.01-h2|gru-w4-l0.1-h2|gru-w4-l0.01-h2|gru-w4-l0.01-h2,1.4292014462593285,0.38554714153445513,0.8375,1.4292014462593285,1.4582376612384909,1.207175304019459,7.467023062003875,0.299477761171488,1.268894917073592,1.327995295056268,0.9633102272674522,12.88198149565089,0.18053826744984464,1.405166707981309,1.4424452171168527,1.1563813278246031,8.435158525782347,0.27034538796415825,1.4234954575890852,1.4547449749454266,1.19388170481234,7.712187988647439,0.2916327745048664,0.8533226384351631,1.9505582596729591,0.2841701847123659,,,,,,,,,,0.9,,,,,,,,,,,,,,,,,,,,,,,,,,,,,,,,,,,,,,,,,,,,,,,,,,,,,,,,,,,,,,,,0.0,0.6931471805599453,1.6118767492259014,0.3705100293903422,1.107246841272648,0.43605691999119217,0.0,116.0,116.0,,,,,,,,,,,,,,,,,,,,,,,,,,,,
q3_rho0.70_always_b3,3,0.7,always,3,10,0,40,cost0,mem4,gru-w4-l0.01-h4,gru-w4-l0.01-h4|gru-w4-l0.1-h4|gru-w4-l0.1-h4|gru-w4-l0.01-h4|gru-w4-l0.01-h4,1.4369051060331857,0.3952457386801972,0.8,1.4369051060331857,1.477614419092511,1.1780348696051726,11.857530914964604,0.15836955105807493,1.2018492625743606,1.244975381870829,0.9361810338702146,15.515484119724356,0.12462220319065756,1.389783684653096,1.4317708543740706,1.1272893629165626,12.442213323378857,0.15176542611739074,1.4246706383613206,1.4657536966554763,1.1647333621327363,12.002307120862461,0.1566729299633493,0.9670481880953529,1.8891834982279085,0.23971944968445152,,,,,,,,,,1.0,,,,,,,,,,,,,,,,,,,,,,,,,,,,,,,,,,,,,,,,,,,,,,,,,,,,,,,,,,,,,,,,,,,,,,,,,0.0,0.6931471805599453,1.5921897485148981,0.36336573988374327,1.2139223305112514,0.4139562985816738,0.0,116.0,116.0,,,,,,,,,,,,,,,,,,,
q3_rho0.70_always_b3,3,0.7,always,3,1,0,40,cost0,main,linear-l0.01,linear-l0.01|linear-l0.01|linear-l0.01|linear-l0.01|linear-l0.01,0.4600962960500731,0.5713375330859026,0.6875,0.4600962960500731,0.4601207225290825,0.46710207895548966,19.69121304368598,0.13843539177586361,0.43181801472442477,0.43226323987073484,0.40227367670446784,23.830060634878624,0.10360776402878077,0.45449126203669926,0.45449274980168947,0.4527672812795391,20.500524780428236,0.13090769903023064,0.4586170649413684,0.45862791374929274,0.4632823702560553,19.89989101088245,0.13645715578356885,0.06832153162318887,0.8122539018146829,0.19129942214870377,0.0,0.6931471805599453,,,,,0.0,,,0.24,0.4600962960500731,0.5713375330859026,0.2173829247031404,0.6353954832521989,0.06299336338566464,0.6766718321213715,0.01116383204232961,0.6903328100864965,0.17897365868847323,0.5858720205743042,0.2807359981211411,0.6170348670845158,0.10189120707791108,0.6665183173279126,0.022806831568377144,0.6873644718870209,0.46669099678755577,0.5703167014446858,0.4618455183631145,0.5659888209703026,0.0325572331828059,0.6847394183617366,0.02806521744581686,0.6859001956344782,0.2677322278863629,0.6109652020413475,0.366594702657808,0.574198269080844,0.00243473513327509,0.6925393419092127,0.011436364801831769,0.6902005642011506,0.013197971223642798,0.6895050974400585,-0.00010054405582861359,0.6931721013937261,7.0,7.0,7.0,7.0,28.0,28.0,28.0,28.0,33.0,65.0,33.0,65.0,113.0,321.0,113.0,321.0,113.0,113.0,,,,,,,,,,,,,,,,,,,,,,,,,,,,,,,,,,,,,,,,,,,,,,
q3_rho0.70_always_b3,3,0.7,always,3,5,0,40,cost0,main,flat-w4-l0.01,flat-w4-l0.01|gru-w4-l0.01|flat-w4-l0.01|linear-l0.01|flat-w4-l0.01,0.24896509857829874,0.5164147262882564,0.8,0.24896509857829874,0.5318667638102934,1.200465042936506,4.207302874387617,0.4062048723249566,0.9359980507129098,0.937791085771898,0.8773035892657323,10.468350095517446,0.17365496927661397,0.6069980683506586,0.7087314062801511,1.1282938964128237,5.392571469957059,0.3281422427311512,0.3681613290869277,0.5862692496925179,1.18136391708684,4.5112018595968975,0.38335962433273507,-1.9738938990223218,1.9001861372280404,1.0144673727522249,0.0,0.6931471805599453,,,,,0.0,,,0.28,1.2925658832575588,0.45870025206370507,0.7228061468432877,0.536268672972083,0.2667108097453418,0.6277800314046721,0.047987179678636464,0.6811625123109534,1.0112169805540958,0.3842983060306376,1.1658658327990896,0.4417666045326614,0.7189587861625737,0.5216905691193583,0.2173829389082238,0.6385779207436767,0.7264410398471779,0.45493649798592467,-0.523459972967883,0.4875506585218208,0.9552459822459121,0.47369436777380225,0.9894553463800175,0.4694165180053803,1.6160379162180614,0.3339550908175956,-0.07733166523569128,0.3938980026595358,0.24018354045264667,0.6328180836287768,0.24584906283362878,0.6311420198280532,0.3440813749371474,0.5985984531470634,0.01608866271213898,0.6891307299133848,7.0,7.0,7.0,7.0,28.0,28.0,28.0,28.0,81.0,161.0,81.0,161.0,113.0,321.0,113.0,321.0,113.0,113.0,,,,,,,,,,,,,,,,,,,,,,,,,,,,,,,,,,,,,,,,,,,,,,
q3_rho0.70_always_b3,3,0.7,always,3,10,0,40,cost2,direct,gru_direct-w4-l0.1-cap5,gru_direct-w4-l0.1-cap5|gru_direct-w4-l0.1-cap5|gru_direct-w4-l0.1-cap5|gru_direct-w4-l0.01-cap5|gru_direct-w4-l0.1-cap5,1.800419228518744,0.289630570717325,0.9,1.800419228518744,1.8283057991670302,2.0555281894066115,3.547177024262915,0.4961949706422206,1.6730693208537553,1.7092598574804765,1.4275984094892678,9.806413833193075,0.2098018633647446,1.856483987411839,1.8575371742651896,1.9030840280477812,4.732711641415078,0.40676549418172253,1.825107425564034,1.8410043563749756,2.014167487325113,3.840942036713042,0.47088961025959464,0.295360849436428,2.7836245397312607,0.6384711737851125,0.0,0.6931471805599453,2.08003583255162,0.26831235200744075,1.8397269577090611,0.2873734201749462,0.0,113.0,113.0,0.1,,,,,,,,,,,,,,,,,,,,,,,,,,,,,,,,,,,,,,,,,,,,,,,,,,,,,,,,,,,,,,,,,,,,,,,,,,,,,,,,,,,,,,,,,,,,,,,,,,,,
q3_rho0.70_always_b3,3,0.7,always,3,10,0,40,cost2,main,linear-l0.01,linear-l0.1|quadratic-l0.1|linear-l0.01|quadratic-l0.01|linear-l0.01,2.0448178902114234,0.2791291378123155,0.8875,2.0448178902114234,2.0506479009729817,2.1567206176516107,2.6869882063064194,0.5830326819081187,1.6741792492862178,1.7592652990058104,1.316324418638192,8.167952070941018,0.24796537638182117,2.014939289866482,2.020509459838566,1.9130718029234661,3.5454729865379346,0.487028818727159,2.043977504428272,2.044873725242081,2.086914317967768,2.893574643120457,0.556655933433986,0.48169062936630985,3.1580379561016008,0.6834512618498079,0.0,0.6931471805599453,,,,,0.0,,,0.56,2.085188041382463,0.2626758692742891,1.7771636771711132,0.31055110184600004,0.8859484866535674,0.47246400723768983,0.1824439387188151,0.6471861203155344,-3.300386096129609,0.2234596724704006,2.0937728172444774,0.23369567236218577,1.558048010350539,0.33250625637231795,0.5652486040369491,0.5502939547188943,2.69531957494711,0.19825980046572544,3.065100197126986,0.18794798454136724,2.000031938368135,0.26830142597778417,2.1417853660963195,0.2518940591617991,2.3216191670655717,0.22414490698876305,1.9476593762422012,0.23620710982290366,1.350484601733728,0.3683962530210489,1.4376282618049097,0.35015377468491077,1.1902722759206315,0.3790566083578313,0.5473820124462835,0.5483752398492866,7.0,7.0,7.0,7.0,28.0,28.0,28.0,28.0,141.0,281.0,141.0,281.0,113.0,321.0,113.0,321.0,113.0,113.0,,,,,,,,,,,,,,,,,,,,,,,,,,,,,,,,,,,,,,,,,,,,,,
q3_rho0.70_always_b3,3,0.7,always,3,10,0,40,cost2,mem1,gru-w4-l0.01-h1,gru-w4-l0.01-h1|gru-w4-l0.01-h1|gru-w4-l0.01-h1|gru-w4-l0.01-h1|gru-w4-l0.01-h1,1.8221950718839417,0.3061395449848274,0.9,1.8221950718839417,1.8551398953307932,1.586982370532971,5.072199662850421,0.3803634063168529,1.550905101365459,1.6390313470567794,1.1876584660089229,9.965028656055136,0.21138686323995873,1.7752261537863148,1.823757836499918,1.4951551543825203,5.897221669207309,0.3375820670218116,1.810622953283372,1.84772185249206,1.5623806992847755,5.278980096446483,0.3687809379943579,1.0232731767366827,2.4629763630870745,0.3690849153999752,,,,,,,,,,1.0,,,,,,,,,,,,,,,,,,,,,,,,,,,,,,,,,,,,,,,,,,,,,,,,,,,,,,,0.0,0.6931471805599453,1.8221950718839417,0.3061395449848274,1.118885669041953,0.4232090260416215,0.0,116.0,116.0,,,,,,,,,,,,,,,,,,,,,,,,,,,,,,,,,,,,,
q3_rho0.70_always_b3,3,0.7,always,3,10,0,40,cost2,mem2,gru-w4-l0.01-h2,gru-w4-l0.1-h2|gru-w4-l0.01-h2|gru-w4-l0.1-h2|gru-w4-l0.01-h2|gru-w4-l0.01-h2,1.511207996427253,0.33969964777970224,0.9,1.511207996427253,1.5234888896783239,1.3625640723680497,5.261171307403875,0.3812836131272897,1.392808334734116,1.4595685557749811,1.0704880357956466,10.929385163488906,0.20477704441731723,1.5044738955517098,1.5298301720386431,1.2958567236865497,6.248078951291766,0.33471157411918206,1.5108108164433134,1.5263613997965302,1.344666666120324,5.5089008004617,0.36855214131463465,0.6848969228905009,2.144261681975942,0.37467415391535763,,,,,,,,,,1.0,,,,,,,,,,,,,,,,,,,,,,,,,,,,,,,,,,,,,,,,,,,,,,,,,,,,,,,,,,,,,,,,0.0,0.6931471805599453,1.8350919496964653,0.30245351111134094,1.3398834537790794,0.3782550136975035,0.0,116.0,116.0,,,,,,,,,,,,,,,,,,,,,,,,,,,,
q3_rho0.70_always_b3,3,0.7,always,3,10,0,40,cost2,mem4,gru-w4-l0.1-h4,gru-w4-l0.1-h4|gru-w4-l0.01-h4|gru-w4-l0.1-h4|gru-w4-l0.01-h4|gru-w4-l0.1-h4,1.568563252646719,0.327707546648691,0.8875,1.568563252646719,1.580622597912645,1.4211946615494255,4.725225702311275,0.42298341602772743,1.4317707960720754,1.5036605288132183,1.0989220749604456,11.085621461572007,0.21364400326424615,1.5629052015994476,1.5902396582193923,1.3469480439502566,5.829794379673873,0.3663510509152495,1.5689879519309406,1.5848622670392323,1.401228463455901,4.999137380749316,0.4074491533970118,0.7195212655017121,2.1882024470540875,0.3740544163183123,,,,,,,,,,1.0,,,,,,,,,,,,,,,,,,,,,,,,,,,,,,,,,,,,,,,,,,,,,,,,,,,,,,,,,,,,,,,,,,,,,,,,,0.0,0.6931471805599453,1.8762552015668348,0.29068324545942154,1.4545323954147247,0.35581305942751723,0.0,116.0,116.0,,,,,,,,,,,,,,,,,,,
q3_rho0.70_always_b3,3,0.7,always,3,1,0,40,cost2,main,linear-l0.01,linear-l0.01|linear-l0.1|linear-l0.01|linear-l0.01|linear-l0.01,0.24645920151046327,0.6376425982368976,0.625,0.24645920151046327,0.24650711509541845,0.2562803052232542,27.065419096944243,0.09073689172535422,0.23351136454072335,0.23352111616748,0.2291016144256653,29.117496214280884,0.0787177366638222,0.24416903847027296,0.24419305869916846,0.2511161836017625,27.445081276366317,0.08844362254155544,0.24587660178574086,0.24591753072222866,0.25495144237373857,27.162416713536985,0.09014758357898729,-0.04654113379969648,0.5302069568189123,0.14764372392812272,0.0,0.6931471805599453,,,,,0.0,,,0.12,0.2738178940396705,0.6296854172889649,0.12335835956288146,0.660970875324599,0.03137646626504006,0.6850879126179169,0.005253022790217563,0.691829481692422,0.033637756532650685,0.6710277434169246,0.08429417748378103,0.6686139614075192,0.030977423423464878,0.6848814220162854,0.007413043223750618,0.6912760706579612,0.19267215215363329,0.6497482725465208,0.17888496512828134,0.6533694243573427,0.011168687738144945,0.6903120737515248,0.0055607647556407125,0.691723500967704,0.012762570659870121,0.6859695796832335,0.12148174681828987,0.662363473635177,0.00025315646673070014,0.6930846603665028,0.004237435460964489,0.6920706178132867,0.0046805179633870155,0.6918338378073369,-0.000328602385059934,0.6932286456961051,7.0,7.0,7.0,7.0,28.0,28.0,28.0,28.0,33.0,65.0,33.0,65.0,113.0,321.0,113.0,321.0,113.0,113.0,,,,,,,,,,,,,,,,,,,,,,,,,,,,,,,,,,,,,,,,,,,,,,
q3_rho0.70_always_b3,3,0.7,always,3,5,0,40,cost2,main,quadratic-l0.1,quadratic-l1|quadratic-l0.01|quadratic-l0.1|quadratic-l0.1|flat-w4-l0.01,1.1090938503371128,0.4049891944797917,0.875,1.1090938503371128,1.1974194199105535,1.5902265579274197,3.8179015370004654,0.43264473913859464,1.2405202028130193,1.2627847993441412,1.044075403603285,10.21011889285138,0.19782660820734438,1.219374579703937,1.2369028679920115,1.418471951976106,4.836748673633171,0.36195226349489534,1.1458253444842597,1.2071636118627422,1.538108746339431,4.068373817222217,0.4126475065048082,-0.5880487059027528,2.311603845612037,0.7428730357901642,0.0,0.6931471805599453,,,,,0.0,,,0.32,1.1892562302437342,0.4650407229853924,0.788452372130321,0.515107651495678,0.35071737401668107,0.6041526019086547,0.0687780775967539,0.6758484280872212,1.6378005074478879,0.3389276721397307,1.4469869239787259,0.37378318748897826,0.9416581189240173,0.4664620224224089,0.30304384733404843,0.6162202133475427,1.9321299289829639,0.2951345685995709,1.0077085947585402,0.3070241359092058,1.2716922702364097,0.4064823237045772,1.3336281086719333,0.3996277402923313,1.5769210122427564,0.36413270537072434,1.6790667342430452,0.3613541811165855,0.38361758641451976,0.5914142182215023,0.3930262837176637,0.5866958695353146,0.4380282223098937,0.5717110121283133,0.057203940917090204,0.6785168299907955,7.0,7.0,7.0,7.0,28.0,28.0,28.0,28.0,81.0,161.0,81.0,161.0,113.0,321.0,113.0,321.0,113.0,113.0,,,,,,,,,,,,,,,,,,,,,,,,,,,,,,,,,,,,,,,,,,,,,,
q3_rho0.70_always_b3,3,0.7,always,3,10,0,40,endpoint,main,constant,linear-l0.1|constant|constant|constant|linear-l1,-0.01618866457420435,0.7093358451341497,0.45,,,,,,,,,,,,,,,,,,,,,-0.04129969536939369,0.005400368489639885,0.012174017451325824,0.0,0.6931471805599453,,,,,0.0,,,0.0,-0.017843009680022927,0.7109901902399682,-0.013809496972419132,0.7069566775323645,-0.0039553853125984025,0.6971025658725438,-0.0004625966569696147,0.6936097772169149,-0.013097064112743279,0.7062442446726885,-0.012283286937161304,0.7054304674971066,-0.007079090975094365,0.7002262715350396,-0.0011404954669073431,0.6942876760268526,,,,,,,,,,,,,,,,,,,,,3.0,3.0,3.0,3.0,6.0,6.0,6.0,6.0,,,,,,,,,,,,,,,,,,,,,,,,,,,,,,,,,,,,,,0.2578119790342349,-0.01618866457420435,0.0,-0.01618866457420435,0.0,-0.01618866457420435,0.0,-0.008157572369677285,0.7013047529296225,-0.0218876151488405,0.7150347957087858,-0.006471369779257899,0.6996185503392032,-0.006542887919882877,0.6996900684798282,17.0,33.0,17.0,33.0
q3_rho0.70_always_b3,3,0.7,always,3,1,0,40,endpoint,main,mlp-w4-l0.1,mlp-w4-l0.1|constant|mlp-w4-l0.1|mlp-w4-l0.1|constant,-0.0031526891206365482,0.6962998696805819,0.5,,,,,,,,,,,,,,,,,,,,,-0.009013238190314146,0.002525319269272191,0.0031252376054788948,0.0,0.6931471805599453,,,,,0.0,,,0.0,-0.005943889094048476,0.6990910696539937,-0.004919332576942001,0.6980665131368873,-0.001574134642984676,0.69472131520293,-0.00019117236771732244,0.6933383529276627,-0.01318104270841922,0.7063282232683645,-0.008847279919538441,0.7019944604794837,-0.0032270320954607954,0.6963742126554061,-0.00047978110896753636,0.6936269616689128,,,,,,,,,,,,,,,,,,,,,3.0,3.0,3.0,3.0,6.0,6.0,6.0,6.0,,,,,,,,,,,,,,,,,,,,,,,,,,,,,,,,,,,,,,0.2515618061628402,-0.0031526891206365482,0.0,-0.0031526891206365482,0.0,-0.0031526891206365482,0.0,-0.0022347376494240958,0.6953819182093695,-0.0021150977078792945,0.6952622782678246,-0.0033612357675242887,0.6965084163274696,-0.0004954778391520698,0.6936426583990973,17.0,33.0,17.0,33.0
q3_rho0.70_always_b3,3,0.7,always,3,2,0,40,endpoint,main,quadratic-l1,quadratic-l1|quadratic-l0.1|quadratic-l1|mlp-w4-l0.1|quadratic-l0.1,0.024459157938352148,0.6686880226215932,0.5875,,,,,,,,,,,,,,,,,,,,,-0.0008287257102809457,0.053453521369308664,0.01387744516397443,0.0,0.6931471805599453,,,,,0.0,,,0.0,-0.0038853753290995774,0.6970325558890449,-0.0018274760988648358,0.6949746566588102,0.0029250570812896413,0.6902221234786556,0.0007083529752444945,0.6924388275847008,0.01844910642413416,0.6746980741358111,0.023888552547601322,0.6692586280123439,0.011990142433353496,0.6811570381265918,0.0025885035985205363,0.6905586769614247,,,,,,,,,,,,,,,,,,,,,3.0,3.0,3.0,3.0,6.0,6.0,6.0,6.0,,,,,,,,,,,,,,,,,,,,,,,,,,,,,,,,,,,,,,0.23808146634238492,0.024459157938352148,0.0,0.024459157938352148,0.0,0.024459157938352148,0.0,0.005179055150465311,0.68796812540948,0.012691165268776292,0.680456015291169,0.0092020946530079,0.6839450859069374,0.0009250540186577511,0.6922221265412876,17.0,33.0,17.0,33.0
q3_rho0.70_always_b3,3,0.7,always,3,3,0,40,endpoint,main,constant,linear-l1|linear-l0.01|constant|quadratic-l1|constant,-0.002656025049404842,0.6958032056093502,0.45,,,,,,,,,,,,,,,,,,,,,-0.01917397232435088,0.014421258754001461,0.008658015654237204,0.0,0.6931471805599453,,,,,0.0,,,0.0,-0.00809911249545862,0.701246293055404,-0.006741127410978448,0.6998883079709237,-0.0004444894517881895,0.6935916700117335,0.00011898282688952016,0.6930281977330558,-0.0041664694263745935,0.69731364998632,-0.0027506869475680596,0.6958978675075134,0.0008906222734335667,0.6922565582865117,0.0005284672449377747,0.6926187133150075,,,,,,,,,,,,,,,,,,,,,3.0,3.0,3.0,3.0,6.0,6.0,6.0,6.0,,,,,,,,,,,,,,,,,,,,,,,,,,,,,,,,,,,,,,0.2513693363406481,-0.002656025049404842,0.0,-0.002656025049404842,0.0,-0.002656025049404842,0.0,-0.0011487659007732103,0.6942959464607185,-0.003876518031538931,0.6970236985914843,0.0004896731998539364,0.6926575073600914,-0.0018931996364733542,0.6950403801964187,17.0,33.0,17.0,33.0
q3_rho0.70_always_b3,3,0.7,always,3,4,0,40,endpoint,main,constant,constant|mlp-w8-l0.01|quadratic-l0.1|mlp-w4-l0.1|quadratic-l1,-0.024774402721768125,0.7179215832817134,0.45,,,,,,,,,,,,,,,,,,,,,-0.04463164882429532,-0.00671105141491716,0.00964109738253438,0.0,0.6931471805599453,,,,,0.0,,,0.1,-0.02045521928091295,0.7136023998408583,-0.016073377340018805,0.7092205578999641,-0.005157474849829205,0.6983046554097745,-0.0006401252379841571,0.6937873057979294,-0.02395520140543167,0.7171023819653769,-0.014519148066180173,0.7076663286261254,-0.004478019657347945,0.6976252002172932,-0.0005255972478812335,0.6936727778078264,,,,,,,,,,,,,,,,,,,,,3.0,3.0,3.0,3.0,6.0,6.0,6.0,6.0,,,,,,,,,,,,,,,,,,,,,,,,,,,,,,,,,,,,,,0.2621433221259288,-0.024774402721768125,0.0,-0.024774402721768125,0.0,-0.024774402721768125,0.0,-0.022268623614717258,0.7154158041746626,-0.02177348225127849,0.7149206628112237,-0.004484341209935698,0.697631521769881,-0.0036538485375199464,0.6968010290974653,17.0,33.0,17.0,33.0
q3_rho0.70_always_b3,3,0.7,always,3,5,0,40,endpoint,main,constant,constant|quadratic-l0.1|constant|mlp-w4-l0.1|linear-l0.1,-0.003913765728070976,0.6970609462880162,0.475,,,,,,,,,,,,,,,,,,,,,-0.019411772979922273,0.01330318853718642,0.008127292419601074,0.0,0.6931471805599453,,,,,0.0,,,0.0,-0.02169574273011705,0.7148429232900624,-0.017902525201843433,0.7110497057617887,-0.006085460111388175,0.6992326406713335,-0.0007846669635090703,0.6939318475234544,-0.018684118237169645,0.7118312987971149,-0.014792468863495964,0.7079396494234412,-0.007156898242183453,0.7003040788021287,-0.001257773397186579,0.6944049539571319,,,,,,,,,,,,,,,,,,,,,3.0,3.0,3.0,3.0,6.0,6.0,6.0,6.0,,,,,,,,,,,,,,,,,,,,,,,,,,,,,,,,,,,,,,0.25199371395585124,-0.003913765728070976,0.0,-0.003913765728070976,0.0,-0.003913765728070976,0.0,-0.01463902357904931,0.7077862041389945,-0.017889817056435595,0.7110369976163808,-0.009102566866768835,0.7022497474267141,-0.0032544615644600123,0.6964016421244053,17.0,33.0,17.0,33.0
q3_rho0.70_always_b3,3,0.7,always,3,6,0,40,endpoint,main,linear-l1,linear-l1|mlp-w4-l0.1|linear-l1|linear-l0.1|linear-l1,0.004065594003872307,0.689081586556073,0.5875,,,,,,,,,,,,,,,,,,,,,-0.014405037133754454,0.020314932638022497,0.009129359881892235,0.0,0.6931471805599453,,,,,0.0,,,0.0,-0.0015293890988261796,0.6946765696587714,0.0034449978960311043,0.6897021826639141,0.005788341466034052,0.6873588390939112,0.0011666236534651777,0.6919805569064801,-0.02613886833642356,0.7192860488963688,-0.009997610756023687,0.703144791315969,0.0047840892948825525,0.6883630912650627,0.0021733767175954725,0.6909738038423499,,,,,,,,,,,,,,,,,,,,,3.0,3.0,3.0,3.0,6.0,6.0,6.0,6.0,,,,,,,,,,,,,,,,,,,,,,,,,,,,,,,,,,,,,,0.24796361887420396,0.004065594003872307,0.0,0.004065594003872307,0.0,0.004065594003872307,0.0,0.003950174102565894,0.6891970064573794,-0.0019607064606612435,0.6951078870206064,0.011642095643416533,0.6815050849165287,0.0030361675575393786,0.690111013002406,17.0,33.0,17.0,33.0
q3_rho0.70_always_b3,3,0.7,always,3,7,0,40,endpoint,main,mlp-w4-l0.1,quadratic-l1|mlp-w4-l0.1|constant|mlp-w4-l0.1|mlp-w4-l0.1,-0.0007985373221248593,0.6939457178820702,0.55,,,,,,,,,,,,,,,,,,,,,-0.020040604468777055,0.01682509199344601,0.009303107765167783,0.0,0.6931471805599453,,,,,0.0,,,0.0,-0.0034412230229402064,0.6965884035828855,0.0006167234278326155,0.6925304571321126,0.003451211322439034,0.6896959692375063,0.0007396360231164536,0.6924075445368288,-0.013763539848028005,0.7069107204079733,-0.003465563763597859,0.6966127443235431,0.004681503065477636,0.6884656774944677,0.001805623689990292,0.691341556869955,,,,,,,,,,,,,,,,,,,,,3.0,3.0,3.0,3.0,6.0,6.0,6.0,6.0,,,,,,,,,,,,,,,,,,,,,,,,,,,,,,,,,,,,,,0.25033263040840276,-0.0007985373221248593,0.0,-0.0007985373221248593,0.0,-0.0007985373221248593,0.0,-0.0009390037143758391,0.6940861842743212,-0.011331006406195237,0.7044781869661405,0.010643703329998444,0.6825034772299469,-0.0012963492679766819,0.6944435298279219,17.0,33.0,17.0,33.0
q3_rho0.70_always_b3,3,0.7,always,3,8,0,40,endpoint,main,linear-l0.1,linear-l0.1|constant|linear-l1|mlp-w4-l0.1|linear-l0.1,-0.01427110126358167,0.7074182818235271,0.525,,,,,,,,,,,,,,,,,,,,,-0.05377911707635942,0.018155610048296033,0.0182722701522405,0.0,0.6931471805599453,,,,,0.0,,,0.0,-0.009261033633315142,0.7024082141932604,-0.003881889696900835,0.6970290702568461,0.002550431227528312,0.690596749332417,0.0006661474064880796,0.6924810331534571,-0.01752736692233408,0.7106745474822793,-0.011698316281228688,0.7048454968411739,-8.562548418478353e-05,0.69323280604413,0.0010132338821193757,0.6921339466778259,,,,,,,,,,,,,,,,,,,,,3.0,3.0,3.0,3.0,6.0,6.0,6.0,6.0,,,,,,,,,,,,,,,,,,,,,,,,,,,,,,,,,,,,,,0.25662760939972296,-0.01427110126358167,0.0,-0.01427110126358167,0.0,-0.01427110126358167,0.0,-0.002764138098198099,0.6959113186581434,-0.016416392999637753,0.709563573559583,0.006757733026338197,0.686389447533607,-0.004579962906925766,0.697727143466871,17.0,33.0,17.0,33.0
q3_rho0.70_always_b3,3,0.7,always,3,9,0,40,endpoint,main,constant,quadratic-l0.1|constant|constant|constant|constant,-0.017469490210350193,0.7106166707702954,0.4875,,,,,,,,,,,,,,,,,,,,,-0.04870949128889759,0.0034330814097820565,0.013568137225065629,0.0,0.6931471805599453,,,,,0.0,,,0.0,-0.003877538223421699,0.6970247187833669,-0.0008104811472190873,0.6939576617071644,0.0024905292876981596,0.6906566512722472,0.0005642410886113989,0.692582939471334,-0.01510034803675261,0.7082475285966978,-0.009017452683469724,0.702164633243415,-0.0004964903559303548,0.6936436709158756,0.0005338409717979859,0.6926133395881473,,,,,,,,,,,,,,,,,,,,,3.0,3.0,3.0,3.0,6.0,6.0,6.0,6.0,,,,,,,,,,,,,,,,,,,,,,,,,,,,,,,,,,,,,,0.2581621975585111,-0.017469490210350193,0.0,-0.017469490210350193,0.0,-0.017469490210350193,0.0,-0.005619723998138357,0.6987669045580835,-0.01653245037509688,0.7096796309350422,0.004729772016288366,0.688417408543657,-0.005793949541124379,0.6989411301010696,17.0,33.0,17.0,33.0
q3_rho0.70_always_b3,3,0.7,always,3,10,0,40,mixture,diag,linear-l0.01,linear-l0.01|quadratic-l0.01|linear-l0.01|quadratic-l0.1|linear-l0.01,-2.328394097139845,0.29622512112993504,0.89375,-2.328394097139845,0.625588162357154,2.3648723061110943,1.1201644316355546,0.9445898933453248,1.7358241341018097,1.8667509769617252,1.30740944435106,7.015971066509802,0.31725581718397455,1.3635913939781539,1.5052985532495535,1.9943341314347776,1.5473344381573935,0.8003839107216107,-0.45561852803860425,0.9374910768046769,2.2463579323030394,1.1949694795571928,0.9141788039051479,-13.101129143780817,3.3834633326957375,5.078514462160857,0.0,0.6931471805599453,,,,,0.0,,,0.7,2.139728605863098,0.27965831850459033,1.693618441323811,0.33240329350727704,0.8652099018835347,0.47905946177060654,0.18646519616413199,0.6462064569443701,-1.8334011974411801,0.24444589931229413,2.044998193652118,0.25851328108657434,1.5043262137457065,0.3483371865796846,0.5639463701457382,0.5509255348338289,,,,,,,,,2.3702109613737794,0.2087492180672239,,,1.22391634357556,0.4015304396900724,,,,,,,7.0,7.0,7.0,7.0,28.0,28.0,28.0,28.0,,,,,113.0,,113.0,,,,,,,,,,,,,,,,,,,,,,,,,,,,,,,,,,,,,,,,,,,,,,,,,
q3_rho0.70_always_b3,3,0.7,always,3,1,0,40,mixture,diag,linear-l0.01,linear-l0.01|constant|linear-l0.01|linear-l0.01|linear-l0.01,0.28498531341417416,0.6217542840335968,0.64375,0.28498531341417416,0.28568810603827527,0.32294643393045,24.35734050293059,0.10842914137533888,0.26905252795457574,0.26913292500926367,0.28178664425045674,27.351216943559987,0.08816310360500856,0.281948412006357,0.2824675844078167,0.31451881040397855,24.930126189583344,0.10432237285115188,0.2841964245438999,0.2848484026770607,0.3207427129216439,24.504515272550034,0.10736257447411936,-0.03899721049973941,0.592734619007445,0.15873060869218888,0.0,0.6931471805599453,,,,,0.0,,,0.5,0.381497619543285,0.5981193238458836,0.18478079511658935,0.6440079203597036,0.052737434177843254,0.6794010509627799,0.00932826820603078,0.6907990105596221,0.1993861282413875,0.6246407732831578,0.21202212003174986,0.6360248529898942,0.07789242272970162,0.6726416699816563,0.017583397712837387,0.6886938405682502,,,,,,,,,0.13500307705715317,0.6520233607051855,,,0.0016503129102134445,0.6927347331726176,,,,,,,7.0,7.0,7.0,7.0,28.0,28.0,28.0,28.0,,,,,113.0,,113.0,,,,,,,,,,,,,,,,,,,,,,,,,,,,,,,,,,,,,,,,,,,,,,,,,
q3_rho0.70_always_b3,3,0.7,always,3,5,0,40,mixture,diag,quadratic-l0.1,quadratic-l0.1|gru-w4-l0.01|quadratic-l0.01|quadratic-l0.1|quadratic-l0.1,1.5467674279276449,0.3854350315032849,0.825,1.5467674279276449,1.546940126209599,1.5282975336670592,5.048203217418846,0.33815870376833457,1.3165506595634526,1.3683717304143423,1.0281957004449096,10.866451003053394,0.1961483950119633,1.4960633693292054,1.5027585410134208,1.3847664559010684,5.909950276934769,0.30324646622175916,1.532099948131339,1.5331684163118964,1.486582490285267,5.258224501642215,0.32875567737364325,0.5155913377651083,2.3618583539570195,0.4776393808462478,0.0,0.6931471805599453,,,,,0.0,,,0.6,1.3001445139181884,0.4491304060352593,0.7739466889157525,0.5226947997232771,0.3143229442358232,0.6150183695819516,0.06038948612758514,0.6780188628272057,1.4063001206517878,0.3419062534465889,1.3606516190003828,0.3998234634270682,0.8521216536426174,0.49026279778011916,0.2678008504978312,0.6255856046236588,,,,,,,,,1.744201700648069,0.3300434659745087,,,0.3078349335771108,0.6141376485529031,,,,,,,7.0,7.0,7.0,7.0,28.0,28.0,28.0,28.0,,,,,113.0,,113.0,,,,,,,,,,,,,,,,,,,,,,,,,,,,,,,,,,,,,,,,,,,,,,,,,
q3_rho0.70_always_b3,3,0.7,always,3,10,0,40,pathinfo,diag,constant,linear-l0.1|constant|constant|gru-w4-l0.1|linear-l1,-0.01663446962301083,0.7097816501829561,0.475,,,,,,,,,,,,,,,,,,,,,-0.04245051481734598,0.002836459160408165,0.01147370708272627,0.0,0.6931471805599453,,,,,0.0,,,0.0,-0.017764915455005557,0.7109120960149509,-0.012327314534778325,0.7054744950947236,-0.0029250297429179186,0.6960722103028631,-0.00012498539953598037,0.6932721659594814,-0.09275845049395924,0.7859056310539045,-0.015115911722660868,0.7082630922826062,-0.006822662769213122,0.6999698433291585,-0.0015688778178552369,0.6947160583778005,,,,,,,,,-0.014890944520056371,0.7080381250800016,,,-0.0031106953971116167,0.6962578759570569,,,,,,,7.0,7.0,7.0,7.0,28.0,28.0,28.0,28.0,,,,,113.0,,113.0,,,,,,,,,,,,,,,,,,,,,,,,,,,,,,,0.257793296239334,-0.01663446962301083,0.0,-0.01663446962301083,0.0,-0.01663446962301083,0.0,,,,,,,,,,,,
q3_rho0.70_always_b3,3,0.7,always,3,1,0,40,pathinfo,diag,constant,constant|constant|constant|constant|constant,0.0,0.6931471805599453,0.5,,,,,,,,,,,,,,,,,,,,,0.0,0.0,0.0,0.0,0.6931471805599453,,,,,0.0,,,0.0,-0.016341602794881477,0.7094887833548268,-0.00933004313845132,0.7024772236983966,-0.002674969031267083,0.6958221495912124,-0.00037458557278748225,0.6935217661327328,-0.06745782933250195,0.7606050098924473,-0.024840216182827356,0.7179873967427727,-0.008046303173014961,0.7011934837329603,-0.001516293470268773,0.6946634740302141,,,,,,,,,-0.0024303551186676863,0.6955775356786129,,,-0.00011421341038693467,0.6932613939703323,,,,,,,7.0,7.0,7.0,7.0,28.0,28.0,28.0,28.0,,,,,113.0,,113.0,,,,,,,,,,,,,,,,,,,,,,,,,,,,,,,0.25,0.0,0.0,0.0,0.0,0.0,0.0,,,,,,,,,,,,
q3_rho0.70_always_b3,3,0.7,always,3,5,0,40,pathinfo,diag,quadratic-l1,linear-l10|quadratic-l1|quadratic-l1|linear-l1|constant,-0.00666446084361075,0.6998116414035561,0.5,,,,,,,,,,,,,,,,,,,,,-0.024386799612080106,0.01131028315038685,0.009057856056502297,0.0,0.6931471805599453,,,,,0.0,,,0.1,-0.03287062943530691,0.7260178099952521,-0.020714062795139324,0.7138612433550846,-0.007174897122209835,0.700322077682155,-0.0009172573659472785,0.6940644379258926,-0.08403083063834603,0.7771780111982913,-0.014766220857087337,0.7079134014170327,-0.0005702737484314082,0.6937174543083767,-0.0006279300125771228,0.6937751105725224,,,,,,,,,-0.014532854432630781,0.707680034992576,,,-0.0034547113896513117,0.6966018919495965,,,,,,,7.0,7.0,7.0,7.0,28.0,28.0,28.0,28.0,,,,,113.0,,113.0,,,,,,,,,,,,,,,,,,,,,,,,,,,,,,,0.25332799563057734,-0.00666446084361075,0.0,-0.00666446084361075,0.0,-0.00666446084361075,0.0,,,,,,,,,,,,
q3_rho0.70_sensing_b12,3,0.7,sensing,12,10,0,40,cost0,direct,gru_direct-w4-l0.1-cap5,gru_direct-w4-l0.1-cap5|gru_direct-w4-l0.01-cap5|gru_direct-w4-l0.1-cap5|gru_direct-w4-l0.1-cap5|gru_direct-w4-l0.1-cap5,0.6690580157827104,0.5649941211645343,0.75,0.6690580157827104,0.6697856774532057,0.707693358307593,17.614560738992754,0.12316402974404929,0.5977189392005279,0.5982389689283731,0.565814737151433,20.61480702481037,0.09922342337799032,0.6548070727842271,0.6550878317677027,0.678690984216062,18.162546610822417,0.11817641817196899,0.665351471968852,0.6659426723358796,0.7001327841258828,17.754506627195163,0.12186135102471786,0.18479773769678576,1.1324939054786403,0.2424903229782624,0.0,0.6931471805599453,0.6614031539420293,0.5674095120393106,0.5517878147364,0.5750064515307293,0.0,113.0,113.0,0.5,,,,,,,,,,,,,,,,,,,,,,,,,,,,,,,,,,,,,,,,,,,,,,,,,,,,,,,,,,,,,,,,,,,,,,,,,,,,,,,,,,,,,,,,,,,,,,,,,,,,
q3_rho0.70_sensing_b12,3,0.7,sensing,12,10,0,40,cost0,main,linear-l0.01,linear-l0.01|linear-l0.01|linear-l0.1|linear-l0.1|linear-l0.01,0.7140483646751917,0.5331551334809179,0.75,0.7140483646751917,0.7160732829094535,0.7790437341567432,7.442712516332783,0.33115319013904754,0.7219166678044022,0.7344525977650708,0.5718203682178501,16.647727579464043,0.1667892882074252,0.738365297656101,0.7383889283866609,0.7315063452772681,9.244168704995376,0.2843261323154379,0.7223500389582463,0.7232898626560277,0.7663337391843011,7.896425774712645,0.3181085142844769,-0.1097782497257411,1.3892542369188015,0.38566231419374997,0.0,0.6931471805599453,,,,,0.0,,,0.08,0.8743591073042026,0.5122470889489197,0.6818584028515539,0.5502701153601193,0.32539815268621836,0.6162226978681817,0.06349844070246612,0.6773821161950003,-4.599318821344292,0.5299987222724553,0.6064519550552486,0.5187357541148587,0.6033447897397842,0.5588398878315697,0.21413635686772975,0.6408958806029996,0.5211730394079704,0.5679615493951273,0.3316258382623296,0.5453748839506873,0.6515016081358185,0.5486445728225203,0.6359258843545474,0.5477338220643032,0.6743274049519871,0.5661864170240463,0.5628795124087671,0.5921848977446198,0.40455061032700224,0.6000435496647784,0.42547384051765536,0.5958872903353936,0.3280777087235102,0.6132836774086399,0.17822440498556716,0.6498415505029976,7.0,7.0,7.0,7.0,28.0,28.0,28.0,28.0,141.0,281.0,141.0,281.0,113.0,321.0,113.0,321.0,113.0,113.0,,,,,,,,,,,,,,,,,,,,,,,,,,,,,,,,,,,,,,,,,,,,,,
q3_rho0.70_sensing_b12,3,0.7,sensing,12,10,0,40,cost0,mem1,gru-w4-l0.01-h1,gru-w4-l0.01-h1|gru-w4-l0.01-h1|gru-w4-l0.01-h1|gru-w4-l0.01-h1|gru-w4-l0.01-h1,0.6166666001333807,0.5643004971712002,0.6875,0.6166666001333807,0.616748628293909,0.6039127798503869,12.72097700051437,0.22496478807573134,0.5946528955612747,0.6016198247803181,0.481209336911545,19.709283323952423,0.13901539687902778,0.6186284669733657,0.619462124623634,0.5783495648926236,14.198124618546073,0.20338966708606937,0.617589193182529,0.6177994933739632,0.5972206089026555,13.104566748825206,0.2191160762839006,0.055960639563386004,1.1199442450190549,0.27325100014646414,,,,,,,,,,0.7,,,,,,,,,,,,,,,,,,,,,,,,,,,,,,,,,,,,,,,,,,,,,,,,,,,,,,,0.0,0.6931471805599453,0.6166666001333807,0.5643004971712002,0.23476191938367957,0.6368165841492806,0.0,116.0,116.0,,,,,,,,,,,,,,,,,,,,,,,,,,,,,,,,,,,,,
q3_rho0.70_sensing_b12,3,0.7,sensing,12,10,0,40,cost0,mem2,gru-w4-l0.01-h2,gru-w4-l0.1-h2|gru-w4-l0.01-h2|gru-w4-l0.1-h2|gru-w4-l0.01-h2|gru-w4-l0.01-h2,0.63986100400266,0.5781241485879257,0.725,0.63986100400266,0.6488464156311268,0.5117278543964986,23.003756147757883,0.10312195946938947,0.5449739066531512,0.5558915405546876,0.4043933072995327,25.08797860544902,0.090027692017547,0.6189830692956109,0.6283438265669401,0.4883245240829536,23.374699312401706,0.10064206288665181,0.6343315401072089,0.6434135191557719,0.5055432309947481,23.09799350256664,0.10248540733742408,0.1877633754465796,1.0745468748643439,0.2264783019238787,,,,,,,,,,0.8,,,,,,,,,,,,,,,,,,,,,,,,,,,,,,,,,,,,,,,,,,,,,,,,,,,,,,,,,,,,,,,,0.0,0.6931471805599453,0.629811664895134,0.5625074988254468,0.3997955540909614,0.6007393936516102,0.0,116.0,116.0,,,,,,,,,,,,,,,,,,,,,,,,,,,,
q3_rho0.70_sensing_b12,3,0.7,sensing,12,10,0,40,cost0,mem4,gru-w4-l0.1-h4,gru-w4-l0.1-h4|gru-w4-l0.01-h4|gru-w4-l0.1-h4|gru-w4-l0.1-h4|gru-w4-l0.01-h4,0.707299897273259,0.5568204387674257,0.75,0.707299897273259,0.7172280493868838,0.5729270713751603,21.637163110923435,0.10444369684610791,0.613832875692456,0.6266529741480931,0.46213753786377226,24.140898993127518,0.09155226211556274,0.6862958901060178,0.6967890167297631,0.5483388835333572,22.079555650413592,0.10202363087458295,0.7016898867149297,0.7117634495471996,0.5663840722375195,21.749330927395995,0.10382351600210338,0.2377546176522349,1.1415453516157592,0.2320841920775232,,,,,,,,,,0.4,,,,,,,,,,,,,,,,,,,,,,,,,,,,,,,,,,,,,,,,,,,,,,,,,,,,,,,,,,,,,,,,,,,,,,,,,0.0,0.6931471805599453,0.7415970542765216,0.5596476996223314,0.4883817084477645,0.5818053094656211,0.0,116.0,116.0,,,,,,,,,,,,,,,,,,,
q3_rho0.70_sensing_b12,3,0.7,sensing,12,1,0,40,cost0,main,flat-w4-l0.01,flat-w4-l0.01|flat-w4-l0.01|flat-w4-l0.01|constant|quadratic-l1,0.022918188244229663,0.6876470598043273,0.5625,0.022918188244229663,0.02295106583203892,0.03104907793755456,37.3976383220764,0.051872299821274184,0.023915443956380466,0.023934491416322673,0.030100257009301218,37.55220131075504,0.05034753755808048,0.023090494750080598,0.02312077411140364,0.030892642580275985,37.42396548345439,0.05161425602173359,0.022961753833450227,0.02299396662381668,0.03100979809974112,37.404281498256424,0.051807252848087855,-0.0825111752978615,0.13412045165155925,0.0549971438241433,0.0,0.6931471805599453,,,,,0.0,,,0.0,0.03702261791925963,0.6820043516936349,0.040485497769620904,0.6821528762855812,0.01631407968377104,0.6889479319148046,0.002984315202960283,0.6923978550173425,-0.37148461824495016,0.7312842587900605,-0.014356464944981929,0.690225239176421,0.03620684833203312,0.6834973849898625,0.01443681405612951,0.6895168559518714,0.04207192359407426,0.6831129762309589,0.031494470278895105,0.6848637466235674,0.009687136716756212,0.6907079207032385,0.010903743931578938,0.6905033859137492,-0.002438028312737811,0.6934239481626575,0.0033280638320413447,0.692225410975532,0.0006175169564655497,0.6929941938376643,0.0005674175894447187,0.6930044101567281,0.002480923775001456,0.692492081449133,-9.848332648787206e-05,0.6931716968763165,7.0,7.0,7.0,7.0,28.0,28.0,28.0,28.0,33.0,65.0,33.0,65.0,113.0,321.0,113.0,321.0,113.0,113.0,,,,,,,,,,,,,,,,,,,,,,,,,,,,,,,,,,,,,,,,,,,,,,
q3_rho0.70_sensing_b12,3,0.7,sensing,12,5,0,40,cost0,main,linear-l0.1,linear-l0.1|linear-l0.1|linear-l0.1|linear-l0.1|linear-l0.01,0.5742352050863799,0.5801785742296106,0.7,0.5742352050863799,0.5867221263750264,0.42441671411786963,25.49504030677704,0.08018884489048883,0.5004693669608741,0.5136116327740299,0.3469848728752171,26.928360165045742,0.07460847937453931,0.5588451996984335,0.5714647944299627,0.40827603433029963,25.742070514490365,0.07920339683134037,0.5701955171719668,0.5827167480081366,0.42018247692125826,25.55747223021078,0.07993879651821925,0.23096528218515502,0.922692218858935,0.17427831092670396,0.0,0.6931471805599453,,,,,0.0,,,0.06,0.7588493578107871,0.5465965920329203,0.5279716251828779,0.579903179326364,0.20883515899299637,0.6430547661520033,0.038704421516675296,0.6835215465825022,0.49788876166146834,0.5582252552010976,0.6525949941248713,0.5590465425350299,0.4378656437024019,0.5961649923152595,0.14379876025048946,0.658066071907833,0.1916462595695771,0.5844840003365023,0.3369258068450463,0.577960373127933,0.3912942929082995,0.6019818609055866,0.4352328792987901,0.5941939741890107,0.49636537362247235,0.5820986047797424,0.3891771649985369,0.5877287132993618,0.19138559509136915,0.6474618495380123,0.19894903109935866,0.6457388509965976,0.16619983168469066,0.6507052343418465,0.02419369938004459,0.6871621117534208,7.0,7.0,7.0,7.0,28.0,28.0,28.0,28.0,81.0,161.0,81.0,161.0,113.0,321.0,113.0,321.0,113.0,113.0,,,,,,,,,,,,,,,,,,,,,,,,,,,,,,,,,,,,,,,,,,,,,,
q3_rho0.70_sensing_b12,3,0.7,sensing,12,10,0,40,cost2,direct,gru_direct-w4-l0.1-cap5,gru_direct-w4-l0.1-cap5|gru_direct-w4-l0.1-cap5|gru_direct-w4-l0.1-cap5|gru_direct-w4-l0.1-cap5|gru_direct-w4-l0.01-cap5,1.3200138655402374,0.36815559261618336,0.8875,1.3200138655402374,1.3327366844032875,1.4881230102964724,8.512990583132025,0.18724827627047932,1.2651482162709438,1.2698225729945314,1.1715502745284359,11.680786194184,0.1352130967199543,1.322191389466433,1.326863624485682,1.421997782124832,9.032410749038045,0.17524013543707148,1.321367707262618,1.3315342844668208,1.4708188171500223,8.643747410515886,0.18404012845507342,0.5539116448707775,1.951181672587087,0.35414873228691185,0.0,0.6931471805599453,1.4875237553831904,0.36374247428551376,1.2711318320619642,0.37675095677302395,0.0,113.0,113.0,0.4,,,,,,,,,,,,,,,,,,,,,,,,,,,,,,,,,,,,,,,,,,,,,,,,,,,,,,,,,,,,,,,,,,,,,,,,,,,,,,,,,,,,,,,,,,,,,,,,,,,,
q3_rho0.70_sensing_b12,3,0.7,sensing,12,10,0,40,cost2,main,quadratic-l0.1,quadratic-l0.1|linear-l0.1|linear-l0.01|quadratic-l0.1|linear-l0.01,1.94234345368575,0.2691354322564588,0.9,1.94234345368575,1.9424681178647876,1.9266363187148925,2.7389950843601483,0.5814610425710127,1.6775261298024469,1.7803864802215421,1.289782813299262,8.556665301201148,0.2552050322896545,1.9338699170786797,1.9525405998769267,1.7528722353230073,3.6055514908885473,0.4905765764854355,1.9459424470472606,1.9483811079013194,1.877720846421441,2.945393367075856,0.5566485048398643,0.6067750549114084,2.8429709725424517,0.5752641412499873,0.0,0.6931471805599453,,,,,0.0,,,0.5,2.093145324829604,0.272421971580615,1.6439331366429246,0.33397438284872555,0.82529651362574,0.48759334340407817,0.17053287438890674,0.6502275491964318,-3.1416477491539303,0.20642490422818405,1.991904830412733,0.24990167873391336,1.4306832504525082,0.35542682526608743,0.5245808315267146,0.5601605210382081,1.7591617892805034,0.2859381652292945,1.3945974284017695,0.2921231826719882,1.5317499342460703,0.34287299736852234,1.621670856758645,0.32780059801610595,1.3974514183113296,0.34093027008338483,1.7760254750704352,0.2958546111706633,1.124839527123898,0.4164689649727533,1.196401648231122,0.3999366013627382,0.89371506274233,0.4131694274673087,0.7153553457457232,0.5112501841531103,7.0,7.0,7.0,7.0,28.0,28.0,28.0,28.0,141.0,281.0,141.0,281.0,113.0,321.0,113.0,321.0,113.0,113.0,,,,,,,,,,,,,,,,,,,,,,,,,,,,,,,,,,,,,,,,,,,,,,
q3_rho0.70_sensing_b12,3,0.7,sensing,12,10,0,40,cost2,mem1,gru-w4-l0.01-h1,gru-w4-l0.01-h1|gru-w4-l0.01-h1|gru-w4-l0.01-h1|gru-w4-l0.01-h1|gru-w4-l0.01-h1,1.4325898505920391,0.3724120969297613,0.825,1.4325898505920391,1.4335596198412655,1.389193784888836,6.00958577159917,0.3508056324568852,1.2951948166186962,1.3272197585910521,1.062998303308258,12.100626848702278,0.18232082112298362,1.4254721528353378,1.431785815139513,1.3172698820242907,7.161560936017699,0.30477339454435637,1.4324736089705943,1.434500843247507,1.3701431571551084,6.302403461331258,0.33811087739892826,0.5815869585880903,2.08320831894568,0.3790017667300136,,,,,,,,,,0.8,,,,,,,,,,,,,,,,,,,,,,,,,,,,,,,,,,,,,,,,,,,,,,,,,,,,,,,0.0,0.6931471805599453,1.4325898505920391,0.3724120969297613,0.901312182621419,0.47375121450162316,0.0,116.0,116.0,,,,,,,,,,,,,,,,,,,,,,,,,,,,,,,,,,,,,
q3_rho0.70_sensing_b12,3,0.7,sensing,12,10,0,40,cost2,mem2,gru-w4-l0.01-h2,gru-w4-l0.01-h2|gru-w4-l0.1-h2|gru-w4-l0.1-h2|gru-w4-l0.01-h2|gru-w4-l0.01-h2,1.3056112229851053,0.38625324153792906,0.8375,1.3056112229851053,1.3069001046567343,1.2556951387079673,5.387315872708986,0.39660683362957894,1.21777218169962,1.2569854431580176,0.9632337632486703,12.960121507612206,0.19320533178688265,1.3150992346250736,1.3237098185368397,1.189546293887862,6.766438159517351,0.3395784147826388,1.3105412008833635,1.3133020393282053,1.2380622623425692,5.729999958822756,0.38082139234615653,0.44460839960108567,1.9464395705441495,0.3857012066139238,,,,,,,,,,0.8,,,,,,,,,,,,,,,,,,,,,,,,,,,,,,,,,,,,,,,,,,,,,,,,,,,,,,,,,,,,,,,,0.0,0.6931471805599453,1.4775432800240285,0.3585051326861969,1.1317012385069714,0.4238830020672447,0.0,116.0,116.0,,,,,,,,,,,,,,,,,,,,,,,,,,,,
q3_rho0.70_sensing_b12,3,0.7,sensing,12,10,0,40,cost2,mem4,gru-w4-l0.01-h4,gru-w4-l0.01-h4|gru-w4-l0.1-h4|gru-w4-l0.1-h4|gru-w4-l0.01-h4|gru-w4-l0.01-h4,1.4057024708974963,0.35097520667284304,0.875,1.4057024708974963,1.4064222414967968,1.368239506901475,4.692448091569073,0.4284843823049392,1.3310985829906188,1.3761830711422158,1.0600906712713738,11.809021287506942,0.20161527652652336,1.426255582905751,1.435137282225225,1.2988303733306776,5.9735354612650005,0.3641042505203007,1.4144059574337278,1.4165907099158843,1.3497521337608742,5.00917632294935,0.4106423619713259,0.4504212253992397,2.1057507862884233,0.42850209775053516,,,,,,,,,,0.7,,,,,,,,,,,,,,,,,,,,,,,,,,,,,,,,,,,,,,,,,,,,,,,,,,,,,,,,,,,,,,,,,,,,,,,,,0.0,0.6931471805599453,1.6331319147051304,0.317595485078749,1.240154459810635,0.3983114111661826,0.0,116.0,116.0,,,,,,,,,,,,,,,,,,,
q3_rho0.70_sensing_b12,3,0.7,sensing,12,1,0,40,cost2,main,linear-l0.01,quadratic-l0.1|linear-l0.01|quadratic-l0.1|linear-l0.01|linear-l0.01,0.1533117368393313,0.5233729849658113,0.8,0.1533117368393313,0.3009592098587348,0.7993004626332272,3.0352783608719265,0.5581382586991421,0.7391331430425127,0.751666200731358,0.5890531084144609,12.77117916022317,0.19549246463210684,0.48637105304471573,0.5157729982425681,0.748850984050774,4.644727966288611,0.4339222887816544,0.2698037003597485,0.3696695240888588,0.7856306661028103,3.407213017630019,0.5225085605087353,-2.0493510246133466,1.444660297908059,0.9757215294873786,0.0,0.6931471805599453,,,,,0.0,,,0.38,0.1762072647477432,0.5230241809591896,0.4825633224177599,0.5609421784323794,0.19435974218176008,0.6440433367327996,0.03523908477505633,0.6843231087529877,1.2407875472065188,0.4771867264422294,0.9943860316288298,0.48760782252164797,0.5764391773050415,0.5553206738952158,0.16531051709535802,0.651696100513467,0.6021258256334956,0.5330712361629754,0.6202492722542506,0.5259695202278308,0.3592457142615165,0.6020747782359779,0.37094819276437824,0.5976925510161933,0.72592484702183,0.5102651486806905,0.708097452132229,0.51069749102128,0.02627644615866177,0.6865778892088278,0.029040946310914452,0.6857904954936797,0.07344170998408013,0.6702060863018513,0.003410982200567286,0.6923044935884235,7.0,7.0,7.0,7.0,28.0,28.0,28.0,28.0,33.0,65.0,33.0,65.0,113.0,321.0,113.0,321.0,113.0,113.0,,,,,,,,,,,,,,,,,,,,,,,,,,,,,,,,,,,,,,,,,,,,,,
q3_rho0.70_sensing_b12,3,0.7,sensing,12,5,0,40,cost2,main,quadratic-l0.01,linear-l0.1|quadratic-l0.01|quadratic-l0.01|linear-l0.01|linear-l0.01,1.0612934921100556,0.35866859228428555,0.8625,1.0612934921100556,1.4304949337729282,2.182462101366145,2.228673086711887,0.6411564463806153,1.4492558389993995,1.4913137745054028,1.1865627952860733,8.570887159368532,0.2330900096279134,1.440004608507359,1.4955706830329678,1.8113979264655984,3.2149541889902435,0.503306432477621,1.2088373998173831,1.443819741769992,2.059202963130364,2.463970109183737,0.601767651119775,-2.3074161252821006,3.0207412061925125,1.3931938992088289,0.0,0.6931471805599453,,,,,0.0,,,0.42,2.2126619877518445,0.34484247823754677,1.3699946416292523,0.4107863317034073,0.6156513410654683,0.5404719852818503,0.12383132899458951,0.6620204369785381,1.8966837158451373,0.27102994821775345,2.074353682271922,0.296417865942147,1.256436038298319,0.40105434684823316,0.4331065426007873,0.5835202348076403,2.1365556457213186,0.33722906247897627,2.3939124798370934,0.3271011015859696,1.305925738250903,0.40839515113396524,1.4127179345185645,0.39551902752697404,1.6155122004231104,0.3428179616159342,1.9327497846771458,0.3461054593603058,0.7624036759148319,0.5030833465759704,0.8087975293609573,0.49110137878145005,0.6713796956786278,0.49605751114261276,0.34783316821064575,0.6043799522754046,7.0,7.0,7.0,7.0,28.0,28.0,28.0,28.0,81.0,161.0,81.0,161.0,113.0,321.0,113.0,321.0,113.0,113.0,,,,,,,,,,,,,,,,,,,,,,,,,,,,,,,,,,,,,,,,,,,,,,
q3_rho0.70_sensing_b12,3,0.7,sensing,12,10,0,40,endpoint,main,linear-l1,quadratic-l0.1|linear-l1|linear-l0.1|linear-l0.1|linear-l1,0.040864974165881286,0.6522822063940641,0.6125,,,,,,,,,,,,,,,,,,,,,-0.00921899014268641,0.0869704141211037,0.02441656834380743,0.0,0.6931471805599453,,,,,0.0,,,0.05,0.0378019026752143,0.6553452778847311,0.04244416789025085,0.6507030126696944,0.02651119587293287,0.6666359846870125,0.004540494913403033,0.6886066856465423,0.02873322905190767,0.6644139515080376,0.03780586810343859,0.6553413124565066,0.03336230726638125,0.6597848732935641,0.007939926270897438,0.6852072542890479,,,,,,,,,,,,,,,,,,,,,3.0,3.0,3.0,3.0,6.0,6.0,6.0,6.0,,,,,,,,,,,,,,,,,,,,,,,,,,,,,,,,,,,,,,0.2310667079358873,0.040864974165881286,0.0,0.040864974165881286,0.0,0.040864974165881286,0.0,0.04466144075044753,0.6484857398094978,0.04307874196578521,0.65006843859416,0.02579343372255618,0.6673537468373891,0.027671925727065665,0.6654752548328796,17.0,33.0,17.0,33.0
q3_rho0.70_sensing_b12,3,0.7,sensing,12,1,0,40,endpoint,main,linear-l0.1,linear-l0.1|linear-l0.1|mlp-w4-l0.01|linear-l0.1|linear-l0.1,0.03822971098437339,0.6549174695755718,0.575,,,,,,,,,,,,,,,,,,,,,0.01146524292563709,0.06647239152630244,0.013670004267364061,0.0,0.6931471805599453,,,,,0.0,,,0.0,0.048016656015656134,0.6451305245442891,0.04026808858567529,0.65287909197427,0.016973000079385937,0.6761741804805593,0.002585062148160934,0.6905621184117844,0.03462427874651648,0.6585229018134289,0.04041001385826679,0.6527371667016786,0.0286001083724855,0.6645470721874597,0.006268814772444784,0.6868783657875005,,,,,,,,,,,,,,,,,,,,,3.0,3.0,3.0,3.0,6.0,6.0,6.0,6.0,,,,,,,,,,,,,,,,,,,,,,,,,,,,,,,,,,,,,,0.2316153144462903,0.03822971098437339,0.0,0.03822971098437339,0.0,0.03822971098437339,0.0,0.03814109497989186,0.6550060855800535,0.03758839760427023,0.655558782955675,0.018969836162179003,0.6741773443977663,0.02035171921685892,0.6727954613430864,17.0,33.0,17.0,33.0
q3_rho0.70_sensing_b12,3,0.7,sensing,12,2,0,40,endpoint,main,linear-l0.1,linear-l1|linear-l0.1|quadratic-l1|quadratic-l0.1|linear-l0.1,0.01849336827769638,0.674653812282249,0.6125,,,,,,,,,,,,,,,,,,,,,-0.015775188708467114,0.050866773604510994,0.017098276135656506,0.0,0.6931471805599453,,,,,0.0,,,0.0,0.025515972834139533,0.6676312077258058,0.020039974763007576,0.6731072057969377,0.011015866371538861,0.6821313141884064,0.0018304967695921535,0.6913166837903532,0.025619639153094377,0.6675275414068509,0.029935590560008784,0.6632115899999365,0.021449623655694784,0.6716975569042505,0.004771831944622644,0.6883753486153227,,,,,,,,,,,,,,,,,,,,,3.0,3.0,3.0,3.0,6.0,6.0,6.0,6.0,,,,,,,,,,,,,,,,,,,,,,,,,,,,,,,,,,,,,,0.2402719425772033,0.01849336827769638,0.0,0.01849336827769638,0.0,0.01849336827769638,0.0,0.02521567570358199,0.6679315048563633,0.024509390678397497,0.6686377898815478,0.017231770079395213,0.67591541048055,0.012249221176385062,0.6808979593835602,17.0,33.0,17.0,33.0
q3_rho0.70_sensing_b12,3,0.7,sensing,12,3,0,40,endpoint,main,linear-l0.1,quadratic-l1|linear-l1|linear-l0.1|linear-l0.1|linear-l0.1,0.04594946578461596,0.6471977147753294,0.6,,,,,,,,,,,,,,,,,,,,,0.015258615301386768,0.07792967232337233,0.016074302709059643,0.0,0.6931471805599453,,,,,0.0,,,0.1,0.04387741819977399,0.6492697623601713,0.04350442324563453,0.6496427573143106,0.025235679128763844,0.6679115014311815,0.0042450675434325,0.6889021130165127,0.07056937710990822,0.6225778034500371,0.06899761327788857,0.6241495672820567,0.04415111376957874,0.6489960667903665,0.009508342552049904,0.6836388380078955,,,,,,,,,,,,,,,,,,,,,3.0,3.0,3.0,3.0,6.0,6.0,6.0,6.0,,,,,,,,,,,,,,,,,,,,,,,,,,,,,,,,,,,,,,0.22822047236233586,0.04594946578461596,0.0,0.04594946578461596,0.0,0.04594946578461596,0.0,0.043645744182136605,0.6495014363778087,0.04282017449094526,0.6503270060690001,0.03193037138148165,0.6612168091784636,0.02957640721510098,0.6635707733448444,17.0,33.0,17.0,33.0
q3_rho0.70_sensing_b12,3,0.7,sensing,12,4,0,40,endpoint,main,linear-l0.1,quadratic-l1|linear-l1|linear-l0.1|quadratic-l0.1|linear-l0.1,0.03391048518991523,0.65923669537003,0.675,,,,,,,,,,,,,,,,,,,,,-0.02175152376417274,0.08318108558463265,0.027937536334748353,0.0,0.6931471805599453,,,,,0.0,,,0.0,0.06017147833166022,0.6329757022282851,0.04931971268276804,0.6438274678771773,0.027385570539748983,0.6657616100201963,0.004581806223104157,0.6885653743368412,0.07447481116451418,0.618672369395431,0.07038605990000178,0.6227611206599436,0.045098950664569926,0.6480482298953754,0.009722522082799811,0.6834246584771455,,,,,,,,,,,,,,,,,,,,,3.0,3.0,3.0,3.0,6.0,6.0,6.0,6.0,,,,,,,,,,,,,,,,,,,,,,,,,,,,,,,,,,,,,,0.23206980950657882,0.03391048518991523,0.0,0.03391048518991523,0.0,0.03391048518991523,0.0,0.03325541064660327,0.6598917699133421,0.03180364484466565,0.6613435357152796,0.030524971565764086,0.6626222089941812,0.028724710134856158,0.6644224704250892,17.0,33.0,17.0,33.0
q3_rho0.70_sensing_b12,3,0.7,sensing,12,5,0,40,endpoint,main,linear-l1,mlp-w4-l0.1|linear-l1|linear-l0.1|linear-l0.1|linear-l1,0.023289610472217524,0.6698575700877278,0.6,,,,,,,,,,,,,,,,,,,,,-0.014615991316099615,0.06251346704301668,0.01952594691718063,0.0,0.6931471805599453,,,,,0.0,,,0.1,0.039992891274150344,0.6531542892857949,0.04144224011044365,0.6517049404495017,0.024017420258897366,0.669129760301048,0.004041118384675047,0.6891060621752703,0.0288999843482035,0.6642471962117418,0.04101999603794356,0.6521271845220017,0.03358514738494747,0.6595620331749978,0.007711712050767058,0.6854354685091784,,,,,,,,,,,,,,,,,,,,,3.0,3.0,3.0,3.0,6.0,6.0,6.0,6.0,,,,,,,,,,,,,,,,,,,,,,,,,,,,,,,,,,,,,,0.23892000196405166,0.023289610472217524,0.0,0.023289610472217524,0.0,0.023289610472217524,0.0,0.02625638663770454,0.6668907939222407,0.03172214994956814,0.6614250306103772,0.02589734003604046,0.6672498405239049,0.02573088675314904,0.6674162938067962,17.0,33.0,17.0,33.0
q3_rho0.70_sensing_b12,3,0.7,sensing,12,6,0,40,endpoint,main,linear-l0.1,linear-l0.1|linear-l0.1|linear-l0.1|linear-l0.1|linear-l0.1,0.05069173533017336,0.6424554452297719,0.6125,,,,,,,,,,,,,,,,,,,,,0.006803578863592377,0.09840900066685515,0.023519646246446146,0.0,0.6931471805599453,,,,,0.0,,,0.0,0.054369397112622855,0.6387777834473224,0.05069173533017336,0.6424554452297719,0.02826814508217205,0.6648790354777733,0.0047184560041939,0.6884287245557514,0.050065585134547105,0.6430815954253981,0.049885906214068826,0.6432612743458764,0.03711140011766576,0.6560357804422795,0.008398583901268974,0.6847485966586764,,,,,,,,,,,,,,,,,,,,,3.0,3.0,3.0,3.0,6.0,6.0,6.0,6.0,,,,,,,,,,,,,,,,,,,,,,,,,,,,,,,,,,,,,,0.22617191284422855,0.05069173533017336,0.0,0.05069173533017336,0.0,0.05069173533017336,0.0,0.04907740986219104,0.6440697706977542,0.04902748870353951,0.6441196918564057,0.03299327530995115,0.6601539052499941,0.03502318193897535,0.6581239986209699,17.0,33.0,17.0,33.0
q3_rho0.70_sensing_b12,3,0.7,sensing,12,7,0,40,endpoint,main,linear-l0.1,linear-l0.1|linear-l0.1|linear-l0.1|linear-l0.1|linear-l0.1,0.032870636826913734,0.6602765437330316,0.5625,,,,,,,,,,,,,,,,,,,,,-0.0036448369936122834,0.07222475206290703,0.019139505764152655,0.0,0.6931471805599453,,,,,0.0,,,0.2,0.031196441996578374,0.661950738563367,0.032870636826913734,0.6602765437330316,0.019723888460893246,0.6734232920990519,0.0033503981340813086,0.689796782425864,0.02388729067607142,0.6692598898838739,0.03027665296648936,0.6628705275934559,0.02488318815642105,0.6682639924035243,0.005812557002109626,0.6873346235578357,,,,,,,,,,,,,,,,,,,,,3.0,3.0,3.0,3.0,6.0,6.0,6.0,6.0,,,,,,,,,,,,,,,,,,,,,,,,,,,,,,,,,,,,,,0.23447776168864692,0.032870636826913734,0.0,0.032870636826913734,0.0,0.032870636826913734,0.0,0.025999731017564025,0.6671474495423813,0.026653976763326214,0.6664932037966191,0.022533347753534463,0.6706138328064107,0.020844590765736543,0.6723025897942088,17.0,33.0,17.0,33.0
q3_rho0.70_sensing_b12,3,0.7,sensing,12,8,0,40,endpoint,main,linear-l1,linear-l0.1|linear-l1|linear-l1|linear-l1|mlp-w4-l0.1,0.019983235371733587,0.6731639451882117,0.5625,,,,,,,,,,,,,,,,,,,,,-0.003704651996339209,0.04346999396414497,0.011952218463635493,0.0,0.6931471805599453,,,,,0.0,,,0.0,0.03402350160980313,0.6591236789501421,0.03386365721162128,0.659283523348324,0.019355905412738284,0.673791275147207,0.0032477811522747717,0.6898993994076704,0.046295396857657975,0.6468517837022872,0.04663405893061685,0.6465131216293285,0.02943579616301043,0.6637113843969349,0.006192020360650521,0.6869551601992947,,,,,,,,,,,,,,,,,,,,,3.0,3.0,3.0,3.0,6.0,6.0,6.0,6.0,,,,,,,,,,,,,,,,,,,,,,,,,,,,,,,,,,,,,,0.24025512062498966,0.019983235371733587,0.0,0.019983235371733587,0.0,0.019983235371733587,0.0,0.03490193539327953,0.6582452451666658,0.03362359563097402,0.6595235849289712,0.021785306190207528,0.6713618743697378,0.019591110179500222,0.6735560703804451,17.0,33.0,17.0,33.0
q3_rho0.70_sensing_b12,3,0.7,sensing,12,9,0,40,endpoint,main,linear-l0.1,linear-l0.1|linear-l0.1|linear-l0.1|linear-l1|linear-l0.1,0.042306558339580455,0.6508406222203649,0.6125,,,,,,,,,,,,,,,,,,,,,-0.01099829418416876,0.09220492353101487,0.026898087804055244,0.0,0.6931471805599453,,,,,0.0,,,0.0,0.057578347600394465,0.6355688329595508,0.05575429469932813,0.6373928858606172,0.03180427368617006,0.6613429068737753,0.00535222736942559,0.6877949531905196,0.06309528684148757,0.6300518937184577,0.05824964407198911,0.6348975364879561,0.04173384623780106,0.6514133343221442,0.009448393689555613,0.6836987868703897,,,,,,,,,,,,,,,,,,,,,3.0,3.0,3.0,3.0,6.0,6.0,6.0,6.0,,,,,,,,,,,,,,,,,,,,,,,,,,,,,,,,,,,,,,0.23062901543659825,0.042306558339580455,0.0,0.042306558339580455,0.0,0.042306558339580455,0.0,0.05778515580702774,0.6353620247529175,0.056059923700113076,0.6370872568598321,0.03704885900834862,0.6560983215515966,0.04052307772055014,0.6526241028393951,17.0,33.0,17.0,33.0
q3_rho0.70_sensing_b12,3,0.7,sensing,12,10,0,40,mixture,diag,linear-l0.01,linear-l0.01|linear-l0.01|linear-l0.1|linear-l0.1|linear-l0.01,1.1733487131015885,0.43810705787778376,0.825,1.1733487131015885,1.1750671008991942,1.2331238769106805,4.695891938931514,0.4329603355812734,1.1124750818763811,1.147115594351863,0.8718312739429404,12.70691428797196,0.19784433050692596,1.1967967981507175,1.1983799054470876,1.1415780904030046,6.140497682759129,0.36363112819894183,1.1831772330045254,1.1834784681950552,1.2079237379662309,5.050980453349725,0.4135676099681163,0.20166273456026834,1.878614584897359,0.43389817957851473,0.0,0.6931471805599453,,,,,0.0,,,0.5,1.4331050250058146,0.407990993166689,1.1095958270710136,0.46092939052948595,0.5516058345372881,0.5604983875102288,0.112530905378834,0.6650610442173714,-2.116276449545025,0.40141429200858125,1.2301179179222241,0.4131571410286779,0.9731609276507827,0.47568085889321,0.35591940863022603,0.6050490316270044,,,,,,,,,1.0110797995780854,0.4696650582119107,,,0.7214635585055167,0.5243280845160305,,,,,,,7.0,7.0,7.0,7.0,28.0,28.0,28.0,28.0,,,,,113.0,,113.0,,,,,,,,,,,,,,,,,,,,,,,,,,,,,,,,,,,,,,,,,,,,,,,,,
q3_rho0.70_sensing_b12,3,0.7,sensing,12,1,0,40,mixture,diag,linear-l0.1,linear-l0.1|linear-l0.1|gru-w4-l0.01|linear-l0.1|linear-l0.01,0.26649448087215755,0.6307262948229618,0.675,0.26649448087215755,0.2670448680860488,0.23368246591335645,25.89998416470191,0.11687969625691637,0.26824460874615347,0.2700075951822202,0.21003416800419403,28.764015078012125,0.09505407010413854,0.2673943915400375,0.2681370152749545,0.22934896732640553,26.479680182011805,0.1124348306001908,0.26675116492756795,0.2673488179232311,0.2325752494369589,26.05044287439994,0.11572400352007221,0.00908635534446113,0.48083569278464877,0.12156254870060286,0.0,0.6931471805599453,,,,,0.0,,,0.3,0.22367449843880446,0.6275946146973996,0.2196719669358634,0.6366456566132852,0.08407548149993684,0.6720060703654227,0.01499995995388231,0.6893937967738133,0.3520281477907251,0.6214183856686921,0.38026002743249365,0.6108859813756379,0.24407577130894284,0.6347715928654594,0.07028635967535354,0.6756559960037837,,,,,,,,,0.25105551696605544,0.6291778912504259,,,0.007426408780627056,0.6913081501058217,,,,,,,7.0,7.0,7.0,7.0,28.0,28.0,28.0,28.0,,,,,113.0,,113.0,,,,,,,,,,,,,,,,,,,,,,,,,,,,,,,,,,,,,,,,,,,,,,,,,
q3_rho0.70_sensing_b12,3,0.7,sensing,12,5,0,40,mixture,diag,linear-l0.01,linear-l0.01|linear-l0.01|linear-l0.1|linear-l0.1|linear-l0.01,1.168857345237376,0.482623702250617,0.7875,1.168857345237376,1.1858448507324915,0.9956809562354071,13.53130475709681,0.15985307361530363,0.9124670253201848,0.9388193065957144,0.700113942829699,17.234246495797425,0.12412990610545377,1.1050101218675898,1.124065645229087,0.9222811863398167,14.184420623998191,0.15246309810661204,1.1513749399912911,1.1689033044461048,0.9756391631665811,13.696788813421799,0.15792691416364948,0.6980400873875257,1.587287450864829,0.22714002675385886,0.0,0.6931471805599453,,,,,0.0,,,0.7,1.3826901323478575,0.45638610084849296,0.9012638223912139,0.5085475733469652,0.38686513580516313,0.5995742889935063,0.07585643208595776,0.6742057776400621,1.4139332617284395,0.4381071118344176,1.2685084712433319,0.4587738970439984,0.7892214176149703,0.5191201658954002,0.26813360374336354,0.6268442112297083,,,,,,,,,1.0228397054228355,0.4789996143989269,,,0.43548189716559965,0.5880312095604134,,,,,,,7.0,7.0,7.0,7.0,28.0,28.0,28.0,28.0,,,,,113.0,,113.0,,,,,,,,,,,,,,,,,,,,,,,,,,,,,,,,,,,,,,,,,,,,,,,,,
q3_rho0.70_sensing_b12,3,0.7,sensing,12,10,0,40,pathinfo,diag,linear-l1,linear-l0.1|linear-l1|linear-l1|linear-l1|linear-l1,0.04394737656081882,0.6491998039991265,0.6375,,,,,,,,,,,,,,,,,,,,,0.004637944991725692,0.0815383221730557,0.019499037048615643,0.0,0.6931471805599453,,,,,0.0,,,0.1,0.036722957721602764,0.6564242228383426,0.06123910151359999,0.6319080790463453,0.04365367497758329,0.6494935055823621,0.009368485983216287,0.683778694576729,0.01785502729685274,0.6752921532630926,0.05490765577363839,0.6382395247863069,0.06470568248525228,0.6284414980746931,0.027060591647121823,0.6660865889128235,,,,,,,,,0.03912496339280484,0.6540222171671404,,,0.028497557498788052,0.6646496230611574,,,,,,,7.0,7.0,7.0,7.0,28.0,28.0,28.0,28.0,,,,,113.0,,113.0,,,,,,,,,,,,,,,,,,,,,,,,,,,,,,,0.229186085741563,0.04394737656081882,0.0,0.04394737656081882,0.0,0.04394737656081882,0.0,,,,,,,,,,,,
q3_rho0.70_sensing_b12,3,0.7,sensing,12,1,0,40,pathinfo,diag,linear-l0.1,linear-l0.1|linear-l0.1|quadratic-l1|linear-l0.1|linear-l0.1,0.06950794003161127,0.623639240528334,0.7,,,,,,,,,,,,,,,,,,,,,0.02378230594792991,0.1142565909234534,0.023203017679703956,0.0,0.6931471805599453,,,,,0.0,,,0.2,0.08872257517857891,0.6044246053813664,0.07207005147859846,0.6210771290813468,0.027588167960430766,0.6655590125995146,0.004903479314963151,0.6882437012449821,0.07141269773636309,0.6217344828235822,0.08155245655305153,0.6115947240068939,0.06071110692891433,0.6324360736310309,0.019005304611003342,0.674141875948942,,,,,,,,,0.08279307690866873,0.6103541036512766,,,0.006481604564823902,0.6866655759951212,,,,,,,7.0,7.0,7.0,7.0,28.0,28.0,28.0,28.0,,,,,113.0,,113.0,,,,,,,,,,,,,,,,,,,,,,,,,,,,,,,0.21625978366589163,0.06950794003161127,0.0,0.06950794003161127,0.0,0.06950794003161127,0.0,,,,,,,,,,,,
q3_rho0.70_sensing_b12,3,0.7,sensing,12,5,0,40,pathinfo,diag,linear-l0.1,linear-l10|linear-l0.1|linear-l0.1|linear-l0.1|linear-l1,0.04794380098678227,0.645203379573163,0.65,,,,,,,,,,,,,,,,,,,,,-0.0038278423285572133,0.09904881728824858,0.026065918605844143,0.0,0.6931471805599453,,,,,0.0,,,0.0,0.07582346641536084,0.6173237141445844,0.06733960002177507,0.6258075805381702,0.03931998699573867,0.6538271935642066,0.008180993429942633,0.6849661871300027,0.07833537265619592,0.6148118079037493,0.10187280905123526,0.5912743715087101,0.07755893281974462,0.6155882477402006,0.02751974391753072,0.6656274366424145,,,,,,,,,0.04439997445126343,0.6487472061086818,,,0.026810226302223183,0.6663369542577221,,,,,,,7.0,7.0,7.0,7.0,28.0,28.0,28.0,28.0,,,,,113.0,,113.0,,,,,,,,,,,,,,,,,,,,,,,,,,,,,,,0.22650408732534819,0.04794380098678227,0.0,0.04794380098678227,0.0,0.04794380098678227,0.0,,,,,,,,,,,,
q3_rho0.70_sensing_b3,3,0.7,sensing,3,10,0,40,cost0,direct,gru_direct-w4-l0.01-cap5,gru_direct-w4-l0.01-cap5|gru_direct-w4-l0.01-cap5|gru_direct-w4-l0.01-cap5|constant|gru_direct-w4-l0.01-cap5,0.20019338071697795,0.6354854726453779,0.625,0.20019338071697795,0.20087313706446497,0.23751950749347528,21.92918156257446,0.15741651879686003,0.23182688650920674,0.23191276157452415,0.21877872651384447,28.478450895550584,0.11004843707907525,0.2090789041759721,0.20938592559696323,0.23406389424574003,23.36142252976733,0.14656024511312604,0.20263473959736106,0.20319998232035066,0.2366353116144985,22.30417179414552,0.15452888712168336,-0.1708178945196209,0.4749851075330835,0.16158867513760244,0.0,0.6931471805599453,0.21552050446806392,0.6317212212952059,0.0732711040442801,0.67526101441858,0.0,113.0,113.0,0.4,,,,,,,,,,,,,,,,,,,,,,,,,,,,,,,,,,,,,,,,,,,,,,,,,,,,,,,,,,,,,,,,,,,,,,,,,,,,,,,,,,,,,,,,,,,,,,,,,,,,
q3_rho0.70_sensing_b3,3,0.7,sensing,3,10,0,40,cost0,main,linear-l0.01,flat-w4-l0.1|linear-l0.01|linear-l0.1|linear-l0.01|gru-w4-l0.01,0.30356843712100956,0.6319973646871546,0.6375,0.30356843712100956,0.30619788904228706,0.23279240860906433,28.00454088709054,0.0884844499172597,0.28252321257853125,0.285668675208229,0.2052908269446097,29.591799960245726,0.07877598089943587,0.29971964641624294,0.3024500876061053,0.22763083663103062,28.29102337170286,0.08668143300273319,0.3025859735412834,0.30524154205141074,0.23146794774455937,28.077397952432808,0.08802331539474822,-0.004983084016857345,0.6022544250576253,0.15722415916270693,0.0,0.6931471805599453,,,,,0.0,,,0.0,0.3561293909405251,0.6117311598005146,0.16175190814738236,0.6546602874479308,0.04505603529577374,0.6823102670514652,0.007417984305995906,0.691306573847973,-4.042162385630069,0.7031077366927102,-0.0027541265539333002,0.6601732813574166,0.09743970142381084,0.6708222002626651,0.032187236811755546,0.6853780743280373,0.24962772336974184,0.63789691266642,0.242139336532248,0.6413895984551784,0.16752900024020195,0.6502604507472343,0.14677958968599586,0.6533428199500911,0.2478292175155683,0.6283045107409164,0.19265135609807818,0.6413843597971013,0.007993312961380547,0.6912164089625227,0.0035885852799698082,0.6923056961322362,0.05512544096603504,0.6775951210909688,-0.002206217552192516,0.6936904463947566,7.0,7.0,7.0,7.0,28.0,28.0,28.0,28.0,141.0,281.0,141.0,281.0,113.0,321.0,113.0,321.0,113.0,113.0,,,,,,,,,,,,,,,,,,,,,,,,,,,,,,,,,,,,,,,,,,,,,,
q3_rho0.70_sensing_b3,3,0.7,sensing,3,10,0,40,cost0,mem1,gru-w4-l0.01-h1,gru-w4-l0.01-h1|gru-w4-l0.01-h1|gru-w4-l0.01-h1|constant-h1|gru-w4-l0.01-h1,0.0667507510779535,0.6757897225984488,0.575,0.0667507510779535,0.06711954755500354,0.03983739433432382,27.23352505488791,0.12167362838788051,0.08517582080552719,0.0864622364122479,0.035306697928115895,30.87488442260082,0.0968028412972817,0.07098051040475463,0.07150082245417863,0.03906774282436996,27.989635270886662,0.1165370533064116,0.06787142513159437,0.06827749890185716,0.03964329321295943,27.430395221738408,0.12033464492402847,-0.23616446773691294,0.3164229399876028,0.13999098656099826,,,,,,,,,,0.4,,,,,,,,,,,,,,,,,,,,,,,,,,,,,,,,,,,,,,,,,,,,,,,,,,,,,,,0.0,0.6931471805599453,0.08890921252339243,0.6703528991219471,0.005357468097242255,0.6918236160679803,0.0,116.0,116.0,,,,,,,,,,,,,,,,,,,,,,,,,,,,,,,,,,,,,
q3_rho0.70_sensing_b3,3,0.7,sensing,3,10,0,40,cost0,mem2,gru-w4-l0.01-h2,gru-w4-l0.01-h2|gru-w4-l0.01-h2|gru-w4-l0.01-h2|constant-h2|gru-w4-l0.01-h2,0.07739329208523806,0.6722559375098333,0.5625,0.07739329208523806,0.07765553344046479,0.05466619747324593,26.48256299734999,0.1259491059607906,0.0970643939715444,0.09821034230682311,0.04995153455113442,30.471595566643682,0.09867723875461698,0.08202282523940459,0.08242697416884107,0.05386103744752015,27.315193020498384,0.12024852623695888,0.07862531998699195,0.07892201852447567,0.054462973261382164,26.699492690690473,0.12445980324446555,-0.23554450497651575,0.33488414652151993,0.1440032301052032,,,,,,,,,,0.2,,,,,,,,,,,,,,,,,,,,,,,,,,,,,,,,,,,,,,,,,,,,,,,,,,,,,,,,,,,,,,,,0.0,0.6931471805599453,0.09617552520514248,0.6676034447263387,0.009809849852962427,0.6906819138570978,0.0,116.0,116.0,,,,,,,,,,,,,,,,,,,,,,,,,,,,
q3_rho0.70_sensing_b3,3,0.7,sensing,3,10,0,40,cost0,mem4,gru-w4-l0.01-h4,gru-w4-l0.01-h4|gru-w4-l0.01-h4|gru-w4-l0.01-h4|gru-w4-l0.01-h4|gru-w4-l0.01-h4,0.15815178241589595,0.6519071305400281,0.65,0.15815178241589595,0.15856828452409025,0.1295669676559447,25.540436821251607,0.13190493799499847,0.17801783529949558,0.17955900834330674,0.12352161465907985,29.946060082606827,0.1016862748249003,0.1630502895334935,0.1636602756086228,0.12852765802218533,26.46231671144618,0.12551245387126064,0.1594654003103271,0.15992960320298336,0.12930432794782634,25.780610477386894,0.13023120654930898,-0.1496650294102901,0.4038097722731849,0.14358852523342827,,,,,,,,,,0.2,,,,,,,,,,,,,,,,,,,,,,,,,,,,,,,,,,,,,,,,,,,,,,,,,,,,,,,,,,,,,,,,,,,,,,,,,0.0,0.6931471805599453,0.15815178241589595,0.6519071305400281,0.008921035947492629,0.6906497055609552,0.0,116.0,116.0,,,,,,,,,,,,,,,,,,,
q3_rho0.70_sensing_b3,3,0.7,sensing,3,1,0,40,cost0,main,linear-l0.1,linear-l0.1|linear-l0.1|linear-l0.1|flat-w4-l0.01|linear-l0.1,0.12328104181825301,0.6651406801110397,0.575,0.12328104181825301,0.12397215946662456,0.08656192719178259,36.40603983387955,0.04089803621722596,0.12134654267409051,0.12196452031032776,0.08660115956881528,36.5511204614401,0.04050214163330789,0.12298193482458837,0.12366054069891866,0.08659258811628193,36.43034052823895,0.040832961778593316,0.12320674637256332,0.12389470525754961,0.08657059531638242,36.412156109260906,0.0408817036227005,0.007508208986243917,0.2339453523476839,0.05889015660376732,0.0,0.6931471805599453,,,,,0.0,,,0.0,0.18433855803941798,0.6620719103959851,0.11722982687676528,0.6663744800659396,0.0408863339381522,0.6828502652722388,0.007952331804344001,0.6911515308016083,0.12164432332864612,0.6804864831272798,0.13179148583928807,0.667182090812067,0.0767559486935954,0.674562963763999,0.022026611205968584,0.687565952653314,0.1443398579639078,0.6655783953227361,0.14461209064338845,0.6657542968084307,0.013489686248058208,0.6898973268911066,0.008279375465093029,0.6913118334154589,0.005048219316582281,0.6926561931915292,-0.009434854837318693,0.6966656596216907,0.002014196003698443,0.6926481851278945,0.009480184530735134,0.6907277591898325,0.004954572244716493,0.6918554130610565,-0.00017884738326514883,0.6931913243149044,7.0,7.0,7.0,7.0,28.0,28.0,28.0,28.0,33.0,65.0,33.0,65.0,113.0,321.0,113.0,321.0,113.0,113.0,,,,,,,,,,,,,,,,,,,,,,,,,,,,,,,,,,,,,,,,,,,,,,
q3_rho0.70_sensing_b3,3,0.7,sensing,3,5,0,40,cost0,main,flat-w4-l0.01,flat-w4-l0.01|linear-l0.01|flat-w4-l0.1|constant|flat-w4-l0.01,0.032884251218566675,0.6918110450502484,0.55,0.032884251218566675,0.03442909494632333,-0.02167561609707321,33.59953084524148,0.07173812686705187,0.05466170091333631,0.05620054900138551,0.0002058338156423395,34.3866825689854,0.06652409123960802,0.03826571368670528,0.039811833907024266,-0.01631626857726008,33.74064090740715,0.0708098767825364,0.03434082135820107,0.035886089144887404,-0.020226393735169147,33.63541144015479,0.07150229120038021,-0.14450251612954743,0.19696854971694794,0.08915163118673605,0.0,0.6931471805599453,,,,,0.0,,,0.0,0.17102521905664073,0.6580053992417234,0.04282187126203336,0.6819253308734636,-0.0026180566980647272,0.6937552112862125,-0.0012070630530378074,0.6934481573263003,-0.11629816472746421,0.7228791527087031,0.025837259884501307,0.6844572416528782,-0.004490859827402502,0.6937087532900452,-0.0031625047395100413,0.6939071459961559,0.14949542881883918,0.6584027769650606,0.09743583477585412,0.6736686715136375,0.04070623229874127,0.682587572299959,0.03359369668310769,0.6844530577030635,0.12300816468923936,0.6626197970075471,0.014924916227220003,0.6868954038123638,-0.005868693800709768,0.6945918489990422,-0.012088551658999516,0.696265075588739,0.017786083020115508,0.6879908878738608,-0.0004989524166653242,0.6932705953845659,7.0,7.0,7.0,7.0,28.0,28.0,28.0,28.0,81.0,161.0,81.0,161.0,113.0,321.0,113.0,321.0,113.0,113.0,,,,,,,,,,,,,,,,,,,,,,,,,,,,,,,,,,,,,,,,,,,,,,
q3_rho0.70_sensing_b3,3,0.7,sensing,3,10,0,40,cost2,direct,gru_direct-w4-l0.1-cap5,gru_direct-w4-l0.1-cap5|gru_direct-w4-l0.1-cap5|gru_direct-w4-l0.01-cap5|gru_direct-w4-l0.1-cap5|gru_direct-w4-l0.01-cap5,0.9902834623932526,0.366370314537075,0.8875,0.9902834623932526,1.2418548422988551,1.8763463934028621,4.231185868234757,0.4292141416844007,1.3928874231858255,1.3936906753229146,1.3533399054322277,11.30092614604153,0.17061301688999297,1.2562542300522543,1.3488950886420106,1.7505503857793052,5.71087859749295,0.33858821741705375,1.0828628838841037,1.277285484263384,1.8422523242352296,4.610017604814773,0.40252566544360435,-1.0756162749710754,2.2813562675388064,0.8758369530156225,0.0,0.6931471805599453,1.1630540633781878,0.3424492213580017,1.200423799199338,0.38614116447266617,0.0,113.0,113.0,0.3,,,,,,,,,,,,,,,,,,,,,,,,,,,,,,,,,,,,,,,,,,,,,,,,,,,,,,,,,,,,,,,,,,,,,,,,,,,,,,,,,,,,,,,,,,,,,,,,,,,,
q3_rho0.70_sensing_b3,3,0.7,sensing,3,10,0,40,cost2,main,flat-w8-l0.01,flat-w8-l0.01|flat-w8-l0.01|linear-l0.01|quadratic-l0.1|gru-w4-l0.01,1.578617754483341,0.32094084632278097,0.875,1.578617754483341,1.5800365706278066,1.6328372321461173,2.0645407008088084,0.688445932646485,1.5233903089400271,1.6629197093785835,1.0837585227988455,8.422824476778926,0.288542093109175,1.6693117968590212,1.6898990609808635,1.4798831275186344,2.8111044125048066,0.5816352167015303,1.6159120414858266,1.6162697353846665,1.5894032363417088,2.2332474353971077,0.660001190780768,-0.2911169946256199,2.665795715850412,0.7882089216925813,0.0,0.6931471805599453,,,,,0.0,,,0.3,1.3558259859707218,0.37366099141482473,1.0852745343586712,0.4364892069360141,0.5487496170546399,0.5540819405987591,0.11057902349120426,0.6653249258366681,-0.44799475612873574,0.3118268451852134,1.5687876578583013,0.31818618659307474,1.1201950500800717,0.4202584161597347,0.3910801450479643,0.5936500317428453,1.230342638405493,0.37976847271223285,1.173211385683295,0.35850884248579584,1.1818639462709766,0.4207707515273865,1.2563304781608118,0.4053324247829219,1.4007100640129093,0.3506483328594324,1.6422438135486206,0.3185390570681156,0.737208270024377,0.49897445299974147,0.7524377015092489,0.4916512821616301,0.6432364371567122,0.5039756397157188,0.16319520851108088,0.6502453086495537,7.0,7.0,7.0,7.0,28.0,28.0,28.0,28.0,141.0,281.0,141.0,281.0,113.0,321.0,113.0,321.0,113.0,113.0,,,,,,,,,,,,,,,,,,,,,,,,,,,,,,,,,,,,,,,,,,,,,,
q3_rho0.70_sensing_b3,3,0.7,sensing,3,10,0,40,cost2,mem1,gru-w4-l0.01-h1,gru-w4-l0.01-h1|gru-w4-l0.01-h1|gru-w4-l0.01-h1|gru-w4-l0.01-h1|gru-w4-l0.01-h1,1.060129483315046,0.432320479947031,0.8,1.060129483315046,1.060134981519362,1.063449233124032,8.456728130813897,0.2730831439028994,1.0214889300094945,1.0328937746276385,0.8779657535727082,14.031827277579769,0.15436874322791008,1.0673058898627468,1.068179508835719,1.026086287009198,9.602993828155233,0.24166476044488275,1.0630458639498745,1.0630894739585133,1.0537357488641599,8.754540338273403,0.2644684266375032,0.33867564067612554,1.6566195952210374,0.3347982031052567,,,,,,,,,,0.9,,,,,,,,,,,,,,,,,,,,,,,,,,,,,,,,,,,,,,,,,,,,,,,,,,,,,,,0.0,0.6931471805599453,1.060129483315046,0.432320479947031,0.6612283955407865,0.5297818590003525,0.0,116.0,116.0,,,,,,,,,,,,,,,,,,,,,,,,,,,,,,,,,,,,,
q3_rho0.70_sensing_b3,3,0.7,sensing,3,10,0,40,cost2,mem2,gru-w4-l0.01-h2,gru-w4-l0.1-h2|gru-w4-l0.1-h2|gru-w4-l0.01-h2|gru-w4-l0.01-h2|gru-w4-l0.01-h2,0.8983622852168145,0.4459484310750167,0.8125,0.8983622852168145,0.9008146667642617,0.9700406730623149,7.298406735523531,0.31973265563975756,0.93328168422008,0.9432126098383455,0.7988909928301657,14.432920954635346,0.16258485412183615,0.9307578152372802,0.9307628889356907,0.9339466964925613,8.783642245843911,0.2753199829993401,0.9088432960747065,0.9101358924593905,0.9605534445112844,7.679886365379066,0.30738100886580694,0.10194877439446329,1.5034321018833325,0.3667809088311462,,,,,,,,,,1.0,,,,,,,,,,,,,,,,,,,,,,,,,,,,,,,,,,,,,,,,,,,,,,,,,,,,,,,,,,,,,,,,0.0,0.6931471805599453,1.1971189396176396,0.3998643739761188,0.826892855932757,0.48936461667309905,0.0,116.0,116.0,,,,,,,,,,,,,,,,,,,,,,,,,,,,
q3_rho0.70_sensing_b3,3,0.7,sensing,3,10,0,40,cost2,mem4,gru-w4-l0.01-h4,gru-w4-l0.01-h4|gru-w4-l0.1-h4|gru-w4-l0.01-h4|gru-w4-l0.01-h4|gru-w4-l0.01-h4,1.271282003493551,0.3919817716953665,0.8125,1.271282003493551,1.2717410197821144,1.3018878363034154,6.641375072786245,0.3371710123262608,1.1688930986326453,1.1843881349547498,1.0030280126232278,13.49951721302745,0.1693169938416583,1.2727769601080692,1.273494257484574,1.235377596784104,8.021802100446536,0.29003690856229336,1.2735640123151986,1.2736201937567388,1.2842016356414336,6.993995233532533,0.32409166250773985,0.4033584317259282,1.9070459546365723,0.3900372752249064,,,,,,,,,,0.8,,,,,,,,,,,,,,,,,,,,,,,,,,,,,,,,,,,,,,,,,,,,,,,,,,,,,,,,,,,,,,,,,,,,,,,,,0.0,0.6931471805599453,1.372862787386734,0.379000510834396,0.8291811865267193,0.4854306633607017,0.0,116.0,116.0,,,,,,,,,,,,,,,,,,,
q3_rho0.70_sensing_b3,3,0.7,sensing,3,1,0,40,cost2,main,linear-l0.1,linear-l0.1|linear-l0.01|linear-l0.01|linear-l0.1|linear-l0.1,0.022725854041073267,0.6895792167230305,0.4875,0.022725854041073267,0.022843335660694776,0.038132785628189704,32.64979476349614,0.0663477605312344,0.03077189015760573,0.03088061528930107,0.045590657353349315,33.51807216675859,0.06165552991973742,0.024537662085663638,0.024652807295895654,0.03978984518539182,32.80276834050863,0.06551467595606615,0.023205386436284937,0.02332222145125449,0.03856964479190237,32.68850618038792,0.06613627780729456,-0.19476940138699267,0.23726211603268102,0.10925560032488288,0.0,0.6931471805599453,,,,,0.0,,,0.02,0.09991542803195275,0.6722637603993744,0.0036798213435839944,0.6928734053955672,-0.005044287586301715,0.6945507562448776,-0.000377579595644123,0.6932450700584203,-0.025288233680561146,0.7433179847735273,-0.03761258703517525,0.7187186010561109,-0.03350841396933797,0.7040644547091119,-0.007918960021055285,0.6952441320154358,0.03604383616543856,0.687399842884121,0.003783982868066854,0.6982202165750904,-0.0027555269408937183,0.6938553385095856,-0.003654275091364981,0.6940756524095726,-0.021770800976440307,0.6984579993653082,-0.02928096426350559,0.7006115395805022,-0.0014063025403901585,0.6934961555630249,-0.001581224791354871,0.6935480531945609,-0.0033450304511187688,0.6939273018087969,-0.0006958990204365773,0.6933194112130152,7.0,7.0,7.0,7.0,28.0,28.0,28.0,28.0,33.0,65.0,33.0,65.0,113.0,321.0,113.0,321.0,113.0,113.0,,,,,,,,,,,,,,,,,,,,,,,,,,,,,,,,,,,,,,,,,,,,,,
q3_rho0.70_sensing_b3,3,0.7,sensing,3,5,0,40,cost2,main,linear-l0.01,flat-w4-l0.01|gru-w8-l0.01|linear-l0.01|linear-l0.01|gru-w4-l0.01,0.7832895303474305,0.45231486605011906,0.825,0.7832895303474305,0.8093183258756456,1.029123432507854,3.398731844133437,0.524711263216458,0.954283839556525,0.9883705321102536,0.7153960454585382,12.155587533736874,0.2094553261686469,0.9188458154398523,0.9193359969156094,0.9504842003802878,4.8123383232727095,0.4263828745189395,0.8307871564045053,0.8447930051544006,1.0076186976783816,3.732537786588744,0.49704116332386383,-0.7836209535201463,1.8370260386620636,0.7086294580803083,0.0,0.6931471805599453,,,,,0.0,,,0.16,0.7816833383234417,0.509604847882341,0.3825471448005599,0.600165318102831,0.12842528536459114,0.6609027608450235,0.022836856784765686,0.6874298603888593,0.6260555027862552,0.4640723651265172,0.8484879589960922,0.49757838226617646,0.47016867008542623,0.5803625586042873,0.13137504854985554,0.6602396897312761,0.8617730885820867,0.4501553245071966,0.3230015955158791,0.45049064946349276,0.4527771268547808,0.5781817555069674,0.4776860048914746,0.572409889484103,0.9859849537064511,0.417583538221287,0.8168232239310281,0.3912995916265032,0.1095260203704799,0.6650060575586302,0.11919960917150033,0.6623820658140567,0.1849083142402094,0.6338522897191536,0.009981530848868252,0.6906682261055292,7.0,7.0,7.0,7.0,28.0,28.0,28.0,28.0,81.0,161.0,81.0,161.0,113.0,321.0,113.0,321.0,113.0,113.0,,,,,,,,,,,,,,,,,,,,,,,,,,,,,,,,,,,,,,,,,,,,,,
q3_rho0.70_sensing_b3,3,0.7,sensing,3,10,0,40,endpoint,main,quadratic-l0.1,quadratic-l1|quadratic-l0.1|quadratic-l0.1|quadratic-l0.1|quadratic-l0.1,0.1468274251736731,0.5463197553862722,0.75,,,,,,,,,,,,,,,,,,,,,0.06796857361480271,0.22769242247991817,0.04153946966507797,0.0,0.6931471805599453,,,,,0.0,,,0.6,0.09267844158781653,0.6004687389721288,0.09431106771892644,0.5988361128410189,0.05529087834283482,0.6378563022171104,0.009379673854805894,0.6837675067051394,0.18136229011665436,0.5117848904432909,0.17112448041497816,0.5220227001449672,0.09989975896938715,0.5932474215905581,0.020810628065446996,0.6723365524944983,,,,,,,,,,,,,,,,,,,,,3.0,3.0,3.0,3.0,6.0,6.0,6.0,6.0,,,,,,,,,,,,,,,,,,,,,,,,,,,,,,,,,,,,,,0.18490661604081254,0.1468274251736731,0.0,0.1468274251736731,0.0,0.1468274251736731,0.0,0.1514870301602303,0.5416601503997149,0.15678414776945646,0.5363630327904888,0.09615186101894375,0.5969953195410016,0.09377900307249806,0.5993681774874473,17.0,33.0,17.0,33.0
q3_rho0.70_sensing_b3,3,0.7,sensing,3,1,0,40,endpoint,main,mlp-w4-l0.1,mlp-w4-l0.1|linear-l1|linear-l0.1|mlp-w4-l0.1|linear-l0.1,-0.004635242335394377,0.6977824228953396,0.6,,,,,,,,,,,,,,,,,,,,,-0.01823146233187256,0.006564621044705425,0.006336197912273386,0.0,0.6931471805599453,,,,,0.0,,,0.0,-0.007312809831894408,0.7004599903918397,-0.004555046696035138,0.6977022272559804,-0.0016926590999979119,0.6948398396599432,-0.00020701782764753486,0.6933541983875928,-0.0860119661624773,0.7791591467224226,-0.030044763213716442,0.7231919437736616,-0.004727927726649523,0.6978751082865948,-0.0005065816929846187,0.6936537622529299,,,,,,,,,,,,,,,,,,,,,3.0,3.0,3.0,3.0,6.0,6.0,6.0,6.0,,,,,,,,,,,,,,,,,,,,,,,,,,,,,,,,,,,,,,0.25215056007499514,-0.004635242335394377,0.0,-0.004635242335394377,0.0,-0.004635242335394377,0.0,-0.00399536118090216,0.6971425417408474,-0.007924505283067755,0.701071685843013,-0.00022077511673812,0.6933679556766833,-0.0008781103468763221,0.6940252909068216,17.0,33.0,17.0,33.0
q3_rho0.70_sensing_b3,3,0.7,sensing,3,2,0,40,endpoint,main,quadratic-l0.1,constant|mlp-w4-l0.01|quadratic-l0.1|linear-l0.1|quadratic-l0.1,-0.013480599548489939,0.7066277801084352,0.5375,,,,,,,,,,,,,,,,,,,,,-0.04449217099016585,0.014622582776525323,0.01512258391067386,0.0,0.6931471805599453,,,,,0.0,,,0.05,-0.010339352785489319,0.7034865333454347,-0.0026147274023803116,0.6957619079623256,0.0022641113115345725,0.6908830692484107,0.0005360722888254468,0.6926111082711198,0.00789164397635321,0.6852555365835921,0.010536872610718704,0.6826103079492265,0.006379778304373937,0.6867674022555714,0.0018330926596541897,0.6913140879002911,,,,,,,,,,,,,,,,,,,,,3.0,3.0,3.0,3.0,6.0,6.0,6.0,6.0,,,,,,,,,,,,,,,,,,,,,,,,,,,,,,,,,,,,,,0.2560153544193028,-0.013480599548489939,0.0,-0.013480599548489939,0.0,-0.013480599548489939,0.0,-0.007127702198590558,0.7002748827585359,-0.003774485397761872,0.6969216659577071,0.00769290706619592,0.6854542734937494,0.0023970426480178554,0.6907501379119274,17.0,33.0,17.0,33.0
q3_rho0.70_sensing_b3,3,0.7,sensing,3,3,0,40,endpoint,main,quadratic-l0.01,quadratic-l0.01|quadratic-l0.01|quadratic-l0.1|quadratic-l0.1|quadratic-l0.01,0.06954956332638529,0.62359761723356,0.6625,,,,,,,,,,,,,,,,,,,,,0.00989550883841696,0.12806901185289216,0.03017201648054601,0.0,0.6931471805599453,,,,,0.0,,,0.3,0.011028554099183541,0.6821186264607617,0.007903918067724645,0.6852432624922207,0.007485293237683019,0.6856618873222622,0.001418886536388518,0.6917282940235567,0.05811692746312565,0.6350302530968197,0.04832618829192385,0.6448209922680215,0.02341509886915229,0.669732081690793,0.005224758837578891,0.6879224217223664,,,,,,,,,,,,,,,,,,,,,3.0,3.0,3.0,3.0,6.0,6.0,6.0,6.0,,,,,,,,,,,,,,,,,,,,,,,,,,,,,,,,,,,,,,0.21723972767813526,0.06954956332638529,0.0,0.06954956332638529,0.0,0.06954956332638529,0.0,0.01753650521723337,0.6756106753427119,0.04940901771375366,0.6437381628461916,0.014555899219188715,0.6785912813407566,0.005584752921369339,0.687562427638576,17.0,33.0,17.0,33.0
q3_rho0.70_sensing_b3,3,0.7,sensing,3,4,0,40,endpoint,main,linear-l0.1,linear-l0.01|linear-l0.1|mlp-w4-l0.01|linear-l0.1|quadratic-l0.01,-0.00043054218504725157,0.6935777227449925,0.5875,,,,,,,,,,,,,,,,,,,,,-0.04221780964258914,0.03956529587614993,0.02061153966239724,0.0,0.6931471805599453,,,,,0.0,,,0.1,0.006447199156502626,0.6866999814034427,0.005688580532009525,0.6874586000279358,0.006017913174229618,0.6871292673857157,0.0011637119849874978,0.6919834685749577,0.014168363933436096,0.6789788166265092,0.01645433281220598,0.6766928477477393,0.013651625780925306,0.67949555477902,0.003441616823725556,0.6897055637362197,,,,,,,,,,,,,,,,,,,,,3.0,3.0,3.0,3.0,6.0,6.0,6.0,6.0,,,,,,,,,,,,,,,,,,,,,,,,,,,,,,,,,,,,,,0.24886268485389743,-0.00043054218504725157,0.0,-0.00043054218504725157,0.0,-0.00043054218504725157,0.0,0.009484283780201221,0.683662896779744,0.008998166260081864,0.6841490142998634,0.011985972132886524,0.6811612084270589,0.00484056607448876,0.6883066144854565,17.0,33.0,17.0,33.0
q3_rho0.70_sensing_b3,3,0.7,sensing,3,5,0,40,endpoint,main,quadratic-l1,quadratic-l1|linear-l0.1|quadratic-l1|quadratic-l1|quadratic-l0.1,0.01789884325330442,0.6752483373066409,0.65,,,,,,,,,,,,,,,,,,,,,-0.01565231012758053,0.05392859390898191,0.017666349621443873,0.0,0.6931471805599453,,,,,0.0,,,0.05,0.005637774700178811,0.6875094058597665,0.00691083177133973,0.6862363487886055,0.00749486268338057,0.6856523178765647,0.0014473900611877422,0.6916997904987576,0.036177268980476955,0.6569699115794683,0.037673943242925764,0.6554732373170195,0.023484122866293013,0.6696630576936522,0.0052703291764447865,0.6878768513835005,,,,,,,,,,,,,,,,,,,,,3.0,3.0,3.0,3.0,6.0,6.0,6.0,6.0,,,,,,,,,,,,,,,,,,,,,,,,,,,,,,,,,,,,,,0.2406381995906898,0.01789884325330442,0.0,0.01789884325330442,0.0,0.01789884325330442,0.0,0.0229645124771464,0.6701826680827988,0.027942147366222247,0.665205033193723,0.016695317502105317,0.6764518630578399,0.0031097361010844248,0.6900374444588608,17.0,33.0,17.0,33.0
q3_rho0.70_sensing_b3,3,0.7,sensing,3,6,0,40,endpoint,main,quadratic-l0.1,mlp-w8-l0.01|quadratic-l0.1|quadratic-l0.1|quadratic-l1|quadratic-l0.1,0.040833353089092535,0.6523138274708529,0.65,,,,,,,,,,,,,,,,,,,,,-0.009915716478569161,0.09115578685539459,0.02600960285300609,0.0,0.6931471805599453,,,,,0.0,,,0.0,0.0076151904835832,0.6855319900763621,0.01120528894607423,0.6819418916138711,0.009548639655099316,0.683598540904846,0.0017643207375131434,0.6913828598224321,0.025392903870205912,0.6677542766897393,0.032468650086227416,0.6606785304737178,0.023823158725453354,0.6693240218344919,0.0054159867287354,0.6877311938312098,,,,,,,,,,,,,,,,,,,,,3.0,3.0,3.0,3.0,6.0,6.0,6.0,6.0,,,,,,,,,,,,,,,,,,,,,,,,,,,,,,,,,,,,,,0.22949133810346364,0.040833353089092535,0.0,0.040833353089092535,0.0,0.040833353089092535,0.0,0.020569590191701688,0.6725775903682436,0.02719298214271989,0.6659541984172254,0.01861776863822409,0.6745294119217212,0.005956210476653114,0.6871909700832921,17.0,33.0,17.0,33.0
q3_rho0.70_sensing_b3,3,0.7,sensing,3,7,0,40,endpoint,main,mlp-w4-l0.01,mlp-w4-l0.01|mlp-w4-l0.01|mlp-w8-l0.01|quadratic-l0.1|quadratic-l1,0.06627509116483835,0.626872089395107,0.6875,,,,,,,,,,,,,,,,,,,,,-0.003364802600223638,0.1304879364014375,0.03423647915836086,0.0,0.6931471805599453,,,,,0.0,,,0.25,0.02071531209381492,0.6724318684661303,0.022786973166706463,0.6703602073932389,0.015709252023301305,0.677437928536644,0.002768813026160273,0.690378367533785,0.07536479891071678,0.6177823816492285,0.07086246340067308,0.6222847171592722,0.04041359161647211,0.6527335889434731,0.008268391335477071,0.6848787892244682,,,,,,,,,,,,,,,,,,,,,3.0,3.0,3.0,3.0,6.0,6.0,6.0,6.0,,,,,,,,,,,,,,,,,,,,,,,,,,,,,,,,,,,,,,0.2183117267693273,0.06627509116483835,0.0,0.06627509116483835,0.0,0.06627509116483835,0.0,0.05351769402949672,0.6396294865304485,0.07613023435020776,0.6170169462097375,0.01909786763091655,0.6740493129290287,0.014619706550394487,0.6785274740095508,17.0,33.0,17.0,33.0
q3_rho0.70_sensing_b3,3,0.7,sensing,3,8,0,40,endpoint,main,quadratic-l1,quadratic-l1|quadratic-l0.1|quadratic-l0.1|quadratic-l1|quadratic-l1,0.09984412149726311,0.5933030590626822,0.7125,,,,,,,,,,,,,,,,,,,,,0.038167383759244854,0.16103624623375346,0.031957228610450125,0.0,0.6931471805599453,,,,,0.0,,,0.25,0.06500754410650833,0.628139636453437,0.06933927940513705,0.6238079011548082,0.043152186055822175,0.6499949945041232,0.007420245760607529,0.6857269347993378,0.14790455623896778,0.5452426243209775,0.14486446965136948,0.5482827109085757,0.08749564713683475,0.6056515334231105,0.018403229364417927,0.6747439511955273,,,,,,,,,,,,,,,,,,,,,3.0,3.0,3.0,3.0,6.0,6.0,6.0,6.0,,,,,,,,,,,,,,,,,,,,,,,,,,,,,,,,,,,,,,0.2026818103550161,0.09984412149726311,0.0,0.09984412149726311,0.0,0.09984412149726311,0.0,0.13129978038566179,0.5618474001742835,0.12159824177567331,0.5715489387842719,0.0639097384537604,0.6292374421061849,0.06983598818922178,0.6233111923707235,17.0,33.0,17.0,33.0
q3_rho0.70_sensing_b3,3,0.7,sensing,3,9,0,40,endpoint,main,linear-l0.1,quadratic-l1|linear-l0.1|quadratic-l0.1|linear-l0.1|quadratic-l0.1,0.09659494250252207,0.5965522380574233,0.725,,,,,,,,,,,,,,,,,,,,,0.0029228817627132064,0.18640662272814623,0.04631895663258324,0.0,0.6931471805599453,,,,,0.0,,,0.3,0.08524765330262139,0.607899527257324,0.08811739353067875,0.6050297870292665,0.052627167770634475,0.6405200127893108,0.00896938878690499,0.6841777917730403,0.15769622200785705,0.5354509585520882,0.15056465232254287,0.5425825282374024,0.09183991048327979,0.6013072700766655,0.019472752407785114,0.67367442815216,,,,,,,,,,,,,,,,,,,,,3.0,3.0,3.0,3.0,6.0,6.0,6.0,6.0,,,,,,,,,,,,,,,,,,,,,,,,,,,,,,,,,,,,,,0.20385133605744307,0.09659494250252207,0.0,0.09659494250252207,0.0,0.09659494250252207,0.0,0.13580658503002704,0.5573405955299182,0.13450298524804336,0.5586441953119019,0.09030731543127517,0.60283986512867,0.08811927028327751,0.6050279102766678,17.0,33.0,17.0,33.0
q3_rho0.70_sensing_b3,3,0.7,sensing,3,10,0,40,mixture,diag,linear-l0.01,linear-l0.1|linear-l0.01|linear-l0.01|gru-w4-l0.01|linear-l0.01,0.7283608094915308,0.5407811296560949,0.74375,0.7283608094915308,0.7283692111354128,0.7324655938526485,9.378396634907155,0.28884808936911555,0.7104030750754167,0.7219501758101717,0.56603389615712,18.34980962699907,0.15717593695926727,0.7388660565555052,0.7397971798881908,0.696330804163495,11.19706414844922,0.25323410227845883,0.7321723514834468,0.7322154720539789,0.7229144654068314,9.841504047350243,0.27904197102848854,-0.032210961034757186,1.206559383742883,0.327714290491443,0.0,0.6931471805599453,,,,,0.0,,,0.0,0.896266032881669,0.5166076625544708,0.5444287142800195,0.5742968923132382,0.22815630500754222,0.6382216018420737,0.04267463414634348,0.682527012889301,-0.5845102852439761,0.5190654611411671,0.7146006944053672,0.5327856071524254,0.49020416675434075,0.5839946244139035,0.16082239567951548,0.6537194409091077,,,,,,,,,0.9854647537237474,0.48366439540964734,,,0.25169348912059986,0.6325591515264529,,,,,,,7.0,7.0,7.0,7.0,28.0,28.0,28.0,28.0,,,,,113.0,,113.0,,,,,,,,,,,,,,,,,,,,,,,,,,,,,,,,,,,,,,,,,,,,,,,,,
q3_rho0.70_sensing_b3,3,0.7,sensing,3,1,0,40,mixture,diag,linear-l0.01,linear-l0.01|linear-l0.1|constant|linear-l1|linear-l0.01,0.048861407406832785,0.6826417839641696,0.5375,0.048861407406832785,0.04889836555394163,0.05748352239456263,36.28978072550132,0.05589085982608037,0.04781176720863932,0.04784230754706361,0.055647553456025976,36.559269935389416,0.053632651962605665,0.04867464010081669,0.04871040208397953,0.05715568250898323,36.33638984160965,0.05550360296908096,0.04881392848458858,0.04885058059918723,0.05740016954320604,36.30156906765546,0.05579304372844467,-0.060208158680389305,0.15006274775369394,0.05316501283968306,0.0,0.6931471805599453,,,,,0.0,,,0.0,0.1723195377463893,0.6576749577431346,0.07348743113817166,0.6760206859512774,0.02221144006301679,0.6875547666859573,0.004460717353932104,0.6920280031085599,0.16154862080311622,0.6647668277608302,0.09661065184064044,0.6725295136865415,0.03125001042480484,0.6861710562860538,0.007781321819927306,0.6912345390088825,,,,,,,,,0.005721851624792556,0.6912426068704873,,,-0.0003322827831292258,0.6932287441290488,,,,,,,7.0,7.0,7.0,7.0,28.0,28.0,28.0,28.0,,,,,113.0,,113.0,,,,,,,,,,,,,,,,,,,,,,,,,,,,,,,,,,,,,,,,,,,,,,,,,
q3_rho0.70_sensing_b3,3,0.7,sensing,3,5,0,40,mixture,diag,linear-l0.1,linear-l0.1|gru-w4-l0.01|linear-l0.1|quadratic-l0.01|gru-w4-l0.01,0.3530310899873026,0.5924813897901603,0.675,0.3530310899873026,0.353049604914759,0.35912865562071594,8.696437881507865,0.3148533822872373,0.441005541591826,0.4539992103132656,0.2883432070138273,20.38354700473528,0.16270522877312416,0.38949951417418943,0.390667317855495,0.34194677240550553,10.849042755580609,0.272867166659772,0.3639310587829165,0.3639767208187715,0.35440511297558974,9.231414510109486,0.3032478908829054,-0.31795767684353854,0.8368944141812773,0.30221126808710513,0.0,0.6931471805599453,,,,,0.0,,,0.1,0.46386329504726,0.5917065967906898,0.19976593788792624,0.6450141865906948,0.0493325830404079,0.6809627768417389,0.007483137912371943,0.6912794582404269,0.424203252046712,0.5786862340195069,0.4237794180204622,0.5933808146992238,0.19816598203794217,0.6458747530787188,0.04864713153212521,0.6810942121351781,,,,,,,,,0.3376670945715533,0.5833562982476479,,,0.01767209571717683,0.6887687018626287,,,,,,,7.0,7.0,7.0,7.0,28.0,28.0,28.0,28.0,,,,,113.0,,113.0,,,,,,,,,,,,,,,,,,,,,,,,,,,,,,,,,,,,,,,,,,,,,,,,,
q3_rho0.70_sensing_b3,3,0.7,sensing,3,10,0,40,pathinfo,diag,gru-w4-l0.01,quadratic-l1|gru-w4-l0.01|gru-w4-l0.01|quadratic-l1|gru-w4-l0.01,0.1905226469704818,0.5026245335894635,0.7625,,,,,,,,,,,,,,,,,,,,,0.10899590165147871,0.2682048253003226,0.04058409428822616,0.0,0.6931471805599453,,,,,0.0,,,0.4,0.08399444295672918,0.6091527376032161,0.09538726593182312,0.5977599146281223,0.06284355648617793,0.6303036240737674,0.013448282593586224,0.679698897966359,0.1421361998494986,0.5510109807104466,0.18413508279067545,0.5090120977692698,0.15265204409814193,0.5404951364618034,0.05320278926094348,0.6399443912990018,,,,,,,,,0.19775869143600244,0.49538848912394284,,,0.07334469730788806,0.6198024832520572,,,,,,,7.0,7.0,7.0,7.0,28.0,28.0,28.0,28.0,,,,,113.0,,113.0,,,,,,,,,,,,,,,,,,,,,,,,,,,,,,,0.16735391341862443,0.1905226469704818,0.0,0.1905226469704818,0.0,0.1905226469704818,0.0,,,,,,,,,,,,
q3_rho0.70_sensing_b3,3,0.7,sensing,3,1,0,40,pathinfo,diag,constant,constant|constant|linear-l1|constant|constant,-0.003929562027622674,0.697076742587568,0.4875,,,,,,,,,,,,,,,,,,,,,-0.01064483077431695,0.0012077056293518375,0.002965387739321585,0.0,0.6931471805599453,,,,,0.0,,,0.0,-0.013493426348193222,0.7066406069081385,-0.007801278034910808,0.7009484585948561,-0.002759346697960863,0.6959065272579061,-0.00040549210531188457,0.6935526726652572,-0.12262863848150421,0.8157758190414495,-0.06449351397943175,0.7576406945393771,-0.014968555240537857,0.708115735800483,-0.0016272876192178806,0.6947744681791631,,,,,,,,,-0.001561282638360717,0.694708463198306,,,-0.00038442254275936337,0.6935316031027047,,,,,,,7.0,7.0,7.0,7.0,28.0,28.0,28.0,28.0,,,,,113.0,,113.0,,,,,,,,,,,,,,,,,,,,,,,,,,,,,,,0.25195020551645453,-0.003929562027622674,0.0,-0.003929562027622674,0.0,-0.003929562027622674,0.0,,,,,,,,,,,,
q3_rho0.70_sensing_b3,3,0.7,sensing,3,5,0,40,pathinfo,diag,quadratic-l1,quadratic-l1|linear-l0.1|quadratic-l1|linear-l0.1|quadratic-l1,0.02277518875105354,0.6703719918088917,0.5875,,,,,,,,,,,,,,,,,,,,,-0.02879643060062627,0.06938984414215497,0.025001618765309302,0.0,0.6931471805599453,,,,,0.0,,,0.0,0.01418437377481987,0.6789628067851254,0.016224101311985074,0.6769230792479602,0.011627292669191495,0.6815198878907538,0.0027278877958118856,0.6904192927641334,0.003796828502027372,0.6893503520579178,0.04664653654927733,0.646500644010668,0.042534824537810115,0.6506123560221352,0.014494720114009225,0.6786524604459361,,,,,,,,,0.0189596278563587,0.6741875527035865,,,0.007731388765995653,0.6854157917939496,,,,,,,7.0,7.0,7.0,7.0,28.0,28.0,28.0,28.0,,,,,113.0,,113.0,,,,,,,,,,,,,,,,,,,,,,,,,,,,,,,0.23797979191013,0.02277518875105354,0.0,0.02277518875105354,0.0,0.02277518875105354,0.0,,,,,,,,,,,,
q3_rho1.00_always_b12,3,1.0,always,12,10,0,40,cost0,direct,gru_direct-w4-l0.1-cap5,gru_direct-w4-l0.1-cap5|gru_direct-w4-l0.1-cap5|gru_direct-w4-l0.1-cap5|gru_direct-w4-l0.1-cap5|gru_direct-w4-l0.1-cap5,1.8455173014364674,0.20216707913639484,0.9625,1.8455173014364674,2.178453015300596,2.897030854686162,1.9981971401730194,0.6523678520247416,2.1532408959906517,2.2973838598951866,1.707797545235918,5.567330673181439,0.30954793071387693,2.3219709789377205,2.3479280678605403,2.5674412713957957,2.4790666744672905,0.5492261099008253,2.0414781182967725,2.2374979090775,2.8045629018220466,2.1201231261748337,0.6229341755736018,-1.302042301798772,3.806402931050433,1.3667882658296404,0.0,0.6931471805599453,1.7868776271915245,0.20701217173548958,1.8455173014364674,0.20216707913639484,0.0,113.0,113.0,0.6,,,,,,,,,,,,,,,,,,,,,,,,,,,,,,,,,,,,,,,,,,,,,,,,,,,,,,,,,,,,,,,,,,,,,,,,,,,,,,,,,,,,,,,,,,,,,,,,,,,,
q3_rho1.00_always_b12,3,1.0,always,12,10,0,40,cost0,main,quadratic-l0.1,linear-l0.01|quadratic-l0.1|quadratic-l0.1|quadratic-l0.1|quadratic-l0.1,-10.55041645032715,0.20790229628525858,0.95,-10.55041645032715,0.433605414777666,3.1193973116931657,1.0453682804454598,0.9779023522300233,2.131319845192008,2.3419031952754557,1.6144649510649587,4.55264330802956,0.3796901173447638,1.4862601171045426,1.8395402753732024,2.57711172739587,1.347892601297439,0.854847229490202,-3.2480939390524335,0.969644976581086,2.942405626506646,1.0931843499619778,0.9558132445996246,-39.22030145715799,4.096678293232756,13.90972677237477,0.0,0.6931471805599453,,,,,0.0,,,0.66,-10.462816233990598,0.22687354343881236,1.0067956305892496,0.2686702972020151,1.0063567197359138,0.45242354371001775,0.20163932582593436,0.6430209199367646,3.0279198286425766,0.15511643387169277,3.3998327037317173,0.15761910117371392,2.064516444748461,0.2627320850374271,0.7158102343295435,0.5185926887197102,2.426463238324161,0.19227747670452727,0.37707138582175864,0.19649283077658217,2.295854719143692,0.2166408655951999,2.1703658362578713,0.2075837189321308,2.376233730562858,0.18123246175516844,1.6997273706374394,0.2004944212921751,1.8990918190132788,0.2729928875023776,1.8640085918731324,0.2609316549462722,1.8613355207007665,0.31716278152679844,0.8319090930291878,0.4919516979014671,7.0,7.0,7.0,7.0,28.0,28.0,28.0,28.0,141.0,281.0,141.0,281.0,113.0,321.0,113.0,321.0,113.0,113.0,,,,,,,,,,,,,,,,,,,,,,,,,,,,,,,,,,,,,,,,,,,,,,
q3_rho1.00_always_b12,3,1.0,always,12,10,0,40,cost0,mem1,gru-w4-l0.01-h1,gru-w4-l0.01-h1|gru-w4-l0.01-h1|gru-w4-l0.01-h1|gru-w4-l0.01-h1|gru-w4-l0.01-h1,2.3055778987007773,0.20318243645363165,0.95,2.3055778987007773,2.3144733226890146,2.1780587458425904,2.5121883372426796,0.48186401278229163,1.9936093311613512,2.2113153127506617,1.4701835927457407,5.297496074154684,0.3096674214690649,2.286903960326651,2.336073608448291,2.0051996811187522,2.7930456688383574,0.4486297468776899,2.3052099581171333,2.3223779562873674,2.131174393680126,2.576663119976962,0.47334423674823645,1.2086773903210932,3.1812369860167116,0.5172947416150812,,,,,,,,,,1.0,,,,,,,,,,,,,,,,,,,,,,,,,,,,,,,,,,,,,,,,,,,,,,,,,,,,,,,0.0,0.6931471805599453,2.3055778987007773,0.20318243645363165,1.3873062925813582,0.36899970521564346,0.0,116.0,116.0,,,,,,,,,,,,,,,,,,,,,,,,,,,,,,,,,,,,,
q3_rho1.00_always_b12,3,1.0,always,12,10,0,40,cost0,mem2,gru-w4-l0.01-h2,gru-w4-l0.01-h2|gru-w4-l0.01-h2|gru-w4-l0.01-h2|gru-w4-l0.01-h2|gru-w4-l0.01-h2,2.3953091875161525,0.1732968687098667,0.95,2.3953091875161525,2.3953093638589227,2.3959031784204954,2.2573087532245215,0.5294308811046027,2.099132694368591,2.3259172796551617,1.5675750460281879,4.77673113357267,0.329295383838138,2.41009558071889,2.4393541017135463,2.187292233643144,2.4876590764592863,0.4898261271414805,2.407610395823865,2.410087089914133,2.3388714390050556,2.309691094088837,0.5191119575162587,1.0646755985645042,3.4123093365412562,0.620915300393252,,,,,,,,,,1.0,,,,,,,,,,,,,,,,,,,,,,,,,,,,,,,,,,,,,,,,,,,,,,,,,,,,,,,,,,,,,,,,0.0,0.6931471805599453,2.3953091875161525,0.1732968687098667,1.6983666751233764,0.3066703201628337,0.0,116.0,116.0,,,,,,,,,,,,,,,,,,,,,,,,,,,,
q3_rho1.00_always_b12,3,1.0,always,12,10,0,40,cost0,mem4,gru-w4-l0.01-h4,gru-w4-l0.01-h4|gru-w4-l0.01-h4|gru-w4-l0.01-h4|gru-w4-l0.01-h4|gru-w4-l0.01-h4,2.5871362438469054,0.16928554296460013,0.95,2.5871362438469054,2.5964544944796795,2.4567608710214133,2.332693343375834,0.4720762525053367,2.11690868297422,2.354518976653896,1.5759891060441393,4.84612826173411,0.3198333027094545,2.5253447289520894,2.579778838311785,2.2306397639298807,2.5526005961429035,0.4489186572208171,2.5748581597587834,2.5933604477209165,2.394624420560741,2.3813540405161855,0.4665382938325743,1.4193800961414202,3.4929635465544084,0.5389398725336899,,,,,,,,,,0.9,,,,,,,,,,,,,,,,,,,,,,,,,,,,,,,,,,,,,,,,,,,,,,,,,,,,,,,,,,,,,,,,,,,,,,,,,0.0,0.6931471805599453,2.5871362438469054,0.16928554296460013,1.9405657661962512,0.2675280484587051,0.0,116.0,116.0,,,,,,,,,,,,,,,,,,,
q3_rho1.00_always_b12,3,1.0,always,12,1,0,40,cost0,main,quadratic-l0.1,quadratic-l0.1|quadratic-l0.1|quadratic-l0.01|quadratic-l0.1|quadratic-l0.1,0.2895628969232494,0.5865493693556922,0.675,0.2895628969232494,0.32240611034057054,0.5682039362782924,9.770338390818406,0.26137273009013434,0.41666306150458465,0.4171692432216024,0.4488190660992514,18.47160554246643,0.13548094965339147,0.3382970362560541,0.35636853788169465,0.5406439269298687,11.603033492763343,0.22533617307283918,0.3040536249213635,0.3322713504062972,0.5607877117757484,10.24423696659915,0.2512991745310643,-0.5397634201240128,0.8937780955376717,0.37522948343503637,0.0,0.6931471805599453,,,,,0.0,,,0.32,0.034415236937890614,0.6662747642172606,-5.191965344928384e-05,0.6903502857747977,-0.004538975421941404,0.6940318596080262,-0.0008163444335341802,0.6933445611798061,-0.6422920349741288,0.5847196116476412,0.2092965297469241,0.5989545933571138,0.15621217439241714,0.6485157564835276,0.03927104428477517,0.6830980604378236,0.13450153866301387,0.6476243312175898,0.27978340646556427,0.5938747409419769,-0.0021473944265093916,0.6936085333484417,-0.007775486920408229,0.6949275220552467,0.23955679874496205,0.6326960930438632,0.25793052250030485,0.6269432944376891,-0.0006895464417033842,0.6933164091572414,-0.0005301358124038535,0.6932800481140264,0.004174007045286171,0.6920791432404196,-0.000493345151624347,0.693269039143441,7.0,7.0,7.0,7.0,28.0,28.0,28.0,28.0,33.0,65.0,33.0,65.0,113.0,321.0,113.0,321.0,113.0,113.0,,,,,,,,,,,,,,,,,,,,,,,,,,,,,,,,,,,,,,,,,,,,,,
q3_rho1.00_always_b12,3,1.0,always,12,5,0,40,cost0,main,quadratic-l0.1,quadratic-l0.01|quadratic-l0.1|quadratic-l0.1|quadratic-l0.1|quadratic-l0.01,2.035287296592886,0.2864001820129579,0.925,2.035287296592886,2.2606695001266948,2.86462167096053,1.495473767640398,0.8126122043812919,1.7926431568977996,1.9485554106341882,1.3329648831449656,6.621902070501989,0.3199960443475669,2.185050524000472,2.1872080045805027,2.2521850130878667,2.0713731967031137,0.6794257529499471,2.116196161057065,2.2256567769529028,2.6597335928826893,1.6208308463977235,0.7782617274373406,-1.1685202102339183,4.0189112264048115,1.4213431733633102,0.0,0.6931471805599453,,,,,0.0,,,0.56,0.31993616503214817,0.3720489534663049,0.46643047185413433,0.45534274604624114,0.44160831133385336,0.5778372868042816,0.0927692357389549,0.6699445943974706,3.8519010616335847,0.2496551365345443,2.330896384525148,0.2890157275800312,1.2404133054430975,0.41845123569704423,0.3902912379135401,0.5967516611636616,1.893847791178344,0.3337830334645733,3.102384396467836,0.26652321700961706,1.2008732904390562,0.4005790896583446,1.3008448364262453,0.3879617048803095,1.524774646537389,0.3348425328945243,2.111694110247336,0.2906893575288192,0.6897149883276542,0.5155450627964347,0.6464382492520723,0.5167640925976535,0.7893905677765579,0.5159891416228428,0.14611934505880728,0.655908920607387,7.0,7.0,7.0,7.0,28.0,28.0,28.0,28.0,81.0,161.0,81.0,161.0,113.0,321.0,113.0,321.0,113.0,113.0,,,,,,,,,,,,,,,,,,,,,,,,,,,,,,,,,,,,,,,,,,,,,,
q3_rho1.00_always_b12,3,1.0,always,12,10,0,40,cost2,direct,gru_direct-w4-l0.1-cap5,gru_direct-w4-l0.1-cap5|gru_direct-w4-l0.1-cap5|gru_direct-w4-l0.1-cap5|gru_direct-w4-l0.1-cap5|gru_direct-w4-l0.1-cap5,1.7232812801191393,0.20502891275383678,0.975,1.7232812801191393,2.0953245019168594,2.8498202750911164,1.9359285035276017,0.6755627738203419,2.1414274864069216,2.275359062487051,1.7090363571104987,5.834804257952447,0.30392496756662646,2.2640107539651946,2.2948367172787356,2.5332708331413274,2.482501469659635,0.5606159815443463,1.9457837520420973,2.164733385750983,2.760861920636462,2.073302863198099,0.6428627364911633,-1.627416553885324,3.7471086984956665,1.471140675587854,0.0,0.6931471805599453,1.8851626351265502,0.1606683053021541,1.7232812801191393,0.20502891275383678,0.0,113.0,113.0,0.5,,,,,,,,,,,,,,,,,,,,,,,,,,,,,,,,,,,,,,,,,,,,,,,,,,,,,,,,,,,,,,,,,,,,,,,,,,,,,,,,,,,,,,,,,,,,,,,,,,,,
q3_rho1.00_always_b12,3,1.0,always,12,10,0,40,cost2,main,quadratic-l0.1,linear-l0.01|quadratic-l0.1|quadratic-l0.01|quadratic-l0.1|quadratic-l0.01,-5.828522484625875,0.15675736870378296,0.975,-5.828522484625875,1.5642099714774758,3.940922971652377,1.0378826825923098,0.9814613318350707,2.290422518994856,2.5491280363969464,1.7322165597484098,4.245091717008984,0.4141998984973874,2.211018399969494,2.4413205239711933,3.051166678506749,1.2510872044232004,0.8902396230633621,-1.1099686134454436,1.8954939363420902,3.64567476736991,1.072229060357808,0.9653254152057015,-27.21874415300507,5.146163808917453,10.405223970204073,0.0,0.6931471805599453,,,,,0.0,,,0.66,-6.229052261663251,0.20004960275394312,2.0773281395622782,0.2285335722965791,1.1553953559728982,0.4223395445352066,0.22934653603669028,0.6361146219734508,5.239724129729553,0.08740888832532974,3.659325996508484,0.12243418765214428,2.2362032180198965,0.23360538279031023,0.7821496391503336,0.5024504791364939,2.540736613509985,0.16730052260677852,0.6030402646540816,0.1742193205086498,2.373822880320561,0.20230211659878106,2.339604112131288,0.19003265648241233,2.6080146008026355,0.14749067346372274,1.8745131672898316,0.12676646015841683,2.0515853972722424,0.2522282629838915,2.1045787472004576,0.23777886627768097,1.8752163822001027,0.3028131487073858,0.944877986914959,0.47282403584801697,7.0,7.0,7.0,7.0,28.0,28.0,28.0,28.0,141.0,281.0,141.0,281.0,113.0,321.0,113.0,321.0,113.0,113.0,,,,,,,,,,,,,,,,,,,,,,,,,,,,,,,,,,,,,,,,,,,,,,
q3_rho1.00_always_b12,3,1.0,always,12,10,0,40,cost2,mem1,gru-w4-l0.01-h1,gru-w4-l0.01-h1|gru-w4-l0.01-h1|gru-w4-l0.01-h1|gru-w4-l0.01-h1|gru-w4-l0.01-h1,2.4457755340378755,0.1747574168382478,0.9625,2.4457755340378755,2.4630061995050845,2.2714428607358332,2.3737153794751937,0.5258433331093849,2.0687915476218754,2.3049772273996636,1.52908399835701,5.0697301956378205,0.32278471304427364,2.4076526638426246,2.472483790532963,2.089426508871481,2.6453425276260685,0.4839975572987301,2.439885112877603,2.4677352437209223,2.2220660287599925,2.436667843902645,0.5149246773525876,1.3184656147460478,3.2750115779590048,0.5160593197432222,,,,,,,,,,1.0,,,,,,,,,,,,,,,,,,,,,,,,,,,,,,,,,,,,,,,,,,,,,,,,,,,,,,,0.0,0.6931471805599453,2.4457755340378755,0.1747574168382478,1.5573427575159333,0.3348066994122109,0.0,116.0,116.0,,,,,,,,,,,,,,,,,,,,,,,,,,,,,,,,,,,,,
q3_rho1.00_always_b12,3,1.0,always,12,10,0,40,cost2,mem2,gru-w4-l0.01-h2,gru-w4-l0.01-h2|gru-w4-l0.01-h2|gru-w4-l0.01-h2|gru-w4-l0.01-h2|gru-w4-l0.01-h2,2.441161194698198,0.16111929950123544,0.975,2.441161194698198,2.4413013742874763,2.4245105874654556,2.2669380729060506,0.49219128845869664,2.1238810262638133,2.35521570499248,1.5883455012728702,4.699082372906005,0.3267779316910658,2.444611814629652,2.4768229062154696,2.2118008205012947,2.4721281338057546,0.46538119202563494,2.449648977926605,2.4533336709720466,2.366242536298823,2.3120337985614077,0.48559785038415354,1.0522575365770033,3.442855314789741,0.6299880271795771,,,,,,,,,,0.9,,,,,,,,,,,,,,,,,,,,,,,,,,,,,,,,,,,,,,,,,,,,,,,,,,,,,,,,,,,,,,,,0.0,0.6931471805599453,2.441161194698198,0.16111929950123544,1.8508982409418215,0.2830502257494435,0.0,116.0,116.0,,,,,,,,,,,,,,,,,,,,,,,,,,,,
q3_rho1.00_always_b12,3,1.0,always,12,10,0,40,cost2,mem4,gru-w4-l0.01-h4,gru-w4-l0.01-h4|gru-w4-l0.01-h4|gru-w4-l0.01-h4|gru-w4-l0.01-h4|gru-w4-l0.01-h4,2.769382486071391,0.14262674982398968,0.9625,2.769382486071391,2.80669356873155,2.5204987750891847,2.1912402963748527,0.5658115293426963,2.1930851049557227,2.4576528230006343,1.6302826227122964,4.763246249604661,0.338329066391903,2.667220484774061,2.762284365991289,2.2921200863275524,2.4360201586432586,0.5198134912876927,2.744852598425512,2.796149340438251,2.457795756508054,2.247596718695793,0.5538925922561678,1.6980080795111292,3.5519983515701057,0.4936531851939225,,,,,,,,,,0.9,,,,,,,,,,,,,,,,,,,,,,,,,,,,,,,,,,,,,,,,,,,,,,,,,,,,,,,,,,,,,,,,,,,,,,,,,0.0,0.6931471805599453,2.769382486071391,0.14262674982398968,2.0627464771314523,0.250569878933416,0.0,116.0,116.0,,,,,,,,,,,,,,,,,,,
q3_rho1.00_always_b12,3,1.0,always,12,1,0,40,cost2,main,linear-l0.01,linear-l0.01|linear-l0.01|linear-l0.01|quadratic-l0.1|linear-l0.01,-0.2278885821792241,0.7078300638231566,0.6,-0.2278885821792241,-0.18960390321065176,0.07491345457428825,15.596405047509036,0.16821450722076428,-0.056603324573111194,-0.048472824900693934,0.07639226022550305,22.46872914549195,0.10824820748218068,-0.18485100054202988,-0.15595164387294305,0.0752026789714336,17.013210100704637,0.1532007957623081,-0.21618110583056677,-0.18056017546262038,0.07498762783374015,15.964397586881688,0.1641429688018679,-0.83560378816817,0.26412676130392343,0.2876479730147217,0.0,0.6931471805599453,,,,,0.0,,,0.26,-0.1670378787758749,0.6855059371119188,-0.010836892595013881,0.6870888134711024,0.005232225103437285,0.6912829969928008,0.0016030873654837602,0.6927345791983711,-2.6259149531756294,0.7649835259922386,-0.24363352471175376,0.6818961054658199,0.05362429157310518,0.6730294150462225,0.024800789557561882,0.6866929881775712,-0.24855158994476118,0.7040428518403482,-0.47756029492425994,0.7226442548717636,-0.005472085073648064,0.6940751541595482,-0.010572634785957874,0.695073940642581,-0.06700460023750825,0.6971415698719656,-0.2571674443466983,0.7164455148917633,-0.00018555678981239666,0.693190733384408,-0.0008344724882027865,0.6933553698848103,0.0007021566294039217,0.6929501954769555,-0.0003323390207297383,0.6932292108151339,7.0,7.0,7.0,7.0,28.0,28.0,28.0,28.0,33.0,65.0,33.0,65.0,113.0,321.0,113.0,321.0,113.0,113.0,,,,,,,,,,,,,,,,,,,,,,,,,,,,,,,,,,,,,,,,,,,,,,
q3_rho1.00_always_b12,3,1.0,always,12,5,0,40,cost2,main,quadratic-l0.1,quadratic-l0.01|quadratic-l0.1|quadratic-l0.1|quadratic-l0.01|quadratic-l0.1,3.35907246937835,0.21170223473245162,0.925,3.35907246937835,3.4218089660465507,3.0453810726923325,2.2447771626497497,0.656291973848387,2.017731330877138,2.2462591782524886,1.4846421296561227,7.427279116953596,0.3205864658607125,2.8724504888992413,2.9923787167356926,2.4591695616066795,2.8262257734141603,0.5777172331511861,3.2000955668026783,3.278061377747163,2.8553885747481162,2.3786462617046684,0.6358032768081194,2.2045476888003814,4.233592394882852,0.518439775326525,0.0,0.6931471805599453,,,,,0.0,,,0.7,1.228457718025385,0.3452100337170163,1.0675274098669356,0.4104002078310251,0.5757465167588237,0.5506067195520448,0.11565817303094036,0.6643128755009291,3.767265223344509,0.22393375596868728,2.642561345274646,0.25519500498478187,1.4202819724315572,0.3902756798900598,0.45616520004845656,0.5814579681891061,1.808698962463937,0.29232541789773564,2.756654054508993,0.24427446658110644,1.3235572083656486,0.3703708426640137,1.4322413918745238,0.3574540252501904,1.3072299200835367,0.3179611617765866,2.7081283177516786,0.22510650071996324,0.8131685382940155,0.4929159745342667,0.7803371058634128,0.49285394248455694,0.705851179962743,0.5329009057279508,0.21395314436287297,0.639547925905618,7.0,7.0,7.0,7.0,28.0,28.0,28.0,28.0,81.0,161.0,81.0,161.0,113.0,321.0,113.0,321.0,113.0,113.0,,,,,,,,,,,,,,,,,,,,,,,,,,,,,,,,,,,,,,,,,,,,,,
q3_rho1.00_always_b12,3,1.0,always,12,10,0,40,endpoint,main,linear-l0.1,linear-l1|linear-l0.1|linear-l1|linear-l0.1|linear-l0.1,0.024854722393970557,0.6682924581659748,0.625,,,,,,,,,,,,,,,,,,,,,0.0004924147238533559,0.047456073423208796,0.012033887759363902,0.0,0.6931471805599453,,,,,0.0,,,0.0,0.025843295110069026,0.6673038854498763,0.026073725989907304,0.667073454570038,0.015748430149561156,0.6773987504103841,0.002690437270409954,0.6904567432895353,0.006021447796793997,0.6871257327631513,0.012961608031184976,0.6801855725287602,0.017243548303204997,0.6759036322567402,0.004585035766165882,0.6885621447937794,,,,,,,,,,,,,,,,,,,,,3.0,3.0,3.0,3.0,6.0,6.0,6.0,6.0,,,,,,,,,,,,,,,,,,,,,,,,,,,,,,,,,,,,,,0.23787470344506026,0.024854722393970557,0.0,0.024854722393970557,0.0,0.024854722393970557,0.0,0.023036999597842982,0.6701101809621022,0.022919352500549668,0.6702278280593956,0.01929266793669406,0.6738545126232511,0.01567798525560552,0.6774691953043398,17.0,33.0,17.0,33.0
q3_rho1.00_always_b12,3,1.0,always,12,1,0,40,endpoint,main,quadratic-l0.1,quadratic-l0.1|quadratic-l0.1|constant|linear-l1|quadratic-l0.1,-0.00922914243177186,0.7023763229917172,0.4625,,,,,,,,,,,,,,,,,,,,,-0.019460604620756168,0.0014411378689237794,0.005374986932113192,0.0,0.6931471805599453,,,,,0.0,,,0.0,-0.014737143509342071,0.7078843240692873,-0.006429388438961195,0.6995765689989064,-0.001166236391848137,0.6943134169517934,-7.755932661597936e-05,0.6932247398865613,-0.01924532473089469,0.71239250529084,-0.006890002500333697,0.700037183060279,-0.00253637283048395,0.6956835533904293,-0.00036357218625676646,0.693510752746202,,,,,,,,,,,,,,,,,,,,,3.0,3.0,3.0,3.0,6.0,6.0,6.0,6.0,,,,,,,,,,,,,,,,,,,,,,,,,,,,,,,,,,,,,,0.2547216038180733,-0.00922914243177186,0.0,-0.00922914243177186,0.0,-0.00922914243177186,0.0,-0.0047771960801009416,0.6979243766400463,-0.013744208840967725,0.706891389400913,-0.0036268880370317657,0.6967740685969771,-0.0015066018699459686,0.6946537824298913,17.0,33.0,17.0,33.0
q3_rho1.00_always_b12,3,1.0,always,12,2,0,40,endpoint,main,constant,constant|constant|linear-l1|linear-l1|mlp-w4-l0.1,-0.002375426741977654,0.695522607301923,0.475,,,,,,,,,,,,,,,,,,,,,-0.009040075598240459,0.0034174858154514373,0.0032470646830150014,0.0,0.6931471805599453,,,,,0.0,,,0.0,-0.012427698803258785,0.7055748793632041,-0.003061977784067678,0.6962091583440129,-4.8717455450950074e-05,0.6931958980153963,6.467010989585353e-05,0.6930825104500494,-0.052717553993997836,0.7458647345539431,-0.023079560550042132,0.7162267411099874,-0.0036296362354209357,0.6967768167953662,-0.00018963221242951356,0.6933368127723748,,,,,,,,,,,,,,,,,,,,,3.0,3.0,3.0,3.0,6.0,6.0,6.0,6.0,,,,,,,,,,,,,,,,,,,,,,,,,,,,,,,,,,,,,,0.2511932771284572,-0.002375426741977654,0.0,-0.002375426741977654,0.0,-0.002375426741977654,0.0,-0.0013244904388686044,0.6944716709988139,-0.0005613763491204085,0.6937085569090657,-0.00011234910984112001,0.6932595296697863,-0.0006870375300995462,0.6938342180900448,17.0,33.0,17.0,33.0
q3_rho1.00_always_b12,3,1.0,always,12,3,0,40,endpoint,main,mlp-w4-l0.1,mlp-w4-l0.1|mlp-w4-l0.01|constant|mlp-w4-l0.1|mlp-w4-l0.01,-0.0006467104689036288,0.6937938910288489,0.575,,,,,,,,,,,,,,,,,,,,,-0.009811822606144143,0.00780749291982621,0.004524705280578141,0.0,0.6931471805599453,,,,,0.0,,,0.0,-0.004104743818602358,0.6972519243785478,-0.0006566117406269695,0.6938037923005722,0.000572831249847118,0.6925743493100981,0.0001421219250080194,0.6930050586349372,-0.018430080019157278,0.7115772605791025,-0.0069201293397278315,0.7000673098996731,-0.000563796882851468,0.6937109774427968,0.0001584592394476711,0.6929887213204976,,,,,,,,,,,,,,,,,,,,,3.0,3.0,3.0,3.0,6.0,6.0,6.0,6.0,,,,,,,,,,,,,,,,,,,,,,,,,,,,,,,,,,,,,,0.25029519836343694,-0.0006467104689036288,0.0,-0.0006467104689036288,0.0,-0.0006467104689036288,0.0,0.0014865642432002253,0.6916606163167451,0.00030793768260902463,0.6928392428773362,0.0016174112539594511,0.6915297693059859,0.0009080791189054777,0.6922391014410398,17.0,33.0,17.0,33.0
q3_rho1.00_always_b12,3,1.0,always,12,4,0,40,endpoint,main,mlp-w4-l0.1,mlp-w4-l0.1|constant|linear-l1|mlp-w4-l0.1|linear-l1,0.001877924178246408,0.6912692563816989,0.5125,,,,,,,,,,,,,,,,,,,,,-0.0073310598168426465,0.01116068868022111,0.004661743079846964,0.0,0.6931471805599453,,,,,0.0,,,0.0,0.00019029781373539056,0.6929568827462099,0.0025364991195072316,0.690610681440438,0.0029270524614688474,0.6902201280984764,0.0005689706223308249,0.6925782099376144,-0.00539462588931037,0.6985418064492557,-0.0002829469210198415,0.6934301274809651,0.003037753990279382,0.6901094265696659,0.0010110249839212105,0.692136155576024,,,,,,,,,,,,,,,,,,,,,3.0,3.0,3.0,3.0,6.0,6.0,6.0,6.0,,,,,,,,,,,,,,,,,,,,,,,,,,,,,,,,,,,,,,0.2490607725864648,0.001877924178246408,0.0,0.001877924178246408,0.0,0.001877924178246408,0.0,0.0027356602383289902,0.6904115203216163,-0.0009496344721975983,0.6940968150321429,0.006099192215896522,0.6870479883440488,0.0008212855142977427,0.6923258950456475,17.0,33.0,17.0,33.0
q3_rho1.00_always_b12,3,1.0,always,12,5,0,40,endpoint,main,linear-l0.1,constant|linear-l0.1|linear-l1|linear-l0.1|linear-l0.1,0.003357707387246412,0.6897894731726988,0.5625,,,,,,,,,,,,,,,,,,,,,-0.013945466987184508,0.019544127138342124,0.008460363035103351,0.0,0.6931471805599453,,,,,0.0,,,0.0,0.00822411265455134,0.6849230679053939,0.00935509151334959,0.6837920890465957,0.00621209157543526,0.68693508898451,0.0010872096627068755,0.6920599708972384,0.007181366425969299,0.6859658141339761,0.01173039761902326,0.6814167829409221,0.008388325500835243,0.6847588550591099,0.0019724665421483227,0.6911747140177968,,,,,,,,,,,,,,,,,,,,,3.0,3.0,3.0,3.0,6.0,6.0,6.0,6.0,,,,,,,,,,,,,,,,,,,,,,,,,,,,,,,,,,,,,,0.24832699481774578,0.003357707387246412,0.0,0.003357707387246412,0.0,0.003357707387246412,0.0,0.00735155428591712,0.6857956262740281,0.0060390852756413566,0.6871080952843039,0.009511747246119959,0.6836354333138253,0.005172525508140893,0.6879746550518043,17.0,33.0,17.0,33.0
q3_rho1.00_always_b12,3,1.0,always,12,6,0,40,endpoint,main,linear-l1,linear-l1|quadratic-l0.01|linear-l0.1|linear-l1|linear-l0.1,0.014282021214532542,0.6788651593454127,0.5875,,,,,,,,,,,,,,,,,,,,,-0.011108229584693765,0.0397857692005265,0.013375875277162731,0.0,0.6931471805599453,,,,,0.0,,,0.05,0.022337927424957615,0.6708092531349876,0.019853826487150054,0.6732933540727952,0.012466841035884663,0.6806803395240606,0.0021578010517478903,0.6909893795081974,0.018219077698366754,0.6749281028615786,0.013859979139677337,0.6792872014202679,0.015122738868373864,0.6780244416915714,0.0037773272989040487,0.6893698532610413,,,,,,,,,,,,,,,,,,,,,3.0,3.0,3.0,3.0,6.0,6.0,6.0,6.0,,,,,,,,,,,,,,,,,,,,,,,,,,,,,,,,,,,,,,0.24269023508682425,0.014282021214532542,0.0,0.014282021214532542,0.0,0.014282021214532542,0.0,0.01493082168785968,0.6782163588720855,0.014272737052624648,0.6788744435073205,0.015632584119215382,0.6775145964407299,0.012383481394032681,0.6807636991659126,17.0,33.0,17.0,33.0
q3_rho1.00_always_b12,3,1.0,always,12,7,0,40,endpoint,main,linear-l0.1,linear-l0.1|quadratic-l0.01|linear-l1|quadratic-l0.1|mlp-w4-l0.01,0.0047738873949254995,0.6883732931650197,0.5875,,,,,,,,,,,,,,,,,,,,,-0.028287550963146373,0.035870646252977346,0.01644902368992173,0.0,0.6931471805599453,,,,,0.0,,,0.1,0.019090789153610354,0.6740563914063349,0.019122247904405698,0.6740249326555395,0.012442489726217223,0.6807046908337281,0.0021717043179174,0.6909754762420279,0.011960980016164245,0.6811862005437811,0.01458403869526056,0.6785631418646847,0.015743768481397896,0.6774034120785475,0.0038482493908034874,0.6892989311691419,,,,,,,,,,,,,,,,,,,,,3.0,3.0,3.0,3.0,6.0,6.0,6.0,6.0,,,,,,,,,,,,,,,,,,,,,,,,,,,,,,,,,,,,,,0.2476223037356428,0.0047738873949254995,0.0,0.0047738873949254995,0.0,0.0047738873949254995,0.0,0.004245368021997863,0.6889018125379474,0.0033283091133433224,0.689818871446602,0.015090147794962039,0.6780570327649833,0.011621033392886526,0.6815261471670587,17.0,33.0,17.0,33.0
q3_rho1.00_always_b12,3,1.0,always,12,8,0,40,endpoint,main,quadratic-l1,quadratic-l1|linear-l0.1|linear-l1|quadratic-l1|linear-l1,0.004129064709390905,0.6890181158505544,0.5375,,,,,,,,,,,,,,,,,,,,,-0.010672663598769876,0.018997658201627732,0.007520729068615861,0.0,0.6931471805599453,,,,,0.0,,,0.0,0.00795649904110055,0.6851906815188447,0.0086524454052179,0.6844947351547275,0.005704940204296562,0.6874422403556487,0.000997052106731007,0.6921501284532143,-0.0064309254356199564,0.6995781059955652,0.002449882973244566,0.6906972975867006,0.008154520962871947,0.6849926595970733,0.002119106515272659,0.6910280740446726,,,,,,,,,,,,,,,,,,,,,3.0,3.0,3.0,3.0,6.0,6.0,6.0,6.0,,,,,,,,,,,,,,,,,,,,,,,,,,,,,,,,,,,,,,0.2479864977651868,0.004129064709390905,0.0,0.004129064709390905,0.0,0.004129064709390905,0.0,0.00568342519239754,0.6874637553675477,0.0030309674949588203,0.6901162130649865,0.0084708878910149,0.6846762926689303,0.005077943615594586,0.6880692369443506,17.0,33.0,17.0,33.0
q3_rho1.00_always_b12,3,1.0,always,12,9,0,40,endpoint,main,constant,constant|linear-l1|constant|linear-l0.1|linear-l1,-0.0016926488599584364,0.6948398294199036,0.525,,,,,,,,,,,,,,,,,,,,,-0.02189301258068337,0.014414642404627451,0.009469056922922077,0.0,0.6931471805599453,,,,,0.0,,,0.0,0.007009810278741926,0.6861373702812033,0.008310754485491352,0.6848364260744539,0.006437930154550115,0.6867092504053952,0.0011696194605081618,0.6919775610994371,0.00262859608707905,0.6905185844728663,0.005285663433157814,0.6878615171267874,0.007904060032347504,0.6852431205275977,0.0021512058471843524,0.690995974712761,,,,,,,,,,,,,,,,,,,,,3.0,3.0,3.0,3.0,6.0,6.0,6.0,6.0,,,,,,,,,,,,,,,,,,,,,,,,,,,,,,,,,,,,,,0.250793296759736,-0.0016926488599584364,0.0,-0.0016926488599584364,0.0,-0.0016926488599584364,0.0,0.0024015287902406576,0.6907456517697046,0.0030539824273692904,0.690093198132576,0.00913324493120279,0.6840139356287425,0.0037448006633137147,0.6894023798966316,17.0,33.0,17.0,33.0
q3_rho1.00_always_b12,3,1.0,always,12,10,0,40,mixture,diag,quadratic-l0.1,linear-l0.01|quadratic-l0.1|quadratic-l0.1|quadratic-l0.1|quadratic-l0.1,-9.09958094082608,0.18924453455351645,0.9625,-9.09958094082608,0.6236180712691861,3.212272981937759,1.041781447600328,0.9796087142217417,2.18264971323203,2.4096064548380953,1.6509403960124724,4.4594137480165665,0.39146185794901156,1.6508446364043323,1.959731209463456,2.654908021450369,1.3093246713246705,0.8687529995999921,-2.6697039510145997,1.1321012362456084,3.034894926860922,1.0840555752055856,0.9599465194580171,-35.21265765672358,4.200673627669697,12.693518985135436,0.0,0.6931471805599453,,,,,0.0,,,1.0,-8.86246307838569,0.21264197738815369,1.6415496024493987,0.24858673406800919,1.0984257735711989,0.43472456982332197,0.2213251018968309,0.6381501443439463,4.486855771328056,0.11956924528586557,3.575030830484868,0.13697265004387885,2.18052890848451,0.2440753780480433,0.7705016172901547,0.5053299037128701,,,,,,,,,2.4494640577608036,0.16496384648963291,,,1.9023344655359318,0.27590408572454467,,,,,,,7.0,7.0,7.0,7.0,28.0,28.0,28.0,28.0,,,,,113.0,,113.0,,,,,,,,,,,,,,,,,,,,,,,,,,,,,,,,,,,,,,,,,,,,,,,,,
q3_rho1.00_always_b12,3,1.0,always,12,1,0,40,mixture,diag,quadratic-l0.1,quadratic-l0.1|quadratic-l0.1|linear-l0.01|quadratic-l0.1|quadratic-l0.1,-0.040619972878990926,0.6537036766965543,0.7,-0.040619972878990926,0.003248861127547187,0.28552531672898107,11.348811341257045,0.24732794149985038,0.15546126242337568,0.15955831293491238,0.24873425996211349,21.186636431716302,0.12728236543006194,0.021412795174156462,0.04943788725079007,0.27720254327649146,13.555290470953267,0.21263655117161664,-0.02271461684015068,0.016319038661282093,0.28329684829116636,11.922748976710672,0.23760914331193736,-0.8022503590815234,0.47358540674193295,0.3435635858194107,0.0,0.6931471805599453,,,,,0.0,,,0.5,-0.029172229964363305,0.6702504503007655,0.00016072056776224032,0.6874909312386177,0.0017065662837644879,0.692278698045711,0.0006354532800270762,0.6929773074275711,-0.7499600826238446,0.6541958829430715,0.016413109531982207,0.6393783775399424,0.10887058264947277,0.6602169622579163,0.03407778602509255,0.684383974070802,,,,,,,,,0.13833466543191406,0.6561398302810953,,,-0.0003559897348221236,0.6932329897624291,,,,,,,7.0,7.0,7.0,7.0,28.0,28.0,28.0,28.0,,,,,113.0,,113.0,,,,,,,,,,,,,,,,,,,,,,,,,,,,,,,,,,,,,,,,,,,,,,,,,
q3_rho1.00_always_b12,3,1.0,always,12,5,0,40,mixture,diag,quadratic-l0.01,quadratic-l0.01|quadratic-l0.1|quadratic-l0.1|quadratic-l0.01|quadratic-l0.01,2.751284188777575,0.254814213522571,0.9125,2.751284188777575,2.8852959823069524,3.361933180576164,1.8125402306182852,0.7230804898283851,1.9101081119923147,2.046493203080108,1.4745171403757453,6.411013113194011,0.3009042348512702,2.534282655248325,2.5354848078465335,2.5841210586436056,2.427574796917818,0.6017317186024327,2.6858244765403114,2.7527717410120034,3.0976681880748993,1.9576120974027438,0.6901101717392673,-0.040739664870925237,4.462193106786107,1.1993417509613493,0.0,0.6931471805599453,,,,,0.0,,,0.7,0.7623162660520357,0.3600574764942138,0.7932569317985393,0.43399523613923724,0.510495403671823,0.564241171399172,0.10498760188969766,0.6669450426520279,4.046381112929557,0.24008587959487473,2.4796554662021757,0.27188494184476447,1.338972831850802,0.40226200170377646,0.4297591442053073,0.5874877662270224,,,,,,,,,1.725547062273185,0.31197781727259166,,,0.7109416931725134,0.5119889973674294,,,,,,,7.0,7.0,7.0,7.0,28.0,28.0,28.0,28.0,,,,,113.0,,113.0,,,,,,,,,,,,,,,,,,,,,,,,,,,,,,,,,,,,,,,,,,,,,,,,,
q3_rho1.00_always_b12,3,1.0,always,12,10,0,40,pathinfo,diag,linear-l1,linear-l1|linear-l1|linear-l10|linear-l1|linear-l1,0.01450343660155325,0.6786437439583921,0.625,,,,,,,,,,,,,,,,,,,,,0.0023392100415887103,0.02699074077056418,0.006476219077129409,0.0,0.6931471805599453,,,,,0.0,,,0.0,0.028249701049530895,0.6648974795104143,0.03344474037213651,0.6597024401878088,0.018626223068653865,0.6745209574912915,0.003772246735476474,0.6893749338244687,-0.021963806451718738,0.715110987011664,0.02117397705520193,0.6719732035047434,0.029675510661231363,0.663471669898714,0.011526618200604898,0.6816205623593404,,,,,,,,,0.01571724712033682,0.6774299334396084,,,0.010493208584108722,0.6826539719758365,,,,,,,7.0,7.0,7.0,7.0,28.0,28.0,28.0,28.0,,,,,113.0,,113.0,,,,,,,,,,,,,,,,,,,,,,,,,,,,,,,0.24281209548623414,0.01450343660155325,0.0,0.01450343660155325,0.0,0.01450343660155325,0.0,,,,,,,,,,,,
q3_rho1.00_always_b12,3,1.0,always,12,1,0,40,pathinfo,diag,linear-l1,linear-l1|quadratic-l1|constant|linear-l1|quadratic-l0.1,-0.018881862137460535,0.7120290426974059,0.4875,,,,,,,,,,,,,,,,,,,,,-0.03549431565754259,-0.0055682916377141735,0.007725105442366124,0.0,0.6931471805599453,,,,,0.0,,,0.0,-0.02629347199084216,0.7194406525507875,-0.010099042122790176,0.7032462226827355,-0.002092181254507454,0.6952393618144528,-0.00017093494237362393,0.6933181155023189,-0.04825753848060505,0.7414047190405503,-0.019186097531481164,0.7123332780914264,-0.007802693082871468,0.7009498736428167,-0.0015807430149764351,0.6947279235749216,,,,,,,,,-0.00415653892737258,0.6973037194873177,,,-0.0002700157404543102,0.6934171963003997,,,,,,,7.0,7.0,7.0,7.0,28.0,28.0,28.0,28.0,,,,,113.0,,113.0,,,,,,,,,,,,,,,,,,,,,,,,,,,,,,,0.259155045657287,-0.018881862137460535,0.0,-0.018881862137460535,0.0,-0.018881862137460535,0.0,,,,,,,,,,,,
q3_rho1.00_always_b12,3,1.0,always,12,5,0,40,pathinfo,diag,linear-l1,gru-w4-l0.1|linear-l1|constant|constant|linear-l1,0.0022858723702393847,0.6908613081897059,0.55,,,,,,,,,,,,,,,,,,,,,-0.005432347095888226,0.009904013360350104,0.003904496639620748,0.0,0.6931471805599453,,,,,0.0,,,0.0,-0.0016786140939522311,0.6948257946538975,0.009964214055316414,0.683182966504629,0.00686103701556953,0.6862861435443758,0.0014639780953979678,0.6916832024645473,-0.05136116348574908,0.7445083440456942,-0.011937197196939928,0.7050843777568853,0.00881235965635627,0.684334820903589,0.004247142041869732,0.6889000385180755,,,,,,,,,0.003502063239907236,0.6896451173200381,,,0.002543144232791393,0.690604036327154,,,,,,,7.0,7.0,7.0,7.0,28.0,28.0,28.0,28.0,,,,,113.0,,113.0,,,,,,,,,,,,,,,,,,,,,,,,,,,,,,,0.24885258839714464,0.0022858723702393847,0.0,0.0022858723702393847,0.0,0.0022858723702393847,0.0,,,,,,,,,,,,
q3_rho1.00_always_b3,3,1.0,always,3,10,0,40,cost0,direct,gru_direct-w4-l0.1-cap5,gru_direct-w4-l0.1-cap5|gru_direct-w4-l0.1-cap5|gru_direct-w4-l0.01-cap5|gru_direct-w4-l0.01-cap5|gru_direct-w4-l0.1-cap5,-0.5403284331800566,0.36348885511835954,0.8875,-0.5403284331800566,0.9074441135352114,2.2362670520377237,2.5485129460284175,0.44274114225028804,1.560264484223537,1.5793450102669162,1.3774237638663975,9.03399519089475,0.21312341990817554,1.0071635608488603,1.3065157871033144,1.9921054012846688,3.2653279621002884,0.38911856091975044,0.07788678880461361,1.0388829168665104,2.166655430531933,2.7017418889562665,0.4296099566272522,-5.469146260397201,2.8571328986422624,2.2239132540365922,0.0,0.6931471805599453,-0.6106262238234018,0.369934871194044,-0.30773522014234234,0.3597795204642166,0.0,113.0,113.0,0.5,,,,,,,,,,,,,,,,,,,,,,,,,,,,,,,,,,,,,,,,,,,,,,,,,,,,,,,,,,,,,,,,,,,,,,,,,,,,,,,,,,,,,,,,,,,,,,,,,,,,
q3_rho1.00_always_b3,3,1.0,always,3,10,0,40,cost0,main,flat-w4-l0.01,flat-w4-l0.01|flat-w4-l0.01|flat-w4-l0.01|flat-w4-l0.01|flat-w4-l0.1,-0.10213297840645837,0.34979296871456944,0.8875,-0.10213297840645837,0.846089558768929,1.9677188571791553,2.791915274679323,0.4164529406715107,1.4719408137140153,1.5144823186839351,1.2078952519671848,6.773714209810585,0.2324658534010435,0.9555871401238492,1.1666897974187955,1.7530859408313735,3.3642980129551545,0.37082918667252285,0.2965379154121058,0.9474138643145709,1.9069045480644633,2.929583999146464,0.40452541740259573,-3.865663587885344,2.648733020202663,1.7084835480016947,0.0,0.6931471805599453,,,,,0.0,,,0.56,-62725371690.60332,0.9860982724970035,-758.8085853169716,0.6886735794344773,-0.0866563076670885,0.6485142747769791,0.04232513430501604,0.6824150301975805,-2324262360.753822,0.8663281197749575,-4731.940459379131,0.619171845194886,-1.3654705253223145,0.5701443706037562,0.18987853963315765,0.6451795038662719,0.17626928195487784,0.324721453592608,-17.68934766574573,0.35598614612618706,0.9747857269669901,0.4006600537791473,-0.25777003976507123,0.41448762041463727,-0.29477709430347687,0.310191381117655,-0.5109727171681584,0.3061666059379764,0.3814715661816682,0.5395693111960045,-0.26793265419587714,0.5500205052454694,0.40688501822633977,0.5815821097060587,0.0063968662920618116,0.6910556287474996,7.0,7.0,7.0,7.0,28.0,28.0,28.0,28.0,141.0,281.0,141.0,281.0,113.0,321.0,113.0,321.0,113.0,113.0,,,,,,,,,,,,,,,,,,,,,,,,,,,,,,,,,,,,,,,,,,,,,,
q3_rho1.00_always_b3,3,1.0,always,3,10,0,40,cost0,mem1,gru-w4-l0.01-h1,gru-w4-l0.01-h1|gru-w4-l0.01-h1|gru-w4-l0.01-h1|gru-w4-l0.01-h1|gru-w4-l0.01-h1,1.2198871181433972,0.3444441405330993,0.8875,1.2198871181433972,1.3086048334408922,1.7022259981414947,2.4388282911611014,0.5876502428045232,1.4838583059693637,1.5931095822010057,1.0862315301570225,7.140516744611756,0.27428255307489985,1.4645160839206555,1.4669943039820263,1.536579822397163,3.1029915466641955,0.49434049179528405,1.30989515251167,1.3587958206954438,1.656042564446103,2.6019028783489615,0.5613966217110002,-0.9156236546953681,2.576204008588572,0.9043593136944339,,,,,,,,,,1.0,,,,,,,,,,,,,,,,,,,,,,,,,,,,,,,,,,,,,,,,,,,,,,,,,,,,,,,0.0,0.6931471805599453,1.2198871181433972,0.3444441405330993,0.3626823487578607,0.5993815533503125,0.0,116.0,116.0,,,,,,,,,,,,,,,,,,,,,,,,,,,,,,,,,,,,,
q3_rho1.00_always_b3,3,1.0,always,3,10,0,40,cost0,mem2,gru-w4-l0.01-h2,gru-w4-l0.01-h2|gru-w4-l0.01-h2|gru-w4-l0.01-h2|gru-w4-l0.01-h2|gru-w4-l0.01-h2,0.5773679892820411,0.33563610886531003,0.8875,0.5773679892820411,1.0479250925908004,1.8834942783715227,2.0129958778916617,0.6627125072203437,1.5307938228703437,1.6302200183264781,1.1485361282423745,6.63844524401511,0.2803897497261964,1.3054602070281724,1.3592705236317433,1.6703283464361736,2.6699218937834193,0.5392878082934003,0.8620637499356609,1.1493404523524766,1.8225152627419352,2.1758827248085764,0.6273406987240476,-3.058336683801447,2.780654708024014,1.5559950839983572,,,,,,,,,,1.0,,,,,,,,,,,,,,,,,,,,,,,,,,,,,,,,,,,,,,,,,,,,,,,,,,,,,,,,,,,,,,,,0.0,0.6931471805599453,0.5773679892820411,0.33563610886531003,0.44943342731009234,0.5553371990451745,0.0,116.0,116.0,,,,,,,,,,,,,,,,,,,,,,,,,,,,
q3_rho1.00_always_b3,3,1.0,always,3,10,0,40,cost0,mem4,gru-w4-l0.01-h4,gru-w4-l0.01-h4|gru-w4-l0.01-h4|gru-w4-l0.01-h4|gru-w4-l0.01-h4|gru-w4-l0.01-h4,0.6011800031057589,0.3431508403823427,0.8875,0.6011800031057589,1.0663512821225334,1.8977818582689863,2.0268426400923905,0.6663146258884995,1.5134155807004952,1.5937953733931465,1.1641654734032791,7.170117566832436,0.266189315863368,1.310246330442743,1.3672146990034282,1.6867917151565002,2.772924103772058,0.5350849092769359,0.8795763760143741,1.1656287376682868,1.837527130568816,2.2089255887055272,0.6288254028073599,-3.0792961938728207,2.760035044596464,1.5425921983525084,,,,,,,,,,1.0,,,,,,,,,,,,,,,,,,,,,,,,,,,,,,,,,,,,,,,,,,,,,,,,,,,,,,,,,,,,,,,,,,,,,,,,,0.0,0.6931471805599453,0.6011800031057589,0.3431508403823427,0.5004385260336351,0.5213453479040594,0.0,116.0,116.0,,,,,,,,,,,,,,,,,,,
q3_rho1.00_always_b3,3,1.0,always,3,1,0,40,cost0,main,linear-l0.01,flat-w4-l0.01|quadratic-l0.01|linear-l0.01|linear-l0.01|linear-l0.01,0.14239531907161423,0.6619521273143609,0.6,0.14239531907161423,0.1439147470659302,0.19853870992099062,30.200795464555164,0.06354392851525201,0.12312531376380134,0.12454478764946991,0.17735757882446862,31.043383640922652,0.05917045006126508,0.13756903947550594,0.13907032959809168,0.193370241523036,30.34712450329735,0.0627660259684868,0.14108200182053005,0.14259676441212626,0.19713756423162027,30.237792064811906,0.06334635687010859,-0.1061288777918743,0.3988157724216752,0.13038643032054326,0.0,0.6931471805599453,,,,,0.0,,,0.22,0.15074548775502747,0.6524779490231623,0.08193004281256047,0.6703406341746954,0.03154450911188627,0.6849849798590449,0.006041638297476446,0.69162737723712,0.31422625849285746,0.6283561350794757,0.1270623912336673,0.6626252740643739,0.05526344747783135,0.6787666901220964,0.01497042668566955,0.6893545715083981,0.09727528581433864,0.667325442734586,0.10872504686880413,0.6634657460395342,0.012344637737263766,0.6900282669575729,0.008619306087600814,0.6909886446577552,0.03621079541129059,0.6829414244969992,0.06450722974362626,0.6765156446834355,0.0011842648568462844,0.692854675803663,0.004153525297131008,0.69211158953472,0.004575224018502277,0.6919783409692779,-0.000201799609815409,0.6931973737406665,7.0,7.0,7.0,7.0,28.0,28.0,28.0,28.0,33.0,65.0,33.0,65.0,113.0,321.0,113.0,321.0,113.0,113.0,,,,,,,,,,,,,,,,,,,,,,,,,,,,,,,,,,,,,,,,,,,,,,
q3_rho1.00_always_b3,3,1.0,always,3,5,0,40,cost0,main,flat-w4-l0.01,flat-w4-l0.01|quadratic-l0.1|flat-w4-l0.01|flat-w4-l0.01|flat-w4-l0.01,0.6486502181400043,0.5695225866113375,0.725,0.6486502181400043,0.6507113635590172,0.5858118312686613,15.782119984017939,0.17659750750675834,0.544926104604212,0.5532505325438474,0.4213845705975968,20.891690822986533,0.12468723972188583,0.6227424505974773,0.6259162457150526,0.5451723505629201,16.795919403620665,0.16477013860285472,0.6415376534208863,0.6438734248153716,0.5747371985626627,16.044239482108992,0.1734551721392585,0.17636665344811936,1.0908714710343108,0.23454404572291473,0.0,0.6931471805599453,,,,,0.0,,,0.06,-0.15031919817010558,0.6589113655658704,-0.0842817436890183,0.6911606901375741,-0.016597221887344058,0.6958317498918821,-0.0014669289655777572,0.6934921881888727,0.8387569933265502,0.5718255301682055,0.4947304837406029,0.6037438996870519,0.13693292141854757,0.6612027135762176,0.019171857572685,0.6883191997539395,0.6905998100237545,0.5547261211289876,0.8047774932991445,0.5409812899501147,0.15123287661443086,0.6549099628916389,0.16293757069865297,0.6518185652083,-0.019406484040825112,0.6849367030091557,0.08601721989861198,0.6651737817565573,-0.008962574003294624,0.695246354136339,-0.0069216188198256675,0.6948184201630012,-0.0007669422368613343,0.6923757339473695,-0.0010415283212252657,0.693405144274674,7.0,7.0,7.0,7.0,28.0,28.0,28.0,28.0,81.0,161.0,81.0,161.0,113.0,321.0,113.0,321.0,113.0,113.0,,,,,,,,,,,,,,,,,,,,,,,,,,,,,,,,,,,,,,,,,,,,,,
q3_rho1.00_always_b3,3,1.0,always,3,10,0,40,cost2,direct,gru_direct-w4-l0.01-cap5,gru_direct-w4-l0.1-cap5|gru_direct-w4-l0.01-cap5|gru_direct-w4-l0.01-cap5|gru_direct-w4-l0.01-cap5|gru_direct-w4-l0.1-cap5,-0.230460529567935,0.3226291006742299,0.9125,-0.230460529567935,1.089088589905944,2.370208167229053,2.7455395080488807,0.45037935025890874,1.656688616161405,1.6724304822040938,1.489587748862263,8.126955757763731,0.2087192023567895,1.1244694831146602,1.4308530245437048,2.123530706698381,3.527582421575335,0.38013788340721694,0.300630808472982,1.2017147363370095,2.300175115964797,2.925049159906637,0.4311202563811513,-4.777783217145226,2.8850560695978893,1.9917210232080833,0.0,0.6931471805599453,-0.23764837097867453,0.3346376337130225,-0.22236128911793643,0.32240543893529183,0.0,113.0,113.0,0.5,,,,,,,,,,,,,,,,,,,,,,,,,,,,,,,,,,,,,,,,,,,,,,,,,,,,,,,,,,,,,,,,,,,,,,,,,,,,,,,,,,,,,,,,,,,,,,,,,,,,
q3_rho1.00_always_b3,3,1.0,always,3,10,0,40,cost2,main,flat-w4-l0.01,flat-w8-l0.01|flat-w4-l0.01|flat-w4-l0.01|flat-w4-l0.01|flat-w4-l0.01,0.793722737184684,0.293523886244698,0.8625,0.793722737184684,1.4986201837159063,2.490782319818502,2.2261182893105285,0.4745570887743379,1.723380507640411,1.8539016990741704,1.2955076317822052,5.366700043748761,0.2990575951670194,1.6220908266330336,1.7127387540458088,2.110337353170054,2.488401943612453,0.448176965768224,1.1225249403856172,1.5648568189372254,2.378390604951783,2.2818581873569,0.4685546750784527,-3.0966439648511725,3.456967294833511,1.6930353832124578,0.0,0.6931471805599453,,,,,0.0,,,0.62,-112176659.88811418,0.8614564786261909,-64.39210254402448,0.6331230425374719,0.2713125120777814,0.6220892420252317,0.06887088035638025,0.67640738727256,-6473203.478942594,0.627545191324789,-89.29589726321075,0.49830933382339077,0.562442224883726,0.5238768810421572,0.28172682633073065,0.6276346544010964,0.5974136101832481,0.2993453705449681,-15.279324823536427,0.3378144493870276,1.0953034818736547,0.3728206357354997,-0.009587756467794861,0.38141440724823994,0.30065155464668114,0.2902950077707781,-7.141349399577253,0.3128898785833118,0.4426086648490742,0.5247000898252402,-0.2293167599329542,0.5350738041800092,0.6703512733678417,0.5168516760272199,0.05891486583107799,0.6782023189384156,7.0,7.0,7.0,7.0,28.0,28.0,28.0,28.0,141.0,281.0,141.0,281.0,113.0,321.0,113.0,321.0,113.0,113.0,,,,,,,,,,,,,,,,,,,,,,,,,,,,,,,,,,,,,,,,,,,,,,
q3_rho1.00_always_b3,3,1.0,always,3,10,0,40,cost2,mem1,gru-w4-l0.01-h1,gru-w4-l0.01-h1|gru-w4-l0.01-h1|gru-w4-l0.01-h1|gru-w4-l0.01-h1|gru-w4-l0.01-h1,0.9217676832880188,0.37440427510931357,0.875,0.9217676832880188,1.0604864132129328,1.5447547056065147,2.773839682803762,0.47243375890299943,1.4169370844251152,1.5113964052222766,1.0428460259718872,7.246398812769561,0.2601151260047306,1.249769655757597,1.2625469431206646,1.4182569118287085,3.3050523283216324,0.418159136668647,1.035526244224318,1.1217352494717014,1.5101131069896503,2.898106856169403,0.4576242301128449,-1.172141378903445,2.338096350813053,0.8901069693414495,,,,,,,,,,1.0,,,,,,,,,,,,,,,,,,,,,,,,,,,,,,,,,,,,,,,,,,,,,,,,,,,,,,,0.0,0.6931471805599453,0.9217676832880188,0.37440427510931357,0.3011238402499192,0.6190394121246652,0.0,116.0,116.0,,,,,,,,,,,,,,,,,,,,,,,,,,,,,,,,,,,,,
q3_rho1.00_always_b3,3,1.0,always,3,10,0,40,cost2,mem2,gru-w4-l0.01-h2,gru-w4-l0.01-h2|gru-w4-l0.01-h2|gru-w4-l0.01-h2|gru-w4-l0.01-h2|gru-w4-l0.01-h2,1.3965664327146705,0.2656545307223652,0.925,1.3965664327146705,1.6074046507219353,2.1934690843348728,2.2358830278762145,0.5756447065068426,1.8109649630982374,1.9514172023516823,1.3701596969431589,5.65299638654502,0.30058731357688523,1.7938110096383373,1.8075116298450158,1.9686012006910996,2.629882035748738,0.5012852215520377,1.5462526623161157,1.6704040544750391,2.130536560389315,2.3320314109420943,0.5547301653299688,-1.1535824588097907,3.132634497803234,1.122913939813554,,,,,,,,,,1.0,,,,,,,,,,,,,,,,,,,,,,,,,,,,,,,,,,,,,,,,,,,,,,,,,,,,,,,,,,,,,,,,0.0,0.6931471805599453,1.3965664327146705,0.2656545307223652,0.42818776134375147,0.5689875376112647,0.0,116.0,116.0,,,,,,,,,,,,,,,,,,,,,,,,,,,,
q3_rho1.00_always_b3,3,1.0,always,3,10,0,40,cost2,mem4,gru-w4-l0.01-h4,gru-w4-l0.01-h4|gru-w4-l0.01-h4|gru-w4-l0.01-h4|gru-w4-l0.01-h4|gru-w4-l0.01-h4,1.580753366306692,0.2509442767214886,0.925,1.580753366306692,1.717233076009375,2.1978903964613585,2.386861206049614,0.5965005992880302,1.7724957623607829,1.8577548846641008,1.4143305748579362,6.7367943280424,0.26014822760700257,1.8455094061810893,1.8548534288109293,1.988512662839503,3.07297077627835,0.4938804570705851,1.6827228338504867,1.7632732845951624,2.1394995532687973,2.5574829140491517,0.5675147354856404,-0.7237851333425277,3.0111015215858417,0.9796321317031664,,,,,,,,,,1.0,,,,,,,,,,,,,,,,,,,,,,,,,,,,,,,,,,,,,,,,,,,,,,,,,,,,,,,,,,,,,,,,,,,,,,,,,0.0,0.6931471805599453,1.580753366306692,0.2509442767214886,0.568071446159979,0.5161550792419115,0.0,116.0,116.0,,,,,,,,,,,,,,,,,,,
q3_rho1.00_always_b3,3,1.0,always,3,1,0,40,cost2,main,linear-l0.01,linear-l0.01|quadratic-l0.01|linear-l0.01|linear-l0.01|linear-l0.1,0.23082977890525602,0.631614266376277,0.6,0.23082977890525602,0.23125653687481035,0.2018985937563989,30.100840908091957,0.055128716003801446,0.21187159681458625,0.21219210050984616,0.1867666898561855,30.872931289334293,0.05303562066262697,0.22729357913881346,0.22770079788494252,0.1990260589578749,30.2330229317027,0.05477069885460258,0.22992321745968355,0.23034499586544327,0.20115967035644527,30.13420402206123,0.055038335976276866,-0.020958449338107855,0.48388063734687975,0.13018405272828718,0.0,0.6931471805599453,,,,,0.0,,,0.2,0.2887631602571738,0.617370224360395,0.10209678739619614,0.665826518921862,0.03258637452425457,0.6846385406660983,0.006110641330108221,0.6916054404940648,0.5110678763143633,0.5849860877387123,0.2261356948183332,0.6378191802120291,0.08267042689393526,0.6716050890555026,0.018622144736639076,0.6883895917153069,0.19627677165659524,0.6450008111491925,0.2281520002344239,0.640093855833811,0.013445981708079655,0.6896941089773103,0.008103896255346441,0.6910959894075118,0.05579399414216988,0.6770936479200698,0.11164586909000125,0.6657924836783733,0.0004478884218764467,0.6930347882039035,0.004697752575631914,0.6919520085083811,0.005291764061297649,0.6917416047277877,-0.0002677217948811289,0.6932135033459513,7.0,7.0,7.0,7.0,28.0,28.0,28.0,28.0,33.0,65.0,33.0,65.0,113.0,321.0,113.0,321.0,113.0,113.0,,,,,,,,,,,,,,,,,,,,,,,,,,,,,,,,,,,,,,,,,,,,,,
q3_rho1.00_always_b3,3,1.0,always,3,5,0,40,cost2,main,flat-w4-l0.01,flat-w4-l0.01|linear-l0.01|quadratic-l0.1|flat-w4-l0.01|flat-w4-l0.01,0.7335128539775806,0.5551937798432833,0.7375,0.7335128539775806,0.7671208012803887,1.0156460565226653,7.142461513676828,0.331003023772603,0.599407236854406,0.6002576652925813,0.5587307838111728,16.726803470639254,0.15414270424598792,0.6678563925700708,0.680916483220474,0.838295274181084,9.076236791326389,0.27724045453873297,0.7088812826524793,0.7355239526041154,0.95781055359639,7.632132572491915,0.3157733570877828,-0.4020608237164983,1.6838109407449586,0.5432601638849935,0.0,0.6931471805599453,,,,,0.0,,,0.12,-0.6797387048534668,0.6244974211494467,0.059503429476835956,0.6593348551870668,0.04240565758588254,0.6819276392520295,0.008529151285341591,0.6910147177427679,-0.05190245584748325,0.54475086895093,0.6878216619906755,0.5630704991369824,0.29458252727195533,0.6298332655300877,0.06307601948024998,0.6777477049734921,0.9558583069345584,0.5119042271913201,1.181360118477326,0.48816784732730645,0.3510668986760768,0.6089489831299554,0.3771498480421502,0.603313425562258,0.22870133884378116,0.6280630225387702,0.22271844766738366,0.6300510325968591,0.007239566131138503,0.6912042737328747,0.00989289733140869,0.6905687336834841,-0.002240839598666866,0.6903374200110333,-0.0008213315246568848,0.6933465713021918,7.0,7.0,7.0,7.0,28.0,28.0,28.0,28.0,81.0,161.0,81.0,161.0,113.0,321.0,113.0,321.0,113.0,113.0,,,,,,,,,,,,,,,,,,,,,,,,,,,,,,,,,,,,,,,,,,,,,,
q3_rho1.00_always_b3,3,1.0,always,3,10,0,40,endpoint,main,quadratic-l0.1,quadratic-l0.1|linear-l1|linear-l1|linear-l0.1|quadratic-l0.1,0.002874255626642082,0.6902729249333033,0.5,,,,,,,,,,,,,,,,,,,,,-0.010889493064496939,0.016871744588916555,0.007074716785420268,0.0,0.6931471805599453,,,,,0.0,,,0.0,0.015699451099576486,0.6774477294603688,0.01582537058620686,0.6773218099737385,0.010357682445509043,0.6827894981144362,0.0018118784305905355,0.6913353021293548,0.018211474972428737,0.6749357055875166,0.017494617240209766,0.6756525633197354,0.012821505310467751,0.6803256752494775,0.003284729789670415,0.6898624507702749,,,,,,,,,,,,,,,,,,,,,3.0,3.0,3.0,3.0,6.0,6.0,6.0,6.0,,,,,,,,,,,,,,,,,,,,,,,,,,,,,,,,,,,,,,0.2487534732771119,0.002874255626642082,0.0,0.002874255626642082,0.0,0.002874255626642082,0.0,0.006165758933316702,0.6869814216266287,0.005289400429351191,0.6878577801305941,0.009406713947762524,0.6837404666121827,0.008315774718181608,0.6848314058417636,17.0,33.0,17.0,33.0
q3_rho1.00_always_b3,3,1.0,always,3,1,0,40,endpoint,main,mlp-w4-l0.1,mlp-w4-l0.1|quadratic-l0.1|mlp-w4-l0.1|constant|mlp-w4-l0.1,-0.003678031097703899,0.6968252116576492,0.4625,,,,,,,,,,,,,,,,,,,,,-0.009719127479404495,0.001571426029121477,0.0029001437637475235,0.0,0.6931471805599453,,,,,0.0,,,0.0,-0.00046292674409157406,0.6936101073040369,-0.000601541785008583,0.6937487223449539,-0.00026104985003425757,0.6934082304099796,-3.639762633342036e-05,0.6931835781862787,-0.0019076297133204926,0.6950548102732658,8.302387405212248e-05,0.6930641566858933,-5.907405950060923e-05,0.6932062546194458,-2.5808577358479857e-05,0.6931729891373039,,,,,,,,,,,,,,,,,,,,,3.0,3.0,3.0,3.0,6.0,6.0,6.0,6.0,,,,,,,,,,,,,,,,,,,,,,,,,,,,,,,,,,,,,,0.2518365241061064,-0.003678031097703899,0.0,-0.003678031097703899,0.0,-0.003678031097703899,0.0,-0.002471151393443387,0.6956183319533886,0.00021887393510049423,0.6929283066248448,-0.0013739580681007598,0.6945211386280461,0.00043364844366321903,0.6927135321162821,17.0,33.0,17.0,33.0
q3_rho1.00_always_b3,3,1.0,always,3,2,0,40,endpoint,main,mlp-w4-l0.1,mlp-w4-l0.1|linear-l0.1|mlp-w4-l0.1|mlp-w4-l0.1|linear-l1,0.0020822947372399854,0.6910648858227052,0.5125,,,,,,,,,,,,,,,,,,,,,-0.005174799344971497,0.00896880776196146,0.0035572732730281727,0.0,0.6931471805599453,,,,,0.0,,,0.0,-0.0008584076136450569,0.6940055881735903,0.0004892703484155839,0.6926579102115297,0.0009306307088348855,0.6922165498511104,0.00018967910872962345,0.6929575014512157,-0.00807454361480848,0.7012217241747537,-0.003796382261831171,0.6969435628217765,-7.681589948082407e-05,0.6932239964594261,0.00019363021629533183,0.6929535503436499,,,,,,,,,,,,,,,,,,,,,3.0,3.0,3.0,3.0,6.0,6.0,6.0,6.0,,,,,,,,,,,,,,,,,,,,,,,,,,,,,,,,,,,,,,0.24896131367252794,0.0020822947372399854,0.0,0.0020822947372399854,0.0,0.0020822947372399854,0.0,0.0009238522863880952,0.6922233282735573,-0.0013718861395736318,0.694519066699519,0.00042911977228686504,0.6927180607876584,0.0006450335301614318,0.6925021470297839,17.0,33.0,17.0,33.0
q3_rho1.00_always_b3,3,1.0,always,3,3,0,40,endpoint,main,constant,constant|linear-l1|constant|constant|mlp-w4-l0.1,-0.0025959358085826667,0.6957431163685279,0.5125,,,,,,,,,,,,,,,,,,,,,-0.005682371015944134,6.412409555524701e-05,0.001517885452237409,0.0,0.6931471805599453,,,,,0.0,,,0.0,0.0003555556637729086,0.6927916248961724,0.0010700801788794026,0.6920771003810658,0.001222849579589741,0.6919243309803556,0.00023755518278468224,0.6929096253771606,-0.01172013345345288,0.7048673140133982,-0.006704173477262517,0.6998513540372078,-0.0005359115560762947,0.6936830921160215,0.0001658577222059518,0.6929813228377395,,,,,,,,,,,,,,,,,,,,,3.0,3.0,3.0,3.0,6.0,6.0,6.0,6.0,,,,,,,,,,,,,,,,,,,,,,,,,,,,,,,,,,,,,,0.2512906241453629,-0.0025959358085826667,0.0,-0.0025959358085826667,0.0,-0.0025959358085826667,0.0,7.916834548841317e-05,0.6930680122144569,-0.0012374183206054934,0.6943845988805508,3.8166994620383864e-05,0.6931090135653248,-0.00025017839649762866,0.6933973589564429,17.0,33.0,17.0,33.0
q3_rho1.00_always_b3,3,1.0,always,3,4,0,40,endpoint,main,mlp-w4-l0.1,constant|mlp-w4-l0.1|mlp-w4-l0.1|linear-l1|mlp-w4-l0.01,-0.0014529703364983652,0.6946001508964438,0.4875,,,,,,,,,,,,,,,,,,,,,-0.009525858587144774,0.006811822067034598,0.004210611012896971,0.0,0.6931471805599453,,,,,0.0,,,0.0,-0.0012995030573502355,0.6944466836172956,0.0009286039968150424,0.6922185765631304,0.002179305811871819,0.6909678747480734,0.0004516254258202845,0.6926955551341251,-0.008374189911900679,0.7015213704718459,-0.00379105675262345,0.6969382373125687,0.000857627713251817,0.6922895528466935,0.000590848895292806,0.6925563316646525,,,,,,,,,,,,,,,,,,,,,3.0,3.0,3.0,3.0,6.0,6.0,6.0,6.0,,,,,,,,,,,,,,,,,,,,,,,,,,,,,,,,,,,,,,0.250668053524523,-0.0014529703364983652,0.0,-0.0014529703364983652,0.0,-0.0014529703364983652,0.0,-0.000552596459111334,0.6936997770190566,-0.005605794008423655,0.698752974568369,0.0020429568444462797,0.6911042237154991,-0.00020741599071597976,0.6933545965506612,17.0,33.0,17.0,33.0
q3_rho1.00_always_b3,3,1.0,always,3,5,0,40,endpoint,main,mlp-w4-l0.1,linear-l10|constant|linear-l0.1|mlp-w4-l0.1|mlp-w4-l0.1,-0.0004749854114874857,0.6936221659714328,0.5125,,,,,,,,,,,,,,,,,,,,,-0.009292811829231033,0.007614053795582075,0.004268291893156828,0.0,0.6931471805599453,,,,,0.0,,,0.0,2.6336217509083383e-05,0.6931208443424361,0.0020278139937495816,0.6911193665661957,0.002629687732283363,0.6905174928276618,0.0005156330874587917,0.6926315474724865,-0.024679926587869997,0.7178271071478153,-0.011997348562860811,0.7051445291228061,-0.00015581904425730279,0.6933029996042026,0.0005507020788668548,0.6925964784810785,,,,,,,,,,,,,,,,,,,,,3.0,3.0,3.0,3.0,6.0,6.0,6.0,6.0,,,,,,,,,,,,,,,,,,,,,,,,,,,,,,,,,,,,,,0.2502493395161625,-0.0004749854114874857,0.0,-0.0004749854114874857,0.0,-0.0004749854114874857,0.0,-0.00758529153109128,0.7007324720910365,-0.010551343893921095,0.7036985244538664,0.0016258109865793131,0.691521369573366,1.1836075298708725e-05,0.6931353444846465,17.0,33.0,17.0,33.0
q3_rho1.00_always_b3,3,1.0,always,3,6,0,40,endpoint,main,linear-l1,linear-l1|constant|linear-l1|mlp-w4-l0.1|mlp-w4-l0.01,-0.025927707265550846,0.7190748878254961,0.4875,,,,,,,,,,,,,,,,,,,,,-0.05727019017032753,-0.002644736829616329,0.014266113429676767,0.0,0.6931471805599453,,,,,0.0,,,0.0,0.00023993477458990055,0.6929072457853553,0.0038277478555685807,0.6893194327043768,0.005490679754101542,0.6876565008058437,0.0010790013191235002,0.6920681792408219,-0.02518657072843531,0.7183337512883806,-0.01368746963359077,0.7068346501935361,0.0023496101428335373,0.6907975704171119,0.0016007889432597205,0.6915463916166855,,,,,,,,,,,,,,,,,,,,,3.0,3.0,3.0,3.0,6.0,6.0,6.0,6.0,,,,,,,,,,,,,,,,,,,,,,,,,,,,,,,,,,,,,,0.2619764731178015,-0.025927707265550846,0.0,-0.025927707265550846,0.0,-0.025927707265550846,0.0,-0.015598127062470357,0.7087453076224157,-0.0213257648679694,0.7144729454279146,0.0041678993705778,0.6889792811893676,0.0005541087458096824,0.6925930718141355,17.0,33.0,17.0,33.0
q3_rho1.00_always_b3,3,1.0,always,3,7,0,40,endpoint,main,linear-l0.1,linear-l0.1|linear-l1|quadratic-l0.01|linear-l0.1|mlp-w4-l0.01,0.010365704397063802,0.6827814761628815,0.6,,,,,,,,,,,,,,,,,,,,,-0.029861028141332676,0.04846316192749453,0.020043013730296034,0.0,0.6931471805599453,,,,,0.0,,,0.0,0.0157186344653934,0.6774285460945519,0.019326961584118542,0.6738202189758267,0.014393457768596948,0.6787537227913484,0.002583056807840281,0.690564123752105,0.02864640969572694,0.6645007708642183,0.02781677840939927,0.665330402150546,0.022403209914183753,0.6707439706457616,0.005747663309358372,0.6873995172505868,,,,,,,,,,,,,,,,,,,,,3.0,3.0,3.0,3.0,6.0,6.0,6.0,6.0,,,,,,,,,,,,,,,,,,,,,,,,,,,,,,,,,,,,,,0.24403648552129464,0.010365704397063802,0.0,0.010365704397063802,0.0,0.010365704397063802,0.0,0.015465411730463152,0.6776817688294822,0.013709492834780282,0.679437687725165,0.017932187745086054,0.6752149928148593,0.012427708570190165,0.6807194719897551,17.0,33.0,17.0,33.0
q3_rho1.00_always_b3,3,1.0,always,3,8,0,40,endpoint,main,linear-l0.1,linear-l0.1|constant|linear-l0.1|linear-l0.1|linear-l0.1,-0.002967069256622439,0.6961142498165677,0.5625,,,,,,,,,,,,,,,,,,,,,-0.035326971144752056,0.02327922585425088,0.014752634951802412,0.0,0.6931471805599453,,,,,0.0,,,0.0,0.0033675255284665298,0.6897796550314788,0.00865753358918491,0.6844896469707604,0.009424000344418329,0.6837231802155269,0.0018003224760049965,0.6913468580839404,-0.00903651682317404,0.7021836973831193,-0.00016157853021714076,0.6933087590901624,0.009781566020153171,0.683365614539792,0.0033404304638443307,0.6898067500961009,,,,,,,,,,,,,,,,,,,,,3.0,3.0,3.0,3.0,6.0,6.0,6.0,6.0,,,,,,,,,,,,,,,,,,,,,,,,,,,,,,,,,,,,,,0.25079255949546864,-0.002967069256622439,0.0,-0.002967069256622439,0.0,-0.002967069256622439,0.0,0.011978312071906702,0.6811688684880386,0.00224619829990247,0.6909009822600428,0.01281234834575197,0.6803348322141933,-4.5115719642922074e-05,0.6931922962795882,17.0,33.0,17.0,33.0
q3_rho1.00_always_b3,3,1.0,always,3,9,0,40,endpoint,main,linear-l0.1,linear-l0.1|constant|mlp-w4-l0.01|linear-l0.1|linear-l0.1,-0.01043631916816264,0.7035834997281081,0.5125,,,,,,,,,,,,,,,,,,,,,-0.036635882145449335,0.012725708724779511,0.012567189017347864,0.0,0.6931471805599453,,,,,0.0,,,0.0,0.0005911946505516872,0.6925559859093935,0.00539082944413295,0.6877563511158122,0.007682424421428091,0.6854647561385171,0.0015187277839190188,0.6916284527760262,-0.024712490986454606,0.7178596715463998,-0.009257721017490875,0.7024049015774362,0.006344159868732563,0.6868030206912128,0.002692607797816912,0.6904545727621285,,,,,,,,,,,,,,,,,,,,,3.0,3.0,3.0,3.0,6.0,6.0,6.0,6.0,,,,,,,,,,,,,,,,,,,,,,,,,,,,,,,,,,,,,,0.2546167436660795,-0.01043631916816264,0.0,-0.01043631916816264,0.0,-0.01043631916816264,0.0,0.0031532618031788265,0.6899939187567664,-0.007948227055907253,0.7010954076158524,0.004660505335067575,0.6884866752248777,0.0032320892880838502,0.6899150912718615,17.0,33.0,17.0,33.0
q3_rho1.00_always_b3,3,1.0,always,3,10,0,40,mixture,diag,gru-w4-l0.01,gru-w4-l0.01|gru-w4-l0.01|gru-w4-l0.01|gru-w4-l0.01|gru-w4-l0.01,0.3480429919120002,0.27012070536102767,0.91875,0.3480429919120002,1.1356282762770644,2.174735622840606,2.280824438943962,0.5043283154852407,1.7843037060959603,1.887172059001908,1.3965477537962048,6.039660107131519,0.28162101309117527,1.4044232781171027,1.518885704491007,1.962047305076981,2.629481777394233,0.4548892688064774,0.7547085695170112,1.2561559283491932,2.11489767260277,2.3572511628488306,0.4911489163632053,-3.625118076059401,3.0254257881094584,1.7928943003915376,0.0,0.6931471805599453,,,,,0.0,,,0.7,-235493901.87814537,0.8800239466276816,-85.38084246802393,0.6476614256052717,0.17116076929518925,0.636738004755875,0.051131130453358854,0.6805642536728653,-8014949.393746363,0.6786675610847237,-184.1406268648383,0.5337939042185863,0.2859101993313494,0.5438920827712328,0.22525891553690972,0.6394159634675483,,,,,,,,,0.3480429919120002,0.27012070536102767,,,0.3331547792538065,0.5519703633972121,,,,,,,7.0,7.0,7.0,7.0,28.0,28.0,28.0,28.0,,,,,113.0,,113.0,,,,,,,,,,,,,,,,,,,,,,,,,,,,,,,,,,,,,,,,,,,,,,,,,
q3_rho1.00_always_b3,3,1.0,always,3,1,0,40,mixture,diag,constant,constant|quadratic-l0.01|linear-l0.01|constant|linear-l0.01,0.12736527296950542,0.6643792039344455,0.54375,0.12736527296950542,0.12758944776378583,0.14868925292806062,33.23995349841869,0.04972763761073257,0.10840824826429518,0.10868341814625654,0.13205137383180937,33.80108461441515,0.048232750875554856,0.12318998053580385,0.12342286555993512,0.14492722197493726,33.336485710671184,0.04947396065938301,0.12625436295245135,0.1264807247226311,0.1476828386762165,33.26432104554637,0.04966368675333982,-0.04587138980050998,0.3199436556192655,0.09278186284793687,0.0,0.6931471805599453,,,,,0.0,,,0.3,0.22686636223515003,0.6327837022090453,0.09568140096877986,0.6669721237607578,0.03381728156448258,0.6843370538109539,0.00658169257465685,0.6914881847717979,0.4306055418325457,0.596940001496538,0.18255305900949065,0.6476891560405058,0.06919606712509625,0.6750961037844654,0.017172960303779315,0.6887719336401084,,,,,,,,,0.045693461875149416,0.6798134746240722,,,0.0007615061285984326,0.6929573499449602,,,,,,,7.0,7.0,7.0,7.0,28.0,28.0,28.0,28.0,,,,,113.0,,113.0,,,,,,,,,,,,,,,,,,,,,,,,,,,,,,,,,,,,,,,,,,,,,,,,,
q3_rho1.00_always_b3,3,1.0,always,3,5,0,40,mixture,diag,quadratic-l0.1,linear-l0.01|quadratic-l0.01|quadratic-l0.1|quadratic-l0.1|quadratic-l0.1,0.5832844284864255,0.5987586700130911,0.7125,0.5832844284864255,0.5888394329832736,0.6924238670373575,13.771963555146028,0.217615637218283,0.4249801602529592,0.4251814958420545,0.40504749058774275,22.004322028503815,0.12948779908340113,0.5192751075797235,0.5218770785179024,0.5931584352415099,15.570230333010706,0.19468896616762396,0.5623874763433447,0.56701863308469,0.6617402736379261,14.240546540031104,0.21135042705036872,-0.08960900095902874,1.1310898502818227,0.3067191428942189,0.0,0.6931471805599453,,,,,0.0,,,0.1,-0.2551027409189615,0.6384570325766047,0.002181491942730851,0.6736119359288416,0.01420110316354507,0.688596106936944,0.003422216191029803,0.6922786778003568,0.5235019607446507,0.5564771538171221,0.5634449070721099,0.5869529673226017,0.19825608340349682,0.6483341757222085,0.03743867659592556,0.6838913439045183,,,,,,,,,0.1869074176475802,0.6407140558260144,,,-0.003186059518270767,0.693789265440204,,,,,,,7.0,7.0,7.0,7.0,28.0,28.0,28.0,28.0,,,,,113.0,,113.0,,,,,,,,,,,,,,,,,,,,,,,,,,,,,,,,,,,,,,,,,,,,,,,,,
q3_rho1.00_always_b3,3,1.0,always,3,10,0,40,pathinfo,diag,linear-l1,linear-l1|constant|linear-l0.1|linear-l1|quadratic-l1,0.0031775502676175066,0.6899696302923278,0.525,,,,,,,,,,,,,,,,,,,,,-0.015061074563565618,0.020871394423164935,0.009076984280877755,0.0,0.6931471805599453,,,,,0.0,,,0.0,-0.01645872387558268,0.709605904435528,0.004512231240689393,0.688634949319256,0.011424721085688785,0.6817224594742565,0.00272847934666256,0.6904187012132827,-0.054451124569160625,0.7475983051291059,-0.023664412472499487,0.7168115930324447,0.005879015768340294,0.687268164791605,0.00660601723025106,0.6865411633296942,,,,,,,,,0.0036917557095747476,0.6894554248503706,,,0.005982553706440437,0.6871646268535049,,,,,,,7.0,7.0,7.0,7.0,28.0,28.0,28.0,28.0,,,,,113.0,,113.0,,,,,,,,,,,,,,,,,,,,,,,,,,,,,,,0.24886672800066406,0.0031775502676175066,0.0,0.0031775502676175066,0.0,0.0031775502676175066,0.0,,,,,,,,,,,,
q3_rho1.00_always_b3,3,1.0,always,3,1,0,40,pathinfo,diag,constant,constant|constant|constant|constant|constant,0.0,0.6931471805599453,0.5,,,,,,,,,,,,,,,,,,,,,0.0,0.0,0.0,0.0,0.6931471805599453,,,,,0.0,,,0.0,-0.0027156907525914082,0.6958628713125368,-0.0013922471347829729,0.6945394276947283,-0.00043707470831139404,0.6935842552682567,-6.994721656075758e-05,0.6932171277765061,-0.021068435929858124,0.7142156164898035,-0.0025333073798002046,0.6956804879397456,-4.8947237252346123e-05,0.6931961277971976,5.427296777200941e-06,0.6931417532631681,,,,,,,,,0.0005144908462143105,0.6926326897137309,,,-7.209354753538455e-05,0.6932192741074806,,,,,,,7.0,7.0,7.0,7.0,28.0,28.0,28.0,28.0,,,,,113.0,,113.0,,,,,,,,,,,,,,,,,,,,,,,,,,,,,,,0.25,0.0,0.0,0.0,0.0,0.0,0.0,,,,,,,,,,,,
q3_rho1.00_always_b3,3,1.0,always,3,5,0,40,pathinfo,diag,constant,constant|constant|linear-l1|gru-w4-l0.01|gru-w4-l0.01,-0.009350494658916306,0.7024976752188616,0.5125,,,,,,,,,,,,,,,,,,,,,-0.02275241674227409,0.0010359060571197103,0.006104815317670936,0.0,0.6931471805599453,,,,,0.0,,,0.0,-0.00593202014962545,0.6990792007095707,0.0003343576965635656,0.6928128228633816,0.002757297158659406,0.6903898834012858,0.0007278863212191747,0.6924192942387262,-0.07544859658400857,0.7685957771439538,-0.0263692716183484,0.7195164521782937,-0.005686261194666284,0.6988334417546115,0.00072255206602157,0.6924246284939237,,,,,,,,,-0.0050280822151702684,0.6981752627751155,,,0.00034731875385106555,0.6927998618060942,,,,,,,7.0,7.0,7.0,7.0,28.0,28.0,28.0,28.0,,,,,113.0,,113.0,,,,,,,,,,,,,,,,,,,,,,,,,,,,,,,0.25452869546764817,-0.009350494658916306,0.0,-0.009350494658916306,0.0,-0.009350494658916306,0.0,,,,,,,,,,,,
q3_rho1.00_sensing_b12,3,1.0,sensing,12,10,0,40,cost0,direct,gru_direct-w4-l0.1-cap5,gru_direct-w4-l0.1-cap5|gru_direct-w4-l0.01-cap5|gru_direct-w4-l0.1-cap5|gru_direct-w4-l0.1-cap5|gru_direct-w4-l0.01-cap5,0.26459484862022553,0.6341151233987177,0.6375,0.26459484862022553,0.2703845282481381,0.3760961849054434,17.62490156992799,0.1661145611900833,0.2842872382309377,0.284300617218135,0.2894689724706729,25.026485130301932,0.1140562137876618,0.27277563798556076,0.27625478882362486,0.3585274520359292,19.103090799594966,0.15384286088945748,0.266962347946084,0.2720756479316644,0.37152621015830434,18.005761824795766,0.16283068561374467,-0.09921752317638852,0.5716650567248848,0.17646364442570844,0.0,0.6931471805599453,0.1762973739212455,0.6140914141738082,0.128083937236985,0.6538248103336258,0.0,113.0,113.0,0.3,,,,,,,,,,,,,,,,,,,,,,,,,,,,,,,,,,,,,,,,,,,,,,,,,,,,,,,,,,,,,,,,,,,,,,,,,,,,,,,,,,,,,,,,,,,,,,,,,,,,
q3_rho1.00_sensing_b12,3,1.0,sensing,12,10,0,40,cost0,main,flat-w4-l0.01,quadratic-l1|gru-w8-l0.01|flat-w4-l0.01|flat-w4-l0.01|flat-w4-l0.01,0.2438908460732639,0.6424988579815938,0.625,0.2438908460732639,0.24478989829117906,0.20208402269335127,24.236683603843833,0.11584700829521709,0.23697029063829964,0.23992057692139648,0.16210924374913419,27.76706427330834,0.09571869739333133,0.2429270592191637,0.2441504150260032,0.19427499990779618,24.91224591881282,0.111808612880005,0.2436571118966119,0.24463574556503845,0.2000661006024044,24.410182504201,0.11479979212679689,-0.01992655535139993,0.5082567855311964,0.13293641869903794,0.0,0.6931471805599453,,,,,0.0,,,0.12,0.09966112434715055,0.6715120140594306,-0.013499798111197591,0.6807243994421226,0.04671991483160102,0.6818991105098926,0.011207686452325057,0.6904010126755431,-4104.797165375898,0.754198164878105,-2.485531827765539,0.6871593018809266,0.08304774902683734,0.6717362417926228,0.04621661035068545,0.6824073946284777,-0.037455876543186564,0.6550711766078596,-0.288774101688174,0.674816495813818,0.14264935021114736,0.6610159095173616,0.14176214990462582,0.6615190829003191,0.16410094386964008,0.6484543531496472,0.22565402748334243,0.6398464918327063,0.04614069214873138,0.6821229536595828,0.04649332106382487,0.6819395245376296,0.07715888516601331,0.6771999938854757,0.006999308055769119,0.6914496258451752,7.0,7.0,7.0,7.0,28.0,28.0,28.0,28.0,141.0,281.0,141.0,281.0,113.0,321.0,113.0,321.0,113.0,113.0,,,,,,,,,,,,,,,,,,,,,,,,,,,,,,,,,,,,,,,,,,,,,,
q3_rho1.00_sensing_b12,3,1.0,sensing,12,10,0,40,cost0,mem1,gru-w4-l0.01-h1,gru-w4-l0.01-h1|gru-w4-l0.01-h1|gru-w4-l0.01-h1|gru-w4-l0.01-h1|gru-w4-l0.01-h1,0.21151693875320796,0.6377406724402626,0.675,0.21151693875320796,0.21156208937819687,0.20204431831895886,18.395499950664213,0.18152742274016337,0.24287029479836858,0.24639267638381007,0.16126885228715532,25.77030805995117,0.12343777602772575,0.22109367245591027,0.22146774949829057,0.19399008116924626,19.949379460810796,0.16783142806622764,0.21419105284493906,0.21429332037626506,0.19995757425883234,18.799398222007497,0.1778633355872827,-0.0874887703170625,0.46830302293170833,0.14341869160621654,,,,,,,,,,0.3,,,,,,,,,,,,,,,,,,,,,,,,,,,,,,,,,,,,,,,,,,,,,,,,,,,,,,,0.0,0.6931471805599453,0.21151693875320796,0.6377406724402626,0.004983853369438596,0.6918963131249586,0.0,116.0,116.0,,,,,,,,,,,,,,,,,,,,,,,,,,,,,,,,,,,,,
q3_rho1.00_sensing_b12,3,1.0,sensing,12,10,0,40,cost0,mem2,gru-w4-l0.01-h2,gru-w4-l0.01-h2|gru-w4-l0.01-h2|gru-w4-l0.01-h2|gru-w4-l0.01-h2|gru-w4-l0.01-h2,0.24323331705701862,0.6175309873994184,0.7,0.24323331705701862,0.24760533809265917,0.339680011587152,9.880357516096424,0.2846297197759212,0.3474060413443906,0.3521235157398258,0.25339157109088595,20.82346378256785,0.15155421977219474,0.2833537091358233,0.28405405653200294,0.32124791359247423,12.043578239266703,0.24749845024162562,0.25514947476216576,0.2581641008041974,0.33482035468796234,10.427752957139342,0.2743260890089602,-0.31788941323030223,0.6661103823710743,0.2611282336455037,,,,,,,,,,0.2,,,,,,,,,,,,,,,,,,,,,,,,,,,,,,,,,,,,,,,,,,,,,,,,,,,,,,,,,,,,,,,,0.0,0.6931471805599453,0.24323331705701862,0.6175309873994184,0.01981876173446526,0.6881881749910146,0.0,116.0,116.0,,,,,,,,,,,,,,,,,,,,,,,,,,,,
q3_rho1.00_sensing_b12,3,1.0,sensing,12,10,0,40,cost0,mem4,gru-w4-l0.01-h4,gru-w4-l0.01-h4|gru-w4-l0.01-h4|gru-w4-l0.01-h4|gru-w4-l0.01-h4|gru-w4-l0.01-h4,0.262860716992686,0.6295422843633184,0.675,0.262860716992686,0.26313746081318506,0.28657189149931844,15.20116339564303,0.1844806133923684,0.294926125150748,0.29872868558167315,0.2102351831567118,22.47701893824734,0.12643931593765706,0.2740016993817516,0.2740063336580452,0.2709603583513505,16.5980285290818,0.17080916689444955,0.26602516894336675,0.2661594697558728,0.2825038951241171,15.558624001591237,0.18082274194136497,-0.12124674103356278,0.59275914779109,0.18632067717994852,,,,,,,,,,0.1,,,,,,,,,,,,,,,,,,,,,,,,,,,,,,,,,,,,,,,,,,,,,,,,,,,,,,,,,,,,,,,,,,,,,,,,,0.0,0.6931471805599453,0.262860716992686,0.6295422843633184,0.044390980030735314,0.6822918554404496,0.0,116.0,116.0,,,,,,,,,,,,,,,,,,,
q3_rho1.00_sensing_b12,3,1.0,sensing,12,1,0,40,cost0,main,constant,constant|linear-l0.1|linear-l1|quadratic-l0.1|constant,0.015139810872098314,0.6897816939062071,0.4875,0.015139810872098314,0.015141411586726489,0.013351624029283188,39.710084716840036,0.03158560438639498,0.0147524672670921,0.014754044842097403,0.01297724463439286,39.71235117219265,0.03155250448058935,0.015076358639455181,0.015077955593413652,0.013290272334916555,39.71045019115243,0.03158028159641606,0.015123893561345702,0.015125493333691625,0.013336232802439013,39.710176187842094,0.031584272725893314,-0.01350702227802431,0.050026062872715035,0.016102976255227917,0.0,0.6931471805599453,,,,,0.0,,,0.0,0.020941156098153235,0.6870459348844321,-0.013144651706630917,0.6959839058806272,-0.00544206472687594,0.6945074518654352,-0.0009297774117464685,0.6933801421245644,0.04752354348664357,0.6830841496141821,-0.04002488173027134,0.6984850303080978,-0.02402195946141209,0.6984786049117278,-0.004568118453372019,0.6942750291666252,-0.006607230650064633,0.6941081797334405,-0.005770775571095843,0.6940386415637663,-0.0019905408462781494,0.6936483038401245,-0.0018423107348133488,0.6936044183564521,-0.0037570773310789175,0.694068429040848,-0.0027516564739550192,0.6938367911083941,-0.0006135863229207756,0.6932991491057562,-0.000376672726323829,0.6932449119669205,-0.0013684396201394694,0.6934929194231209,-0.0004956660677233521,0.69326985182754,7.0,7.0,7.0,7.0,28.0,28.0,28.0,28.0,33.0,65.0,33.0,65.0,113.0,321.0,113.0,321.0,113.0,113.0,,,,,,,,,,,,,,,,,,,,,,,,,,,,,,,,,,,,,,,,,,,,,,
q3_rho1.00_sensing_b12,3,1.0,sensing,12,5,0,40,cost0,main,linear-l0.01,quadratic-l0.01|linear-l0.01|linear-l0.01|quadratic-l0.1|gru-w4-l0.01,0.127617659288059,0.6682378946770106,0.575,0.127617659288059,0.13007108887971047,0.1993117150611698,24.913623232043964,0.1339209648090278,0.12339657113738581,0.12371001825211095,0.14864382635728826,29.89603351684052,0.0995389222069698,0.1269371144332772,0.12874698362009435,0.18831395656008137,25.988482288613415,0.12635188463007538,0.12743799031518463,0.12971201334587662,0.19640165199697507,25.19519736030153,0.1319237188269511,-0.18155867319904243,0.4212420696227164,0.15329682434809996,0.0,0.6931471805599453,,,,,0.0,,,0.02,0.06394378321817848,0.6763141963711675,-0.006936888232836761,0.6914391738989905,0.0067365310677321155,0.6912338885928451,0.0029327045506886778,0.6924223802133668,0.19272565272927916,0.6519115138455859,-0.07583076803221786,0.6864528706807389,0.0038047979906050884,0.6900375531105638,0.01156625895951123,0.6903515282397389,0.024198987661446708,0.6880929999494901,0.04085488095215972,0.6843440309776604,0.014310336892412293,0.689555025272783,0.007143414787740152,0.6910953261660987,0.05854082307125848,0.6745128797431738,0.014671957626346524,0.6872070224214057,0.003415201663265299,0.6923047259850315,0.004280105538639986,0.6920871789748613,-0.0030169965592389937,0.6927217341868239,-0.00025437618097646776,0.6932076798410034,7.0,7.0,7.0,7.0,28.0,28.0,28.0,28.0,81.0,161.0,81.0,161.0,113.0,321.0,113.0,321.0,113.0,113.0,,,,,,,,,,,,,,,,,,,,,,,,,,,,,,,,,,,,,,,,,,,,,,
q3_rho1.00_sensing_b12,3,1.0,sensing,12,10,0,40,cost2,direct,gru_direct-w4-l0.1-cap5,gru_direct-w4-l0.1-cap5|gru_direct-w4-l0.1-cap5|gru_direct-w4-l0.1-cap5|gru_direct-w4-l0.1-cap5|gru_direct-w4-l0.1-cap5,2.050435077980338,0.23206147812377495,0.95,2.050435077980338,2.1845599323846727,2.6613822341776534,2.6893866053822486,0.4705424458734175,2.0312527396050677,2.1335032360781465,1.644474357176501,6.877444194707146,0.26512300401600253,2.237226616566883,2.247675920025251,2.3888386427327033,3.1643564715650383,0.4211511401451861,2.12495162313617,2.206743570574598,2.5856761007923277,2.799376067472073,0.4572712877585289,-0.0811237682983098,3.5085760603538305,0.936521904247377,0.0,0.6931471805599453,2.59514370344717,0.17681134894959621,2.050435077980338,0.23206147812377495,0.0,113.0,113.0,0.4,,,,,,,,,,,,,,,,,,,,,,,,,,,,,,,,,,,,,,,,,,,,,,,,,,,,,,,,,,,,,,,,,,,,,,,,,,,,,,,,,,,,,,,,,,,,,,,,,,,,
q3_rho1.00_sensing_b12,3,1.0,sensing,12,10,0,40,cost2,main,flat-w4-l0.01,flat-w4-l0.01|quadratic-l0.01|flat-w4-l0.01|flat-w4-l0.1|gru-w4-l0.01,1.8996377199522911,0.27830011974990876,0.9125,1.8996377199522911,1.98979967692589,2.38640142381861,2.3716691194064947,0.46792725694638265,1.7552257954495332,1.9209853130839545,1.284234027644766,5.301433554793945,0.30395285098330904,1.9566081607985644,1.9574489749780626,1.9981782708827929,2.6425678385987657,0.44020480918813093,1.920437303610477,1.968134502965008,2.2618806948548418,2.431952003295399,0.46114611996520394,-0.16171374352528914,3.482109778768525,0.9680328378037153,0.0,0.6931471805599453,,,,,0.0,,,0.6,-341.17093824952224,0.38708484352910455,-8.279854226318184,0.4124383320641895,0.6247500827165194,0.5275365893416607,0.1406174699468236,0.658155176378582,-28.94156964954044,0.23874086580004486,1.9356344271567618,0.2667462468665212,1.3806273544796632,0.37627459121432133,0.5192239815284407,0.5670346680921456,1.7042211203616546,0.2758417866792614,0.9514918432766498,0.287673136421306,1.771417631341934,0.29852874946241803,1.501828333768822,0.29887559374839034,2.1292100281760034,0.18968505410776987,1.8911277104553743,0.19434136374614605,1.4385486020761995,0.3498455464737026,1.2452287847381784,0.3459255337284041,1.053327739026391,0.4072733402550185,0.487498575422873,0.5619249239532436,7.0,7.0,7.0,7.0,28.0,28.0,28.0,28.0,141.0,281.0,141.0,281.0,113.0,321.0,113.0,321.0,113.0,113.0,,,,,,,,,,,,,,,,,,,,,,,,,,,,,,,,,,,,,,,,,,,,,,
q3_rho1.00_sensing_b12,3,1.0,sensing,12,10,0,40,cost2,mem1,gru-w4-l0.01-h1,gru-w4-l0.01-h1|gru-w4-l0.01-h1|gru-w4-l0.01-h1|gru-w4-l0.01-h1|gru-w4-l0.01-h1,2.3409457407271965,0.22631077111234688,0.925,2.3409457407271965,2.4312250690496136,1.973955276482411,2.9369881588196036,0.5024921607216462,1.900215507639669,2.1357804482053147,1.3610379239684178,6.346796221429898,0.29950859699233634,2.2582684943580866,2.389442111443696,1.8295247827696233,3.366675482232613,0.45641405472457436,2.320180989888679,2.4213252583808993,1.9351630081047246,3.0404205712637187,0.4902963759365636,1.5742563125081142,2.9782956743723297,0.3751133500777142,,,,,,,,,,1.0,,,,,,,,,,,,,,,,,,,,,,,,,,,,,,,,,,,,,,,,,,,,,,,,,,,,,,,0.0,0.6931471805599453,2.3409457407271965,0.22631077111234688,1.0141922484188002,0.45101484159568894,0.0,116.0,116.0,,,,,,,,,,,,,,,,,,,,,,,,,,,,,,,,,,,,,
q3_rho1.00_sensing_b12,3,1.0,sensing,12,10,0,40,cost2,mem2,gru-w4-l0.01-h2,gru-w4-l0.01-h2|gru-w4-l0.01-h2|gru-w4-l0.01-h2|gru-w4-l0.01-h2|gru-w4-l0.01-h2,2.6772987765372753,0.17699587582255877,0.95,2.6772987765372753,2.749350694149294,2.344125214956172,2.3593529841317906,0.5873798135987466,2.0879737042791087,2.345972944243658,1.5303273651764644,5.5476927476061215,0.3284975263625019,2.561243235791733,2.687019757740033,2.1397984299775183,2.7394172254687135,0.5284113051841298,2.648037091611788,2.7341433478190895,2.2883588209157133,2.4502876231631436,0.5718229651213372,1.7127769055762363,3.385262006419421,0.4446297391835035,,,,,,,,,,1.0,,,,,,,,,,,,,,,,,,,,,,,,,,,,,,,,,,,,,,,,,,,,,,,,,,,,,,,,,,,,,,,,0.0,0.6931471805599453,2.6772987765372753,0.17699587582255877,1.2525000672166429,0.39300605094660374,0.0,116.0,116.0,,,,,,,,,,,,,,,,,,,,,,,,,,,,
q3_rho1.00_sensing_b12,3,1.0,sensing,12,10,0,40,cost2,mem4,gru-w4-l0.01-h4,gru-w4-l0.01-h4|gru-w4-l0.01-h4|gru-w4-l0.01-h4|gru-w4-l0.01-h4|gru-w4-l0.01-h4,2.62426033312982,0.17500428706944282,0.95,2.62426033312982,2.6515485511646926,2.408471130174987,2.524118370573833,0.506242592663406,2.086421219691546,2.307932285699839,1.5595548304073714,5.4966095193022975,0.30805765742205743,2.529680473354874,2.603332175341978,2.1933278588690137,2.8303094790345837,0.4653330483169231,2.601526622421415,2.6398465467862833,2.3496227490284247,2.5951124912603785,0.49560759266133125,1.5753718013664622,3.4297391669507373,0.48829246257532993,,,,,,,,,,1.0,,,,,,,,,,,,,,,,,,,,,,,,,,,,,,,,,,,,,,,,,,,,,,,,,,,,,,,,,,,,,,,,,,,,,,,,,0.0,0.6931471805599453,2.62426033312982,0.17500428706944282,1.4808735118926237,0.3496423082524328,0.0,116.0,116.0,,,,,,,,,,,,,,,,,,,
q3_rho1.00_sensing_b12,3,1.0,sensing,12,1,0,40,cost2,main,quadratic-l1,flat-w4-l0.01|linear-l0.1|quadratic-l1|quadratic-l1|linear-l0.01,-0.08628483090588836,0.7226477140019063,0.6,-0.08628483090588836,-0.08316060310153751,-0.00514126285680484,34.34035221030378,0.07581212483155847,-0.03715478344003833,-0.03477643613167423,0.033408605387966105,35.3310824834495,0.06774800242653073,-0.07282208504323014,-0.06984328018252145,0.006361981265391059,34.531080235972674,0.0743097896487934,-0.08250420254387965,-0.07941748611005565,-0.0018618621415722903,34.38943128891322,0.0754275629648145,-0.3434122866780162,0.10151352212065869,0.11880686044534455,0.0,0.6931471805599453,,,,,0.0,,,0.06,-0.051129915245109084,0.7137160590421541,-0.019944857512489512,0.6964354949715277,-0.0037691332906232915,0.6937496858775226,0.00010562237788978024,0.6931135886969486,-0.06647969293968056,0.7459182719227593,0.033486156426741756,0.6922525174831657,0.03300145124481697,0.6846035824825878,0.008644242373911376,0.6909037637664326,-0.024427607703073728,0.6983300623369191,-0.046324639720060644,0.7088203097001821,-0.0010564097014190033,0.6933450483182453,-0.0037471016211323956,0.6938848656433615,-0.04068470899143968,0.7029654944056529,-0.06002154125841604,0.7089160077187024,-0.00038929307265201383,0.6932423343257855,-0.0006710620626284886,0.6933151482213258,-0.0024400729849980733,0.6937014362940923,-0.0003183030444536161,0.6932260041984879,7.0,7.0,7.0,7.0,28.0,28.0,28.0,28.0,33.0,65.0,33.0,65.0,113.0,321.0,113.0,321.0,113.0,113.0,,,,,,,,,,,,,,,,,,,,,,,,,,,,,,,,,,,,,,,,,,,,,,
q3_rho1.00_sensing_b12,3,1.0,sensing,12,5,0,40,cost2,main,quadratic-l0.1,quadratic-l0.1|quadratic-l1|quadratic-l0.1|quadratic-l0.1|gru-w4-l0.01,0.5216279623508313,0.47864637137112176,0.8,0.5216279623508313,0.6872589367871889,1.2125081530253177,4.298958846545261,0.344563032304851,0.9367818171240891,0.943327707497811,0.8266841752306506,11.609562822527892,0.17608052268938965,0.7556295136747654,0.8077926798756074,1.114297416119971,5.42262996079111,0.2993767292632824,0.5991439644711274,0.7240437106288611,1.185454804683797,4.5671792348489095,0.33229724447405357,-1.222613558197293,1.7471064252756627,0.7574183207129987,0.0,0.6931471805599453,,,,,0.0,,,0.24,-25.118033605932172,0.6091656229279307,-2.160875139829563,0.6068330330242674,0.19291369757888957,0.6323391455162634,0.0536461484986601,0.6796816934791742,2.8858656898632864,0.35145991812649674,1.7630933746987771,0.40355427436086855,0.712609649264061,0.5204133041954708,0.24465349634344385,0.632166902473441,0.3835921481564689,0.4890444278875039,0.9904810702397631,0.4732466947321523,0.5991812355379718,0.5247773417894533,0.39571366902680244,0.5284303087603994,0.10417260768217629,0.5170200355829631,-0.347504511414237,0.5091845056283727,0.30269028582544,0.599242524102397,0.1928079608453827,0.605346957082987,0.20022483875125974,0.6084870329697241,0.023417528661541405,0.6852578383788306,7.0,7.0,7.0,7.0,28.0,28.0,28.0,28.0,81.0,161.0,81.0,161.0,113.0,321.0,113.0,321.0,113.0,113.0,,,,,,,,,,,,,,,,,,,,,,,,,,,,,,,,,,,,,,,,,,,,,,
q3_rho1.00_sensing_b12,3,1.0,sensing,12,10,0,40,endpoint,main,quadratic-l0.01,quadratic-l0.01|quadratic-l0.01|quadratic-l0.1|quadratic-l0.1|mlp-w4-l0.01,0.2682144477918063,0.42493273276813903,0.8375,,,,,,,,,,,,,,,,,,,,,0.15142942935680626,0.3719797493226173,0.05521097673470749,0.0,0.6931471805599453,,,,,0.0,,,0.8,0.15723293534108376,0.5359142452188616,0.15365052244387836,0.539496658116067,0.08175716883354746,0.6113900117263978,0.013658559121864816,0.6794886214380804,0.2947347010758133,0.398412479484132,0.257691152854708,0.4354560277052372,0.15042489001510478,0.5427222905448404,0.03455690881689553,0.6585902717430498,,,,,,,,,,,,,,,,,,,,,3.0,3.0,3.0,3.0,6.0,6.0,6.0,6.0,,,,,,,,,,,,,,,,,,,,,,,,,,,,,,,,,,,,,,0.13095931178181494,0.2682144477918063,0.0,0.2682144477918063,0.0,0.2682144477918063,0.0,0.285216120767761,0.40793105979218425,0.2828153788278563,0.41033180173208894,0.2003588804381362,0.4927883001218091,0.19728129396739963,0.4958658865925457,17.0,33.0,17.0,33.0
q3_rho1.00_sensing_b12,3,1.0,sensing,12,1,0,40,endpoint,main,linear-l1,linear-l1|linear-l1|linear-l1|mlp-w4-l0.1|quadratic-l1,0.0019253775281547452,0.6912218030317905,0.55,,,,,,,,,,,,,,,,,,,,,-0.002564276321352317,0.006127230363363683,0.0022711887285903664,0.0,0.6931471805599453,,,,,0.0,,,0.0,-0.0030719467404653547,0.6962191273004106,0.0030170352979111102,0.6901301452620341,0.0023834880367888224,0.6907636925231564,0.0004117605953774334,0.6927354199645679,-0.016611713370371966,0.7097588939303173,-0.0019227579070406468,0.6950699384669858,0.002899886599607454,0.6902472939603378,0.0008076171674910093,0.6923395633924543,,,,,,,,,,,,,,,,,,,,,3.0,3.0,3.0,3.0,6.0,6.0,6.0,6.0,,,,,,,,,,,,,,,,,,,,,,,,,,,,,,,,,,,,,,0.2490373100172596,0.0019253775281547452,0.0,0.0019253775281547452,0.0,0.0019253775281547452,0.0,0.0033359916773739993,0.6898111888825713,0.0020964436260798593,0.6910507369338654,0.00305266291553484,0.6900945176444104,0.0010078215091579607,0.6921393590507873,17.0,33.0,17.0,33.0
q3_rho1.00_sensing_b12,3,1.0,sensing,12,2,0,40,endpoint,main,quadratic-l0.1,quadratic-l0.1|quadratic-l0.1|quadratic-l0.1|quadratic-l0.1|quadratic-l0.1,0.06907718513616583,0.6240699954237795,0.6375,,,,,,,,,,,,,,,,,,,,,0.019488639163026098,0.11764595849674003,0.025046736916180347,0.0,0.6931471805599453,,,,,0.0,,,0.05,-0.005805120205971908,0.6989523007659171,-0.0005849654386725245,0.6937321459986178,0.004033790617825421,0.6891133899421199,0.0009081106579975323,0.6922390699019477,0.07761951211717295,0.6155276684427724,0.06907718513616583,0.6240699954237795,0.025652370461316697,0.6674948100986285,0.004866491504150819,0.6882806890557944,,,,,,,,,,,,,,,,,,,,,3.0,3.0,3.0,3.0,6.0,6.0,6.0,6.0,,,,,,,,,,,,,,,,,,,,,,,,,,,,,,,,,,,,,,0.21711632211043486,0.06907718513616583,0.0,0.06907718513616583,0.0,0.06907718513616583,0.0,0.015759803396148818,0.6773873771637964,0.043609935216411364,0.649537245343534,0.012419359674648453,0.6807278208852968,0.004313549395786645,0.6888336311641586,17.0,33.0,17.0,33.0
q3_rho1.00_sensing_b12,3,1.0,sensing,12,3,0,40,endpoint,main,quadratic-l0.1,quadratic-l0.1|quadratic-l0.1|quadratic-l0.1|quadratic-l0.1|quadratic-l0.1,0.0804939429968753,0.6126532375630701,0.6875,,,,,,,,,,,,,,,,,,,,,0.024271591881649998,0.1342317486209148,0.027455807326315442,0.0,0.6931471805599453,,,,,0.0,,,0.25,0.017444396521551574,0.6757027840383938,0.019734251296503517,0.6734129292634418,0.013234122625889105,0.6799130579340562,0.0023149602547545235,0.6908322203051908,0.08059846650914952,0.6125487140507958,0.0804939429968753,0.6126532375630701,0.03889888772731862,0.6542482928326268,0.008062271267046655,0.6850849092928986,,,,,,,,,,,,,,,,,,,,,3.0,3.0,3.0,3.0,6.0,6.0,6.0,6.0,,,,,,,,,,,,,,,,,,,,,,,,,,,,,,,,,,,,,,0.21115686830159733,0.0804939429968753,0.0,0.0804939429968753,0.0,0.0804939429968753,0.0,0.04380809480800901,0.6493390857519363,0.046520928739128234,0.646626251820817,0.025875359141564015,0.6672718214183813,0.022393909722103568,0.6707532708378416,17.0,33.0,17.0,33.0
q3_rho1.00_sensing_b12,3,1.0,sensing,12,4,0,40,endpoint,main,quadratic-l0.1,quadratic-l0.1|quadratic-l0.1|quadratic-l0.1|mlp-w4-l0.01|quadratic-l0.1,0.11373954174367433,0.579407638816271,0.675,,,,,,,,,,,,,,,,,,,,,0.04550515299549329,0.17643111181164362,0.03283850214868434,0.0,0.6931471805599453,,,,,0.0,,,0.3,0.021530962536732368,0.6716162180232129,0.02879722160289953,0.6643499589570458,0.020588255382324706,0.6725589251776206,0.0036277747445629576,0.6895194058153823,0.10741147113922797,0.5857357094207174,0.1066075888002729,0.5865395917596724,0.05739606992803149,0.6357511106319137,0.011978180192493594,0.6811690003674518,,,,,,,,,,,,,,,,,,,,,3.0,3.0,3.0,3.0,6.0,6.0,6.0,6.0,,,,,,,,,,,,,,,,,,,,,,,,,,,,,,,,,,,,,,0.19546870752289822,0.11373954174367433,0.0,0.11373954174367433,0.0,0.11373954174367433,0.0,0.10680705412440053,0.5863401264355448,0.10014895742585024,0.5929982231340951,0.03819065794984593,0.6549565226100994,0.03642771752728695,0.6567194630326585,17.0,33.0,17.0,33.0
q3_rho1.00_sensing_b12,3,1.0,sensing,12,5,0,40,endpoint,main,quadratic-l0.1,quadratic-l0.1|quadratic-l0.1|quadratic-l0.1|quadratic-l0.1|quadratic-l0.1,0.12184500317615536,0.5713021773837899,0.7625,,,,,,,,,,,,,,,,,,,,,0.049523496498431886,0.1892306777367155,0.0350053804946462,0.0,0.6931471805599453,,,,,0.0,,,0.4,0.03954592688567332,0.653601253674272,0.04718781891687686,0.6459593616430684,0.029854860541992358,0.663292320017953,0.005149348065231672,0.6879978324947136,0.13084870572539103,0.5622984748345543,0.12184500317615536,0.5713021773837899,0.0691826524830124,0.6239645280769329,0.01502932276998743,0.6781178577899578,,,,,,,,,,,,,,,,,,,,,3.0,3.0,3.0,3.0,6.0,6.0,6.0,6.0,,,,,,,,,,,,,,,,,,,,,,,,,,,,,,,,,,,,,,0.19167751161703764,0.12184500317615536,0.0,0.12184500317615536,0.0,0.12184500317615536,0.0,0.11382814023079843,0.5793190403291468,0.11413084953249504,0.5790163310274503,0.05998662594539861,0.6331605546145467,0.05747029356118608,0.6356768869987592,17.0,33.0,17.0,33.0
q3_rho1.00_sensing_b12,3,1.0,sensing,12,6,0,40,endpoint,main,quadratic-l0.1,quadratic-l0.1|quadratic-l0.1|quadratic-l0.1|quadratic-l0.1|quadratic-l0.01,0.21080791470149923,0.4823392658584461,0.7875,,,,,,,,,,,,,,,,,,,,,0.10173392765029364,0.30498378973665163,0.05219227942957522,0.0,0.6931471805599453,,,,,0.0,,,0.6,0.06010602285355153,0.6330411577063938,0.0744892901054182,0.6186578904545271,0.0468025823974975,0.6463445981624478,0.008075088882028087,0.685072091677917,0.23436983848650841,0.45877734207343684,0.20615360065754565,0.4869935799023997,0.10949035341381012,0.5836568271461353,0.023703956918731516,0.6694432236412138,,,,,,,,,,,,,,,,,,,,,3.0,3.0,3.0,3.0,6.0,6.0,6.0,6.0,,,,,,,,,,,,,,,,,,,,,,,,,,,,,,,,,,,,,,0.15171504339283257,0.21080791470149923,0.0,0.21080791470149923,0.0,0.21080791470149923,0.0,0.19224545219858752,0.5009017283613578,0.18874940578654084,0.5043977747734044,0.1284700338232188,0.5646771467367265,0.12627270675025726,0.566874473809688,17.0,33.0,17.0,33.0
q3_rho1.00_sensing_b12,3,1.0,sensing,12,7,0,40,endpoint,main,quadratic-l0.1,quadratic-l0.1|quadratic-l0.1|quadratic-l0.1|quadratic-l0.1|quadratic-l0.1,0.1865184771924886,0.5066287033674568,0.7625,,,,,,,,,,,,,,,,,,,,,0.10007247267596477,0.2633010614722834,0.04140759353740872,0.0,0.6931471805599453,,,,,0.0,,,0.55,0.0680128291702565,0.6251343513896888,0.0709912168585047,0.6221559637014407,0.041550022731705646,0.6515971578282397,0.007084525615130233,0.6860626549448151,0.19736663702843962,0.49578054353150575,0.1865184771924886,0.5066287033674568,0.09707213791544628,0.5960750426444991,0.02093562746266238,0.6722115530972829,,,,,,,,,,,,,,,,,,,,,3.0,3.0,3.0,3.0,6.0,6.0,6.0,6.0,,,,,,,,,,,,,,,,,,,,,,,,,,,,,,,,,,,,,,0.16357654364910906,0.1865184771924886,0.0,0.1865184771924886,0.0,0.1865184771924886,0.0,0.1651689609470779,0.5279782196128673,0.1620902984014795,0.5310568821584658,0.11054973023642076,0.5825974503235245,0.11015349845761302,0.5829936821023323,17.0,33.0,17.0,33.0
q3_rho1.00_sensing_b12,3,1.0,sensing,12,8,0,40,endpoint,main,quadratic-l0.1,quadratic-l0.1|quadratic-l0.1|quadratic-l0.1|quadratic-l0.1|quadratic-l0.1,0.20028471623943456,0.4928624643205108,0.8,,,,,,,,,,,,,,,,,,,,,0.10510915199070107,0.28608922672005654,0.04639576607514523,0.0,0.6931471805599453,,,,,0.0,,,0.7,0.059403477897964053,0.6337437026619812,0.06505682593800335,0.6280903546219418,0.03985905519011253,0.6532881253698328,0.006841581123138018,0.6863055994368074,0.23011475280772054,0.4630324277522247,0.20028471623943456,0.4928624643205108,0.09891574133407773,0.5942314392258676,0.020970692982375916,0.6721764875775693,,,,,,,,,,,,,,,,,,,,,3.0,3.0,3.0,3.0,6.0,6.0,6.0,6.0,,,,,,,,,,,,,,,,,,,,,,,,,,,,,,,,,,,,,,0.15709097913467518,0.20028471623943456,0.0,0.20028471623943456,0.0,0.20028471623943456,0.0,0.18716969894563784,0.5059774816143074,0.20304013460419262,0.4901070459557527,0.11730973399293113,0.5758374465670142,0.11697520626682208,0.5761719742931233,17.0,33.0,17.0,33.0
q3_rho1.00_sensing_b12,3,1.0,sensing,12,9,0,40,endpoint,main,quadratic-l0.1,quadratic-l0.1|quadratic-l0.01|quadratic-l0.1|quadratic-l0.1|quadratic-l0.1,0.19203912788059582,0.5011080526793495,0.775,,,,,,,,,,,,,,,,,,,,,0.10314531954482313,0.27708034569816326,0.045053380300079646,0.0,0.6931471805599453,,,,,0.0,,,0.6,0.060660779002259024,0.6324864015576863,0.06532946378563663,0.6278177167743086,0.04029651941389547,0.6528506611460498,0.006974190588018502,0.6861729899719268,0.21710151241840822,0.4760456681415371,0.1790877218307431,0.5140594587292022,0.08923062758900546,0.6039165529709398,0.01992454595478616,0.6732226346051591,,,,,,,,,,,,,,,,,,,,,3.0,3.0,3.0,3.0,6.0,6.0,6.0,6.0,,,,,,,,,,,,,,,,,,,,,,,,,,,,,,,,,,,,,,0.1624589615536031,0.19203912788059582,0.0,0.19203912788059582,0.0,0.19203912788059582,0.0,0.18743495822353948,0.5057122223364058,0.19380821982856586,0.49933896073137934,0.11458347140186516,0.5785637091580802,0.11298900461773709,0.5801581759422081,17.0,33.0,17.0,33.0
q3_rho1.00_sensing_b12,3,1.0,sensing,12,10,0,40,mixture,diag,gru-w4-l0.01,quadratic-l0.1|quadratic-l0.1|gru-w4-l0.01|gru-w4-l0.01|gru-w4-l0.01,0.48963032350224617,0.5110885943683391,0.775,0.48963032350224617,0.6272442757973882,1.1097350994792734,3.6460181978331185,0.39186247972955324,0.9186556981955265,0.9522263796068531,0.6814194393861133,10.541497580664746,0.20812421126045555,0.7412448117958744,0.7694811827948727,0.9980701570419732,4.54782435103129,0.3431615163654799,0.5740417809124461,0.6701462684618571,1.0787359085709798,3.857435244343843,0.3786228194723329,-1.2195793883100046,1.697532301759913,0.7627325896863699,0.0,0.6931471805599453,,,,,0.0,,,0.3,-3.4460912469121254,0.5758358647822011,-0.4609435151752872,0.5891765705885162,0.2646985961310798,0.6287261968690437,0.05415670471361576,0.6797981985571726,-58.95076970989281,0.5277545323338726,0.7486124297128353,0.5223921857631837,0.6108912977356666,0.5652146591756775,0.21243520684264056,0.6430432055147216,,,,,,,,,0.694174557249063,0.49124837225160894,,,0.4985811323250736,0.5770148915992185,,,,,,,7.0,7.0,7.0,7.0,28.0,28.0,28.0,28.0,,,,,113.0,,113.0,,,,,,,,,,,,,,,,,,,,,,,,,,,,,,,,,,,,,,,,,,,,,,,,,
q3_rho1.00_sensing_b12,3,1.0,sensing,12,1,0,40,mixture,diag,constant,constant|linear-l0.01|constant|quadratic-l0.01|linear-l0.01,-0.022016065332062386,0.7035500237721699,0.54375,-0.022016065332062386,-0.019012311465040933,0.0575073524101812,36.47976463092135,0.05615644005121252,-0.007184706263073104,-0.004488781784184395,0.06805267782889006,36.750573101178475,0.053432162241525756,-0.01805024516456368,-0.015100391902994725,0.06073833008235907,36.527422894628465,0.055682755714311936,-0.020918455284211025,-0.01792836111216909,0.058419332578315684,36.4918522474375,0.056036536590395467,-0.15332419212110013,0.0894713126490566,0.06380901082135561,0.0,0.6931471805599453,,,,,0.0,,,0.0,-0.00916200380004234,0.6984721652784269,-0.020508462718781244,0.6976686329845748,-0.007690562529338277,0.6949628908938081,-0.001128529681336654,0.6934267217322228,0.029224696634138937,0.6991248722205416,0.012645061415119719,0.6919535414868719,-0.0013393348492610868,0.6932217825517162,-0.0008992278255047532,0.6933428745816373,,,,,,,,,-0.013086702796472265,0.6963522391096543,,,-0.0007099460000231483,0.6933223074761703,,,,,,,7.0,7.0,7.0,7.0,28.0,28.0,28.0,28.0,,,,,113.0,,113.0,,,,,,,,,,,,,,,,,,,,,,,,,,,,,,,,,,,,,,,,,,,,,,,,,
q3_rho1.00_sensing_b12,3,1.0,sensing,12,5,0,40,mixture,diag,quadratic-l0.1,quadratic-l0.1|quadratic-l0.1|quadratic-l0.1|quadratic-l0.1|linear-l0.01,-0.7507066762134955,0.6301304580461288,0.7,-0.7507066762134955,-0.17734491286697773,0.7320074577288453,4.098182812061597,0.36647410621641063,0.37978334169995803,0.38296683215438687,0.4617129954059358,15.120043494149584,0.15341714968786344,-0.15664072168891147,0.06132236673582869,0.6562388977714353,5.691909823185532,0.3003767080136712,-0.5465655760108526,-0.10367591452828517,0.7103018366272366,4.463922921691737,0.34796737233829833,-3.155830895459439,0.9654095212569594,1.0729444407853856,0.0,0.6931471805599453,,,,,0.0,,,0.4,-0.9328477677799393,0.6541420613667839,-0.17935002506113887,0.6642121746732379,0.07508112702144888,0.6718149778496556,0.019698846094024752,0.6882377985717397,1.4033178382885185,0.537709003664601,0.6983335860802262,0.5818654779936725,0.26840966596813837,0.6304804052479496,0.09104287733813453,0.6708860099814528,,,,,,,,,0.07765702086443178,0.6414458540508673,,,0.05726474922971577,0.6768610565744015,,,,,,,7.0,7.0,7.0,7.0,28.0,28.0,28.0,28.0,,,,,113.0,,113.0,,,,,,,,,,,,,,,,,,,,,,,,,,,,,,,,,,,,,,,,,,,,,,,,,
q3_rho1.00_sensing_b12,3,1.0,sensing,12,10,0,40,pathinfo,diag,quadratic-l0.1,quadratic-l0.1|quadratic-l0.1|quadratic-l0.01|quadratic-l0.1|quadratic-l0.1,0.2788071643936499,0.4143400161662954,0.8625,,,,,,,,,,,,,,,,,,,,,0.07816691591717151,0.4274859412893473,0.09314237881196728,0.0,0.6931471805599453,,,,,0.0,,,0.8,0.19474534769458948,0.49840183286535583,0.15203492397118323,0.541112256588762,0.08871180050625324,0.604435380053692,0.018843413117740345,0.674303767442205,0.32528519077566215,0.3678619897842832,0.32223834194937356,0.3709088386105717,0.20886976931345463,0.4842774112464907,0.07528050464574812,0.6178666759141972,,,,,,,,,0.2864362071021023,0.40671097345784285,,,0.1571063004539547,0.5360408801059906,,,,,,,7.0,7.0,7.0,7.0,28.0,28.0,28.0,28.0,,,,,113.0,,113.0,,,,,,,,,,,,,,,,,,,,,,,,,,,,,,,0.1067911651715145,0.2788071643936499,0.0,0.27880593612466104,0.0125,0.2788071643936499,0.0,,,,,,,,,,,,
q3_rho1.00_sensing_b12,3,1.0,sensing,12,1,0,40,pathinfo,diag,constant,constant|linear-l1|constant|linear-l0.1|constant,0.0038694578681381835,0.6892777226918072,0.5375,,,,,,,,,,,,,,,,,,,,,-0.002412004205488171,0.010939562372114593,0.0033723408395511705,0.0,0.6931471805599453,,,,,0.0,,,0.0,0.0024887140133638464,0.6906584665465815,0.010357016427426893,0.6827901641325184,0.003999252521241579,0.6891479280387037,0.0007709702079356215,0.6923762103520097,-0.029088273554693955,0.7222354541146392,-0.0020813760526772447,0.6952285566126225,0.009489893195748292,0.683657287364197,0.003303783780240889,0.6898433967797044,,,,,,,,,0.0015373005341714735,0.6916098800257738,,,0.00014216006714567463,0.6930050204927996,,,,,,,7.0,7.0,7.0,7.0,28.0,28.0,28.0,28.0,,,,,113.0,,113.0,,,,,,,,,,,,,,,,,,,,,,,,,,,,,,,0.2480790425100839,0.0038694578681381835,0.0,0.0038694578681381835,0.0,0.0038694578681381835,0.0,,,,,,,,,,,,
q3_rho1.00_sensing_b12,3,1.0,sensing,12,5,0,40,pathinfo,diag,quadratic-l0.1,quadratic-l0.1|quadratic-l0.1|quadratic-l0.1|quadratic-l0.1|quadratic-l0.1,0.1725503221825881,0.5205968583773573,0.7625,,,,,,,,,,,,,,,,,,,,,0.07765130990144246,0.2590468303232486,0.04666342927386448,0.0,0.6931471805599453,,,,,0.0,,,0.4,0.05044308503770082,0.6427040955222445,0.05288472013769206,0.6402624604222532,0.034665828150335955,0.6584813524096094,0.007497576127176904,0.6856496044327685,0.16760750645310293,0.5255396741068423,0.1725503221825881,0.5205968583773573,0.11358117738570092,0.5795660031742443,0.0365554263130524,0.6565917542468929,,,,,,,,,0.10100228553816663,0.5921448950217787,,,0.03932095241934766,0.6538262281405978,,,,,,,7.0,7.0,7.0,7.0,28.0,28.0,28.0,28.0,,,,,113.0,,113.0,,,,,,,,,,,,,,,,,,,,,,,,,,,,,,,0.170418571835201,0.1725503221825881,0.0,0.1725503221825881,0.0,0.1725503221825881,0.0,,,,,,,,,,,,
q3_rho1.00_sensing_b3,3,1.0,sensing,3,10,0,40,cost0,direct,constant,constant|gru_direct-w4-l0.01-cap5|constant|constant|constant,0.0022776746880519365,0.6929894646263228,0.4875,0.0022776746880519365,0.002332941226148466,0.012828022458896249,39.87170426285211,0.031645489334981416,0.0018488958052619102,0.001903493422151615,0.012334978196446179,39.872949454999244,0.031608399127801175,0.002206537256009608,0.0022616959533693533,0.012746550643669603,39.87190491908977,0.03163952175809975,0.002259796368489847,0.0023150359171276117,0.01280755867817423,39.87175447821083,0.03164399624944426,-0.018311266711520082,0.02545271497697334,0.010550872040846508,0.0,0.6931471805599453,-0.023205764150451866,0.6993672745445627,-0.01684475620271312,0.6973654080383624,0.0,113.0,113.0,0.0,,,,,,,,,,,,,,,,,,,,,,,,,,,,,,,,,,,,,,,,,,,,,,,,,,,,,,,,,,,,,,,,,,,,,,,,,,,,,,,,,,,,,,,,,,,,,,,,,,,,
q3_rho1.00_sensing_b3,3,1.0,sensing,3,10,0,40,cost0,main,constant,constant|flat-w8-l0.1|constant|flat-w4-l0.01|flat-w8-l0.1,-0.016888006183058583,0.6989577804894473,0.5375,-0.016888006183058583,-0.016630610475588205,-0.039405749767589905,38.341977548700875,0.04009306175534887,-0.012405326746432254,-0.012189411812909327,-0.03304214994196774,38.48145544797861,0.03972019422598398,-0.016050371624129513,-0.015800372962022982,-0.03824463728162088,38.36632669687384,0.040031432082797934,-0.0166734057215366,-0.016417888378072454,-0.039109459024578075,38.34814192278841,0.04007758207081246,-0.11235277216930574,0.06568461668247418,0.04576128504093047,0.0,0.6931471805599453,,,,,0.0,,,0.0,-0.09656161030538006,0.7021655939585438,-0.004958159214986779,0.6948580711185631,0.004562082502357736,0.6919328045817842,0.0012823089505902053,0.6928219522816235,-73.00132875487998,0.8335688748244197,-1.583359994826699,0.7500560851402178,-0.054985588374092786,0.7046502247663645,-0.0049527568940369,0.6944110966902901,-0.0181824086682034,0.6986821613137743,0.006097269429208285,0.6939299499069796,0.0002795943649926802,0.6930948641754497,0.01242501659621432,0.6900330449911553,-0.02189053931405502,0.6986121271264956,-0.011364115425949905,0.6961993954687546,-0.0008622501916718539,0.6933628188645087,0.0019034800095392907,0.6926369994051692,-0.002162010116925242,0.6941162918105708,-0.0009539278675543356,0.6933885235412516,7.0,7.0,7.0,7.0,28.0,28.0,28.0,28.0,141.0,281.0,141.0,281.0,113.0,321.0,113.0,321.0,113.0,113.0,,,,,,,,,,,,,,,,,,,,,,,,,,,,,,,,,,,,,,,,,,,,,,
q3_rho1.00_sensing_b3,3,1.0,sensing,3,10,0,40,cost0,mem1,constant-h1,constant-h1|gru-w4-l0.01-h1|constant-h1|constant-h1|constant-h1,-0.0009792106091013274,0.6933917637106467,0.4875,-0.0009792106091013274,-0.0009725466293539959,0.002675981194254476,39.99677746476031,0.026000145597989813,-0.0009791745202155755,-0.000972511449227101,0.0026757677446117094,39.996778122299084,0.02599998132803211,-0.0009792048344801907,-0.0009725410001564655,0.002675947037883389,39.99677756998733,0.026000119310633736,-0.000979209165431777,-0.0009725452220413731,0.002675972655003526,39.99677749106779,0.0260001390260021,-0.0028715842577742216,-9.792866608611302e-06,0.0009131336243031122,,,,,,,,,,0.0,,,,,,,,,,,,,,,,,,,,,,,,,,,,,,,,,,,,,,,,,,,,,,,,,,,,,,,0.0,0.6931471805599453,-0.008797974396178614,0.6953449602900118,-0.00016475367413596454,0.6931883854708574,0.0,116.0,116.0,,,,,,,,,,,,,,,,,,,,,,,,,,,,,,,,,,,,,
q3_rho1.00_sensing_b3,3,1.0,sensing,3,10,0,40,cost0,mem2,constant-h2,constant-h2|gru-w4-l0.01-h2|constant-h2|constant-h2|constant-h2,7.80620066421156e-05,0.6931293946895382,0.5,7.80620066421156e-05,8.321433545218065e-05,0.003291584666604913,39.9965593387777,0.02621024894225153,7.782213793847693e-05,8.297341832600325e-05,0.0032910174795054746,39.99656048529528,0.026209976553545185,7.802360800678032e-05,8.317576902957874e-05,0.0032914938869134914,39.99655952227535,0.026210205350509826,7.805240628142862e-05,8.320469314345835e-05,0.0032915619706189404,39.99655938465407,0.026210238043974994,-0.0006549432465689765,0.0008959606247386535,0.0003685781063268941,,,,,,,,,,0.0,,,,,,,,,,,,,,,,,,,,,,,,,,,,,,,,,,,,,,,,,,,,,,,,,,,,,,,,,,,,,,,,0.0,0.6931471805599453,-0.015864467940523947,0.6969798852219877,-0.00035387243190821425,0.6932359772684543,0.0,116.0,116.0,,,,,,,,,,,,,,,,,,,,,,,,,,,,
q3_rho1.00_sensing_b3,3,1.0,sensing,3,10,0,40,cost0,mem4,constant-h4,constant-h4|gru-w4-l0.01-h4|constant-h4|constant-h4|constant-h4,-8.567349058706542e-05,0.6931783179468396,0.5,-8.567349058706542e-05,-7.652786436056474e-05,0.004197253147035407,39.988796736367306,0.027348516537047136,-8.845091850903097e-05,-7.931425216894158e-05,0.0041923742450237856,39.98881155572785,0.027346678923901704,-8.611879389510968e-05,-7.697460256991112e-05,0.004196471367451417,39.988799109982295,0.027348222291902962,-8.578484915013618e-05,-7.663958169658487e-05,0.00419705766080934,39.98879732986106,0.027348442967645267,-0.0028171779509661324,0.002559494703578325,0.0012656791320211033,,,,,,,,,,0.0,,,,,,,,,,,,,,,,,,,,,,,,,,,,,,,,,,,,,,,,,,,,,,,,,,,,,,,,,,,,,,,,,,,,,,,,,0.0,0.6931471805599453,-0.022459672383149495,0.698534984459172,-0.0008124855911091161,0.6933515090492286,0.0,116.0,116.0,,,,,,,,,,,,,,,,,,,
q3_rho1.00_sensing_b3,3,1.0,sensing,3,1,0,40,cost0,main,flat-w4-l0.01,flat-w4-l0.01|linear-l10|flat-w4-l0.01|linear-l0.01|flat-w8-l0.01,-0.1034584775335073,0.7140094352843244,0.5875,-0.1034584775335073,-0.09722226561634414,0.012417123709160172,30.983301619013723,0.059930405605889456,-0.0739936707212252,-0.06887733088993034,0.03060229854043981,32.040343532916246,0.05631491210444946,-0.09709243186342609,-0.0910632909871951,0.016773449703662714,31.16906029654809,0.05929226500003338,-0.10177626959110855,-0.09559302501801137,0.01358824870791942,31.030378097089702,0.05976851248415625,-0.31305686624969753,0.10308734274010557,0.10728175618595691,0.0,0.6931471805599453,,,,,0.0,,,0.0,-0.043303489185859335,0.6982641752319388,0.019036713330083898,0.6865027625133413,0.02005913544046695,0.6878626550763093,0.004359085123191222,0.6920484929029487,-0.14831097673006374,0.7314676909714722,-0.03434987247062138,0.6964796975377301,0.02859927514203675,0.6844186047217382,0.012867810672312296,0.6898117541828,-0.06113027459661793,0.7003206317601582,-0.048911001732977286,0.6981514082753874,0.008175685055478398,0.6910358517772028,0.005038399911830716,0.6918707550614429,0.003492733856420474,0.6921826969968704,0.004429167743135456,0.6920701830631302,0.0001932007340245484,0.6931001894222273,0.004162882687053199,0.6920974643767636,0.00274858853183306,0.6924465473735238,-0.000254489232883201,0.6932103005621026,7.0,7.0,7.0,7.0,28.0,28.0,28.0,28.0,33.0,65.0,33.0,65.0,113.0,321.0,113.0,321.0,113.0,113.0,,,,,,,,,,,,,,,,,,,,,,,,,,,,,,,,,,,,,,,,,,,,,,
q3_rho1.00_sensing_b3,3,1.0,sensing,3,5,0,40,cost0,main,linear-l1,linear-l1|linear-l10|flat-w4-l0.01|linear-l0.01|constant,-0.023892840846332357,0.6989954948453061,0.5375,-0.023892840846332357,-0.023834743736621356,-0.013074732444531546,37.07111238572465,0.043428352257315866,-0.021078994249997082,-0.02100693123031553,-0.009025653759239615,37.27173780994072,0.042754612302573804,-0.023407900062780908,-0.02334747439289054,-0.012374338792247924,37.105382427216256,0.04331643168711225,-0.023770217492955777,-0.02371153537317204,-0.012897583089671802,37.07976220843223,0.043400218826116735,-0.10652361032747405,0.058749752756426736,0.04199149764921769,0.0,0.6931471805599453,,,,,0.0,,,0.0,0.061742222155431806,0.672949756893326,0.01961331938234857,0.6905113369790707,0.009048769319747043,0.6913228342797473,0.0021236268938906898,0.6926271670640535,-0.36739751602316906,0.7434710452966453,-0.04487619216877379,0.7066435203573832,-0.014732460069098069,0.6992120068973967,8.512874486475419e-05,0.6933126364959443,-0.04027231338943467,0.7040693386536441,-0.0428724872633955,0.7048454788562092,0.011021051281853864,0.6904392557634261,0.00823311466351453,0.6912266370243987,-0.004674864543886911,0.6949329179437492,-0.012788547806988654,0.6976025865128486,-0.0023539098855157787,0.6938017667199323,0.006648382794549807,0.6915381467892194,0.005105211061339857,0.6920264915443891,-0.0004984755751539949,0.6932794269870073,7.0,7.0,7.0,7.0,28.0,28.0,28.0,28.0,81.0,161.0,81.0,161.0,113.0,321.0,113.0,321.0,113.0,113.0,,,,,,,,,,,,,,,,,,,,,,,,,,,,,,,,,,,,,,,,,,,,,,
q3_rho1.00_sensing_b3,3,1.0,sensing,3,10,0,40,cost2,direct,gru_direct-w4-l0.1-cap5,gru_direct-w4-l0.1-cap5|gru_direct-w4-l0.1-cap5|gru_direct-w4-l0.1-cap5|gru_direct-w4-l0.1-cap5|gru_direct-w4-l0.1-cap5,1.1711698148619705,0.40493438171922475,0.85,1.1711698148619705,1.2441888706972026,1.603471801587483,4.6137303814474375,0.33101354984433473,1.3160256348425972,1.3335097813252679,1.1404974049302665,11.661858189150047,0.18337479424744377,1.2930621936460747,1.310754321733636,1.493144288894916,5.676087669444461,0.29312917197228383,1.2122836468397524,1.265180321322863,1.5737222817901815,4.869145878954035,0.32079839994601184,-0.11301703513016743,2.18054309733868,0.5893857328869629,0.0,0.6931471805599453,1.515207240397053,0.3369696702379075,1.1711698148619705,0.40493438171922475,0.0,113.0,113.0,0.4,,,,,,,,,,,,,,,,,,,,,,,,,,,,,,,,,,,,,,,,,,,,,,,,,,,,,,,,,,,,,,,,,,,,,,,,,,,,,,,,,,,,,,,,,,,,,,,,,,,,
q3_rho1.00_sensing_b3,3,1.0,sensing,3,10,0,40,cost2,main,flat-w4-l0.1,flat-w4-l0.1|gru-w4-l0.01|gru-w4-l0.01|flat-w4-l0.01|flat-w4-l0.1,0.7940207785263326,0.3958688767433151,0.8875,0.7940207785263326,0.932804801751191,1.4171778866780007,2.2526165330109458,0.6473481151519157,1.3240747148181928,1.3969047514901498,0.9893492244983673,8.955364901075981,0.2530210663646883,1.170094448170417,1.1790990675948907,1.3103619760365015,3.2243127097155795,0.5213470727650532,0.9322125601870649,1.0124312636871873,1.3879304106832924,2.4792653170643555,0.6120536589537297,-1.4042004650784083,2.1691482068133072,0.9782738686619111,0.0,0.6931471805599453,,,,,0.0,,,0.3,-20.095097513133243,0.5704607866758715,-5.989858430082899,0.6117006618700467,0.10034182954105964,0.6496754640180682,0.03999401784972646,0.6833128338599073,-51903.67355459466,0.841637168944461,-5.660029799510228,0.5250526038195049,0.3671797453273838,0.5633568359625934,0.17789051757281754,0.6499715080215402,0.4498246071118854,0.44083387666199353,-1.457014583166548,0.4567106572038572,0.992814245438427,0.45650080788263575,0.8323412329624562,0.4600748706492316,1.01941409996593,0.3400166145816296,1.0107234356560468,0.36250807163539706,0.539195925554924,0.5517518234189847,0.4707688340546209,0.5528423614142709,0.26020327575995184,0.6218598248822165,0.012129436134354432,0.6900539108797465,7.0,7.0,7.0,7.0,28.0,28.0,28.0,28.0,141.0,281.0,141.0,281.0,113.0,321.0,113.0,321.0,113.0,113.0,,,,,,,,,,,,,,,,,,,,,,,,,,,,,,,,,,,,,,,,,,,,,,
q3_rho1.00_sensing_b3,3,1.0,sensing,3,10,0,40,cost2,mem1,gru-w4-l0.01-h1,gru-w4-l0.01-h1|gru-w4-l0.01-h1|gru-w4-l0.01-h1|gru-w4-l0.01-h1|gru-w4-l0.01-h1,1.7743819185977265,0.36472514935677924,0.8625,1.7743819185977265,1.9091047213778713,1.340954320695971,5.30629384209497,0.4182165325706935,1.4255595331239637,1.6199116117785723,0.9243575292951981,11.937195719717243,0.2528199524697988,1.6981055961921434,1.8518239898075042,1.2410195455337003,6.291613186811509,0.37930138635652433,1.7541784852158742,1.894165271901754,1.3139643891567632,5.5465742415812,0.40784399634375507,1.1527315824377027,2.331305999171499,0.2991254673922017,,,,,,,,,,0.8,,,,,,,,,,,,,,,,,,,,,,,,,,,,,,,,,,,,,,,,,,,,,,,,,,,,,,,0.0,0.6931471805599453,1.7743819185977265,0.36472514935677924,0.21732835038141302,0.639935643307856,0.0,116.0,116.0,,,,,,,,,,,,,,,,,,,,,,,,,,,,,,,,,,,,,
q3_rho1.00_sensing_b3,3,1.0,sensing,3,10,0,40,cost2,mem2,gru-w4-l0.01-h2,gru-w4-l0.01-h2|gru-w4-l0.01-h2|gru-w4-l0.01-h2|gru-w4-l0.01-h2|gru-w4-l0.01-h2,1.8943825897933109,0.34109829724504426,0.85,1.8943825897933109,1.9465442100698673,1.6051888878557292,2.9525871590245005,0.5737905757510285,1.5354540997086965,1.7262586595168228,1.037807765296342,9.397368929688403,0.2918680788317449,1.8316043464786405,1.9253487257815591,1.4587125568235646,3.7762312980107353,0.502443620115223,1.8794650859912256,1.9426244485371464,1.5648505048404284,3.1462365085327724,0.5546435412471595,0.9691792865536946,2.610586012893204,0.42628691416250203,,,,,,,,,,0.7,,,,,,,,,,,,,,,,,,,,,,,,,,,,,,,,,,,,,,,,,,,,,,,,,,,,,,,,,,,,,,,,0.0,0.6931471805599453,1.8943825897933109,0.34109829724504426,0.46722075860153145,0.578411732227065,0.0,116.0,116.0,,,,,,,,,,,,,,,,,,,,,,,,,,,,
q3_rho1.00_sensing_b3,3,1.0,sensing,3,10,0,40,cost2,mem4,gru-w4-l0.01-h4,gru-w4-l0.01-h4|gru-w4-l0.01-h4|gru-w4-l0.01-h4|gru-w4-l0.01-h4|gru-w4-l0.01-h4,1.5398433347982052,0.3556790724126704,0.875,1.5398433347982052,1.5422168824992986,1.6103338705094032,2.281441635546318,0.6551829503679691,1.4940767744813233,1.6197182149576406,1.0728174777084016,9.300859398850804,0.27813459118732986,1.6326845208927026,1.6473425604870948,1.4710945126491242,3.155008526735526,0.5498148532763375,1.5776153208667094,1.5776314081135212,1.5719537841402438,2.4802250558577734,0.6266687796912511,0.04996442348123963,2.538427559287814,0.6678876778717352,,,,,,,,,,0.9,,,,,,,,,,,,,,,,,,,,,,,,,,,,,,,,,,,,,,,,,,,,,,,,,,,,,,,,,,,,,,,,,,,,,,,,,0.0,0.6931471805599453,1.5398433347982052,0.3556790724126704,0.5877784585831565,0.5451820757750625,0.0,116.0,116.0,,,,,,,,,,,,,,,,,,,
q3_rho1.00_sensing_b3,3,1.0,sensing,3,1,0,40,cost2,main,flat-w4-l0.01,flat-w4-l0.01|flat-w8-l0.1|linear-l0.01|flat-w4-l0.01|linear-l0.01,-0.025994596900770363,0.7083018821259439,0.4875,-0.025994596900770363,-0.02599448695998846,-0.02552560829802558,36.485419025527754,0.0497072396812832,-0.009090922153964353,-0.009090262813955696,-0.0079421446149463,36.70013900094492,0.04840421573071071,-0.02206372655468235,-0.022063554405654762,-0.021476842616310655,36.52211534666796,0.049487892378400934,-0.024944467217870102,-0.0249443428592966,-0.02444566881147471,36.49468239146183,0.04965199245723082,-0.1685447536706762,0.10721732673360873,0.06961711296256343,0.0,0.6931471805599453,,,,,0.0,,,0.02,0.03852166202930122,0.6904834627478726,0.022055594459147225,0.6897162376577695,0.00986327757200504,0.6908604911684275,0.0025400137980046674,0.6925115519673943,-0.07255342383899518,0.7289888694535195,0.019696346582151896,0.6935059476992758,0.012173615075140231,0.6911990304874791,0.005171936234233396,0.6918844197525045,-0.007563674255336839,0.7005346304316304,-0.04036638739810411,0.7104674449578573,0.004106903970027773,0.6921232214724478,0.0014221971256436095,0.6927945132086255,-0.006571344843578836,0.6951749943121337,-0.0016083336190853476,0.694071321751338,0.00038050421002001065,0.6930519973735686,0.003313286232973242,0.6922999970767225,-0.000998135910491005,0.6933894256118682,-0.00026705943843374216,0.6932133357958556,7.0,7.0,7.0,7.0,28.0,28.0,28.0,28.0,33.0,65.0,33.0,65.0,113.0,321.0,113.0,321.0,113.0,113.0,,,,,,,,,,,,,,,,,,,,,,,,,,,,,,,,,,,,,,,,,,,,,,
q3_rho1.00_sensing_b3,3,1.0,sensing,3,5,0,40,cost2,main,quadratic-l0.1,quadratic-l0.1|constant|linear-l0.01|quadratic-l0.01|flat-w4-l0.01,-2.2993771191123265,0.7344628684430223,0.575,-2.2993771191123265,-0.9554220167198663,0.3350216914790406,2.2699163885697753,0.659390557946318,-0.10959575042426577,-0.06752887805224103,0.20915917542157417,20.880873306547375,0.1344094656104127,-0.8449874295137481,-0.46477528465960943,0.2969227565399361,4.949628076756871,0.43225315846495405,-1.697145006738431,-0.7816565614618677,0.32396911705624276,2.7870831114224894,0.5921697798805077,-7.4082017106217055,0.4292670736331419,2.4477857587448213,0.0,0.6931471805599453,,,,,0.0,,,0.04,0.23592589601255884,0.6350599349606277,0.03912725237933319,0.678548930680236,0.007692702007272123,0.690779546934978,0.001639362843254058,0.6927313588751461,-1.9630189497522306,0.7261604538621385,0.20934355111986164,0.6417719633203349,0.12149397085084224,0.6644293671713652,0.02054258726811382,0.687981278449852,-0.06993610656494786,0.6919388215203084,-0.08352285798537425,0.7059129976591655,0.005457425541089631,0.690261734273167,-0.00812902521500507,0.6928434091292376,-0.11695794198047119,0.7084544366177828,-0.49395534877522096,0.7483367429396698,-0.00022583403492872355,0.6931854704493113,0.0004732437197058459,0.6930090631134546,-0.01857320388197311,0.6982572068910586,-0.00025246173985496445,0.693209803438475,7.0,7.0,7.0,7.0,28.0,28.0,28.0,28.0,81.0,161.0,81.0,161.0,113.0,321.0,113.0,321.0,113.0,113.0,,,,,,,,,,,,,,,,,,,,,,,,,,,,,,,,,,,,,,,,,,,,,,
q3_rho1.00_sensing_b3,3,1.0,sensing,3,10,0,40,endpoint,main,linear-l0.1,linear-l0.01|linear-l0.01|linear-l0.1|linear-l0.1|linear-l0.1,0.22207127598924284,0.47107590457070253,0.8,,,,,,,,,,,,,,,,,,,,,0.14415761084506823,0.29431021129462753,0.03804837937178286,0.0,0.6931471805599453,,,,,0.0,,,0.5,0.2550123551974164,0.4381348129305863,0.19981501840134658,0.49333216215859876,0.08107505972665308,0.6120721208332922,0.013500347134605874,0.6796468334253394,0.26153555670177175,0.4316116238581736,0.24449099725872436,0.4486561833012209,0.14155701565073656,0.5515901649092086,0.03157659321203327,0.6615705873479121,,,,,,,,,,,,,,,,,,,,,3.0,3.0,3.0,3.0,6.0,6.0,6.0,6.0,,,,,,,,,,,,,,,,,,,,,,,,,,,,,,,,,,,,,,0.15511383390487957,0.22207127598924284,0.0,0.22207083377818665,0.0125,0.22207127598924284,0.0,0.26600112173235824,0.4271460588275871,0.2666662601637264,0.4264809203962189,0.18084892348204437,0.5122982570779009,0.18638242472613875,0.5067647558338065,17.0,33.0,17.0,33.0
q3_rho1.00_sensing_b3,3,1.0,sensing,3,1,0,40,endpoint,main,constant,constant|constant|constant|linear-l1|constant,-0.0008384418818255232,0.6939856224417709,0.475,,,,,,,,,,,,,,,,,,,,,-0.002614763077832329,0.0004180113824240232,0.0007898203023197162,0.0,0.6931471805599453,,,,,0.0,,,0.0,-0.014179726581666077,0.7073269071416114,-0.010230009510837853,0.7033771900707831,-0.003503239650194083,0.6966504202101393,-0.0004626708394308496,0.6936098513993761,-0.010375517131185336,0.7035226976911306,-0.007675873311897827,0.7008230538718431,-0.004391567009440494,0.6975387475693857,-0.000779092277658193,0.6939262728376034,,,,,,,,,,,,,,,,,,,,,3.0,3.0,3.0,3.0,6.0,6.0,6.0,6.0,,,,,,,,,,,,,,,,,,,,,,,,,,,,,,,,,,,,,,0.2504191917416241,-0.0008384418818255232,0.0,-0.0008384418818255232,0.0,-0.0008384418818255232,0.0,-0.007784805202749131,0.7009319857626946,-0.0027539048944962563,0.6959010854544415,-0.0053148283384552185,0.6984620088984005,-0.0010137063313028036,0.694160886891248,17.0,33.0,17.0,33.0
q3_rho1.00_sensing_b3,3,1.0,sensing,3,2,0,40,endpoint,main,constant,linear-l1|constant|mlp-w4-l0.1|constant|constant,-0.0030594592829028475,0.6962066398428481,0.4625,,,,,,,,,,,,,,,,,,,,,-0.009381184336268254,0.002592653117240698,0.003013324562545358,0.0,0.6931471805599453,,,,,0.0,,,0.0,-0.009737315986534269,0.7028844965464796,-0.0024963398217647467,0.69564352038171,0.00015603917843322324,0.6929911413815121,8.54779185258156e-05,0.6930617026414194,-0.04580600813212615,0.7389531886920714,-0.014443987289144028,0.7075911678490894,-0.002009136037398622,0.695156316597344,-4.920483573843948e-05,0.6931963853956837,,,,,,,,,,,,,,,,,,,,,3.0,3.0,3.0,3.0,6.0,6.0,6.0,6.0,,,,,,,,,,,,,,,,,,,,,,,,,,,,,,,,,,,,,,0.25152516725619795,-0.0030594592829028475,0.0,-0.0030594592829028475,0.0,-0.0030594592829028475,0.0,0.0013283938521574945,0.6918187867077878,-0.002555208803627014,0.6957023893635723,0.0018728702096166504,0.6912743103503287,-0.0014427280871805142,0.6945899086471258,17.0,33.0,17.0,33.0
q3_rho1.00_sensing_b3,3,1.0,sensing,3,3,0,40,endpoint,main,mlp-w4-l0.1,mlp-w4-l0.01|mlp-w4-l0.1|quadratic-l0.1|quadratic-l1|mlp-w4-l0.1,0.013411282903254296,0.679735897656691,0.6125,,,,,,,,,,,,,,,,,,,,,-0.014601631980270556,0.04006449817329639,0.013893610534433918,0.0,0.6931471805599453,,,,,0.0,,,0.0,-0.010948912047998497,0.7040960926079438,-0.0009609591133457232,0.694108139673291,0.003980185205180271,0.689166995354765,0.0008512348089459762,0.6922959457509993,0.04260146995725232,0.650545710602693,0.03764965806803506,0.6554975224919103,0.013937808399170262,0.679209372160775,0.0029109409809617653,0.6902362395789835,,,,,,,,,,,,,,,,,,,,,3.0,3.0,3.0,3.0,6.0,6.0,6.0,6.0,,,,,,,,,,,,,,,,,,,,,,,,,,,,,,,,,,,,,,0.2427954340221786,0.013411282903254296,0.0,0.013411282903254296,0.0,0.013411282903254296,0.0,0.02161431088604577,0.6715328696738995,0.019853149223160952,0.6732940313367843,0.013727913343962334,0.679419267215983,0.0071290599587755955,0.6860181206011697,17.0,33.0,17.0,33.0
q3_rho1.00_sensing_b3,3,1.0,sensing,3,4,0,40,endpoint,main,mlp-w4-l0.1,linear-l0.1|mlp-w4-l0.1|mlp-w4-l0.1|linear-l0.1|mlp-w4-l0.1,0.004818312935622586,0.6883288676243227,0.55,,,,,,,,,,,,,,,,,,,,,-0.019489730114454294,0.025912454350841104,0.011914958499838564,0.0,0.6931471805599453,,,,,0.0,,,0.0,0.0008829233295813213,0.6922642572303641,0.006627322068376604,0.6865198584915686,0.005374721461972801,0.6877724590979726,0.0009612366323654808,0.6921859439275799,-0.026915340949846805,0.720062521509792,0.002425332162348733,0.6907218483975965,0.007098110256252269,0.686049070303693,0.0019862694499476045,0.6911609111099978,,,,,,,,,,,,,,,,,,,,,3.0,3.0,3.0,3.0,6.0,6.0,6.0,6.0,,,,,,,,,,,,,,,,,,,,,,,,,,,,,,,,,,,,,,0.2470224598644172,0.004818312935622586,0.0,0.004818312935622586,0.0,0.004818312935622586,0.0,0.008596951565241526,0.6845502289947036,0.008230088690520849,0.6849170918694243,0.009397933022047344,0.683749247537898,0.002599172958302086,0.6905480076016431,17.0,33.0,17.0,33.0
q3_rho1.00_sensing_b3,3,1.0,sensing,3,5,0,40,endpoint,main,mlp-w4-l0.01,mlp-w4-l0.01|mlp-w4-l0.01|quadratic-l1|mlp-w4-l0.01|mlp-w4-l0.01,0.03424317484410246,0.6589040057158428,0.6375,,,,,,,,,,,,,,,,,,,,,-0.030470395371468683,0.08809369866460341,0.030009846216358882,0.0,0.6931471805599453,,,,,0.0,,,0.0,-0.012682265694532995,0.7058294462544783,0.004294729153779783,0.6888524514061655,0.009184293962715171,0.6839628865972301,0.0017459796840562341,0.691401200875889,-0.028536341411549482,0.7216835219714948,0.013579520317164872,0.6795676602427805,0.018900257127478053,0.6742469234324673,0.004685306913864188,0.6884618736460811,,,,,,,,,,,,,,,,,,,,,3.0,3.0,3.0,3.0,6.0,6.0,6.0,6.0,,,,,,,,,,,,,,,,,,,,,,,,,,,,,,,,,,,,,,0.23167992429822792,0.03424317484410246,0.0,0.03424317484410246,0.0,0.03424317484410246,0.0,0.03740878095335273,0.6557383996065926,0.02846339446029577,0.6646837860996495,0.017742631307909255,0.675404549252036,0.012237553060472877,0.6809096274994724,17.0,33.0,17.0,33.0
q3_rho1.00_sensing_b3,3,1.0,sensing,3,6,0,40,endpoint,main,mlp-w4-l0.01,mlp-w4-l0.01|mlp-w4-l0.01|mlp-w4-l0.01|mlp-w4-l0.01|quadratic-l0.01,-0.019145182063348885,0.7122923626232941,0.6625,,,,,,,,,,,,,,,,,,,,,-0.3412035502486873,0.1704543826986607,0.14133235989427434,0.0,0.6931471805599453,,,,,0.0,,,0.1,0.010486891711770165,0.6826602888481752,0.022295180589723095,0.6708519999702223,0.017571309008888984,0.6755758715510563,0.0032780852582678446,0.6898690953016775,-0.03814395482272235,0.7312911353826677,0.03936400697692736,0.653783173583018,0.037726158513172264,0.655421022046773,0.008504280605080692,0.6846428999548646,,,,,,,,,,,,,,,,,,,,,3.0,3.0,3.0,3.0,6.0,6.0,6.0,6.0,,,,,,,,,,,,,,,,,,,,,,,,,,,,,,,,,,,,,,0.2034586546769856,-0.019145182063348885,0.0,0.011537047999685057,0.0125,-0.019145182063348885,0.0,0.11090327350549303,0.5822439070544523,0.10542727725361556,0.5877199033063297,0.03835283858225992,0.6547943419776854,0.03470109869478344,0.6584460818651618,17.0,33.0,17.0,33.0
q3_rho1.00_sensing_b3,3,1.0,sensing,3,7,0,40,endpoint,main,mlp-w4-l0.01,mlp-w4-l0.01|mlp-w4-l0.01|mlp-w4-l0.01|mlp-w4-l0.01|mlp-w4-l0.01,0.15241797458168732,0.5407292059782579,0.7375,,,,,,,,,,,,,,,,,,,,,0.04892735310563575,0.2577670656693473,0.053392072492202916,0.0,0.6931471805599453,,,,,0.0,,,0.3,0.060118418355351214,0.633028762204594,0.05945702361648172,0.6336901569434635,0.03367971360109554,0.6594674669588498,0.0066123502023872575,0.686534830357558,-0.025021350010052457,0.8731036498021068,0.09384519770879578,0.5993019828511496,0.05760734133959293,0.6355398392203524,0.015353445394172067,0.6777937351657732,,,,,,,,,,,,,,,,,,,,,3.0,3.0,3.0,3.0,6.0,6.0,6.0,6.0,,,,,,,,,,,,,,,,,,,,,,,,,,,,,,,,,,,,,,0.1747994191771422,0.15241797458168732,0.0,0.15241797458168732,0.0,0.15241797458168732,0.0,0.15241797458168732,0.5407292059782579,0.14114228162737397,0.5520048989325714,0.06665519065097333,0.626491989908972,0.06454697049822172,0.6286002100617235,17.0,33.0,17.0,33.0
q3_rho1.00_sensing_b3,3,1.0,sensing,3,8,0,40,endpoint,main,linear-l0.1,quadratic-l0.1|quadratic-l0.1|linear-l0.1|linear-l0.1|linear-l0.1,0.14475074343219546,0.5483964371277498,0.7375,,,,,,,,,,,,,,,,,,,,,0.05599016399112026,0.21944645791453601,0.04171362193790861,0.0,0.6931471805599453,,,,,0.0,,,0.4,0.14596440056540863,0.5471827701596309,0.12765774502549151,0.5654894355344537,0.05769492528109573,0.6354522552788495,0.010259164269387005,0.6828880162905582,0.10106253492232567,0.5920846456376196,0.15350199887004265,0.5396451816899026,0.09800472965883389,0.5951424509011114,0.023936054667404096,0.6692111258925413,,,,,,,,,,,,,,,,,,,,,3.0,3.0,3.0,3.0,6.0,6.0,6.0,6.0,,,,,,,,,,,,,,,,,,,,,,,,,,,,,,,,,,,,,,0.18442567899512013,0.14475074343219546,0.0,0.1447504879276313,0.0125,0.14475074343219546,0.0,0.17441096805938142,0.5187362125005639,0.16864304316949394,0.5245041373904514,0.10570270851436536,0.5874444720455798,0.10812103464118397,0.5850261459187613,17.0,33.0,17.0,33.0
q3_rho1.00_sensing_b3,3,1.0,sensing,3,9,0,40,endpoint,main,linear-l0.1,linear-l0.1|mlp-w4-l0.01|linear-l0.1|quadratic-l0.1|linear-l0.1,0.1704017118374575,0.5227454687224877,0.7875,,,,,,,,,,,,,,,,,,,,,0.09505200621801564,0.24878233131243244,0.04005922942660889,0.0,0.6931471805599453,,,,,0.0,,,0.15,0.19492959200817023,0.49821758855177506,0.16426320322642254,0.5288839773335228,0.06879263368938802,0.6243545468705574,0.011397468357182864,0.6817497122027625,0.17227107073177012,0.5208761098281751,0.19519130504581392,0.4979558755141314,0.11910743659941314,0.5740397439605321,0.026927173435073504,0.6662200071248717,,,,,,,,,,,,,,,,,,,,,3.0,3.0,3.0,3.0,6.0,6.0,6.0,6.0,,,,,,,,,,,,,,,,,,,,,,,,,,,,,,,,,,,,,,0.17326623291816187,0.1704017118374575,0.0,0.1704017118374575,0.0,0.1704017118374575,0.0,0.20135728918865947,0.49178989137128576,0.20173636812727688,0.49141081243266826,0.14213289355380707,0.5510142870061381,0.1450124232881517,0.5481347572717936,17.0,33.0,17.0,33.0
q3_rho1.00_sensing_b3,3,1.0,sensing,3,10,0,40,mixture,diag,gru-w4-l0.01,gru-w4-l0.01|gru-w4-l0.01|gru-w4-l0.01|gru-w4-l0.01|gru-w4-l0.01,0.1361150056307901,0.6193760042462839,0.7125,0.1361150056307901,0.17218881906908134,0.42928668961292316,7.732853920335995,0.2749241760447134,0.3703964170670385,0.3724010747930692,0.3084065884466553,17.596116021209582,0.15142264612968112,0.22452870315009235,0.2387970188630077,0.40309972537736555,9.383221782796735,0.24106893041662594,0.1624207967304197,0.19130028364417778,0.4223781859791876,8.14009061187464,0.2655652681811263,-0.7838268924513652,0.7796709516957961,0.41164881257443864,0.0,0.6931471805599453,,,,,0.0,,,0.1,0.16996615122833797,0.6346891961430359,-0.12248085350652223,0.6737278673820188,0.0246438585821288,0.6844301185761721,0.007713450861995377,0.6912217423633868,-287.54342974083727,0.723682058531766,-0.9839663299149576,0.6393867976233641,0.10524191963489096,0.6596829327030356,0.04121104510389537,0.6830101919368755,,,,,,,,,0.1361150056307901,0.6193760042462839,,,0.04435277784796453,0.6807665907561777,,,,,,,7.0,7.0,7.0,7.0,28.0,28.0,28.0,28.0,,,,,113.0,,113.0,,,,,,,,,,,,,,,,,,,,,,,,,,,,,,,,,,,,,,,,,,,,,,,,,
q3_rho1.00_sensing_b3,3,1.0,sensing,3,1,0,40,mixture,diag,constant,linear-l1|constant|linear-l0.01|linear-l0.1|constant,0.010261776371555297,0.6897869152146138,0.5,0.010261776371555297,0.010627800121602651,0.03756271673524032,37.749639825718965,0.04518381949532796,0.010058825503427122,0.010411275287375142,0.0368442548325932,37.8572961059987,0.04435491226639852,0.010225555200648656,0.010589283568837524,0.03743998974041922,37.76760088651177,0.04504595680600465,0.010252563241942675,0.010618008464795617,0.0375317258807933,37.754157637305816,0.0451491583441246,-0.06047848374595688,0.08315368250370288,0.037227782924467344,0.0,0.6931471805599453,,,,,0.0,,,0.0,0.0547120023536344,0.6792059885596562,0.04284133941497712,0.6820902860907649,0.02086995413780337,0.6877947672700575,0.004391439382042814,0.6920419453228185,0.009602025397652137,0.6892242878812496,0.04004362093541669,0.6824881658177538,0.033191315276514845,0.6846765415837314,0.011424592047765577,0.6902522556990671,,,,,,,,,0.004697323052677696,0.6917866078219046,,,0.0007342143774790088,0.6929647438165124,,,,,,,7.0,7.0,7.0,7.0,28.0,28.0,28.0,28.0,,,,,113.0,,113.0,,,,,,,,,,,,,,,,,,,,,,,,,,,,,,,,,,,,,,,,,,,,,,,,,
q3_rho1.00_sensing_b3,3,1.0,sensing,3,5,0,40,mixture,diag,linear-l0.01,linear-l0.01|constant|linear-l0.01|quadratic-l0.1|linear-l1,0.019750322381017114,0.6885874111736855,0.50625,0.019750322381017114,0.026130905679092514,0.13700882301508446,35.371812325888826,0.05536220433022276,0.018201063588027366,0.023770653154334687,0.12748863360247564,35.82520143292253,0.05265698934664622,0.019411951583489052,0.02564901736127545,0.13529577519508196,35.45139331373443,0.05489072251047011,0.019661499372867396,0.026005653800933726,0.13657243854128637,35.391986053338094,0.05524281415185046,-0.11321088073206306,0.1351281868297049,0.06331276391899109,0.0,0.6931471805599453,,,,,0.0,,,0.0,0.1405017568400509,0.6579592049711905,0.03239159670689825,0.6846678453905168,0.0014210110052130464,0.6927845043454888,-7.832102663913043e-05,0.6931668719057059,0.008883474626411125,0.6823554079648659,0.1373666479918858,0.6615195238515784,0.03028917043406375,0.6858670683670858,0.001355860540851747,0.6928083261883238,,,,,,,,,-0.00451688756420697,0.6940881540579882,,,-0.0009694401174385276,0.6933870357121392,,,,,,,7.0,7.0,7.0,7.0,28.0,28.0,28.0,28.0,,,,,113.0,,113.0,,,,,,,,,,,,,,,,,,,,,,,,,,,,,,,,,,,,,,,,,,,,,,,,,
q3_rho1.00_sensing_b3,3,1.0,sensing,3,10,0,40,pathinfo,diag,linear-l0.1,linear-l0.1|gru-w4-l0.01|linear-l0.1|linear-l0.1|gru-w4-l0.01,0.208726354616122,0.4844208259438233,0.8125,,,,,,,,,,,,,,,,,,,,,0.11868332877867538,0.2949726874077653,0.044599751969565886,0.0,0.6931471805599453,,,,,0.0,,,0.7,0.25471363023836063,0.43843353789005546,0.20051568189128197,0.49263149866866324,0.08958428976086284,0.6035628907990824,0.01767647281851325,0.6754707077414321,0.09436559738131663,0.7655411625011521,0.25815335535237116,0.43499382520757407,0.1835382530402095,0.5096089275197357,0.06277875846057931,0.6303684220993659,,,,,,,,,0.2666881806511639,0.42645899990878144,,,0.16946881931295316,0.5236783612469921,,,,,,,7.0,7.0,7.0,7.0,28.0,28.0,28.0,28.0,,,,,113.0,,113.0,,,,,,,,,,,,,,,,,,,,,,,,,,,,,,,0.1572719630380289,0.208726354616122,0.0,0.208726354616122,0.0,0.208726354616122,0.0,,,,,,,,,,,,
q3_rho1.00_sensing_b3,3,1.0,sensing,3,1,0,40,pathinfo,diag,constant,constant|constant|constant|linear-l1|constant,-0.001422724179062193,0.6945699047390075,0.475,,,,,,,,,,,,,,,,,,,,,-0.00458474192609951,0.0007159887502259557,0.0013693188861045634,0.0,0.6931471805599453,,,,,0.0,,,0.0,-0.03432680749836266,0.727473988058308,-0.018863328873902796,0.712010509433848,-0.005874085342895577,0.6990212659028409,-0.0008949916780331968,0.6940421722379785,-0.04133325435155051,0.7344804349114957,-0.015169963105812454,0.7083171436657578,-0.010760669506686728,0.703907850066632,-0.002629491230119918,0.6957766717900652,,,,,,,,,-0.0031261017177707266,0.696273282277716,,,-0.0001930267673618813,0.6933402073273072,,,,,,,7.0,7.0,7.0,7.0,28.0,28.0,28.0,28.0,,,,,113.0,,113.0,,,,,,,,,,,,,,,,,,,,,,,,,,,,,,,0.2507108182805302,-0.001422724179062193,0.0,-0.001422724179062193,0.0,-0.001422724179062193,0.0,,,,,,,,,,,,
q3_rho1.00_sensing_b3,3,1.0,sensing,3,5,0,40,pathinfo,diag,gru-w4-l0.01,quadratic-l0.1|gru-w4-l0.01|quadratic-l10|gru-w4-l0.01|gru-w4-l0.01,-0.0162669606239697,0.709414141183915,0.625,,,,,,,,,,,,,,,,,,,,,-0.14341123650749624,0.0711800140173022,0.056910153033250886,0.0,0.6931471805599453,,,,,0.0,,,0.1,-0.02804846758838895,0.7211956481483341,0.0005058972075120294,0.6926412833524334,0.009156564424417982,0.6839906161355274,0.002197064555427515,0.6909501160045177,-0.0861849496351508,0.7793321301950961,-0.007848962484712247,0.7009961430446575,0.023114883973325874,0.6700322965866194,0.00992990918832028,0.683217271371625,,,,,,,,,0.019317818755780175,0.6738293618041651,,,0.005404522938975446,0.6877426576209699,,,,,,,7.0,7.0,7.0,7.0,28.0,28.0,28.0,28.0,,,,,113.0,,113.0,,,,,,,,,,,,,,,,,,,,,,,,,,,,,,,0.24349767882707316,-0.0162669606239697,0.0,-0.0162669606239697,0.0,-0.0162669606239697,0.0,,,,,,,,,,,,
