figure_id,study,path_below_results_root,sha256
A001,santa_fe_beta_cmi,studies/santa_fe_beta_cmi/plots/beta_cmi/action_support_fraction_competition_baseline_rho_0.75.png,75bd3b972346746cc281e01604ae942c67c603d11c758c65b3cc536f5438c419
A002,santa_fe_beta_cmi,studies/santa_fe_beta_cmi/plots/beta_cmi/action_support_fraction_competition_baseline_rho_1.png,3c76790b687ffecd0d7661a5c2b31d45cf59f309c7a1c30a13458fd6517ee6c7
A003,santa_fe_beta_cmi,studies/santa_fe_beta_cmi/plots/beta_cmi/action_support_fraction_competition_high_rho_0.75.png,5d31832d10bd63fe134d684a2187885dc344cb52a045ea892a5adec74f590440
A004,santa_fe_beta_cmi,studies/santa_fe_beta_cmi/plots/beta_cmi/action_support_fraction_competition_high_rho_1.png,8ef0cf1dc436aa673d9634d002b0fe6c542160d47e366ca9e128b193e751f7ce
A005,santa_fe_beta_cmi,studies/santa_fe_beta_cmi/plots/beta_cmi/action_support_fraction_competition_low_rho_0.75.png,f41190c7ac767bd9aa4affb4e3e56159388bba17715e0a0f3d0a760d6dc3155e
A006,santa_fe_beta_cmi,studies/santa_fe_beta_cmi/plots/beta_cmi/action_support_fraction_competition_low_rho_1.png,9c3fc522811b84d71667ab8b2c82e770ea07e6031e7baed9739d90956e2f47bb
A007,santa_fe_beta_cmi,studies/santa_fe_beta_cmi/plots/beta_cmi/action_support_fraction_evidence_dominated_rho_0.75.png,1bee72592c63be1a50155056ce5f90340f419868e491978d0480934e1dbc085e
A008,santa_fe_beta_cmi,studies/santa_fe_beta_cmi/plots/beta_cmi/action_support_fraction_evidence_dominated_rho_1.png,665588350a774e7065ba1714f4b39e8ee50ba914f9139a1e44524ee06cec4495
A009,santa_fe_beta_cmi,studies/santa_fe_beta_cmi/plots/beta_cmi/action_support_fraction_social_dominated_rho_0.75.png,c400b65debb1046cadfc0f7af78f27d024d3e38edaa053b103accd6016305056
A010,santa_fe_beta_cmi,studies/santa_fe_beta_cmi/plots/beta_cmi/action_support_fraction_social_dominated_rho_1.png,1bb285268209f108ba13caeb61d5ea6716354ae2e8a7c2594f3e572854f19c0f
A011,santa_fe_beta_cmi,studies/santa_fe_beta_cmi/plots/beta_cmi/chi_empirical_competition_baseline_rho_0.75.png,76d2427ca769c76f107a01f98ed2d8fd0d872eda903386f18d4af5a717a2db8f
A012,santa_fe_beta_cmi,studies/santa_fe_beta_cmi/plots/beta_cmi/chi_empirical_competition_baseline_rho_1.png,7f1f0dd367918e1b790e23bf588f12704d665b73cf90998a6a6b746ead5d23e9
A013,santa_fe_beta_cmi,studies/santa_fe_beta_cmi/plots/beta_cmi/chi_empirical_competition_high_rho_0.75.png,2258a75b140d98cb902f299ce4c8744554fa9a2df8912edead062ca8ba4940e3
A014,santa_fe_beta_cmi,studies/santa_fe_beta_cmi/plots/beta_cmi/chi_empirical_competition_high_rho_1.png,ea710332fae1d95afe3b91512158c463da9f652f8d03f5dd2ebe9a54f972dbd2
A015,santa_fe_beta_cmi,studies/santa_fe_beta_cmi/plots/beta_cmi/chi_empirical_competition_low_rho_0.75.png,79bf9f7b6b0f3cc69043ac35288ed637860582952ce6d8d12faeedddfb49429b
A016,santa_fe_beta_cmi,studies/santa_fe_beta_cmi/plots/beta_cmi/chi_empirical_competition_low_rho_1.png,fb59c5ddffdb5d8e5c189b5a3696d42112cfedc434becd46f570fdbb3d11e92c
A017,santa_fe_beta_cmi,studies/santa_fe_beta_cmi/plots/beta_cmi/chi_empirical_evidence_dominated_rho_0.75.png,807afe026dc431e186a34a7888bae11dbd2a549845a3e29d10dfc15dd4e9a2e0
A018,santa_fe_beta_cmi,studies/santa_fe_beta_cmi/plots/beta_cmi/chi_empirical_evidence_dominated_rho_1.png,a1333bab5f919ae9b1d4abefded8f3724f3915c4a948fca547ee0851738a8cf0
A019,santa_fe_beta_cmi,studies/santa_fe_beta_cmi/plots/beta_cmi/chi_empirical_social_dominated_rho_0.75.png,3f0c9f509608bad66bb4e9daaccf0bd2c0d63042aae3101de01bdd1321df9234
A020,santa_fe_beta_cmi,studies/santa_fe_beta_cmi/plots/beta_cmi/chi_empirical_social_dominated_rho_1.png,1be352b01919c2fd49fe9279ad9260744bb73a841db38bfe4952baf3c1b8a942
A021,santa_fe_beta_cmi,studies/santa_fe_beta_cmi/plots/beta_cmi/estimate_minus_null_competition_baseline_rho_0.75.png,ea77966f5951d139085ae7b97f0e2946878e2471ff89b74a55196653c83fc417
A022,santa_fe_beta_cmi,studies/santa_fe_beta_cmi/plots/beta_cmi/estimate_minus_null_competition_baseline_rho_1.png,a0e06d27a4ba496999343b34fc0d708f1b749404334b92cb8d04fb787552af81
A023,santa_fe_beta_cmi,studies/santa_fe_beta_cmi/plots/beta_cmi/estimate_minus_null_competition_high_rho_0.75.png,218cb919cff5c30de29ef07c19180b59d53e2e1c8cd6e9e79c114e1800db503e
A024,santa_fe_beta_cmi,studies/santa_fe_beta_cmi/plots/beta_cmi/estimate_minus_null_competition_high_rho_1.png,1cce9e7787e824c6643a9689bec4fb28f524640d449f256d33d043ef8114823c
A025,santa_fe_beta_cmi,studies/santa_fe_beta_cmi/plots/beta_cmi/estimate_minus_null_competition_low_rho_0.75.png,31bac924e7f17817f27bfe32e29ff1a248d83183bada3dd75869ef14471b1c64
A026,santa_fe_beta_cmi,studies/santa_fe_beta_cmi/plots/beta_cmi/estimate_minus_null_competition_low_rho_1.png,4ec36d6e693857fece94245878377515211ede8f31d40904baa9fc55f5625f3f
A027,santa_fe_beta_cmi,studies/santa_fe_beta_cmi/plots/beta_cmi/estimate_minus_null_evidence_dominated_rho_0.75.png,a484e993fff79cb58adc1d069a92cd95bd1aa6415105f24ec17e916cc60f9f0b
A028,santa_fe_beta_cmi,studies/santa_fe_beta_cmi/plots/beta_cmi/estimate_minus_null_evidence_dominated_rho_1.png,c57e574460c6a0b2e5016419a428d6781013120313a358f9b6506014e0c9f8c1
A029,santa_fe_beta_cmi,studies/santa_fe_beta_cmi/plots/beta_cmi/estimate_minus_null_social_dominated_rho_0.75.png,9500a0a5d9dc4073e0301394afee905ba82afbefed632941c0f424f77962a492
A030,santa_fe_beta_cmi,studies/santa_fe_beta_cmi/plots/beta_cmi/estimate_minus_null_social_dominated_rho_1.png,1909fb23fe97c0d7ba27cfb7fc35316f4af7d312328a0a51f667e2c821f31eb9
A031,santa_fe_beta_cmi,studies/santa_fe_beta_cmi/plots/beta_cmi/final_target_share_competition_baseline_rho_0.75.png,23db84d45ca5e53670f779b2496e72c9e8dc9172d5f9feaa649751e14c875c89
A032,santa_fe_beta_cmi,studies/santa_fe_beta_cmi/plots/beta_cmi/final_target_share_competition_baseline_rho_1.png,32d2d56c45ddc914489a5c6c8b304652d9573e0d95c67c2c33b9cd2f65d29978
A033,santa_fe_beta_cmi,studies/santa_fe_beta_cmi/plots/beta_cmi/final_target_share_competition_high_rho_0.75.png,e3cdd0834b42cc8df44cf22fd71fe2e70447df35499980c9a78670652da6f131
A034,santa_fe_beta_cmi,studies/santa_fe_beta_cmi/plots/beta_cmi/final_target_share_competition_high_rho_1.png,b0852b0143f4f053e2ebc373d7ae4832338e260efb630a231653c588138d0642
A035,santa_fe_beta_cmi,studies/santa_fe_beta_cmi/plots/beta_cmi/final_target_share_competition_low_rho_0.75.png,ecafc0346c463d90e3df5aad2555282b8c8be63d776354c97c63bc041fac3f82
A036,santa_fe_beta_cmi,studies/santa_fe_beta_cmi/plots/beta_cmi/final_target_share_competition_low_rho_1.png,9021a58db3ac19886d2c48467be30a6ea3bffe474cc85bff26401d78750b0b93
A037,santa_fe_beta_cmi,studies/santa_fe_beta_cmi/plots/beta_cmi/final_target_share_evidence_dominated_rho_0.75.png,35f9eeab97974cdb1ffafd1501f111b2b2b504227f66081fa426474c8d3cefe9
A038,santa_fe_beta_cmi,studies/santa_fe_beta_cmi/plots/beta_cmi/final_target_share_evidence_dominated_rho_1.png,e179a84280ba4299dc3f225772a2fb2511babf106ba0ff7c68f34b83d4c060a0
A039,santa_fe_beta_cmi,studies/santa_fe_beta_cmi/plots/beta_cmi/final_target_share_social_dominated_rho_0.75.png,2d6df17bbe7348fe2e78a95a63e0631de113f9f0212a57dfe6ad7fcef4bfb597
A040,santa_fe_beta_cmi,studies/santa_fe_beta_cmi/plots/beta_cmi/final_target_share_social_dominated_rho_1.png,d0e4fbb8743143ec4771142d120dd4f0ef314644821e87e6bd8baf46943dc8b3
A041,santa_fe_beta_cmi,studies/santa_fe_beta_cmi/plots/beta_cmi/final_truth_share_competition_baseline_rho_0.75.png,14eb557290ba5e626766c46cf4b160bef16d738b6283aeb1fa13d819a9427c27
A042,santa_fe_beta_cmi,studies/santa_fe_beta_cmi/plots/beta_cmi/final_truth_share_competition_baseline_rho_1.png,3b606769e79afd5560c6744f456ca752e24d55dad086f9da6d6064ce3d0fbda3
A043,santa_fe_beta_cmi,studies/santa_fe_beta_cmi/plots/beta_cmi/final_truth_share_competition_high_rho_0.75.png,a934be3959e449fa026d0a27d6f4e1549d7d839155d4c4a968d17daffe6788bb
A044,santa_fe_beta_cmi,studies/santa_fe_beta_cmi/plots/beta_cmi/final_truth_share_competition_high_rho_1.png,0c0fc00a49d6379197d610fb891e49b529f94d1314dd8743082587e4618c1088
A045,santa_fe_beta_cmi,studies/santa_fe_beta_cmi/plots/beta_cmi/final_truth_share_competition_low_rho_0.75.png,7d3fb3182110ec0cbe8b709554e20695c01c0a79e2f2c53d3ff4f5e471f2daef
A046,santa_fe_beta_cmi,studies/santa_fe_beta_cmi/plots/beta_cmi/final_truth_share_competition_low_rho_1.png,c711c9db2111925d5e853016dea96726042177759506299121975f47afb5cd36
A047,santa_fe_beta_cmi,studies/santa_fe_beta_cmi/plots/beta_cmi/final_truth_share_evidence_dominated_rho_0.75.png,b65475a1d37ba4573522bcc93b76a679f9af62bb42f5f0c99e0f994c04c04bdb
A048,santa_fe_beta_cmi,studies/santa_fe_beta_cmi/plots/beta_cmi/final_truth_share_evidence_dominated_rho_1.png,252d3518c471107a86d2af91a8ab7a173966ed4dee42c7ac01373b6b004f00be
A049,santa_fe_beta_cmi,studies/santa_fe_beta_cmi/plots/beta_cmi/final_truth_share_social_dominated_rho_0.75.png,0bc80566a6bba79def34a6995c2c08cf85733e33f9524d09af1a0b0523bd6b4e
A050,santa_fe_beta_cmi,studies/santa_fe_beta_cmi/plots/beta_cmi/final_truth_share_social_dominated_rho_1.png,55080dd7cfffac645ed3f455fb85dbb030a35a7b9154f91bc6beed1f22b1e62a
A051,santa_fe_beta_cmi,studies/santa_fe_beta_cmi/plots/beta_cmi/heatmap_chi_empirical_plain_rho_0.75.png,339a4e2ad452520bb3dffb0ccddd1996f8d9407ad6cfc50d22460b6f4a5fa059
A052,santa_fe_beta_cmi,studies/santa_fe_beta_cmi/plots/beta_cmi/heatmap_chi_empirical_plain_rho_1.png,96d0178d566d7d1cce7fe9f631d01468f6207dae45e8107c5513b14f50081a22
A053,santa_fe_beta_cmi,studies/santa_fe_beta_cmi/plots/beta_cmi/heatmap_estimate_minus_null_both_rho_0.75.png,d786d96a44f5308d00c95711067f74a8582169236ebeb9554e2993fb53acff7d
A054,santa_fe_beta_cmi,studies/santa_fe_beta_cmi/plots/beta_cmi/heatmap_estimate_minus_null_both_rho_1.png,6cac4ae3ae1d9b8a8e5896f5b2039c3bdeafde9cbf1494efa859f4e42d1cd0c2
A055,santa_fe_beta_cmi,studies/santa_fe_beta_cmi/plots/beta_cmi/heatmap_estimate_minus_null_mean_rho_0.75.png,54fc1891cbd80c22912cd29752a38dba1a2a5bd4fed16bcf3eb8502afb34bf7a
A056,santa_fe_beta_cmi,studies/santa_fe_beta_cmi/plots/beta_cmi/heatmap_estimate_minus_null_mean_rho_1.png,e1e5b8b27e6d85368b16e7041dacf82a3eb0dc097311a6e9d431f547ad16c46d
A057,santa_fe_beta_cmi,studies/santa_fe_beta_cmi/plots/beta_cmi/heatmap_estimate_minus_null_plain_rho_0.75.png,a81c2a73e042d1ea806fc87865ae6be2ed1905677eab8f0ba5bd01cbc08bfc4b
A058,santa_fe_beta_cmi,studies/santa_fe_beta_cmi/plots/beta_cmi/heatmap_estimate_minus_null_plain_rho_1.png,5c3ec46a43f1e8a9928d0ab08f33537ef58fe58d57a839776207475045991c39
A059,santa_fe_beta_cmi,studies/santa_fe_beta_cmi/plots/beta_cmi/heatmap_estimate_minus_null_population_rho_0.75.png,7ca9185c732a3516bd7ad1d3c4215c641601d5b1a0e5c36b5d755bb18c2608a3
A060,santa_fe_beta_cmi,studies/santa_fe_beta_cmi/plots/beta_cmi/heatmap_estimate_minus_null_population_rho_1.png,cdac72c5fb567dd1ff3fc0977bb72556ba688d06ecd1f4d5721ed88f28d629f0
A061,santa_fe_beta_cmi,studies/santa_fe_beta_cmi/plots/beta_cmi/heatmap_observed_cmi_both_rho_0.75.png,ae1be9535133b32952db81c7232b0da3eb3f7a988e312d2e70bcf80c59c40857
A062,santa_fe_beta_cmi,studies/santa_fe_beta_cmi/plots/beta_cmi/heatmap_observed_cmi_both_rho_1.png,80037fde88fcf682f547f69a9bb663ddcf685523f5d9c76f28eacb16d23c117d
A063,santa_fe_beta_cmi,studies/santa_fe_beta_cmi/plots/beta_cmi/heatmap_observed_cmi_mean_rho_0.75.png,4b49d65b6b7d47548a5dc9cdbb48c9dc436b25a8ac3b62731424aea6d40cd324
A064,santa_fe_beta_cmi,studies/santa_fe_beta_cmi/plots/beta_cmi/heatmap_observed_cmi_mean_rho_1.png,4dbdc83899c750b2ccd0b6391b29c94b30e89242c8ec8c48c0a82e70fb0db640
A065,santa_fe_beta_cmi,studies/santa_fe_beta_cmi/plots/beta_cmi/heatmap_observed_cmi_plain_rho_0.75.png,ee95e297a33aa024b2c859b2c92b6a8796e13c47456650065fb9f060394f688a
A066,santa_fe_beta_cmi,studies/santa_fe_beta_cmi/plots/beta_cmi/heatmap_observed_cmi_plain_rho_1.png,d03271f23c0e804960088763dcb7533b30ab05b11431056a9878dd76c9fbf824
A067,santa_fe_beta_cmi,studies/santa_fe_beta_cmi/plots/beta_cmi/heatmap_observed_cmi_population_rho_0.75.png,652064504bb03c6eb9bab95df7d16c4ffdbb23445e7f9d030d2396c20d264e34
A068,santa_fe_beta_cmi,studies/santa_fe_beta_cmi/plots/beta_cmi/heatmap_observed_cmi_population_rho_1.png,22fa0b47630d4f2f5a41c8f9845408748d7ff3bd8d0d65e127a9429783aaa4c7
A069,santa_fe_beta_cmi,studies/santa_fe_beta_cmi/plots/beta_cmi/null_z_score_competition_baseline_rho_0.75.png,999990d9f82448fca9da24b6ee9d9f770a3858ce57ec126b1245f6c616cbfdbd
A070,santa_fe_beta_cmi,studies/santa_fe_beta_cmi/plots/beta_cmi/null_z_score_competition_baseline_rho_1.png,7a2f6514f0e10fa767ff657793de4a0858641fc093576ca28395bf20b61712dd
A071,santa_fe_beta_cmi,studies/santa_fe_beta_cmi/plots/beta_cmi/null_z_score_competition_high_rho_0.75.png,29ae6f2f65d766c24d86bff2398fc211f94e68ae775f3dda6b3c0d0809b7ef6f
A072,santa_fe_beta_cmi,studies/santa_fe_beta_cmi/plots/beta_cmi/null_z_score_competition_high_rho_1.png,381f38ef9b3c2f91e9c996e6b4d996c60ddb4b38bc9c594f5e1339203bdd751d
A073,santa_fe_beta_cmi,studies/santa_fe_beta_cmi/plots/beta_cmi/null_z_score_competition_low_rho_0.75.png,7a4ef1fd3b27df01309ff084dcd779d203be64928a90633f76ca53ea40874159
A074,santa_fe_beta_cmi,studies/santa_fe_beta_cmi/plots/beta_cmi/null_z_score_competition_low_rho_1.png,26846cc206216627fb36e1b917a9d696f45f417ad96d0b3b7c1acd151e1ff9c9
A075,santa_fe_beta_cmi,studies/santa_fe_beta_cmi/plots/beta_cmi/null_z_score_evidence_dominated_rho_0.75.png,ba15c4523bae0b30a3d8018286d87580fd0dd2e7c58c82fddcb0a839c1e0267e
A076,santa_fe_beta_cmi,studies/santa_fe_beta_cmi/plots/beta_cmi/null_z_score_evidence_dominated_rho_1.png,8e8987cee038cb8935baae055873362147e0b64ef49f06ef2f5dcec260e6bba8
A077,santa_fe_beta_cmi,studies/santa_fe_beta_cmi/plots/beta_cmi/null_z_score_social_dominated_rho_0.75.png,17f70900d33e069b8bebf9277a5b0b3a98e8f9d4b50a534a4545a9f9b273451a
A078,santa_fe_beta_cmi,studies/santa_fe_beta_cmi/plots/beta_cmi/null_z_score_social_dominated_rho_1.png,57589359b444bea4218edcdf1e0872ac23fc57b5662377b20a907cf67fd5e6ed
A079,santa_fe_beta_cmi,studies/santa_fe_beta_cmi/plots/beta_cmi/observed_cmi_competition_baseline_rho_0.75.png,de6a2a9862bdf408d722539a4684cdacccfb03188ca2a51619d4cab2cec1c59c
A080,santa_fe_beta_cmi,studies/santa_fe_beta_cmi/plots/beta_cmi/observed_cmi_competition_baseline_rho_1.png,ce11a7cd468e9f9bef275b97183dcef08382a89c05e755dd273271800fe7f979
A081,santa_fe_beta_cmi,studies/santa_fe_beta_cmi/plots/beta_cmi/observed_cmi_competition_high_rho_0.75.png,b7ceeb5147fdbd8ff55896ae7fc7f9ed174cb4317906d48d5d1688a3c346b90b
A082,santa_fe_beta_cmi,studies/santa_fe_beta_cmi/plots/beta_cmi/observed_cmi_competition_high_rho_1.png,54a763f539449c10951de01c2b95da02c56a8f02ab3c9b85bcb6e9df31c3303e
A083,santa_fe_beta_cmi,studies/santa_fe_beta_cmi/plots/beta_cmi/observed_cmi_competition_low_rho_0.75.png,486cdac24778e399f00e412631142fd91375296fff96204f796ae359eae59ccf
A084,santa_fe_beta_cmi,studies/santa_fe_beta_cmi/plots/beta_cmi/observed_cmi_competition_low_rho_1.png,d06aba20bce81929c6ec20f4c5806b3c3e97c8a9628601b74c39fda0ecf98a68
A085,santa_fe_beta_cmi,studies/santa_fe_beta_cmi/plots/beta_cmi/observed_cmi_evidence_dominated_rho_0.75.png,aa323b35712f2803c212ccff719fd5f5c439e3552260a6fcc75c4a55a777c325
A086,santa_fe_beta_cmi,studies/santa_fe_beta_cmi/plots/beta_cmi/observed_cmi_evidence_dominated_rho_1.png,bcda58a5122fde597be4998697bfdb2bdf043348d2af8317d3a9933fc352da5d
A087,santa_fe_beta_cmi,studies/santa_fe_beta_cmi/plots/beta_cmi/observed_cmi_social_dominated_rho_0.75.png,23679d114e61e932e3c5443d99a5566bb694286973b6dda6bc1317aab3156a6e
A088,santa_fe_beta_cmi,studies/santa_fe_beta_cmi/plots/beta_cmi/observed_cmi_social_dominated_rho_1.png,96dc0e331ee18203193ac69c094051f07624ef3bc7ebfb3ec84e3f86f2121258
A089,santa_fe_rho_phase,studies/santa_fe_rho_phase/plots/beta_cmi/action_support_fraction_competition_baseline_rho_0.4.png,0e1fef41cb1a35d887ccb573ed2a8ad45b8296519937463a3b063b40ced5ff67
A090,santa_fe_rho_phase,studies/santa_fe_rho_phase/plots/beta_cmi/action_support_fraction_competition_baseline_rho_0.46.png,8a66fb55a071de675b22a3824f70de356b386de0fdaadacb4bf8ed43fad4cd69
A091,santa_fe_rho_phase,studies/santa_fe_rho_phase/plots/beta_cmi/action_support_fraction_competition_baseline_rho_0.52.png,91b37438fa6a9de2caaf91c02dc8cef53e54065b7fe19823ceae747c571df77f
A092,santa_fe_rho_phase,studies/santa_fe_rho_phase/plots/beta_cmi/action_support_fraction_competition_baseline_rho_0.58.png,3593ac3984c20dfba148b66d479bfd991f67a8ee74849968bd01cf7c2056a894
A093,santa_fe_rho_phase,studies/santa_fe_rho_phase/plots/beta_cmi/action_support_fraction_competition_baseline_rho_0.64.png,3fc36b50df4e711d3d6708d3f6b26d24f9c18eecc2496ce660d9b92ee28e4e81
A094,santa_fe_rho_phase,studies/santa_fe_rho_phase/plots/beta_cmi/action_support_fraction_competition_baseline_rho_0.7.png,e3a357cd702d301c8c7dfb04e2ce38409a81c396374d0254f3377afe574f4ad8
A095,santa_fe_rho_phase,studies/santa_fe_rho_phase/plots/beta_cmi/action_support_fraction_competition_baseline_rho_0.76.png,dd28c07e74bb0b66ad398b8d18f4c39870eaa44e4527b975c4a510e0c313ff6e
A096,santa_fe_rho_phase,studies/santa_fe_rho_phase/plots/beta_cmi/action_support_fraction_competition_baseline_rho_0.82.png,9922d6e77640aa3b99bbdce486eb83319f8bb52fd594805fec54db497e71b5ab
A097,santa_fe_rho_phase,studies/santa_fe_rho_phase/plots/beta_cmi/action_support_fraction_competition_baseline_rho_0.88.png,2a028d0146dc09c2c5f3115b20f2334982295fba741b35f8c7e99f9dbf521747
A098,santa_fe_rho_phase,studies/santa_fe_rho_phase/plots/beta_cmi/action_support_fraction_competition_baseline_rho_0.94.png,6176a8d51b6367d5f12ec7b80abc9086a7434bfabfdc2e2c167d2afdee3103c1
A099,santa_fe_rho_phase,studies/santa_fe_rho_phase/plots/beta_cmi/action_support_fraction_competition_baseline_rho_1.png,7b1bdcbcebd26f56100839cf330b162d9ee09a00aab843377576d11626731776
A100,santa_fe_rho_phase,studies/santa_fe_rho_phase/plots/beta_cmi/action_support_fraction_competition_high_rho_0.4.png,9a3a21b60bfdffa258b5d94157c5c169777217e949a0ab32678e4ff3547fe717
A101,santa_fe_rho_phase,studies/santa_fe_rho_phase/plots/beta_cmi/action_support_fraction_competition_high_rho_0.46.png,7e8a9b59d4f4ae22f33b3a4c37e7382e05d1c3fb65d7c53b994bc66fbfe91285
A102,santa_fe_rho_phase,studies/santa_fe_rho_phase/plots/beta_cmi/action_support_fraction_competition_high_rho_0.52.png,e19ce3b5f7e712e2d4d13f1d70f4ffe62231464c7bab830fc9597a605a9cff52
A103,santa_fe_rho_phase,studies/santa_fe_rho_phase/plots/beta_cmi/action_support_fraction_competition_high_rho_0.58.png,d711ca57b768a318ac85b0a64cc0f8a0ca9a254dd81f21fa0d281535c7e9760b
A104,santa_fe_rho_phase,studies/santa_fe_rho_phase/plots/beta_cmi/action_support_fraction_competition_high_rho_0.64.png,af23cd823ef8157482527ef19e7043586fc4cd2b6ddd3f797f9d0759d7508d91
A105,santa_fe_rho_phase,studies/santa_fe_rho_phase/plots/beta_cmi/action_support_fraction_competition_high_rho_0.7.png,bf8ce9412a80a782e790b5b80235e17420b074feda5a9bd68268583799b7c08f
A106,santa_fe_rho_phase,studies/santa_fe_rho_phase/plots/beta_cmi/action_support_fraction_competition_high_rho_0.76.png,effd28d0649efba83b53dd00c2348122b207a25d5d3b35d4b9b4e35ca6079d0a
A107,santa_fe_rho_phase,studies/santa_fe_rho_phase/plots/beta_cmi/action_support_fraction_competition_high_rho_0.82.png,9e0663a3634b40192ec51b7aded27424702b41a08c2f776c34baac63862fae27
A108,santa_fe_rho_phase,studies/santa_fe_rho_phase/plots/beta_cmi/action_support_fraction_competition_high_rho_0.88.png,4f971ce24004ff6ab657ac5908b139f15c6309e076514e122db0321ba2df2666
A109,santa_fe_rho_phase,studies/santa_fe_rho_phase/plots/beta_cmi/action_support_fraction_competition_high_rho_0.94.png,64a7e10b1258dad622a09c92291c95e2449d484e6eca6d2cfe982a31f7a1835c
A110,santa_fe_rho_phase,studies/santa_fe_rho_phase/plots/beta_cmi/action_support_fraction_competition_high_rho_1.png,916a1bb5beac60cab94c8f38db657e97a0e3d70af76eef4057eb4994382e967c
A111,santa_fe_rho_phase,studies/santa_fe_rho_phase/plots/beta_cmi/action_support_fraction_competition_low_rho_0.4.png,485227bb93ff75694dd9a24059ec001f7a2c19ae63f255eec9842d65295c4194
A112,santa_fe_rho_phase,studies/santa_fe_rho_phase/plots/beta_cmi/action_support_fraction_competition_low_rho_0.46.png,56c10223cb78bb530c8d302cfc9ad2733dc078dc2723fdcc01f35b9480ae8c74
A113,santa_fe_rho_phase,studies/santa_fe_rho_phase/plots/beta_cmi/action_support_fraction_competition_low_rho_0.52.png,51181d06d0bad2954bf5b54f54186aada9bc4e6e9066e00294b9204652c84d99
A114,santa_fe_rho_phase,studies/santa_fe_rho_phase/plots/beta_cmi/action_support_fraction_competition_low_rho_0.58.png,b65e6b444c14fe23a2e6f5eb07ef90fc7f7f34a94deb9308df4e902ac398d9f7
A115,santa_fe_rho_phase,studies/santa_fe_rho_phase/plots/beta_cmi/action_support_fraction_competition_low_rho_0.64.png,82fe11690927b0a17826eb913a55b3346a0cc3c2245ebbfd39669febe548517a
A116,santa_fe_rho_phase,studies/santa_fe_rho_phase/plots/beta_cmi/action_support_fraction_competition_low_rho_0.7.png,1fdaaaacd9b21745db8824683ddc7827ca15bf78b6a4cffe1e3b9fe49fbd60e6
A117,santa_fe_rho_phase,studies/santa_fe_rho_phase/plots/beta_cmi/action_support_fraction_competition_low_rho_0.76.png,af098bf88a899f40af8ccbbbb2a6508200f8b042c0d564a3aec7db009a4b7fde
A118,santa_fe_rho_phase,studies/santa_fe_rho_phase/plots/beta_cmi/action_support_fraction_competition_low_rho_0.82.png,3de73ba3d2a20a7998043aee0041e262929696080daf67c41ad6448914d1593a
A119,santa_fe_rho_phase,studies/santa_fe_rho_phase/plots/beta_cmi/action_support_fraction_competition_low_rho_0.88.png,cfdb60510ab03a0e5cad3d26f41b52fbf0ea7e6a8d786905932c7b49acbfd8ff
A120,santa_fe_rho_phase,studies/santa_fe_rho_phase/plots/beta_cmi/action_support_fraction_competition_low_rho_0.94.png,675ca2384ab85e1e0736c00e6c344c934b39b4f4c382a4fdb69f916b79cf370c
A121,santa_fe_rho_phase,studies/santa_fe_rho_phase/plots/beta_cmi/action_support_fraction_competition_low_rho_1.png,e14251ba61410eb9e2151e38ec4c6e92e8d53a05969e41d382a55cd599419923
A122,santa_fe_rho_phase,studies/santa_fe_rho_phase/plots/beta_cmi/action_support_fraction_evidence_dominated_rho_0.4.png,91957e68162c3dddf83b3c566c1310e02284b02078597d171b0092c4666bc724
A123,santa_fe_rho_phase,studies/santa_fe_rho_phase/plots/beta_cmi/action_support_fraction_evidence_dominated_rho_0.46.png,628aba58a63ac2eb87e57b4b71a2caa8e2dead766596380793e58dd358a4590d
A124,santa_fe_rho_phase,studies/santa_fe_rho_phase/plots/beta_cmi/action_support_fraction_evidence_dominated_rho_0.52.png,1f63d842b2ceb246ebf41d2265ab96ddccfc7465469dd51d39108f4d223dff4c
A125,santa_fe_rho_phase,studies/santa_fe_rho_phase/plots/beta_cmi/action_support_fraction_evidence_dominated_rho_0.58.png,0b76e7bc7df991ad0f6b5a6fe71a0b3e5f1b0607515c008d9e19b97ca70fbc01
A126,santa_fe_rho_phase,studies/santa_fe_rho_phase/plots/beta_cmi/action_support_fraction_evidence_dominated_rho_0.64.png,8c1a7d51bee6c5c15b7a6fcc78853badde1afac04bd9256d8b0e09f8c4404b32
A127,santa_fe_rho_phase,studies/santa_fe_rho_phase/plots/beta_cmi/action_support_fraction_evidence_dominated_rho_0.7.png,1f0f74ab736268fe087c6e33f00ada8961b984b82db4a663689c1f26044f0512
A128,santa_fe_rho_phase,studies/santa_fe_rho_phase/plots/beta_cmi/action_support_fraction_evidence_dominated_rho_0.76.png,a4c9bf88c320b4365e5443ffe042bb6ce59c4312fff02c338856616db6eb47eb
A129,santa_fe_rho_phase,studies/santa_fe_rho_phase/plots/beta_cmi/action_support_fraction_evidence_dominated_rho_0.82.png,32336f55fffd4363caa78d42e9dcd95b56a0a3c0f46f5f288bce4648a9a5f48a
A130,santa_fe_rho_phase,studies/santa_fe_rho_phase/plots/beta_cmi/action_support_fraction_evidence_dominated_rho_0.88.png,bafc00a97f72347bdd79f8f6f8c196b479b32e2fd9c534fceef5744ef412973e
A131,santa_fe_rho_phase,studies/santa_fe_rho_phase/plots/beta_cmi/action_support_fraction_evidence_dominated_rho_0.94.png,f6c60df0fdb3d9f81319ff24d3f5c01ff94576eefced63920fcd68feb0c4eb98
A132,santa_fe_rho_phase,studies/santa_fe_rho_phase/plots/beta_cmi/action_support_fraction_evidence_dominated_rho_1.png,cb1852e68d9e666372a37f0e767866e137304182289a1e5a4def66a8877b31a6
A133,santa_fe_rho_phase,studies/santa_fe_rho_phase/plots/beta_cmi/action_support_fraction_social_dominated_rho_0.4.png,be74a887a8e360a9835f707342e3128ccb072bfe6ea2bcabfc505fba64530a93
A134,santa_fe_rho_phase,studies/santa_fe_rho_phase/plots/beta_cmi/action_support_fraction_social_dominated_rho_0.46.png,d737a6671c0367db9443363c7156b2498b6e31b1b76d57e88dc6f5c22a1d3f33
A135,santa_fe_rho_phase,studies/santa_fe_rho_phase/plots/beta_cmi/action_support_fraction_social_dominated_rho_0.52.png,5b5b38271fd2918f510cd91a6b1513c535d435293fd56ba0c3ffa861c771762c
A136,santa_fe_rho_phase,studies/santa_fe_rho_phase/plots/beta_cmi/action_support_fraction_social_dominated_rho_0.58.png,f3c42702b09e3e8206541076c062efe1d48dad1b0a3cdd5ddc08e9374ec8e69a
A137,santa_fe_rho_phase,studies/santa_fe_rho_phase/plots/beta_cmi/action_support_fraction_social_dominated_rho_0.64.png,d48585251414275b1c56ae2c68c12ba35b3c87ac23589d2b3b21712f54608360
A138,santa_fe_rho_phase,studies/santa_fe_rho_phase/plots/beta_cmi/action_support_fraction_social_dominated_rho_0.7.png,086af824b7968ba5a0cc123a6f73f219b1aa7e8e91e4be37e4c4419b6a7eb1e5
A139,santa_fe_rho_phase,studies/santa_fe_rho_phase/plots/beta_cmi/action_support_fraction_social_dominated_rho_0.76.png,a0e8608538517989884fe47f9b5d35d42aef826f345b65377847cd13748c6b59
A140,santa_fe_rho_phase,studies/santa_fe_rho_phase/plots/beta_cmi/action_support_fraction_social_dominated_rho_0.82.png,c9f185f2dc97ad1d62424410447b9a0ce694ccb58628d8375a5155a9bda10fde
A141,santa_fe_rho_phase,studies/santa_fe_rho_phase/plots/beta_cmi/action_support_fraction_social_dominated_rho_0.88.png,38ac83f00eaa29c0caed27f128f5fdfe1a365fd705efd263051b5428956c5cea
A142,santa_fe_rho_phase,studies/santa_fe_rho_phase/plots/beta_cmi/action_support_fraction_social_dominated_rho_0.94.png,82668798492feeae9624e037c0223433d00daccf9b0a72afdca716673c07a61b
A143,santa_fe_rho_phase,studies/santa_fe_rho_phase/plots/beta_cmi/action_support_fraction_social_dominated_rho_1.png,2c692dc8bbfb745c42a46118fc053361350da0a6f88c7b9674684530edb8d323
A144,santa_fe_rho_phase,studies/santa_fe_rho_phase/plots/beta_cmi/chi_empirical_competition_baseline_rho_0.4.png,61634aa709c23cd2ba349f1d3a24d44ced8ae0af8dca25dcadfbdf60b905baa4
A145,santa_fe_rho_phase,studies/santa_fe_rho_phase/plots/beta_cmi/chi_empirical_competition_baseline_rho_0.46.png,90c1d1cd6a2a0f27b296844313f0514648ae90ad28d23f7921080639b311e365
A146,santa_fe_rho_phase,studies/santa_fe_rho_phase/plots/beta_cmi/chi_empirical_competition_baseline_rho_0.52.png,3c405c109ba20a47c53381c8fc354b2b1021b25f4d174cd5dc440f09e7b69b88
A147,santa_fe_rho_phase,studies/santa_fe_rho_phase/plots/beta_cmi/chi_empirical_competition_baseline_rho_0.58.png,4a1c76f570466ddfc8cb789bd8ec1ee29f8d98c307d257a258bb1c5a55dfe259
A148,santa_fe_rho_phase,studies/santa_fe_rho_phase/plots/beta_cmi/chi_empirical_competition_baseline_rho_0.64.png,e66136646c42d102ac227fa5efe42c062211b75720c1e4c6f642151c911c9ad0
A149,santa_fe_rho_phase,studies/santa_fe_rho_phase/plots/beta_cmi/chi_empirical_competition_baseline_rho_0.7.png,ff7fe03385a2de4b18a74509f0cf6ab97a47151e3c83c7c98d7b2b61f7c44b2b
A150,santa_fe_rho_phase,studies/santa_fe_rho_phase/plots/beta_cmi/chi_empirical_competition_baseline_rho_0.76.png,ecfd5529311e98af2ee4b0212dd08a0f313470976065acc9dd8a9ecc2025dfa7
A151,santa_fe_rho_phase,studies/santa_fe_rho_phase/plots/beta_cmi/chi_empirical_competition_baseline_rho_0.82.png,ab8dc8e3f27323832fce0432d972191822a8be6aec8938eb1ec227cf0eed2428
A152,santa_fe_rho_phase,studies/santa_fe_rho_phase/plots/beta_cmi/chi_empirical_competition_baseline_rho_0.88.png,8925eeaa8180fe10938e8d3fe045d69f220a5bf7835d8aed672a315122949625
A153,santa_fe_rho_phase,studies/santa_fe_rho_phase/plots/beta_cmi/chi_empirical_competition_baseline_rho_0.94.png,46d0d509b2e022ae256c19264a0e877a6773466bf74579e6bdaa29d096078dd9
A154,santa_fe_rho_phase,studies/santa_fe_rho_phase/plots/beta_cmi/chi_empirical_competition_baseline_rho_1.png,5cc6c82ba61559a22c74291a01dd8b11c07885c02a8b2c98ee1badaf8d41239e
A155,santa_fe_rho_phase,studies/santa_fe_rho_phase/plots/beta_cmi/chi_empirical_competition_high_rho_0.4.png,375970049e47a99c810479a5e832ffe4ac7d72efd7a97257055a86b918d6778a
A156,santa_fe_rho_phase,studies/santa_fe_rho_phase/plots/beta_cmi/chi_empirical_competition_high_rho_0.46.png,3dd15cded693e55748238f3ec31a8eb0dd38c17c6b723a9134afe1aa0788ebe4
A157,santa_fe_rho_phase,studies/santa_fe_rho_phase/plots/beta_cmi/chi_empirical_competition_high_rho_0.52.png,f69578dcb5f943a904f731464b4f8e099526dda4202e1d6ccc2d0f8b535fa595
A158,santa_fe_rho_phase,studies/santa_fe_rho_phase/plots/beta_cmi/chi_empirical_competition_high_rho_0.58.png,a5f32d431992987098d45ae1efe79939bc6de688b3102caee56169febec572dc
A159,santa_fe_rho_phase,studies/santa_fe_rho_phase/plots/beta_cmi/chi_empirical_competition_high_rho_0.64.png,2aa8e6a3b60c33556346971f9ffb67c7fab948c8aea992954189d6920aab6af4
A160,santa_fe_rho_phase,studies/santa_fe_rho_phase/plots/beta_cmi/chi_empirical_competition_high_rho_0.7.png,e240dfc698b870cd21469aa31b9c59cb5853105a8b9218c8e12be79124b2419b
A161,santa_fe_rho_phase,studies/santa_fe_rho_phase/plots/beta_cmi/chi_empirical_competition_high_rho_0.76.png,f84ef70bfb35dca4323a02e41071088423aa69d3da6d49402dbd5df0bb6a4f3b
A162,santa_fe_rho_phase,studies/santa_fe_rho_phase/plots/beta_cmi/chi_empirical_competition_high_rho_0.82.png,eea4e1f59e0fcc3f5aed30be9a70094aedb9ff4791522e6c3f82cf59ec910090
A163,santa_fe_rho_phase,studies/santa_fe_rho_phase/plots/beta_cmi/chi_empirical_competition_high_rho_0.88.png,375d8bfe2b1d663b4020368c1414c8af562fa44a8990eefff54f20443dad492d
A164,santa_fe_rho_phase,studies/santa_fe_rho_phase/plots/beta_cmi/chi_empirical_competition_high_rho_0.94.png,d74b0008fb4293925fda3d38129e99482ab4f095582f6229cee14887482e961e
A165,santa_fe_rho_phase,studies/santa_fe_rho_phase/plots/beta_cmi/chi_empirical_competition_high_rho_1.png,f55c34a9e1df8085c5ad0b8c72afd877cd8052e5045365e1f2c0817e8f4c5e60
A166,santa_fe_rho_phase,studies/santa_fe_rho_phase/plots/beta_cmi/chi_empirical_competition_low_rho_0.4.png,5896c72e62b76ba2cb9e35951b96ee9ef8d45a9630cc3e5a096d839ef62fd926
A167,santa_fe_rho_phase,studies/santa_fe_rho_phase/plots/beta_cmi/chi_empirical_competition_low_rho_0.46.png,6b19b2ffe02570a70c523df53bfefca403dadf4b70733b31cad2935191e5a15a
A168,santa_fe_rho_phase,studies/santa_fe_rho_phase/plots/beta_cmi/chi_empirical_competition_low_rho_0.52.png,a5b8a1dee536c22c1b3840f8a18c4ac72d3e27cc7164cef5d92a494cf012e1c0
A169,santa_fe_rho_phase,studies/santa_fe_rho_phase/plots/beta_cmi/chi_empirical_competition_low_rho_0.58.png,cb507b9eca5f5dd78a3c89c5e99627d607494f109948bb9198c49a4b4f30e6f4
A170,santa_fe_rho_phase,studies/santa_fe_rho_phase/plots/beta_cmi/chi_empirical_competition_low_rho_0.64.png,3113320d0cfacc515abc3e567c361aedf71eaaf34d4fc4a91c3b71f32acff912
A171,santa_fe_rho_phase,studies/santa_fe_rho_phase/plots/beta_cmi/chi_empirical_competition_low_rho_0.7.png,1c7b656d475c3ac72bc07b010532814faa1cf543f0befd14d19e5656a2dd2e61
A172,santa_fe_rho_phase,studies/santa_fe_rho_phase/plots/beta_cmi/chi_empirical_competition_low_rho_0.76.png,ed99da3acaa2835eac64d59f6115cda09ef03375c92a9bf87ccfa751bc03ec73
A173,santa_fe_rho_phase,studies/santa_fe_rho_phase/plots/beta_cmi/chi_empirical_competition_low_rho_0.82.png,281f93575880d8e438473d0da8f1d3e75365512eb457911801c25a3a77d447d6
A174,santa_fe_rho_phase,studies/santa_fe_rho_phase/plots/beta_cmi/chi_empirical_competition_low_rho_0.88.png,1c27470a7f857a9b33c6a5818d7e7c4051241748d68bfdf2c4725edddd14f75d
A175,santa_fe_rho_phase,studies/santa_fe_rho_phase/plots/beta_cmi/chi_empirical_competition_low_rho_0.94.png,706b3bfcd7a0da9d848706a852b49b7e80191ce5bd8f610b76c943e9a5c28da5
A176,santa_fe_rho_phase,studies/santa_fe_rho_phase/plots/beta_cmi/chi_empirical_competition_low_rho_1.png,6f5057d933e29434249d6540d2f62b9d07416c0ccce0a7167b7ae0e57c4c46ec
A177,santa_fe_rho_phase,studies/santa_fe_rho_phase/plots/beta_cmi/chi_empirical_evidence_dominated_rho_0.4.png,018bcebf69fbcfbfdbaa89d852e3b1d4868be8e5963cdf254362de79fe826a1c
A178,santa_fe_rho_phase,studies/santa_fe_rho_phase/plots/beta_cmi/chi_empirical_evidence_dominated_rho_0.46.png,6e343539fd4e35a3cc57842d2d18bdd13a183386fd3a72881164548fc19f55d2
A179,santa_fe_rho_phase,studies/santa_fe_rho_phase/plots/beta_cmi/chi_empirical_evidence_dominated_rho_0.52.png,e37f5a7f3f8191206bdb3ff4236c1dc7f8544fd0cd4640023604d5af75bb4be1
A180,santa_fe_rho_phase,studies/santa_fe_rho_phase/plots/beta_cmi/chi_empirical_evidence_dominated_rho_0.58.png,751505e90047a8c190b14026b68e47e579fb803a8af3d32c2f9cb7df4a5d24eb
A181,santa_fe_rho_phase,studies/santa_fe_rho_phase/plots/beta_cmi/chi_empirical_evidence_dominated_rho_0.64.png,797cfe1946d3b1aef2f8b9cd624ff24c30bd2f7a69743d98ae36910626398ea1
A182,santa_fe_rho_phase,studies/santa_fe_rho_phase/plots/beta_cmi/chi_empirical_evidence_dominated_rho_0.7.png,74fbabd929043d6ddd0cd17064091466f38be92cb5158b72c3aee2e1557ce73e
A183,santa_fe_rho_phase,studies/santa_fe_rho_phase/plots/beta_cmi/chi_empirical_evidence_dominated_rho_0.76.png,3455dd6da4b15b7d66210135b6ec8d112794ba14d06343e6a1f881ac8c6619eb
A184,santa_fe_rho_phase,studies/santa_fe_rho_phase/plots/beta_cmi/chi_empirical_evidence_dominated_rho_0.82.png,2eac05e8ac89fd921973e208168b7e65b8bef77f537f95d853b0b789ec4b4ee1
A185,santa_fe_rho_phase,studies/santa_fe_rho_phase/plots/beta_cmi/chi_empirical_evidence_dominated_rho_0.88.png,e584c0424a15e3094f1a19d475bd8f48ca23843b29e403f68b328fa994faa434
A186,santa_fe_rho_phase,studies/santa_fe_rho_phase/plots/beta_cmi/chi_empirical_evidence_dominated_rho_0.94.png,3a1c6d2ee5172201af74b53c15b034089136ea055dde2e8c41ba9dab55746323
A187,santa_fe_rho_phase,studies/santa_fe_rho_phase/plots/beta_cmi/chi_empirical_evidence_dominated_rho_1.png,41f867953219a8d2700a4dd442093442ee689944beb435f60c2b87a8db3d02f3
A188,santa_fe_rho_phase,studies/santa_fe_rho_phase/plots/beta_cmi/chi_empirical_social_dominated_rho_0.4.png,73503d4f9046b5be4f2d7f111738ebb426a9ebc997f3111493178d16778d9b93
A189,santa_fe_rho_phase,studies/santa_fe_rho_phase/plots/beta_cmi/chi_empirical_social_dominated_rho_0.46.png,84b33ab79017f0e604a43a234e0f7f931edb5c142a6ac6fae716f49524ce9eb1
A190,santa_fe_rho_phase,studies/santa_fe_rho_phase/plots/beta_cmi/chi_empirical_social_dominated_rho_0.52.png,f064a63bb435e38f70e7fd8dd159dc7fcb757a799823f26a852ea148f5e98981
A191,santa_fe_rho_phase,studies/santa_fe_rho_phase/plots/beta_cmi/chi_empirical_social_dominated_rho_0.58.png,f433508c386ceb048dfb5069e292a5c172ae6473e88ed8e3110684fc9856829b
A192,santa_fe_rho_phase,studies/santa_fe_rho_phase/plots/beta_cmi/chi_empirical_social_dominated_rho_0.64.png,42535434491a9c76cc571a10c712a247884d16d01a1bb82e5f6e7818b40b5835
A193,santa_fe_rho_phase,studies/santa_fe_rho_phase/plots/beta_cmi/chi_empirical_social_dominated_rho_0.7.png,ba0ea45a77178db72be0518a424a1a9d832754b902eb188c1aa58843db05f676
A194,santa_fe_rho_phase,studies/santa_fe_rho_phase/plots/beta_cmi/chi_empirical_social_dominated_rho_0.76.png,8246b7d3e4e542f918f5caa7435223069f2fc61961dfd9d416c23a4d85fe582b
A195,santa_fe_rho_phase,studies/santa_fe_rho_phase/plots/beta_cmi/chi_empirical_social_dominated_rho_0.82.png,0f424a58215632d704cc8e96eec78c28f7531b685777ca998cec9a70ff0916f1
A196,santa_fe_rho_phase,studies/santa_fe_rho_phase/plots/beta_cmi/chi_empirical_social_dominated_rho_0.88.png,0db81b206a2cf4c8dd5283b039e275d9afaa9e92a5b521d1930205ed968339e2
A197,santa_fe_rho_phase,studies/santa_fe_rho_phase/plots/beta_cmi/chi_empirical_social_dominated_rho_0.94.png,0c582cbe783e06bb9e80939d56114b18cd2a3e42e331604631c3f14c8058ef63
A198,santa_fe_rho_phase,studies/santa_fe_rho_phase/plots/beta_cmi/chi_empirical_social_dominated_rho_1.png,e473175abf46bf7b7675b0f5d3314abdcde20ba7eff800cf8aeba46b8eb5530a
A199,santa_fe_rho_phase,studies/santa_fe_rho_phase/plots/beta_cmi/estimate_minus_null_competition_baseline_rho_0.4.png,8b1bff0794961ecde9972429aa5fd7cb2b5fdd1a9c9fc4dda5a00471fed680ce
A200,santa_fe_rho_phase,studies/santa_fe_rho_phase/plots/beta_cmi/estimate_minus_null_competition_baseline_rho_0.46.png,68d006609dd1c42a1c70611d6328e99f710063178e9e8691c28ce53265715ae3
A201,santa_fe_rho_phase,studies/santa_fe_rho_phase/plots/beta_cmi/estimate_minus_null_competition_baseline_rho_0.52.png,5f238bdec766594010aeb45a074d59b80176d7e86444847540724b3b75d47118
A202,santa_fe_rho_phase,studies/santa_fe_rho_phase/plots/beta_cmi/estimate_minus_null_competition_baseline_rho_0.58.png,854a1aa169b0fcb293740907dba96e222371056a3d3f9b4cf7f4b541dd65c0db
A203,santa_fe_rho_phase,studies/santa_fe_rho_phase/plots/beta_cmi/estimate_minus_null_competition_baseline_rho_0.64.png,9f52bc28ad65929a31b3d249d36e5e3b99c15ff817761ad2bf1740192669954f
A204,santa_fe_rho_phase,studies/santa_fe_rho_phase/plots/beta_cmi/estimate_minus_null_competition_baseline_rho_0.7.png,c0e3eec1ffdcf1b59e5fc4f6ce9f13935b53f33de8b136afee5cc867ed04ce92
A205,santa_fe_rho_phase,studies/santa_fe_rho_phase/plots/beta_cmi/estimate_minus_null_competition_baseline_rho_0.76.png,e4479e412df1ef21bdd8f707aec05d92aa9575c5e4dd3817cf7b355594d79587
A206,santa_fe_rho_phase,studies/santa_fe_rho_phase/plots/beta_cmi/estimate_minus_null_competition_baseline_rho_0.82.png,90a781b9e81e96d29e88a4050117635a85e1801073bc8c26f87b4f63c5fb29cf
A207,santa_fe_rho_phase,studies/santa_fe_rho_phase/plots/beta_cmi/estimate_minus_null_competition_baseline_rho_0.88.png,cfd6669eb0c430ae583a6b9d34f306d661b4af5084168f1bd3f873770cf95cea
A208,santa_fe_rho_phase,studies/santa_fe_rho_phase/plots/beta_cmi/estimate_minus_null_competition_baseline_rho_0.94.png,4f9d0bad1016c799a7d026115f8416e7154e680445f3d9bfa71c964711b72063
A209,santa_fe_rho_phase,studies/santa_fe_rho_phase/plots/beta_cmi/estimate_minus_null_competition_baseline_rho_1.png,ca68e7a5a0c35b986b88e758d5aca04ad7baa4d944eae5b62f6c29ea415ec976
A210,santa_fe_rho_phase,studies/santa_fe_rho_phase/plots/beta_cmi/estimate_minus_null_competition_high_rho_0.4.png,b7d9e6299d01de25f62a2fbf134f0b6f93a7942166fe64032cf8419de99ff9db
A211,santa_fe_rho_phase,studies/santa_fe_rho_phase/plots/beta_cmi/estimate_minus_null_competition_high_rho_0.46.png,e212bb9c66418c1e241e9e11ebe32e7193719a273f55e0c9b9c07a34088559e0
A212,santa_fe_rho_phase,studies/santa_fe_rho_phase/plots/beta_cmi/estimate_minus_null_competition_high_rho_0.52.png,b7a04fce73de91a24237ba0a3452a3b71636effdcad3c5ec625375d6ba4c1d7f
A213,santa_fe_rho_phase,studies/santa_fe_rho_phase/plots/beta_cmi/estimate_minus_null_competition_high_rho_0.58.png,abbf1003a33a75f46ff4f9f3ead58c4f41b4fc657f31d28bc8f2facd9fdaad68
A214,santa_fe_rho_phase,studies/santa_fe_rho_phase/plots/beta_cmi/estimate_minus_null_competition_high_rho_0.64.png,9561ff85f486c9de1f9318c5ad3af9fc6554cd45bc83e3d2caabf145acde623a
A215,santa_fe_rho_phase,studies/santa_fe_rho_phase/plots/beta_cmi/estimate_minus_null_competition_high_rho_0.7.png,f2e09edb5f40f09380a856a773fb229864cc4506698c0cb9bf0b1cdacf567942
A216,santa_fe_rho_phase,studies/santa_fe_rho_phase/plots/beta_cmi/estimate_minus_null_competition_high_rho_0.76.png,6a3859154c319b403eb1f3802bb77a83352013caa29a47aaf1173a7fda60359a
A217,santa_fe_rho_phase,studies/santa_fe_rho_phase/plots/beta_cmi/estimate_minus_null_competition_high_rho_0.82.png,62c105c6b918e9178b82cdcc10a9bab17717e4d05568f0bb4701df337848017e
A218,santa_fe_rho_phase,studies/santa_fe_rho_phase/plots/beta_cmi/estimate_minus_null_competition_high_rho_0.88.png,78b00e0be79056630f26965b7613e698770158fe406c0296ae9a0a717da10407
A219,santa_fe_rho_phase,studies/santa_fe_rho_phase/plots/beta_cmi/estimate_minus_null_competition_high_rho_0.94.png,3ccaea03508dbf6585cdaf5b09df1615be649219dd948140cb7feadce6a6cdb7
A220,santa_fe_rho_phase,studies/santa_fe_rho_phase/plots/beta_cmi/estimate_minus_null_competition_high_rho_1.png,3b8d540f810081b1aa375eb19dc8e4112f0400fac25232dde936c4d33d9bcd5b
A221,santa_fe_rho_phase,studies/santa_fe_rho_phase/plots/beta_cmi/estimate_minus_null_competition_low_rho_0.4.png,00a31462a2a5f4898721c47862a2b867d617f9b061d050ebfc97aff9cc2781b9
A222,santa_fe_rho_phase,studies/santa_fe_rho_phase/plots/beta_cmi/estimate_minus_null_competition_low_rho_0.46.png,8913e9c280242513504872312d6f4245620a5698b12cd3a87ec6b16465ca6387
A223,santa_fe_rho_phase,studies/santa_fe_rho_phase/plots/beta_cmi/estimate_minus_null_competition_low_rho_0.52.png,c1795708ba3f012dd3138442efca76ddf7d8f83b365b6d6b547d163a8c5a9403
A224,santa_fe_rho_phase,studies/santa_fe_rho_phase/plots/beta_cmi/estimate_minus_null_competition_low_rho_0.58.png,ebee47dceb26a09c2fb7b089fed3a03d7812e43dd632a4a830002690c3448a86
A225,santa_fe_rho_phase,studies/santa_fe_rho_phase/plots/beta_cmi/estimate_minus_null_competition_low_rho_0.64.png,797ee5344e54c03bd2dcc207d7cee2b04aa364aae6c979fd2636519cfd7698b8
A226,santa_fe_rho_phase,studies/santa_fe_rho_phase/plots/beta_cmi/estimate_minus_null_competition_low_rho_0.7.png,e1a5a2e48499fb4da214a1d8751830d5670596a8c7a7d82d2f649718b10b468f
A227,santa_fe_rho_phase,studies/santa_fe_rho_phase/plots/beta_cmi/estimate_minus_null_competition_low_rho_0.76.png,812977dbc5812f76aad86b29907364c7b030ff3f93d8407a3ecea1a921ab4cc9
A228,santa_fe_rho_phase,studies/santa_fe_rho_phase/plots/beta_cmi/estimate_minus_null_competition_low_rho_0.82.png,e3ecc3871d0e5b94c77f5af2f89faf40eb4d790e4de8b6922d5a79d0f6e98bb9
A229,santa_fe_rho_phase,studies/santa_fe_rho_phase/plots/beta_cmi/estimate_minus_null_competition_low_rho_0.88.png,a619096ec3b43a1f6d20e572640d14fae7941684ee20e444dab51f40a0231012
A230,santa_fe_rho_phase,studies/santa_fe_rho_phase/plots/beta_cmi/estimate_minus_null_competition_low_rho_0.94.png,738e192f2be64496d0e621fe5cfe9d78c1c3f7b493e2e6c2fe8fe728846c0ae2
A231,santa_fe_rho_phase,studies/santa_fe_rho_phase/plots/beta_cmi/estimate_minus_null_competition_low_rho_1.png,fa8a05af06adc85c2a9037687b0f254722bbe8bdf7a22be9538ef5a1b9aa34f4
A232,santa_fe_rho_phase,studies/santa_fe_rho_phase/plots/beta_cmi/estimate_minus_null_evidence_dominated_rho_0.4.png,33325e5cfb7d6cd6a4acb98dfb56b486df07052d5af2219b3ac33fa82e0afa19
A233,santa_fe_rho_phase,studies/santa_fe_rho_phase/plots/beta_cmi/estimate_minus_null_evidence_dominated_rho_0.46.png,be1e03d11d849f948ae144fb61953fbf1233def4b1c41c919e63a0e2cd75f3c2
A234,santa_fe_rho_phase,studies/santa_fe_rho_phase/plots/beta_cmi/estimate_minus_null_evidence_dominated_rho_0.52.png,b3dda4afe23e14f8d2d7d1a84fd2a7d729b37d20ba3212d463efc73ae9a4013b
A235,santa_fe_rho_phase,studies/santa_fe_rho_phase/plots/beta_cmi/estimate_minus_null_evidence_dominated_rho_0.58.png,51d15a9140cfc66b92d92100006dd597dbd6c5fbbe59524b8354b44aa5d4030f
A236,santa_fe_rho_phase,studies/santa_fe_rho_phase/plots/beta_cmi/estimate_minus_null_evidence_dominated_rho_0.64.png,a3f89d50902387e8a7cb9ff5e8bf4ad87d320d2229c3557a3a8aabbf55fb04f5
A237,santa_fe_rho_phase,studies/santa_fe_rho_phase/plots/beta_cmi/estimate_minus_null_evidence_dominated_rho_0.7.png,953df89cc06de3f7b20d828abaa50ea8698b66a187b1e9fa35a730497db61f14
A238,santa_fe_rho_phase,studies/santa_fe_rho_phase/plots/beta_cmi/estimate_minus_null_evidence_dominated_rho_0.76.png,c240f86f5c869af742d2ff2a2bc7314a6d3da555d2f60bbb5ead37e20fc53153
A239,santa_fe_rho_phase,studies/santa_fe_rho_phase/plots/beta_cmi/estimate_minus_null_evidence_dominated_rho_0.82.png,078887d176392fe2a089ab4ac55d447c79af726b1592dac15c5790b874b4fbbd
A240,santa_fe_rho_phase,studies/santa_fe_rho_phase/plots/beta_cmi/estimate_minus_null_evidence_dominated_rho_0.88.png,e2b09f97c753314df28e5f5712fe70e335324efa19d05130faad3fa47b83b7ac
A241,santa_fe_rho_phase,studies/santa_fe_rho_phase/plots/beta_cmi/estimate_minus_null_evidence_dominated_rho_0.94.png,c02eb1c051823851139fc1192e8777fca823bd49791812da9f6ad952c8da3cdc
A242,santa_fe_rho_phase,studies/santa_fe_rho_phase/plots/beta_cmi/estimate_minus_null_evidence_dominated_rho_1.png,9c7de79d6598471838c365bfdc77caff508aab3d68b6f03c39a769cff8a9a032
A243,santa_fe_rho_phase,studies/santa_fe_rho_phase/plots/beta_cmi/estimate_minus_null_social_dominated_rho_0.4.png,fdbc7ded1b0ecc1fdba59f7070781285e2c12e45309cc2817f473501df0dc035
A244,santa_fe_rho_phase,studies/santa_fe_rho_phase/plots/beta_cmi/estimate_minus_null_social_dominated_rho_0.46.png,83f6d419c670d83db1c27511dc76ed152fbba794c2a59549d055e7310ea781f4
A245,santa_fe_rho_phase,studies/santa_fe_rho_phase/plots/beta_cmi/estimate_minus_null_social_dominated_rho_0.52.png,231e56fb83e29a485a0e77909fd4c026b61a914d0ec12219e3f75e6bbe51dcd8
A246,santa_fe_rho_phase,studies/santa_fe_rho_phase/plots/beta_cmi/estimate_minus_null_social_dominated_rho_0.58.png,37040a3766b27f7e1a37c4b7c51cecbe92819597867a7403a626337f5c77096f
A247,santa_fe_rho_phase,studies/santa_fe_rho_phase/plots/beta_cmi/estimate_minus_null_social_dominated_rho_0.64.png,66e3c66a90c841681bfd8b01108f141e8f3bf68568e714b3b1549f6beb8e910c
A248,santa_fe_rho_phase,studies/santa_fe_rho_phase/plots/beta_cmi/estimate_minus_null_social_dominated_rho_0.7.png,e6fd084a275658d7b84ded42c62e4eb0cd96481fddf883d76d395d2b20404055
A249,santa_fe_rho_phase,studies/santa_fe_rho_phase/plots/beta_cmi/estimate_minus_null_social_dominated_rho_0.76.png,172431a14ddb9744d83d7b20db99f6fdf29ac988cb615ecea960c046ae7e56fc
A250,santa_fe_rho_phase,studies/santa_fe_rho_phase/plots/beta_cmi/estimate_minus_null_social_dominated_rho_0.82.png,36c466ff89ad086b8a4937ec20637f9b8c462526ad726b7b79bd23d0a3d996b4
A251,santa_fe_rho_phase,studies/santa_fe_rho_phase/plots/beta_cmi/estimate_minus_null_social_dominated_rho_0.88.png,19bc592dfa8506398f4edf808408cca4a779348a5ea2e990997e9b63f45d3308
A252,santa_fe_rho_phase,studies/santa_fe_rho_phase/plots/beta_cmi/estimate_minus_null_social_dominated_rho_0.94.png,46bada8184b2be5088633dcc42214fa3e15bbfc86ae28f80672e2f28d1393311
A253,santa_fe_rho_phase,studies/santa_fe_rho_phase/plots/beta_cmi/estimate_minus_null_social_dominated_rho_1.png,178af0f74d57e63b549c793cf369ecd428cd5a8b3ddd764fa229239360b7b8ba
A254,santa_fe_rho_phase,studies/santa_fe_rho_phase/plots/beta_cmi/final_target_share_competition_baseline_rho_0.4.png,5f09b17cf9481b57973733624cc903981bf68932762a0c3c3d569fd8da553d0d
A255,santa_fe_rho_phase,studies/santa_fe_rho_phase/plots/beta_cmi/final_target_share_competition_baseline_rho_0.46.png,c5426627721ca91075a517b2e8a7ba67e8754736672899cd539416bec7ac8a05
A256,santa_fe_rho_phase,studies/santa_fe_rho_phase/plots/beta_cmi/final_target_share_competition_baseline_rho_0.52.png,f64474a59f6ab063fe06b81ca8b3e932b1ec3f6d25ed0dcd46c29266c85f5316
A257,santa_fe_rho_phase,studies/santa_fe_rho_phase/plots/beta_cmi/final_target_share_competition_baseline_rho_0.58.png,dac705b9fc76d96181cf37b48f00e29dcc29a345c0ce1d1bb28511aeefc95086
A258,santa_fe_rho_phase,studies/santa_fe_rho_phase/plots/beta_cmi/final_target_share_competition_baseline_rho_0.64.png,526b31514f4b29b3768547165dea23f671cd22cbe2dc3451ecec7a22f0a9568e
A259,santa_fe_rho_phase,studies/santa_fe_rho_phase/plots/beta_cmi/final_target_share_competition_baseline_rho_0.7.png,59eeb7d053da26bbb76f18e559332f4f688cc7165a05641be787596f75908b77
A260,santa_fe_rho_phase,studies/santa_fe_rho_phase/plots/beta_cmi/final_target_share_competition_baseline_rho_0.76.png,f87de096760ed74239bb040f8f42a6eb4ce56c1b0e4da93f5b7cc42bdc21503a
A261,santa_fe_rho_phase,studies/santa_fe_rho_phase/plots/beta_cmi/final_target_share_competition_baseline_rho_0.82.png,1f57e86531f63a2ef10f2fc90c05c4ac40f0b782e3aa9ff4c29bb884ef495754
A262,santa_fe_rho_phase,studies/santa_fe_rho_phase/plots/beta_cmi/final_target_share_competition_baseline_rho_0.88.png,b4e93e5aec11412aee65f62f119efb8f3c9375d4382ab21f3f19ceb17f983344
A263,santa_fe_rho_phase,studies/santa_fe_rho_phase/plots/beta_cmi/final_target_share_competition_baseline_rho_0.94.png,b19217b36ec52c36e2573f2526a445c5d55537e8d5001b13cf75022dacd1052f
A264,santa_fe_rho_phase,studies/santa_fe_rho_phase/plots/beta_cmi/final_target_share_competition_baseline_rho_1.png,1e28e7e754d8251e6ba24f0e7bcf053ceb81e9df4011ed43eee271f361288a16
A265,santa_fe_rho_phase,studies/santa_fe_rho_phase/plots/beta_cmi/final_target_share_competition_high_rho_0.4.png,e5cf2777dddef2ff204c4092920d05e7d50d789b815d401b25b0de5aa6d9ce73
A266,santa_fe_rho_phase,studies/santa_fe_rho_phase/plots/beta_cmi/final_target_share_competition_high_rho_0.46.png,d2f12228aa3c8717864c23838d4b0023f0f1abadddcd56d4f41739375ede056f
A267,santa_fe_rho_phase,studies/santa_fe_rho_phase/plots/beta_cmi/final_target_share_competition_high_rho_0.52.png,44b95aff6ab20db54b21e5957ed40d92191862f6ab1ffb59709ab5debb81050a
A268,santa_fe_rho_phase,studies/santa_fe_rho_phase/plots/beta_cmi/final_target_share_competition_high_rho_0.58.png,7e904d1688d00b81b266e900d87ad44b09b53e33e0d148b7555dc506408fe221
A269,santa_fe_rho_phase,studies/santa_fe_rho_phase/plots/beta_cmi/final_target_share_competition_high_rho_0.64.png,815b83bfe511d4153b04d3cde0fab597eff0a26a49d6b7945b63faf1f09d5392
A270,santa_fe_rho_phase,studies/santa_fe_rho_phase/plots/beta_cmi/final_target_share_competition_high_rho_0.7.png,bda4be8004fdde4c6b99456fd620a093ac5dcf77614042f45169447cf9e30a55
A271,santa_fe_rho_phase,studies/santa_fe_rho_phase/plots/beta_cmi/final_target_share_competition_high_rho_0.76.png,a984ecbb109c0b40688215afac33530d90eee6cd9859e8b654a69259bce7dd31
A272,santa_fe_rho_phase,studies/santa_fe_rho_phase/plots/beta_cmi/final_target_share_competition_high_rho_0.82.png,79cfa859bf975a60dc0478bd97a5742de78c3122df2eb66d384d716d720b7786
A273,santa_fe_rho_phase,studies/santa_fe_rho_phase/plots/beta_cmi/final_target_share_competition_high_rho_0.88.png,9b2f3e5e0358f137fc3c56cf1cb955050f5d06de57b6674f1ebc3171a6dd15a8
A274,santa_fe_rho_phase,studies/santa_fe_rho_phase/plots/beta_cmi/final_target_share_competition_high_rho_0.94.png,940494a8918f5760c729b80af2bf734a52fe1fe780b49412bc0531f3f29529a2
A275,santa_fe_rho_phase,studies/santa_fe_rho_phase/plots/beta_cmi/final_target_share_competition_high_rho_1.png,63a479247f88b5804fd5d2a73083051eb00045bc00fe13435ca3be122a20ac8d
A276,santa_fe_rho_phase,studies/santa_fe_rho_phase/plots/beta_cmi/final_target_share_competition_low_rho_0.4.png,241dc612cc12f04e35d1d150de004bfaef427f8eb43f596c226bfabed0dc8a4f
A277,santa_fe_rho_phase,studies/santa_fe_rho_phase/plots/beta_cmi/final_target_share_competition_low_rho_0.46.png,5ca47482fbb26f53fe5951f1bdddb2f1d4624f571c56744f7e9ae368a0530d1f
A278,santa_fe_rho_phase,studies/santa_fe_rho_phase/plots/beta_cmi/final_target_share_competition_low_rho_0.52.png,d87f2fd057a2e9c2c7337d7023b332878dd9f6bd665b1785846acd1e5216cf61
A279,santa_fe_rho_phase,studies/santa_fe_rho_phase/plots/beta_cmi/final_target_share_competition_low_rho_0.58.png,76247a662fa182991d890000e02f42ab0b4f69cb9669f61baae6f3830a9f03a8
A280,santa_fe_rho_phase,studies/santa_fe_rho_phase/plots/beta_cmi/final_target_share_competition_low_rho_0.64.png,d6530fcaab8e08c1ad7e312bdf5f1750bea64cd590cf014b0973d3e09bf7d942
A281,santa_fe_rho_phase,studies/santa_fe_rho_phase/plots/beta_cmi/final_target_share_competition_low_rho_0.7.png,892ac4090654432629e257ff12d9461c493bea672fc89320e9e03a5a6aaa87bd
A282,santa_fe_rho_phase,studies/santa_fe_rho_phase/plots/beta_cmi/final_target_share_competition_low_rho_0.76.png,f6b952ea03fcda52335e36b3cfdf45d24de0f530e2f80de29b1fc0a33ebc5ce6
A283,santa_fe_rho_phase,studies/santa_fe_rho_phase/plots/beta_cmi/final_target_share_competition_low_rho_0.82.png,6d1aa51aa3f4ca7b5b404a69f6169ee5b27e62ba721f357f6f1b01d909266580
A284,santa_fe_rho_phase,studies/santa_fe_rho_phase/plots/beta_cmi/final_target_share_competition_low_rho_0.88.png,c87f574afa43f62c5bbd1ee8047a2a0de67c4b32f7638e77bc76bbe08a06ec24
A285,santa_fe_rho_phase,studies/santa_fe_rho_phase/plots/beta_cmi/final_target_share_competition_low_rho_0.94.png,4fb0dadb275c8f6345b72581f0bb0f066d45719da233e522e70398e1d15a8144
A286,santa_fe_rho_phase,studies/santa_fe_rho_phase/plots/beta_cmi/final_target_share_competition_low_rho_1.png,1a94d5906a80f0c49b3d07fc99eedf9f25fa349632df176e6f6de3a462787b9a
A287,santa_fe_rho_phase,studies/santa_fe_rho_phase/plots/beta_cmi/final_target_share_evidence_dominated_rho_0.4.png,f9cf8987143343e65261fd635850f657266d403dc9a08619ccdbb301916c42a1
A288,santa_fe_rho_phase,studies/santa_fe_rho_phase/plots/beta_cmi/final_target_share_evidence_dominated_rho_0.46.png,62aa589d0c443f1fc3abc3b9b6d1fad55ce70fb857c8daf9a0ed860e4c749591
A289,santa_fe_rho_phase,studies/santa_fe_rho_phase/plots/beta_cmi/final_target_share_evidence_dominated_rho_0.52.png,ddba3022cb6e03d6f992d8b7de160d22cf12ab64e0df0ad0722672478fa948dd
A290,santa_fe_rho_phase,studies/santa_fe_rho_phase/plots/beta_cmi/final_target_share_evidence_dominated_rho_0.58.png,455f9dab43fcdf6aba3e96c15cf8850896e9c691125b9a086da548820a94c3bd
A291,santa_fe_rho_phase,studies/santa_fe_rho_phase/plots/beta_cmi/final_target_share_evidence_dominated_rho_0.64.png,f1bae171d416469df0de8f253d8a16452df7467f4886fb35dc35b551144514e8
A292,santa_fe_rho_phase,studies/santa_fe_rho_phase/plots/beta_cmi/final_target_share_evidence_dominated_rho_0.7.png,d6b7426391bded3d6019e134b46c25d2312f855b21c8a77625049d190419920f
A293,santa_fe_rho_phase,studies/santa_fe_rho_phase/plots/beta_cmi/final_target_share_evidence_dominated_rho_0.76.png,02bc32562de95cae0f09cc5e995684658aa37105f334aa3c8c79db993023e9c2
A294,santa_fe_rho_phase,studies/santa_fe_rho_phase/plots/beta_cmi/final_target_share_evidence_dominated_rho_0.82.png,758ac857abfb269033497a1555b6d049023dedf16d767251b20f2b331c77818a
A295,santa_fe_rho_phase,studies/santa_fe_rho_phase/plots/beta_cmi/final_target_share_evidence_dominated_rho_0.88.png,6f0f515642a66c4291b1b088ebb512e617ff438bd05f878448fbd38879853089
A296,santa_fe_rho_phase,studies/santa_fe_rho_phase/plots/beta_cmi/final_target_share_evidence_dominated_rho_0.94.png,b05434b286cd42d0ff7b644f8c1bae5fe4f97a481483b185d527855d99d3825d
A297,santa_fe_rho_phase,studies/santa_fe_rho_phase/plots/beta_cmi/final_target_share_evidence_dominated_rho_1.png,b0bb93494b83d16dd9c467de4426534fd6bb1b8a952ab67c72b93fefdfe3e8b5
A298,santa_fe_rho_phase,studies/santa_fe_rho_phase/plots/beta_cmi/final_target_share_social_dominated_rho_0.4.png,97423ab1c3e2436f479205558a656601d85d4a22959d80e568b77e78aca761a4
A299,santa_fe_rho_phase,studies/santa_fe_rho_phase/plots/beta_cmi/final_target_share_social_dominated_rho_0.46.png,a1c508690431a560bfb630943bc47f178cb36c6c37a032388b2cefb032ef6b79
A300,santa_fe_rho_phase,studies/santa_fe_rho_phase/plots/beta_cmi/final_target_share_social_dominated_rho_0.52.png,96085b240142d687678b659f01b5340cdb6f53dcdfd152391942be2dfd0caeb6
A301,santa_fe_rho_phase,studies/santa_fe_rho_phase/plots/beta_cmi/final_target_share_social_dominated_rho_0.58.png,f11f9db62209dc6e3b390ecc0936245988f1ebb3793a54ac42ab8f134d07ff22
A302,santa_fe_rho_phase,studies/santa_fe_rho_phase/plots/beta_cmi/final_target_share_social_dominated_rho_0.64.png,abc88e6455e759e2a8fe2b4d7b42e116f108210fbb6559543666dc3cf224c2ac
A303,santa_fe_rho_phase,studies/santa_fe_rho_phase/plots/beta_cmi/final_target_share_social_dominated_rho_0.7.png,a249ad6b3fcb8a32b09f1b1883cf1c6e5819714e1b724e0d717b5d8e55adfb54
A304,santa_fe_rho_phase,studies/santa_fe_rho_phase/plots/beta_cmi/final_target_share_social_dominated_rho_0.76.png,294f986ec2979647c984fad5a0b3da533ed26d25a14ef10e280eeca6431947c6
A305,santa_fe_rho_phase,studies/santa_fe_rho_phase/plots/beta_cmi/final_target_share_social_dominated_rho_0.82.png,ff71e2788512b0247a0f988bd8648030620e51f24b122ba848d915adba5876dc
A306,santa_fe_rho_phase,studies/santa_fe_rho_phase/plots/beta_cmi/final_target_share_social_dominated_rho_0.88.png,37feeb73131115d8c738055f957acf34f6736c4642725b6dd60941cb9cb7c84f
A307,santa_fe_rho_phase,studies/santa_fe_rho_phase/plots/beta_cmi/final_target_share_social_dominated_rho_0.94.png,919f5adbe946e6c5c7c41f91e6839e46d04016d434fa05a88ef00b88cf62e3af
A308,santa_fe_rho_phase,studies/santa_fe_rho_phase/plots/beta_cmi/final_target_share_social_dominated_rho_1.png,c76193017fa7ebdbda25d687f5059e51996a94d010131bd99d1a5140886ace9f
A309,santa_fe_rho_phase,studies/santa_fe_rho_phase/plots/beta_cmi/final_truth_share_competition_baseline_rho_0.4.png,decd89220208da826729effb8486983a72ec6c336cab95d71e104713cbe2ee3d
A310,santa_fe_rho_phase,studies/santa_fe_rho_phase/plots/beta_cmi/final_truth_share_competition_baseline_rho_0.46.png,aa6323e3e4991cb61bc1801dea6b3b11af739bd0cd9039ddaa4df891304077c1
A311,santa_fe_rho_phase,studies/santa_fe_rho_phase/plots/beta_cmi/final_truth_share_competition_baseline_rho_0.52.png,297669f1fafdf836fb183af72c2c65cda93ebcc02016949d7fa5264b9ab1bd6d
A312,santa_fe_rho_phase,studies/santa_fe_rho_phase/plots/beta_cmi/final_truth_share_competition_baseline_rho_0.58.png,8b82394f52c2b6a5cb18b472a1c3a03b9ec5e6358b670c3ae6514c2f36bc74fc
A313,santa_fe_rho_phase,studies/santa_fe_rho_phase/plots/beta_cmi/final_truth_share_competition_baseline_rho_0.64.png,e79ac1c33d3d94d51be7d13bb83b6dfa1f7c75fa68598fb554f5f8ba3b81cba5
A314,santa_fe_rho_phase,studies/santa_fe_rho_phase/plots/beta_cmi/final_truth_share_competition_baseline_rho_0.7.png,a5a4fd843c1fcd79af1197966f043d59adc0df6c01effb6c6d3432d62065f6c9
A315,santa_fe_rho_phase,studies/santa_fe_rho_phase/plots/beta_cmi/final_truth_share_competition_baseline_rho_0.76.png,89e75c545eee3f5dbfe75127f72ace65072b670b76e9907e1af016c015ae8118
A316,santa_fe_rho_phase,studies/santa_fe_rho_phase/plots/beta_cmi/final_truth_share_competition_baseline_rho_0.82.png,be3432b4932ce95903b767d73b09d80299d8f98699e9794aa9c8c5776ed4c326
A317,santa_fe_rho_phase,studies/santa_fe_rho_phase/plots/beta_cmi/final_truth_share_competition_baseline_rho_0.88.png,571c9010ea73a381ba67671103227eb96ae5427ad6e5f48cd3b773c3a9f7f39f
A318,santa_fe_rho_phase,studies/santa_fe_rho_phase/plots/beta_cmi/final_truth_share_competition_baseline_rho_0.94.png,ada9a557b655798dfaea0f3bc0dbfa3ada278fb2b0a31de94b9cc1f73f0576d0
A319,santa_fe_rho_phase,studies/santa_fe_rho_phase/plots/beta_cmi/final_truth_share_competition_baseline_rho_1.png,18d613e45e3221acfadc71428303b24529d9a78d189c4186010d82d062642f84
A320,santa_fe_rho_phase,studies/santa_fe_rho_phase/plots/beta_cmi/final_truth_share_competition_high_rho_0.4.png,4caa3edfae34f37ffa333fb613b7e2ee41d974bea204c55dc2bc2ff803adf2ec
A321,santa_fe_rho_phase,studies/santa_fe_rho_phase/plots/beta_cmi/final_truth_share_competition_high_rho_0.46.png,db9da73cac78cfe1b39b7be939021376d6621ba9e78730d8ab22ca1b8736166f
A322,santa_fe_rho_phase,studies/santa_fe_rho_phase/plots/beta_cmi/final_truth_share_competition_high_rho_0.52.png,09219e4b76f9a469c8089f60b108ad002dd4a4317abb93c6d47a8e0cbdd69e06
A323,santa_fe_rho_phase,studies/santa_fe_rho_phase/plots/beta_cmi/final_truth_share_competition_high_rho_0.58.png,7f152fc141ccb470a4ab5978609c35e9db8e2d969e4828b8e03fdcb5bc92f54d
A324,santa_fe_rho_phase,studies/santa_fe_rho_phase/plots/beta_cmi/final_truth_share_competition_high_rho_0.64.png,8d83ebb2aaa4cf345b654611828ab454e3ac88b8cb9d315aa7f7d3cfb50f065c
A325,santa_fe_rho_phase,studies/santa_fe_rho_phase/plots/beta_cmi/final_truth_share_competition_high_rho_0.7.png,7d32b26ad7ff5498b9bcf1b1a671adf666bd9712584d9c9c8a95b10a71cbcb30
A326,santa_fe_rho_phase,studies/santa_fe_rho_phase/plots/beta_cmi/final_truth_share_competition_high_rho_0.76.png,6ee8b08d60ff6bd4603e0127bab4e1fc78201d2b3918c6ced8afe6f6bbb3f191
A327,santa_fe_rho_phase,studies/santa_fe_rho_phase/plots/beta_cmi/final_truth_share_competition_high_rho_0.82.png,bfa121925c78f99503e942e2c91e55ce0504b6482477d2a26452a80fed5b1d92
A328,santa_fe_rho_phase,studies/santa_fe_rho_phase/plots/beta_cmi/final_truth_share_competition_high_rho_0.88.png,1ce48d6acd7b7b13241ba9d52b97cdce12c0105ed35f2502324358200011dac5
A329,santa_fe_rho_phase,studies/santa_fe_rho_phase/plots/beta_cmi/final_truth_share_competition_high_rho_0.94.png,4953968d6552a6d8f5c32e067709a05a255d2af0f9d760c724621c7a15de1ddb
A330,santa_fe_rho_phase,studies/santa_fe_rho_phase/plots/beta_cmi/final_truth_share_competition_high_rho_1.png,29df6c0c5b5464c29bc3d30213c9931f207e5edf13bbe09d8ef809f3f8397a43
A331,santa_fe_rho_phase,studies/santa_fe_rho_phase/plots/beta_cmi/final_truth_share_competition_low_rho_0.4.png,853eb655740b3df3b7e6c6eb25cb6b307c67903e24147d24a145f4aa48165fb6
A332,santa_fe_rho_phase,studies/santa_fe_rho_phase/plots/beta_cmi/final_truth_share_competition_low_rho_0.46.png,953949348ecf60bcd96de95528665725fb2169170980b7ea1f16e2adbaa11d3c
A333,santa_fe_rho_phase,studies/santa_fe_rho_phase/plots/beta_cmi/final_truth_share_competition_low_rho_0.52.png,33c74e5248ea7dd8e027a2f1d4aa174bec616ce3e1bffa0135d92ade5cea0c95
A334,santa_fe_rho_phase,studies/santa_fe_rho_phase/plots/beta_cmi/final_truth_share_competition_low_rho_0.58.png,a8b3af2a38d9b7a6acba2fee9a808b3e74fd18d284f4c971e11bdce0ec5bc6ec
A335,santa_fe_rho_phase,studies/santa_fe_rho_phase/plots/beta_cmi/final_truth_share_competition_low_rho_0.64.png,1d7e96e81371a394995f29aee5f9c7e6c156ab0459795152e5c1adb7aaf7a758
A336,santa_fe_rho_phase,studies/santa_fe_rho_phase/plots/beta_cmi/final_truth_share_competition_low_rho_0.7.png,dd2c2f733022671fc5dd7cc7dd7527b581351588ae24331215d55754fb1f0865
A337,santa_fe_rho_phase,studies/santa_fe_rho_phase/plots/beta_cmi/final_truth_share_competition_low_rho_0.76.png,25ade5a9c783b63fd0b3365ffb91c08b91ef2f06009166061a2a44595bec6f39
A338,santa_fe_rho_phase,studies/santa_fe_rho_phase/plots/beta_cmi/final_truth_share_competition_low_rho_0.82.png,dc34cc8713351f92452d1c9c6012d08a1327a7a13df744b13496af3e2b5f910e
A339,santa_fe_rho_phase,studies/santa_fe_rho_phase/plots/beta_cmi/final_truth_share_competition_low_rho_0.88.png,c003c18a672af2c46d1d4349723b10eaf62b20e78e746b14c2f13caa599feb49
A340,santa_fe_rho_phase,studies/santa_fe_rho_phase/plots/beta_cmi/final_truth_share_competition_low_rho_0.94.png,d28a3b9f4e16c5a61e471ae35549e1082bee92bc9fb1446098d2e3695f97846b
A341,santa_fe_rho_phase,studies/santa_fe_rho_phase/plots/beta_cmi/final_truth_share_competition_low_rho_1.png,234ad2f00667f68233065143f0da079ea49029777371e3b6d5d5e54158af20d1
A342,santa_fe_rho_phase,studies/santa_fe_rho_phase/plots/beta_cmi/final_truth_share_evidence_dominated_rho_0.4.png,a021e931f3b2e7077bebab287511afb5465947189896ecde4d0f2eb06fd256fc
A343,santa_fe_rho_phase,studies/santa_fe_rho_phase/plots/beta_cmi/final_truth_share_evidence_dominated_rho_0.46.png,2b4a53c85f6fcb1aaf1ba6bdbbeec3c015c1539eb7517772ae0a96e5d8ef6db0
A344,santa_fe_rho_phase,studies/santa_fe_rho_phase/plots/beta_cmi/final_truth_share_evidence_dominated_rho_0.52.png,4eeb36642246e2952bd12eefc1bcb1c8f60781176cc1eba26d38027d342f65f4
A345,santa_fe_rho_phase,studies/santa_fe_rho_phase/plots/beta_cmi/final_truth_share_evidence_dominated_rho_0.58.png,cee4a521d917240361eab71db8a865490ab48a5021a5dc5509297540e87719ca
A346,santa_fe_rho_phase,studies/santa_fe_rho_phase/plots/beta_cmi/final_truth_share_evidence_dominated_rho_0.64.png,6b2510c61c1c3041e2c17847cb98f2fc4718d8acdb301c832f7185e0a894efe4
A347,santa_fe_rho_phase,studies/santa_fe_rho_phase/plots/beta_cmi/final_truth_share_evidence_dominated_rho_0.7.png,1043ab23a87501cf2293f198a9c9e6a54a718822b23988712c1d1ece519fb190
A348,santa_fe_rho_phase,studies/santa_fe_rho_phase/plots/beta_cmi/final_truth_share_evidence_dominated_rho_0.76.png,b171e4acb0c62484c05d39a4c1b6b65f09c1457e4524bf275e4a68ae6a1f0af7
A349,santa_fe_rho_phase,studies/santa_fe_rho_phase/plots/beta_cmi/final_truth_share_evidence_dominated_rho_0.82.png,6627717c73a4bd60e15d5db74f3f7f3b774bef37353c29d7875611fc81e5c730
A350,santa_fe_rho_phase,studies/santa_fe_rho_phase/plots/beta_cmi/final_truth_share_evidence_dominated_rho_0.88.png,ba20b68d001826b8c3c5cc16150811ce934be9e3eba702f38519f40f18516ea1
A351,santa_fe_rho_phase,studies/santa_fe_rho_phase/plots/beta_cmi/final_truth_share_evidence_dominated_rho_0.94.png,c39a4e7da5917d6be66d6a8131fc04dd91f6372c20b37a7f9f19acb051f18ab4
A352,santa_fe_rho_phase,studies/santa_fe_rho_phase/plots/beta_cmi/final_truth_share_evidence_dominated_rho_1.png,dcc7a605f5b92b551e1f5bd76aa28cbcb8b34fb1c0f39cdcf0e78a5f06582e57
A353,santa_fe_rho_phase,studies/santa_fe_rho_phase/plots/beta_cmi/final_truth_share_social_dominated_rho_0.4.png,56f59e6fface9f43bc32d9fc48d44b22c911f74f7a09f3533a42c47c72301f87
A354,santa_fe_rho_phase,studies/santa_fe_rho_phase/plots/beta_cmi/final_truth_share_social_dominated_rho_0.46.png,bf70939027ca593c7a29423d623599d85d43e9e06409ae6d441eb501d20cf292
A355,santa_fe_rho_phase,studies/santa_fe_rho_phase/plots/beta_cmi/final_truth_share_social_dominated_rho_0.52.png,82ffb3b573bf9098d684d5e22cdfcde07f71154da8bdf0943a3b86c389180a71
A356,santa_fe_rho_phase,studies/santa_fe_rho_phase/plots/beta_cmi/final_truth_share_social_dominated_rho_0.58.png,26752e35170b9f56562ddcf0928268f290955fb933d63eee91958a803538bb34
A357,santa_fe_rho_phase,studies/santa_fe_rho_phase/plots/beta_cmi/final_truth_share_social_dominated_rho_0.64.png,e0cfd65d4ed944c2577535e396bb69e38a0f95ef61633e95df37a1be6eadaecd
A358,santa_fe_rho_phase,studies/santa_fe_rho_phase/plots/beta_cmi/final_truth_share_social_dominated_rho_0.7.png,eb676bfb29c57061033891ff7dc9e03ca148cd61532b7c518d53b1ef2110406b
A359,santa_fe_rho_phase,studies/santa_fe_rho_phase/plots/beta_cmi/final_truth_share_social_dominated_rho_0.76.png,a0b7c4495c0bffe7e240eb84e682b3277e5dde7f12b7080ac3cad1ea8d4749aa
A360,santa_fe_rho_phase,studies/santa_fe_rho_phase/plots/beta_cmi/final_truth_share_social_dominated_rho_0.82.png,04c0db79c9512fe6157b194548bfb380d64d5db0473f0b683e7352e30173bc91
A361,santa_fe_rho_phase,studies/santa_fe_rho_phase/plots/beta_cmi/final_truth_share_social_dominated_rho_0.88.png,2d0018999f11c88bb7980fc4f96fe4915af335d1a70eaebe43c3aecaff7f0aa1
A362,santa_fe_rho_phase,studies/santa_fe_rho_phase/plots/beta_cmi/final_truth_share_social_dominated_rho_0.94.png,1cae0ca46fc0d72d37712317113b0de426a472bbef77d362786680d494c7e1a3
A363,santa_fe_rho_phase,studies/santa_fe_rho_phase/plots/beta_cmi/final_truth_share_social_dominated_rho_1.png,9940ea1f3e4a5eb0d30251c492af05c02892a889345faacbae40d6bc87d68217
A364,santa_fe_rho_phase,studies/santa_fe_rho_phase/plots/beta_cmi/heatmap_chi_empirical_plain_rho_0.4.png,0e8b0d7a99dc498f46cce08dda7178d8fdcfeaaf6771f360c7ddfa7132c206a7
A365,santa_fe_rho_phase,studies/santa_fe_rho_phase/plots/beta_cmi/heatmap_chi_empirical_plain_rho_0.46.png,b4cb9b8a2fb16475a3c35d01aa2ff6dc1831912c412cffd327eb1340e11ec896
A366,santa_fe_rho_phase,studies/santa_fe_rho_phase/plots/beta_cmi/heatmap_chi_empirical_plain_rho_0.52.png,d35df5c3632c2e22f98d14a15dab19ab109d1f4bc9c812bde22c55991d9354b7
A367,santa_fe_rho_phase,studies/santa_fe_rho_phase/plots/beta_cmi/heatmap_chi_empirical_plain_rho_0.58.png,fed4104dfe9dd9c3afe3809490e77aeab20cc7183357a8d3f114c34c9d7f744a
A368,santa_fe_rho_phase,studies/santa_fe_rho_phase/plots/beta_cmi/heatmap_chi_empirical_plain_rho_0.64.png,9ebe853de7d041d63fb4153a6360a1ff17a16676d6822ad95480ac7366ea48aa
A369,santa_fe_rho_phase,studies/santa_fe_rho_phase/plots/beta_cmi/heatmap_chi_empirical_plain_rho_0.7.png,512ce19ef7a299932bc86d27051f235b37f78132518370faf069cbe0c615d2c4
A370,santa_fe_rho_phase,studies/santa_fe_rho_phase/plots/beta_cmi/heatmap_chi_empirical_plain_rho_0.76.png,fe9611bd3ddf6daed23035df0a4beb54e62159d3538ca8af43fdbbaa027034db
A371,santa_fe_rho_phase,studies/santa_fe_rho_phase/plots/beta_cmi/heatmap_chi_empirical_plain_rho_0.82.png,cc65ee29e086049006a9cb741143aa58d91acc8ceae281e38865709ffdb15156
A372,santa_fe_rho_phase,studies/santa_fe_rho_phase/plots/beta_cmi/heatmap_chi_empirical_plain_rho_0.88.png,5e10c60a42147eedae85dd20bf51ffe638a3ab1ce98b8b179ee96e368c6d6657
A373,santa_fe_rho_phase,studies/santa_fe_rho_phase/plots/beta_cmi/heatmap_chi_empirical_plain_rho_0.94.png,57a5aaa0c96fdf81f35232ebf93d0de3559fd1ba7ada8071665ae5cf625e2297
A374,santa_fe_rho_phase,studies/santa_fe_rho_phase/plots/beta_cmi/heatmap_chi_empirical_plain_rho_1.png,b5f186035af0ee20d5fdcb92f6a097951a9af91ff653926555488c2dfa81a373
A375,santa_fe_rho_phase,studies/santa_fe_rho_phase/plots/beta_cmi/heatmap_estimate_minus_null_both_rho_0.4.png,d7307e9ea1c5044bb914f42ef582328884c69cc31f131c7bb2d7e729d23a522a
A376,santa_fe_rho_phase,studies/santa_fe_rho_phase/plots/beta_cmi/heatmap_estimate_minus_null_both_rho_0.46.png,57fe4f50aff2a19a86d0c89a9a381777b786be361598f40267326d457bfc5c27
A377,santa_fe_rho_phase,studies/santa_fe_rho_phase/plots/beta_cmi/heatmap_estimate_minus_null_both_rho_0.52.png,7d299957e50418385fc600d079d0cdfe743a1b79dd97ac3516708e0af273e188
A378,santa_fe_rho_phase,studies/santa_fe_rho_phase/plots/beta_cmi/heatmap_estimate_minus_null_both_rho_0.58.png,914eee627890a5e7fc505a1927404ea6bb4475d7397bfe7c1e05e3bceb01eb62
A379,santa_fe_rho_phase,studies/santa_fe_rho_phase/plots/beta_cmi/heatmap_estimate_minus_null_both_rho_0.64.png,113d307181887eab7fc930097e7e875fc0b32481be5500d64e17cbdc8788cde1
A380,santa_fe_rho_phase,studies/santa_fe_rho_phase/plots/beta_cmi/heatmap_estimate_minus_null_both_rho_0.7.png,2bd6b26664c4114a8dc89aa6d29c5ed0fdc0fef9fa2b3767ee802540be224013
A381,santa_fe_rho_phase,studies/santa_fe_rho_phase/plots/beta_cmi/heatmap_estimate_minus_null_both_rho_0.76.png,3f1776ba2868cbe470a5c3ef73c8497d0d954f2ad8ba977d4651fd05531547ea
A382,santa_fe_rho_phase,studies/santa_fe_rho_phase/plots/beta_cmi/heatmap_estimate_minus_null_both_rho_0.82.png,425f56b2692d54aa35725f88e4b24d7b0a4bdcda32fe2936b0daef916f1b1d80
A383,santa_fe_rho_phase,studies/santa_fe_rho_phase/plots/beta_cmi/heatmap_estimate_minus_null_both_rho_0.88.png,e357962a94e6e092cec9efd727a78b5e8045baacdf5c064d0756b1b431965748
A384,santa_fe_rho_phase,studies/santa_fe_rho_phase/plots/beta_cmi/heatmap_estimate_minus_null_both_rho_0.94.png,15f77340c456eda6c42800ecfe675b666f6fcc0035f17cda044fbd033a89addc
A385,santa_fe_rho_phase,studies/santa_fe_rho_phase/plots/beta_cmi/heatmap_estimate_minus_null_both_rho_1.png,5ba7add8877bbd2a25ecf21059c5f528ab255d9db184b38257840d9c060f31e4
A386,santa_fe_rho_phase,studies/santa_fe_rho_phase/plots/beta_cmi/heatmap_estimate_minus_null_mean_rho_0.4.png,65d026496bb64c83c10731dee86ec978a8bf12af3f39edce35aaf5ef28bcca79
A387,santa_fe_rho_phase,studies/santa_fe_rho_phase/plots/beta_cmi/heatmap_estimate_minus_null_mean_rho_0.46.png,cac0a18e0c67a73bd2e870415d17d936574a4bee77d50dd239053b21a60c3429
A388,santa_fe_rho_phase,studies/santa_fe_rho_phase/plots/beta_cmi/heatmap_estimate_minus_null_mean_rho_0.52.png,37f9c1bda0f4c8723889367f326ab1c9fe0008aa0acdc8087a0aadee61f07126
A389,santa_fe_rho_phase,studies/santa_fe_rho_phase/plots/beta_cmi/heatmap_estimate_minus_null_mean_rho_0.58.png,0efb22c82eac9da2b9c889233a0dd89a00a3b435e7450cfb2aaa2c18a8a17a86
A390,santa_fe_rho_phase,studies/santa_fe_rho_phase/plots/beta_cmi/heatmap_estimate_minus_null_mean_rho_0.64.png,5225b2de8b641575c060ff6b99ebab5b63593969ea766fa3f1e90acf29bc96ae
A391,santa_fe_rho_phase,studies/santa_fe_rho_phase/plots/beta_cmi/heatmap_estimate_minus_null_mean_rho_0.7.png,308f897cef8b257af8e995d154faa165ed4d0dbee805b4d97a4b2b8e46b09ee8
A392,santa_fe_rho_phase,studies/santa_fe_rho_phase/plots/beta_cmi/heatmap_estimate_minus_null_mean_rho_0.76.png,a36c526b99f1adbedc964c2f3f04788693e072791c45890f45b720c3bc608698
A393,santa_fe_rho_phase,studies/santa_fe_rho_phase/plots/beta_cmi/heatmap_estimate_minus_null_mean_rho_0.82.png,6d0c5148b3fec9c4a2bc7d0b10ab244e40858c69e0e57cbb2308658430144042
A394,santa_fe_rho_phase,studies/santa_fe_rho_phase/plots/beta_cmi/heatmap_estimate_minus_null_mean_rho_0.88.png,f8672fcd5537a87bd614a68803157f8f7ca2689a935e9a4f3c6a9e28ca293f44
A395,santa_fe_rho_phase,studies/santa_fe_rho_phase/plots/beta_cmi/heatmap_estimate_minus_null_mean_rho_0.94.png,687e1b051ca285c0d445348c44a3fef3baedf2f3acc7be11dbefab75d37387f1
A396,santa_fe_rho_phase,studies/santa_fe_rho_phase/plots/beta_cmi/heatmap_estimate_minus_null_mean_rho_1.png,849f13980dc6432a7432e59b63c62d2d1c2defe5b369913ea62db82ae3af33cd
A397,santa_fe_rho_phase,studies/santa_fe_rho_phase/plots/beta_cmi/heatmap_estimate_minus_null_plain_rho_0.4.png,ee3b9903cd1374f92ff6bf8453b3f75c374360007c037a9a7f03a1d2138a1706
A398,santa_fe_rho_phase,studies/santa_fe_rho_phase/plots/beta_cmi/heatmap_estimate_minus_null_plain_rho_0.46.png,575c4b3c629ab92d52f8536c9f72d89563e0fd2770ce802fbe764026c26934fe
A399,santa_fe_rho_phase,studies/santa_fe_rho_phase/plots/beta_cmi/heatmap_estimate_minus_null_plain_rho_0.52.png,42f0b4cc291cabf6effb7c0a74b93e547ac75d9a46ffbb409be6cda757f0769d
A400,santa_fe_rho_phase,studies/santa_fe_rho_phase/plots/beta_cmi/heatmap_estimate_minus_null_plain_rho_0.58.png,f1de9a3fb78b16170bca15c95aebc6b62b845ac415e8ddc63f63d004b5d575b1
A401,santa_fe_rho_phase,studies/santa_fe_rho_phase/plots/beta_cmi/heatmap_estimate_minus_null_plain_rho_0.64.png,b42c74079bd5ef2226bf72016691d9b0e6f92b55f897c0d0eb9fab9463c01c64
A402,santa_fe_rho_phase,studies/santa_fe_rho_phase/plots/beta_cmi/heatmap_estimate_minus_null_plain_rho_0.7.png,9f1f93966fd59cdcd5e19071cd2c20a9e5c2f8021d854ba195a940cc12991b6e
A403,santa_fe_rho_phase,studies/santa_fe_rho_phase/plots/beta_cmi/heatmap_estimate_minus_null_plain_rho_0.76.png,fabbead5048aada6782e0d085d1128935e5d612cdbed901e0f8ed44404873ec4
A404,santa_fe_rho_phase,studies/santa_fe_rho_phase/plots/beta_cmi/heatmap_estimate_minus_null_plain_rho_0.82.png,db7e44e01a228fbad0ea636b6b06c998c186b34711b9834b1b1a7fc4681d6d00
A405,santa_fe_rho_phase,studies/santa_fe_rho_phase/plots/beta_cmi/heatmap_estimate_minus_null_plain_rho_0.88.png,969a008c77d072b7bb2db7d9f4577c7276ff338de74e4d9c51271025f5bface8
A406,santa_fe_rho_phase,studies/santa_fe_rho_phase/plots/beta_cmi/heatmap_estimate_minus_null_plain_rho_0.94.png,cf450fec7b2c7053b5ed70a0d0e00736c68899c3e8be1e87fd15c98b36fbc3bc
A407,santa_fe_rho_phase,studies/santa_fe_rho_phase/plots/beta_cmi/heatmap_estimate_minus_null_plain_rho_1.png,9590f7c0b4d01cd124739293d460353810e95432e329ba8c0dd32feb1116283d
A408,santa_fe_rho_phase,studies/santa_fe_rho_phase/plots/beta_cmi/heatmap_estimate_minus_null_population_rho_0.4.png,25a407c2c07490adab9dccfbef12a63728630a910370fac249ef0335c6dcc4c7
A409,santa_fe_rho_phase,studies/santa_fe_rho_phase/plots/beta_cmi/heatmap_estimate_minus_null_population_rho_0.46.png,0b1d8f5064820a9ff7f17875044863ae78031d93c0844a38663ce9fbf15e8679
A410,santa_fe_rho_phase,studies/santa_fe_rho_phase/plots/beta_cmi/heatmap_estimate_minus_null_population_rho_0.52.png,402361c8628ce6c0796ac04ef16d7bd697d433f719ca113cc95f9a3b88616b80
A411,santa_fe_rho_phase,studies/santa_fe_rho_phase/plots/beta_cmi/heatmap_estimate_minus_null_population_rho_0.58.png,0892776421d9068b0351515e55b728362aaca88d5a8e17933622e01aac338933
A412,santa_fe_rho_phase,studies/santa_fe_rho_phase/plots/beta_cmi/heatmap_estimate_minus_null_population_rho_0.64.png,0dea7b8839ff65c7aba0d3c5593a1fa85b7e8976961e0d70b03db16a7c9f8b10
A413,santa_fe_rho_phase,studies/santa_fe_rho_phase/plots/beta_cmi/heatmap_estimate_minus_null_population_rho_0.7.png,fa1f23d694346f4752950e08271f1db7efc559bdb59c80c1272af2d08f650635
A414,santa_fe_rho_phase,studies/santa_fe_rho_phase/plots/beta_cmi/heatmap_estimate_minus_null_population_rho_0.76.png,58f55854573b9e95d178f93b24c8914393d71c62afb21e4e857ace1cfca37a57
A415,santa_fe_rho_phase,studies/santa_fe_rho_phase/plots/beta_cmi/heatmap_estimate_minus_null_population_rho_0.82.png,fcf202c3cb731808c861e84d413bfdc684cb80e15a7e07d8c38a41b30b0b2b23
A416,santa_fe_rho_phase,studies/santa_fe_rho_phase/plots/beta_cmi/heatmap_estimate_minus_null_population_rho_0.88.png,269113856966d3ffdd389237e25cfbd067f817cc1ef1cd5d28f70b6f11d4a195
A417,santa_fe_rho_phase,studies/santa_fe_rho_phase/plots/beta_cmi/heatmap_estimate_minus_null_population_rho_0.94.png,96150596b4cd077a85e2011adc4e3d43ccea8a2adad05221ce831e13ad73648e
A418,santa_fe_rho_phase,studies/santa_fe_rho_phase/plots/beta_cmi/heatmap_estimate_minus_null_population_rho_1.png,0b3710fcee3063871715a267ebbfe27fe278f99cad39253cf3b5d61e78b6a342
A419,santa_fe_rho_phase,studies/santa_fe_rho_phase/plots/beta_cmi/heatmap_observed_cmi_both_rho_0.4.png,da2eb7544c7910e54a656bb808a3a23f0064fc4d0f7be9b9c254516d41f25152
A420,santa_fe_rho_phase,studies/santa_fe_rho_phase/plots/beta_cmi/heatmap_observed_cmi_both_rho_0.46.png,abf7607897a488601dfebb8649b6e594084c69e912db0bc3ef7e878ed2f296b3
A421,santa_fe_rho_phase,studies/santa_fe_rho_phase/plots/beta_cmi/heatmap_observed_cmi_both_rho_0.52.png,fd0dedc0d787887dd8fef8724ec5f068c449bc0c8e14329ed3d99b36a31b8d4c
A422,santa_fe_rho_phase,studies/santa_fe_rho_phase/plots/beta_cmi/heatmap_observed_cmi_both_rho_0.58.png,6e618508c19e86ae5710855f3b867748cd398cfe883239b5dc31f8292e31a9d1
A423,santa_fe_rho_phase,studies/santa_fe_rho_phase/plots/beta_cmi/heatmap_observed_cmi_both_rho_0.64.png,1d6ea2dc1c1b52fac504a24638daa98863801df332fe9797eeb5737b10017ff1
A424,santa_fe_rho_phase,studies/santa_fe_rho_phase/plots/beta_cmi/heatmap_observed_cmi_both_rho_0.7.png,335da1b1991749106f7888b021eb88a95972a4af380fb936579f897988d7fac8
A425,santa_fe_rho_phase,studies/santa_fe_rho_phase/plots/beta_cmi/heatmap_observed_cmi_both_rho_0.76.png,6651c584d5c4e1a61fc1823a66ec0503f9d3b379823fa66929e2fdfec5faf2e1
A426,santa_fe_rho_phase,studies/santa_fe_rho_phase/plots/beta_cmi/heatmap_observed_cmi_both_rho_0.82.png,c85838244049480ae11d82bbf8052729458b37388281d5c5db1984b98d71d913
A427,santa_fe_rho_phase,studies/santa_fe_rho_phase/plots/beta_cmi/heatmap_observed_cmi_both_rho_0.88.png,1a5d54bdadc4b8b82e9eabd6e9ddd223e433b743ec866da9dd9d05948227f5a5
A428,santa_fe_rho_phase,studies/santa_fe_rho_phase/plots/beta_cmi/heatmap_observed_cmi_both_rho_0.94.png,0a5a8fb8404ce0746707a31e82cd89f13309cd340166258ec50db38598a7ac64
A429,santa_fe_rho_phase,studies/santa_fe_rho_phase/plots/beta_cmi/heatmap_observed_cmi_both_rho_1.png,feca6a3e732389cadd2f5e5759ac5118634fbefe6b7f9e5f6ad094f485923bfc
A430,santa_fe_rho_phase,studies/santa_fe_rho_phase/plots/beta_cmi/heatmap_observed_cmi_mean_rho_0.4.png,0717394e50dca1813382b2dbf41e3b5730c445d76b8536a8ca3a980a6d13f95c
A431,santa_fe_rho_phase,studies/santa_fe_rho_phase/plots/beta_cmi/heatmap_observed_cmi_mean_rho_0.46.png,1c4f310e7d231d9c358a49a4e31f7e85cc74abbfd53ad26d891add29bd920caf
A432,santa_fe_rho_phase,studies/santa_fe_rho_phase/plots/beta_cmi/heatmap_observed_cmi_mean_rho_0.52.png,dfe67d7d4708eff4b50f4ad988643e3bc054727a19120d37e20c7fcf72ce8106
A433,santa_fe_rho_phase,studies/santa_fe_rho_phase/plots/beta_cmi/heatmap_observed_cmi_mean_rho_0.58.png,b4a0ea413afc5eb41ad36b1fc37953cce2888a03ea588eb041841700df1abc87
A434,santa_fe_rho_phase,studies/santa_fe_rho_phase/plots/beta_cmi/heatmap_observed_cmi_mean_rho_0.64.png,03f791601dc6de45e2d53ba277b43d077e236f5177896b3b2ac70205c8c4da7f
A435,santa_fe_rho_phase,studies/santa_fe_rho_phase/plots/beta_cmi/heatmap_observed_cmi_mean_rho_0.7.png,7ff8e38d88cfec1f3d937b0ef1990a8259c53dd6223bdf859a99d1d30c935ec3
A436,santa_fe_rho_phase,studies/santa_fe_rho_phase/plots/beta_cmi/heatmap_observed_cmi_mean_rho_0.76.png,c462531c2309aaac1d32701e7208a6d1ad9a8ef21055ac00d7f0879afaff0818
A437,santa_fe_rho_phase,studies/santa_fe_rho_phase/plots/beta_cmi/heatmap_observed_cmi_mean_rho_0.82.png,14bc91f7e6d8f04b756e85e28dcfff14d34ce122df76f71a487dcbeed61265b5
A438,santa_fe_rho_phase,studies/santa_fe_rho_phase/plots/beta_cmi/heatmap_observed_cmi_mean_rho_0.88.png,13f3fa6dddd722e44b2992dd7748cb624ceda2efdc66092d60e1ce381b4ebd87
A439,santa_fe_rho_phase,studies/santa_fe_rho_phase/plots/beta_cmi/heatmap_observed_cmi_mean_rho_0.94.png,ede14f8e4c84021bb9c8d30a49f706b13291a693f781a733d4ecad680373178f
A440,santa_fe_rho_phase,studies/santa_fe_rho_phase/plots/beta_cmi/heatmap_observed_cmi_mean_rho_1.png,6d796326c5afc0d7cd9ccc7735d3de473ba02792fd1b09523a7d7aa26692adb5
A441,santa_fe_rho_phase,studies/santa_fe_rho_phase/plots/beta_cmi/heatmap_observed_cmi_plain_rho_0.4.png,db2c33cdd8bcd8796be8896b88ceda56156f17bd5287c571a425090d5e3b4129
A442,santa_fe_rho_phase,studies/santa_fe_rho_phase/plots/beta_cmi/heatmap_observed_cmi_plain_rho_0.46.png,3bb6bd1230b0cbbc94115d6db89e97e8040f4da3b88ab05be5c107bb640c59fc
A443,santa_fe_rho_phase,studies/santa_fe_rho_phase/plots/beta_cmi/heatmap_observed_cmi_plain_rho_0.52.png,4cdddda542f7227aadbf834d9e547843232b507e1a4c51e7caf4f53644e929c3
A444,santa_fe_rho_phase,studies/santa_fe_rho_phase/plots/beta_cmi/heatmap_observed_cmi_plain_rho_0.58.png,ea566c370cc01cb4c5b961aa18c669422653d03311874ff9ae191936aa8ac63c
A445,santa_fe_rho_phase,studies/santa_fe_rho_phase/plots/beta_cmi/heatmap_observed_cmi_plain_rho_0.64.png,3c08e81b86deb2439b05dfcf284b6ffcbaa5007d65ac21239b4ef2b7633da2a4
A446,santa_fe_rho_phase,studies/santa_fe_rho_phase/plots/beta_cmi/heatmap_observed_cmi_plain_rho_0.7.png,bc32f33cf96bfd07283c4f7af7934cf514a44a1f4c7cd50df7c5aa480a5ae5c1
A447,santa_fe_rho_phase,studies/santa_fe_rho_phase/plots/beta_cmi/heatmap_observed_cmi_plain_rho_0.76.png,f9061e7f773b6d102fe6302c7d45f213af9443a36b2c31290b59227b9d3c63d4
A448,santa_fe_rho_phase,studies/santa_fe_rho_phase/plots/beta_cmi/heatmap_observed_cmi_plain_rho_0.82.png,547498f0a05d98138e1102f3e5ed0d26091750571e0f6810635d675c373f48ef
A449,santa_fe_rho_phase,studies/santa_fe_rho_phase/plots/beta_cmi/heatmap_observed_cmi_plain_rho_0.88.png,f13e79f4084335f590573ccd66ebbf26ab041ad239de4822a49dc248a6385dd2
A450,santa_fe_rho_phase,studies/santa_fe_rho_phase/plots/beta_cmi/heatmap_observed_cmi_plain_rho_0.94.png,555def22cd38e0adfebc7e42fb2749ba004485b1d98d9fe1c5313fe1e5b2bf19
A451,santa_fe_rho_phase,studies/santa_fe_rho_phase/plots/beta_cmi/heatmap_observed_cmi_plain_rho_1.png,4a510dc9ef15a5181ed5ca68c2051f51f8b5aeef4b7e07bf70dfd8470ee30a59
A452,santa_fe_rho_phase,studies/santa_fe_rho_phase/plots/beta_cmi/heatmap_observed_cmi_population_rho_0.4.png,ca89f4d64978034259e1b71e2d207b5aaf7da888ee0b9a700e0b1e25dc1bedf2
A453,santa_fe_rho_phase,studies/santa_fe_rho_phase/plots/beta_cmi/heatmap_observed_cmi_population_rho_0.46.png,9a73ab39f6143e730719c2b5ef634389725e5b557c60c226053bfbac67adebe2
A454,santa_fe_rho_phase,studies/santa_fe_rho_phase/plots/beta_cmi/heatmap_observed_cmi_population_rho_0.52.png,bac0f9c7f621419aebea8cbddf085b5e13ad01a560ba06efdc7d1d2dda96b32b
A455,santa_fe_rho_phase,studies/santa_fe_rho_phase/plots/beta_cmi/heatmap_observed_cmi_population_rho_0.58.png,28e97b104a77f06a5d4ad9637b0af137dfc57559a2cc3df91f7f4d5bbd4d4fe9
A456,santa_fe_rho_phase,studies/santa_fe_rho_phase/plots/beta_cmi/heatmap_observed_cmi_population_rho_0.64.png,9eedb85e43bb24f476cbc329f3895834f12c5acb3fc953739b0dad1e757063bd
A457,santa_fe_rho_phase,studies/santa_fe_rho_phase/plots/beta_cmi/heatmap_observed_cmi_population_rho_0.7.png,ba0978daa91511c54b79bb97f55003569ebb062431c8d6c30bea2fc45d95a301
A458,santa_fe_rho_phase,studies/santa_fe_rho_phase/plots/beta_cmi/heatmap_observed_cmi_population_rho_0.76.png,3543cf34482279765fb141e03e13957baac546ff1b884ea535064ea016bfd18d
A459,santa_fe_rho_phase,studies/santa_fe_rho_phase/plots/beta_cmi/heatmap_observed_cmi_population_rho_0.82.png,1b01f6716e2dc296b24dbe4fdb0f1c1bbc3435ff12fa3fd3163cc7e5bbb2507b
A460,santa_fe_rho_phase,studies/santa_fe_rho_phase/plots/beta_cmi/heatmap_observed_cmi_population_rho_0.88.png,19c2ec181e089e80364e796234df71b578e7adb3b28793bf5ea8d9a16e1dc2d1
A461,santa_fe_rho_phase,studies/santa_fe_rho_phase/plots/beta_cmi/heatmap_observed_cmi_population_rho_0.94.png,3b6e2aaba8fcc1dba9fc630e478e423bf50bec0536b6a9cae854cf429a78ab06
A462,santa_fe_rho_phase,studies/santa_fe_rho_phase/plots/beta_cmi/heatmap_observed_cmi_population_rho_1.png,4925fa89b24e3170d6f5b8d9dda502d035c4aef340030f58e46a22d2dc3ae07f
A463,santa_fe_rho_phase,studies/santa_fe_rho_phase/plots/beta_cmi/null_z_score_competition_baseline_rho_0.4.png,97a14d225146f3c4ea4f1e1945676b3e737bdf10f21ec6988ee7dfcc6d7e1007
A464,santa_fe_rho_phase,studies/santa_fe_rho_phase/plots/beta_cmi/null_z_score_competition_baseline_rho_0.46.png,620fcb144004a1e2625dd077a4d4439d1d93299f24724bbb04c6835ed1fadd67
A465,santa_fe_rho_phase,studies/santa_fe_rho_phase/plots/beta_cmi/null_z_score_competition_baseline_rho_0.52.png,310e08d663a503baeed24a94b29c4a7b0030e8cf22ce518638ad5cbf9a909757
A466,santa_fe_rho_phase,studies/santa_fe_rho_phase/plots/beta_cmi/null_z_score_competition_baseline_rho_0.58.png,506769ec502cd9df3733ce36c9dde8a09e320d623225ad953ae42934d349fa50
A467,santa_fe_rho_phase,studies/santa_fe_rho_phase/plots/beta_cmi/null_z_score_competition_baseline_rho_0.64.png,e90a6ed17853d8535234b61096556cac34c72566b0ef4ee0a26b56c352125e31
A468,santa_fe_rho_phase,studies/santa_fe_rho_phase/plots/beta_cmi/null_z_score_competition_baseline_rho_0.7.png,a8133440d473cda57884c00ad577b79a3da0b315325f6677bb3105f4afd353cc
A469,santa_fe_rho_phase,studies/santa_fe_rho_phase/plots/beta_cmi/null_z_score_competition_baseline_rho_0.76.png,227970444be328d94c8cc270e4bae568aac0cdec040f78a8ff074c5e2a72d582
A470,santa_fe_rho_phase,studies/santa_fe_rho_phase/plots/beta_cmi/null_z_score_competition_baseline_rho_0.82.png,833dd7988b8b10fc137558d1f131874d8b0f4dbaa283735459ca52c8e768f286
A471,santa_fe_rho_phase,studies/santa_fe_rho_phase/plots/beta_cmi/null_z_score_competition_baseline_rho_0.88.png,e53b5511700c2bb1294bf2f6952c10b6f880ccd342db229887ed52b2d57ddacc
A472,santa_fe_rho_phase,studies/santa_fe_rho_phase/plots/beta_cmi/null_z_score_competition_baseline_rho_0.94.png,7754f855d69b521d5f2bbea634436a6150033dcae4723612b7ce442588154dc5
A473,santa_fe_rho_phase,studies/santa_fe_rho_phase/plots/beta_cmi/null_z_score_competition_baseline_rho_1.png,4b710b5ea1f0100b86da5dd612b654cbd7d3a8d1649dfa5416a9c74655b97702
A474,santa_fe_rho_phase,studies/santa_fe_rho_phase/plots/beta_cmi/null_z_score_competition_high_rho_0.4.png,9e44c64cac03a7a8436e9c6931dcd4214c00c8fc64adb7dfaf06af3bd645f201
A475,santa_fe_rho_phase,studies/santa_fe_rho_phase/plots/beta_cmi/null_z_score_competition_high_rho_0.46.png,1cd7a37b8c340b134b68a8990402332aea1ae311ebf8a3cf1a4e9af6b38c8bc8
A476,santa_fe_rho_phase,studies/santa_fe_rho_phase/plots/beta_cmi/null_z_score_competition_high_rho_0.52.png,3c658f3963b3f3745e91d23891812add472f496b965a7a09dac51145bf39e3c0
A477,santa_fe_rho_phase,studies/santa_fe_rho_phase/plots/beta_cmi/null_z_score_competition_high_rho_0.58.png,384f9007f97905506337b66d87685089dc46d02f98a51b0cd4c63af8a0451b72
A478,santa_fe_rho_phase,studies/santa_fe_rho_phase/plots/beta_cmi/null_z_score_competition_high_rho_0.64.png,dd5629123d7f3ff1f37231152a63b4dbc1b1ef5b989f9de27bf0aa885c872cec
A479,santa_fe_rho_phase,studies/santa_fe_rho_phase/plots/beta_cmi/null_z_score_competition_high_rho_0.7.png,61c068f316f2d2b734c63b9d8fa7b6f1532f6810deadf09826c133c4dc705c61
A480,santa_fe_rho_phase,studies/santa_fe_rho_phase/plots/beta_cmi/null_z_score_competition_high_rho_0.76.png,5812f6e650b08e9648608c63bd312f43cff6da70af2f5b70e76ef558a580c20d
A481,santa_fe_rho_phase,studies/santa_fe_rho_phase/plots/beta_cmi/null_z_score_competition_high_rho_0.82.png,a8547d2e545b8b419a4521676b1fd76a90f902e9350d069f19bf98e5fe869d20
A482,santa_fe_rho_phase,studies/santa_fe_rho_phase/plots/beta_cmi/null_z_score_competition_high_rho_0.88.png,2ac9e3ddb76d85e6a28339067023b2a368ef396fb12120df85e35829c3ff36b7
A483,santa_fe_rho_phase,studies/santa_fe_rho_phase/plots/beta_cmi/null_z_score_competition_high_rho_0.94.png,139ffdb89d882351dfa84b305f875714a2fac4e4a9f2155f1899965e880e7d20
A484,santa_fe_rho_phase,studies/santa_fe_rho_phase/plots/beta_cmi/null_z_score_competition_high_rho_1.png,fb44b1afa6d59959055cdcb88277a32320c95520136fa59629af67a69fa0a25c
A485,santa_fe_rho_phase,studies/santa_fe_rho_phase/plots/beta_cmi/null_z_score_competition_low_rho_0.4.png,fae14539c0b85962798c67a302bc0d2a8c7ebf93d03dffd6c65ddef3588b9249
A486,santa_fe_rho_phase,studies/santa_fe_rho_phase/plots/beta_cmi/null_z_score_competition_low_rho_0.46.png,954f14dbeb2d42a623efeb46366a37fa62de48f0db77e6e494a6a33d40bf5778
A487,santa_fe_rho_phase,studies/santa_fe_rho_phase/plots/beta_cmi/null_z_score_competition_low_rho_0.52.png,855085104e8ea2532c1edf51909ccbff5a6e664bdb6e05964c2b13d40dbe7f73
A488,santa_fe_rho_phase,studies/santa_fe_rho_phase/plots/beta_cmi/null_z_score_competition_low_rho_0.58.png,79b821ade82a591f7ed305cd4399f24dd485ee159bd0740a9a36fb41858b22cc
A489,santa_fe_rho_phase,studies/santa_fe_rho_phase/plots/beta_cmi/null_z_score_competition_low_rho_0.64.png,58dd6abf452615ec4d6da1cc04ff78481b30934a1f5fa1f7a2d0ca653bdb34f7
A490,santa_fe_rho_phase,studies/santa_fe_rho_phase/plots/beta_cmi/null_z_score_competition_low_rho_0.7.png,77882827b375185b40ac447a1ff86302e2290b197f844a0c58cbb1f540976354
A491,santa_fe_rho_phase,studies/santa_fe_rho_phase/plots/beta_cmi/null_z_score_competition_low_rho_0.76.png,fdf7d0bd1f35f7331bb53cb420af8bda20959c74bcbe289a244004ddf01d641b
A492,santa_fe_rho_phase,studies/santa_fe_rho_phase/plots/beta_cmi/null_z_score_competition_low_rho_0.82.png,d3210708919da3d84e835528b3775fe8fbcd5d766a2c1b024c4a18666198e5ed
A493,santa_fe_rho_phase,studies/santa_fe_rho_phase/plots/beta_cmi/null_z_score_competition_low_rho_0.88.png,86c0bada433bda8a51c7a1ddeea1b3c673a30fc257df72ed9d0f6a5f7fa63f33
A494,santa_fe_rho_phase,studies/santa_fe_rho_phase/plots/beta_cmi/null_z_score_competition_low_rho_0.94.png,bd7fbf8e1f8e42bea9b1fe995a82f5fda9b95f3b725adee5c6938e95b04b0414
A495,santa_fe_rho_phase,studies/santa_fe_rho_phase/plots/beta_cmi/null_z_score_competition_low_rho_1.png,34387fbdd19b4a5db8d58dfa606e8944787d4b9dfd684717ce419b0ced33e05e
A496,santa_fe_rho_phase,studies/santa_fe_rho_phase/plots/beta_cmi/null_z_score_evidence_dominated_rho_0.4.png,d747517aebfa35b0dc36ce2c1d35a727a4e39190eea062020796b2827084a1d3
A497,santa_fe_rho_phase,studies/santa_fe_rho_phase/plots/beta_cmi/null_z_score_evidence_dominated_rho_0.46.png,35b97095a1e59454daa3807ecdd14213e85ad89b119b7710ac47867bd0d7826a
A498,santa_fe_rho_phase,studies/santa_fe_rho_phase/plots/beta_cmi/null_z_score_evidence_dominated_rho_0.52.png,63384f90c2038ccacb88705eaf1becf3b1880fd4270ba3091abafcd12b83cec0
A499,santa_fe_rho_phase,studies/santa_fe_rho_phase/plots/beta_cmi/null_z_score_evidence_dominated_rho_0.58.png,fac7a749d03d4d61e0895d901fa2726668eb6d0c2bde012cbef7cc6a4df57e61
A500,santa_fe_rho_phase,studies/santa_fe_rho_phase/plots/beta_cmi/null_z_score_evidence_dominated_rho_0.64.png,dea3bf1daa20db8c9b4ccbf09cea6ef09cc0bf83d9f9b69e552c11e7e65f3078
A501,santa_fe_rho_phase,studies/santa_fe_rho_phase/plots/beta_cmi/null_z_score_evidence_dominated_rho_0.7.png,5ab0626ee9be31531b58cd42cc15695a197da95ab5345e280f974f4bb51b56bb
A502,santa_fe_rho_phase,studies/santa_fe_rho_phase/plots/beta_cmi/null_z_score_evidence_dominated_rho_0.76.png,cdfd4355e9a76991b49d1720295250caa6334d77c9c8e87ddf22c6d5652197f9
A503,santa_fe_rho_phase,studies/santa_fe_rho_phase/plots/beta_cmi/null_z_score_evidence_dominated_rho_0.82.png,4587dc56fb89e641dee39000fca1978a4cd58b1536a574d76f2bee14a55a1889
A504,santa_fe_rho_phase,studies/santa_fe_rho_phase/plots/beta_cmi/null_z_score_evidence_dominated_rho_0.88.png,6b5bbda49c3033dc4282fd7bcc68a1ae4a7e2ef554511fa107510d56dc2b82e8
A505,santa_fe_rho_phase,studies/santa_fe_rho_phase/plots/beta_cmi/null_z_score_evidence_dominated_rho_0.94.png,1f3ffcf81cf5a45a622a719ced33e71e471942441253b7564628cf61fe50bba5
A506,santa_fe_rho_phase,studies/santa_fe_rho_phase/plots/beta_cmi/null_z_score_evidence_dominated_rho_1.png,533095c6bfb6927e6aea91ea33b913725eae7de02a0da8809484f75e8fea9f57
A507,santa_fe_rho_phase,studies/santa_fe_rho_phase/plots/beta_cmi/null_z_score_social_dominated_rho_0.4.png,1a221f55bc15196bc37b7d34dcbd7dbdabab3e539dde7a45a7789634af8a53bf
A508,santa_fe_rho_phase,studies/santa_fe_rho_phase/plots/beta_cmi/null_z_score_social_dominated_rho_0.46.png,b5fcc388d5c4a88bc973dd2d1a13a3784eea74a67fa9db1489286bc8045297d3
A509,santa_fe_rho_phase,studies/santa_fe_rho_phase/plots/beta_cmi/null_z_score_social_dominated_rho_0.52.png,0db61874271371f3aa6521b548fa71ccc2a906bbfe5f8284872e2447948de59f
A510,santa_fe_rho_phase,studies/santa_fe_rho_phase/plots/beta_cmi/null_z_score_social_dominated_rho_0.58.png,d76ec4a622f41ec9217c74571516ec56d52a639c4fb16b768f4e9363550bf1c3
A511,santa_fe_rho_phase,studies/santa_fe_rho_phase/plots/beta_cmi/null_z_score_social_dominated_rho_0.64.png,894221016162687a956f8780e54d71a5144b5bf5f578de16ddd237089ea79b62
A512,santa_fe_rho_phase,studies/santa_fe_rho_phase/plots/beta_cmi/null_z_score_social_dominated_rho_0.7.png,1b3d61c67da9139d05d62969a19c638ede0ac9455f3428868ceedbc16395b290
A513,santa_fe_rho_phase,studies/santa_fe_rho_phase/plots/beta_cmi/null_z_score_social_dominated_rho_0.76.png,99be9232dbed161555890e43ea2c81c90c606fedc2fe0fcfb9123fa7e3d8e869
A514,santa_fe_rho_phase,studies/santa_fe_rho_phase/plots/beta_cmi/null_z_score_social_dominated_rho_0.82.png,991a69bb6f4d7f3f4600f23dc12f373663d93c666c3a9c836dcdad302e7f01aa
A515,santa_fe_rho_phase,studies/santa_fe_rho_phase/plots/beta_cmi/null_z_score_social_dominated_rho_0.88.png,a3538efc44394c286fdb7e6a6b6f96ecadb285858f2b0344921ae5274d517c11
A516,santa_fe_rho_phase,studies/santa_fe_rho_phase/plots/beta_cmi/null_z_score_social_dominated_rho_0.94.png,d94595a5ed41c129b3adbd7a483f7f4be2022d34ec0acd4f6999e1229e9dbb30
A517,santa_fe_rho_phase,studies/santa_fe_rho_phase/plots/beta_cmi/null_z_score_social_dominated_rho_1.png,e120e3ac34a25b6ec6c609764e5bc594a9171795190373e8a846e5114962fcbd
A518,santa_fe_rho_phase,studies/santa_fe_rho_phase/plots/beta_cmi/observed_cmi_competition_baseline_rho_0.4.png,b12fa5bd382bb116359db5bdfc36d40a2313fde3f3e9a24fdb2e427098d97fe1
A519,santa_fe_rho_phase,studies/santa_fe_rho_phase/plots/beta_cmi/observed_cmi_competition_baseline_rho_0.46.png,8b385a0462ebc483f3848761c4886c62e61ba6a47211e20244c450973238a977
A520,santa_fe_rho_phase,studies/santa_fe_rho_phase/plots/beta_cmi/observed_cmi_competition_baseline_rho_0.52.png,7a4c118a522ca60ba6e6150345cddc204e540d9cf9c474fbda89142afbc339c2
A521,santa_fe_rho_phase,studies/santa_fe_rho_phase/plots/beta_cmi/observed_cmi_competition_baseline_rho_0.58.png,310b80f14c61a08f1cca06019c4d17db1c43dd6ce9530e0e8886f1405e53e0e1
A522,santa_fe_rho_phase,studies/santa_fe_rho_phase/plots/beta_cmi/observed_cmi_competition_baseline_rho_0.64.png,82415f04c3a418deb4e904f6ed9cdee5d1d0d827162e49276df6e2b149437634
A523,santa_fe_rho_phase,studies/santa_fe_rho_phase/plots/beta_cmi/observed_cmi_competition_baseline_rho_0.7.png,bd54a8f3b19fd53267c4b0e60c9c5bde5bbc828c0779d7aaadbcbb300f84cc47
A524,santa_fe_rho_phase,studies/santa_fe_rho_phase/plots/beta_cmi/observed_cmi_competition_baseline_rho_0.76.png,9a93ee58dc264c0c303e3d7ad1024d52ee0015f8ab186fdee6d972d14a21f17a
A525,santa_fe_rho_phase,studies/santa_fe_rho_phase/plots/beta_cmi/observed_cmi_competition_baseline_rho_0.82.png,2626d44914768709df4381d45804955105b6f60a5862ab55c7a533358d4b6328
A526,santa_fe_rho_phase,studies/santa_fe_rho_phase/plots/beta_cmi/observed_cmi_competition_baseline_rho_0.88.png,773a4f5647f6b01410cdd475f5f77447e24300faa9df315eb023c58196e7f8b2
A527,santa_fe_rho_phase,studies/santa_fe_rho_phase/plots/beta_cmi/observed_cmi_competition_baseline_rho_0.94.png,82a3ac1212a1ead7702f7f0ead901f981b8fb7c0eeed362c0589a1df8347f61b
A528,santa_fe_rho_phase,studies/santa_fe_rho_phase/plots/beta_cmi/observed_cmi_competition_baseline_rho_1.png,b97986aab7da1530a98ae9c5c98fd60b65286a50cc5e5864dd3f559085f39ef9
A529,santa_fe_rho_phase,studies/santa_fe_rho_phase/plots/beta_cmi/observed_cmi_competition_high_rho_0.4.png,a2adfa7d6f953b3d22a3f8eb2195bed64710a60f3d8e368b455ada14345fc600
A530,santa_fe_rho_phase,studies/santa_fe_rho_phase/plots/beta_cmi/observed_cmi_competition_high_rho_0.46.png,b2db7ef66cb4727c9a22a3faa6b0c22d4b9e14cb30e347e14f069af60e64c46f
A531,santa_fe_rho_phase,studies/santa_fe_rho_phase/plots/beta_cmi/observed_cmi_competition_high_rho_0.52.png,9a30bae9cd860a18ef98e75d0e6a1c6184e744c4201083bb3ee80c443d03697c
A532,santa_fe_rho_phase,studies/santa_fe_rho_phase/plots/beta_cmi/observed_cmi_competition_high_rho_0.58.png,bfde07b2f9ec3c43c8b62b509420d2a9fa581cb23376c30fdc29e25f13476fc6
A533,santa_fe_rho_phase,studies/santa_fe_rho_phase/plots/beta_cmi/observed_cmi_competition_high_rho_0.64.png,6bc60f75a1b42bd881c8ce667662e84ff87e80b3f07c28a5084c226a232e02c2
A534,santa_fe_rho_phase,studies/santa_fe_rho_phase/plots/beta_cmi/observed_cmi_competition_high_rho_0.7.png,366e3c5e3d55af5067f4dd41db876f9544b6656bc32a9fe81a20e5a8cc6c1d57
A535,santa_fe_rho_phase,studies/santa_fe_rho_phase/plots/beta_cmi/observed_cmi_competition_high_rho_0.76.png,544b1b3a60db7db5400d5941bf2df6e9657a361c1dccb14926f73af9bc1bcf1f
A536,santa_fe_rho_phase,studies/santa_fe_rho_phase/plots/beta_cmi/observed_cmi_competition_high_rho_0.82.png,85ac588416f0208989d7103cbbdfb3c903ce23aeca7f450fcd16088abadb08bc
A537,santa_fe_rho_phase,studies/santa_fe_rho_phase/plots/beta_cmi/observed_cmi_competition_high_rho_0.88.png,7b48d7532b9e331af4483b1673152cf073b7edde4daf141869226a4b12c7d9ae
A538,santa_fe_rho_phase,studies/santa_fe_rho_phase/plots/beta_cmi/observed_cmi_competition_high_rho_0.94.png,3916f58344cf5866bcaead078968a75e6d98a14d0d9863e1d2f92dd2f7123b5b
A539,santa_fe_rho_phase,studies/santa_fe_rho_phase/plots/beta_cmi/observed_cmi_competition_high_rho_1.png,d93ebd9fc63854e848f313f1ead844e39bbe91abad708d1fb71533caa16ab59a
A540,santa_fe_rho_phase,studies/santa_fe_rho_phase/plots/beta_cmi/observed_cmi_competition_low_rho_0.4.png,d95a921fcf0ba5ccd2d8d627babc9044a85a8fdfaded679e9fb691acee0c91e7
A541,santa_fe_rho_phase,studies/santa_fe_rho_phase/plots/beta_cmi/observed_cmi_competition_low_rho_0.46.png,dba35e3f425fe6c2daf668e8924157ce77b1b3f35aecaa9ae501c30030604ac4
A542,santa_fe_rho_phase,studies/santa_fe_rho_phase/plots/beta_cmi/observed_cmi_competition_low_rho_0.52.png,e89da1ef43ff3c6b4cffb3b538f50d71b05aad02976a94c6f7982f5c40274fdd
A543,santa_fe_rho_phase,studies/santa_fe_rho_phase/plots/beta_cmi/observed_cmi_competition_low_rho_0.58.png,5710779a48b1ddeb79b60986af6fa29f3e8069feb3436a0f641a7af18a95fa56
A544,santa_fe_rho_phase,studies/santa_fe_rho_phase/plots/beta_cmi/observed_cmi_competition_low_rho_0.64.png,4df4be362480dc38c491190783b24f4eb0d641ff235f45db004c386e311fb229
A545,santa_fe_rho_phase,studies/santa_fe_rho_phase/plots/beta_cmi/observed_cmi_competition_low_rho_0.7.png,7811aac31114f698fbfbc10a3a714b0eafd8b9adb693cadb7ab38ee49ca1e032
A546,santa_fe_rho_phase,studies/santa_fe_rho_phase/plots/beta_cmi/observed_cmi_competition_low_rho_0.76.png,5a2addc9325beeca8d143a35c92ff2fd1d10ed0cbcc8bdcebd7be8638613559a
A547,santa_fe_rho_phase,studies/santa_fe_rho_phase/plots/beta_cmi/observed_cmi_competition_low_rho_0.82.png,62f6662c92251c14c694ef247d3b6a928266789403a44c892d63b945d6ccc6df
A548,santa_fe_rho_phase,studies/santa_fe_rho_phase/plots/beta_cmi/observed_cmi_competition_low_rho_0.88.png,6fc5e025c6d423fef98a64e126da10804c79a078c4fc23d4ef447f7d443a9c0f
A549,santa_fe_rho_phase,studies/santa_fe_rho_phase/plots/beta_cmi/observed_cmi_competition_low_rho_0.94.png,2b99d23b57a12d742d11c70fb71b173d2d544d39effb26f6f011e892ae5b5a87
A550,santa_fe_rho_phase,studies/santa_fe_rho_phase/plots/beta_cmi/observed_cmi_competition_low_rho_1.png,75793a5460692fb8789f9232c6ed9dde60104eed071c906f673440105ad5c2d2
A551,santa_fe_rho_phase,studies/santa_fe_rho_phase/plots/beta_cmi/observed_cmi_evidence_dominated_rho_0.4.png,79578e8b5bfd8e2d5e89db80575bb3eb1e30417396833e476a133f2100991ff0
A552,santa_fe_rho_phase,studies/santa_fe_rho_phase/plots/beta_cmi/observed_cmi_evidence_dominated_rho_0.46.png,69819048269a1e01685527d5b31662d340aa36fa858417205e96701b63317ae5
A553,santa_fe_rho_phase,studies/santa_fe_rho_phase/plots/beta_cmi/observed_cmi_evidence_dominated_rho_0.52.png,69b983c267f95da56e3d5b345a4bcd0f6d9feddcd0375d2c7ca5e4253bd1d405
A554,santa_fe_rho_phase,studies/santa_fe_rho_phase/plots/beta_cmi/observed_cmi_evidence_dominated_rho_0.58.png,eeb8cffb79f365b7c4695a919955bb74a06442da83c674ab4ef60e7c5f31ad84
A555,santa_fe_rho_phase,studies/santa_fe_rho_phase/plots/beta_cmi/observed_cmi_evidence_dominated_rho_0.64.png,6285b20f1922a7f8f88ba948eaba28f3c4fbb9b41de48c7bed43540598a0253b
A556,santa_fe_rho_phase,studies/santa_fe_rho_phase/plots/beta_cmi/observed_cmi_evidence_dominated_rho_0.7.png,07e228f01d4dea9dfb2054d7c6023ee76a4a8a7fdb2c56cdbdb2360a5b73666a
A557,santa_fe_rho_phase,studies/santa_fe_rho_phase/plots/beta_cmi/observed_cmi_evidence_dominated_rho_0.76.png,aac40e089f45e5d5236b0cb94e5b06f7a9eee362c49256d1db9c799eb48062b1
A558,santa_fe_rho_phase,studies/santa_fe_rho_phase/plots/beta_cmi/observed_cmi_evidence_dominated_rho_0.82.png,17d995edfb6eb964ebc1ad47e1c9bceee2342c202aa4b25fbf0247e735fc85a3
A559,santa_fe_rho_phase,studies/santa_fe_rho_phase/plots/beta_cmi/observed_cmi_evidence_dominated_rho_0.88.png,d65213d5d9b5808b8ad18e8a1627d6ee5efd3e26d7a7e6aea69b0e1ca07774c1
A560,santa_fe_rho_phase,studies/santa_fe_rho_phase/plots/beta_cmi/observed_cmi_evidence_dominated_rho_0.94.png,02cfd2ad81a9084f052e8183210fb1c481aa550019ef24a6285886c2ec6006c4
A561,santa_fe_rho_phase,studies/santa_fe_rho_phase/plots/beta_cmi/observed_cmi_evidence_dominated_rho_1.png,ecc415bad6e617b50c2ce4e8611533e37a51c3809197d5e6ab7e9dd4379fa41a
A562,santa_fe_rho_phase,studies/santa_fe_rho_phase/plots/beta_cmi/observed_cmi_social_dominated_rho_0.4.png,a5d8622766ef0558b00bc71140a47400afc3b751c9f220070ab81d304717cd41
A563,santa_fe_rho_phase,studies/santa_fe_rho_phase/plots/beta_cmi/observed_cmi_social_dominated_rho_0.46.png,dd8a0c37161bff56e335057fbb4dd19565de95be832e1df52aa7cc8ba5c965fd
A564,santa_fe_rho_phase,studies/santa_fe_rho_phase/plots/beta_cmi/observed_cmi_social_dominated_rho_0.52.png,72fc44a27786e683645d9d9e54ed82df77631111e524bee84118a32d8c867aa0
A565,santa_fe_rho_phase,studies/santa_fe_rho_phase/plots/beta_cmi/observed_cmi_social_dominated_rho_0.58.png,591c4316430b2ff53155d56b3f5e42da0b3f2ca494f2777685f1cf4f7c2768aa
A566,santa_fe_rho_phase,studies/santa_fe_rho_phase/plots/beta_cmi/observed_cmi_social_dominated_rho_0.64.png,566efe8e90fdafbc3bf1fa0b9345cdba24e073c9e3f9f62093402575bf343828
A567,santa_fe_rho_phase,studies/santa_fe_rho_phase/plots/beta_cmi/observed_cmi_social_dominated_rho_0.7.png,7f256732bcf027428928412606cdd1c7d8d8166ddc5c8744a7d611dcba308b57
A568,santa_fe_rho_phase,studies/santa_fe_rho_phase/plots/beta_cmi/observed_cmi_social_dominated_rho_0.76.png,355d4b4d62decbb7c28ce5d9c4cf0c5a9cfd01ca10de6acef48bd38b45a2a26a
A569,santa_fe_rho_phase,studies/santa_fe_rho_phase/plots/beta_cmi/observed_cmi_social_dominated_rho_0.82.png,ee8630ec4ba9d1625f29759e8d52eeb6a4911261bfa1161d3ebadf7b00b0b15a
A570,santa_fe_rho_phase,studies/santa_fe_rho_phase/plots/beta_cmi/observed_cmi_social_dominated_rho_0.88.png,527e0671c9bdf90a2e182dc881ead083a3f14f57511921882b0366f29b3cca10
A571,santa_fe_rho_phase,studies/santa_fe_rho_phase/plots/beta_cmi/observed_cmi_social_dominated_rho_0.94.png,649c074708775fecfc591c3f2485bf40d1dcaa2c310bd3bb32780c4eaea68afb
A572,santa_fe_rho_phase,studies/santa_fe_rho_phase/plots/beta_cmi/observed_cmi_social_dominated_rho_1.png,c058d63f1386430a1bea7d8b134760868d5815d2137b20c71f48628f8f4a0b23
A573,santa_fe_rho_phase,studies/santa_fe_rho_phase/plots/beta_cmi/rho_phase_diagrams/action_support_fraction_plain_competition_baseline.png,342abf454d1643a95a450bb21f1d33e88f30b67cc02de3ab5a7cc6c276063d0d
A574,santa_fe_rho_phase,studies/santa_fe_rho_phase/plots/beta_cmi/rho_phase_diagrams/action_support_fraction_plain_competition_high.png,d677cc51494d1dcaece53d3a640a0c62e1a5c1868cdba97b0fdc63eeb7a2f1c7
A575,santa_fe_rho_phase,studies/santa_fe_rho_phase/plots/beta_cmi/rho_phase_diagrams/action_support_fraction_plain_competition_low.png,153d2846cee0e0475271004878ebb79f94241321ff72f6317317dd48faa751a5
A576,santa_fe_rho_phase,studies/santa_fe_rho_phase/plots/beta_cmi/rho_phase_diagrams/action_support_fraction_plain_evidence_dominated.png,4cef22d4ae4bd99c74332234f4ff7b6f08ad36da8ff8d4c930575f5cd9cb556c
A577,santa_fe_rho_phase,studies/santa_fe_rho_phase/plots/beta_cmi/rho_phase_diagrams/action_support_fraction_plain_social_dominated.png,e95e21b5434aa6286472d722ee523055547a7ada76478a1096822c9f39af6bf7
A578,santa_fe_rho_phase,studies/santa_fe_rho_phase/plots/beta_cmi/rho_phase_diagrams/chi_empirical_plain_competition_baseline.png,331f8884c49c44ab44c36778f0fb1528d354836e2f033b1c2cd9102b7a8ea34e
A579,santa_fe_rho_phase,studies/santa_fe_rho_phase/plots/beta_cmi/rho_phase_diagrams/chi_empirical_plain_competition_high.png,54e3580d838623116f136d2d9702720e43ef2b80ffe09dfe422d5b0a80747f3d
A580,santa_fe_rho_phase,studies/santa_fe_rho_phase/plots/beta_cmi/rho_phase_diagrams/chi_empirical_plain_competition_low.png,3d823db3fce17f25dc1fad0b3209e93c384b35d3cb24212bd4112baded005c5b
A581,santa_fe_rho_phase,studies/santa_fe_rho_phase/plots/beta_cmi/rho_phase_diagrams/chi_empirical_plain_evidence_dominated.png,aa319837506ba9c9611ef02b23b1837b6461b21174f02abd750039d47f9de5f9
A582,santa_fe_rho_phase,studies/santa_fe_rho_phase/plots/beta_cmi/rho_phase_diagrams/chi_empirical_plain_social_dominated.png,75d42ef1ae7a3e1c2b6b6661b5a254cad839eb4976b77e50a6123837687744ce
A583,santa_fe_rho_phase,studies/santa_fe_rho_phase/plots/beta_cmi/rho_phase_diagrams/estimate_minus_null_both_competition_baseline.png,e3b95a66c7823c73360de6ee6f905ba616031b0f7c205c333a824860495eb58b
A584,santa_fe_rho_phase,studies/santa_fe_rho_phase/plots/beta_cmi/rho_phase_diagrams/estimate_minus_null_both_competition_high.png,ab2afd2e36fe37a6c313817baa78406fd9e47f94b4a726ebbee04d42a9b32690
A585,santa_fe_rho_phase,studies/santa_fe_rho_phase/plots/beta_cmi/rho_phase_diagrams/estimate_minus_null_both_competition_low.png,c1800207658de564f3dc236447e9686f60e22c9058f1eba639b67f97f2315beb
A586,santa_fe_rho_phase,studies/santa_fe_rho_phase/plots/beta_cmi/rho_phase_diagrams/estimate_minus_null_both_evidence_dominated.png,3cea8ed0f41161c5a5f6533c1f939aa30ac36b57da13890d77c05ec1bc23abd3
A587,santa_fe_rho_phase,studies/santa_fe_rho_phase/plots/beta_cmi/rho_phase_diagrams/estimate_minus_null_both_social_dominated.png,b40260f97ba52f31718238aa26f25cff5b3fe129f28bd790a4e82aebc6ecc85f
A588,santa_fe_rho_phase,studies/santa_fe_rho_phase/plots/beta_cmi/rho_phase_diagrams/estimate_minus_null_mean_competition_baseline.png,fbce8858a433b827f02a39aba07aca5a6be60c54c8a8bd8640fc36b2e69e3234
A589,santa_fe_rho_phase,studies/santa_fe_rho_phase/plots/beta_cmi/rho_phase_diagrams/estimate_minus_null_mean_competition_high.png,dad7b878f636ebcbfd7b17759d8c59de9d44f4acde672ffab12944cf860e8834
A590,santa_fe_rho_phase,studies/santa_fe_rho_phase/plots/beta_cmi/rho_phase_diagrams/estimate_minus_null_mean_competition_low.png,25087968849fbd00ecaf4e94e7d4e800eba645ca5de64c44a18533dd5fa7e4a7
A591,santa_fe_rho_phase,studies/santa_fe_rho_phase/plots/beta_cmi/rho_phase_diagrams/estimate_minus_null_mean_evidence_dominated.png,3fe3b2bcc166b7baf1eda8f19ea1bb01cd73178fe9a3ca0fb52bae68a51bcdfe
A592,santa_fe_rho_phase,studies/santa_fe_rho_phase/plots/beta_cmi/rho_phase_diagrams/estimate_minus_null_mean_social_dominated.png,6310019f3338b2aa57c0b8efb2e34de3ffb8b9b0f185d3849e5212f091e19a3d
A593,santa_fe_rho_phase,studies/santa_fe_rho_phase/plots/beta_cmi/rho_phase_diagrams/estimate_minus_null_plain_competition_baseline.png,6c1831dfae889e5e531508fe5942910544fc50a9377f0a146957fda3d70cf9e6
A594,santa_fe_rho_phase,studies/santa_fe_rho_phase/plots/beta_cmi/rho_phase_diagrams/estimate_minus_null_plain_competition_high.png,f9fb2523696e2c6282513616c3c739d2a37fe80ae90ba1872366ec4f40dbe888
A595,santa_fe_rho_phase,studies/santa_fe_rho_phase/plots/beta_cmi/rho_phase_diagrams/estimate_minus_null_plain_competition_low.png,36289a27dcd323391718167fdfc79ee0b23322e24aab160690f33bc6a4cea200
A596,santa_fe_rho_phase,studies/santa_fe_rho_phase/plots/beta_cmi/rho_phase_diagrams/estimate_minus_null_plain_evidence_dominated.png,c2c6c8d29106f2f3a7fc2fc69510c1cd5a2384f0f03152850302f922ca80f1f5
A597,santa_fe_rho_phase,studies/santa_fe_rho_phase/plots/beta_cmi/rho_phase_diagrams/estimate_minus_null_plain_social_dominated.png,35c48ca50385f0227ae09f69eca3210d356c11145477f7a1db60746eb975aca3
A598,santa_fe_rho_phase,studies/santa_fe_rho_phase/plots/beta_cmi/rho_phase_diagrams/estimate_minus_null_population_competition_baseline.png,50c6e61c73b55815e9eadceeaac837a802300e234eaf3a256958fc8a984ff8b1
A599,santa_fe_rho_phase,studies/santa_fe_rho_phase/plots/beta_cmi/rho_phase_diagrams/estimate_minus_null_population_competition_high.png,44c572dfedb713409eac7db120ca9f15def5b749faefb4160b340e2e2e8e527a
A600,santa_fe_rho_phase,studies/santa_fe_rho_phase/plots/beta_cmi/rho_phase_diagrams/estimate_minus_null_population_competition_low.png,57052eaf35dabad0412aa5ea4d71b76339dc66ca9b2a54bc01b162029c704886
A601,santa_fe_rho_phase,studies/santa_fe_rho_phase/plots/beta_cmi/rho_phase_diagrams/estimate_minus_null_population_evidence_dominated.png,075d6ea56cb59acc2f31f6a770969cf8eb47fc8bf069b216194b9d7555c9d201
A602,santa_fe_rho_phase,studies/santa_fe_rho_phase/plots/beta_cmi/rho_phase_diagrams/estimate_minus_null_population_social_dominated.png,4f37c41d676e9431cf89fb074c3b8daf0a8988f55d71b72e9ab3c5deade35803
A603,santa_fe_rho_phase,studies/santa_fe_rho_phase/plots/beta_cmi/rho_phase_diagrams/final_target_share_plain_competition_baseline.png,808c1cadb1d3719169a9503706e981456dc913ab6dd436d6c3158d0e2d5e91ac
A604,santa_fe_rho_phase,studies/santa_fe_rho_phase/plots/beta_cmi/rho_phase_diagrams/final_target_share_plain_competition_high.png,63ebe7869b551cac0f10512b0a772181d619d4f8f5b12aa7b7984c722d33b6b4
A605,santa_fe_rho_phase,studies/santa_fe_rho_phase/plots/beta_cmi/rho_phase_diagrams/final_target_share_plain_competition_low.png,039cbed735f0d3b0950ac633d33c2f8fb6bde29d760c93b396a402e5d16813d4
A606,santa_fe_rho_phase,studies/santa_fe_rho_phase/plots/beta_cmi/rho_phase_diagrams/final_target_share_plain_evidence_dominated.png,e2e70be38bd6e1a6bb2e16a89aff4029b33b26655b72bb3b26b4ae34beeb1049
A607,santa_fe_rho_phase,studies/santa_fe_rho_phase/plots/beta_cmi/rho_phase_diagrams/final_target_share_plain_social_dominated.png,7d2ab30051ba1145972f5f9523dce2600519bd11d881cff44ca38238dc6daecd
A608,santa_fe_rho_phase,studies/santa_fe_rho_phase/plots/beta_cmi/rho_phase_diagrams/final_truth_share_plain_competition_baseline.png,b1f8cec5cc98640e319452dc4cbcf3a62b2e1f2bd8a76840cbea57bd397398e1
A609,santa_fe_rho_phase,studies/santa_fe_rho_phase/plots/beta_cmi/rho_phase_diagrams/final_truth_share_plain_competition_high.png,f77c4559d643d2914d81f89d6c7cc9b5d6aee110233b59dafc8cfe741e0b895f
A610,santa_fe_rho_phase,studies/santa_fe_rho_phase/plots/beta_cmi/rho_phase_diagrams/final_truth_share_plain_competition_low.png,77f3db6ba9bb9803a88161200a2b3c699fb8cfef77d98a5faf553cf0149e75e2
A611,santa_fe_rho_phase,studies/santa_fe_rho_phase/plots/beta_cmi/rho_phase_diagrams/final_truth_share_plain_evidence_dominated.png,faf32f036991b203d2a5d01b92a29f122ac2c47037685afdce2c80bcf4892347
A612,santa_fe_rho_phase,studies/santa_fe_rho_phase/plots/beta_cmi/rho_phase_diagrams/final_truth_share_plain_social_dominated.png,ec2a0433e966223345f2be8aebadc123c9c6d410a5213fab318c3c4bb0082809
A613,santa_fe_rho_phase,studies/santa_fe_rho_phase/plots/beta_cmi/rho_phase_diagrams/observed_cmi_both_competition_baseline.png,bc20ab20997eecb127e7bf211f0278beb0ea6b313016fd9e92ad553595b09ba4
A614,santa_fe_rho_phase,studies/santa_fe_rho_phase/plots/beta_cmi/rho_phase_diagrams/observed_cmi_both_competition_high.png,346bf1b5e168246283b81abf62faed41a90fab59526dfb1a983d2c83cac8bb71
A615,santa_fe_rho_phase,studies/santa_fe_rho_phase/plots/beta_cmi/rho_phase_diagrams/observed_cmi_both_competition_low.png,8d8fbabd1fe76495d378d91a7ff074bed39f9078e3770a0b1fade6f40c344fb7
A616,santa_fe_rho_phase,studies/santa_fe_rho_phase/plots/beta_cmi/rho_phase_diagrams/observed_cmi_both_evidence_dominated.png,b1f0467c7e9efb76f6613cedd766f75f4de5901e0b6193cbd6dbe752542afded
A617,santa_fe_rho_phase,studies/santa_fe_rho_phase/plots/beta_cmi/rho_phase_diagrams/observed_cmi_both_social_dominated.png,ba588e6503ff84496efe6f98fd651641eb43896fa24dec30bef604d6088444a9
A618,santa_fe_rho_phase,studies/santa_fe_rho_phase/plots/beta_cmi/rho_phase_diagrams/observed_cmi_mean_competition_baseline.png,eb14d708b92b799602d63e9aeb5f6c51fb2d83f664704626be4e65c7f7f17981
A619,santa_fe_rho_phase,studies/santa_fe_rho_phase/plots/beta_cmi/rho_phase_diagrams/observed_cmi_mean_competition_high.png,30d08226d5e74b23ca992e2e17ea7eae0c34c4b9d35ea31758daf0b9f0d7dea1
A620,santa_fe_rho_phase,studies/santa_fe_rho_phase/plots/beta_cmi/rho_phase_diagrams/observed_cmi_mean_competition_low.png,0809fc99202e35ae01c430de4fc369608e262bbffaf5ec4bb47feb86d5d3c369
A621,santa_fe_rho_phase,studies/santa_fe_rho_phase/plots/beta_cmi/rho_phase_diagrams/observed_cmi_mean_evidence_dominated.png,b1489ee60ef421bb89fcf09cafb8cbfbadb077ad40ae6acc05c07766ed44a6de
A622,santa_fe_rho_phase,studies/santa_fe_rho_phase/plots/beta_cmi/rho_phase_diagrams/observed_cmi_mean_social_dominated.png,0b78c31dba5ae44a0aff6c58bf211b303c23c71655e531a530a83ee8a9b1b3d4
A623,santa_fe_rho_phase,studies/santa_fe_rho_phase/plots/beta_cmi/rho_phase_diagrams/observed_cmi_plain_competition_baseline.png,7df2bca8c721ee587e073ea716f5e3b59ee8f8f348e5839e2629ac4252452a04
A624,santa_fe_rho_phase,studies/santa_fe_rho_phase/plots/beta_cmi/rho_phase_diagrams/observed_cmi_plain_competition_high.png,3b6566102cf62babc43beaca17b6165a9ede54099d265bc3d8c122162f1a50c7
A625,santa_fe_rho_phase,studies/santa_fe_rho_phase/plots/beta_cmi/rho_phase_diagrams/observed_cmi_plain_competition_low.png,17fc97f3309f16d1b8c35b174782e60cbcfc1794276d5fb0c056fa6a57b09447
A626,santa_fe_rho_phase,studies/santa_fe_rho_phase/plots/beta_cmi/rho_phase_diagrams/observed_cmi_plain_evidence_dominated.png,768004dea9acdcc75ef7bb9e2cecfa405deefb44b81334ce03d93a4e4ff5839f
A627,santa_fe_rho_phase,studies/santa_fe_rho_phase/plots/beta_cmi/rho_phase_diagrams/observed_cmi_plain_social_dominated.png,0cf87ed69c41e5fb1d74d2e8ebfc8183588e257747e40b57c42ca286ce3b4f33
A628,santa_fe_rho_phase,studies/santa_fe_rho_phase/plots/beta_cmi/rho_phase_diagrams/observed_cmi_population_competition_baseline.png,70bfc4997edc9e47932a809940021085a7319e62ad916eb9bbf5e0961cdda715
A629,santa_fe_rho_phase,studies/santa_fe_rho_phase/plots/beta_cmi/rho_phase_diagrams/observed_cmi_population_competition_high.png,f52e6e55204b4e48009c7a1040f1809504f191f36ad3bcdfdf333a20a92b0198
A630,santa_fe_rho_phase,studies/santa_fe_rho_phase/plots/beta_cmi/rho_phase_diagrams/observed_cmi_population_competition_low.png,9795d6b128ebf4c14f5d00ca84181fec8a50418344b71e43b911a64bcdc7fc4d
A631,santa_fe_rho_phase,studies/santa_fe_rho_phase/plots/beta_cmi/rho_phase_diagrams/observed_cmi_population_evidence_dominated.png,35566d929c3ae93d8dc151bbd1bee7909d4bde8a7632cd352ad120f3c32eacb7
A632,santa_fe_rho_phase,studies/santa_fe_rho_phase/plots/beta_cmi/rho_phase_diagrams/observed_cmi_population_social_dominated.png,3548c5e08280ed541f6773e06f087ca21141863a0270103a0eaa1410fc2fd52a
A633,santa_fe_sample_size_cmi,studies/santa_fe_sample_size_cmi/sample_size_cmi/detection_rho_0.75.png,1512b0cd0ae33578d113037233926a3948e74309d32773578168fdc80ce6b7ff
A634,santa_fe_sample_size_cmi,studies/santa_fe_sample_size_cmi/sample_size_cmi/detection_rho_1.png,763908b5caad85287b79418b23e7fa87d5206420d16589f6f903c0eed6c42722
