setup,arm,q,qc,b,rho,episodes,final_share_A0,final_share_A1,final_share_A2,final_mean_p_A0,final_mean_p_A2,final_proof_rate_A0,final_proof_rate_A0_own_evidence,episodes_majority_A0,episodes_majority_A2,abstention_rate,abstention_rate_when_voting_A0,abstention_rate_when_voting_A1,abstention_rate_when_voting_A2,nights_acting,facts_posted_per_episode,nights_proved,nights_gate,nights_posted,nights_posted_proved,nights_fallback,mean_posts_read_by_controller,sensing_bias_vs_all_agents,posters_vs_all_agents,final_share_A0_minus_silent,final_share_A1_minus_silent,final_share_A2_minus_silent
task003_nosolution,false,3,3.0000,1.0000,0.7500,1000,0.1648,0.0787,0.7565,0.1643,0.7576,0.0000,0.0000,0.0020,0.9530,0.0054,0.0138,0.0253,0.0005,0.6032,17.4930,0.0000,0.3968,0.6032,0.0000,0.0000,3.0000,0.0053,0.0032,-0.1885,-0.0855,0.2739
task003_nosolution,false,3,3.0000,2.0000,0.7500,1000,0.2020,0.0636,0.7345,0.2000,0.7352,0.0000,0.0000,0.0060,0.9440,0.0046,0.0116,0.0222,0.0005,0.6223,36.0920,0.0000,0.3777,0.6223,0.0000,0.0000,3.0000,0.0042,0.0026,-0.1512,-0.1006,0.2518
task003_nosolution,false,3,3.0000,3.0000,0.7500,1000,0.1983,0.0683,0.7334,0.1964,0.7362,0.0000,0.0000,0.0010,0.9500,0.0039,0.0103,0.0157,0.0005,0.6350,55.2480,0.0000,0.3650,0.6350,0.0000,0.0000,3.0000,0.0029,0.0021,-0.1550,-0.0958,0.2508
task003_nosolution,false,3,3.0000,6.0000,0.7500,1000,0.1992,0.0811,0.7197,0.1964,0.7222,0.0000,0.0000,0.0040,0.9360,0.0041,0.0122,0.0120,0.0005,0.6508,113.2380,0.0000,0.3492,0.6508,0.0000,0.0000,3.0000,0.0054,0.0022,-0.1540,-0.0830,0.2370
task003_nosolution,false,3,3.0000,9.0000,0.7500,1000,0.3460,0.1229,0.5311,0.3441,0.5357,0.0000,0.0000,0.0730,0.5270,0.0026,0.0039,0.0077,0.0007,0.8332,217.4670,0.0000,0.1668,0.8332,0.0000,0.0000,3.0000,0.0036,0.0010,-0.0072,-0.0413,0.0485
task003_nosolution,false,3,6.0000,1.0000,0.7500,1000,0.1822,0.0876,0.7302,0.1830,0.7322,0.0000,0.0000,0.0030,0.9300,0.0048,0.0120,0.0206,0.0005,0.5467,15.8550,0.0000,0.4533,0.5467,0.0000,0.0000,6.0000,0.0030,0.0028,-0.1710,-0.0766,0.2476
task003_nosolution,false,3,6.0000,2.0000,0.7500,1000,0.1935,0.0780,0.7285,0.1923,0.7309,0.0000,0.0000,0.0070,0.9320,0.0043,0.0114,0.0170,0.0005,0.5540,32.1300,0.0000,0.4460,0.5540,0.0000,0.0000,6.0000,0.0024,0.0024,-0.1597,-0.0862,0.2459
task003_nosolution,false,3,6.0000,3.0000,0.7500,1000,0.1996,0.0815,0.7189,0.1993,0.7190,0.0000,0.0000,0.0040,0.9280,0.0038,0.0104,0.0127,0.0005,0.5693,49.5300,0.0000,0.4307,0.5693,0.0000,0.0000,6.0000,0.0035,0.0020,-0.1536,-0.0827,0.2363
task003_nosolution,false,3,6.0000,6.0000,0.7500,1000,0.2063,0.0959,0.6978,0.2026,0.7038,0.0000,0.0000,0.0080,0.9040,0.0042,0.0123,0.0114,0.0005,0.6026,104.8560,0.0000,0.3974,0.6026,0.0000,0.0000,6.0000,0.0015,0.0023,-0.1469,-0.0683,0.2152
task003_nosolution,false,3,6.0000,9.0000,0.7500,1000,0.3742,0.1269,0.4990,0.3701,0.5029,0.0000,0.0000,0.1260,0.4500,0.0024,0.0031,0.0070,0.0007,0.8566,223.5600,0.0000,0.1434,0.8566,0.0000,0.0000,6.0000,0.0002,0.0008,0.0210,-0.0373,0.0163
task003_nosolution,false,3,12.0000,1.0000,0.7500,1000,0.1815,0.0920,0.7266,0.1793,0.7253,0.0000,0.0000,0.0080,0.9130,0.0045,0.0113,0.0172,0.0005,0.5023,14.5660,0.0000,0.4977,0.5023,0.0000,0.0000,12.0000,0.0025,0.0025,-0.1717,-0.0722,0.2440
task003_nosolution,false,3,12.0000,2.0000,0.7500,1000,0.1930,0.0943,0.7127,0.1918,0.7151,0.0000,0.0000,0.0060,0.9040,0.0041,0.0106,0.0140,0.0005,0.5112,29.6500,0.0000,0.4888,0.5112,0.0000,0.0000,12.0000,0.0018,0.0022,-0.1602,-0.0699,0.2301
task003_nosolution,false,3,12.0000,3.0000,0.7500,1000,0.2060,0.0981,0.6959,0.2037,0.6976,0.0000,0.0000,0.0060,0.8830,0.0036,0.0093,0.0110,0.0005,0.5504,47.8890,0.0000,0.4496,0.5504,0.0000,0.0000,12.0000,0.0021,0.0018,-0.1472,-0.0660,0.2132
task003_nosolution,false,3,12.0000,6.0000,0.7500,1000,0.2132,0.1045,0.6823,0.2117,0.6875,0.0000,0.0000,0.0080,0.8870,0.0037,0.0093,0.0109,0.0005,0.5810,101.0940,0.0000,0.4190,0.5810,0.0000,0.0000,12.0000,0.0014,0.0019,-0.1400,-0.0597,0.1997
task003_nosolution,false,3,12.0000,9.0000,0.7500,1000,0.3850,0.1385,0.4766,0.3803,0.4823,0.0000,0.0000,0.1410,0.3680,0.0022,0.0025,0.0065,0.0007,0.8893,232.1100,0.0000,0.1107,0.8893,0.0000,0.0000,12.0000,0.0006,0.0007,0.0318,-0.0257,-0.0060
task003_nosolution,false,3,24.0000,1.0000,0.7500,1000,0.1955,0.1090,0.6956,0.1962,0.6953,0.0000,0.0000,0.0190,0.8580,0.0043,0.0092,0.0154,0.0007,0.6248,18.1200,0.0000,0.3752,0.6248,0.0000,0.0000,23.8959,0.0022,0.0022,-0.1577,-0.0552,0.2130
task003_nosolution,false,3,24.0000,2.0000,0.7500,1000,0.1982,0.1070,0.6948,0.1974,0.6978,0.0000,0.0000,0.0100,0.8800,0.0034,0.0081,0.0117,0.0006,0.6247,36.2340,0.0000,0.3753,0.6247,0.0000,0.0000,23.9162,0.0017,0.0017,-0.1550,-0.0572,0.2122
task003_nosolution,false,3,24.0000,3.0000,0.7500,1000,0.2245,0.0993,0.6763,0.2243,0.6761,0.0000,0.0000,0.0160,0.8570,0.0031,0.0063,0.0115,0.0005,0.6774,58.9380,0.0000,0.3226,0.6774,0.0000,0.0000,23.9244,0.0015,0.0015,-0.1287,-0.0649,0.1936
task003_nosolution,false,3,24.0000,6.0000,0.7500,1000,0.2270,0.1062,0.6668,0.2249,0.6712,0.0000,0.0000,0.0070,0.8540,0.0032,0.0069,0.0111,0.0005,0.7027,122.2740,0.0000,0.2973,0.7027,0.0000,0.0000,23.9225,0.0015,0.0015,-0.1262,-0.0580,0.1842
task003_nosolution,false,3,24.0000,9.0000,0.7500,1000,0.3560,0.1517,0.4922,0.3517,0.4971,0.0000,0.0000,0.0920,0.4150,0.0021,0.0025,0.0057,0.0007,0.9597,250.4880,0.0000,0.0403,0.9597,0.0000,0.0000,23.9494,0.0006,0.0006,0.0028,-0.0124,0.0096
task003_nosolution,false,6,3.0000,1.0000,0.7500,1000,0.1356,0.0294,0.8350,0.1381,0.8336,0.0000,0.0000,0.0110,0.9660,0.0017,0.0041,0.0183,0.0003,0.4698,13.6250,0.0000,0.5302,0.4698,0.0000,0.0000,3.0000,0.0017,0.0008,-0.2462,-0.0588,0.3050
task003_nosolution,false,6,3.0000,2.0000,0.7500,1000,0.1819,0.0238,0.7943,0.1820,0.7949,0.0000,0.0000,0.0140,0.9540,0.0014,0.0031,0.0182,0.0003,0.4917,28.5160,0.0000,0.5083,0.4917,0.0000,0.0000,3.0000,0.0019,0.0005,-0.1999,-0.0645,0.2643
task003_nosolution,false,6,3.0000,3.0000,0.7500,1000,0.1982,0.0238,0.7780,0.1965,0.7807,0.0000,0.0000,0.0220,0.9420,0.0013,0.0025,0.0164,0.0003,0.5328,46.3560,0.0000,0.4672,0.5328,0.0000,0.0000,3.0000,0.0018,0.0004,-0.1836,-0.0644,0.2480
task003_nosolution,false,6,3.0000,6.0000,0.7500,1000,0.1997,0.0235,0.7768,0.1973,0.7776,0.0000,0.0000,0.0240,0.9450,0.0011,0.0021,0.0133,0.0003,0.5472,95.2140,0.0000,0.4528,0.5472,0.0000,0.0000,3.0000,0.0033,0.0003,-0.1821,-0.0647,0.2468
task003_nosolution,false,6,3.0000,9.0000,0.7500,1000,0.4680,0.0478,0.4842,0.4628,0.4904,0.0000,0.0000,0.4090,0.4160,0.0010,0.0008,0.0083,0.0005,0.8269,215.8290,0.0000,0.1731,0.8269,0.0000,0.0000,3.0000,0.0012,0.0002,0.0862,-0.0404,-0.0458
task003_nosolution,false,6,6.0000,1.0000,0.7500,1000,0.1554,0.0310,0.8136,0.1561,0.8122,0.0000,0.0000,0.0230,0.9460,0.0016,0.0039,0.0172,0.0003,0.3730,10.8170,0.0000,0.6270,0.3730,0.0000,0.0000,6.0000,-0.0002,0.0007,-0.2264,-0.0572,0.2836
task003_nosolution,false,6,6.0000,2.0000,0.7500,1000,0.1680,0.0269,0.8050,0.1692,0.8031,0.0000,0.0000,0.0190,0.9510,0.0015,0.0034,0.0163,0.0003,0.3728,21.6200,0.0000,0.6272,0.3728,0.0000,0.0000,6.0000,-0.0006,0.0006,-0.2137,-0.0613,0.2750
task003_nosolution,false,6,6.0000,3.0000,0.7500,1000,0.1932,0.0312,0.7755,0.1934,0.7773,0.0000,0.0000,0.0190,0.9340,0.0013,0.0026,0.0143,0.0003,0.4227,36.7740,0.0000,0.5773,0.4227,0.0000,0.0000,6.0000,-0.0004,0.0005,-0.1886,-0.0570,0.2455
task003_nosolution,false,6,6.0000,6.0000,0.7500,1000,0.2025,0.0327,0.7648,0.2020,0.7667,0.0000,0.0000,0.0150,0.9380,0.0013,0.0024,0.0125,0.0003,0.4552,79.2060,0.0000,0.5448,0.4552,0.0000,0.0000,6.0000,-0.0013,0.0004,-0.1793,-0.0555,0.2348
task003_nosolution,false,6,6.0000,9.0000,0.7500,1000,0.5078,0.0516,0.4405,0.5055,0.4404,0.0000,0.0000,0.5050,0.3010,0.0010,0.0007,0.0075,0.0005,0.8486,221.4720,0.0000,0.1514,0.8486,0.0000,0.0000,6.0000,-0.0005,0.0002,0.1260,-0.0366,-0.0895
task003_nosolution,false,6,12.0000,1.0000,0.7500,1000,0.1456,0.0368,0.8175,0.1463,0.8172,0.0000,0.0000,0.0160,0.9460,0.0016,0.0040,0.0147,0.0003,0.2985,8.6570,0.0000,0.7015,0.2985,0.0000,0.0000,12.0000,0.0003,0.0007,-0.2362,-0.0514,0.2875
task003_nosolution,false,6,12.0000,2.0000,0.7500,1000,0.1623,0.0348,0.8029,0.1623,0.8039,0.0000,0.0000,0.0170,0.9300,0.0015,0.0035,0.0154,0.0003,0.2956,17.1440,0.0000,0.7044,0.2956,0.0000,0.0000,12.0000,0.0005,0.0006,-0.2195,-0.0534,0.2729
task003_nosolution,false,6,12.0000,3.0000,0.7500,1000,0.1871,0.0342,0.7788,0.1869,0.7786,0.0000,0.0000,0.0270,0.9130,0.0014,0.0029,0.0129,0.0003,0.3444,29.9670,0.0000,0.6556,0.3444,0.0000,0.0000,12.0000,0.0005,0.0005,-0.1947,-0.0540,0.2488
task003_nosolution,false,6,12.0000,6.0000,0.7500,1000,0.1955,0.0337,0.7708,0.1978,0.7692,0.0000,0.0000,0.0230,0.9240,0.0013,0.0026,0.0127,0.0003,0.3693,64.2660,0.0000,0.6307,0.3693,0.0000,0.0000,12.0000,0.0000,0.0005,-0.1863,-0.0545,0.2408
task003_nosolution,false,6,12.0000,9.0000,0.7500,1000,0.4829,0.0554,0.4617,0.4785,0.4659,0.0000,0.0000,0.4410,0.3500,0.0010,0.0008,0.0074,0.0005,0.8233,214.8840,0.0000,0.1767,0.8233,0.0000,0.0000,12.0000,0.0008,0.0002,0.1011,-0.0328,-0.0683
task003_nosolution,false,6,24.0000,1.0000,0.7500,1000,0.1444,0.0377,0.8179,0.1442,0.8175,0.0000,0.0000,0.0170,0.9490,0.0017,0.0039,0.0158,0.0003,0.3187,9.2420,0.0000,0.6813,0.3187,0.0000,0.0000,23.9590,0.0007,0.0007,-0.2374,-0.0505,0.2879
task003_nosolution,false,6,24.0000,2.0000,0.7500,1000,0.1302,0.0330,0.8369,0.1276,0.8384,0.0000,0.0000,0.0110,0.9690,0.0016,0.0043,0.0164,0.0003,0.2576,14.9400,0.0000,0.7424,0.2576,0.0000,0.0000,23.9613,0.0007,0.0007,-0.2516,-0.0553,0.3069
task003_nosolution,false,6,24.0000,3.0000,0.7500,1000,0.1619,0.0316,0.8065,0.1644,0.8034,0.0000,0.0000,0.0160,0.9530,0.0014,0.0031,0.0148,0.0003,0.3294,28.6620,0.0000,0.6706,0.3294,0.0000,0.0000,23.9658,0.0005,0.0005,-0.2199,-0.0566,0.2765
task003_nosolution,false,6,24.0000,6.0000,0.7500,1000,0.1598,0.0299,0.8103,0.1624,0.8085,0.0000,0.0000,0.0170,0.9540,0.0013,0.0028,0.0146,0.0003,0.3444,59.9340,0.0000,0.6556,0.3444,0.0000,0.0000,23.9670,0.0005,0.0005,-0.2220,-0.0583,0.2803
task003_nosolution,false,6,24.0000,9.0000,0.7500,1000,0.3839,0.0558,0.5603,0.3806,0.5605,0.0000,0.0000,0.2260,0.5500,0.0010,0.0009,0.0066,0.0004,0.8156,212.8680,0.0000,0.1844,0.8156,0.0000,0.0000,23.9751,0.0002,0.0002,0.0021,-0.0324,0.0303
task003_nosolution,false,12,3.0000,1.0000,0.7500,1000,0.1679,0.0138,0.8184,0.1692,0.8175,0.0000,0.0000,0.0510,0.9270,0.0013,0.0025,0.0264,0.0003,0.4660,13.5130,0.0000,0.5340,0.4660,0.0000,0.0000,3.0000,0.0025,0.0004,-0.2705,-0.0353,0.3057
task003_nosolution,false,12,3.0000,2.0000,0.7500,1000,0.2383,0.0094,0.7523,0.2361,0.7544,0.0000,0.0000,0.0740,0.8850,0.0012,0.0019,0.0328,0.0003,0.5038,29.2180,0.0000,0.4962,0.5038,0.0000,0.0000,3.0000,0.0023,0.0004,-0.2000,-0.0397,0.2397
task003_nosolution,false,12,3.0000,3.0000,0.7500,1000,0.2955,0.0070,0.6975,0.2940,0.6976,0.0000,0.0000,0.1250,0.8070,0.0011,0.0014,0.0331,0.0003,0.5866,51.0330,0.0000,0.4134,0.5866,0.0000,0.0000,3.0000,0.0041,0.0003,-0.1428,-0.0420,0.1848
task003_nosolution,false,12,3.0000,6.0000,0.7500,1000,0.3112,0.0071,0.6817,0.3077,0.6851,0.0000,0.0000,0.1450,0.7970,0.0010,0.0012,0.0336,0.0004,0.6141,106.8540,0.0000,0.3859,0.6141,0.0000,0.0000,3.0000,0.0011,0.0002,-0.1271,-0.0419,0.1690
task003_nosolution,false,12,3.0000,9.0000,0.7500,1000,0.6585,0.0095,0.3321,0.6556,0.3345,0.0000,0.0000,0.8200,0.1370,0.0010,0.0005,0.0285,0.0006,0.9024,235.5390,0.0000,0.0976,0.9024,0.0000,0.0000,3.0000,0.0014,0.0002,0.2201,-0.0396,-0.1805
task003_nosolution,false,12,6.0000,1.0000,0.7500,1000,0.2058,0.0152,0.7790,0.2072,0.7781,0.0000,0.0000,0.0850,0.8710,0.0012,0.0022,0.0253,0.0003,0.3915,11.3540,0.0000,0.6085,0.3915,0.0000,0.0000,6.0000,-0.0007,0.0004,-0.2325,-0.0338,0.2663
task003_nosolution,false,12,6.0000,2.0000,0.7500,1000,0.2342,0.0140,0.7518,0.2362,0.7505,0.0000,0.0000,0.1200,0.8420,0.0012,0.0021,0.0287,0.0003,0.3987,23.1220,0.0000,0.6013,0.3987,0.0000,0.0000,6.0000,-0.0008,0.0004,-0.2041,-0.0351,0.2392
task003_nosolution,false,12,6.0000,3.0000,0.7500,1000,0.2826,0.0098,0.7076,0.2811,0.7073,0.0000,0.0000,0.1360,0.8160,0.0011,0.0016,0.0278,0.0003,0.4867,42.3420,0.0000,0.5133,0.4867,0.0000,0.0000,6.0000,-0.0004,0.0003,-0.1557,-0.0393,0.1950
task003_nosolution,false,12,6.0000,6.0000,0.7500,1000,0.3016,0.0092,0.6891,0.2986,0.6926,0.0000,0.0000,0.1630,0.7840,0.0011,0.0013,0.0305,0.0004,0.5167,89.8980,0.0000,0.4833,0.5167,0.0000,0.0000,6.0000,-0.0006,0.0003,-0.1367,-0.0398,0.1765
task003_nosolution,false,12,6.0000,9.0000,0.7500,1000,0.6626,0.0092,0.3282,0.6629,0.3274,0.0000,0.0000,0.8270,0.1260,0.0010,0.0005,0.0269,0.0006,0.8923,232.8930,0.0000,0.1077,0.8923,0.0000,0.0000,6.0000,0.0000,0.0002,0.2243,-0.0399,-0.1844
task003_nosolution,false,12,12.0000,1.0000,0.7500,1000,0.1910,0.0171,0.7919,0.1913,0.7911,0.0000,0.0000,0.0820,0.8770,0.0013,0.0022,0.0246,0.0003,0.3081,8.9340,0.0000,0.6919,0.3081,0.0000,0.0000,12.0000,-0.0000,0.0004,-0.2473,-0.0320,0.2792
task003_nosolution,false,12,12.0000,2.0000,0.7500,1000,0.1944,0.0163,0.7894,0.1949,0.7890,0.0000,0.0000,0.0940,0.8700,0.0013,0.0026,0.0260,0.0003,0.2864,16.6120,0.0000,0.7136,0.2864,0.0000,0.0000,12.0000,-0.0002,0.0004,-0.2440,-0.0328,0.2768
task003_nosolution,false,12,12.0000,3.0000,0.7500,1000,0.2395,0.0137,0.7468,0.2379,0.7486,0.0000,0.0000,0.1130,0.8410,0.0012,0.0019,0.0266,0.0003,0.3644,31.7010,0.0000,0.6356,0.3644,0.0000,0.0000,12.0000,0.0008,0.0004,-0.1988,-0.0353,0.2342
task003_nosolution,false,12,12.0000,6.0000,0.7500,1000,0.2699,0.0132,0.7169,0.2709,0.7171,0.0000,0.0000,0.1530,0.7950,0.0011,0.0017,0.0277,0.0003,0.4060,70.6500,0.0000,0.5940,0.4060,0.0000,0.0000,12.0000,0.0005,0.0003,-0.1685,-0.0358,0.2043
task003_nosolution,false,12,12.0000,9.0000,0.7500,1000,0.6300,0.0121,0.3580,0.6290,0.3593,0.0000,0.0000,0.7580,0.1880,0.0010,0.0006,0.0246,0.0006,0.8455,220.6800,0.0000,0.1545,0.8455,0.0000,0.0000,12.0000,0.0001,0.0002,0.1916,-0.0370,-0.1547
task003_nosolution,false,12,24.0000,1.0000,0.7500,1000,0.1489,0.0173,0.8338,0.1504,0.8315,0.0000,0.0000,0.0310,0.9370,0.0013,0.0026,0.0242,0.0003,0.2767,8.0230,0.0000,0.7233,0.2767,0.0000,0.0000,23.9684,0.0004,0.0004,-0.2894,-0.0318,0.3212
task003_nosolution,false,12,24.0000,2.0000,0.7500,1000,0.1325,0.0159,0.8517,0.1326,0.8509,0.0000,0.0000,0.0240,0.9530,0.0013,0.0034,0.0265,0.0003,0.2195,12.7320,0.0000,0.7805,0.2195,0.0000,0.0000,23.9676,0.0005,0.0005,-0.3059,-0.0332,0.3390
task003_nosolution,false,12,24.0000,3.0000,0.7500,1000,0.1711,0.0152,0.8137,0.1719,0.8135,0.0000,0.0000,0.0440,0.9310,0.0012,0.0025,0.0279,0.0003,0.2884,25.0920,0.0000,0.7116,0.2884,0.0000,0.0000,23.9700,0.0004,0.0004,-0.2672,-0.0338,0.3010
task003_nosolution,false,12,24.0000,6.0000,0.7500,1000,0.1715,0.0104,0.8181,0.1720,0.8165,0.0000,0.0000,0.0430,0.9310,0.0011,0.0023,0.0295,0.0003,0.2879,50.0940,0.0000,0.7121,0.2879,0.0000,0.0000,23.9717,0.0004,0.0004,-0.2668,-0.0387,0.3055
task003_nosolution,false,12,24.0000,9.0000,0.7500,1000,0.4453,0.0140,0.5406,0.4443,0.5418,0.0000,0.0000,0.3860,0.5210,0.0010,0.0008,0.0223,0.0004,0.7600,198.3600,0.0000,0.2400,0.7600,0.0000,0.0000,23.9757,0.0002,0.0002,0.0070,-0.0350,0.0280
task003_nosolution,false,3,3.0000,1.0000,1.0000,1000,0.2670,0.0000,0.7330,0.2640,0.7360,0.0000,0.0000,0.0280,0.9380,0.0014,0.0017,0.0299,0.0004,0.5425,15.7320,0.0000,0.4575,0.5425,0.0000,0.0000,3.0000,0.0021,0.0003,-0.2353,-0.0006,0.2360
task003_nosolution,false,3,3.0000,2.0000,1.0000,1000,0.3858,0.0000,0.6142,0.3837,0.6163,0.0000,0.0000,0.1050,0.8100,0.0013,0.0014,0.0357,0.0004,0.6402,37.1340,0.0000,0.3598,0.6402,0.0000,0.0000,3.0000,0.0025,0.0003,-0.1165,-0.0006,0.1171
task003_nosolution,false,3,3.0000,3.0000,1.0000,1000,0.4542,0.0000,0.5458,0.4492,0.5508,0.0000,0.0000,0.2870,0.5850,0.0013,0.0011,0.0336,0.0005,0.7236,62.9550,0.0000,0.2764,0.7236,0.0000,0.0000,3.0000,-0.0003,0.0002,-0.0481,-0.0006,0.0487
task003_nosolution,false,3,3.0000,6.0000,1.0000,1000,0.4730,0.0000,0.5270,0.4684,0.5316,0.0000,0.0000,0.3380,0.5070,0.0013,0.0011,0.0276,0.0005,0.7449,129.6180,0.0000,0.2551,0.7449,0.0000,0.0000,3.0000,0.0007,0.0002,-0.0293,-0.0006,0.0299
task003_nosolution,false,3,3.0000,9.0000,1.0000,1000,0.7455,0.0000,0.2545,0.7436,0.2564,0.0000,0.0000,0.9810,0.0060,0.0013,0.0006,0.0250,0.0008,0.9233,240.9750,0.0000,0.0767,0.9233,0.0000,0.0000,3.0000,0.0017,0.0002,0.2432,-0.0006,-0.2426
task003_nosolution,false,3,6.0000,1.0000,1.0000,1000,0.3343,0.0000,0.6657,0.3317,0.6683,0.0000,0.0000,0.1110,0.8250,0.0013,0.0015,0.0303,0.0004,0.5010,14.5290,0.0000,0.4990,0.5010,0.0000,0.0000,6.0000,-0.0003,0.0003,-0.1680,-0.0006,0.1686
task003_nosolution,false,3,6.0000,2.0000,1.0000,1000,0.4275,0.0000,0.5725,0.4229,0.5771,0.0000,0.0000,0.2720,0.6110,0.0013,0.0013,0.0350,0.0005,0.5860,33.9880,0.0000,0.4140,0.5860,0.0000,0.0000,6.0000,-0.0010,0.0003,-0.0748,-0.0006,0.0754
task003_nosolution,false,3,6.0000,3.0000,1.0000,1000,0.4659,0.0000,0.5341,0.4625,0.5375,0.0000,0.0000,0.3380,0.5130,0.0013,0.0011,0.0314,0.0005,0.6743,58.6680,0.0000,0.3257,0.6743,0.0000,0.0000,6.0000,-0.0002,0.0002,-0.0364,-0.0006,0.0370
task003_nosolution,false,3,6.0000,6.0000,1.0000,1000,0.4780,0.0000,0.5220,0.4721,0.5279,0.0000,0.0000,0.3670,0.4880,0.0013,0.0011,0.0261,0.0005,0.7062,122.8860,0.0000,0.2938,0.7062,0.0000,0.0000,6.0000,-0.0008,0.0002,-0.0242,-0.0006,0.0249
task003_nosolution,false,3,6.0000,9.0000,1.0000,1000,0.7482,0.0000,0.2518,0.7462,0.2538,0.0000,0.0000,0.9800,0.0110,0.0013,0.0006,0.0248,0.0009,0.9349,243.9990,0.0000,0.0651,0.9349,0.0000,0.0000,6.0000,-0.0008,0.0002,0.2459,-0.0006,-0.2453
task003_nosolution,false,3,12.0000,1.0000,1.0000,1000,0.3215,0.0000,0.6785,0.3205,0.6795,0.0000,0.0000,0.1390,0.8020,0.0013,0.0015,0.0297,0.0004,0.4268,12.3760,0.0000,0.5732,0.4268,0.0000,0.0000,12.0000,0.0002,0.0002,-0.1807,-0.0006,0.1814
task003_nosolution,false,3,12.0000,2.0000,1.0000,1000,0.3704,0.0000,0.6296,0.3662,0.6338,0.0000,0.0000,0.2110,0.6980,0.0013,0.0014,0.0338,0.0004,0.4758,27.5940,0.0000,0.5242,0.4758,0.0000,0.0000,12.0000,0.0001,0.0002,-0.1319,-0.0006,0.1325
task003_nosolution,false,3,12.0000,3.0000,1.0000,1000,0.4227,0.0000,0.5773,0.4170,0.5830,0.0000,0.0000,0.2900,0.5990,0.0013,0.0012,0.0303,0.0005,0.5759,50.1030,0.0000,0.4241,0.5759,0.0000,0.0000,12.0000,0.0004,0.0002,-0.0796,-0.0006,0.0802
task003_nosolution,false,3,12.0000,6.0000,1.0000,1000,0.4326,0.0000,0.5674,0.4295,0.5705,0.0000,0.0000,0.2930,0.5840,0.0013,0.0012,0.0265,0.0005,0.6119,106.4760,0.0000,0.3881,0.6119,0.0000,0.0000,12.0000,0.0002,0.0002,-0.0697,-0.0006,0.0703
task003_nosolution,false,3,12.0000,9.0000,1.0000,1000,0.7302,0.0000,0.2697,0.7299,0.2700,0.0000,0.0000,0.9440,0.0340,0.0013,0.0007,0.0227,0.0008,0.9406,245.5020,0.0000,0.0594,0.9406,0.0000,0.0000,12.0000,0.0001,0.0002,0.2280,-0.0006,-0.2274
task003_nosolution,false,3,24.0000,1.0000,1.0000,1000,0.2685,0.0000,0.7315,0.2660,0.7340,0.0000,0.0000,0.0640,0.8970,0.0014,0.0017,0.0294,0.0004,0.4035,11.7020,0.0000,0.5965,0.4035,0.0000,0.0000,23.9664,0.0003,0.0003,-0.2338,-0.0006,0.2344
task003_nosolution,false,3,24.0000,2.0000,1.0000,1000,0.2851,0.0000,0.7149,0.2842,0.7158,0.0000,0.0000,0.0870,0.8560,0.0013,0.0017,0.0335,0.0004,0.4089,23.7160,0.0000,0.5911,0.4089,0.0000,0.0000,23.9668,0.0003,0.0003,-0.2172,-0.0006,0.2178
task003_nosolution,false,3,24.0000,3.0000,1.0000,1000,0.3232,0.0000,0.6768,0.3206,0.6794,0.0000,0.0000,0.1510,0.8020,0.0013,0.0014,0.0310,0.0004,0.5052,43.9530,0.0000,0.4948,0.5052,0.0000,0.0000,23.9675,0.0002,0.0002,-0.1791,-0.0006,0.1797
task003_nosolution,false,3,24.0000,6.0000,1.0000,1000,0.3385,0.0000,0.6615,0.3332,0.6668,0.0000,0.0000,0.1490,0.7830,0.0013,0.0014,0.0283,0.0005,0.5452,94.8660,0.0000,0.4548,0.5452,0.0000,0.0000,23.9676,0.0002,0.0002,-0.1637,-0.0006,0.1644
task003_nosolution,false,3,24.0000,9.0000,1.0000,1000,0.5887,0.0001,0.4112,0.5828,0.4171,0.0000,0.0000,0.6340,0.2820,0.0013,0.0008,0.0218,0.0007,0.9276,242.1000,0.0000,0.0724,0.9276,0.0000,0.0000,23.9680,0.0002,0.0002,0.0864,-0.0005,-0.0859
task003_nosolution,false,6,3.0000,1.0000,1.0000,1000,0.3151,0.0000,0.6849,0.3112,0.6888,0.0000,0.0000,0.0700,0.8750,0.0010,0.0012,0.0362,0.0003,0.5882,17.0570,0.0000,0.4118,0.5882,0.0000,0.0000,3.0000,0.0001,0.0002,-0.1903,0.0000,0.1903
task003_nosolution,false,6,3.0000,2.0000,1.0000,1000,0.4117,0.0000,0.5883,0.4080,0.5920,0.0000,0.0000,0.1480,0.7440,0.0010,0.0010,0.0477,0.0004,0.6733,39.0500,0.0000,0.3267,0.6733,0.0000,0.0000,3.0000,0.0003,0.0002,-0.0938,0.0000,0.0938
task003_nosolution,false,6,3.0000,3.0000,1.0000,1000,0.4851,0.0000,0.5149,0.4795,0.5205,0.0000,0.0000,0.3730,0.4800,0.0010,0.0008,0.0464,0.0004,0.7661,66.6480,0.0000,0.2339,0.7661,0.0000,0.0000,3.0000,0.0008,0.0002,-0.0204,0.0000,0.0204
task003_nosolution,false,6,3.0000,6.0000,1.0000,1000,0.5009,0.0000,0.4991,0.4954,0.5046,0.0000,0.0000,0.4310,0.4120,0.0010,0.0008,0.0413,0.0004,0.7872,136.9680,0.0000,0.2128,0.7872,0.0000,0.0000,3.0000,0.0013,0.0002,-0.0046,0.0000,0.0046
task003_nosolution,false,6,3.0000,9.0000,1.0000,1000,0.7509,0.0000,0.2491,0.7480,0.2520,0.0000,0.0000,0.9870,0.0070,0.0010,0.0005,0.0370,0.0008,0.9447,246.5550,0.0000,0.0553,0.9447,0.0000,0.0000,3.0000,0.0013,0.0002,0.2454,0.0000,-0.2454
task003_nosolution,false,6,6.0000,1.0000,1.0000,1000,0.3834,0.0000,0.6166,0.3808,0.6192,0.0000,0.0000,0.1650,0.7410,0.0010,0.0011,0.0375,0.0004,0.5404,15.6730,0.0000,0.4596,0.5404,0.0000,0.0000,6.0000,-0.0009,0.0002,-0.1220,0.0000,0.1220
task003_nosolution,false,6,6.0000,2.0000,1.0000,1000,0.4710,0.0000,0.5290,0.4665,0.5335,0.0000,0.0000,0.3600,0.4900,0.0010,0.0009,0.0471,0.0004,0.6259,36.3000,0.0000,0.3741,0.6259,0.0000,0.0000,6.0000,-0.0008,0.0002,-0.0344,0.0000,0.0344
task003_nosolution,false,6,6.0000,3.0000,1.0000,1000,0.4945,0.0000,0.5055,0.4885,0.5115,0.0000,0.0000,0.4180,0.4300,0.0010,0.0008,0.0451,0.0004,0.7257,63.1320,0.0000,0.2743,0.7257,0.0000,0.0000,6.0000,-0.0013,0.0002,-0.0110,0.0000,0.0110
task003_nosolution,false,6,6.0000,6.0000,1.0000,1000,0.4997,0.0000,0.5003,0.4940,0.5060,0.0000,0.0000,0.4220,0.4170,0.0010,0.0008,0.0404,0.0004,0.7566,131.6460,0.0000,0.2434,0.7566,0.0000,0.0000,6.0000,-0.0010,0.0002,-0.0057,0.0000,0.0057
task003_nosolution,false,6,6.0000,9.0000,1.0000,1000,0.7511,0.0000,0.2489,0.7484,0.2516,0.0000,0.0000,0.9890,0.0080,0.0010,0.0005,0.0362,0.0008,0.9496,247.8420,0.0000,0.0504,0.9496,0.0000,0.0000,6.0000,-0.0004,0.0002,0.2457,0.0000,-0.2457
task003_nosolution,false,6,12.0000,1.0000,1.0000,1000,0.3513,0.0000,0.6487,0.3470,0.6530,0.0000,0.0000,0.1700,0.7570,0.0010,0.0012,0.0371,0.0004,0.4315,12.5130,0.0000,0.5685,0.4315,0.0000,0.0000,12.0000,0.0001,0.0002,-0.1542,0.0000,0.1542
task003_nosolution,false,6,12.0000,2.0000,1.0000,1000,0.3858,0.0000,0.6142,0.3797,0.6203,0.0000,0.0000,0.2460,0.6740,0.0010,0.0011,0.0464,0.0004,0.4610,26.7360,0.0000,0.5390,0.4610,0.0000,0.0000,12.0000,-0.0004,0.0002,-0.1197,0.0000,0.1197
task003_nosolution,false,6,12.0000,3.0000,1.0000,1000,0.4327,0.0000,0.5673,0.4283,0.5717,0.0000,0.0000,0.3160,0.5700,0.0010,0.0009,0.0438,0.0004,0.5944,51.7140,0.0000,0.4056,0.5944,0.0000,0.0000,12.0000,0.0000,0.0002,-0.0728,0.0000,0.0727
task003_nosolution,false,6,12.0000,6.0000,1.0000,1000,0.4469,0.0000,0.5531,0.4419,0.5581,0.0000,0.0000,0.3200,0.5550,0.0010,0.0009,0.0399,0.0004,0.6331,110.1600,0.0000,0.3669,0.6331,0.0000,0.0000,12.0000,-0.0001,0.0002,-0.0585,0.0000,0.0585
task003_nosolution,false,6,12.0000,9.0000,1.0000,1000,0.7255,0.0000,0.2745,0.7227,0.2773,0.0000,0.0000,0.9340,0.0450,0.0010,0.0005,0.0340,0.0007,0.9347,243.9450,0.0000,0.0653,0.9347,0.0000,0.0000,12.0000,-0.0003,0.0002,0.2201,0.0000,-0.2201
task003_nosolution,false,6,24.0000,1.0000,1.0000,1000,0.2548,0.0000,0.7452,0.2537,0.7463,0.0000,0.0000,0.0240,0.9630,0.0010,0.0014,0.0375,0.0003,0.3482,10.0980,0.0000,0.6518,0.3482,0.0000,0.0000,23.9752,0.0002,0.0002,-0.2507,0.0000,0.2507
task003_nosolution,false,6,24.0000,2.0000,1.0000,1000,0.2657,0.0000,0.7343,0.2624,0.7376,0.0000,0.0000,0.0420,0.9300,0.0010,0.0014,0.0467,0.0003,0.3309,19.1900,0.0000,0.6691,0.3309,0.0000,0.0000,23.9757,0.0002,0.0002,-0.2397,0.0000,0.2398
task003_nosolution,false,6,24.0000,3.0000,1.0000,1000,0.3013,0.0000,0.6987,0.2987,0.7013,0.0000,0.0000,0.0860,0.8750,0.0010,0.0012,0.0451,0.0003,0.4366,37.9800,0.0000,0.5634,0.4366,0.0000,0.0000,23.9758,0.0002,0.0002,-0.2041,0.0000,0.2041
task003_nosolution,false,6,24.0000,6.0000,1.0000,1000,0.3180,0.0000,0.6820,0.3143,0.6857,0.0000,0.0000,0.1080,0.8380,0.0010,0.0012,0.0406,0.0003,0.4794,83.4180,0.0000,0.5206,0.4794,0.0000,0.0000,23.9759,0.0002,0.0002,-0.1874,0.0000,0.1874
task003_nosolution,false,6,24.0000,9.0000,1.0000,1000,0.5405,0.0000,0.4595,0.5362,0.4638,0.0000,0.0000,0.5090,0.3780,0.0010,0.0007,0.0327,0.0005,0.8947,233.5050,0.0000,0.1053,0.8947,0.0000,0.0000,23.9760,0.0002,0.0002,0.0350,0.0000,-0.0350
task003_nosolution,false,12,3.0000,1.0000,1.0000,1000,0.3322,0.0000,0.6677,0.3278,0.6722,0.0000,0.0000,0.0880,0.8490,0.0010,0.0011,0.0560,0.0004,0.6190,17.9510,0.0000,0.3810,0.6190,0.0000,0.0000,3.0000,0.0033,0.0002,-0.1732,0.0000,0.1732
task003_nosolution,false,12,3.0000,2.0000,1.0000,1000,0.4194,0.0000,0.5806,0.4153,0.5847,0.0000,0.0000,0.1540,0.7290,0.0010,0.0009,0.0726,0.0004,0.7060,40.9480,0.0000,0.2940,0.7060,0.0000,0.0000,3.0000,0.0026,0.0002,-0.0861,0.0000,0.0861
task003_nosolution,false,12,3.0000,3.0000,1.0000,1000,0.4906,0.0000,0.5094,0.4857,0.5143,0.0000,0.0000,0.3950,0.4570,0.0010,0.0007,0.0709,0.0004,0.7956,69.2160,0.0000,0.2044,0.7956,0.0000,0.0000,3.0000,0.0016,0.0002,-0.0149,0.0000,0.0149
task003_nosolution,false,12,3.0000,6.0000,1.0000,1000,0.5037,0.0000,0.4963,0.4987,0.5013,0.0000,0.0000,0.4370,0.4040,0.0010,0.0007,0.0695,0.0005,0.8182,142.3620,0.0000,0.1818,0.8182,0.0000,0.0000,3.0000,0.0017,0.0002,-0.0018,0.0000,0.0018
task003_nosolution,false,12,3.0000,9.0000,1.0000,1000,0.7515,0.0000,0.2485,0.7488,0.2512,0.0000,0.0000,0.9920,0.0030,0.0010,0.0005,0.0669,0.0008,0.9534,248.8320,0.0000,0.0466,0.9534,0.0000,0.0000,3.0000,0.0029,0.0002,0.2460,0.0000,-0.2460
task003_nosolution,false,12,6.0000,1.0000,1.0000,1000,0.4084,0.0000,0.5916,0.4078,0.5922,0.0000,0.0000,0.2170,0.6830,0.0010,0.0010,0.0567,0.0004,0.6030,17.4860,0.0000,0.3970,0.6030,0.0000,0.0000,6.0000,-0.0005,0.0002,-0.0971,0.0000,0.0971
task003_nosolution,false,12,6.0000,2.0000,1.0000,1000,0.4873,0.0000,0.5127,0.4820,0.5180,0.0000,0.0000,0.4020,0.4440,0.0010,0.0008,0.0722,0.0004,0.6742,39.1040,0.0000,0.3258,0.6742,0.0000,0.0000,6.0000,-0.0011,0.0002,-0.0182,0.0000,0.0182
task003_nosolution,false,12,6.0000,3.0000,1.0000,1000,0.5002,0.0000,0.4998,0.4948,0.5052,0.0000,0.0000,0.4320,0.4140,0.0010,0.0007,0.0706,0.0004,0.7660,66.6390,0.0000,0.2340,0.7660,0.0000,0.0000,6.0000,-0.0013,0.0002,-0.0053,0.0000,0.0053
task003_nosolution,false,12,6.0000,6.0000,1.0000,1000,0.5033,0.0000,0.4967,0.4979,0.5021,0.0000,0.0000,0.4400,0.4040,0.0010,0.0007,0.0689,0.0005,0.7944,138.2340,0.0000,0.2056,0.7944,0.0000,0.0000,6.0000,-0.0010,0.0002,-0.0022,0.0000,0.0022
task003_nosolution,false,12,6.0000,9.0000,1.0000,1000,0.7490,0.0000,0.2510,0.7463,0.2537,0.0000,0.0000,0.9870,0.0080,0.0010,0.0005,0.0659,0.0008,0.9548,249.2010,0.0000,0.0452,0.9548,0.0000,0.0000,6.0000,-0.0007,0.0002,0.2435,0.0000,-0.2435
task003_nosolution,false,12,12.0000,1.0000,1.0000,1000,0.3806,0.0000,0.6194,0.3774,0.6226,0.0000,0.0000,0.2020,0.7100,0.0010,0.0011,0.0576,0.0004,0.4782,13.8680,0.0000,0.5218,0.4782,0.0000,0.0000,12.0000,-0.0003,0.0002,-0.1249,0.0000,0.1249
task003_nosolution,false,12,12.0000,2.0000,1.0000,1000,0.4010,0.0000,0.5990,0.3953,0.6047,0.0000,0.0000,0.2470,0.6540,0.0010,0.0010,0.0720,0.0004,0.4926,28.5700,0.0000,0.5074,0.4926,0.0000,0.0000,12.0000,-0.0004,0.0002,-0.1045,0.0000,0.1045
task003_nosolution,false,12,12.0000,3.0000,1.0000,1000,0.4408,0.0000,0.5592,0.4363,0.5637,0.0000,0.0000,0.3170,0.5710,0.0010,0.0009,0.0701,0.0004,0.6282,54.6510,0.0000,0.3718,0.6282,0.0000,0.0000,12.0000,0.0003,0.0002,-0.0647,0.0000,0.0647
task003_nosolution,false,12,12.0000,6.0000,1.0000,1000,0.4566,0.0000,0.5434,0.4506,0.5494,0.0000,0.0000,0.3450,0.5260,0.0010,0.0008,0.0687,0.0004,0.6624,115.2540,0.0000,0.3376,0.6624,0.0000,0.0000,12.0000,0.0002,0.0002,-0.0489,0.0000,0.0489
task003_nosolution,false,12,12.0000,9.0000,1.0000,1000,0.7228,0.0000,0.2772,0.7195,0.2805,0.0000,0.0000,0.9400,0.0420,0.0010,0.0005,0.0644,0.0007,0.9282,242.2620,0.0000,0.0718,0.9282,0.0000,0.0000,12.0000,0.0009,0.0002,0.2173,0.0000,-0.2173
task003_nosolution,false,12,24.0000,1.0000,1.0000,1000,0.2432,0.0000,0.7568,0.2409,0.7591,0.0000,0.0000,0.0100,0.9850,0.0010,0.0014,0.0575,0.0003,0.3427,9.9380,0.0000,0.6573,0.3427,0.0000,0.0000,23.9758,0.0002,0.0002,-0.2623,0.0000,0.2623
task003_nosolution,false,12,24.0000,2.0000,1.0000,1000,0.2490,0.0000,0.7510,0.2471,0.7529,0.0000,0.0000,0.0170,0.9770,0.0010,0.0014,0.0733,0.0003,0.3188,18.4920,0.0000,0.6812,0.3188,0.0000,0.0000,23.9761,0.0002,0.0002,-0.2565,0.0000,0.2565
task003_nosolution,false,12,24.0000,3.0000,1.0000,1000,0.2893,0.0000,0.7107,0.2864,0.7136,0.0000,0.0000,0.0400,0.9210,0.0010,0.0012,0.0717,0.0003,0.4359,37.9230,0.0000,0.5641,0.4359,0.0000,0.0000,23.9763,0.0002,0.0002,-0.2162,0.0000,0.2162
task003_nosolution,false,12,24.0000,6.0000,1.0000,1000,0.2984,0.0000,0.7016,0.2949,0.7051,0.0000,0.0000,0.0600,0.9020,0.0009,0.0012,0.0693,0.0003,0.4648,80.8740,0.0000,0.5352,0.4648,0.0000,0.0000,23.9764,0.0002,0.0002,-0.2071,0.0000,0.2071
task003_nosolution,false,12,24.0000,9.0000,1.0000,1000,0.4861,0.0000,0.5139,0.4830,0.5170,0.0000,0.0000,0.3930,0.4970,0.0009,0.0007,0.0635,0.0005,0.8548,223.0920,0.0000,0.1452,0.8548,0.0000,0.0000,23.9764,0.0002,0.0002,-0.0194,0.0000,0.0194
task003_nosolution,silent,3,,,0.7500,1000,0.3532,0.1642,0.4826,0.3489,0.4872,0.0000,0.0000,0.1470,0.4050,0.0041,0.0032,0.0129,0.0017,,,,,,,,,,,0.0000,0.0000,0.0000
task003_nosolution,silent,6,,,0.7500,1000,0.3818,0.0882,0.5300,0.3778,0.5343,0.0000,0.0000,0.2560,0.5210,0.0015,0.0012,0.0071,0.0007,,,,,,,,,,,0.0000,0.0000,0.0000
task003_nosolution,silent,12,,,0.7500,1000,0.4383,0.0490,0.5126,0.4352,0.5148,0.0000,0.0000,0.3320,0.4760,0.0012,0.0009,0.0097,0.0006,,,,,,,,,,,0.0000,0.0000,0.0000
task003_nosolution,silent,3,,,1.0000,1000,0.5023,0.0006,0.4971,0.4967,0.5025,0.0000,0.0000,0.4240,0.4100,0.0014,0.0009,0.0158,0.0007,,,,,,,,,,,0.0000,0.0000,0.0000
task003_nosolution,silent,6,,,1.0000,1000,0.5055,0.0000,0.4945,0.5002,0.4998,0.0000,0.0000,0.4450,0.3990,0.0010,0.0007,0.0228,0.0005,,,,,,,,,,,0.0000,0.0000,0.0000
task003_nosolution,silent,12,,,1.0000,1000,0.5055,0.0000,0.4945,0.5000,0.5000,0.0000,0.0000,0.4440,0.4000,0.0010,0.0007,0.0427,0.0005,,,,,,,,,,,0.0000,0.0000,0.0000
task003_nosolution,truth,3,3.0000,1.0000,0.7500,1000,0.7035,0.1389,0.1575,0.7021,0.1576,0.0000,0.0000,0.9330,0.0010,0.0036,0.0009,0.0109,0.0075,0.7016,20.3460,0.0000,0.2984,0.7016,0.0000,0.0000,3.0000,-0.0016,0.0015,0.3503,-0.0253,-0.3251
task003_nosolution,truth,3,3.0000,2.0000,0.7500,1000,0.6962,0.1460,0.1578,0.6939,0.1604,0.0000,0.0000,0.9260,0.0000,0.0027,0.0008,0.0073,0.0059,0.6861,39.7920,0.0000,0.3139,0.6861,0.0000,0.0000,3.0000,0.0003,0.0010,0.3430,-0.0182,-0.3248
task003_nosolution,truth,3,3.0000,3.0000,0.7500,1000,0.7024,0.1332,0.1644,0.6986,0.1656,0.0000,0.0000,0.9410,0.0000,0.0025,0.0008,0.0072,0.0052,0.6913,60.1440,0.0000,0.3087,0.6913,0.0000,0.0000,3.0000,-0.0012,0.0008,0.3492,-0.0310,-0.3183
task003_nosolution,truth,3,3.0000,6.0000,0.7500,1000,0.6053,0.1569,0.2378,0.6005,0.2397,0.0000,0.0000,0.7480,0.0120,0.0020,0.0009,0.0056,0.0025,0.7820,136.0740,0.0000,0.2180,0.7820,0.0000,0.0000,3.0000,-0.0011,0.0004,0.2521,-0.0073,-0.2448
task003_nosolution,truth,3,3.0000,9.0000,0.7500,1000,0.5527,0.1396,0.3077,0.5468,0.3103,0.0000,0.0000,0.6100,0.0460,0.0017,0.0010,0.0049,0.0013,0.8402,219.2850,0.0000,0.1598,0.8402,0.0000,0.0000,3.0000,-0.0012,0.0002,0.1995,-0.0246,-0.1750
task003_nosolution,truth,3,6.0000,1.0000,0.7500,1000,0.6953,0.1417,0.1630,0.6905,0.1637,0.0000,0.0000,0.9270,0.0020,0.0032,0.0009,0.0091,0.0062,0.6544,18.9790,0.0000,0.3456,0.6544,0.0000,0.0000,6.0000,0.0017,0.0012,0.3420,-0.0225,-0.3196
task003_nosolution,truth,3,6.0000,2.0000,0.7500,1000,0.6861,0.1405,0.1733,0.6821,0.1748,0.0000,0.0000,0.9100,0.0000,0.0027,0.0009,0.0074,0.0052,0.6507,37.7400,0.0000,0.3493,0.6507,0.0000,0.0000,6.0000,0.0007,0.0009,0.3329,-0.0236,-0.3093
task003_nosolution,truth,3,6.0000,3.0000,0.7500,1000,0.6882,0.1333,0.1786,0.6844,0.1797,0.0000,0.0000,0.9100,0.0010,0.0025,0.0008,0.0075,0.0045,0.6480,56.3730,0.0000,0.3520,0.6480,0.0000,0.0000,6.0000,0.0001,0.0008,0.3350,-0.0309,-0.3040
task003_nosolution,truth,3,6.0000,6.0000,0.7500,1000,0.5970,0.1599,0.2430,0.5936,0.2475,0.0000,0.0000,0.7420,0.0150,0.0020,0.0008,0.0055,0.0024,0.7613,132.4680,0.0000,0.2387,0.7613,0.0000,0.0000,6.0000,0.0011,0.0004,0.2438,-0.0043,-0.2396
task003_nosolution,truth,3,6.0000,9.0000,0.7500,1000,0.5368,0.1493,0.3139,0.5319,0.3167,0.0000,0.0000,0.5730,0.0530,0.0016,0.0010,0.0045,0.0013,0.8531,222.6690,0.0000,0.1469,0.8531,0.0000,0.0000,6.0000,0.0014,0.0001,0.1836,-0.0149,-0.1687
task003_nosolution,truth,3,12.0000,1.0000,0.7500,1000,0.6703,0.1424,0.1873,0.6694,0.1847,0.0000,0.0000,0.8950,0.0040,0.0031,0.0010,0.0087,0.0052,0.6507,18.8710,0.0000,0.3493,0.6507,0.0000,0.0000,12.0000,0.0012,0.0010,0.3170,-0.0218,-0.2953
task003_nosolution,truth,3,12.0000,2.0000,0.7500,1000,0.6825,0.1422,0.1753,0.6797,0.1784,0.0000,0.0000,0.9010,0.0010,0.0028,0.0009,0.0081,0.0051,0.6215,36.0480,0.0000,0.3785,0.6215,0.0000,0.0000,12.0000,0.0014,0.0010,0.3293,-0.0220,-0.3073
task003_nosolution,truth,3,12.0000,3.0000,0.7500,1000,0.6853,0.1328,0.1818,0.6806,0.1851,0.0000,0.0000,0.9160,0.0020,0.0026,0.0009,0.0079,0.0042,0.6209,54.0150,0.0000,0.3791,0.6209,0.0000,0.0000,12.0000,0.0007,0.0008,0.3321,-0.0313,-0.3008
task003_nosolution,truth,3,12.0000,6.0000,0.7500,1000,0.5824,0.1537,0.2638,0.5797,0.2688,0.0000,0.0000,0.7040,0.0180,0.0019,0.0009,0.0053,0.0022,0.7997,139.1460,0.0000,0.2003,0.7997,0.0000,0.0000,12.0000,0.0002,0.0004,0.2292,-0.0104,-0.2188
task003_nosolution,truth,3,12.0000,9.0000,0.7500,1000,0.5228,0.1546,0.3227,0.5169,0.3235,0.0000,0.0000,0.5140,0.0510,0.0016,0.0010,0.0044,0.0012,0.8871,231.5340,0.0000,0.1129,0.8871,0.0000,0.0000,12.0000,0.0008,0.0001,0.1695,-0.0096,-0.1600
task003_nosolution,truth,3,24.0000,1.0000,0.7500,1000,0.6511,0.1506,0.1983,0.6524,0.1981,0.0000,0.0000,0.8660,0.0010,0.0032,0.0010,0.0090,0.0053,0.7921,22.9710,0.0000,0.2079,0.7921,0.0000,0.0000,23.9224,0.0011,0.0011,0.2979,-0.0136,-0.2843
task003_nosolution,truth,3,24.0000,2.0000,0.7500,1000,0.6890,0.1338,0.1773,0.6857,0.1794,0.0000,0.0000,0.9120,0.0030,0.0031,0.0009,0.0088,0.0058,0.7308,42.3860,0.0000,0.2692,0.7308,0.0000,0.0000,23.9249,0.0011,0.0011,0.3357,-0.0304,-0.3053
task003_nosolution,truth,3,24.0000,3.0000,0.7500,1000,0.6457,0.1391,0.2152,0.6432,0.2173,0.0000,0.0000,0.8420,0.0090,0.0025,0.0009,0.0069,0.0039,0.7992,69.5340,0.0000,0.2008,0.7992,0.0000,0.0000,23.9395,0.0007,0.0007,0.2925,-0.0250,-0.2674
task003_nosolution,truth,3,24.0000,6.0000,0.7500,1000,0.5631,0.1433,0.2936,0.5575,0.2989,0.0000,0.0000,0.6510,0.0380,0.0017,0.0009,0.0050,0.0016,0.9356,162.7920,0.0000,0.0644,0.9356,0.0000,0.0000,23.9578,0.0003,0.0003,0.2099,-0.0209,-0.1890
task003_nosolution,truth,3,24.0000,9.0000,0.7500,1000,0.5083,0.1642,0.3275,0.5046,0.3299,0.0000,0.0000,0.4570,0.0560,0.0016,0.0010,0.0040,0.0013,0.9707,253.3500,0.0000,0.0293,0.9707,0.0000,0.0000,23.9604,0.0001,0.0001,0.1551,0.0000,-0.1551
task003_nosolution,truth,6,3.0000,1.0000,0.7500,1000,0.8104,0.0709,0.1187,0.8068,0.1213,0.0000,0.0000,0.9840,0.0030,0.0013,0.0005,0.0070,0.0023,0.5578,16.1770,0.0000,0.4422,0.5578,0.0000,0.0000,3.0000,-0.0005,0.0003,0.4286,-0.0173,-0.4113
task003_nosolution,truth,6,3.0000,2.0000,0.7500,1000,0.8175,0.0658,0.1168,0.8165,0.1169,0.0000,0.0000,0.9920,0.0030,0.0011,0.0004,0.0063,0.0023,0.4980,28.8860,0.0000,0.5020,0.4980,0.0000,0.0000,3.0000,-0.0013,0.0002,0.4357,-0.0225,-0.4133
task003_nosolution,truth,6,3.0000,3.0000,0.7500,1000,0.8175,0.0654,0.1171,0.8155,0.1181,0.0000,0.0000,0.9930,0.0010,0.0011,0.0004,0.0067,0.0021,0.4842,42.1290,0.0000,0.5158,0.4842,0.0000,0.0000,3.0000,-0.0013,0.0001,0.4357,-0.0228,-0.4129
task003_nosolution,truth,6,3.0000,6.0000,0.7500,1000,0.7478,0.0678,0.1844,0.7474,0.1844,0.0000,0.0000,0.9640,0.0080,0.0010,0.0005,0.0061,0.0014,0.5857,101.9160,0.0000,0.4143,0.5857,0.0000,0.0000,3.0000,-0.0000,0.0001,0.3660,-0.0204,-0.3456
task003_nosolution,truth,6,3.0000,9.0000,0.7500,1000,0.6833,0.0720,0.2447,0.6829,0.2462,0.0000,0.0000,0.8980,0.0250,0.0010,0.0005,0.0056,0.0010,0.6751,176.2110,0.0000,0.3249,0.6751,0.0000,0.0000,3.0000,-0.0020,0.0001,0.3015,-0.0162,-0.2853
task003_nosolution,truth,6,6.0000,1.0000,0.7500,1000,0.8055,0.0708,0.1237,0.8019,0.1246,0.0000,0.0000,0.9890,0.0030,0.0012,0.0005,0.0070,0.0021,0.4320,12.5280,0.0000,0.5680,0.4320,0.0000,0.0000,6.0000,0.0007,0.0002,0.4237,-0.0174,-0.4063
task003_nosolution,truth,6,6.0000,2.0000,0.7500,1000,0.8063,0.0721,0.1215,0.8044,0.1246,0.0000,0.0000,0.9920,0.0020,0.0011,0.0004,0.0061,0.0022,0.3870,22.4440,0.0000,0.6130,0.3870,0.0000,0.0000,6.0000,0.0004,0.0002,0.4245,-0.0161,-0.4085
task003_nosolution,truth,6,6.0000,3.0000,0.7500,1000,0.8103,0.0663,0.1235,0.8081,0.1260,0.0000,0.0000,0.9840,0.0010,0.0011,0.0004,0.0065,0.0022,0.3771,32.8080,0.0000,0.6229,0.3771,0.0000,0.0000,6.0000,0.0011,0.0002,0.4285,-0.0219,-0.4065
task003_nosolution,truth,6,6.0000,6.0000,0.7500,1000,0.7545,0.0673,0.1782,0.7540,0.1779,0.0000,0.0000,0.9650,0.0030,0.0010,0.0005,0.0061,0.0014,0.4727,82.2540,0.0000,0.5273,0.4727,0.0000,0.0000,6.0000,0.0015,0.0001,0.3727,-0.0209,-0.3518
task003_nosolution,truth,6,6.0000,9.0000,0.7500,1000,0.6826,0.0737,0.2437,0.6817,0.2445,0.0000,0.0000,0.8940,0.0240,0.0010,0.0005,0.0054,0.0010,0.6062,158.2290,0.0000,0.3938,0.6062,0.0000,0.0000,6.0000,-0.0003,0.0001,0.3008,-0.0145,-0.2863
task003_nosolution,truth,6,12.0000,1.0000,0.7500,1000,0.8031,0.0694,0.1275,0.7976,0.1286,0.0000,0.0000,0.9810,0.0060,0.0013,0.0005,0.0070,0.0022,0.3384,9.8140,0.0000,0.6616,0.3384,0.0000,0.0000,12.0000,0.0002,0.0002,0.4213,-0.0188,-0.4025
task003_nosolution,truth,6,12.0000,2.0000,0.7500,1000,0.8006,0.0725,0.1269,0.8015,0.1274,0.0000,0.0000,0.9870,0.0020,0.0012,0.0005,0.0066,0.0023,0.2996,17.3760,0.0000,0.7004,0.2996,0.0000,0.0000,12.0000,0.0004,0.0002,0.4188,-0.0157,-0.4031
task003_nosolution,truth,6,12.0000,3.0000,0.7500,1000,0.7973,0.0692,0.1336,0.7948,0.1347,0.0000,0.0000,0.9830,0.0050,0.0011,0.0005,0.0062,0.0021,0.3014,26.2230,0.0000,0.6986,0.3014,0.0000,0.0000,12.0000,0.0000,0.0002,0.4155,-0.0190,-0.3964
task003_nosolution,truth,6,12.0000,6.0000,0.7500,1000,0.7446,0.0730,0.1824,0.7454,0.1814,0.0000,0.0000,0.9540,0.0120,0.0010,0.0005,0.0058,0.0014,0.4164,72.4500,0.0000,0.5836,0.4164,0.0000,0.0000,12.0000,-0.0002,0.0001,0.3628,-0.0152,-0.3476
task003_nosolution,truth,6,12.0000,9.0000,0.7500,1000,0.6915,0.0748,0.2337,0.6927,0.2329,0.0000,0.0000,0.9070,0.0200,0.0010,0.0005,0.0053,0.0011,0.5386,140.5620,0.0000,0.4614,0.5386,0.0000,0.0000,12.0000,-0.0001,0.0001,0.3097,-0.0134,-0.2963
task003_nosolution,truth,6,24.0000,1.0000,0.7500,1000,0.7777,0.0750,0.1473,0.7752,0.1461,0.0000,0.0000,0.9810,0.0030,0.0013,0.0005,0.0065,0.0021,0.4107,11.9090,0.0000,0.5893,0.4107,0.0000,0.0000,23.9688,0.0002,0.0002,0.3959,-0.0132,-0.3827
task003_nosolution,truth,6,24.0000,2.0000,0.7500,1000,0.7897,0.0747,0.1355,0.7887,0.1350,0.0000,0.0000,0.9900,0.0010,0.0012,0.0005,0.0059,0.0021,0.3589,20.8160,0.0000,0.6411,0.3589,0.0000,0.0000,23.9709,0.0002,0.0002,0.4080,-0.0135,-0.3945
task003_nosolution,truth,6,24.0000,3.0000,0.7500,1000,0.7621,0.0761,0.1618,0.7599,0.1622,0.0000,0.0000,0.9710,0.0060,0.0011,0.0005,0.0056,0.0017,0.4405,38.3220,0.0000,0.5595,0.4405,0.0000,0.0000,23.9725,0.0001,0.0001,0.3803,-0.0121,-0.3682
task003_nosolution,truth,6,24.0000,6.0000,0.7500,1000,0.7285,0.0736,0.1979,0.7254,0.1974,0.0000,0.0000,0.9330,0.0190,0.0010,0.0005,0.0053,0.0012,0.5563,96.7920,0.0000,0.4437,0.5563,0.0000,0.0000,23.9747,0.0001,0.0001,0.3467,-0.0146,-0.3321
task003_nosolution,truth,6,24.0000,9.0000,0.7500,1000,0.7127,0.0819,0.2053,0.7126,0.2064,0.0000,0.0000,0.9170,0.0230,0.0010,0.0005,0.0049,0.0012,0.5866,153.1080,0.0000,0.4134,0.5866,0.0000,0.0000,23.9748,0.0001,0.0001,0.3310,-0.0063,-0.3247
task003_nosolution,truth,12,3.0000,1.0000,0.7500,1000,0.8563,0.0341,0.1096,0.8551,0.1101,0.0000,0.0000,0.9900,0.0050,0.0011,0.0004,0.0118,0.0019,0.4719,13.6860,0.0000,0.5281,0.4719,0.0000,0.0000,3.0000,-0.0022,0.0002,0.4180,-0.0149,-0.4030
task003_nosolution,truth,12,3.0000,2.0000,0.7500,1000,0.8789,0.0268,0.0943,0.8776,0.0942,0.0000,0.0000,0.9950,0.0030,0.0010,0.0004,0.0132,0.0025,0.3629,21.0500,0.0000,0.6371,0.3629,0.0000,0.0000,3.0000,-0.0007,0.0002,0.4405,-0.0222,-0.4183
task003_nosolution,truth,12,3.0000,3.0000,0.7500,1000,0.8725,0.0276,0.0999,0.8724,0.1000,0.0000,0.0000,0.9950,0.0020,0.0011,0.0004,0.0140,0.0027,0.3471,30.1950,0.0000,0.6529,0.3471,0.0000,0.0000,3.0000,-0.0014,0.0002,0.4341,-0.0214,-0.4127
task003_nosolution,truth,12,3.0000,6.0000,0.7500,1000,0.8242,0.0238,0.1520,0.8227,0.1538,0.0000,0.0000,0.9910,0.0010,0.0010,0.0004,0.0154,0.0017,0.4178,72.6960,0.0000,0.5822,0.4178,0.0000,0.0000,3.0000,-0.0008,0.0001,0.3859,-0.0253,-0.3606
task003_nosolution,truth,12,3.0000,9.0000,0.7500,1000,0.7963,0.0225,0.1812,0.7961,0.1824,0.0000,0.0000,0.9830,0.0090,0.0010,0.0004,0.0156,0.0014,0.4737,123.6330,0.0000,0.5263,0.4737,0.0000,0.0000,3.0000,-0.0002,0.0001,0.3580,-0.0266,-0.3314
task003_nosolution,truth,12,6.0000,1.0000,0.7500,1000,0.8670,0.0323,0.1007,0.8660,0.0994,0.0000,0.0000,0.9940,0.0000,0.0011,0.0004,0.0116,0.0021,0.3061,8.8780,0.0000,0.6939,0.3061,0.0000,0.0000,6.0000,-0.0000,0.0002,0.4286,-0.0167,-0.4119
task003_nosolution,truth,12,6.0000,2.0000,0.7500,1000,0.8725,0.0320,0.0956,0.8720,0.0964,0.0000,0.0000,0.9920,0.0050,0.0011,0.0004,0.0126,0.0025,0.2276,13.1980,0.0000,0.7724,0.2276,0.0000,0.0000,6.0000,0.0012,0.0002,0.4341,-0.0171,-0.4170
task003_nosolution,truth,12,6.0000,3.0000,0.7500,1000,0.8748,0.0300,0.0952,0.8744,0.0953,0.0000,0.0000,0.9950,0.0020,0.0011,0.0004,0.0133,0.0026,0.2090,18.1860,0.0000,0.7910,0.2090,0.0000,0.0000,6.0000,0.0014,0.0002,0.4365,-0.0190,-0.4174
task003_nosolution,truth,12,6.0000,6.0000,0.7500,1000,0.8424,0.0272,0.1304,0.8420,0.1303,0.0000,0.0000,0.9850,0.0050,0.0010,0.0004,0.0134,0.0020,0.2554,44.4360,0.0000,0.7446,0.2554,0.0000,0.0000,6.0000,0.0017,0.0001,0.4040,-0.0218,-0.3822
task003_nosolution,truth,12,6.0000,9.0000,0.7500,1000,0.8015,0.0245,0.1740,0.8010,0.1750,0.0000,0.0000,0.9810,0.0100,0.0010,0.0004,0.0139,0.0015,0.3422,89.3250,0.0000,0.6578,0.3422,0.0000,0.0000,6.0000,0.0003,0.0001,0.3632,-0.0245,-0.3387
task003_nosolution,truth,12,12.0000,1.0000,0.7500,1000,0.8656,0.0366,0.0978,0.8663,0.0972,0.0000,0.0000,0.9960,0.0020,0.0011,0.0004,0.0118,0.0022,0.1860,5.3940,0.0000,0.8140,0.1860,0.0000,0.0000,12.0000,0.0003,0.0002,0.4272,-0.0125,-0.4148
task003_nosolution,truth,12,12.0000,2.0000,0.7500,1000,0.8736,0.0349,0.0915,0.8728,0.0917,0.0000,0.0000,0.9970,0.0010,0.0011,0.0004,0.0117,0.0026,0.1394,8.0860,0.0000,0.8606,0.1394,0.0000,0.0000,12.0000,-0.0001,0.0002,0.4353,-0.0142,-0.4211
task003_nosolution,truth,12,12.0000,3.0000,0.7500,1000,0.8693,0.0338,0.0969,0.8704,0.0959,0.0000,0.0000,0.9950,0.0020,0.0011,0.0004,0.0121,0.0028,0.1257,10.9320,0.0000,0.8743,0.1257,0.0000,0.0000,12.0000,-0.0003,0.0002,0.4310,-0.0153,-0.4157
task003_nosolution,truth,12,12.0000,6.0000,0.7500,1000,0.8483,0.0341,0.1176,0.8495,0.1181,0.0000,0.0000,0.9900,0.0040,0.0010,0.0004,0.0121,0.0022,0.1629,28.3500,0.0000,0.8371,0.1629,0.0000,0.0000,12.0000,-0.0005,0.0002,0.4100,-0.0150,-0.3950
task003_nosolution,truth,12,12.0000,9.0000,0.7500,1000,0.8266,0.0321,0.1412,0.8268,0.1404,0.0000,0.0000,0.9870,0.0050,0.0010,0.0004,0.0115,0.0018,0.1961,51.1740,0.0000,0.8039,0.1961,0.0000,0.0000,12.0000,0.0001,0.0001,0.3883,-0.0169,-0.3714
task003_nosolution,truth,12,24.0000,1.0000,0.7500,1000,0.8545,0.0391,0.1064,0.8545,0.1058,0.0000,0.0000,0.9980,0.0000,0.0011,0.0005,0.0113,0.0021,0.1747,5.0650,0.0000,0.8253,0.1747,0.0000,0.0000,23.9723,0.0002,0.0002,0.4162,-0.0099,-0.4062
task003_nosolution,truth,12,24.0000,2.0000,0.7500,1000,0.8591,0.0400,0.1009,0.8597,0.1014,0.0000,0.0000,0.9980,0.0000,0.0011,0.0004,0.0108,0.0024,0.1392,8.0720,0.0000,0.8608,0.1392,0.0000,0.0000,23.9734,0.0002,0.0002,0.4208,-0.0091,-0.4117
task003_nosolution,truth,12,24.0000,3.0000,0.7500,1000,0.8460,0.0420,0.1120,0.8460,0.1124,0.0000,0.0000,0.9980,0.0000,0.0011,0.0004,0.0101,0.0022,0.1518,13.2090,0.0000,0.8482,0.1518,0.0000,0.0000,23.9737,0.0002,0.0002,0.4077,-0.0070,-0.4007
task003_nosolution,truth,12,24.0000,6.0000,0.7500,1000,0.8407,0.0413,0.1180,0.8397,0.1202,0.0000,0.0000,0.9980,0.0010,0.0010,0.0004,0.0099,0.0020,0.1679,29.2140,0.0000,0.8321,0.1679,0.0000,0.0000,23.9749,0.0001,0.0001,0.4024,-0.0078,-0.3946
task003_nosolution,truth,12,24.0000,9.0000,0.7500,1000,0.8388,0.0425,0.1187,0.8374,0.1201,0.0000,0.0000,0.9990,0.0000,0.0010,0.0004,0.0094,0.0019,0.1647,42.9930,0.0000,0.8353,0.1647,0.0000,0.0000,23.9754,0.0001,0.0001,0.4005,-0.0066,-0.3939
task003_nosolution,truth,3,3.0000,1.0000,1.0000,1000,0.8564,0.0019,0.1417,0.8573,0.1411,0.0000,0.0000,0.9900,0.0050,0.0014,0.0005,0.0214,0.0017,0.4944,14.3390,0.0000,0.5056,0.4944,0.0000,0.0000,3.0000,-0.0022,0.0001,0.3541,0.0012,-0.3554
task003_nosolution,truth,3,3.0000,2.0000,1.0000,1000,0.8563,0.0000,0.1437,0.8568,0.1432,0.0000,0.0000,0.9990,0.0010,0.0013,0.0005,0.0230,0.0022,0.3969,23.0180,0.0000,0.6031,0.3969,0.0000,0.0000,3.0000,-0.0014,0.0001,0.3540,-0.0006,-0.3534
task003_nosolution,truth,3,3.0000,3.0000,1.0000,1000,0.8454,0.0000,0.1545,0.8425,0.1575,0.0000,0.0000,1.0000,0.0000,0.0013,0.0005,0.0231,0.0022,0.4019,34.9650,0.0000,0.5981,0.4019,0.0000,0.0000,3.0000,-0.0013,0.0001,0.3431,-0.0006,-0.3425
task003_nosolution,truth,3,3.0000,6.0000,1.0000,1000,0.7903,0.0000,0.2096,0.7889,0.2111,0.0000,0.0000,0.9980,0.0000,0.0013,0.0005,0.0225,0.0016,0.5000,86.9940,0.0000,0.5000,0.5000,0.0000,0.0000,3.0000,-0.0016,0.0001,0.2880,-0.0006,-0.2875
task003_nosolution,truth,3,3.0000,9.0000,1.0000,1000,0.7955,0.0001,0.2044,0.7954,0.2046,0.0000,0.0000,0.9990,0.0000,0.0013,0.0005,0.0202,0.0015,0.5233,136.5930,0.0000,0.4767,0.5233,0.0000,0.0000,3.0000,-0.0016,0.0001,0.2933,-0.0005,-0.2927
task003_nosolution,truth,3,6.0000,1.0000,1.0000,1000,0.8770,0.0009,0.1221,0.8769,0.1225,0.0000,0.0000,0.9960,0.0010,0.0014,0.0005,0.0237,0.0020,0.3150,9.1360,0.0000,0.6850,0.3150,0.0000,0.0000,6.0000,0.0008,0.0001,0.3747,0.0003,-0.3750
task003_nosolution,truth,3,6.0000,2.0000,1.0000,1000,0.8698,0.0001,0.1301,0.8690,0.1309,0.0000,0.0000,1.0000,0.0000,0.0013,0.0005,0.0234,0.0023,0.2556,14.8260,0.0000,0.7444,0.2556,0.0000,0.0000,6.0000,-0.0003,0.0001,0.3675,-0.0005,-0.3670
task003_nosolution,truth,3,6.0000,3.0000,1.0000,1000,0.8524,0.0000,0.1476,0.8515,0.1484,0.0000,0.0000,0.9990,0.0010,0.0013,0.0005,0.0234,0.0021,0.2720,23.6610,0.0000,0.7280,0.2720,0.0000,0.0000,6.0000,0.0004,0.0001,0.3501,-0.0006,-0.3495
task003_nosolution,truth,3,6.0000,6.0000,1.0000,1000,0.8115,0.0000,0.1885,0.8091,0.1909,0.0000,0.0000,0.9980,0.0000,0.0013,0.0005,0.0226,0.0017,0.3517,61.1940,0.0000,0.6483,0.3517,0.0000,0.0000,6.0000,-0.0001,0.0001,0.3092,-0.0006,-0.3086
task003_nosolution,truth,3,6.0000,9.0000,1.0000,1000,0.7975,0.0000,0.2025,0.7944,0.2056,0.0000,0.0000,0.9980,0.0010,0.0013,0.0005,0.0202,0.0014,0.4173,108.9090,0.0000,0.5827,0.4173,0.0000,0.0000,6.0000,0.0011,0.0001,0.2952,-0.0006,-0.2945
task003_nosolution,truth,3,12.0000,1.0000,1.0000,1000,0.8918,0.0001,0.1082,0.8923,0.1074,0.0000,0.0000,0.9990,0.0010,0.0014,0.0005,0.0248,0.0022,0.1936,5.6140,0.0000,0.8064,0.1936,0.0000,0.0000,12.0000,-0.0002,0.0001,0.3895,-0.0005,-0.3889
task003_nosolution,truth,3,12.0000,2.0000,1.0000,1000,0.8873,0.0000,0.1127,0.8859,0.1140,0.0000,0.0000,1.0000,0.0000,0.0013,0.0005,0.0228,0.0024,0.1672,9.6980,0.0000,0.8328,0.1672,0.0000,0.0000,12.0000,-0.0002,0.0001,0.3850,-0.0006,-0.3844
task003_nosolution,truth,3,12.0000,3.0000,1.0000,1000,0.8678,0.0001,0.1321,0.8685,0.1314,0.0000,0.0000,1.0000,0.0000,0.0013,0.0005,0.0227,0.0022,0.1875,16.3110,0.0000,0.8125,0.1875,0.0000,0.0000,12.0000,-0.0002,0.0001,0.3655,-0.0005,-0.3650
task003_nosolution,truth,3,12.0000,6.0000,1.0000,1000,0.8399,0.0000,0.1600,0.8374,0.1626,0.0000,0.0000,0.9980,0.0010,0.0013,0.0005,0.0220,0.0018,0.2532,44.0520,0.0000,0.7468,0.2532,0.0000,0.0000,12.0000,0.0001,0.0001,0.3376,-0.0006,-0.3370
task003_nosolution,truth,3,12.0000,9.0000,1.0000,1000,0.8250,0.0001,0.1749,0.8252,0.1748,0.0000,0.0000,0.9980,0.0000,0.0013,0.0005,0.0190,0.0015,0.3011,78.5970,0.0000,0.6989,0.3011,0.0000,0.0000,12.0000,0.0003,0.0001,0.3227,-0.0005,-0.3222
task003_nosolution,truth,3,24.0000,1.0000,1.0000,1000,0.8999,0.0002,0.0999,0.9001,0.0998,0.0000,0.0000,1.0000,0.0000,0.0013,0.0005,0.0227,0.0023,0.1799,5.2170,0.0000,0.8201,0.1799,0.0000,0.0000,23.9672,0.0001,0.0001,0.3976,-0.0004,-0.3972
task003_nosolution,truth,3,24.0000,2.0000,1.0000,1000,0.8950,0.0000,0.1049,0.8951,0.1049,0.0000,0.0000,1.0000,0.0000,0.0013,0.0005,0.0221,0.0023,0.1724,10.0020,0.0000,0.8276,0.1724,0.0000,0.0000,23.9680,0.0001,0.0001,0.3928,-0.0006,-0.3922
task003_nosolution,truth,3,24.0000,3.0000,1.0000,1000,0.8823,0.0000,0.1177,0.8807,0.1191,0.0000,0.0000,0.9990,0.0010,0.0013,0.0005,0.0204,0.0021,0.2033,17.6910,0.0000,0.7967,0.2033,0.0000,0.0000,23.9680,0.0001,0.0001,0.3800,-0.0006,-0.3794
task003_nosolution,truth,3,24.0000,6.0000,1.0000,1000,0.8678,0.0001,0.1321,0.8662,0.1337,0.0000,0.0000,0.9990,0.0000,0.0013,0.0005,0.0206,0.0018,0.2637,45.8820,0.0000,0.7363,0.2637,0.0000,0.0000,23.9679,0.0001,0.0001,0.3655,-0.0005,-0.3650
task003_nosolution,truth,3,24.0000,9.0000,1.0000,1000,0.8643,0.0001,0.1355,0.8650,0.1349,0.0000,0.0000,0.9990,0.0010,0.0013,0.0005,0.0177,0.0017,0.2784,72.6660,0.0000,0.7216,0.2784,0.0000,0.0000,23.9683,0.0001,0.0001,0.3620,-0.0005,-0.3615
task003_nosolution,truth,6,3.0000,1.0000,1.0000,1000,0.8555,0.0007,0.1438,0.8550,0.1444,0.0000,0.0000,0.9890,0.0060,0.0010,0.0004,0.0264,0.0013,0.4744,13.7580,0.0000,0.5256,0.4744,0.0000,0.0000,3.0000,-0.0022,0.0001,0.3500,0.0007,-0.3507
task003_nosolution,truth,6,3.0000,2.0000,1.0000,1000,0.8283,0.0000,0.1717,0.8279,0.1721,0.0000,0.0000,0.9990,0.0000,0.0010,0.0004,0.0317,0.0016,0.3912,22.6920,0.0000,0.6088,0.3912,0.0000,0.0000,3.0000,-0.0007,0.0001,0.3229,0.0000,-0.3229
task003_nosolution,truth,6,3.0000,3.0000,1.0000,1000,0.8148,0.0000,0.1852,0.8109,0.1891,0.0000,0.0000,0.9980,0.0000,0.0010,0.0004,0.0348,0.0016,0.3892,33.8580,0.0000,0.6108,0.3892,0.0000,0.0000,3.0000,-0.0009,0.0001,0.3094,0.0000,-0.3094
task003_nosolution,truth,6,3.0000,6.0000,1.0000,1000,0.7698,0.0000,0.2303,0.7677,0.2323,0.0000,0.0000,0.9970,0.0000,0.0010,0.0004,0.0336,0.0013,0.4812,83.7240,0.0000,0.5188,0.4812,0.0000,0.0000,3.0000,-0.0020,0.0001,0.2643,0.0000,-0.2643
task003_nosolution,truth,6,3.0000,9.0000,1.0000,1000,0.7778,0.0000,0.2222,0.7762,0.2238,0.0000,0.0000,0.9950,0.0020,0.0010,0.0004,0.0312,0.0012,0.4922,128.4750,0.0000,0.5078,0.4922,0.0000,0.0000,3.0000,-0.0010,0.0001,0.2724,0.0000,-0.2724
task003_nosolution,truth,6,6.0000,1.0000,1.0000,1000,0.8687,0.0000,0.1313,0.8691,0.1309,0.0000,0.0000,0.9990,0.0000,0.0010,0.0004,0.0295,0.0015,0.2969,8.6090,0.0000,0.7031,0.2969,0.0000,0.0000,6.0000,0.0003,0.0001,0.3632,0.0000,-0.3633
task003_nosolution,truth,6,6.0000,2.0000,1.0000,1000,0.8578,0.0000,0.1422,0.8584,0.1416,0.0000,0.0000,0.9980,0.0010,0.0010,0.0004,0.0330,0.0018,0.2194,12.7260,0.0000,0.7806,0.2194,0.0000,0.0000,6.0000,0.0005,0.0001,0.3524,0.0000,-0.3524
task003_nosolution,truth,6,6.0000,3.0000,1.0000,1000,0.8469,0.0000,0.1531,0.8457,0.1543,0.0000,0.0000,1.0000,0.0000,0.0010,0.0004,0.0348,0.0018,0.2244,19.5240,0.0000,0.7756,0.2244,0.0000,0.0000,6.0000,0.0005,0.0001,0.3414,0.0000,-0.3414
task003_nosolution,truth,6,6.0000,6.0000,1.0000,1000,0.8038,0.0000,0.1962,0.8011,0.1988,0.0000,0.0000,0.9970,0.0010,0.0010,0.0004,0.0337,0.0014,0.2968,51.6480,0.0000,0.7032,0.2968,0.0000,0.0000,6.0000,0.0007,0.0001,0.2984,0.0000,-0.2984
task003_nosolution,truth,6,6.0000,9.0000,1.0000,1000,0.7992,0.0000,0.2008,0.7964,0.2036,0.0000,0.0000,0.9960,0.0020,0.0010,0.0004,0.0309,0.0013,0.3422,89.3250,0.0000,0.6578,0.3422,0.0000,0.0000,6.0000,0.0013,0.0001,0.2937,0.0000,-0.2938
task003_nosolution,truth,6,12.0000,1.0000,1.0000,1000,0.8815,0.0000,0.1185,0.8832,0.1168,0.0000,0.0000,1.0000,0.0000,0.0010,0.0004,0.0304,0.0017,0.1599,4.6380,0.0000,0.8401,0.1599,0.0000,0.0000,12.0000,0.0002,0.0001,0.3760,0.0000,-0.3760
task003_nosolution,truth,6,12.0000,2.0000,1.0000,1000,0.8835,0.0001,0.1164,0.8831,0.1168,0.0000,0.0000,1.0000,0.0000,0.0010,0.0004,0.0331,0.0020,0.1145,6.6420,0.0000,0.8855,0.1145,0.0000,0.0000,12.0000,-0.0001,0.0001,0.3781,0.0001,-0.3782
task003_nosolution,truth,6,12.0000,3.0000,1.0000,1000,0.8731,0.0000,0.1269,0.8726,0.1274,0.0000,0.0000,1.0000,0.0000,0.0010,0.0004,0.0346,0.0019,0.1216,10.5810,0.0000,0.8784,0.1216,0.0000,0.0000,12.0000,-0.0001,0.0001,0.3676,0.0000,-0.3676
task003_nosolution,truth,6,12.0000,6.0000,1.0000,1000,0.8513,0.0000,0.1487,0.8514,0.1486,0.0000,0.0000,0.9980,0.0010,0.0010,0.0004,0.0327,0.0017,0.1626,28.2840,0.0000,0.8374,0.1626,0.0000,0.0000,12.0000,-0.0001,0.0001,0.3458,0.0000,-0.3458
task003_nosolution,truth,6,12.0000,9.0000,1.0000,1000,0.8404,0.0000,0.1596,0.8386,0.1614,0.0000,0.0000,0.9990,0.0010,0.0010,0.0004,0.0299,0.0015,0.2031,53.0010,0.0000,0.7969,0.2031,0.0000,0.0000,12.0000,0.0004,0.0001,0.3350,0.0000,-0.3350
task003_nosolution,truth,6,24.0000,1.0000,1.0000,1000,0.8884,0.0000,0.1116,0.8893,0.1106,0.0000,0.0000,1.0000,0.0000,0.0010,0.0004,0.0311,0.0018,0.1293,3.7490,0.0000,0.8707,0.1293,0.0000,0.0000,23.9754,0.0001,0.0001,0.3830,0.0000,-0.3830
task003_nosolution,truth,6,24.0000,2.0000,1.0000,1000,0.8948,0.0001,0.1051,0.8945,0.1054,0.0000,0.0000,1.0000,0.0000,0.0010,0.0004,0.0329,0.0021,0.0947,5.4900,0.0000,0.9053,0.0947,0.0000,0.0000,23.9759,0.0001,0.0001,0.3894,0.0001,-0.3895
task003_nosolution,truth,6,24.0000,3.0000,1.0000,1000,0.8950,0.0000,0.1050,0.8954,0.1046,0.0000,0.0000,1.0000,0.0000,0.0010,0.0004,0.0306,0.0021,0.1000,8.7000,0.0000,0.9000,0.1000,0.0000,0.0000,23.9759,0.0001,0.0001,0.3895,0.0000,-0.3895
task003_nosolution,truth,6,24.0000,6.0000,1.0000,1000,0.8844,0.0000,0.1156,0.8859,0.1140,0.0000,0.0000,1.0000,0.0000,0.0010,0.0004,0.0306,0.0019,0.1268,22.0620,0.0000,0.8732,0.1268,0.0000,0.0000,23.9759,0.0001,0.0001,0.3789,0.0000,-0.3789
task003_nosolution,truth,6,24.0000,9.0000,1.0000,1000,0.8849,0.0001,0.1150,0.8848,0.1151,0.0000,0.0000,1.0000,0.0000,0.0010,0.0004,0.0275,0.0018,0.1406,36.7020,0.0000,0.8594,0.1406,0.0000,0.0000,23.9759,0.0001,0.0001,0.3795,0.0001,-0.3796
task003_nosolution,truth,12,3.0000,1.0000,1.0000,1000,0.8541,0.0001,0.1458,0.8548,0.1450,0.0000,0.0000,0.9900,0.0070,0.0010,0.0004,0.0422,0.0013,0.4742,13.7510,0.0000,0.5258,0.4742,0.0000,0.0000,3.0000,-0.0028,0.0001,0.3486,0.0001,-0.3487
task003_nosolution,truth,12,3.0000,2.0000,1.0000,1000,0.8251,0.0000,0.1749,0.8230,0.1770,0.0000,0.0000,0.9970,0.0010,0.0010,0.0004,0.0523,0.0015,0.4001,23.2060,0.0000,0.5999,0.4001,0.0000,0.0000,3.0000,-0.0023,0.0001,0.3196,0.0000,-0.3196
task003_nosolution,truth,12,3.0000,3.0000,1.0000,1000,0.8040,0.0000,0.1960,0.8023,0.1977,0.0000,0.0000,0.9970,0.0020,0.0010,0.0004,0.0616,0.0015,0.3950,34.3680,0.0000,0.6050,0.3950,0.0000,0.0000,3.0000,-0.0018,0.0001,0.2985,0.0000,-0.2985
task003_nosolution,truth,12,3.0000,6.0000,1.0000,1000,0.7632,0.0000,0.2367,0.7609,0.2391,0.0000,0.0000,0.9950,0.0020,0.0010,0.0004,0.0591,0.0012,0.4802,83.5500,0.0000,0.5198,0.4802,0.0000,0.0000,3.0000,-0.0014,0.0001,0.2578,0.0000,-0.2578
task003_nosolution,truth,12,3.0000,9.0000,1.0000,1000,0.7765,0.0000,0.2235,0.7737,0.2263,0.0000,0.0000,0.9950,0.0020,0.0010,0.0004,0.0591,0.0012,0.4738,123.6600,0.0000,0.5262,0.4738,0.0000,0.0000,3.0000,-0.0019,0.0001,0.2710,0.0000,-0.2710
task003_nosolution,truth,12,6.0000,1.0000,1.0000,1000,0.8630,0.0000,0.1370,0.8619,0.1381,0.0000,0.0000,0.9990,0.0000,0.0010,0.0004,0.0473,0.0014,0.2907,8.4300,0.0000,0.7093,0.2907,0.0000,0.0000,6.0000,-0.0004,0.0001,0.3575,0.0000,-0.3575
task003_nosolution,truth,12,6.0000,2.0000,1.0000,1000,0.8516,0.0000,0.1484,0.8493,0.1507,0.0000,0.0000,0.9980,0.0010,0.0010,0.0004,0.0534,0.0017,0.2278,13.2140,0.0000,0.7722,0.2278,0.0000,0.0000,6.0000,-0.0002,0.0001,0.3461,0.0000,-0.3461
task003_nosolution,truth,12,6.0000,3.0000,1.0000,1000,0.8451,0.0000,0.1549,0.8429,0.1571,0.0000,0.0000,0.9980,0.0010,0.0010,0.0004,0.0619,0.0018,0.2093,18.2100,0.0000,0.7907,0.2093,0.0000,0.0000,6.0000,0.0007,0.0001,0.3396,0.0000,-0.3396
task003_nosolution,truth,12,6.0000,6.0000,1.0000,1000,0.8008,0.0000,0.1992,0.7971,0.2029,0.0000,0.0000,0.9950,0.0020,0.0010,0.0004,0.0602,0.0015,0.2770,48.2040,0.0000,0.7230,0.2770,0.0000,0.0000,6.0000,0.0009,0.0001,0.2953,0.0000,-0.2953
task003_nosolution,truth,12,6.0000,9.0000,1.0000,1000,0.8037,0.0000,0.1963,0.8012,0.1988,0.0000,0.0000,0.9970,0.0020,0.0010,0.0004,0.0581,0.0014,0.2992,78.0930,0.0000,0.7008,0.2992,0.0000,0.0000,6.0000,0.0008,0.0001,0.2982,0.0000,-0.2982
task003_nosolution,truth,12,12.0000,1.0000,1.0000,1000,0.8809,0.0001,0.1190,0.8815,0.1184,0.0000,0.0000,1.0000,0.0000,0.0010,0.0004,0.0478,0.0016,0.1515,4.3930,0.0000,0.8485,0.1515,0.0000,0.0000,12.0000,-0.0000,0.0001,0.3754,0.0001,-0.3755
task003_nosolution,truth,12,12.0000,2.0000,1.0000,1000,0.8835,0.0000,0.1165,0.8830,0.1170,0.0000,0.0000,1.0000,0.0000,0.0010,0.0004,0.0535,0.0019,0.1004,5.8260,0.0000,0.8996,0.1004,0.0000,0.0000,12.0000,-0.0004,0.0001,0.3780,0.0000,-0.3780
task003_nosolution,truth,12,12.0000,3.0000,1.0000,1000,0.8805,0.0000,0.1195,0.8796,0.1204,0.0000,0.0000,1.0000,0.0000,0.0010,0.0004,0.0607,0.0021,0.0863,7.5060,0.0000,0.9137,0.0863,0.0000,0.0000,12.0000,-0.0001,0.0001,0.3750,0.0000,-0.3750
task003_nosolution,truth,12,12.0000,6.0000,1.0000,1000,0.8628,0.0000,0.1372,0.8635,0.1365,0.0000,0.0000,0.9990,0.0010,0.0010,0.0004,0.0587,0.0019,0.1094,19.0440,0.0000,0.8906,0.1094,0.0000,0.0000,12.0000,-0.0002,0.0001,0.3573,0.0000,-0.3573
task003_nosolution,truth,12,12.0000,9.0000,1.0000,1000,0.8632,0.0000,0.1368,0.8627,0.1373,0.0000,0.0000,1.0000,0.0000,0.0010,0.0004,0.0562,0.0018,0.1218,31.7970,0.0000,0.8782,0.1218,0.0000,0.0000,12.0000,-0.0004,0.0001,0.3578,0.0000,-0.3578
task003_nosolution,truth,12,24.0000,1.0000,1.0000,1000,0.8887,0.0000,0.1113,0.8884,0.1116,0.0000,0.0000,1.0000,0.0000,0.0010,0.0004,0.0485,0.0017,0.1146,3.3220,0.0000,0.8854,0.1146,0.0000,0.0000,23.9761,0.0001,0.0001,0.3832,0.0000,-0.3832
task003_nosolution,truth,12,24.0000,2.0000,1.0000,1000,0.8918,0.0000,0.1082,0.8920,0.1080,0.0000,0.0000,1.0000,0.0000,0.0009,0.0004,0.0560,0.0020,0.0739,4.2880,0.0000,0.9261,0.0739,0.0000,0.0000,23.9764,0.0001,0.0001,0.3863,0.0000,-0.3863
task003_nosolution,truth,12,24.0000,3.0000,1.0000,1000,0.9019,0.0000,0.0981,0.9019,0.0981,0.0000,0.0000,1.0000,0.0000,0.0009,0.0004,0.0549,0.0024,0.0562,4.8930,0.0000,0.9438,0.0562,0.0000,0.0000,23.9764,0.0001,0.0001,0.3964,0.0000,-0.3964
task003_nosolution,truth,12,24.0000,6.0000,1.0000,1000,0.8977,0.0000,0.1023,0.8961,0.1038,0.0000,0.0000,1.0000,0.0000,0.0009,0.0004,0.0569,0.0022,0.0649,11.2860,0.0000,0.9351,0.0649,0.0000,0.0000,23.9764,0.0001,0.0001,0.3922,0.0000,-0.3922
task003_nosolution,truth,12,24.0000,9.0000,1.0000,1000,0.9001,0.0000,0.0999,0.8992,0.1007,0.0000,0.0000,1.0000,0.0000,0.0009,0.0004,0.0519,0.0022,0.0679,17.7120,0.0000,0.9321,0.0679,0.0000,0.0000,23.9764,0.0001,0.0001,0.3946,0.0000,-0.3946
task003_symmetric,false,3,3.0000,1.0000,0.7500,1000,0.3135,0.0704,0.6161,0.3106,0.6188,0.0105,0.0003,0.1160,0.7110,0.0021,0.0014,0.0151,0.0008,0.8128,23.5710,0.0000,0.1872,0.8105,0.0000,0.0023,3.0000,0.0015,0.0006,-0.3348,-0.0396,0.3744
task003_symmetric,false,3,3.0000,2.0000,0.7500,1000,0.1937,0.0741,0.7322,0.1934,0.7341,0.0028,0.0000,0.0140,0.9200,0.0023,0.0034,0.0115,0.0006,0.6942,40.2660,0.0000,0.3058,0.6932,0.0000,0.0010,3.0000,0.0033,0.0009,-0.4546,-0.0359,0.4905
task003_symmetric,false,3,3.0000,3.0000,0.7500,1000,0.1650,0.0772,0.7578,0.1655,0.7598,0.0008,0.0000,0.0010,0.9590,0.0024,0.0050,0.0088,0.0006,0.6641,57.7770,0.0000,0.3359,0.6634,0.0000,0.0007,3.0000,0.0012,0.0010,-0.4833,-0.0328,0.5160
task003_symmetric,false,3,3.0000,6.0000,0.7500,1000,0.1420,0.0855,0.7725,0.1419,0.7717,0.0002,0.0000,0.0020,0.9660,0.0023,0.0064,0.0053,0.0006,0.6477,112.7040,0.0000,0.3523,0.6471,0.0000,0.0006,3.0000,0.0034,0.0009,-0.5063,-0.0245,0.5308
task003_symmetric,false,3,3.0000,9.0000,0.7500,1000,0.1338,0.0922,0.7739,0.1342,0.7780,0.0000,0.0000,0.0000,0.9810,0.0028,0.0090,0.0055,0.0005,0.6335,165.3390,0.0000,0.3665,0.6330,0.0000,0.0005,3.0000,0.0029,0.0013,-0.5145,-0.0178,0.5322
task003_symmetric,false,3,6.0000,1.0000,0.7500,1000,0.2612,0.0795,0.6593,0.2623,0.6603,0.0061,0.0002,0.0580,0.7900,0.0021,0.0018,0.0112,0.0008,0.7491,21.7230,0.0000,0.2509,0.7262,0.0000,0.0228,6.0000,0.0015,0.0006,-0.3871,-0.0305,0.4176
task003_symmetric,false,3,6.0000,2.0000,0.7500,1000,0.1928,0.0797,0.7275,0.1923,0.7282,0.0021,0.0000,0.0110,0.9150,0.0024,0.0040,0.0101,0.0006,0.6484,37.6100,0.0000,0.3516,0.6351,0.0000,0.0133,6.0000,0.0007,0.0010,-0.4555,-0.0303,0.4858
task003_symmetric,false,3,6.0000,3.0000,0.7500,1000,0.1741,0.0812,0.7447,0.1734,0.7450,0.0012,0.0001,0.0060,0.9410,0.0023,0.0049,0.0078,0.0006,0.6130,53.3310,0.0000,0.3870,0.6032,0.0000,0.0098,6.0000,0.0005,0.0009,-0.4742,-0.0288,0.5030
task003_symmetric,false,3,6.0000,6.0000,0.7500,1000,0.1552,0.0967,0.7482,0.1547,0.7512,0.0001,0.0000,0.0010,0.9590,0.0022,0.0060,0.0049,0.0006,0.5954,103.6020,0.0000,0.4046,0.5883,0.0000,0.0071,6.0000,0.0011,0.0009,-0.4931,-0.0133,0.5065
task003_symmetric,false,3,6.0000,9.0000,0.7500,1000,0.1457,0.0811,0.7732,0.1437,0.7745,0.0000,0.0000,0.0020,0.9810,0.0029,0.0089,0.0066,0.0005,0.5654,147.5640,0.0000,0.4346,0.5590,0.0000,0.0064,6.0000,0.0000,0.0014,-0.5026,-0.0289,0.5315
task003_symmetric,false,3,12.0000,1.0000,0.7500,1000,0.2576,0.0885,0.6539,0.2542,0.6594,0.0068,0.0001,0.0540,0.8060,0.0021,0.0022,0.0096,0.0007,0.7366,21.3620,0.0000,0.2634,0.6213,0.0000,0.1153,12.0000,0.0007,0.0006,-0.3907,-0.0215,0.4122
task003_symmetric,false,3,12.0000,2.0000,0.7500,1000,0.2095,0.0915,0.6990,0.2092,0.7005,0.0032,0.0000,0.0180,0.8780,0.0024,0.0040,0.0088,0.0006,0.6383,37.0200,0.0000,0.3617,0.5597,0.0000,0.0786,12.0000,0.0016,0.0009,-0.4388,-0.0185,0.4573
task003_symmetric,false,3,12.0000,3.0000,0.7500,1000,0.1836,0.0918,0.7246,0.1826,0.7257,0.0017,0.0000,0.0030,0.9140,0.0023,0.0050,0.0067,0.0006,0.5950,51.7650,0.0000,0.4050,0.5317,0.0000,0.0633,12.0000,0.0002,0.0009,-0.4647,-0.0182,0.4829
task003_symmetric,false,3,12.0000,6.0000,0.7500,1000,0.1651,0.1020,0.7329,0.1627,0.7389,0.0004,0.0000,0.0020,0.9300,0.0024,0.0062,0.0053,0.0006,0.5629,97.9440,0.0000,0.4371,0.5190,0.0000,0.0439,12.0000,0.0005,0.0010,-0.4832,-0.0080,0.4912
task003_symmetric,false,3,12.0000,9.0000,0.7500,1000,0.1535,0.0842,0.7624,0.1535,0.7618,0.0000,0.0000,0.0010,0.9720,0.0030,0.0088,0.0075,0.0006,0.5063,132.1560,0.0000,0.4937,0.4690,0.0000,0.0373,12.0000,0.0020,0.0015,-0.4948,-0.0258,0.5207
task003_symmetric,false,3,24.0000,1.0000,0.7500,1000,0.3160,0.0908,0.5932,0.3134,0.5967,0.0124,0.0001,0.1400,0.6790,0.0022,0.0017,0.0116,0.0008,0.8473,24.5710,0.0000,0.1527,0.4885,0.0000,0.3588,23.9478,0.0006,0.0006,-0.3323,-0.0192,0.3515
task003_symmetric,false,3,24.0000,2.0000,0.7500,1000,0.2228,0.0940,0.6832,0.2187,0.6867,0.0040,0.0001,0.0300,0.8630,0.0027,0.0042,0.0109,0.0007,0.7360,42.6900,0.0000,0.2640,0.4925,0.0000,0.2435,23.9358,0.0011,0.0011,-0.4255,-0.0160,0.4415
task003_symmetric,false,3,24.0000,3.0000,0.7500,1000,0.2109,0.0953,0.6939,0.2082,0.6948,0.0032,0.0000,0.0320,0.8670,0.0024,0.0047,0.0069,0.0006,0.7055,61.3800,0.0000,0.2945,0.4748,0.0000,0.2308,23.9433,0.0009,0.0009,-0.4374,-0.0147,0.4522
task003_symmetric,false,3,24.0000,6.0000,0.7500,1000,0.1668,0.1087,0.7245,0.1673,0.7238,0.0004,0.0000,0.0040,0.9250,0.0021,0.0053,0.0044,0.0006,0.6647,115.6560,0.0000,0.3353,0.5146,0.0000,0.1501,23.9485,0.0008,0.0008,-0.4815,-0.0013,0.4827
task003_symmetric,false,3,24.0000,9.0000,0.7500,1000,0.1502,0.0865,0.7632,0.1506,0.7652,0.0001,0.0000,0.0000,0.9760,0.0030,0.0089,0.0072,0.0005,0.5645,147.3390,0.0000,0.4355,0.4417,0.0000,0.1228,23.9277,0.0015,0.0015,-0.4981,-0.0235,0.5215
task003_symmetric,false,6,3.0000,1.0000,0.7500,1000,0.6730,0.0271,0.3000,0.6712,0.3015,0.3195,0.0055,0.8120,0.1310,0.0008,0.0003,0.0089,0.0011,0.9482,27.4990,0.0000,0.0518,0.9386,0.0000,0.0097,3.0000,0.0007,-0.0001,-0.1720,-0.0115,0.1835
task003_symmetric,false,6,3.0000,2.0000,0.7500,1000,0.5504,0.0346,0.4150,0.5460,0.4193,0.2691,0.0007,0.6100,0.2990,0.0007,0.0003,0.0075,0.0007,0.8739,50.6880,0.0000,0.1261,0.8650,0.0000,0.0090,3.0000,0.0003,-0.0001,-0.2946,-0.0040,0.2986
task003_symmetric,false,6,3.0000,3.0000,0.7500,1000,0.4712,0.0326,0.4962,0.4680,0.4979,0.2200,0.0000,0.4860,0.4280,0.0007,0.0004,0.0071,0.0006,0.8183,71.1930,0.0000,0.1817,0.8111,0.0000,0.0072,3.0000,0.0023,-0.0001,-0.3738,-0.0060,0.3797
task003_symmetric,false,6,3.0000,6.0000,0.7500,1000,0.3192,0.0362,0.6445,0.3154,0.6477,0.0988,0.0000,0.2160,0.6670,0.0007,0.0005,0.0057,0.0005,0.7284,126.7500,0.0000,0.2716,0.7247,0.0000,0.0037,3.0000,0.0014,-0.0001,-0.5257,-0.0023,0.5281
task003_symmetric,false,6,3.0000,9.0000,0.7500,1000,0.2326,0.0270,0.7404,0.2305,0.7408,0.0424,0.0000,0.0810,0.8580,0.0007,0.0007,0.0065,0.0005,0.6640,173.2950,0.0000,0.3360,0.6618,0.0000,0.0021,3.0000,0.0019,-0.0001,-0.6124,-0.0115,0.6240
task003_symmetric,false,6,6.0000,1.0000,0.7500,1000,0.6298,0.0325,0.3376,0.6276,0.3402,0.3047,0.0065,0.7550,0.1850,0.0008,0.0003,0.0074,0.0009,0.9283,26.9200,0.0000,0.0717,0.8217,0.0000,0.1066,6.0000,0.0000,-0.0001,-0.2152,-0.0060,0.2212
task003_symmetric,false,6,6.0000,2.0000,0.7500,1000,0.5192,0.0389,0.4419,0.5224,0.4400,0.2500,0.0015,0.5770,0.3460,0.0007,0.0004,0.0066,0.0007,0.8505,49.3280,0.0000,0.1495,0.7565,0.0000,0.0940,6.0000,0.0002,-0.0001,-0.3258,0.0003,0.3255
task003_symmetric,false,6,6.0000,3.0000,0.7500,1000,0.4564,0.0407,0.5030,0.4548,0.5060,0.2065,0.0002,0.4460,0.4410,0.0007,0.0004,0.0061,0.0006,0.7967,69.3120,0.0000,0.2033,0.7146,0.0000,0.0821,6.0000,0.0011,-0.0001,-0.3886,0.0021,0.3865
task003_symmetric,false,6,6.0000,6.0000,0.7500,1000,0.3142,0.0421,0.6438,0.3127,0.6454,0.0825,0.0000,0.1980,0.6730,0.0007,0.0005,0.0056,0.0005,0.6928,120.5400,0.0000,0.3072,0.6496,0.0000,0.0431,6.0000,0.0002,-0.0001,-0.5308,0.0035,0.5273
task003_symmetric,false,6,6.0000,9.0000,0.7500,1000,0.2590,0.0290,0.7120,0.2546,0.7161,0.0497,0.0000,0.1050,0.7980,0.0008,0.0007,0.0069,0.0005,0.6249,163.0890,0.0000,0.3751,0.5916,0.0000,0.0332,6.0000,-0.0001,-0.0000,-0.5860,-0.0096,0.5956
task003_symmetric,false,6,12.0000,1.0000,0.7500,1000,0.6355,0.0335,0.3310,0.6329,0.3344,0.3090,0.0047,0.7380,0.1980,0.0008,0.0003,0.0072,0.0010,0.9286,26.9290,0.0000,0.0714,0.4504,0.0000,0.4781,12.0000,0.0006,-0.0001,-0.2095,-0.0051,0.2146
task003_symmetric,false,6,12.0000,2.0000,0.7500,1000,0.5358,0.0333,0.4309,0.5328,0.4329,0.2563,0.0007,0.5690,0.3220,0.0007,0.0004,0.0065,0.0007,0.8543,49.5480,0.0000,0.1457,0.4428,0.0000,0.4115,12.0000,0.0006,-0.0001,-0.3092,-0.0052,0.3145
task003_symmetric,false,6,12.0000,3.0000,0.7500,1000,0.5259,0.0408,0.4333,0.5236,0.4352,0.2467,0.0002,0.5790,0.3400,0.0007,0.0004,0.0057,0.0007,0.8321,72.3930,0.0000,0.1679,0.4285,0.0000,0.4036,12.0000,0.0003,-0.0001,-0.3191,0.0022,0.3169
task003_symmetric,false,6,12.0000,6.0000,0.7500,1000,0.3473,0.0419,0.6108,0.3484,0.6102,0.1077,0.0000,0.2310,0.6380,0.0007,0.0005,0.0052,0.0005,0.7098,123.5040,0.0000,0.2902,0.4614,0.0000,0.2484,12.0000,0.0002,-0.0001,-0.4977,0.0033,0.4944
task003_symmetric,false,6,12.0000,9.0000,0.7500,1000,0.2732,0.0300,0.6968,0.2717,0.6976,0.0513,0.0001,0.1190,0.7950,0.0008,0.0007,0.0068,0.0005,0.6115,159.5970,0.0000,0.3885,0.4441,0.0000,0.1674,12.0000,0.0000,-0.0000,-0.5718,-0.0086,0.5804
task003_symmetric,false,6,24.0000,1.0000,0.7500,1000,0.7678,0.0234,0.2089,0.7695,0.2079,0.3699,0.0096,0.8900,0.0890,0.0008,0.0002,0.0101,0.0013,0.9654,27.9980,0.0000,0.0346,0.0984,0.0000,0.8671,23.9811,-0.0001,-0.0001,-0.0772,-0.0152,0.0925
task003_symmetric,false,6,24.0000,2.0000,0.7500,1000,0.6422,0.0234,0.3343,0.6441,0.3332,0.2996,0.0017,0.7460,0.2160,0.0007,0.0003,0.0100,0.0009,0.9116,52.8700,0.0000,0.0884,0.1249,0.0000,0.7867,23.9815,-0.0001,-0.0001,-0.2027,-0.0152,0.2179
task003_symmetric,false,6,24.0000,3.0000,0.7500,1000,0.6394,0.0311,0.3295,0.6340,0.3339,0.3095,0.0000,0.7540,0.2050,0.0007,0.0003,0.0071,0.0009,0.9145,79.5630,0.0000,0.0855,0.1211,0.0000,0.7934,23.9824,-0.0001,-0.0001,-0.2056,-0.0075,0.2131
task003_symmetric,false,6,24.0000,6.0000,0.7500,1000,0.3623,0.0372,0.6005,0.3580,0.6025,0.1177,0.0000,0.2580,0.6240,0.0007,0.0005,0.0057,0.0005,0.7700,133.9800,0.0000,0.2300,0.2265,0.0000,0.5435,23.9822,-0.0001,-0.0001,-0.4827,-0.0013,0.4841
task003_symmetric,false,6,24.0000,9.0000,0.7500,1000,0.2545,0.0332,0.7123,0.2526,0.7142,0.0407,0.0000,0.0820,0.8370,0.0008,0.0007,0.0064,0.0005,0.6436,167.9670,0.0000,0.3564,0.2566,0.0000,0.3869,23.9811,-0.0000,-0.0000,-0.5905,-0.0054,0.5959
task003_symmetric,false,12,3.0000,1.0000,0.7500,1000,0.8906,0.0110,0.0984,0.8900,0.0990,0.7415,0.0070,0.9860,0.0090,0.0007,0.0002,0.0188,0.0029,0.9938,28.8190,0.0000,0.0062,0.9730,0.0000,0.0207,3.0000,-0.0001,-0.0002,-0.0512,-0.0043,0.0555
task003_symmetric,false,12,3.0000,2.0000,0.7500,1000,0.8730,0.0115,0.1155,0.8706,0.1172,0.7462,0.0012,0.9760,0.0200,0.0007,0.0002,0.0172,0.0023,0.9858,57.1780,0.0000,0.0142,0.9618,0.0000,0.0241,3.0000,-0.0012,-0.0001,-0.0689,-0.0037,0.0726
task003_symmetric,false,12,3.0000,3.0000,0.7500,1000,0.8600,0.0105,0.1294,0.8594,0.1293,0.7510,0.0000,0.9650,0.0290,0.0007,0.0002,0.0168,0.0021,0.9782,85.1040,0.0000,0.0218,0.9488,0.0000,0.0294,3.0000,-0.0001,-0.0002,-0.0818,-0.0047,0.0865
task003_symmetric,false,12,3.0000,6.0000,0.7500,1000,0.8345,0.0132,0.1522,0.8322,0.1545,0.7069,0.0000,0.9570,0.0400,0.0007,0.0002,0.0145,0.0018,0.9736,169.3980,0.0000,0.0264,0.9416,0.0000,0.0319,3.0000,-0.0005,-0.0002,-0.1073,-0.0020,0.1093
task003_symmetric,false,12,3.0000,9.0000,0.7500,1000,0.7921,0.0074,0.2005,0.7911,0.2004,0.6502,0.0000,0.9170,0.0710,0.0007,0.0002,0.0196,0.0014,0.9580,250.0380,0.0000,0.0420,0.9210,0.0000,0.0370,3.0000,0.0010,-0.0002,-0.1498,-0.0079,0.1576
task003_symmetric,false,12,6.0000,1.0000,0.7500,1000,0.8745,0.0140,0.1114,0.8748,0.1119,0.7285,0.0063,0.9760,0.0200,0.0007,0.0002,0.0156,0.0026,0.9933,28.8070,0.0000,0.0067,0.7700,0.0000,0.2233,6.0000,-0.0010,-0.0001,-0.0673,-0.0012,0.0685
task003_symmetric,false,12,6.0000,2.0000,0.7500,1000,0.8613,0.0135,0.1253,0.8611,0.1260,0.7363,0.0007,0.9670,0.0220,0.0007,0.0002,0.0153,0.0022,0.9853,57.1500,0.0000,0.0147,0.7385,0.0000,0.2468,6.0000,-0.0010,-0.0001,-0.0805,-0.0018,0.0824
task003_symmetric,false,12,6.0000,3.0000,0.7500,1000,0.8590,0.0130,0.1280,0.8571,0.1298,0.7432,0.0000,0.9650,0.0330,0.0007,0.0002,0.0148,0.0021,0.9758,84.8970,0.0000,0.0242,0.7050,0.0000,0.2708,6.0000,-0.0018,-0.0001,-0.0829,-0.0023,0.0852
task003_symmetric,false,12,6.0000,6.0000,0.7500,1000,0.8353,0.0142,0.1505,0.8337,0.1525,0.7144,0.0000,0.9570,0.0340,0.0007,0.0002,0.0134,0.0018,0.9703,168.8340,0.0000,0.0297,0.6892,0.0000,0.2811,6.0000,-0.0017,-0.0002,-0.1065,-0.0011,0.1076
task003_symmetric,false,12,6.0000,9.0000,0.7500,1000,0.8033,0.0090,0.1878,0.8045,0.1871,0.6727,0.0001,0.9390,0.0520,0.0007,0.0002,0.0194,0.0015,0.9615,250.9560,0.0000,0.0385,0.6608,0.0000,0.3008,6.0000,-0.0001,-0.0002,-0.1386,-0.0063,0.1449
task003_symmetric,false,12,12.0000,1.0000,0.7500,1000,0.8881,0.0100,0.1019,0.8874,0.1019,0.7459,0.0039,0.9760,0.0210,0.0007,0.0002,0.0174,0.0029,0.9907,28.7300,0.0000,0.0093,0.2719,0.0000,0.7188,12.0000,0.0004,-0.0002,-0.0538,-0.0052,0.0590
task003_symmetric,false,12,12.0000,2.0000,0.7500,1000,0.8750,0.0094,0.1155,0.8730,0.1168,0.7456,0.0005,0.9770,0.0180,0.0007,0.0002,0.0191,0.0024,0.9869,57.2400,0.0000,0.0131,0.2488,0.0000,0.7381,12.0000,0.0001,-0.0001,-0.0668,-0.0059,0.0727
task003_symmetric,false,12,12.0000,3.0000,0.7500,1000,0.8718,0.0090,0.1193,0.8714,0.1195,0.7558,0.0000,0.9690,0.0280,0.0007,0.0002,0.0187,0.0023,0.9781,85.0950,0.0000,0.0219,0.2328,0.0000,0.7453,12.0000,0.0003,-0.0002,-0.0701,-0.0063,0.0764
task003_symmetric,false,12,12.0000,6.0000,0.7500,1000,0.8356,0.0094,0.1550,0.8344,0.1554,0.7197,0.0000,0.9400,0.0510,0.0007,0.0002,0.0176,0.0019,0.9663,168.1320,0.0000,0.0337,0.2264,0.0000,0.7398,12.0000,0.0001,-0.0002,-0.1063,-0.0059,0.1122
task003_symmetric,false,12,12.0000,9.0000,0.7500,1000,0.7974,0.0103,0.1923,0.7978,0.1927,0.6562,0.0000,0.9270,0.0660,0.0007,0.0002,0.0172,0.0015,0.9614,250.9200,0.0000,0.0386,0.2293,0.0000,0.7321,12.0000,0.0002,-0.0002,-0.1444,-0.0050,0.1494
task003_symmetric,false,12,24.0000,1.0000,0.7500,1000,0.9253,0.0077,0.0671,0.9242,0.0679,0.7645,0.0040,0.9840,0.0110,0.0007,0.0002,0.0242,0.0038,0.9939,28.8230,0.0000,0.0061,0.0299,0.0000,0.9640,23.9818,-0.0001,-0.0001,-0.0166,-0.0076,0.0242
task003_symmetric,false,12,24.0000,2.0000,0.7500,1000,0.9039,0.0060,0.0901,0.9034,0.0912,0.7570,0.0015,0.9810,0.0150,0.0007,0.0002,0.0292,0.0029,0.9912,57.4880,0.0000,0.0088,0.0257,0.0000,0.9654,23.9822,-0.0001,-0.0001,-0.0380,-0.0093,0.0472
task003_symmetric,false,12,24.0000,3.0000,0.7500,1000,0.9022,0.0052,0.0925,0.9034,0.0921,0.7833,0.0000,0.9770,0.0190,0.0007,0.0002,0.0285,0.0029,0.9861,85.7910,0.0000,0.0139,0.0244,0.0000,0.9617,23.9836,-0.0002,-0.0002,-0.0396,-0.0101,0.0497
task003_symmetric,false,12,24.0000,6.0000,0.7500,1000,0.8598,0.0067,0.1335,0.8589,0.1340,0.7569,0.0000,0.9600,0.0350,0.0007,0.0002,0.0214,0.0021,0.9803,170.5680,0.0000,0.0197,0.0288,0.0000,0.9514,23.9837,-0.0002,-0.0002,-0.0821,-0.0086,0.0907
task003_symmetric,false,12,24.0000,9.0000,0.7500,1000,0.7980,0.0110,0.1910,0.7962,0.1925,0.6542,0.0000,0.9360,0.0490,0.0007,0.0002,0.0155,0.0015,0.9748,254.4300,0.0000,0.0252,0.0341,0.0000,0.9408,23.9838,-0.0002,-0.0002,-0.1438,-0.0043,0.1481
task003_symmetric,false,3,3.0000,1.0000,1.0000,1000,0.9998,0.0000,0.0002,0.9998,0.0001,0.9986,0.5324,1.0000,0.0000,0.0008,0.0002,0.0161,0.0050,0.9898,28.7030,0.0000,0.0102,0.9461,0.0000,0.0437,3.0000,0.0000,-0.0001,-0.0001,-0.0000,0.0002
task003_symmetric,false,3,3.0000,2.0000,1.0000,1000,0.9998,0.0000,0.0002,0.9998,0.0002,0.9985,0.4523,1.0000,0.0000,0.0008,0.0002,0.0164,0.0037,0.9820,56.9540,0.0000,0.0180,0.9270,0.0000,0.0550,3.0000,0.0012,-0.0001,-0.0002,-0.0000,0.0002
task003_symmetric,false,3,3.0000,3.0000,1.0000,1000,0.9998,0.0000,0.0002,0.9998,0.0002,0.9988,0.3900,1.0000,0.0000,0.0008,0.0002,0.0159,0.0032,0.9754,84.8610,0.0000,0.0246,0.9098,0.0000,0.0656,3.0000,-0.0004,-0.0001,-0.0002,-0.0000,0.0002
task003_symmetric,false,3,3.0000,6.0000,1.0000,1000,0.9997,0.0000,0.0003,0.9997,0.0003,0.9989,0.4041,1.0000,0.0000,0.0008,0.0002,0.0125,0.0028,0.9735,169.3920,0.0000,0.0265,0.9071,0.0000,0.0664,3.0000,0.0013,-0.0001,-0.0003,-0.0000,0.0003
task003_symmetric,false,3,3.0000,9.0000,1.0000,1000,0.9991,0.0000,0.0009,0.9992,0.0008,0.9972,0.4069,1.0000,0.0000,0.0008,0.0002,0.0120,0.0024,0.9680,252.6390,0.0000,0.0320,0.9027,0.0000,0.0652,3.0000,-0.0008,-0.0001,-0.0008,-0.0000,0.0009
task003_symmetric,false,3,6.0000,1.0000,1.0000,1000,0.9999,0.0000,0.0000,0.9999,0.0000,0.9992,0.5631,1.0000,0.0000,0.0008,0.0002,0.0151,0.0047,0.9930,28.7970,0.0000,0.0070,0.6897,0.0000,0.3033,6.0000,0.0001,-0.0001,-0.0000,0.0000,0.0000
task003_symmetric,false,3,6.0000,2.0000,1.0000,1000,0.9997,0.0000,0.0003,0.9997,0.0002,0.9985,0.4582,1.0000,0.0000,0.0008,0.0002,0.0150,0.0035,0.9837,57.0540,0.0000,0.0163,0.6479,0.0000,0.3358,6.0000,-0.0002,-0.0001,-0.0003,0.0000,0.0003
task003_symmetric,false,3,6.0000,3.0000,1.0000,1000,0.9999,0.0000,0.0001,0.9998,0.0002,0.9988,0.3987,1.0000,0.0000,0.0008,0.0002,0.0151,0.0031,0.9782,85.1010,0.0000,0.0218,0.6159,0.0000,0.3622,6.0000,-0.0005,-0.0001,-0.0001,-0.0000,0.0001
task003_symmetric,false,3,6.0000,6.0000,1.0000,1000,0.9996,0.0000,0.0004,0.9997,0.0003,0.9990,0.4597,1.0000,0.0000,0.0008,0.0002,0.0120,0.0027,0.9739,169.4640,0.0000,0.0261,0.6249,0.0000,0.3491,6.0000,0.0007,-0.0001,-0.0004,0.0000,0.0004
task003_symmetric,false,3,6.0000,9.0000,1.0000,1000,0.9992,0.0000,0.0008,0.9991,0.0009,0.9972,0.4357,1.0000,0.0000,0.0008,0.0002,0.0120,0.0023,0.9687,252.8280,0.0000,0.0313,0.6239,0.0000,0.3448,6.0000,-0.0006,-0.0001,-0.0007,-0.0000,0.0008
task003_symmetric,false,3,12.0000,1.0000,1.0000,1000,0.9999,0.0001,0.0000,0.9999,0.0000,0.9985,0.5759,1.0000,0.0000,0.0008,0.0002,0.0143,0.0045,0.9933,28.8060,0.0000,0.0067,0.3001,0.0000,0.6932,12.0000,0.0001,-0.0002,-0.0001,0.0001,0.0000
task003_symmetric,false,3,12.0000,2.0000,1.0000,1000,0.9997,0.0001,0.0002,0.9998,0.0001,0.9981,0.4822,1.0000,0.0000,0.0008,0.0002,0.0144,0.0035,0.9854,57.1540,0.0000,0.0146,0.2880,0.0000,0.6974,12.0000,0.0002,-0.0001,-0.0003,0.0001,0.0002
task003_symmetric,false,3,12.0000,3.0000,1.0000,1000,0.9998,0.0000,0.0002,0.9999,0.0001,0.9990,0.4037,1.0000,0.0000,0.0008,0.0002,0.0151,0.0031,0.9808,85.3320,0.0000,0.0192,0.2745,0.0000,0.7063,12.0000,0.0000,-0.0001,-0.0001,-0.0000,0.0002
task003_symmetric,false,3,12.0000,6.0000,1.0000,1000,0.9996,0.0000,0.0004,0.9996,0.0004,0.9987,0.4271,1.0000,0.0000,0.0008,0.0002,0.0123,0.0028,0.9787,170.2920,0.0000,0.0213,0.2938,0.0000,0.6849,12.0000,0.0001,-0.0001,-0.0003,-0.0000,0.0004
task003_symmetric,false,3,12.0000,9.0000,1.0000,1000,0.9989,0.0000,0.0011,0.9990,0.0010,0.9970,0.4261,1.0000,0.0000,0.0008,0.0002,0.0123,0.0023,0.9728,253.8990,0.0000,0.0272,0.3133,0.0000,0.6594,12.0000,-0.0002,-0.0001,-0.0011,-0.0000,0.0011
task003_symmetric,false,3,24.0000,1.0000,1.0000,1000,0.9999,0.0000,0.0001,0.9999,0.0001,0.9989,0.5311,1.0000,0.0000,0.0008,0.0002,0.0163,0.0049,0.9979,28.9400,0.0000,0.0021,0.0727,0.0000,0.9253,23.9799,-0.0001,-0.0001,-0.0000,-0.0000,0.0001
task003_symmetric,false,3,24.0000,2.0000,1.0000,1000,0.9998,0.0000,0.0002,0.9997,0.0002,0.9983,0.4517,1.0000,0.0000,0.0008,0.0002,0.0167,0.0037,0.9932,57.6080,0.0000,0.0068,0.0803,0.0000,0.9129,23.9799,-0.0001,-0.0001,-0.0001,-0.0000,0.0002
task003_symmetric,false,3,24.0000,3.0000,1.0000,1000,0.9999,0.0000,0.0001,0.9999,0.0001,0.9989,0.3026,1.0000,0.0000,0.0008,0.0002,0.0166,0.0035,0.9917,86.2770,0.0000,0.0083,0.0779,0.0000,0.9138,23.9801,-0.0001,-0.0001,-0.0000,-0.0000,0.0001
task003_symmetric,false,3,24.0000,6.0000,1.0000,1000,0.9996,0.0000,0.0004,0.9995,0.0005,0.9986,0.3037,1.0000,0.0000,0.0008,0.0002,0.0132,0.0030,0.9927,172.7340,0.0000,0.0073,0.0871,0.0000,0.9056,23.9802,-0.0001,-0.0001,-0.0003,-0.0000,0.0004
task003_symmetric,false,3,24.0000,9.0000,1.0000,1000,0.9990,0.0001,0.0010,0.9989,0.0011,0.9971,0.3578,1.0000,0.0000,0.0008,0.0002,0.0118,0.0024,0.9883,257.9400,0.0000,0.0117,0.1010,0.0000,0.8873,23.9802,-0.0001,-0.0001,-0.0010,0.0000,0.0010
task003_symmetric,false,6,3.0000,1.0000,1.0000,1000,1.0000,0.0000,0.0000,1.0000,0.0000,0.9998,0.5913,1.0000,0.0000,0.0007,0.0002,0.0289,0.0102,0.9967,28.9040,0.0000,0.0033,0.9491,0.0000,0.0476,3.0000,-0.0004,-0.0001,0.0000,0.0000,0.0000
task003_symmetric,false,6,3.0000,2.0000,1.0000,1000,1.0000,0.0000,0.0000,1.0000,0.0000,0.9998,0.5255,1.0000,0.0000,0.0007,0.0002,0.0286,0.0080,0.9950,57.7080,0.0000,0.0050,0.9313,0.0000,0.0637,3.0000,-0.0012,-0.0001,-0.0000,0.0000,0.0000
task003_symmetric,false,6,3.0000,3.0000,1.0000,1000,1.0000,0.0000,0.0000,1.0000,0.0000,0.9999,0.4696,1.0000,0.0000,0.0007,0.0002,0.0292,0.0066,0.9914,86.2500,0.0000,0.0086,0.9099,0.0000,0.0814,3.0000,-0.0006,-0.0001,-0.0000,0.0000,0.0000
task003_symmetric,false,6,3.0000,6.0000,1.0000,1000,1.0000,0.0000,0.0000,1.0000,0.0000,1.0000,0.4869,1.0000,0.0000,0.0007,0.0002,0.0254,0.0057,0.9915,172.5240,0.0000,0.0085,0.9025,0.0000,0.0890,3.0000,-0.0007,-0.0001,0.0000,0.0000,0.0000
task003_symmetric,false,6,3.0000,9.0000,1.0000,1000,1.0000,0.0000,0.0000,1.0000,0.0000,1.0000,0.5195,1.0000,0.0000,0.0007,0.0002,0.0235,0.0052,0.9906,258.5430,0.0000,0.0094,0.8927,0.0000,0.0979,3.0000,0.0006,-0.0001,-0.0000,0.0000,0.0000
task003_symmetric,false,6,6.0000,1.0000,1.0000,1000,1.0000,0.0000,0.0000,1.0000,0.0000,0.9999,0.6311,1.0000,0.0000,0.0007,0.0002,0.0269,0.0099,0.9975,28.9270,0.0000,0.0025,0.6418,0.0000,0.3557,6.0000,-0.0000,-0.0001,0.0000,0.0000,0.0000
task003_symmetric,false,6,6.0000,2.0000,1.0000,1000,1.0000,0.0000,0.0000,1.0000,0.0000,0.9999,0.5522,1.0000,0.0000,0.0007,0.0002,0.0264,0.0074,0.9941,57.6560,0.0000,0.0059,0.6016,0.0000,0.3924,6.0000,-0.0001,-0.0001,0.0000,0.0000,0.0000
task003_symmetric,false,6,6.0000,3.0000,1.0000,1000,1.0000,0.0000,0.0000,1.0000,0.0000,1.0000,0.4859,1.0000,0.0000,0.0007,0.0002,0.0279,0.0065,0.9914,86.2560,0.0000,0.0086,0.5363,0.0000,0.4551,6.0000,-0.0004,-0.0001,-0.0000,0.0000,0.0000
task003_symmetric,false,6,6.0000,6.0000,1.0000,1000,1.0000,0.0000,0.0000,1.0000,0.0000,1.0000,0.5327,1.0000,0.0000,0.0007,0.0002,0.0250,0.0054,0.9894,172.1520,0.0000,0.0106,0.5527,0.0000,0.4367,6.0000,-0.0006,-0.0001,0.0000,0.0000,0.0000
task003_symmetric,false,6,6.0000,9.0000,1.0000,1000,1.0000,0.0000,0.0000,1.0000,0.0000,1.0000,0.5525,1.0000,0.0000,0.0007,0.0002,0.0236,0.0048,0.9889,258.1110,0.0000,0.0111,0.5478,0.0000,0.4411,6.0000,-0.0005,-0.0001,-0.0000,0.0000,0.0000
task003_symmetric,false,6,12.0000,1.0000,1.0000,1000,1.0000,0.0000,0.0000,0.9999,0.0001,0.9997,0.6291,1.0000,0.0000,0.0007,0.0002,0.0269,0.0096,0.9980,28.9420,0.0000,0.0020,0.2207,0.0000,0.7773,12.0000,-0.0001,-0.0001,-0.0000,0.0000,0.0000
task003_symmetric,false,6,12.0000,2.0000,1.0000,1000,1.0000,0.0000,0.0000,1.0000,0.0000,0.9997,0.5592,1.0000,0.0000,0.0007,0.0002,0.0266,0.0075,0.9950,57.7080,0.0000,0.0050,0.1984,0.0000,0.7966,12.0000,-0.0001,-0.0001,-0.0000,0.0000,0.0000
task003_symmetric,false,6,12.0000,3.0000,1.0000,1000,1.0000,0.0000,0.0000,1.0000,0.0000,1.0000,0.4423,1.0000,0.0000,0.0007,0.0002,0.0279,0.0070,0.9927,86.3640,0.0000,0.0073,0.1699,0.0000,0.8228,12.0000,0.0000,-0.0001,0.0000,0.0000,0.0000
task003_symmetric,false,6,12.0000,6.0000,1.0000,1000,1.0000,0.0000,0.0000,1.0000,0.0000,1.0000,0.4933,1.0000,0.0000,0.0007,0.0002,0.0253,0.0058,0.9908,172.3980,0.0000,0.0092,0.2324,0.0000,0.7584,12.0000,0.0002,-0.0001,0.0000,0.0000,0.0000
task003_symmetric,false,6,12.0000,9.0000,1.0000,1000,1.0000,0.0000,0.0000,1.0000,0.0000,1.0000,0.5241,1.0000,0.0000,0.0007,0.0002,0.0235,0.0051,0.9908,258.5970,0.0000,0.0092,0.2206,0.0000,0.7702,12.0000,0.0001,-0.0001,0.0000,0.0000,0.0000
task003_symmetric,false,6,24.0000,1.0000,1.0000,1000,1.0000,0.0000,0.0000,1.0000,0.0000,0.9998,0.5774,1.0000,0.0000,0.0007,0.0002,0.0296,0.0103,0.9993,28.9790,0.0000,0.0007,0.0313,0.0000,0.9680,23.9834,-0.0001,-0.0001,0.0000,0.0000,0.0000
task003_symmetric,false,6,24.0000,2.0000,1.0000,1000,1.0000,0.0000,0.0000,1.0000,0.0000,0.9996,0.5125,1.0000,0.0000,0.0007,0.0002,0.0302,0.0082,0.9973,57.8420,0.0000,0.0027,0.0285,0.0000,0.9688,23.9835,-0.0001,-0.0001,-0.0000,0.0000,0.0000
task003_symmetric,false,6,24.0000,3.0000,1.0000,1000,1.0000,0.0000,0.0000,1.0000,0.0000,1.0000,0.3460,1.0000,0.0000,0.0007,0.0002,0.0311,0.0080,0.9971,86.7450,0.0000,0.0029,0.0266,0.0000,0.9704,23.9836,-0.0001,-0.0001,0.0000,0.0000,0.0000
task003_symmetric,false,6,24.0000,6.0000,1.0000,1000,1.0000,0.0000,0.0000,1.0000,0.0000,1.0000,0.3727,1.0000,0.0000,0.0007,0.0002,0.0272,0.0064,0.9966,173.4000,0.0000,0.0034,0.0442,0.0000,0.9524,23.9836,-0.0001,-0.0001,0.0000,0.0000,0.0000
task003_symmetric,false,6,24.0000,9.0000,1.0000,1000,1.0000,0.0000,0.0000,1.0000,0.0000,1.0000,0.4760,1.0000,0.0000,0.0007,0.0002,0.0234,0.0054,0.9950,259.7040,0.0000,0.0050,0.0477,0.0000,0.9473,23.9836,-0.0001,-0.0001,0.0000,0.0000,0.0000
task003_symmetric,false,12,3.0000,1.0000,1.0000,1000,1.0000,0.0000,0.0000,1.0000,0.0000,0.9999,0.6280,1.0000,0.0000,0.0007,0.0002,0.0523,0.0238,0.9987,28.9620,0.0000,0.0013,0.9482,0.0000,0.0505,3.0000,-0.0002,-0.0002,0.0000,0.0000,0.0000
task003_symmetric,false,12,3.0000,2.0000,1.0000,1000,1.0000,0.0000,0.0000,1.0000,0.0000,0.9999,0.5591,1.0000,0.0000,0.0007,0.0002,0.0534,0.0210,0.9981,57.8920,0.0000,0.0019,0.9352,0.0000,0.0629,3.0000,-0.0004,-0.0002,0.0000,0.0000,0.0000
task003_symmetric,false,12,3.0000,3.0000,1.0000,1000,1.0000,0.0000,0.0000,1.0000,0.0000,1.0000,0.5123,1.0000,0.0000,0.0007,0.0002,0.0553,0.0187,0.9975,86.7840,0.0000,0.0025,0.9199,0.0000,0.0777,3.0000,-0.0004,-0.0002,0.0000,0.0000,0.0000
task003_symmetric,false,12,3.0000,6.0000,1.0000,1000,1.0000,0.0000,0.0000,1.0000,0.0000,1.0000,0.5127,1.0000,0.0000,0.0007,0.0002,0.0537,0.0175,0.9972,173.5140,0.0000,0.0028,0.9093,0.0000,0.0879,3.0000,-0.0006,-0.0002,0.0000,0.0000,0.0000
task003_symmetric,false,12,3.0000,9.0000,1.0000,1000,1.0000,0.0000,0.0000,1.0000,0.0000,1.0000,0.5549,1.0000,0.0000,0.0007,0.0002,0.0523,0.0157,0.9971,260.2530,0.0000,0.0029,0.9009,0.0000,0.0963,3.0000,-0.0003,-0.0002,-0.0000,0.0000,0.0000
task003_symmetric,false,12,6.0000,1.0000,1.0000,1000,1.0000,0.0000,0.0000,1.0000,0.0000,0.9996,0.6683,1.0000,0.0000,0.0007,0.0002,0.0502,0.0232,0.9993,28.9800,0.0000,0.0007,0.6365,0.0000,0.3628,6.0000,-0.0003,-0.0002,0.0000,0.0000,0.0000
task003_symmetric,false,12,6.0000,2.0000,1.0000,1000,1.0000,0.0000,0.0000,1.0000,0.0000,0.9999,0.6000,1.0000,0.0000,0.0007,0.0002,0.0504,0.0204,0.9986,57.9200,0.0000,0.0014,0.5887,0.0000,0.4100,6.0000,-0.0002,-0.0002,0.0000,0.0000,0.0000
task003_symmetric,false,12,6.0000,3.0000,1.0000,1000,1.0000,0.0000,0.0000,1.0000,0.0000,0.9999,0.5236,1.0000,0.0000,0.0007,0.0002,0.0530,0.0185,0.9978,86.8080,0.0000,0.0022,0.5296,0.0000,0.4682,6.0000,-0.0002,-0.0002,0.0000,0.0000,0.0000
task003_symmetric,false,12,6.0000,6.0000,1.0000,1000,1.0000,0.0000,0.0000,1.0000,0.0000,1.0000,0.5505,1.0000,0.0000,0.0007,0.0002,0.0518,0.0166,0.9973,173.5260,0.0000,0.0027,0.5473,0.0000,0.4500,6.0000,-0.0000,-0.0002,0.0000,0.0000,0.0000
task003_symmetric,false,12,6.0000,9.0000,1.0000,1000,1.0000,0.0000,0.0000,1.0000,0.0000,1.0000,0.5785,1.0000,0.0000,0.0007,0.0002,0.0516,0.0151,0.9971,260.2440,0.0000,0.0029,0.5390,0.0000,0.4581,6.0000,-0.0002,-0.0002,0.0000,0.0000,0.0000
task003_symmetric,false,12,12.0000,1.0000,1.0000,1000,1.0000,0.0000,0.0000,1.0000,0.0000,0.9999,0.6582,1.0000,0.0000,0.0007,0.0002,0.0502,0.0230,0.9990,28.9710,0.0000,0.0010,0.1884,0.0000,0.8106,12.0000,-0.0000,-0.0002,0.0000,0.0000,0.0000
task003_symmetric,false,12,12.0000,2.0000,1.0000,1000,1.0000,0.0000,0.0000,1.0000,0.0000,0.9998,0.5985,1.0000,0.0000,0.0007,0.0002,0.0504,0.0206,0.9984,57.9100,0.0000,0.0016,0.1636,0.0000,0.8349,12.0000,-0.0000,-0.0002,0.0000,0.0000,0.0000
task003_symmetric,false,12,12.0000,3.0000,1.0000,1000,1.0000,0.0000,0.0000,1.0000,0.0000,0.9998,0.5112,1.0000,0.0000,0.0007,0.0002,0.0533,0.0193,0.9978,86.8110,0.0000,0.0022,0.1370,0.0000,0.8608,12.0000,-0.0000,-0.0002,0.0000,0.0000,0.0000
task003_symmetric,false,12,12.0000,6.0000,1.0000,1000,1.0000,0.0000,0.0000,1.0000,0.0000,1.0000,0.5228,1.0000,0.0000,0.0007,0.0002,0.0533,0.0175,0.9976,173.5740,0.0000,0.0024,0.2113,0.0000,0.7862,12.0000,0.0001,-0.0002,0.0000,0.0000,0.0000
task003_symmetric,false,12,12.0000,9.0000,1.0000,1000,1.0000,0.0000,0.0000,1.0000,0.0000,1.0000,0.5585,1.0000,0.0000,0.0007,0.0002,0.0518,0.0156,0.9974,260.3250,0.0000,0.0026,0.2025,0.0000,0.7949,12.0000,-0.0000,-0.0002,0.0000,0.0000,0.0000
task003_symmetric,false,12,24.0000,1.0000,1.0000,1000,1.0000,0.0000,0.0000,1.0000,0.0000,0.9998,0.5748,1.0000,0.0000,0.0007,0.0002,0.0540,0.0239,0.9995,28.9850,0.0000,0.0005,0.0127,0.0000,0.9868,23.9837,-0.0002,-0.0002,0.0000,0.0000,0.0000
task003_symmetric,false,12,24.0000,2.0000,1.0000,1000,1.0000,0.0000,0.0000,1.0000,0.0000,0.9995,0.5268,1.0000,0.0000,0.0007,0.0002,0.0547,0.0214,0.9990,57.9440,0.0000,0.0010,0.0127,0.0000,0.9863,23.9838,-0.0002,-0.0002,0.0000,0.0000,0.0000
task003_symmetric,false,12,24.0000,3.0000,1.0000,1000,1.0000,0.0000,0.0000,1.0000,0.0000,0.9999,0.4270,1.0000,0.0000,0.0007,0.0002,0.0574,0.0211,0.9986,86.8800,0.0000,0.0014,0.0098,0.0000,0.9888,23.9838,-0.0002,-0.0002,0.0000,0.0000,0.0000
task003_symmetric,false,12,24.0000,6.0000,1.0000,1000,1.0000,0.0000,0.0000,1.0000,0.0000,1.0000,0.4257,1.0000,0.0000,0.0007,0.0002,0.0550,0.0194,0.9984,173.7180,0.0000,0.0016,0.0284,0.0000,0.9700,23.9838,-0.0002,-0.0002,0.0000,0.0000,0.0000
task003_symmetric,false,12,24.0000,9.0000,1.0000,1000,1.0000,0.0000,0.0000,1.0000,0.0000,1.0000,0.5107,1.0000,0.0000,0.0007,0.0002,0.0519,0.0166,0.9981,260.4960,0.0000,0.0019,0.0331,0.0000,0.9650,23.9838,-0.0002,-0.0002,0.0000,0.0000,0.0000
task003_symmetric,silent,3,,,0.7500,1000,0.6483,0.1100,0.2417,0.6461,0.2409,0.0152,0.0152,0.8290,0.0390,0.0024,0.0004,0.0087,0.0044,,,,,,,,,,,0.0000,0.0000,0.0000
task003_symmetric,silent,6,,,0.7500,1000,0.8450,0.0386,0.1164,0.8421,0.1188,0.2746,0.2746,0.9860,0.0040,0.0009,0.0002,0.0071,0.0029,,,,,,,,,,,0.0000,0.0000,0.0000
task003_symmetric,silent,12,,,0.7500,1000,0.9418,0.0153,0.0429,0.9403,0.0441,0.7071,0.7071,1.0000,0.0000,0.0008,0.0002,0.0147,0.0067,,,,,,,,,,,0.0000,0.0000,0.0000
task003_symmetric,silent,3,,,1.0000,1000,1.0000,0.0000,0.0000,0.9999,0.0001,0.9988,0.9988,1.0000,0.0000,0.0008,0.0002,0.0123,0.0079,,,,,,,,,,,0.0000,0.0000,0.0000
task003_symmetric,silent,6,,,1.0000,1000,1.0000,0.0000,0.0000,1.0000,0.0000,0.9998,0.9998,1.0000,0.0000,0.0007,0.0002,0.0236,0.0131,,,,,,,,,,,0.0000,0.0000,0.0000
task003_symmetric,silent,12,,,1.0000,1000,1.0000,0.0000,0.0000,1.0000,0.0000,0.9999,0.9999,1.0000,0.0000,0.0007,0.0002,0.0476,0.0279,,,,,,,,,,,0.0000,0.0000,0.0000
task003_symmetric,truth,3,3.0000,1.0000,0.7500,1000,0.8390,0.0604,0.1006,0.8385,0.1015,0.0946,0.0002,0.9980,0.0000,0.0028,0.0002,0.0186,0.0094,0.4769,13.8290,0.0000,0.5231,0.4769,0.0000,0.0000,3.0000,0.0004,0.0018,0.1907,-0.0496,-0.1411
task003_symmetric,truth,3,3.0000,2.0000,0.7500,1000,0.8644,0.0621,0.0735,0.8639,0.0719,0.1016,0.0000,1.0000,0.0000,0.0030,0.0002,0.0168,0.0157,0.4201,24.3660,0.0000,0.5799,0.4201,0.0000,0.0000,3.0000,-0.0003,0.0020,0.2161,-0.0479,-0.1682
task003_symmetric,truth,3,3.0000,3.0000,0.7500,1000,0.8630,0.0699,0.0672,0.8635,0.0668,0.1041,0.0000,1.0000,0.0000,0.0031,0.0002,0.0148,0.0199,0.4034,35.0970,0.0000,0.5966,0.4034,0.0000,0.0000,3.0000,0.0027,0.0022,0.2147,-0.0401,-0.1745
task003_symmetric,truth,3,3.0000,6.0000,0.7500,1000,0.8594,0.0701,0.0705,0.8587,0.0691,0.0757,0.0000,0.9990,0.0000,0.0045,0.0002,0.0165,0.0324,0.4161,72.3960,0.0000,0.5839,0.4161,0.0000,0.0000,3.0000,0.0017,0.0033,0.2111,-0.0399,-0.1712
task003_symmetric,truth,3,3.0000,9.0000,0.7500,1000,0.8479,0.0870,0.0651,0.8503,0.0657,0.0540,0.0000,0.9990,0.0000,0.0048,0.0002,0.0115,0.0394,0.4318,112.6980,0.0000,0.5682,0.4318,0.0000,0.0000,3.0000,0.0026,0.0035,0.1996,-0.0230,-0.1766
task003_symmetric,truth,3,6.0000,1.0000,0.7500,1000,0.8373,0.0658,0.0970,0.8375,0.0951,0.0995,0.0000,0.9990,0.0000,0.0026,0.0002,0.0148,0.0099,0.3480,10.0910,0.0138,0.6382,0.3480,0.0000,0.0000,6.0000,0.0022,0.0017,0.1890,-0.0442,-0.1447
task003_symmetric,truth,3,6.0000,2.0000,0.7500,1000,0.8462,0.0731,0.0807,0.8455,0.0811,0.0976,0.0001,0.9980,0.0000,0.0028,0.0002,0.0124,0.0153,0.3036,17.6100,0.0088,0.6876,0.3036,0.0000,0.0000,6.0000,0.0029,0.0019,0.1979,-0.0369,-0.1610
task003_symmetric,truth,3,6.0000,3.0000,0.7500,1000,0.8480,0.0741,0.0779,0.8450,0.0800,0.0983,0.0000,0.9980,0.0000,0.0032,0.0002,0.0128,0.0190,0.3027,26.3310,0.0070,0.6903,0.3027,0.0000,0.0000,6.0000,0.0021,0.0022,0.1997,-0.0359,-0.1638
task003_symmetric,truth,3,6.0000,6.0000,0.7500,1000,0.8442,0.0746,0.0812,0.8438,0.0808,0.0659,0.0000,0.9990,0.0000,0.0041,0.0002,0.0133,0.0262,0.3089,53.7420,0.0040,0.6872,0.3089,0.0000,0.0000,6.0000,0.0043,0.0029,0.1959,-0.0354,-0.1605
task003_symmetric,truth,3,6.0000,9.0000,0.7500,1000,0.8417,0.0807,0.0777,0.8400,0.0766,0.0609,0.0000,1.0000,0.0000,0.0043,0.0002,0.0111,0.0310,0.3086,80.5500,0.0032,0.6882,0.3086,0.0000,0.0000,6.0000,0.0032,0.0031,0.1934,-0.0293,-0.1640
task003_symmetric,truth,3,12.0000,1.0000,0.7500,1000,0.8193,0.0730,0.1076,0.8178,0.1086,0.0963,0.0005,0.9980,0.0000,0.0027,0.0003,0.0124,0.0100,0.2326,6.7450,0.2946,0.4728,0.2326,0.0000,0.0000,12.0000,0.0017,0.0017,0.1710,-0.0370,-0.1341
task003_symmetric,truth,3,12.0000,2.0000,0.7500,1000,0.8224,0.0718,0.1058,0.8215,0.1052,0.0935,0.0002,0.9990,0.0000,0.0029,0.0002,0.0131,0.0125,0.2060,11.9480,0.3135,0.4805,0.2060,0.0000,0.0000,12.0000,0.0013,0.0019,0.1741,-0.0382,-0.1359
task003_symmetric,truth,3,12.0000,3.0000,0.7500,1000,0.8192,0.0747,0.1060,0.8192,0.1068,0.0875,0.0001,0.9970,0.0010,0.0033,0.0002,0.0142,0.0147,0.1997,17.3760,0.3044,0.4958,0.1997,0.0000,0.0000,12.0000,0.0017,0.0022,0.1709,-0.0353,-0.1357
task003_symmetric,truth,3,12.0000,6.0000,0.7500,1000,0.8289,0.0722,0.0989,0.8256,0.0992,0.0740,0.0001,0.9990,0.0000,0.0038,0.0002,0.0131,0.0196,0.2065,35.9340,0.2574,0.5361,0.2065,0.0000,0.0000,12.0000,0.0027,0.0026,0.1806,-0.0378,-0.1428
task003_symmetric,truth,3,12.0000,9.0000,0.7500,1000,0.8259,0.0814,0.0927,0.8254,0.0920,0.0668,0.0001,0.9980,0.0000,0.0037,0.0002,0.0103,0.0226,0.2038,53.1810,0.2494,0.5469,0.2038,0.0000,0.0000,12.0000,0.0024,0.0026,0.1776,-0.0286,-0.1490
task003_symmetric,truth,3,24.0000,1.0000,0.7500,1000,0.7830,0.0772,0.1398,0.7833,0.1394,0.0864,0.0028,0.9880,0.0010,0.0026,0.0003,0.0119,0.0077,0.1239,3.5940,0.7783,0.0978,0.1239,0.0000,0.0000,23.9345,0.0016,0.0016,0.1348,-0.0328,-0.1019
task003_symmetric,truth,3,24.0000,2.0000,0.7500,1000,0.7883,0.0742,0.1376,0.7854,0.1392,0.0897,0.0021,0.9900,0.0010,0.0027,0.0003,0.0127,0.0083,0.1019,5.9080,0.8155,0.0827,0.1019,0.0000,0.0000,23.9321,0.0017,0.0017,0.1400,-0.0358,-0.1041
task003_symmetric,truth,3,24.0000,3.0000,0.7500,1000,0.7885,0.0750,0.1364,0.7877,0.1368,0.0878,0.0026,0.9910,0.0010,0.0030,0.0003,0.0140,0.0094,0.1020,8.8710,0.8061,0.0919,0.1020,0.0000,0.0000,23.9257,0.0019,0.0019,0.1402,-0.0350,-0.1053
task003_symmetric,truth,3,24.0000,6.0000,0.7500,1000,0.8010,0.0735,0.1255,0.8003,0.1250,0.0663,0.0019,0.9920,0.0010,0.0031,0.0002,0.0125,0.0116,0.1154,20.0760,0.7466,0.1381,0.1154,0.0000,0.0000,23.9245,0.0020,0.0020,0.1527,-0.0365,-0.1162
task003_symmetric,truth,3,24.0000,9.0000,0.7500,1000,0.8025,0.0840,0.1136,0.8014,0.1160,0.0664,0.0019,0.9930,0.0000,0.0031,0.0002,0.0102,0.0139,0.1056,27.5580,0.7704,0.1240,0.1056,0.0000,0.0000,23.9229,0.0020,0.0020,0.1542,-0.0260,-0.1281
task003_symmetric,truth,6,3.0000,1.0000,0.7500,1000,0.9383,0.0187,0.0431,0.9398,0.0422,0.5525,0.0015,1.0000,0.0000,0.0010,0.0002,0.0152,0.0071,0.2270,6.5830,0.0000,0.7730,0.2270,0.0000,0.0000,3.0000,0.0001,0.0006,0.0933,-0.0199,-0.0733
task003_symmetric,truth,6,3.0000,2.0000,0.7500,1000,0.9559,0.0183,0.0258,0.9562,0.0266,0.5620,0.0015,1.0000,0.0000,0.0009,0.0002,0.0144,0.0094,0.1820,10.5560,0.0000,0.8180,0.1820,0.0000,0.0000,3.0000,0.0001,0.0005,0.1109,-0.0203,-0.0906
task003_symmetric,truth,6,3.0000,3.0000,0.7500,1000,0.9606,0.0168,0.0226,0.9598,0.0227,0.5602,0.0011,1.0000,0.0000,0.0009,0.0002,0.0128,0.0113,0.1658,14.4240,0.0000,0.8342,0.1658,0.0000,0.0000,3.0000,0.0002,0.0005,0.1156,-0.0217,-0.0938
task003_symmetric,truth,6,3.0000,6.0000,0.7500,1000,0.9587,0.0184,0.0229,0.9587,0.0230,0.5511,0.0003,1.0000,0.0000,0.0010,0.0002,0.0134,0.0127,0.1624,28.2540,0.0000,0.8376,0.1624,0.0000,0.0000,3.0000,0.0008,0.0005,0.1137,-0.0202,-0.0935
task003_symmetric,truth,6,3.0000,9.0000,0.7500,1000,0.9612,0.0191,0.0197,0.9603,0.0211,0.5401,0.0004,1.0000,0.0000,0.0009,0.0002,0.0113,0.0121,0.1678,43.7850,0.0000,0.8322,0.1678,0.0000,0.0000,3.0000,-0.0001,0.0005,0.1162,-0.0195,-0.0967
task003_symmetric,truth,6,6.0000,1.0000,0.7500,1000,0.9353,0.0190,0.0457,0.9352,0.0451,0.5381,0.0189,1.0000,0.0000,0.0010,0.0002,0.0127,0.0068,0.1183,3.4320,0.0420,0.8396,0.1183,0.0000,0.0000,6.0000,0.0015,0.0005,0.0903,-0.0196,-0.0707
task003_symmetric,truth,6,6.0000,2.0000,0.7500,1000,0.9443,0.0183,0.0374,0.9441,0.0364,0.5479,0.0081,1.0000,0.0000,0.0010,0.0002,0.0134,0.0079,0.0937,5.4360,0.0338,0.8724,0.0937,0.0000,0.0000,6.0000,0.0009,0.0005,0.0993,-0.0203,-0.0790
task003_symmetric,truth,6,6.0000,3.0000,0.7500,1000,0.9457,0.0195,0.0348,0.9468,0.0337,0.5497,0.0048,1.0000,0.0000,0.0010,0.0002,0.0132,0.0096,0.0847,7.3710,0.0291,0.8862,0.0847,0.0000,0.0000,6.0000,0.0007,0.0006,0.1008,-0.0191,-0.0817
task003_symmetric,truth,6,6.0000,6.0000,0.7500,1000,0.9450,0.0212,0.0338,0.9458,0.0333,0.5380,0.0047,1.0000,0.0000,0.0010,0.0002,0.0113,0.0099,0.0840,14.6220,0.0252,0.8908,0.0840,0.0000,0.0000,6.0000,0.0012,0.0005,0.1000,-0.0174,-0.0827
task003_symmetric,truth,6,6.0000,9.0000,0.7500,1000,0.9483,0.0217,0.0301,0.9481,0.0304,0.5361,0.0026,1.0000,0.0000,0.0010,0.0002,0.0111,0.0106,0.0806,21.0330,0.0182,0.9012,0.0806,0.0000,0.0000,6.0000,0.0014,0.0005,0.1033,-0.0169,-0.0863
task003_symmetric,truth,6,12.0000,1.0000,0.7500,1000,0.9207,0.0244,0.0549,0.9176,0.0569,0.4796,0.0710,1.0000,0.0000,0.0010,0.0002,0.0104,0.0057,0.0636,1.8430,0.4572,0.4792,0.0636,0.0000,0.0000,12.0000,0.0002,0.0005,0.0757,-0.0142,-0.0615
task003_symmetric,truth,6,12.0000,2.0000,0.7500,1000,0.9227,0.0236,0.0537,0.9245,0.0529,0.5145,0.0405,1.0000,0.0000,0.0009,0.0002,0.0112,0.0065,0.0489,2.8360,0.5202,0.4309,0.0489,0.0000,0.0000,12.0000,0.0006,0.0005,0.0777,-0.0150,-0.0627
task003_symmetric,truth,6,12.0000,3.0000,0.7500,1000,0.9265,0.0225,0.0510,0.9265,0.0507,0.5278,0.0286,1.0000,0.0000,0.0010,0.0002,0.0118,0.0073,0.0460,4.0020,0.5355,0.4185,0.0460,0.0000,0.0000,12.0000,0.0003,0.0005,0.0815,-0.0161,-0.0654
task003_symmetric,truth,6,12.0000,6.0000,0.7500,1000,0.9265,0.0240,0.0495,0.9274,0.0492,0.5199,0.0302,1.0000,0.0000,0.0010,0.0002,0.0116,0.0075,0.0459,7.9920,0.5089,0.4452,0.0459,0.0000,0.0000,12.0000,0.0004,0.0005,0.0815,-0.0146,-0.0669
task003_symmetric,truth,6,12.0000,9.0000,0.7500,1000,0.9338,0.0232,0.0430,0.9334,0.0431,0.5104,0.0265,1.0000,0.0000,0.0010,0.0002,0.0106,0.0089,0.0437,11.4030,0.4894,0.4669,0.0437,0.0000,0.0000,12.0000,0.0003,0.0005,0.0888,-0.0154,-0.0734
task003_symmetric,truth,6,24.0000,1.0000,0.7500,1000,0.8822,0.0335,0.0844,0.8803,0.0864,0.3729,0.2030,0.9980,0.0000,0.0009,0.0002,0.0085,0.0042,0.0208,0.6020,0.9413,0.0380,0.0208,0.0000,0.0000,23.9757,0.0005,0.0005,0.0372,-0.0051,-0.0320
task003_symmetric,truth,6,24.0000,2.0000,0.7500,1000,0.8881,0.0293,0.0826,0.8869,0.0827,0.4113,0.1863,0.9990,0.0000,0.0009,0.0002,0.0090,0.0042,0.0183,1.0600,0.9569,0.0248,0.0183,0.0000,0.0000,23.9765,0.0005,0.0005,0.0431,-0.0092,-0.0338
task003_symmetric,truth,6,24.0000,3.0000,0.7500,1000,0.8903,0.0285,0.0811,0.8882,0.0823,0.4133,0.1819,0.9990,0.0000,0.0010,0.0002,0.0096,0.0043,0.0178,1.5510,0.9574,0.0248,0.0178,0.0000,0.0000,23.9756,0.0005,0.0005,0.0453,-0.0100,-0.0353
task003_symmetric,truth,6,24.0000,6.0000,0.7500,1000,0.8893,0.0315,0.0793,0.8889,0.0806,0.4031,0.1833,0.9990,0.0000,0.0009,0.0002,0.0089,0.0043,0.0181,3.1440,0.9544,0.0276,0.0181,0.0000,0.0000,23.9768,0.0004,0.0004,0.0443,-0.0071,-0.0372
task003_symmetric,truth,6,24.0000,9.0000,0.7500,1000,0.8946,0.0308,0.0746,0.8935,0.0757,0.4052,0.1819,0.9990,0.0000,0.0010,0.0002,0.0090,0.0049,0.0178,4.6440,0.9586,0.0236,0.0178,0.0000,0.0000,23.9761,0.0005,0.0005,0.0496,-0.0077,-0.0418
task003_symmetric,truth,12,3.0000,1.0000,0.7500,1000,0.9680,0.0096,0.0224,0.9685,0.0219,0.8089,0.0311,1.0000,0.0000,0.0009,0.0002,0.0266,0.0124,0.1219,3.5360,0.0000,0.8781,0.1219,0.0000,0.0000,3.0000,0.0015,0.0006,0.0262,-0.0057,-0.0205
task003_symmetric,truth,12,3.0000,2.0000,0.7500,1000,0.9754,0.0092,0.0154,0.9754,0.0159,0.8065,0.0143,1.0000,0.0000,0.0009,0.0002,0.0260,0.0161,0.1059,6.1400,0.0000,0.8941,0.1059,0.0000,0.0000,3.0000,-0.0000,0.0006,0.0335,-0.0061,-0.0275
task003_symmetric,truth,12,3.0000,3.0000,0.7500,1000,0.9797,0.0077,0.0126,0.9785,0.0122,0.8021,0.0145,1.0000,0.0000,0.0009,0.0002,0.0246,0.0183,0.0917,7.9800,0.0000,0.9083,0.0917,0.0000,0.0000,3.0000,0.0009,0.0005,0.0379,-0.0076,-0.0303
task003_symmetric,truth,12,3.0000,6.0000,0.7500,1000,0.9814,0.0082,0.0104,0.9815,0.0106,0.8091,0.0173,1.0000,0.0000,0.0008,0.0002,0.0249,0.0207,0.0821,14.2800,0.0000,0.9179,0.0821,0.0000,0.0000,3.0000,-0.0002,0.0005,0.0395,-0.0071,-0.0325
task003_symmetric,truth,12,3.0000,9.0000,0.7500,1000,0.9820,0.0082,0.0099,0.9822,0.0101,0.8087,0.0145,1.0000,0.0000,0.0008,0.0002,0.0246,0.0203,0.0765,19.9710,0.0000,0.9235,0.0765,0.0000,0.0000,3.0000,0.0013,0.0005,0.0401,-0.0071,-0.0330
task003_symmetric,truth,12,6.0000,1.0000,0.7500,1000,0.9623,0.0122,0.0255,0.9602,0.0280,0.7709,0.2676,1.0000,0.0000,0.0009,0.0002,0.0193,0.0105,0.0496,1.4370,0.0416,0.9089,0.0496,0.0000,0.0000,6.0000,0.0007,0.0005,0.0204,-0.0031,-0.0173
task003_symmetric,truth,12,6.0000,2.0000,0.7500,1000,0.9664,0.0135,0.0200,0.9652,0.0226,0.7782,0.1849,1.0000,0.0000,0.0008,0.0002,0.0197,0.0116,0.0416,2.4120,0.0416,0.9169,0.0416,0.0000,0.0000,6.0000,0.0011,0.0005,0.0246,-0.0017,-0.0228
task003_symmetric,truth,12,6.0000,3.0000,0.7500,1000,0.9685,0.0115,0.0200,0.9674,0.0216,0.7867,0.1437,1.0000,0.0000,0.0009,0.0002,0.0210,0.0134,0.0383,3.3300,0.0343,0.9274,0.0383,0.0000,0.0000,6.0000,0.0011,0.0005,0.0266,-0.0038,-0.0228
task003_symmetric,truth,12,6.0000,6.0000,0.7500,1000,0.9704,0.0120,0.0177,0.9690,0.0198,0.7925,0.1384,1.0000,0.0000,0.0009,0.0002,0.0203,0.0145,0.0374,6.5160,0.0274,0.9351,0.0374,0.0000,0.0000,6.0000,0.0012,0.0005,0.0285,-0.0033,-0.0252
task003_symmetric,truth,12,6.0000,9.0000,0.7500,1000,0.9721,0.0110,0.0169,0.9716,0.0179,0.7887,0.1298,1.0000,0.0000,0.0008,0.0002,0.0209,0.0149,0.0348,9.0810,0.0226,0.9427,0.0348,0.0000,0.0000,6.0000,0.0013,0.0005,0.0302,-0.0042,-0.0260
task003_symmetric,truth,12,12.0000,1.0000,0.7500,1000,0.9536,0.0135,0.0329,0.9526,0.0332,0.7461,0.4988,1.0000,0.0000,0.0009,0.0002,0.0171,0.0089,0.0202,0.5870,0.4690,0.5108,0.0202,0.0000,0.0000,12.0000,0.0003,0.0005,0.0118,-0.0018,-0.0100
task003_symmetric,truth,12,12.0000,2.0000,0.7500,1000,0.9562,0.0125,0.0312,0.9548,0.0318,0.7601,0.3977,1.0000,0.0000,0.0009,0.0002,0.0190,0.0096,0.0184,1.0660,0.4905,0.4911,0.0184,0.0000,0.0000,12.0000,0.0004,0.0005,0.0144,-0.0027,-0.0116
task003_symmetric,truth,12,12.0000,3.0000,0.7500,1000,0.9582,0.0124,0.0294,0.9570,0.0299,0.7678,0.3719,1.0000,0.0000,0.0009,0.0002,0.0188,0.0107,0.0182,1.5840,0.4988,0.4830,0.0182,0.0000,0.0000,12.0000,0.0004,0.0005,0.0164,-0.0029,-0.0135
task003_symmetric,truth,12,12.0000,6.0000,0.7500,1000,0.9585,0.0128,0.0287,0.9572,0.0293,0.7670,0.3653,1.0000,0.0000,0.0009,0.0002,0.0185,0.0107,0.0182,3.1620,0.4872,0.4946,0.0182,0.0000,0.0000,12.0000,0.0001,0.0005,0.0167,-0.0025,-0.0142
task003_symmetric,truth,12,12.0000,9.0000,0.7500,1000,0.9607,0.0128,0.0265,0.9603,0.0268,0.7615,0.3680,1.0000,0.0000,0.0008,0.0002,0.0179,0.0111,0.0177,4.6170,0.4516,0.5308,0.0177,0.0000,0.0000,12.0000,0.0002,0.0005,0.0189,-0.0025,-0.0164
task003_symmetric,truth,12,24.0000,1.0000,0.7500,1000,0.9468,0.0156,0.0376,0.9465,0.0384,0.7296,0.6487,1.0000,0.0000,0.0008,0.0002,0.0159,0.0076,0.0053,0.1530,0.9882,0.0066,0.0053,0.0000,0.0000,23.9786,0.0005,0.0005,0.0050,0.0003,-0.0053
task003_symmetric,truth,12,24.0000,2.0000,0.7500,1000,0.9475,0.0152,0.0373,0.9472,0.0381,0.7338,0.6224,1.0000,0.0000,0.0008,0.0002,0.0168,0.0079,0.0051,0.2980,0.9890,0.0058,0.0051,0.0000,0.0000,23.9783,0.0005,0.0005,0.0057,-0.0001,-0.0056
task003_symmetric,truth,12,24.0000,3.0000,0.7500,1000,0.9488,0.0148,0.0364,0.9474,0.0377,0.7355,0.6197,1.0000,0.0000,0.0008,0.0002,0.0162,0.0080,0.0050,0.4350,0.9895,0.0055,0.0050,0.0000,0.0000,23.9784,0.0005,0.0005,0.0070,-0.0005,-0.0065
task003_symmetric,truth,12,24.0000,6.0000,0.7500,1000,0.9483,0.0152,0.0365,0.9475,0.0377,0.7322,0.6200,1.0000,0.0000,0.0008,0.0002,0.0162,0.0080,0.0050,0.8760,0.9884,0.0066,0.0050,0.0000,0.0000,23.9785,0.0005,0.0005,0.0065,-0.0001,-0.0064
task003_symmetric,truth,12,24.0000,9.0000,0.7500,1000,0.9492,0.0152,0.0356,0.9483,0.0368,0.7312,0.6210,1.0000,0.0000,0.0008,0.0002,0.0156,0.0082,0.0050,1.3050,0.9877,0.0073,0.0050,0.0000,0.0000,23.9789,0.0005,0.0005,0.0073,-0.0001,-0.0073
task003_symmetric,truth,3,3.0000,1.0000,1.0000,1000,0.9999,0.0000,0.0001,0.9999,0.0000,0.9991,0.4178,1.0000,0.0000,0.0008,0.0002,0.0166,0.0116,0.1101,3.1920,0.0000,0.8899,0.1101,0.0000,0.0000,3.0000,0.0007,0.0003,-0.0000,-0.0000,0.0001
task003_symmetric,truth,3,3.0000,2.0000,1.0000,1000,1.0000,0.0000,0.0000,1.0000,0.0000,0.9992,0.5083,1.0000,0.0000,0.0008,0.0002,0.0167,0.0140,0.0983,5.7020,0.0000,0.9017,0.0983,0.0000,0.0000,3.0000,-0.0003,0.0003,0.0000,-0.0000,0.0000
task003_symmetric,truth,3,3.0000,3.0000,1.0000,1000,1.0000,0.0000,0.0000,1.0000,0.0000,0.9994,0.6140,1.0000,0.0000,0.0008,0.0002,0.0173,0.0145,0.0911,7.9260,0.0000,0.9089,0.0911,0.0000,0.0000,3.0000,0.0011,0.0003,0.0000,-0.0000,0.0000
task003_symmetric,truth,3,3.0000,6.0000,1.0000,1000,1.0000,0.0000,0.0000,1.0000,0.0000,0.9999,0.7103,1.0000,0.0000,0.0008,0.0002,0.0157,0.0148,0.0970,16.8780,0.0000,0.9030,0.0970,0.0000,0.0000,3.0000,0.0009,0.0003,0.0000,-0.0000,0.0000
task003_symmetric,truth,3,3.0000,9.0000,1.0000,1000,1.0000,0.0000,0.0000,1.0000,0.0000,0.9999,0.6906,1.0000,0.0000,0.0008,0.0002,0.0148,0.0148,0.1015,26.4870,0.0000,0.8985,0.1015,0.0000,0.0000,3.0000,0.0002,0.0003,0.0000,-0.0000,0.0000
task003_symmetric,truth,3,6.0000,1.0000,1.0000,1000,0.9999,0.0000,0.0001,0.9999,0.0000,0.9988,0.5158,1.0000,0.0000,0.0008,0.0002,0.0156,0.0116,0.0850,2.4640,0.0369,0.8782,0.0850,0.0000,0.0000,6.0000,0.0004,0.0003,-0.0000,-0.0000,0.0001
task003_symmetric,truth,3,6.0000,2.0000,1.0000,1000,1.0000,0.0000,0.0000,1.0000,0.0000,0.9995,0.5620,1.0000,0.0000,0.0008,0.0002,0.0160,0.0137,0.0758,4.3960,0.0234,0.9008,0.0758,0.0000,0.0000,6.0000,0.0003,0.0003,0.0000,0.0000,0.0000
task003_symmetric,truth,3,6.0000,3.0000,1.0000,1000,1.0000,0.0000,0.0000,1.0000,0.0000,0.9995,0.6238,1.0000,0.0000,0.0008,0.0002,0.0160,0.0143,0.0749,6.5190,0.0173,0.9078,0.0749,0.0000,0.0000,6.0000,-0.0001,0.0003,0.0000,-0.0000,0.0000
task003_symmetric,truth,3,6.0000,6.0000,1.0000,1000,1.0000,0.0000,0.0000,1.0000,0.0000,0.9997,0.6718,1.0000,0.0000,0.0008,0.0002,0.0154,0.0137,0.0768,13.3620,0.0129,0.9103,0.0768,0.0000,0.0000,6.0000,0.0004,0.0003,0.0000,-0.0000,0.0000
task003_symmetric,truth,3,6.0000,9.0000,1.0000,1000,1.0000,0.0000,0.0000,1.0000,0.0000,0.9997,0.6593,1.0000,0.0000,0.0008,0.0002,0.0145,0.0147,0.0772,20.1600,0.0091,0.9137,0.0772,0.0000,0.0000,6.0000,0.0004,0.0003,0.0000,-0.0000,0.0000
task003_symmetric,truth,3,12.0000,1.0000,1.0000,1000,0.9998,0.0000,0.0001,0.9999,0.0000,0.9988,0.5966,1.0000,0.0000,0.0008,0.0002,0.0142,0.0109,0.0673,1.9510,0.3251,0.6076,0.0673,0.0000,0.0000,12.0000,0.0000,0.0003,-0.0001,0.0000,0.0001
task003_symmetric,truth,3,12.0000,2.0000,1.0000,1000,1.0000,0.0000,0.0000,1.0000,0.0000,0.9995,0.5676,1.0000,0.0000,0.0008,0.0002,0.0153,0.0124,0.0604,3.5040,0.3368,0.6028,0.0604,0.0000,0.0000,12.0000,-0.0000,0.0003,0.0000,-0.0000,0.0000
task003_symmetric,truth,3,12.0000,3.0000,1.0000,1000,1.0000,0.0000,0.0000,1.0000,0.0000,0.9992,0.5912,1.0000,0.0000,0.0008,0.0002,0.0156,0.0125,0.0596,5.1810,0.3402,0.6003,0.0596,0.0000,0.0000,12.0000,0.0002,0.0003,0.0000,0.0000,0.0000
task003_symmetric,truth,3,12.0000,6.0000,1.0000,1000,1.0000,0.0000,0.0000,1.0000,0.0000,0.9991,0.5961,1.0000,0.0000,0.0008,0.0002,0.0146,0.0124,0.0621,10.8120,0.3065,0.6314,0.0621,0.0000,0.0000,12.0000,0.0001,0.0003,0.0000,0.0000,0.0000
task003_symmetric,truth,3,12.0000,9.0000,1.0000,1000,1.0000,0.0000,0.0000,1.0000,0.0000,0.9994,0.6481,1.0000,0.0000,0.0008,0.0002,0.0144,0.0134,0.0621,16.2000,0.2594,0.6785,0.0621,0.0000,0.0000,12.0000,-0.0001,0.0003,0.0000,-0.0000,0.0000
task003_symmetric,truth,3,24.0000,1.0000,1.0000,1000,0.9999,0.0000,0.0000,0.9999,0.0000,0.9986,0.7308,1.0000,0.0000,0.0008,0.0002,0.0134,0.0097,0.0313,0.9070,0.7849,0.1839,0.0313,0.0000,0.0000,23.9794,0.0003,0.0003,-0.0000,0.0000,0.0000
task003_symmetric,truth,3,24.0000,2.0000,1.0000,1000,1.0000,0.0000,0.0000,1.0000,0.0000,0.9994,0.7117,1.0000,0.0000,0.0008,0.0002,0.0137,0.0102,0.0285,1.6520,0.8101,0.1614,0.0285,0.0000,0.0000,23.9795,0.0003,0.0003,0.0000,0.0000,0.0000
task003_symmetric,truth,3,24.0000,3.0000,1.0000,1000,1.0000,0.0000,0.0000,1.0000,0.0000,0.9993,0.7262,1.0000,0.0000,0.0008,0.0002,0.0141,0.0103,0.0288,2.5020,0.8165,0.1548,0.0288,0.0000,0.0000,23.9792,0.0003,0.0003,0.0000,-0.0000,0.0000
task003_symmetric,truth,3,24.0000,6.0000,1.0000,1000,1.0000,0.0000,0.0000,0.9999,0.0000,0.9988,0.7262,1.0000,0.0000,0.0008,0.0002,0.0135,0.0103,0.0298,5.1780,0.7738,0.1965,0.0298,0.0000,0.0000,23.9793,0.0003,0.0003,0.0000,0.0000,0.0000
task003_symmetric,truth,3,24.0000,9.0000,1.0000,1000,1.0000,0.0000,0.0000,1.0000,0.0000,0.9994,0.8050,1.0000,0.0000,0.0008,0.0002,0.0132,0.0107,0.0287,7.4970,0.8017,0.1696,0.0287,0.0000,0.0000,23.9793,0.0003,0.0003,0.0000,0.0000,0.0000
task003_symmetric,truth,6,3.0000,1.0000,1.0000,1000,1.0000,0.0000,0.0000,1.0000,0.0000,0.9998,0.5525,1.0000,0.0000,0.0007,0.0002,0.0279,0.0183,0.0532,1.5430,0.0000,0.9468,0.0532,0.0000,0.0000,3.0000,0.0004,0.0002,0.0000,0.0000,0.0000
task003_symmetric,truth,6,3.0000,2.0000,1.0000,1000,1.0000,0.0000,0.0000,1.0000,0.0000,0.9998,0.6119,1.0000,0.0000,0.0007,0.0002,0.0295,0.0198,0.0488,2.8300,0.0000,0.9512,0.0488,0.0000,0.0000,3.0000,0.0003,0.0002,0.0000,0.0000,0.0000
task003_symmetric,truth,6,3.0000,3.0000,1.0000,1000,1.0000,0.0000,0.0000,1.0000,0.0000,0.9999,0.7077,1.0000,0.0000,0.0007,0.0002,0.0298,0.0211,0.0461,4.0080,0.0000,0.9539,0.0461,0.0000,0.0000,3.0000,0.0002,0.0002,0.0000,0.0000,0.0000
task003_symmetric,truth,6,3.0000,6.0000,1.0000,1000,1.0000,0.0000,0.0000,1.0000,0.0000,1.0000,0.9124,1.0000,0.0000,0.0007,0.0002,0.0290,0.0208,0.0465,8.0940,0.0000,0.9535,0.0465,0.0000,0.0000,3.0000,0.0004,0.0002,0.0000,0.0000,0.0000
task003_symmetric,truth,6,3.0000,9.0000,1.0000,1000,1.0000,0.0000,0.0000,1.0000,0.0000,1.0000,0.9025,1.0000,0.0000,0.0007,0.0002,0.0270,0.0202,0.0499,13.0230,0.0000,0.9501,0.0499,0.0000,0.0000,3.0000,0.0003,0.0002,0.0000,0.0000,0.0000
task003_symmetric,truth,6,6.0000,1.0000,1.0000,1000,1.0000,0.0000,0.0000,1.0000,0.0000,0.9998,0.6394,1.0000,0.0000,0.0007,0.0002,0.0264,0.0176,0.0422,1.2230,0.0446,0.9132,0.0422,0.0000,0.0000,6.0000,0.0004,0.0002,0.0000,0.0000,0.0000
task003_symmetric,truth,6,6.0000,2.0000,1.0000,1000,1.0000,0.0000,0.0000,1.0000,0.0000,0.9999,0.6491,1.0000,0.0000,0.0007,0.0002,0.0279,0.0196,0.0374,2.1680,0.0299,0.9327,0.0374,0.0000,0.0000,6.0000,0.0004,0.0002,0.0000,0.0000,0.0000
task003_symmetric,truth,6,6.0000,3.0000,1.0000,1000,1.0000,0.0000,0.0000,1.0000,0.0000,0.9999,0.7078,1.0000,0.0000,0.0007,0.0002,0.0287,0.0203,0.0361,3.1410,0.0215,0.9424,0.0361,0.0000,0.0000,6.0000,0.0003,0.0002,0.0000,0.0000,0.0000
task003_symmetric,truth,6,6.0000,6.0000,1.0000,1000,1.0000,0.0000,0.0000,1.0000,0.0000,0.9999,0.8145,1.0000,0.0000,0.0007,0.0002,0.0276,0.0198,0.0366,6.3600,0.0167,0.9467,0.0366,0.0000,0.0000,6.0000,0.0005,0.0002,0.0000,0.0000,0.0000
task003_symmetric,truth,6,6.0000,9.0000,1.0000,1000,1.0000,0.0000,0.0000,1.0000,0.0000,0.9999,0.8544,1.0000,0.0000,0.0007,0.0002,0.0266,0.0198,0.0377,9.8460,0.0090,0.9533,0.0377,0.0000,0.0000,6.0000,0.0003,0.0002,0.0000,0.0000,0.0000
task003_symmetric,truth,6,12.0000,1.0000,1.0000,1000,1.0000,0.0000,0.0000,1.0000,0.0000,0.9998,0.6944,1.0000,0.0000,0.0007,0.0002,0.0257,0.0171,0.0323,0.9360,0.4101,0.5576,0.0323,0.0000,0.0000,12.0000,0.0001,0.0002,0.0000,0.0000,0.0000
task003_symmetric,truth,6,12.0000,2.0000,1.0000,1000,1.0000,0.0000,0.0000,1.0000,0.0000,0.9997,0.6770,1.0000,0.0000,0.0007,0.0002,0.0268,0.0187,0.0297,1.7220,0.3986,0.5718,0.0297,0.0000,0.0000,12.0000,0.0001,0.0002,0.0000,0.0000,0.0000
task003_symmetric,truth,6,12.0000,3.0000,1.0000,1000,1.0000,0.0000,0.0000,1.0000,0.0000,0.9999,0.7132,1.0000,0.0000,0.0007,0.0002,0.0277,0.0188,0.0288,2.5050,0.3883,0.5829,0.0288,0.0000,0.0000,12.0000,0.0000,0.0002,0.0000,0.0000,0.0000
task003_symmetric,truth,6,12.0000,6.0000,1.0000,1000,1.0000,0.0000,0.0000,1.0000,0.0000,0.9999,0.7255,1.0000,0.0000,0.0007,0.0002,0.0266,0.0185,0.0298,5.1900,0.3371,0.6330,0.0298,0.0000,0.0000,12.0000,0.0000,0.0002,0.0000,0.0000,0.0000
task003_symmetric,truth,6,12.0000,9.0000,1.0000,1000,1.0000,0.0000,0.0000,1.0000,0.0000,0.9998,0.8478,1.0000,0.0000,0.0007,0.0002,0.0259,0.0193,0.0288,7.5150,0.2783,0.6929,0.0288,0.0000,0.0000,12.0000,-0.0000,0.0002,0.0000,0.0000,0.0000
task003_symmetric,truth,6,24.0000,1.0000,1.0000,1000,1.0000,0.0000,0.0000,1.0000,0.0000,0.9998,0.8684,1.0000,0.0000,0.0007,0.0002,0.0241,0.0150,0.0103,0.3000,0.8500,0.1396,0.0103,0.0000,0.0000,23.9832,0.0003,0.0003,0.0000,0.0000,0.0000
task003_symmetric,truth,6,24.0000,2.0000,1.0000,1000,1.0000,0.0000,0.0000,1.0000,0.0000,0.9998,0.8575,1.0000,0.0000,0.0007,0.0002,0.0245,0.0154,0.0103,0.5960,0.8580,0.1317,0.0103,0.0000,0.0000,23.9832,0.0003,0.0003,-0.0000,0.0000,0.0000
task003_symmetric,truth,6,24.0000,3.0000,1.0000,1000,1.0000,0.0000,0.0000,1.0000,0.0000,0.9999,0.8625,1.0000,0.0000,0.0007,0.0002,0.0245,0.0153,0.0101,0.8790,0.8631,0.1268,0.0101,0.0000,0.0000,23.9832,0.0003,0.0003,0.0000,0.0000,0.0000
task003_symmetric,truth,6,24.0000,6.0000,1.0000,1000,1.0000,0.0000,0.0000,1.0000,0.0000,0.9998,0.8450,1.0000,0.0000,0.0007,0.0002,0.0244,0.0153,0.0101,1.7520,0.8310,0.1590,0.0101,0.0000,0.0000,23.9832,0.0003,0.0003,0.0000,0.0000,0.0000
task003_symmetric,truth,6,24.0000,9.0000,1.0000,1000,1.0000,0.0000,0.0000,1.0000,0.0000,0.9998,0.9301,1.0000,0.0000,0.0007,0.0002,0.0243,0.0156,0.0099,2.5920,0.8529,0.1371,0.0099,0.0000,0.0000,23.9832,0.0003,0.0003,0.0000,0.0000,0.0000
task003_symmetric,truth,12,3.0000,1.0000,1.0000,1000,1.0000,0.0000,0.0000,1.0000,0.0000,0.9999,0.6607,1.0000,0.0000,0.0007,0.0002,0.0503,0.0331,0.0294,0.8520,0.0000,0.9706,0.0294,0.0000,0.0000,3.0000,0.0004,0.0003,0.0000,0.0000,0.0000
task003_symmetric,truth,12,3.0000,2.0000,1.0000,1000,1.0000,0.0000,0.0000,1.0000,0.0000,1.0000,0.6574,1.0000,0.0000,0.0007,0.0002,0.0523,0.0352,0.0268,1.5540,0.0000,0.9732,0.0268,0.0000,0.0000,3.0000,0.0007,0.0003,0.0000,0.0000,0.0000
task003_symmetric,truth,12,3.0000,3.0000,1.0000,1000,1.0000,0.0000,0.0000,1.0000,0.0000,0.9999,0.7332,1.0000,0.0000,0.0007,0.0002,0.0532,0.0363,0.0261,2.2740,0.0000,0.9739,0.0261,0.0000,0.0000,3.0000,0.0006,0.0003,0.0000,0.0000,0.0000
task003_symmetric,truth,12,3.0000,6.0000,1.0000,1000,1.0000,0.0000,0.0000,1.0000,0.0000,0.9999,0.9304,1.0000,0.0000,0.0007,0.0002,0.0535,0.0369,0.0256,4.4580,0.0000,0.9744,0.0256,0.0000,0.0000,3.0000,0.0005,0.0003,0.0000,0.0000,0.0000
task003_symmetric,truth,12,3.0000,9.0000,1.0000,1000,1.0000,0.0000,0.0000,1.0000,0.0000,1.0000,0.9492,1.0000,0.0000,0.0007,0.0002,0.0539,0.0365,0.0260,6.7770,0.0000,0.9740,0.0260,0.0000,0.0000,3.0000,0.0005,0.0003,0.0000,0.0000,0.0000
task003_symmetric,truth,12,6.0000,1.0000,1.0000,1000,1.0000,0.0000,0.0000,1.0000,0.0000,1.0000,0.7555,1.0000,0.0000,0.0007,0.0002,0.0489,0.0327,0.0210,0.6100,0.0277,0.9513,0.0210,0.0000,0.0000,6.0000,0.0004,0.0003,0.0000,0.0000,0.0000
task003_symmetric,truth,12,6.0000,2.0000,1.0000,1000,1.0000,0.0000,0.0000,1.0000,0.0000,0.9999,0.7301,1.0000,0.0000,0.0007,0.0002,0.0505,0.0350,0.0200,1.1600,0.0211,0.9589,0.0200,0.0000,0.0000,6.0000,0.0004,0.0003,0.0000,0.0000,0.0000
task003_symmetric,truth,12,6.0000,3.0000,1.0000,1000,1.0000,0.0000,0.0000,1.0000,0.0000,0.9999,0.7757,1.0000,0.0000,0.0007,0.0002,0.0506,0.0357,0.0196,1.7040,0.0142,0.9662,0.0196,0.0000,0.0000,6.0000,0.0005,0.0003,0.0000,0.0000,0.0000
task003_symmetric,truth,12,6.0000,6.0000,1.0000,1000,1.0000,0.0000,0.0000,1.0000,0.0000,0.9998,0.8571,1.0000,0.0000,0.0007,0.0002,0.0511,0.0361,0.0194,3.3840,0.0110,0.9696,0.0194,0.0000,0.0000,6.0000,0.0005,0.0003,0.0000,0.0000,0.0000
task003_symmetric,truth,12,6.0000,9.0000,1.0000,1000,1.0000,0.0000,0.0000,1.0000,0.0000,0.9999,0.9121,1.0000,0.0000,0.0007,0.0002,0.0521,0.0359,0.0194,5.0670,0.0073,0.9732,0.0194,0.0000,0.0000,6.0000,0.0005,0.0003,0.0000,0.0000,0.0000
task003_symmetric,truth,12,12.0000,1.0000,1.0000,1000,1.0000,0.0000,0.0000,1.0000,0.0000,1.0000,0.8272,1.0000,0.0000,0.0007,0.0002,0.0489,0.0318,0.0155,0.4490,0.4254,0.5591,0.0155,0.0000,0.0000,12.0000,0.0003,0.0003,0.0000,0.0000,0.0000
task003_symmetric,truth,12,12.0000,2.0000,1.0000,1000,1.0000,0.0000,0.0000,1.0000,0.0000,0.9999,0.7815,1.0000,0.0000,0.0007,0.0002,0.0503,0.0341,0.0150,0.8680,0.4200,0.5651,0.0150,0.0000,0.0000,12.0000,0.0002,0.0003,0.0000,0.0000,0.0000
task003_symmetric,truth,12,12.0000,3.0000,1.0000,1000,1.0000,0.0000,0.0000,1.0000,0.0000,0.9999,0.7930,1.0000,0.0000,0.0007,0.0002,0.0511,0.0345,0.0148,1.2900,0.4106,0.5746,0.0148,0.0000,0.0000,12.0000,0.0002,0.0003,0.0000,0.0000,0.0000
task003_symmetric,truth,12,12.0000,6.0000,1.0000,1000,1.0000,0.0000,0.0000,1.0000,0.0000,0.9998,0.8048,1.0000,0.0000,0.0007,0.0002,0.0506,0.0344,0.0149,2.5860,0.3720,0.6131,0.0149,0.0000,0.0000,12.0000,0.0003,0.0003,0.0000,0.0000,0.0000
task003_symmetric,truth,12,12.0000,9.0000,1.0000,1000,1.0000,0.0000,0.0000,1.0000,0.0000,1.0000,0.9265,1.0000,0.0000,0.0007,0.0002,0.0520,0.0346,0.0148,3.8610,0.3406,0.6446,0.0148,0.0000,0.0000,12.0000,0.0003,0.0003,0.0000,0.0000,0.0000
task003_symmetric,truth,12,24.0000,1.0000,1.0000,1000,1.0000,0.0000,0.0000,1.0000,0.0000,0.9999,0.9237,1.0000,0.0000,0.0007,0.0002,0.0489,0.0297,0.0043,0.1250,0.9303,0.0653,0.0043,0.0000,0.0000,23.9832,0.0003,0.0003,0.0000,0.0000,0.0000
task003_symmetric,truth,12,24.0000,2.0000,1.0000,1000,1.0000,0.0000,0.0000,1.0000,0.0000,0.9999,0.9117,1.0000,0.0000,0.0007,0.0002,0.0487,0.0303,0.0042,0.2460,0.9357,0.0600,0.0042,0.0000,0.0000,23.9832,0.0003,0.0003,0.0000,0.0000,0.0000
task003_symmetric,truth,12,24.0000,3.0000,1.0000,1000,1.0000,0.0000,0.0000,1.0000,0.0000,0.9999,0.9108,1.0000,0.0000,0.0007,0.0002,0.0487,0.0304,0.0042,0.3690,0.9366,0.0592,0.0042,0.0000,0.0000,23.9833,0.0003,0.0003,0.0000,0.0000,0.0000
task003_symmetric,truth,12,24.0000,6.0000,1.0000,1000,1.0000,0.0000,0.0000,1.0000,0.0000,0.9998,0.9082,1.0000,0.0000,0.0007,0.0002,0.0485,0.0305,0.0042,0.7380,0.9194,0.0764,0.0042,0.0000,0.0000,23.9833,0.0003,0.0003,-0.0000,0.0000,0.0000
task003_symmetric,truth,12,24.0000,9.0000,1.0000,1000,1.0000,0.0000,0.0000,1.0000,0.0000,0.9999,0.9704,1.0000,0.0000,0.0007,0.0002,0.0488,0.0305,0.0042,1.1070,0.9279,0.0678,0.0042,0.0000,0.0000,23.9833,0.0003,0.0003,0.0000,0.0000,0.0000
