setup,arm,q,qc,b,rho,episodes,final_share_A0,final_share_A1,final_share_A2,final_mean_p_A0,final_mean_p_A2,final_proof_rate_A0,final_proof_rate_A0_own_evidence,episodes_majority_A0,episodes_majority_A2,abstention_rate,abstention_rate_when_voting_A0,abstention_rate_when_voting_A1,abstention_rate_when_voting_A2,nights_acting,facts_posted_per_episode,nights_proved,nights_gate,nights_posted,nights_posted_proved,nights_fallback,mean_posts_read_by_controller,sensing_bias_vs_all_agents,posters_vs_all_agents,final_share_A0_minus_silent,final_share_A1_minus_silent,final_share_A2_minus_silent
task003_nosolution,false,3,3.0000,1.0000,0.7500,1000,0.0744,0.0198,0.9058,0.2475,0.6342,0.0000,0.0000,0.0030,0.9910,0.0000,0.0000,0.0000,0.0000,0.3124,9.0590,0.0000,0.6876,0.3124,0.0000,0.0000,3.0000,-0.0010,0.0001,-0.3468,-0.0802,0.4270
task003_nosolution,false,3,3.0000,2.0000,0.7500,1000,0.0690,0.0117,0.9193,0.2334,0.6547,0.0000,0.0000,0.0010,0.9970,0.0000,0.0000,0.0000,0.0000,0.2811,16.3060,0.0000,0.7189,0.2811,0.0000,0.0000,3.0000,-0.0004,0.0001,-0.3521,-0.0883,0.4405
task003_nosolution,false,3,3.0000,3.0000,0.7500,1000,0.0515,0.0144,0.9341,0.2270,0.6524,0.0000,0.0000,0.0020,0.9970,0.0000,0.0000,0.0000,0.0000,0.2708,23.5560,0.0000,0.7292,0.2708,0.0000,0.0000,3.0000,-0.0009,0.0001,-0.3697,-0.0856,0.4553
task003_nosolution,false,3,3.0000,6.0000,0.7500,1000,0.0329,0.0177,0.9494,0.2167,0.6369,0.0000,0.0000,0.0000,0.9990,0.0000,0.0000,0.0000,0.0000,0.2234,38.8680,0.0000,0.7766,0.2234,0.0000,0.0000,3.0000,0.0003,0.0001,-0.3882,-0.0823,0.4705
task003_nosolution,false,3,3.0000,9.0000,0.7500,1000,0.1005,0.0295,0.8700,0.2758,0.5501,0.0000,0.0000,0.0010,0.9890,0.0000,0.0000,0.0000,0.0000,0.4440,115.8840,0.0000,0.5560,0.4440,0.0000,0.0000,3.0000,-0.0005,0.0000,-0.3206,-0.0706,0.3912
task003_nosolution,false,3,6.0000,1.0000,0.7500,1000,0.0840,0.0277,0.8884,0.2515,0.6204,0.0000,0.0000,0.0010,0.9820,0.0000,0.0000,0.0000,0.0000,0.2414,7.0020,0.0000,0.7586,0.2414,0.0000,0.0000,6.0000,-0.0008,0.0001,-0.3372,-0.0724,0.4095
task003_nosolution,false,3,6.0000,2.0000,0.7500,1000,0.0670,0.0253,0.9078,0.2364,0.6346,0.0000,0.0000,0.0010,0.9920,0.0000,0.0000,0.0000,0.0000,0.2023,11.7320,0.0000,0.7977,0.2023,0.0000,0.0000,6.0000,-0.0005,0.0001,-0.3542,-0.0748,0.4290
task003_nosolution,false,3,6.0000,3.0000,0.7500,1000,0.0553,0.0293,0.9153,0.2315,0.6247,0.0000,0.0000,0.0010,0.9930,0.0000,0.0000,0.0000,0.0000,0.1959,17.0430,0.0000,0.8041,0.1959,0.0000,0.0000,6.0000,0.0001,0.0001,-0.3658,-0.0707,0.4365
task003_nosolution,false,3,6.0000,6.0000,0.7500,1000,0.0416,0.0283,0.9301,0.2271,0.6139,0.0000,0.0000,0.0010,0.9950,0.0000,0.0000,0.0000,0.0000,0.1710,29.7480,0.0000,0.8290,0.1710,0.0000,0.0000,6.0000,0.0001,0.0001,-0.3795,-0.0717,0.4512
task003_nosolution,false,3,6.0000,9.0000,0.7500,1000,0.1323,0.0304,0.8374,0.2878,0.5415,0.0000,0.0000,0.0100,0.9730,0.0000,0.0000,0.0000,0.0000,0.3811,99.4590,0.0000,0.6189,0.3811,0.0000,0.0000,6.0000,0.0013,0.0000,-0.2889,-0.0697,0.3585
task003_nosolution,false,3,12.0000,1.0000,0.7500,1000,0.0952,0.0328,0.8720,0.2580,0.6043,0.0000,0.0000,0.0100,0.9710,0.0000,0.0000,0.0000,0.0000,0.2059,5.9700,0.0000,0.7941,0.2059,0.0000,0.0000,12.0000,-0.0002,0.0001,-0.3259,-0.0673,0.3932
task003_nosolution,false,3,12.0000,2.0000,0.7500,1000,0.0779,0.0302,0.8919,0.2446,0.6146,0.0000,0.0000,0.0040,0.9860,0.0000,0.0000,0.0000,0.0000,0.1719,9.9680,0.0000,0.8281,0.1719,0.0000,0.0000,12.0000,0.0010,0.0001,-0.3433,-0.0698,0.4131
task003_nosolution,false,3,12.0000,3.0000,0.7500,1000,0.0632,0.0338,0.9030,0.2343,0.6131,0.0000,0.0000,0.0000,0.9880,0.0000,0.0000,0.0000,0.0000,0.1629,14.1750,0.0000,0.8371,0.1629,0.0000,0.0000,12.0000,0.0003,0.0001,-0.3579,-0.0662,0.4242
task003_nosolution,false,3,12.0000,6.0000,0.7500,1000,0.0523,0.0343,0.9134,0.2359,0.6008,0.0000,0.0000,0.0000,0.9950,0.0000,0.0000,0.0000,0.0000,0.1501,26.1120,0.0000,0.8499,0.1501,0.0000,0.0000,12.0000,0.0001,0.0001,-0.3688,-0.0658,0.4346
task003_nosolution,false,3,12.0000,9.0000,0.7500,1000,0.1499,0.0379,0.8122,0.2942,0.5302,0.0000,0.0000,0.0210,0.9500,0.0000,0.0000,0.0000,0.0000,0.3656,95.4090,0.0000,0.6344,0.3656,0.0000,0.0000,12.0000,-0.0002,0.0001,-0.2712,-0.0621,0.3333
task003_nosolution,false,3,24.0000,1.0000,0.7500,1000,0.1017,0.0355,0.8628,0.2569,0.5990,0.0000,0.0000,0.0210,0.9600,0.0000,0.0000,0.0000,0.0000,0.2382,6.9090,0.0000,0.7618,0.2382,0.0000,0.0000,23.9960,0.0001,0.0001,-0.3194,-0.0646,0.3840
task003_nosolution,false,3,24.0000,2.0000,0.7500,1000,0.0714,0.0343,0.8942,0.2413,0.6113,0.0000,0.0000,0.0010,0.9880,0.0000,0.0000,0.0000,0.0000,0.1871,10.8520,0.0000,0.8129,0.1871,0.0000,0.0000,23.9956,0.0001,0.0001,-0.3497,-0.0657,0.4154
task003_nosolution,false,3,24.0000,3.0000,0.7500,1000,0.0707,0.0378,0.8915,0.2426,0.6014,0.0000,0.0000,0.0010,0.9900,0.0000,0.0000,0.0000,0.0000,0.1845,16.0530,0.0000,0.8155,0.1845,0.0000,0.0000,23.9966,0.0001,0.0001,-0.3504,-0.0622,0.4126
task003_nosolution,false,3,24.0000,6.0000,0.7500,1000,0.0640,0.0347,0.9013,0.2462,0.5911,0.0000,0.0000,0.0010,0.9920,0.0000,0.0000,0.0000,0.0000,0.1729,30.0900,0.0000,0.8271,0.1729,0.0000,0.0000,23.9968,0.0001,0.0001,-0.3572,-0.0653,0.4225
task003_nosolution,false,3,24.0000,9.0000,0.7500,1000,0.1472,0.0522,0.8007,0.2949,0.5211,0.0000,0.0000,0.0070,0.9420,0.0000,0.0000,0.0000,0.0000,0.4508,117.6570,0.0000,0.5492,0.4508,0.0000,0.0000,23.9986,0.0000,0.0000,-0.2740,-0.0479,0.3218
task003_nosolution,false,6,3.0000,1.0000,0.7500,1000,0.0804,0.0091,0.9105,0.2661,0.6560,0.0000,0.0000,0.0120,0.9810,0.0000,0.0000,0.0000,0.0000,0.2738,7.9410,0.0000,0.7262,0.2738,0.0000,0.0000,3.0000,-0.0002,0.0000,-0.3392,-0.0444,0.3836
task003_nosolution,false,6,3.0000,2.0000,0.7500,1000,0.0653,0.0062,0.9285,0.2450,0.6847,0.0000,0.0000,0.0030,0.9900,0.0000,0.0000,0.0000,0.0000,0.2329,13.5080,0.0000,0.7671,0.2329,0.0000,0.0000,3.0000,-0.0006,0.0000,-0.3543,-0.0474,0.4017
task003_nosolution,false,6,3.0000,3.0000,0.7500,1000,0.0547,0.0065,0.9389,0.2426,0.6819,0.0000,0.0000,0.0050,0.9870,0.0000,0.0000,0.0000,0.0000,0.2204,19.1730,0.0000,0.7796,0.2204,0.0000,0.0000,3.0000,-0.0012,0.0000,-0.3650,-0.0471,0.4120
task003_nosolution,false,6,3.0000,6.0000,0.7500,1000,0.0350,0.0087,0.9563,0.2307,0.6740,0.0000,0.0000,0.0010,0.9960,0.0000,0.0000,0.0000,0.0000,0.1730,30.1020,0.0000,0.8270,0.1730,0.0000,0.0000,3.0000,-0.0000,0.0000,-0.3846,-0.0448,0.4295
task003_nosolution,false,6,3.0000,9.0000,0.7500,1000,0.1180,0.0103,0.8718,0.2955,0.5761,0.0000,0.0000,0.0270,0.9620,0.0000,0.0000,0.0000,0.0000,0.4041,105.4620,0.0000,0.5959,0.4041,0.0000,0.0000,3.0000,-0.0002,0.0000,-0.3017,-0.0433,0.3450
task003_nosolution,false,6,6.0000,1.0000,0.7500,1000,0.0822,0.0127,0.9051,0.2659,0.6485,0.0000,0.0000,0.0120,0.9830,0.0000,0.0000,0.0000,0.0000,0.2051,5.9470,0.0000,0.7949,0.2051,0.0000,0.0000,6.0000,-0.0007,0.0000,-0.3375,-0.0408,0.3783
task003_nosolution,false,6,6.0000,2.0000,0.7500,1000,0.0675,0.0111,0.9214,0.2497,0.6653,0.0000,0.0000,0.0050,0.9920,0.0000,0.0000,0.0000,0.0000,0.1705,9.8900,0.0000,0.8295,0.1705,0.0000,0.0000,6.0000,-0.0012,0.0000,-0.3521,-0.0425,0.3945
task003_nosolution,false,6,6.0000,3.0000,0.7500,1000,0.0555,0.0133,0.9312,0.2421,0.6638,0.0000,0.0000,0.0020,0.9960,0.0000,0.0000,0.0000,0.0000,0.1526,13.2720,0.0000,0.8474,0.1526,0.0000,0.0000,6.0000,0.0001,0.0000,-0.3641,-0.0402,0.4043
task003_nosolution,false,6,6.0000,6.0000,0.7500,1000,0.0410,0.0123,0.9467,0.2345,0.6539,0.0000,0.0000,0.0000,0.9960,0.0000,0.0000,0.0000,0.0000,0.1292,22.4880,0.0000,0.8708,0.1292,0.0000,0.0000,6.0000,-0.0008,0.0000,-0.3786,-0.0413,0.4199
task003_nosolution,false,6,6.0000,9.0000,0.7500,1000,0.1526,0.0138,0.8336,0.3100,0.5590,0.0000,0.0000,0.0410,0.9350,0.0000,0.0000,0.0000,0.0000,0.3470,90.5670,0.0000,0.6530,0.3470,0.0000,0.0000,6.0000,0.0007,0.0000,-0.2670,-0.0397,0.3067
task003_nosolution,false,6,12.0000,1.0000,0.7500,1000,0.0895,0.0131,0.8975,0.2702,0.6391,0.0000,0.0000,0.0160,0.9730,0.0000,0.0000,0.0000,0.0000,0.1693,4.9100,0.0000,0.8307,0.1693,0.0000,0.0000,12.0000,-0.0009,0.0000,-0.3302,-0.0405,0.3706
task003_nosolution,false,6,12.0000,2.0000,0.7500,1000,0.0760,0.0165,0.9075,0.2533,0.6524,0.0000,0.0000,0.0080,0.9860,0.0000,0.0000,0.0000,0.0000,0.1377,7.9840,0.0000,0.8623,0.1377,0.0000,0.0000,12.0000,-0.0006,0.0000,-0.3437,-0.0370,0.3807
task003_nosolution,false,6,12.0000,3.0000,0.7500,1000,0.0585,0.0169,0.9246,0.2453,0.6531,0.0000,0.0000,0.0040,0.9880,0.0000,0.0000,0.0000,0.0000,0.1216,10.5750,0.0000,0.8784,0.1216,0.0000,0.0000,12.0000,0.0005,0.0000,-0.3611,-0.0367,0.3978
task003_nosolution,false,6,12.0000,6.0000,0.7500,1000,0.0556,0.0192,0.9252,0.2441,0.6415,0.0000,0.0000,0.0050,0.9880,0.0000,0.0000,0.0000,0.0000,0.1063,18.4980,0.0000,0.8937,0.1063,0.0000,0.0000,12.0000,0.0001,0.0000,-0.3640,-0.0343,0.3984
task003_nosolution,false,6,12.0000,9.0000,0.7500,1000,0.1573,0.0179,0.8248,0.3111,0.5564,0.0000,0.0000,0.0500,0.9270,0.0000,0.0000,0.0000,0.0000,0.3290,85.8690,0.0000,0.6710,0.3290,0.0000,0.0000,12.0000,0.0000,0.0000,-0.2623,-0.0357,0.2980
task003_nosolution,false,6,24.0000,1.0000,0.7500,1000,0.1013,0.0159,0.8829,0.2746,0.6281,0.0000,0.0000,0.0190,0.9660,0.0000,0.0000,0.0000,0.0000,0.1796,5.2090,0.0000,0.8204,0.1796,0.0000,0.0000,23.9982,0.0000,0.0000,-0.3184,-0.0377,0.3560
task003_nosolution,false,6,24.0000,2.0000,0.7500,1000,0.0690,0.0153,0.9157,0.2504,0.6506,0.0000,0.0000,0.0030,0.9860,0.0000,0.0000,0.0000,0.0000,0.1438,8.3420,0.0000,0.8562,0.1438,0.0000,0.0000,23.9986,0.0000,0.0000,-0.3506,-0.0382,0.3889
task003_nosolution,false,6,24.0000,3.0000,0.7500,1000,0.0633,0.0205,0.9163,0.2487,0.6470,0.0000,0.0000,0.0050,0.9880,0.0000,0.0000,0.0000,0.0000,0.1255,10.9170,0.0000,0.8745,0.1255,0.0000,0.0000,23.9989,0.0000,0.0000,-0.3564,-0.0331,0.3895
task003_nosolution,false,6,24.0000,6.0000,0.7500,1000,0.0512,0.0173,0.9315,0.2457,0.6376,0.0000,0.0000,0.0030,0.9900,0.0000,0.0000,0.0000,0.0000,0.1064,18.5100,0.0000,0.8936,0.1064,0.0000,0.0000,23.9991,0.0000,0.0000,-0.3684,-0.0362,0.4046
task003_nosolution,false,6,24.0000,9.0000,0.7500,1000,0.1553,0.0253,0.8194,0.3097,0.5494,0.0000,0.0000,0.0350,0.9320,0.0000,0.0000,0.0000,0.0000,0.3682,96.1110,0.0000,0.6318,0.3682,0.0000,0.0000,23.9994,0.0000,0.0000,-0.2643,-0.0282,0.2925
task003_nosolution,false,12,3.0000,1.0000,0.7500,1000,0.0766,0.0057,0.9177,0.2792,0.6646,0.0000,0.0000,0.0180,0.9750,0.0000,0.0000,0.0000,0.0000,0.2512,7.2860,0.0000,0.7488,0.2512,0.0000,0.0000,3.0000,-0.0009,0.0000,-0.3639,-0.0274,0.3913
task003_nosolution,false,12,3.0000,2.0000,0.7500,1000,0.0655,0.0045,0.9300,0.2597,0.6914,0.0000,0.0000,0.0100,0.9890,0.0000,0.0000,0.0000,0.0000,0.2096,12.1580,0.0000,0.7904,0.2096,0.0000,0.0000,3.0000,0.0002,0.0000,-0.3750,-0.0285,0.4036
task003_nosolution,false,12,3.0000,3.0000,0.7500,1000,0.0628,0.0030,0.9342,0.2598,0.6926,0.0000,0.0000,0.0130,0.9800,0.0000,0.0000,0.0000,0.0000,0.2003,17.4240,0.0000,0.7997,0.2003,0.0000,0.0000,3.0000,-0.0002,0.0000,-0.3777,-0.0301,0.4078
task003_nosolution,false,12,3.0000,6.0000,0.7500,1000,0.0404,0.0040,0.9557,0.2401,0.6930,0.0000,0.0000,0.0050,0.9920,0.0000,0.0000,0.0000,0.0000,0.1602,27.8820,0.0000,0.8398,0.1602,0.0000,0.0000,3.0000,0.0011,0.0000,-0.4002,-0.0291,0.4293
task003_nosolution,false,12,3.0000,9.0000,0.7500,1000,0.1803,0.0034,0.8163,0.3332,0.5698,0.0000,0.0000,0.0980,0.8730,0.0000,0.0000,0.0000,0.0000,0.4398,114.7950,0.0000,0.5602,0.4398,0.0000,0.0000,3.0000,0.0013,0.0000,-0.2602,-0.0297,0.2899
task003_nosolution,false,12,6.0000,1.0000,0.7500,1000,0.0776,0.0057,0.9166,0.2794,0.6606,0.0000,0.0000,0.0130,0.9780,0.0000,0.0000,0.0000,0.0000,0.1851,5.3680,0.0000,0.8149,0.1851,0.0000,0.0000,6.0000,-0.0001,0.0000,-0.3629,-0.0273,0.3902
task003_nosolution,false,12,6.0000,2.0000,0.7500,1000,0.0705,0.0063,0.9232,0.2614,0.6783,0.0000,0.0000,0.0190,0.9770,0.0000,0.0000,0.0000,0.0000,0.1477,8.5680,0.0000,0.8523,0.1477,0.0000,0.0000,6.0000,-0.0005,0.0000,-0.3700,-0.0268,0.3968
task003_nosolution,false,12,6.0000,3.0000,0.7500,1000,0.0637,0.0060,0.9302,0.2588,0.6798,0.0000,0.0000,0.0090,0.9860,0.0000,0.0000,0.0000,0.0000,0.1421,12.3600,0.0000,0.8579,0.1421,0.0000,0.0000,6.0000,-0.0006,0.0000,-0.3768,-0.0270,0.4038
task003_nosolution,false,12,6.0000,6.0000,0.7500,1000,0.0463,0.0056,0.9481,0.2487,0.6735,0.0000,0.0000,0.0060,0.9890,0.0000,0.0000,0.0000,0.0000,0.1176,20.4660,0.0000,0.8824,0.1176,0.0000,0.0000,6.0000,-0.0001,0.0000,-0.3942,-0.0275,0.4217
task003_nosolution,false,12,6.0000,9.0000,0.7500,1000,0.1983,0.0057,0.7960,0.3407,0.5625,0.0000,0.0000,0.1260,0.8480,0.0000,0.0000,0.0000,0.0000,0.3758,98.0730,0.0000,0.6242,0.3758,0.0000,0.0000,6.0000,-0.0009,0.0000,-0.2422,-0.0274,0.2696
task003_nosolution,false,12,12.0000,1.0000,0.7500,1000,0.0872,0.0070,0.9058,0.2838,0.6518,0.0000,0.0000,0.0180,0.9670,0.0000,0.0000,0.0000,0.0000,0.1539,4.4630,0.0000,0.8461,0.1539,0.0000,0.0000,12.0000,-0.0003,0.0000,-0.3534,-0.0260,0.3794
task003_nosolution,false,12,12.0000,2.0000,0.7500,1000,0.0673,0.0100,0.9227,0.2611,0.6717,0.0000,0.0000,0.0100,0.9810,0.0000,0.0000,0.0000,0.0000,0.1221,7.0800,0.0000,0.8779,0.1221,0.0000,0.0000,12.0000,-0.0004,0.0000,-0.3732,-0.0230,0.3963
task003_nosolution,false,12,12.0000,3.0000,0.7500,1000,0.0762,0.0099,0.9139,0.2620,0.6711,0.0000,0.0000,0.0170,0.9710,0.0000,0.0000,0.0000,0.0000,0.1206,10.4940,0.0000,0.8794,0.1206,0.0000,0.0000,12.0000,-0.0006,0.0000,-0.3643,-0.0232,0.3875
task003_nosolution,false,12,12.0000,6.0000,0.7500,1000,0.0569,0.0085,0.9346,0.2529,0.6633,0.0000,0.0000,0.0110,0.9800,0.0000,0.0000,0.0000,0.0000,0.1000,17.4060,0.0000,0.9000,0.1000,0.0000,0.0000,12.0000,-0.0004,0.0000,-0.3836,-0.0246,0.4082
task003_nosolution,false,12,12.0000,9.0000,0.7500,1000,0.2040,0.0076,0.7884,0.3435,0.5599,0.0000,0.0000,0.1250,0.8410,0.0000,0.0000,0.0000,0.0000,0.3492,91.1340,0.0000,0.6508,0.3492,0.0000,0.0000,12.0000,0.0003,0.0000,-0.2365,-0.0255,0.2620
task003_nosolution,false,12,24.0000,1.0000,0.7500,1000,0.0934,0.0084,0.8982,0.2870,0.6467,0.0000,0.0000,0.0330,0.9550,0.0000,0.0000,0.0000,0.0000,0.1661,4.8170,0.0000,0.8339,0.1661,0.0000,0.0000,23.9993,0.0000,0.0000,-0.3472,-0.0247,0.3718
task003_nosolution,false,12,24.0000,2.0000,0.7500,1000,0.0714,0.0103,0.9183,0.2618,0.6705,0.0000,0.0000,0.0160,0.9760,0.0000,0.0000,0.0000,0.0000,0.1239,7.1840,0.0000,0.8761,0.1239,0.0000,0.0000,23.9993,0.0000,0.0000,-0.3691,-0.0228,0.3920
task003_nosolution,false,12,24.0000,3.0000,0.7500,1000,0.0782,0.0113,0.9105,0.2645,0.6639,0.0000,0.0000,0.0230,0.9660,0.0000,0.0000,0.0000,0.0000,0.1253,10.9050,0.0000,0.8747,0.1253,0.0000,0.0000,23.9995,0.0000,0.0000,-0.3623,-0.0217,0.3841
task003_nosolution,false,12,24.0000,6.0000,0.7500,1000,0.0600,0.0097,0.9304,0.2533,0.6604,0.0000,0.0000,0.0150,0.9790,0.0000,0.0000,0.0000,0.0000,0.1061,18.4620,0.0000,0.8939,0.1061,0.0000,0.0000,23.9996,0.0000,0.0000,-0.3806,-0.0234,0.4040
task003_nosolution,false,12,24.0000,9.0000,0.7500,1000,0.1831,0.0103,0.8066,0.3378,0.5591,0.0000,0.0000,0.0870,0.8830,0.0000,0.0000,0.0000,0.0000,0.3562,92.9700,0.0000,0.6438,0.3562,0.0000,0.0000,23.9996,0.0000,0.0000,-0.2574,-0.0228,0.2802
task003_nosolution,false,3,3.0000,1.0000,1.0000,1000,0.0664,0.0000,0.9336,0.3224,0.6764,0.0000,0.0000,0.0530,0.9370,0.0000,0.0000,0.0000,0.0000,0.2912,8.4460,0.0000,0.7088,0.2912,0.0000,0.0000,3.0000,-0.0015,0.0000,-0.5642,0.0000,0.5642
task003_nosolution,false,3,3.0000,2.0000,1.0000,1000,0.1522,0.0000,0.8478,0.3692,0.6304,0.0000,0.0000,0.1390,0.8450,0.0000,0.0000,0.0000,0.0000,0.2893,16.7780,0.0000,0.7107,0.2893,0.0000,0.0000,3.0000,0.0001,0.0000,-0.4783,0.0000,0.4783
task003_nosolution,false,3,3.0000,3.0000,1.0000,1000,0.2455,0.0000,0.7545,0.4288,0.5709,0.0000,0.0000,0.2300,0.7460,0.0000,0.0000,0.0000,0.0000,0.3699,32.1810,0.0000,0.6301,0.3699,0.0000,0.0000,3.0000,0.0011,0.0000,-0.3850,0.0000,0.3850
task003_nosolution,false,3,3.0000,6.0000,1.0000,1000,0.3381,0.0000,0.6619,0.4521,0.5471,0.0000,0.0000,0.2910,0.6780,0.0000,0.0000,0.0000,0.0000,0.4359,75.8520,0.0000,0.5641,0.4359,0.0000,0.0000,3.0000,0.0007,0.0000,-0.2925,0.0000,0.2925
task003_nosolution,false,3,3.0000,9.0000,1.0000,1000,0.8208,0.0000,0.1792,0.6825,0.3163,0.0000,0.0000,0.8730,0.1100,0.0000,0.0000,0.0000,0.0000,0.8064,210.4650,0.0000,0.1936,0.8064,0.0000,0.0000,3.0000,-0.0001,0.0000,0.1902,0.0000,-0.1902
task003_nosolution,false,3,6.0000,1.0000,1.0000,1000,0.0963,0.0000,0.9037,0.3410,0.6578,0.0000,0.0000,0.0950,0.9030,0.0000,0.0000,0.0000,0.0000,0.2386,6.9200,0.0000,0.7614,0.2386,0.0000,0.0000,6.0000,0.0003,0.0000,-0.5342,0.0000,0.5343
task003_nosolution,false,3,6.0000,2.0000,1.0000,1000,0.1905,0.0000,0.8095,0.3713,0.6283,0.0000,0.0000,0.1900,0.7940,0.0000,0.0000,0.0000,0.0000,0.2524,14.6380,0.0000,0.7476,0.2524,0.0000,0.0000,6.0000,0.0012,0.0000,-0.4401,0.0000,0.4401
task003_nosolution,false,3,6.0000,3.0000,1.0000,1000,0.3020,0.0000,0.6980,0.4384,0.5610,0.0000,0.0000,0.2810,0.6920,0.0000,0.0000,0.0000,0.0000,0.3427,29.8170,0.0000,0.6573,0.3427,0.0000,0.0000,6.0000,0.0005,0.0000,-0.3286,0.0000,0.3286
task003_nosolution,false,3,6.0000,6.0000,1.0000,1000,0.3507,0.0000,0.6493,0.4472,0.5517,0.0000,0.0000,0.3140,0.6550,0.0000,0.0000,0.0000,0.0000,0.3749,65.2260,0.0000,0.6251,0.3749,0.0000,0.0000,6.0000,0.0012,0.0000,-0.2799,0.0000,0.2799
task003_nosolution,false,3,6.0000,9.0000,1.0000,1000,0.8309,0.0000,0.1691,0.6870,0.3117,0.0000,0.0000,0.8790,0.1000,0.0000,0.0000,0.0000,0.0000,0.7772,202.8510,0.0000,0.2228,0.7772,0.0000,0.0000,6.0000,-0.0002,0.0000,0.2003,0.0000,-0.2003
task003_nosolution,false,3,12.0000,1.0000,1.0000,1000,0.1254,0.0000,0.8746,0.3620,0.6353,0.0000,0.0000,0.1120,0.8820,0.0000,0.0000,0.0000,0.0000,0.2204,6.3920,0.0000,0.7796,0.2204,0.0000,0.0000,12.0000,-0.0006,0.0000,-0.5052,0.0000,0.5052
task003_nosolution,false,3,12.0000,2.0000,1.0000,1000,0.1970,0.0000,0.8030,0.3712,0.6282,0.0000,0.0000,0.1990,0.7840,0.0000,0.0000,0.0000,0.0000,0.2351,13.6340,0.0000,0.7649,0.2351,0.0000,0.0000,12.0000,-0.0008,0.0000,-0.4336,0.0000,0.4336
task003_nosolution,false,3,12.0000,3.0000,1.0000,1000,0.2854,0.0000,0.7146,0.4282,0.5711,0.0000,0.0000,0.2760,0.7030,0.0000,0.0000,0.0000,0.0000,0.2974,25.8750,0.0000,0.7026,0.2974,0.0000,0.0000,12.0000,0.0005,0.0000,-0.3452,0.0000,0.3452
task003_nosolution,false,3,12.0000,6.0000,1.0000,1000,0.3461,0.0000,0.6539,0.4411,0.5576,0.0000,0.0000,0.3280,0.6460,0.0000,0.0000,0.0000,0.0000,0.3354,58.3680,0.0000,0.6646,0.3354,0.0000,0.0000,12.0000,-0.0003,0.0000,-0.2845,0.0000,0.2845
task003_nosolution,false,3,12.0000,9.0000,1.0000,1000,0.7992,0.0000,0.2008,0.6726,0.3256,0.0000,0.0000,0.8440,0.1430,0.0000,0.0000,0.0000,0.0000,0.7466,194.8500,0.0000,0.2534,0.7466,0.0000,0.0000,12.0000,-0.0003,0.0000,0.1686,0.0000,-0.1686
task003_nosolution,false,3,24.0000,1.0000,1.0000,1000,0.1382,0.0000,0.8618,0.3668,0.6302,0.0000,0.0000,0.1280,0.8570,0.0000,0.0000,0.0000,0.0000,0.2379,6.8980,0.0000,0.7621,0.2379,0.0000,0.0000,24.0000,0.0000,0.0000,-0.4924,0.0000,0.4924
task003_nosolution,false,3,24.0000,2.0000,1.0000,1000,0.1753,0.0000,0.8247,0.3569,0.6424,0.0000,0.0000,0.1630,0.8210,0.0000,0.0000,0.0000,0.0000,0.2277,13.2060,0.0000,0.7723,0.2277,0.0000,0.0000,24.0000,0.0000,0.0000,-0.4552,0.0000,0.4553
task003_nosolution,false,3,24.0000,3.0000,1.0000,1000,0.2411,0.0000,0.7589,0.4053,0.5938,0.0000,0.0000,0.2230,0.7540,0.0000,0.0000,0.0000,0.0000,0.2817,24.5100,0.0000,0.7183,0.2817,0.0000,0.0000,24.0000,0.0000,0.0000,-0.3895,0.0000,0.3895
task003_nosolution,false,3,24.0000,6.0000,1.0000,1000,0.2825,0.0000,0.7175,0.4157,0.5825,0.0000,0.0000,0.2700,0.7050,0.0000,0.0000,0.0000,0.0000,0.3157,54.9240,0.0000,0.6843,0.3157,0.0000,0.0000,24.0000,0.0000,0.0000,-0.3480,0.0000,0.3480
task003_nosolution,false,3,24.0000,9.0000,1.0000,1000,0.6914,0.0000,0.3086,0.6026,0.3946,0.0000,0.0000,0.7370,0.2270,0.0000,0.0000,0.0000,0.0000,0.7546,196.9560,0.0000,0.2454,0.7546,0.0000,0.0000,24.0000,0.0000,0.0000,0.0608,0.0000,-0.0608
task003_nosolution,false,6,3.0000,1.0000,1.0000,1000,0.0394,0.0000,0.9606,0.3215,0.6781,0.0000,0.0000,0.0390,0.9590,0.0000,0.0000,0.0000,0.0000,0.2236,6.4830,0.0000,0.7764,0.2236,0.0000,0.0000,3.0000,0.0001,0.0000,-0.5591,0.0000,0.5591
task003_nosolution,false,6,3.0000,2.0000,1.0000,1000,0.0935,0.0000,0.9065,0.3347,0.6652,0.0000,0.0000,0.0870,0.9060,0.0000,0.0000,0.0000,0.0000,0.2091,12.1300,0.0000,0.7909,0.2091,0.0000,0.0000,3.0000,0.0007,0.0000,-0.5050,0.0000,0.5050
task003_nosolution,false,6,3.0000,3.0000,1.0000,1000,0.2252,0.0000,0.7748,0.4370,0.5629,0.0000,0.0000,0.2300,0.7610,0.0000,0.0000,0.0000,0.0000,0.3361,29.2410,0.0000,0.6639,0.3361,0.0000,0.0000,3.0000,-0.0006,0.0000,-0.3733,0.0000,0.3733
task003_nosolution,false,6,3.0000,6.0000,1.0000,1000,0.3312,0.0000,0.6688,0.4599,0.5399,0.0000,0.0000,0.3280,0.6400,0.0000,0.0000,0.0000,0.0000,0.4068,70.7760,0.0000,0.5932,0.4068,0.0000,0.0000,3.0000,-0.0012,0.0000,-0.2673,0.0000,0.2673
task003_nosolution,false,6,3.0000,9.0000,1.0000,1000,0.8905,0.0000,0.1095,0.7212,0.2787,0.0000,0.0000,0.9080,0.0830,0.0000,0.0000,0.0000,0.0000,0.8099,211.3740,0.0000,0.1901,0.8099,0.0000,0.0000,3.0000,0.0014,0.0000,0.2920,0.0000,-0.2920
task003_nosolution,false,6,6.0000,1.0000,1.0000,1000,0.0628,0.0000,0.9372,0.3416,0.6578,0.0000,0.0000,0.0610,0.9370,0.0000,0.0000,0.0000,0.0000,0.1882,5.4590,0.0000,0.8118,0.1882,0.0000,0.0000,6.0000,-0.0007,0.0000,-0.5357,0.0000,0.5357
task003_nosolution,false,6,6.0000,2.0000,1.0000,1000,0.1362,0.0000,0.8638,0.3458,0.6541,0.0000,0.0000,0.1390,0.8570,0.0000,0.0000,0.0000,0.0000,0.2111,12.2440,0.0000,0.7889,0.2111,0.0000,0.0000,6.0000,-0.0010,0.0000,-0.4623,0.0000,0.4623
task003_nosolution,false,6,6.0000,3.0000,1.0000,1000,0.2500,0.0000,0.7500,0.4388,0.5611,0.0000,0.0000,0.2590,0.7140,0.0000,0.0000,0.0000,0.0000,0.2988,25.9920,0.0000,0.7012,0.2988,0.0000,0.0000,6.0000,0.0008,0.0000,-0.3485,0.0000,0.3485
task003_nosolution,false,6,6.0000,6.0000,1.0000,1000,0.3412,0.0000,0.6587,0.4574,0.5424,0.0000,0.0000,0.3310,0.6270,0.0000,0.0000,0.0000,0.0000,0.3620,62.9880,0.0000,0.6380,0.3620,0.0000,0.0000,6.0000,-0.0006,0.0000,-0.2573,0.0000,0.2572
task003_nosolution,false,6,6.0000,9.0000,1.0000,1000,0.8825,0.0000,0.1175,0.7228,0.2770,0.0000,0.0000,0.8910,0.1030,0.0000,0.0000,0.0000,0.0000,0.7732,201.8160,0.0000,0.2268,0.7732,0.0000,0.0000,6.0000,0.0010,0.0000,0.2840,0.0000,-0.2840
task003_nosolution,false,6,12.0000,1.0000,1.0000,1000,0.0872,0.0000,0.9128,0.3491,0.6499,0.0000,0.0000,0.0930,0.9030,0.0000,0.0000,0.0000,0.0000,0.1794,5.2040,0.0000,0.8206,0.1794,0.0000,0.0000,12.0000,-0.0003,0.0000,-0.5113,0.0000,0.5113
task003_nosolution,false,6,12.0000,2.0000,1.0000,1000,0.1468,0.0000,0.8532,0.3423,0.6575,0.0000,0.0000,0.1450,0.8380,0.0000,0.0000,0.0000,0.0000,0.2014,11.6820,0.0000,0.7986,0.2014,0.0000,0.0000,12.0000,-0.0005,0.0000,-0.4517,0.0000,0.4517
task003_nosolution,false,6,12.0000,3.0000,1.0000,1000,0.2528,0.0000,0.7472,0.4302,0.5696,0.0000,0.0000,0.2610,0.7110,0.0000,0.0000,0.0000,0.0000,0.2883,25.0860,0.0000,0.7117,0.2883,0.0000,0.0000,12.0000,0.0004,0.0000,-0.3458,0.0000,0.3457
task003_nosolution,false,6,12.0000,6.0000,1.0000,1000,0.3480,0.0000,0.6520,0.4534,0.5463,0.0000,0.0000,0.3500,0.6110,0.0000,0.0000,0.0000,0.0000,0.3447,59.9700,0.0000,0.6553,0.3447,0.0000,0.0000,12.0000,-0.0010,0.0000,-0.2505,0.0000,0.2505
task003_nosolution,false,6,12.0000,9.0000,1.0000,1000,0.8385,0.0000,0.1615,0.7010,0.2988,0.0000,0.0000,0.8470,0.1410,0.0000,0.0000,0.0000,0.0000,0.7196,187.8210,0.0000,0.2804,0.7196,0.0000,0.0000,12.0000,0.0000,0.0000,0.2400,0.0000,-0.2400
task003_nosolution,false,6,24.0000,1.0000,1.0000,1000,0.0995,0.0000,0.9005,0.3589,0.6395,0.0000,0.0000,0.0910,0.8970,0.0000,0.0000,0.0000,0.0000,0.1853,5.3730,0.0000,0.8147,0.1853,0.0000,0.0000,24.0000,0.0000,0.0000,-0.4990,0.0000,0.4990
task003_nosolution,false,6,24.0000,2.0000,1.0000,1000,0.1445,0.0000,0.8555,0.3386,0.6612,0.0000,0.0000,0.1550,0.8360,0.0000,0.0000,0.0000,0.0000,0.1976,11.4580,0.0000,0.8024,0.1976,0.0000,0.0000,24.0000,0.0000,0.0000,-0.4540,0.0000,0.4540
task003_nosolution,false,6,24.0000,3.0000,1.0000,1000,0.2137,0.0000,0.7863,0.4105,0.5893,0.0000,0.0000,0.2170,0.7640,0.0000,0.0000,0.0000,0.0000,0.2559,22.2660,0.0000,0.7441,0.2559,0.0000,0.0000,24.0000,0.0000,0.0000,-0.3848,0.0000,0.3847
task003_nosolution,false,6,24.0000,6.0000,1.0000,1000,0.2690,0.0000,0.7310,0.4206,0.5791,0.0000,0.0000,0.2810,0.6980,0.0000,0.0000,0.0000,0.0000,0.2969,51.6660,0.0000,0.7031,0.2969,0.0000,0.0000,24.0000,0.0000,0.0000,-0.3295,0.0000,0.3295
task003_nosolution,false,6,24.0000,9.0000,1.0000,1000,0.7045,0.0000,0.2955,0.6232,0.3764,0.0000,0.0000,0.7210,0.2490,0.0000,0.0000,0.0000,0.0000,0.6973,181.9980,0.0000,0.3027,0.6973,0.0000,0.0000,24.0000,0.0000,0.0000,0.1060,0.0000,-0.1060
task003_nosolution,false,12,3.0000,1.0000,1.0000,1000,0.0282,0.0000,0.9718,0.3260,0.6732,0.0000,0.0000,0.0280,0.9720,0.0000,0.0000,0.0000,0.0000,0.1804,5.2320,0.0000,0.8196,0.1804,0.0000,0.0000,3.0000,0.0005,0.0000,-0.5514,0.0000,0.5514
task003_nosolution,false,12,3.0000,2.0000,1.0000,1000,0.0519,0.0000,0.9481,0.3056,0.6944,0.0000,0.0000,0.0520,0.9470,0.0000,0.0000,0.0000,0.0000,0.1491,8.6480,0.0000,0.8509,0.1491,0.0000,0.0000,3.0000,0.0010,0.0000,-0.5276,0.0000,0.5276
task003_nosolution,false,12,3.0000,3.0000,1.0000,1000,0.1803,0.0000,0.8197,0.4286,0.5714,0.0000,0.0000,0.1850,0.8090,0.0000,0.0000,0.0000,0.0000,0.2779,24.1770,0.0000,0.7221,0.2779,0.0000,0.0000,3.0000,0.0003,0.0000,-0.3992,0.0000,0.3992
task003_nosolution,false,12,3.0000,6.0000,1.0000,1000,0.2799,0.0000,0.7201,0.4561,0.5438,0.0000,0.0000,0.2720,0.6920,0.0000,0.0000,0.0000,0.0000,0.3514,61.1520,0.0000,0.6486,0.3514,0.0000,0.0000,3.0000,0.0011,0.0000,-0.2997,0.0000,0.2997
task003_nosolution,false,12,3.0000,9.0000,1.0000,1000,0.9211,0.0000,0.0789,0.7397,0.2603,0.0000,0.0000,0.9200,0.0700,0.0000,0.0000,0.0000,0.0000,0.8091,211.1670,0.0000,0.1909,0.8091,0.0000,0.0000,3.0000,-0.0016,0.0000,0.3415,0.0000,-0.3415
task003_nosolution,false,12,6.0000,1.0000,1.0000,1000,0.0383,0.0000,0.9617,0.3350,0.6643,0.0000,0.0000,0.0380,0.9620,0.0000,0.0000,0.0000,0.0000,0.1536,4.4550,0.0000,0.8464,0.1536,0.0000,0.0000,6.0000,-0.0004,0.0000,-0.5412,0.0000,0.5412
task003_nosolution,false,12,6.0000,2.0000,1.0000,1000,0.0836,0.0000,0.9164,0.3097,0.6902,0.0000,0.0000,0.0890,0.9060,0.0000,0.0000,0.0000,0.0000,0.1464,8.4920,0.0000,0.8536,0.1464,0.0000,0.0000,6.0000,0.0001,0.0000,-0.4959,0.0000,0.4959
task003_nosolution,false,12,6.0000,3.0000,1.0000,1000,0.2238,0.0000,0.7762,0.4357,0.5643,0.0000,0.0000,0.2230,0.7540,0.0000,0.0000,0.0000,0.0000,0.2811,24.4590,0.0000,0.7189,0.2811,0.0000,0.0000,6.0000,0.0003,0.0000,-0.3557,0.0000,0.3558
task003_nosolution,false,12,6.0000,6.0000,1.0000,1000,0.3150,0.0000,0.6850,0.4568,0.5431,0.0000,0.0000,0.3200,0.6430,0.0000,0.0000,0.0000,0.0000,0.3493,60.7800,0.0000,0.6507,0.3493,0.0000,0.0000,6.0000,-0.0008,0.0000,-0.2645,0.0000,0.2645
task003_nosolution,false,12,6.0000,9.0000,1.0000,1000,0.8978,0.0000,0.1022,0.7339,0.2660,0.0000,0.0000,0.8970,0.0960,0.0000,0.0000,0.0000,0.0000,0.7544,196.9020,0.0000,0.2456,0.7544,0.0000,0.0000,6.0000,0.0001,0.0000,0.3183,0.0000,-0.3183
task003_nosolution,false,12,12.0000,1.0000,1.0000,1000,0.0878,0.0000,0.9122,0.3539,0.6439,0.0000,0.0000,0.0880,0.9070,0.0000,0.0000,0.0000,0.0000,0.1782,5.1680,0.0000,0.8218,0.1782,0.0000,0.0000,12.0000,0.0000,0.0000,-0.4917,0.0000,0.4917
task003_nosolution,false,12,12.0000,2.0000,1.0000,1000,0.1004,0.0000,0.8996,0.3133,0.6867,0.0000,0.0000,0.1000,0.8860,0.0000,0.0000,0.0000,0.0000,0.1602,9.2900,0.0000,0.8398,0.1602,0.0000,0.0000,12.0000,-0.0003,0.0000,-0.4792,0.0000,0.4792
task003_nosolution,false,12,12.0000,3.0000,1.0000,1000,0.1948,0.0000,0.8053,0.4164,0.5835,0.0000,0.0000,0.1940,0.7890,0.0000,0.0000,0.0000,0.0000,0.2430,21.1410,0.0000,0.7570,0.2430,0.0000,0.0000,12.0000,0.0000,0.0000,-0.3848,0.0000,0.3848
task003_nosolution,false,12,12.0000,6.0000,1.0000,1000,0.2744,0.0000,0.7256,0.4347,0.5651,0.0000,0.0000,0.2670,0.6930,0.0000,0.0000,0.0000,0.0000,0.2988,51.9840,0.0000,0.7012,0.2988,0.0000,0.0000,12.0000,-0.0003,0.0000,-0.3051,0.0000,0.3051
task003_nosolution,false,12,12.0000,9.0000,1.0000,1000,0.8218,0.0000,0.1782,0.6998,0.3002,0.0000,0.0000,0.8090,0.1680,0.0000,0.0000,0.0000,0.0000,0.6895,179.9640,0.0000,0.3105,0.6895,0.0000,0.0000,12.0000,-0.0006,0.0000,0.2423,0.0000,-0.2422
task003_nosolution,false,12,24.0000,1.0000,1.0000,1000,0.0912,0.0000,0.9088,0.3539,0.6437,0.0000,0.0000,0.0890,0.9000,0.0000,0.0000,0.0000,0.0000,0.1775,5.1470,0.0000,0.8225,0.1775,0.0000,0.0000,24.0000,0.0000,0.0000,-0.4883,0.0000,0.4883
task003_nosolution,false,12,24.0000,2.0000,1.0000,1000,0.1011,0.0000,0.8989,0.3118,0.6881,0.0000,0.0000,0.1050,0.8850,0.0000,0.0000,0.0000,0.0000,0.1596,9.2580,0.0000,0.8404,0.1596,0.0000,0.0000,24.0000,0.0000,0.0000,-0.4785,0.0000,0.4785
task003_nosolution,false,12,24.0000,3.0000,1.0000,1000,0.1778,0.0000,0.8222,0.4004,0.5996,0.0000,0.0000,0.1800,0.8080,0.0000,0.0000,0.0000,0.0000,0.2249,19.5690,0.0000,0.7751,0.2249,0.0000,0.0000,24.0000,0.0000,0.0000,-0.4017,0.0000,0.4017
task003_nosolution,false,12,24.0000,6.0000,1.0000,1000,0.2301,0.0000,0.7699,0.4134,0.5864,0.0000,0.0000,0.2200,0.7490,0.0000,0.0000,0.0000,0.0000,0.2663,46.3380,0.0000,0.7337,0.2663,0.0000,0.0000,24.0000,0.0000,0.0000,-0.3494,0.0000,0.3494
task003_nosolution,false,12,24.0000,9.0000,1.0000,1000,0.6713,0.0000,0.3287,0.6177,0.3822,0.0000,0.0000,0.6600,0.2990,0.0000,0.0000,0.0000,0.0000,0.6392,166.8240,0.0000,0.3608,0.6392,0.0000,0.0000,24.0000,0.0000,0.0000,0.0917,0.0000,-0.0917
task003_nosolution,silent,3,,,0.7500,1000,0.4211,0.1000,0.4788,0.3857,0.4090,0.0000,0.0000,0.3800,0.4590,0.0000,0.0000,0.0000,0.0000,,,,,,,,,,,0.0000,0.0000,0.0000
task003_nosolution,silent,6,,,0.7500,1000,0.4196,0.0535,0.5268,0.4008,0.4404,0.0000,0.0000,0.4000,0.5250,0.0000,0.0000,0.0000,0.0000,,,,,,,,,,,0.0000,0.0000,0.0000
task003_nosolution,silent,12,,,0.7500,1000,0.4405,0.0331,0.5264,0.4164,0.4519,0.0000,0.0000,0.4330,0.5170,0.0000,0.0000,0.0000,0.0000,,,,,,,,,,,0.0000,0.0000,0.0000
task003_nosolution,silent,3,,,1.0000,1000,0.6306,0.0000,0.3694,0.5084,0.4622,0.0000,0.0000,0.6380,0.2780,0.0000,0.0000,0.0000,0.0000,,,,,,,,,,,0.0000,0.0000,0.0000
task003_nosolution,silent,6,,,1.0000,1000,0.5985,0.0000,0.4015,0.5079,0.4715,0.0000,0.0000,0.5750,0.3190,0.0000,0.0000,0.0000,0.0000,,,,,,,,,,,0.0000,0.0000,0.0000
task003_nosolution,silent,12,,,1.0000,1000,0.5795,0.0000,0.4205,0.5060,0.4776,0.0000,0.0000,0.5340,0.3370,0.0000,0.0000,0.0000,0.0000,,,,,,,,,,,0.0000,0.0000,0.0000
task003_nosolution,truth,3,3.0000,1.0000,0.7500,1000,0.8689,0.0563,0.0747,0.6200,0.2115,0.0000,0.0000,0.9830,0.0040,0.0000,0.0000,0.0000,0.0000,0.3687,10.6930,0.0000,0.6313,0.3687,0.0000,0.0000,3.0000,0.0019,0.0001,0.4478,-0.0437,-0.4041
task003_nosolution,truth,3,3.0000,2.0000,0.7500,1000,0.8805,0.0544,0.0651,0.6124,0.2005,0.0000,0.0000,0.9900,0.0000,0.0000,0.0000,0.0000,0.0000,0.3509,20.3540,0.0000,0.6491,0.3509,0.0000,0.0000,3.0000,0.0012,0.0001,0.4594,-0.0457,-0.4137
task003_nosolution,truth,3,3.0000,3.0000,0.7500,1000,0.9023,0.0339,0.0638,0.6101,0.2083,0.0000,0.0000,0.9920,0.0030,0.0000,0.0000,0.0000,0.0000,0.3334,29.0040,0.0000,0.6666,0.3334,0.0000,0.0000,3.0000,0.0001,0.0000,0.4812,-0.0662,-0.4150
task003_nosolution,truth,3,3.0000,6.0000,0.7500,1000,0.8011,0.0376,0.1613,0.5302,0.2682,0.0000,0.0000,0.9580,0.0120,0.0000,0.0000,0.0000,0.0000,0.4503,78.3480,0.0000,0.5497,0.4503,0.0000,0.0000,3.0000,0.0011,0.0000,0.3800,-0.0625,-0.3175
task003_nosolution,truth,3,3.0000,9.0000,0.7500,1000,0.7097,0.0163,0.2740,0.4811,0.3322,0.0000,0.0000,0.9190,0.0350,0.0000,0.0000,0.0000,0.0000,0.6591,172.0170,0.0000,0.3409,0.6591,0.0000,0.0000,3.0000,-0.0023,0.0000,0.2886,-0.0837,-0.2049
task003_nosolution,truth,3,6.0000,1.0000,0.7500,1000,0.8526,0.0557,0.0917,0.6070,0.2259,0.0000,0.0000,0.9770,0.0060,0.0000,0.0000,0.0000,0.0000,0.2936,8.5140,0.0000,0.7064,0.2936,0.0000,0.0000,6.0000,0.0014,0.0001,0.4315,-0.0444,-0.3871
task003_nosolution,truth,3,6.0000,2.0000,0.7500,1000,0.8668,0.0516,0.0817,0.6014,0.2175,0.0000,0.0000,0.9870,0.0010,0.0000,0.0000,0.0000,0.0000,0.2659,15.4200,0.0000,0.7341,0.2659,0.0000,0.0000,6.0000,0.0008,0.0001,0.4456,-0.0485,-0.3972
task003_nosolution,truth,3,6.0000,3.0000,0.7500,1000,0.8827,0.0390,0.0783,0.5966,0.2233,0.0000,0.0000,0.9900,0.0020,0.0000,0.0000,0.0000,0.0000,0.2494,21.7020,0.0000,0.7506,0.2494,0.0000,0.0000,6.0000,-0.0002,0.0001,0.4615,-0.0610,-0.4005
task003_nosolution,truth,3,6.0000,6.0000,0.7500,1000,0.7953,0.0483,0.1563,0.5325,0.2672,0.0000,0.0000,0.9450,0.0180,0.0000,0.0000,0.0000,0.0000,0.3671,63.8700,0.0000,0.6329,0.3671,0.0000,0.0000,6.0000,0.0007,0.0000,0.3742,-0.0517,-0.3225
task003_nosolution,truth,3,6.0000,9.0000,0.7500,1000,0.6994,0.0250,0.2756,0.4771,0.3288,0.0000,0.0000,0.8910,0.0470,0.0000,0.0000,0.0000,0.0000,0.6034,157.4910,0.0000,0.3966,0.6034,0.0000,0.0000,6.0000,-0.0001,0.0000,0.2782,-0.0750,-0.2032
task003_nosolution,truth,3,12.0000,1.0000,0.7500,1000,0.8415,0.0550,0.1035,0.5930,0.2363,0.0000,0.0000,0.9720,0.0030,0.0000,0.0000,0.0000,0.0000,0.2525,7.3230,0.0000,0.7475,0.2525,0.0000,0.0000,12.0000,-0.0002,0.0001,0.4203,-0.0450,-0.3753
task003_nosolution,truth,3,12.0000,2.0000,0.7500,1000,0.8595,0.0522,0.0882,0.5915,0.2266,0.0000,0.0000,0.9840,0.0050,0.0000,0.0000,0.0000,0.0000,0.2220,12.8740,0.0000,0.7780,0.2220,0.0000,0.0000,12.0000,0.0002,0.0001,0.4384,-0.0478,-0.3906
task003_nosolution,truth,3,12.0000,3.0000,0.7500,1000,0.8734,0.0408,0.0858,0.5877,0.2291,0.0000,0.0000,0.9860,0.0060,0.0000,0.0000,0.0000,0.0000,0.2014,17.5260,0.0000,0.7986,0.2014,0.0000,0.0000,12.0000,-0.0000,0.0001,0.4523,-0.0592,-0.3930
task003_nosolution,truth,3,12.0000,6.0000,0.7500,1000,0.7951,0.0429,0.1620,0.5311,0.2733,0.0000,0.0000,0.9320,0.0250,0.0000,0.0000,0.0000,0.0000,0.3356,58.3860,0.0000,0.6644,0.3356,0.0000,0.0000,12.0000,-0.0001,0.0000,0.3740,-0.0571,-0.3168
task003_nosolution,truth,3,12.0000,9.0000,0.7500,1000,0.6890,0.0340,0.2770,0.4705,0.3270,0.0000,0.0000,0.8560,0.0710,0.0000,0.0000,0.0000,0.0000,0.5833,152.2440,0.0000,0.4167,0.5833,0.0000,0.0000,12.0000,0.0010,0.0000,0.2679,-0.0660,-0.2019
task003_nosolution,truth,3,24.0000,1.0000,0.7500,1000,0.8457,0.0522,0.1021,0.5855,0.2396,0.0000,0.0000,0.9780,0.0060,0.0000,0.0000,0.0000,0.0000,0.2829,8.2040,0.0000,0.7171,0.2829,0.0000,0.0000,23.9962,0.0001,0.0001,0.4245,-0.0478,-0.3767
task003_nosolution,truth,3,24.0000,2.0000,0.7500,1000,0.8558,0.0547,0.0895,0.5878,0.2279,0.0000,0.0000,0.9780,0.0050,0.0000,0.0000,0.0000,0.0000,0.2268,13.1560,0.0000,0.7732,0.2268,0.0000,0.0000,23.9962,0.0001,0.0001,0.4347,-0.0454,-0.3893
task003_nosolution,truth,3,24.0000,3.0000,0.7500,1000,0.8600,0.0411,0.0990,0.5798,0.2396,0.0000,0.0000,0.9750,0.0090,0.0000,0.0000,0.0000,0.0000,0.2399,20.8740,0.0000,0.7601,0.2399,0.0000,0.0000,23.9971,0.0001,0.0001,0.4388,-0.0590,-0.3799
task003_nosolution,truth,3,24.0000,6.0000,0.7500,1000,0.7478,0.0370,0.2153,0.5129,0.2952,0.0000,0.0000,0.8790,0.0610,0.0000,0.0000,0.0000,0.0000,0.4770,82.9920,0.0000,0.5230,0.4770,0.0000,0.0000,23.9983,0.0000,0.0000,0.3266,-0.0631,-0.2635
task003_nosolution,truth,3,24.0000,9.0000,0.7500,1000,0.6651,0.0429,0.2920,0.4550,0.3291,0.0000,0.0000,0.7880,0.1060,0.0000,0.0000,0.0000,0.0000,0.6773,176.7690,0.0000,0.3227,0.6773,0.0000,0.0000,23.9991,0.0000,0.0000,0.2440,-0.0571,-0.1868
task003_nosolution,truth,6,3.0000,1.0000,0.7500,1000,0.9014,0.0272,0.0714,0.6663,0.2199,0.0000,0.0000,0.9810,0.0050,0.0000,0.0000,0.0000,0.0000,0.2846,8.2530,0.0000,0.7154,0.2846,0.0000,0.0000,3.0000,0.0016,0.0000,0.4818,-0.0263,-0.4555
task003_nosolution,truth,6,3.0000,2.0000,0.7500,1000,0.9115,0.0254,0.0631,0.6783,0.1986,0.0000,0.0000,0.9940,0.0030,0.0000,0.0000,0.0000,0.0000,0.2520,14.6140,0.0000,0.7480,0.2520,0.0000,0.0000,3.0000,0.0007,0.0000,0.4919,-0.0282,-0.4637
task003_nosolution,truth,6,3.0000,3.0000,0.7500,1000,0.9260,0.0181,0.0560,0.6742,0.2014,0.0000,0.0000,0.9930,0.0030,0.0000,0.0000,0.0000,0.0000,0.2373,20.6430,0.0000,0.7627,0.2373,0.0000,0.0000,3.0000,0.0010,0.0000,0.5063,-0.0355,-0.4709
task003_nosolution,truth,6,3.0000,6.0000,0.7500,1000,0.8455,0.0189,0.1356,0.5868,0.2640,0.0000,0.0000,0.9670,0.0230,0.0000,0.0000,0.0000,0.0000,0.3247,56.4960,0.0000,0.6753,0.3247,0.0000,0.0000,3.0000,-0.0006,0.0000,0.4259,-0.0346,-0.3912
task003_nosolution,truth,6,3.0000,9.0000,0.7500,1000,0.8098,0.0101,0.1801,0.5386,0.3067,0.0000,0.0000,0.9550,0.0270,0.0000,0.0000,0.0000,0.0000,0.4579,119.5020,0.0000,0.5421,0.4579,0.0000,0.0000,3.0000,0.0013,0.0000,0.3902,-0.0435,-0.3467
task003_nosolution,truth,6,6.0000,1.0000,0.7500,1000,0.8934,0.0286,0.0780,0.6578,0.2276,0.0000,0.0000,0.9840,0.0060,0.0000,0.0000,0.0000,0.0000,0.2093,6.0710,0.0000,0.7907,0.2093,0.0000,0.0000,6.0000,-0.0002,0.0000,0.4738,-0.0250,-0.4488
task003_nosolution,truth,6,6.0000,2.0000,0.7500,1000,0.9076,0.0252,0.0673,0.6685,0.2074,0.0000,0.0000,0.9920,0.0040,0.0000,0.0000,0.0000,0.0000,0.1682,9.7580,0.0000,0.8318,0.1682,0.0000,0.0000,6.0000,0.0000,0.0000,0.4880,-0.0284,-0.4596
task003_nosolution,truth,6,6.0000,3.0000,0.7500,1000,0.9133,0.0221,0.0646,0.6615,0.2113,0.0000,0.0000,0.9880,0.0040,0.0000,0.0000,0.0000,0.0000,0.1630,14.1780,0.0000,0.8370,0.1630,0.0000,0.0000,6.0000,0.0004,0.0000,0.4937,-0.0315,-0.4622
task003_nosolution,truth,6,6.0000,6.0000,0.7500,1000,0.8716,0.0232,0.1051,0.6068,0.2499,0.0000,0.0000,0.9780,0.0130,0.0000,0.0000,0.0000,0.0000,0.2063,35.9040,0.0000,0.7937,0.2063,0.0000,0.0000,6.0000,0.0013,0.0000,0.4520,-0.0303,-0.4217
task003_nosolution,truth,6,6.0000,9.0000,0.7500,1000,0.7906,0.0165,0.1929,0.5338,0.3097,0.0000,0.0000,0.9570,0.0220,0.0000,0.0000,0.0000,0.0000,0.3757,98.0460,0.0000,0.6243,0.3757,0.0000,0.0000,6.0000,0.0006,0.0000,0.3710,-0.0370,-0.3340
task003_nosolution,truth,6,12.0000,1.0000,0.7500,1000,0.8891,0.0299,0.0810,0.6499,0.2338,0.0000,0.0000,0.9920,0.0040,0.0000,0.0000,0.0000,0.0000,0.1683,4.8810,0.0000,0.8317,0.1683,0.0000,0.0000,12.0000,0.0000,0.0000,0.4695,-0.0236,-0.4458
task003_nosolution,truth,6,12.0000,2.0000,0.7500,1000,0.9001,0.0275,0.0724,0.6590,0.2180,0.0000,0.0000,0.9920,0.0030,0.0000,0.0000,0.0000,0.0000,0.1261,7.3140,0.0000,0.8739,0.1261,0.0000,0.0000,12.0000,0.0006,0.0000,0.4805,-0.0260,-0.4545
task003_nosolution,truth,6,12.0000,3.0000,0.7500,1000,0.9034,0.0248,0.0718,0.6564,0.2159,0.0000,0.0000,0.9890,0.0040,0.0000,0.0000,0.0000,0.0000,0.1268,11.0280,0.0000,0.8732,0.1268,0.0000,0.0000,12.0000,-0.0003,0.0000,0.4838,-0.0287,-0.4550
task003_nosolution,truth,6,12.0000,6.0000,0.7500,1000,0.8701,0.0230,0.1069,0.6064,0.2510,0.0000,0.0000,0.9610,0.0200,0.0000,0.0000,0.0000,0.0000,0.1709,29.7300,0.0000,0.8291,0.1709,0.0000,0.0000,12.0000,-0.0000,0.0000,0.4505,-0.0305,-0.4199
task003_nosolution,truth,6,12.0000,9.0000,0.7500,1000,0.7891,0.0217,0.1892,0.5346,0.3043,0.0000,0.0000,0.9490,0.0260,0.0000,0.0000,0.0000,0.0000,0.3191,83.2770,0.0000,0.6809,0.3191,0.0000,0.0000,12.0000,-0.0005,0.0000,0.3695,-0.0318,-0.3377
task003_nosolution,truth,6,24.0000,1.0000,0.7500,1000,0.8825,0.0319,0.0856,0.6437,0.2348,0.0000,0.0000,0.9860,0.0080,0.0000,0.0000,0.0000,0.0000,0.1763,5.1140,0.0000,0.8237,0.1763,0.0000,0.0000,23.9991,0.0000,0.0000,0.4629,-0.0216,-0.4412
task003_nosolution,truth,6,24.0000,2.0000,0.7500,1000,0.8988,0.0270,0.0743,0.6544,0.2195,0.0000,0.0000,0.9910,0.0040,0.0000,0.0000,0.0000,0.0000,0.1331,7.7200,0.0000,0.8669,0.1331,0.0000,0.0000,23.9992,0.0000,0.0000,0.4791,-0.0266,-0.4525
task003_nosolution,truth,6,24.0000,3.0000,0.7500,1000,0.9036,0.0235,0.0729,0.6515,0.2224,0.0000,0.0000,0.9890,0.0070,0.0000,0.0000,0.0000,0.0000,0.1409,12.2550,0.0000,0.8591,0.1409,0.0000,0.0000,23.9991,0.0000,0.0000,0.4840,-0.0301,-0.4539
task003_nosolution,truth,6,24.0000,6.0000,0.7500,1000,0.8570,0.0216,0.1214,0.5974,0.2600,0.0000,0.0000,0.9600,0.0250,0.0000,0.0000,0.0000,0.0000,0.2127,37.0020,0.0000,0.7873,0.2127,0.0000,0.0000,23.9996,0.0000,0.0000,0.4373,-0.0319,-0.4054
task003_nosolution,truth,6,24.0000,9.0000,0.7500,1000,0.7790,0.0226,0.1984,0.5266,0.3093,0.0000,0.0000,0.9210,0.0430,0.0000,0.0000,0.0000,0.0000,0.3480,90.8370,0.0000,0.6520,0.3480,0.0000,0.0000,23.9996,0.0000,0.0000,0.3594,-0.0309,-0.3285
task003_nosolution,truth,12,3.0000,1.0000,0.7500,1000,0.9249,0.0144,0.0607,0.6921,0.2238,0.0000,0.0000,0.9870,0.0060,0.0000,0.0000,0.0000,0.0000,0.2340,6.7850,0.0000,0.7660,0.2340,0.0000,0.0000,3.0000,0.0007,0.0000,0.4843,-0.0187,-0.4656
task003_nosolution,truth,12,3.0000,2.0000,0.7500,1000,0.9389,0.0136,0.0475,0.7302,0.1881,0.0000,0.0000,0.9940,0.0030,0.0000,0.0000,0.0000,0.0000,0.1811,10.5060,0.0000,0.8189,0.1811,0.0000,0.0000,3.0000,0.0004,0.0000,0.4983,-0.0195,-0.4789
task003_nosolution,truth,12,3.0000,3.0000,0.7500,1000,0.9414,0.0099,0.0488,0.7287,0.1912,0.0000,0.0000,0.9930,0.0050,0.0000,0.0000,0.0000,0.0000,0.1729,15.0390,0.0000,0.8271,0.1729,0.0000,0.0000,3.0000,0.0009,0.0000,0.5008,-0.0232,-0.4776
task003_nosolution,truth,12,3.0000,6.0000,0.7500,1000,0.8945,0.0083,0.0973,0.6623,0.2402,0.0000,0.0000,0.9500,0.0290,0.0000,0.0000,0.0000,0.0000,0.2114,36.7920,0.0000,0.7886,0.2114,0.0000,0.0000,3.0000,0.0008,0.0000,0.4540,-0.0248,-0.4291
task003_nosolution,truth,12,3.0000,9.0000,0.7500,1000,0.8731,0.0073,0.1195,0.6052,0.2808,0.0000,0.0000,0.9660,0.0260,0.0000,0.0000,0.0000,0.0000,0.3051,79.6320,0.0000,0.6949,0.3051,0.0000,0.0000,3.0000,-0.0002,0.0000,0.4326,-0.0257,-0.4068
task003_nosolution,truth,12,6.0000,1.0000,0.7500,1000,0.9287,0.0123,0.0590,0.6941,0.2257,0.0000,0.0000,0.9930,0.0030,0.0000,0.0000,0.0000,0.0000,0.1553,4.5040,0.0000,0.8447,0.1553,0.0000,0.0000,6.0000,0.0015,0.0000,0.4881,-0.0208,-0.4674
task003_nosolution,truth,12,6.0000,2.0000,0.7500,1000,0.9355,0.0142,0.0503,0.7159,0.1978,0.0000,0.0000,0.9970,0.0020,0.0000,0.0000,0.0000,0.0000,0.1132,6.5660,0.0000,0.8868,0.1132,0.0000,0.0000,6.0000,0.0016,0.0000,0.4950,-0.0189,-0.4760
task003_nosolution,truth,12,6.0000,3.0000,0.7500,1000,0.9364,0.0119,0.0517,0.7200,0.1968,0.0000,0.0000,0.9890,0.0070,0.0000,0.0000,0.0000,0.0000,0.1121,9.7500,0.0000,0.8879,0.1121,0.0000,0.0000,6.0000,0.0002,0.0000,0.4958,-0.0212,-0.4747
task003_nosolution,truth,12,6.0000,6.0000,0.7500,1000,0.9229,0.0128,0.0643,0.6751,0.2219,0.0000,0.0000,0.9840,0.0110,0.0000,0.0000,0.0000,0.0000,0.1219,21.2100,0.0000,0.8781,0.1219,0.0000,0.0000,6.0000,0.0008,0.0000,0.4823,-0.0203,-0.4621
task003_nosolution,truth,12,6.0000,9.0000,0.7500,1000,0.8660,0.0123,0.1217,0.6039,0.2795,0.0000,0.0000,0.9600,0.0210,0.0000,0.0000,0.0000,0.0000,0.2143,55.9260,0.0000,0.7857,0.2143,0.0000,0.0000,6.0000,0.0005,0.0000,0.4255,-0.0208,-0.4047
task003_nosolution,truth,12,12.0000,1.0000,0.7500,1000,0.9197,0.0124,0.0679,0.6877,0.2323,0.0000,0.0000,0.9900,0.0070,0.0000,0.0000,0.0000,0.0000,0.1200,3.4800,0.0000,0.8800,0.1200,0.0000,0.0000,12.0000,0.0001,0.0000,0.4792,-0.0207,-0.4585
task003_nosolution,truth,12,12.0000,2.0000,0.7500,1000,0.9293,0.0159,0.0548,0.7068,0.2021,0.0000,0.0000,0.9940,0.0040,0.0000,0.0000,0.0000,0.0000,0.0898,5.2100,0.0000,0.9102,0.0898,0.0000,0.0000,12.0000,-0.0000,0.0000,0.4888,-0.0172,-0.4716
task003_nosolution,truth,12,12.0000,3.0000,0.7500,1000,0.9325,0.0130,0.0545,0.7147,0.1993,0.0000,0.0000,0.9920,0.0040,0.0000,0.0000,0.0000,0.0000,0.0818,7.1190,0.0000,0.9182,0.0818,0.0000,0.0000,12.0000,0.0002,0.0000,0.4920,-0.0201,-0.4719
task003_nosolution,truth,12,12.0000,6.0000,0.7500,1000,0.9251,0.0117,0.0632,0.6728,0.2283,0.0000,0.0000,0.9920,0.0040,0.0000,0.0000,0.0000,0.0000,0.0968,16.8420,0.0000,0.9032,0.0968,0.0000,0.0000,12.0000,-0.0001,0.0000,0.4846,-0.0214,-0.4632
task003_nosolution,truth,12,12.0000,9.0000,0.7500,1000,0.8533,0.0149,0.1318,0.6020,0.2861,0.0000,0.0000,0.9560,0.0270,0.0000,0.0000,0.0000,0.0000,0.1674,43.6860,0.0000,0.8326,0.1674,0.0000,0.0000,12.0000,0.0003,0.0000,0.4128,-0.0182,-0.3946
task003_nosolution,truth,12,24.0000,1.0000,0.7500,1000,0.9187,0.0145,0.0669,0.6852,0.2313,0.0000,0.0000,0.9910,0.0040,0.0000,0.0000,0.0000,0.0000,0.1185,3.4370,0.0000,0.8815,0.1185,0.0000,0.0000,23.9992,0.0000,0.0000,0.4781,-0.0186,-0.4595
task003_nosolution,truth,12,24.0000,2.0000,0.7500,1000,0.9308,0.0167,0.0525,0.7047,0.2039,0.0000,0.0000,0.9970,0.0020,0.0000,0.0000,0.0000,0.0000,0.0890,5.1640,0.0000,0.9110,0.0890,0.0000,0.0000,23.9996,0.0000,0.0000,0.4903,-0.0164,-0.4739
task003_nosolution,truth,12,24.0000,3.0000,0.7500,1000,0.9290,0.0136,0.0574,0.7108,0.2030,0.0000,0.0000,0.9890,0.0090,0.0000,0.0000,0.0000,0.0000,0.0857,7.4550,0.0000,0.9143,0.0857,0.0000,0.0000,23.9996,0.0000,0.0000,0.4885,-0.0195,-0.4690
task003_nosolution,truth,12,24.0000,6.0000,0.7500,1000,0.9143,0.0139,0.0718,0.6682,0.2303,0.0000,0.0000,0.9860,0.0080,0.0000,0.0000,0.0000,0.0000,0.1046,18.1980,0.0000,0.8954,0.1046,0.0000,0.0000,23.9997,0.0000,0.0000,0.4738,-0.0192,-0.4545
task003_nosolution,truth,12,24.0000,9.0000,0.7500,1000,0.8585,0.0168,0.1247,0.6013,0.2838,0.0000,0.0000,0.9630,0.0260,0.0000,0.0000,0.0000,0.0000,0.1687,44.0190,0.0000,0.8313,0.1687,0.0000,0.0000,23.9997,0.0000,0.0000,0.4180,-0.0163,-0.4017
task003_nosolution,truth,3,3.0000,1.0000,1.0000,1000,0.9869,0.0000,0.0131,0.7495,0.2382,0.0000,0.0000,0.9940,0.0060,0.0000,0.0000,0.0000,0.0000,0.1613,4.6790,0.0000,0.8387,0.1613,0.0000,0.0000,3.0000,-0.0007,0.0000,0.3563,0.0000,-0.3563
task003_nosolution,truth,3,3.0000,2.0000,1.0000,1000,0.9964,0.0000,0.0036,0.8296,0.1641,0.0000,0.0000,1.0000,0.0000,0.0000,0.0000,0.0000,0.0000,0.1067,6.1860,0.0000,0.8933,0.1067,0.0000,0.0000,3.0000,-0.0008,0.0000,0.3658,0.0000,-0.3658
task003_nosolution,truth,3,3.0000,3.0000,1.0000,1000,0.9987,0.0000,0.0013,0.8619,0.1368,0.0000,0.0000,1.0000,0.0000,0.0000,0.0000,0.0000,0.0000,0.1047,9.1050,0.0000,0.8953,0.1047,0.0000,0.0000,3.0000,-0.0002,0.0000,0.3681,0.0000,-0.3681
task003_nosolution,truth,3,3.0000,6.0000,1.0000,1000,0.9919,0.0000,0.0081,0.8265,0.1704,0.0000,0.0000,0.9990,0.0010,0.0000,0.0000,0.0000,0.0000,0.1546,26.8980,0.0000,0.8454,0.1546,0.0000,0.0000,3.0000,-0.0010,0.0000,0.3613,0.0000,-0.3613
task003_nosolution,truth,3,3.0000,9.0000,1.0000,1000,0.9920,0.0000,0.0080,0.8411,0.1548,0.0000,0.0000,1.0000,0.0000,0.0000,0.0000,0.0000,0.0000,0.1942,50.6790,0.0000,0.8058,0.1942,0.0000,0.0000,3.0000,-0.0001,0.0000,0.3614,0.0000,-0.3614
task003_nosolution,truth,3,6.0000,1.0000,1.0000,1000,0.9907,0.0000,0.0093,0.7522,0.2381,0.0000,0.0000,0.9990,0.0010,0.0000,0.0000,0.0000,0.0000,0.1047,3.0360,0.0000,0.8953,0.1047,0.0000,0.0000,6.0000,0.0011,0.0000,0.3601,0.0000,-0.3601
task003_nosolution,truth,3,6.0000,2.0000,1.0000,1000,0.9950,0.0000,0.0050,0.8261,0.1673,0.0000,0.0000,1.0000,0.0000,0.0000,0.0000,0.0000,0.0000,0.0760,4.4100,0.0000,0.9240,0.0760,0.0000,0.0000,6.0000,0.0006,0.0000,0.3644,0.0000,-0.3644
task003_nosolution,truth,3,6.0000,3.0000,1.0000,1000,0.9973,0.0000,0.0027,0.8654,0.1322,0.0000,0.0000,1.0000,0.0000,0.0000,0.0000,0.0000,0.0000,0.0778,6.7650,0.0000,0.9222,0.0778,0.0000,0.0000,6.0000,-0.0003,0.0000,0.3668,0.0000,-0.3667
task003_nosolution,truth,3,6.0000,6.0000,1.0000,1000,0.9964,0.0000,0.0036,0.8484,0.1477,0.0000,0.0000,1.0000,0.0000,0.0000,0.0000,0.0000,0.0000,0.0974,16.9500,0.0000,0.9026,0.0974,0.0000,0.0000,6.0000,-0.0000,0.0000,0.3658,0.0000,-0.3658
task003_nosolution,truth,3,6.0000,9.0000,1.0000,1000,0.9912,0.0000,0.0088,0.8402,0.1552,0.0000,0.0000,0.9990,0.0010,0.0000,0.0000,0.0000,0.0000,0.1477,38.5560,0.0000,0.8523,0.1477,0.0000,0.0000,6.0000,-0.0004,0.0000,0.3606,0.0000,-0.3606
task003_nosolution,truth,3,12.0000,1.0000,1.0000,1000,0.9907,0.0000,0.0093,0.7560,0.2351,0.0000,0.0000,1.0000,0.0000,0.0000,0.0000,0.0000,0.0000,0.0791,2.2930,0.0000,0.9209,0.0791,0.0000,0.0000,12.0000,-0.0001,0.0000,0.3601,0.0000,-0.3601
task003_nosolution,truth,3,12.0000,2.0000,1.0000,1000,0.9943,0.0000,0.0057,0.8295,0.1642,0.0000,0.0000,1.0000,0.0000,0.0000,0.0000,0.0000,0.0000,0.0657,3.8080,0.0000,0.9343,0.0657,0.0000,0.0000,12.0000,0.0000,0.0000,0.3637,0.0000,-0.3637
task003_nosolution,truth,3,12.0000,3.0000,1.0000,1000,0.9965,0.0000,0.0035,0.8636,0.1338,0.0000,0.0000,1.0000,0.0000,0.0000,0.0000,0.0000,0.0000,0.0653,5.6850,0.0000,0.9347,0.0653,0.0000,0.0000,12.0000,-0.0000,0.0000,0.3659,0.0000,-0.3659
task003_nosolution,truth,3,12.0000,6.0000,1.0000,1000,0.9938,0.0000,0.0062,0.8521,0.1434,0.0000,0.0000,1.0000,0.0000,0.0000,0.0000,0.0000,0.0000,0.0830,14.4420,0.0000,0.9170,0.0830,0.0000,0.0000,12.0000,0.0003,0.0000,0.3633,0.0000,-0.3632
task003_nosolution,truth,3,12.0000,9.0000,1.0000,1000,0.9906,0.0000,0.0094,0.8364,0.1581,0.0000,0.0000,1.0000,0.0000,0.0000,0.0000,0.0000,0.0000,0.1240,32.3730,0.0000,0.8760,0.1240,0.0000,0.0000,12.0000,0.0000,0.0000,0.3600,0.0000,-0.3600
task003_nosolution,truth,3,24.0000,1.0000,1.0000,1000,0.9929,0.0000,0.0071,0.7698,0.2223,0.0000,0.0000,1.0000,0.0000,0.0000,0.0000,0.0000,0.0000,0.0779,2.2590,0.0000,0.9221,0.0779,0.0000,0.0000,24.0000,0.0000,0.0000,0.3623,0.0000,-0.3623
task003_nosolution,truth,3,24.0000,2.0000,1.0000,1000,0.9961,0.0000,0.0039,0.8392,0.1556,0.0000,0.0000,1.0000,0.0000,0.0000,0.0000,0.0000,0.0000,0.0668,3.8720,0.0000,0.9332,0.0668,0.0000,0.0000,24.0000,0.0000,0.0000,0.3655,0.0000,-0.3655
task003_nosolution,truth,3,24.0000,3.0000,1.0000,1000,0.9956,0.0000,0.0044,0.8670,0.1306,0.0000,0.0000,1.0000,0.0000,0.0000,0.0000,0.0000,0.0000,0.0722,6.2850,0.0000,0.9278,0.0722,0.0000,0.0000,24.0000,0.0000,0.0000,0.3650,0.0000,-0.3650
task003_nosolution,truth,3,24.0000,6.0000,1.0000,1000,0.9938,0.0000,0.0062,0.8594,0.1357,0.0000,0.0000,1.0000,0.0000,0.0000,0.0000,0.0000,0.0000,0.1023,17.7960,0.0000,0.8977,0.1023,0.0000,0.0000,24.0000,0.0000,0.0000,0.3632,0.0000,-0.3632
task003_nosolution,truth,3,24.0000,9.0000,1.0000,1000,0.9898,0.0000,0.0102,0.8443,0.1496,0.0000,0.0000,0.9990,0.0000,0.0000,0.0000,0.0000,0.0000,0.1381,36.0540,0.0000,0.8619,0.1381,0.0000,0.0000,24.0000,0.0000,0.0000,0.3593,0.0000,-0.3592
task003_nosolution,truth,6,3.0000,1.0000,1.0000,1000,0.9933,0.0000,0.0067,0.7237,0.2693,0.0000,0.0000,0.9950,0.0040,0.0000,0.0000,0.0000,0.0000,0.1143,3.3140,0.0000,0.8857,0.1143,0.0000,0.0000,3.0000,0.0005,0.0000,0.3948,0.0000,-0.3948
task003_nosolution,truth,6,3.0000,2.0000,1.0000,1000,0.9972,0.0000,0.0028,0.8007,0.1929,0.0000,0.0000,1.0000,0.0000,0.0000,0.0000,0.0000,0.0000,0.0663,3.8460,0.0000,0.9337,0.0663,0.0000,0.0000,3.0000,0.0004,0.0000,0.3987,0.0000,-0.3987
task003_nosolution,truth,6,3.0000,3.0000,1.0000,1000,0.9981,0.0000,0.0019,0.8665,0.1325,0.0000,0.0000,1.0000,0.0000,0.0000,0.0000,0.0000,0.0000,0.0613,5.3310,0.0000,0.9387,0.0613,0.0000,0.0000,3.0000,0.0007,0.0000,0.3996,0.0000,-0.3996
task003_nosolution,truth,6,3.0000,6.0000,1.0000,1000,0.9982,0.0000,0.0017,0.8418,0.1561,0.0000,0.0000,1.0000,0.0000,0.0000,0.0000,0.0000,0.0000,0.0806,14.0220,0.0000,0.9194,0.0806,0.0000,0.0000,3.0000,-0.0004,0.0000,0.3997,0.0000,-0.3998
task003_nosolution,truth,6,3.0000,9.0000,1.0000,1000,0.9966,0.0000,0.0034,0.8587,0.1394,0.0000,0.0000,0.9980,0.0020,0.0000,0.0000,0.0000,0.0000,0.1063,27.7560,0.0000,0.8937,0.1063,0.0000,0.0000,3.0000,0.0000,0.0000,0.3981,0.0000,-0.3981
task003_nosolution,truth,6,6.0000,1.0000,1.0000,1000,0.9979,0.0000,0.0021,0.7232,0.2692,0.0000,0.0000,0.9990,0.0010,0.0000,0.0000,0.0000,0.0000,0.0750,2.1760,0.0000,0.9250,0.0750,0.0000,0.0000,6.0000,0.0000,0.0000,0.3994,0.0000,-0.3994
task003_nosolution,truth,6,6.0000,2.0000,1.0000,1000,0.9990,0.0000,0.0010,0.8013,0.1915,0.0000,0.0000,1.0000,0.0000,0.0000,0.0000,0.0000,0.0000,0.0489,2.8340,0.0000,0.9511,0.0489,0.0000,0.0000,6.0000,0.0000,0.0000,0.4005,0.0000,-0.4005
task003_nosolution,truth,6,6.0000,3.0000,1.0000,1000,0.9985,0.0000,0.0015,0.8695,0.1287,0.0000,0.0000,1.0000,0.0000,0.0000,0.0000,0.0000,0.0000,0.0471,4.1010,0.0000,0.9529,0.0471,0.0000,0.0000,6.0000,0.0002,0.0000,0.4000,0.0000,-0.4000
task003_nosolution,truth,6,6.0000,6.0000,1.0000,1000,0.9981,0.0000,0.0019,0.8603,0.1372,0.0000,0.0000,1.0000,0.0000,0.0000,0.0000,0.0000,0.0000,0.0562,9.7860,0.0000,0.9438,0.0562,0.0000,0.0000,6.0000,-0.0003,0.0000,0.3996,0.0000,-0.3996
task003_nosolution,truth,6,6.0000,9.0000,1.0000,1000,0.9975,0.0000,0.0025,0.8626,0.1346,0.0000,0.0000,0.9990,0.0000,0.0000,0.0000,0.0000,0.0000,0.0801,20.9070,0.0000,0.9199,0.0801,0.0000,0.0000,6.0000,0.0005,0.0000,0.3990,0.0000,-0.3990
task003_nosolution,truth,6,12.0000,1.0000,1.0000,1000,0.9968,0.0000,0.0032,0.7223,0.2700,0.0000,0.0000,1.0000,0.0000,0.0000,0.0000,0.0000,0.0000,0.0584,1.6950,0.0000,0.9416,0.0584,0.0000,0.0000,12.0000,0.0001,0.0000,0.3983,0.0000,-0.3983
task003_nosolution,truth,6,12.0000,2.0000,1.0000,1000,0.9978,0.0000,0.0022,0.7962,0.1958,0.0000,0.0000,1.0000,0.0000,0.0000,0.0000,0.0000,0.0000,0.0419,2.4280,0.0000,0.9581,0.0419,0.0000,0.0000,12.0000,0.0001,0.0000,0.3993,0.0000,-0.3993
task003_nosolution,truth,6,12.0000,3.0000,1.0000,1000,0.9982,0.0000,0.0018,0.8692,0.1282,0.0000,0.0000,1.0000,0.0000,0.0000,0.0000,0.0000,0.0000,0.0419,3.6420,0.0000,0.9581,0.0419,0.0000,0.0000,12.0000,0.0001,0.0000,0.3997,0.0000,-0.3997
task003_nosolution,truth,6,12.0000,6.0000,1.0000,1000,0.9981,0.0000,0.0019,0.8680,0.1293,0.0000,0.0000,1.0000,0.0000,0.0000,0.0000,0.0000,0.0000,0.0447,7.7700,0.0000,0.9553,0.0447,0.0000,0.0000,12.0000,0.0001,0.0000,0.3996,0.0000,-0.3996
task003_nosolution,truth,6,12.0000,9.0000,1.0000,1000,0.9981,0.0000,0.0019,0.8632,0.1337,0.0000,0.0000,1.0000,0.0000,0.0000,0.0000,0.0000,0.0000,0.0643,16.7850,0.0000,0.9357,0.0643,0.0000,0.0000,12.0000,0.0001,0.0000,0.3996,0.0000,-0.3996
task003_nosolution,truth,6,24.0000,1.0000,1.0000,1000,0.9972,0.0000,0.0027,0.7293,0.2633,0.0000,0.0000,1.0000,0.0000,0.0000,0.0000,0.0000,0.0000,0.0548,1.5880,0.0000,0.9452,0.0548,0.0000,0.0000,24.0000,0.0000,0.0000,0.3987,0.0000,-0.3988
task003_nosolution,truth,6,24.0000,2.0000,1.0000,1000,0.9985,0.0000,0.0015,0.8072,0.1856,0.0000,0.0000,1.0000,0.0000,0.0000,0.0000,0.0000,0.0000,0.0427,2.4780,0.0000,0.9573,0.0427,0.0000,0.0000,24.0000,0.0000,0.0000,0.4000,0.0000,-0.4000
task003_nosolution,truth,6,24.0000,3.0000,1.0000,1000,0.9989,0.0000,0.0011,0.8744,0.1231,0.0000,0.0000,1.0000,0.0000,0.0000,0.0000,0.0000,0.0000,0.0427,3.7170,0.0000,0.9573,0.0427,0.0000,0.0000,24.0000,0.0000,0.0000,0.4004,0.0000,-0.4004
task003_nosolution,truth,6,24.0000,6.0000,1.0000,1000,0.9985,0.0000,0.0015,0.8727,0.1246,0.0000,0.0000,1.0000,0.0000,0.0000,0.0000,0.0000,0.0000,0.0483,8.4120,0.0000,0.9517,0.0483,0.0000,0.0000,24.0000,0.0000,0.0000,0.4000,0.0000,-0.4000
task003_nosolution,truth,6,24.0000,9.0000,1.0000,1000,0.9979,0.0000,0.0021,0.8684,0.1288,0.0000,0.0000,0.9990,0.0010,0.0000,0.0000,0.0000,0.0000,0.0662,17.2800,0.0000,0.9338,0.0662,0.0000,0.0000,24.0000,0.0000,0.0000,0.3994,0.0000,-0.3994
task003_nosolution,truth,12,3.0000,1.0000,1.0000,1000,0.9980,0.0000,0.0020,0.7055,0.2894,0.0000,0.0000,0.9990,0.0010,0.0000,0.0000,0.0000,0.0000,0.0876,2.5410,0.0000,0.9124,0.0876,0.0000,0.0000,3.0000,-0.0000,0.0000,0.4185,0.0000,-0.4185
task003_nosolution,truth,12,3.0000,2.0000,1.0000,1000,0.9981,0.0000,0.0019,0.7854,0.2083,0.0000,0.0000,0.9990,0.0000,0.0000,0.0000,0.0000,0.0000,0.0460,2.6700,0.0000,0.9540,0.0460,0.0000,0.0000,3.0000,0.0002,0.0000,0.4185,0.0000,-0.4185
task003_nosolution,truth,12,3.0000,3.0000,1.0000,1000,0.9992,0.0000,0.0008,0.8684,0.1306,0.0000,0.0000,1.0000,0.0000,0.0000,0.0000,0.0000,0.0000,0.0448,3.9000,0.0000,0.9552,0.0448,0.0000,0.0000,3.0000,0.0000,0.0000,0.4197,0.0000,-0.4197
task003_nosolution,truth,12,3.0000,6.0000,1.0000,1000,0.9992,0.0000,0.0008,0.8572,0.1404,0.0000,0.0000,1.0000,0.0000,0.0000,0.0000,0.0000,0.0000,0.0498,8.6580,0.0000,0.9502,0.0498,0.0000,0.0000,3.0000,-0.0001,0.0000,0.4197,0.0000,-0.4197
task003_nosolution,truth,12,3.0000,9.0000,1.0000,1000,0.9992,0.0000,0.0008,0.8706,0.1280,0.0000,0.0000,1.0000,0.0000,0.0000,0.0000,0.0000,0.0000,0.0580,15.1380,0.0000,0.9420,0.0580,0.0000,0.0000,3.0000,-0.0003,0.0000,0.4197,0.0000,-0.4197
task003_nosolution,truth,12,6.0000,1.0000,1.0000,1000,0.9990,0.0000,0.0010,0.7074,0.2866,0.0000,0.0000,1.0000,0.0000,0.0000,0.0000,0.0000,0.0000,0.0638,1.8490,0.0000,0.9362,0.0638,0.0000,0.0000,6.0000,0.0006,0.0000,0.4195,0.0000,-0.4195
task003_nosolution,truth,12,6.0000,2.0000,1.0000,1000,0.9994,0.0000,0.0006,0.7829,0.2114,0.0000,0.0000,1.0000,0.0000,0.0000,0.0000,0.0000,0.0000,0.0402,2.3300,0.0000,0.9598,0.0402,0.0000,0.0000,6.0000,0.0004,0.0000,0.4198,0.0000,-0.4198
task003_nosolution,truth,12,6.0000,3.0000,1.0000,1000,0.9992,0.0000,0.0008,0.8673,0.1313,0.0000,0.0000,1.0000,0.0000,0.0000,0.0000,0.0000,0.0000,0.0373,3.2430,0.0000,0.9627,0.0373,0.0000,0.0000,6.0000,0.0003,0.0000,0.4197,0.0000,-0.4197
task003_nosolution,truth,12,6.0000,6.0000,1.0000,1000,0.9994,0.0000,0.0006,0.8653,0.1322,0.0000,0.0000,1.0000,0.0000,0.0000,0.0000,0.0000,0.0000,0.0378,6.5700,0.0000,0.9622,0.0378,0.0000,0.0000,6.0000,0.0005,0.0000,0.4198,0.0000,-0.4198
task003_nosolution,truth,12,6.0000,9.0000,1.0000,1000,0.9995,0.0000,0.0005,0.8710,0.1269,0.0000,0.0000,1.0000,0.0000,0.0000,0.0000,0.0000,0.0000,0.0450,11.7360,0.0000,0.9550,0.0450,0.0000,0.0000,6.0000,0.0005,0.0000,0.4200,0.0000,-0.4200
task003_nosolution,truth,12,12.0000,1.0000,1.0000,1000,0.9980,0.0000,0.0020,0.7090,0.2853,0.0000,0.0000,1.0000,0.0000,0.0000,0.0000,0.0000,0.0000,0.0522,1.5140,0.0000,0.9478,0.0522,0.0000,0.0000,12.0000,0.0001,0.0000,0.4184,0.0000,-0.4184
task003_nosolution,truth,12,12.0000,2.0000,1.0000,1000,0.9988,0.0000,0.0012,0.7856,0.2087,0.0000,0.0000,1.0000,0.0000,0.0000,0.0000,0.0000,0.0000,0.0367,2.1280,0.0000,0.9633,0.0367,0.0000,0.0000,12.0000,0.0001,0.0000,0.4193,0.0000,-0.4193
task003_nosolution,truth,12,12.0000,3.0000,1.0000,1000,0.9988,0.0000,0.0013,0.8679,0.1302,0.0000,0.0000,1.0000,0.0000,0.0000,0.0000,0.0000,0.0000,0.0356,3.0960,0.0000,0.9644,0.0356,0.0000,0.0000,12.0000,-0.0000,0.0000,0.4192,0.0000,-0.4192
task003_nosolution,truth,12,12.0000,6.0000,1.0000,1000,0.9988,0.0000,0.0012,0.8661,0.1313,0.0000,0.0000,1.0000,0.0000,0.0000,0.0000,0.0000,0.0000,0.0361,6.2760,0.0000,0.9639,0.0361,0.0000,0.0000,12.0000,0.0001,0.0000,0.4193,0.0000,-0.4193
task003_nosolution,truth,12,12.0000,9.0000,1.0000,1000,0.9983,0.0000,0.0017,0.8705,0.1273,0.0000,0.0000,1.0000,0.0000,0.0000,0.0000,0.0000,0.0000,0.0418,10.9170,0.0000,0.9582,0.0418,0.0000,0.0000,12.0000,0.0000,0.0000,0.4188,0.0000,-0.4188
task003_nosolution,truth,12,24.0000,1.0000,1.0000,1000,0.9978,0.0000,0.0022,0.7136,0.2799,0.0000,0.0000,1.0000,0.0000,0.0000,0.0000,0.0000,0.0000,0.0495,1.4360,0.0000,0.9505,0.0495,0.0000,0.0000,24.0000,0.0000,0.0000,0.4183,0.0000,-0.4183
task003_nosolution,truth,12,24.0000,2.0000,1.0000,1000,0.9985,0.0000,0.0015,0.7886,0.2057,0.0000,0.0000,1.0000,0.0000,0.0000,0.0000,0.0000,0.0000,0.0367,2.1280,0.0000,0.9633,0.0367,0.0000,0.0000,24.0000,0.0000,0.0000,0.4190,0.0000,-0.4190
task003_nosolution,truth,12,24.0000,3.0000,1.0000,1000,0.9988,0.0000,0.0013,0.8727,0.1256,0.0000,0.0000,1.0000,0.0000,0.0000,0.0000,0.0000,0.0000,0.0358,3.1170,0.0000,0.9642,0.0358,0.0000,0.0000,24.0000,0.0000,0.0000,0.4192,0.0000,-0.4192
task003_nosolution,truth,12,24.0000,6.0000,1.0000,1000,0.9988,0.0000,0.0012,0.8742,0.1234,0.0000,0.0000,1.0000,0.0000,0.0000,0.0000,0.0000,0.0000,0.0362,6.3000,0.0000,0.9638,0.0362,0.0000,0.0000,24.0000,0.0000,0.0000,0.4193,0.0000,-0.4193
task003_nosolution,truth,12,24.0000,9.0000,1.0000,1000,0.9981,0.0000,0.0019,0.8747,0.1230,0.0000,0.0000,1.0000,0.0000,0.0000,0.0000,0.0000,0.0000,0.0414,10.8090,0.0000,0.9586,0.0414,0.0000,0.0000,24.0000,0.0000,0.0000,0.4186,0.0000,-0.4186
task003_symmetric,false,3,3.0000,1.0000,0.7500,1000,0.1380,0.0545,0.8075,0.2696,0.6039,0.0008,0.0000,0.0330,0.9140,0.0000,0.0000,0.0000,0.0000,0.5723,16.5980,0.0000,0.4277,0.5715,0.0000,0.0008,3.0000,0.0024,0.0000,-0.5577,-0.0378,0.5955
task003_symmetric,false,3,3.0000,2.0000,0.7500,1000,0.0726,0.0574,0.8700,0.2186,0.6550,0.0002,0.0000,0.0020,0.9770,0.0000,0.0000,0.0000,0.0000,0.4602,26.6940,0.0000,0.5398,0.4597,0.0000,0.0006,3.0000,-0.0000,0.0000,-0.6230,-0.0350,0.6580
task003_symmetric,false,3,3.0000,3.0000,0.7500,1000,0.0511,0.0555,0.8933,0.1973,0.6711,0.0003,0.0000,0.0000,0.9910,0.0000,0.0000,0.0000,0.0000,0.4208,36.6120,0.0000,0.5792,0.4203,0.0000,0.0005,3.0000,-0.0011,0.0000,-0.6445,-0.0368,0.6814
task003_symmetric,false,3,3.0000,6.0000,0.7500,1000,0.0206,0.0550,0.9245,0.1655,0.6765,0.0000,0.0000,0.0000,0.9910,0.0000,0.0000,0.0000,0.0000,0.3664,63.7500,0.0000,0.6336,0.3660,0.0000,0.0004,3.0000,-0.0007,0.0000,-0.6751,-0.0374,0.7125
task003_symmetric,false,3,3.0000,9.0000,0.7500,1000,0.0165,0.0432,0.9403,0.1668,0.6663,0.0000,0.0000,0.0000,0.9980,0.0000,0.0000,0.0000,0.0000,0.3116,81.3150,0.0000,0.6884,0.3112,0.0000,0.0003,3.0000,0.0001,0.0000,-0.6792,-0.0491,0.7283
task003_symmetric,false,3,6.0000,1.0000,0.7500,1000,0.1202,0.0612,0.8185,0.2507,0.6080,0.0003,0.0000,0.0170,0.9470,0.0000,0.0000,0.0000,0.0000,0.4854,14.0770,0.0000,0.5146,0.4792,0.0000,0.0062,6.0000,0.0013,0.0001,-0.5754,-0.0311,0.6065
task003_symmetric,false,3,6.0000,2.0000,0.7500,1000,0.0657,0.0615,0.8728,0.2133,0.6455,0.0003,0.0000,0.0020,0.9780,0.0000,0.0000,0.0000,0.0000,0.3769,21.8600,0.0000,0.6231,0.3732,0.0000,0.0037,6.0000,-0.0007,0.0000,-0.6300,-0.0309,0.6608
task003_symmetric,false,3,6.0000,3.0000,0.7500,1000,0.0557,0.0660,0.8782,0.2040,0.6449,0.0002,0.0000,0.0000,0.9850,0.0000,0.0000,0.0000,0.0000,0.3332,28.9890,0.0000,0.6668,0.3304,0.0000,0.0028,6.0000,0.0000,0.0000,-0.6400,-0.0263,0.6663
task003_symmetric,false,3,6.0000,6.0000,0.7500,1000,0.0255,0.0669,0.9076,0.1773,0.6516,0.0000,0.0000,0.0000,0.9920,0.0000,0.0000,0.0000,0.0000,0.2880,50.1060,0.0000,0.7120,0.2856,0.0000,0.0024,6.0000,0.0003,0.0000,-0.6701,-0.0255,0.6956
task003_symmetric,false,3,6.0000,9.0000,0.7500,1000,0.0231,0.0440,0.9329,0.1816,0.6448,0.0000,0.0000,0.0010,0.9990,0.0000,0.0000,0.0000,0.0000,0.2350,61.3350,0.0000,0.7650,0.2331,0.0000,0.0019,6.0000,0.0016,0.0000,-0.6725,-0.0484,0.7210
task003_symmetric,false,3,12.0000,1.0000,0.7500,1000,0.1070,0.0678,0.8251,0.2393,0.6060,0.0008,0.0000,0.0060,0.9490,0.0000,0.0000,0.0000,0.0000,0.4307,12.4900,0.0000,0.5693,0.4021,0.0000,0.0286,12.0000,0.0004,0.0000,-0.5886,-0.0245,0.6132
task003_symmetric,false,3,12.0000,2.0000,0.7500,1000,0.0675,0.0683,0.8642,0.2138,0.6266,0.0001,0.0000,0.0030,0.9790,0.0000,0.0000,0.0000,0.0000,0.3193,18.5200,0.0000,0.6807,0.3032,0.0000,0.0161,12.0000,-0.0003,0.0001,-0.6282,-0.0240,0.6522
task003_symmetric,false,3,12.0000,3.0000,0.7500,1000,0.0470,0.0745,0.8785,0.1991,0.6328,0.0001,0.0000,0.0000,0.9790,0.0000,0.0000,0.0000,0.0000,0.2827,24.5910,0.0000,0.7173,0.2704,0.0000,0.0122,12.0000,-0.0003,0.0001,-0.6487,-0.0179,0.6666
task003_symmetric,false,3,12.0000,6.0000,0.7500,1000,0.0314,0.0769,0.8918,0.1864,0.6320,0.0000,0.0000,0.0010,0.9830,0.0000,0.0000,0.0000,0.0000,0.2580,44.8920,0.0000,0.7420,0.2482,0.0000,0.0098,12.0000,-0.0007,0.0000,-0.6643,-0.0155,0.6798
task003_symmetric,false,3,12.0000,9.0000,0.7500,1000,0.0369,0.0472,0.9159,0.1990,0.6267,0.0000,0.0000,0.0010,0.9930,0.0000,0.0000,0.0000,0.0000,0.1960,51.1470,0.0000,0.8040,0.1874,0.0000,0.0086,12.0000,-0.0001,0.0001,-0.6588,-0.0452,0.7039
task003_symmetric,false,3,24.0000,1.0000,0.7500,1000,0.1049,0.0752,0.8199,0.2385,0.5979,0.0008,0.0000,0.0100,0.9420,0.0000,0.0000,0.0000,0.0000,0.4609,13.3670,0.0000,0.5391,0.3880,0.0000,0.0730,23.9974,0.0001,0.0001,-0.5908,-0.0171,0.6079
task003_symmetric,false,3,24.0000,2.0000,0.7500,1000,0.0652,0.0823,0.8525,0.2096,0.6155,0.0000,0.0000,0.0020,0.9680,0.0000,0.0000,0.0000,0.0000,0.3436,19.9300,0.0000,0.6564,0.3011,0.0000,0.0425,23.9977,0.0001,0.0001,-0.6305,-0.0100,0.6405
task003_symmetric,false,3,24.0000,3.0000,0.7500,1000,0.0504,0.0788,0.8708,0.2007,0.6236,0.0000,0.0000,0.0010,0.9770,0.0000,0.0000,0.0000,0.0000,0.3083,26.8260,0.0000,0.6917,0.2742,0.0000,0.0341,23.9975,0.0000,0.0000,-0.6453,-0.0135,0.6588
task003_symmetric,false,3,24.0000,6.0000,0.7500,1000,0.0315,0.0845,0.8841,0.1892,0.6253,0.0000,0.0000,0.0000,0.9880,0.0000,0.0000,0.0000,0.0000,0.2817,49.0080,0.0000,0.7183,0.2533,0.0000,0.0284,23.9978,0.0001,0.0001,-0.6642,-0.0079,0.6721
task003_symmetric,false,3,24.0000,9.0000,0.7500,1000,0.0335,0.0513,0.9153,0.1970,0.6272,0.0000,0.0000,0.0000,0.9950,0.0000,0.0000,0.0000,0.0000,0.1979,51.6420,0.0000,0.8021,0.1728,0.0000,0.0250,23.9979,0.0000,0.0000,-0.6622,-0.0411,0.7033
task003_symmetric,false,6,3.0000,1.0000,0.7500,1000,0.2183,0.0267,0.7550,0.3346,0.5876,0.0078,0.0003,0.1290,0.8080,0.0000,0.0000,0.0000,0.0000,0.6212,18.0160,0.0000,0.3788,0.6202,0.0000,0.0010,3.0000,0.0007,0.0000,-0.5782,-0.0247,0.6030
task003_symmetric,false,6,3.0000,2.0000,0.7500,1000,0.1270,0.0282,0.8449,0.2692,0.6572,0.0065,0.0000,0.0300,0.9300,0.0000,0.0000,0.0000,0.0000,0.4818,27.9420,0.0000,0.5182,0.4814,0.0000,0.0003,3.0000,-0.0008,0.0000,-0.6696,-0.0233,0.6929
task003_symmetric,false,6,3.0000,3.0000,0.7500,1000,0.0982,0.0315,0.8703,0.2422,0.6819,0.0060,0.0000,0.0150,0.9630,0.0000,0.0000,0.0000,0.0000,0.4199,36.5340,0.0000,0.5801,0.4196,0.0000,0.0003,3.0000,0.0015,0.0000,-0.6984,-0.0200,0.7184
task003_symmetric,false,6,3.0000,6.0000,0.7500,1000,0.0446,0.0361,0.9193,0.1945,0.7074,0.0006,0.0000,0.0030,0.9890,0.0000,0.0000,0.0000,0.0000,0.3515,61.1580,0.0000,0.6485,0.3513,0.0000,0.0002,3.0000,-0.0002,0.0000,-0.7519,-0.0154,0.7673
task003_symmetric,false,6,3.0000,9.0000,0.7500,1000,0.0335,0.0206,0.9459,0.1847,0.7127,0.0000,0.0000,0.0000,0.9970,0.0000,0.0000,0.0000,0.0000,0.2968,77.4630,0.0000,0.7032,0.2965,0.0000,0.0003,3.0000,-0.0015,0.0000,-0.7630,-0.0309,0.7939
task003_symmetric,false,6,6.0000,1.0000,0.7500,1000,0.1825,0.0362,0.7814,0.3081,0.6014,0.0082,0.0002,0.0800,0.8680,0.0000,0.0000,0.0000,0.0000,0.5262,15.2610,0.0000,0.4738,0.5181,0.0000,0.0081,6.0000,-0.0012,0.0000,-0.6141,-0.0153,0.6294
task003_symmetric,false,6,6.0000,2.0000,0.7500,1000,0.1260,0.0380,0.8359,0.2670,0.6462,0.0058,0.0000,0.0210,0.9420,0.0000,0.0000,0.0000,0.0000,0.4093,23.7380,0.0000,0.5907,0.4047,0.0000,0.0046,6.0000,-0.0007,0.0000,-0.6705,-0.0135,0.6840
task003_symmetric,false,6,6.0000,3.0000,0.7500,1000,0.0914,0.0373,0.8713,0.2380,0.6696,0.0025,0.0000,0.0060,0.9700,0.0000,0.0000,0.0000,0.0000,0.3418,29.7360,0.0000,0.6582,0.3386,0.0000,0.0032,6.0000,0.0003,0.0000,-0.7052,-0.0142,0.7194
task003_symmetric,false,6,6.0000,6.0000,0.7500,1000,0.0573,0.0470,0.8957,0.2063,0.6803,0.0008,0.0000,0.0010,0.9840,0.0000,0.0000,0.0000,0.0000,0.2748,47.8140,0.0000,0.7252,0.2723,0.0000,0.0025,6.0000,0.0006,0.0000,-0.7392,-0.0045,0.7438
task003_symmetric,false,6,6.0000,9.0000,0.7500,1000,0.0456,0.0223,0.9321,0.1975,0.6911,0.0002,0.0000,0.0010,0.9910,0.0000,0.0000,0.0000,0.0000,0.2217,57.8700,0.0000,0.7783,0.2197,0.0000,0.0020,6.0000,-0.0001,0.0000,-0.7510,-0.0292,0.7801
task003_symmetric,false,6,12.0000,1.0000,0.7500,1000,0.1690,0.0402,0.7909,0.2953,0.6027,0.0095,0.0004,0.0450,0.9000,0.0000,0.0000,0.0000,0.0000,0.4709,13.6570,0.0000,0.5291,0.4353,0.0000,0.0356,12.0000,0.0001,0.0000,-0.6276,-0.0113,0.6389
task003_symmetric,false,6,12.0000,2.0000,0.7500,1000,0.1140,0.0433,0.8427,0.2532,0.6415,0.0053,0.0000,0.0210,0.9360,0.0000,0.0000,0.0000,0.0000,0.3448,20.0000,0.0000,0.6552,0.3260,0.0000,0.0189,12.0000,0.0000,0.0000,-0.6825,-0.0082,0.6908
task003_symmetric,false,6,12.0000,3.0000,0.7500,1000,0.0855,0.0450,0.8695,0.2338,0.6562,0.0020,0.0000,0.0040,0.9820,0.0000,0.0000,0.0000,0.0000,0.2929,25.4820,0.0000,0.7071,0.2805,0.0000,0.0124,12.0000,0.0003,0.0000,-0.7110,-0.0065,0.7176
task003_symmetric,false,6,12.0000,6.0000,0.7500,1000,0.0631,0.0490,0.8879,0.2152,0.6642,0.0012,0.0000,0.0030,0.9770,0.0000,0.0000,0.0000,0.0000,0.2458,42.7620,0.0000,0.7542,0.2356,0.0000,0.0102,12.0000,0.0007,0.0000,-0.7335,-0.0025,0.7360
task003_symmetric,false,6,12.0000,9.0000,0.7500,1000,0.0507,0.0267,0.9226,0.2074,0.6738,0.0005,0.0000,0.0010,0.9940,0.0000,0.0000,0.0000,0.0000,0.1867,48.7170,0.0000,0.8133,0.1798,0.0000,0.0069,12.0000,0.0002,0.0000,-0.7459,-0.0248,0.7707
task003_symmetric,false,6,24.0000,1.0000,0.7500,1000,0.1601,0.0406,0.7993,0.2857,0.6080,0.0089,0.0002,0.0610,0.8850,0.0000,0.0000,0.0000,0.0000,0.4752,13.7820,0.0000,0.5248,0.3879,0.0000,0.0873,23.9995,0.0000,0.0000,-0.6364,-0.0109,0.6473
task003_symmetric,false,6,24.0000,2.0000,0.7500,1000,0.1011,0.0512,0.8477,0.2465,0.6380,0.0032,0.0000,0.0130,0.9480,0.0000,0.0000,0.0000,0.0000,0.3661,21.2340,0.0000,0.6339,0.3117,0.0000,0.0544,23.9995,0.0000,0.0000,-0.6955,-0.0003,0.6958
task003_symmetric,false,6,24.0000,3.0000,0.7500,1000,0.0837,0.0518,0.8645,0.2320,0.6535,0.0014,0.0000,0.0060,0.9660,0.0000,0.0000,0.0000,0.0000,0.3147,27.3810,0.0000,0.6853,0.2802,0.0000,0.0345,23.9998,0.0000,0.0000,-0.7129,0.0003,0.7126
task003_symmetric,false,6,24.0000,6.0000,0.7500,1000,0.0532,0.0545,0.8922,0.2095,0.6657,0.0009,0.0000,0.0000,0.9750,0.0000,0.0000,0.0000,0.0000,0.2617,45.5340,0.0000,0.7383,0.2319,0.0000,0.0298,23.9998,0.0000,0.0000,-0.7433,0.0030,0.7403
task003_symmetric,false,6,24.0000,9.0000,0.7500,1000,0.0512,0.0245,0.9243,0.2100,0.6712,0.0005,0.0000,0.0050,0.9850,0.0000,0.0000,0.0000,0.0000,0.1845,48.1590,0.0000,0.8155,0.1649,0.0000,0.0196,23.9998,0.0000,0.0000,-0.7454,-0.0270,0.7723
task003_symmetric,false,12,3.0000,1.0000,0.7500,1000,0.3215,0.0110,0.6674,0.4131,0.5413,0.0440,0.0037,0.2700,0.6920,0.0000,0.0000,0.0000,0.0000,0.6761,19.6060,0.0000,0.3239,0.6750,0.0000,0.0011,3.0000,0.0005,0.0000,-0.5234,-0.0201,0.5435
task003_symmetric,false,12,3.0000,2.0000,0.7500,1000,0.2010,0.0144,0.7846,0.3389,0.6195,0.0320,0.0006,0.1260,0.8360,0.0000,0.0000,0.0000,0.0000,0.5364,31.1100,0.0000,0.4636,0.5359,0.0000,0.0005,3.0000,-0.0015,0.0000,-0.6439,-0.0167,0.6607
task003_symmetric,false,12,3.0000,3.0000,0.7500,1000,0.1806,0.0114,0.8080,0.3243,0.6408,0.0345,0.0006,0.0970,0.8740,0.0000,0.0000,0.0000,0.0000,0.5092,44.2980,0.0000,0.4908,0.5090,0.0000,0.0002,3.0000,0.0000,0.0000,-0.6643,-0.0197,0.6840
task003_symmetric,false,12,3.0000,6.0000,0.7500,1000,0.1043,0.0184,0.8772,0.2593,0.6868,0.0127,0.0000,0.0280,0.9500,0.0000,0.0000,0.0000,0.0000,0.4097,71.2800,0.0000,0.5903,0.4094,0.0000,0.0002,3.0000,0.0011,0.0000,-0.7406,-0.0127,0.7533
task003_symmetric,false,12,3.0000,9.0000,0.7500,1000,0.0700,0.0117,0.9183,0.2244,0.7151,0.0030,0.0000,0.0130,0.9760,0.0000,0.0000,0.0000,0.0000,0.3343,87.2640,0.0000,0.6657,0.3343,0.0000,0.0000,3.0000,-0.0019,0.0000,-0.7750,-0.0194,0.7944
task003_symmetric,false,12,6.0000,1.0000,0.7500,1000,0.2699,0.0130,0.7170,0.3789,0.5701,0.0385,0.0018,0.2000,0.7670,0.0000,0.0000,0.0000,0.0000,0.5790,16.7910,0.0000,0.4210,0.5688,0.0000,0.0102,6.0000,-0.0005,0.0000,-0.5750,-0.0181,0.5931
task003_symmetric,false,12,6.0000,2.0000,0.7500,1000,0.2045,0.0152,0.7802,0.3393,0.6109,0.0353,0.0005,0.1180,0.8470,0.0000,0.0000,0.0000,0.0000,0.4733,27.4540,0.0000,0.5267,0.4673,0.0000,0.0061,6.0000,0.0014,0.0000,-0.6404,-0.0159,0.6562
task003_symmetric,false,12,6.0000,3.0000,0.7500,1000,0.1461,0.0181,0.8358,0.2958,0.6508,0.0180,0.0005,0.0590,0.9090,0.0000,0.0000,0.0000,0.0000,0.4100,35.6670,0.0000,0.5900,0.4054,0.0000,0.0046,6.0000,0.0007,0.0000,-0.6988,-0.0130,0.7118
task003_symmetric,false,12,6.0000,6.0000,0.7500,1000,0.0978,0.0277,0.8745,0.2580,0.6749,0.0078,0.0001,0.0200,0.9570,0.0000,0.0000,0.0000,0.0000,0.3316,57.6900,0.0000,0.6684,0.3294,0.0000,0.0022,6.0000,0.0007,0.0000,-0.7471,-0.0034,0.7505
task003_symmetric,false,12,6.0000,9.0000,0.7500,1000,0.0700,0.0107,0.9194,0.2326,0.7013,0.0040,0.0000,0.0090,0.9810,0.0000,0.0000,0.0000,0.0000,0.2587,67.5270,0.0000,0.7413,0.2568,0.0000,0.0019,6.0000,-0.0003,0.0000,-0.7750,-0.0205,0.7954
task003_symmetric,false,12,12.0000,1.0000,0.7500,1000,0.2495,0.0214,0.7291,0.3673,0.5699,0.0382,0.0032,0.1690,0.7820,0.0000,0.0000,0.0000,0.0000,0.5254,15.2360,0.0000,0.4746,0.4801,0.0000,0.0453,12.0000,0.0003,0.0000,-0.5954,-0.0097,0.6051
task003_symmetric,false,12,12.0000,2.0000,0.7500,1000,0.1779,0.0240,0.7981,0.3170,0.6190,0.0222,0.0005,0.0900,0.8640,0.0000,0.0000,0.0000,0.0000,0.4157,24.1120,0.0000,0.5843,0.3918,0.0000,0.0240,12.0000,0.0001,0.0000,-0.6670,-0.0071,0.6742
task003_symmetric,false,12,12.0000,3.0000,0.7500,1000,0.1540,0.0275,0.8186,0.2963,0.6377,0.0180,0.0003,0.0710,0.8860,0.0000,0.0000,0.0000,0.0000,0.3658,31.8240,0.0000,0.6342,0.3473,0.0000,0.0184,12.0000,-0.0001,0.0000,-0.6910,-0.0037,0.6946
task003_symmetric,false,12,12.0000,6.0000,0.7500,1000,0.1020,0.0302,0.8678,0.2570,0.6635,0.0066,0.0000,0.0260,0.9540,0.0000,0.0000,0.0000,0.0000,0.2894,50.3580,0.0000,0.7106,0.2782,0.0000,0.0112,12.0000,0.0001,0.0000,-0.7430,-0.0009,0.7439
task003_symmetric,false,12,12.0000,9.0000,0.7500,1000,0.0791,0.0132,0.9076,0.2390,0.6832,0.0044,0.0000,0.0180,0.9740,0.0000,0.0000,0.0000,0.0000,0.2155,56.2410,0.0000,0.7845,0.2083,0.0000,0.0072,12.0000,0.0001,0.0000,-0.7658,-0.0179,0.7837
task003_symmetric,false,12,24.0000,1.0000,0.7500,1000,0.2402,0.0227,0.7371,0.3622,0.5725,0.0438,0.0015,0.1700,0.7800,0.0000,0.0000,0.0000,0.0000,0.5286,15.3300,0.0000,0.4714,0.4145,0.0000,0.1141,24.0000,0.0000,0.0000,-0.6047,-0.0085,0.6132
task003_symmetric,false,12,24.0000,2.0000,0.7500,1000,0.1672,0.0262,0.8066,0.3076,0.6225,0.0221,0.0005,0.0860,0.8710,0.0000,0.0000,0.0000,0.0000,0.4305,24.9680,0.0000,0.5695,0.3615,0.0000,0.0690,23.9999,0.0000,0.0000,-0.6777,-0.0049,0.6827
task003_symmetric,false,12,24.0000,3.0000,0.7500,1000,0.1468,0.0323,0.8210,0.2933,0.6333,0.0170,0.0003,0.0610,0.8900,0.0000,0.0000,0.0000,0.0000,0.3840,33.4080,0.0000,0.6160,0.3295,0.0000,0.0545,23.9999,0.0000,0.0000,-0.6981,0.0011,0.6970
task003_symmetric,false,12,24.0000,6.0000,0.7500,1000,0.0989,0.0312,0.8698,0.2542,0.6675,0.0072,0.0000,0.0220,0.9520,0.0000,0.0000,0.0000,0.0000,0.3139,54.6180,0.0000,0.6861,0.2816,0.0000,0.0323,23.9999,0.0000,0.0000,-0.7460,0.0001,0.7459
task003_symmetric,false,12,24.0000,9.0000,0.7500,1000,0.0750,0.0144,0.9106,0.2353,0.6853,0.0019,0.0000,0.0130,0.9790,0.0000,0.0000,0.0000,0.0000,0.2220,57.9510,0.0000,0.7780,0.2011,0.0000,0.0209,24.0000,0.0000,0.0000,-0.7699,-0.0167,0.7867
task003_symmetric,false,3,3.0000,1.0000,1.0000,1000,0.9730,0.0000,0.0270,0.9550,0.0448,0.8759,0.8005,0.9910,0.0070,0.0000,0.0000,0.0000,0.0000,0.9556,27.7110,0.0000,0.0444,0.9540,0.0000,0.0015,3.0000,-0.0009,0.0000,-0.0265,0.0000,0.0265
task003_symmetric,false,3,3.0000,2.0000,1.0000,1000,0.9669,0.0000,0.0331,0.9491,0.0508,0.8672,0.7148,0.9890,0.0090,0.0000,0.0000,0.0000,0.0000,0.9123,52.9160,0.0000,0.0877,0.9109,0.0000,0.0014,3.0000,-0.0011,0.0000,-0.0326,0.0000,0.0326
task003_symmetric,false,3,3.0000,3.0000,1.0000,1000,0.9788,0.0000,0.0212,0.9567,0.0433,0.8702,0.6363,0.9960,0.0030,0.0000,0.0000,0.0000,0.0000,0.9094,79.1160,0.0000,0.0906,0.9083,0.0000,0.0011,3.0000,-0.0010,0.0000,-0.0206,0.0000,0.0206
task003_symmetric,false,3,3.0000,6.0000,1.0000,1000,0.9488,0.0000,0.0512,0.9124,0.0876,0.7525,0.4587,0.9920,0.0060,0.0000,0.0000,0.0000,0.0000,0.9031,157.1400,0.0000,0.0969,0.9022,0.0000,0.0009,3.0000,0.0004,0.0000,-0.0506,0.0000,0.0506
task003_symmetric,false,3,3.0000,9.0000,1.0000,1000,0.9010,0.0000,0.0990,0.8633,0.1367,0.6461,0.3266,0.9830,0.0160,0.0000,0.0000,0.0000,0.0000,0.8794,229.5270,0.0000,0.1206,0.8787,0.0000,0.0008,3.0000,0.0012,0.0000,-0.0984,0.0000,0.0984
task003_symmetric,false,3,6.0000,1.0000,1.0000,1000,0.9661,0.0000,0.0339,0.9502,0.0497,0.8699,0.7853,0.9880,0.0120,0.0000,0.0000,0.0000,0.0000,0.9351,27.1190,0.0000,0.0649,0.9150,0.0000,0.0201,6.0000,-0.0000,0.0000,-0.0334,0.0000,0.0334
task003_symmetric,false,3,6.0000,2.0000,1.0000,1000,0.9664,0.0000,0.0336,0.9511,0.0488,0.8683,0.6888,0.9870,0.0110,0.0000,0.0000,0.0000,0.0000,0.8975,52.0560,0.0000,0.1025,0.8818,0.0000,0.0157,6.0000,-0.0006,0.0000,-0.0330,0.0000,0.0330
task003_symmetric,false,3,6.0000,3.0000,1.0000,1000,0.9709,0.0000,0.0291,0.9475,0.0525,0.8475,0.6045,0.9920,0.0040,0.0000,0.0000,0.0000,0.0000,0.8916,77.5650,0.0000,0.1084,0.8787,0.0000,0.0128,6.0000,0.0019,0.0000,-0.0286,0.0000,0.0286
task003_symmetric,false,3,6.0000,6.0000,1.0000,1000,0.9444,0.0000,0.0556,0.9075,0.0924,0.7444,0.4667,0.9910,0.0080,0.0000,0.0000,0.0000,0.0000,0.8813,153.3540,0.0000,0.1187,0.8714,0.0000,0.0099,6.0000,0.0008,0.0000,-0.0550,0.0000,0.0550
task003_symmetric,false,3,6.0000,9.0000,1.0000,1000,0.9047,0.0000,0.0953,0.8651,0.1348,0.6484,0.3242,0.9790,0.0120,0.0000,0.0000,0.0000,0.0000,0.8663,226.0980,0.0000,0.1337,0.8592,0.0000,0.0071,6.0000,0.0002,0.0000,-0.0948,0.0000,0.0948
task003_symmetric,false,3,12.0000,1.0000,1.0000,1000,0.9684,0.0000,0.0316,0.9505,0.0495,0.8687,0.7702,0.9890,0.0100,0.0000,0.0000,0.0000,0.0000,0.9281,26.9140,0.0000,0.0719,0.8063,0.0000,0.1217,12.0000,-0.0009,0.0000,-0.0310,0.0000,0.0310
task003_symmetric,false,3,12.0000,2.0000,1.0000,1000,0.9561,0.0000,0.0439,0.9372,0.0627,0.8360,0.6782,0.9770,0.0210,0.0000,0.0000,0.0000,0.0000,0.8872,51.4580,0.0000,0.1128,0.7876,0.0000,0.0996,12.0000,-0.0005,0.0000,-0.0433,0.0000,0.0433
task003_symmetric,false,3,12.0000,3.0000,1.0000,1000,0.9493,0.0000,0.0507,0.9260,0.0739,0.8050,0.6102,0.9810,0.0140,0.0000,0.0000,0.0000,0.0000,0.8641,75.1770,0.0000,0.1359,0.7803,0.0000,0.0838,12.0000,-0.0001,0.0000,-0.0502,0.0000,0.0502
task003_symmetric,false,3,12.0000,6.0000,1.0000,1000,0.9266,0.0000,0.0734,0.8964,0.1035,0.7294,0.4645,0.9820,0.0150,0.0000,0.0000,0.0000,0.0000,0.8657,150.6300,0.0000,0.1343,0.7971,0.0000,0.0686,12.0000,0.0006,0.0000,-0.0728,0.0000,0.0728
task003_symmetric,false,3,12.0000,9.0000,1.0000,1000,0.8866,0.0000,0.1134,0.8540,0.1458,0.6375,0.3467,0.9700,0.0220,0.0000,0.0000,0.0000,0.0000,0.8463,220.8780,0.0000,0.1537,0.7960,0.0000,0.0502,12.0000,0.0003,0.0000,-0.1128,0.0000,0.1128
task003_symmetric,false,3,24.0000,1.0000,1.0000,1000,0.9613,0.0000,0.0387,0.9481,0.0518,0.8668,0.7861,0.9870,0.0120,0.0000,0.0000,0.0000,0.0000,0.9434,27.3580,0.0000,0.0566,0.5569,0.0000,0.3864,24.0000,0.0000,0.0000,-0.0382,0.0000,0.0382
task003_symmetric,false,3,24.0000,2.0000,1.0000,1000,0.9414,0.0000,0.0586,0.9253,0.0746,0.8132,0.6870,0.9730,0.0200,0.0000,0.0000,0.0000,0.0000,0.8952,51.9220,0.0000,0.1048,0.5638,0.0000,0.3314,24.0000,0.0000,0.0000,-0.0581,0.0000,0.0581
task003_symmetric,false,3,24.0000,3.0000,1.0000,1000,0.9178,0.0000,0.0822,0.9036,0.0962,0.7697,0.6172,0.9650,0.0300,0.0000,0.0000,0.0000,0.0000,0.8850,76.9980,0.0000,0.1150,0.5860,0.0000,0.2990,24.0000,0.0000,0.0000,-0.0816,0.0000,0.0816
task003_symmetric,false,3,24.0000,6.0000,1.0000,1000,0.9315,0.0000,0.0685,0.9005,0.0994,0.7362,0.4419,0.9740,0.0220,0.0000,0.0000,0.0000,0.0000,0.9001,156.6180,0.0000,0.0999,0.6252,0.0000,0.2749,24.0000,0.0000,0.0000,-0.0680,0.0000,0.0679
task003_symmetric,false,3,24.0000,9.0000,1.0000,1000,0.8835,0.0000,0.1165,0.8488,0.1510,0.6256,0.3212,0.9680,0.0240,0.0000,0.0000,0.0000,0.0000,0.8820,230.1930,0.0000,0.1180,0.6672,0.0000,0.2148,24.0000,0.0000,0.0000,-0.1160,0.0000,0.1160
task003_symmetric,false,6,3.0000,1.0000,1.0000,1000,0.9919,0.0000,0.0081,0.9842,0.0158,0.9509,0.9214,0.9930,0.0060,0.0000,0.0000,0.0000,0.0000,0.9635,27.9420,0.0000,0.0365,0.9619,0.0000,0.0016,3.0000,0.0002,0.0000,-0.0080,0.0000,0.0080
task003_symmetric,false,6,3.0000,2.0000,1.0000,1000,0.9928,0.0000,0.0073,0.9834,0.0166,0.9507,0.8947,0.9950,0.0040,0.0000,0.0000,0.0000,0.0000,0.9332,54.1240,0.0000,0.0668,0.9320,0.0000,0.0012,3.0000,-0.0016,0.0000,-0.0072,0.0000,0.0072
task003_symmetric,false,6,3.0000,3.0000,1.0000,1000,0.9962,0.0000,0.0038,0.9874,0.0126,0.9582,0.8531,0.9970,0.0030,0.0000,0.0000,0.0000,0.0000,0.9215,80.1720,0.0000,0.0785,0.9203,0.0000,0.0012,3.0000,0.0017,0.0000,-0.0038,0.0000,0.0037
task003_symmetric,false,6,3.0000,6.0000,1.0000,1000,0.9927,0.0000,0.0073,0.9756,0.0244,0.9197,0.7622,0.9990,0.0010,0.0000,0.0000,0.0000,0.0000,0.9212,160.2900,0.0000,0.0788,0.9204,0.0000,0.0008,3.0000,-0.0001,0.0000,-0.0073,0.0000,0.0072
task003_symmetric,false,6,3.0000,9.0000,1.0000,1000,0.9844,0.0000,0.0156,0.9600,0.0400,0.8740,0.6590,0.9970,0.0020,0.0000,0.0000,0.0000,0.0000,0.9139,238.5360,0.0000,0.0861,0.9136,0.0000,0.0003,3.0000,-0.0001,0.0000,-0.0155,0.0000,0.0155
task003_symmetric,false,6,6.0000,1.0000,1.0000,1000,0.9949,0.0000,0.0051,0.9871,0.0129,0.9599,0.9163,0.9980,0.0020,0.0000,0.0000,0.0000,0.0000,0.9517,27.5980,0.0000,0.0483,0.9300,0.0000,0.0217,6.0000,-0.0005,0.0000,-0.0050,0.0000,0.0050
task003_symmetric,false,6,6.0000,2.0000,1.0000,1000,0.9910,0.0000,0.0090,0.9849,0.0151,0.9557,0.8713,0.9920,0.0080,0.0000,0.0000,0.0000,0.0000,0.9167,53.1700,0.0000,0.0833,0.9014,0.0000,0.0153,6.0000,0.0001,0.0000,-0.0089,0.0000,0.0089
task003_symmetric,false,6,6.0000,3.0000,1.0000,1000,0.9968,0.0000,0.0032,0.9879,0.0121,0.9589,0.8285,0.9990,0.0010,0.0000,0.0000,0.0000,0.0000,0.9092,79.1010,0.0000,0.0908,0.8944,0.0000,0.0148,6.0000,0.0003,0.0000,-0.0031,0.0000,0.0031
task003_symmetric,false,6,6.0000,6.0000,1.0000,1000,0.9900,0.0000,0.0100,0.9732,0.0268,0.9161,0.7509,0.9950,0.0040,0.0000,0.0000,0.0000,0.0000,0.8924,155.2800,0.0000,0.1076,0.8826,0.0000,0.0099,6.0000,0.0000,0.0000,-0.0100,0.0000,0.0100
task003_symmetric,false,6,6.0000,9.0000,1.0000,1000,0.9811,0.0000,0.0189,0.9567,0.0433,0.8671,0.6514,0.9920,0.0060,0.0000,0.0000,0.0000,0.0000,0.8827,230.3910,0.0000,0.1173,0.8747,0.0000,0.0081,6.0000,0.0011,0.0000,-0.0188,0.0000,0.0188
task003_symmetric,false,6,12.0000,1.0000,1.0000,1000,0.9914,0.0000,0.0086,0.9824,0.0176,0.9420,0.8985,0.9950,0.0050,0.0000,0.0000,0.0000,0.0000,0.9398,27.2550,0.0000,0.0602,0.8144,0.0000,0.1254,12.0000,0.0001,0.0000,-0.0085,0.0000,0.0085
task003_symmetric,false,6,12.0000,2.0000,1.0000,1000,0.9866,0.0000,0.0134,0.9774,0.0226,0.9342,0.8705,0.9900,0.0070,0.0000,0.0000,0.0000,0.0000,0.8961,51.9740,0.0000,0.1039,0.7975,0.0000,0.0986,12.0000,0.0006,0.0000,-0.0133,0.0000,0.0133
task003_symmetric,false,6,12.0000,3.0000,1.0000,1000,0.9893,0.0000,0.0107,0.9779,0.0221,0.9327,0.8381,0.9920,0.0070,0.0000,0.0000,0.0000,0.0000,0.8914,77.5530,0.0000,0.1086,0.8051,0.0000,0.0863,12.0000,0.0002,0.0000,-0.0106,0.0000,0.0106
task003_symmetric,false,6,12.0000,6.0000,1.0000,1000,0.9831,0.0000,0.0169,0.9658,0.0342,0.8986,0.7751,0.9900,0.0100,0.0000,0.0000,0.0000,0.0000,0.8690,151.2000,0.0000,0.1310,0.7951,0.0000,0.0738,12.0000,0.0002,0.0000,-0.0168,0.0000,0.0168
task003_symmetric,false,6,12.0000,9.0000,1.0000,1000,0.9700,0.0000,0.0300,0.9482,0.0518,0.8528,0.6607,0.9810,0.0190,0.0000,0.0000,0.0000,0.0000,0.8507,222.0300,0.0000,0.1493,0.7949,0.0000,0.0558,12.0000,0.0004,0.0000,-0.0300,0.0000,0.0300
task003_symmetric,false,6,24.0000,1.0000,1.0000,1000,0.9863,0.0000,0.0137,0.9793,0.0207,0.9426,0.9103,0.9880,0.0090,0.0000,0.0000,0.0000,0.0000,0.9371,27.1760,0.0000,0.0629,0.5260,0.0000,0.4111,24.0000,0.0000,0.0000,-0.0136,0.0000,0.0136
task003_symmetric,false,6,24.0000,2.0000,1.0000,1000,0.9822,0.0000,0.0178,0.9744,0.0256,0.9295,0.8812,0.9850,0.0130,0.0000,0.0000,0.0000,0.0000,0.8999,52.1940,0.0000,0.1001,0.5407,0.0000,0.3592,24.0000,0.0000,0.0000,-0.0177,0.0000,0.0177
task003_symmetric,false,6,24.0000,3.0000,1.0000,1000,0.9820,0.0000,0.0180,0.9708,0.0291,0.9202,0.8580,0.9900,0.0090,0.0000,0.0000,0.0000,0.0000,0.8938,77.7630,0.0000,0.1062,0.5702,0.0000,0.3236,24.0000,0.0000,0.0000,-0.0180,0.0000,0.0180
task003_symmetric,false,6,24.0000,6.0000,1.0000,1000,0.9862,0.0000,0.0138,0.9659,0.0341,0.8945,0.7560,0.9930,0.0070,0.0000,0.0000,0.0000,0.0000,0.8830,153.6360,0.0000,0.1170,0.5968,0.0000,0.2861,24.0000,0.0000,0.0000,-0.0137,0.0000,0.0138
task003_symmetric,false,6,24.0000,9.0000,1.0000,1000,0.9724,0.0000,0.0276,0.9470,0.0529,0.8509,0.6653,0.9860,0.0120,0.0000,0.0000,0.0000,0.0000,0.8678,226.4940,0.0000,0.1322,0.6292,0.0000,0.2386,24.0000,0.0000,0.0000,-0.0275,0.0000,0.0275
task003_symmetric,false,12,3.0000,1.0000,1.0000,1000,0.9980,0.0000,0.0020,0.9893,0.0107,0.9641,0.9485,1.0000,0.0000,0.0000,0.0000,0.0000,0.0000,0.9701,28.1320,0.0000,0.0299,0.9684,0.0000,0.0016,3.0000,-0.0009,0.0000,-0.0020,0.0000,0.0020
task003_symmetric,false,12,3.0000,2.0000,1.0000,1000,0.9948,0.0000,0.0052,0.9906,0.0094,0.9715,0.9387,0.9950,0.0050,0.0000,0.0000,0.0000,0.0000,0.9366,54.3240,0.0000,0.0634,0.9354,0.0000,0.0012,3.0000,-0.0006,0.0000,-0.0052,0.0000,0.0052
task003_symmetric,false,12,3.0000,3.0000,1.0000,1000,0.9980,0.0000,0.0020,0.9945,0.0055,0.9814,0.9264,0.9990,0.0010,0.0000,0.0000,0.0000,0.0000,0.9338,81.2430,0.0000,0.0662,0.9328,0.0000,0.0010,3.0000,-0.0006,0.0000,-0.0020,0.0000,0.0020
task003_symmetric,false,12,3.0000,6.0000,1.0000,1000,0.9978,0.0000,0.0022,0.9912,0.0088,0.9695,0.8841,0.9990,0.0010,0.0000,0.0000,0.0000,0.0000,0.9334,162.4200,0.0000,0.0666,0.9328,0.0000,0.0007,3.0000,0.0004,0.0000,-0.0022,0.0000,0.0022
task003_symmetric,false,12,3.0000,9.0000,1.0000,1000,0.9945,0.0000,0.0055,0.9842,0.0158,0.9475,0.8350,0.9970,0.0030,0.0000,0.0000,0.0000,0.0000,0.9214,240.4800,0.0000,0.0786,0.9209,0.0000,0.0005,3.0000,-0.0002,0.0000,-0.0055,0.0000,0.0055
task003_symmetric,false,12,6.0000,1.0000,1.0000,1000,0.9978,0.0000,0.0022,0.9937,0.0063,0.9790,0.9594,0.9980,0.0010,0.0000,0.0000,0.0000,0.0000,0.9557,27.7140,0.0000,0.0443,0.9324,0.0000,0.0232,6.0000,-0.0003,0.0000,-0.0022,0.0000,0.0022
task003_symmetric,false,12,6.0000,2.0000,1.0000,1000,0.9972,0.0000,0.0028,0.9917,0.0083,0.9726,0.9214,0.9980,0.0010,0.0000,0.0000,0.0000,0.0000,0.9265,53.7360,0.0000,0.0735,0.9104,0.0000,0.0160,6.0000,-0.0002,0.0000,-0.0028,0.0000,0.0028
task003_symmetric,false,12,6.0000,3.0000,1.0000,1000,0.9957,0.0000,0.0043,0.9930,0.0070,0.9793,0.9035,0.9970,0.0030,0.0000,0.0000,0.0000,0.0000,0.9116,79.3080,0.0000,0.0884,0.8971,0.0000,0.0144,6.0000,-0.0001,0.0000,-0.0043,0.0000,0.0043
task003_symmetric,false,12,6.0000,6.0000,1.0000,1000,0.9971,0.0000,0.0029,0.9921,0.0079,0.9711,0.8990,0.9970,0.0030,0.0000,0.0000,0.0000,0.0000,0.9011,156.7860,0.0000,0.0989,0.8895,0.0000,0.0116,6.0000,0.0004,0.0000,-0.0029,0.0000,0.0029
task003_symmetric,false,12,6.0000,9.0000,1.0000,1000,0.9964,0.0000,0.0036,0.9847,0.0153,0.9470,0.8258,0.9980,0.0000,0.0000,0.0000,0.0000,0.0000,0.8920,232.8210,0.0000,0.1080,0.8834,0.0000,0.0086,6.0000,-0.0002,0.0000,-0.0036,0.0000,0.0036
task003_symmetric,false,12,12.0000,1.0000,1.0000,1000,0.9958,0.0000,0.0043,0.9899,0.0101,0.9683,0.9474,0.9980,0.0020,0.0000,0.0000,0.0000,0.0000,0.9379,27.1980,0.0000,0.0621,0.8089,0.0000,0.1290,12.0000,0.0003,0.0000,-0.0042,0.0000,0.0043
task003_symmetric,false,12,12.0000,2.0000,1.0000,1000,0.9968,0.0000,0.0032,0.9928,0.0072,0.9779,0.9355,0.9970,0.0030,0.0000,0.0000,0.0000,0.0000,0.9115,52.8660,0.0000,0.0885,0.8051,0.0000,0.1064,12.0000,0.0001,0.0000,-0.0032,0.0000,0.0032
task003_symmetric,false,12,12.0000,3.0000,1.0000,1000,0.9904,0.0000,0.0096,0.9855,0.0145,0.9588,0.9052,0.9900,0.0090,0.0000,0.0000,0.0000,0.0000,0.8914,77.5500,0.0000,0.1086,0.7966,0.0000,0.0948,12.0000,-0.0002,0.0000,-0.0096,0.0000,0.0096
task003_symmetric,false,12,12.0000,6.0000,1.0000,1000,0.9927,0.0000,0.0073,0.9875,0.0125,0.9612,0.8906,0.9930,0.0070,0.0000,0.0000,0.0000,0.0000,0.8752,152.2800,0.0000,0.1248,0.7923,0.0000,0.0829,12.0000,0.0004,0.0000,-0.0073,0.0000,0.0073
task003_symmetric,false,12,12.0000,9.0000,1.0000,1000,0.9890,0.0000,0.0110,0.9801,0.0199,0.9430,0.8395,0.9920,0.0080,0.0000,0.0000,0.0000,0.0000,0.8591,224.2350,0.0000,0.1409,0.7950,0.0000,0.0642,12.0000,0.0000,0.0000,-0.0110,0.0000,0.0110
task003_symmetric,false,12,24.0000,1.0000,1.0000,1000,0.9961,0.0000,0.0039,0.9904,0.0096,0.9660,0.9505,0.9960,0.0040,0.0000,0.0000,0.0000,0.0000,0.9360,27.1450,0.0000,0.0640,0.5177,0.0000,0.4184,24.0000,0.0000,0.0000,-0.0039,0.0000,0.0039
task003_symmetric,false,12,24.0000,2.0000,1.0000,1000,0.9944,0.0000,0.0056,0.9870,0.0130,0.9600,0.9382,0.9960,0.0040,0.0000,0.0000,0.0000,0.0000,0.9043,52.4500,0.0000,0.0957,0.5315,0.0000,0.3728,24.0000,0.0000,0.0000,-0.0056,0.0000,0.0056
task003_symmetric,false,12,24.0000,3.0000,1.0000,1000,0.9910,0.0000,0.0090,0.9845,0.0155,0.9532,0.9185,0.9920,0.0080,0.0000,0.0000,0.0000,0.0000,0.8907,77.4870,0.0000,0.1093,0.5517,0.0000,0.3390,24.0000,0.0000,0.0000,-0.0090,0.0000,0.0090
task003_symmetric,false,12,24.0000,6.0000,1.0000,1000,0.9884,0.0000,0.0116,0.9798,0.0202,0.9437,0.8883,0.9920,0.0080,0.0000,0.0000,0.0000,0.0000,0.8703,151.4280,0.0000,0.1297,0.5481,0.0000,0.3221,24.0000,0.0000,0.0000,-0.0116,0.0000,0.0116
task003_symmetric,false,12,24.0000,9.0000,1.0000,1000,0.9877,0.0000,0.0123,0.9763,0.0237,0.9307,0.8366,0.9870,0.0100,0.0000,0.0000,0.0000,0.0000,0.8587,224.1180,0.0000,0.1413,0.5890,0.0000,0.2697,24.0000,0.0000,0.0000,-0.0123,0.0000,0.0123
task003_symmetric,silent,3,,,0.7500,1000,0.6957,0.0924,0.2120,0.5061,0.2857,0.0001,0.0001,0.7520,0.1380,0.0000,0.0000,0.0000,0.0000,,,,,,,,,,,0.0000,0.0000,0.0000
task003_symmetric,silent,6,,,0.7500,1000,0.7965,0.0515,0.1520,0.5851,0.2541,0.0061,0.0061,0.8510,0.0940,0.0000,0.0000,0.0000,0.0000,,,,,,,,,,,0.0000,0.0000,0.0000
task003_symmetric,silent,12,,,0.7500,1000,0.8449,0.0311,0.1240,0.6450,0.2328,0.0238,0.0238,0.8890,0.0830,0.0000,0.0000,0.0000,0.0000,,,,,,,,,,,0.0000,0.0000,0.0000
task003_symmetric,silent,3,,,1.0000,1000,0.9995,0.0000,0.0005,0.9870,0.0118,0.9227,0.9227,1.0000,0.0000,0.0000,0.0000,0.0000,0.0000,,,,,,,,,,,0.0000,0.0000,0.0000
task003_symmetric,silent,6,,,1.0000,1000,0.9999,0.0000,0.0001,0.9944,0.0052,0.9635,0.9635,1.0000,0.0000,0.0000,0.0000,0.0000,0.0000,,,,,,,,,,,0.0000,0.0000,0.0000
task003_symmetric,silent,12,,,1.0000,1000,1.0000,0.0000,0.0000,0.9969,0.0029,0.9798,0.9798,1.0000,0.0000,0.0000,0.0000,0.0000,0.0000,,,,,,,,,,,0.0000,0.0000,0.0000
task003_symmetric,truth,3,3.0000,1.0000,0.7500,1000,0.9450,0.0213,0.0338,0.6999,0.1639,0.0062,0.0001,0.9980,0.0000,0.0000,0.0000,0.0000,0.0000,0.2038,5.9100,0.0000,0.7962,0.2038,0.0000,0.0000,3.0000,-0.0006,0.0001,0.2493,-0.0711,-0.1782
task003_symmetric,truth,3,3.0000,2.0000,0.7500,1000,0.9631,0.0168,0.0201,0.7363,0.1316,0.0080,0.0000,1.0000,0.0000,0.0000,0.0000,0.0000,0.0000,0.1602,9.2940,0.0000,0.8398,0.1602,0.0000,0.0000,3.0000,-0.0007,0.0001,0.2675,-0.0756,-0.1919
task003_symmetric,truth,3,3.0000,3.0000,0.7500,1000,0.9653,0.0214,0.0132,0.7449,0.1154,0.0134,0.0000,0.9990,0.0000,0.0000,0.0000,0.0000,0.0000,0.1464,12.7350,0.0000,0.8536,0.1464,0.0000,0.0000,3.0000,-0.0000,0.0001,0.2697,-0.0710,-0.1987
task003_symmetric,truth,3,3.0000,6.0000,0.7500,1000,0.9792,0.0116,0.0091,0.7263,0.1301,0.0061,0.0000,1.0000,0.0000,0.0000,0.0000,0.0000,0.0000,0.1189,20.6940,0.0000,0.8811,0.1189,0.0000,0.0000,3.0000,-0.0001,0.0001,0.2836,-0.0808,-0.2028
task003_symmetric,truth,3,3.0000,9.0000,0.7500,1000,0.9786,0.0146,0.0067,0.7116,0.1269,0.0028,0.0000,1.0000,0.0000,0.0000,0.0000,0.0000,0.0000,0.1153,30.1050,0.0000,0.8847,0.1153,0.0000,0.0000,3.0000,0.0006,0.0001,0.2830,-0.0777,-0.2052
task003_symmetric,truth,3,6.0000,1.0000,0.7500,1000,0.9303,0.0290,0.0407,0.6801,0.1689,0.0053,0.0001,0.9950,0.0010,0.0000,0.0000,0.0000,0.0000,0.1350,3.9160,0.0008,0.8642,0.1350,0.0000,0.0000,6.0000,0.0010,0.0001,0.2347,-0.0634,-0.1712
task003_symmetric,truth,3,6.0000,2.0000,0.7500,1000,0.9504,0.0231,0.0265,0.7058,0.1462,0.0073,0.0003,1.0000,0.0000,0.0000,0.0000,0.0000,0.0000,0.1008,5.8440,0.0007,0.8985,0.1008,0.0000,0.0000,6.0000,0.0001,0.0001,0.2547,-0.0693,-0.1854
task003_symmetric,truth,3,6.0000,3.0000,0.7500,1000,0.9555,0.0225,0.0220,0.7128,0.1382,0.0084,0.0001,1.0000,0.0000,0.0000,0.0000,0.0000,0.0000,0.0919,7.9920,0.0007,0.9074,0.0919,0.0000,0.0000,6.0000,0.0004,0.0001,0.2598,-0.0698,-0.1900
task003_symmetric,truth,3,6.0000,6.0000,0.7500,1000,0.9671,0.0166,0.0163,0.6909,0.1531,0.0033,0.0000,1.0000,0.0000,0.0000,0.0000,0.0000,0.0000,0.0769,13.3800,0.0001,0.9230,0.0769,0.0000,0.0000,6.0000,-0.0008,0.0001,0.2714,-0.0758,-0.1956
task003_symmetric,truth,3,6.0000,9.0000,0.7500,1000,0.9665,0.0202,0.0133,0.6781,0.1521,0.0022,0.0001,0.9990,0.0000,0.0000,0.0000,0.0000,0.0000,0.0778,20.2950,0.0000,0.9222,0.0778,0.0000,0.0000,6.0000,0.0005,0.0001,0.2709,-0.0722,-0.1987
task003_symmetric,truth,3,12.0000,1.0000,0.7500,1000,0.9175,0.0400,0.0426,0.6603,0.1760,0.0052,0.0002,0.9970,0.0000,0.0000,0.0000,0.0000,0.0000,0.1026,2.9760,0.0168,0.8806,0.1026,0.0000,0.0000,12.0000,0.0005,0.0001,0.2218,-0.0524,-0.1694
task003_symmetric,truth,3,12.0000,2.0000,0.7500,1000,0.9353,0.0304,0.0343,0.6807,0.1611,0.0073,0.0000,0.9990,0.0000,0.0000,0.0000,0.0000,0.0000,0.0777,4.5080,0.0230,0.8992,0.0777,0.0000,0.0000,12.0000,0.0002,0.0001,0.2397,-0.0620,-0.1777
task003_symmetric,truth,3,12.0000,3.0000,0.7500,1000,0.9411,0.0296,0.0293,0.6788,0.1591,0.0067,0.0000,1.0000,0.0000,0.0000,0.0000,0.0000,0.0000,0.0666,5.7960,0.0212,0.9122,0.0666,0.0000,0.0000,12.0000,0.0004,0.0001,0.2455,-0.0628,-0.1827
task003_symmetric,truth,3,12.0000,6.0000,0.7500,1000,0.9558,0.0210,0.0232,0.6612,0.1730,0.0021,0.0000,1.0000,0.0000,0.0000,0.0000,0.0000,0.0000,0.0559,9.7200,0.0109,0.9332,0.0559,0.0000,0.0000,12.0000,-0.0001,0.0001,0.2602,-0.0714,-0.1887
task003_symmetric,truth,3,12.0000,9.0000,0.7500,1000,0.9503,0.0285,0.0212,0.6558,0.1679,0.0018,0.0000,1.0000,0.0000,0.0000,0.0000,0.0000,0.0000,0.0594,15.5070,0.0083,0.9323,0.0594,0.0000,0.0000,12.0000,-0.0001,0.0001,0.2546,-0.0638,-0.1908
task003_symmetric,truth,3,24.0000,1.0000,0.7500,1000,0.9152,0.0388,0.0460,0.6573,0.1751,0.0053,0.0000,0.9980,0.0010,0.0000,0.0000,0.0000,0.0000,0.0987,2.8610,0.0808,0.8206,0.0987,0.0000,0.0000,23.9937,0.0002,0.0002,0.2195,-0.0535,-0.1660
task003_symmetric,truth,3,24.0000,2.0000,0.7500,1000,0.9280,0.0340,0.0380,0.6713,0.1675,0.0077,0.0003,0.9970,0.0010,0.0000,0.0000,0.0000,0.0000,0.0760,4.4100,0.1013,0.8226,0.0760,0.0000,0.0000,23.9943,0.0001,0.0001,0.2324,-0.0584,-0.1740
task003_symmetric,truth,3,24.0000,3.0000,0.7500,1000,0.9401,0.0262,0.0337,0.6644,0.1740,0.0047,0.0002,1.0000,0.0000,0.0000,0.0000,0.0000,0.0000,0.0604,5.2530,0.0977,0.8419,0.0604,0.0000,0.0000,23.9941,0.0001,0.0001,0.2445,-0.0662,-0.1782
task003_symmetric,truth,3,24.0000,6.0000,0.7500,1000,0.9524,0.0231,0.0245,0.6518,0.1810,0.0027,0.0000,0.9990,0.0000,0.0000,0.0000,0.0000,0.0000,0.0538,9.3540,0.0561,0.8901,0.0538,0.0000,0.0000,23.9953,0.0001,0.0001,0.2567,-0.0693,-0.1875
task003_symmetric,truth,3,24.0000,9.0000,0.7500,1000,0.9444,0.0290,0.0266,0.6521,0.1755,0.0020,0.0000,0.9990,0.0000,0.0000,0.0000,0.0000,0.0000,0.0555,14.4900,0.0613,0.8831,0.0555,0.0000,0.0000,23.9955,0.0001,0.0001,0.2488,-0.0634,-0.1853
task003_symmetric,truth,6,3.0000,1.0000,0.7500,1000,0.9613,0.0116,0.0271,0.7550,0.1443,0.0414,0.0038,0.9990,0.0000,0.0000,0.0000,0.0000,0.0000,0.1322,3.8330,0.0000,0.8678,0.1322,0.0000,0.0000,3.0000,0.0005,0.0000,0.1648,-0.0399,-0.1248
task003_symmetric,truth,6,3.0000,2.0000,0.7500,1000,0.9798,0.0084,0.0118,0.8070,0.1031,0.0560,0.0012,1.0000,0.0000,0.0000,0.0000,0.0000,0.0000,0.0985,5.7120,0.0000,0.9015,0.0985,0.0000,0.0000,3.0000,-0.0001,0.0000,0.1832,-0.0431,-0.1401
task003_symmetric,truth,6,3.0000,3.0000,0.7500,1000,0.9825,0.0092,0.0083,0.8169,0.0916,0.0745,0.0010,1.0000,0.0000,0.0000,0.0000,0.0000,0.0000,0.0872,7.5870,0.0000,0.9128,0.0872,0.0000,0.0000,3.0000,0.0002,0.0000,0.1860,-0.0423,-0.1436
task003_symmetric,truth,6,3.0000,6.0000,0.7500,1000,0.9886,0.0051,0.0063,0.8155,0.0898,0.0566,0.0005,1.0000,0.0000,0.0000,0.0000,0.0000,0.0000,0.0684,11.9100,0.0000,0.9316,0.0684,0.0000,0.0000,3.0000,-0.0000,0.0000,0.1920,-0.0464,-0.1456
task003_symmetric,truth,6,3.0000,9.0000,0.7500,1000,0.9902,0.0057,0.0040,0.8000,0.0949,0.0305,0.0006,1.0000,0.0000,0.0000,0.0000,0.0000,0.0000,0.0637,16.6230,0.0000,0.9363,0.0637,0.0000,0.0000,3.0000,0.0006,0.0000,0.1937,-0.0457,-0.1479
task003_symmetric,truth,6,6.0000,1.0000,0.7500,1000,0.9576,0.0137,0.0287,0.7402,0.1510,0.0365,0.0040,1.0000,0.0000,0.0000,0.0000,0.0000,0.0000,0.0788,2.2860,0.0011,0.9201,0.0788,0.0000,0.0000,6.0000,0.0007,0.0000,0.1611,-0.0378,-0.1232
task003_symmetric,truth,6,6.0000,2.0000,0.7500,1000,0.9694,0.0118,0.0188,0.7743,0.1219,0.0493,0.0022,1.0000,0.0000,0.0000,0.0000,0.0000,0.0000,0.0602,3.4940,0.0006,0.9392,0.0602,0.0000,0.0000,6.0000,-0.0001,0.0000,0.1728,-0.0397,-0.1332
task003_symmetric,truth,6,6.0000,3.0000,0.7500,1000,0.9719,0.0127,0.0154,0.7847,0.1123,0.0586,0.0023,0.9990,0.0000,0.0000,0.0000,0.0000,0.0000,0.0526,4.5720,0.0008,0.9466,0.0526,0.0000,0.0000,6.0000,0.0005,0.0000,0.1753,-0.0388,-0.1365
task003_symmetric,truth,6,6.0000,6.0000,0.7500,1000,0.9797,0.0089,0.0114,0.7676,0.1204,0.0329,0.0015,1.0000,0.0000,0.0000,0.0000,0.0000,0.0000,0.0440,7.6500,0.0003,0.9557,0.0440,0.0000,0.0000,6.0000,0.0003,0.0000,0.1832,-0.0426,-0.1406
task003_symmetric,truth,6,6.0000,9.0000,0.7500,1000,0.9840,0.0077,0.0083,0.7692,0.1143,0.0255,0.0013,1.0000,0.0000,0.0000,0.0000,0.0000,0.0000,0.0426,11.1240,0.0002,0.9572,0.0426,0.0000,0.0000,6.0000,-0.0000,0.0000,0.1874,-0.0437,-0.1437
task003_symmetric,truth,6,12.0000,1.0000,0.7500,1000,0.9486,0.0173,0.0342,0.7243,0.1560,0.0341,0.0047,1.0000,0.0000,0.0000,0.0000,0.0000,0.0000,0.0573,1.6630,0.0207,0.9220,0.0573,0.0000,0.0000,12.0000,-0.0000,0.0001,0.1520,-0.0342,-0.1178
task003_symmetric,truth,6,12.0000,2.0000,0.7500,1000,0.9615,0.0145,0.0240,0.7496,0.1363,0.0401,0.0040,1.0000,0.0000,0.0000,0.0000,0.0000,0.0000,0.0443,2.5720,0.0231,0.9326,0.0443,0.0000,0.0000,12.0000,-0.0001,0.0000,0.1650,-0.0370,-0.1280
task003_symmetric,truth,6,12.0000,3.0000,0.7500,1000,0.9647,0.0149,0.0204,0.7584,0.1287,0.0464,0.0021,1.0000,0.0000,0.0000,0.0000,0.0000,0.0000,0.0407,3.5370,0.0276,0.9318,0.0407,0.0000,0.0000,12.0000,-0.0000,0.0000,0.1682,-0.0366,-0.1316
task003_symmetric,truth,6,12.0000,6.0000,0.7500,1000,0.9729,0.0110,0.0160,0.7417,0.1371,0.0245,0.0020,1.0000,0.0000,0.0000,0.0000,0.0000,0.0000,0.0346,6.0120,0.0149,0.9506,0.0346,0.0000,0.0000,12.0000,0.0003,0.0000,0.1764,-0.0405,-0.1359
task003_symmetric,truth,6,12.0000,9.0000,0.7500,1000,0.9712,0.0135,0.0152,0.7407,0.1330,0.0184,0.0017,0.9990,0.0010,0.0000,0.0000,0.0000,0.0000,0.0346,9.0360,0.0117,0.9537,0.0346,0.0000,0.0000,12.0000,0.0000,0.0000,0.1747,-0.0380,-0.1367
task003_symmetric,truth,6,24.0000,1.0000,0.7500,1000,0.9452,0.0178,0.0370,0.7219,0.1576,0.0344,0.0047,0.9990,0.0000,0.0000,0.0000,0.0000,0.0000,0.0552,1.6020,0.0843,0.8604,0.0552,0.0000,0.0000,23.9984,0.0000,0.0000,0.1486,-0.0337,-0.1149
task003_symmetric,truth,6,24.0000,2.0000,0.7500,1000,0.9574,0.0169,0.0257,0.7401,0.1425,0.0357,0.0023,1.0000,0.0000,0.0000,0.0000,0.0000,0.0000,0.0428,2.4800,0.0997,0.8576,0.0428,0.0000,0.0000,23.9987,0.0000,0.0000,0.1608,-0.0346,-0.1262
task003_symmetric,truth,6,24.0000,3.0000,0.7500,1000,0.9610,0.0155,0.0234,0.7436,0.1403,0.0380,0.0018,1.0000,0.0000,0.0000,0.0000,0.0000,0.0000,0.0386,3.3540,0.1195,0.8420,0.0386,0.0000,0.0000,23.9990,0.0000,0.0000,0.1645,-0.0360,-0.1285
task003_symmetric,truth,6,24.0000,6.0000,0.7500,1000,0.9717,0.0109,0.0174,0.7320,0.1455,0.0196,0.0016,1.0000,0.0000,0.0000,0.0000,0.0000,0.0000,0.0337,5.8680,0.0753,0.8909,0.0337,0.0000,0.0000,23.9990,0.0000,0.0000,0.1752,-0.0406,-0.1346
task003_symmetric,truth,6,24.0000,9.0000,0.7500,1000,0.9705,0.0125,0.0170,0.7358,0.1385,0.0177,0.0013,0.9990,0.0010,0.0000,0.0000,0.0000,0.0000,0.0340,8.8740,0.0728,0.8932,0.0340,0.0000,0.0000,23.9992,0.0000,0.0000,0.1740,-0.0390,-0.1350
task003_symmetric,truth,12,3.0000,1.0000,0.7500,1000,0.9784,0.0049,0.0168,0.8078,0.1226,0.1191,0.0166,1.0000,0.0000,0.0000,0.0000,0.0000,0.0000,0.0936,2.7150,0.0000,0.9064,0.0936,0.0000,0.0000,3.0000,0.0004,0.0000,0.1335,-0.0262,-0.1072
task003_symmetric,truth,12,3.0000,2.0000,0.7500,1000,0.9862,0.0047,0.0090,0.8497,0.0879,0.1489,0.0118,1.0000,0.0000,0.0000,0.0000,0.0000,0.0000,0.0681,3.9500,0.0000,0.9319,0.0681,0.0000,0.0000,3.0000,0.0014,0.0000,0.1413,-0.0264,-0.1149
task003_symmetric,truth,12,3.0000,3.0000,0.7500,1000,0.9878,0.0053,0.0070,0.8634,0.0761,0.1770,0.0102,1.0000,0.0000,0.0000,0.0000,0.0000,0.0000,0.0605,5.2650,0.0000,0.9395,0.0605,0.0000,0.0000,3.0000,0.0009,0.0000,0.1428,-0.0259,-0.1170
task003_symmetric,truth,12,3.0000,6.0000,0.7500,1000,0.9927,0.0023,0.0050,0.8727,0.0646,0.1844,0.0039,1.0000,0.0000,0.0000,0.0000,0.0000,0.0000,0.0480,8.3460,0.0000,0.9520,0.0480,0.0000,0.0000,3.0000,0.0010,0.0000,0.1478,-0.0288,-0.1190
task003_symmetric,truth,12,3.0000,9.0000,0.7500,1000,0.9940,0.0026,0.0034,0.8597,0.0710,0.1283,0.0045,1.0000,0.0000,0.0000,0.0000,0.0000,0.0000,0.0441,11.5020,0.0000,0.9559,0.0441,0.0000,0.0000,3.0000,0.0011,0.0000,0.1491,-0.0285,-0.1205
task003_symmetric,truth,12,6.0000,1.0000,0.7500,1000,0.9710,0.0066,0.0223,0.7846,0.1322,0.0974,0.0207,0.9990,0.0000,0.0000,0.0000,0.0000,0.0000,0.0546,1.5830,0.0011,0.9443,0.0546,0.0000,0.0000,6.0000,0.0000,0.0000,0.1261,-0.0245,-0.1016
task003_symmetric,truth,12,6.0000,2.0000,0.7500,1000,0.9780,0.0064,0.0157,0.8206,0.1031,0.1198,0.0153,1.0000,0.0000,0.0000,0.0000,0.0000,0.0000,0.0403,2.3380,0.0010,0.9587,0.0403,0.0000,0.0000,6.0000,0.0005,0.0000,0.1330,-0.0247,-0.1083
task003_symmetric,truth,12,6.0000,3.0000,0.7500,1000,0.9823,0.0052,0.0125,0.8347,0.0945,0.1522,0.0128,1.0000,0.0000,0.0000,0.0000,0.0000,0.0000,0.0380,3.3030,0.0006,0.9615,0.0380,0.0000,0.0000,6.0000,-0.0000,0.0000,0.1374,-0.0259,-0.1115
task003_symmetric,truth,12,6.0000,6.0000,0.7500,1000,0.9875,0.0035,0.0090,0.8302,0.0920,0.1221,0.0102,1.0000,0.0000,0.0000,0.0000,0.0000,0.0000,0.0335,5.8320,0.0003,0.9661,0.0335,0.0000,0.0000,6.0000,-0.0000,0.0000,0.1426,-0.0276,-0.1150
task003_symmetric,truth,12,6.0000,9.0000,0.7500,1000,0.9899,0.0040,0.0060,0.8274,0.0917,0.1044,0.0092,1.0000,0.0000,0.0000,0.0000,0.0000,0.0000,0.0320,8.3610,0.0002,0.9677,0.0320,0.0000,0.0000,6.0000,0.0002,0.0000,0.1450,-0.0271,-0.1179
task003_symmetric,truth,12,12.0000,1.0000,0.7500,1000,0.9648,0.0080,0.0272,0.7696,0.1432,0.0791,0.0214,0.9970,0.0020,0.0000,0.0000,0.0000,0.0000,0.0390,1.1310,0.0234,0.9376,0.0390,0.0000,0.0000,12.0000,0.0004,0.0000,0.1199,-0.0231,-0.0967
task003_symmetric,truth,12,12.0000,2.0000,0.7500,1000,0.9722,0.0094,0.0183,0.7985,0.1135,0.1010,0.0173,0.9990,0.0000,0.0000,0.0000,0.0000,0.0000,0.0311,1.8040,0.0257,0.9432,0.0311,0.0000,0.0000,12.0000,0.0000,0.0000,0.1273,-0.0217,-0.1056
task003_symmetric,truth,12,12.0000,3.0000,0.7500,1000,0.9762,0.0075,0.0162,0.8086,0.1101,0.1263,0.0158,1.0000,0.0000,0.0000,0.0000,0.0000,0.0000,0.0289,2.5110,0.0324,0.9387,0.0289,0.0000,0.0000,12.0000,-0.0000,0.0000,0.1313,-0.0236,-0.1077
task003_symmetric,truth,12,12.0000,6.0000,0.7500,1000,0.9795,0.0066,0.0140,0.7970,0.1129,0.0867,0.0127,0.9990,0.0000,0.0000,0.0000,0.0000,0.0000,0.0274,4.7700,0.0159,0.9567,0.0274,0.0000,0.0000,12.0000,0.0000,0.0000,0.1345,-0.0245,-0.1100
task003_symmetric,truth,12,12.0000,9.0000,0.7500,1000,0.9816,0.0063,0.0121,0.8032,0.1084,0.0850,0.0127,1.0000,0.0000,0.0000,0.0000,0.0000,0.0000,0.0263,6.8760,0.0143,0.9594,0.0263,0.0000,0.0000,12.0000,0.0000,0.0000,0.1367,-0.0248,-0.1119
task003_symmetric,truth,12,24.0000,1.0000,0.7500,1000,0.9634,0.0105,0.0261,0.7667,0.1399,0.0826,0.0233,1.0000,0.0000,0.0000,0.0000,0.0000,0.0000,0.0365,1.0590,0.0937,0.8698,0.0365,0.0000,0.0000,23.9991,0.0000,0.0000,0.1185,-0.0206,-0.0979
task003_symmetric,truth,12,24.0000,2.0000,0.7500,1000,0.9737,0.0081,0.0182,0.7945,0.1180,0.1054,0.0190,1.0000,0.0000,0.0000,0.0000,0.0000,0.0000,0.0302,1.7500,0.1149,0.8549,0.0302,0.0000,0.0000,23.9988,0.0000,0.0000,0.1288,-0.0230,-0.1058
task003_symmetric,truth,12,24.0000,3.0000,0.7500,1000,0.9774,0.0065,0.0161,0.8045,0.1136,0.1265,0.0143,1.0000,0.0000,0.0000,0.0000,0.0000,0.0000,0.0286,2.4840,0.1461,0.8253,0.0286,0.0000,0.0000,23.9990,0.0000,0.0000,0.1325,-0.0246,-0.1078
task003_symmetric,truth,12,24.0000,6.0000,0.7500,1000,0.9802,0.0052,0.0146,0.7847,0.1262,0.0772,0.0134,1.0000,0.0000,0.0000,0.0000,0.0000,0.0000,0.0265,4.6080,0.0985,0.8750,0.0265,0.0000,0.0000,23.9991,0.0000,0.0000,0.1353,-0.0259,-0.1093
task003_symmetric,truth,12,24.0000,9.0000,0.7500,1000,0.9818,0.0064,0.0118,0.7982,0.1121,0.0819,0.0127,1.0000,0.0000,0.0000,0.0000,0.0000,0.0000,0.0254,6.6240,0.0990,0.8757,0.0254,0.0000,0.0000,23.9991,0.0000,0.0000,0.1369,-0.0247,-0.1122
task003_symmetric,truth,3,3.0000,1.0000,1.0000,1000,1.0000,0.0000,0.0000,0.9966,0.0028,0.9736,0.8921,1.0000,0.0000,0.0000,0.0000,0.0000,0.0000,0.0548,1.5880,0.0000,0.9452,0.0548,0.0000,0.0000,3.0000,-0.0003,0.0000,0.0005,0.0000,-0.0005
task003_symmetric,truth,3,3.0000,2.0000,1.0000,1000,1.0000,0.0000,0.0000,0.9974,0.0022,0.9772,0.8527,1.0000,0.0000,0.0000,0.0000,0.0000,0.0000,0.0482,2.7960,0.0000,0.9518,0.0482,0.0000,0.0000,3.0000,-0.0004,0.0000,0.0005,0.0000,-0.0005
task003_symmetric,truth,3,3.0000,3.0000,1.0000,1000,1.0000,0.0000,0.0000,0.9983,0.0015,0.9834,0.8307,1.0000,0.0000,0.0000,0.0000,0.0000,0.0000,0.0464,4.0410,0.0000,0.9536,0.0464,0.0000,0.0000,3.0000,-0.0004,0.0000,0.0005,0.0000,-0.0005
task003_symmetric,truth,3,3.0000,6.0000,1.0000,1000,1.0000,0.0000,0.0000,0.9989,0.0009,0.9908,0.7764,1.0000,0.0000,0.0000,0.0000,0.0000,0.0000,0.0450,7.8300,0.0000,0.9550,0.0450,0.0000,0.0000,3.0000,0.0002,0.0000,0.0005,0.0000,-0.0005
task003_symmetric,truth,3,3.0000,9.0000,1.0000,1000,1.0000,0.0000,0.0000,0.9983,0.0014,0.9857,0.7235,1.0000,0.0000,0.0000,0.0000,0.0000,0.0000,0.0468,12.2220,0.0000,0.9532,0.0468,0.0000,0.0000,3.0000,-0.0003,0.0000,0.0005,0.0000,-0.0005
task003_symmetric,truth,3,6.0000,1.0000,1.0000,1000,1.0000,0.0000,0.0000,0.9942,0.0051,0.9618,0.8923,1.0000,0.0000,0.0000,0.0000,0.0000,0.0000,0.0387,1.1220,0.0020,0.9593,0.0387,0.0000,0.0000,6.0000,-0.0001,0.0000,0.0005,0.0000,-0.0005
task003_symmetric,truth,3,6.0000,2.0000,1.0000,1000,1.0000,0.0000,0.0000,0.9962,0.0032,0.9669,0.8631,1.0000,0.0000,0.0000,0.0000,0.0000,0.0000,0.0349,2.0260,0.0019,0.9632,0.0349,0.0000,0.0000,6.0000,-0.0001,0.0000,0.0005,0.0000,-0.0005
task003_symmetric,truth,3,6.0000,3.0000,1.0000,1000,1.0000,0.0000,0.0000,0.9971,0.0025,0.9763,0.8323,1.0000,0.0000,0.0000,0.0000,0.0000,0.0000,0.0344,2.9970,0.0012,0.9643,0.0344,0.0000,0.0000,6.0000,-0.0001,0.0000,0.0005,0.0000,-0.0005
task003_symmetric,truth,3,6.0000,6.0000,1.0000,1000,1.0000,0.0000,0.0000,0.9973,0.0021,0.9794,0.7862,1.0000,0.0000,0.0000,0.0000,0.0000,0.0000,0.0334,5.8200,0.0008,0.9658,0.0334,0.0000,0.0000,6.0000,-0.0002,0.0000,0.0005,0.0000,-0.0005
task003_symmetric,truth,3,6.0000,9.0000,1.0000,1000,1.0000,0.0000,0.0000,0.9965,0.0029,0.9738,0.7390,1.0000,0.0000,0.0000,0.0000,0.0000,0.0000,0.0334,8.7300,0.0008,0.9658,0.0334,0.0000,0.0000,6.0000,0.0001,0.0000,0.0005,0.0000,-0.0005
task003_symmetric,truth,3,12.0000,1.0000,1.0000,1000,1.0000,0.0000,0.0000,0.9939,0.0054,0.9550,0.8910,1.0000,0.0000,0.0000,0.0000,0.0000,0.0000,0.0325,0.9420,0.0888,0.8787,0.0325,0.0000,0.0000,12.0000,-0.0000,0.0000,0.0005,0.0000,-0.0005
task003_symmetric,truth,3,12.0000,2.0000,1.0000,1000,1.0000,0.0000,0.0000,0.9955,0.0039,0.9642,0.8808,1.0000,0.0000,0.0000,0.0000,0.0000,0.0000,0.0294,1.7080,0.0974,0.8732,0.0294,0.0000,0.0000,12.0000,-0.0001,0.0000,0.0005,0.0000,-0.0005
task003_symmetric,truth,3,12.0000,3.0000,1.0000,1000,1.0000,0.0000,0.0000,0.9966,0.0031,0.9743,0.8531,1.0000,0.0000,0.0000,0.0000,0.0000,0.0000,0.0286,2.4900,0.0944,0.8769,0.0286,0.0000,0.0000,12.0000,-0.0000,0.0000,0.0005,0.0000,-0.0005
task003_symmetric,truth,3,12.0000,6.0000,1.0000,1000,1.0000,0.0000,0.0000,0.9961,0.0033,0.9693,0.8075,1.0000,0.0000,0.0000,0.0000,0.0000,0.0000,0.0285,4.9620,0.0737,0.8978,0.0285,0.0000,0.0000,12.0000,-0.0002,0.0000,0.0005,0.0000,-0.0005
task003_symmetric,truth,3,12.0000,9.0000,1.0000,1000,1.0000,0.0000,0.0000,0.9959,0.0034,0.9672,0.7679,1.0000,0.0000,0.0000,0.0000,0.0000,0.0000,0.0285,7.4430,0.0634,0.9081,0.0285,0.0000,0.0000,12.0000,-0.0002,0.0000,0.0005,0.0000,-0.0005
task003_symmetric,truth,3,24.0000,1.0000,1.0000,1000,0.9999,0.0000,0.0001,0.9939,0.0055,0.9575,0.8911,1.0000,0.0000,0.0000,0.0000,0.0000,0.0000,0.0322,0.9330,0.4561,0.5117,0.0322,0.0000,0.0000,24.0000,0.0000,0.0000,0.0005,0.0000,-0.0005
task003_symmetric,truth,3,24.0000,2.0000,1.0000,1000,1.0000,0.0000,0.0000,0.9955,0.0040,0.9671,0.8906,1.0000,0.0000,0.0000,0.0000,0.0000,0.0000,0.0286,1.6560,0.4980,0.4734,0.0286,0.0000,0.0000,24.0000,0.0000,0.0000,0.0005,0.0000,-0.0005
task003_symmetric,truth,3,24.0000,3.0000,1.0000,1000,1.0000,0.0000,0.0000,0.9963,0.0031,0.9715,0.8605,1.0000,0.0000,0.0000,0.0000,0.0000,0.0000,0.0268,2.3340,0.4941,0.4791,0.0268,0.0000,0.0000,24.0000,0.0000,0.0000,0.0005,0.0000,-0.0005
task003_symmetric,truth,3,24.0000,6.0000,1.0000,1000,1.0000,0.0000,0.0000,0.9955,0.0040,0.9635,0.8001,1.0000,0.0000,0.0000,0.0000,0.0000,0.0000,0.0265,4.6080,0.4442,0.5293,0.0265,0.0000,0.0000,24.0000,0.0000,0.0000,0.0005,0.0000,-0.0005
task003_symmetric,truth,3,24.0000,9.0000,1.0000,1000,1.0000,0.0000,0.0000,0.9958,0.0033,0.9647,0.7710,1.0000,0.0000,0.0000,0.0000,0.0000,0.0000,0.0270,7.0380,0.4453,0.5278,0.0270,0.0000,0.0000,24.0000,0.0000,0.0000,0.0005,0.0000,-0.0005
task003_symmetric,truth,6,3.0000,1.0000,1.0000,1000,1.0000,0.0000,0.0000,0.9978,0.0020,0.9845,0.9512,1.0000,0.0000,0.0000,0.0000,0.0000,0.0000,0.0330,0.9580,0.0000,0.9670,0.0330,0.0000,0.0000,3.0000,0.0007,0.0000,0.0001,0.0000,-0.0001
task003_symmetric,truth,6,3.0000,2.0000,1.0000,1000,1.0000,0.0000,0.0000,0.9986,0.0013,0.9888,0.9483,1.0000,0.0000,0.0000,0.0000,0.0000,0.0000,0.0292,1.6920,0.0000,0.9708,0.0292,0.0000,0.0000,3.0000,0.0005,0.0000,0.0001,0.0000,-0.0001
task003_symmetric,truth,6,3.0000,3.0000,1.0000,1000,1.0000,0.0000,0.0000,0.9990,0.0009,0.9917,0.9381,1.0000,0.0000,0.0000,0.0000,0.0000,0.0000,0.0293,2.5470,0.0000,0.9707,0.0293,0.0000,0.0000,3.0000,0.0004,0.0000,0.0001,0.0000,-0.0001
task003_symmetric,truth,6,3.0000,6.0000,1.0000,1000,1.0000,0.0000,0.0000,0.9990,0.0008,0.9921,0.9025,1.0000,0.0000,0.0000,0.0000,0.0000,0.0000,0.0283,4.9260,0.0000,0.9717,0.0283,0.0000,0.0000,3.0000,0.0004,0.0000,0.0001,0.0000,-0.0001
task003_symmetric,truth,6,3.0000,9.0000,1.0000,1000,1.0000,0.0000,0.0000,0.9990,0.0008,0.9921,0.8827,1.0000,0.0000,0.0000,0.0000,0.0000,0.0000,0.0283,7.3890,0.0000,0.9717,0.0283,0.0000,0.0000,3.0000,0.0006,0.0000,0.0001,0.0000,-0.0001
task003_symmetric,truth,6,6.0000,1.0000,1.0000,1000,1.0000,0.0000,0.0000,0.9977,0.0020,0.9821,0.9561,1.0000,0.0000,0.0000,0.0000,0.0000,0.0000,0.0259,0.7520,0.0020,0.9721,0.0259,0.0000,0.0000,6.0000,0.0002,0.0000,0.0001,0.0000,-0.0001
task003_symmetric,truth,6,6.0000,2.0000,1.0000,1000,1.0000,0.0000,0.0000,0.9984,0.0014,0.9866,0.9481,1.0000,0.0000,0.0000,0.0000,0.0000,0.0000,0.0232,1.3480,0.0015,0.9753,0.0232,0.0000,0.0000,6.0000,0.0003,0.0000,0.0001,0.0000,-0.0001
task003_symmetric,truth,6,6.0000,3.0000,1.0000,1000,1.0000,0.0000,0.0000,0.9987,0.0011,0.9892,0.9391,1.0000,0.0000,0.0000,0.0000,0.0000,0.0000,0.0230,1.9980,0.0009,0.9761,0.0230,0.0000,0.0000,6.0000,0.0003,0.0000,0.0001,0.0000,-0.0001
task003_symmetric,truth,6,6.0000,6.0000,1.0000,1000,1.0000,0.0000,0.0000,0.9988,0.0011,0.9895,0.9130,1.0000,0.0000,0.0000,0.0000,0.0000,0.0000,0.0226,3.9240,0.0006,0.9768,0.0226,0.0000,0.0000,6.0000,0.0002,0.0000,0.0001,0.0000,-0.0001
task003_symmetric,truth,6,6.0000,9.0000,1.0000,1000,1.0000,0.0000,0.0000,0.9987,0.0011,0.9894,0.8950,1.0000,0.0000,0.0000,0.0000,0.0000,0.0000,0.0225,5.8770,0.0005,0.9770,0.0225,0.0000,0.0000,6.0000,0.0002,0.0000,0.0001,0.0000,-0.0001
task003_symmetric,truth,6,12.0000,1.0000,1.0000,1000,1.0000,0.0000,0.0000,0.9969,0.0028,0.9777,0.9530,1.0000,0.0000,0.0000,0.0000,0.0000,0.0000,0.0226,0.6550,0.0824,0.8950,0.0226,0.0000,0.0000,12.0000,0.0000,0.0000,0.0001,0.0000,-0.0001
task003_symmetric,truth,6,12.0000,2.0000,1.0000,1000,1.0000,0.0000,0.0000,0.9977,0.0021,0.9802,0.9416,1.0000,0.0000,0.0000,0.0000,0.0000,0.0000,0.0209,1.2100,0.0896,0.8896,0.0209,0.0000,0.0000,12.0000,-0.0000,0.0000,0.0001,0.0000,-0.0001
task003_symmetric,truth,6,12.0000,3.0000,1.0000,1000,1.0000,0.0000,0.0000,0.9981,0.0018,0.9854,0.9487,1.0000,0.0000,0.0000,0.0000,0.0000,0.0000,0.0204,1.7760,0.0958,0.8838,0.0204,0.0000,0.0000,12.0000,0.0000,0.0000,0.0001,0.0000,-0.0001
task003_symmetric,truth,6,12.0000,6.0000,1.0000,1000,1.0000,0.0000,0.0000,0.9981,0.0017,0.9847,0.9154,1.0000,0.0000,0.0000,0.0000,0.0000,0.0000,0.0203,3.5280,0.0736,0.9061,0.0203,0.0000,0.0000,12.0000,-0.0000,0.0000,0.0001,0.0000,-0.0001
task003_symmetric,truth,6,12.0000,9.0000,1.0000,1000,1.0000,0.0000,0.0000,0.9981,0.0017,0.9857,0.8987,1.0000,0.0000,0.0000,0.0000,0.0000,0.0000,0.0202,5.2740,0.0641,0.9157,0.0202,0.0000,0.0000,12.0000,0.0000,0.0000,0.0001,0.0000,-0.0001
task003_symmetric,truth,6,24.0000,1.0000,1.0000,1000,1.0000,0.0000,0.0000,0.9964,0.0033,0.9732,0.9497,1.0000,0.0000,0.0000,0.0000,0.0000,0.0000,0.0229,0.6650,0.4394,0.5377,0.0229,0.0000,0.0000,24.0000,0.0000,0.0000,0.0001,0.0000,-0.0001
task003_symmetric,truth,6,24.0000,2.0000,1.0000,1000,1.0000,0.0000,0.0000,0.9975,0.0023,0.9816,0.9458,1.0000,0.0000,0.0000,0.0000,0.0000,0.0000,0.0206,1.1940,0.4760,0.5034,0.0206,0.0000,0.0000,24.0000,0.0000,0.0000,0.0001,0.0000,-0.0001
task003_symmetric,truth,6,24.0000,3.0000,1.0000,1000,1.0000,0.0000,0.0000,0.9978,0.0020,0.9840,0.9472,1.0000,0.0000,0.0000,0.0000,0.0000,0.0000,0.0205,1.7820,0.5000,0.4795,0.0205,0.0000,0.0000,24.0000,0.0000,0.0000,0.0001,0.0000,-0.0001
task003_symmetric,truth,6,24.0000,6.0000,1.0000,1000,1.0000,0.0000,0.0000,0.9974,0.0022,0.9799,0.9129,1.0000,0.0000,0.0000,0.0000,0.0000,0.0000,0.0203,3.5280,0.4517,0.5280,0.0203,0.0000,0.0000,24.0000,0.0000,0.0000,0.0001,0.0000,-0.0001
task003_symmetric,truth,6,24.0000,9.0000,1.0000,1000,1.0000,0.0000,0.0000,0.9976,0.0022,0.9829,0.8892,1.0000,0.0000,0.0000,0.0000,0.0000,0.0000,0.0202,5.2740,0.4498,0.5300,0.0202,0.0000,0.0000,24.0000,0.0000,0.0000,0.0001,0.0000,-0.0001
task003_symmetric,truth,12,3.0000,1.0000,1.0000,1000,1.0000,0.0000,0.0000,0.9993,0.0006,0.9943,0.9845,1.0000,0.0000,0.0000,0.0000,0.0000,0.0000,0.0246,0.7140,0.0000,0.9754,0.0246,0.0000,0.0000,3.0000,0.0005,0.0000,0.0000,0.0000,0.0000
task003_symmetric,truth,12,3.0000,2.0000,1.0000,1000,1.0000,0.0000,0.0000,0.9990,0.0009,0.9912,0.9761,1.0000,0.0000,0.0000,0.0000,0.0000,0.0000,0.0226,1.3100,0.0000,0.9774,0.0226,0.0000,0.0000,3.0000,0.0005,0.0000,0.0000,0.0000,0.0000
task003_symmetric,truth,12,3.0000,3.0000,1.0000,1000,1.0000,0.0000,0.0000,0.9992,0.0007,0.9912,0.9665,1.0000,0.0000,0.0000,0.0000,0.0000,0.0000,0.0221,1.9260,0.0000,0.9779,0.0221,0.0000,0.0000,3.0000,0.0006,0.0000,0.0000,0.0000,0.0000
task003_symmetric,truth,12,3.0000,6.0000,1.0000,1000,1.0000,0.0000,0.0000,0.9994,0.0005,0.9947,0.9488,1.0000,0.0000,0.0000,0.0000,0.0000,0.0000,0.0220,3.8340,0.0000,0.9780,0.0220,0.0000,0.0000,3.0000,0.0006,0.0000,0.0000,0.0000,0.0000
task003_symmetric,truth,12,3.0000,9.0000,1.0000,1000,1.0000,0.0000,0.0000,0.9994,0.0005,0.9947,0.9239,1.0000,0.0000,0.0000,0.0000,0.0000,0.0000,0.0221,5.7600,0.0000,0.9779,0.0221,0.0000,0.0000,3.0000,0.0006,0.0000,0.0000,0.0000,0.0000
task003_symmetric,truth,12,6.0000,1.0000,1.0000,1000,1.0000,0.0000,0.0000,0.9991,0.0009,0.9928,0.9824,1.0000,0.0000,0.0000,0.0000,0.0000,0.0000,0.0200,0.5810,0.0017,0.9783,0.0200,0.0000,0.0000,6.0000,0.0003,0.0000,0.0000,0.0000,0.0000
task003_symmetric,truth,12,6.0000,2.0000,1.0000,1000,1.0000,0.0000,0.0000,0.9990,0.0010,0.9921,0.9766,1.0000,0.0000,0.0000,0.0000,0.0000,0.0000,0.0186,1.0780,0.0015,0.9799,0.0186,0.0000,0.0000,6.0000,0.0004,0.0000,0.0000,0.0000,0.0000
task003_symmetric,truth,12,6.0000,3.0000,1.0000,1000,1.0000,0.0000,0.0000,0.9991,0.0009,0.9919,0.9652,1.0000,0.0000,0.0000,0.0000,0.0000,0.0000,0.0184,1.6020,0.0012,0.9804,0.0184,0.0000,0.0000,6.0000,0.0004,0.0000,0.0000,0.0000,0.0000
task003_symmetric,truth,12,6.0000,6.0000,1.0000,1000,1.0000,0.0000,0.0000,0.9991,0.0008,0.9935,0.9440,1.0000,0.0000,0.0000,0.0000,0.0000,0.0000,0.0184,3.2040,0.0006,0.9810,0.0184,0.0000,0.0000,6.0000,0.0004,0.0000,0.0000,0.0000,0.0000
task003_symmetric,truth,12,6.0000,9.0000,1.0000,1000,1.0000,0.0000,0.0000,0.9991,0.0008,0.9935,0.9295,1.0000,0.0000,0.0000,0.0000,0.0000,0.0000,0.0184,4.8060,0.0003,0.9813,0.0184,0.0000,0.0000,6.0000,0.0004,0.0000,0.0000,0.0000,0.0000
task003_symmetric,truth,12,12.0000,1.0000,1.0000,1000,1.0000,0.0000,0.0000,0.9986,0.0013,0.9898,0.9810,1.0000,0.0000,0.0000,0.0000,0.0000,0.0000,0.0171,0.4960,0.0815,0.9014,0.0171,0.0000,0.0000,12.0000,0.0001,0.0000,0.0000,0.0000,0.0000
task003_symmetric,truth,12,12.0000,2.0000,1.0000,1000,1.0000,0.0000,0.0000,0.9987,0.0012,0.9902,0.9782,1.0000,0.0000,0.0000,0.0000,0.0000,0.0000,0.0162,0.9380,0.0847,0.8991,0.0162,0.0000,0.0000,12.0000,0.0001,0.0000,0.0000,0.0000,0.0000
task003_symmetric,truth,12,12.0000,3.0000,1.0000,1000,1.0000,0.0000,0.0000,0.9988,0.0011,0.9908,0.9657,1.0000,0.0000,0.0000,0.0000,0.0000,0.0000,0.0162,1.4070,0.0884,0.8954,0.0162,0.0000,0.0000,12.0000,0.0001,0.0000,0.0000,0.0000,0.0000
task003_symmetric,truth,12,12.0000,6.0000,1.0000,1000,1.0000,0.0000,0.0000,0.9988,0.0011,0.9915,0.9457,1.0000,0.0000,0.0000,0.0000,0.0000,0.0000,0.0161,2.8020,0.0708,0.9131,0.0161,0.0000,0.0000,12.0000,0.0001,0.0000,0.0000,0.0000,0.0000
task003_symmetric,truth,12,12.0000,9.0000,1.0000,1000,1.0000,0.0000,0.0000,0.9988,0.0011,0.9915,0.9359,1.0000,0.0000,0.0000,0.0000,0.0000,0.0000,0.0161,4.2030,0.0649,0.9190,0.0161,0.0000,0.0000,12.0000,0.0001,0.0000,0.0000,0.0000,0.0000
task003_symmetric,truth,12,24.0000,1.0000,1.0000,1000,1.0000,0.0000,0.0000,0.9986,0.0013,0.9898,0.9819,1.0000,0.0000,0.0000,0.0000,0.0000,0.0000,0.0174,0.5040,0.4470,0.5356,0.0174,0.0000,0.0000,24.0000,0.0000,0.0000,0.0000,0.0000,0.0000
task003_symmetric,truth,12,24.0000,2.0000,1.0000,1000,1.0000,0.0000,0.0000,0.9986,0.0012,0.9899,0.9740,1.0000,0.0000,0.0000,0.0000,0.0000,0.0000,0.0165,0.9580,0.4731,0.5104,0.0165,0.0000,0.0000,24.0000,0.0000,0.0000,0.0000,0.0000,0.0000
task003_symmetric,truth,12,24.0000,3.0000,1.0000,1000,1.0000,0.0000,0.0000,0.9988,0.0011,0.9910,0.9640,1.0000,0.0000,0.0000,0.0000,0.0000,0.0000,0.0165,1.4340,0.4884,0.4951,0.0165,0.0000,0.0000,24.0000,0.0000,0.0000,0.0000,0.0000,0.0000
task003_symmetric,truth,12,24.0000,6.0000,1.0000,1000,1.0000,0.0000,0.0000,0.9988,0.0011,0.9915,0.9527,1.0000,0.0000,0.0000,0.0000,0.0000,0.0000,0.0164,2.8560,0.4670,0.5166,0.0164,0.0000,0.0000,24.0000,0.0000,0.0000,0.0000,0.0000,0.0000
task003_symmetric,truth,12,24.0000,9.0000,1.0000,1000,1.0000,0.0000,0.0000,0.9988,0.0011,0.9915,0.9410,1.0000,0.0000,0.0000,0.0000,0.0000,0.0000,0.0164,4.2840,0.4488,0.5348,0.0164,0.0000,0.0000,24.0000,0.0000,0.0000,0.0000,0.0000,0.0000
