setup,arm,q,qc,b,rho,episodes,final_share_A0,final_share_A1,final_share_A2,final_mean_p_A0,final_mean_p_A2,final_proof_rate_A0,final_proof_rate_A0_own_evidence,episodes_majority_A0,episodes_majority_A2,abstention_rate,abstention_rate_when_voting_A0,abstention_rate_when_voting_A1,abstention_rate_when_voting_A2,nights_acting,facts_posted_per_episode,nights_proved,nights_gate,nights_posted,nights_posted_proved,nights_fallback,mean_posts_read_by_controller,sensing_bias_vs_all_agents,posters_vs_all_agents,final_share_A0_minus_silent,final_share_A1_minus_silent,final_share_A2_minus_silent
task003_nosolution,false,3,3.0000,1.0000,0.7500,1000,0.1673,0.0750,0.7577,0.1640,0.7608,0.0000,0.0000,0.0040,0.9550,0.0000,0.0000,0.0000,0.0000,0.6095,17.6760,0.0000,0.3905,0.6095,0.0000,0.0000,3.0000,0.0017,0.0000,-0.1870,-0.0835,0.2704
task003_nosolution,false,3,3.0000,2.0000,0.7500,1000,0.2028,0.0641,0.7331,0.1989,0.7363,0.0000,0.0000,0.0060,0.9380,0.0000,0.0000,0.0000,0.0000,0.6283,36.4400,0.0000,0.3717,0.6283,0.0000,0.0000,3.0000,-0.0001,0.0000,-0.1515,-0.0944,0.2458
task003_nosolution,false,3,3.0000,3.0000,0.7500,1000,0.1962,0.0695,0.7344,0.1959,0.7354,0.0000,0.0000,0.0050,0.9450,0.0000,0.0000,0.0000,0.0000,0.6373,55.4460,0.0000,0.3627,0.6373,0.0000,0.0000,3.0000,0.0006,0.0000,-0.1581,-0.0890,0.2471
task003_nosolution,false,3,3.0000,6.0000,0.7500,1000,0.2000,0.0830,0.7170,0.1967,0.7219,0.0000,0.0000,0.0040,0.9420,0.0000,0.0000,0.0000,0.0000,0.6605,114.9240,0.0000,0.3395,0.6605,0.0000,0.0000,3.0000,0.0019,0.0000,-0.1543,-0.0754,0.2297
task003_nosolution,false,3,3.0000,9.0000,0.7500,1000,0.3417,0.1205,0.5378,0.3389,0.5425,0.0000,0.0000,0.0700,0.5370,0.0000,0.0000,0.0000,0.0000,0.8329,217.3950,0.0000,0.1671,0.8329,0.0000,0.0000,3.0000,0.0014,-0.0000,-0.0126,-0.0379,0.0505
task003_nosolution,false,3,6.0000,1.0000,0.7500,1000,0.1838,0.0820,0.7341,0.1817,0.7368,0.0000,0.0000,0.0060,0.9410,0.0000,0.0000,0.0000,0.0000,0.5451,15.8090,0.0000,0.4549,0.5451,0.0000,0.0000,6.0000,0.0006,0.0000,-0.1704,-0.0764,0.2468
task003_nosolution,false,3,6.0000,2.0000,0.7500,1000,0.1915,0.0792,0.7292,0.1899,0.7311,0.0000,0.0000,0.0050,0.9330,0.0000,0.0000,0.0000,0.0000,0.5564,32.2700,0.0000,0.4436,0.5564,0.0000,0.0000,6.0000,-0.0002,0.0000,-0.1627,-0.0792,0.2420
task003_nosolution,false,3,6.0000,3.0000,0.7500,1000,0.2020,0.0836,0.7143,0.2026,0.7144,0.0000,0.0000,0.0040,0.9330,0.0000,0.0000,0.0000,0.0000,0.5836,50.7750,0.0000,0.4164,0.5836,0.0000,0.0000,6.0000,-0.0006,0.0000,-0.1522,-0.0748,0.2270
task003_nosolution,false,3,6.0000,6.0000,0.7500,1000,0.2007,0.0921,0.7072,0.1998,0.7083,0.0000,0.0000,0.0020,0.9240,0.0000,0.0000,0.0000,0.0000,0.6085,105.8760,0.0000,0.3915,0.6085,0.0000,0.0000,6.0000,-0.0003,0.0000,-0.1535,-0.0663,0.2199
task003_nosolution,false,3,6.0000,9.0000,0.7500,1000,0.3695,0.1260,0.5045,0.3657,0.5072,0.0000,0.0000,0.1060,0.4580,0.0000,0.0000,0.0000,0.0000,0.8565,223.5420,0.0000,0.1435,0.8565,0.0000,0.0000,6.0000,-0.0013,0.0000,0.0152,-0.0325,0.0173
task003_nosolution,false,3,12.0000,1.0000,0.7500,1000,0.1801,0.0957,0.7242,0.1769,0.7277,0.0000,0.0000,0.0060,0.9040,0.0000,0.0000,0.0000,0.0000,0.5004,14.5130,0.0000,0.4996,0.5004,0.0000,0.0000,12.0000,0.0005,0.0000,-0.1741,-0.0627,0.2369
task003_nosolution,false,3,12.0000,2.0000,0.7500,1000,0.1943,0.0950,0.7107,0.1930,0.7137,0.0000,0.0000,0.0050,0.8980,0.0000,0.0000,0.0000,0.0000,0.5126,29.7320,0.0000,0.4874,0.5126,0.0000,0.0000,12.0000,0.0004,0.0000,-0.1599,-0.0635,0.2234
task003_nosolution,false,3,12.0000,3.0000,0.7500,1000,0.2105,0.0983,0.6912,0.2067,0.6954,0.0000,0.0000,0.0060,0.8870,0.0000,0.0000,0.0000,0.0000,0.5577,48.5160,0.0000,0.4423,0.5577,0.0000,0.0000,12.0000,-0.0000,0.0000,-0.1438,-0.0602,0.2039
task003_nosolution,false,3,12.0000,6.0000,0.7500,1000,0.2190,0.1090,0.6720,0.2176,0.6775,0.0000,0.0000,0.0040,0.8440,0.0000,0.0000,0.0000,0.0000,0.5990,104.2320,0.0000,0.4010,0.5990,0.0000,0.0000,12.0000,-0.0001,0.0000,-0.1353,-0.0494,0.1847
task003_nosolution,false,3,12.0000,9.0000,0.7500,1000,0.3763,0.1367,0.4870,0.3746,0.4909,0.0000,0.0000,0.1220,0.4100,0.0000,0.0000,0.0000,0.0000,0.8867,231.4170,0.0000,0.1133,0.8867,0.0000,0.0000,12.0000,0.0001,0.0000,0.0221,-0.0218,-0.0003
task003_nosolution,false,3,24.0000,1.0000,0.7500,1000,0.1905,0.1076,0.7018,0.1913,0.7028,0.0000,0.0000,0.0160,0.8640,0.0000,0.0000,0.0000,0.0000,0.6218,18.0310,0.0000,0.3782,0.6218,0.0000,0.0000,23.9988,0.0000,0.0000,-0.1637,-0.0508,0.2145
task003_nosolution,false,3,24.0000,2.0000,0.7500,1000,0.2008,0.1078,0.6914,0.1984,0.6950,0.0000,0.0000,0.0090,0.8640,0.0000,0.0000,0.0000,0.0000,0.6257,36.2880,0.0000,0.3743,0.6257,0.0000,0.0000,23.9994,0.0000,0.0000,-0.1534,-0.0507,0.2041
task003_nosolution,false,3,24.0000,3.0000,0.7500,1000,0.2289,0.0983,0.6729,0.2274,0.6750,0.0000,0.0000,0.0130,0.8470,0.0000,0.0000,0.0000,0.0000,0.6833,59.4450,0.0000,0.3167,0.6833,0.0000,0.0000,23.9991,0.0000,0.0000,-0.1254,-0.0602,0.1856
task003_nosolution,false,3,24.0000,6.0000,0.7500,1000,0.2269,0.1003,0.6728,0.2242,0.6744,0.0000,0.0000,0.0060,0.8530,0.0000,0.0000,0.0000,0.0000,0.6945,120.8400,0.0000,0.3055,0.6945,0.0000,0.0000,23.9996,0.0000,0.0000,-0.1274,-0.0581,0.1855
task003_nosolution,false,3,24.0000,9.0000,0.7500,1000,0.3490,0.1550,0.4960,0.3473,0.5013,0.0000,0.0000,0.0860,0.4390,0.0000,0.0000,0.0000,0.0000,0.9546,249.1560,0.0000,0.0454,0.9546,0.0000,0.0000,24.0000,0.0000,0.0000,-0.0052,-0.0035,0.0087
task003_nosolution,false,6,3.0000,1.0000,0.7500,1000,0.1364,0.0291,0.8345,0.1382,0.8329,0.0000,0.0000,0.0070,0.9670,0.0000,0.0000,0.0000,0.0000,0.4711,13.6630,0.0000,0.5289,0.4711,0.0000,0.0000,3.0000,0.0009,0.0000,-0.2439,-0.0580,0.3018
task003_nosolution,false,6,3.0000,2.0000,0.7500,1000,0.1854,0.0224,0.7923,0.1836,0.7931,0.0000,0.0000,0.0150,0.9530,0.0000,0.0000,0.0000,0.0000,0.4921,28.5440,0.0000,0.5079,0.4921,0.0000,0.0000,3.0000,0.0019,0.0000,-0.1949,-0.0647,0.2596
task003_nosolution,false,6,3.0000,3.0000,0.7500,1000,0.1999,0.0245,0.7755,0.1966,0.7802,0.0000,0.0000,0.0210,0.9410,0.0000,0.0000,0.0000,0.0000,0.5302,46.1250,0.0000,0.4698,0.5302,0.0000,0.0000,3.0000,0.0029,0.0000,-0.1803,-0.0625,0.2429
task003_nosolution,false,6,3.0000,6.0000,0.7500,1000,0.2004,0.0243,0.7754,0.1987,0.7758,0.0000,0.0000,0.0170,0.9400,0.0000,0.0000,0.0000,0.0000,0.5470,95.1780,0.0000,0.4530,0.5470,0.0000,0.0000,3.0000,0.0024,0.0000,-0.1799,-0.0628,0.2427
task003_nosolution,false,6,3.0000,9.0000,0.7500,1000,0.4655,0.0464,0.4882,0.4614,0.4931,0.0000,0.0000,0.3960,0.4110,0.0000,0.0000,0.0000,0.0000,0.8229,214.7850,0.0000,0.1771,0.8229,0.0000,0.0000,3.0000,0.0007,0.0000,0.0852,-0.0407,-0.0445
task003_nosolution,false,6,6.0000,1.0000,0.7500,1000,0.1539,0.0323,0.8138,0.1558,0.8127,0.0000,0.0000,0.0200,0.9380,0.0000,0.0000,0.0000,0.0000,0.3728,10.8110,0.0000,0.6272,0.3728,0.0000,0.0000,6.0000,-0.0000,0.0000,-0.2263,-0.0548,0.2811
task003_nosolution,false,6,6.0000,2.0000,0.7500,1000,0.1744,0.0294,0.7962,0.1734,0.7974,0.0000,0.0000,0.0220,0.9380,0.0000,0.0000,0.0000,0.0000,0.3785,21.9520,0.0000,0.6215,0.3785,0.0000,0.0000,6.0000,-0.0007,0.0000,-0.2058,-0.0577,0.2635
task003_nosolution,false,6,6.0000,3.0000,0.7500,1000,0.1977,0.0311,0.7712,0.1970,0.7725,0.0000,0.0000,0.0220,0.9280,0.0000,0.0000,0.0000,0.0000,0.4345,37.8000,0.0000,0.5655,0.4345,0.0000,0.0000,6.0000,-0.0004,0.0000,-0.1826,-0.0560,0.2386
task003_nosolution,false,6,6.0000,6.0000,0.7500,1000,0.2045,0.0321,0.7634,0.2037,0.7646,0.0000,0.0000,0.0170,0.9320,0.0000,0.0000,0.0000,0.0000,0.4593,79.9200,0.0000,0.5407,0.4593,0.0000,0.0000,6.0000,-0.0014,0.0000,-0.1757,-0.0550,0.2307
task003_nosolution,false,6,6.0000,9.0000,0.7500,1000,0.5055,0.0519,0.4426,0.5010,0.4464,0.0000,0.0000,0.4940,0.3050,0.0000,0.0000,0.0000,0.0000,0.8450,220.5540,0.0000,0.1550,0.8450,0.0000,0.0000,6.0000,-0.0003,-0.0000,0.1252,-0.0352,-0.0901
task003_nosolution,false,6,12.0000,1.0000,0.7500,1000,0.1498,0.0360,0.8142,0.1501,0.8138,0.0000,0.0000,0.0190,0.9440,0.0000,0.0000,0.0000,0.0000,0.3069,8.9000,0.0000,0.6931,0.3069,0.0000,0.0000,12.0000,-0.0003,0.0000,-0.2304,-0.0511,0.2815
task003_nosolution,false,6,12.0000,2.0000,0.7500,1000,0.1625,0.0363,0.8012,0.1634,0.8018,0.0000,0.0000,0.0230,0.9350,0.0000,0.0000,0.0000,0.0000,0.2986,17.3160,0.0000,0.7014,0.2986,0.0000,0.0000,12.0000,0.0001,0.0000,-0.2178,-0.0508,0.2685
task003_nosolution,false,6,12.0000,3.0000,0.7500,1000,0.1907,0.0323,0.7770,0.1886,0.7778,0.0000,0.0000,0.0290,0.9200,0.0000,0.0000,0.0000,0.0000,0.3517,30.5970,0.0000,0.6483,0.3517,0.0000,0.0000,12.0000,0.0002,0.0000,-0.1895,-0.0548,0.2443
task003_nosolution,false,6,12.0000,6.0000,0.7500,1000,0.2080,0.0323,0.7598,0.2068,0.7597,0.0000,0.0000,0.0380,0.9000,0.0000,0.0000,0.0000,0.0000,0.3819,66.4500,0.0000,0.6181,0.3819,0.0000,0.0000,12.0000,-0.0003,0.0000,-0.1722,-0.0548,0.2271
task003_nosolution,false,6,12.0000,9.0000,0.7500,1000,0.4838,0.0560,0.4601,0.4796,0.4648,0.0000,0.0000,0.4480,0.3440,0.0000,0.0000,0.0000,0.0000,0.8231,214.8390,0.0000,0.1769,0.8231,0.0000,0.0000,12.0000,0.0013,0.0000,0.1036,-0.0310,-0.0725
task003_nosolution,false,6,24.0000,1.0000,0.7500,1000,0.1420,0.0363,0.8217,0.1434,0.8204,0.0000,0.0000,0.0190,0.9490,0.0000,0.0000,0.0000,0.0000,0.3250,9.4250,0.0000,0.6750,0.3250,0.0000,0.0000,23.9994,0.0000,0.0000,-0.2382,-0.0508,0.2890
task003_nosolution,false,6,24.0000,2.0000,0.7500,1000,0.1345,0.0323,0.8332,0.1321,0.8336,0.0000,0.0000,0.0090,0.9670,0.0000,0.0000,0.0000,0.0000,0.2654,15.3920,0.0000,0.7346,0.2654,0.0000,0.0000,23.9997,0.0000,0.0000,-0.2458,-0.0548,0.3005
task003_nosolution,false,6,24.0000,3.0000,0.7500,1000,0.1627,0.0312,0.8060,0.1642,0.8040,0.0000,0.0000,0.0160,0.9440,0.0000,0.0000,0.0000,0.0000,0.3309,28.7850,0.0000,0.6691,0.3309,0.0000,0.0000,23.9997,0.0000,0.0000,-0.2175,-0.0558,0.2734
task003_nosolution,false,6,24.0000,6.0000,0.7500,1000,0.1556,0.0290,0.8154,0.1590,0.8120,0.0000,0.0000,0.0110,0.9590,0.0000,0.0000,0.0000,0.0000,0.3365,58.5540,0.0000,0.6635,0.3365,0.0000,0.0000,23.9996,0.0000,0.0000,-0.2246,-0.0581,0.2827
task003_nosolution,false,6,24.0000,9.0000,0.7500,1000,0.3849,0.0563,0.5589,0.3831,0.5577,0.0000,0.0000,0.2550,0.5440,0.0000,0.0000,0.0000,0.0000,0.8115,211.8060,0.0000,0.1885,0.8115,0.0000,0.0000,24.0000,-0.0000,-0.0000,0.0046,-0.0308,0.0262
task003_nosolution,false,12,3.0000,1.0000,0.7500,1000,0.1718,0.0139,0.8143,0.1717,0.8155,0.0000,0.0000,0.0540,0.9220,0.0000,0.0000,0.0000,0.0000,0.4720,13.6880,0.0000,0.5280,0.4720,0.0000,0.0000,3.0000,0.0013,0.0000,-0.2694,-0.0353,0.3047
task003_nosolution,false,12,3.0000,2.0000,0.7500,1000,0.2368,0.0094,0.7538,0.2359,0.7546,0.0000,0.0000,0.0790,0.8760,0.0000,0.0000,0.0000,0.0000,0.5068,29.3960,0.0000,0.4932,0.5068,0.0000,0.0000,3.0000,0.0008,0.0000,-0.2044,-0.0398,0.2442
task003_nosolution,false,12,3.0000,3.0000,0.7500,1000,0.2932,0.0076,0.6992,0.2921,0.6993,0.0000,0.0000,0.1210,0.8150,0.0000,0.0000,0.0000,0.0000,0.5889,51.2340,0.0000,0.4111,0.5889,0.0000,0.0000,3.0000,0.0035,0.0000,-0.1480,-0.0415,0.1895
task003_nosolution,false,12,3.0000,6.0000,0.7500,1000,0.3135,0.0073,0.6793,0.3099,0.6831,0.0000,0.0000,0.1410,0.8000,0.0000,0.0000,0.0000,0.0000,0.6200,107.8740,0.0000,0.3800,0.6200,0.0000,0.0000,3.0000,0.0011,0.0000,-0.1277,-0.0419,0.1696
task003_nosolution,false,12,3.0000,9.0000,0.7500,1000,0.6579,0.0092,0.3328,0.6568,0.3331,0.0000,0.0000,0.8210,0.1350,0.0000,0.0000,0.0000,0.0000,0.9008,235.1070,0.0000,0.0992,0.9008,0.0000,0.0000,3.0000,0.0003,0.0000,0.2167,-0.0399,-0.1768
task003_nosolution,false,12,6.0000,1.0000,0.7500,1000,0.2050,0.0152,0.7798,0.2021,0.7832,0.0000,0.0000,0.0870,0.8700,0.0000,0.0000,0.0000,0.0000,0.3878,11.2460,0.0000,0.6122,0.3878,0.0000,0.0000,6.0000,-0.0009,0.0000,-0.2362,-0.0339,0.2701
task003_nosolution,false,12,6.0000,2.0000,0.7500,1000,0.2384,0.0136,0.7480,0.2383,0.7488,0.0000,0.0000,0.1100,0.8450,0.0000,0.0000,0.0000,0.0000,0.4012,23.2700,0.0000,0.5988,0.4012,0.0000,0.0000,6.0000,0.0001,0.0000,-0.2028,-0.0356,0.2384
task003_nosolution,false,12,6.0000,3.0000,0.7500,1000,0.2855,0.0109,0.7036,0.2868,0.7018,0.0000,0.0000,0.1410,0.8010,0.0000,0.0000,0.0000,0.0000,0.4916,42.7710,0.0000,0.5084,0.4916,0.0000,0.0000,6.0000,-0.0009,0.0000,-0.1557,-0.0383,0.1940
task003_nosolution,false,12,6.0000,6.0000,0.7500,1000,0.3031,0.0091,0.6878,0.3015,0.6896,0.0000,0.0000,0.1600,0.7850,0.0000,0.0000,0.0000,0.0000,0.5238,91.1400,0.0000,0.4762,0.5238,0.0000,0.0000,6.0000,-0.0007,0.0000,-0.1381,-0.0400,0.1782
task003_nosolution,false,12,6.0000,9.0000,0.7500,1000,0.6646,0.0100,0.3254,0.6635,0.3266,0.0000,0.0000,0.8210,0.1180,0.0000,0.0000,0.0000,0.0000,0.8958,233.7930,0.0000,0.1042,0.8958,0.0000,0.0000,6.0000,0.0003,0.0000,0.2234,-0.0392,-0.1842
task003_nosolution,false,12,12.0000,1.0000,0.7500,1000,0.1916,0.0179,0.7905,0.1913,0.7906,0.0000,0.0000,0.0820,0.8820,0.0000,0.0000,0.0000,0.0000,0.3042,8.8210,0.0000,0.6958,0.3042,0.0000,0.0000,12.0000,0.0003,0.0000,-0.2496,-0.0313,0.2809
task003_nosolution,false,12,12.0000,2.0000,0.7500,1000,0.1932,0.0162,0.7906,0.1948,0.7897,0.0000,0.0000,0.0860,0.8720,0.0000,0.0000,0.0000,0.0000,0.2884,16.7300,0.0000,0.7116,0.2884,0.0000,0.0000,12.0000,-0.0000,0.0000,-0.2480,-0.0330,0.2810
task003_nosolution,false,12,12.0000,3.0000,0.7500,1000,0.2415,0.0146,0.7439,0.2416,0.7447,0.0000,0.0000,0.1230,0.8290,0.0000,0.0000,0.0000,0.0000,0.3691,32.1090,0.0000,0.6309,0.3691,0.0000,0.0000,12.0000,0.0002,0.0000,-0.1997,-0.0346,0.2343
task003_nosolution,false,12,12.0000,6.0000,0.7500,1000,0.2728,0.0144,0.7128,0.2739,0.7134,0.0000,0.0000,0.1510,0.7850,0.0000,0.0000,0.0000,0.0000,0.4065,70.7340,0.0000,0.5935,0.4065,0.0000,0.0000,12.0000,0.0003,0.0000,-0.1684,-0.0348,0.2032
task003_nosolution,false,12,12.0000,9.0000,0.7500,1000,0.6280,0.0115,0.3605,0.6258,0.3628,0.0000,0.0000,0.7600,0.1960,0.0000,0.0000,0.0000,0.0000,0.8448,220.5000,0.0000,0.1552,0.8448,0.0000,0.0000,12.0000,-0.0004,0.0000,0.1868,-0.0377,-0.1491
task003_nosolution,false,12,24.0000,1.0000,0.7500,1000,0.1487,0.0181,0.8332,0.1492,0.8326,0.0000,0.0000,0.0380,0.9240,0.0000,0.0000,0.0000,0.0000,0.2661,7.7160,0.0000,0.7339,0.2661,0.0000,0.0000,23.9996,0.0000,0.0000,-0.2925,-0.0311,0.3236
task003_nosolution,false,12,24.0000,2.0000,0.7500,1000,0.1371,0.0156,0.8473,0.1346,0.8491,0.0000,0.0000,0.0250,0.9470,0.0000,0.0000,0.0000,0.0000,0.2201,12.7640,0.0000,0.7799,0.2201,0.0000,0.0000,23.9996,0.0000,0.0000,-0.3041,-0.0336,0.3377
task003_nosolution,false,12,24.0000,3.0000,0.7500,1000,0.1740,0.0148,0.8112,0.1736,0.8125,0.0000,0.0000,0.0570,0.9200,0.0000,0.0000,0.0000,0.0000,0.2861,24.8910,0.0000,0.7139,0.2861,0.0000,0.0000,23.9996,0.0000,0.0000,-0.2672,-0.0344,0.3016
task003_nosolution,false,12,24.0000,6.0000,0.7500,1000,0.1775,0.0103,0.8122,0.1750,0.8134,0.0000,0.0000,0.0500,0.9190,0.0000,0.0000,0.0000,0.0000,0.2937,51.1020,0.0000,0.7063,0.2937,0.0000,0.0000,23.9999,-0.0000,-0.0000,-0.2637,-0.0389,0.3026
task003_nosolution,false,12,24.0000,9.0000,0.7500,1000,0.4481,0.0138,0.5381,0.4437,0.5423,0.0000,0.0000,0.3960,0.5240,0.0000,0.0000,0.0000,0.0000,0.7584,197.9550,0.0000,0.2416,0.7584,0.0000,0.0000,23.9999,0.0000,0.0000,0.0069,-0.0354,0.0285
task003_nosolution,false,3,3.0000,1.0000,1.0000,1000,0.2661,0.0000,0.7339,0.2642,0.7358,0.0000,0.0000,0.0380,0.9220,0.0000,0.0000,0.0000,0.0000,0.5439,15.7740,0.0000,0.4561,0.5439,0.0000,0.0000,3.0000,0.0017,0.0000,-0.2365,-0.0008,0.2373
task003_nosolution,false,3,3.0000,2.0000,1.0000,1000,0.3863,0.0000,0.6137,0.3824,0.6176,0.0000,0.0000,0.1100,0.7910,0.0000,0.0000,0.0000,0.0000,0.6419,37.2280,0.0000,0.3581,0.6419,0.0000,0.0000,3.0000,0.0014,0.0000,-0.1162,-0.0008,0.1170
task003_nosolution,false,3,3.0000,3.0000,1.0000,1000,0.4547,0.0000,0.5453,0.4504,0.5496,0.0000,0.0000,0.2980,0.5800,0.0000,0.0000,0.0000,0.0000,0.7232,62.9220,0.0000,0.2768,0.7232,0.0000,0.0000,3.0000,0.0002,0.0000,-0.0479,-0.0008,0.0487
task003_nosolution,false,3,3.0000,6.0000,1.0000,1000,0.4726,0.0000,0.5274,0.4684,0.5316,0.0000,0.0000,0.3460,0.5140,0.0000,0.0000,0.0000,0.0000,0.7451,129.6540,0.0000,0.2549,0.7451,0.0000,0.0000,3.0000,-0.0002,0.0000,-0.0300,-0.0008,0.0308
task003_nosolution,false,3,3.0000,9.0000,1.0000,1000,0.7449,0.0000,0.2551,0.7422,0.2578,0.0000,0.0000,0.9810,0.0090,0.0000,0.0000,0.0000,0.0000,0.9221,240.6600,0.0000,0.0779,0.9221,0.0000,0.0000,3.0000,0.0006,0.0000,0.2423,-0.0008,-0.2415
task003_nosolution,false,3,6.0000,1.0000,1.0000,1000,0.3315,0.0000,0.6685,0.3297,0.6703,0.0000,0.0000,0.1130,0.8230,0.0000,0.0000,0.0000,0.0000,0.4940,14.3270,0.0000,0.5060,0.4940,0.0000,0.0000,6.0000,-0.0007,0.0000,-0.1710,-0.0008,0.1718
task003_nosolution,false,3,6.0000,2.0000,1.0000,1000,0.4228,0.0000,0.5772,0.4205,0.5795,0.0000,0.0000,0.2620,0.6270,0.0000,0.0000,0.0000,0.0000,0.5810,33.6960,0.0000,0.4190,0.5810,0.0000,0.0000,6.0000,-0.0014,0.0000,-0.0797,-0.0008,0.0805
task003_nosolution,false,3,6.0000,3.0000,1.0000,1000,0.4634,0.0000,0.5366,0.4587,0.5413,0.0000,0.0000,0.3420,0.5110,0.0000,0.0000,0.0000,0.0000,0.6718,58.4430,0.0000,0.3282,0.6718,0.0000,0.0000,6.0000,-0.0002,0.0000,-0.0392,-0.0008,0.0400
task003_nosolution,false,3,6.0000,6.0000,1.0000,1000,0.4735,0.0000,0.5265,0.4696,0.5304,0.0000,0.0000,0.3530,0.4950,0.0000,0.0000,0.0000,0.0000,0.6997,121.7460,0.0000,0.3003,0.6997,0.0000,0.0000,6.0000,-0.0010,0.0000,-0.0290,-0.0008,0.0298
task003_nosolution,false,3,6.0000,9.0000,1.0000,1000,0.7495,0.0000,0.2505,0.7475,0.2525,0.0000,0.0000,0.9870,0.0080,0.0000,0.0000,0.0000,0.0000,0.9355,244.1610,0.0000,0.0645,0.9355,0.0000,0.0000,6.0000,-0.0010,0.0000,0.2469,-0.0008,-0.2461
task003_nosolution,false,3,12.0000,1.0000,1.0000,1000,0.3220,0.0000,0.6780,0.3186,0.6814,0.0000,0.0000,0.1450,0.7950,0.0000,0.0000,0.0000,0.0000,0.4215,12.2230,0.0000,0.5785,0.4215,0.0000,0.0000,12.0000,0.0002,0.0000,-0.1805,-0.0008,0.1813
task003_nosolution,false,3,12.0000,2.0000,1.0000,1000,0.3757,0.0000,0.6242,0.3713,0.6287,0.0000,0.0000,0.2200,0.6830,0.0000,0.0000,0.0000,0.0000,0.4847,28.1100,0.0000,0.5153,0.4847,0.0000,0.0000,12.0000,0.0001,0.0000,-0.1268,-0.0008,0.1276
task003_nosolution,false,3,12.0000,3.0000,1.0000,1000,0.4175,0.0000,0.5825,0.4133,0.5867,0.0000,0.0000,0.2890,0.6000,0.0000,0.0000,0.0000,0.0000,0.5732,49.8690,0.0000,0.4268,0.5732,0.0000,0.0000,12.0000,0.0002,0.0000,-0.0850,-0.0008,0.0858
task003_nosolution,false,3,12.0000,6.0000,1.0000,1000,0.4345,0.0000,0.5655,0.4312,0.5688,0.0000,0.0000,0.2920,0.5910,0.0000,0.0000,0.0000,0.0000,0.6189,107.6820,0.0000,0.3811,0.6189,0.0000,0.0000,12.0000,-0.0000,0.0000,-0.0680,-0.0008,0.0688
task003_nosolution,false,3,12.0000,9.0000,1.0000,1000,0.7305,0.0001,0.2694,0.7282,0.2717,0.0000,0.0000,0.9330,0.0460,0.0000,0.0000,0.0000,0.0000,0.9369,244.5210,0.0000,0.0631,0.9369,0.0000,0.0000,12.0000,0.0002,0.0000,0.2279,-0.0007,-0.2272
task003_nosolution,false,3,24.0000,1.0000,1.0000,1000,0.2650,0.0000,0.7350,0.2647,0.7353,0.0000,0.0000,0.0700,0.8980,0.0000,0.0000,0.0000,0.0000,0.4036,11.7040,0.0000,0.5964,0.4036,0.0000,0.0000,24.0000,0.0000,0.0000,-0.2375,-0.0008,0.2383
task003_nosolution,false,3,24.0000,2.0000,1.0000,1000,0.2955,0.0000,0.7045,0.2915,0.7085,0.0000,0.0000,0.1040,0.8370,0.0000,0.0000,0.0000,0.0000,0.4262,24.7200,0.0000,0.5738,0.4262,0.0000,0.0000,24.0000,0.0000,0.0000,-0.2071,-0.0008,0.2079
task003_nosolution,false,3,24.0000,3.0000,1.0000,1000,0.3195,0.0000,0.6805,0.3169,0.6830,0.0000,0.0000,0.1490,0.7980,0.0000,0.0000,0.0000,0.0000,0.4965,43.1940,0.0000,0.5035,0.4965,0.0000,0.0000,24.0000,0.0000,0.0000,-0.1831,-0.0008,0.1839
task003_nosolution,false,3,24.0000,6.0000,1.0000,1000,0.3387,0.0000,0.6613,0.3344,0.6656,0.0000,0.0000,0.1460,0.7950,0.0000,0.0000,0.0000,0.0000,0.5471,95.1900,0.0000,0.4529,0.5471,0.0000,0.0000,24.0000,0.0000,0.0000,-0.1638,-0.0008,0.1646
task003_nosolution,false,3,24.0000,9.0000,1.0000,1000,0.5882,0.0001,0.4117,0.5850,0.4149,0.0000,0.0000,0.6360,0.2830,0.0000,0.0000,0.0000,0.0000,0.9307,242.9010,0.0000,0.0693,0.9307,0.0000,0.0000,24.0000,0.0000,0.0000,0.0856,-0.0007,-0.0849
task003_nosolution,false,6,3.0000,1.0000,1.0000,1000,0.3151,0.0000,0.6849,0.3097,0.6903,0.0000,0.0000,0.0720,0.8700,0.0000,0.0000,0.0000,0.0000,0.5876,17.0410,0.0000,0.4124,0.5876,0.0000,0.0000,3.0000,0.0003,0.0000,-0.1901,0.0000,0.1901
task003_nosolution,false,6,3.0000,2.0000,1.0000,1000,0.4117,0.0000,0.5883,0.4077,0.5923,0.0000,0.0000,0.1490,0.7420,0.0000,0.0000,0.0000,0.0000,0.6759,39.2000,0.0000,0.3241,0.6759,0.0000,0.0000,3.0000,0.0010,0.0000,-0.0935,0.0000,0.0935
task003_nosolution,false,6,3.0000,3.0000,1.0000,1000,0.4843,0.0000,0.5157,0.4790,0.5210,0.0000,0.0000,0.3750,0.4760,0.0000,0.0000,0.0000,0.0000,0.7641,66.4770,0.0000,0.2359,0.7641,0.0000,0.0000,3.0000,0.0015,0.0000,-0.0209,0.0000,0.0209
task003_nosolution,false,6,3.0000,6.0000,1.0000,1000,0.5005,0.0000,0.4995,0.4953,0.5047,0.0000,0.0000,0.4270,0.4160,0.0000,0.0000,0.0000,0.0000,0.7888,137.2500,0.0000,0.2112,0.7888,0.0000,0.0000,3.0000,0.0011,0.0000,-0.0047,0.0000,0.0047
task003_nosolution,false,6,3.0000,9.0000,1.0000,1000,0.7510,0.0000,0.2490,0.7482,0.2518,0.0000,0.0000,0.9860,0.0080,0.0000,0.0000,0.0000,0.0000,0.9441,246.4200,0.0000,0.0559,0.9441,0.0000,0.0000,3.0000,0.0020,0.0000,0.2458,0.0000,-0.2457
task003_nosolution,false,6,6.0000,1.0000,1.0000,1000,0.3835,0.0000,0.6165,0.3806,0.6194,0.0000,0.0000,0.1680,0.7360,0.0000,0.0000,0.0000,0.0000,0.5418,15.7120,0.0000,0.4582,0.5418,0.0000,0.0000,6.0000,-0.0007,0.0000,-0.1217,0.0000,0.1217
task003_nosolution,false,6,6.0000,2.0000,1.0000,1000,0.4685,0.0000,0.5315,0.4628,0.5372,0.0000,0.0000,0.3690,0.4920,0.0000,0.0000,0.0000,0.0000,0.6187,35.8820,0.0000,0.3813,0.6187,0.0000,0.0000,6.0000,-0.0001,0.0000,-0.0367,0.0000,0.0367
task003_nosolution,false,6,6.0000,3.0000,1.0000,1000,0.4947,0.0000,0.5053,0.4893,0.5107,0.0000,0.0000,0.4210,0.4220,0.0000,0.0000,0.0000,0.0000,0.7299,63.4980,0.0000,0.2701,0.7299,0.0000,0.0000,6.0000,-0.0004,0.0000,-0.0105,0.0000,0.0105
task003_nosolution,false,6,6.0000,6.0000,1.0000,1000,0.5010,0.0000,0.4990,0.4945,0.5055,0.0000,0.0000,0.4260,0.4140,0.0000,0.0000,0.0000,0.0000,0.7590,132.0660,0.0000,0.2410,0.7590,0.0000,0.0000,6.0000,-0.0009,0.0000,-0.0042,0.0000,0.0043
task003_nosolution,false,6,6.0000,9.0000,1.0000,1000,0.7507,0.0000,0.2493,0.7480,0.2520,0.0000,0.0000,0.9890,0.0060,0.0000,0.0000,0.0000,0.0000,0.9486,247.5810,0.0000,0.0514,0.9486,0.0000,0.0000,6.0000,-0.0005,0.0000,0.2455,0.0000,-0.2455
task003_nosolution,false,6,12.0000,1.0000,1.0000,1000,0.3458,0.0000,0.6542,0.3432,0.6568,0.0000,0.0000,0.1720,0.7620,0.0000,0.0000,0.0000,0.0000,0.4306,12.4860,0.0000,0.5694,0.4306,0.0000,0.0000,12.0000,0.0002,0.0000,-0.1595,0.0000,0.1595
task003_nosolution,false,6,12.0000,2.0000,1.0000,1000,0.3793,0.0000,0.6207,0.3748,0.6252,0.0000,0.0000,0.2380,0.6810,0.0000,0.0000,0.0000,0.0000,0.4559,26.4400,0.0000,0.5441,0.4559,0.0000,0.0000,12.0000,-0.0001,0.0000,-0.1259,0.0000,0.1259
task003_nosolution,false,6,12.0000,3.0000,1.0000,1000,0.4347,0.0000,0.5653,0.4297,0.5703,0.0000,0.0000,0.3240,0.5500,0.0000,0.0000,0.0000,0.0000,0.5975,51.9840,0.0000,0.4025,0.5975,0.0000,0.0000,12.0000,0.0001,0.0000,-0.0705,0.0000,0.0705
task003_nosolution,false,6,12.0000,6.0000,1.0000,1000,0.4492,0.0000,0.5508,0.4445,0.5555,0.0000,0.0000,0.3330,0.5370,0.0000,0.0000,0.0000,0.0000,0.6420,111.7140,0.0000,0.3580,0.6420,0.0000,0.0000,12.0000,-0.0002,0.0000,-0.0560,0.0000,0.0560
task003_nosolution,false,6,12.0000,9.0000,1.0000,1000,0.7229,0.0000,0.2771,0.7195,0.2805,0.0000,0.0000,0.9350,0.0450,0.0000,0.0000,0.0000,0.0000,0.9338,243.7290,0.0000,0.0662,0.9338,0.0000,0.0000,12.0000,-0.0003,0.0000,0.2177,0.0000,-0.2177
task003_nosolution,false,6,24.0000,1.0000,1.0000,1000,0.2587,0.0000,0.7412,0.2560,0.7440,0.0000,0.0000,0.0340,0.9480,0.0000,0.0000,0.0000,0.0000,0.3567,10.3430,0.0000,0.6433,0.3567,0.0000,0.0000,24.0000,0.0000,0.0000,-0.2465,0.0000,0.2465
task003_nosolution,false,6,24.0000,2.0000,1.0000,1000,0.2684,0.0000,0.7316,0.2661,0.7339,0.0000,0.0000,0.0460,0.9310,0.0000,0.0000,0.0000,0.0000,0.3412,19.7900,0.0000,0.6588,0.3412,0.0000,0.0000,24.0000,0.0000,0.0000,-0.2368,0.0000,0.2368
task003_nosolution,false,6,24.0000,3.0000,1.0000,1000,0.2999,0.0000,0.7001,0.2985,0.7015,0.0000,0.0000,0.0770,0.8810,0.0000,0.0000,0.0000,0.0000,0.4366,37.9830,0.0000,0.5634,0.4366,0.0000,0.0000,24.0000,0.0000,0.0000,-0.2053,0.0000,0.2053
task003_nosolution,false,6,24.0000,6.0000,1.0000,1000,0.3161,0.0000,0.6839,0.3132,0.6868,0.0000,0.0000,0.1040,0.8490,0.0000,0.0000,0.0000,0.0000,0.4798,83.4780,0.0000,0.5202,0.4798,0.0000,0.0000,24.0000,0.0000,0.0000,-0.1891,0.0000,0.1891
task003_nosolution,false,6,24.0000,9.0000,1.0000,1000,0.5400,0.0000,0.4600,0.5369,0.4631,0.0000,0.0000,0.5090,0.3740,0.0000,0.0000,0.0000,0.0000,0.8948,233.5410,0.0000,0.1052,0.8948,0.0000,0.0000,24.0000,0.0000,0.0000,0.0348,0.0000,-0.0348
task003_nosolution,false,12,3.0000,1.0000,1.0000,1000,0.3334,0.0000,0.6666,0.3309,0.6691,0.0000,0.0000,0.0790,0.8500,0.0000,0.0000,0.0000,0.0000,0.6234,18.0790,0.0000,0.3766,0.6234,0.0000,0.0000,3.0000,0.0027,0.0000,-0.1721,0.0000,0.1721
task003_nosolution,false,12,3.0000,2.0000,1.0000,1000,0.4194,0.0000,0.5806,0.4154,0.5846,0.0000,0.0000,0.1550,0.7290,0.0000,0.0000,0.0000,0.0000,0.7087,41.1060,0.0000,0.2913,0.7087,0.0000,0.0000,3.0000,0.0017,0.0000,-0.0861,0.0000,0.0861
task003_nosolution,false,12,3.0000,3.0000,1.0000,1000,0.4905,0.0000,0.5095,0.4853,0.5147,0.0000,0.0000,0.3930,0.4460,0.0000,0.0000,0.0000,0.0000,0.7961,69.2640,0.0000,0.2039,0.7961,0.0000,0.0000,3.0000,0.0009,0.0000,-0.0150,0.0000,0.0150
task003_nosolution,false,12,3.0000,6.0000,1.0000,1000,0.5043,0.0000,0.4958,0.4989,0.5011,0.0000,0.0000,0.4400,0.4040,0.0000,0.0000,0.0000,0.0000,0.8220,143.0340,0.0000,0.1780,0.8220,0.0000,0.0000,3.0000,0.0006,0.0000,-0.0012,0.0000,0.0013
task003_nosolution,false,12,3.0000,9.0000,1.0000,1000,0.7504,0.0000,0.2496,0.7481,0.2519,0.0000,0.0000,0.9920,0.0040,0.0000,0.0000,0.0000,0.0000,0.9519,248.4450,0.0000,0.0481,0.9519,0.0000,0.0000,3.0000,0.0021,0.0000,0.2449,0.0000,-0.2449
task003_nosolution,false,12,6.0000,1.0000,1.0000,1000,0.4077,0.0000,0.5923,0.4048,0.5952,0.0000,0.0000,0.2170,0.6830,0.0000,0.0000,0.0000,0.0000,0.5982,17.3480,0.0000,0.4018,0.5982,0.0000,0.0000,6.0000,-0.0011,0.0000,-0.0978,0.0000,0.0978
task003_nosolution,false,12,6.0000,2.0000,1.0000,1000,0.4854,0.0000,0.5146,0.4809,0.5191,0.0000,0.0000,0.3970,0.4490,0.0000,0.0000,0.0000,0.0000,0.6746,39.1280,0.0000,0.3254,0.6746,0.0000,0.0000,6.0000,-0.0008,0.0000,-0.0201,0.0000,0.0201
task003_nosolution,false,12,6.0000,3.0000,1.0000,1000,0.5006,0.0000,0.4994,0.4951,0.5049,0.0000,0.0000,0.4330,0.4120,0.0000,0.0000,0.0000,0.0000,0.7702,67.0110,0.0000,0.2298,0.7702,0.0000,0.0000,6.0000,-0.0011,0.0000,-0.0049,0.0000,0.0049
task003_nosolution,false,12,6.0000,6.0000,1.0000,1000,0.5032,0.0000,0.4968,0.4979,0.5021,0.0000,0.0000,0.4400,0.4040,0.0000,0.0000,0.0000,0.0000,0.7953,138.3780,0.0000,0.2047,0.7953,0.0000,0.0000,6.0000,-0.0005,0.0000,-0.0023,0.0000,0.0023
task003_nosolution,false,12,6.0000,9.0000,1.0000,1000,0.7499,0.0000,0.2501,0.7475,0.2525,0.0000,0.0000,0.9880,0.0080,0.0000,0.0000,0.0000,0.0000,0.9563,249.5880,0.0000,0.0437,0.9563,0.0000,0.0000,6.0000,-0.0005,0.0000,0.2444,0.0000,-0.2444
task003_nosolution,false,12,12.0000,1.0000,1.0000,1000,0.3835,0.0000,0.6165,0.3815,0.6185,0.0000,0.0000,0.2050,0.7040,0.0000,0.0000,0.0000,0.0000,0.4851,14.0690,0.0000,0.5149,0.4851,0.0000,0.0000,12.0000,-0.0003,0.0000,-0.1220,0.0000,0.1220
task003_nosolution,false,12,12.0000,2.0000,1.0000,1000,0.4001,0.0000,0.5999,0.3936,0.6064,0.0000,0.0000,0.2380,0.6610,0.0000,0.0000,0.0000,0.0000,0.4878,28.2900,0.0000,0.5122,0.4878,0.0000,0.0000,12.0000,0.0003,0.0000,-0.1054,0.0000,0.1054
task003_nosolution,false,12,12.0000,3.0000,1.0000,1000,0.4433,0.0000,0.5567,0.4387,0.5613,0.0000,0.0000,0.3260,0.5550,0.0000,0.0000,0.0000,0.0000,0.6285,54.6780,0.0000,0.3715,0.6285,0.0000,0.0000,12.0000,0.0004,0.0000,-0.0622,0.0000,0.0622
task003_nosolution,false,12,12.0000,6.0000,1.0000,1000,0.4571,0.0000,0.5429,0.4526,0.5474,0.0000,0.0000,0.3430,0.5290,0.0000,0.0000,0.0000,0.0000,0.6627,115.3140,0.0000,0.3373,0.6627,0.0000,0.0000,12.0000,0.0004,0.0000,-0.0484,0.0000,0.0484
task003_nosolution,false,12,12.0000,9.0000,1.0000,1000,0.7227,0.0000,0.2773,0.7198,0.2802,0.0000,0.0000,0.9390,0.0460,0.0000,0.0000,0.0000,0.0000,0.9316,243.1440,0.0000,0.0684,0.9316,0.0000,0.0000,12.0000,0.0006,0.0000,0.2172,0.0000,-0.2172
task003_nosolution,false,12,24.0000,1.0000,1.0000,1000,0.2423,0.0000,0.7577,0.2410,0.7590,0.0000,0.0000,0.0100,0.9830,0.0000,0.0000,0.0000,0.0000,0.3467,10.0540,0.0000,0.6533,0.3467,0.0000,0.0000,24.0000,0.0000,0.0000,-0.2632,0.0000,0.2632
task003_nosolution,false,12,24.0000,2.0000,1.0000,1000,0.2480,0.0000,0.7520,0.2457,0.7543,0.0000,0.0000,0.0180,0.9730,0.0000,0.0000,0.0000,0.0000,0.3167,18.3700,0.0000,0.6833,0.3167,0.0000,0.0000,24.0000,0.0000,0.0000,-0.2575,0.0000,0.2575
task003_nosolution,false,12,24.0000,3.0000,1.0000,1000,0.2875,0.0000,0.7125,0.2840,0.7160,0.0000,0.0000,0.0440,0.9180,0.0000,0.0000,0.0000,0.0000,0.4288,37.3050,0.0000,0.5712,0.4288,0.0000,0.0000,24.0000,0.0000,0.0000,-0.2180,0.0000,0.2180
task003_nosolution,false,12,24.0000,6.0000,1.0000,1000,0.2949,0.0000,0.7051,0.2921,0.7079,0.0000,0.0000,0.0590,0.9080,0.0000,0.0000,0.0000,0.0000,0.4563,79.3980,0.0000,0.5437,0.4563,0.0000,0.0000,24.0000,0.0000,0.0000,-0.2106,0.0000,0.2106
task003_nosolution,false,12,24.0000,9.0000,1.0000,1000,0.4845,0.0000,0.5155,0.4817,0.5183,0.0000,0.0000,0.3920,0.5050,0.0000,0.0000,0.0000,0.0000,0.8551,223.1730,0.0000,0.1449,0.8551,0.0000,0.0000,24.0000,0.0000,0.0000,-0.0210,0.0000,0.0210
task003_nosolution,silent,3,,,0.7500,1000,0.3543,0.1585,0.4873,0.3495,0.4894,0.0000,0.0000,0.1350,0.4170,0.0000,0.0000,0.0000,0.0000,,,,,,,,,,,0.0000,0.0000,0.0000
task003_nosolution,silent,6,,,0.7500,1000,0.3802,0.0871,0.5327,0.3782,0.5346,0.0000,0.0000,0.2510,0.5210,0.0000,0.0000,0.0000,0.0000,,,,,,,,,,,0.0000,0.0000,0.0000
task003_nosolution,silent,12,,,0.7500,1000,0.4412,0.0492,0.5096,0.4372,0.5132,0.0000,0.0000,0.3520,0.4510,0.0000,0.0000,0.0000,0.0000,,,,,,,,,,,0.0000,0.0000,0.0000
task003_nosolution,silent,3,,,1.0000,1000,0.5026,0.0008,0.4966,0.4976,0.5018,0.0000,0.0000,0.4300,0.4060,0.0000,0.0000,0.0000,0.0000,,,,,,,,,,,0.0000,0.0000,0.0000
task003_nosolution,silent,6,,,1.0000,1000,0.5052,0.0000,0.4948,0.4998,0.5002,0.0000,0.0000,0.4430,0.3980,0.0000,0.0000,0.0000,0.0000,,,,,,,,,,,0.0000,0.0000,0.0000
task003_nosolution,silent,12,,,1.0000,1000,0.5055,0.0000,0.4945,0.5000,0.5000,0.0000,0.0000,0.4440,0.4000,0.0000,0.0000,0.0000,0.0000,,,,,,,,,,,0.0000,0.0000,0.0000
task003_nosolution,truth,3,3.0000,1.0000,0.7500,1000,0.7057,0.1423,0.1520,0.7040,0.1534,0.0000,0.0000,0.9300,0.0020,0.0000,0.0000,0.0000,0.0000,0.7036,20.4040,0.0000,0.2964,0.7036,0.0000,0.0000,3.0000,-0.0028,0.0000,0.3515,-0.0162,-0.3353
task003_nosolution,truth,3,3.0000,2.0000,0.7500,1000,0.7079,0.1394,0.1527,0.7038,0.1559,0.0000,0.0000,0.9410,0.0000,0.0000,0.0000,0.0000,0.0000,0.6824,39.5800,0.0000,0.3176,0.6824,0.0000,0.0000,3.0000,-0.0001,0.0000,0.3536,-0.0191,-0.3345
task003_nosolution,truth,3,3.0000,3.0000,0.7500,1000,0.6992,0.1385,0.1623,0.6962,0.1654,0.0000,0.0000,0.9290,0.0020,0.0000,0.0000,0.0000,0.0000,0.6915,60.1590,0.0000,0.3085,0.6915,0.0000,0.0000,3.0000,-0.0025,0.0000,0.3449,-0.0200,-0.3250
task003_nosolution,truth,3,3.0000,6.0000,0.7500,1000,0.6066,0.1537,0.2397,0.6034,0.2397,0.0000,0.0000,0.7490,0.0140,0.0000,0.0000,0.0000,0.0000,0.7792,135.5760,0.0000,0.2208,0.7792,0.0000,0.0000,3.0000,-0.0013,0.0000,0.2524,-0.0048,-0.2476
task003_nosolution,truth,3,3.0000,9.0000,0.7500,1000,0.5525,0.1399,0.3076,0.5478,0.3128,0.0000,0.0000,0.5990,0.0510,0.0000,0.0000,0.0000,0.0000,0.8387,218.8890,0.0000,0.1613,0.8387,0.0000,0.0000,3.0000,-0.0009,0.0000,0.1983,-0.0186,-0.1797
task003_nosolution,truth,3,6.0000,1.0000,0.7500,1000,0.6880,0.1449,0.1670,0.6882,0.1673,0.0000,0.0000,0.9160,0.0030,0.0000,0.0000,0.0000,0.0000,0.6536,18.9540,0.0000,0.3464,0.6536,0.0000,0.0000,6.0000,0.0006,0.0000,0.3338,-0.0135,-0.3202
task003_nosolution,truth,3,6.0000,2.0000,0.7500,1000,0.6883,0.1413,0.1704,0.6837,0.1731,0.0000,0.0000,0.9200,0.0010,0.0000,0.0000,0.0000,0.0000,0.6475,37.5560,0.0000,0.3525,0.6475,0.0000,0.0000,6.0000,0.0012,0.0000,0.3340,-0.0171,-0.3169
task003_nosolution,truth,3,6.0000,3.0000,0.7500,1000,0.6839,0.1362,0.1799,0.6838,0.1797,0.0000,0.0000,0.8990,0.0020,0.0000,0.0000,0.0000,0.0000,0.6477,56.3520,0.0000,0.3523,0.6477,0.0000,0.0000,6.0000,0.0002,0.0000,0.3297,-0.0222,-0.3074
task003_nosolution,truth,3,6.0000,6.0000,0.7500,1000,0.5986,0.1524,0.2490,0.5945,0.2500,0.0000,0.0000,0.7250,0.0170,0.0000,0.0000,0.0000,0.0000,0.7602,132.2760,0.0000,0.2398,0.7602,0.0000,0.0000,6.0000,0.0016,0.0000,0.2444,-0.0061,-0.2383
task003_nosolution,truth,3,6.0000,9.0000,0.7500,1000,0.5366,0.1480,0.3155,0.5339,0.3161,0.0000,0.0000,0.5450,0.0520,0.0000,0.0000,0.0000,0.0000,0.8509,222.0750,0.0000,0.1491,0.8509,0.0000,0.0000,6.0000,0.0017,0.0000,0.1823,-0.0105,-0.1718
task003_nosolution,truth,3,12.0000,1.0000,0.7500,1000,0.6704,0.1456,0.1840,0.6687,0.1851,0.0000,0.0000,0.8880,0.0040,0.0000,0.0000,0.0000,0.0000,0.6515,18.8940,0.0000,0.3485,0.6515,0.0000,0.0000,12.0000,-0.0002,0.0000,0.3162,-0.0128,-0.3033
task003_nosolution,truth,3,12.0000,2.0000,0.7500,1000,0.6800,0.1399,0.1801,0.6794,0.1789,0.0000,0.0000,0.9020,0.0020,0.0000,0.0000,0.0000,0.0000,0.6223,36.0940,0.0000,0.3777,0.6223,0.0000,0.0000,12.0000,-0.0001,0.0000,0.3257,-0.0185,-0.3072
task003_nosolution,truth,3,12.0000,3.0000,0.7500,1000,0.6835,0.1298,0.1866,0.6807,0.1846,0.0000,0.0000,0.8990,0.0040,0.0000,0.0000,0.0000,0.0000,0.6246,54.3420,0.0000,0.3754,0.6246,0.0000,0.0000,12.0000,-0.0001,0.0000,0.3293,-0.0286,-0.3007
task003_nosolution,truth,3,12.0000,6.0000,0.7500,1000,0.5819,0.1538,0.2643,0.5801,0.2677,0.0000,0.0000,0.6860,0.0240,0.0000,0.0000,0.0000,0.0000,0.7956,138.4320,0.0000,0.2044,0.7956,0.0000,0.0000,12.0000,-0.0003,0.0000,0.2276,-0.0047,-0.2230
task003_nosolution,truth,3,12.0000,9.0000,0.7500,1000,0.5246,0.1531,0.3223,0.5186,0.3258,0.0000,0.0000,0.5050,0.0590,0.0000,0.0000,0.0000,0.0000,0.8872,231.5700,0.0000,0.1128,0.8872,0.0000,0.0000,12.0000,0.0001,0.0000,0.1703,-0.0054,-0.1650
task003_nosolution,truth,3,24.0000,1.0000,0.7500,1000,0.6509,0.1463,0.2028,0.6475,0.2042,0.0000,0.0000,0.8590,0.0040,0.0000,0.0000,0.0000,0.0000,0.8000,23.2010,0.0000,0.2000,0.8000,0.0000,0.0000,23.9997,0.0000,0.0000,0.2967,-0.0121,-0.2845
task003_nosolution,truth,3,24.0000,2.0000,0.7500,1000,0.6864,0.1335,0.1801,0.6863,0.1781,0.0000,0.0000,0.9160,0.0030,0.0000,0.0000,0.0000,0.0000,0.7203,41.7800,0.0000,0.2797,0.7203,0.0000,0.0000,23.9998,0.0000,0.0000,0.3321,-0.0249,-0.3072
task003_nosolution,truth,3,24.0000,3.0000,0.7500,1000,0.6468,0.1373,0.2159,0.6429,0.2182,0.0000,0.0000,0.8400,0.0080,0.0000,0.0000,0.0000,0.0000,0.8037,69.9240,0.0000,0.1963,0.8037,0.0000,0.0000,23.9998,0.0000,0.0000,0.2926,-0.0212,-0.2714
task003_nosolution,truth,3,24.0000,6.0000,0.7500,1000,0.5632,0.1424,0.2945,0.5588,0.2968,0.0000,0.0000,0.6460,0.0360,0.0000,0.0000,0.0000,0.0000,0.9336,162.4500,0.0000,0.0664,0.9336,0.0000,0.0000,23.9998,0.0000,0.0000,0.2089,-0.0161,-0.1928
task003_nosolution,truth,3,24.0000,9.0000,0.7500,1000,0.5095,0.1645,0.3260,0.5071,0.3285,0.0000,0.0000,0.4690,0.0470,0.0000,0.0000,0.0000,0.0000,0.9702,253.2240,0.0000,0.0298,0.9702,0.0000,0.0000,24.0000,0.0000,0.0000,0.1552,0.0061,-0.1613
task003_nosolution,truth,6,3.0000,1.0000,0.7500,1000,0.8124,0.0699,0.1177,0.8098,0.1187,0.0000,0.0000,0.9880,0.0040,0.0000,0.0000,0.0000,0.0000,0.5580,16.1820,0.0000,0.4420,0.5580,0.0000,0.0000,3.0000,-0.0012,0.0000,0.4321,-0.0172,-0.4149
task003_nosolution,truth,6,3.0000,2.0000,0.7500,1000,0.8212,0.0678,0.1110,0.8199,0.1121,0.0000,0.0000,0.9940,0.0020,0.0000,0.0000,0.0000,0.0000,0.4946,28.6840,0.0000,0.5054,0.4946,0.0000,0.0000,3.0000,-0.0018,0.0000,0.4409,-0.0193,-0.4216
task003_nosolution,truth,6,3.0000,3.0000,0.7500,1000,0.8177,0.0659,0.1164,0.8165,0.1185,0.0000,0.0000,0.9920,0.0010,0.0000,0.0000,0.0000,0.0000,0.4863,42.3120,0.0000,0.5137,0.4863,0.0000,0.0000,3.0000,-0.0022,0.0000,0.4375,-0.0212,-0.4163
task003_nosolution,truth,6,3.0000,6.0000,0.7500,1000,0.7518,0.0678,0.1804,0.7523,0.1806,0.0000,0.0000,0.9620,0.0070,0.0000,0.0000,0.0000,0.0000,0.5825,101.3580,0.0000,0.4175,0.5825,0.0000,0.0000,3.0000,-0.0015,0.0000,0.3716,-0.0193,-0.3523
task003_nosolution,truth,6,3.0000,9.0000,0.7500,1000,0.6875,0.0682,0.2442,0.6864,0.2451,0.0000,0.0000,0.9000,0.0260,0.0000,0.0000,0.0000,0.0000,0.6704,174.9690,0.0000,0.3296,0.6704,0.0000,0.0000,3.0000,-0.0020,0.0000,0.3073,-0.0189,-0.2884
task003_nosolution,truth,6,6.0000,1.0000,0.7500,1000,0.8044,0.0742,0.1215,0.8016,0.1236,0.0000,0.0000,0.9870,0.0000,0.0000,0.0000,0.0000,0.0000,0.4279,12.4090,0.0000,0.5721,0.4279,0.0000,0.0000,6.0000,0.0005,0.0000,0.4241,-0.0129,-0.4112
task003_nosolution,truth,6,6.0000,2.0000,0.7500,1000,0.8103,0.0692,0.1205,0.8079,0.1220,0.0000,0.0000,0.9900,0.0020,0.0000,0.0000,0.0000,0.0000,0.3799,22.0360,0.0000,0.6201,0.3799,0.0000,0.0000,6.0000,0.0007,0.0000,0.4300,-0.0179,-0.4121
task003_nosolution,truth,6,6.0000,3.0000,0.7500,1000,0.8130,0.0645,0.1224,0.8102,0.1240,0.0000,0.0000,0.9870,0.0000,0.0000,0.0000,0.0000,0.0000,0.3754,32.6640,0.0000,0.6246,0.3754,0.0000,0.0000,6.0000,0.0007,0.0000,0.4328,-0.0225,-0.4103
task003_nosolution,truth,6,6.0000,6.0000,0.7500,1000,0.7542,0.0691,0.1767,0.7537,0.1777,0.0000,0.0000,0.9650,0.0030,0.0000,0.0000,0.0000,0.0000,0.4725,82.2180,0.0000,0.5275,0.4725,0.0000,0.0000,6.0000,0.0008,0.0000,0.3740,-0.0180,-0.3560
task003_nosolution,truth,6,6.0000,9.0000,0.7500,1000,0.6857,0.0725,0.2418,0.6835,0.2445,0.0000,0.0000,0.8970,0.0300,0.0000,0.0000,0.0000,0.0000,0.6071,158.4540,0.0000,0.3929,0.6071,0.0000,0.0000,6.0000,-0.0000,0.0000,0.3054,-0.0145,-0.2909
task003_nosolution,truth,6,12.0000,1.0000,0.7500,1000,0.8001,0.0722,0.1277,0.7970,0.1280,0.0000,0.0000,0.9890,0.0040,0.0000,0.0000,0.0000,0.0000,0.3313,9.6080,0.0000,0.6687,0.3313,0.0000,0.0000,12.0000,-0.0002,0.0000,0.4198,-0.0149,-0.4050
task003_nosolution,truth,6,12.0000,2.0000,0.7500,1000,0.8053,0.0717,0.1231,0.8054,0.1232,0.0000,0.0000,0.9880,0.0030,0.0000,0.0000,0.0000,0.0000,0.2927,16.9780,0.0000,0.7073,0.2927,0.0000,0.0000,12.0000,-0.0002,0.0000,0.4250,-0.0154,-0.4096
task003_nosolution,truth,6,12.0000,3.0000,0.7500,1000,0.7969,0.0715,0.1316,0.7979,0.1302,0.0000,0.0000,0.9830,0.0040,0.0000,0.0000,0.0000,0.0000,0.2948,25.6440,0.0000,0.7052,0.2948,0.0000,0.0000,12.0000,-0.0001,0.0000,0.4166,-0.0156,-0.4010
task003_nosolution,truth,6,12.0000,6.0000,0.7500,1000,0.7432,0.0734,0.1833,0.7443,0.1833,0.0000,0.0000,0.9590,0.0070,0.0000,0.0000,0.0000,0.0000,0.4126,71.7960,0.0000,0.5874,0.4126,0.0000,0.0000,12.0000,-0.0001,0.0000,0.3630,-0.0137,-0.3493
task003_nosolution,truth,6,12.0000,9.0000,0.7500,1000,0.6945,0.0752,0.2303,0.6925,0.2322,0.0000,0.0000,0.9120,0.0180,0.0000,0.0000,0.0000,0.0000,0.5317,138.7620,0.0000,0.4683,0.5317,0.0000,0.0000,12.0000,-0.0001,0.0000,0.3143,-0.0118,-0.3024
task003_nosolution,truth,6,24.0000,1.0000,0.7500,1000,0.7796,0.0763,0.1441,0.7759,0.1440,0.0000,0.0000,0.9880,0.0000,0.0000,0.0000,0.0000,0.0000,0.4062,11.7800,0.0000,0.5938,0.4062,0.0000,0.0000,23.9999,0.0000,0.0000,0.3993,-0.0108,-0.3885
task003_nosolution,truth,6,24.0000,2.0000,0.7500,1000,0.7894,0.0777,0.1329,0.7887,0.1337,0.0000,0.0000,0.9880,0.0010,0.0000,0.0000,0.0000,0.0000,0.3586,20.7980,0.0000,0.6414,0.3586,0.0000,0.0000,23.9998,0.0000,0.0000,0.4092,-0.0094,-0.3998
task003_nosolution,truth,6,24.0000,3.0000,0.7500,1000,0.7632,0.0772,0.1596,0.7615,0.1604,0.0000,0.0000,0.9730,0.0060,0.0000,0.0000,0.0000,0.0000,0.4424,38.4930,0.0000,0.5576,0.4424,0.0000,0.0000,23.9999,0.0000,0.0000,0.3830,-0.0099,-0.3731
task003_nosolution,truth,6,24.0000,6.0000,0.7500,1000,0.7335,0.0737,0.1927,0.7295,0.1928,0.0000,0.0000,0.9420,0.0210,0.0000,0.0000,0.0000,0.0000,0.5483,95.4060,0.0000,0.4517,0.5483,0.0000,0.0000,24.0000,0.0000,0.0000,0.3533,-0.0133,-0.3400
task003_nosolution,truth,6,24.0000,9.0000,0.7500,1000,0.7200,0.0813,0.1987,0.7201,0.1993,0.0000,0.0000,0.9280,0.0190,0.0000,0.0000,0.0000,0.0000,0.5734,149.6520,0.0000,0.4266,0.5734,0.0000,0.0000,24.0000,0.0000,0.0000,0.3398,-0.0058,-0.3340
task003_nosolution,truth,12,3.0000,1.0000,0.7500,1000,0.8572,0.0349,0.1080,0.8548,0.1097,0.0000,0.0000,0.9940,0.0010,0.0000,0.0000,0.0000,0.0000,0.4733,13.7260,0.0000,0.5267,0.4733,0.0000,0.0000,3.0000,-0.0020,-0.0000,0.4160,-0.0143,-0.4017
task003_nosolution,truth,12,3.0000,2.0000,0.7500,1000,0.8780,0.0275,0.0945,0.8759,0.0955,0.0000,0.0000,0.9950,0.0040,0.0000,0.0000,0.0000,0.0000,0.3672,21.2960,0.0000,0.6328,0.3672,0.0000,0.0000,3.0000,-0.0010,0.0000,0.4368,-0.0216,-0.4151
task003_nosolution,truth,12,3.0000,3.0000,0.7500,1000,0.8718,0.0269,0.1013,0.8723,0.1011,0.0000,0.0000,0.9960,0.0010,0.0000,0.0000,0.0000,0.0000,0.3491,30.3720,0.0000,0.6509,0.3491,0.0000,0.0000,3.0000,-0.0005,-0.0000,0.4306,-0.0223,-0.4083
task003_nosolution,truth,12,3.0000,6.0000,0.7500,1000,0.8271,0.0232,0.1497,0.8260,0.1509,0.0000,0.0000,0.9870,0.0030,0.0000,0.0000,0.0000,0.0000,0.4148,72.1740,0.0000,0.5852,0.4148,0.0000,0.0000,3.0000,-0.0010,0.0000,0.3859,-0.0260,-0.3600
task003_nosolution,truth,12,3.0000,9.0000,0.7500,1000,0.7896,0.0213,0.1890,0.7901,0.1886,0.0000,0.0000,0.9800,0.0080,0.0000,0.0000,0.0000,0.0000,0.4797,125.2080,0.0000,0.5203,0.4797,0.0000,0.0000,3.0000,0.0004,0.0000,0.3484,-0.0278,-0.3206
task003_nosolution,truth,12,6.0000,1.0000,0.7500,1000,0.8647,0.0343,0.1010,0.8639,0.0999,0.0000,0.0000,0.9970,0.0000,0.0000,0.0000,0.0000,0.0000,0.3062,8.8790,0.0000,0.6938,0.3062,0.0000,0.0000,6.0000,0.0000,0.0000,0.4235,-0.0148,-0.4086
task003_nosolution,truth,12,6.0000,2.0000,0.7500,1000,0.8729,0.0320,0.0952,0.8723,0.0959,0.0000,0.0000,0.9900,0.0040,0.0000,0.0000,0.0000,0.0000,0.2292,13.2920,0.0000,0.7708,0.2292,0.0000,0.0000,6.0000,0.0012,0.0000,0.4317,-0.0172,-0.4145
task003_nosolution,truth,12,6.0000,3.0000,0.7500,1000,0.8758,0.0298,0.0945,0.8741,0.0956,0.0000,0.0000,0.9960,0.0020,0.0000,0.0000,0.0000,0.0000,0.2132,18.5490,0.0000,0.7868,0.2132,0.0000,0.0000,6.0000,0.0008,0.0000,0.4345,-0.0194,-0.4152
task003_nosolution,truth,12,6.0000,6.0000,0.7500,1000,0.8459,0.0268,0.1273,0.8436,0.1294,0.0000,0.0000,0.9890,0.0060,0.0000,0.0000,0.0000,0.0000,0.2571,44.7420,0.0000,0.7429,0.2571,0.0000,0.0000,6.0000,0.0006,0.0000,0.4047,-0.0223,-0.3824
task003_nosolution,truth,12,6.0000,9.0000,0.7500,1000,0.7998,0.0248,0.1754,0.7997,0.1760,0.0000,0.0000,0.9860,0.0060,0.0000,0.0000,0.0000,0.0000,0.3436,89.6670,0.0000,0.6564,0.3436,0.0000,0.0000,6.0000,0.0002,0.0000,0.3586,-0.0244,-0.3342
task003_nosolution,truth,12,12.0000,1.0000,0.7500,1000,0.8635,0.0372,0.0993,0.8648,0.0984,0.0000,0.0000,0.9940,0.0030,0.0000,0.0000,0.0000,0.0000,0.1878,5.4460,0.0000,0.8122,0.1878,0.0000,0.0000,12.0000,-0.0000,0.0000,0.4223,-0.0120,-0.4103
task003_nosolution,truth,12,12.0000,2.0000,0.7500,1000,0.8727,0.0352,0.0921,0.8722,0.0927,0.0000,0.0000,0.9960,0.0020,0.0000,0.0000,0.0000,0.0000,0.1426,8.2680,0.0000,0.8574,0.1426,0.0000,0.0000,12.0000,-0.0007,0.0000,0.4315,-0.0140,-0.4175
task003_nosolution,truth,12,12.0000,3.0000,0.7500,1000,0.8708,0.0340,0.0953,0.8710,0.0959,0.0000,0.0000,0.9960,0.0020,0.0000,0.0000,0.0000,0.0000,0.1268,11.0280,0.0000,0.8732,0.1268,0.0000,0.0000,12.0000,-0.0004,0.0000,0.4295,-0.0152,-0.4144
task003_nosolution,truth,12,12.0000,6.0000,0.7500,1000,0.8482,0.0348,0.1170,0.8509,0.1167,0.0000,0.0000,0.9880,0.0070,0.0000,0.0000,0.0000,0.0000,0.1615,28.0980,0.0000,0.8385,0.1615,0.0000,0.0000,12.0000,-0.0005,0.0000,0.4070,-0.0144,-0.3926
task003_nosolution,truth,12,12.0000,9.0000,0.7500,1000,0.8297,0.0346,0.1357,0.8296,0.1362,0.0000,0.0000,0.9890,0.0050,0.0000,0.0000,0.0000,0.0000,0.1942,50.6970,0.0000,0.8058,0.1942,0.0000,0.0000,12.0000,-0.0004,0.0000,0.3885,-0.0145,-0.3740
task003_nosolution,truth,12,24.0000,1.0000,0.7500,1000,0.8567,0.0378,0.1055,0.8553,0.1061,0.0000,0.0000,0.9990,0.0000,0.0000,0.0000,0.0000,0.0000,0.1778,5.1560,0.0000,0.8222,0.1778,0.0000,0.0000,23.9999,0.0000,0.0000,0.4155,-0.0113,-0.4042
task003_nosolution,truth,12,24.0000,2.0000,0.7500,1000,0.8607,0.0389,0.1004,0.8593,0.1014,0.0000,0.0000,0.9980,0.0000,0.0000,0.0000,0.0000,0.0000,0.1386,8.0380,0.0000,0.8614,0.1386,0.0000,0.0000,23.9999,0.0000,0.0000,0.4195,-0.0103,-0.4092
task003_nosolution,truth,12,24.0000,3.0000,0.7500,1000,0.8452,0.0432,0.1117,0.8462,0.1120,0.0000,0.0000,0.9990,0.0000,0.0000,0.0000,0.0000,0.0000,0.1535,13.3560,0.0000,0.8465,0.1535,0.0000,0.0000,23.9999,0.0000,0.0000,0.4040,-0.0060,-0.3980
task003_nosolution,truth,12,24.0000,6.0000,0.7500,1000,0.8396,0.0405,0.1199,0.8400,0.1206,0.0000,0.0000,0.9980,0.0010,0.0000,0.0000,0.0000,0.0000,0.1707,29.7060,0.0000,0.8293,0.1707,0.0000,0.0000,24.0000,0.0000,0.0000,0.3984,-0.0086,-0.3897
task003_nosolution,truth,12,24.0000,9.0000,0.7500,1000,0.8404,0.0415,0.1182,0.8384,0.1197,0.0000,0.0000,1.0000,0.0000,0.0000,0.0000,0.0000,0.0000,0.1633,42.6240,0.0000,0.8367,0.1633,0.0000,0.0000,24.0000,0.0000,0.0000,0.3992,-0.0077,-0.3915
task003_nosolution,truth,3,3.0000,1.0000,1.0000,1000,0.8558,0.0016,0.1426,0.8556,0.1429,0.0000,0.0000,0.9930,0.0060,0.0000,0.0000,0.0000,0.0000,0.4926,14.2860,0.0000,0.5074,0.4926,0.0000,0.0000,3.0000,-0.0020,0.0000,0.3532,0.0008,-0.3540
task003_nosolution,truth,3,3.0000,2.0000,1.0000,1000,0.8521,0.0000,0.1478,0.8520,0.1480,0.0000,0.0000,0.9990,0.0000,0.0000,0.0000,0.0000,0.0000,0.3984,23.1100,0.0000,0.6016,0.3984,0.0000,0.0000,3.0000,-0.0003,0.0000,0.3495,-0.0008,-0.3488
task003_nosolution,truth,3,3.0000,3.0000,1.0000,1000,0.8424,0.0000,0.1575,0.8410,0.1590,0.0000,0.0000,0.9990,0.0000,0.0000,0.0000,0.0000,0.0000,0.4031,35.0700,0.0000,0.5969,0.4031,0.0000,0.0000,3.0000,-0.0001,0.0000,0.3398,-0.0008,-0.3391
task003_nosolution,truth,3,3.0000,6.0000,1.0000,1000,0.7876,0.0001,0.2123,0.7872,0.2127,0.0000,0.0000,0.9970,0.0010,0.0000,0.0000,0.0000,0.0000,0.5019,87.3300,0.0000,0.4981,0.5019,0.0000,0.0000,3.0000,-0.0005,0.0000,0.2850,-0.0007,-0.2843
task003_nosolution,truth,3,3.0000,9.0000,1.0000,1000,0.7944,0.0000,0.2056,0.7958,0.2041,0.0000,0.0000,0.9970,0.0000,0.0000,0.0000,0.0000,0.0000,0.5202,135.7650,0.0000,0.4798,0.5202,0.0000,0.0000,3.0000,-0.0012,0.0000,0.2918,-0.0008,-0.2910
task003_nosolution,truth,3,6.0000,1.0000,1.0000,1000,0.8798,0.0008,0.1194,0.8796,0.1199,0.0000,0.0000,0.9990,0.0010,0.0000,0.0000,0.0000,0.0000,0.3160,9.1630,0.0000,0.6840,0.3160,0.0000,0.0000,6.0000,-0.0007,0.0000,0.3772,-0.0000,-0.3772
task003_nosolution,truth,3,6.0000,2.0000,1.0000,1000,0.8682,0.0000,0.1318,0.8682,0.1317,0.0000,0.0000,1.0000,0.0000,0.0000,0.0000,0.0000,0.0000,0.2554,14.8160,0.0000,0.7446,0.2554,0.0000,0.0000,6.0000,-0.0003,0.0000,0.3656,-0.0008,-0.3648
task003_nosolution,truth,3,6.0000,3.0000,1.0000,1000,0.8520,0.0000,0.1480,0.8506,0.1494,0.0000,0.0000,1.0000,0.0000,0.0000,0.0000,0.0000,0.0000,0.2756,23.9730,0.0000,0.7244,0.2756,0.0000,0.0000,6.0000,0.0005,0.0000,0.3494,-0.0008,-0.3486
task003_nosolution,truth,3,6.0000,6.0000,1.0000,1000,0.8154,0.0000,0.1846,0.8117,0.1882,0.0000,0.0000,0.9980,0.0000,0.0000,0.0000,0.0000,0.0000,0.3467,60.3240,0.0000,0.6533,0.3467,0.0000,0.0000,6.0000,0.0004,0.0000,0.3128,-0.0008,-0.3120
task003_nosolution,truth,3,6.0000,9.0000,1.0000,1000,0.7972,0.0000,0.2028,0.7950,0.2049,0.0000,0.0000,0.9980,0.0010,0.0000,0.0000,0.0000,0.0000,0.4201,109.6380,0.0000,0.5799,0.4201,0.0000,0.0000,6.0000,0.0011,0.0000,0.2946,-0.0008,-0.2938
task003_nosolution,truth,3,12.0000,1.0000,1.0000,1000,0.8919,0.0005,0.1076,0.8920,0.1074,0.0000,0.0000,1.0000,0.0000,0.0000,0.0000,0.0000,0.0000,0.1924,5.5790,0.0000,0.8076,0.1924,0.0000,0.0000,12.0000,-0.0005,0.0000,0.3893,-0.0003,-0.3890
task003_nosolution,truth,3,12.0000,2.0000,1.0000,1000,0.8887,0.0000,0.1113,0.8876,0.1124,0.0000,0.0000,1.0000,0.0000,0.0000,0.0000,0.0000,0.0000,0.1669,9.6780,0.0000,0.8331,0.1669,0.0000,0.0000,12.0000,-0.0005,0.0000,0.3861,-0.0008,-0.3854
task003_nosolution,truth,3,12.0000,3.0000,1.0000,1000,0.8661,0.0002,0.1338,0.8676,0.1324,0.0000,0.0000,1.0000,0.0000,0.0000,0.0000,0.0000,0.0000,0.1881,16.3680,0.0000,0.8119,0.1881,0.0000,0.0000,12.0000,-0.0005,0.0000,0.3635,-0.0006,-0.3629
task003_nosolution,truth,3,12.0000,6.0000,1.0000,1000,0.8409,0.0001,0.1590,0.8384,0.1615,0.0000,0.0000,0.9990,0.0000,0.0000,0.0000,0.0000,0.0000,0.2516,43.7820,0.0000,0.7484,0.2516,0.0000,0.0000,12.0000,-0.0001,0.0000,0.3383,-0.0007,-0.3377
task003_nosolution,truth,3,12.0000,9.0000,1.0000,1000,0.8250,0.0000,0.1750,0.8240,0.1759,0.0000,0.0000,0.9990,0.0010,0.0000,0.0000,0.0000,0.0000,0.3023,78.9030,0.0000,0.6977,0.3023,0.0000,0.0000,12.0000,-0.0000,0.0000,0.3224,-0.0008,-0.3216
task003_nosolution,truth,3,24.0000,1.0000,1.0000,1000,0.9005,0.0001,0.0995,0.9002,0.0997,0.0000,0.0000,1.0000,0.0000,0.0000,0.0000,0.0000,0.0000,0.1816,5.2670,0.0000,0.8184,0.1816,0.0000,0.0000,24.0000,0.0000,0.0000,0.3979,-0.0007,-0.3972
task003_nosolution,truth,3,24.0000,2.0000,1.0000,1000,0.8966,0.0000,0.1034,0.8966,0.1034,0.0000,0.0000,1.0000,0.0000,0.0000,0.0000,0.0000,0.0000,0.1719,9.9700,0.0000,0.8281,0.1719,0.0000,0.0000,24.0000,0.0000,0.0000,0.3940,-0.0008,-0.3932
task003_nosolution,truth,3,24.0000,3.0000,1.0000,1000,0.8823,0.0001,0.1176,0.8824,0.1175,0.0000,0.0000,1.0000,0.0000,0.0000,0.0000,0.0000,0.0000,0.2006,17.4510,0.0000,0.7994,0.2006,0.0000,0.0000,24.0000,0.0000,0.0000,0.3797,-0.0007,-0.3790
task003_nosolution,truth,3,24.0000,6.0000,1.0000,1000,0.8672,0.0003,0.1325,0.8680,0.1318,0.0000,0.0000,1.0000,0.0000,0.0000,0.0000,0.0000,0.0000,0.2561,44.5620,0.0000,0.7439,0.2561,0.0000,0.0000,24.0000,0.0000,0.0000,0.3647,-0.0005,-0.3641
task003_nosolution,truth,3,24.0000,9.0000,1.0000,1000,0.8676,0.0002,0.1322,0.8678,0.1320,0.0000,0.0000,1.0000,0.0000,0.0000,0.0000,0.0000,0.0000,0.2717,70.9200,0.0000,0.7283,0.2717,0.0000,0.0000,24.0000,0.0000,0.0000,0.3650,-0.0006,-0.3644
task003_nosolution,truth,6,3.0000,1.0000,1.0000,1000,0.8523,0.0006,0.1471,0.8542,0.1452,0.0000,0.0000,0.9860,0.0080,0.0000,0.0000,0.0000,0.0000,0.4771,13.8350,0.0000,0.5229,0.4771,0.0000,0.0000,3.0000,-0.0016,0.0000,0.3471,0.0006,-0.3477
task003_nosolution,truth,6,3.0000,2.0000,1.0000,1000,0.8314,0.0000,0.1686,0.8308,0.1692,0.0000,0.0000,0.9990,0.0000,0.0000,0.0000,0.0000,0.0000,0.3827,22.1980,0.0000,0.6173,0.3827,0.0000,0.0000,3.0000,-0.0009,0.0000,0.3262,0.0000,-0.3262
task003_nosolution,truth,6,3.0000,3.0000,1.0000,1000,0.8150,0.0000,0.1850,0.8128,0.1872,0.0000,0.0000,0.9960,0.0010,0.0000,0.0000,0.0000,0.0000,0.3863,33.6060,0.0000,0.6137,0.3863,0.0000,0.0000,3.0000,-0.0012,0.0000,0.3098,0.0000,-0.3098
task003_nosolution,truth,6,3.0000,6.0000,1.0000,1000,0.7713,0.0000,0.2287,0.7692,0.2308,0.0000,0.0000,0.9950,0.0010,0.0000,0.0000,0.0000,0.0000,0.4774,83.0640,0.0000,0.5226,0.4774,0.0000,0.0000,3.0000,-0.0013,0.0000,0.2661,0.0000,-0.2661
task003_nosolution,truth,6,3.0000,9.0000,1.0000,1000,0.7798,0.0000,0.2202,0.7777,0.2223,0.0000,0.0000,0.9950,0.0020,0.0000,0.0000,0.0000,0.0000,0.4915,128.2860,0.0000,0.5085,0.4915,0.0000,0.0000,3.0000,-0.0023,0.0000,0.2746,0.0000,-0.2746
task003_nosolution,truth,6,6.0000,1.0000,1.0000,1000,0.8686,0.0000,0.1314,0.8692,0.1307,0.0000,0.0000,0.9980,0.0000,0.0000,0.0000,0.0000,0.0000,0.2970,8.6140,0.0000,0.7030,0.2970,0.0000,0.0000,6.0000,-0.0005,0.0000,0.3634,0.0000,-0.3634
task003_nosolution,truth,6,6.0000,2.0000,1.0000,1000,0.8581,0.0000,0.1419,0.8578,0.1422,0.0000,0.0000,0.9970,0.0010,0.0000,0.0000,0.0000,0.0000,0.2193,12.7220,0.0000,0.7807,0.2193,0.0000,0.0000,6.0000,0.0003,0.0000,0.3529,0.0000,-0.3529
task003_nosolution,truth,6,6.0000,3.0000,1.0000,1000,0.8472,0.0000,0.1527,0.8470,0.1530,0.0000,0.0000,1.0000,0.0000,0.0000,0.0000,0.0000,0.0000,0.2228,19.3830,0.0000,0.7772,0.2228,0.0000,0.0000,6.0000,0.0001,0.0000,0.3420,0.0000,-0.3420
task003_nosolution,truth,6,6.0000,6.0000,1.0000,1000,0.8030,0.0000,0.1970,0.8016,0.1984,0.0000,0.0000,0.9980,0.0000,0.0000,0.0000,0.0000,0.0000,0.2970,51.6720,0.0000,0.7030,0.2970,0.0000,0.0000,6.0000,0.0008,0.0000,0.2977,0.0000,-0.2977
task003_nosolution,truth,6,6.0000,9.0000,1.0000,1000,0.7975,0.0000,0.2025,0.7955,0.2045,0.0000,0.0000,0.9980,0.0010,0.0000,0.0000,0.0000,0.0000,0.3437,89.7030,0.0000,0.6563,0.3437,0.0000,0.0000,6.0000,0.0007,0.0000,0.2923,0.0000,-0.2923
task003_nosolution,truth,6,12.0000,1.0000,1.0000,1000,0.8835,0.0000,0.1165,0.8841,0.1159,0.0000,0.0000,1.0000,0.0000,0.0000,0.0000,0.0000,0.0000,0.1594,4.6230,0.0000,0.8406,0.1594,0.0000,0.0000,12.0000,-0.0002,0.0000,0.3783,0.0000,-0.3783
task003_nosolution,truth,6,12.0000,2.0000,1.0000,1000,0.8840,0.0000,0.1160,0.8838,0.1162,0.0000,0.0000,1.0000,0.0000,0.0000,0.0000,0.0000,0.0000,0.1165,6.7560,0.0000,0.8835,0.1165,0.0000,0.0000,12.0000,-0.0005,0.0000,0.3788,0.0000,-0.3788
task003_nosolution,truth,6,12.0000,3.0000,1.0000,1000,0.8758,0.0000,0.1242,0.8758,0.1242,0.0000,0.0000,1.0000,0.0000,0.0000,0.0000,0.0000,0.0000,0.1190,10.3560,0.0000,0.8810,0.1190,0.0000,0.0000,12.0000,-0.0002,0.0000,0.3706,0.0000,-0.3706
task003_nosolution,truth,6,12.0000,6.0000,1.0000,1000,0.8552,0.0000,0.1447,0.8560,0.1440,0.0000,0.0000,0.9980,0.0010,0.0000,0.0000,0.0000,0.0000,0.1572,27.3600,0.0000,0.8428,0.1572,0.0000,0.0000,12.0000,-0.0001,0.0000,0.3500,0.0000,-0.3500
task003_nosolution,truth,6,12.0000,9.0000,1.0000,1000,0.8384,0.0000,0.1616,0.8378,0.1622,0.0000,0.0000,0.9980,0.0020,0.0000,0.0000,0.0000,0.0000,0.2031,53.0100,0.0000,0.7969,0.2031,0.0000,0.0000,12.0000,0.0001,0.0000,0.3332,0.0000,-0.3332
task003_nosolution,truth,6,24.0000,1.0000,1.0000,1000,0.8899,0.0000,0.1101,0.8900,0.1100,0.0000,0.0000,1.0000,0.0000,0.0000,0.0000,0.0000,0.0000,0.1294,3.7520,0.0000,0.8706,0.1294,0.0000,0.0000,24.0000,0.0000,0.0000,0.3847,0.0000,-0.3847
task003_nosolution,truth,6,24.0000,2.0000,1.0000,1000,0.8977,0.0001,0.1022,0.8963,0.1037,0.0000,0.0000,1.0000,0.0000,0.0000,0.0000,0.0000,0.0000,0.0921,5.3420,0.0000,0.9079,0.0921,0.0000,0.0000,24.0000,0.0000,0.0000,0.3925,0.0001,-0.3926
task003_nosolution,truth,6,24.0000,3.0000,1.0000,1000,0.8960,0.0000,0.1040,0.8965,0.1035,0.0000,0.0000,1.0000,0.0000,0.0000,0.0000,0.0000,0.0000,0.1009,8.7750,0.0000,0.8991,0.1009,0.0000,0.0000,24.0000,0.0000,0.0000,0.3908,0.0000,-0.3908
task003_nosolution,truth,6,24.0000,6.0000,1.0000,1000,0.8869,0.0001,0.1130,0.8877,0.1122,0.0000,0.0000,1.0000,0.0000,0.0000,0.0000,0.0000,0.0000,0.1238,21.5460,0.0000,0.8762,0.1238,0.0000,0.0000,24.0000,0.0000,0.0000,0.3817,0.0001,-0.3818
task003_nosolution,truth,6,24.0000,9.0000,1.0000,1000,0.8868,0.0001,0.1130,0.8871,0.1128,0.0000,0.0000,1.0000,0.0000,0.0000,0.0000,0.0000,0.0000,0.1366,35.6580,0.0000,0.8634,0.1366,0.0000,0.0000,24.0000,0.0000,0.0000,0.3816,0.0001,-0.3817
task003_nosolution,truth,12,3.0000,1.0000,1.0000,1000,0.8540,0.0000,0.1460,0.8550,0.1450,0.0000,0.0000,0.9890,0.0070,0.0000,0.0000,0.0000,0.0000,0.4733,13.7250,0.0000,0.5267,0.4733,0.0000,0.0000,3.0000,-0.0027,0.0000,0.3485,0.0000,-0.3485
task003_nosolution,truth,12,3.0000,2.0000,1.0000,1000,0.8200,0.0000,0.1800,0.8190,0.1810,0.0000,0.0000,0.9960,0.0020,0.0000,0.0000,0.0000,0.0000,0.4047,23.4700,0.0000,0.5953,0.4047,0.0000,0.0000,3.0000,-0.0019,0.0000,0.3145,0.0000,-0.3145
task003_nosolution,truth,12,3.0000,3.0000,1.0000,1000,0.8043,0.0000,0.1958,0.8036,0.1964,0.0000,0.0000,0.9970,0.0010,0.0000,0.0000,0.0000,0.0000,0.3935,34.2360,0.0000,0.6065,0.3935,0.0000,0.0000,3.0000,-0.0013,0.0000,0.2988,0.0000,-0.2987
task003_nosolution,truth,12,3.0000,6.0000,1.0000,1000,0.7650,0.0000,0.2350,0.7626,0.2374,0.0000,0.0000,0.9950,0.0020,0.0000,0.0000,0.0000,0.0000,0.4763,82.8840,0.0000,0.5237,0.4763,0.0000,0.0000,3.0000,-0.0011,0.0000,0.2595,0.0000,-0.2595
task003_nosolution,truth,12,3.0000,9.0000,1.0000,1000,0.7755,0.0000,0.2245,0.7720,0.2280,0.0000,0.0000,0.9950,0.0020,0.0000,0.0000,0.0000,0.0000,0.4792,125.0640,0.0000,0.5208,0.4792,0.0000,0.0000,3.0000,-0.0016,0.0000,0.2700,0.0000,-0.2700
task003_nosolution,truth,12,6.0000,1.0000,1.0000,1000,0.8631,0.0000,0.1369,0.8625,0.1375,0.0000,0.0000,0.9990,0.0000,0.0000,0.0000,0.0000,0.0000,0.2922,8.4740,0.0000,0.7078,0.2922,0.0000,0.0000,6.0000,-0.0010,0.0000,0.3576,0.0000,-0.3576
task003_nosolution,truth,12,6.0000,2.0000,1.0000,1000,0.8543,0.0000,0.1457,0.8531,0.1469,0.0000,0.0000,1.0000,0.0000,0.0000,0.0000,0.0000,0.0000,0.2233,12.9500,0.0000,0.7767,0.2233,0.0000,0.0000,6.0000,0.0001,0.0000,0.3488,0.0000,-0.3488
task003_nosolution,truth,12,6.0000,3.0000,1.0000,1000,0.8438,0.0000,0.1562,0.8424,0.1576,0.0000,0.0000,0.9990,0.0010,0.0000,0.0000,0.0000,0.0000,0.2094,18.2160,0.0000,0.7906,0.2094,0.0000,0.0000,6.0000,0.0004,0.0000,0.3383,0.0000,-0.3383
task003_nosolution,truth,12,6.0000,6.0000,1.0000,1000,0.8011,0.0000,0.1989,0.7975,0.2025,0.0000,0.0000,0.9950,0.0020,0.0000,0.0000,0.0000,0.0000,0.2748,47.8080,0.0000,0.7252,0.2748,0.0000,0.0000,6.0000,0.0004,0.0000,0.2956,0.0000,-0.2956
task003_nosolution,truth,12,6.0000,9.0000,1.0000,1000,0.8027,0.0000,0.1973,0.8006,0.1994,0.0000,0.0000,0.9980,0.0010,0.0000,0.0000,0.0000,0.0000,0.3026,78.9840,0.0000,0.6974,0.3026,0.0000,0.0000,6.0000,0.0002,0.0000,0.2972,0.0000,-0.2972
task003_nosolution,truth,12,12.0000,1.0000,1.0000,1000,0.8806,0.0001,0.1193,0.8813,0.1187,0.0000,0.0000,1.0000,0.0000,0.0000,0.0000,0.0000,0.0000,0.1508,4.3730,0.0000,0.8492,0.1508,0.0000,0.0000,12.0000,-0.0004,0.0000,0.3751,0.0001,-0.3752
task003_nosolution,truth,12,12.0000,2.0000,1.0000,1000,0.8828,0.0000,0.1172,0.8824,0.1176,0.0000,0.0000,1.0000,0.0000,0.0000,0.0000,0.0000,0.0000,0.1018,5.9060,0.0000,0.8982,0.1018,0.0000,0.0000,12.0000,-0.0005,0.0000,0.3773,0.0000,-0.3773
task003_nosolution,truth,12,12.0000,3.0000,1.0000,1000,0.8819,0.0000,0.1181,0.8816,0.1184,0.0000,0.0000,1.0000,0.0000,0.0000,0.0000,0.0000,0.0000,0.0820,7.1310,0.0000,0.9180,0.0820,0.0000,0.0000,12.0000,-0.0001,0.0000,0.3764,0.0000,-0.3764
task003_nosolution,truth,12,12.0000,6.0000,1.0000,1000,0.8655,0.0000,0.1345,0.8645,0.1355,0.0000,0.0000,0.9990,0.0010,0.0000,0.0000,0.0000,0.0000,0.1060,18.4440,0.0000,0.8940,0.1060,0.0000,0.0000,12.0000,-0.0003,0.0000,0.3600,0.0000,-0.3600
task003_nosolution,truth,12,12.0000,9.0000,1.0000,1000,0.8663,0.0000,0.1337,0.8648,0.1352,0.0000,0.0000,1.0000,0.0000,0.0000,0.0000,0.0000,0.0000,0.1181,30.8250,0.0000,0.8819,0.1181,0.0000,0.0000,12.0000,-0.0003,0.0000,0.3608,0.0000,-0.3608
task003_nosolution,truth,12,24.0000,1.0000,1.0000,1000,0.8895,0.0000,0.1105,0.8896,0.1104,0.0000,0.0000,1.0000,0.0000,0.0000,0.0000,0.0000,0.0000,0.1144,3.3170,0.0000,0.8856,0.1144,0.0000,0.0000,24.0000,0.0000,0.0000,0.3840,0.0000,-0.3840
task003_nosolution,truth,12,24.0000,2.0000,1.0000,1000,0.8927,0.0000,0.1073,0.8937,0.1063,0.0000,0.0000,1.0000,0.0000,0.0000,0.0000,0.0000,0.0000,0.0738,4.2780,0.0000,0.9262,0.0738,0.0000,0.0000,24.0000,0.0000,0.0000,0.3872,0.0000,-0.3872
task003_nosolution,truth,12,24.0000,3.0000,1.0000,1000,0.9019,0.0000,0.0980,0.9022,0.0977,0.0000,0.0000,1.0000,0.0000,0.0000,0.0000,0.0000,0.0000,0.0548,4.7670,0.0000,0.9452,0.0548,0.0000,0.0000,24.0000,0.0000,0.0000,0.3964,0.0000,-0.3965
task003_nosolution,truth,12,24.0000,6.0000,1.0000,1000,0.9002,0.0000,0.0998,0.8987,0.1013,0.0000,0.0000,1.0000,0.0000,0.0000,0.0000,0.0000,0.0000,0.0619,10.7640,0.0000,0.9381,0.0619,0.0000,0.0000,24.0000,0.0000,0.0000,0.3948,0.0000,-0.3947
task003_nosolution,truth,12,24.0000,9.0000,1.0000,1000,0.9018,0.0000,0.0982,0.9008,0.0991,0.0000,0.0000,1.0000,0.0000,0.0000,0.0000,0.0000,0.0000,0.0640,16.7040,0.0000,0.9360,0.0640,0.0000,0.0000,24.0000,0.0000,0.0000,0.3963,0.0000,-0.3963
task003_symmetric,false,3,3.0000,1.0000,0.7500,1000,0.3124,0.0685,0.6191,0.3089,0.6227,0.0109,0.0003,0.1170,0.7210,0.0000,0.0000,0.0000,0.0000,0.8131,23.5790,0.0000,0.1869,0.8111,0.0000,0.0020,3.0000,0.0013,0.0000,-0.3308,-0.0429,0.3737
task003_symmetric,false,3,3.0000,2.0000,0.7500,1000,0.1961,0.0725,0.7314,0.1953,0.7333,0.0030,0.0000,0.0190,0.9230,0.0000,0.0000,0.0000,0.0000,0.6972,40.4380,0.0000,0.3028,0.6962,0.0000,0.0010,3.0000,0.0012,0.0000,-0.4471,-0.0390,0.4861
task003_symmetric,false,3,3.0000,3.0000,0.7500,1000,0.1705,0.0740,0.7555,0.1693,0.7562,0.0012,0.0000,0.0050,0.9560,0.0000,0.0000,0.0000,0.0000,0.6657,57.9180,0.0000,0.3343,0.6648,0.0000,0.0009,3.0000,0.0006,0.0000,-0.4727,-0.0374,0.5101
task003_symmetric,false,3,3.0000,6.0000,0.7500,1000,0.1442,0.0867,0.7691,0.1439,0.7694,0.0002,0.0000,0.0000,0.9670,0.0000,0.0000,0.0000,0.0000,0.6560,114.1440,0.0000,0.3440,0.6553,0.0000,0.0007,3.0000,0.0012,0.0000,-0.4991,-0.0247,0.5238
task003_symmetric,false,3,3.0000,9.0000,0.7500,1000,0.1343,0.0895,0.7762,0.1340,0.7773,0.0001,0.0000,0.0000,0.9810,0.0000,0.0000,0.0000,0.0000,0.6389,166.7520,0.0000,0.3611,0.6385,0.0000,0.0004,3.0000,0.0007,0.0000,-0.5090,-0.0220,0.5309
task003_symmetric,false,3,6.0000,1.0000,0.7500,1000,0.2619,0.0763,0.6618,0.2586,0.6658,0.0064,0.0003,0.0500,0.7960,0.0000,0.0000,0.0000,0.0000,0.7480,21.6930,0.0000,0.2520,0.7232,0.0000,0.0248,6.0000,0.0008,0.0000,-0.3814,-0.0351,0.4165
task003_symmetric,false,3,6.0000,2.0000,0.7500,1000,0.1922,0.0802,0.7276,0.1913,0.7308,0.0023,0.0001,0.0100,0.9210,0.0000,0.0000,0.0000,0.0000,0.6432,37.3080,0.0000,0.3568,0.6295,0.0000,0.0138,6.0000,0.0004,0.0000,-0.4510,-0.0312,0.4823
task003_symmetric,false,3,6.0000,3.0000,0.7500,1000,0.1689,0.0813,0.7498,0.1694,0.7495,0.0010,0.0000,0.0030,0.9440,0.0000,0.0000,0.0000,0.0000,0.6193,53.8770,0.0000,0.3807,0.6091,0.0000,0.0101,6.0000,-0.0002,0.0000,-0.4743,-0.0301,0.5044
task003_symmetric,false,3,6.0000,6.0000,0.7500,1000,0.1529,0.0969,0.7502,0.1521,0.7530,0.0002,0.0000,0.0020,0.9630,0.0000,0.0000,0.0000,0.0000,0.5967,103.8240,0.0000,0.4033,0.5888,0.0000,0.0079,6.0000,0.0007,0.0000,-0.4903,-0.0145,0.5048
task003_symmetric,false,3,6.0000,9.0000,0.7500,1000,0.1442,0.0860,0.7698,0.1440,0.7715,0.0001,0.0000,0.0000,0.9790,0.0000,0.0000,0.0000,0.0000,0.5630,146.9520,0.0000,0.4370,0.5563,0.0000,0.0067,6.0000,-0.0005,0.0000,-0.4990,-0.0255,0.5245
task003_symmetric,false,3,12.0000,1.0000,0.7500,1000,0.2535,0.0848,0.6617,0.2509,0.6648,0.0064,0.0001,0.0510,0.8090,0.0000,0.0000,0.0000,0.0000,0.7356,21.3310,0.0000,0.2644,0.6162,0.0000,0.1193,12.0000,0.0002,0.0000,-0.3897,-0.0266,0.4163
task003_symmetric,false,3,12.0000,2.0000,0.7500,1000,0.2052,0.0872,0.7075,0.2047,0.7077,0.0028,0.0000,0.0160,0.8980,0.0000,0.0000,0.0000,0.0000,0.6359,36.8800,0.0000,0.3641,0.5533,0.0000,0.0825,12.0000,0.0003,0.0000,-0.4380,-0.0242,0.4622
task003_symmetric,false,3,12.0000,3.0000,0.7500,1000,0.1817,0.0950,0.7232,0.1828,0.7241,0.0017,0.0000,0.0030,0.9270,0.0000,0.0000,0.0000,0.0000,0.5970,51.9360,0.0000,0.4030,0.5317,0.0000,0.0652,12.0000,0.0007,0.0000,-0.4615,-0.0164,0.4779
task003_symmetric,false,3,12.0000,6.0000,0.7500,1000,0.1636,0.0947,0.7417,0.1620,0.7411,0.0008,0.0000,0.0010,0.9390,0.0000,0.0000,0.0000,0.0000,0.5601,97.4580,0.0000,0.4399,0.5129,0.0000,0.0472,12.0000,-0.0001,0.0000,-0.4796,-0.0168,0.4964
task003_symmetric,false,3,12.0000,9.0000,0.7500,1000,0.1535,0.0886,0.7580,0.1536,0.7612,0.0000,0.0000,0.0010,0.9640,0.0000,0.0000,0.0000,0.0000,0.5089,132.8130,0.0000,0.4911,0.4698,0.0000,0.0391,12.0000,0.0006,0.0000,-0.4898,-0.0228,0.5126
task003_symmetric,false,3,24.0000,1.0000,0.7500,1000,0.3181,0.0907,0.5911,0.3169,0.5935,0.0117,0.0003,0.1470,0.6680,0.0000,0.0000,0.0000,0.0000,0.8475,24.5780,0.0000,0.1525,0.4716,0.0000,0.3759,23.9999,0.0000,0.0000,-0.3251,-0.0207,0.3458
task003_symmetric,false,3,24.0000,2.0000,0.7500,1000,0.2200,0.0943,0.6858,0.2185,0.6867,0.0048,0.0001,0.0280,0.8420,0.0000,0.0000,0.0000,0.0000,0.7351,42.6340,0.0000,0.2649,0.4942,0.0000,0.2409,23.9996,0.0000,0.0000,-0.4233,-0.0172,0.4405
task003_symmetric,false,3,24.0000,3.0000,0.7500,1000,0.2054,0.0994,0.6952,0.2049,0.6968,0.0028,0.0000,0.0220,0.8710,0.0000,0.0000,0.0000,0.0000,0.7092,61.6980,0.0000,0.2908,0.4707,0.0000,0.2385,23.9995,0.0000,0.0000,-0.4378,-0.0120,0.4498
task003_symmetric,false,3,24.0000,6.0000,0.7500,1000,0.1701,0.1085,0.7214,0.1693,0.7217,0.0005,0.0000,0.0020,0.9260,0.0000,0.0000,0.0000,0.0000,0.6639,115.5240,0.0000,0.3361,0.5094,0.0000,0.1545,23.9996,0.0000,0.0000,-0.4731,-0.0029,0.4760
task003_symmetric,false,3,24.0000,9.0000,0.7500,1000,0.1511,0.0835,0.7653,0.1504,0.7667,0.0001,0.0000,0.0020,0.9690,0.0000,0.0000,0.0000,0.0000,0.5641,147.2310,0.0000,0.4359,0.4417,0.0000,0.1224,23.9994,0.0000,0.0000,-0.4921,-0.0279,0.5200
task003_symmetric,false,6,3.0000,1.0000,0.7500,1000,0.6662,0.0278,0.3060,0.6630,0.3092,0.3121,0.0050,0.7990,0.1370,0.0000,0.0000,0.0000,0.0000,0.9469,27.4590,0.0000,0.0531,0.9374,0.0000,0.0094,3.0000,0.0011,-0.0000,-0.1788,-0.0103,0.1891
task003_symmetric,false,6,3.0000,2.0000,0.7500,1000,0.5556,0.0363,0.4080,0.5512,0.4140,0.2674,0.0010,0.6180,0.2900,0.0000,0.0000,0.0000,0.0000,0.8798,51.0280,0.0000,0.1202,0.8704,0.0000,0.0094,3.0000,0.0012,0.0000,-0.2894,-0.0018,0.2912
task003_symmetric,false,6,3.0000,3.0000,0.7500,1000,0.4698,0.0342,0.4961,0.4665,0.4981,0.2208,0.0000,0.4840,0.4250,0.0000,0.0000,0.0000,0.0000,0.8228,71.5800,0.0000,0.1772,0.8153,0.0000,0.0074,3.0000,0.0037,0.0000,-0.3752,-0.0040,0.3792
task003_symmetric,false,6,3.0000,6.0000,0.7500,1000,0.3146,0.0373,0.6481,0.3118,0.6504,0.0953,0.0000,0.2080,0.6770,0.0000,0.0000,0.0000,0.0000,0.7348,127.8480,0.0000,0.2652,0.7312,0.0000,0.0036,3.0000,0.0031,-0.0000,-0.5304,-0.0008,0.5312
task003_symmetric,false,6,3.0000,9.0000,0.7500,1000,0.2341,0.0275,0.7384,0.2335,0.7385,0.0434,0.0000,0.0860,0.8450,0.0000,0.0000,0.0000,0.0000,0.6672,174.1500,0.0000,0.3328,0.6652,0.0000,0.0020,3.0000,0.0013,0.0000,-0.6109,-0.0107,0.6215
task003_symmetric,false,6,6.0000,1.0000,0.7500,1000,0.6268,0.0345,0.3387,0.6252,0.3418,0.3008,0.0069,0.7460,0.1840,0.0000,0.0000,0.0000,0.0000,0.9333,27.0670,0.0000,0.0667,0.8259,0.0000,0.1075,6.0000,-0.0003,0.0000,-0.2182,-0.0037,0.2219
task003_symmetric,false,6,6.0000,2.0000,0.7500,1000,0.5159,0.0395,0.4447,0.5182,0.4437,0.2433,0.0012,0.5700,0.3460,0.0000,0.0000,0.0000,0.0000,0.8454,49.0360,0.0000,0.1546,0.7522,0.0000,0.0933,6.0000,-0.0006,0.0000,-0.3291,0.0013,0.3278
task003_symmetric,false,6,6.0000,3.0000,0.7500,1000,0.4647,0.0400,0.4953,0.4633,0.4979,0.2134,0.0002,0.4570,0.4310,0.0000,0.0000,0.0000,0.0000,0.8031,69.8730,0.0000,0.1969,0.7199,0.0000,0.0833,6.0000,0.0004,-0.0000,-0.3803,0.0018,0.3785
task003_symmetric,false,6,6.0000,6.0000,0.7500,1000,0.3147,0.0425,0.6428,0.3131,0.6454,0.0844,0.0001,0.1950,0.6820,0.0000,0.0000,0.0000,0.0000,0.6961,121.1160,0.0000,0.3039,0.6540,0.0000,0.0421,6.0000,-0.0001,0.0000,-0.5303,0.0044,0.5259
task003_symmetric,false,6,6.0000,9.0000,0.7500,1000,0.2562,0.0283,0.7156,0.2549,0.7161,0.0502,0.0000,0.1100,0.8120,0.0000,0.0000,0.0000,0.0000,0.6285,164.0430,0.0000,0.3715,0.5974,0.0000,0.0311,6.0000,0.0000,0.0000,-0.5888,-0.0099,0.5988
task003_symmetric,false,6,12.0000,1.0000,0.7500,1000,0.6310,0.0334,0.3356,0.6275,0.3394,0.3051,0.0035,0.7270,0.2010,0.0000,0.0000,0.0000,0.0000,0.9265,26.8680,0.0000,0.0735,0.4470,0.0000,0.4795,12.0000,0.0006,0.0000,-0.2140,-0.0047,0.2188
task003_symmetric,false,6,12.0000,2.0000,0.7500,1000,0.5373,0.0352,0.4274,0.5369,0.4286,0.2567,0.0010,0.5760,0.3180,0.0000,0.0000,0.0000,0.0000,0.8564,49.6700,0.0000,0.1436,0.4484,0.0000,0.4080,12.0000,0.0008,0.0000,-0.3077,-0.0029,0.3106
task003_symmetric,false,6,12.0000,3.0000,0.7500,1000,0.5285,0.0404,0.4311,0.5240,0.4344,0.2460,0.0002,0.5750,0.3350,0.0000,0.0000,0.0000,0.0000,0.8402,73.0950,0.0000,0.1598,0.4307,0.0000,0.4095,12.0000,0.0009,0.0000,-0.3165,0.0023,0.3142
task003_symmetric,false,6,12.0000,6.0000,0.7500,1000,0.3552,0.0434,0.6015,0.3547,0.6027,0.1115,0.0000,0.2420,0.6110,0.0000,0.0000,0.0000,0.0000,0.7187,125.0460,0.0000,0.2813,0.4714,0.0000,0.2473,12.0000,0.0007,0.0000,-0.4898,0.0052,0.4846
task003_symmetric,false,6,12.0000,9.0000,0.7500,1000,0.2728,0.0288,0.6984,0.2713,0.6985,0.0530,0.0000,0.1160,0.8040,0.0000,0.0000,0.0000,0.0000,0.6186,161.4420,0.0000,0.3814,0.4507,0.0000,0.1678,12.0000,0.0003,0.0000,-0.5722,-0.0094,0.5816
task003_symmetric,false,6,24.0000,1.0000,0.7500,1000,0.7600,0.0222,0.2178,0.7619,0.2158,0.3613,0.0087,0.8840,0.0930,0.0000,0.0000,0.0000,0.0000,0.9627,27.9170,0.0000,0.0373,0.1069,0.0000,0.8558,24.0000,0.0000,0.0000,-0.0850,-0.0159,0.1010
task003_symmetric,false,6,24.0000,2.0000,0.7500,1000,0.6566,0.0232,0.3202,0.6560,0.3215,0.3085,0.0021,0.7580,0.1900,0.0000,0.0000,0.0000,0.0000,0.9232,53.5440,0.0000,0.0768,0.1214,0.0000,0.8017,24.0000,0.0000,0.0000,-0.1884,-0.0150,0.2033
task003_symmetric,false,6,24.0000,3.0000,0.7500,1000,0.6514,0.0306,0.3180,0.6443,0.3242,0.3191,0.0000,0.7710,0.1790,0.0000,0.0000,0.0000,0.0000,0.9201,80.0520,0.0000,0.0799,0.1154,0.0000,0.8047,23.9999,0.0000,0.0000,-0.1936,-0.0075,0.2011
task003_symmetric,false,6,24.0000,6.0000,0.7500,1000,0.3582,0.0367,0.6051,0.3550,0.6062,0.1174,0.0000,0.2620,0.6310,0.0000,0.0000,0.0000,0.0000,0.7683,133.6860,0.0000,0.2317,0.2184,0.0000,0.5499,23.9999,-0.0000,-0.0000,-0.4868,-0.0015,0.4883
task003_symmetric,false,6,24.0000,9.0000,0.7500,1000,0.2587,0.0336,0.7077,0.2559,0.7115,0.0425,0.0000,0.0960,0.8290,0.0000,0.0000,0.0000,0.0000,0.6524,170.2890,0.0000,0.3476,0.2588,0.0000,0.3937,24.0000,0.0000,0.0000,-0.5863,-0.0046,0.5909
task003_symmetric,false,12,3.0000,1.0000,0.7500,1000,0.8920,0.0115,0.0965,0.8908,0.0980,0.7458,0.0057,0.9850,0.0120,0.0000,0.0000,0.0000,0.0000,0.9932,28.8040,0.0000,0.0068,0.9733,0.0000,0.0200,3.0000,0.0007,-0.0000,-0.0497,-0.0031,0.0528
task003_symmetric,false,12,3.0000,2.0000,0.7500,1000,0.8724,0.0112,0.1164,0.8695,0.1183,0.7436,0.0009,0.9780,0.0180,0.0000,0.0000,0.0000,0.0000,0.9879,57.2960,0.0000,0.0121,0.9638,0.0000,0.0241,3.0000,-0.0010,-0.0000,-0.0693,-0.0034,0.0727
task003_symmetric,false,12,3.0000,3.0000,0.7500,1000,0.8636,0.0111,0.1253,0.8618,0.1269,0.7535,0.0000,0.9700,0.0270,0.0000,0.0000,0.0000,0.0000,0.9811,85.3530,0.0000,0.0189,0.9526,0.0000,0.0284,3.0000,-0.0007,-0.0000,-0.0781,-0.0035,0.0816
task003_symmetric,false,12,3.0000,6.0000,0.7500,1000,0.8386,0.0136,0.1478,0.8370,0.1498,0.7145,0.0000,0.9660,0.0290,0.0000,0.0000,0.0000,0.0000,0.9778,170.1360,0.0000,0.0222,0.9459,0.0000,0.0319,3.0000,-0.0007,-0.0000,-0.1032,-0.0010,0.1042
task003_symmetric,false,12,3.0000,9.0000,0.7500,1000,0.7953,0.0079,0.1968,0.7950,0.1965,0.6563,0.0000,0.9220,0.0650,0.0000,0.0000,0.0000,0.0000,0.9624,251.1990,0.0000,0.0376,0.9233,0.0000,0.0392,3.0000,-0.0001,-0.0000,-0.1464,-0.0067,0.1531
task003_symmetric,false,12,6.0000,1.0000,0.7500,1000,0.8781,0.0137,0.1082,0.8771,0.1102,0.7346,0.0064,0.9820,0.0160,0.0000,0.0000,0.0000,0.0000,0.9938,28.8200,0.0000,0.0062,0.7661,0.0000,0.2277,6.0000,-0.0008,0.0000,-0.0637,-0.0009,0.0646
task003_symmetric,false,12,6.0000,2.0000,0.7500,1000,0.8643,0.0146,0.1211,0.8647,0.1222,0.7423,0.0011,0.9700,0.0220,0.0000,0.0000,0.0000,0.0000,0.9872,57.2580,0.0000,0.0128,0.7366,0.0000,0.2507,6.0000,-0.0008,0.0000,-0.0774,0.0000,0.0774
task003_symmetric,false,12,6.0000,3.0000,0.7500,1000,0.8618,0.0120,0.1263,0.8600,0.1271,0.7477,0.0000,0.9700,0.0270,0.0000,0.0000,0.0000,0.0000,0.9795,85.2180,0.0000,0.0205,0.7077,0.0000,0.2718,6.0000,-0.0008,-0.0000,-0.0800,-0.0026,0.0826
task003_symmetric,false,12,6.0000,6.0000,0.7500,1000,0.8382,0.0135,0.1484,0.8360,0.1504,0.7157,0.0000,0.9650,0.0310,0.0000,0.0000,0.0000,0.0000,0.9747,169.6020,0.0000,0.0253,0.6900,0.0000,0.2848,6.0000,-0.0011,0.0000,-0.1036,-0.0011,0.1047
task003_symmetric,false,12,6.0000,9.0000,0.7500,1000,0.8104,0.0089,0.1807,0.8084,0.1829,0.6753,0.0000,0.9440,0.0460,0.0000,0.0000,0.0000,0.0000,0.9664,252.2340,0.0000,0.0336,0.6693,0.0000,0.2971,6.0000,-0.0003,0.0000,-0.1313,-0.0057,0.1370
task003_symmetric,false,12,12.0000,1.0000,0.7500,1000,0.8942,0.0101,0.0957,0.8938,0.0959,0.7565,0.0034,0.9850,0.0130,0.0000,0.0000,0.0000,0.0000,0.9937,28.8160,0.0000,0.0063,0.2646,0.0000,0.7291,12.0000,0.0003,0.0000,-0.0475,-0.0045,0.0520
task003_symmetric,false,12,12.0000,2.0000,0.7500,1000,0.8782,0.0097,0.1120,0.8782,0.1119,0.7535,0.0006,0.9800,0.0170,0.0000,0.0000,0.0000,0.0000,0.9889,57.3580,0.0000,0.0111,0.2495,0.0000,0.7394,12.0000,0.0003,0.0000,-0.0635,-0.0049,0.0684
task003_symmetric,false,12,12.0000,3.0000,0.7500,1000,0.8750,0.0093,0.1158,0.8751,0.1157,0.7598,0.0000,0.9730,0.0240,0.0000,0.0000,0.0000,0.0000,0.9813,85.3740,0.0000,0.0187,0.2311,0.0000,0.7502,12.0000,0.0006,0.0000,-0.0668,-0.0053,0.0721
task003_symmetric,false,12,12.0000,6.0000,0.7500,1000,0.8462,0.0096,0.1441,0.8452,0.1442,0.7310,0.0000,0.9540,0.0390,0.0000,0.0000,0.0000,0.0000,0.9761,169.8360,0.0000,0.0239,0.2268,0.0000,0.7492,12.0000,0.0001,0.0000,-0.0955,-0.0050,0.1005
task003_symmetric,false,12,12.0000,9.0000,0.7500,1000,0.8030,0.0101,0.1868,0.8022,0.1879,0.6610,0.0000,0.9390,0.0520,0.0000,0.0000,0.0000,0.0000,0.9688,252.8640,0.0000,0.0312,0.2304,0.0000,0.7384,12.0000,0.0000,0.0000,-0.1387,-0.0045,0.1432
task003_symmetric,false,12,24.0000,1.0000,0.7500,1000,0.9298,0.0077,0.0625,0.9280,0.0643,0.7705,0.0048,0.9870,0.0080,0.0000,0.0000,0.0000,0.0000,0.9950,28.8560,0.0000,0.0050,0.0232,0.0000,0.9719,24.0000,0.0000,0.0000,-0.0120,-0.0069,0.0188
task003_symmetric,false,12,24.0000,2.0000,0.7500,1000,0.9081,0.0063,0.0856,0.9083,0.0864,0.7641,0.0014,0.9900,0.0080,0.0000,0.0000,0.0000,0.0000,0.9946,57.6840,0.0000,0.0054,0.0211,0.0000,0.9735,24.0000,0.0000,0.0000,-0.0336,-0.0083,0.0419
task003_symmetric,false,12,24.0000,3.0000,0.7500,1000,0.9050,0.0049,0.0901,0.9071,0.0882,0.7893,0.0000,0.9810,0.0160,0.0000,0.0000,0.0000,0.0000,0.9896,86.0940,0.0000,0.0104,0.0217,0.0000,0.9679,24.0000,0.0000,0.0000,-0.0367,-0.0097,0.0464
task003_symmetric,false,12,24.0000,6.0000,0.7500,1000,0.8641,0.0069,0.1290,0.8650,0.1278,0.7597,0.0000,0.9730,0.0210,0.0000,0.0000,0.0000,0.0000,0.9878,171.8820,0.0000,0.0122,0.0258,0.0000,0.9620,24.0000,0.0000,0.0000,-0.0776,-0.0077,0.0853
task003_symmetric,false,12,24.0000,9.0000,0.7500,1000,0.8031,0.0109,0.1860,0.8016,0.1865,0.6597,0.0000,0.9480,0.0420,0.0000,0.0000,0.0000,0.0000,0.9775,255.1320,0.0000,0.0225,0.0275,0.0000,0.9500,24.0000,0.0000,0.0000,-0.1386,-0.0037,0.1423
task003_symmetric,false,3,3.0000,1.0000,1.0000,1000,0.9998,0.0000,0.0002,0.9999,0.0001,0.9986,0.5319,1.0000,0.0000,0.0000,0.0000,0.0000,0.0000,0.9906,28.7260,0.0000,0.0094,0.9484,0.0000,0.0421,3.0000,-0.0000,0.0000,-0.0000,-0.0001,0.0002
task003_symmetric,false,3,3.0000,2.0000,1.0000,1000,0.9998,0.0000,0.0002,0.9998,0.0001,0.9984,0.4468,1.0000,0.0000,0.0000,0.0000,0.0000,0.0000,0.9824,56.9800,0.0000,0.0176,0.9279,0.0000,0.0545,3.0000,0.0016,0.0000,-0.0000,-0.0001,0.0002
task003_symmetric,false,3,3.0000,3.0000,1.0000,1000,0.9998,0.0000,0.0002,0.9997,0.0002,0.9985,0.3749,1.0000,0.0000,0.0000,0.0000,0.0000,0.0000,0.9780,85.0890,0.0000,0.0220,0.9131,0.0000,0.0650,3.0000,0.0004,0.0000,-0.0000,-0.0001,0.0002
task003_symmetric,false,3,3.0000,6.0000,1.0000,1000,0.9997,0.0000,0.0003,0.9997,0.0003,0.9989,0.3990,1.0000,0.0000,0.0000,0.0000,0.0000,0.0000,0.9757,169.7700,0.0000,0.0243,0.9062,0.0000,0.0695,3.0000,0.0010,0.0000,-0.0002,-0.0001,0.0003
task003_symmetric,false,3,3.0000,9.0000,1.0000,1000,0.9994,0.0000,0.0006,0.9992,0.0008,0.9972,0.4094,1.0000,0.0000,0.0000,0.0000,0.0000,0.0000,0.9693,252.9900,0.0000,0.0307,0.9058,0.0000,0.0635,3.0000,-0.0003,0.0000,-0.0005,-0.0001,0.0006
task003_symmetric,false,3,6.0000,1.0000,1.0000,1000,0.9998,0.0000,0.0002,0.9998,0.0002,0.9991,0.5550,1.0000,0.0000,0.0000,0.0000,0.0000,0.0000,0.9926,28.7860,0.0000,0.0074,0.6842,0.0000,0.3084,6.0000,0.0007,0.0000,-0.0001,-0.0001,0.0002
task003_symmetric,false,3,6.0000,2.0000,1.0000,1000,0.9997,0.0000,0.0003,0.9997,0.0002,0.9984,0.4602,1.0000,0.0000,0.0000,0.0000,0.0000,0.0000,0.9837,57.0520,0.0000,0.0163,0.6421,0.0000,0.3416,6.0000,0.0001,0.0000,-0.0002,-0.0001,0.0003
task003_symmetric,false,3,6.0000,3.0000,1.0000,1000,0.9998,0.0000,0.0003,0.9997,0.0002,0.9987,0.3890,1.0000,0.0000,0.0000,0.0000,0.0000,0.0000,0.9784,85.1220,0.0000,0.0216,0.6226,0.0000,0.3559,6.0000,0.0005,0.0000,-0.0001,-0.0001,0.0003
task003_symmetric,false,3,6.0000,6.0000,1.0000,1000,0.9995,0.0000,0.0005,0.9996,0.0004,0.9988,0.4492,1.0000,0.0000,0.0000,0.0000,0.0000,0.0000,0.9758,169.7880,0.0000,0.0242,0.6225,0.0000,0.3533,6.0000,0.0009,0.0000,-0.0004,-0.0001,0.0005
task003_symmetric,false,3,6.0000,9.0000,1.0000,1000,0.9992,0.0000,0.0008,0.9990,0.0009,0.9970,0.4370,1.0000,0.0000,0.0000,0.0000,0.0000,0.0000,0.9699,253.1430,0.0000,0.0301,0.6273,0.0000,0.3426,6.0000,-0.0001,0.0000,-0.0007,-0.0001,0.0008
task003_symmetric,false,3,12.0000,1.0000,1.0000,1000,0.9998,0.0002,0.0001,0.9998,0.0001,0.9983,0.5690,1.0000,0.0000,0.0000,0.0000,0.0000,0.0000,0.9941,28.8300,0.0000,0.0059,0.2943,0.0000,0.6998,12.0000,-0.0001,0.0000,-0.0001,0.0000,0.0001
task003_symmetric,false,3,12.0000,2.0000,1.0000,1000,0.9997,0.0001,0.0003,0.9996,0.0003,0.9977,0.4703,1.0000,0.0000,0.0000,0.0000,0.0000,0.0000,0.9859,57.1820,0.0000,0.0141,0.2877,0.0000,0.6982,12.0000,0.0002,0.0000,-0.0002,-0.0000,0.0003
task003_symmetric,false,3,12.0000,3.0000,1.0000,1000,0.9999,0.0000,0.0001,0.9998,0.0001,0.9992,0.3905,1.0000,0.0000,0.0000,0.0000,0.0000,0.0000,0.9818,85.4160,0.0000,0.0182,0.2704,0.0000,0.7113,12.0000,-0.0000,0.0000,0.0000,-0.0001,0.0001
task003_symmetric,false,3,12.0000,6.0000,1.0000,1000,0.9995,0.0000,0.0005,0.9995,0.0005,0.9985,0.4129,1.0000,0.0000,0.0000,0.0000,0.0000,0.0000,0.9785,170.2620,0.0000,0.0215,0.2933,0.0000,0.6852,12.0000,0.0003,0.0000,-0.0004,-0.0001,0.0005
task003_symmetric,false,3,12.0000,9.0000,1.0000,1000,0.9990,0.0000,0.0010,0.9991,0.0009,0.9975,0.4230,1.0000,0.0000,0.0000,0.0000,0.0000,0.0000,0.9741,254.2320,0.0000,0.0259,0.3109,0.0000,0.6632,12.0000,-0.0001,0.0000,-0.0009,-0.0001,0.0010
task003_symmetric,false,3,24.0000,1.0000,1.0000,1000,0.9998,0.0001,0.0001,0.9998,0.0001,0.9987,0.5240,1.0000,0.0000,0.0000,0.0000,0.0000,0.0000,0.9981,28.9460,0.0000,0.0019,0.0728,0.0000,0.9253,24.0000,0.0000,0.0000,-0.0000,-0.0000,0.0001
task003_symmetric,false,3,24.0000,2.0000,1.0000,1000,0.9997,0.0000,0.0003,0.9997,0.0003,0.9980,0.4470,1.0000,0.0000,0.0000,0.0000,0.0000,0.0000,0.9938,57.6400,0.0000,0.0062,0.0774,0.0000,0.9163,24.0000,0.0000,0.0000,-0.0002,-0.0001,0.0003
task003_symmetric,false,3,24.0000,3.0000,1.0000,1000,0.9998,0.0000,0.0002,0.9998,0.0002,0.9987,0.2900,1.0000,0.0000,0.0000,0.0000,0.0000,0.0000,0.9925,86.3490,0.0000,0.0075,0.0744,0.0000,0.9181,24.0000,0.0000,0.0000,-0.0000,-0.0001,0.0002
task003_symmetric,false,3,24.0000,6.0000,1.0000,1000,0.9997,0.0000,0.0003,0.9996,0.0004,0.9988,0.2983,1.0000,0.0000,0.0000,0.0000,0.0000,0.0000,0.9930,172.7880,0.0000,0.0070,0.0836,0.0000,0.9094,24.0000,0.0000,0.0000,-0.0002,-0.0001,0.0003
task003_symmetric,false,3,24.0000,9.0000,1.0000,1000,0.9988,0.0001,0.0011,0.9986,0.0013,0.9962,0.3562,1.0000,0.0000,0.0000,0.0000,0.0000,0.0000,0.9890,258.1380,0.0000,0.0110,0.0975,0.0000,0.8915,24.0000,0.0000,0.0000,-0.0011,-0.0000,0.0011
task003_symmetric,false,6,3.0000,1.0000,1.0000,1000,1.0000,0.0000,0.0000,1.0000,0.0000,1.0000,0.5946,1.0000,0.0000,0.0000,0.0000,0.0000,0.0000,0.9969,28.9090,0.0000,0.0031,0.9479,0.0000,0.0490,3.0000,0.0001,0.0000,0.0000,0.0000,0.0000
task003_symmetric,false,6,3.0000,2.0000,1.0000,1000,1.0000,0.0000,0.0000,1.0000,0.0000,0.9998,0.5190,1.0000,0.0000,0.0000,0.0000,0.0000,0.0000,0.9949,57.7020,0.0000,0.0051,0.9320,0.0000,0.0629,3.0000,-0.0006,0.0000,-0.0000,0.0000,0.0000
task003_symmetric,false,6,3.0000,3.0000,1.0000,1000,1.0000,0.0000,0.0000,1.0000,0.0000,0.9999,0.4668,1.0000,0.0000,0.0000,0.0000,0.0000,0.0000,0.9920,86.3040,0.0000,0.0080,0.9106,0.0000,0.0814,3.0000,0.0005,0.0000,0.0000,0.0000,0.0000
task003_symmetric,false,6,3.0000,6.0000,1.0000,1000,1.0000,0.0000,0.0000,1.0000,0.0000,1.0000,0.4910,1.0000,0.0000,0.0000,0.0000,0.0000,0.0000,0.9921,172.6320,0.0000,0.0079,0.9061,0.0000,0.0861,3.0000,-0.0002,0.0000,0.0000,0.0000,0.0000
task003_symmetric,false,6,3.0000,9.0000,1.0000,1000,1.0000,0.0000,0.0000,1.0000,0.0000,1.0000,0.5229,1.0000,0.0000,0.0000,0.0000,0.0000,0.0000,0.9918,258.8670,0.0000,0.0082,0.8943,0.0000,0.0975,3.0000,0.0001,0.0000,-0.0000,0.0000,0.0000
task003_symmetric,false,6,6.0000,1.0000,1.0000,1000,1.0000,0.0000,0.0000,1.0000,0.0000,1.0000,0.6276,1.0000,0.0000,0.0000,0.0000,0.0000,0.0000,0.9982,28.9480,0.0000,0.0018,0.6434,0.0000,0.3548,6.0000,-0.0000,0.0000,0.0000,0.0000,0.0000
task003_symmetric,false,6,6.0000,2.0000,1.0000,1000,1.0000,0.0000,0.0000,1.0000,0.0000,0.9998,0.5495,1.0000,0.0000,0.0000,0.0000,0.0000,0.0000,0.9946,57.6840,0.0000,0.0054,0.6026,0.0000,0.3920,6.0000,-0.0001,0.0000,-0.0000,0.0000,0.0000
task003_symmetric,false,6,6.0000,3.0000,1.0000,1000,1.0000,0.0000,0.0000,1.0000,0.0000,0.9999,0.4847,1.0000,0.0000,0.0000,0.0000,0.0000,0.0000,0.9918,86.2890,0.0000,0.0082,0.5459,0.0000,0.4459,6.0000,0.0000,0.0000,-0.0000,0.0000,0.0000
task003_symmetric,false,6,6.0000,6.0000,1.0000,1000,1.0000,0.0000,0.0000,1.0000,0.0000,0.9999,0.5385,1.0000,0.0000,0.0000,0.0000,0.0000,0.0000,0.9900,172.2660,0.0000,0.0100,0.5555,0.0000,0.4345,6.0000,-0.0001,0.0000,0.0000,0.0000,0.0000
task003_symmetric,false,6,6.0000,9.0000,1.0000,1000,1.0000,0.0000,0.0000,1.0000,0.0000,1.0000,0.5570,1.0000,0.0000,0.0000,0.0000,0.0000,0.0000,0.9904,258.4980,0.0000,0.0096,0.5506,0.0000,0.4399,6.0000,-0.0003,0.0000,-0.0000,0.0000,0.0000
task003_symmetric,false,6,12.0000,1.0000,1.0000,1000,1.0000,0.0000,0.0000,1.0000,0.0000,0.9997,0.6269,1.0000,0.0000,0.0000,0.0000,0.0000,0.0000,0.9983,28.9510,0.0000,0.0017,0.2187,0.0000,0.7796,12.0000,0.0002,0.0000,0.0000,0.0000,0.0000
task003_symmetric,false,6,12.0000,2.0000,1.0000,1000,1.0000,0.0000,0.0000,1.0000,0.0000,0.9997,0.5443,1.0000,0.0000,0.0000,0.0000,0.0000,0.0000,0.9949,57.7020,0.0000,0.0051,0.1969,0.0000,0.7979,12.0000,0.0000,0.0000,0.0000,0.0000,0.0000
task003_symmetric,false,6,12.0000,3.0000,1.0000,1000,1.0000,0.0000,0.0000,1.0000,0.0000,0.9999,0.4310,1.0000,0.0000,0.0000,0.0000,0.0000,0.0000,0.9933,86.4150,0.0000,0.0067,0.1673,0.0000,0.8260,12.0000,0.0003,0.0000,-0.0000,0.0000,0.0000
task003_symmetric,false,6,12.0000,6.0000,1.0000,1000,1.0000,0.0000,0.0000,1.0000,0.0000,1.0000,0.4940,1.0000,0.0000,0.0000,0.0000,0.0000,0.0000,0.9923,172.6620,0.0000,0.0077,0.2355,0.0000,0.7568,12.0000,0.0002,0.0000,0.0000,0.0000,0.0000
task003_symmetric,false,6,12.0000,9.0000,1.0000,1000,1.0000,0.0000,0.0000,1.0000,0.0000,1.0000,0.5282,1.0000,0.0000,0.0000,0.0000,0.0000,0.0000,0.9921,258.9480,0.0000,0.0079,0.2271,0.0000,0.7651,12.0000,-0.0000,0.0000,0.0000,0.0000,0.0000
task003_symmetric,false,6,24.0000,1.0000,1.0000,1000,1.0000,0.0000,0.0000,1.0000,0.0000,0.9998,0.5735,1.0000,0.0000,0.0000,0.0000,0.0000,0.0000,0.9992,28.9770,0.0000,0.0008,0.0268,0.0000,0.9724,24.0000,0.0000,0.0000,0.0000,0.0000,0.0000
task003_symmetric,false,6,24.0000,2.0000,1.0000,1000,1.0000,0.0000,0.0000,1.0000,0.0000,0.9997,0.5009,1.0000,0.0000,0.0000,0.0000,0.0000,0.0000,0.9972,57.8380,0.0000,0.0028,0.0270,0.0000,0.9702,24.0000,0.0000,0.0000,-0.0000,0.0000,0.0000
task003_symmetric,false,6,24.0000,3.0000,1.0000,1000,1.0000,0.0000,0.0000,1.0000,0.0000,0.9999,0.3355,1.0000,0.0000,0.0000,0.0000,0.0000,0.0000,0.9975,86.7840,0.0000,0.0025,0.0289,0.0000,0.9686,24.0000,0.0000,0.0000,-0.0000,0.0000,0.0000
task003_symmetric,false,6,24.0000,6.0000,1.0000,1000,1.0000,0.0000,0.0000,1.0000,0.0000,0.9999,0.3737,1.0000,0.0000,0.0000,0.0000,0.0000,0.0000,0.9971,173.4960,0.0000,0.0029,0.0409,0.0000,0.9562,24.0000,0.0000,0.0000,0.0000,0.0000,0.0000
task003_symmetric,false,6,24.0000,9.0000,1.0000,1000,1.0000,0.0000,0.0000,1.0000,0.0000,1.0000,0.4754,1.0000,0.0000,0.0000,0.0000,0.0000,0.0000,0.9962,260.0190,0.0000,0.0038,0.0498,0.0000,0.9465,24.0000,0.0000,0.0000,0.0000,0.0000,0.0000
task003_symmetric,false,12,3.0000,1.0000,1.0000,1000,1.0000,0.0000,0.0000,1.0000,0.0000,0.9999,0.6338,1.0000,0.0000,0.0000,0.0000,0.0000,0.0000,0.9988,28.9650,0.0000,0.0012,0.9461,0.0000,0.0527,3.0000,-0.0000,0.0000,0.0000,0.0000,0.0000
task003_symmetric,false,12,3.0000,2.0000,1.0000,1000,1.0000,0.0000,0.0000,1.0000,0.0000,0.9998,0.5610,1.0000,0.0000,0.0000,0.0000,0.0000,0.0000,0.9984,57.9060,0.0000,0.0016,0.9343,0.0000,0.0640,3.0000,-0.0002,0.0000,0.0000,0.0000,0.0000
task003_symmetric,false,12,3.0000,3.0000,1.0000,1000,1.0000,0.0000,0.0000,1.0000,0.0000,1.0000,0.5146,1.0000,0.0000,0.0000,0.0000,0.0000,0.0000,0.9979,86.8140,0.0000,0.0021,0.9143,0.0000,0.0835,3.0000,0.0001,0.0000,0.0000,0.0000,0.0000
task003_symmetric,false,12,3.0000,6.0000,1.0000,1000,1.0000,0.0000,0.0000,1.0000,0.0000,1.0000,0.5124,1.0000,0.0000,0.0000,0.0000,0.0000,0.0000,0.9976,173.5800,0.0000,0.0024,0.9086,0.0000,0.0890,3.0000,-0.0005,0.0000,-0.0000,0.0000,0.0000
task003_symmetric,false,12,3.0000,9.0000,1.0000,1000,1.0000,0.0000,0.0000,1.0000,0.0000,1.0000,0.5578,1.0000,0.0000,0.0000,0.0000,0.0000,0.0000,0.9973,260.2980,0.0000,0.0027,0.8993,0.0000,0.0980,3.0000,-0.0003,0.0000,0.0000,0.0000,0.0000
task003_symmetric,false,12,6.0000,1.0000,1.0000,1000,1.0000,0.0000,0.0000,1.0000,0.0000,0.9997,0.6709,1.0000,0.0000,0.0000,0.0000,0.0000,0.0000,0.9993,28.9800,0.0000,0.0007,0.6322,0.0000,0.3671,6.0000,-0.0001,0.0000,0.0000,0.0000,0.0000
task003_symmetric,false,12,6.0000,2.0000,1.0000,1000,1.0000,0.0000,0.0000,1.0000,0.0000,0.9999,0.6019,1.0000,0.0000,0.0000,0.0000,0.0000,0.0000,0.9986,57.9160,0.0000,0.0014,0.5862,0.0000,0.4123,6.0000,0.0001,0.0000,0.0000,0.0000,0.0000
task003_symmetric,false,12,6.0000,3.0000,1.0000,1000,1.0000,0.0000,0.0000,1.0000,0.0000,0.9998,0.5282,1.0000,0.0000,0.0000,0.0000,0.0000,0.0000,0.9979,86.8170,0.0000,0.0021,0.5326,0.0000,0.4653,6.0000,0.0001,0.0000,0.0000,0.0000,0.0000
task003_symmetric,false,12,6.0000,6.0000,1.0000,1000,1.0000,0.0000,0.0000,1.0000,0.0000,1.0000,0.5512,1.0000,0.0000,0.0000,0.0000,0.0000,0.0000,0.9974,173.5500,0.0000,0.0026,0.5493,0.0000,0.4481,6.0000,0.0003,0.0000,0.0000,0.0000,0.0000
task003_symmetric,false,12,6.0000,9.0000,1.0000,1000,1.0000,0.0000,0.0000,1.0000,0.0000,1.0000,0.5810,1.0000,0.0000,0.0000,0.0000,0.0000,0.0000,0.9974,260.3340,0.0000,0.0026,0.5376,0.0000,0.4598,6.0000,0.0001,0.0000,0.0000,0.0000,0.0000
task003_symmetric,false,12,12.0000,1.0000,1.0000,1000,1.0000,0.0000,0.0000,1.0000,0.0000,0.9999,0.6609,1.0000,0.0000,0.0000,0.0000,0.0000,0.0000,0.9990,28.9720,0.0000,0.0010,0.1853,0.0000,0.8137,12.0000,0.0001,0.0000,0.0000,0.0000,0.0000
task003_symmetric,false,12,12.0000,2.0000,1.0000,1000,1.0000,0.0000,0.0000,1.0000,0.0000,0.9998,0.5992,1.0000,0.0000,0.0000,0.0000,0.0000,0.0000,0.9985,57.9140,0.0000,0.0015,0.1641,0.0000,0.8344,12.0000,0.0001,0.0000,0.0000,0.0000,0.0000
task003_symmetric,false,12,12.0000,3.0000,1.0000,1000,1.0000,0.0000,0.0000,1.0000,0.0000,0.9997,0.5188,1.0000,0.0000,0.0000,0.0000,0.0000,0.0000,0.9980,86.8230,0.0000,0.0020,0.1337,0.0000,0.8643,12.0000,0.0002,0.0000,0.0000,0.0000,0.0000
task003_symmetric,false,12,12.0000,6.0000,1.0000,1000,1.0000,0.0000,0.0000,1.0000,0.0000,1.0000,0.5278,1.0000,0.0000,0.0000,0.0000,0.0000,0.0000,0.9977,173.5920,0.0000,0.0023,0.2209,0.0000,0.7768,12.0000,0.0002,0.0000,0.0000,0.0000,0.0000
task003_symmetric,false,12,12.0000,9.0000,1.0000,1000,1.0000,0.0000,0.0000,1.0000,0.0000,1.0000,0.5588,1.0000,0.0000,0.0000,0.0000,0.0000,0.0000,0.9977,260.3970,0.0000,0.0023,0.2069,0.0000,0.7908,12.0000,0.0001,0.0000,0.0000,0.0000,0.0000
task003_symmetric,false,12,24.0000,1.0000,1.0000,1000,1.0000,0.0000,0.0000,1.0000,0.0000,0.9999,0.5760,1.0000,0.0000,0.0000,0.0000,0.0000,0.0000,0.9995,28.9860,0.0000,0.0005,0.0126,0.0000,0.9869,24.0000,0.0000,0.0000,0.0000,0.0000,0.0000
task003_symmetric,false,12,24.0000,2.0000,1.0000,1000,1.0000,0.0000,0.0000,1.0000,0.0000,0.9991,0.5288,1.0000,0.0000,0.0000,0.0000,0.0000,0.0000,0.9991,57.9500,0.0000,0.0009,0.0125,0.0000,0.9867,24.0000,0.0000,0.0000,0.0000,0.0000,0.0000
task003_symmetric,false,12,24.0000,3.0000,1.0000,1000,1.0000,0.0000,0.0000,1.0000,0.0000,0.9998,0.4277,1.0000,0.0000,0.0000,0.0000,0.0000,0.0000,0.9990,86.9130,0.0000,0.0010,0.0089,0.0000,0.9901,24.0000,0.0000,0.0000,0.0000,0.0000,0.0000
task003_symmetric,false,12,24.0000,6.0000,1.0000,1000,1.0000,0.0000,0.0000,1.0000,0.0000,1.0000,0.4213,1.0000,0.0000,0.0000,0.0000,0.0000,0.0000,0.9989,173.8020,0.0000,0.0011,0.0297,0.0000,0.9691,24.0000,0.0000,0.0000,0.0000,0.0000,0.0000
task003_symmetric,false,12,24.0000,9.0000,1.0000,1000,1.0000,0.0000,0.0000,1.0000,0.0000,0.9999,0.5090,1.0000,0.0000,0.0000,0.0000,0.0000,0.0000,0.9989,260.7030,0.0000,0.0011,0.0369,0.0000,0.9619,24.0000,0.0000,0.0000,-0.0000,0.0000,0.0000
task003_symmetric,silent,3,,,0.7500,1000,0.6432,0.1114,0.2453,0.6425,0.2456,0.0139,0.0139,0.8120,0.0460,0.0000,0.0000,0.0000,0.0000,,,,,,,,,,,0.0000,0.0000,0.0000
task003_symmetric,silent,6,,,0.7500,1000,0.8450,0.0382,0.1168,0.8421,0.1192,0.2791,0.2791,0.9880,0.0030,0.0000,0.0000,0.0000,0.0000,,,,,,,,,,,0.0000,0.0000,0.0000
task003_symmetric,silent,12,,,0.7500,1000,0.9417,0.0146,0.0437,0.9404,0.0440,0.7117,0.7117,0.9990,0.0000,0.0000,0.0000,0.0000,0.0000,,,,,,,,,,,0.0000,0.0000,0.0000
task003_symmetric,silent,3,,,1.0000,1000,0.9999,0.0001,0.0000,0.9999,0.0001,0.9987,0.9987,1.0000,0.0000,0.0000,0.0000,0.0000,0.0000,,,,,,,,,,,0.0000,0.0000,0.0000
task003_symmetric,silent,6,,,1.0000,1000,1.0000,0.0000,0.0000,1.0000,0.0000,0.9998,0.9998,1.0000,0.0000,0.0000,0.0000,0.0000,0.0000,,,,,,,,,,,0.0000,0.0000,0.0000
task003_symmetric,silent,12,,,1.0000,1000,1.0000,0.0000,0.0000,1.0000,0.0000,0.9999,0.9999,1.0000,0.0000,0.0000,0.0000,0.0000,0.0000,,,,,,,,,,,0.0000,0.0000,0.0000
task003_symmetric,truth,3,3.0000,1.0000,0.7500,1000,0.8420,0.0578,0.1002,0.8403,0.1005,0.0965,0.0002,1.0000,0.0000,0.0000,0.0000,0.0000,0.0000,0.4777,13.8530,0.0000,0.5223,0.4777,0.0000,0.0000,3.0000,-0.0010,0.0000,0.1988,-0.0536,-0.1452
task003_symmetric,truth,3,3.0000,2.0000,0.7500,1000,0.8641,0.0617,0.0742,0.8641,0.0709,0.1012,0.0000,1.0000,0.0000,0.0000,0.0000,0.0000,0.0000,0.4233,24.5500,0.0000,0.5767,0.4233,0.0000,0.0000,3.0000,-0.0013,0.0000,0.2208,-0.0497,-0.1711
task003_symmetric,truth,3,3.0000,3.0000,0.7500,1000,0.8648,0.0700,0.0653,0.8637,0.0667,0.1006,0.0000,1.0000,0.0000,0.0000,0.0000,0.0000,0.0000,0.4085,35.5380,0.0000,0.5915,0.4085,0.0000,0.0000,3.0000,0.0004,0.0000,0.2215,-0.0415,-0.1800
task003_symmetric,truth,3,3.0000,6.0000,0.7500,1000,0.8594,0.0731,0.0675,0.8585,0.0672,0.0690,0.0000,1.0000,0.0000,0.0000,0.0000,0.0000,0.0000,0.4274,74.3640,0.0000,0.5726,0.4274,0.0000,0.0000,3.0000,-0.0021,0.0000,0.2161,-0.0383,-0.1778
task003_symmetric,truth,3,3.0000,9.0000,0.7500,1000,0.8502,0.0810,0.0688,0.8502,0.0674,0.0572,0.0000,0.9990,0.0000,0.0000,0.0000,0.0000,0.0000,0.4389,114.5520,0.0000,0.5611,0.4389,0.0000,0.0000,3.0000,-0.0013,0.0000,0.2070,-0.0304,-0.1765
task003_symmetric,truth,3,6.0000,1.0000,0.7500,1000,0.8365,0.0653,0.0982,0.8357,0.0975,0.0980,0.0002,0.9970,0.0000,0.0000,0.0000,0.0000,0.0000,0.3514,10.1900,0.0122,0.6364,0.3514,0.0000,0.0000,6.0000,0.0014,0.0000,0.1933,-0.0461,-0.1471
task003_symmetric,truth,3,6.0000,2.0000,0.7500,1000,0.8445,0.0728,0.0827,0.8462,0.0811,0.1019,0.0001,0.9990,0.0000,0.0000,0.0000,0.0000,0.0000,0.3104,18.0060,0.0080,0.6816,0.3104,0.0000,0.0000,6.0000,0.0006,0.0000,0.2012,-0.0386,-0.1626
task003_symmetric,truth,3,6.0000,3.0000,0.7500,1000,0.8481,0.0713,0.0806,0.8457,0.0806,0.0937,0.0000,0.9990,0.0000,0.0000,0.0000,0.0000,0.0000,0.3044,26.4840,0.0060,0.6896,0.3044,0.0000,0.0000,6.0000,0.0004,0.0000,0.2048,-0.0401,-0.1647
task003_symmetric,truth,3,6.0000,6.0000,0.7500,1000,0.8437,0.0765,0.0799,0.8431,0.0811,0.0710,0.0000,0.9990,0.0000,0.0000,0.0000,0.0000,0.0000,0.3144,54.7020,0.0044,0.6812,0.3144,0.0000,0.0000,6.0000,0.0004,0.0000,0.2004,-0.0350,-0.1655
task003_symmetric,truth,3,6.0000,9.0000,0.7500,1000,0.8426,0.0804,0.0770,0.8421,0.0759,0.0619,0.0000,1.0000,0.0000,0.0000,0.0000,0.0000,0.0000,0.3206,83.6820,0.0028,0.6766,0.3206,0.0000,0.0000,6.0000,-0.0005,0.0000,0.1993,-0.0310,-0.1683
task003_symmetric,truth,3,12.0000,1.0000,0.7500,1000,0.8165,0.0756,0.1079,0.8139,0.1102,0.0960,0.0003,0.9960,0.0000,0.0000,0.0000,0.0000,0.0000,0.2360,6.8430,0.2962,0.4679,0.2360,0.0000,0.0000,12.0000,-0.0000,0.0000,0.1733,-0.0358,-0.1375
task003_symmetric,truth,3,12.0000,2.0000,0.7500,1000,0.8266,0.0707,0.1027,0.8220,0.1042,0.0973,0.0001,0.9990,0.0000,0.0000,0.0000,0.0000,0.0000,0.2063,11.9640,0.3142,0.4795,0.2063,0.0000,0.0000,12.0000,-0.0005,0.0000,0.1833,-0.0407,-0.1426
task003_symmetric,truth,3,12.0000,3.0000,0.7500,1000,0.8200,0.0740,0.1060,0.8181,0.1077,0.0872,0.0001,1.0000,0.0000,0.0000,0.0000,0.0000,0.0000,0.2040,17.7450,0.3069,0.4891,0.2040,0.0000,0.0000,12.0000,-0.0003,0.0000,0.1768,-0.0375,-0.1393
task003_symmetric,truth,3,12.0000,6.0000,0.7500,1000,0.8267,0.0755,0.0978,0.8271,0.0972,0.0747,0.0001,0.9990,0.0000,0.0000,0.0000,0.0000,0.0000,0.2109,36.7020,0.2637,0.5254,0.2109,0.0000,0.0000,12.0000,-0.0004,0.0000,0.1835,-0.0359,-0.1476
task003_symmetric,truth,3,12.0000,9.0000,0.7500,1000,0.8251,0.0858,0.0892,0.8250,0.0920,0.0642,0.0000,0.9990,0.0000,0.0000,0.0000,0.0000,0.0000,0.2078,54.2430,0.2454,0.5468,0.2078,0.0000,0.0000,12.0000,-0.0002,0.0000,0.1818,-0.0257,-0.1562
task003_symmetric,truth,3,24.0000,1.0000,0.7500,1000,0.7820,0.0760,0.1421,0.7807,0.1412,0.0831,0.0035,0.9910,0.0000,0.0000,0.0000,0.0000,0.0000,0.1248,3.6190,0.7827,0.0925,0.1248,0.0000,0.0000,23.9972,0.0000,0.0000,0.1387,-0.0355,-0.1033
task003_symmetric,truth,3,24.0000,2.0000,0.7500,1000,0.7850,0.0776,0.1374,0.7845,0.1387,0.0934,0.0023,0.9910,0.0010,0.0000,0.0000,0.0000,0.0000,0.1017,5.8960,0.8206,0.0778,0.1017,0.0000,0.0000,23.9978,0.0000,0.0000,0.1418,-0.0338,-0.1080
task003_symmetric,truth,3,24.0000,3.0000,0.7500,1000,0.7856,0.0772,0.1372,0.7839,0.1388,0.0882,0.0022,0.9910,0.0000,0.0000,0.0000,0.0000,0.0000,0.0996,8.6670,0.8127,0.0877,0.0996,0.0000,0.0000,23.9976,0.0000,0.0000,0.1423,-0.0342,-0.1082
task003_symmetric,truth,3,24.0000,6.0000,0.7500,1000,0.8012,0.0740,0.1249,0.7991,0.1270,0.0650,0.0016,0.9930,0.0000,0.0000,0.0000,0.0000,0.0000,0.1147,19.9560,0.7451,0.1402,0.1147,0.0000,0.0000,23.9979,0.0000,0.0000,0.1579,-0.0375,-0.1205
task003_symmetric,truth,3,24.0000,9.0000,0.7500,1000,0.8040,0.0818,0.1142,0.8026,0.1165,0.0670,0.0015,0.9960,0.0000,0.0000,0.0000,0.0000,0.0000,0.1077,28.1160,0.7698,0.1225,0.1077,0.0000,0.0000,23.9979,0.0000,0.0000,0.1608,-0.0296,-0.1312
task003_symmetric,truth,6,3.0000,1.0000,0.7500,1000,0.9370,0.0173,0.0457,0.9389,0.0433,0.5560,0.0016,1.0000,0.0000,0.0000,0.0000,0.0000,0.0000,0.2314,6.7110,0.0000,0.7686,0.2314,0.0000,0.0000,3.0000,-0.0008,0.0000,0.0920,-0.0209,-0.0711
task003_symmetric,truth,6,3.0000,2.0000,0.7500,1000,0.9552,0.0172,0.0276,0.9559,0.0271,0.5628,0.0014,1.0000,0.0000,0.0000,0.0000,0.0000,0.0000,0.1853,10.7480,0.0000,0.8147,0.1853,0.0000,0.0000,3.0000,-0.0014,0.0000,0.1102,-0.0210,-0.0893
task003_symmetric,truth,6,3.0000,3.0000,0.7500,1000,0.9618,0.0160,0.0222,0.9602,0.0224,0.5633,0.0007,1.0000,0.0000,0.0000,0.0000,0.0000,0.0000,0.1648,14.3340,0.0000,0.8352,0.1648,0.0000,0.0000,3.0000,-0.0000,0.0000,0.1168,-0.0222,-0.0947
task003_symmetric,truth,6,3.0000,6.0000,0.7500,1000,0.9606,0.0177,0.0217,0.9594,0.0226,0.5496,0.0004,1.0000,0.0000,0.0000,0.0000,0.0000,0.0000,0.1643,28.5960,0.0000,0.8357,0.1643,0.0000,0.0000,3.0000,0.0001,0.0000,0.1156,-0.0205,-0.0951
task003_symmetric,truth,6,3.0000,9.0000,0.7500,1000,0.9603,0.0189,0.0208,0.9590,0.0218,0.5387,0.0006,1.0000,0.0000,0.0000,0.0000,0.0000,0.0000,0.1693,44.1810,0.0000,0.8307,0.1693,0.0000,0.0000,3.0000,-0.0009,0.0000,0.1153,-0.0192,-0.0960
task003_symmetric,truth,6,6.0000,1.0000,0.7500,1000,0.9357,0.0197,0.0446,0.9359,0.0445,0.5415,0.0176,1.0000,0.0000,0.0000,0.0000,0.0000,0.0000,0.1207,3.5000,0.0422,0.8371,0.1207,0.0000,0.0000,6.0000,0.0010,0.0000,0.0907,-0.0185,-0.0722
task003_symmetric,truth,6,6.0000,2.0000,0.7500,1000,0.9438,0.0197,0.0365,0.9437,0.0363,0.5427,0.0084,1.0000,0.0000,0.0000,0.0000,0.0000,0.0000,0.0952,5.5220,0.0326,0.8722,0.0952,0.0000,0.0000,6.0000,0.0007,0.0000,0.0988,-0.0185,-0.0804
task003_symmetric,truth,6,6.0000,3.0000,0.7500,1000,0.9465,0.0195,0.0340,0.9460,0.0342,0.5497,0.0051,1.0000,0.0000,0.0000,0.0000,0.0000,0.0000,0.0855,7.4370,0.0291,0.8854,0.0855,0.0000,0.0000,6.0000,0.0002,0.0000,0.1015,-0.0186,-0.0828
task003_symmetric,truth,6,6.0000,6.0000,0.7500,1000,0.9463,0.0205,0.0332,0.9451,0.0340,0.5378,0.0035,1.0000,0.0000,0.0000,0.0000,0.0000,0.0000,0.0854,14.8560,0.0240,0.8906,0.0854,0.0000,0.0000,6.0000,0.0009,0.0000,0.1013,-0.0177,-0.0837
task003_symmetric,truth,6,6.0000,9.0000,0.7500,1000,0.9486,0.0215,0.0299,0.9477,0.0310,0.5322,0.0025,1.0000,0.0000,0.0000,0.0000,0.0000,0.0000,0.0828,21.6090,0.0180,0.8992,0.0828,0.0000,0.0000,6.0000,0.0003,0.0000,0.1036,-0.0167,-0.0869
task003_symmetric,truth,6,12.0000,1.0000,0.7500,1000,0.9174,0.0253,0.0573,0.9151,0.0592,0.4780,0.0631,1.0000,0.0000,0.0000,0.0000,0.0000,0.0000,0.0642,1.8610,0.4613,0.4745,0.0642,0.0000,0.0000,12.0000,-0.0007,0.0000,0.0724,-0.0129,-0.0595
task003_symmetric,truth,6,12.0000,2.0000,0.7500,1000,0.9200,0.0248,0.0552,0.9224,0.0542,0.5144,0.0356,1.0000,0.0000,0.0000,0.0000,0.0000,0.0000,0.0498,2.8880,0.5227,0.4275,0.0498,0.0000,0.0000,12.0000,0.0000,0.0000,0.0750,-0.0134,-0.0616
task003_symmetric,truth,6,12.0000,3.0000,0.7500,1000,0.9258,0.0234,0.0508,0.9258,0.0509,0.5299,0.0240,1.0000,0.0000,0.0000,0.0000,0.0000,0.0000,0.0474,4.1280,0.5378,0.4148,0.0474,0.0000,0.0000,12.0000,-0.0002,0.0000,0.0808,-0.0148,-0.0660
task003_symmetric,truth,6,12.0000,6.0000,0.7500,1000,0.9280,0.0249,0.0471,0.9286,0.0478,0.5267,0.0250,1.0000,0.0000,0.0000,0.0000,0.0000,0.0000,0.0480,8.3460,0.5142,0.4378,0.0480,0.0000,0.0000,12.0000,-0.0004,0.0000,0.0830,-0.0132,-0.0698
task003_symmetric,truth,6,12.0000,9.0000,0.7500,1000,0.9370,0.0231,0.0398,0.9347,0.0421,0.5132,0.0220,1.0000,0.0000,0.0000,0.0000,0.0000,0.0000,0.0447,11.6640,0.4900,0.4653,0.0447,0.0000,0.0000,12.0000,0.0001,0.0000,0.0920,-0.0150,-0.0770
task003_symmetric,truth,6,24.0000,1.0000,0.7500,1000,0.8834,0.0327,0.0839,0.8806,0.0865,0.3777,0.2120,0.9980,0.0000,0.0000,0.0000,0.0000,0.0000,0.0199,0.5770,0.9409,0.0392,0.0199,0.0000,0.0000,23.9990,0.0000,0.0000,0.0384,-0.0055,-0.0329
task003_symmetric,truth,6,24.0000,2.0000,0.7500,1000,0.8879,0.0300,0.0822,0.8866,0.0828,0.4118,0.1933,0.9990,0.0000,0.0000,0.0000,0.0000,0.0000,0.0176,1.0180,0.9549,0.0276,0.0176,0.0000,0.0000,23.9991,0.0000,0.0000,0.0429,-0.0082,-0.0347
task003_symmetric,truth,6,24.0000,3.0000,0.7500,1000,0.8905,0.0290,0.0804,0.8878,0.0823,0.4134,0.1913,0.9990,0.0000,0.0000,0.0000,0.0000,0.0000,0.0175,1.5210,0.9576,0.0249,0.0175,0.0000,0.0000,23.9990,0.0000,0.0000,0.0455,-0.0091,-0.0364
task003_symmetric,truth,6,24.0000,6.0000,0.7500,1000,0.8910,0.0306,0.0784,0.8899,0.0796,0.4089,0.1918,0.9990,0.0000,0.0000,0.0000,0.0000,0.0000,0.0172,3.0000,0.9552,0.0275,0.0172,0.0000,0.0000,23.9992,0.0000,0.0000,0.0460,-0.0075,-0.0384
task003_symmetric,truth,6,24.0000,9.0000,0.7500,1000,0.8954,0.0319,0.0727,0.8940,0.0752,0.4070,0.1909,0.9990,0.0000,0.0000,0.0000,0.0000,0.0000,0.0173,4.5090,0.9568,0.0259,0.0173,0.0000,0.0000,23.9992,0.0000,0.0000,0.0504,-0.0063,-0.0441
task003_symmetric,truth,12,3.0000,1.0000,0.7500,1000,0.9675,0.0098,0.0227,0.9684,0.0219,0.8045,0.0362,1.0000,0.0000,0.0000,0.0000,0.0000,0.0000,0.1237,3.5870,0.0000,0.8763,0.1237,0.0000,0.0000,3.0000,0.0005,0.0000,0.0257,-0.0047,-0.0210
task003_symmetric,truth,12,3.0000,2.0000,0.7500,1000,0.9747,0.0091,0.0162,0.9750,0.0161,0.8073,0.0175,1.0000,0.0000,0.0000,0.0000,0.0000,0.0000,0.1051,6.0940,0.0000,0.8949,0.1051,0.0000,0.0000,3.0000,0.0000,0.0000,0.0329,-0.0055,-0.0275
task003_symmetric,truth,12,3.0000,3.0000,0.7500,1000,0.9803,0.0080,0.0117,0.9791,0.0120,0.8032,0.0151,1.0000,0.0000,0.0000,0.0000,0.0000,0.0000,0.0937,8.1480,0.0000,0.9063,0.0937,0.0000,0.0000,3.0000,-0.0003,0.0000,0.0385,-0.0066,-0.0320
task003_symmetric,truth,12,3.0000,6.0000,0.7500,1000,0.9810,0.0081,0.0109,0.9814,0.0108,0.8111,0.0191,1.0000,0.0000,0.0000,0.0000,0.0000,0.0000,0.0824,14.3340,0.0000,0.9176,0.0824,0.0000,0.0000,3.0000,-0.0004,0.0000,0.0393,-0.0065,-0.0328
task003_symmetric,truth,12,3.0000,9.0000,0.7500,1000,0.9834,0.0077,0.0089,0.9823,0.0099,0.8096,0.0140,1.0000,0.0000,0.0000,0.0000,0.0000,0.0000,0.0777,20.2680,0.0000,0.9223,0.0777,0.0000,0.0000,3.0000,0.0005,0.0000,0.0417,-0.0069,-0.0348
task003_symmetric,truth,12,6.0000,1.0000,0.7500,1000,0.9608,0.0133,0.0259,0.9605,0.0270,0.7729,0.2598,1.0000,0.0000,0.0000,0.0000,0.0000,0.0000,0.0493,1.4290,0.0429,0.9078,0.0493,0.0000,0.0000,6.0000,0.0003,0.0000,0.0190,-0.0012,-0.0178
task003_symmetric,truth,12,6.0000,2.0000,0.7500,1000,0.9646,0.0127,0.0227,0.9644,0.0234,0.7803,0.1787,1.0000,0.0000,0.0000,0.0000,0.0000,0.0000,0.0426,2.4680,0.0411,0.9163,0.0426,0.0000,0.0000,6.0000,0.0004,0.0000,0.0229,-0.0019,-0.0210
task003_symmetric,truth,12,6.0000,3.0000,0.7500,1000,0.9683,0.0111,0.0205,0.9676,0.0213,0.7884,0.1363,1.0000,0.0000,0.0000,0.0000,0.0000,0.0000,0.0390,3.3930,0.0343,0.9267,0.0390,0.0000,0.0000,6.0000,0.0002,0.0000,0.0266,-0.0035,-0.0231
task003_symmetric,truth,12,6.0000,6.0000,0.7500,1000,0.9711,0.0108,0.0181,0.9698,0.0195,0.7977,0.1314,1.0000,0.0000,0.0000,0.0000,0.0000,0.0000,0.0379,6.6000,0.0283,0.9338,0.0379,0.0000,0.0000,6.0000,0.0004,0.0000,0.0294,-0.0038,-0.0256
task003_symmetric,truth,12,6.0000,9.0000,0.7500,1000,0.9701,0.0110,0.0189,0.9708,0.0185,0.7860,0.1237,1.0000,0.0000,0.0000,0.0000,0.0000,0.0000,0.0353,9.2160,0.0226,0.9421,0.0353,0.0000,0.0000,6.0000,0.0005,0.0000,0.0283,-0.0036,-0.0248
task003_symmetric,truth,12,12.0000,1.0000,0.7500,1000,0.9526,0.0133,0.0341,0.9520,0.0338,0.7476,0.4958,1.0000,0.0000,0.0000,0.0000,0.0000,0.0000,0.0203,0.5900,0.4633,0.5163,0.0203,0.0000,0.0000,12.0000,-0.0000,0.0000,0.0108,-0.0012,-0.0096
task003_symmetric,truth,12,12.0000,2.0000,0.7500,1000,0.9569,0.0123,0.0307,0.9546,0.0319,0.7616,0.3945,1.0000,0.0000,0.0000,0.0000,0.0000,0.0000,0.0188,1.0920,0.4835,0.4977,0.0188,0.0000,0.0000,12.0000,-0.0000,0.0000,0.0152,-0.0023,-0.0129
task003_symmetric,truth,12,12.0000,3.0000,0.7500,1000,0.9591,0.0124,0.0285,0.9567,0.0298,0.7678,0.3671,1.0000,0.0000,0.0000,0.0000,0.0000,0.0000,0.0183,1.5930,0.4947,0.4870,0.0183,0.0000,0.0000,12.0000,-0.0001,0.0000,0.0174,-0.0022,-0.0152
task003_symmetric,truth,12,12.0000,6.0000,0.7500,1000,0.9584,0.0123,0.0293,0.9571,0.0293,0.7678,0.3592,1.0000,0.0000,0.0000,0.0000,0.0000,0.0000,0.0183,3.1920,0.4811,0.5005,0.0183,0.0000,0.0000,12.0000,-0.0003,0.0000,0.0166,-0.0023,-0.0143
task003_symmetric,truth,12,12.0000,9.0000,0.7500,1000,0.9612,0.0123,0.0265,0.9600,0.0271,0.7632,0.3614,1.0000,0.0000,0.0000,0.0000,0.0000,0.0000,0.0180,4.6890,0.4492,0.5328,0.0180,0.0000,0.0000,12.0000,0.0000,0.0000,0.0195,-0.0023,-0.0172
task003_symmetric,truth,12,24.0000,1.0000,0.7500,1000,0.9464,0.0151,0.0385,0.9450,0.0395,0.7281,0.6526,1.0000,0.0000,0.0000,0.0000,0.0000,0.0000,0.0047,0.1360,0.9893,0.0060,0.0047,0.0000,0.0000,23.9994,0.0000,0.0000,0.0046,0.0005,-0.0051
task003_symmetric,truth,12,24.0000,2.0000,0.7500,1000,0.9469,0.0152,0.0379,0.9459,0.0389,0.7332,0.6333,1.0000,0.0000,0.0000,0.0000,0.0000,0.0000,0.0047,0.2720,0.9902,0.0051,0.0047,0.0000,0.0000,23.9994,0.0000,0.0000,0.0052,0.0006,-0.0058
task003_symmetric,truth,12,24.0000,3.0000,0.7500,1000,0.9476,0.0146,0.0378,0.9461,0.0388,0.7353,0.6308,1.0000,0.0000,0.0000,0.0000,0.0000,0.0000,0.0046,0.3960,0.9906,0.0049,0.0046,0.0000,0.0000,23.9994,0.0000,0.0000,0.0059,0.0000,-0.0059
task003_symmetric,truth,12,24.0000,6.0000,0.7500,1000,0.9478,0.0147,0.0375,0.9468,0.0381,0.7340,0.6314,1.0000,0.0000,0.0000,0.0000,0.0000,0.0000,0.0046,0.7920,0.9904,0.0051,0.0046,0.0000,0.0000,23.9994,0.0000,0.0000,0.0061,0.0001,-0.0062
task003_symmetric,truth,12,24.0000,9.0000,0.7500,1000,0.9489,0.0147,0.0364,0.9474,0.0376,0.7335,0.6316,1.0000,0.0000,0.0000,0.0000,0.0000,0.0000,0.0045,1.1700,0.9904,0.0051,0.0045,0.0000,0.0000,23.9994,0.0000,0.0000,0.0071,0.0002,-0.0073
task003_symmetric,truth,3,3.0000,1.0000,1.0000,1000,0.9999,0.0000,0.0001,0.9999,0.0000,0.9992,0.4125,1.0000,0.0000,0.0000,0.0000,0.0000,0.0000,0.1091,3.1640,0.0000,0.8909,0.1091,0.0000,0.0000,3.0000,0.0003,0.0000,0.0000,-0.0001,0.0001
task003_symmetric,truth,3,3.0000,2.0000,1.0000,1000,1.0000,0.0000,0.0000,1.0000,0.0000,0.9992,0.5050,1.0000,0.0000,0.0000,0.0000,0.0000,0.0000,0.0983,5.7000,0.0000,0.9017,0.0983,0.0000,0.0000,3.0000,-0.0007,0.0000,0.0001,-0.0001,0.0000
task003_symmetric,truth,3,3.0000,3.0000,1.0000,1000,1.0000,0.0000,0.0000,1.0000,0.0000,0.9993,0.6085,1.0000,0.0000,0.0000,0.0000,0.0000,0.0000,0.0923,8.0310,0.0000,0.9077,0.0923,0.0000,0.0000,3.0000,0.0002,0.0000,0.0001,-0.0001,0.0000
task003_symmetric,truth,3,3.0000,6.0000,1.0000,1000,1.0000,0.0000,0.0000,1.0000,0.0000,0.9999,0.7210,1.0000,0.0000,0.0000,0.0000,0.0000,0.0000,0.0982,17.0820,0.0000,0.9018,0.0982,0.0000,0.0000,3.0000,0.0003,0.0000,0.0001,-0.0001,0.0000
task003_symmetric,truth,3,3.0000,9.0000,1.0000,1000,1.0000,0.0000,0.0000,1.0000,0.0000,0.9999,0.6873,1.0000,0.0000,0.0000,0.0000,0.0000,0.0000,0.1034,26.9820,0.0000,0.8966,0.1034,0.0000,0.0000,3.0000,-0.0007,0.0000,0.0001,-0.0001,0.0000
task003_symmetric,truth,3,6.0000,1.0000,1.0000,1000,1.0000,0.0000,0.0000,1.0000,0.0000,0.9990,0.5129,1.0000,0.0000,0.0000,0.0000,0.0000,0.0000,0.0869,2.5210,0.0380,0.8751,0.0869,0.0000,0.0000,6.0000,0.0002,0.0000,0.0001,-0.0001,0.0000
task003_symmetric,truth,3,6.0000,2.0000,1.0000,1000,1.0000,0.0000,0.0000,1.0000,0.0000,0.9994,0.5714,1.0000,0.0000,0.0000,0.0000,0.0000,0.0000,0.0772,4.4760,0.0246,0.8983,0.0772,0.0000,0.0000,6.0000,-0.0001,0.0000,0.0001,-0.0001,0.0000
task003_symmetric,truth,3,6.0000,3.0000,1.0000,1000,1.0000,0.0000,0.0000,1.0000,0.0000,0.9995,0.6264,1.0000,0.0000,0.0000,0.0000,0.0000,0.0000,0.0743,6.4680,0.0175,0.9082,0.0743,0.0000,0.0000,6.0000,0.0002,0.0000,0.0001,-0.0001,0.0000
task003_symmetric,truth,3,6.0000,6.0000,1.0000,1000,1.0000,0.0000,0.0000,1.0000,0.0000,0.9997,0.6668,1.0000,0.0000,0.0000,0.0000,0.0000,0.0000,0.0781,13.5900,0.0131,0.9088,0.0781,0.0000,0.0000,6.0000,0.0002,0.0000,0.0001,-0.0001,0.0000
task003_symmetric,truth,3,6.0000,9.0000,1.0000,1000,1.0000,0.0000,0.0000,1.0000,0.0000,0.9997,0.6502,1.0000,0.0000,0.0000,0.0000,0.0000,0.0000,0.0774,20.2050,0.0094,0.9132,0.0774,0.0000,0.0000,6.0000,0.0001,0.0000,0.0001,-0.0001,0.0000
task003_symmetric,truth,3,12.0000,1.0000,1.0000,1000,0.9998,0.0001,0.0001,0.9999,0.0000,0.9988,0.5915,1.0000,0.0000,0.0000,0.0000,0.0000,0.0000,0.0664,1.9260,0.3250,0.6086,0.0664,0.0000,0.0000,12.0000,0.0000,0.0000,-0.0000,-0.0000,0.0001
task003_symmetric,truth,3,12.0000,2.0000,1.0000,1000,1.0000,0.0000,0.0000,1.0000,0.0000,0.9995,0.5585,1.0000,0.0000,0.0000,0.0000,0.0000,0.0000,0.0604,3.5040,0.3461,0.5935,0.0604,0.0000,0.0000,12.0000,-0.0002,0.0000,0.0001,-0.0001,0.0000
task003_symmetric,truth,3,12.0000,3.0000,1.0000,1000,0.9999,0.0001,0.0000,1.0000,0.0000,0.9992,0.5725,1.0000,0.0000,0.0000,0.0000,0.0000,0.0000,0.0599,5.2110,0.3442,0.5959,0.0599,0.0000,0.0000,12.0000,0.0002,0.0000,0.0000,-0.0000,0.0000
task003_symmetric,truth,3,12.0000,6.0000,1.0000,1000,1.0000,0.0000,0.0000,1.0000,0.0000,0.9990,0.5917,1.0000,0.0000,0.0000,0.0000,0.0000,0.0000,0.0624,10.8540,0.3018,0.6359,0.0624,0.0000,0.0000,12.0000,-0.0001,0.0000,0.0001,-0.0001,0.0000
task003_symmetric,truth,3,12.0000,9.0000,1.0000,1000,1.0000,0.0000,0.0000,1.0000,0.0000,0.9994,0.6404,1.0000,0.0000,0.0000,0.0000,0.0000,0.0000,0.0623,16.2540,0.2597,0.6781,0.0623,0.0000,0.0000,12.0000,-0.0004,0.0000,0.0001,-0.0001,0.0000
task003_symmetric,truth,3,24.0000,1.0000,1.0000,1000,0.9998,0.0001,0.0001,0.9999,0.0000,0.9987,0.7248,1.0000,0.0000,0.0000,0.0000,0.0000,0.0000,0.0314,0.9100,0.7815,0.1871,0.0314,0.0000,0.0000,24.0000,0.0000,0.0000,-0.0000,-0.0000,0.0001
task003_symmetric,truth,3,24.0000,2.0000,1.0000,1000,0.9999,0.0001,0.0000,1.0000,0.0000,0.9992,0.7097,1.0000,0.0000,0.0000,0.0000,0.0000,0.0000,0.0284,1.6460,0.8082,0.1634,0.0284,0.0000,0.0000,24.0000,0.0000,0.0000,0.0000,-0.0000,0.0000
task003_symmetric,truth,3,24.0000,3.0000,1.0000,1000,0.9999,0.0001,0.0000,1.0000,0.0000,0.9991,0.7176,1.0000,0.0000,0.0000,0.0000,0.0000,0.0000,0.0289,2.5140,0.8099,0.1612,0.0289,0.0000,0.0000,24.0000,0.0000,0.0000,0.0000,0.0000,0.0000
task003_symmetric,truth,3,24.0000,6.0000,1.0000,1000,0.9998,0.0001,0.0000,0.9999,0.0000,0.9983,0.7188,1.0000,0.0000,0.0000,0.0000,0.0000,0.0000,0.0299,5.2020,0.7636,0.2065,0.0299,0.0000,0.0000,24.0000,0.0000,0.0000,-0.0000,0.0000,0.0000
task003_symmetric,truth,3,24.0000,9.0000,1.0000,1000,0.9999,0.0001,0.0000,1.0000,0.0000,0.9992,0.7915,1.0000,0.0000,0.0000,0.0000,0.0000,0.0000,0.0296,7.7130,0.7904,0.1800,0.0296,0.0000,0.0000,24.0000,0.0000,0.0000,0.0000,0.0000,0.0000
task003_symmetric,truth,6,3.0000,1.0000,1.0000,1000,1.0000,0.0000,0.0000,1.0000,0.0000,0.9998,0.5354,1.0000,0.0000,0.0000,0.0000,0.0000,0.0000,0.0548,1.5900,0.0000,0.9452,0.0548,0.0000,0.0000,3.0000,-0.0004,0.0000,0.0000,0.0000,0.0000
task003_symmetric,truth,6,3.0000,2.0000,1.0000,1000,1.0000,0.0000,0.0000,1.0000,0.0000,0.9997,0.5987,1.0000,0.0000,0.0000,0.0000,0.0000,0.0000,0.0497,2.8800,0.0000,0.9503,0.0497,0.0000,0.0000,3.0000,-0.0004,0.0000,0.0000,0.0000,0.0000
task003_symmetric,truth,6,3.0000,3.0000,1.0000,1000,1.0000,0.0000,0.0000,1.0000,0.0000,0.9999,0.7008,1.0000,0.0000,0.0000,0.0000,0.0000,0.0000,0.0468,4.0740,0.0000,0.9532,0.0468,0.0000,0.0000,3.0000,-0.0004,0.0000,0.0000,0.0000,0.0000
task003_symmetric,truth,6,3.0000,6.0000,1.0000,1000,1.0000,0.0000,0.0000,1.0000,0.0000,1.0000,0.9127,1.0000,0.0000,0.0000,0.0000,0.0000,0.0000,0.0480,8.3580,0.0000,0.9520,0.0480,0.0000,0.0000,3.0000,-0.0003,0.0000,0.0000,0.0000,0.0000
task003_symmetric,truth,6,3.0000,9.0000,1.0000,1000,1.0000,0.0000,0.0000,1.0000,0.0000,1.0000,0.9042,1.0000,0.0000,0.0000,0.0000,0.0000,0.0000,0.0506,13.1940,0.0000,0.9494,0.0506,0.0000,0.0000,3.0000,-0.0002,0.0000,0.0000,0.0000,0.0000
task003_symmetric,truth,6,6.0000,1.0000,1.0000,1000,1.0000,0.0000,0.0000,1.0000,0.0000,0.9999,0.6226,1.0000,0.0000,0.0000,0.0000,0.0000,0.0000,0.0427,1.2380,0.0435,0.9138,0.0427,0.0000,0.0000,6.0000,0.0001,0.0000,0.0000,0.0000,0.0000
task003_symmetric,truth,6,6.0000,2.0000,1.0000,1000,1.0000,0.0000,0.0000,1.0000,0.0000,0.9999,0.6422,1.0000,0.0000,0.0000,0.0000,0.0000,0.0000,0.0378,2.1920,0.0287,0.9335,0.0378,0.0000,0.0000,6.0000,0.0000,0.0000,0.0000,0.0000,0.0000
task003_symmetric,truth,6,6.0000,3.0000,1.0000,1000,1.0000,0.0000,0.0000,1.0000,0.0000,0.9999,0.6979,1.0000,0.0000,0.0000,0.0000,0.0000,0.0000,0.0363,3.1620,0.0209,0.9427,0.0363,0.0000,0.0000,6.0000,-0.0000,0.0000,0.0000,0.0000,0.0000
task003_symmetric,truth,6,6.0000,6.0000,1.0000,1000,1.0000,0.0000,0.0000,1.0000,0.0000,0.9999,0.8258,1.0000,0.0000,0.0000,0.0000,0.0000,0.0000,0.0377,6.5520,0.0149,0.9474,0.0377,0.0000,0.0000,6.0000,-0.0001,0.0000,0.0000,0.0000,0.0000
task003_symmetric,truth,6,6.0000,9.0000,1.0000,1000,1.0000,0.0000,0.0000,1.0000,0.0000,0.9999,0.8613,1.0000,0.0000,0.0000,0.0000,0.0000,0.0000,0.0384,10.0260,0.0097,0.9519,0.0384,0.0000,0.0000,6.0000,-0.0002,0.0000,0.0000,0.0000,0.0000
task003_symmetric,truth,6,12.0000,1.0000,1.0000,1000,1.0000,0.0000,0.0000,1.0000,0.0000,0.9999,0.6935,1.0000,0.0000,0.0000,0.0000,0.0000,0.0000,0.0320,0.9290,0.4087,0.5593,0.0320,0.0000,0.0000,12.0000,0.0000,0.0000,0.0000,0.0000,0.0000
task003_symmetric,truth,6,12.0000,2.0000,1.0000,1000,1.0000,0.0000,0.0000,1.0000,0.0000,0.9998,0.6810,1.0000,0.0000,0.0000,0.0000,0.0000,0.0000,0.0295,1.7120,0.4007,0.5698,0.0295,0.0000,0.0000,12.0000,-0.0001,0.0000,0.0000,0.0000,0.0000
task003_symmetric,truth,6,12.0000,3.0000,1.0000,1000,1.0000,0.0000,0.0000,1.0000,0.0000,0.9999,0.7044,1.0000,0.0000,0.0000,0.0000,0.0000,0.0000,0.0287,2.4960,0.3842,0.5871,0.0287,0.0000,0.0000,12.0000,-0.0001,0.0000,0.0000,0.0000,0.0000
task003_symmetric,truth,6,12.0000,6.0000,1.0000,1000,1.0000,0.0000,0.0000,1.0000,0.0000,0.9999,0.7238,1.0000,0.0000,0.0000,0.0000,0.0000,0.0000,0.0294,5.1240,0.3380,0.6326,0.0294,0.0000,0.0000,12.0000,-0.0001,0.0000,0.0000,0.0000,0.0000
task003_symmetric,truth,6,12.0000,9.0000,1.0000,1000,1.0000,0.0000,0.0000,1.0000,0.0000,0.9998,0.8530,1.0000,0.0000,0.0000,0.0000,0.0000,0.0000,0.0292,7.6140,0.2773,0.6935,0.0292,0.0000,0.0000,12.0000,-0.0002,0.0000,0.0000,0.0000,0.0000
task003_symmetric,truth,6,24.0000,1.0000,1.0000,1000,1.0000,0.0000,0.0000,1.0000,0.0000,0.9998,0.8717,1.0000,0.0000,0.0000,0.0000,0.0000,0.0000,0.0096,0.2780,0.8525,0.1379,0.0096,0.0000,0.0000,24.0000,0.0000,0.0000,0.0000,0.0000,0.0000
task003_symmetric,truth,6,24.0000,2.0000,1.0000,1000,1.0000,0.0000,0.0000,1.0000,0.0000,0.9999,0.8552,1.0000,0.0000,0.0000,0.0000,0.0000,0.0000,0.0096,0.5560,0.8568,0.1336,0.0096,0.0000,0.0000,24.0000,0.0000,0.0000,0.0000,0.0000,0.0000
task003_symmetric,truth,6,24.0000,3.0000,1.0000,1000,1.0000,0.0000,0.0000,1.0000,0.0000,0.9999,0.8639,1.0000,0.0000,0.0000,0.0000,0.0000,0.0000,0.0098,0.8520,0.8597,0.1306,0.0098,0.0000,0.0000,24.0000,0.0000,0.0000,0.0000,0.0000,0.0000
task003_symmetric,truth,6,24.0000,6.0000,1.0000,1000,1.0000,0.0000,0.0000,1.0000,0.0000,0.9999,0.8605,1.0000,0.0000,0.0000,0.0000,0.0000,0.0000,0.0096,1.6620,0.8306,0.1599,0.0096,0.0000,0.0000,24.0000,0.0000,0.0000,0.0000,0.0000,0.0000
task003_symmetric,truth,6,24.0000,9.0000,1.0000,1000,1.0000,0.0000,0.0000,1.0000,0.0000,0.9998,0.9406,1.0000,0.0000,0.0000,0.0000,0.0000,0.0000,0.0094,2.4660,0.8524,0.1382,0.0094,0.0000,0.0000,24.0000,0.0000,0.0000,0.0000,0.0000,0.0000
task003_symmetric,truth,12,3.0000,1.0000,1.0000,1000,1.0000,0.0000,0.0000,1.0000,0.0000,1.0000,0.6606,1.0000,0.0000,0.0000,0.0000,0.0000,0.0000,0.0302,0.8760,0.0000,0.9698,0.0302,0.0000,0.0000,3.0000,-0.0001,0.0000,0.0000,0.0000,0.0000
task003_symmetric,truth,12,3.0000,2.0000,1.0000,1000,1.0000,0.0000,0.0000,1.0000,0.0000,1.0000,0.6660,1.0000,0.0000,0.0000,0.0000,0.0000,0.0000,0.0281,1.6300,0.0000,0.9719,0.0281,0.0000,0.0000,3.0000,0.0000,0.0000,0.0000,0.0000,0.0000
task003_symmetric,truth,12,3.0000,3.0000,1.0000,1000,1.0000,0.0000,0.0000,1.0000,0.0000,1.0000,0.7323,1.0000,0.0000,0.0000,0.0000,0.0000,0.0000,0.0267,2.3220,0.0000,0.9733,0.0267,0.0000,0.0000,3.0000,0.0001,0.0000,0.0000,0.0000,0.0000
task003_symmetric,truth,12,3.0000,6.0000,1.0000,1000,1.0000,0.0000,0.0000,1.0000,0.0000,0.9999,0.9367,1.0000,0.0000,0.0000,0.0000,0.0000,0.0000,0.0263,4.5780,0.0000,0.9737,0.0263,0.0000,0.0000,3.0000,0.0000,0.0000,0.0000,0.0000,0.0000
task003_symmetric,truth,12,3.0000,9.0000,1.0000,1000,1.0000,0.0000,0.0000,1.0000,0.0000,1.0000,0.9537,1.0000,0.0000,0.0000,0.0000,0.0000,0.0000,0.0264,6.8850,0.0000,0.9736,0.0264,0.0000,0.0000,3.0000,0.0001,0.0000,0.0000,0.0000,0.0000
task003_symmetric,truth,12,6.0000,1.0000,1.0000,1000,1.0000,0.0000,0.0000,1.0000,0.0000,1.0000,0.7511,1.0000,0.0000,0.0000,0.0000,0.0000,0.0000,0.0221,0.6410,0.0286,0.9493,0.0221,0.0000,0.0000,6.0000,0.0000,0.0000,0.0000,0.0000,0.0000
task003_symmetric,truth,12,6.0000,2.0000,1.0000,1000,1.0000,0.0000,0.0000,1.0000,0.0000,0.9999,0.7214,1.0000,0.0000,0.0000,0.0000,0.0000,0.0000,0.0210,1.2200,0.0216,0.9574,0.0210,0.0000,0.0000,6.0000,0.0000,0.0000,0.0000,0.0000,0.0000
task003_symmetric,truth,12,6.0000,3.0000,1.0000,1000,1.0000,0.0000,0.0000,1.0000,0.0000,1.0000,0.7796,1.0000,0.0000,0.0000,0.0000,0.0000,0.0000,0.0205,1.7820,0.0155,0.9640,0.0205,0.0000,0.0000,6.0000,0.0001,0.0000,0.0000,0.0000,0.0000
task003_symmetric,truth,12,6.0000,6.0000,1.0000,1000,1.0000,0.0000,0.0000,1.0000,0.0000,0.9998,0.8674,1.0000,0.0000,0.0000,0.0000,0.0000,0.0000,0.0206,3.5820,0.0112,0.9682,0.0206,0.0000,0.0000,6.0000,0.0000,0.0000,0.0000,0.0000,0.0000
task003_symmetric,truth,12,6.0000,9.0000,1.0000,1000,1.0000,0.0000,0.0000,1.0000,0.0000,0.9999,0.9132,1.0000,0.0000,0.0000,0.0000,0.0000,0.0000,0.0204,5.3370,0.0074,0.9721,0.0204,0.0000,0.0000,6.0000,0.0001,0.0000,0.0000,0.0000,0.0000
task003_symmetric,truth,12,12.0000,1.0000,1.0000,1000,1.0000,0.0000,0.0000,1.0000,0.0000,1.0000,0.8179,1.0000,0.0000,0.0000,0.0000,0.0000,0.0000,0.0155,0.4500,0.4257,0.5588,0.0155,0.0000,0.0000,12.0000,0.0000,0.0000,0.0000,0.0000,0.0000
task003_symmetric,truth,12,12.0000,2.0000,1.0000,1000,1.0000,0.0000,0.0000,1.0000,0.0000,0.9999,0.7745,1.0000,0.0000,0.0000,0.0000,0.0000,0.0000,0.0150,0.8700,0.4151,0.5699,0.0150,0.0000,0.0000,12.0000,-0.0000,0.0000,0.0000,0.0000,0.0000
task003_symmetric,truth,12,12.0000,3.0000,1.0000,1000,1.0000,0.0000,0.0000,1.0000,0.0000,1.0000,0.7914,1.0000,0.0000,0.0000,0.0000,0.0000,0.0000,0.0149,1.2990,0.4091,0.5760,0.0149,0.0000,0.0000,12.0000,-0.0000,0.0000,0.0000,0.0000,0.0000
task003_symmetric,truth,12,12.0000,6.0000,1.0000,1000,1.0000,0.0000,0.0000,1.0000,0.0000,1.0000,0.8146,1.0000,0.0000,0.0000,0.0000,0.0000,0.0000,0.0150,2.6040,0.3651,0.6199,0.0150,0.0000,0.0000,12.0000,0.0000,0.0000,0.0000,0.0000,0.0000
task003_symmetric,truth,12,12.0000,9.0000,1.0000,1000,1.0000,0.0000,0.0000,1.0000,0.0000,0.9999,0.9318,1.0000,0.0000,0.0000,0.0000,0.0000,0.0000,0.0149,3.8880,0.3393,0.6458,0.0149,0.0000,0.0000,12.0000,0.0000,0.0000,-0.0000,0.0000,0.0000
task003_symmetric,truth,12,24.0000,1.0000,1.0000,1000,1.0000,0.0000,0.0000,1.0000,0.0000,0.9999,0.9298,1.0000,0.0000,0.0000,0.0000,0.0000,0.0000,0.0036,0.1030,0.9346,0.0619,0.0036,0.0000,0.0000,24.0000,0.0000,0.0000,0.0000,0.0000,0.0000
task003_symmetric,truth,12,24.0000,2.0000,1.0000,1000,1.0000,0.0000,0.0000,1.0000,0.0000,0.9999,0.9190,1.0000,0.0000,0.0000,0.0000,0.0000,0.0000,0.0035,0.2040,0.9363,0.0601,0.0035,0.0000,0.0000,24.0000,0.0000,0.0000,0.0000,0.0000,0.0000
task003_symmetric,truth,12,24.0000,3.0000,1.0000,1000,1.0000,0.0000,0.0000,1.0000,0.0000,0.9999,0.9216,1.0000,0.0000,0.0000,0.0000,0.0000,0.0000,0.0035,0.3060,0.9411,0.0554,0.0035,0.0000,0.0000,24.0000,0.0000,0.0000,0.0000,0.0000,0.0000
task003_symmetric,truth,12,24.0000,6.0000,1.0000,1000,1.0000,0.0000,0.0000,1.0000,0.0000,0.9998,0.9244,1.0000,0.0000,0.0000,0.0000,0.0000,0.0000,0.0035,0.6120,0.9225,0.0740,0.0035,0.0000,0.0000,24.0000,0.0000,0.0000,-0.0000,0.0000,0.0000
task003_symmetric,truth,12,24.0000,9.0000,1.0000,1000,1.0000,0.0000,0.0000,1.0000,0.0000,0.9999,0.9771,1.0000,0.0000,0.0000,0.0000,0.0000,0.0000,0.0035,0.9180,0.9335,0.0630,0.0035,0.0000,0.0000,24.0000,0.0000,0.0000,-0.0000,0.0000,0.0000
